
Efinix Static Timing Analysis Report
Version: 2025.1.110.5.9
Date: Wed Sep 16 09:49:20 2026

Copyright (C) 2013 - 2025 Efinix, Inc. All rights reserved.

Top-level Entity Name: Ti60_Demo

SDC Filename: Ti60_Demo.pt.sdc

Timing Model: C4
	process : typical
	temperature : 0C to 85C
	voltage : 0.95 +/-30mV
	speedgrade : 4
	technology : t16ff
	status : final

---------- Table of Contents (begin) ----------
   1. Clock Frequency Summary
   2. Clock Relationship Summary
   3. Path Details for Max Critical Paths
   4. Path Details for Min Critical Paths
---------- Table of Contents (end) ------------

---------- 1. Clock Frequency Summary (begin) ----------

User target constrained clocks
 Clock Name   Period (ns)  Frequency (MHz)    Waveform        Targets
dsi_byteclk_i    23.809         42.001     {0.000 11.904} {dsi_byteclk_i}
dsi_txcclk_i      5.952        168.011     {2.232 5.208}  {dsi_txcclk_i} 
dsi_serclk_i      5.952        168.011     {0.744 3.720}  {dsi_serclk_i} 
tdqss_clk         2.604        384.025     {0.000 1.302}  {tdqss_clk}    
core_clk          5.208        192.012     {0.000 2.604}  {core_clk}     
tac_clk           2.604        384.025     {0.000 1.302}  {tac_clk}      
twd_clk           2.604        384.025     {0.651 1.953}  {twd_clk}      
clk_sys          10.417         95.997     {0.000 5.208}  {clk_sys}      
clk_pixel        13.441         74.399     {0.000 6.720}  {clk_pixel}    
clk_pixel_10x     1.344        744.048     {0.336 1.008}  {clk_pixel_10x}
clk_lvds_1x      20.833         48.001     {0.000 10.416} {clk_lvds_1x}  
clk_lvds_7x       2.976        336.022     {0.744 2.232}  {clk_lvds_7x}  
clk_27m          62.500         16.000     {0.000 31.250} {clk_27m}      
cmos_pclk        10.000        100.000     {0.000 5.000}  {cmos_pclk}    

Maximum possible analyzed clocks frequency
 Clock Name  Period (ns)  Frequency (MHz)     Edge
 tdqss_clk      2.045        488.998         (R-R)
 core_clk       4.305        232.288         (R-R)
 tac_clk        2.500        400.000         (R-R)
 twd_clk        2.129        469.704         (R-R)
 clk_sys        6.084        164.366         (R-R)
 clk_pixel      4.727        211.551         (R-R)
 cmos_pclk      7.284        137.287         (F-R)

Geomean max period: 3.718

---------- Clock Frequency Summary (end) ---------------

---------- 2. Clock Relationship Summary (begin) ----------

Setup (Max) Clock Relationship
  Launch Clock    Capture Clock   Constraint (ns)     Slack (ns)          Edge
   tdqss_clk        tdqss_clk           2.604           0.559            (R-R)
   tdqss_clk        core_clk            2.604           2.122            (R-R)
   core_clk         tdqss_clk           2.604           1.471            (R-R)
   core_clk         core_clk            5.208           0.903            (R-R)
   core_clk         tac_clk             2.604           2.247            (R-R)
   core_clk         twd_clk             0.541           0.319            (R-R)
   tac_clk          core_clk            2.604           1.840            (R-R)
   tac_clk          tac_clk             2.604           0.104            (R-R)
   twd_clk          twd_clk             2.604           0.475            (R-R)
   clk_sys          clk_sys            10.417           4.333            (R-R)
   clk_pixel        clk_pixel          13.441           8.714            (R-R)
   cmos_pclk        cmos_pclk          10.000           7.063            (R-R)
   cmos_pclk        cmos_pclk           5.000           1.358            (F-R)

Hold (Min) Clock Relationship
  Launch Clock    Capture Clock   Constraint (ns)     Slack (ns)          Edge
   tdqss_clk        tdqss_clk           0.000           0.097            (R-R)
   tdqss_clk        core_clk            0.000           0.151            (R-R)
   core_clk         tdqss_clk           0.000           0.079            (R-R)
   core_clk         core_clk            0.000           0.028            (R-R)
   core_clk         tac_clk             0.000           0.072            (R-R)
   core_clk         twd_clk            -1.883           2.024            (R-R)
   tac_clk          core_clk            0.000           0.159            (R-R)
   tac_clk          tac_clk             0.000           0.027            (R-R)
   twd_clk          twd_clk             0.000           0.071            (R-R)
   clk_sys          clk_sys             0.000           0.030            (R-R)
   clk_pixel        clk_pixel           0.000           0.081            (R-R)
   cmos_pclk        cmos_pclk           0.000           0.014            (R-R)
   cmos_pclk        cmos_pclk          -5.000           5.531            (F-R)

NOTE: Values are in nanoseconds.

---------- Clock Relationship Summary (end) ---------------

---------- 3. Path Details for Max Critical Paths (begin) ----------

################################################################################
Path Detail Report (tac_clk vs tac_clk)
################################################################################


++++ Path 1 ++++++++++++++++++++++++++++++++++++++++++++++++++++++++++++++++++++

Path Begin    : ddr3_ctl_axi/u_efx_ddr3_soft_controller/genblk1.inst_ddr3_axi/inst_efx_ddr3/top_mc/fifo_rd/popToPushGray_buffercc_io_dataOut[6]~FF|CLK
Path End      : ddr3_ctl_axi/u_efx_ddr3_soft_controller/genblk1.inst_ddr3_axi/inst_efx_ddr3/top_mc/fifo_rdpush/pushCC_pushPtrGray[1]~FF|CE            
Launch Clock  : tac_clk (RISE)                                                                                                                        
Capture Clock : tac_clk (RISE)                                                                                                                        
Slack         : 0.104 (required time - arrival time)                                                                                                  
Delay         : 2.186                                                                                                                                 

Logic Level             : 13
Non-global nets on path : 14
Global nets on path     :  0

Launch Clock Path Delay        : 1.858
+ Clock To Q + Data Path Delay : 2.390
--------------------------------------
End-of-path arrival time       : 4.248

Constraint                     : 2.604
+ Capture Clock Path Delay     : 1.858
- Clock Uncertainty            : 0.110
--------------------------------------
End-of-path required time      : 4.352

Launch Clock Path
                                                                 name                                                                   model name   delay (ns)  cumulative delay (ns) pins on net    location
================================================================================================================================================================================================================
tac_clk                                                                                                                                   inpad        0.000             0.000               0        (111,0) 
tac_clk                                                                                                                                   inpad        0.110             0.110             282        (111,0) 
tac_clk                                                                                                                                   net          1.748             1.858             282        (111,0) 
   Routing elements:
      Manhattan distance of X:62, Y:24
ddr3_ctl_axi/u_efx_ddr3_soft_controller/genblk1.inst_ddr3_axi/inst_efx_ddr3/top_mc/fifo_rd/popToPushGray_buffercc_io_dataOut[6]~FF|CLK    ff           0.000             1.858             282        (173,24)

Data Path
                                                                name                                                                  model name   delay (ns)  cumulative delay (ns) pins on net    location
==============================================================================================================================================================================================================
ddr3_ctl_axi/u_efx_ddr3_soft_controller/genblk1.inst_ddr3_axi/inst_efx_ddr3/top_mc/fifo_rd/popToPushGray_buffercc_io_dataOut[6]~FF|Q    ff           0.113             0.113               4        (173,24)
ddr3_ctl_axi/u_efx_ddr3_soft_controller/genblk1.inst_ddr3_axi/inst_efx_ddr3/top_mc/fifo_rd/popToPushGray_buffercc_io_dataOut[6]         net          0.312             0.425               4        (173,24)
   Routing elements:
      Manhattan distance of X:30, Y:1
LUT__18032|in[1]                                                                                                                        lut          0.054             0.479               4        (143,25)
LUT__18032|out                                                                                                                          lut          0.000             0.479               3        (143,25)
ddr3_ctl_axi/u_efx_ddr3_soft_controller/genblk1.inst_ddr3_axi/inst_efx_ddr3/top_mc/fifo_rd/sub_31/n3                                    net          0.053             0.532               3        (143,25)
   Routing elements:
      Manhattan distance of X:0, Y:1
LUT__18033|in[0]                                                                                                                        lut          0.054             0.586               3        (143,24)
LUT__18033|out                                                                                                                          lut          0.000             0.586               3        (143,24)
ddr3_ctl_axi/u_efx_ddr3_soft_controller/genblk1.inst_ddr3_axi/inst_efx_ddr3/top_mc/fifo_rd/sub_31/n4                                    net          0.053             0.639               3        (143,24)
   Routing elements:
      Manhattan distance of X:0, Y:1
LUT__18034|in[0]                                                                                                                        lut          0.054             0.693               3        (143,23)
LUT__18034|out                                                                                                                          lut          0.000             0.693               3        (143,23)
ddr3_ctl_axi/u_efx_ddr3_soft_controller/genblk1.inst_ddr3_axi/inst_efx_ddr3/top_mc/fifo_rd/sub_31/n5                                    net          0.053             0.746               3        (143,23)
   Routing elements:
      Manhattan distance of X:0, Y:1
LUT__18035|in[0]                                                                                                                        lut          0.054             0.800               3        (143,22)
LUT__18035|out                                                                                                                          lut          0.000             0.800               3        (143,22)
ddr3_ctl_axi/u_efx_ddr3_soft_controller/genblk1.inst_ddr3_axi/inst_efx_ddr3/top_mc/fifo_rd/sub_31/n6                                    net          0.053             0.853               3        (143,22)
   Routing elements:
      Manhattan distance of X:0, Y:1
LUT__18036|in[0]                                                                                                                        lut          0.054             0.907               3        (143,21)
LUT__18036|out                                                                                                                          lut          0.000             0.907               3        (143,21)
ddr3_ctl_axi/u_efx_ddr3_soft_controller/genblk1.inst_ddr3_axi/inst_efx_ddr3/top_mc/fifo_rd/sub_31/n7                                    net          0.053             0.960               3        (143,21)
   Routing elements:
      Manhattan distance of X:0, Y:1
LUT__18037|in[0]                                                                                                                        lut          0.054             1.014               3        (143,20)
LUT__18037|out                                                                                                                          lut          0.000             1.014               2        (143,20)
ddr3_ctl_axi/u_efx_ddr3_soft_controller/genblk1.inst_ddr3_axi/inst_efx_ddr3/top_mc/fifo_rd/sub_31/n8                                    net          0.150             1.164               2        (143,20)
   Routing elements:
      Manhattan distance of X:0, Y:7
ddr3_ctl_axi/u_efx_ddr3_soft_controller/genblk1.inst_ddr3_axi/inst_efx_ddr3/top_mc/fifo_rd/sub_31/add_2/i1|I1                           adder        0.050             1.214               2        (143,27)
ddr3_ctl_axi/u_efx_ddr3_soft_controller/genblk1.inst_ddr3_axi/inst_efx_ddr3/top_mc/fifo_rd/sub_31/add_2/i1|CO                           adder        0.000             1.214               2        (143,27)
ddr3_ctl_axi/u_efx_ddr3_soft_controller/genblk1.inst_ddr3_axi/inst_efx_ddr3/top_mc/fifo_rd/sub_31/add_2/n2                              net          0.000             1.214               2        (143,27)
   Routing elements:
      Manhattan distance of X:0, Y:1
ddr3_ctl_axi/u_efx_ddr3_soft_controller/genblk1.inst_ddr3_axi/inst_efx_ddr3/top_mc/fifo_rd/sub_31/add_2/i2|CI                           adder        0.021             1.235               2        (143,28)
ddr3_ctl_axi/u_efx_ddr3_soft_controller/genblk1.inst_ddr3_axi/inst_efx_ddr3/top_mc/fifo_rd/sub_31/add_2/i2|CO                           adder        0.000             1.235               2        (143,28)
ddr3_ctl_axi/u_efx_ddr3_soft_controller/genblk1.inst_ddr3_axi/inst_efx_ddr3/top_mc/fifo_rd/sub_31/add_2/n4                              net          0.000             1.235               2        (143,28)
   Routing elements:
      Manhattan distance of X:0, Y:1
ddr3_ctl_axi/u_efx_ddr3_soft_controller/genblk1.inst_ddr3_axi/inst_efx_ddr3/top_mc/fifo_rd/sub_31/add_2/i3|CI                           adder        0.021             1.256               2        (143,29)
ddr3_ctl_axi/u_efx_ddr3_soft_controller/genblk1.inst_ddr3_axi/inst_efx_ddr3/top_mc/fifo_rd/sub_31/add_2/i3|CO                           adder        0.000             1.256               2        (143,29)
ddr3_ctl_axi/u_efx_ddr3_soft_controller/genblk1.inst_ddr3_axi/inst_efx_ddr3/top_mc/fifo_rd/sub_31/add_2/n6                              net          0.000             1.256               2        (143,29)
   Routing elements:
      Manhattan distance of X:0, Y:1
ddr3_ctl_axi/u_efx_ddr3_soft_controller/genblk1.inst_ddr3_axi/inst_efx_ddr3/top_mc/fifo_rd/sub_31/add_2/i4|CI                           adder        0.021             1.277               2        (143,30)
ddr3_ctl_axi/u_efx_ddr3_soft_controller/genblk1.inst_ddr3_axi/inst_efx_ddr3/top_mc/fifo_rd/sub_31/add_2/i4|CO                           adder        0.000             1.277               2        (143,30)
ddr3_ctl_axi/u_efx_ddr3_soft_controller/genblk1.inst_ddr3_axi/inst_efx_ddr3/top_mc/fifo_rd/sub_31/add_2/n8                              net          0.000             1.277               2        (143,30)
   Routing elements:
      Manhattan distance of X:0, Y:1
ddr3_ctl_axi/u_efx_ddr3_soft_controller/genblk1.inst_ddr3_axi/inst_efx_ddr3/top_mc/fifo_rd/sub_31/add_2/i5|CI                           adder        0.084             1.361               2        (143,31)
ddr3_ctl_axi/u_efx_ddr3_soft_controller/genblk1.inst_ddr3_axi/inst_efx_ddr3/top_mc/fifo_rd/sub_31/add_2/i5|O                            adder        0.000             1.361               2        (143,31)
ddr3_ctl_axi/u_efx_ddr3_soft_controller/genblk1.inst_ddr3_axi/inst_efx_ddr3/top_mc/fifo_rd_io_pushOccupancy[4]                          net          0.168             1.529               2        (143,31)
   Routing elements:
      Manhattan distance of X:0, Y:5
LUT__17973|in[3]                                                                                                                        lut          0.054             1.583               2        (143,36)
LUT__17973|out                                                                                                                          lut          0.000             1.583               2        (143,36)
n8202                                                                                                                                   net          0.053             1.636               2        (143,36)
   Routing elements:
      Manhattan distance of X:0, Y:1
LUT__17979|in[0]                                                                                                                        lut          0.054             1.690               2        (143,35)
LUT__17979|out                                                                                                                          lut          0.000             1.690              14        (143,35)
ddr3_ctl_axi/u_efx_ddr3_soft_controller/genblk1.inst_ddr3_axi/inst_efx_ddr3/top_mc/fifo_rdpush/_zz_16                                   net          0.609             2.299              14        (143,35)
   Routing elements:
      Manhattan distance of X:1, Y:29
ddr3_ctl_axi/u_efx_ddr3_soft_controller/genblk1.inst_ddr3_axi/inst_efx_ddr3/top_mc/fifo_rdpush/pushCC_pushPtrGray[1]~FF|CE              ff           0.091             2.390              14        (142,64)

Capture Clock Path
                                                           name                                                              model name   delay (ns)  cumulative delay (ns) pins on net    location
=====================================================================================================================================================================================================
tac_clk                                                                                                                        inpad        0.000             0.000               0        (111,0) 
tac_clk                                                                                                                        inpad        0.110             0.110             282        (111,0) 
tac_clk                                                                                                                        net          1.748             1.858             282        (111,0) 
   Routing elements:
      Manhattan distance of X:31, Y:64
ddr3_ctl_axi/u_efx_ddr3_soft_controller/genblk1.inst_ddr3_axi/inst_efx_ddr3/top_mc/fifo_rdpush/pushCC_pushPtrGray[1]~FF|CLK    ff           0.000             1.858             282        (142,64)

################################################################################
Path Detail Report (tdqss_clk vs tdqss_clk)
################################################################################


++++ Path 1 ++++++++++++++++++++++++++++++++++++++++++++++++++++++++++++++++++++

Path Begin    : o_dqs_oe[1]~FF|CLK                  
Path End      : o_dqs_oe[1]                         
Launch Clock  : tdqss_clk (RISE)                    
Capture Clock : tdqss_clk (RISE)                    
Slack         : 0.559 (required time - arrival time)
Delay         : 1.049                               

Logic Level             : 0
Non-global nets on path : 1
Global nets on path     : 0

Launch Clock Path Delay        : 1.844
+ Clock To Q + Data Path Delay : 1.162
--------------------------------------
End-of-path arrival time       : 3.006

Constraint                     : 2.604
+ Capture Clock Path Delay     : 1.834
- Clock Uncertainty            : 0.110
- Output Delay                 : 0.763
--------------------------------------
End-of-path required time      : 3.565

Launch Clock Path
       name         model name   delay (ns)  cumulative delay (ns) pins on net    location
============================================================================================
tdqss_clk             inpad        0.000             0.000               0        (110,0) 
tdqss_clk             inpad        0.110             0.110             124        (110,0) 
tdqss_clk             net          1.734             1.844             124        (110,0) 
   Routing elements:
      Manhattan distance of X:72, Y:61
o_dqs_oe[1]~FF|CLK    ff           0.000             1.844             124        (182,61)

Data Path
      name        model name   delay (ns)  cumulative delay (ns) pins on net    location
==========================================================================================
o_dqs_oe[1]~FF|Q    ff           0.113             0.113              5         (182,61)
o_dqs_n_oe[0]       net          1.005             1.118              5         (182,61)
   Routing elements:
      Manhattan distance of X:153, Y:61
o_dqs_oe[1]         outpad       0.044             1.162              5         (29,0)  
o_dqs_oe[1]         outpad       0.000             1.162              0         (29,0)  

Capture Clock Path
        name           model name   delay (ns)  cumulative delay (ns) pins on net    location
===============================================================================================
tdqss_clk                inpad        0.000             0.000               0        (110,0)
tdqss_clk                inpad        0.110             0.110             124        (110,0)
tdqss_clk                net          1.680             1.790             124        (110,0)
   Routing elements:
      Manhattan distance of X:78, Y:0
tdqss_clk~CLKOUT~32~1    outpad       0.044             1.834             124        (32,0) 
tdqss_clk~CLKOUT~32~1    outpad       0.000             1.834               0        (32,0) 

################################################################################
Path Detail Report (tdqss_clk vs core_clk)
################################################################################


++++ Path 1 ++++++++++++++++++++++++++++++++++++++++++++++++++++++++++++++++++++

Path Begin    : ddr3_ctl_axi/u_efx_ddr3_soft_controller/genblk1.inst_ddr3_axi/inst_efx_ddr3/top_mc/ac_fifo/popCC_popPtrGray[2]~FF|CLK              
Path End      : ddr3_ctl_axi/u_efx_ddr3_soft_controller/genblk1.inst_ddr3_axi/inst_efx_ddr3/top_mc/ac_fifo/popToPushGray_buffercc/buffers_0[2]~FF|D
Launch Clock  : tdqss_clk (RISE)                                                                                                                   
Capture Clock : core_clk (RISE)                                                                                                                    
Slack         : 2.122 (required time - arrival time)                                                                                               
Delay         : 0.199                                                                                                                              

Logic Level             : 0
Non-global nets on path : 1
Global nets on path     : 0

Launch Clock Path Delay        : 1.844
+ Clock To Q + Data Path Delay : 0.315
--------------------------------------
End-of-path arrival time       : 2.159

Constraint                     : 2.604
+ Capture Clock Path Delay     : 1.787
- Clock Uncertainty            : 0.110
--------------------------------------
End-of-path required time      : 4.281

Launch Clock Path
                                                        name                                                           model name   delay (ns)  cumulative delay (ns) pins on net    location
===============================================================================================================================================================================================
tdqss_clk                                                                                                                inpad        0.000             0.000               0        (110,0) 
tdqss_clk                                                                                                                inpad        0.110             0.110             124        (110,0) 
tdqss_clk                                                                                                                net          1.734             1.844             124        (110,0) 
   Routing elements:
      Manhattan distance of X:57, Y:54
ddr3_ctl_axi/u_efx_ddr3_soft_controller/genblk1.inst_ddr3_axi/inst_efx_ddr3/top_mc/ac_fifo/popCC_popPtrGray[2]~FF|CLK    ff           0.000             1.844             124        (167,54)

Data Path
                                                               name                                                                  model name   delay (ns)  cumulative delay (ns) pins on net    location
=============================================================================================================================================================================================================
ddr3_ctl_axi/u_efx_ddr3_soft_controller/genblk1.inst_ddr3_axi/inst_efx_ddr3/top_mc/ac_fifo/popCC_popPtrGray[2]~FF|Q                     ff          0.113             0.113              3         (167,54)
ddr3_ctl_axi/u_efx_ddr3_soft_controller/genblk1.inst_ddr3_axi/inst_efx_ddr3/top_mc/ac_fifo/popCC_popPtrGray[2]                          net         0.199             0.312              3         (167,54)
   Routing elements:
      Manhattan distance of X:5, Y:0
ddr3_ctl_axi/u_efx_ddr3_soft_controller/genblk1.inst_ddr3_axi/inst_efx_ddr3/top_mc/ac_fifo/popToPushGray_buffercc/buffers_0[2]~FF|D     ff          0.003             0.315              3         (172,54)

Capture Clock Path
                                                                name                                                                   model name   delay (ns)  cumulative delay (ns) pins on net    location
===============================================================================================================================================================================================================
core_clk                                                                                                                                 inpad        0.000             0.000               0       (219,164)
core_clk                                                                                                                                 inpad        0.110             0.110             727       (219,164)
core_clk                                                                                                                                 net          1.677             1.787             727       (219,164)
   Routing elements:
      Manhattan distance of X:47, Y:110
ddr3_ctl_axi/u_efx_ddr3_soft_controller/genblk1.inst_ddr3_axi/inst_efx_ddr3/top_mc/ac_fifo/popToPushGray_buffercc/buffers_0[2]~FF|CLK    ff           0.000             1.787             727       (172,54) 

################################################################################
Path Detail Report (core_clk vs tdqss_clk)
################################################################################


++++ Path 1 ++++++++++++++++++++++++++++++++++++++++++++++++++++++++++++++++++++

Path Begin    : ddr3_ctl_axi/u_efx_ddr3_soft_controller/genblk1.inst_ddr3_axi/inst_efx_ddr3/top_mc/core_clk_rstn~FF|CLK
Path End      : ddr3_ctl_axi/u_efx_ddr3_soft_controller/genblk1.inst_ddr3_axi/inst_efx_ddr3/top_mc/tdqss_clk_rstn~FF|SR
Launch Clock  : core_clk (RISE)                                                                                        
Capture Clock : tdqss_clk (RISE)                                                                                       
Slack         : 1.471 (required time - arrival time)                                                                   
Delay         : 0.876                                                                                                  

Logic Level             : 0
Non-global nets on path : 1
Global nets on path     : 0

Launch Clock Path Delay        : 1.787
+ Clock To Q + Data Path Delay : 1.080
--------------------------------------
End-of-path arrival time       : 2.867

Constraint                     : 2.604
+ Capture Clock Path Delay     : 1.844
- Clock Uncertainty            : 0.110
--------------------------------------
End-of-path required time      : 4.338

Launch Clock Path
                                                 name                                                    model name   delay (ns)  cumulative delay (ns) pins on net    location
=================================================================================================================================================================================
core_clk                                                                                                   inpad        0.000             0.000               0       (219,164)
core_clk                                                                                                   inpad        0.110             0.110             727       (219,164)
core_clk                                                                                                   net          1.677             1.787             727       (219,164)
   Routing elements:
      Manhattan distance of X:62, Y:79
ddr3_ctl_axi/u_efx_ddr3_soft_controller/genblk1.inst_ddr3_axi/inst_efx_ddr3/top_mc/core_clk_rstn~FF|CLK    ff           0.000             1.787             727       (157,85) 

Data Path
                                                 name                                                    model name   delay (ns)  cumulative delay (ns) pins on net    location
=================================================================================================================================================================================
ddr3_ctl_axi/u_efx_ddr3_soft_controller/genblk1.inst_ddr3_axi/inst_efx_ddr3/top_mc/core_clk_rstn~FF|Q       ff          0.113             0.113             714        (157,85)
ddr3_ctl_axi/u_efx_ddr3_soft_controller/genblk1.inst_ddr3_axi/inst_efx_ddr3/top_mc/core_clk_rstn            net         0.876             0.989             714        (157,85)
   Routing elements:
      Manhattan distance of X:24, Y:24
ddr3_ctl_axi/u_efx_ddr3_soft_controller/genblk1.inst_ddr3_axi/inst_efx_ddr3/top_mc/tdqss_clk_rstn~FF|SR     ff          0.091             1.080             714        (181,61)

Capture Clock Path
                                                  name                                                    model name   delay (ns)  cumulative delay (ns) pins on net    location
==================================================================================================================================================================================
tdqss_clk                                                                                                   inpad        0.000             0.000               0        (110,0) 
tdqss_clk                                                                                                   inpad        0.110             0.110             124        (110,0) 
tdqss_clk                                                                                                   net          1.734             1.844             124        (110,0) 
   Routing elements:
      Manhattan distance of X:71, Y:61
ddr3_ctl_axi/u_efx_ddr3_soft_controller/genblk1.inst_ddr3_axi/inst_efx_ddr3/top_mc/tdqss_clk_rstn~FF|CLK    ff           0.000             1.844             124        (181,61)

################################################################################
Path Detail Report (core_clk vs core_clk)
################################################################################


++++ Path 1 ++++++++++++++++++++++++++++++++++++++++++++++++++++++++++++++++++++

Path Begin    : ddr3_ctl_axi/u_efx_ddr3_soft_controller/genblk1.inst_ddr3_axi/inst_efx_ddr3/top_mc/fifo_ar/ram__D$2|RCLK            
Path End      : ddr3_ctl_axi/u_efx_ddr3_soft_controller/genblk1.inst_ddr3_axi/inst_efx_ddr3/top_mc/controller_main/ram_raddr[2]~FF|D
Launch Clock  : core_clk (RISE)                                                                                                     
Capture Clock : core_clk (RISE)                                                                                                     
Slack         : 0.903 (required time - arrival time)                                                                                
Delay         : 3.004                                                                                                               

Logic Level             : 8
Non-global nets on path : 8
Global nets on path     : 0

Launch Clock Path Delay        : 1.787
+ Clock To Q + Data Path Delay : 4.195
--------------------------------------
End-of-path arrival time       : 5.982

Constraint                     : 5.208
+ Capture Clock Path Delay     : 1.787
- Clock Uncertainty            : 0.110
--------------------------------------
End-of-path required time      : 6.885

Launch Clock Path
                                                  name                                                    model name   delay (ns)  cumulative delay (ns) pins on net    location
==================================================================================================================================================================================
core_clk                                                                                                 inpad           0.000             0.000               0       (219,164)
core_clk                                                                                                 inpad           0.110             0.110             727       (219,164)
core_clk                                                                                                 net             1.677             1.787             727       (219,164)
   Routing elements:
      Manhattan distance of X:72, Y:42
ddr3_ctl_axi/u_efx_ddr3_soft_controller/genblk1.inst_ddr3_axi/inst_efx_ddr3/top_mc/fifo_ar/ram__D$2|RCLK ram_8192x20     0.000             1.787             727       (147,122)

Data Path
                                                        name                                                          model name   delay (ns)  cumulative delay (ns) pins on net    location
==============================================================================================================================================================================================
ddr3_ctl_axi/u_efx_ddr3_soft_controller/genblk1.inst_ddr3_axi/inst_efx_ddr3/top_mc/fifo_ar/ram__D$2|RDATA[13]        ram_8192x20     1.188             1.188              42       (147,122)
ddr3_ctl_axi/u_efx_ddr3_soft_controller/genblk1.inst_ddr3_axi/inst_efx_ddr3/top_mc/w_ar_fifo_rd_data[11]             net             0.687             1.875              42       (147,122)
   Routing elements:
      Manhattan distance of X:17, Y:29
LUT__18570|in[2]                                                                                                     lut             0.054             1.929              42       (130,93) 
LUT__18570|out                                                                                                       lut             0.000             1.929               2       (130,93) 
n8439                                                                                                                net             0.296             2.225               2       (130,93) 
   Routing elements:
      Manhattan distance of X:7, Y:5
LUT__18571|in[0]                                                                                                     lut             0.054             2.279               2       (137,98) 
LUT__18571|out                                                                                                       lut             0.000             2.279               2       (137,98) 
n8440                                                                                                                net             0.174             2.453               2       (137,98) 
   Routing elements:
      Manhattan distance of X:0, Y:1
LUT__18578|in[0]                                                                                                     lut             0.054             2.507               2       (137,99) 
LUT__18578|out                                                                                                       lut             0.000             2.507               2       (137,99) 
n8447                                                                                                                net             0.419             2.926               2       (137,99) 
   Routing elements:
      Manhattan distance of X:2, Y:8
LUT__18597|in[3]                                                                                                     lut             0.055             2.981               2       (135,107)
LUT__18597|out                                                                                                       lut             0.000             2.981               2       (135,107)
n8466                                                                                                                net             0.162             3.143               2       (135,107)
   Routing elements:
      Manhattan distance of X:6, Y:0
LUT__18670|in[0]                                                                                                     lut             0.055             3.198               2       (141,107)
LUT__18670|out                                                                                                       lut             0.000             3.198               5       (141,107)
n8539                                                                                                                net             0.402             3.600               5       (141,107)
   Routing elements:
      Manhattan distance of X:7, Y:11
LUT__18672|in[0]                                                                                                     lut             0.054             3.654               5       (148,96) 
LUT__18672|out                                                                                                       lut             0.000             3.654               4       (148,96) 
n8541                                                                                                                net             0.226             3.880               4       (148,96) 
   Routing elements:
      Manhattan distance of X:3, Y:5
LUT__18817|in[1]                                                                                                     lut             0.054             3.934               4       (151,91) 
LUT__18817|out                                                                                                       lut             0.000             3.934               2       (151,91) 
n8623                                                                                                                net             0.204             4.138               2       (151,91) 
   Routing elements:
      Manhattan distance of X:10, Y:0
LUT__18824|in[1]                                                                                                     lut             0.054             4.192               2       (161,91) 
LUT__18824|out                                                                                                       lut             0.000             4.192               2       (161,91) 
ddr3_ctl_axi/u_efx_ddr3_soft_controller/genblk1.inst_ddr3_axi/inst_efx_ddr3/top_mc/controller_main/ram_raddr[2]~FF|D ff              0.003             4.195               2       (161,91) 

Capture Clock Path
                                                         name                                                           model name   delay (ns)  cumulative delay (ns) pins on net    location
================================================================================================================================================================================================
core_clk                                                                                                                  inpad        0.000             0.000               0       (219,164)
core_clk                                                                                                                  inpad        0.110             0.110             727       (219,164)
core_clk                                                                                                                  net          1.677             1.787             727       (219,164)
   Routing elements:
      Manhattan distance of X:58, Y:73
ddr3_ctl_axi/u_efx_ddr3_soft_controller/genblk1.inst_ddr3_axi/inst_efx_ddr3/top_mc/controller_main/ram_raddr[2]~FF|CLK    ff           0.000             1.787             727       (161,91) 

################################################################################
Path Detail Report (core_clk vs tac_clk)
################################################################################


++++ Path 1 ++++++++++++++++++++++++++++++++++++++++++++++++++++++++++++++++++++

Path Begin    : ddr3_ctl_axi/u_efx_ddr3_soft_controller/genblk1.inst_ddr3_axi/inst_efx_ddr3/top_mc/fifo_rdpush/popCC_popPtrGray[0]~FF|CLK              
Path End      : ddr3_ctl_axi/u_efx_ddr3_soft_controller/genblk1.inst_ddr3_axi/inst_efx_ddr3/top_mc/fifo_rdpush/popToPushGray_buffercc/buffers_0[0]~FF|D
Launch Clock  : core_clk (RISE)                                                                                                                        
Capture Clock : tac_clk (RISE)                                                                                                                         
Slack         : 2.247 (required time - arrival time)                                                                                                   
Delay         : 0.202                                                                                                                                  

Logic Level             : 0
Non-global nets on path : 1
Global nets on path     : 0

Launch Clock Path Delay        : 1.787
+ Clock To Q + Data Path Delay : 0.318
--------------------------------------
End-of-path arrival time       : 2.105

Constraint                     : 2.604
+ Capture Clock Path Delay     : 1.858
- Clock Uncertainty            : 0.110
--------------------------------------
End-of-path required time      : 4.352

Launch Clock Path
                                                          name                                                             model name   delay (ns)  cumulative delay (ns) pins on net    location
===================================================================================================================================================================================================
core_clk                                                                                                                     inpad        0.000             0.000               0       (219,164)
core_clk                                                                                                                     inpad        0.110             0.110             727       (219,164)
core_clk                                                                                                                     net          1.677             1.787             727       (219,164)
   Routing elements:
      Manhattan distance of X:89, Y:127
ddr3_ctl_axi/u_efx_ddr3_soft_controller/genblk1.inst_ddr3_axi/inst_efx_ddr3/top_mc/fifo_rdpush/popCC_popPtrGray[0]~FF|CLK    ff           0.000             1.787             727       (130,37) 

Data Path
                                                                 name                                                                    model name   delay (ns)  cumulative delay (ns) pins on net    location
=================================================================================================================================================================================================================
ddr3_ctl_axi/u_efx_ddr3_soft_controller/genblk1.inst_ddr3_axi/inst_efx_ddr3/top_mc/fifo_rdpush/popCC_popPtrGray[0]~FF|Q                     ff          0.113             0.113              3         (130,37)
ddr3_ctl_axi/u_efx_ddr3_soft_controller/genblk1.inst_ddr3_axi/inst_efx_ddr3/top_mc/fifo_rdpush/popCC_popPtrGray[0]                          net         0.202             0.315              3         (130,37)
   Routing elements:
      Manhattan distance of X:5, Y:0
ddr3_ctl_axi/u_efx_ddr3_soft_controller/genblk1.inst_ddr3_axi/inst_efx_ddr3/top_mc/fifo_rdpush/popToPushGray_buffercc/buffers_0[0]~FF|D     ff          0.003             0.318              3         (135,37)

Capture Clock Path
                                                                  name                                                                     model name   delay (ns)  cumulative delay (ns) pins on net    location
===================================================================================================================================================================================================================
tac_clk                                                                                                                                      inpad        0.000             0.000               0        (111,0) 
tac_clk                                                                                                                                      inpad        0.110             0.110             282        (111,0) 
tac_clk                                                                                                                                      net          1.748             1.858             282        (111,0) 
   Routing elements:
      Manhattan distance of X:24, Y:37
ddr3_ctl_axi/u_efx_ddr3_soft_controller/genblk1.inst_ddr3_axi/inst_efx_ddr3/top_mc/fifo_rdpush/popToPushGray_buffercc/buffers_0[0]~FF|CLK    ff           0.000             1.858             282        (135,37)

################################################################################
Path Detail Report (core_clk vs twd_clk)
################################################################################


++++ Path 1 ++++++++++++++++++++++++++++++++++++++++++++++++++++++++++++++++++++

Path Begin    : ddr3_ctl_axi/u_efx_ddr3_soft_controller/genblk1.inst_ddr3_axi/inst_efx_ddr3/top_mc/controller_main/ram_wr_ack_p1~FF|CLK
Path End      : ddr3_ctl_axi/u_efx_ddr3_soft_controller/genblk1.inst_ddr3_axi/inst_efx_ddr3/top_mc/controller_main/get_wr_ack[0]~FF|D  
Launch Clock  : core_clk (RISE)                                                                                                        
Capture Clock : twd_clk (RISE)                                                                                                         
Slack         : 0.319 (required time - arrival time)                                                                                   
Delay         : 0.184                                                                                                                  

Logic Level             : 0
Non-global nets on path : 1
Global nets on path     : 0

Launch Clock Path Delay        : 1.787
+ Clock To Q + Data Path Delay : 0.300
--------------------------------------
End-of-path arrival time       : 2.087

Constraint                     : 0.541
+ Capture Clock Path Delay     : 1.865
- Clock Uncertainty            : 0.000
--------------------------------------
End-of-path required time      : 2.406

Launch Clock Path
                                                         name                                                            model name   delay (ns)  cumulative delay (ns) pins on net    location
=================================================================================================================================================================================================
core_clk                                                                                                                   inpad        0.000             0.000               0       (219,164)
core_clk                                                                                                                   inpad        0.110             0.110             727       (219,164)
core_clk                                                                                                                   net          1.677             1.787             727       (219,164)
   Routing elements:
      Manhattan distance of X:126, Y:130
ddr3_ctl_axi/u_efx_ddr3_soft_controller/genblk1.inst_ddr3_axi/inst_efx_ddr3/top_mc/controller_main/ram_wr_ack_p1~FF|CLK    ff           0.000             1.787             727       (93,34)  

Data Path
                                                        name                                                           model name   delay (ns)  cumulative delay (ns) pins on net    location
===============================================================================================================================================================================================
ddr3_ctl_axi/u_efx_ddr3_soft_controller/genblk1.inst_ddr3_axi/inst_efx_ddr3/top_mc/controller_main/ram_wr_ack_p1~FF|Q     ff          0.113             0.113              2         (93,34)
ddr3_ctl_axi/u_efx_ddr3_soft_controller/genblk1.inst_ddr3_axi/inst_efx_ddr3/top_mc/controller_main/ram_wr_ack_p1          net         0.184             0.297              2         (93,34)
   Routing elements:
      Manhattan distance of X:5, Y:0
ddr3_ctl_axi/u_efx_ddr3_soft_controller/genblk1.inst_ddr3_axi/inst_efx_ddr3/top_mc/controller_main/get_wr_ack[0]~FF|D     ff          0.003             0.300              2         (98,34)

Capture Clock Path
                                                         name                                                            model name   delay (ns)  cumulative delay (ns) pins on net    location
=================================================================================================================================================================================================
twd_clk                                                                                                                    inpad        0.000             0.000               0       (219,159)
twd_clk                                                                                                                    inpad        0.110             0.110             554       (219,159)
twd_clk                                                                                                                    net          1.755             1.865             554       (219,159)
   Routing elements:
      Manhattan distance of X:121, Y:125
ddr3_ctl_axi/u_efx_ddr3_soft_controller/genblk1.inst_ddr3_axi/inst_efx_ddr3/top_mc/controller_main/get_wr_ack[0]~FF|CLK    ff           0.000             1.865             554       (98,34)  

################################################################################
Path Detail Report (core_clk vs clk_sys)
################################################################################


++++ Path 1 ++++++++++++++++++++++++++++++++++++++++++++++++++++++++++++++++++++

Path Begin    : ddr3_ctl_axi/u_efx_ddr3_soft_controller/genblk1.inst_ddr3_axi/inst_efx_ddr3/w_init_done~FF|CLK                                                          
Path End      : ddr3_ctl_axi/u_efx_ddr3_soft_controller/genblk1.inst_ddr3_axi/inst_efx_ddr3/rst_top0/genblk1[0].genblk1.genblk1.inst_sysclk_rstn/dffrs_29/i4_rst_0~FF|SR
Launch Clock  : core_clk (RISE)                                                                                                                                         
Capture Clock : clk_sys (RISE)                                                                                                                                          
Slack         : 3.257 (required time - arrival time)                                                                                                                    
Delay         : 0.979                                                                                                                                                   

Logic Level             : 0
Non-global nets on path : 1
Global nets on path     : 0

Launch Clock Path Delay        : 1.787
+ Clock To Q + Data Path Delay : 1.183
--------------------------------------
End-of-path arrival time       : 2.970

Constraint                     : 4.390
+ Capture Clock Path Delay     : 1.837
- Clock Uncertainty            : 0.000
--------------------------------------
End-of-path required time      : 6.227

Launch Clock Path
                                             name                                               model name   delay (ns)  cumulative delay (ns) pins on net    location
========================================================================================================================================================================
core_clk                                                                                          inpad        0.000             0.000               0       (219,164)
core_clk                                                                                          inpad        0.110             0.110             727       (219,164)
core_clk                                                                                          net          1.677             1.787             727       (219,164)
   Routing elements:
      Manhattan distance of X:47, Y:39
ddr3_ctl_axi/u_efx_ddr3_soft_controller/genblk1.inst_ddr3_axi/inst_efx_ddr3/w_init_done~FF|CLK    ff           0.000             1.787             727       (172,125)

Data Path
                                                                          name                                                                            model name   delay (ns)  cumulative delay (ns) pins on net    location
==================================================================================================================================================================================================================================
ddr3_ctl_axi/u_efx_ddr3_soft_controller/genblk1.inst_ddr3_axi/inst_efx_ddr3/w_init_done~FF|Q                                                                 ff          0.113             0.113             117       (172,125)
ddr3_ctl_axi/u_efx_ddr3_soft_controller/genblk1.inst_ddr3_axi/inst_efx_ddr3/w_init_done                                                                      net         0.979             1.092             117       (172,125)
   Routing elements:
      Manhattan distance of X:67, Y:5
ddr3_ctl_axi/u_efx_ddr3_soft_controller/genblk1.inst_ddr3_axi/inst_efx_ddr3/rst_top0/genblk1[0].genblk1.genblk1.inst_sysclk_rstn/dffrs_29/i4_rst_0~FF|SR     ff          0.091             1.183             117       (105,130)

Capture Clock Path
                                                                          name                                                                             model name   delay (ns)  cumulative delay (ns) pins on net    location
===================================================================================================================================================================================================================================
clk_sys                                                                                                                                                      inpad        0.000             0.000                0      (0,162)  
clk_sys                                                                                                                                                      inpad        0.110             0.110             1505      (0,162)  
clk_sys                                                                                                                                                      net          1.727             1.837             1505      (0,162)  
   Routing elements:
      Manhattan distance of X:105, Y:32
ddr3_ctl_axi/u_efx_ddr3_soft_controller/genblk1.inst_ddr3_axi/inst_efx_ddr3/rst_top0/genblk1[0].genblk1.genblk1.inst_sysclk_rstn/dffrs_29/i4_rst_0~FF|CLK    ff           0.000             1.837             1505      (105,130)

################################################################################
Path Detail Report (tac_clk vs core_clk)
################################################################################


++++ Path 1 ++++++++++++++++++++++++++++++++++++++++++++++++++++++++++++++++++++

Path Begin    : ddr3_ctl_axi/u_efx_ddr3_soft_controller/genblk1.inst_ddr3_axi/inst_efx_ddr3/top_mc/fifo_rdpush/pushCC_pushPtrGray[5]~FF|CLK            
Path End      : ddr3_ctl_axi/u_efx_ddr3_soft_controller/genblk1.inst_ddr3_axi/inst_efx_ddr3/top_mc/fifo_rdpush/pushToPopGray_buffercc/buffers_0[5]~FF|D
Launch Clock  : tac_clk (RISE)                                                                                                                         
Capture Clock : core_clk (RISE)                                                                                                                        
Slack         : 1.840 (required time - arrival time)                                                                                                   
Delay         : 0.189                                                                                                                                  

Logic Level             : 0
Non-global nets on path : 1
Global nets on path     : 0

Launch Clock Path Delay        : 2.111
+ Clock To Q + Data Path Delay : 0.330
--------------------------------------
End-of-path arrival time       : 2.441

Constraint                     : 2.604
+ Capture Clock Path Delay     : 1.787
- Clock Uncertainty            : 0.110
--------------------------------------
End-of-path required time      : 4.281

Launch Clock Path
                                                           name                                                              model name   delay (ns)  cumulative delay (ns) pins on net    location
=====================================================================================================================================================================================================
tac_clk                                                                                                                        inpad        0.000             0.000               0        (111,0) 
tac_clk                                                                                                                        inpad        0.110             0.110             282        (111,0) 
tac_clk                                                                                                                        net          2.001             2.111             282        (111,0) 
   Routing elements:
      Manhattan distance of X:20, Y:65
ddr3_ctl_axi/u_efx_ddr3_soft_controller/genblk1.inst_ddr3_axi/inst_efx_ddr3/top_mc/fifo_rdpush/pushCC_pushPtrGray[5]~FF|CLK    ff           0.000             2.111             282        (131,65)

Data Path
                                                                 name                                                                    model name   delay (ns)  cumulative delay (ns) pins on net    location
=================================================================================================================================================================================================================
ddr3_ctl_axi/u_efx_ddr3_soft_controller/genblk1.inst_ddr3_axi/inst_efx_ddr3/top_mc/fifo_rdpush/pushCC_pushPtrGray[5]~FF|Q                   ff          0.138             0.138              3         (131,65)
ddr3_ctl_axi/u_efx_ddr3_soft_controller/genblk1.inst_ddr3_axi/inst_efx_ddr3/top_mc/fifo_rdpush/pushCC_pushPtrGray[5]                        net         0.189             0.327              3         (131,65)
   Routing elements:
      Manhattan distance of X:5, Y:0
ddr3_ctl_axi/u_efx_ddr3_soft_controller/genblk1.inst_ddr3_axi/inst_efx_ddr3/top_mc/fifo_rdpush/pushToPopGray_buffercc/buffers_0[5]~FF|D     ff          0.003             0.330              3         (136,65)

Capture Clock Path
                                                                  name                                                                     model name   delay (ns)  cumulative delay (ns) pins on net    location
===================================================================================================================================================================================================================
core_clk                                                                                                                                     inpad        0.000             0.000               0       (219,164)
core_clk                                                                                                                                     inpad        0.110             0.110             727       (219,164)
core_clk                                                                                                                                     net          1.677             1.787             727       (219,164)
   Routing elements:
      Manhattan distance of X:83, Y:99
ddr3_ctl_axi/u_efx_ddr3_soft_controller/genblk1.inst_ddr3_axi/inst_efx_ddr3/top_mc/fifo_rdpush/pushToPopGray_buffercc/buffers_0[5]~FF|CLK    ff           0.000             1.787             727       (136,65) 

################################################################################
Path Detail Report (twd_clk vs twd_clk)
################################################################################


++++ Path 1 ++++++++++++++++++++++++++++++++++++++++++++++++++++++++++++++++++++

Path Begin    : ddr3_ctl_axi/u_efx_ddr3_soft_controller/genblk1.inst_ddr3_axi/inst_efx_ddr3/top_mc/controller_main/r_dq_oe_p0[15]~FF|CLK
Path End      : o_dq_oe[7]                                                                                                              
Launch Clock  : twd_clk (RISE)                                                                                                          
Capture Clock : twd_clk (RISE)                                                                                                          
Slack         : 0.475 (required time - arrival time)                                                                                    
Delay         : 1.133                                                                                                                   

Logic Level             : 1
Non-global nets on path : 2
Global nets on path     : 0

Launch Clock Path Delay        : 1.865
+ Clock To Q + Data Path Delay : 1.246
--------------------------------------
End-of-path arrival time       : 3.111

Constraint                     : 2.604
+ Capture Clock Path Delay     : 1.855
- Clock Uncertainty            : 0.110
- Output Delay                 : 0.763
--------------------------------------
End-of-path required time      : 3.586

Launch Clock Path
                                                          name                                                            model name   delay (ns)  cumulative delay (ns) pins on net    location
==================================================================================================================================================================================================
twd_clk                                                                                                                     inpad        0.000             0.000               0       (219,159)
twd_clk                                                                                                                     inpad        0.110             0.110             554       (219,159)
twd_clk                                                                                                                     net          1.755             1.865             554       (219,159)
   Routing elements:
      Manhattan distance of X:121, Y:154
ddr3_ctl_axi/u_efx_ddr3_soft_controller/genblk1.inst_ddr3_axi/inst_efx_ddr3/top_mc/controller_main/r_dq_oe_p0[15]~FF|CLK    ff           0.000             1.865             554       (98,5)   

Data Path
                                                         name                                                           model name   delay (ns)  cumulative delay (ns) pins on net    location
================================================================================================================================================================================================
ddr3_ctl_axi/u_efx_ddr3_soft_controller/genblk1.inst_ddr3_axi/inst_efx_ddr3/top_mc/controller_main/r_dq_oe_p0[15]~FF|Q    ff           0.113             0.113               2        (98,5) 
ddr3_ctl_axi/u_efx_ddr3_soft_controller/genblk1.inst_ddr3_axi/inst_efx_ddr3/top_mc/controller_main/r_dq_oe_p0[15]         net          0.146             0.259               2        (98,5) 
   Routing elements:
      Manhattan distance of X:0, Y:1
LUT__16786|in[1]                                                                                                          lut          0.054             0.313               2        (98,4) 
LUT__16786|out                                                                                                            lut          0.000             0.313              17        (98,4) 
o_dq_oe[0]                                                                                                                net          0.889             1.202              17        (98,4) 
   Routing elements:
      Manhattan distance of X:114, Y:4
o_dq_oe[7]                                                                                                                outpad       0.044             1.246              17        (212,0)
o_dq_oe[7]                                                                                                                outpad       0.000             1.246               0        (212,0)

Capture Clock Path
        name          model name   delay (ns)  cumulative delay (ns) pins on net    location
==============================================================================================
twd_clk                 inpad        0.000             0.000               0       (219,159)
twd_clk                 inpad        0.110             0.110             554       (219,159)
twd_clk                 net          1.701             1.811             554       (219,159)
   Routing elements:
      Manhattan distance of X:29, Y:159
twd_clk~CLKOUT~190~1    outpad       0.044             1.855             554       (190,0)  
twd_clk~CLKOUT~190~1    outpad       0.000             1.855               0       (190,0)  

################################################################################
Path Detail Report (clk_sys vs core_clk)
################################################################################


++++ Path 1 ++++++++++++++++++++++++++++++++++++++++++++++++++++++++++++++++++++

Path Begin    : rstn_sys~FF|CLK                                                                                                                                            
Path End      : ddr3_ctl_axi/u_efx_ddr3_soft_controller/genblk1.inst_ddr3_axi/inst_efx_ddr3/top_mc/rst_ctrl0/genblk1[3].genblk1.genblk1.inst_sysclk_rstn/r_srst_1P[0]~FF|SR
Launch Clock  : clk_sys (RISE)                                                                                                                                             
Capture Clock : core_clk (RISE)                                                                                                                                            
Slack         : 2.547 (required time - arrival time)                                                                                                                       
Delay         : 1.589                                                                                                                                                      

Logic Level             : 0
Non-global nets on path : 1
Global nets on path     : 0

Launch Clock Path Delay        : 1.837
+ Clock To Q + Data Path Delay : 1.793
--------------------------------------
End-of-path arrival time       : 3.630

Constraint                     : 4.390
+ Capture Clock Path Delay     : 1.787
- Clock Uncertainty            : 0.000
--------------------------------------
End-of-path required time      : 6.177

Launch Clock Path
     name        model name   delay (ns)  cumulative delay (ns) pins on net    location
=========================================================================================
clk_sys            inpad        0.000             0.000                0      (0,162)  
clk_sys            inpad        0.110             0.110             1505      (0,162)  
clk_sys            net          1.727             1.837             1505      (0,162)  
   Routing elements:
      Manhattan distance of X:119, Y:93
rstn_sys~FF|CLK    ff           0.000             1.837             1505      (119,255)

Data Path
                                                                           name                                                                              model name   delay (ns)  cumulative delay (ns) pins on net    location
=====================================================================================================================================================================================================================================
rstn_sys~FF|Q                                                                                                                                                   ff          0.113             0.113             237       (119,255)
rstn_sys                                                                                                                                                        net         1.589             1.702             237       (119,255)
   Routing elements:
      Manhattan distance of X:38, Y:167
ddr3_ctl_axi/u_efx_ddr3_soft_controller/genblk1.inst_ddr3_axi/inst_efx_ddr3/top_mc/rst_ctrl0/genblk1[3].genblk1.genblk1.inst_sysclk_rstn/r_srst_1P[0]~FF|SR     ff          0.091             1.793             237       (157,88) 

Capture Clock Path
                                                                            name                                                                              model name   delay (ns)  cumulative delay (ns) pins on net    location
======================================================================================================================================================================================================================================
core_clk                                                                                                                                                        inpad        0.000             0.000               0       (219,164)
core_clk                                                                                                                                                        inpad        0.110             0.110             727       (219,164)
core_clk                                                                                                                                                        net          1.677             1.787             727       (219,164)
   Routing elements:
      Manhattan distance of X:62, Y:76
ddr3_ctl_axi/u_efx_ddr3_soft_controller/genblk1.inst_ddr3_axi/inst_efx_ddr3/top_mc/rst_ctrl0/genblk1[3].genblk1.genblk1.inst_sysclk_rstn/r_srst_1P[0]~FF|CLK    ff           0.000             1.787             727       (157,88) 

################################################################################
Path Detail Report (clk_sys vs clk_sys)
################################################################################


++++ Path 1 ++++++++++++++++++++++++++++++++++++++++++++++++++++++++++++++++++++

Path Begin    : ddr3_ctl_axi/u_efx_ddr3_soft_controller/genblk1.inst_ddr3_axi/inst_efx_ddr3/top_mc/fifo_ar/popToPushGray_buffercc_io_dataOut[6]~FF|CLK
Path End      : ddr3_ctl_axi/u_efx_ddr3_soft_controller/genblk1.inst_ddr3_axi/inst_respon_len_fifo/Data_Num[0]~FF|CE                                  
Launch Clock  : clk_sys (RISE)                                                                                                                        
Capture Clock : clk_sys (RISE)                                                                                                                        
Slack         : 4.333 (required time - arrival time)                                                                                                  
Delay         : 5.770                                                                                                                                 

Logic Level             : 18
Non-global nets on path : 19
Global nets on path     :  0

Launch Clock Path Delay        : 1.837
+ Clock To Q + Data Path Delay : 5.974
--------------------------------------
End-of-path arrival time       : 7.811

Constraint                     : 10.417
+ Capture Clock Path Delay     :  1.837
- Clock Uncertainty            :  0.110
---------------------------------------
End-of-path required time      : 12.144

Launch Clock Path
                                                                 name                                                                   model name   delay (ns)  cumulative delay (ns) pins on net    location
================================================================================================================================================================================================================
clk_sys                                                                                                                                   inpad        0.000             0.000                0      (0,162)  
clk_sys                                                                                                                                   inpad        0.110             0.110             1505      (0,162)  
clk_sys                                                                                                                                   net          1.727             1.837             1505      (0,162)  
   Routing elements:
      Manhattan distance of X:144, Y:17
ddr3_ctl_axi/u_efx_ddr3_soft_controller/genblk1.inst_ddr3_axi/inst_efx_ddr3/top_mc/fifo_ar/popToPushGray_buffercc_io_dataOut[6]~FF|CLK    ff           0.000             1.837             1505      (144,145)

Data Path
                                                                name                                                                  model name   delay (ns)  cumulative delay (ns) pins on net    location
==============================================================================================================================================================================================================
ddr3_ctl_axi/u_efx_ddr3_soft_controller/genblk1.inst_ddr3_axi/inst_efx_ddr3/top_mc/fifo_ar/popToPushGray_buffercc_io_dataOut[6]~FF|Q    ff           0.113             0.113               4       (144,145)
ddr3_ctl_axi/u_efx_ddr3_soft_controller/genblk1.inst_ddr3_axi/inst_efx_ddr3/top_mc/fifo_ar/popToPushGray_buffercc_io_dataOut[6]         net          0.398             0.511               4       (144,145)
   Routing elements:
      Manhattan distance of X:11, Y:8
LUT__17658|in[1]                                                                                                                        lut          0.054             0.565               4       (133,137)
LUT__17658|out                                                                                                                          lut          0.000             0.565               3       (133,137)
ddr3_ctl_axi/u_efx_ddr3_soft_controller/genblk1.inst_ddr3_axi/inst_efx_ddr3/top_mc/fifo_ar/sub_31/n3                                    net          0.290             0.855               3       (133,137)
   Routing elements:
      Manhattan distance of X:1, Y:2
LUT__17659|in[0]                                                                                                                        lut          0.054             0.909               3       (134,139)
LUT__17659|out                                                                                                                          lut          0.000             0.909               3       (134,139)
ddr3_ctl_axi/u_efx_ddr3_soft_controller/genblk1.inst_ddr3_axi/inst_efx_ddr3/top_mc/fifo_ar/sub_31/n4                                    net          0.053             0.962               3       (134,139)
   Routing elements:
      Manhattan distance of X:0, Y:1
LUT__17660|in[0]                                                                                                                        lut          0.054             1.016               3       (134,138)
LUT__17660|out                                                                                                                          lut          0.000             1.016               3       (134,138)
ddr3_ctl_axi/u_efx_ddr3_soft_controller/genblk1.inst_ddr3_axi/inst_efx_ddr3/top_mc/fifo_ar/sub_31/n5                                    net          0.171             1.187               3       (134,138)
   Routing elements:
      Manhattan distance of X:1, Y:5
LUT__17661|in[0]                                                                                                                        lut          0.054             1.241               3       (133,133)
LUT__17661|out                                                                                                                          lut          0.000             1.241               3       (133,133)
ddr3_ctl_axi/u_efx_ddr3_soft_controller/genblk1.inst_ddr3_axi/inst_efx_ddr3/top_mc/fifo_ar/sub_31/n6                                    net          0.202             1.443               3       (133,133)
   Routing elements:
      Manhattan distance of X:6, Y:0
LUT__17662|in[0]                                                                                                                        lut          0.054             1.497               3       (139,133)
LUT__17662|out                                                                                                                          lut          0.000             1.497               3       (139,133)
ddr3_ctl_axi/u_efx_ddr3_soft_controller/genblk1.inst_ddr3_axi/inst_efx_ddr3/top_mc/fifo_ar/sub_31/n7                                    net          0.262             1.759               3       (139,133)
   Routing elements:
      Manhattan distance of X:4, Y:3
LUT__17663|in[0]                                                                                                                        lut          0.055             1.814               3       (135,136)
LUT__17663|out                                                                                                                          lut          0.000             1.814               2       (135,136)
ddr3_ctl_axi/u_efx_ddr3_soft_controller/genblk1.inst_ddr3_axi/inst_efx_ddr3/top_mc/fifo_ar/sub_31/n8                                    net          0.172             1.986               2       (135,136)
   Routing elements:
      Manhattan distance of X:1, Y:5
ddr3_ctl_axi/u_efx_ddr3_soft_controller/genblk1.inst_ddr3_axi/inst_efx_ddr3/top_mc/fifo_ar/sub_31/add_2/i1|I1                           adder        0.050             2.036               2       (134,131)
ddr3_ctl_axi/u_efx_ddr3_soft_controller/genblk1.inst_ddr3_axi/inst_efx_ddr3/top_mc/fifo_ar/sub_31/add_2/i1|CO                           adder        0.000             2.036               2       (134,131)
ddr3_ctl_axi/u_efx_ddr3_soft_controller/genblk1.inst_ddr3_axi/inst_efx_ddr3/top_mc/fifo_ar/sub_31/add_2/n2                              net          0.000             2.036               2       (134,131)
   Routing elements:
      Manhattan distance of X:0, Y:1
ddr3_ctl_axi/u_efx_ddr3_soft_controller/genblk1.inst_ddr3_axi/inst_efx_ddr3/top_mc/fifo_ar/sub_31/add_2/i2|CI                           adder        0.021             2.057               2       (134,132)
ddr3_ctl_axi/u_efx_ddr3_soft_controller/genblk1.inst_ddr3_axi/inst_efx_ddr3/top_mc/fifo_ar/sub_31/add_2/i2|CO                           adder        0.000             2.057               2       (134,132)
ddr3_ctl_axi/u_efx_ddr3_soft_controller/genblk1.inst_ddr3_axi/inst_efx_ddr3/top_mc/fifo_ar/sub_31/add_2/n4                              net          0.000             2.057               2       (134,132)
   Routing elements:
      Manhattan distance of X:0, Y:1
ddr3_ctl_axi/u_efx_ddr3_soft_controller/genblk1.inst_ddr3_axi/inst_efx_ddr3/top_mc/fifo_ar/sub_31/add_2/i3|CI                           adder        0.021             2.078               2       (134,133)
ddr3_ctl_axi/u_efx_ddr3_soft_controller/genblk1.inst_ddr3_axi/inst_efx_ddr3/top_mc/fifo_ar/sub_31/add_2/i3|CO                           adder        0.000             2.078               2       (134,133)
ddr3_ctl_axi/u_efx_ddr3_soft_controller/genblk1.inst_ddr3_axi/inst_efx_ddr3/top_mc/fifo_ar/sub_31/add_2/n6                              net          0.000             2.078               2       (134,133)
   Routing elements:
      Manhattan distance of X:0, Y:1
ddr3_ctl_axi/u_efx_ddr3_soft_controller/genblk1.inst_ddr3_axi/inst_efx_ddr3/top_mc/fifo_ar/sub_31/add_2/i4|CI                           adder        0.021             2.099               2       (134,134)
ddr3_ctl_axi/u_efx_ddr3_soft_controller/genblk1.inst_ddr3_axi/inst_efx_ddr3/top_mc/fifo_ar/sub_31/add_2/i4|CO                           adder        0.000             2.099               2       (134,134)
ddr3_ctl_axi/u_efx_ddr3_soft_controller/genblk1.inst_ddr3_axi/inst_efx_ddr3/top_mc/fifo_ar/sub_31/add_2/n8                              net          0.000             2.099               2       (134,134)
   Routing elements:
      Manhattan distance of X:0, Y:1
ddr3_ctl_axi/u_efx_ddr3_soft_controller/genblk1.inst_ddr3_axi/inst_efx_ddr3/top_mc/fifo_ar/sub_31/add_2/i5|CI                           adder        0.021             2.120               2       (134,135)
ddr3_ctl_axi/u_efx_ddr3_soft_controller/genblk1.inst_ddr3_axi/inst_efx_ddr3/top_mc/fifo_ar/sub_31/add_2/i5|CO                           adder        0.000             2.120               2       (134,135)
ddr3_ctl_axi/u_efx_ddr3_soft_controller/genblk1.inst_ddr3_axi/inst_efx_ddr3/top_mc/fifo_ar/sub_31/add_2/n10                             net          0.000             2.120               2       (134,135)
   Routing elements:
      Manhattan distance of X:0, Y:1
ddr3_ctl_axi/u_efx_ddr3_soft_controller/genblk1.inst_ddr3_axi/inst_efx_ddr3/top_mc/fifo_ar/sub_31/add_2/i6|CI                           adder        0.084             2.204               2       (134,136)
ddr3_ctl_axi/u_efx_ddr3_soft_controller/genblk1.inst_ddr3_axi/inst_efx_ddr3/top_mc/fifo_ar/sub_31/add_2/i6|O                            adder        0.000             2.204               2       (134,136)
ddr3_ctl_axi/u_efx_ddr3_soft_controller/genblk1.inst_ddr3_axi/inst_efx_ddr3/top_mc/fifo_ar_io_pushOccupancy[5]                          net          0.264             2.468               2       (134,136)
   Routing elements:
      Manhattan distance of X:0, Y:7
LUT__16811|in[0]                                                                                                                        lut          0.054             2.522               2       (134,129)
LUT__16811|out                                                                                                                          lut          0.000             2.522               2       (134,129)
n7711                                                                                                                                   net          0.564             3.086               2       (134,129)
   Routing elements:
      Manhattan distance of X:0, Y:66
LUT__16813|in[0]                                                                                                                        lut          0.054             3.140               2       (134,63) 
LUT__16813|out                                                                                                                          lut          0.000             3.140               8       (134,63) 
n7713                                                                                                                                   net          0.483             3.623               8       (134,63) 
   Routing elements:
      Manhattan distance of X:14, Y:19
LUT__16910|in[0]                                                                                                                        lut          0.055             3.678               8       (120,82) 
LUT__16910|out                                                                                                                          lut          0.000             3.678               6       (120,82) 
n7790                                                                                                                                   net          0.229             3.907               6       (120,82) 
   Routing elements:
      Manhattan distance of X:4, Y:5
LUT__16911|in[0]                                                                                                                        lut          0.054             3.961               6       (116,87) 
LUT__16911|out                                                                                                                          lut          0.000             3.961             143       (116,87) 
ddr3_ctl_axi/u_efx_ddr3_soft_controller/genblk1.inst_ddr3_axi/u_wr_addr_fifo/Fifo_Wr_En                                                 net          0.717             4.678             143       (116,87) 
   Routing elements:
      Manhattan distance of X:32, Y:10
LUT__17403|in[1]                                                                                                                        lut          0.055             4.733             143       (84,97)  
LUT__17403|out                                                                                                                          lut          0.000             4.733              41       (84,97)  
ddr3_ctl_axi/u_efx_ddr3_soft_controller/genblk1.inst_ddr3_axi/inst_respon_len_fifo/Fifo_Wr_En                                           net          0.362             5.095              41       (84,97)  
   Routing elements:
      Manhattan distance of X:7, Y:3
LUT__17409|in[2]                                                                                                                        lut          0.054             5.149              41       (91,100) 
LUT__17409|out                                                                                                                          lut          0.000             5.149               7       (91,100) 
ceg_net246                                                                                                                              net          0.734             5.883               7       (91,100) 
   Routing elements:
      Manhattan distance of X:7, Y:2
ddr3_ctl_axi/u_efx_ddr3_soft_controller/genblk1.inst_ddr3_axi/inst_respon_len_fifo/Data_Num[0]~FF|CE                                    ff           0.091             5.974               7       (84,98)  

Capture Clock Path
                                                name                                                   model name   delay (ns)  cumulative delay (ns) pins on net    location
===============================================================================================================================================================================
clk_sys                                                                                                  inpad        0.000             0.000                0       (0,162)
clk_sys                                                                                                  inpad        0.110             0.110             1505       (0,162)
clk_sys                                                                                                  net          1.727             1.837             1505       (0,162)
   Routing elements:
      Manhattan distance of X:84, Y:64
ddr3_ctl_axi/u_efx_ddr3_soft_controller/genblk1.inst_ddr3_axi/inst_respon_len_fifo/Data_Num[0]~FF|CLK    ff           0.000             1.837             1505       (84,98)

################################################################################
Path Detail Report (clk_pixel vs clk_pixel)
################################################################################


++++ Path 1 ++++++++++++++++++++++++++++++++++++++++++++++++++++++++++++++++++++

Path Begin    : lcd_de~FF|CLK                       
Path End      : u_rgb2dvi/enc_1/acc[4]~FF|D         
Launch Clock  : clk_pixel (RISE)                    
Capture Clock : clk_pixel (RISE)                    
Slack         : 8.714 (required time - arrival time)
Delay         : 4.501                               

Logic Level             : 12
Non-global nets on path : 12
Global nets on path     :  0

Launch Clock Path Delay        : 1.829
+ Clock To Q + Data Path Delay : 4.617
--------------------------------------
End-of-path arrival time       : 6.446

Constraint                     : 13.441
+ Capture Clock Path Delay     :  1.829
- Clock Uncertainty            :  0.110
---------------------------------------
End-of-path required time      : 15.160

Launch Clock Path
    name       model name   delay (ns)  cumulative delay (ns) pins on net    location
=======================================================================================
clk_pixel        inpad        0.000             0.000               0       (0,159)  
clk_pixel        inpad        0.110             0.110             167       (0,159)  
clk_pixel        net          1.719             1.829             167       (0,159)  
   Routing elements:
      Manhattan distance of X:129, Y:112
lcd_de~FF|CLK    ff           0.000             1.829             167       (129,271)

Data Path
               name                 model name   delay (ns)  cumulative delay (ns) pins on net    location
============================================================================================================
lcd_de~FF|Q                           ff           0.113             0.113              69       (129,271)
lcd_de                                net          1.427             1.540              69       (129,271)
   Routing elements:
      Manhattan distance of X:123, Y:34
LUT__19878|in[3]                      lut          0.055             1.595              69       (6,305)  
LUT__19878|out                        lut          0.000             1.595              16       (6,305)  
u_rgb2dvi/enc_1/n103                  net          0.283             1.878              15       (6,305)  
   Routing elements:
      Manhattan distance of X:4, Y:1
LUT__19880|in[0]                      lut          0.054             1.932              16       (10,304) 
LUT__19880|out                        lut          0.000             1.932               3       (10,304) 
n9286                                 net          0.261             2.193               3       (10,304) 
   Routing elements:
      Manhattan distance of X:0, Y:5
LUT__19891|in[1]                      lut          0.054             2.247               3       (10,309) 
LUT__19891|out                        lut          0.000             2.247              15       (10,309) 
u_rgb2dvi/enc_1/sub_19/n4             net          0.450             2.697              15       (10,309) 
   Routing elements:
      Manhattan distance of X:6, Y:2
LUT__19893|in[1]                      lut          0.054             2.751              15       (16,311) 
LUT__19893|out                        lut          0.000             2.751               3       (16,311) 
u_rgb2dvi/enc_1/sub_50/n4             net          0.299             3.050               3       (16,311) 
   Routing elements:
      Manhattan distance of X:1, Y:3
u_rgb2dvi/enc_1/sub_50/add_2/i3|I1    adder        0.048             3.098               3       (15,314) 
u_rgb2dvi/enc_1/sub_50/add_2/i3|CO    adder        0.000             3.098               2       (15,314) 
u_rgb2dvi/enc_1/sub_50/add_2/n6       net          0.000             3.098               2       (15,314) 
   Routing elements:
      Manhattan distance of X:0, Y:1
u_rgb2dvi/enc_1/sub_50/add_2/i4|CI    adder        0.084             3.182               2       (15,315) 
u_rgb2dvi/enc_1/sub_50/add_2/i4|O     adder        0.000             3.182               3       (15,315) 
u_rgb2dvi/enc_1/n131                  net          0.184             3.366               3       (15,315) 
   Routing elements:
      Manhattan distance of X:1, Y:0
u_rgb2dvi/enc_1/sub_79/add_2/i4|I0    adder        0.045             3.411               3       (16,315) 
u_rgb2dvi/enc_1/sub_79/add_2/i4|CO    adder        0.000             3.411               2       (16,315) 
u_rgb2dvi/enc_1/sub_79/add_2/n8       net          0.000             3.411               2       (16,315) 
   Routing elements:
      Manhattan distance of X:0, Y:1
u_rgb2dvi/enc_1/sub_79/add_2/i5|CI    adder        0.084             3.495               2       (16,316) 
u_rgb2dvi/enc_1/sub_79/add_2/i5|O     adder        0.000             3.495               2       (16,316) 
u_rgb2dvi/enc_1/n210                  net          0.224             3.719               2       (16,316) 
   Routing elements:
      Manhattan distance of X:3, Y:6
LUT__19911|in[2]                      lut          0.054             3.773               2       (13,310) 
LUT__19911|out                        lut          0.000             3.773               2       (13,310) 
n9303                                 net          0.253             4.026               2       (13,310) 
   Routing elements:
      Manhattan distance of X:0, Y:8
LUT__19912|in[1]                      lut          0.054             4.080               2       (13,318) 
LUT__19912|out                        lut          0.000             4.080               2       (13,318) 
n9304                                 net          0.053             4.133               2       (13,318) 
   Routing elements:
      Manhattan distance of X:0, Y:1
LUT__19913|in[3]                      lut          0.054             4.187               2       (13,317) 
LUT__19913|out                        lut          0.000             4.187               2       (13,317) 
u_rgb2dvi/enc_1/acc_add[4]            net          0.373             4.560               2       (13,317) 
   Routing elements:
      Manhattan distance of X:2, Y:1
u_rgb2dvi/enc_1/add_105/i5|I1         adder        0.054             4.614               2       (11,318) 
u_rgb2dvi/enc_1/add_105/i5|O          adder        0.000             4.614               2       (11,318) 
u_rgb2dvi/enc_1/acc[4]~FF|D           ff           0.003             4.617               2       (11,318) 

Capture Clock Path
            name               model name   delay (ns)  cumulative delay (ns) pins on net    location
=======================================================================================================
clk_pixel                        inpad        0.000             0.000               0        (0,159) 
clk_pixel                        inpad        0.110             0.110             167        (0,159) 
clk_pixel                        net          1.719             1.829             167        (0,159) 
   Routing elements:
      Manhattan distance of X:11, Y:159
u_rgb2dvi/enc_1/acc[4]~FF|CLK    ff           0.000             1.829             167        (11,318)

################################################################################
Path Detail Report (cmos_pclk vs cmos_pclk)
################################################################################


++++ Path 1 ++++++++++++++++++++++++++++++++++++++++++++++++++++++++++++++++++++

Path Begin    : r_XYCrop_frame_de~FF|CLK                                   
Path End      : u_axi4_ctrl/Gen_FIFO_W8.u_W0_FIFO_8/wr_datacount_o[0]~FF|CE
Launch Clock  : cmos_pclk (RISE)                                           
Capture Clock : cmos_pclk (RISE)                                           
Slack         : 7.063 (required time - arrival time)                       
Delay         : 2.623                                                      

Logic Level             : 2
Non-global nets on path : 3
Global nets on path     : 0

Launch Clock Path Delay        : 1.811
+ Clock To Q + Data Path Delay : 2.827
--------------------------------------
End-of-path arrival time       : 4.638

Constraint                     : 10.000
+ Capture Clock Path Delay     :  1.811
- Clock Uncertainty            :  0.110
---------------------------------------
End-of-path required time      : 11.701

Launch Clock Path
          name            model name   delay (ns)  cumulative delay (ns) pins on net    location
==================================================================================================
cmos_pclk                   inpad        0.000             0.000               0       (111,323)
cmos_pclk                   inpad        0.110             0.110             117       (111,323)
cmos_pclk                   net          1.701             1.811             117       (111,323)
   Routing elements:
      Manhattan distance of X:17, Y:8
r_XYCrop_frame_de~FF|CLK    ff           0.000             1.811             117       (94,315) 

Data Path
                            name                              model name   delay (ns)  cumulative delay (ns) pins on net    location
======================================================================================================================================
r_XYCrop_frame_de~FF|Q                                           ff          0.113             0.113               2        (94,315)
r_XYCrop_frame_de                                                net         0.375             0.488               2        (94,315)
   Routing elements:
      Manhattan distance of X:21, Y:10
LUT__16787|in[1]                                                 lut         0.054             0.542               2        (73,305)
LUT__16787|out                                                   lut         0.000             0.542               3        (73,305)
led_o[3]                                                         net         1.148             1.690               3        (73,305)
   Routing elements:
      Manhattan distance of X:6, Y:241
LUT__19970|in[2]                                                 lut         0.054             1.744               3        (67,64) 
LUT__19970|out                                                   lut         0.000             1.744              23        (67,64) 
u_axi4_ctrl/Gen_FIFO_W8.u_W0_FIFO_8/u_efx_fifo_top/wr_en_int     net         0.992             2.736              23        (67,64) 
   Routing elements:
      Manhattan distance of X:3, Y:13
u_axi4_ctrl/Gen_FIFO_W8.u_W0_FIFO_8/wr_datacount_o[0]~FF|CE      ff          0.091             2.827              23        (70,51) 

Capture Clock Path
                            name                              model name   delay (ns)  cumulative delay (ns) pins on net    location
======================================================================================================================================
cmos_pclk                                                       inpad        0.000             0.000               0       (111,323)
cmos_pclk                                                       inpad        0.110             0.110             117       (111,323)
cmos_pclk                                                       net          1.701             1.811             117       (111,323)
   Routing elements:
      Manhattan distance of X:41, Y:272
u_axi4_ctrl/Gen_FIFO_W8.u_W0_FIFO_8/wr_datacount_o[0]~FF|CLK    ff           0.000             1.811             117       (70,51)  

################################################################################
Path Detail Report (cmos_pclk vs cmos_pclk)
################################################################################


++++ Path 1 ++++++++++++++++++++++++++++++++++++++++++++++++++++++++++++++++++++

Path Begin    : cmos_vsync                                
Path End      : u_Sensor_Image_XYCrop/image_ypos[11]~FF|CE
Launch Clock  : cmos_pclk (FALL)                          
Capture Clock : cmos_pclk (RISE)                          
Slack         : 1.358 (required time - arrival time)      
Delay         : 2.259                                     

Logic Level             : 1
Non-global nets on path : 2
Global nets on path     : 0

Launch Clock Path Delay        : 1.802
+ Clock To Q + Data Path Delay : 2.350
+ Input Delay                  : 1.191
--------------------------------------
End-of-path arrival time       : 5.343

Constraint                     : 5.000
+ Capture Clock Path Delay     : 1.811
- Clock Uncertainty            : 0.110
--------------------------------------
End-of-path required time      : 6.701

Launch Clock Path
         name            model name   delay (ns)  cumulative delay (ns) pins on net    location
=================================================================================================
cmos_pclk                  inpad        0.000             0.000               0       (111,323)
cmos_pclk                  inpad        0.110             0.110             117       (111,323)
cmos_pclk                  net          1.648             1.758             117       (111,323)
   Routing elements:
      Manhattan distance of X:93, Y:0
cmos_pclk~CLKOUT~18~322    outpad       0.044             1.802             117       (18,323) 
cmos_pclk~CLKOUT~18~322    outpad       0.000             1.802               0       (18,323) 

Data Path
                   name                     model name   delay (ns)  cumulative delay (ns) pins on net    location
====================================================================================================================
cmos_vsync                                    inpad        0.110             0.110               0        (0,321) 
cmos_vsync                                    inpad        0.000             0.110              16        (0,321) 
cmos_vsync                                    net          0.973             1.083              16        (0,321) 
   Routing elements:
      Manhattan distance of X:94, Y:12
LUT__19898|in[2]                              lut          0.054             1.137              16        (94,309)
LUT__19898|out                                lut          0.000             1.137              13        (94,309)
ceg_net200                                    net          1.122             2.259              13        (94,309)
   Routing elements:
      Manhattan distance of X:0, Y:5
u_Sensor_Image_XYCrop/image_ypos[11]~FF|CE    ff           0.091             2.350              13        (94,314)

Capture Clock Path
                   name                      model name   delay (ns)  cumulative delay (ns) pins on net    location
=====================================================================================================================
cmos_pclk                                      inpad        0.000             0.000               0       (111,323)
cmos_pclk                                      inpad        0.110             0.110             117       (111,323)
cmos_pclk                                      net          1.701             1.811             117       (111,323)
   Routing elements:
      Manhattan distance of X:17, Y:9
u_Sensor_Image_XYCrop/image_ypos[11]~FF|CLK    ff           0.000             1.811             117       (94,314) 

---------- Path Details for Max Critical Paths (end) ---------------

---------- 4. Path Details for Min Critical Paths (begin) ----------

################################################################################
Path Detail Report (cmos_pclk vs cmos_pclk)
################################################################################


++++ Path 1 ++++++++++++++++++++++++++++++++++++++++++++++++++++++++++++++++++++

Path Begin    : XYCrop_frame_Gray[1]~FF|CLK         
Path End      : r_XYCrop_frame_Gray[1]~FF|D         
Launch Clock  : cmos_pclk (RISE)                    
Capture Clock : cmos_pclk (RISE)                    
Slack         : 0.014 (arrival time - required time)
Delay         : 0.107                               

Logic Level             : 0
Non-global nets on path : 1
Global nets on path     : 0

Launch Clock Path Delay        : 1.871
+ Clock To Q + Data Path Delay : 0.084
--------------------------------------
End-of-path arrival time       : 1.955

Constraint                     : 0.000
+ Capture Clock Path Delay     : 1.871
+ Clock Uncertainty            : 0.070
--------------------------------------
End-of-path required time      : 1.941

Launch Clock Path
           name              model name   delay (ns)  cumulative delay (ns) pins on net    location
=====================================================================================================
cmos_pclk                      inpad        0.000             0.000               0       (111,323)
cmos_pclk                      inpad        0.070             0.070             117       (111,323)
cmos_pclk                      net          1.801             1.871             117       (111,323)
   Routing elements:
      Manhattan distance of X:64, Y:302
XYCrop_frame_Gray[1]~FF|CLK    ff           0.000             1.871             117       (47,21)  

Data Path
           name              model name   delay (ns)  cumulative delay (ns) pins on net    location
=====================================================================================================
XYCrop_frame_Gray[1]~FF|Q       ff           0.072            0.072              2         (47,21)
XYCrop_frame_Gray[1]            net          0.107            0.179              2         (47,21)
   Routing elements:
      Manhattan distance of X:0, Y:1
r_XYCrop_frame_Gray[1]~FF|D     ff          -0.095            0.084              2         (47,22)

Capture Clock Path
            name               model name   delay (ns)  cumulative delay (ns) pins on net    location
=======================================================================================================
cmos_pclk                        inpad        0.000             0.000               0       (111,323)
cmos_pclk                        inpad        0.070             0.070             117       (111,323)
cmos_pclk                        net          1.801             1.871             117       (111,323)
   Routing elements:
      Manhattan distance of X:64, Y:301
r_XYCrop_frame_Gray[1]~FF|CLK    ff           0.000             1.871             117       (47,22)  

################################################################################
Path Detail Report (tdqss_clk vs tdqss_clk)
################################################################################


++++ Path 1 ++++++++++++++++++++++++++++++++++++++++++++++++++++++++++++++++++++

Path Begin    : ddr3_ctl_axi/u_efx_ddr3_soft_controller/genblk1.inst_ddr3_axi/inst_efx_ddr3/top_mc/controller_main/dqs_state[0]~FF|CLK
Path End      : ddr3_ctl_axi/u_efx_ddr3_soft_controller/genblk1.inst_ddr3_axi/inst_efx_ddr3/top_mc/controller_main/dqs_state[1]~FF|D  
Launch Clock  : tdqss_clk (RISE)                                                                                                      
Capture Clock : tdqss_clk (RISE)                                                                                                      
Slack         : 0.097 (arrival time - required time)                                                                                  
Delay         : 0.095                                                                                                                 

Logic Level             : 1
Non-global nets on path : 1
Global nets on path     : 0

Launch Clock Path Delay        : 1.194
+ Clock To Q + Data Path Delay : 0.167
--------------------------------------
End-of-path arrival time       : 1.361

Constraint                     : 0.000
+ Capture Clock Path Delay     : 1.194
+ Clock Uncertainty            : 0.070
--------------------------------------
End-of-path required time      : 1.264

Launch Clock Path
                                                         name                                                           model name   delay (ns)  cumulative delay (ns) pins on net    location
================================================================================================================================================================================================
tdqss_clk                                                                                                                 inpad        0.000             0.000               0        (110,0) 
tdqss_clk                                                                                                                 inpad        0.070             0.070             124        (110,0) 
tdqss_clk                                                                                                                 net          1.124             1.194             124        (110,0) 
   Routing elements:
      Manhattan distance of X:72, Y:66
ddr3_ctl_axi/u_efx_ddr3_soft_controller/genblk1.inst_ddr3_axi/inst_efx_ddr3/top_mc/controller_main/dqs_state[0]~FF|CLK    ff           0.000             1.194             124        (182,66)

Data Path
                                                        name                                                          model name   delay (ns)  cumulative delay (ns) pins on net    location
==============================================================================================================================================================================================
ddr3_ctl_axi/u_efx_ddr3_soft_controller/genblk1.inst_ddr3_axi/inst_efx_ddr3/top_mc/controller_main/dqs_state[0]~FF|Q     ff          0.072             0.072              5         (182,66)
ddr3_ctl_axi/u_efx_ddr3_soft_controller/genblk1.inst_ddr3_axi/inst_efx_ddr3/top_mc/controller_main/dqs_state[0]          net         0.061             0.133              5         (182,66)
   Routing elements:
      Manhattan distance of X:0, Y:2
LUT__18451|in[0]                                                                                                         lut         0.034             0.167              5         (182,64)
LUT__18451|out                                                                                                           lut         0.000             0.167              2         (182,64)
ddr3_ctl_axi/u_efx_ddr3_soft_controller/genblk1.inst_ddr3_axi/inst_efx_ddr3/top_mc/controller_main/dqs_state[1]~FF|D     ff          0.000             0.167              2         (182,64)

Capture Clock Path
                                                         name                                                           model name   delay (ns)  cumulative delay (ns) pins on net    location
================================================================================================================================================================================================
tdqss_clk                                                                                                                 inpad        0.000             0.000               0        (110,0) 
tdqss_clk                                                                                                                 inpad        0.070             0.070             124        (110,0) 
tdqss_clk                                                                                                                 net          1.124             1.194             124        (110,0) 
   Routing elements:
      Manhattan distance of X:72, Y:64
ddr3_ctl_axi/u_efx_ddr3_soft_controller/genblk1.inst_ddr3_axi/inst_efx_ddr3/top_mc/controller_main/dqs_state[1]~FF|CLK    ff           0.000             1.194             124        (182,64)

################################################################################
Path Detail Report (tdqss_clk vs core_clk)
################################################################################


++++ Path 1 ++++++++++++++++++++++++++++++++++++++++++++++++++++++++++++++++++++

Path Begin    : ddr3_ctl_axi/u_efx_ddr3_soft_controller/genblk1.inst_ddr3_axi/inst_efx_ddr3/top_mc/ac_fifo/popCC_popPtrGray[0]~FF|CLK              
Path End      : ddr3_ctl_axi/u_efx_ddr3_soft_controller/genblk1.inst_ddr3_axi/inst_efx_ddr3/top_mc/ac_fifo/popToPushGray_buffercc/buffers_0[0]~FF|D
Launch Clock  : tdqss_clk (RISE)                                                                                                                   
Capture Clock : core_clk (RISE)                                                                                                                    
Slack         : 0.151 (arrival time - required time)                                                                                               
Delay         : 0.112                                                                                                                              

Logic Level             : 0
Non-global nets on path : 1
Global nets on path     : 0

Launch Clock Path Delay        : 1.194
+ Clock To Q + Data Path Delay : 0.184
--------------------------------------
End-of-path arrival time       : 1.378

Constraint                     : 0.000
+ Capture Clock Path Delay     : 1.157
+ Clock Uncertainty            : 0.070
--------------------------------------
End-of-path required time      : 1.227

Launch Clock Path
                                                        name                                                           model name   delay (ns)  cumulative delay (ns) pins on net    location
===============================================================================================================================================================================================
tdqss_clk                                                                                                                inpad        0.000             0.000               0        (110,0) 
tdqss_clk                                                                                                                inpad        0.070             0.070             124        (110,0) 
tdqss_clk                                                                                                                net          1.124             1.194             124        (110,0) 
   Routing elements:
      Manhattan distance of X:63, Y:58
ddr3_ctl_axi/u_efx_ddr3_soft_controller/genblk1.inst_ddr3_axi/inst_efx_ddr3/top_mc/ac_fifo/popCC_popPtrGray[0]~FF|CLK    ff           0.000             1.194             124        (173,58)

Data Path
                                                               name                                                                  model name   delay (ns)  cumulative delay (ns) pins on net    location
=============================================================================================================================================================================================================
ddr3_ctl_axi/u_efx_ddr3_soft_controller/genblk1.inst_ddr3_axi/inst_efx_ddr3/top_mc/ac_fifo/popCC_popPtrGray[0]~FF|Q                     ff          0.072             0.072              3         (173,58)
ddr3_ctl_axi/u_efx_ddr3_soft_controller/genblk1.inst_ddr3_axi/inst_efx_ddr3/top_mc/ac_fifo/popCC_popPtrGray[0]                          net         0.112             0.184              3         (173,58)
   Routing elements:
      Manhattan distance of X:0, Y:5
ddr3_ctl_axi/u_efx_ddr3_soft_controller/genblk1.inst_ddr3_axi/inst_efx_ddr3/top_mc/ac_fifo/popToPushGray_buffercc/buffers_0[0]~FF|D     ff          0.000             0.184              3         (173,53)

Capture Clock Path
                                                                name                                                                   model name   delay (ns)  cumulative delay (ns) pins on net    location
===============================================================================================================================================================================================================
core_clk                                                                                                                                 inpad        0.000             0.000               0       (219,164)
core_clk                                                                                                                                 inpad        0.070             0.070             727       (219,164)
core_clk                                                                                                                                 net          1.087             1.157             727       (219,164)
   Routing elements:
      Manhattan distance of X:46, Y:111
ddr3_ctl_axi/u_efx_ddr3_soft_controller/genblk1.inst_ddr3_axi/inst_efx_ddr3/top_mc/ac_fifo/popToPushGray_buffercc/buffers_0[0]~FF|CLK    ff           0.000             1.157             727       (173,53) 

################################################################################
Path Detail Report (core_clk vs tdqss_clk)
################################################################################


++++ Path 1 ++++++++++++++++++++++++++++++++++++++++++++++++++++++++++++++++++++

Path Begin    : ddr3_ctl_axi/u_efx_ddr3_soft_controller/genblk1.inst_ddr3_axi/inst_efx_ddr3/top_mc/ac_fifo/pushCC_pushPtrGray[0]~FF|CLK            
Path End      : ddr3_ctl_axi/u_efx_ddr3_soft_controller/genblk1.inst_ddr3_axi/inst_efx_ddr3/top_mc/ac_fifo/pushToPopGray_buffercc/buffers_0[0]~FF|D
Launch Clock  : core_clk (RISE)                                                                                                                    
Capture Clock : tdqss_clk (RISE)                                                                                                                   
Slack         : 0.079 (arrival time - required time)                                                                                               
Delay         : 0.114                                                                                                                              

Logic Level             : 0
Non-global nets on path : 1
Global nets on path     : 0

Launch Clock Path Delay        : 1.157
+ Clock To Q + Data Path Delay : 0.186
--------------------------------------
End-of-path arrival time       : 1.343

Constraint                     : 0.000
+ Capture Clock Path Delay     : 1.194
+ Clock Uncertainty            : 0.070
--------------------------------------
End-of-path required time      : 1.264

Launch Clock Path
                                                         name                                                            model name   delay (ns)  cumulative delay (ns) pins on net    location
=================================================================================================================================================================================================
core_clk                                                                                                                   inpad        0.000             0.000               0       (219,164)
core_clk                                                                                                                   inpad        0.070             0.070             727       (219,164)
core_clk                                                                                                                   net          1.087             1.157             727       (219,164)
   Routing elements:
      Manhattan distance of X:45, Y:97
ddr3_ctl_axi/u_efx_ddr3_soft_controller/genblk1.inst_ddr3_axi/inst_efx_ddr3/top_mc/ac_fifo/pushCC_pushPtrGray[0]~FF|CLK    ff           0.000             1.157             727       (174,67) 

Data Path
                                                               name                                                                  model name   delay (ns)  cumulative delay (ns) pins on net    location
=============================================================================================================================================================================================================
ddr3_ctl_axi/u_efx_ddr3_soft_controller/genblk1.inst_ddr3_axi/inst_efx_ddr3/top_mc/ac_fifo/pushCC_pushPtrGray[0]~FF|Q                   ff          0.072             0.072              3         (174,67)
ddr3_ctl_axi/u_efx_ddr3_soft_controller/genblk1.inst_ddr3_axi/inst_efx_ddr3/top_mc/ac_fifo/pushCC_pushPtrGray[0]                        net         0.114             0.186              3         (174,67)
   Routing elements:
      Manhattan distance of X:5, Y:0
ddr3_ctl_axi/u_efx_ddr3_soft_controller/genblk1.inst_ddr3_axi/inst_efx_ddr3/top_mc/ac_fifo/pushToPopGray_buffercc/buffers_0[0]~FF|D     ff          0.000             0.186              3         (179,67)

Capture Clock Path
                                                                name                                                                   model name   delay (ns)  cumulative delay (ns) pins on net    location
===============================================================================================================================================================================================================
tdqss_clk                                                                                                                                inpad        0.000             0.000               0        (110,0) 
tdqss_clk                                                                                                                                inpad        0.070             0.070             124        (110,0) 
tdqss_clk                                                                                                                                net          1.124             1.194             124        (110,0) 
   Routing elements:
      Manhattan distance of X:69, Y:67
ddr3_ctl_axi/u_efx_ddr3_soft_controller/genblk1.inst_ddr3_axi/inst_efx_ddr3/top_mc/ac_fifo/pushToPopGray_buffercc/buffers_0[0]~FF|CLK    ff           0.000             1.194             124        (179,67)

################################################################################
Path Detail Report (core_clk vs core_clk)
################################################################################


++++ Path 1 ++++++++++++++++++++++++++++++++++++++++++++++++++++++++++++++++++++

Path Begin    : ddr3_ctl_axi/u_efx_ddr3_soft_controller/genblk1.inst_ddr3_axi/inst_efx_ddr3/top_mc/i_phy_ddrA_addr[0]~FF|CLK 
Path End      : ddr3_ctl_axi/u_efx_ddr3_soft_controller/genblk1.inst_ddr3_axi/inst_efx_ddr3/top_mc/ac_fifo/ram__D$12|WDATA[7]
Launch Clock  : core_clk (RISE)                                                                                              
Capture Clock : core_clk (RISE)                                                                                              
Slack         : 0.028 (arrival time - required time)                                                                         
Delay         : 0.137                                                                                                        

Logic Level             : 0
Non-global nets on path : 1
Global nets on path     : 0

Launch Clock Path Delay        : 1.157
+ Clock To Q + Data Path Delay : 0.098
--------------------------------------
End-of-path arrival time       : 1.255

Constraint                     : 0.000
+ Capture Clock Path Delay     : 1.157
+ Clock Uncertainty            : 0.070
--------------------------------------
End-of-path required time      : 1.227

Launch Clock Path
                                                    name                                                      model name   delay (ns)  cumulative delay (ns) pins on net    location
======================================================================================================================================================================================
core_clk                                                                                                        inpad        0.000             0.000               0       (219,164)
core_clk                                                                                                        inpad        0.070             0.070             727       (219,164)
core_clk                                                                                                        net          1.087             1.157             727       (219,164)
   Routing elements:
      Manhattan distance of X:47, Y:115
ddr3_ctl_axi/u_efx_ddr3_soft_controller/genblk1.inst_ddr3_axi/inst_efx_ddr3/top_mc/i_phy_ddrA_addr[0]~FF|CLK    ff           0.000             1.157             727       (172,49) 

Data Path
                                                    name                                                       model name   delay (ns)  cumulative delay (ns) pins on net    location
=======================================================================================================================================================================================
ddr3_ctl_axi/u_efx_ddr3_soft_controller/genblk1.inst_ddr3_axi/inst_efx_ddr3/top_mc/i_phy_ddrA_addr[0]~FF|Q    ff               0.072            0.072              2         (172,49)
ddr3_ctl_axi/u_efx_ddr3_soft_controller/genblk1.inst_ddr3_axi/inst_efx_ddr3/top_mc/i_phy_ddrA_addr[0]         net              0.137            0.209              2         (172,49)
   Routing elements:
      Manhattan distance of X:1, Y:7
ddr3_ctl_axi/u_efx_ddr3_soft_controller/genblk1.inst_ddr3_axi/inst_efx_ddr3/top_mc/ac_fifo/ram__D$12|WDATA[7] ram_8192x20     -0.111            0.098              2         (171,42)

Capture Clock Path
                                                  name                                                     model name   delay (ns)  cumulative delay (ns) pins on net    location
===================================================================================================================================================================================
core_clk                                                                                                  inpad           0.000             0.000               0       (219,164)
core_clk                                                                                                  inpad           0.070             0.070             727       (219,164)
core_clk                                                                                                  net             1.087             1.157             727       (219,164)
   Routing elements:
      Manhattan distance of X:48, Y:122
ddr3_ctl_axi/u_efx_ddr3_soft_controller/genblk1.inst_ddr3_axi/inst_efx_ddr3/top_mc/ac_fifo/ram__D$12|WCLK ram_8192x20     0.000             1.157             727       (171,42) 

################################################################################
Path Detail Report (core_clk vs tac_clk)
################################################################################


++++ Path 1 ++++++++++++++++++++++++++++++++++++++++++++++++++++++++++++++++++++

Path Begin    : ddr3_ctl_axi/u_efx_ddr3_soft_controller/genblk1.inst_ddr3_axi/inst_efx_ddr3/top_mc/fifo_rdpush/popCC_popPtrGray[4]~FF|CLK              
Path End      : ddr3_ctl_axi/u_efx_ddr3_soft_controller/genblk1.inst_ddr3_axi/inst_efx_ddr3/top_mc/fifo_rdpush/popToPushGray_buffercc/buffers_0[4]~FF|D
Launch Clock  : core_clk (RISE)                                                                                                                        
Capture Clock : tac_clk (RISE)                                                                                                                         
Slack         : 0.072 (arrival time - required time)                                                                                                   
Delay         : 0.116                                                                                                                                  

Logic Level             : 0
Non-global nets on path : 1
Global nets on path     : 0

Launch Clock Path Delay        : 1.157
+ Clock To Q + Data Path Delay : 0.188
--------------------------------------
End-of-path arrival time       : 1.345

Constraint                     : 0.000
+ Capture Clock Path Delay     : 1.203
+ Clock Uncertainty            : 0.070
--------------------------------------
End-of-path required time      : 1.273

Launch Clock Path
                                                          name                                                             model name   delay (ns)  cumulative delay (ns) pins on net    location
===================================================================================================================================================================================================
core_clk                                                                                                                     inpad        0.000             0.000               0       (219,164)
core_clk                                                                                                                     inpad        0.070             0.070             727       (219,164)
core_clk                                                                                                                     net          1.087             1.157             727       (219,164)
   Routing elements:
      Manhattan distance of X:82, Y:119
ddr3_ctl_axi/u_efx_ddr3_soft_controller/genblk1.inst_ddr3_axi/inst_efx_ddr3/top_mc/fifo_rdpush/popCC_popPtrGray[4]~FF|CLK    ff           0.000             1.157             727       (137,45) 

Data Path
                                                                 name                                                                    model name   delay (ns)  cumulative delay (ns) pins on net    location
=================================================================================================================================================================================================================
ddr3_ctl_axi/u_efx_ddr3_soft_controller/genblk1.inst_ddr3_axi/inst_efx_ddr3/top_mc/fifo_rdpush/popCC_popPtrGray[4]~FF|Q                     ff          0.072             0.072              3         (137,45)
ddr3_ctl_axi/u_efx_ddr3_soft_controller/genblk1.inst_ddr3_axi/inst_efx_ddr3/top_mc/fifo_rdpush/popCC_popPtrGray[4]                          net         0.116             0.188              3         (137,45)
   Routing elements:
      Manhattan distance of X:0, Y:5
ddr3_ctl_axi/u_efx_ddr3_soft_controller/genblk1.inst_ddr3_axi/inst_efx_ddr3/top_mc/fifo_rdpush/popToPushGray_buffercc/buffers_0[4]~FF|D     ff          0.000             0.188              3         (137,40)

Capture Clock Path
                                                                  name                                                                     model name   delay (ns)  cumulative delay (ns) pins on net    location
===================================================================================================================================================================================================================
tac_clk                                                                                                                                      inpad        0.000             0.000               0        (111,0) 
tac_clk                                                                                                                                      inpad        0.070             0.070             282        (111,0) 
tac_clk                                                                                                                                      net          1.133             1.203             282        (111,0) 
   Routing elements:
      Manhattan distance of X:26, Y:40
ddr3_ctl_axi/u_efx_ddr3_soft_controller/genblk1.inst_ddr3_axi/inst_efx_ddr3/top_mc/fifo_rdpush/popToPushGray_buffercc/buffers_0[4]~FF|CLK    ff           0.000             1.203             282        (137,40)

################################################################################
Path Detail Report (core_clk vs twd_clk)
################################################################################


++++ Path 1 ++++++++++++++++++++++++++++++++++++++++++++++++++++++++++++++++++++

Path Begin    : ddr3_ctl_axi/u_efx_ddr3_soft_controller/genblk1.inst_ddr3_axi/inst_efx_ddr3/top_mc/controller_main/ram_wr_ack_p1~FF|CLK
Path End      : ddr3_ctl_axi/u_efx_ddr3_soft_controller/genblk1.inst_ddr3_axi/inst_efx_ddr3/top_mc/controller_main/get_wr_ack[0]~FF|D  
Launch Clock  : core_clk (RISE)                                                                                                        
Capture Clock : twd_clk (RISE)                                                                                                         
Slack         : 2.024 (arrival time - required time)                                                                                   
Delay         : 0.119                                                                                                                  

Logic Level             : 0
Non-global nets on path : 1
Global nets on path     : 0

Launch Clock Path Delay        : 1.157
+ Clock To Q + Data Path Delay : 0.191
--------------------------------------
End-of-path arrival time       : 1.348

Constraint                     : -1.883
+ Capture Clock Path Delay     :  1.207
+ Clock Uncertainty            :  0.000
---------------------------------------
End-of-path required time      : -0.676

Launch Clock Path
                                                         name                                                            model name   delay (ns)  cumulative delay (ns) pins on net    location
=================================================================================================================================================================================================
core_clk                                                                                                                   inpad        0.000             0.000               0       (219,164)
core_clk                                                                                                                   inpad        0.070             0.070             727       (219,164)
core_clk                                                                                                                   net          1.087             1.157             727       (219,164)
   Routing elements:
      Manhattan distance of X:126, Y:130
ddr3_ctl_axi/u_efx_ddr3_soft_controller/genblk1.inst_ddr3_axi/inst_efx_ddr3/top_mc/controller_main/ram_wr_ack_p1~FF|CLK    ff           0.000             1.157             727       (93,34)  

Data Path
                                                        name                                                           model name   delay (ns)  cumulative delay (ns) pins on net    location
===============================================================================================================================================================================================
ddr3_ctl_axi/u_efx_ddr3_soft_controller/genblk1.inst_ddr3_axi/inst_efx_ddr3/top_mc/controller_main/ram_wr_ack_p1~FF|Q     ff          0.072             0.072              2         (93,34)
ddr3_ctl_axi/u_efx_ddr3_soft_controller/genblk1.inst_ddr3_axi/inst_efx_ddr3/top_mc/controller_main/ram_wr_ack_p1          net         0.119             0.191              2         (93,34)
   Routing elements:
      Manhattan distance of X:5, Y:0
ddr3_ctl_axi/u_efx_ddr3_soft_controller/genblk1.inst_ddr3_axi/inst_efx_ddr3/top_mc/controller_main/get_wr_ack[0]~FF|D     ff          0.000             0.191              2         (98,34)

Capture Clock Path
                                                         name                                                            model name   delay (ns)  cumulative delay (ns) pins on net    location
=================================================================================================================================================================================================
twd_clk                                                                                                                    inpad        0.000             0.000               0       (219,159)
twd_clk                                                                                                                    inpad        0.070             0.070             554       (219,159)
twd_clk                                                                                                                    net          1.137             1.207             554       (219,159)
   Routing elements:
      Manhattan distance of X:121, Y:125
ddr3_ctl_axi/u_efx_ddr3_soft_controller/genblk1.inst_ddr3_axi/inst_efx_ddr3/top_mc/controller_main/get_wr_ack[0]~FF|CLK    ff           0.000             1.207             554       (98,34)  

################################################################################
Path Detail Report (tac_clk vs core_clk)
################################################################################


++++ Path 1 ++++++++++++++++++++++++++++++++++++++++++++++++++++++++++++++++++++

Path Begin    : ddr3_ctl_axi/u_efx_ddr3_soft_controller/genblk1.inst_ddr3_axi/inst_efx_ddr3/top_mc/fifo_rdpush/pushCC_pushPtrGray[0]~FF|CLK            
Path End      : ddr3_ctl_axi/u_efx_ddr3_soft_controller/genblk1.inst_ddr3_axi/inst_efx_ddr3/top_mc/fifo_rdpush/pushToPopGray_buffercc/buffers_0[0]~FF|D
Launch Clock  : tac_clk (RISE)                                                                                                                         
Capture Clock : core_clk (RISE)                                                                                                                        
Slack         : 0.159 (arrival time - required time)                                                                                                   
Delay         : 0.111                                                                                                                                  

Logic Level             : 0
Non-global nets on path : 1
Global nets on path     : 0

Launch Clock Path Delay        : 1.203
+ Clock To Q + Data Path Delay : 0.183
--------------------------------------
End-of-path arrival time       : 1.386

Constraint                     : 0.000
+ Capture Clock Path Delay     : 1.157
+ Clock Uncertainty            : 0.070
--------------------------------------
End-of-path required time      : 1.227

Launch Clock Path
                                                           name                                                              model name   delay (ns)  cumulative delay (ns) pins on net    location
=====================================================================================================================================================================================================
tac_clk                                                                                                                        inpad        0.000             0.000               0        (111,0) 
tac_clk                                                                                                                        inpad        0.070             0.070             282        (111,0) 
tac_clk                                                                                                                        net          1.133             1.203             282        (111,0) 
   Routing elements:
      Manhattan distance of X:31, Y:55
ddr3_ctl_axi/u_efx_ddr3_soft_controller/genblk1.inst_ddr3_axi/inst_efx_ddr3/top_mc/fifo_rdpush/pushCC_pushPtrGray[0]~FF|CLK    ff           0.000             1.203             282        (142,55)

Data Path
                                                                 name                                                                    model name   delay (ns)  cumulative delay (ns) pins on net    location
=================================================================================================================================================================================================================
ddr3_ctl_axi/u_efx_ddr3_soft_controller/genblk1.inst_ddr3_axi/inst_efx_ddr3/top_mc/fifo_rdpush/pushCC_pushPtrGray[0]~FF|Q                   ff          0.072             0.072              3         (142,55)
ddr3_ctl_axi/u_efx_ddr3_soft_controller/genblk1.inst_ddr3_axi/inst_efx_ddr3/top_mc/fifo_rdpush/pushCC_pushPtrGray[0]                        net         0.111             0.183              3         (142,55)
   Routing elements:
      Manhattan distance of X:0, Y:5
ddr3_ctl_axi/u_efx_ddr3_soft_controller/genblk1.inst_ddr3_axi/inst_efx_ddr3/top_mc/fifo_rdpush/pushToPopGray_buffercc/buffers_0[0]~FF|D     ff          0.000             0.183              3         (142,50)

Capture Clock Path
                                                                  name                                                                     model name   delay (ns)  cumulative delay (ns) pins on net    location
===================================================================================================================================================================================================================
core_clk                                                                                                                                     inpad        0.000             0.000               0       (219,164)
core_clk                                                                                                                                     inpad        0.070             0.070             727       (219,164)
core_clk                                                                                                                                     net          1.087             1.157             727       (219,164)
   Routing elements:
      Manhattan distance of X:77, Y:114
ddr3_ctl_axi/u_efx_ddr3_soft_controller/genblk1.inst_ddr3_axi/inst_efx_ddr3/top_mc/fifo_rdpush/pushToPopGray_buffercc/buffers_0[0]~FF|CLK    ff           0.000             1.157             727       (142,50) 

################################################################################
Path Detail Report (tac_clk vs tac_clk)
################################################################################


++++ Path 1 ++++++++++++++++++++++++++++++++++++++++++++++++++++++++++++++++++++

Path Begin    : ddr3_ctl_axi/u_efx_ddr3_soft_controller/genblk1.inst_ddr3_axi/inst_efx_ddr3/top_mc/w_rd_fifo_wr_data[50]~FF|CLK
Path End      : ddr3_ctl_axi/u_efx_ddr3_soft_controller/genblk1.inst_ddr3_axi/inst_efx_ddr3/top_mc/fifo_rd/ram__D$c12|WDATA[12]
Launch Clock  : tac_clk (RISE)                                                                                                 
Capture Clock : tac_clk (RISE)                                                                                                 
Slack         : 0.027 (arrival time - required time)                                                                           
Delay         : 0.136                                                                                                          

Logic Level             : 0
Non-global nets on path : 1
Global nets on path     : 0

Launch Clock Path Delay        : 1.203
+ Clock To Q + Data Path Delay : 0.097
--------------------------------------
End-of-path arrival time       : 1.300

Constraint                     : 0.000
+ Capture Clock Path Delay     : 1.203
+ Clock Uncertainty            : 0.070
--------------------------------------
End-of-path required time      : 1.273

Launch Clock Path
                                                     name                                                        model name   delay (ns)  cumulative delay (ns) pins on net    location
=========================================================================================================================================================================================
tac_clk                                                                                                            inpad        0.000             0.000               0        (111,0) 
tac_clk                                                                                                            inpad        0.070             0.070             282        (111,0) 
tac_clk                                                                                                            net          1.133             1.203             282        (111,0) 
   Routing elements:
      Manhattan distance of X:34, Y:14
ddr3_ctl_axi/u_efx_ddr3_soft_controller/genblk1.inst_ddr3_axi/inst_efx_ddr3/top_mc/w_rd_fifo_wr_data[50]~FF|CLK    ff           0.000             1.203             282        (145,14)

Data Path
                                                     name                                                        model name   delay (ns)  cumulative delay (ns) pins on net    location
=========================================================================================================================================================================================
ddr3_ctl_axi/u_efx_ddr3_soft_controller/genblk1.inst_ddr3_axi/inst_efx_ddr3/top_mc/w_rd_fifo_wr_data[50]~FF|Q   ff               0.072            0.072              3         (145,14)
ddr3_ctl_axi/u_efx_ddr3_soft_controller/genblk1.inst_ddr3_axi/inst_efx_ddr3/top_mc/w_rd_fifo_wr_data[50]        net              0.136            0.208              3         (145,14)
   Routing elements:
      Manhattan distance of X:2, Y:12
ddr3_ctl_axi/u_efx_ddr3_soft_controller/genblk1.inst_ddr3_axi/inst_efx_ddr3/top_mc/fifo_rd/ram__D$c12|WDATA[12] ram_8192x20     -0.111            0.097              3         (147,2) 

Capture Clock Path
                                                   name                                                     model name   delay (ns)  cumulative delay (ns) pins on net    location
====================================================================================================================================================================================
tac_clk                                                                                                    inpad           0.000             0.000               0        (111,0)
tac_clk                                                                                                    inpad           0.070             0.070             282        (111,0)
tac_clk                                                                                                    net             1.133             1.203             282        (111,0)
   Routing elements:
      Manhattan distance of X:36, Y:2
ddr3_ctl_axi/u_efx_ddr3_soft_controller/genblk1.inst_ddr3_axi/inst_efx_ddr3/top_mc/fifo_rd/ram__D$c12|WCLK ram_8192x20     0.000             1.203             282        (147,2)

################################################################################
Path Detail Report (twd_clk vs twd_clk)
################################################################################


++++ Path 1 ++++++++++++++++++++++++++++++++++++++++++++++++++++++++++++++++++++

Path Begin    : ddr3_ctl_axi/u_efx_ddr3_soft_controller/genblk1.inst_ddr3_axi/inst_efx_ddr3/top_mc/controller_main/dffrs_3976/i93_2|CLK     
Path End      : ddr3_ctl_axi/u_efx_ddr3_soft_controller/genblk1.inst_ddr3_axi/inst_efx_ddr3/top_mc/controller_main/wr_data_buf_p[8][92]~FF|D
Launch Clock  : twd_clk (RISE)                                                                                                              
Capture Clock : twd_clk (RISE)                                                                                                              
Slack         : 0.071 (arrival time - required time)                                                                                        
Delay         : 0.069                                                                                                                       

Logic Level             : 1
Non-global nets on path : 1
Global nets on path     : 0

Launch Clock Path Delay        : 1.207
+ Clock To Q + Data Path Delay : 0.141
--------------------------------------
End-of-path arrival time       : 1.348

Constraint                     : 0.000
+ Capture Clock Path Delay     : 1.207
+ Clock Uncertainty            : 0.070
--------------------------------------
End-of-path required time      : 1.277

Launch Clock Path
                                                         name                                                            model name   delay (ns)  cumulative delay (ns) pins on net    location
=================================================================================================================================================================================================
twd_clk                                                                                                                    inpad        0.000             0.000               0       (219,159)
twd_clk                                                                                                                    inpad        0.070             0.070             554       (219,159)
twd_clk                                                                                                                    net          1.137             1.207             554       (219,159)
   Routing elements:
      Manhattan distance of X:135, Y:129
ddr3_ctl_axi/u_efx_ddr3_soft_controller/genblk1.inst_ddr3_axi/inst_efx_ddr3/top_mc/controller_main/dffrs_3976/i93_2|CLK    srl8         0.000             1.207             554       (84,30)  

Data Path
                                                            name                                                              model name   delay (ns)  cumulative delay (ns) pins on net    location
======================================================================================================================================================================================================
ddr3_ctl_axi/u_efx_ddr3_soft_controller/genblk1.inst_ddr3_axi/inst_efx_ddr3/top_mc/controller_main/dffrs_3976/i93_2|Q            srl8        0.072             0.072              2         (84,30)
ddr3_ctl_axi/u_efx_ddr3_soft_controller/genblk1.inst_ddr3_axi/inst_efx_ddr3/top_mc/controller_main/dffrs_3976/i93_pre            net         0.034             0.106              2         (84,30)
   Routing elements:
      Manhattan distance of X:0, Y:1
LUT__18264|in[0]                                                                                                                 lut         0.035             0.141              2         (84,29)
LUT__18264|out                                                                                                                   lut         0.000             0.141              2         (84,29)
ddr3_ctl_axi/u_efx_ddr3_soft_controller/genblk1.inst_ddr3_axi/inst_efx_ddr3/top_mc/controller_main/wr_data_buf_p[8][92]~FF|D     ff          0.000             0.141              2         (84,29)

Capture Clock Path
                                                             name                                                               model name   delay (ns)  cumulative delay (ns) pins on net    location
========================================================================================================================================================================================================
twd_clk                                                                                                                           inpad        0.000             0.000               0       (219,159)
twd_clk                                                                                                                           inpad        0.070             0.070             554       (219,159)
twd_clk                                                                                                                           net          1.137             1.207             554       (219,159)
   Routing elements:
      Manhattan distance of X:135, Y:130
ddr3_ctl_axi/u_efx_ddr3_soft_controller/genblk1.inst_ddr3_axi/inst_efx_ddr3/top_mc/controller_main/wr_data_buf_p[8][92]~FF|CLK    ff           0.000             1.207             554       (84,29)  

################################################################################
Path Detail Report (clk_sys vs clk_sys)
################################################################################


++++ Path 1 ++++++++++++++++++++++++++++++++++++++++++++++++++++++++++++++++++++

Path Begin    : u_axi4_ctrl/rfifo_wdata[22]~FF|CLK                                                    
Path End      : u_axi4_ctrl/Gen_RFIFO_16.u_R0_FIFO_16/u_efx_fifo_top/xefx_fifo_ram/ram__D$c12|WDATA[5]
Launch Clock  : clk_sys (RISE)                                                                        
Capture Clock : clk_sys (RISE)                                                                        
Slack         : 0.030 (arrival time - required time)                                                  
Delay         : 0.139                                                                                 

Logic Level             : 0
Non-global nets on path : 1
Global nets on path     : 0

Launch Clock Path Delay        : 1.189
+ Clock To Q + Data Path Delay : 0.100
--------------------------------------
End-of-path arrival time       : 1.289

Constraint                     : 0.000
+ Capture Clock Path Delay     : 1.189
+ Clock Uncertainty            : 0.070
--------------------------------------
End-of-path required time      : 1.259

Launch Clock Path
               name                 model name   delay (ns)  cumulative delay (ns) pins on net    location
============================================================================================================
clk_sys                               inpad        0.000             0.000                0       (0,162) 
clk_sys                               inpad        0.070             0.070             1505       (0,162) 
clk_sys                               net          1.119             1.189             1505       (0,162) 
   Routing elements:
      Manhattan distance of X:121, Y:115
u_axi4_ctrl/rfifo_wdata[22]~FF|CLK    ff           0.000             1.189             1505       (121,47)

Data Path
                                         name                                           model name   delay (ns)  cumulative delay (ns) pins on net    location
================================================================================================================================================================
u_axi4_ctrl/rfifo_wdata[22]~FF|Q                                                       ff               0.072            0.072              2         (121,47)
u_axi4_ctrl/rfifo_wdata[22]                                                            net              0.139            0.211              2         (121,47)
   Routing elements:
      Manhattan distance of X:4, Y:5
u_axi4_ctrl/Gen_RFIFO_16.u_R0_FIFO_16/u_efx_fifo_top/xefx_fifo_ram/ram__D$c12|WDATA[5] ram_8192x20     -0.111            0.100              2         (117,42)

Capture Clock Path
                                       name                                         model name   delay (ns)  cumulative delay (ns) pins on net    location
============================================================================================================================================================
clk_sys                                                                            inpad           0.000             0.000                0       (0,162) 
clk_sys                                                                            inpad           0.070             0.070             1505       (0,162) 
clk_sys                                                                            net             1.119             1.189             1505       (0,162) 
   Routing elements:
      Manhattan distance of X:117, Y:120
u_axi4_ctrl/Gen_RFIFO_16.u_R0_FIFO_16/u_efx_fifo_top/xefx_fifo_ram/ram__D$c12|WCLK ram_8192x20     0.000             1.189             1505       (117,42)

################################################################################
Path Detail Report (clk_pixel vs clk_pixel)
################################################################################


++++ Path 1 ++++++++++++++++++++++++++++++++++++++++++++++++++++++++++++++++++++

Path Begin    : u_lcd_driver/r_lcd_rgb[20]~FF|CLK   
Path End      : hdmi_txd2_o[4]~FF|D                 
Launch Clock  : clk_pixel (RISE)                    
Capture Clock : clk_pixel (RISE)                    
Slack         : 0.081 (arrival time - required time)
Delay         : 0.098                               

Logic Level             : 1
Non-global nets on path : 1
Global nets on path     : 0

Launch Clock Path Delay        : 1.311
+ Clock To Q + Data Path Delay : 0.151
--------------------------------------
End-of-path arrival time       : 1.462

Constraint                     : 0.000
+ Capture Clock Path Delay     : 1.311
+ Clock Uncertainty            : 0.070
--------------------------------------
End-of-path required time      : 1.381

Launch Clock Path
              name                 model name   delay (ns)  cumulative delay (ns) pins on net    location
===========================================================================================================
clk_pixel                            inpad        0.000             0.000               0        (0,159) 
clk_pixel                            inpad        0.070             0.070             167        (0,159) 
clk_pixel                            net          1.241             1.311             167        (0,159) 
   Routing elements:
      Manhattan distance of X:35, Y:145
u_lcd_driver/r_lcd_rgb[20]~FF|CLK    ff           0.000             1.311             167        (35,304)

Data Path
             name                model name   delay (ns)  cumulative delay (ns) pins on net    location
=========================================================================================================
u_lcd_driver/r_lcd_rgb[20]~FF|Q     ff           0.072            0.072              12        (35,304)
u_lcd_driver/r_lcd_rgb[20]          net          0.064            0.136              12        (35,304)
   Routing elements:
      Manhattan distance of X:0, Y:4
LUT__20275|in[2]                    lut          0.034            0.170              12        (35,308)
LUT__20275|out                      lut          0.000            0.170               2        (35,308)
hdmi_txd2_o[4]~FF|D                 ff          -0.019            0.151               2        (35,308)

Capture Clock Path
        name           model name   delay (ns)  cumulative delay (ns) pins on net    location
===============================================================================================
clk_pixel                inpad        0.000             0.000               0        (0,159) 
clk_pixel                inpad        0.070             0.070             167        (0,159) 
clk_pixel                net          1.241             1.311             167        (0,159) 
   Routing elements:
      Manhattan distance of X:35, Y:149
hdmi_txd2_o[4]~FF|CLK    ff           0.000             1.311             167        (35,308)

################################################################################
Path Detail Report (cmos_pclk vs cmos_pclk)
################################################################################


++++ Path 1 ++++++++++++++++++++++++++++++++++++++++++++++++++++++++++++++++++++

Path Begin    : cmos_data[1]                        
Path End      : XYCrop_frame_Gray[1]~FF|D           
Launch Clock  : cmos_pclk (FALL)                    
Capture Clock : cmos_pclk (RISE)                    
Slack         : 5.531 (arrival time - required time)
Delay         : 0.440                               

Logic Level             : 0
Non-global nets on path : 1
Global nets on path     : 0

Launch Clock Path Delay        : 1.166
+ Clock To Q + Data Path Delay : 0.345
+ Input Delay                  : 0.961
--------------------------------------
End-of-path arrival time       : 2.472

Constraint                     : -5.000
+ Capture Clock Path Delay     :  1.871
+ Clock Uncertainty            :  0.070
---------------------------------------
End-of-path required time      : -3.059

Launch Clock Path
        name          model name   delay (ns)  cumulative delay (ns) pins on net    location
==============================================================================================
cmos_pclk               inpad        0.000             0.000               0       (111,323)
cmos_pclk               inpad        0.070             0.070             117       (111,323)
cmos_pclk               net          1.068             1.138             117       (111,323)
   Routing elements:
      Manhattan distance of X:105, Y:323
cmos_pclk~CLKOUT~6~1    outpad       0.028             1.166             117       (6,0)    
cmos_pclk~CLKOUT~6~1    outpad       0.000             1.166               0       (6,0)    

Data Path
          name             model name   delay (ns)  cumulative delay (ns) pins on net    location
===================================================================================================
cmos_data[1]                 inpad         0.070            0.070              0         (0,4)  
cmos_data[1]                 inpad         0.000            0.070              2         (0,4)  
cmos_data[1]                 net           0.370            0.440              2         (0,4)  
   Routing elements:
      Manhattan distance of X:47, Y:17
XYCrop_frame_Gray[1]~FF|D    ff           -0.095            0.345              2         (47,21)

Capture Clock Path
           name              model name   delay (ns)  cumulative delay (ns) pins on net    location
=====================================================================================================
cmos_pclk                      inpad        0.000             0.000               0       (111,323)
cmos_pclk                      inpad        0.070             0.070             117       (111,323)
cmos_pclk                      net          1.801             1.871             117       (111,323)
   Routing elements:
      Manhattan distance of X:64, Y:302
XYCrop_frame_Gray[1]~FF|CLK    ff           0.000             1.871             117       (47,21)  

---------- Path Details for Min Critical Paths (end) ---------------

