Efinity Synthesis report for project Ti60_Demo
Version: 2025.1.110.5.9
Generated at: Sep 16, 2026 23:49:45
Copyright (C) 2013 - 2025  All rights reserved.

Top-level Entity Name : example_top

family : Titanium
device : Ti60F225
project : Ti60_Demo
project-xml : D:\yilingsi_fpga\Efinity_Project\Ti60F225_OV5640_Face_Reproduction\Ti60_Demo.xml
root : example_top
I,include : D:\yilingsi_fpga\Efinity_Project\Ti60F225_OV5640_Face_Reproduction\ip\W0_FIFO
I,include : D:\yilingsi_fpga\Efinity_Project\Ti60F225_OV5640_Face_Reproduction\ip\R0_FIFO
I,include : D:\yilingsi_fpga\Efinity_Project\Ti60F225_OV5640_Face_Reproduction\ip\dsi_tx
I,include : D:\yilingsi_fpga\Efinity_Project\Ti60F225_OV5640_Face_Reproduction\ip\csi_rx
I,include : D:\yilingsi_fpga\Efinity_Project\Ti60F225_OV5640_Face_Reproduction\ip\DdrCtrl
I,include : D:\yilingsi_fpga\Efinity_Project\Ti60F225_OV5640_Face_Reproduction\ip\W0_FIFO_8
I,include : D:\yilingsi_fpga\Efinity_Project\Ti60F225_OV5640_Face_Reproduction\ip\W0_FIFO_64
I,include : D:\yilingsi_fpga\Efinity_Project\Ti60F225_OV5640_Face_Reproduction\ip\FIFO_W48R24
I,include : D:\yilingsi_fpga\Efinity_Project\Ti60F225_OV5640_Face_Reproduction\ip\R0_FIFO_8
I,include : D:\yilingsi_fpga\Efinity_Project\Ti60F225_OV5640_Face_Reproduction\ip\R0_FIFO_16
I,include : D:\yilingsi_fpga\Efinity_Project\Ti60F225_OV5640_Face_Reproduction\ip\W0_FIFO_32
I,include : D:\yilingsi_fpga\Efinity_Project\Ti60F225_OV5640_Face_Reproduction\ip\W0_FIFO_16
I,include : D:\yilingsi_fpga\Efinity_Project\Ti60F225_OV5640_Face_Reproduction\ip\BlockRam90x1024
I,include : D:\yilingsi_fpga\Efinity_Project\Ti60F225_OV5640_Face_Reproduction\ip\FIFO36x512
I,include : ip/W0_FIFO
I,include : ip/R0_FIFO
I,include : ip/dsi_tx
I,include : ip/csi_rx
I,include : ip/DdrCtrl
I,include : ip/W0_FIFO_8
I,include : ip/W0_FIFO_64
I,include : ip/FIFO_W48R24
I,include : ip/R0_FIFO_8
I,include : ip/R0_FIFO_16
I,include : ip/W0_FIFO_32
I,include : ip/W0_FIFO_16
I,include : ip/BlockRam90x1024
I,include : ip/FIFO36x512
I,include : ip/FIFO36x512
output-dir : outflow
work-dir : work_syn
write-efx-verilog : outflow\Ti60_Demo.map.v
binary-db : outflow\Ti60_Demo.vdb
insert-ios : 0
insert-gclk : 0
max-carry-cascade : 320
max-dsp-cascade : 16
max_mult : -1
max_ram : -1
seq_opt : 0
mode : speed
veri_options : verilog_mode=verilog_2k,vhdl_mode=vhdl_2008
num_srl : -1
retiming : 0

File List:

D:\yilingsi_fpga\Efinity_Project\Ti60F225_OV5640_Face_Reproduction\ip/W0_FIFO\W0_FIFO.sv
D:\yilingsi_fpga\Efinity_Project\Ti60F225_OV5640_Face_Reproduction\ip/R0_FIFO\R0_FIFO.sv
D:\yilingsi_fpga\Efinity_Project\Ti60F225_OV5640_Face_Reproduction\ip/dsi_tx\dsi_tx.sv
D:\yilingsi_fpga\Efinity_Project\Ti60F225_OV5640_Face_Reproduction\ip/csi_rx\csi_rx.sv
D:\yilingsi_fpga\Efinity_Project\Ti60F225_OV5640_Face_Reproduction\ip/DdrCtrl\DdrCtrl.sv
D:\yilingsi_fpga\Efinity_Project\Ti60F225_OV5640_Face_Reproduction\ip/W0_FIFO_8\W0_FIFO_8.sv
D:\yilingsi_fpga\Efinity_Project\Ti60F225_OV5640_Face_Reproduction\ip/W0_FIFO_64\W0_FIFO_64.sv
D:\yilingsi_fpga\Efinity_Project\Ti60F225_OV5640_Face_Reproduction\ip/FIFO_W48R24\FIFO_W48R24.sv
D:\yilingsi_fpga\Efinity_Project\Ti60F225_OV5640_Face_Reproduction\ip/R0_FIFO_8\R0_FIFO_8.sv
D:\yilingsi_fpga\Efinity_Project\Ti60F225_OV5640_Face_Reproduction\ip/R0_FIFO_16\R0_FIFO_16.v
D:\yilingsi_fpga\Efinity_Project\Ti60F225_OV5640_Face_Reproduction\ip/W0_FIFO_32\W0_FIFO_32.v
D:\yilingsi_fpga\Efinity_Project\Ti60F225_OV5640_Face_Reproduction\ip/W0_FIFO_16\W0_FIFO_16.v
D:\yilingsi_fpga\Efinity_Project\Ti60F225_OV5640_Face_Reproduction\ip/BlockRam90x1024\BlockRam90x1024.v
D:\yilingsi_fpga\Efinity_Project\Ti60F225_OV5640_Face_Reproduction\ip/FIFO36x512\FIFO36x512.sv
D:\yilingsi_fpga\Efinity_Project\Ti60F225_OV5640_Face_Reproduction\example_top.v
D:\yilingsi_fpga\Efinity_Project\Ti60F225_OV5640_Face_Reproduction\src\ddr_rw_ctrl.v
D:\yilingsi_fpga\Efinity_Project\Ti60F225_OV5640_Face_Reproduction\src\cmos_i2c\i2c_timing_ctrl_16bit.v
D:\yilingsi_fpga\Efinity_Project\Ti60F225_OV5640_Face_Reproduction\src\cmos_i2c\CMOS_Capture_RAW_Gray.v
D:\yilingsi_fpga\Efinity_Project\Ti60F225_OV5640_Face_Reproduction\src\cmos_i2c\I2C_MT9M001_Gray_Config.v
D:\yilingsi_fpga\Efinity_Project\Ti60F225_OV5640_Face_Reproduction\src\lcd_para.v
D:\yilingsi_fpga\Efinity_Project\Ti60F225_OV5640_Face_Reproduction\src\lcd_driver.v
D:\yilingsi_fpga\Efinity_Project\Ti60F225_OV5640_Face_Reproduction\src\hdmi_ip\hdmi_tx_ip.v
D:\yilingsi_fpga\Efinity_Project\Ti60F225_OV5640_Face_Reproduction\src\hdmi_ip\encode.v
D:\yilingsi_fpga\Efinity_Project\Ti60F225_OV5640_Face_Reproduction\src\hdmi_ip\serdes_4b_10to1.v
D:\yilingsi_fpga\Efinity_Project\Ti60F225_OV5640_Face_Reproduction\src\cmos_i2c\I2C_SC130GS_12801024_4Lanes_Config.v
D:\yilingsi_fpga\Efinity_Project\Ti60F225_OV5640_Face_Reproduction\src\PWMLite.v
D:\yilingsi_fpga\Efinity_Project\Ti60F225_OV5640_Face_Reproduction\src\lcd_display.v
D:\yilingsi_fpga\Efinity_Project\Ti60F225_OV5640_Face_Reproduction\src\dsi\dsi_init.v
D:\yilingsi_fpga\Efinity_Project\Ti60F225_OV5640_Face_Reproduction\src\Sensor_Image_XYCrop.v
D:\yilingsi_fpga\Efinity_Project\Ti60F225_OV5640_Face_Reproduction\src\cmos_i2c\i2c_timing_ctrl_reg16_dat16.v
D:\yilingsi_fpga\Efinity_Project\Ti60F225_OV5640_Face_Reproduction\src\cmos_i2c\I2C_AR0135_1280720_Config.v
D:\yilingsi_fpga\Efinity_Project\Ti60F225_OV5640_Face_Reproduction\src\axi\AXI4_AWARMux.v
D:\yilingsi_fpga\Efinity_Project\Ti60F225_OV5640_Face_Reproduction\src\lvds\LCDDual2LVDS.v
D:\yilingsi_fpga\Efinity_Project\Ti60F225_OV5640_Face_Reproduction\src\axi\axi4_ctrl.v
D:\yilingsi_fpga\Efinity_Project\Ti60F225_OV5640_Face_Reproduction\src\hdmi_ip\tmds_channel.v
D:\yilingsi_fpga\Efinity_Project\Ti60F225_OV5640_Face_Reproduction\src\hdmi_ip\rgb2dvi.v
D:\yilingsi_fpga\Efinity_Project\Ti60F225_OV5640_Face_Reproduction\src\cmos_i2c\I2C_OV5640_1280720_Config.v
D:\yilingsi_fpga\Efinity_Project\Ti60F225_OV5640_Face_Reproduction\src\face\face_reader_720p.v
D:\yilingsi_fpga\Efinity_Project\Ti60F225_OV5640_Face_Reproduction\src\face\low_pass_realtime.v
D:\yilingsi_fpga\Efinity_Project\Ti60F225_OV5640_Face_Reproduction\src\face\morph_erode3x3_stream.v
D:\yilingsi_fpga\Efinity_Project\Ti60F225_OV5640_Face_Reproduction\src\face\streaming_connected_components.v
D:\yilingsi_fpga\Efinity_Project\Ti60F225_OV5640_Face_Reproduction\src\face\true_ccl.v
D:\yilingsi_fpga\Efinity_Project\Ti60F225_OV5640_Face_Reproduction\src\face\bbox_filter_720p.v
D:\yilingsi_fpga\Efinity_Project\Ti60F225_OV5640_Face_Reproduction\src\face\bbox_overlay.v
D:\yilingsi_fpga\Efinity_Project\Ti60F225_OV5640_Face_Reproduction\src\uart\integer_divider.v
D:\yilingsi_fpga\Efinity_Project\Ti60F225_OV5640_Face_Reproduction\src\uart\uart_receiver.v
D:\yilingsi_fpga\Efinity_Project\Ti60F225_OV5640_Face_Reproduction\src\uart\FPGA_UART_Test.v
D:\yilingsi_fpga\Efinity_Project\Ti60F225_OV5640_Face_Reproduction\src\uart\uart_transfer.v
D:\yilingsi_fpga\Efinity_Project\Ti60F225_OV5640_Face_Reproduction\src\uart\precise_divider.v

### ### Report Section Start ### ###

"MEM|SYN-0677" : ... Memory 'ram' is not initialized, assuming empty initial contents. (D:\yilingsi_fpga\Efinity_Project\Ti60F225_OV5640_Face_Reproduction\ip/DdrCtrl\DdrCtrl.sv:1599)
"MEM|SYN-0677" : ... Memory 'ram' is not initialized, assuming empty initial contents. (D:\yilingsi_fpga\Efinity_Project\Ti60F225_OV5640_Face_Reproduction\ip/DdrCtrl\DdrCtrl.sv:1599)
"MEM|SYN-0677" : ... Memory 'ram' is not initialized, assuming empty initial contents. (D:\yilingsi_fpga\Efinity_Project\Ti60F225_OV5640_Face_Reproduction\ip/DdrCtrl\DdrCtrl.sv:1599)
"MEM|SYN-0677" : ... Memory 'ram' is not initialized, assuming empty initial contents. (D:\yilingsi_fpga\Efinity_Project\Ti60F225_OV5640_Face_Reproduction\ip/DdrCtrl\DdrCtrl.sv:3652)
"MEM|SYN-0677" : ... Memory 'ram' is not initialized, assuming empty initial contents. (D:\yilingsi_fpga\Efinity_Project\Ti60F225_OV5640_Face_Reproduction\ip/DdrCtrl\DdrCtrl.sv:1599)
"MEM|SYN-0677" : ... Memory 'ram' is not initialized, assuming empty initial contents. (D:\yilingsi_fpga\Efinity_Project\Ti60F225_OV5640_Face_Reproduction\ip/DdrCtrl\DdrCtrl.sv:1599)
"MEM|SYN-0677" : ... Memory 'ram' is not initialized, assuming empty initial contents. (D:\yilingsi_fpga\Efinity_Project\Ti60F225_OV5640_Face_Reproduction\ip/DdrCtrl\DdrCtrl.sv:3652)
"MEM|SYN-0677" : ... Memory 'ram' is not initialized, assuming empty initial contents. (D:\yilingsi_fpga\Efinity_Project\Ti60F225_OV5640_Face_Reproduction\ip/W0_FIFO_8\W0_FIFO_8.sv:673)
"MEM|SYN-0677" : ... Memory 'ram' is not initialized, assuming empty initial contents. (D:\yilingsi_fpga\Efinity_Project\Ti60F225_OV5640_Face_Reproduction\ip/R0_FIFO_16\R0_FIFO_16.v:715)
"MEM|SYN-0677" : ... Memory 'mem' is not initialized, assuming empty initial contents. (D:\yilingsi_fpga\Efinity_Project\Ti60F225_OV5640_Face_Reproduction\src\face\low_pass_realtime.v:137)
"MEM|SYN-0677" : ... Memory 'ram' is not initialized, assuming empty initial contents. (D:\yilingsi_fpga\Efinity_Project\Ti60F225_OV5640_Face_Reproduction\ip/FIFO36x512\FIFO36x512.sv:655)
"MEM|SYN-0677" : ... Memory 'min_x_buf0' is not initialized, assuming empty initial contents. (D:\yilingsi_fpga\Efinity_Project\Ti60F225_OV5640_Face_Reproduction\src\face\streaming_connected_components.v:181)
"MEM|SYN-0677" : ... Memory 'max_x_buf0' is not initialized, assuming empty initial contents. (D:\yilingsi_fpga\Efinity_Project\Ti60F225_OV5640_Face_Reproduction\src\face\streaming_connected_components.v:181)
"MEM|SYN-0677" : ... Memory 'min_y_buf0' is not initialized, assuming empty initial contents. (D:\yilingsi_fpga\Efinity_Project\Ti60F225_OV5640_Face_Reproduction\src\face\streaming_connected_components.v:182)
"MEM|SYN-0677" : ... Memory 'max_y_buf0' is not initialized, assuming empty initial contents. (D:\yilingsi_fpga\Efinity_Project\Ti60F225_OV5640_Face_Reproduction\src\face\streaming_connected_components.v:182)
"MEM|SYN-0677" : ... Memory 'area_buf0' is not initialized, assuming empty initial contents. (D:\yilingsi_fpga\Efinity_Project\Ti60F225_OV5640_Face_Reproduction\src\face\streaming_connected_components.v:183)
"MEM|SYN-0677" : ... Memory 'min_x_buf1' is not initialized, assuming empty initial contents. (D:\yilingsi_fpga\Efinity_Project\Ti60F225_OV5640_Face_Reproduction\src\face\streaming_connected_components.v:184)
"MEM|SYN-0677" : ... Memory 'max_x_buf1' is not initialized, assuming empty initial contents. (D:\yilingsi_fpga\Efinity_Project\Ti60F225_OV5640_Face_Reproduction\src\face\streaming_connected_components.v:184)
"MEM|SYN-0677" : ... Memory 'min_y_buf1' is not initialized, assuming empty initial contents. (D:\yilingsi_fpga\Efinity_Project\Ti60F225_OV5640_Face_Reproduction\src\face\streaming_connected_components.v:185)
"MEM|SYN-0677" : ... Memory 'max_y_buf1' is not initialized, assuming empty initial contents. (D:\yilingsi_fpga\Efinity_Project\Ti60F225_OV5640_Face_Reproduction\src\face\streaming_connected_components.v:185)
"MEM|SYN-0677" : ... Memory 'area_buf1' is not initialized, assuming empty initial contents. (D:\yilingsi_fpga\Efinity_Project\Ti60F225_OV5640_Face_Reproduction\src\face\streaming_connected_components.v:186)
"MEM|SYN-0677" : ... Memory 'a_x0' is not initialized, assuming empty initial contents. (D:\yilingsi_fpga\Efinity_Project\Ti60F225_OV5640_Face_Reproduction\src\face\bbox_overlay.v:51)
"MEM|SYN-0677" : ... Memory 'a_x1' is not initialized, assuming empty initial contents. (D:\yilingsi_fpga\Efinity_Project\Ti60F225_OV5640_Face_Reproduction\src\face\bbox_overlay.v:52)
"MEM|SYN-0677" : ... Memory 'a_y0' is not initialized, assuming empty initial contents. (D:\yilingsi_fpga\Efinity_Project\Ti60F225_OV5640_Face_Reproduction\src\face\bbox_overlay.v:53)
"MEM|SYN-0677" : ... Memory 'a_y1' is not initialized, assuming empty initial contents. (D:\yilingsi_fpga\Efinity_Project\Ti60F225_OV5640_Face_Reproduction\src\face\bbox_overlay.v:54)
"MEM|SYN-0677" : ... Memory 'b_x0' is not initialized, assuming empty initial contents. (D:\yilingsi_fpga\Efinity_Project\Ti60F225_OV5640_Face_Reproduction\src\face\bbox_overlay.v:57)
"MEM|SYN-0677" : ... Memory 'b_x1' is not initialized, assuming empty initial contents. (D:\yilingsi_fpga\Efinity_Project\Ti60F225_OV5640_Face_Reproduction\src\face\bbox_overlay.v:58)
"MEM|SYN-0677" : ... Memory 'b_y0' is not initialized, assuming empty initial contents. (D:\yilingsi_fpga\Efinity_Project\Ti60F225_OV5640_Face_Reproduction\src\face\bbox_overlay.v:59)
"MEM|SYN-0677" : ... Memory 'b_y1' is not initialized, assuming empty initial contents. (D:\yilingsi_fpga\Efinity_Project\Ti60F225_OV5640_Face_Reproduction\src\face\bbox_overlay.v:60)
"MOD|OPT-0673" : Instance 'GEN_VTAP_BIN[0].u_vtap_bin' is equivalent to 'u_ld1_3', it will be optimized. (D:\yilingsi_fpga\Efinity_Project\Ti60F225_OV5640_Face_Reproduction\src\face\morph_erode3x3_stream.v:122)
"MOD|OPT-0673" : Instance 'GEN_VTAP_BIN[1].u_vtap_bin' is equivalent to 'u_ld2_3', it will be optimized. (D:\yilingsi_fpga\Efinity_Project\Ti60F225_OV5640_Face_Reproduction\src\face\morph_erode3x3_stream.v:122)
"MEM|SYN-0657" : Mapping into logic memory block 'u_streaming_connected_components/min_x_buf0' (704 bits) (D:\yilingsi_fpga\Efinity_Project\Ti60F225_OV5640_Face_Reproduction\src\face\streaming_connected_components.v:181) because it has async writer.
"MEM|SYN-0657" : Mapping into logic memory block 'u_streaming_connected_components/max_x_buf0' (704 bits) (D:\yilingsi_fpga\Efinity_Project\Ti60F225_OV5640_Face_Reproduction\src\face\streaming_connected_components.v:181) because it has async writer.
"MEM|SYN-0657" : Mapping into logic memory block 'u_streaming_connected_components/min_y_buf0' (640 bits) (D:\yilingsi_fpga\Efinity_Project\Ti60F225_OV5640_Face_Reproduction\src\face\streaming_connected_components.v:182) because it has async writer.
"MEM|SYN-0657" : Mapping into logic memory block 'u_streaming_connected_components/max_y_buf0' (640 bits) (D:\yilingsi_fpga\Efinity_Project\Ti60F225_OV5640_Face_Reproduction\src\face\streaming_connected_components.v:182) because it has async writer.
"MEM|SYN-0657" : Mapping into logic memory block 'u_streaming_connected_components/area_buf0' (1408 bits) (D:\yilingsi_fpga\Efinity_Project\Ti60F225_OV5640_Face_Reproduction\src\face\streaming_connected_components.v:183) because it has async writer.
"MEM|SYN-0657" : Mapping into logic memory block 'u_streaming_connected_components/min_x_buf1' (704 bits) (D:\yilingsi_fpga\Efinity_Project\Ti60F225_OV5640_Face_Reproduction\src\face\streaming_connected_components.v:184) because it has async writer.
"MEM|SYN-0657" : Mapping into logic memory block 'u_streaming_connected_components/max_x_buf1' (704 bits) (D:\yilingsi_fpga\Efinity_Project\Ti60F225_OV5640_Face_Reproduction\src\face\streaming_connected_components.v:184) because it has async writer.
"MEM|SYN-0657" : Mapping into logic memory block 'u_streaming_connected_components/min_y_buf1' (640 bits) (D:\yilingsi_fpga\Efinity_Project\Ti60F225_OV5640_Face_Reproduction\src\face\streaming_connected_components.v:185) because it has async writer.
"MEM|SYN-0657" : Mapping into logic memory block 'u_streaming_connected_components/max_y_buf1' (640 bits) (D:\yilingsi_fpga\Efinity_Project\Ti60F225_OV5640_Face_Reproduction\src\face\streaming_connected_components.v:185) because it has async writer.
"MEM|SYN-0657" : Mapping into logic memory block 'u_streaming_connected_components/area_buf1' (1408 bits) (D:\yilingsi_fpga\Efinity_Project\Ti60F225_OV5640_Face_Reproduction\src\face\streaming_connected_components.v:186) because it has async writer.
"MEM|SYN-0657" : Mapping into logic memory block 'u_bbox_overlay/a_x0' (88 bits) (D:\yilingsi_fpga\Efinity_Project\Ti60F225_OV5640_Face_Reproduction\src\face\bbox_overlay.v:51) because it has async writer.
"MEM|SYN-0657" : Mapping into logic memory block 'u_bbox_overlay/a_x1' (88 bits) (D:\yilingsi_fpga\Efinity_Project\Ti60F225_OV5640_Face_Reproduction\src\face\bbox_overlay.v:52) because it has async writer.
"MEM|SYN-0657" : Mapping into logic memory block 'u_bbox_overlay/a_y0' (80 bits) (D:\yilingsi_fpga\Efinity_Project\Ti60F225_OV5640_Face_Reproduction\src\face\bbox_overlay.v:53) because it has async writer.
"MEM|SYN-0657" : Mapping into logic memory block 'u_bbox_overlay/a_y1' (80 bits) (D:\yilingsi_fpga\Efinity_Project\Ti60F225_OV5640_Face_Reproduction\src\face\bbox_overlay.v:54) because it has async writer.
"MEM|SYN-0657" : Mapping into logic memory block 'u_bbox_overlay/b_x0' (88 bits) (D:\yilingsi_fpga\Efinity_Project\Ti60F225_OV5640_Face_Reproduction\src\face\bbox_overlay.v:57) because it has async writer.
"MEM|SYN-0657" : Mapping into logic memory block 'u_bbox_overlay/b_x1' (88 bits) (D:\yilingsi_fpga\Efinity_Project\Ti60F225_OV5640_Face_Reproduction\src\face\bbox_overlay.v:58) because it has async writer.
"MEM|SYN-0657" : Mapping into logic memory block 'u_bbox_overlay/b_y0' (80 bits) (D:\yilingsi_fpga\Efinity_Project\Ti60F225_OV5640_Face_Reproduction\src\face\bbox_overlay.v:59) because it has async writer.
"MEM|SYN-0657" : Mapping into logic memory block 'u_bbox_overlay/b_y1' (80 bits) (D:\yilingsi_fpga\Efinity_Project\Ti60F225_OV5640_Face_Reproduction\src\face\bbox_overlay.v:60) because it has async writer.

### ### EFX_FF CE enables (begin) ### ### ###
Total number of enable signals: 325
Total number of FFs with enable signals: 11035
CE signal <ceg_net2>, number of controlling flip flops: 11
CE signal <ceg_net4>, number of controlling flip flops: 10
CE signal <ceg_net7>, number of controlling flip flops: 29
CE signal <ceg_net10>, number of controlling flip flops: 29
CE signal <ceg_net12>, number of controlling flip flops: 45
CE signal <ddr3_ctl_axi/u_efx_ddr3_soft_controller/genblk1.inst_ddr3_axi/equal_77/n7>, number of controlling flip flops: 10
CE signal <ddr3_ctl_axi/u_efx_ddr3_soft_controller/genblk1.inst_ddr3_axi/n1230>, number of controlling flip flops: 2
CE signal <ceg_net15>, number of controlling flip flops: 9
CE signal <ceg_net974>, number of controlling flip flops: 16
CE signal <ceg_net717>, number of controlling flip flops: 16
CE signal <w_ddr3_rvalid>, number of controlling flip flops: 16
CE signal <ddr3_ctl_axi/u_efx_ddr3_soft_controller/genblk1.inst_ddr3_axi/inst_arburst_fifo/Fifo_Wr_En>, number of controlling flip flops: 4
CE signal <ceg_net720>, number of controlling flip flops: 6
CE signal <ceg_net723>, number of controlling flip flops: 6
CE signal <n21138>, number of controlling flip flops: 2
CE signal <ceg_net726>, number of controlling flip flops: 6
CE signal <ceg_net729>, number of controlling flip flops: 6
CE signal <ceg_net732>, number of controlling flip flops: 6
CE signal <ddr3_ctl_axi/u_efx_ddr3_soft_controller/genblk1.inst_ddr3_axi/inst_respon_fifo/Fifo_Wr_En>, number of controlling flip flops: 1
CE signal <ceg_net735>, number of controlling flip flops: 6
CE signal <ceg_net738>, number of controlling flip flops: 6
CE signal <ddr3_ctl_axi/u_efx_ddr3_soft_controller/genblk1.inst_ddr3_axi/inst_rd_last_fifo/Fifo_Wr_En>, number of controlling flip flops: 1
CE signal <ceg_net741>, number of controlling flip flops: 6
CE signal <ddr3_ctl_axi/u_efx_ddr3_soft_controller/genblk1.inst_ddr3_axi/inst_respon_len_fifo/Fifo_Wr_En>, number of controlling flip flops: 1
CE signal <ceg_net744>, number of controlling flip flops: 6
CE signal <ceg_net1229>, number of controlling flip flops: 2
CE signal <ceg_net976>, number of controlling flip flops: 2
CE signal <ceg_net59>, number of controlling flip flops: 2
CE signal <ddr3_ctl_axi/u_efx_ddr3_soft_controller/genblk1.inst_ddr3_axi/inst_efx_ddr3/n11146>, number of controlling flip flops: 15
CE signal <ceg_net977>, number of controlling flip flops: 32
CE signal <ceg_net1230>, number of controlling flip flops: 32
CE signal <ceg_net979>, number of controlling flip flops: 1
CE signal <ceg_net980>, number of controlling flip flops: 1
CE signal <ceg_net67>, number of controlling flip flops: 1
CE signal <ceg_net1039>, number of controlling flip flops: 3
CE signal <ddr3_ctl_axi/u_efx_ddr3_soft_controller/genblk1.inst_ddr3_axi/inst_efx_ddr3/n12017>, number of controlling flip flops: 8
CE signal <ceg_net749>, number of controlling flip flops: 3
CE signal <ceg_net564>, number of controlling flip flops: 4
CE signal <ceg_net1042>, number of controlling flip flops: 4
CE signal <ddr3_ctl_axi/u_efx_ddr3_soft_controller/genblk1.inst_ddr3_axi/inst_efx_ddr3/n11875>, number of controlling flip flops: 4
CE signal <ddr3_ctl_axi/u_efx_ddr3_soft_controller/genblk1.inst_ddr3_axi/inst_efx_ddr3/n11204>, number of controlling flip flops: 11
CE signal <ceg_net790>, number of controlling flip flops: 4
CE signal <ddr3_ctl_axi/u_efx_ddr3_soft_controller/genblk1.inst_ddr3_axi/inst_efx_ddr3/top_mc/fifo_ar/_zz_16>, number of controlling flip flops: 13
CE signal <ddr3_ctl_axi/u_efx_ddr3_soft_controller/genblk1.inst_ddr3_axi/inst_efx_ddr3/top_mc/fifo_ar/n212>, number of controlling flip flops: 13
CE signal <ddr3_ctl_axi/u_efx_ddr3_soft_controller/genblk1.inst_ddr3_axi/inst_efx_ddr3/top_mc/fifo_aw/_zz_16>, number of controlling flip flops: 13
CE signal <ddr3_ctl_axi/u_efx_ddr3_soft_controller/genblk1.inst_ddr3_axi/inst_efx_ddr3/top_mc/fifo_aw/n212>, number of controlling flip flops: 13
CE signal <ddr3_ctl_axi/u_efx_ddr3_soft_controller/genblk1.inst_ddr3_axi/inst_efx_ddr3/top_mc/fifo_wr/_zz_16>, number of controlling flip flops: 13
CE signal <ddr3_ctl_axi/u_efx_ddr3_soft_controller/genblk1.inst_ddr3_axi/inst_efx_ddr3/top_mc/fifo_wr/n548>, number of controlling flip flops: 13
CE signal <ddr3_ctl_axi/u_efx_ddr3_soft_controller/genblk1.inst_ddr3_axi/inst_efx_ddr3/top_mc/fifo_rdpush/_zz_16>, number of controlling flip flops: 13
CE signal <ddr3_ctl_axi/u_efx_ddr3_soft_controller/genblk1.inst_ddr3_axi/inst_efx_ddr3/top_mc/fifo_rdpush/io_pop_valid>, number of controlling flip flops: 13
CE signal <ddr3_ctl_axi/u_efx_ddr3_soft_controller/genblk1.inst_ddr3_axi/inst_efx_ddr3/top_mc/fifo_rd/wr_en_int>, number of controlling flip flops: 7
CE signal <ddr3_ctl_axi/u_efx_ddr3_soft_controller/genblk1.inst_ddr3_axi/inst_efx_ddr3/top_mc/fifo_ack/_zz_16>, number of controlling flip flops: 13
CE signal <ddr3_ctl_axi/u_efx_ddr3_soft_controller/genblk1.inst_ddr3_axi/inst_efx_ddr3/top_mc/w_ack_rd_valid>, number of controlling flip flops: 13
CE signal <ddr3_ctl_axi/u_efx_ddr3_soft_controller/genblk1.inst_ddr3_axi/inst_efx_ddr3/top_mc/ac_fifo/_zz_16>, number of controlling flip flops: 13
CE signal <ddr3_ctl_axi/u_efx_ddr3_soft_controller/genblk1.inst_ddr3_axi/inst_efx_ddr3/top_mc/ac_fifo/n272>, number of controlling flip flops: 13
CE signal <ceg_net247>, number of controlling flip flops: 1
CE signal <ddr3_ctl_axi/u_efx_ddr3_soft_controller/genblk1.inst_ddr3_axi/inst_efx_ddr3/top_mc/controller_main/bram_u2/full_o>, number of controlling flip flops: 7
CE signal <ddr3_ctl_axi/u_efx_ddr3_soft_controller/genblk1.inst_ddr3_axi/inst_efx_ddr3/top_mc/controller_main/n777>, number of controlling flip flops: 2
CE signal <ceg_net250>, number of controlling flip flops: 2
CE signal <ddr3_ctl_axi/u_efx_ddr3_soft_controller/genblk1.inst_ddr3_axi/inst_efx_ddr3/top_mc/controller_main/n6770>, number of controlling flip flops: 2
CE signal <ddr3_ctl_axi/u_efx_ddr3_soft_controller/genblk1.inst_ddr3_axi/inst_efx_ddr3/w_init_done>, number of controlling flip flops: 60
CE signal <ceg_net1103>, number of controlling flip flops: 3
CE signal <ddr3_ctl_axi/u_efx_ddr3_soft_controller/genblk1.inst_ddr3_axi/inst_efx_ddr3/top_mc/controller_main/n6868>, number of controlling flip flops: 1
CE signal <ceg_net755>, number of controlling flip flops: 1
CE signal <ceg_net757>, number of controlling flip flops: 8
CE signal <ceg_net759>, number of controlling flip flops: 1
CE signal <ddr3_ctl_axi/u_efx_ddr3_soft_controller/genblk1.inst_ddr3_axi/inst_efx_ddr3/top_mc/controller_main/n6863>, number of controlling flip flops: 1
CE signal <ddr3_ctl_axi/u_efx_ddr3_soft_controller/genblk1.inst_ddr3_axi/inst_efx_ddr3/top_mc/controller_main/n6860>, number of controlling flip flops: 1
CE signal <ceg_net760>, number of controlling flip flops: 1
CE signal <ceg_net986>, number of controlling flip flops: 16
CE signal <ceg_net275>, number of controlling flip flops: 17
CE signal <ddr3_ctl_axi/u_efx_ddr3_soft_controller/genblk1.inst_ddr3_axi/inst_efx_ddr3/top_mc/controller_main/n6867>, number of controlling flip flops: 1
CE signal <ceg_net277>, number of controlling flip flops: 2
CE signal <ddr3_ctl_axi/u_efx_ddr3_soft_controller/genblk1.inst_ddr3_axi/inst_efx_ddr3/top_mc/controller_main/n6771>, number of controlling flip flops: 1
CE signal <ddr3_ctl_axi/u_efx_ddr3_soft_controller/genblk1.inst_ddr3_axi/inst_efx_ddr3/top_mc/controller_main/r_ref_rst>, number of controlling flip flops: 1
CE signal <ddr3_ctl_axi/u_efx_ddr3_soft_controller/genblk1.inst_ddr3_axi/inst_efx_ddr3/top_mc/controller_main/dqs_state[1]>, number of controlling flip flops: 1
CE signal <ceg_net280>, number of controlling flip flops: 14
CE signal <ddr3_ctl_axi/u_efx_ddr3_soft_controller/genblk1.inst_ddr3_axi/inst_efx_ddr3/top_mc/controller_main/bram_u1/full_o>, number of controlling flip flops: 7
CE signal <ddr3_ctl_axi/u_efx_ddr3_soft_controller/genblk1.inst_ddr3_axi/inst_efx_ddr3/top_mc/controller_main/bram_u0/full_o>, number of controlling flip flops: 7
CE signal <ddr3_ctl_axi/u_efx_ddr3_soft_controller/genblk1.inst_ddr3_axi/inst_efx_ddr3/top_mc/controller_main/n2454>, number of controlling flip flops: 3
CE signal <ceg_net991>, number of controlling flip flops: 16
CE signal <ceg_net993>, number of controlling flip flops: 16
CE signal <ceg_net995>, number of controlling flip flops: 16
CE signal <ceg_net997>, number of controlling flip flops: 16
CE signal <ceg_net999>, number of controlling flip flops: 16
CE signal <ceg_net1001>, number of controlling flip flops: 16
CE signal <ceg_net1003>, number of controlling flip flops: 16
CE signal <ceg_net308>, number of controlling flip flops: 1
CE signal <ceg_net1231>, number of controlling flip flops: 1
CE signal <ceg_net1232>, number of controlling flip flops: 1
CE signal <axi4_awar_mux/n45>, number of controlling flip flops: 1
CE signal <u_i2c_timing_ctrl_16bit/i2c_transfer_en>, number of controlling flip flops: 4
CE signal <u_i2c_timing_ctrl_16bit/n525>, number of controlling flip flops: 8
CE signal <ceg_net793>, number of controlling flip flops: 4
CE signal <ceg_net1112>, number of controlling flip flops: 8
CE signal <u_i2c_timing_ctrl_16bit/n7>, number of controlling flip flops: 27
CE signal <ceg_net1265>, number of controlling flip flops: 1
CE signal <ceg_net594>, number of controlling flip flops: 12
CE signal <u_axi4_ctrl/r_rframe_inc>, number of controlling flip flops: 2
CE signal <u_axi4_ctrl/n1583>, number of controlling flip flops: 2
CE signal <ceg_net597>, number of controlling flip flops: 1
CE signal <rstn_sys>, number of controlling flip flops: 8
CE signal <ceg_net599>, number of controlling flip flops: 1
CE signal <ceg_net602>, number of controlling flip flops: 1
CE signal <ceg_net605>, number of controlling flip flops: 1
CE signal <u_axi4_ctrl/r_wframe_inc>, number of controlling flip flops: 1
CE signal <u_axi4_ctrl/n1585>, number of controlling flip flops: 1
CE signal <u_axi4_ctrl/equal_68/n7>, number of controlling flip flops: 1
CE signal <u_axi4_ctrl/Gen_FIFO_W8.u_W0_FIFO_8/u_efx_fifo_top/wr_en_int>, number of controlling flip flops: 14
CE signal <ceg_net608>, number of controlling flip flops: 1
CE signal <u_axi4_ctrl/Gen_RFIFO_16.u_R0_FIFO_16/u_efx_fifo_top/wr_en_int>, number of controlling flip flops: 10
CE signal <u_axi4_ctrl/Gen_RFIFO_16.u_R0_FIFO_16/u_efx_fifo_top/rd_en_int>, number of controlling flip flops: 23
CE signal <u_axi4_ctrl/n793>, number of controlling flip flops: 11
CE signal <u_lcd_driver/equal_17/n27>, number of controlling flip flops: 12
CE signal <rstn_pixel>, number of controlling flip flops: 1
CE signal <u_lcd_driver/n434>, number of controlling flip flops: 1
CE signal <lcd_de>, number of controlling flip flops: 1
CE signal <skin_output_valid>, number of controlling flip flops: 46
CE signal <filtered_output_valid>, number of controlling flip flops: 10
CE signal <ceg_net611>, number of controlling flip flops: 2
CE signal <ceg_net613>, number of controlling flip flops: 5
CE signal <u_morph_erode3x3/valid_v_erode>, number of controlling flip flops: 1
CE signal <ceg_net617>, number of controlling flip flops: 11
CE signal <ceg_net621>, number of controlling flip flops: 11
CE signal <ceg_net804>, number of controlling flip flops: 11
CE signal <ceg_net1053>, number of controlling flip flops: 8
CE signal <ceg_net1055>, number of controlling flip flops: 4
CE signal <ceg_net633>, number of controlling flip flops: 1
CE signal <ceg_net635>, number of controlling flip flops: 6
CE signal <u_streaming_connected_components/n512>, number of controlling flip flops: 8
CE signal <i634/n67>, number of controlling flip flops: 64
CE signal <i634/n69>, number of controlling flip flops: 64
CE signal <i639/n67>, number of controlling flip flops: 64
CE signal <i639/n69>, number of controlling flip flops: 64
CE signal <i634/n68>, number of controlling flip flops: 64
CE signal <i639/n68>, number of controlling flip flops: 64
CE signal <u_streaming_connected_components/u_true_ccl/PreCombCur>, number of controlling flip flops: 10
CE signal <u_streaming_connected_components/u_true_ccl/EnEnd>, number of controlling flip flops: 10
CE signal <ceg_net805>, number of controlling flip flops: 11
CE signal <u_streaming_connected_components/u_true_ccl/select_139/Select_1/n3>, number of controlling flip flops: 10
CE signal <ceg_net806>, number of controlling flip flops: 1
CE signal <ceg_net1117>, number of controlling flip flops: 2
CE signal <ceg_net642>, number of controlling flip flops: 1
CE signal <u_streaming_connected_components/u_true_ccl/End>, number of controlling flip flops: 10
CE signal <u_streaming_connected_components/u_true_ccl/PreWrCurRd>, number of controlling flip flops: 10
CE signal <ceg_net807>, number of controlling flip flops: 6
CE signal <ceg_net647>, number of controlling flip flops: 4
CE signal <n1814>, number of controlling flip flops: 1
CE signal <ceg_net650>, number of controlling flip flops: 1
CE signal <ceg_net651>, number of controlling flip flops: 4
CE signal <u_bbox_filter_720p/n38407>, number of controlling flip flops: 64
CE signal <u_bbox_filter_720p/n38994>, number of controlling flip flops: 64
CE signal <ceg_net1059>, number of controlling flip flops: 2
CE signal <u_bbox_filter_720p/GEN_FILTER.vs_rise>, number of controlling flip flops: 12
CE signal <ceg_net677>, number of controlling flip flops: 6
CE signal <ceg_net685>, number of controlling flip flops: 4
CE signal <ceg_net662>, number of controlling flip flops: 1
CE signal <u_bbox_filter_720p/n38439>, number of controlling flip flops: 64
CE signal <u_bbox_filter_720p/n38471>, number of controlling flip flops: 64
CE signal <u_bbox_filter_720p/n38503>, number of controlling flip flops: 64
CE signal <u_bbox_filter_720p/n38535>, number of controlling flip flops: 64
CE signal <u_bbox_filter_720p/n38567>, number of controlling flip flops: 64
CE signal <u_bbox_filter_720p/n38599>, number of controlling flip flops: 64
CE signal <u_bbox_filter_720p/n38630>, number of controlling flip flops: 64
CE signal <u_bbox_filter_720p/n39026>, number of controlling flip flops: 64
CE signal <u_bbox_filter_720p/n39058>, number of controlling flip flops: 64
CE signal <u_bbox_filter_720p/n39090>, number of controlling flip flops: 64
CE signal <u_bbox_filter_720p/n39122>, number of controlling flip flops: 64
CE signal <u_bbox_filter_720p/n39154>, number of controlling flip flops: 64
CE signal <u_bbox_filter_720p/n39185>, number of controlling flip flops: 64
CE signal <u_bbox_filter_720p/n39217>, number of controlling flip flops: 64
CE signal <ceg_net690>, number of controlling flip flops: 4
CE signal <n1822>, number of controlling flip flops: 1
CE signal <ceg_net701>, number of controlling flip flops: 2
CE signal <ceg_net695>, number of controlling flip flops: 4
CE signal <ceg_net698>, number of controlling flip flops: 12
CE signal <ceg_net700>, number of controlling flip flops: 6
CE signal <ceg_net703>, number of controlling flip flops: 8
CE signal <ceg_net1065>, number of controlling flip flops: 4
CE signal <ceg_net1119>, number of controlling flip flops: 6
CE signal <ceg_net1063>, number of controlling flip flops: 1
CE signal <u_uart_test/u_uart_receiver/n210>, number of controlling flip flops: 8
CE signal <ceg_net1070>, number of controlling flip flops: 1
CE signal <ceg_net1071>, number of controlling flip flops: 1
CE signal <ceg_net1072>, number of controlling flip flops: 1
CE signal <ceg_net1073>, number of controlling flip flops: 1
CE signal <ceg_net1074>, number of controlling flip flops: 1
CE signal <ceg_net1075>, number of controlling flip flops: 1
CE signal <ceg_net1076>, number of controlling flip flops: 1
CE signal <i634/n66>, number of controlling flip flops: 64
CE signal <i634/n65>, number of controlling flip flops: 64
CE signal <i634/n64>, number of controlling flip flops: 64
CE signal <i634/n63>, number of controlling flip flops: 64
CE signal <i634/n62>, number of controlling flip flops: 64
CE signal <i634/n61>, number of controlling flip flops: 64
CE signal <i634/n60>, number of controlling flip flops: 64
CE signal <i634/n59>, number of controlling flip flops: 64
CE signal <i634/n58>, number of controlling flip flops: 64
CE signal <i634/n57>, number of controlling flip flops: 64
CE signal <i634/n56>, number of controlling flip flops: 64
CE signal <i634/n55>, number of controlling flip flops: 64
CE signal <i634/n54>, number of controlling flip flops: 64
CE signal <i634/n53>, number of controlling flip flops: 64
CE signal <i634/n52>, number of controlling flip flops: 64
CE signal <i634/n51>, number of controlling flip flops: 64
CE signal <i634/n50>, number of controlling flip flops: 64
CE signal <i634/n49>, number of controlling flip flops: 64
CE signal <i634/n48>, number of controlling flip flops: 64
CE signal <i634/n47>, number of controlling flip flops: 64
CE signal <i634/n46>, number of controlling flip flops: 64
CE signal <i634/n45>, number of controlling flip flops: 64
CE signal <i634/n44>, number of controlling flip flops: 64
CE signal <i634/n43>, number of controlling flip flops: 64
CE signal <i634/n42>, number of controlling flip flops: 64
CE signal <i634/n41>, number of controlling flip flops: 64
CE signal <i634/n40>, number of controlling flip flops: 64
CE signal <i634/n39>, number of controlling flip flops: 64
CE signal <i634/n38>, number of controlling flip flops: 64
CE signal <i634/n37>, number of controlling flip flops: 64
CE signal <i634/n36>, number of controlling flip flops: 64
CE signal <i634/n35>, number of controlling flip flops: 64
CE signal <i634/n34>, number of controlling flip flops: 64
CE signal <i634/n33>, number of controlling flip flops: 64
CE signal <i634/n32>, number of controlling flip flops: 64
CE signal <i634/n31>, number of controlling flip flops: 64
CE signal <i634/n30>, number of controlling flip flops: 64
CE signal <i634/n29>, number of controlling flip flops: 64
CE signal <i634/n28>, number of controlling flip flops: 64
CE signal <i634/n27>, number of controlling flip flops: 64
CE signal <i634/n26>, number of controlling flip flops: 64
CE signal <i634/n25>, number of controlling flip flops: 64
CE signal <i634/n24>, number of controlling flip flops: 64
CE signal <i634/n23>, number of controlling flip flops: 64
CE signal <i634/n22>, number of controlling flip flops: 64
CE signal <i634/n21>, number of controlling flip flops: 64
CE signal <i634/n20>, number of controlling flip flops: 64
CE signal <i634/n19>, number of controlling flip flops: 64
CE signal <i634/n18>, number of controlling flip flops: 64
CE signal <i634/n17>, number of controlling flip flops: 64
CE signal <i634/n16>, number of controlling flip flops: 64
CE signal <i634/n15>, number of controlling flip flops: 64
CE signal <i634/n14>, number of controlling flip flops: 64
CE signal <i634/n13>, number of controlling flip flops: 64
CE signal <i634/n12>, number of controlling flip flops: 64
CE signal <i634/n11>, number of controlling flip flops: 64
CE signal <i634/n10>, number of controlling flip flops: 64
CE signal <i634/n9>, number of controlling flip flops: 64
CE signal <i634/n8>, number of controlling flip flops: 64
CE signal <i634/n7>, number of controlling flip flops: 64
CE signal <i639/n66>, number of controlling flip flops: 64
CE signal <i639/n65>, number of controlling flip flops: 64
CE signal <i639/n64>, number of controlling flip flops: 64
CE signal <i639/n63>, number of controlling flip flops: 64
CE signal <i639/n62>, number of controlling flip flops: 64
CE signal <i639/n61>, number of controlling flip flops: 64
CE signal <i639/n60>, number of controlling flip flops: 64
CE signal <i639/n59>, number of controlling flip flops: 64
CE signal <i639/n58>, number of controlling flip flops: 64
CE signal <i639/n57>, number of controlling flip flops: 64
CE signal <i639/n56>, number of controlling flip flops: 64
CE signal <i639/n55>, number of controlling flip flops: 64
CE signal <i639/n54>, number of controlling flip flops: 64
CE signal <i639/n53>, number of controlling flip flops: 64
CE signal <i639/n52>, number of controlling flip flops: 64
CE signal <i639/n51>, number of controlling flip flops: 64
CE signal <i639/n50>, number of controlling flip flops: 64
CE signal <i639/n49>, number of controlling flip flops: 64
CE signal <i639/n48>, number of controlling flip flops: 64
CE signal <i639/n47>, number of controlling flip flops: 64
CE signal <i639/n46>, number of controlling flip flops: 64
CE signal <i639/n45>, number of controlling flip flops: 64
CE signal <i639/n44>, number of controlling flip flops: 64
CE signal <i639/n43>, number of controlling flip flops: 64
CE signal <i639/n42>, number of controlling flip flops: 64
CE signal <i639/n41>, number of controlling flip flops: 64
CE signal <i639/n40>, number of controlling flip flops: 64
CE signal <i639/n39>, number of controlling flip flops: 64
CE signal <i639/n38>, number of controlling flip flops: 64
CE signal <i639/n37>, number of controlling flip flops: 64
CE signal <i639/n36>, number of controlling flip flops: 64
CE signal <i639/n35>, number of controlling flip flops: 64
CE signal <i639/n34>, number of controlling flip flops: 64
CE signal <i639/n33>, number of controlling flip flops: 64
CE signal <i639/n32>, number of controlling flip flops: 64
CE signal <i639/n31>, number of controlling flip flops: 64
CE signal <i639/n30>, number of controlling flip flops: 64
CE signal <i639/n29>, number of controlling flip flops: 64
CE signal <i639/n28>, number of controlling flip flops: 64
CE signal <i639/n27>, number of controlling flip flops: 64
CE signal <i639/n26>, number of controlling flip flops: 64
CE signal <i639/n25>, number of controlling flip flops: 64
CE signal <i639/n24>, number of controlling flip flops: 64
CE signal <i639/n23>, number of controlling flip flops: 64
CE signal <i639/n22>, number of controlling flip flops: 64
CE signal <i639/n21>, number of controlling flip flops: 64
CE signal <i639/n20>, number of controlling flip flops: 64
CE signal <i639/n19>, number of controlling flip flops: 64
CE signal <i639/n18>, number of controlling flip flops: 64
CE signal <i639/n17>, number of controlling flip flops: 64
CE signal <i639/n16>, number of controlling flip flops: 64
CE signal <i639/n15>, number of controlling flip flops: 64
CE signal <i639/n14>, number of controlling flip flops: 64
CE signal <i639/n13>, number of controlling flip flops: 64
CE signal <i639/n12>, number of controlling flip flops: 64
CE signal <i639/n11>, number of controlling flip flops: 64
CE signal <i639/n10>, number of controlling flip flops: 64
CE signal <i639/n9>, number of controlling flip flops: 64
CE signal <i639/n8>, number of controlling flip flops: 64
CE signal <i639/n7>, number of controlling flip flops: 64
CE signal <i642/n13>, number of controlling flip flops: 42
CE signal <i642/n12>, number of controlling flip flops: 42
CE signal <i643/n11>, number of controlling flip flops: 42
CE signal <i643/n10>, number of controlling flip flops: 42
CE signal <i643/n9>, number of controlling flip flops: 42
CE signal <i643/n8>, number of controlling flip flops: 42
CE signal <i643/n7>, number of controlling flip flops: 42
CE signal <i643/n6>, number of controlling flip flops: 42
CE signal <i646/n13>, number of controlling flip flops: 42
CE signal <i646/n12>, number of controlling flip flops: 42
CE signal <i647/n11>, number of controlling flip flops: 42
CE signal <i647/n10>, number of controlling flip flops: 42
CE signal <i647/n9>, number of controlling flip flops: 42
CE signal <i647/n8>, number of controlling flip flops: 42
CE signal <i647/n7>, number of controlling flip flops: 42
CE signal <i647/n6>, number of controlling flip flops: 42
### ### EFX_FF CE enables (end) ### ### ###

### ### EFX_FF SR set/reset (begin) ### ### ###
Total number of set/reset signals: 38
Total number of FFs with set/reset signals: 12839
SR signal <w_pll_lock>, number of controlling flip flops: 2
SR signal <rstn_sys>, number of controlling flip flops: 217
SR signal <rstn_pixel>, number of controlling flip flops: 10106
SR signal <w_ddr3_cal_done>, number of controlling flip flops: 177
SR signal <ddr3_ctl_axi/u_efx_ddr3_soft_controller/genblk1.inst_ddr3_axi/inst_arburst_fifo/n332>, number of controlling flip flops: 1
SR signal <ddr3_ctl_axi/u_efx_ddr3_soft_controller/genblk1.inst_ddr3_axi/u_rd_addr_fifo/n860>, number of controlling flip flops: 1
SR signal <ddr3_ctl_axi/u_efx_ddr3_soft_controller/genblk1.inst_ddr3_axi/u_wr_addr_fifo/n1212>, number of controlling flip flops: 1
SR signal <ddr3_ctl_axi/u_efx_ddr3_soft_controller/genblk1.inst_ddr3_axi/inst_awid_fifo/n332>, number of controlling flip flops: 1
SR signal <ddr3_ctl_axi/u_efx_ddr3_soft_controller/genblk1.inst_ddr3_axi/inst_arid_fifo/n332>, number of controlling flip flops: 1
SR signal <ddr3_ctl_axi/u_efx_ddr3_soft_controller/genblk1.inst_ddr3_axi/inst_respon_fifo/n332>, number of controlling flip flops: 1
SR signal <ddr3_ctl_axi/u_efx_ddr3_soft_controller/genblk1.inst_ddr3_axi/inst_rd_brust_fifo/n332>, number of controlling flip flops: 1
SR signal <ddr3_ctl_axi/u_efx_ddr3_soft_controller/genblk1.inst_ddr3_axi/inst_rd_last_fifo/n332>, number of controlling flip flops: 1
SR signal <ddr3_ctl_axi/u_efx_ddr3_soft_controller/genblk1.inst_ddr3_axi/inst_respon_len_fifo/n332>, number of controlling flip flops: 1
SR signal <ddr3_ctl_axi/u_efx_ddr3_soft_controller/genblk1.inst_ddr3_axi/inst_efx_ddr3/logic_rstn>, number of controlling flip flops: 227
SR signal <ddr3_ctl_axi/u_efx_ddr3_soft_controller/genblk1.inst_ddr3_axi/inst_efx_ddr3/w_init_done>, number of controlling flip flops: 5
SR signal <ddr3_ctl_axi/u_efx_ddr3_soft_controller/genblk1.inst_ddr3_axi/inst_efx_ddr3/top_mc/core_clk_rstn>, number of controlling flip flops: 814
SR signal <ddr3_ctl_axi/u_efx_ddr3_soft_controller/genblk1.inst_ddr3_axi/inst_efx_ddr3/top_mc/clk_rstn>, number of controlling flip flops: 144
SR signal <ddr3_ctl_axi/u_efx_ddr3_soft_controller/genblk1.inst_ddr3_axi/inst_efx_ddr3/top_mc/tdqss_clk_rstn>, number of controlling flip flops: 104
SR signal <ddr3_ctl_axi/u_efx_ddr3_soft_controller/genblk1.inst_ddr3_axi/inst_efx_ddr3/top_mc/twd_clk_rstn>, number of controlling flip flops: 252
SR signal <ddr3_ctl_axi/u_efx_ddr3_soft_controller/genblk1.inst_ddr3_axi/inst_efx_ddr3/top_mc/tac_clk_rstn>, number of controlling flip flops: 289
SR signal <axi4_awar_mux/n133>, number of controlling flip flops: 2
SR signal <u_axi4_ctrl/r_w_rst>, number of controlling flip flops: 4
SR signal <u_axi4_ctrl/n1326>, number of controlling flip flops: 5
SR signal <u_axi4_ctrl/r_rfifo_rst>, number of controlling flip flops: 31
SR signal <u_axi4_ctrl/Gen_FIFO_W8.u_W0_FIFO_8/u_efx_fifo_top/wr_rst_int>, number of controlling flip flops: 64
SR signal <u_axi4_ctrl/Gen_FIFO_W8.u_W0_FIFO_8/u_efx_fifo_top/rd_rst_int>, number of controlling flip flops: 60
SR signal <u_axi4_ctrl/w_rfifo_rst>, number of controlling flip flops: 4
SR signal <u_axi4_ctrl/Gen_RFIFO_16.u_R0_FIFO_16/u_efx_fifo_top/genblk2.rd_rst[1]>, number of controlling flip flops: 44
SR signal <u_axi4_ctrl/Gen_RFIFO_16.u_R0_FIFO_16/u_efx_fifo_top/genblk2.wr_rst[1]>, number of controlling flip flops: 30
SR signal <u_low_pass_filter/n412>, number of controlling flip flops: 1
SR signal <u_streaming_connected_components/core_srst_n>, number of controlling flip flops: 62
SR signal <u_streaming_connected_components/u_true_ccl/n1853>, number of controlling flip flops: 11
SR signal <u_streaming_connected_components/u_true_ccl/n1358>, number of controlling flip flops: 1
SR signal <u_streaming_connected_components/u_true_ccl/n1851>, number of controlling flip flops: 1
SR signal <u_streaming_connected_components/u_true_ccl/iCurrentLine/rst_busy>, number of controlling flip flops: 30
SR signal <u_streaming_connected_components/u_true_ccl/iPreviousLine/rst_busy>, number of controlling flip flops: 30
SR signal <lvds_pll_rstn_o>, number of controlling flip flops: 78
SR signal <overlay_de>, number of controlling flip flops: 35
### ### EFX_FF SR set/reset (end) ### ### ###

### ### Memory Trimming Report (begin) ### ### ### 
Memory instance 'ddr3_ctl_axi/u_efx_ddr3_soft_controller/genblk1.inst_ddr3_axi/inst_efx_ddr3/top_mc/fifo_ack/ram' WE[1] tied off to 0.
Memory instance 'ddr3_ctl_axi/u_efx_ddr3_soft_controller/genblk1.inst_ddr3_axi/inst_efx_ddr3/top_mc/controller_main/bram_u2/u_efx_fifo_top/xefx_fifo_ram/ram' WE[1] tied off to 1.
Memory instance 'ddr3_ctl_axi/u_efx_ddr3_soft_controller/genblk1.inst_ddr3_axi/inst_efx_ddr3/top_mc/controller_main/bram_u1/u_efx_fifo_top/xefx_fifo_ram/ram' WE[1] tied off to 1.
Memory instance 'ddr3_ctl_axi/u_efx_ddr3_soft_controller/genblk1.inst_ddr3_axi/inst_efx_ddr3/top_mc/controller_main/bram_u0/u_efx_fifo_top/xefx_fifo_ram/ram' WE[1] tied off to 1.
Memory instance 'u_axi4_ctrl/Gen_FIFO_W8.u_W0_FIFO_8/u_efx_fifo_top/xefx_fifo_ram/ram__D$g1' WE[1] tied off to 0.
Memory instance 'u_axi4_ctrl/Gen_FIFO_W8.u_W0_FIFO_8/u_efx_fifo_top/xefx_fifo_ram/ram__D$b12' WE[1] tied off to 0.
Memory instance 'u_axi4_ctrl/Gen_FIFO_W8.u_W0_FIFO_8/u_efx_fifo_top/xefx_fifo_ram/ram__D$12' WE[1] tied off to 0.
Memory instance 'u_axi4_ctrl/Gen_FIFO_W8.u_W0_FIFO_8/u_efx_fifo_top/xefx_fifo_ram/ram__D$2' WE[1] tied off to 0.
Memory instance 'u_axi4_ctrl/Gen_FIFO_W8.u_W0_FIFO_8/u_efx_fifo_top/xefx_fifo_ram/ram__D$c12' WE[1] tied off to 0.
Memory instance 'u_axi4_ctrl/Gen_FIFO_W8.u_W0_FIFO_8/u_efx_fifo_top/xefx_fifo_ram/ram__D$d12' WE[1] tied off to 0.
Memory instance 'u_axi4_ctrl/Gen_FIFO_W8.u_W0_FIFO_8/u_efx_fifo_top/xefx_fifo_ram/ram__D$e12' WE[1] tied off to 0.
Memory instance 'u_axi4_ctrl/Gen_FIFO_W8.u_W0_FIFO_8/u_efx_fifo_top/xefx_fifo_ram/ram__D$f12' WE[1] tied off to 0.
Memory instance 'u_low_pass_filter/u_ld1/mem' WE[1] tied off to 0.
Memory instance 'u_low_pass_filter/u_ld2/mem' WE[1] tied off to 0.
Memory instance 'u_low_pass_filter/u_ld3/mem' WE[1] tied off to 0.
Memory instance 'u_low_pass_filter/u_ld4/mem' WE[1] tied off to 0.
Memory instance 'u_low_pass_filter/u_ld5/mem' WE[1] tied off to 0.
Memory instance 'u_low_pass_filter/u_ld6/mem' WE[1] tied off to 0.
Memory instance 'u_morph_erode3x3/u_ld1_3/mem' WE[1] tied off to 0.
Memory instance 'u_morph_erode3x3/u_ld2_3/mem' WE[1] tied off to 0.
Memory instance 'u_morph_erode3x3/GEN_VTAP_BIN[2].u_vtap_bin/mem' WE[1] tied off to 0.
Memory instance 'u_morph_erode3x3/GEN_VTAP_BIN[3].u_vtap_bin/mem' WE[1] tied off to 0.
Memory instance 'u_morph_erode3x3/GEN_VTAP_BIN[4].u_vtap_bin/mem' WE[1] tied off to 0.
Memory instance 'u_morph_erode3x3/GEN_VTAP_BIN[5].u_vtap_bin/mem' WE[1] tied off to 0.
Memory instance 'u_morph_erode3x3/GEN_VTAP_BIN[6].u_vtap_bin/mem' WE[1] tied off to 0.
Memory instance 'u_morph_erode3x3/GEN_VTAP_BIN[7].u_vtap_bin/mem' WE[1] tied off to 0.
Memory instance 'u_morph_erode3x3/GEN_VTAP_ERO[0].u_vtap_ero/mem' WE[1] tied off to 0.
Memory instance 'u_morph_erode3x3/GEN_VTAP_ERO[1].u_vtap_ero/mem' WE[1] tied off to 0.
Memory instance 'u_morph_erode3x3/GEN_VTAP_ERO[2].u_vtap_ero/mem' WE[1] tied off to 0.
Memory instance 'u_morph_erode3x3/GEN_VTAP_ERO[3].u_vtap_ero/mem' WE[1] tied off to 0.
Memory instance 'u_morph_erode3x3/GEN_VTAP_ERO[4].u_vtap_ero/mem' WE[1] tied off to 0.
Memory instance 'u_morph_erode3x3/GEN_VTAP_ERO[5].u_vtap_ero/mem' WE[1] tied off to 0.
Memory instance 'u_morph_erode3x3/GEN_VTAP_ERO[6].u_vtap_ero/mem' WE[1] tied off to 0.
Memory instance 'u_morph_erode3x3/GEN_VTAP_ERO[7].u_vtap_ero/mem' WE[1] tied off to 0.
### ### Memory Trimming Report (end) ### ### ### 

### ### Sequential Elements Trimming Report (begin) ### ### ### 
FF|OPT : Flip-flop optimization by equivalence checking
@ "D:\yilingsi_fpga\Efinity_Project\Ti60F225_OV5640_Face_Reproduction\ip/DdrCtrl\DdrCtrl.sv (1599)" removed instance : ddr3_ctl_axi/u_efx_ddr3_soft_controller/genblk1.inst_ddr3_axi/inst_efx_ddr3/top_mc/fifo_rdpush/dff_63/i7
@ "D:\yilingsi_fpga\Efinity_Project\Ti60F225_OV5640_Face_Reproduction\ip/DdrCtrl\DdrCtrl.sv (1599)" representative instance : ddr3_ctl_axi/u_efx_ddr3_soft_controller/genblk1.inst_ddr3_axi/inst_efx_ddr3/top_mc/fifo_rdpush/dff_62/i7
FF|OPT : Flip-flop optimization by equivalence checking
@ "D:\yilingsi_fpga\Efinity_Project\Ti60F225_OV5640_Face_Reproduction\ip/DdrCtrl\DdrCtrl.sv (1599)" removed instance : ddr3_ctl_axi/u_efx_ddr3_soft_controller/genblk1.inst_ddr3_axi/inst_efx_ddr3/top_mc/fifo_ack/dff_63/i7
@ "D:\yilingsi_fpga\Efinity_Project\Ti60F225_OV5640_Face_Reproduction\ip/DdrCtrl\DdrCtrl.sv (1599)" representative instance : ddr3_ctl_axi/u_efx_ddr3_soft_controller/genblk1.inst_ddr3_axi/inst_efx_ddr3/top_mc/fifo_ack/dff_62/i7
FF|OPT : Flip-flop optimization by equivalence checking
@ "D:\yilingsi_fpga\Efinity_Project\Ti60F225_OV5640_Face_Reproduction\ip/DdrCtrl\DdrCtrl.sv (1599)" removed instance : ddr3_ctl_axi/u_efx_ddr3_soft_controller/genblk1.inst_ddr3_axi/inst_efx_ddr3/top_mc/fifo_ack/dff_55/i7
@ "D:\yilingsi_fpga\Efinity_Project\Ti60F225_OV5640_Face_Reproduction\ip/DdrCtrl\DdrCtrl.sv (1599)" representative instance : ddr3_ctl_axi/u_efx_ddr3_soft_controller/genblk1.inst_ddr3_axi/inst_efx_ddr3/top_mc/fifo_ack/dff_54/i7
FF|OPT : Flip-flop optimization by equivalence checking
@ "D:\yilingsi_fpga\Efinity_Project\Ti60F225_OV5640_Face_Reproduction\ip/DdrCtrl\DdrCtrl.sv (1599)" removed instance : ddr3_ctl_axi/u_efx_ddr3_soft_controller/genblk1.inst_ddr3_axi/inst_efx_ddr3/top_mc/fifo_wr/dff_63/i7
@ "D:\yilingsi_fpga\Efinity_Project\Ti60F225_OV5640_Face_Reproduction\ip/DdrCtrl\DdrCtrl.sv (1599)" representative instance : ddr3_ctl_axi/u_efx_ddr3_soft_controller/genblk1.inst_ddr3_axi/inst_efx_ddr3/top_mc/fifo_wr/dff_62/i7
FF|OPT : Flip-flop optimization by equivalence checking
@ "D:\yilingsi_fpga\Efinity_Project\Ti60F225_OV5640_Face_Reproduction\src\Sensor_Image_XYCrop.v (79)" removed instance : u_Sensor_Image_XYCrop/i8
@ "D:\yilingsi_fpga\Efinity_Project\Ti60F225_OV5640_Face_Reproduction\src\Sensor_Image_XYCrop.v (79)" representative instance : u_Sensor_Image_XYCrop/i10
FF|OPT : Flip-flop optimization by equivalence checking
@ "D:\yilingsi_fpga\Efinity_Project\Ti60F225_OV5640_Face_Reproduction\ip/DdrCtrl\DdrCtrl.sv (1599)" removed instance : ddr3_ctl_axi/u_efx_ddr3_soft_controller/genblk1.inst_ddr3_axi/inst_efx_ddr3/top_mc/fifo_aw/dff_55/i7
@ "D:\yilingsi_fpga\Efinity_Project\Ti60F225_OV5640_Face_Reproduction\ip/DdrCtrl\DdrCtrl.sv (1599)" representative instance : ddr3_ctl_axi/u_efx_ddr3_soft_controller/genblk1.inst_ddr3_axi/inst_efx_ddr3/top_mc/fifo_aw/dff_54/i7
FF|OPT : Flip-flop optimization by equivalence checking
@ "D:\yilingsi_fpga\Efinity_Project\Ti60F225_OV5640_Face_Reproduction\ip/DdrCtrl\DdrCtrl.sv (1599)" removed instance : ddr3_ctl_axi/u_efx_ddr3_soft_controller/genblk1.inst_ddr3_axi/inst_efx_ddr3/top_mc/fifo_ar/dff_55/i7
@ "D:\yilingsi_fpga\Efinity_Project\Ti60F225_OV5640_Face_Reproduction\ip/DdrCtrl\DdrCtrl.sv (1599)" representative instance : ddr3_ctl_axi/u_efx_ddr3_soft_controller/genblk1.inst_ddr3_axi/inst_efx_ddr3/top_mc/fifo_ar/dff_54/i7
FF|OPT : Flip-flop optimization by equivalence checking
@ "D:\yilingsi_fpga\Efinity_Project\Ti60F225_OV5640_Face_Reproduction\ip/DdrCtrl\DdrCtrl.sv (1599)" removed instance : ddr3_ctl_axi/u_efx_ddr3_soft_controller/genblk1.inst_ddr3_axi/inst_efx_ddr3/top_mc/fifo_aw/dff_63/i7
@ "D:\yilingsi_fpga\Efinity_Project\Ti60F225_OV5640_Face_Reproduction\ip/DdrCtrl\DdrCtrl.sv (1599)" representative instance : ddr3_ctl_axi/u_efx_ddr3_soft_controller/genblk1.inst_ddr3_axi/inst_efx_ddr3/top_mc/fifo_aw/dff_62/i7
FF|OPT : Flip-flop optimization by equivalence checking
@ "D:\yilingsi_fpga\Efinity_Project\Ti60F225_OV5640_Face_Reproduction\ip/DdrCtrl\DdrCtrl.sv (1599)" removed instance : ddr3_ctl_axi/u_efx_ddr3_soft_controller/genblk1.inst_ddr3_axi/inst_efx_ddr3/top_mc/fifo_wr/dff_55/i7
@ "D:\yilingsi_fpga\Efinity_Project\Ti60F225_OV5640_Face_Reproduction\ip/DdrCtrl\DdrCtrl.sv (1599)" representative instance : ddr3_ctl_axi/u_efx_ddr3_soft_controller/genblk1.inst_ddr3_axi/inst_efx_ddr3/top_mc/fifo_wr/dff_54/i7
FF|OPT : Flip-flop optimization by equivalence checking
@ "D:\yilingsi_fpga\Efinity_Project\Ti60F225_OV5640_Face_Reproduction\ip/DdrCtrl\DdrCtrl.sv (1599)" removed instance : ddr3_ctl_axi/u_efx_ddr3_soft_controller/genblk1.inst_ddr3_axi/inst_efx_ddr3/top_mc/fifo_ar/dff_63/i7
@ "D:\yilingsi_fpga\Efinity_Project\Ti60F225_OV5640_Face_Reproduction\ip/DdrCtrl\DdrCtrl.sv (1599)" representative instance : ddr3_ctl_axi/u_efx_ddr3_soft_controller/genblk1.inst_ddr3_axi/inst_efx_ddr3/top_mc/fifo_ar/dff_62/i7
FF|OPT : Flip-flop optimization by equivalence checking
@ "D:\yilingsi_fpga\Efinity_Project\Ti60F225_OV5640_Face_Reproduction\ip/DdrCtrl\DdrCtrl.sv (1599)" removed instance : ddr3_ctl_axi/u_efx_ddr3_soft_controller/genblk1.inst_ddr3_axi/inst_efx_ddr3/top_mc/fifo_rdpush/dff_55/i7
@ "D:\yilingsi_fpga\Efinity_Project\Ti60F225_OV5640_Face_Reproduction\ip/DdrCtrl\DdrCtrl.sv (1599)" representative instance : ddr3_ctl_axi/u_efx_ddr3_soft_controller/genblk1.inst_ddr3_axi/inst_efx_ddr3/top_mc/fifo_rdpush/dff_54/i7
FF|OPT : Flip-flop optimization by equivalence checking
@ "D:\yilingsi_fpga\Efinity_Project\Ti60F225_OV5640_Face_Reproduction\example_top.v (804)" removed instance : i107
@ "D:\yilingsi_fpga\Efinity_Project\Ti60F225_OV5640_Face_Reproduction\ip/DdrCtrl\DdrCtrl.sv (1853)" representative instance : ddr3_ctl_axi/u_efx_ddr3_soft_controller/genblk1.inst_ddr3_axi/inst_efx_ddr3/top_mc/rst_ctrl0/genblk1[2].genblk1.genblk1.inst_sysclk_rstn/dffrs_24/i1
FF|OPT : Flip-flop optimization by equivalence checking
@ "D:\yilingsi_fpga\Efinity_Project\Ti60F225_OV5640_Face_Reproduction\ip/DdrCtrl\DdrCtrl.sv (3274)" removed instance : ddr3_ctl_axi/u_efx_ddr3_soft_controller/genblk1.inst_ddr3_axi/inst_efx_ddr3/dff_734/i6
@ "D:\yilingsi_fpga\Efinity_Project\Ti60F225_OV5640_Face_Reproduction\ip/DdrCtrl\DdrCtrl.sv (3274)" representative instance : ddr3_ctl_axi/u_efx_ddr3_soft_controller/genblk1.inst_ddr3_axi/inst_efx_ddr3/dff_734/i3
FF|OPT : Flip-flop optimization by equivalence checking
@ "D:\yilingsi_fpga\Efinity_Project\Ti60F225_OV5640_Face_Reproduction\ip/DdrCtrl\DdrCtrl.sv (3274)" removed instance : ddr3_ctl_axi/u_efx_ddr3_soft_controller/genblk1.inst_ddr3_axi/inst_efx_ddr3/dff_734/i7
@ "D:\yilingsi_fpga\Efinity_Project\Ti60F225_OV5640_Face_Reproduction\ip/DdrCtrl\DdrCtrl.sv (3274)" representative instance : ddr3_ctl_axi/u_efx_ddr3_soft_controller/genblk1.inst_ddr3_axi/inst_efx_ddr3/dff_734/i5
FF|OPT : Flip-flop optimization by equivalence checking
@ "D:\yilingsi_fpga\Efinity_Project\Ti60F225_OV5640_Face_Reproduction\ip/DdrCtrl\DdrCtrl.sv (3274)" removed instance : ddr3_ctl_axi/u_efx_ddr3_soft_controller/genblk1.inst_ddr3_axi/inst_efx_ddr3/dff_734/i9
@ "D:\yilingsi_fpga\Efinity_Project\Ti60F225_OV5640_Face_Reproduction\ip/DdrCtrl\DdrCtrl.sv (3274)" representative instance : ddr3_ctl_axi/u_efx_ddr3_soft_controller/genblk1.inst_ddr3_axi/inst_efx_ddr3/dff_734/i2
FF|OPT : Flip-flop optimization by equivalence checking
@ "D:\yilingsi_fpga\Efinity_Project\Ti60F225_OV5640_Face_Reproduction\ip/DdrCtrl\DdrCtrl.sv (3274)" removed instance : ddr3_ctl_axi/u_efx_ddr3_soft_controller/genblk1.inst_ddr3_axi/inst_efx_ddr3/dff_734/i10
@ "D:\yilingsi_fpga\Efinity_Project\Ti60F225_OV5640_Face_Reproduction\ip/DdrCtrl\DdrCtrl.sv (3274)" representative instance : ddr3_ctl_axi/u_efx_ddr3_soft_controller/genblk1.inst_ddr3_axi/inst_efx_ddr3/dff_734/i5
FF|OPT : Flip-flop optimization by equivalence checking
@ "D:\yilingsi_fpga\Efinity_Project\Ti60F225_OV5640_Face_Reproduction\ip/DdrCtrl\DdrCtrl.sv (3274)" removed instance : ddr3_ctl_axi/u_efx_ddr3_soft_controller/genblk1.inst_ddr3_axi/inst_efx_ddr3/dff_734/i11
@ "D:\yilingsi_fpga\Efinity_Project\Ti60F225_OV5640_Face_Reproduction\ip/DdrCtrl\DdrCtrl.sv (3274)" representative instance : ddr3_ctl_axi/u_efx_ddr3_soft_controller/genblk1.inst_ddr3_axi/inst_efx_ddr3/dff_734/i2
FF|OPT : Flip-flop optimization by equivalence checking
@ "D:\yilingsi_fpga\Efinity_Project\Ti60F225_OV5640_Face_Reproduction\ip/DdrCtrl\DdrCtrl.sv (3274)" removed instance : ddr3_ctl_axi/u_efx_ddr3_soft_controller/genblk1.inst_ddr3_axi/inst_efx_ddr3/dff_734/i12
@ "D:\yilingsi_fpga\Efinity_Project\Ti60F225_OV5640_Face_Reproduction\ip/DdrCtrl\DdrCtrl.sv (3274)" representative instance : ddr3_ctl_axi/u_efx_ddr3_soft_controller/genblk1.inst_ddr3_axi/inst_efx_ddr3/dff_734/i4
FF|OPT : Flip-flop optimization by equivalence checking
@ "D:\yilingsi_fpga\Efinity_Project\Ti60F225_OV5640_Face_Reproduction\ip/DdrCtrl\DdrCtrl.sv (3274)" removed instance : ddr3_ctl_axi/u_efx_ddr3_soft_controller/genblk1.inst_ddr3_axi/inst_efx_ddr3/dff_734/i13
@ "D:\yilingsi_fpga\Efinity_Project\Ti60F225_OV5640_Face_Reproduction\ip/DdrCtrl\DdrCtrl.sv (3274)" representative instance : ddr3_ctl_axi/u_efx_ddr3_soft_controller/genblk1.inst_ddr3_axi/inst_efx_ddr3/dff_734/i1
FF|OPT : Flip-flop optimization by equivalence checking
@ "D:\yilingsi_fpga\Efinity_Project\Ti60F225_OV5640_Face_Reproduction\ip/DdrCtrl\DdrCtrl.sv (3274)" removed instance : ddr3_ctl_axi/u_efx_ddr3_soft_controller/genblk1.inst_ddr3_axi/inst_efx_ddr3/dff_734/i14
@ "D:\yilingsi_fpga\Efinity_Project\Ti60F225_OV5640_Face_Reproduction\ip/DdrCtrl\DdrCtrl.sv (3274)" representative instance : ddr3_ctl_axi/u_efx_ddr3_soft_controller/genblk1.inst_ddr3_axi/inst_efx_ddr3/dff_734/i5
FF|OPT : Flip-flop optimization by equivalence checking
@ "D:\yilingsi_fpga\Efinity_Project\Ti60F225_OV5640_Face_Reproduction\ip/DdrCtrl\DdrCtrl.sv (3274)" removed instance : ddr3_ctl_axi/u_efx_ddr3_soft_controller/genblk1.inst_ddr3_axi/inst_efx_ddr3/dff_734/i15
@ "D:\yilingsi_fpga\Efinity_Project\Ti60F225_OV5640_Face_Reproduction\ip/DdrCtrl\DdrCtrl.sv (3274)" representative instance : ddr3_ctl_axi/u_efx_ddr3_soft_controller/genblk1.inst_ddr3_axi/inst_efx_ddr3/dff_734/i3
FF|OPT : Flip-flop optimization by equivalence checking
@ "D:\yilingsi_fpga\Efinity_Project\Ti60F225_OV5640_Face_Reproduction\ip/DdrCtrl\DdrCtrl.sv (3274)" removed instance : ddr3_ctl_axi/u_efx_ddr3_soft_controller/genblk1.inst_ddr3_axi/inst_efx_ddr3/dff_734/i16
@ "D:\yilingsi_fpga\Efinity_Project\Ti60F225_OV5640_Face_Reproduction\ip/DdrCtrl\DdrCtrl.sv (3274)" representative instance : ddr3_ctl_axi/u_efx_ddr3_soft_controller/genblk1.inst_ddr3_axi/inst_efx_ddr3/dff_734/i8
FF|OPT : Flip-flop optimization by equivalence checking
@ "D:\yilingsi_fpga\Efinity_Project\Ti60F225_OV5640_Face_Reproduction\ip/DdrCtrl\DdrCtrl.sv (3274)" removed instance : ddr3_ctl_axi/u_efx_ddr3_soft_controller/genblk1.inst_ddr3_axi/inst_efx_ddr3/dff_734/i86
@ "D:\yilingsi_fpga\Efinity_Project\Ti60F225_OV5640_Face_Reproduction\ip/DdrCtrl\DdrCtrl.sv (3274)" representative instance : ddr3_ctl_axi/u_efx_ddr3_soft_controller/genblk1.inst_ddr3_axi/inst_efx_ddr3/dff_734/i8
FF|OPT : Flip-flop optimization by equivalence checking
@ "D:\yilingsi_fpga\Efinity_Project\Ti60F225_OV5640_Face_Reproduction\ip/DdrCtrl\DdrCtrl.sv (3274)" removed instance : ddr3_ctl_axi/u_efx_ddr3_soft_controller/genblk1.inst_ddr3_axi/inst_efx_ddr3/dff_734/i88
@ "D:\yilingsi_fpga\Efinity_Project\Ti60F225_OV5640_Face_Reproduction\ip/DdrCtrl\DdrCtrl.sv (3274)" representative instance : ddr3_ctl_axi/u_efx_ddr3_soft_controller/genblk1.inst_ddr3_axi/inst_efx_ddr3/dff_734/i3
FF|OPT : Flip-flop optimization by equivalence checking
@ "D:\yilingsi_fpga\Efinity_Project\Ti60F225_OV5640_Face_Reproduction\ip/DdrCtrl\DdrCtrl.sv (3274)" removed instance : ddr3_ctl_axi/u_efx_ddr3_soft_controller/genblk1.inst_ddr3_axi/inst_efx_ddr3/dff_734/i90
@ "D:\yilingsi_fpga\Efinity_Project\Ti60F225_OV5640_Face_Reproduction\ip/DdrCtrl\DdrCtrl.sv (3274)" representative instance : ddr3_ctl_axi/u_efx_ddr3_soft_controller/genblk1.inst_ddr3_axi/inst_efx_ddr3/dff_734/i8
FF|OPT : Flip-flop optimization by equivalence checking
@ "D:\yilingsi_fpga\Efinity_Project\Ti60F225_OV5640_Face_Reproduction\ip/DdrCtrl\DdrCtrl.sv (3274)" removed instance : ddr3_ctl_axi/u_efx_ddr3_soft_controller/genblk1.inst_ddr3_axi/inst_efx_ddr3/dff_734/i92
@ "D:\yilingsi_fpga\Efinity_Project\Ti60F225_OV5640_Face_Reproduction\ip/DdrCtrl\DdrCtrl.sv (3274)" representative instance : ddr3_ctl_axi/u_efx_ddr3_soft_controller/genblk1.inst_ddr3_axi/inst_efx_ddr3/dff_734/i1
FF|OPT : Flip-flop optimization by equivalence checking
@ "D:\yilingsi_fpga\Efinity_Project\Ti60F225_OV5640_Face_Reproduction\ip/DdrCtrl\DdrCtrl.sv (3274)" removed instance : ddr3_ctl_axi/u_efx_ddr3_soft_controller/genblk1.inst_ddr3_axi/inst_efx_ddr3/dff_734/i94
@ "D:\yilingsi_fpga\Efinity_Project\Ti60F225_OV5640_Face_Reproduction\ip/DdrCtrl\DdrCtrl.sv (3274)" representative instance : ddr3_ctl_axi/u_efx_ddr3_soft_controller/genblk1.inst_ddr3_axi/inst_efx_ddr3/dff_734/i4
FF|OPT : Flip-flop optimization by equivalence checking
@ "D:\yilingsi_fpga\Efinity_Project\Ti60F225_OV5640_Face_Reproduction\ip/DdrCtrl\DdrCtrl.sv (3274)" removed instance : ddr3_ctl_axi/u_efx_ddr3_soft_controller/genblk1.inst_ddr3_axi/inst_efx_ddr3/dff_734/i96
@ "D:\yilingsi_fpga\Efinity_Project\Ti60F225_OV5640_Face_Reproduction\ip/DdrCtrl\DdrCtrl.sv (3274)" representative instance : ddr3_ctl_axi/u_efx_ddr3_soft_controller/genblk1.inst_ddr3_axi/inst_efx_ddr3/dff_734/i3
FF|OPT : Flip-flop optimization by equivalence checking
@ "D:\yilingsi_fpga\Efinity_Project\Ti60F225_OV5640_Face_Reproduction\ip/DdrCtrl\DdrCtrl.sv (3274)" removed instance : ddr3_ctl_axi/u_efx_ddr3_soft_controller/genblk1.inst_ddr3_axi/inst_efx_ddr3/dff_734/i98
@ "D:\yilingsi_fpga\Efinity_Project\Ti60F225_OV5640_Face_Reproduction\ip/DdrCtrl\DdrCtrl.sv (3274)" representative instance : ddr3_ctl_axi/u_efx_ddr3_soft_controller/genblk1.inst_ddr3_axi/inst_efx_ddr3/dff_734/i89
FF|OPT : Flip-flop optimization by equivalence checking
@ "D:\yilingsi_fpga\Efinity_Project\Ti60F225_OV5640_Face_Reproduction\ip/DdrCtrl\DdrCtrl.sv (3274)" removed instance : ddr3_ctl_axi/u_efx_ddr3_soft_controller/genblk1.inst_ddr3_axi/inst_efx_ddr3/dff_734/i99
@ "D:\yilingsi_fpga\Efinity_Project\Ti60F225_OV5640_Face_Reproduction\ip/DdrCtrl\DdrCtrl.sv (3274)" representative instance : ddr3_ctl_axi/u_efx_ddr3_soft_controller/genblk1.inst_ddr3_axi/inst_efx_ddr3/dff_734/i91
FF|OPT : Flip-flop optimization by equivalence checking
@ "D:\yilingsi_fpga\Efinity_Project\Ti60F225_OV5640_Face_Reproduction\ip/DdrCtrl\DdrCtrl.sv (3274)" removed instance : ddr3_ctl_axi/u_efx_ddr3_soft_controller/genblk1.inst_ddr3_axi/inst_efx_ddr3/dff_734/i101
@ "D:\yilingsi_fpga\Efinity_Project\Ti60F225_OV5640_Face_Reproduction\ip/DdrCtrl\DdrCtrl.sv (3274)" representative instance : ddr3_ctl_axi/u_efx_ddr3_soft_controller/genblk1.inst_ddr3_axi/inst_efx_ddr3/dff_734/i95
FF|OPT : Flip-flop optimization by equivalence checking
@ "D:\yilingsi_fpga\Efinity_Project\Ti60F225_OV5640_Face_Reproduction\ip/DdrCtrl\DdrCtrl.sv (3274)" removed instance : ddr3_ctl_axi/u_efx_ddr3_soft_controller/genblk1.inst_ddr3_axi/inst_efx_ddr3/dff_734/i102
@ "D:\yilingsi_fpga\Efinity_Project\Ti60F225_OV5640_Face_Reproduction\ip/DdrCtrl\DdrCtrl.sv (3274)" representative instance : ddr3_ctl_axi/u_efx_ddr3_soft_controller/genblk1.inst_ddr3_axi/inst_efx_ddr3/dff_734/i89
FF|OPT : Flip-flop optimization by equivalence checking
@ "D:\yilingsi_fpga\Efinity_Project\Ti60F225_OV5640_Face_Reproduction\ip/DdrCtrl\DdrCtrl.sv (3274)" removed instance : ddr3_ctl_axi/u_efx_ddr3_soft_controller/genblk1.inst_ddr3_axi/inst_efx_ddr3/dff_734/i103
@ "D:\yilingsi_fpga\Efinity_Project\Ti60F225_OV5640_Face_Reproduction\ip/DdrCtrl\DdrCtrl.sv (3274)" representative instance : ddr3_ctl_axi/u_efx_ddr3_soft_controller/genblk1.inst_ddr3_axi/inst_efx_ddr3/dff_734/i91
FF|OPT : Flip-flop optimization by equivalence checking
@ "D:\yilingsi_fpga\Efinity_Project\Ti60F225_OV5640_Face_Reproduction\ip/DdrCtrl\DdrCtrl.sv (3274)" removed instance : ddr3_ctl_axi/u_efx_ddr3_soft_controller/genblk1.inst_ddr3_axi/inst_efx_ddr3/dff_734/i104
@ "D:\yilingsi_fpga\Efinity_Project\Ti60F225_OV5640_Face_Reproduction\ip/DdrCtrl\DdrCtrl.sv (3274)" representative instance : ddr3_ctl_axi/u_efx_ddr3_soft_controller/genblk1.inst_ddr3_axi/inst_efx_ddr3/dff_734/i95
FF|OPT : Flip-flop optimization by equivalence checking
@ "D:\yilingsi_fpga\Efinity_Project\Ti60F225_OV5640_Face_Reproduction\ip/DdrCtrl\DdrCtrl.sv (1460)" removed instance : ddr3_ctl_axi/u_efx_ddr3_soft_controller/genblk1.inst_ddr3_axi/inst_efx_ddr3/top_mc/controller_main/dffrs_2527/i100_rst_0
@ "D:\yilingsi_fpga\Efinity_Project\Ti60F225_OV5640_Face_Reproduction\ip/DdrCtrl\DdrCtrl.sv (1460)" representative instance : ddr3_ctl_axi/u_efx_ddr3_soft_controller/genblk1.inst_ddr3_axi/inst_efx_ddr3/top_mc/controller_main/dffrs_2527/i10_rst_0
FF|OPT : Flip-flop optimization by equivalence checking
@ "D:\yilingsi_fpga\Efinity_Project\Ti60F225_OV5640_Face_Reproduction\ip/DdrCtrl\DdrCtrl.sv (1460)" removed instance : ddr3_ctl_axi/u_efx_ddr3_soft_controller/genblk1.inst_ddr3_axi/inst_efx_ddr3/top_mc/controller_main/dffrs_2527/i100_rst_1
@ "D:\yilingsi_fpga\Efinity_Project\Ti60F225_OV5640_Face_Reproduction\ip/DdrCtrl\DdrCtrl.sv (1460)" representative instance : ddr3_ctl_axi/u_efx_ddr3_soft_controller/genblk1.inst_ddr3_axi/inst_efx_ddr3/top_mc/controller_main/dffrs_2527/i10_rst_1
FF|OPT : Flip-flop optimization by equivalence checking
@ "D:\yilingsi_fpga\Efinity_Project\Ti60F225_OV5640_Face_Reproduction\ip/DdrCtrl\DdrCtrl.sv (1460)" removed instance : ddr3_ctl_axi/u_efx_ddr3_soft_controller/genblk1.inst_ddr3_axi/inst_efx_ddr3/top_mc/controller_main/dffrs_2527/i100_rst_2
@ "D:\yilingsi_fpga\Efinity_Project\Ti60F225_OV5640_Face_Reproduction\ip/DdrCtrl\DdrCtrl.sv (1460)" representative instance : ddr3_ctl_axi/u_efx_ddr3_soft_controller/genblk1.inst_ddr3_axi/inst_efx_ddr3/top_mc/controller_main/dffrs_2527/i10_rst_2
FF|OPT : Flip-flop optimization by equivalence checking
@ "D:\yilingsi_fpga\Efinity_Project\Ti60F225_OV5640_Face_Reproduction\ip/DdrCtrl\DdrCtrl.sv (1460)" removed instance : ddr3_ctl_axi/u_efx_ddr3_soft_controller/genblk1.inst_ddr3_axi/inst_efx_ddr3/top_mc/controller_main/dffrs_2527/i100_rst_3
@ "D:\yilingsi_fpga\Efinity_Project\Ti60F225_OV5640_Face_Reproduction\ip/DdrCtrl\DdrCtrl.sv (1460)" representative instance : ddr3_ctl_axi/u_efx_ddr3_soft_controller/genblk1.inst_ddr3_axi/inst_efx_ddr3/top_mc/controller_main/dffrs_2527/i10_rst_3
FF|OPT : Flip-flop optimization by equivalence checking
@ "D:\yilingsi_fpga\Efinity_Project\Ti60F225_OV5640_Face_Reproduction\ip/DdrCtrl\DdrCtrl.sv (1460)" removed instance : ddr3_ctl_axi/u_efx_ddr3_soft_controller/genblk1.inst_ddr3_axi/inst_efx_ddr3/top_mc/controller_main/dffrs_2527/i99_rst_0
@ "D:\yilingsi_fpga\Efinity_Project\Ti60F225_OV5640_Face_Reproduction\ip/DdrCtrl\DdrCtrl.sv (1460)" representative instance : ddr3_ctl_axi/u_efx_ddr3_soft_controller/genblk1.inst_ddr3_axi/inst_efx_ddr3/top_mc/controller_main/dffrs_2527/i10_rst_0
FF|OPT : Flip-flop optimization by equivalence checking
@ "D:\yilingsi_fpga\Efinity_Project\Ti60F225_OV5640_Face_Reproduction\ip/DdrCtrl\DdrCtrl.sv (1460)" removed instance : ddr3_ctl_axi/u_efx_ddr3_soft_controller/genblk1.inst_ddr3_axi/inst_efx_ddr3/top_mc/controller_main/dffrs_2527/i99_rst_1
@ "D:\yilingsi_fpga\Efinity_Project\Ti60F225_OV5640_Face_Reproduction\ip/DdrCtrl\DdrCtrl.sv (1460)" representative instance : ddr3_ctl_axi/u_efx_ddr3_soft_controller/genblk1.inst_ddr3_axi/inst_efx_ddr3/top_mc/controller_main/dffrs_2527/i10_rst_1
FF|OPT : Flip-flop optimization by equivalence checking
@ "D:\yilingsi_fpga\Efinity_Project\Ti60F225_OV5640_Face_Reproduction\ip/DdrCtrl\DdrCtrl.sv (1460)" removed instance : ddr3_ctl_axi/u_efx_ddr3_soft_controller/genblk1.inst_ddr3_axi/inst_efx_ddr3/top_mc/controller_main/dffrs_2527/i99_rst_2
@ "D:\yilingsi_fpga\Efinity_Project\Ti60F225_OV5640_Face_Reproduction\ip/DdrCtrl\DdrCtrl.sv (1460)" representative instance : ddr3_ctl_axi/u_efx_ddr3_soft_controller/genblk1.inst_ddr3_axi/inst_efx_ddr3/top_mc/controller_main/dffrs_2527/i10_rst_2
FF|OPT : Flip-flop optimization by equivalence checking
@ "D:\yilingsi_fpga\Efinity_Project\Ti60F225_OV5640_Face_Reproduction\ip/DdrCtrl\DdrCtrl.sv (1460)" removed instance : ddr3_ctl_axi/u_efx_ddr3_soft_controller/genblk1.inst_ddr3_axi/inst_efx_ddr3/top_mc/controller_main/dffrs_2527/i99_rst_3
@ "D:\yilingsi_fpga\Efinity_Project\Ti60F225_OV5640_Face_Reproduction\ip/DdrCtrl\DdrCtrl.sv (1460)" representative instance : ddr3_ctl_axi/u_efx_ddr3_soft_controller/genblk1.inst_ddr3_axi/inst_efx_ddr3/top_mc/controller_main/dffrs_2527/i10_rst_3
FF|OPT : Flip-flop optimization by equivalence checking
@ "D:\yilingsi_fpga\Efinity_Project\Ti60F225_OV5640_Face_Reproduction\ip/DdrCtrl\DdrCtrl.sv (1460)" removed instance : ddr3_ctl_axi/u_efx_ddr3_soft_controller/genblk1.inst_ddr3_axi/inst_efx_ddr3/top_mc/controller_main/dffrs_2527/i98_rst_0
@ "D:\yilingsi_fpga\Efinity_Project\Ti60F225_OV5640_Face_Reproduction\ip/DdrCtrl\DdrCtrl.sv (1460)" representative instance : ddr3_ctl_axi/u_efx_ddr3_soft_controller/genblk1.inst_ddr3_axi/inst_efx_ddr3/top_mc/controller_main/dffrs_2527/i10_rst_0
FF|OPT : Flip-flop optimization by equivalence checking
@ "D:\yilingsi_fpga\Efinity_Project\Ti60F225_OV5640_Face_Reproduction\ip/DdrCtrl\DdrCtrl.sv (1460)" removed instance : ddr3_ctl_axi/u_efx_ddr3_soft_controller/genblk1.inst_ddr3_axi/inst_efx_ddr3/top_mc/controller_main/dffrs_2527/i98_rst_1
@ "D:\yilingsi_fpga\Efinity_Project\Ti60F225_OV5640_Face_Reproduction\ip/DdrCtrl\DdrCtrl.sv (1460)" representative instance : ddr3_ctl_axi/u_efx_ddr3_soft_controller/genblk1.inst_ddr3_axi/inst_efx_ddr3/top_mc/controller_main/dffrs_2527/i10_rst_1
FF|OPT : Flip-flop optimization by equivalence checking
@ "D:\yilingsi_fpga\Efinity_Project\Ti60F225_OV5640_Face_Reproduction\ip/DdrCtrl\DdrCtrl.sv (1460)" removed instance : ddr3_ctl_axi/u_efx_ddr3_soft_controller/genblk1.inst_ddr3_axi/inst_efx_ddr3/top_mc/controller_main/dffrs_2527/i98_rst_2
@ "D:\yilingsi_fpga\Efinity_Project\Ti60F225_OV5640_Face_Reproduction\ip/DdrCtrl\DdrCtrl.sv (1460)" representative instance : ddr3_ctl_axi/u_efx_ddr3_soft_controller/genblk1.inst_ddr3_axi/inst_efx_ddr3/top_mc/controller_main/dffrs_2527/i10_rst_2
FF|OPT : Flip-flop optimization by equivalence checking
@ "D:\yilingsi_fpga\Efinity_Project\Ti60F225_OV5640_Face_Reproduction\ip/DdrCtrl\DdrCtrl.sv (1460)" removed instance : ddr3_ctl_axi/u_efx_ddr3_soft_controller/genblk1.inst_ddr3_axi/inst_efx_ddr3/top_mc/controller_main/dffrs_2527/i98_rst_3
@ "D:\yilingsi_fpga\Efinity_Project\Ti60F225_OV5640_Face_Reproduction\ip/DdrCtrl\DdrCtrl.sv (1460)" representative instance : ddr3_ctl_axi/u_efx_ddr3_soft_controller/genblk1.inst_ddr3_axi/inst_efx_ddr3/top_mc/controller_main/dffrs_2527/i10_rst_3
FF|OPT : Flip-flop optimization by equivalence checking
@ "D:\yilingsi_fpga\Efinity_Project\Ti60F225_OV5640_Face_Reproduction\ip/DdrCtrl\DdrCtrl.sv (1460)" removed instance : ddr3_ctl_axi/u_efx_ddr3_soft_controller/genblk1.inst_ddr3_axi/inst_efx_ddr3/top_mc/controller_main/dffrs_2527/i97_rst_0
@ "D:\yilingsi_fpga\Efinity_Project\Ti60F225_OV5640_Face_Reproduction\ip/DdrCtrl\DdrCtrl.sv (1460)" representative instance : ddr3_ctl_axi/u_efx_ddr3_soft_controller/genblk1.inst_ddr3_axi/inst_efx_ddr3/top_mc/controller_main/dffrs_2527/i10_rst_0
FF|OPT : Flip-flop optimization by equivalence checking
@ "D:\yilingsi_fpga\Efinity_Project\Ti60F225_OV5640_Face_Reproduction\ip/DdrCtrl\DdrCtrl.sv (1460)" removed instance : ddr3_ctl_axi/u_efx_ddr3_soft_controller/genblk1.inst_ddr3_axi/inst_efx_ddr3/top_mc/controller_main/dffrs_2527/i97_rst_1
@ "D:\yilingsi_fpga\Efinity_Project\Ti60F225_OV5640_Face_Reproduction\ip/DdrCtrl\DdrCtrl.sv (1460)" representative instance : ddr3_ctl_axi/u_efx_ddr3_soft_controller/genblk1.inst_ddr3_axi/inst_efx_ddr3/top_mc/controller_main/dffrs_2527/i10_rst_1
FF|OPT : Flip-flop optimization by equivalence checking
@ "D:\yilingsi_fpga\Efinity_Project\Ti60F225_OV5640_Face_Reproduction\ip/DdrCtrl\DdrCtrl.sv (1460)" removed instance : ddr3_ctl_axi/u_efx_ddr3_soft_controller/genblk1.inst_ddr3_axi/inst_efx_ddr3/top_mc/controller_main/dffrs_2527/i97_rst_2
@ "D:\yilingsi_fpga\Efinity_Project\Ti60F225_OV5640_Face_Reproduction\ip/DdrCtrl\DdrCtrl.sv (1460)" representative instance : ddr3_ctl_axi/u_efx_ddr3_soft_controller/genblk1.inst_ddr3_axi/inst_efx_ddr3/top_mc/controller_main/dffrs_2527/i10_rst_2
FF|OPT : Flip-flop optimization by equivalence checking
@ "D:\yilingsi_fpga\Efinity_Project\Ti60F225_OV5640_Face_Reproduction\ip/DdrCtrl\DdrCtrl.sv (1460)" removed instance : ddr3_ctl_axi/u_efx_ddr3_soft_controller/genblk1.inst_ddr3_axi/inst_efx_ddr3/top_mc/controller_main/dffrs_2527/i97_rst_3
@ "D:\yilingsi_fpga\Efinity_Project\Ti60F225_OV5640_Face_Reproduction\ip/DdrCtrl\DdrCtrl.sv (1460)" representative instance : ddr3_ctl_axi/u_efx_ddr3_soft_controller/genblk1.inst_ddr3_axi/inst_efx_ddr3/top_mc/controller_main/dffrs_2527/i10_rst_3
FF|OPT : Flip-flop optimization by equivalence checking
@ "D:\yilingsi_fpga\Efinity_Project\Ti60F225_OV5640_Face_Reproduction\ip/DdrCtrl\DdrCtrl.sv (1460)" removed instance : ddr3_ctl_axi/u_efx_ddr3_soft_controller/genblk1.inst_ddr3_axi/inst_efx_ddr3/top_mc/controller_main/dffrs_2527/i96_rst_0
@ "D:\yilingsi_fpga\Efinity_Project\Ti60F225_OV5640_Face_Reproduction\ip/DdrCtrl\DdrCtrl.sv (1460)" representative instance : ddr3_ctl_axi/u_efx_ddr3_soft_controller/genblk1.inst_ddr3_axi/inst_efx_ddr3/top_mc/controller_main/dffrs_2527/i10_rst_0
FF|OPT : Flip-flop optimization by equivalence checking
@ "D:\yilingsi_fpga\Efinity_Project\Ti60F225_OV5640_Face_Reproduction\ip/DdrCtrl\DdrCtrl.sv (1460)" removed instance : ddr3_ctl_axi/u_efx_ddr3_soft_controller/genblk1.inst_ddr3_axi/inst_efx_ddr3/top_mc/controller_main/dffrs_2527/i96_rst_1
@ "D:\yilingsi_fpga\Efinity_Project\Ti60F225_OV5640_Face_Reproduction\ip/DdrCtrl\DdrCtrl.sv (1460)" representative instance : ddr3_ctl_axi/u_efx_ddr3_soft_controller/genblk1.inst_ddr3_axi/inst_efx_ddr3/top_mc/controller_main/dffrs_2527/i10_rst_1
FF|OPT : Flip-flop optimization by equivalence checking
@ "D:\yilingsi_fpga\Efinity_Project\Ti60F225_OV5640_Face_Reproduction\ip/DdrCtrl\DdrCtrl.sv (1460)" removed instance : ddr3_ctl_axi/u_efx_ddr3_soft_controller/genblk1.inst_ddr3_axi/inst_efx_ddr3/top_mc/controller_main/dffrs_2527/i96_rst_2
@ "D:\yilingsi_fpga\Efinity_Project\Ti60F225_OV5640_Face_Reproduction\ip/DdrCtrl\DdrCtrl.sv (1460)" representative instance : ddr3_ctl_axi/u_efx_ddr3_soft_controller/genblk1.inst_ddr3_axi/inst_efx_ddr3/top_mc/controller_main/dffrs_2527/i10_rst_2
FF|OPT : Flip-flop optimization by equivalence checking
@ "D:\yilingsi_fpga\Efinity_Project\Ti60F225_OV5640_Face_Reproduction\ip/DdrCtrl\DdrCtrl.sv (1460)" removed instance : ddr3_ctl_axi/u_efx_ddr3_soft_controller/genblk1.inst_ddr3_axi/inst_efx_ddr3/top_mc/controller_main/dffrs_2527/i96_rst_3
@ "D:\yilingsi_fpga\Efinity_Project\Ti60F225_OV5640_Face_Reproduction\ip/DdrCtrl\DdrCtrl.sv (1460)" representative instance : ddr3_ctl_axi/u_efx_ddr3_soft_controller/genblk1.inst_ddr3_axi/inst_efx_ddr3/top_mc/controller_main/dffrs_2527/i10_rst_3
FF|OPT : Flip-flop optimization by equivalence checking
@ "D:\yilingsi_fpga\Efinity_Project\Ti60F225_OV5640_Face_Reproduction\ip/DdrCtrl\DdrCtrl.sv (1460)" removed instance : ddr3_ctl_axi/u_efx_ddr3_soft_controller/genblk1.inst_ddr3_axi/inst_efx_ddr3/top_mc/controller_main/dffrs_2527/i95_rst_0
@ "D:\yilingsi_fpga\Efinity_Project\Ti60F225_OV5640_Face_Reproduction\ip/DdrCtrl\DdrCtrl.sv (1460)" representative instance : ddr3_ctl_axi/u_efx_ddr3_soft_controller/genblk1.inst_ddr3_axi/inst_efx_ddr3/top_mc/controller_main/dffrs_2527/i10_rst_0
FF|OPT : Flip-flop optimization by equivalence checking
@ "D:\yilingsi_fpga\Efinity_Project\Ti60F225_OV5640_Face_Reproduction\ip/DdrCtrl\DdrCtrl.sv (1460)" removed instance : ddr3_ctl_axi/u_efx_ddr3_soft_controller/genblk1.inst_ddr3_axi/inst_efx_ddr3/top_mc/controller_main/dffrs_2527/i95_rst_1
@ "D:\yilingsi_fpga\Efinity_Project\Ti60F225_OV5640_Face_Reproduction\ip/DdrCtrl\DdrCtrl.sv (1460)" representative instance : ddr3_ctl_axi/u_efx_ddr3_soft_controller/genblk1.inst_ddr3_axi/inst_efx_ddr3/top_mc/controller_main/dffrs_2527/i10_rst_1
FF|OPT : Flip-flop optimization by equivalence checking
@ "D:\yilingsi_fpga\Efinity_Project\Ti60F225_OV5640_Face_Reproduction\ip/DdrCtrl\DdrCtrl.sv (1460)" removed instance : ddr3_ctl_axi/u_efx_ddr3_soft_controller/genblk1.inst_ddr3_axi/inst_efx_ddr3/top_mc/controller_main/dffrs_2527/i95_rst_2
@ "D:\yilingsi_fpga\Efinity_Project\Ti60F225_OV5640_Face_Reproduction\ip/DdrCtrl\DdrCtrl.sv (1460)" representative instance : ddr3_ctl_axi/u_efx_ddr3_soft_controller/genblk1.inst_ddr3_axi/inst_efx_ddr3/top_mc/controller_main/dffrs_2527/i10_rst_2
FF|OPT : Flip-flop optimization by equivalence checking
@ "D:\yilingsi_fpga\Efinity_Project\Ti60F225_OV5640_Face_Reproduction\ip/DdrCtrl\DdrCtrl.sv (1460)" removed instance : ddr3_ctl_axi/u_efx_ddr3_soft_controller/genblk1.inst_ddr3_axi/inst_efx_ddr3/top_mc/controller_main/dffrs_2527/i95_rst_3
@ "D:\yilingsi_fpga\Efinity_Project\Ti60F225_OV5640_Face_Reproduction\ip/DdrCtrl\DdrCtrl.sv (1460)" representative instance : ddr3_ctl_axi/u_efx_ddr3_soft_controller/genblk1.inst_ddr3_axi/inst_efx_ddr3/top_mc/controller_main/dffrs_2527/i10_rst_3
FF|OPT : Flip-flop optimization by equivalence checking
@ "D:\yilingsi_fpga\Efinity_Project\Ti60F225_OV5640_Face_Reproduction\ip/DdrCtrl\DdrCtrl.sv (1460)" removed instance : ddr3_ctl_axi/u_efx_ddr3_soft_controller/genblk1.inst_ddr3_axi/inst_efx_ddr3/top_mc/controller_main/dffrs_2527/i94_rst_0
@ "D:\yilingsi_fpga\Efinity_Project\Ti60F225_OV5640_Face_Reproduction\ip/DdrCtrl\DdrCtrl.sv (1460)" representative instance : ddr3_ctl_axi/u_efx_ddr3_soft_controller/genblk1.inst_ddr3_axi/inst_efx_ddr3/top_mc/controller_main/dffrs_2527/i10_rst_0
FF|OPT : Flip-flop optimization by equivalence checking
@ "D:\yilingsi_fpga\Efinity_Project\Ti60F225_OV5640_Face_Reproduction\ip/DdrCtrl\DdrCtrl.sv (1460)" removed instance : ddr3_ctl_axi/u_efx_ddr3_soft_controller/genblk1.inst_ddr3_axi/inst_efx_ddr3/top_mc/controller_main/dffrs_2527/i94_rst_1
@ "D:\yilingsi_fpga\Efinity_Project\Ti60F225_OV5640_Face_Reproduction\ip/DdrCtrl\DdrCtrl.sv (1460)" representative instance : ddr3_ctl_axi/u_efx_ddr3_soft_controller/genblk1.inst_ddr3_axi/inst_efx_ddr3/top_mc/controller_main/dffrs_2527/i10_rst_1
FF|OPT : Flip-flop optimization by equivalence checking
@ "D:\yilingsi_fpga\Efinity_Project\Ti60F225_OV5640_Face_Reproduction\ip/DdrCtrl\DdrCtrl.sv (1460)" removed instance : ddr3_ctl_axi/u_efx_ddr3_soft_controller/genblk1.inst_ddr3_axi/inst_efx_ddr3/top_mc/controller_main/dffrs_2527/i94_rst_2
@ "D:\yilingsi_fpga\Efinity_Project\Ti60F225_OV5640_Face_Reproduction\ip/DdrCtrl\DdrCtrl.sv (1460)" representative instance : ddr3_ctl_axi/u_efx_ddr3_soft_controller/genblk1.inst_ddr3_axi/inst_efx_ddr3/top_mc/controller_main/dffrs_2527/i10_rst_2
FF|OPT : Flip-flop optimization by equivalence checking
@ "D:\yilingsi_fpga\Efinity_Project\Ti60F225_OV5640_Face_Reproduction\ip/DdrCtrl\DdrCtrl.sv (1460)" removed instance : ddr3_ctl_axi/u_efx_ddr3_soft_controller/genblk1.inst_ddr3_axi/inst_efx_ddr3/top_mc/controller_main/dffrs_2527/i94_rst_3
@ "D:\yilingsi_fpga\Efinity_Project\Ti60F225_OV5640_Face_Reproduction\ip/DdrCtrl\DdrCtrl.sv (1460)" representative instance : ddr3_ctl_axi/u_efx_ddr3_soft_controller/genblk1.inst_ddr3_axi/inst_efx_ddr3/top_mc/controller_main/dffrs_2527/i10_rst_3
FF|OPT : Flip-flop optimization by equivalence checking
@ "D:\yilingsi_fpga\Efinity_Project\Ti60F225_OV5640_Face_Reproduction\ip/DdrCtrl\DdrCtrl.sv (1460)" removed instance : ddr3_ctl_axi/u_efx_ddr3_soft_controller/genblk1.inst_ddr3_axi/inst_efx_ddr3/top_mc/controller_main/dffrs_2527/i93_rst_0
@ "D:\yilingsi_fpga\Efinity_Project\Ti60F225_OV5640_Face_Reproduction\ip/DdrCtrl\DdrCtrl.sv (1460)" representative instance : ddr3_ctl_axi/u_efx_ddr3_soft_controller/genblk1.inst_ddr3_axi/inst_efx_ddr3/top_mc/controller_main/dffrs_2527/i10_rst_0
FF|OPT : Flip-flop optimization by equivalence checking
@ "D:\yilingsi_fpga\Efinity_Project\Ti60F225_OV5640_Face_Reproduction\ip/DdrCtrl\DdrCtrl.sv (1460)" removed instance : ddr3_ctl_axi/u_efx_ddr3_soft_controller/genblk1.inst_ddr3_axi/inst_efx_ddr3/top_mc/controller_main/dffrs_2527/i93_rst_1
@ "D:\yilingsi_fpga\Efinity_Project\Ti60F225_OV5640_Face_Reproduction\ip/DdrCtrl\DdrCtrl.sv (1460)" representative instance : ddr3_ctl_axi/u_efx_ddr3_soft_controller/genblk1.inst_ddr3_axi/inst_efx_ddr3/top_mc/controller_main/dffrs_2527/i10_rst_1
FF|OPT : Flip-flop optimization by equivalence checking
@ "D:\yilingsi_fpga\Efinity_Project\Ti60F225_OV5640_Face_Reproduction\ip/DdrCtrl\DdrCtrl.sv (1460)" removed instance : ddr3_ctl_axi/u_efx_ddr3_soft_controller/genblk1.inst_ddr3_axi/inst_efx_ddr3/top_mc/controller_main/dffrs_2527/i93_rst_2
@ "D:\yilingsi_fpga\Efinity_Project\Ti60F225_OV5640_Face_Reproduction\ip/DdrCtrl\DdrCtrl.sv (1460)" representative instance : ddr3_ctl_axi/u_efx_ddr3_soft_controller/genblk1.inst_ddr3_axi/inst_efx_ddr3/top_mc/controller_main/dffrs_2527/i10_rst_2
FF|OPT : Flip-flop optimization by equivalence checking
@ "D:\yilingsi_fpga\Efinity_Project\Ti60F225_OV5640_Face_Reproduction\ip/DdrCtrl\DdrCtrl.sv (1460)" removed instance : ddr3_ctl_axi/u_efx_ddr3_soft_controller/genblk1.inst_ddr3_axi/inst_efx_ddr3/top_mc/controller_main/dffrs_2527/i93_rst_3
@ "D:\yilingsi_fpga\Efinity_Project\Ti60F225_OV5640_Face_Reproduction\ip/DdrCtrl\DdrCtrl.sv (1460)" representative instance : ddr3_ctl_axi/u_efx_ddr3_soft_controller/genblk1.inst_ddr3_axi/inst_efx_ddr3/top_mc/controller_main/dffrs_2527/i10_rst_3
FF|OPT : Flip-flop optimization by equivalence checking
@ "D:\yilingsi_fpga\Efinity_Project\Ti60F225_OV5640_Face_Reproduction\ip/DdrCtrl\DdrCtrl.sv (1460)" removed instance : ddr3_ctl_axi/u_efx_ddr3_soft_controller/genblk1.inst_ddr3_axi/inst_efx_ddr3/top_mc/controller_main/dffrs_2527/i92_rst_0
@ "D:\yilingsi_fpga\Efinity_Project\Ti60F225_OV5640_Face_Reproduction\ip/DdrCtrl\DdrCtrl.sv (1460)" representative instance : ddr3_ctl_axi/u_efx_ddr3_soft_controller/genblk1.inst_ddr3_axi/inst_efx_ddr3/top_mc/controller_main/dffrs_2527/i10_rst_0
FF|OPT : Flip-flop optimization by equivalence checking
@ "D:\yilingsi_fpga\Efinity_Project\Ti60F225_OV5640_Face_Reproduction\ip/DdrCtrl\DdrCtrl.sv (1460)" removed instance : ddr3_ctl_axi/u_efx_ddr3_soft_controller/genblk1.inst_ddr3_axi/inst_efx_ddr3/top_mc/controller_main/dffrs_2527/i92_rst_1
@ "D:\yilingsi_fpga\Efinity_Project\Ti60F225_OV5640_Face_Reproduction\ip/DdrCtrl\DdrCtrl.sv (1460)" representative instance : ddr3_ctl_axi/u_efx_ddr3_soft_controller/genblk1.inst_ddr3_axi/inst_efx_ddr3/top_mc/controller_main/dffrs_2527/i10_rst_1
FF|OPT : Flip-flop optimization by equivalence checking
@ "D:\yilingsi_fpga\Efinity_Project\Ti60F225_OV5640_Face_Reproduction\ip/DdrCtrl\DdrCtrl.sv (1460)" removed instance : ddr3_ctl_axi/u_efx_ddr3_soft_controller/genblk1.inst_ddr3_axi/inst_efx_ddr3/top_mc/controller_main/dffrs_2527/i92_rst_2
@ "D:\yilingsi_fpga\Efinity_Project\Ti60F225_OV5640_Face_Reproduction\ip/DdrCtrl\DdrCtrl.sv (1460)" representative instance : ddr3_ctl_axi/u_efx_ddr3_soft_controller/genblk1.inst_ddr3_axi/inst_efx_ddr3/top_mc/controller_main/dffrs_2527/i10_rst_2
FF|OPT : Flip-flop optimization by equivalence checking
@ "D:\yilingsi_fpga\Efinity_Project\Ti60F225_OV5640_Face_Reproduction\ip/DdrCtrl\DdrCtrl.sv (1460)" removed instance : ddr3_ctl_axi/u_efx_ddr3_soft_controller/genblk1.inst_ddr3_axi/inst_efx_ddr3/top_mc/controller_main/dffrs_2527/i92_rst_3
@ "D:\yilingsi_fpga\Efinity_Project\Ti60F225_OV5640_Face_Reproduction\ip/DdrCtrl\DdrCtrl.sv (1460)" representative instance : ddr3_ctl_axi/u_efx_ddr3_soft_controller/genblk1.inst_ddr3_axi/inst_efx_ddr3/top_mc/controller_main/dffrs_2527/i10_rst_3
FF|OPT : Flip-flop optimization by equivalence checking
@ "D:\yilingsi_fpga\Efinity_Project\Ti60F225_OV5640_Face_Reproduction\ip/DdrCtrl\DdrCtrl.sv (1460)" removed instance : ddr3_ctl_axi/u_efx_ddr3_soft_controller/genblk1.inst_ddr3_axi/inst_efx_ddr3/top_mc/controller_main/dffrs_2527/i91_rst_0
@ "D:\yilingsi_fpga\Efinity_Project\Ti60F225_OV5640_Face_Reproduction\ip/DdrCtrl\DdrCtrl.sv (1460)" representative instance : ddr3_ctl_axi/u_efx_ddr3_soft_controller/genblk1.inst_ddr3_axi/inst_efx_ddr3/top_mc/controller_main/dffrs_2527/i10_rst_0
FF|OPT : Flip-flop optimization by equivalence checking
@ "D:\yilingsi_fpga\Efinity_Project\Ti60F225_OV5640_Face_Reproduction\ip/DdrCtrl\DdrCtrl.sv (1460)" removed instance : ddr3_ctl_axi/u_efx_ddr3_soft_controller/genblk1.inst_ddr3_axi/inst_efx_ddr3/top_mc/controller_main/dffrs_2527/i91_rst_1
@ "D:\yilingsi_fpga\Efinity_Project\Ti60F225_OV5640_Face_Reproduction\ip/DdrCtrl\DdrCtrl.sv (1460)" representative instance : ddr3_ctl_axi/u_efx_ddr3_soft_controller/genblk1.inst_ddr3_axi/inst_efx_ddr3/top_mc/controller_main/dffrs_2527/i10_rst_1
FF|OPT : Flip-flop optimization by equivalence checking
@ "D:\yilingsi_fpga\Efinity_Project\Ti60F225_OV5640_Face_Reproduction\ip/DdrCtrl\DdrCtrl.sv (1460)" removed instance : ddr3_ctl_axi/u_efx_ddr3_soft_controller/genblk1.inst_ddr3_axi/inst_efx_ddr3/top_mc/controller_main/dffrs_2527/i91_rst_2
@ "D:\yilingsi_fpga\Efinity_Project\Ti60F225_OV5640_Face_Reproduction\ip/DdrCtrl\DdrCtrl.sv (1460)" representative instance : ddr3_ctl_axi/u_efx_ddr3_soft_controller/genblk1.inst_ddr3_axi/inst_efx_ddr3/top_mc/controller_main/dffrs_2527/i10_rst_2
FF|OPT : Flip-flop optimization by equivalence checking
@ "D:\yilingsi_fpga\Efinity_Project\Ti60F225_OV5640_Face_Reproduction\ip/DdrCtrl\DdrCtrl.sv (1460)" removed instance : ddr3_ctl_axi/u_efx_ddr3_soft_controller/genblk1.inst_ddr3_axi/inst_efx_ddr3/top_mc/controller_main/dffrs_2527/i91_rst_3
@ "D:\yilingsi_fpga\Efinity_Project\Ti60F225_OV5640_Face_Reproduction\ip/DdrCtrl\DdrCtrl.sv (1460)" representative instance : ddr3_ctl_axi/u_efx_ddr3_soft_controller/genblk1.inst_ddr3_axi/inst_efx_ddr3/top_mc/controller_main/dffrs_2527/i10_rst_3
FF|OPT : Flip-flop optimization by equivalence checking
@ "D:\yilingsi_fpga\Efinity_Project\Ti60F225_OV5640_Face_Reproduction\ip/DdrCtrl\DdrCtrl.sv (1460)" removed instance : ddr3_ctl_axi/u_efx_ddr3_soft_controller/genblk1.inst_ddr3_axi/inst_efx_ddr3/top_mc/controller_main/dffrs_2527/i9_rst_0
@ "D:\yilingsi_fpga\Efinity_Project\Ti60F225_OV5640_Face_Reproduction\ip/DdrCtrl\DdrCtrl.sv (1460)" representative instance : ddr3_ctl_axi/u_efx_ddr3_soft_controller/genblk1.inst_ddr3_axi/inst_efx_ddr3/top_mc/controller_main/dffrs_2527/i10_rst_0
FF|OPT : Flip-flop optimization by equivalence checking
@ "D:\yilingsi_fpga\Efinity_Project\Ti60F225_OV5640_Face_Reproduction\ip/DdrCtrl\DdrCtrl.sv (1460)" removed instance : ddr3_ctl_axi/u_efx_ddr3_soft_controller/genblk1.inst_ddr3_axi/inst_efx_ddr3/top_mc/controller_main/dffrs_2527/i9_rst_1
@ "D:\yilingsi_fpga\Efinity_Project\Ti60F225_OV5640_Face_Reproduction\ip/DdrCtrl\DdrCtrl.sv (1460)" representative instance : ddr3_ctl_axi/u_efx_ddr3_soft_controller/genblk1.inst_ddr3_axi/inst_efx_ddr3/top_mc/controller_main/dffrs_2527/i10_rst_1
FF|OPT : Flip-flop optimization by equivalence checking
@ "D:\yilingsi_fpga\Efinity_Project\Ti60F225_OV5640_Face_Reproduction\ip/DdrCtrl\DdrCtrl.sv (1460)" removed instance : ddr3_ctl_axi/u_efx_ddr3_soft_controller/genblk1.inst_ddr3_axi/inst_efx_ddr3/top_mc/controller_main/dffrs_2527/i9_rst_2
@ "D:\yilingsi_fpga\Efinity_Project\Ti60F225_OV5640_Face_Reproduction\ip/DdrCtrl\DdrCtrl.sv (1460)" representative instance : ddr3_ctl_axi/u_efx_ddr3_soft_controller/genblk1.inst_ddr3_axi/inst_efx_ddr3/top_mc/controller_main/dffrs_2527/i10_rst_2
FF|OPT : Flip-flop optimization by equivalence checking
@ "D:\yilingsi_fpga\Efinity_Project\Ti60F225_OV5640_Face_Reproduction\ip/DdrCtrl\DdrCtrl.sv (1460)" removed instance : ddr3_ctl_axi/u_efx_ddr3_soft_controller/genblk1.inst_ddr3_axi/inst_efx_ddr3/top_mc/controller_main/dffrs_2527/i9_rst_3
@ "D:\yilingsi_fpga\Efinity_Project\Ti60F225_OV5640_Face_Reproduction\ip/DdrCtrl\DdrCtrl.sv (1460)" representative instance : ddr3_ctl_axi/u_efx_ddr3_soft_controller/genblk1.inst_ddr3_axi/inst_efx_ddr3/top_mc/controller_main/dffrs_2527/i10_rst_3
FF|OPT : Flip-flop optimization by equivalence checking
@ "D:\yilingsi_fpga\Efinity_Project\Ti60F225_OV5640_Face_Reproduction\ip/DdrCtrl\DdrCtrl.sv (1460)" removed instance : ddr3_ctl_axi/u_efx_ddr3_soft_controller/genblk1.inst_ddr3_axi/inst_efx_ddr3/top_mc/controller_main/dffrs_2527/i90_rst_0
@ "D:\yilingsi_fpga\Efinity_Project\Ti60F225_OV5640_Face_Reproduction\ip/DdrCtrl\DdrCtrl.sv (1460)" representative instance : ddr3_ctl_axi/u_efx_ddr3_soft_controller/genblk1.inst_ddr3_axi/inst_efx_ddr3/top_mc/controller_main/dffrs_2527/i10_rst_0
FF|OPT : Flip-flop optimization by equivalence checking
@ "D:\yilingsi_fpga\Efinity_Project\Ti60F225_OV5640_Face_Reproduction\ip/DdrCtrl\DdrCtrl.sv (1460)" removed instance : ddr3_ctl_axi/u_efx_ddr3_soft_controller/genblk1.inst_ddr3_axi/inst_efx_ddr3/top_mc/controller_main/dffrs_2527/i90_rst_1
@ "D:\yilingsi_fpga\Efinity_Project\Ti60F225_OV5640_Face_Reproduction\ip/DdrCtrl\DdrCtrl.sv (1460)" representative instance : ddr3_ctl_axi/u_efx_ddr3_soft_controller/genblk1.inst_ddr3_axi/inst_efx_ddr3/top_mc/controller_main/dffrs_2527/i10_rst_1
FF|OPT : Flip-flop optimization by equivalence checking
@ "D:\yilingsi_fpga\Efinity_Project\Ti60F225_OV5640_Face_Reproduction\ip/DdrCtrl\DdrCtrl.sv (1460)" removed instance : ddr3_ctl_axi/u_efx_ddr3_soft_controller/genblk1.inst_ddr3_axi/inst_efx_ddr3/top_mc/controller_main/dffrs_2527/i90_rst_2
@ "D:\yilingsi_fpga\Efinity_Project\Ti60F225_OV5640_Face_Reproduction\ip/DdrCtrl\DdrCtrl.sv (1460)" representative instance : ddr3_ctl_axi/u_efx_ddr3_soft_controller/genblk1.inst_ddr3_axi/inst_efx_ddr3/top_mc/controller_main/dffrs_2527/i10_rst_2
FF|OPT : Flip-flop optimization by equivalence checking
@ "D:\yilingsi_fpga\Efinity_Project\Ti60F225_OV5640_Face_Reproduction\ip/DdrCtrl\DdrCtrl.sv (1460)" removed instance : ddr3_ctl_axi/u_efx_ddr3_soft_controller/genblk1.inst_ddr3_axi/inst_efx_ddr3/top_mc/controller_main/dffrs_2527/i90_rst_3
@ "D:\yilingsi_fpga\Efinity_Project\Ti60F225_OV5640_Face_Reproduction\ip/DdrCtrl\DdrCtrl.sv (1460)" representative instance : ddr3_ctl_axi/u_efx_ddr3_soft_controller/genblk1.inst_ddr3_axi/inst_efx_ddr3/top_mc/controller_main/dffrs_2527/i10_rst_3
FF|OPT : Flip-flop optimization by equivalence checking
@ "D:\yilingsi_fpga\Efinity_Project\Ti60F225_OV5640_Face_Reproduction\ip/DdrCtrl\DdrCtrl.sv (1460)" removed instance : ddr3_ctl_axi/u_efx_ddr3_soft_controller/genblk1.inst_ddr3_axi/inst_efx_ddr3/top_mc/controller_main/dffrs_2527/i89_rst_0
@ "D:\yilingsi_fpga\Efinity_Project\Ti60F225_OV5640_Face_Reproduction\ip/DdrCtrl\DdrCtrl.sv (1460)" representative instance : ddr3_ctl_axi/u_efx_ddr3_soft_controller/genblk1.inst_ddr3_axi/inst_efx_ddr3/top_mc/controller_main/dffrs_2527/i10_rst_0
FF|OPT : Flip-flop optimization by equivalence checking
@ "D:\yilingsi_fpga\Efinity_Project\Ti60F225_OV5640_Face_Reproduction\ip/DdrCtrl\DdrCtrl.sv (1460)" removed instance : ddr3_ctl_axi/u_efx_ddr3_soft_controller/genblk1.inst_ddr3_axi/inst_efx_ddr3/top_mc/controller_main/dffrs_2527/i89_rst_1
@ "D:\yilingsi_fpga\Efinity_Project\Ti60F225_OV5640_Face_Reproduction\ip/DdrCtrl\DdrCtrl.sv (1460)" representative instance : ddr3_ctl_axi/u_efx_ddr3_soft_controller/genblk1.inst_ddr3_axi/inst_efx_ddr3/top_mc/controller_main/dffrs_2527/i10_rst_1
FF|OPT : Flip-flop optimization by equivalence checking
@ "D:\yilingsi_fpga\Efinity_Project\Ti60F225_OV5640_Face_Reproduction\ip/DdrCtrl\DdrCtrl.sv (1460)" removed instance : ddr3_ctl_axi/u_efx_ddr3_soft_controller/genblk1.inst_ddr3_axi/inst_efx_ddr3/top_mc/controller_main/dffrs_2527/i89_rst_2
@ "D:\yilingsi_fpga\Efinity_Project\Ti60F225_OV5640_Face_Reproduction\ip/DdrCtrl\DdrCtrl.sv (1460)" representative instance : ddr3_ctl_axi/u_efx_ddr3_soft_controller/genblk1.inst_ddr3_axi/inst_efx_ddr3/top_mc/controller_main/dffrs_2527/i10_rst_2
FF|OPT : Flip-flop optimization by equivalence checking
@ "D:\yilingsi_fpga\Efinity_Project\Ti60F225_OV5640_Face_Reproduction\ip/DdrCtrl\DdrCtrl.sv (1460)" removed instance : ddr3_ctl_axi/u_efx_ddr3_soft_controller/genblk1.inst_ddr3_axi/inst_efx_ddr3/top_mc/controller_main/dffrs_2527/i89_rst_3
@ "D:\yilingsi_fpga\Efinity_Project\Ti60F225_OV5640_Face_Reproduction\ip/DdrCtrl\DdrCtrl.sv (1460)" representative instance : ddr3_ctl_axi/u_efx_ddr3_soft_controller/genblk1.inst_ddr3_axi/inst_efx_ddr3/top_mc/controller_main/dffrs_2527/i10_rst_3
FF|OPT : Flip-flop optimization by equivalence checking
@ "D:\yilingsi_fpga\Efinity_Project\Ti60F225_OV5640_Face_Reproduction\ip/DdrCtrl\DdrCtrl.sv (1460)" removed instance : ddr3_ctl_axi/u_efx_ddr3_soft_controller/genblk1.inst_ddr3_axi/inst_efx_ddr3/top_mc/controller_main/dffrs_2527/i88_rst_0
@ "D:\yilingsi_fpga\Efinity_Project\Ti60F225_OV5640_Face_Reproduction\ip/DdrCtrl\DdrCtrl.sv (1460)" representative instance : ddr3_ctl_axi/u_efx_ddr3_soft_controller/genblk1.inst_ddr3_axi/inst_efx_ddr3/top_mc/controller_main/dffrs_2527/i10_rst_0
FF|OPT : Flip-flop optimization by equivalence checking
@ "D:\yilingsi_fpga\Efinity_Project\Ti60F225_OV5640_Face_Reproduction\ip/DdrCtrl\DdrCtrl.sv (1460)" removed instance : ddr3_ctl_axi/u_efx_ddr3_soft_controller/genblk1.inst_ddr3_axi/inst_efx_ddr3/top_mc/controller_main/dffrs_2527/i88_rst_1
@ "D:\yilingsi_fpga\Efinity_Project\Ti60F225_OV5640_Face_Reproduction\ip/DdrCtrl\DdrCtrl.sv (1460)" representative instance : ddr3_ctl_axi/u_efx_ddr3_soft_controller/genblk1.inst_ddr3_axi/inst_efx_ddr3/top_mc/controller_main/dffrs_2527/i10_rst_1
FF|OPT : Flip-flop optimization by equivalence checking
@ "D:\yilingsi_fpga\Efinity_Project\Ti60F225_OV5640_Face_Reproduction\ip/DdrCtrl\DdrCtrl.sv (1460)" removed instance : ddr3_ctl_axi/u_efx_ddr3_soft_controller/genblk1.inst_ddr3_axi/inst_efx_ddr3/top_mc/controller_main/dffrs_2527/i88_rst_2
@ "D:\yilingsi_fpga\Efinity_Project\Ti60F225_OV5640_Face_Reproduction\ip/DdrCtrl\DdrCtrl.sv (1460)" representative instance : ddr3_ctl_axi/u_efx_ddr3_soft_controller/genblk1.inst_ddr3_axi/inst_efx_ddr3/top_mc/controller_main/dffrs_2527/i10_rst_2
FF|OPT : Flip-flop optimization by equivalence checking
@ "D:\yilingsi_fpga\Efinity_Project\Ti60F225_OV5640_Face_Reproduction\ip/DdrCtrl\DdrCtrl.sv (1460)" removed instance : ddr3_ctl_axi/u_efx_ddr3_soft_controller/genblk1.inst_ddr3_axi/inst_efx_ddr3/top_mc/controller_main/dffrs_2527/i88_rst_3
@ "D:\yilingsi_fpga\Efinity_Project\Ti60F225_OV5640_Face_Reproduction\ip/DdrCtrl\DdrCtrl.sv (1460)" representative instance : ddr3_ctl_axi/u_efx_ddr3_soft_controller/genblk1.inst_ddr3_axi/inst_efx_ddr3/top_mc/controller_main/dffrs_2527/i10_rst_3
FF|OPT : Flip-flop optimization by equivalence checking
@ "D:\yilingsi_fpga\Efinity_Project\Ti60F225_OV5640_Face_Reproduction\ip/DdrCtrl\DdrCtrl.sv (1460)" removed instance : ddr3_ctl_axi/u_efx_ddr3_soft_controller/genblk1.inst_ddr3_axi/inst_efx_ddr3/top_mc/controller_main/dffrs_2527/i87_rst_0
@ "D:\yilingsi_fpga\Efinity_Project\Ti60F225_OV5640_Face_Reproduction\ip/DdrCtrl\DdrCtrl.sv (1460)" representative instance : ddr3_ctl_axi/u_efx_ddr3_soft_controller/genblk1.inst_ddr3_axi/inst_efx_ddr3/top_mc/controller_main/dffrs_2527/i10_rst_0
FF|OPT : Flip-flop optimization by equivalence checking
@ "D:\yilingsi_fpga\Efinity_Project\Ti60F225_OV5640_Face_Reproduction\ip/DdrCtrl\DdrCtrl.sv (1460)" removed instance : ddr3_ctl_axi/u_efx_ddr3_soft_controller/genblk1.inst_ddr3_axi/inst_efx_ddr3/top_mc/controller_main/dffrs_2527/i87_rst_1
@ "D:\yilingsi_fpga\Efinity_Project\Ti60F225_OV5640_Face_Reproduction\ip/DdrCtrl\DdrCtrl.sv (1460)" representative instance : ddr3_ctl_axi/u_efx_ddr3_soft_controller/genblk1.inst_ddr3_axi/inst_efx_ddr3/top_mc/controller_main/dffrs_2527/i10_rst_1
FF|OPT : Flip-flop optimization by equivalence checking
@ "D:\yilingsi_fpga\Efinity_Project\Ti60F225_OV5640_Face_Reproduction\ip/DdrCtrl\DdrCtrl.sv (1460)" removed instance : ddr3_ctl_axi/u_efx_ddr3_soft_controller/genblk1.inst_ddr3_axi/inst_efx_ddr3/top_mc/controller_main/dffrs_2527/i87_rst_2
@ "D:\yilingsi_fpga\Efinity_Project\Ti60F225_OV5640_Face_Reproduction\ip/DdrCtrl\DdrCtrl.sv (1460)" representative instance : ddr3_ctl_axi/u_efx_ddr3_soft_controller/genblk1.inst_ddr3_axi/inst_efx_ddr3/top_mc/controller_main/dffrs_2527/i10_rst_2
FF|OPT : Flip-flop optimization by equivalence checking
@ "D:\yilingsi_fpga\Efinity_Project\Ti60F225_OV5640_Face_Reproduction\ip/DdrCtrl\DdrCtrl.sv (1460)" removed instance : ddr3_ctl_axi/u_efx_ddr3_soft_controller/genblk1.inst_ddr3_axi/inst_efx_ddr3/top_mc/controller_main/dffrs_2527/i87_rst_3
@ "D:\yilingsi_fpga\Efinity_Project\Ti60F225_OV5640_Face_Reproduction\ip/DdrCtrl\DdrCtrl.sv (1460)" representative instance : ddr3_ctl_axi/u_efx_ddr3_soft_controller/genblk1.inst_ddr3_axi/inst_efx_ddr3/top_mc/controller_main/dffrs_2527/i10_rst_3
FF|OPT : Flip-flop optimization by equivalence checking
@ "D:\yilingsi_fpga\Efinity_Project\Ti60F225_OV5640_Face_Reproduction\ip/DdrCtrl\DdrCtrl.sv (1460)" removed instance : ddr3_ctl_axi/u_efx_ddr3_soft_controller/genblk1.inst_ddr3_axi/inst_efx_ddr3/top_mc/controller_main/dffrs_2527/i86_rst_0
@ "D:\yilingsi_fpga\Efinity_Project\Ti60F225_OV5640_Face_Reproduction\ip/DdrCtrl\DdrCtrl.sv (1460)" representative instance : ddr3_ctl_axi/u_efx_ddr3_soft_controller/genblk1.inst_ddr3_axi/inst_efx_ddr3/top_mc/controller_main/dffrs_2527/i10_rst_0
FF|OPT : Flip-flop optimization by equivalence checking
@ "D:\yilingsi_fpga\Efinity_Project\Ti60F225_OV5640_Face_Reproduction\ip/DdrCtrl\DdrCtrl.sv (1460)" removed instance : ddr3_ctl_axi/u_efx_ddr3_soft_controller/genblk1.inst_ddr3_axi/inst_efx_ddr3/top_mc/controller_main/dffrs_2527/i86_rst_1
@ "D:\yilingsi_fpga\Efinity_Project\Ti60F225_OV5640_Face_Reproduction\ip/DdrCtrl\DdrCtrl.sv (1460)" representative instance : ddr3_ctl_axi/u_efx_ddr3_soft_controller/genblk1.inst_ddr3_axi/inst_efx_ddr3/top_mc/controller_main/dffrs_2527/i10_rst_1
FF|OPT : Flip-flop optimization by equivalence checking
@ "D:\yilingsi_fpga\Efinity_Project\Ti60F225_OV5640_Face_Reproduction\ip/DdrCtrl\DdrCtrl.sv (1460)" removed instance : ddr3_ctl_axi/u_efx_ddr3_soft_controller/genblk1.inst_ddr3_axi/inst_efx_ddr3/top_mc/controller_main/dffrs_2527/i86_rst_2
@ "D:\yilingsi_fpga\Efinity_Project\Ti60F225_OV5640_Face_Reproduction\ip/DdrCtrl\DdrCtrl.sv (1460)" representative instance : ddr3_ctl_axi/u_efx_ddr3_soft_controller/genblk1.inst_ddr3_axi/inst_efx_ddr3/top_mc/controller_main/dffrs_2527/i10_rst_2
FF|OPT : Flip-flop optimization by equivalence checking
@ "D:\yilingsi_fpga\Efinity_Project\Ti60F225_OV5640_Face_Reproduction\ip/DdrCtrl\DdrCtrl.sv (1460)" removed instance : ddr3_ctl_axi/u_efx_ddr3_soft_controller/genblk1.inst_ddr3_axi/inst_efx_ddr3/top_mc/controller_main/dffrs_2527/i86_rst_3
@ "D:\yilingsi_fpga\Efinity_Project\Ti60F225_OV5640_Face_Reproduction\ip/DdrCtrl\DdrCtrl.sv (1460)" representative instance : ddr3_ctl_axi/u_efx_ddr3_soft_controller/genblk1.inst_ddr3_axi/inst_efx_ddr3/top_mc/controller_main/dffrs_2527/i10_rst_3
FF|OPT : Flip-flop optimization by equivalence checking
@ "D:\yilingsi_fpga\Efinity_Project\Ti60F225_OV5640_Face_Reproduction\ip/DdrCtrl\DdrCtrl.sv (1460)" removed instance : ddr3_ctl_axi/u_efx_ddr3_soft_controller/genblk1.inst_ddr3_axi/inst_efx_ddr3/top_mc/controller_main/dffrs_2527/i85_rst_0
@ "D:\yilingsi_fpga\Efinity_Project\Ti60F225_OV5640_Face_Reproduction\ip/DdrCtrl\DdrCtrl.sv (1460)" representative instance : ddr3_ctl_axi/u_efx_ddr3_soft_controller/genblk1.inst_ddr3_axi/inst_efx_ddr3/top_mc/controller_main/dffrs_2527/i10_rst_0
FF|OPT : Flip-flop optimization by equivalence checking
@ "D:\yilingsi_fpga\Efinity_Project\Ti60F225_OV5640_Face_Reproduction\ip/DdrCtrl\DdrCtrl.sv (1460)" removed instance : ddr3_ctl_axi/u_efx_ddr3_soft_controller/genblk1.inst_ddr3_axi/inst_efx_ddr3/top_mc/controller_main/dffrs_2527/i85_rst_1
@ "D:\yilingsi_fpga\Efinity_Project\Ti60F225_OV5640_Face_Reproduction\ip/DdrCtrl\DdrCtrl.sv (1460)" representative instance : ddr3_ctl_axi/u_efx_ddr3_soft_controller/genblk1.inst_ddr3_axi/inst_efx_ddr3/top_mc/controller_main/dffrs_2527/i10_rst_1
FF|OPT : Flip-flop optimization by equivalence checking
@ "D:\yilingsi_fpga\Efinity_Project\Ti60F225_OV5640_Face_Reproduction\ip/DdrCtrl\DdrCtrl.sv (1460)" removed instance : ddr3_ctl_axi/u_efx_ddr3_soft_controller/genblk1.inst_ddr3_axi/inst_efx_ddr3/top_mc/controller_main/dffrs_2527/i85_rst_2
@ "D:\yilingsi_fpga\Efinity_Project\Ti60F225_OV5640_Face_Reproduction\ip/DdrCtrl\DdrCtrl.sv (1460)" representative instance : ddr3_ctl_axi/u_efx_ddr3_soft_controller/genblk1.inst_ddr3_axi/inst_efx_ddr3/top_mc/controller_main/dffrs_2527/i10_rst_2
FF|OPT : Flip-flop optimization by equivalence checking
@ "D:\yilingsi_fpga\Efinity_Project\Ti60F225_OV5640_Face_Reproduction\ip/DdrCtrl\DdrCtrl.sv (1460)" removed instance : ddr3_ctl_axi/u_efx_ddr3_soft_controller/genblk1.inst_ddr3_axi/inst_efx_ddr3/top_mc/controller_main/dffrs_2527/i85_rst_3
@ "D:\yilingsi_fpga\Efinity_Project\Ti60F225_OV5640_Face_Reproduction\ip/DdrCtrl\DdrCtrl.sv (1460)" representative instance : ddr3_ctl_axi/u_efx_ddr3_soft_controller/genblk1.inst_ddr3_axi/inst_efx_ddr3/top_mc/controller_main/dffrs_2527/i10_rst_3
FF|OPT : Flip-flop optimization by equivalence checking
@ "D:\yilingsi_fpga\Efinity_Project\Ti60F225_OV5640_Face_Reproduction\ip/DdrCtrl\DdrCtrl.sv (3274)" removed instance : ddr3_ctl_axi/u_efx_ddr3_soft_controller/genblk1.inst_ddr3_axi/inst_efx_ddr3/dff_734/i65
@ "D:\yilingsi_fpga\Efinity_Project\Ti60F225_OV5640_Face_Reproduction\ip/DdrCtrl\DdrCtrl.sv (3274)" representative instance : ddr3_ctl_axi/u_efx_ddr3_soft_controller/genblk1.inst_ddr3_axi/inst_efx_ddr3/dff_734/i3
FF|OPT : Flip-flop optimization by equivalence checking
@ "D:\yilingsi_fpga\Efinity_Project\Ti60F225_OV5640_Face_Reproduction\ip/DdrCtrl\DdrCtrl.sv (3274)" removed instance : ddr3_ctl_axi/u_efx_ddr3_soft_controller/genblk1.inst_ddr3_axi/inst_efx_ddr3/dff_734/i66
@ "D:\yilingsi_fpga\Efinity_Project\Ti60F225_OV5640_Face_Reproduction\ip/DdrCtrl\DdrCtrl.sv (3274)" representative instance : ddr3_ctl_axi/u_efx_ddr3_soft_controller/genblk1.inst_ddr3_axi/inst_efx_ddr3/dff_734/i1
FF|OPT : Flip-flop optimization by equivalence checking
@ "D:\yilingsi_fpga\Efinity_Project\Ti60F225_OV5640_Face_Reproduction\ip/DdrCtrl\DdrCtrl.sv (3274)" removed instance : ddr3_ctl_axi/u_efx_ddr3_soft_controller/genblk1.inst_ddr3_axi/inst_efx_ddr3/dff_734/i67
@ "D:\yilingsi_fpga\Efinity_Project\Ti60F225_OV5640_Face_Reproduction\ip/DdrCtrl\DdrCtrl.sv (3274)" representative instance : ddr3_ctl_axi/u_efx_ddr3_soft_controller/genblk1.inst_ddr3_axi/inst_efx_ddr3/dff_734/i89
FF|OPT : Flip-flop optimization by equivalence checking
@ "D:\yilingsi_fpga\Efinity_Project\Ti60F225_OV5640_Face_Reproduction\ip/DdrCtrl\DdrCtrl.sv (3274)" removed instance : ddr3_ctl_axi/u_efx_ddr3_soft_controller/genblk1.inst_ddr3_axi/inst_efx_ddr3/dff_734/i68
@ "D:\yilingsi_fpga\Efinity_Project\Ti60F225_OV5640_Face_Reproduction\ip/DdrCtrl\DdrCtrl.sv (3274)" representative instance : ddr3_ctl_axi/u_efx_ddr3_soft_controller/genblk1.inst_ddr3_axi/inst_efx_ddr3/dff_734/i1
FF|OPT : Flip-flop optimization by equivalence checking
@ "D:\yilingsi_fpga\Efinity_Project\Ti60F225_OV5640_Face_Reproduction\ip/DdrCtrl\DdrCtrl.sv (3274)" removed instance : ddr3_ctl_axi/u_efx_ddr3_soft_controller/genblk1.inst_ddr3_axi/inst_efx_ddr3/dff_734/i69
@ "D:\yilingsi_fpga\Efinity_Project\Ti60F225_OV5640_Face_Reproduction\ip/DdrCtrl\DdrCtrl.sv (3274)" representative instance : ddr3_ctl_axi/u_efx_ddr3_soft_controller/genblk1.inst_ddr3_axi/inst_efx_ddr3/dff_734/i5
FF|OPT : Flip-flop optimization by equivalence checking
@ "D:\yilingsi_fpga\Efinity_Project\Ti60F225_OV5640_Face_Reproduction\ip/DdrCtrl\DdrCtrl.sv (3274)" removed instance : ddr3_ctl_axi/u_efx_ddr3_soft_controller/genblk1.inst_ddr3_axi/inst_efx_ddr3/dff_734/i70
@ "D:\yilingsi_fpga\Efinity_Project\Ti60F225_OV5640_Face_Reproduction\ip/DdrCtrl\DdrCtrl.sv (3274)" representative instance : ddr3_ctl_axi/u_efx_ddr3_soft_controller/genblk1.inst_ddr3_axi/inst_efx_ddr3/dff_734/i5
FF|OPT : Flip-flop optimization by equivalence checking
@ "D:\yilingsi_fpga\Efinity_Project\Ti60F225_OV5640_Face_Reproduction\ip/DdrCtrl\DdrCtrl.sv (3274)" removed instance : ddr3_ctl_axi/u_efx_ddr3_soft_controller/genblk1.inst_ddr3_axi/inst_efx_ddr3/dff_734/i71
@ "D:\yilingsi_fpga\Efinity_Project\Ti60F225_OV5640_Face_Reproduction\ip/DdrCtrl\DdrCtrl.sv (3274)" representative instance : ddr3_ctl_axi/u_efx_ddr3_soft_controller/genblk1.inst_ddr3_axi/inst_efx_ddr3/dff_734/i93
FF|OPT : Flip-flop optimization by equivalence checking
@ "D:\yilingsi_fpga\Efinity_Project\Ti60F225_OV5640_Face_Reproduction\ip/DdrCtrl\DdrCtrl.sv (3274)" removed instance : ddr3_ctl_axi/u_efx_ddr3_soft_controller/genblk1.inst_ddr3_axi/inst_efx_ddr3/dff_734/i72
@ "D:\yilingsi_fpga\Efinity_Project\Ti60F225_OV5640_Face_Reproduction\ip/DdrCtrl\DdrCtrl.sv (3274)" representative instance : ddr3_ctl_axi/u_efx_ddr3_soft_controller/genblk1.inst_ddr3_axi/inst_efx_ddr3/dff_734/i2
FF|OPT : Flip-flop optimization by equivalence checking
@ "D:\yilingsi_fpga\Efinity_Project\Ti60F225_OV5640_Face_Reproduction\ip/DdrCtrl\DdrCtrl.sv (3274)" removed instance : ddr3_ctl_axi/u_efx_ddr3_soft_controller/genblk1.inst_ddr3_axi/inst_efx_ddr3/dff_734/i73
@ "D:\yilingsi_fpga\Efinity_Project\Ti60F225_OV5640_Face_Reproduction\ip/DdrCtrl\DdrCtrl.sv (3274)" representative instance : ddr3_ctl_axi/u_efx_ddr3_soft_controller/genblk1.inst_ddr3_axi/inst_efx_ddr3/dff_734/i3
FF|OPT : Flip-flop optimization by equivalence checking
@ "D:\yilingsi_fpga\Efinity_Project\Ti60F225_OV5640_Face_Reproduction\ip/DdrCtrl\DdrCtrl.sv (3274)" removed instance : ddr3_ctl_axi/u_efx_ddr3_soft_controller/genblk1.inst_ddr3_axi/inst_efx_ddr3/dff_734/i74
@ "D:\yilingsi_fpga\Efinity_Project\Ti60F225_OV5640_Face_Reproduction\ip/DdrCtrl\DdrCtrl.sv (3274)" representative instance : ddr3_ctl_axi/u_efx_ddr3_soft_controller/genblk1.inst_ddr3_axi/inst_efx_ddr3/dff_734/i3
FF|OPT : Flip-flop optimization by equivalence checking
@ "D:\yilingsi_fpga\Efinity_Project\Ti60F225_OV5640_Face_Reproduction\ip/DdrCtrl\DdrCtrl.sv (3274)" removed instance : ddr3_ctl_axi/u_efx_ddr3_soft_controller/genblk1.inst_ddr3_axi/inst_efx_ddr3/dff_734/i75
@ "D:\yilingsi_fpga\Efinity_Project\Ti60F225_OV5640_Face_Reproduction\ip/DdrCtrl\DdrCtrl.sv (3274)" representative instance : ddr3_ctl_axi/u_efx_ddr3_soft_controller/genblk1.inst_ddr3_axi/inst_efx_ddr3/dff_734/i89
FF|OPT : Flip-flop optimization by equivalence checking
@ "D:\yilingsi_fpga\Efinity_Project\Ti60F225_OV5640_Face_Reproduction\ip/DdrCtrl\DdrCtrl.sv (3274)" removed instance : ddr3_ctl_axi/u_efx_ddr3_soft_controller/genblk1.inst_ddr3_axi/inst_efx_ddr3/dff_734/i76
@ "D:\yilingsi_fpga\Efinity_Project\Ti60F225_OV5640_Face_Reproduction\ip/DdrCtrl\DdrCtrl.sv (3274)" representative instance : ddr3_ctl_axi/u_efx_ddr3_soft_controller/genblk1.inst_ddr3_axi/inst_efx_ddr3/dff_734/i1
FF|OPT : Flip-flop optimization by equivalence checking
@ "D:\yilingsi_fpga\Efinity_Project\Ti60F225_OV5640_Face_Reproduction\ip/DdrCtrl\DdrCtrl.sv (3274)" removed instance : ddr3_ctl_axi/u_efx_ddr3_soft_controller/genblk1.inst_ddr3_axi/inst_efx_ddr3/dff_734/i77
@ "D:\yilingsi_fpga\Efinity_Project\Ti60F225_OV5640_Face_Reproduction\ip/DdrCtrl\DdrCtrl.sv (3274)" representative instance : ddr3_ctl_axi/u_efx_ddr3_soft_controller/genblk1.inst_ddr3_axi/inst_efx_ddr3/dff_734/i2
FF|OPT : Flip-flop optimization by equivalence checking
@ "D:\yilingsi_fpga\Efinity_Project\Ti60F225_OV5640_Face_Reproduction\ip/DdrCtrl\DdrCtrl.sv (3274)" removed instance : ddr3_ctl_axi/u_efx_ddr3_soft_controller/genblk1.inst_ddr3_axi/inst_efx_ddr3/dff_734/i78
@ "D:\yilingsi_fpga\Efinity_Project\Ti60F225_OV5640_Face_Reproduction\ip/DdrCtrl\DdrCtrl.sv (3274)" representative instance : ddr3_ctl_axi/u_efx_ddr3_soft_controller/genblk1.inst_ddr3_axi/inst_efx_ddr3/dff_734/i5
FF|OPT : Flip-flop optimization by equivalence checking
@ "D:\yilingsi_fpga\Efinity_Project\Ti60F225_OV5640_Face_Reproduction\ip/DdrCtrl\DdrCtrl.sv (3274)" removed instance : ddr3_ctl_axi/u_efx_ddr3_soft_controller/genblk1.inst_ddr3_axi/inst_efx_ddr3/dff_734/i79
@ "D:\yilingsi_fpga\Efinity_Project\Ti60F225_OV5640_Face_Reproduction\ip/DdrCtrl\DdrCtrl.sv (3274)" representative instance : ddr3_ctl_axi/u_efx_ddr3_soft_controller/genblk1.inst_ddr3_axi/inst_efx_ddr3/dff_734/i89
FF|OPT : Flip-flop optimization by equivalence checking
@ "D:\yilingsi_fpga\Efinity_Project\Ti60F225_OV5640_Face_Reproduction\ip/DdrCtrl\DdrCtrl.sv (3274)" removed instance : ddr3_ctl_axi/u_efx_ddr3_soft_controller/genblk1.inst_ddr3_axi/inst_efx_ddr3/dff_734/i80
@ "D:\yilingsi_fpga\Efinity_Project\Ti60F225_OV5640_Face_Reproduction\ip/DdrCtrl\DdrCtrl.sv (3274)" representative instance : ddr3_ctl_axi/u_efx_ddr3_soft_controller/genblk1.inst_ddr3_axi/inst_efx_ddr3/dff_734/i3
FF|OPT : Flip-flop optimization by equivalence checking
@ "D:\yilingsi_fpga\Efinity_Project\Ti60F225_OV5640_Face_Reproduction\ip/DdrCtrl\DdrCtrl.sv (3274)" removed instance : ddr3_ctl_axi/u_efx_ddr3_soft_controller/genblk1.inst_ddr3_axi/inst_efx_ddr3/dff_734/i82
@ "D:\yilingsi_fpga\Efinity_Project\Ti60F225_OV5640_Face_Reproduction\ip/DdrCtrl\DdrCtrl.sv (3274)" representative instance : ddr3_ctl_axi/u_efx_ddr3_soft_controller/genblk1.inst_ddr3_axi/inst_efx_ddr3/dff_734/i4
FF|OPT : Flip-flop optimization by equivalence checking
@ "D:\yilingsi_fpga\Efinity_Project\Ti60F225_OV5640_Face_Reproduction\ip/DdrCtrl\DdrCtrl.sv (3274)" removed instance : ddr3_ctl_axi/u_efx_ddr3_soft_controller/genblk1.inst_ddr3_axi/inst_efx_ddr3/dff_734/i83
@ "D:\yilingsi_fpga\Efinity_Project\Ti60F225_OV5640_Face_Reproduction\ip/DdrCtrl\DdrCtrl.sv (3274)" representative instance : ddr3_ctl_axi/u_efx_ddr3_soft_controller/genblk1.inst_ddr3_axi/inst_efx_ddr3/dff_734/i95
FF|OPT : Flip-flop optimization by equivalence checking
@ "D:\yilingsi_fpga\Efinity_Project\Ti60F225_OV5640_Face_Reproduction\ip/DdrCtrl\DdrCtrl.sv (3274)" removed instance : ddr3_ctl_axi/u_efx_ddr3_soft_controller/genblk1.inst_ddr3_axi/inst_efx_ddr3/dff_734/i84
@ "D:\yilingsi_fpga\Efinity_Project\Ti60F225_OV5640_Face_Reproduction\ip/DdrCtrl\DdrCtrl.sv (3274)" representative instance : ddr3_ctl_axi/u_efx_ddr3_soft_controller/genblk1.inst_ddr3_axi/inst_efx_ddr3/dff_734/i1
FF|OPT : Flip-flop optimization by equivalence checking
@ "D:\yilingsi_fpga\Efinity_Project\Ti60F225_OV5640_Face_Reproduction\ip/DdrCtrl\DdrCtrl.sv (1460)" removed instance : ddr3_ctl_axi/u_efx_ddr3_soft_controller/genblk1.inst_ddr3_axi/inst_efx_ddr3/top_mc/controller_main/dffrs_2527/i84_rst_0
@ "D:\yilingsi_fpga\Efinity_Project\Ti60F225_OV5640_Face_Reproduction\ip/DdrCtrl\DdrCtrl.sv (1460)" representative instance : ddr3_ctl_axi/u_efx_ddr3_soft_controller/genblk1.inst_ddr3_axi/inst_efx_ddr3/top_mc/controller_main/dffrs_2527/i10_rst_0
FF|OPT : Flip-flop optimization by equivalence checking
@ "D:\yilingsi_fpga\Efinity_Project\Ti60F225_OV5640_Face_Reproduction\ip/DdrCtrl\DdrCtrl.sv (1460)" removed instance : ddr3_ctl_axi/u_efx_ddr3_soft_controller/genblk1.inst_ddr3_axi/inst_efx_ddr3/top_mc/controller_main/dffrs_2527/i84_rst_1
@ "D:\yilingsi_fpga\Efinity_Project\Ti60F225_OV5640_Face_Reproduction\ip/DdrCtrl\DdrCtrl.sv (1460)" representative instance : ddr3_ctl_axi/u_efx_ddr3_soft_controller/genblk1.inst_ddr3_axi/inst_efx_ddr3/top_mc/controller_main/dffrs_2527/i10_rst_1
FF|OPT : Flip-flop optimization by equivalence checking
@ "D:\yilingsi_fpga\Efinity_Project\Ti60F225_OV5640_Face_Reproduction\ip/DdrCtrl\DdrCtrl.sv (1460)" removed instance : ddr3_ctl_axi/u_efx_ddr3_soft_controller/genblk1.inst_ddr3_axi/inst_efx_ddr3/top_mc/controller_main/dffrs_2527/i84_rst_2
@ "D:\yilingsi_fpga\Efinity_Project\Ti60F225_OV5640_Face_Reproduction\ip/DdrCtrl\DdrCtrl.sv (1460)" representative instance : ddr3_ctl_axi/u_efx_ddr3_soft_controller/genblk1.inst_ddr3_axi/inst_efx_ddr3/top_mc/controller_main/dffrs_2527/i10_rst_2
FF|OPT : Flip-flop optimization by equivalence checking
@ "D:\yilingsi_fpga\Efinity_Project\Ti60F225_OV5640_Face_Reproduction\ip/DdrCtrl\DdrCtrl.sv (1460)" removed instance : ddr3_ctl_axi/u_efx_ddr3_soft_controller/genblk1.inst_ddr3_axi/inst_efx_ddr3/top_mc/controller_main/dffrs_2527/i84_rst_3
@ "D:\yilingsi_fpga\Efinity_Project\Ti60F225_OV5640_Face_Reproduction\ip/DdrCtrl\DdrCtrl.sv (1460)" representative instance : ddr3_ctl_axi/u_efx_ddr3_soft_controller/genblk1.inst_ddr3_axi/inst_efx_ddr3/top_mc/controller_main/dffrs_2527/i10_rst_3
FF|OPT : Flip-flop optimization by equivalence checking
@ "D:\yilingsi_fpga\Efinity_Project\Ti60F225_OV5640_Face_Reproduction\ip/DdrCtrl\DdrCtrl.sv (1460)" removed instance : ddr3_ctl_axi/u_efx_ddr3_soft_controller/genblk1.inst_ddr3_axi/inst_efx_ddr3/top_mc/controller_main/dffrs_2527/i83_rst_0
@ "D:\yilingsi_fpga\Efinity_Project\Ti60F225_OV5640_Face_Reproduction\ip/DdrCtrl\DdrCtrl.sv (1460)" representative instance : ddr3_ctl_axi/u_efx_ddr3_soft_controller/genblk1.inst_ddr3_axi/inst_efx_ddr3/top_mc/controller_main/dffrs_2527/i10_rst_0
FF|OPT : Flip-flop optimization by equivalence checking
@ "D:\yilingsi_fpga\Efinity_Project\Ti60F225_OV5640_Face_Reproduction\ip/DdrCtrl\DdrCtrl.sv (1460)" removed instance : ddr3_ctl_axi/u_efx_ddr3_soft_controller/genblk1.inst_ddr3_axi/inst_efx_ddr3/top_mc/controller_main/dffrs_2527/i83_rst_1
@ "D:\yilingsi_fpga\Efinity_Project\Ti60F225_OV5640_Face_Reproduction\ip/DdrCtrl\DdrCtrl.sv (1460)" representative instance : ddr3_ctl_axi/u_efx_ddr3_soft_controller/genblk1.inst_ddr3_axi/inst_efx_ddr3/top_mc/controller_main/dffrs_2527/i10_rst_1
FF|OPT : Flip-flop optimization by equivalence checking
@ "D:\yilingsi_fpga\Efinity_Project\Ti60F225_OV5640_Face_Reproduction\ip/DdrCtrl\DdrCtrl.sv (1460)" removed instance : ddr3_ctl_axi/u_efx_ddr3_soft_controller/genblk1.inst_ddr3_axi/inst_efx_ddr3/top_mc/controller_main/dffrs_2527/i83_rst_2
@ "D:\yilingsi_fpga\Efinity_Project\Ti60F225_OV5640_Face_Reproduction\ip/DdrCtrl\DdrCtrl.sv (1460)" representative instance : ddr3_ctl_axi/u_efx_ddr3_soft_controller/genblk1.inst_ddr3_axi/inst_efx_ddr3/top_mc/controller_main/dffrs_2527/i10_rst_2
FF|OPT : Flip-flop optimization by equivalence checking
@ "D:\yilingsi_fpga\Efinity_Project\Ti60F225_OV5640_Face_Reproduction\ip/DdrCtrl\DdrCtrl.sv (1460)" removed instance : ddr3_ctl_axi/u_efx_ddr3_soft_controller/genblk1.inst_ddr3_axi/inst_efx_ddr3/top_mc/controller_main/dffrs_2527/i83_rst_3
@ "D:\yilingsi_fpga\Efinity_Project\Ti60F225_OV5640_Face_Reproduction\ip/DdrCtrl\DdrCtrl.sv (1460)" representative instance : ddr3_ctl_axi/u_efx_ddr3_soft_controller/genblk1.inst_ddr3_axi/inst_efx_ddr3/top_mc/controller_main/dffrs_2527/i10_rst_3
FF|OPT : Flip-flop optimization by equivalence checking
@ "D:\yilingsi_fpga\Efinity_Project\Ti60F225_OV5640_Face_Reproduction\ip/DdrCtrl\DdrCtrl.sv (1460)" removed instance : ddr3_ctl_axi/u_efx_ddr3_soft_controller/genblk1.inst_ddr3_axi/inst_efx_ddr3/top_mc/controller_main/dffrs_2527/i82_rst_0
@ "D:\yilingsi_fpga\Efinity_Project\Ti60F225_OV5640_Face_Reproduction\ip/DdrCtrl\DdrCtrl.sv (1460)" representative instance : ddr3_ctl_axi/u_efx_ddr3_soft_controller/genblk1.inst_ddr3_axi/inst_efx_ddr3/top_mc/controller_main/dffrs_2527/i10_rst_0
FF|OPT : Flip-flop optimization by equivalence checking
@ "D:\yilingsi_fpga\Efinity_Project\Ti60F225_OV5640_Face_Reproduction\ip/DdrCtrl\DdrCtrl.sv (1460)" removed instance : ddr3_ctl_axi/u_efx_ddr3_soft_controller/genblk1.inst_ddr3_axi/inst_efx_ddr3/top_mc/controller_main/dffrs_2527/i82_rst_1
@ "D:\yilingsi_fpga\Efinity_Project\Ti60F225_OV5640_Face_Reproduction\ip/DdrCtrl\DdrCtrl.sv (1460)" representative instance : ddr3_ctl_axi/u_efx_ddr3_soft_controller/genblk1.inst_ddr3_axi/inst_efx_ddr3/top_mc/controller_main/dffrs_2527/i10_rst_1
FF|OPT : Flip-flop optimization by equivalence checking
@ "D:\yilingsi_fpga\Efinity_Project\Ti60F225_OV5640_Face_Reproduction\ip/DdrCtrl\DdrCtrl.sv (1460)" removed instance : ddr3_ctl_axi/u_efx_ddr3_soft_controller/genblk1.inst_ddr3_axi/inst_efx_ddr3/top_mc/controller_main/dffrs_2527/i82_rst_2
@ "D:\yilingsi_fpga\Efinity_Project\Ti60F225_OV5640_Face_Reproduction\ip/DdrCtrl\DdrCtrl.sv (1460)" representative instance : ddr3_ctl_axi/u_efx_ddr3_soft_controller/genblk1.inst_ddr3_axi/inst_efx_ddr3/top_mc/controller_main/dffrs_2527/i10_rst_2
FF|OPT : Flip-flop optimization by equivalence checking
@ "D:\yilingsi_fpga\Efinity_Project\Ti60F225_OV5640_Face_Reproduction\ip/DdrCtrl\DdrCtrl.sv (1460)" removed instance : ddr3_ctl_axi/u_efx_ddr3_soft_controller/genblk1.inst_ddr3_axi/inst_efx_ddr3/top_mc/controller_main/dffrs_2527/i82_rst_3
@ "D:\yilingsi_fpga\Efinity_Project\Ti60F225_OV5640_Face_Reproduction\ip/DdrCtrl\DdrCtrl.sv (1460)" representative instance : ddr3_ctl_axi/u_efx_ddr3_soft_controller/genblk1.inst_ddr3_axi/inst_efx_ddr3/top_mc/controller_main/dffrs_2527/i10_rst_3
FF|OPT : Flip-flop optimization by equivalence checking
@ "D:\yilingsi_fpga\Efinity_Project\Ti60F225_OV5640_Face_Reproduction\ip/DdrCtrl\DdrCtrl.sv (1460)" removed instance : ddr3_ctl_axi/u_efx_ddr3_soft_controller/genblk1.inst_ddr3_axi/inst_efx_ddr3/top_mc/controller_main/dffrs_2527/i81_rst_0
@ "D:\yilingsi_fpga\Efinity_Project\Ti60F225_OV5640_Face_Reproduction\ip/DdrCtrl\DdrCtrl.sv (1460)" representative instance : ddr3_ctl_axi/u_efx_ddr3_soft_controller/genblk1.inst_ddr3_axi/inst_efx_ddr3/top_mc/controller_main/dffrs_2527/i10_rst_0
FF|OPT : Flip-flop optimization by equivalence checking
@ "D:\yilingsi_fpga\Efinity_Project\Ti60F225_OV5640_Face_Reproduction\ip/DdrCtrl\DdrCtrl.sv (1460)" removed instance : ddr3_ctl_axi/u_efx_ddr3_soft_controller/genblk1.inst_ddr3_axi/inst_efx_ddr3/top_mc/controller_main/dffrs_2527/i81_rst_1
@ "D:\yilingsi_fpga\Efinity_Project\Ti60F225_OV5640_Face_Reproduction\ip/DdrCtrl\DdrCtrl.sv (1460)" representative instance : ddr3_ctl_axi/u_efx_ddr3_soft_controller/genblk1.inst_ddr3_axi/inst_efx_ddr3/top_mc/controller_main/dffrs_2527/i10_rst_1
FF|OPT : Flip-flop optimization by equivalence checking
@ "D:\yilingsi_fpga\Efinity_Project\Ti60F225_OV5640_Face_Reproduction\ip/DdrCtrl\DdrCtrl.sv (1460)" removed instance : ddr3_ctl_axi/u_efx_ddr3_soft_controller/genblk1.inst_ddr3_axi/inst_efx_ddr3/top_mc/controller_main/dffrs_2527/i81_rst_2
@ "D:\yilingsi_fpga\Efinity_Project\Ti60F225_OV5640_Face_Reproduction\ip/DdrCtrl\DdrCtrl.sv (1460)" representative instance : ddr3_ctl_axi/u_efx_ddr3_soft_controller/genblk1.inst_ddr3_axi/inst_efx_ddr3/top_mc/controller_main/dffrs_2527/i10_rst_2
FF|OPT : Flip-flop optimization by equivalence checking
@ "D:\yilingsi_fpga\Efinity_Project\Ti60F225_OV5640_Face_Reproduction\ip/DdrCtrl\DdrCtrl.sv (1460)" removed instance : ddr3_ctl_axi/u_efx_ddr3_soft_controller/genblk1.inst_ddr3_axi/inst_efx_ddr3/top_mc/controller_main/dffrs_2527/i81_rst_3
@ "D:\yilingsi_fpga\Efinity_Project\Ti60F225_OV5640_Face_Reproduction\ip/DdrCtrl\DdrCtrl.sv (1460)" representative instance : ddr3_ctl_axi/u_efx_ddr3_soft_controller/genblk1.inst_ddr3_axi/inst_efx_ddr3/top_mc/controller_main/dffrs_2527/i10_rst_3
FF|OPT : Flip-flop optimization by equivalence checking
@ "D:\yilingsi_fpga\Efinity_Project\Ti60F225_OV5640_Face_Reproduction\ip/DdrCtrl\DdrCtrl.sv (1460)" removed instance : ddr3_ctl_axi/u_efx_ddr3_soft_controller/genblk1.inst_ddr3_axi/inst_efx_ddr3/top_mc/controller_main/dffrs_2527/i8_rst_0
@ "D:\yilingsi_fpga\Efinity_Project\Ti60F225_OV5640_Face_Reproduction\ip/DdrCtrl\DdrCtrl.sv (1460)" representative instance : ddr3_ctl_axi/u_efx_ddr3_soft_controller/genblk1.inst_ddr3_axi/inst_efx_ddr3/top_mc/controller_main/dffrs_2527/i10_rst_0
FF|OPT : Flip-flop optimization by equivalence checking
@ "D:\yilingsi_fpga\Efinity_Project\Ti60F225_OV5640_Face_Reproduction\ip/DdrCtrl\DdrCtrl.sv (1460)" removed instance : ddr3_ctl_axi/u_efx_ddr3_soft_controller/genblk1.inst_ddr3_axi/inst_efx_ddr3/top_mc/controller_main/dffrs_2527/i8_rst_1
@ "D:\yilingsi_fpga\Efinity_Project\Ti60F225_OV5640_Face_Reproduction\ip/DdrCtrl\DdrCtrl.sv (1460)" representative instance : ddr3_ctl_axi/u_efx_ddr3_soft_controller/genblk1.inst_ddr3_axi/inst_efx_ddr3/top_mc/controller_main/dffrs_2527/i10_rst_1
FF|OPT : Flip-flop optimization by equivalence checking
@ "D:\yilingsi_fpga\Efinity_Project\Ti60F225_OV5640_Face_Reproduction\ip/DdrCtrl\DdrCtrl.sv (1460)" removed instance : ddr3_ctl_axi/u_efx_ddr3_soft_controller/genblk1.inst_ddr3_axi/inst_efx_ddr3/top_mc/controller_main/dffrs_2527/i8_rst_2
@ "D:\yilingsi_fpga\Efinity_Project\Ti60F225_OV5640_Face_Reproduction\ip/DdrCtrl\DdrCtrl.sv (1460)" representative instance : ddr3_ctl_axi/u_efx_ddr3_soft_controller/genblk1.inst_ddr3_axi/inst_efx_ddr3/top_mc/controller_main/dffrs_2527/i10_rst_2
FF|OPT : Flip-flop optimization by equivalence checking
@ "D:\yilingsi_fpga\Efinity_Project\Ti60F225_OV5640_Face_Reproduction\ip/DdrCtrl\DdrCtrl.sv (1460)" removed instance : ddr3_ctl_axi/u_efx_ddr3_soft_controller/genblk1.inst_ddr3_axi/inst_efx_ddr3/top_mc/controller_main/dffrs_2527/i8_rst_3
@ "D:\yilingsi_fpga\Efinity_Project\Ti60F225_OV5640_Face_Reproduction\ip/DdrCtrl\DdrCtrl.sv (1460)" representative instance : ddr3_ctl_axi/u_efx_ddr3_soft_controller/genblk1.inst_ddr3_axi/inst_efx_ddr3/top_mc/controller_main/dffrs_2527/i10_rst_3
FF|OPT : Flip-flop optimization by equivalence checking
@ "D:\yilingsi_fpga\Efinity_Project\Ti60F225_OV5640_Face_Reproduction\ip/DdrCtrl\DdrCtrl.sv (1460)" removed instance : ddr3_ctl_axi/u_efx_ddr3_soft_controller/genblk1.inst_ddr3_axi/inst_efx_ddr3/top_mc/controller_main/dffrs_2527/i80_rst_0
@ "D:\yilingsi_fpga\Efinity_Project\Ti60F225_OV5640_Face_Reproduction\ip/DdrCtrl\DdrCtrl.sv (1460)" representative instance : ddr3_ctl_axi/u_efx_ddr3_soft_controller/genblk1.inst_ddr3_axi/inst_efx_ddr3/top_mc/controller_main/dffrs_2527/i10_rst_0
FF|OPT : Flip-flop optimization by equivalence checking
@ "D:\yilingsi_fpga\Efinity_Project\Ti60F225_OV5640_Face_Reproduction\ip/DdrCtrl\DdrCtrl.sv (1460)" removed instance : ddr3_ctl_axi/u_efx_ddr3_soft_controller/genblk1.inst_ddr3_axi/inst_efx_ddr3/top_mc/controller_main/dffrs_2527/i80_rst_1
@ "D:\yilingsi_fpga\Efinity_Project\Ti60F225_OV5640_Face_Reproduction\ip/DdrCtrl\DdrCtrl.sv (1460)" representative instance : ddr3_ctl_axi/u_efx_ddr3_soft_controller/genblk1.inst_ddr3_axi/inst_efx_ddr3/top_mc/controller_main/dffrs_2527/i10_rst_1
FF|OPT : Flip-flop optimization by equivalence checking
@ "D:\yilingsi_fpga\Efinity_Project\Ti60F225_OV5640_Face_Reproduction\ip/DdrCtrl\DdrCtrl.sv (1460)" removed instance : ddr3_ctl_axi/u_efx_ddr3_soft_controller/genblk1.inst_ddr3_axi/inst_efx_ddr3/top_mc/controller_main/dffrs_2527/i80_rst_2
@ "D:\yilingsi_fpga\Efinity_Project\Ti60F225_OV5640_Face_Reproduction\ip/DdrCtrl\DdrCtrl.sv (1460)" representative instance : ddr3_ctl_axi/u_efx_ddr3_soft_controller/genblk1.inst_ddr3_axi/inst_efx_ddr3/top_mc/controller_main/dffrs_2527/i10_rst_2
FF|OPT : Flip-flop optimization by equivalence checking
@ "D:\yilingsi_fpga\Efinity_Project\Ti60F225_OV5640_Face_Reproduction\ip/DdrCtrl\DdrCtrl.sv (1460)" removed instance : ddr3_ctl_axi/u_efx_ddr3_soft_controller/genblk1.inst_ddr3_axi/inst_efx_ddr3/top_mc/controller_main/dffrs_2527/i80_rst_3
@ "D:\yilingsi_fpga\Efinity_Project\Ti60F225_OV5640_Face_Reproduction\ip/DdrCtrl\DdrCtrl.sv (1460)" representative instance : ddr3_ctl_axi/u_efx_ddr3_soft_controller/genblk1.inst_ddr3_axi/inst_efx_ddr3/top_mc/controller_main/dffrs_2527/i10_rst_3
FF|OPT : Flip-flop optimization by equivalence checking
@ "D:\yilingsi_fpga\Efinity_Project\Ti60F225_OV5640_Face_Reproduction\ip/DdrCtrl\DdrCtrl.sv (1460)" removed instance : ddr3_ctl_axi/u_efx_ddr3_soft_controller/genblk1.inst_ddr3_axi/inst_efx_ddr3/top_mc/controller_main/dffrs_2527/i79_rst_0
@ "D:\yilingsi_fpga\Efinity_Project\Ti60F225_OV5640_Face_Reproduction\ip/DdrCtrl\DdrCtrl.sv (1460)" representative instance : ddr3_ctl_axi/u_efx_ddr3_soft_controller/genblk1.inst_ddr3_axi/inst_efx_ddr3/top_mc/controller_main/dffrs_2527/i10_rst_0
FF|OPT : Flip-flop optimization by equivalence checking
@ "D:\yilingsi_fpga\Efinity_Project\Ti60F225_OV5640_Face_Reproduction\ip/DdrCtrl\DdrCtrl.sv (1460)" removed instance : ddr3_ctl_axi/u_efx_ddr3_soft_controller/genblk1.inst_ddr3_axi/inst_efx_ddr3/top_mc/controller_main/dffrs_2527/i79_rst_1
@ "D:\yilingsi_fpga\Efinity_Project\Ti60F225_OV5640_Face_Reproduction\ip/DdrCtrl\DdrCtrl.sv (1460)" representative instance : ddr3_ctl_axi/u_efx_ddr3_soft_controller/genblk1.inst_ddr3_axi/inst_efx_ddr3/top_mc/controller_main/dffrs_2527/i10_rst_1
FF|OPT : Flip-flop optimization by equivalence checking
@ "D:\yilingsi_fpga\Efinity_Project\Ti60F225_OV5640_Face_Reproduction\ip/DdrCtrl\DdrCtrl.sv (1460)" removed instance : ddr3_ctl_axi/u_efx_ddr3_soft_controller/genblk1.inst_ddr3_axi/inst_efx_ddr3/top_mc/controller_main/dffrs_2527/i79_rst_2
@ "D:\yilingsi_fpga\Efinity_Project\Ti60F225_OV5640_Face_Reproduction\ip/DdrCtrl\DdrCtrl.sv (1460)" representative instance : ddr3_ctl_axi/u_efx_ddr3_soft_controller/genblk1.inst_ddr3_axi/inst_efx_ddr3/top_mc/controller_main/dffrs_2527/i10_rst_2
FF|OPT : Flip-flop optimization by equivalence checking
@ "D:\yilingsi_fpga\Efinity_Project\Ti60F225_OV5640_Face_Reproduction\ip/DdrCtrl\DdrCtrl.sv (1460)" removed instance : ddr3_ctl_axi/u_efx_ddr3_soft_controller/genblk1.inst_ddr3_axi/inst_efx_ddr3/top_mc/controller_main/dffrs_2527/i79_rst_3
@ "D:\yilingsi_fpga\Efinity_Project\Ti60F225_OV5640_Face_Reproduction\ip/DdrCtrl\DdrCtrl.sv (1460)" representative instance : ddr3_ctl_axi/u_efx_ddr3_soft_controller/genblk1.inst_ddr3_axi/inst_efx_ddr3/top_mc/controller_main/dffrs_2527/i10_rst_3
FF|OPT : Flip-flop optimization by equivalence checking
@ "D:\yilingsi_fpga\Efinity_Project\Ti60F225_OV5640_Face_Reproduction\ip/DdrCtrl\DdrCtrl.sv (1460)" removed instance : ddr3_ctl_axi/u_efx_ddr3_soft_controller/genblk1.inst_ddr3_axi/inst_efx_ddr3/top_mc/controller_main/dffrs_2527/i78_rst_0
@ "D:\yilingsi_fpga\Efinity_Project\Ti60F225_OV5640_Face_Reproduction\ip/DdrCtrl\DdrCtrl.sv (1460)" representative instance : ddr3_ctl_axi/u_efx_ddr3_soft_controller/genblk1.inst_ddr3_axi/inst_efx_ddr3/top_mc/controller_main/dffrs_2527/i10_rst_0
FF|OPT : Flip-flop optimization by equivalence checking
@ "D:\yilingsi_fpga\Efinity_Project\Ti60F225_OV5640_Face_Reproduction\ip/DdrCtrl\DdrCtrl.sv (1460)" removed instance : ddr3_ctl_axi/u_efx_ddr3_soft_controller/genblk1.inst_ddr3_axi/inst_efx_ddr3/top_mc/controller_main/dffrs_2527/i78_rst_1
@ "D:\yilingsi_fpga\Efinity_Project\Ti60F225_OV5640_Face_Reproduction\ip/DdrCtrl\DdrCtrl.sv (1460)" representative instance : ddr3_ctl_axi/u_efx_ddr3_soft_controller/genblk1.inst_ddr3_axi/inst_efx_ddr3/top_mc/controller_main/dffrs_2527/i10_rst_1
FF|OPT : Flip-flop optimization by equivalence checking
@ "D:\yilingsi_fpga\Efinity_Project\Ti60F225_OV5640_Face_Reproduction\ip/DdrCtrl\DdrCtrl.sv (1460)" removed instance : ddr3_ctl_axi/u_efx_ddr3_soft_controller/genblk1.inst_ddr3_axi/inst_efx_ddr3/top_mc/controller_main/dffrs_2527/i78_rst_2
@ "D:\yilingsi_fpga\Efinity_Project\Ti60F225_OV5640_Face_Reproduction\ip/DdrCtrl\DdrCtrl.sv (1460)" representative instance : ddr3_ctl_axi/u_efx_ddr3_soft_controller/genblk1.inst_ddr3_axi/inst_efx_ddr3/top_mc/controller_main/dffrs_2527/i10_rst_2
FF|OPT : Flip-flop optimization by equivalence checking
@ "D:\yilingsi_fpga\Efinity_Project\Ti60F225_OV5640_Face_Reproduction\ip/DdrCtrl\DdrCtrl.sv (1460)" removed instance : ddr3_ctl_axi/u_efx_ddr3_soft_controller/genblk1.inst_ddr3_axi/inst_efx_ddr3/top_mc/controller_main/dffrs_2527/i78_rst_3
@ "D:\yilingsi_fpga\Efinity_Project\Ti60F225_OV5640_Face_Reproduction\ip/DdrCtrl\DdrCtrl.sv (1460)" representative instance : ddr3_ctl_axi/u_efx_ddr3_soft_controller/genblk1.inst_ddr3_axi/inst_efx_ddr3/top_mc/controller_main/dffrs_2527/i10_rst_3
FF|OPT : Flip-flop optimization by equivalence checking
@ "D:\yilingsi_fpga\Efinity_Project\Ti60F225_OV5640_Face_Reproduction\ip/DdrCtrl\DdrCtrl.sv (1460)" removed instance : ddr3_ctl_axi/u_efx_ddr3_soft_controller/genblk1.inst_ddr3_axi/inst_efx_ddr3/top_mc/controller_main/dffrs_2527/i77_rst_0
@ "D:\yilingsi_fpga\Efinity_Project\Ti60F225_OV5640_Face_Reproduction\ip/DdrCtrl\DdrCtrl.sv (1460)" representative instance : ddr3_ctl_axi/u_efx_ddr3_soft_controller/genblk1.inst_ddr3_axi/inst_efx_ddr3/top_mc/controller_main/dffrs_2527/i10_rst_0
FF|OPT : Flip-flop optimization by equivalence checking
@ "D:\yilingsi_fpga\Efinity_Project\Ti60F225_OV5640_Face_Reproduction\ip/DdrCtrl\DdrCtrl.sv (1460)" removed instance : ddr3_ctl_axi/u_efx_ddr3_soft_controller/genblk1.inst_ddr3_axi/inst_efx_ddr3/top_mc/controller_main/dffrs_2527/i77_rst_1
@ "D:\yilingsi_fpga\Efinity_Project\Ti60F225_OV5640_Face_Reproduction\ip/DdrCtrl\DdrCtrl.sv (1460)" representative instance : ddr3_ctl_axi/u_efx_ddr3_soft_controller/genblk1.inst_ddr3_axi/inst_efx_ddr3/top_mc/controller_main/dffrs_2527/i10_rst_1
FF|OPT : Flip-flop optimization by equivalence checking
@ "D:\yilingsi_fpga\Efinity_Project\Ti60F225_OV5640_Face_Reproduction\ip/DdrCtrl\DdrCtrl.sv (1460)" removed instance : ddr3_ctl_axi/u_efx_ddr3_soft_controller/genblk1.inst_ddr3_axi/inst_efx_ddr3/top_mc/controller_main/dffrs_2527/i77_rst_2
@ "D:\yilingsi_fpga\Efinity_Project\Ti60F225_OV5640_Face_Reproduction\ip/DdrCtrl\DdrCtrl.sv (1460)" representative instance : ddr3_ctl_axi/u_efx_ddr3_soft_controller/genblk1.inst_ddr3_axi/inst_efx_ddr3/top_mc/controller_main/dffrs_2527/i10_rst_2
FF|OPT : Flip-flop optimization by equivalence checking
@ "D:\yilingsi_fpga\Efinity_Project\Ti60F225_OV5640_Face_Reproduction\ip/DdrCtrl\DdrCtrl.sv (1460)" removed instance : ddr3_ctl_axi/u_efx_ddr3_soft_controller/genblk1.inst_ddr3_axi/inst_efx_ddr3/top_mc/controller_main/dffrs_2527/i77_rst_3
@ "D:\yilingsi_fpga\Efinity_Project\Ti60F225_OV5640_Face_Reproduction\ip/DdrCtrl\DdrCtrl.sv (1460)" representative instance : ddr3_ctl_axi/u_efx_ddr3_soft_controller/genblk1.inst_ddr3_axi/inst_efx_ddr3/top_mc/controller_main/dffrs_2527/i10_rst_3
FF|OPT : Flip-flop optimization by equivalence checking
@ "D:\yilingsi_fpga\Efinity_Project\Ti60F225_OV5640_Face_Reproduction\ip/DdrCtrl\DdrCtrl.sv (1460)" removed instance : ddr3_ctl_axi/u_efx_ddr3_soft_controller/genblk1.inst_ddr3_axi/inst_efx_ddr3/top_mc/controller_main/dffrs_2527/i76_rst_0
@ "D:\yilingsi_fpga\Efinity_Project\Ti60F225_OV5640_Face_Reproduction\ip/DdrCtrl\DdrCtrl.sv (1460)" representative instance : ddr3_ctl_axi/u_efx_ddr3_soft_controller/genblk1.inst_ddr3_axi/inst_efx_ddr3/top_mc/controller_main/dffrs_2527/i10_rst_0
FF|OPT : Flip-flop optimization by equivalence checking
@ "D:\yilingsi_fpga\Efinity_Project\Ti60F225_OV5640_Face_Reproduction\ip/DdrCtrl\DdrCtrl.sv (1460)" removed instance : ddr3_ctl_axi/u_efx_ddr3_soft_controller/genblk1.inst_ddr3_axi/inst_efx_ddr3/top_mc/controller_main/dffrs_2527/i76_rst_1
@ "D:\yilingsi_fpga\Efinity_Project\Ti60F225_OV5640_Face_Reproduction\ip/DdrCtrl\DdrCtrl.sv (1460)" representative instance : ddr3_ctl_axi/u_efx_ddr3_soft_controller/genblk1.inst_ddr3_axi/inst_efx_ddr3/top_mc/controller_main/dffrs_2527/i10_rst_1
FF|OPT : Flip-flop optimization by equivalence checking
@ "D:\yilingsi_fpga\Efinity_Project\Ti60F225_OV5640_Face_Reproduction\ip/DdrCtrl\DdrCtrl.sv (1460)" removed instance : ddr3_ctl_axi/u_efx_ddr3_soft_controller/genblk1.inst_ddr3_axi/inst_efx_ddr3/top_mc/controller_main/dffrs_2527/i76_rst_2
@ "D:\yilingsi_fpga\Efinity_Project\Ti60F225_OV5640_Face_Reproduction\ip/DdrCtrl\DdrCtrl.sv (1460)" representative instance : ddr3_ctl_axi/u_efx_ddr3_soft_controller/genblk1.inst_ddr3_axi/inst_efx_ddr3/top_mc/controller_main/dffrs_2527/i10_rst_2
FF|OPT : Flip-flop optimization by equivalence checking
@ "D:\yilingsi_fpga\Efinity_Project\Ti60F225_OV5640_Face_Reproduction\ip/DdrCtrl\DdrCtrl.sv (1460)" removed instance : ddr3_ctl_axi/u_efx_ddr3_soft_controller/genblk1.inst_ddr3_axi/inst_efx_ddr3/top_mc/controller_main/dffrs_2527/i76_rst_3
@ "D:\yilingsi_fpga\Efinity_Project\Ti60F225_OV5640_Face_Reproduction\ip/DdrCtrl\DdrCtrl.sv (1460)" representative instance : ddr3_ctl_axi/u_efx_ddr3_soft_controller/genblk1.inst_ddr3_axi/inst_efx_ddr3/top_mc/controller_main/dffrs_2527/i10_rst_3
FF|OPT : Flip-flop optimization by equivalence checking
@ "D:\yilingsi_fpga\Efinity_Project\Ti60F225_OV5640_Face_Reproduction\ip/DdrCtrl\DdrCtrl.sv (1460)" removed instance : ddr3_ctl_axi/u_efx_ddr3_soft_controller/genblk1.inst_ddr3_axi/inst_efx_ddr3/top_mc/controller_main/dffrs_2527/i75_rst_0
@ "D:\yilingsi_fpga\Efinity_Project\Ti60F225_OV5640_Face_Reproduction\ip/DdrCtrl\DdrCtrl.sv (1460)" representative instance : ddr3_ctl_axi/u_efx_ddr3_soft_controller/genblk1.inst_ddr3_axi/inst_efx_ddr3/top_mc/controller_main/dffrs_2527/i10_rst_0
FF|OPT : Flip-flop optimization by equivalence checking
@ "D:\yilingsi_fpga\Efinity_Project\Ti60F225_OV5640_Face_Reproduction\ip/DdrCtrl\DdrCtrl.sv (1460)" removed instance : ddr3_ctl_axi/u_efx_ddr3_soft_controller/genblk1.inst_ddr3_axi/inst_efx_ddr3/top_mc/controller_main/dffrs_2527/i75_rst_1
@ "D:\yilingsi_fpga\Efinity_Project\Ti60F225_OV5640_Face_Reproduction\ip/DdrCtrl\DdrCtrl.sv (1460)" representative instance : ddr3_ctl_axi/u_efx_ddr3_soft_controller/genblk1.inst_ddr3_axi/inst_efx_ddr3/top_mc/controller_main/dffrs_2527/i10_rst_1
FF|OPT : Flip-flop optimization by equivalence checking
@ "D:\yilingsi_fpga\Efinity_Project\Ti60F225_OV5640_Face_Reproduction\ip/DdrCtrl\DdrCtrl.sv (1460)" removed instance : ddr3_ctl_axi/u_efx_ddr3_soft_controller/genblk1.inst_ddr3_axi/inst_efx_ddr3/top_mc/controller_main/dffrs_2527/i75_rst_2
@ "D:\yilingsi_fpga\Efinity_Project\Ti60F225_OV5640_Face_Reproduction\ip/DdrCtrl\DdrCtrl.sv (1460)" representative instance : ddr3_ctl_axi/u_efx_ddr3_soft_controller/genblk1.inst_ddr3_axi/inst_efx_ddr3/top_mc/controller_main/dffrs_2527/i10_rst_2
FF|OPT : Flip-flop optimization by equivalence checking
@ "D:\yilingsi_fpga\Efinity_Project\Ti60F225_OV5640_Face_Reproduction\ip/DdrCtrl\DdrCtrl.sv (1460)" removed instance : ddr3_ctl_axi/u_efx_ddr3_soft_controller/genblk1.inst_ddr3_axi/inst_efx_ddr3/top_mc/controller_main/dffrs_2527/i75_rst_3
@ "D:\yilingsi_fpga\Efinity_Project\Ti60F225_OV5640_Face_Reproduction\ip/DdrCtrl\DdrCtrl.sv (1460)" representative instance : ddr3_ctl_axi/u_efx_ddr3_soft_controller/genblk1.inst_ddr3_axi/inst_efx_ddr3/top_mc/controller_main/dffrs_2527/i10_rst_3
FF|OPT : Flip-flop optimization by equivalence checking
@ "D:\yilingsi_fpga\Efinity_Project\Ti60F225_OV5640_Face_Reproduction\ip/DdrCtrl\DdrCtrl.sv (1460)" removed instance : ddr3_ctl_axi/u_efx_ddr3_soft_controller/genblk1.inst_ddr3_axi/inst_efx_ddr3/top_mc/controller_main/dffrs_2527/i74_rst_0
@ "D:\yilingsi_fpga\Efinity_Project\Ti60F225_OV5640_Face_Reproduction\ip/DdrCtrl\DdrCtrl.sv (1460)" representative instance : ddr3_ctl_axi/u_efx_ddr3_soft_controller/genblk1.inst_ddr3_axi/inst_efx_ddr3/top_mc/controller_main/dffrs_2527/i10_rst_0
FF|OPT : Flip-flop optimization by equivalence checking
@ "D:\yilingsi_fpga\Efinity_Project\Ti60F225_OV5640_Face_Reproduction\ip/DdrCtrl\DdrCtrl.sv (1460)" removed instance : ddr3_ctl_axi/u_efx_ddr3_soft_controller/genblk1.inst_ddr3_axi/inst_efx_ddr3/top_mc/controller_main/dffrs_2527/i74_rst_1
@ "D:\yilingsi_fpga\Efinity_Project\Ti60F225_OV5640_Face_Reproduction\ip/DdrCtrl\DdrCtrl.sv (1460)" representative instance : ddr3_ctl_axi/u_efx_ddr3_soft_controller/genblk1.inst_ddr3_axi/inst_efx_ddr3/top_mc/controller_main/dffrs_2527/i10_rst_1
FF|OPT : Flip-flop optimization by equivalence checking
@ "D:\yilingsi_fpga\Efinity_Project\Ti60F225_OV5640_Face_Reproduction\ip/DdrCtrl\DdrCtrl.sv (1460)" removed instance : ddr3_ctl_axi/u_efx_ddr3_soft_controller/genblk1.inst_ddr3_axi/inst_efx_ddr3/top_mc/controller_main/dffrs_2527/i74_rst_2
@ "D:\yilingsi_fpga\Efinity_Project\Ti60F225_OV5640_Face_Reproduction\ip/DdrCtrl\DdrCtrl.sv (1460)" representative instance : ddr3_ctl_axi/u_efx_ddr3_soft_controller/genblk1.inst_ddr3_axi/inst_efx_ddr3/top_mc/controller_main/dffrs_2527/i10_rst_2
FF|OPT : Flip-flop optimization by equivalence checking
@ "D:\yilingsi_fpga\Efinity_Project\Ti60F225_OV5640_Face_Reproduction\ip/DdrCtrl\DdrCtrl.sv (1460)" removed instance : ddr3_ctl_axi/u_efx_ddr3_soft_controller/genblk1.inst_ddr3_axi/inst_efx_ddr3/top_mc/controller_main/dffrs_2527/i74_rst_3
@ "D:\yilingsi_fpga\Efinity_Project\Ti60F225_OV5640_Face_Reproduction\ip/DdrCtrl\DdrCtrl.sv (1460)" representative instance : ddr3_ctl_axi/u_efx_ddr3_soft_controller/genblk1.inst_ddr3_axi/inst_efx_ddr3/top_mc/controller_main/dffrs_2527/i10_rst_3
FF|OPT : Flip-flop optimization by equivalence checking
@ "D:\yilingsi_fpga\Efinity_Project\Ti60F225_OV5640_Face_Reproduction\ip/DdrCtrl\DdrCtrl.sv (1460)" removed instance : ddr3_ctl_axi/u_efx_ddr3_soft_controller/genblk1.inst_ddr3_axi/inst_efx_ddr3/top_mc/controller_main/dffrs_2527/i73_rst_0
@ "D:\yilingsi_fpga\Efinity_Project\Ti60F225_OV5640_Face_Reproduction\ip/DdrCtrl\DdrCtrl.sv (1460)" representative instance : ddr3_ctl_axi/u_efx_ddr3_soft_controller/genblk1.inst_ddr3_axi/inst_efx_ddr3/top_mc/controller_main/dffrs_2527/i10_rst_0
FF|OPT : Flip-flop optimization by equivalence checking
@ "D:\yilingsi_fpga\Efinity_Project\Ti60F225_OV5640_Face_Reproduction\ip/DdrCtrl\DdrCtrl.sv (1460)" removed instance : ddr3_ctl_axi/u_efx_ddr3_soft_controller/genblk1.inst_ddr3_axi/inst_efx_ddr3/top_mc/controller_main/dffrs_2527/i73_rst_1
@ "D:\yilingsi_fpga\Efinity_Project\Ti60F225_OV5640_Face_Reproduction\ip/DdrCtrl\DdrCtrl.sv (1460)" representative instance : ddr3_ctl_axi/u_efx_ddr3_soft_controller/genblk1.inst_ddr3_axi/inst_efx_ddr3/top_mc/controller_main/dffrs_2527/i10_rst_1
FF|OPT : Flip-flop optimization by equivalence checking
@ "D:\yilingsi_fpga\Efinity_Project\Ti60F225_OV5640_Face_Reproduction\ip/DdrCtrl\DdrCtrl.sv (1460)" removed instance : ddr3_ctl_axi/u_efx_ddr3_soft_controller/genblk1.inst_ddr3_axi/inst_efx_ddr3/top_mc/controller_main/dffrs_2527/i73_rst_2
@ "D:\yilingsi_fpga\Efinity_Project\Ti60F225_OV5640_Face_Reproduction\ip/DdrCtrl\DdrCtrl.sv (1460)" representative instance : ddr3_ctl_axi/u_efx_ddr3_soft_controller/genblk1.inst_ddr3_axi/inst_efx_ddr3/top_mc/controller_main/dffrs_2527/i10_rst_2
FF|OPT : Flip-flop optimization by equivalence checking
@ "D:\yilingsi_fpga\Efinity_Project\Ti60F225_OV5640_Face_Reproduction\ip/DdrCtrl\DdrCtrl.sv (1460)" removed instance : ddr3_ctl_axi/u_efx_ddr3_soft_controller/genblk1.inst_ddr3_axi/inst_efx_ddr3/top_mc/controller_main/dffrs_2527/i73_rst_3
@ "D:\yilingsi_fpga\Efinity_Project\Ti60F225_OV5640_Face_Reproduction\ip/DdrCtrl\DdrCtrl.sv (1460)" representative instance : ddr3_ctl_axi/u_efx_ddr3_soft_controller/genblk1.inst_ddr3_axi/inst_efx_ddr3/top_mc/controller_main/dffrs_2527/i10_rst_3
FF|OPT : Flip-flop optimization by equivalence checking
@ "D:\yilingsi_fpga\Efinity_Project\Ti60F225_OV5640_Face_Reproduction\ip/DdrCtrl\DdrCtrl.sv (1460)" removed instance : ddr3_ctl_axi/u_efx_ddr3_soft_controller/genblk1.inst_ddr3_axi/inst_efx_ddr3/top_mc/controller_main/dffrs_2527/i72_rst_0
@ "D:\yilingsi_fpga\Efinity_Project\Ti60F225_OV5640_Face_Reproduction\ip/DdrCtrl\DdrCtrl.sv (1460)" representative instance : ddr3_ctl_axi/u_efx_ddr3_soft_controller/genblk1.inst_ddr3_axi/inst_efx_ddr3/top_mc/controller_main/dffrs_2527/i10_rst_0
FF|OPT : Flip-flop optimization by equivalence checking
@ "D:\yilingsi_fpga\Efinity_Project\Ti60F225_OV5640_Face_Reproduction\ip/DdrCtrl\DdrCtrl.sv (1460)" removed instance : ddr3_ctl_axi/u_efx_ddr3_soft_controller/genblk1.inst_ddr3_axi/inst_efx_ddr3/top_mc/controller_main/dffrs_2527/i72_rst_1
@ "D:\yilingsi_fpga\Efinity_Project\Ti60F225_OV5640_Face_Reproduction\ip/DdrCtrl\DdrCtrl.sv (1460)" representative instance : ddr3_ctl_axi/u_efx_ddr3_soft_controller/genblk1.inst_ddr3_axi/inst_efx_ddr3/top_mc/controller_main/dffrs_2527/i10_rst_1
FF|OPT : Flip-flop optimization by equivalence checking
@ "D:\yilingsi_fpga\Efinity_Project\Ti60F225_OV5640_Face_Reproduction\ip/DdrCtrl\DdrCtrl.sv (1460)" removed instance : ddr3_ctl_axi/u_efx_ddr3_soft_controller/genblk1.inst_ddr3_axi/inst_efx_ddr3/top_mc/controller_main/dffrs_2527/i72_rst_2
@ "D:\yilingsi_fpga\Efinity_Project\Ti60F225_OV5640_Face_Reproduction\ip/DdrCtrl\DdrCtrl.sv (1460)" representative instance : ddr3_ctl_axi/u_efx_ddr3_soft_controller/genblk1.inst_ddr3_axi/inst_efx_ddr3/top_mc/controller_main/dffrs_2527/i10_rst_2
FF|OPT : Flip-flop optimization by equivalence checking
@ "D:\yilingsi_fpga\Efinity_Project\Ti60F225_OV5640_Face_Reproduction\ip/DdrCtrl\DdrCtrl.sv (1460)" removed instance : ddr3_ctl_axi/u_efx_ddr3_soft_controller/genblk1.inst_ddr3_axi/inst_efx_ddr3/top_mc/controller_main/dffrs_2527/i72_rst_3
@ "D:\yilingsi_fpga\Efinity_Project\Ti60F225_OV5640_Face_Reproduction\ip/DdrCtrl\DdrCtrl.sv (1460)" representative instance : ddr3_ctl_axi/u_efx_ddr3_soft_controller/genblk1.inst_ddr3_axi/inst_efx_ddr3/top_mc/controller_main/dffrs_2527/i10_rst_3
FF|OPT : Flip-flop optimization by equivalence checking
@ "D:\yilingsi_fpga\Efinity_Project\Ti60F225_OV5640_Face_Reproduction\ip/DdrCtrl\DdrCtrl.sv (1460)" removed instance : ddr3_ctl_axi/u_efx_ddr3_soft_controller/genblk1.inst_ddr3_axi/inst_efx_ddr3/top_mc/controller_main/dffrs_2527/i71_rst_0
@ "D:\yilingsi_fpga\Efinity_Project\Ti60F225_OV5640_Face_Reproduction\ip/DdrCtrl\DdrCtrl.sv (1460)" representative instance : ddr3_ctl_axi/u_efx_ddr3_soft_controller/genblk1.inst_ddr3_axi/inst_efx_ddr3/top_mc/controller_main/dffrs_2527/i10_rst_0
FF|OPT : Flip-flop optimization by equivalence checking
@ "D:\yilingsi_fpga\Efinity_Project\Ti60F225_OV5640_Face_Reproduction\ip/DdrCtrl\DdrCtrl.sv (1460)" removed instance : ddr3_ctl_axi/u_efx_ddr3_soft_controller/genblk1.inst_ddr3_axi/inst_efx_ddr3/top_mc/controller_main/dffrs_2527/i71_rst_1
@ "D:\yilingsi_fpga\Efinity_Project\Ti60F225_OV5640_Face_Reproduction\ip/DdrCtrl\DdrCtrl.sv (1460)" representative instance : ddr3_ctl_axi/u_efx_ddr3_soft_controller/genblk1.inst_ddr3_axi/inst_efx_ddr3/top_mc/controller_main/dffrs_2527/i10_rst_1
FF|OPT : Flip-flop optimization by equivalence checking
@ "D:\yilingsi_fpga\Efinity_Project\Ti60F225_OV5640_Face_Reproduction\ip/DdrCtrl\DdrCtrl.sv (1460)" removed instance : ddr3_ctl_axi/u_efx_ddr3_soft_controller/genblk1.inst_ddr3_axi/inst_efx_ddr3/top_mc/controller_main/dffrs_2527/i71_rst_2
@ "D:\yilingsi_fpga\Efinity_Project\Ti60F225_OV5640_Face_Reproduction\ip/DdrCtrl\DdrCtrl.sv (1460)" representative instance : ddr3_ctl_axi/u_efx_ddr3_soft_controller/genblk1.inst_ddr3_axi/inst_efx_ddr3/top_mc/controller_main/dffrs_2527/i10_rst_2
FF|OPT : Flip-flop optimization by equivalence checking
@ "D:\yilingsi_fpga\Efinity_Project\Ti60F225_OV5640_Face_Reproduction\ip/DdrCtrl\DdrCtrl.sv (1460)" removed instance : ddr3_ctl_axi/u_efx_ddr3_soft_controller/genblk1.inst_ddr3_axi/inst_efx_ddr3/top_mc/controller_main/dffrs_2527/i71_rst_3
@ "D:\yilingsi_fpga\Efinity_Project\Ti60F225_OV5640_Face_Reproduction\ip/DdrCtrl\DdrCtrl.sv (1460)" representative instance : ddr3_ctl_axi/u_efx_ddr3_soft_controller/genblk1.inst_ddr3_axi/inst_efx_ddr3/top_mc/controller_main/dffrs_2527/i10_rst_3
FF|OPT : Flip-flop optimization by equivalence checking
@ "D:\yilingsi_fpga\Efinity_Project\Ti60F225_OV5640_Face_Reproduction\ip/DdrCtrl\DdrCtrl.sv (1460)" removed instance : ddr3_ctl_axi/u_efx_ddr3_soft_controller/genblk1.inst_ddr3_axi/inst_efx_ddr3/top_mc/controller_main/dffrs_2527/i7_rst_0
@ "D:\yilingsi_fpga\Efinity_Project\Ti60F225_OV5640_Face_Reproduction\ip/DdrCtrl\DdrCtrl.sv (1460)" representative instance : ddr3_ctl_axi/u_efx_ddr3_soft_controller/genblk1.inst_ddr3_axi/inst_efx_ddr3/top_mc/controller_main/dffrs_2527/i10_rst_0
FF|OPT : Flip-flop optimization by equivalence checking
@ "D:\yilingsi_fpga\Efinity_Project\Ti60F225_OV5640_Face_Reproduction\ip/DdrCtrl\DdrCtrl.sv (1460)" removed instance : ddr3_ctl_axi/u_efx_ddr3_soft_controller/genblk1.inst_ddr3_axi/inst_efx_ddr3/top_mc/controller_main/dffrs_2527/i7_rst_1
@ "D:\yilingsi_fpga\Efinity_Project\Ti60F225_OV5640_Face_Reproduction\ip/DdrCtrl\DdrCtrl.sv (1460)" representative instance : ddr3_ctl_axi/u_efx_ddr3_soft_controller/genblk1.inst_ddr3_axi/inst_efx_ddr3/top_mc/controller_main/dffrs_2527/i10_rst_1
FF|OPT : Flip-flop optimization by equivalence checking
@ "D:\yilingsi_fpga\Efinity_Project\Ti60F225_OV5640_Face_Reproduction\ip/DdrCtrl\DdrCtrl.sv (1460)" removed instance : ddr3_ctl_axi/u_efx_ddr3_soft_controller/genblk1.inst_ddr3_axi/inst_efx_ddr3/top_mc/controller_main/dffrs_2527/i7_rst_2
@ "D:\yilingsi_fpga\Efinity_Project\Ti60F225_OV5640_Face_Reproduction\ip/DdrCtrl\DdrCtrl.sv (1460)" representative instance : ddr3_ctl_axi/u_efx_ddr3_soft_controller/genblk1.inst_ddr3_axi/inst_efx_ddr3/top_mc/controller_main/dffrs_2527/i10_rst_2
FF|OPT : Flip-flop optimization by equivalence checking
@ "D:\yilingsi_fpga\Efinity_Project\Ti60F225_OV5640_Face_Reproduction\ip/DdrCtrl\DdrCtrl.sv (1460)" removed instance : ddr3_ctl_axi/u_efx_ddr3_soft_controller/genblk1.inst_ddr3_axi/inst_efx_ddr3/top_mc/controller_main/dffrs_2527/i7_rst_3
@ "D:\yilingsi_fpga\Efinity_Project\Ti60F225_OV5640_Face_Reproduction\ip/DdrCtrl\DdrCtrl.sv (1460)" representative instance : ddr3_ctl_axi/u_efx_ddr3_soft_controller/genblk1.inst_ddr3_axi/inst_efx_ddr3/top_mc/controller_main/dffrs_2527/i10_rst_3
FF|OPT : Flip-flop optimization by equivalence checking
@ "D:\yilingsi_fpga\Efinity_Project\Ti60F225_OV5640_Face_Reproduction\ip/DdrCtrl\DdrCtrl.sv (1460)" removed instance : ddr3_ctl_axi/u_efx_ddr3_soft_controller/genblk1.inst_ddr3_axi/inst_efx_ddr3/top_mc/controller_main/dffrs_2527/i70_rst_0
@ "D:\yilingsi_fpga\Efinity_Project\Ti60F225_OV5640_Face_Reproduction\ip/DdrCtrl\DdrCtrl.sv (1460)" representative instance : ddr3_ctl_axi/u_efx_ddr3_soft_controller/genblk1.inst_ddr3_axi/inst_efx_ddr3/top_mc/controller_main/dffrs_2527/i10_rst_0
FF|OPT : Flip-flop optimization by equivalence checking
@ "D:\yilingsi_fpga\Efinity_Project\Ti60F225_OV5640_Face_Reproduction\ip/DdrCtrl\DdrCtrl.sv (1460)" removed instance : ddr3_ctl_axi/u_efx_ddr3_soft_controller/genblk1.inst_ddr3_axi/inst_efx_ddr3/top_mc/controller_main/dffrs_2527/i70_rst_1
@ "D:\yilingsi_fpga\Efinity_Project\Ti60F225_OV5640_Face_Reproduction\ip/DdrCtrl\DdrCtrl.sv (1460)" representative instance : ddr3_ctl_axi/u_efx_ddr3_soft_controller/genblk1.inst_ddr3_axi/inst_efx_ddr3/top_mc/controller_main/dffrs_2527/i10_rst_1
FF|OPT : Flip-flop optimization by equivalence checking
@ "D:\yilingsi_fpga\Efinity_Project\Ti60F225_OV5640_Face_Reproduction\ip/DdrCtrl\DdrCtrl.sv (1460)" removed instance : ddr3_ctl_axi/u_efx_ddr3_soft_controller/genblk1.inst_ddr3_axi/inst_efx_ddr3/top_mc/controller_main/dffrs_2527/i70_rst_2
@ "D:\yilingsi_fpga\Efinity_Project\Ti60F225_OV5640_Face_Reproduction\ip/DdrCtrl\DdrCtrl.sv (1460)" representative instance : ddr3_ctl_axi/u_efx_ddr3_soft_controller/genblk1.inst_ddr3_axi/inst_efx_ddr3/top_mc/controller_main/dffrs_2527/i10_rst_2
FF|OPT : Flip-flop optimization by equivalence checking
@ "D:\yilingsi_fpga\Efinity_Project\Ti60F225_OV5640_Face_Reproduction\ip/DdrCtrl\DdrCtrl.sv (1460)" removed instance : ddr3_ctl_axi/u_efx_ddr3_soft_controller/genblk1.inst_ddr3_axi/inst_efx_ddr3/top_mc/controller_main/dffrs_2527/i70_rst_3
@ "D:\yilingsi_fpga\Efinity_Project\Ti60F225_OV5640_Face_Reproduction\ip/DdrCtrl\DdrCtrl.sv (1460)" representative instance : ddr3_ctl_axi/u_efx_ddr3_soft_controller/genblk1.inst_ddr3_axi/inst_efx_ddr3/top_mc/controller_main/dffrs_2527/i10_rst_3
FF|OPT : Flip-flop optimization by equivalence checking
@ "D:\yilingsi_fpga\Efinity_Project\Ti60F225_OV5640_Face_Reproduction\ip/DdrCtrl\DdrCtrl.sv (1460)" removed instance : ddr3_ctl_axi/u_efx_ddr3_soft_controller/genblk1.inst_ddr3_axi/inst_efx_ddr3/top_mc/controller_main/dffrs_2527/i69_rst_0
@ "D:\yilingsi_fpga\Efinity_Project\Ti60F225_OV5640_Face_Reproduction\ip/DdrCtrl\DdrCtrl.sv (1460)" representative instance : ddr3_ctl_axi/u_efx_ddr3_soft_controller/genblk1.inst_ddr3_axi/inst_efx_ddr3/top_mc/controller_main/dffrs_2527/i10_rst_0
FF|OPT : Flip-flop optimization by equivalence checking
@ "D:\yilingsi_fpga\Efinity_Project\Ti60F225_OV5640_Face_Reproduction\ip/DdrCtrl\DdrCtrl.sv (1460)" removed instance : ddr3_ctl_axi/u_efx_ddr3_soft_controller/genblk1.inst_ddr3_axi/inst_efx_ddr3/top_mc/controller_main/dffrs_2527/i69_rst_1
@ "D:\yilingsi_fpga\Efinity_Project\Ti60F225_OV5640_Face_Reproduction\ip/DdrCtrl\DdrCtrl.sv (1460)" representative instance : ddr3_ctl_axi/u_efx_ddr3_soft_controller/genblk1.inst_ddr3_axi/inst_efx_ddr3/top_mc/controller_main/dffrs_2527/i10_rst_1
FF|OPT : Flip-flop optimization by equivalence checking
@ "D:\yilingsi_fpga\Efinity_Project\Ti60F225_OV5640_Face_Reproduction\ip/DdrCtrl\DdrCtrl.sv (1460)" removed instance : ddr3_ctl_axi/u_efx_ddr3_soft_controller/genblk1.inst_ddr3_axi/inst_efx_ddr3/top_mc/controller_main/dffrs_2527/i69_rst_2
@ "D:\yilingsi_fpga\Efinity_Project\Ti60F225_OV5640_Face_Reproduction\ip/DdrCtrl\DdrCtrl.sv (1460)" representative instance : ddr3_ctl_axi/u_efx_ddr3_soft_controller/genblk1.inst_ddr3_axi/inst_efx_ddr3/top_mc/controller_main/dffrs_2527/i10_rst_2
FF|OPT : Flip-flop optimization by equivalence checking
@ "D:\yilingsi_fpga\Efinity_Project\Ti60F225_OV5640_Face_Reproduction\ip/DdrCtrl\DdrCtrl.sv (1460)" removed instance : ddr3_ctl_axi/u_efx_ddr3_soft_controller/genblk1.inst_ddr3_axi/inst_efx_ddr3/top_mc/controller_main/dffrs_2527/i69_rst_3
@ "D:\yilingsi_fpga\Efinity_Project\Ti60F225_OV5640_Face_Reproduction\ip/DdrCtrl\DdrCtrl.sv (1460)" representative instance : ddr3_ctl_axi/u_efx_ddr3_soft_controller/genblk1.inst_ddr3_axi/inst_efx_ddr3/top_mc/controller_main/dffrs_2527/i10_rst_3
FF|OPT : Flip-flop optimization by equivalence checking
@ "D:\yilingsi_fpga\Efinity_Project\Ti60F225_OV5640_Face_Reproduction\ip/DdrCtrl\DdrCtrl.sv (1460)" removed instance : ddr3_ctl_axi/u_efx_ddr3_soft_controller/genblk1.inst_ddr3_axi/inst_efx_ddr3/top_mc/controller_main/dffrs_2527/i68_rst_0
@ "D:\yilingsi_fpga\Efinity_Project\Ti60F225_OV5640_Face_Reproduction\ip/DdrCtrl\DdrCtrl.sv (1460)" representative instance : ddr3_ctl_axi/u_efx_ddr3_soft_controller/genblk1.inst_ddr3_axi/inst_efx_ddr3/top_mc/controller_main/dffrs_2527/i10_rst_0
FF|OPT : Flip-flop optimization by equivalence checking
@ "D:\yilingsi_fpga\Efinity_Project\Ti60F225_OV5640_Face_Reproduction\ip/DdrCtrl\DdrCtrl.sv (1460)" removed instance : ddr3_ctl_axi/u_efx_ddr3_soft_controller/genblk1.inst_ddr3_axi/inst_efx_ddr3/top_mc/controller_main/dffrs_2527/i68_rst_1
@ "D:\yilingsi_fpga\Efinity_Project\Ti60F225_OV5640_Face_Reproduction\ip/DdrCtrl\DdrCtrl.sv (1460)" representative instance : ddr3_ctl_axi/u_efx_ddr3_soft_controller/genblk1.inst_ddr3_axi/inst_efx_ddr3/top_mc/controller_main/dffrs_2527/i10_rst_1
FF|OPT : Flip-flop optimization by equivalence checking
@ "D:\yilingsi_fpga\Efinity_Project\Ti60F225_OV5640_Face_Reproduction\ip/DdrCtrl\DdrCtrl.sv (1460)" removed instance : ddr3_ctl_axi/u_efx_ddr3_soft_controller/genblk1.inst_ddr3_axi/inst_efx_ddr3/top_mc/controller_main/dffrs_2527/i68_rst_2
@ "D:\yilingsi_fpga\Efinity_Project\Ti60F225_OV5640_Face_Reproduction\ip/DdrCtrl\DdrCtrl.sv (1460)" representative instance : ddr3_ctl_axi/u_efx_ddr3_soft_controller/genblk1.inst_ddr3_axi/inst_efx_ddr3/top_mc/controller_main/dffrs_2527/i10_rst_2
FF|OPT : Flip-flop optimization by equivalence checking
@ "D:\yilingsi_fpga\Efinity_Project\Ti60F225_OV5640_Face_Reproduction\ip/DdrCtrl\DdrCtrl.sv (1460)" removed instance : ddr3_ctl_axi/u_efx_ddr3_soft_controller/genblk1.inst_ddr3_axi/inst_efx_ddr3/top_mc/controller_main/dffrs_2527/i68_rst_3
@ "D:\yilingsi_fpga\Efinity_Project\Ti60F225_OV5640_Face_Reproduction\ip/DdrCtrl\DdrCtrl.sv (1460)" representative instance : ddr3_ctl_axi/u_efx_ddr3_soft_controller/genblk1.inst_ddr3_axi/inst_efx_ddr3/top_mc/controller_main/dffrs_2527/i10_rst_3
FF|OPT : Flip-flop optimization by equivalence checking
@ "D:\yilingsi_fpga\Efinity_Project\Ti60F225_OV5640_Face_Reproduction\ip/DdrCtrl\DdrCtrl.sv (1460)" removed instance : ddr3_ctl_axi/u_efx_ddr3_soft_controller/genblk1.inst_ddr3_axi/inst_efx_ddr3/top_mc/controller_main/dffrs_2527/i67_rst_0
@ "D:\yilingsi_fpga\Efinity_Project\Ti60F225_OV5640_Face_Reproduction\ip/DdrCtrl\DdrCtrl.sv (1460)" representative instance : ddr3_ctl_axi/u_efx_ddr3_soft_controller/genblk1.inst_ddr3_axi/inst_efx_ddr3/top_mc/controller_main/dffrs_2527/i10_rst_0
FF|OPT : Flip-flop optimization by equivalence checking
@ "D:\yilingsi_fpga\Efinity_Project\Ti60F225_OV5640_Face_Reproduction\ip/DdrCtrl\DdrCtrl.sv (1460)" removed instance : ddr3_ctl_axi/u_efx_ddr3_soft_controller/genblk1.inst_ddr3_axi/inst_efx_ddr3/top_mc/controller_main/dffrs_2527/i67_rst_1
@ "D:\yilingsi_fpga\Efinity_Project\Ti60F225_OV5640_Face_Reproduction\ip/DdrCtrl\DdrCtrl.sv (1460)" representative instance : ddr3_ctl_axi/u_efx_ddr3_soft_controller/genblk1.inst_ddr3_axi/inst_efx_ddr3/top_mc/controller_main/dffrs_2527/i10_rst_1
FF|OPT : Flip-flop optimization by equivalence checking
@ "D:\yilingsi_fpga\Efinity_Project\Ti60F225_OV5640_Face_Reproduction\ip/DdrCtrl\DdrCtrl.sv (1460)" removed instance : ddr3_ctl_axi/u_efx_ddr3_soft_controller/genblk1.inst_ddr3_axi/inst_efx_ddr3/top_mc/controller_main/dffrs_2527/i67_rst_2
@ "D:\yilingsi_fpga\Efinity_Project\Ti60F225_OV5640_Face_Reproduction\ip/DdrCtrl\DdrCtrl.sv (1460)" representative instance : ddr3_ctl_axi/u_efx_ddr3_soft_controller/genblk1.inst_ddr3_axi/inst_efx_ddr3/top_mc/controller_main/dffrs_2527/i10_rst_2
FF|OPT : Flip-flop optimization by equivalence checking
@ "D:\yilingsi_fpga\Efinity_Project\Ti60F225_OV5640_Face_Reproduction\ip/DdrCtrl\DdrCtrl.sv (1460)" removed instance : ddr3_ctl_axi/u_efx_ddr3_soft_controller/genblk1.inst_ddr3_axi/inst_efx_ddr3/top_mc/controller_main/dffrs_2527/i67_rst_3
@ "D:\yilingsi_fpga\Efinity_Project\Ti60F225_OV5640_Face_Reproduction\ip/DdrCtrl\DdrCtrl.sv (1460)" representative instance : ddr3_ctl_axi/u_efx_ddr3_soft_controller/genblk1.inst_ddr3_axi/inst_efx_ddr3/top_mc/controller_main/dffrs_2527/i10_rst_3
FF|OPT : Flip-flop optimization by equivalence checking
@ "D:\yilingsi_fpga\Efinity_Project\Ti60F225_OV5640_Face_Reproduction\ip/DdrCtrl\DdrCtrl.sv (1460)" removed instance : ddr3_ctl_axi/u_efx_ddr3_soft_controller/genblk1.inst_ddr3_axi/inst_efx_ddr3/top_mc/controller_main/dffrs_2527/i66_rst_0
@ "D:\yilingsi_fpga\Efinity_Project\Ti60F225_OV5640_Face_Reproduction\ip/DdrCtrl\DdrCtrl.sv (1460)" representative instance : ddr3_ctl_axi/u_efx_ddr3_soft_controller/genblk1.inst_ddr3_axi/inst_efx_ddr3/top_mc/controller_main/dffrs_2527/i10_rst_0
FF|OPT : Flip-flop optimization by equivalence checking
@ "D:\yilingsi_fpga\Efinity_Project\Ti60F225_OV5640_Face_Reproduction\ip/DdrCtrl\DdrCtrl.sv (1460)" removed instance : ddr3_ctl_axi/u_efx_ddr3_soft_controller/genblk1.inst_ddr3_axi/inst_efx_ddr3/top_mc/controller_main/dffrs_2527/i66_rst_1
@ "D:\yilingsi_fpga\Efinity_Project\Ti60F225_OV5640_Face_Reproduction\ip/DdrCtrl\DdrCtrl.sv (1460)" representative instance : ddr3_ctl_axi/u_efx_ddr3_soft_controller/genblk1.inst_ddr3_axi/inst_efx_ddr3/top_mc/controller_main/dffrs_2527/i10_rst_1
FF|OPT : Flip-flop optimization by equivalence checking
@ "D:\yilingsi_fpga\Efinity_Project\Ti60F225_OV5640_Face_Reproduction\ip/DdrCtrl\DdrCtrl.sv (1460)" removed instance : ddr3_ctl_axi/u_efx_ddr3_soft_controller/genblk1.inst_ddr3_axi/inst_efx_ddr3/top_mc/controller_main/dffrs_2527/i66_rst_2
@ "D:\yilingsi_fpga\Efinity_Project\Ti60F225_OV5640_Face_Reproduction\ip/DdrCtrl\DdrCtrl.sv (1460)" representative instance : ddr3_ctl_axi/u_efx_ddr3_soft_controller/genblk1.inst_ddr3_axi/inst_efx_ddr3/top_mc/controller_main/dffrs_2527/i10_rst_2
FF|OPT : Flip-flop optimization by equivalence checking
@ "D:\yilingsi_fpga\Efinity_Project\Ti60F225_OV5640_Face_Reproduction\ip/DdrCtrl\DdrCtrl.sv (1460)" removed instance : ddr3_ctl_axi/u_efx_ddr3_soft_controller/genblk1.inst_ddr3_axi/inst_efx_ddr3/top_mc/controller_main/dffrs_2527/i66_rst_3
@ "D:\yilingsi_fpga\Efinity_Project\Ti60F225_OV5640_Face_Reproduction\ip/DdrCtrl\DdrCtrl.sv (1460)" representative instance : ddr3_ctl_axi/u_efx_ddr3_soft_controller/genblk1.inst_ddr3_axi/inst_efx_ddr3/top_mc/controller_main/dffrs_2527/i10_rst_3
FF|OPT : Flip-flop optimization by equivalence checking
@ "D:\yilingsi_fpga\Efinity_Project\Ti60F225_OV5640_Face_Reproduction\ip/DdrCtrl\DdrCtrl.sv (1460)" removed instance : ddr3_ctl_axi/u_efx_ddr3_soft_controller/genblk1.inst_ddr3_axi/inst_efx_ddr3/top_mc/controller_main/dffrs_2527/i65_rst_0
@ "D:\yilingsi_fpga\Efinity_Project\Ti60F225_OV5640_Face_Reproduction\ip/DdrCtrl\DdrCtrl.sv (1460)" representative instance : ddr3_ctl_axi/u_efx_ddr3_soft_controller/genblk1.inst_ddr3_axi/inst_efx_ddr3/top_mc/controller_main/dffrs_2527/i10_rst_0
FF|OPT : Flip-flop optimization by equivalence checking
@ "D:\yilingsi_fpga\Efinity_Project\Ti60F225_OV5640_Face_Reproduction\ip/DdrCtrl\DdrCtrl.sv (1460)" removed instance : ddr3_ctl_axi/u_efx_ddr3_soft_controller/genblk1.inst_ddr3_axi/inst_efx_ddr3/top_mc/controller_main/dffrs_2527/i65_rst_1
@ "D:\yilingsi_fpga\Efinity_Project\Ti60F225_OV5640_Face_Reproduction\ip/DdrCtrl\DdrCtrl.sv (1460)" representative instance : ddr3_ctl_axi/u_efx_ddr3_soft_controller/genblk1.inst_ddr3_axi/inst_efx_ddr3/top_mc/controller_main/dffrs_2527/i10_rst_1
FF|OPT : Flip-flop optimization by equivalence checking
@ "D:\yilingsi_fpga\Efinity_Project\Ti60F225_OV5640_Face_Reproduction\ip/DdrCtrl\DdrCtrl.sv (1460)" removed instance : ddr3_ctl_axi/u_efx_ddr3_soft_controller/genblk1.inst_ddr3_axi/inst_efx_ddr3/top_mc/controller_main/dffrs_2527/i65_rst_2
@ "D:\yilingsi_fpga\Efinity_Project\Ti60F225_OV5640_Face_Reproduction\ip/DdrCtrl\DdrCtrl.sv (1460)" representative instance : ddr3_ctl_axi/u_efx_ddr3_soft_controller/genblk1.inst_ddr3_axi/inst_efx_ddr3/top_mc/controller_main/dffrs_2527/i10_rst_2
FF|OPT : Flip-flop optimization by equivalence checking
@ "D:\yilingsi_fpga\Efinity_Project\Ti60F225_OV5640_Face_Reproduction\ip/DdrCtrl\DdrCtrl.sv (1460)" removed instance : ddr3_ctl_axi/u_efx_ddr3_soft_controller/genblk1.inst_ddr3_axi/inst_efx_ddr3/top_mc/controller_main/dffrs_2527/i65_rst_3
@ "D:\yilingsi_fpga\Efinity_Project\Ti60F225_OV5640_Face_Reproduction\ip/DdrCtrl\DdrCtrl.sv (1460)" representative instance : ddr3_ctl_axi/u_efx_ddr3_soft_controller/genblk1.inst_ddr3_axi/inst_efx_ddr3/top_mc/controller_main/dffrs_2527/i10_rst_3
FF|OPT : Flip-flop optimization by equivalence checking
@ "D:\yilingsi_fpga\Efinity_Project\Ti60F225_OV5640_Face_Reproduction\ip/DdrCtrl\DdrCtrl.sv (3274)" removed instance : ddr3_ctl_axi/u_efx_ddr3_soft_controller/genblk1.inst_ddr3_axi/inst_efx_ddr3/dff_734/i49
@ "D:\yilingsi_fpga\Efinity_Project\Ti60F225_OV5640_Face_Reproduction\ip/DdrCtrl\DdrCtrl.sv (3274)" representative instance : ddr3_ctl_axi/u_efx_ddr3_soft_controller/genblk1.inst_ddr3_axi/inst_efx_ddr3/dff_734/i89
FF|OPT : Flip-flop optimization by equivalence checking
@ "D:\yilingsi_fpga\Efinity_Project\Ti60F225_OV5640_Face_Reproduction\ip/DdrCtrl\DdrCtrl.sv (3274)" removed instance : ddr3_ctl_axi/u_efx_ddr3_soft_controller/genblk1.inst_ddr3_axi/inst_efx_ddr3/dff_734/i50
@ "D:\yilingsi_fpga\Efinity_Project\Ti60F225_OV5640_Face_Reproduction\ip/DdrCtrl\DdrCtrl.sv (3274)" representative instance : ddr3_ctl_axi/u_efx_ddr3_soft_controller/genblk1.inst_ddr3_axi/inst_efx_ddr3/dff_734/i100
FF|OPT : Flip-flop optimization by equivalence checking
@ "D:\yilingsi_fpga\Efinity_Project\Ti60F225_OV5640_Face_Reproduction\ip/DdrCtrl\DdrCtrl.sv (3274)" removed instance : ddr3_ctl_axi/u_efx_ddr3_soft_controller/genblk1.inst_ddr3_axi/inst_efx_ddr3/dff_734/i51
@ "D:\yilingsi_fpga\Efinity_Project\Ti60F225_OV5640_Face_Reproduction\ip/DdrCtrl\DdrCtrl.sv (3274)" representative instance : ddr3_ctl_axi/u_efx_ddr3_soft_controller/genblk1.inst_ddr3_axi/inst_efx_ddr3/dff_734/i8
FF|OPT : Flip-flop optimization by equivalence checking
@ "D:\yilingsi_fpga\Efinity_Project\Ti60F225_OV5640_Face_Reproduction\ip/DdrCtrl\DdrCtrl.sv (3274)" removed instance : ddr3_ctl_axi/u_efx_ddr3_soft_controller/genblk1.inst_ddr3_axi/inst_efx_ddr3/dff_734/i52
@ "D:\yilingsi_fpga\Efinity_Project\Ti60F225_OV5640_Face_Reproduction\ip/DdrCtrl\DdrCtrl.sv (3274)" representative instance : ddr3_ctl_axi/u_efx_ddr3_soft_controller/genblk1.inst_ddr3_axi/inst_efx_ddr3/dff_734/i1
FF|OPT : Flip-flop optimization by equivalence checking
@ "D:\yilingsi_fpga\Efinity_Project\Ti60F225_OV5640_Face_Reproduction\ip/DdrCtrl\DdrCtrl.sv (3274)" removed instance : ddr3_ctl_axi/u_efx_ddr3_soft_controller/genblk1.inst_ddr3_axi/inst_efx_ddr3/dff_734/i53
@ "D:\yilingsi_fpga\Efinity_Project\Ti60F225_OV5640_Face_Reproduction\ip/DdrCtrl\DdrCtrl.sv (3274)" representative instance : ddr3_ctl_axi/u_efx_ddr3_soft_controller/genblk1.inst_ddr3_axi/inst_efx_ddr3/dff_734/i89
FF|OPT : Flip-flop optimization by equivalence checking
@ "D:\yilingsi_fpga\Efinity_Project\Ti60F225_OV5640_Face_Reproduction\ip/DdrCtrl\DdrCtrl.sv (3274)" removed instance : ddr3_ctl_axi/u_efx_ddr3_soft_controller/genblk1.inst_ddr3_axi/inst_efx_ddr3/dff_734/i54
@ "D:\yilingsi_fpga\Efinity_Project\Ti60F225_OV5640_Face_Reproduction\ip/DdrCtrl\DdrCtrl.sv (3274)" representative instance : ddr3_ctl_axi/u_efx_ddr3_soft_controller/genblk1.inst_ddr3_axi/inst_efx_ddr3/dff_734/i91
FF|OPT : Flip-flop optimization by equivalence checking
@ "D:\yilingsi_fpga\Efinity_Project\Ti60F225_OV5640_Face_Reproduction\ip/DdrCtrl\DdrCtrl.sv (3274)" removed instance : ddr3_ctl_axi/u_efx_ddr3_soft_controller/genblk1.inst_ddr3_axi/inst_efx_ddr3/dff_734/i55
@ "D:\yilingsi_fpga\Efinity_Project\Ti60F225_OV5640_Face_Reproduction\ip/DdrCtrl\DdrCtrl.sv (3274)" representative instance : ddr3_ctl_axi/u_efx_ddr3_soft_controller/genblk1.inst_ddr3_axi/inst_efx_ddr3/dff_734/i4
FF|OPT : Flip-flop optimization by equivalence checking
@ "D:\yilingsi_fpga\Efinity_Project\Ti60F225_OV5640_Face_Reproduction\ip/DdrCtrl\DdrCtrl.sv (3274)" removed instance : ddr3_ctl_axi/u_efx_ddr3_soft_controller/genblk1.inst_ddr3_axi/inst_efx_ddr3/dff_734/i56
@ "D:\yilingsi_fpga\Efinity_Project\Ti60F225_OV5640_Face_Reproduction\ip/DdrCtrl\DdrCtrl.sv (3274)" representative instance : ddr3_ctl_axi/u_efx_ddr3_soft_controller/genblk1.inst_ddr3_axi/inst_efx_ddr3/dff_734/i3
FF|OPT : Flip-flop optimization by equivalence checking
@ "D:\yilingsi_fpga\Efinity_Project\Ti60F225_OV5640_Face_Reproduction\ip/DdrCtrl\DdrCtrl.sv (3274)" removed instance : ddr3_ctl_axi/u_efx_ddr3_soft_controller/genblk1.inst_ddr3_axi/inst_efx_ddr3/dff_734/i57
@ "D:\yilingsi_fpga\Efinity_Project\Ti60F225_OV5640_Face_Reproduction\ip/DdrCtrl\DdrCtrl.sv (3274)" representative instance : ddr3_ctl_axi/u_efx_ddr3_soft_controller/genblk1.inst_ddr3_axi/inst_efx_ddr3/dff_734/i89
FF|OPT : Flip-flop optimization by equivalence checking
@ "D:\yilingsi_fpga\Efinity_Project\Ti60F225_OV5640_Face_Reproduction\ip/DdrCtrl\DdrCtrl.sv (3274)" removed instance : ddr3_ctl_axi/u_efx_ddr3_soft_controller/genblk1.inst_ddr3_axi/inst_efx_ddr3/dff_734/i58
@ "D:\yilingsi_fpga\Efinity_Project\Ti60F225_OV5640_Face_Reproduction\ip/DdrCtrl\DdrCtrl.sv (3274)" representative instance : ddr3_ctl_axi/u_efx_ddr3_soft_controller/genblk1.inst_ddr3_axi/inst_efx_ddr3/dff_734/i95
FF|OPT : Flip-flop optimization by equivalence checking
@ "D:\yilingsi_fpga\Efinity_Project\Ti60F225_OV5640_Face_Reproduction\ip/DdrCtrl\DdrCtrl.sv (3274)" removed instance : ddr3_ctl_axi/u_efx_ddr3_soft_controller/genblk1.inst_ddr3_axi/inst_efx_ddr3/dff_734/i59
@ "D:\yilingsi_fpga\Efinity_Project\Ti60F225_OV5640_Face_Reproduction\ip/DdrCtrl\DdrCtrl.sv (3274)" representative instance : ddr3_ctl_axi/u_efx_ddr3_soft_controller/genblk1.inst_ddr3_axi/inst_efx_ddr3/dff_734/i4
FF|OPT : Flip-flop optimization by equivalence checking
@ "D:\yilingsi_fpga\Efinity_Project\Ti60F225_OV5640_Face_Reproduction\ip/DdrCtrl\DdrCtrl.sv (3274)" removed instance : ddr3_ctl_axi/u_efx_ddr3_soft_controller/genblk1.inst_ddr3_axi/inst_efx_ddr3/dff_734/i60
@ "D:\yilingsi_fpga\Efinity_Project\Ti60F225_OV5640_Face_Reproduction\ip/DdrCtrl\DdrCtrl.sv (3274)" representative instance : ddr3_ctl_axi/u_efx_ddr3_soft_controller/genblk1.inst_ddr3_axi/inst_efx_ddr3/dff_734/i1
FF|OPT : Flip-flop optimization by equivalence checking
@ "D:\yilingsi_fpga\Efinity_Project\Ti60F225_OV5640_Face_Reproduction\ip/DdrCtrl\DdrCtrl.sv (3274)" removed instance : ddr3_ctl_axi/u_efx_ddr3_soft_controller/genblk1.inst_ddr3_axi/inst_efx_ddr3/dff_734/i61
@ "D:\yilingsi_fpga\Efinity_Project\Ti60F225_OV5640_Face_Reproduction\ip/DdrCtrl\DdrCtrl.sv (3274)" representative instance : ddr3_ctl_axi/u_efx_ddr3_soft_controller/genblk1.inst_ddr3_axi/inst_efx_ddr3/dff_734/i89
FF|OPT : Flip-flop optimization by equivalence checking
@ "D:\yilingsi_fpga\Efinity_Project\Ti60F225_OV5640_Face_Reproduction\ip/DdrCtrl\DdrCtrl.sv (3274)" removed instance : ddr3_ctl_axi/u_efx_ddr3_soft_controller/genblk1.inst_ddr3_axi/inst_efx_ddr3/dff_734/i64
@ "D:\yilingsi_fpga\Efinity_Project\Ti60F225_OV5640_Face_Reproduction\ip/DdrCtrl\DdrCtrl.sv (3274)" representative instance : ddr3_ctl_axi/u_efx_ddr3_soft_controller/genblk1.inst_ddr3_axi/inst_efx_ddr3/dff_734/i1
FF|OPT : Flip-flop optimization by equivalence checking
@ "D:\yilingsi_fpga\Efinity_Project\Ti60F225_OV5640_Face_Reproduction\ip/DdrCtrl\DdrCtrl.sv (1460)" removed instance : ddr3_ctl_axi/u_efx_ddr3_soft_controller/genblk1.inst_ddr3_axi/inst_efx_ddr3/top_mc/controller_main/dffrs_2527/i64_rst_0
@ "D:\yilingsi_fpga\Efinity_Project\Ti60F225_OV5640_Face_Reproduction\ip/DdrCtrl\DdrCtrl.sv (1460)" representative instance : ddr3_ctl_axi/u_efx_ddr3_soft_controller/genblk1.inst_ddr3_axi/inst_efx_ddr3/top_mc/controller_main/dffrs_2527/i10_rst_0
FF|OPT : Flip-flop optimization by equivalence checking
@ "D:\yilingsi_fpga\Efinity_Project\Ti60F225_OV5640_Face_Reproduction\ip/DdrCtrl\DdrCtrl.sv (1460)" removed instance : ddr3_ctl_axi/u_efx_ddr3_soft_controller/genblk1.inst_ddr3_axi/inst_efx_ddr3/top_mc/controller_main/dffrs_2527/i64_rst_1
@ "D:\yilingsi_fpga\Efinity_Project\Ti60F225_OV5640_Face_Reproduction\ip/DdrCtrl\DdrCtrl.sv (1460)" representative instance : ddr3_ctl_axi/u_efx_ddr3_soft_controller/genblk1.inst_ddr3_axi/inst_efx_ddr3/top_mc/controller_main/dffrs_2527/i10_rst_1
FF|OPT : Flip-flop optimization by equivalence checking
@ "D:\yilingsi_fpga\Efinity_Project\Ti60F225_OV5640_Face_Reproduction\ip/DdrCtrl\DdrCtrl.sv (1460)" removed instance : ddr3_ctl_axi/u_efx_ddr3_soft_controller/genblk1.inst_ddr3_axi/inst_efx_ddr3/top_mc/controller_main/dffrs_2527/i64_rst_2
@ "D:\yilingsi_fpga\Efinity_Project\Ti60F225_OV5640_Face_Reproduction\ip/DdrCtrl\DdrCtrl.sv (1460)" representative instance : ddr3_ctl_axi/u_efx_ddr3_soft_controller/genblk1.inst_ddr3_axi/inst_efx_ddr3/top_mc/controller_main/dffrs_2527/i10_rst_2
FF|OPT : Flip-flop optimization by equivalence checking
@ "D:\yilingsi_fpga\Efinity_Project\Ti60F225_OV5640_Face_Reproduction\ip/DdrCtrl\DdrCtrl.sv (1460)" removed instance : ddr3_ctl_axi/u_efx_ddr3_soft_controller/genblk1.inst_ddr3_axi/inst_efx_ddr3/top_mc/controller_main/dffrs_2527/i64_rst_3
@ "D:\yilingsi_fpga\Efinity_Project\Ti60F225_OV5640_Face_Reproduction\ip/DdrCtrl\DdrCtrl.sv (1460)" representative instance : ddr3_ctl_axi/u_efx_ddr3_soft_controller/genblk1.inst_ddr3_axi/inst_efx_ddr3/top_mc/controller_main/dffrs_2527/i10_rst_3
FF|OPT : Flip-flop optimization by equivalence checking
@ "D:\yilingsi_fpga\Efinity_Project\Ti60F225_OV5640_Face_Reproduction\ip/DdrCtrl\DdrCtrl.sv (1460)" removed instance : ddr3_ctl_axi/u_efx_ddr3_soft_controller/genblk1.inst_ddr3_axi/inst_efx_ddr3/top_mc/controller_main/dffrs_2527/i63_rst_0
@ "D:\yilingsi_fpga\Efinity_Project\Ti60F225_OV5640_Face_Reproduction\ip/DdrCtrl\DdrCtrl.sv (1460)" representative instance : ddr3_ctl_axi/u_efx_ddr3_soft_controller/genblk1.inst_ddr3_axi/inst_efx_ddr3/top_mc/controller_main/dffrs_2527/i10_rst_0
FF|OPT : Flip-flop optimization by equivalence checking
@ "D:\yilingsi_fpga\Efinity_Project\Ti60F225_OV5640_Face_Reproduction\ip/DdrCtrl\DdrCtrl.sv (1460)" removed instance : ddr3_ctl_axi/u_efx_ddr3_soft_controller/genblk1.inst_ddr3_axi/inst_efx_ddr3/top_mc/controller_main/dffrs_2527/i63_rst_1
@ "D:\yilingsi_fpga\Efinity_Project\Ti60F225_OV5640_Face_Reproduction\ip/DdrCtrl\DdrCtrl.sv (1460)" representative instance : ddr3_ctl_axi/u_efx_ddr3_soft_controller/genblk1.inst_ddr3_axi/inst_efx_ddr3/top_mc/controller_main/dffrs_2527/i10_rst_1
FF|OPT : Flip-flop optimization by equivalence checking
@ "D:\yilingsi_fpga\Efinity_Project\Ti60F225_OV5640_Face_Reproduction\ip/DdrCtrl\DdrCtrl.sv (1460)" removed instance : ddr3_ctl_axi/u_efx_ddr3_soft_controller/genblk1.inst_ddr3_axi/inst_efx_ddr3/top_mc/controller_main/dffrs_2527/i63_rst_2
@ "D:\yilingsi_fpga\Efinity_Project\Ti60F225_OV5640_Face_Reproduction\ip/DdrCtrl\DdrCtrl.sv (1460)" representative instance : ddr3_ctl_axi/u_efx_ddr3_soft_controller/genblk1.inst_ddr3_axi/inst_efx_ddr3/top_mc/controller_main/dffrs_2527/i10_rst_2
FF|OPT : Flip-flop optimization by equivalence checking
@ "D:\yilingsi_fpga\Efinity_Project\Ti60F225_OV5640_Face_Reproduction\ip/DdrCtrl\DdrCtrl.sv (1460)" removed instance : ddr3_ctl_axi/u_efx_ddr3_soft_controller/genblk1.inst_ddr3_axi/inst_efx_ddr3/top_mc/controller_main/dffrs_2527/i63_rst_3
@ "D:\yilingsi_fpga\Efinity_Project\Ti60F225_OV5640_Face_Reproduction\ip/DdrCtrl\DdrCtrl.sv (1460)" representative instance : ddr3_ctl_axi/u_efx_ddr3_soft_controller/genblk1.inst_ddr3_axi/inst_efx_ddr3/top_mc/controller_main/dffrs_2527/i10_rst_3
FF|OPT : Flip-flop optimization by equivalence checking
@ "D:\yilingsi_fpga\Efinity_Project\Ti60F225_OV5640_Face_Reproduction\ip/DdrCtrl\DdrCtrl.sv (1460)" removed instance : ddr3_ctl_axi/u_efx_ddr3_soft_controller/genblk1.inst_ddr3_axi/inst_efx_ddr3/top_mc/controller_main/dffrs_2527/i62_rst_0
@ "D:\yilingsi_fpga\Efinity_Project\Ti60F225_OV5640_Face_Reproduction\ip/DdrCtrl\DdrCtrl.sv (1460)" representative instance : ddr3_ctl_axi/u_efx_ddr3_soft_controller/genblk1.inst_ddr3_axi/inst_efx_ddr3/top_mc/controller_main/dffrs_2527/i10_rst_0
FF|OPT : Flip-flop optimization by equivalence checking
@ "D:\yilingsi_fpga\Efinity_Project\Ti60F225_OV5640_Face_Reproduction\ip/DdrCtrl\DdrCtrl.sv (1460)" removed instance : ddr3_ctl_axi/u_efx_ddr3_soft_controller/genblk1.inst_ddr3_axi/inst_efx_ddr3/top_mc/controller_main/dffrs_2527/i62_rst_1
@ "D:\yilingsi_fpga\Efinity_Project\Ti60F225_OV5640_Face_Reproduction\ip/DdrCtrl\DdrCtrl.sv (1460)" representative instance : ddr3_ctl_axi/u_efx_ddr3_soft_controller/genblk1.inst_ddr3_axi/inst_efx_ddr3/top_mc/controller_main/dffrs_2527/i10_rst_1
FF|OPT : Flip-flop optimization by equivalence checking
@ "D:\yilingsi_fpga\Efinity_Project\Ti60F225_OV5640_Face_Reproduction\ip/DdrCtrl\DdrCtrl.sv (1460)" removed instance : ddr3_ctl_axi/u_efx_ddr3_soft_controller/genblk1.inst_ddr3_axi/inst_efx_ddr3/top_mc/controller_main/dffrs_2527/i62_rst_2
@ "D:\yilingsi_fpga\Efinity_Project\Ti60F225_OV5640_Face_Reproduction\ip/DdrCtrl\DdrCtrl.sv (1460)" representative instance : ddr3_ctl_axi/u_efx_ddr3_soft_controller/genblk1.inst_ddr3_axi/inst_efx_ddr3/top_mc/controller_main/dffrs_2527/i10_rst_2
FF|OPT : Flip-flop optimization by equivalence checking
@ "D:\yilingsi_fpga\Efinity_Project\Ti60F225_OV5640_Face_Reproduction\ip/DdrCtrl\DdrCtrl.sv (1460)" removed instance : ddr3_ctl_axi/u_efx_ddr3_soft_controller/genblk1.inst_ddr3_axi/inst_efx_ddr3/top_mc/controller_main/dffrs_2527/i62_rst_3
@ "D:\yilingsi_fpga\Efinity_Project\Ti60F225_OV5640_Face_Reproduction\ip/DdrCtrl\DdrCtrl.sv (1460)" representative instance : ddr3_ctl_axi/u_efx_ddr3_soft_controller/genblk1.inst_ddr3_axi/inst_efx_ddr3/top_mc/controller_main/dffrs_2527/i10_rst_3
FF|OPT : Flip-flop optimization by equivalence checking
@ "D:\yilingsi_fpga\Efinity_Project\Ti60F225_OV5640_Face_Reproduction\ip/DdrCtrl\DdrCtrl.sv (1460)" removed instance : ddr3_ctl_axi/u_efx_ddr3_soft_controller/genblk1.inst_ddr3_axi/inst_efx_ddr3/top_mc/controller_main/dffrs_2527/i61_rst_0
@ "D:\yilingsi_fpga\Efinity_Project\Ti60F225_OV5640_Face_Reproduction\ip/DdrCtrl\DdrCtrl.sv (1460)" representative instance : ddr3_ctl_axi/u_efx_ddr3_soft_controller/genblk1.inst_ddr3_axi/inst_efx_ddr3/top_mc/controller_main/dffrs_2527/i10_rst_0
FF|OPT : Flip-flop optimization by equivalence checking
@ "D:\yilingsi_fpga\Efinity_Project\Ti60F225_OV5640_Face_Reproduction\ip/DdrCtrl\DdrCtrl.sv (1460)" removed instance : ddr3_ctl_axi/u_efx_ddr3_soft_controller/genblk1.inst_ddr3_axi/inst_efx_ddr3/top_mc/controller_main/dffrs_2527/i61_rst_1
@ "D:\yilingsi_fpga\Efinity_Project\Ti60F225_OV5640_Face_Reproduction\ip/DdrCtrl\DdrCtrl.sv (1460)" representative instance : ddr3_ctl_axi/u_efx_ddr3_soft_controller/genblk1.inst_ddr3_axi/inst_efx_ddr3/top_mc/controller_main/dffrs_2527/i10_rst_1
FF|OPT : Flip-flop optimization by equivalence checking
@ "D:\yilingsi_fpga\Efinity_Project\Ti60F225_OV5640_Face_Reproduction\ip/DdrCtrl\DdrCtrl.sv (1460)" removed instance : ddr3_ctl_axi/u_efx_ddr3_soft_controller/genblk1.inst_ddr3_axi/inst_efx_ddr3/top_mc/controller_main/dffrs_2527/i61_rst_2
@ "D:\yilingsi_fpga\Efinity_Project\Ti60F225_OV5640_Face_Reproduction\ip/DdrCtrl\DdrCtrl.sv (1460)" representative instance : ddr3_ctl_axi/u_efx_ddr3_soft_controller/genblk1.inst_ddr3_axi/inst_efx_ddr3/top_mc/controller_main/dffrs_2527/i10_rst_2
FF|OPT : Flip-flop optimization by equivalence checking
@ "D:\yilingsi_fpga\Efinity_Project\Ti60F225_OV5640_Face_Reproduction\ip/DdrCtrl\DdrCtrl.sv (1460)" removed instance : ddr3_ctl_axi/u_efx_ddr3_soft_controller/genblk1.inst_ddr3_axi/inst_efx_ddr3/top_mc/controller_main/dffrs_2527/i61_rst_3
@ "D:\yilingsi_fpga\Efinity_Project\Ti60F225_OV5640_Face_Reproduction\ip/DdrCtrl\DdrCtrl.sv (1460)" representative instance : ddr3_ctl_axi/u_efx_ddr3_soft_controller/genblk1.inst_ddr3_axi/inst_efx_ddr3/top_mc/controller_main/dffrs_2527/i10_rst_3
FF|OPT : Flip-flop optimization by equivalence checking
@ "D:\yilingsi_fpga\Efinity_Project\Ti60F225_OV5640_Face_Reproduction\ip/DdrCtrl\DdrCtrl.sv (1460)" removed instance : ddr3_ctl_axi/u_efx_ddr3_soft_controller/genblk1.inst_ddr3_axi/inst_efx_ddr3/top_mc/controller_main/dffrs_2527/i6_rst_0
@ "D:\yilingsi_fpga\Efinity_Project\Ti60F225_OV5640_Face_Reproduction\ip/DdrCtrl\DdrCtrl.sv (1460)" representative instance : ddr3_ctl_axi/u_efx_ddr3_soft_controller/genblk1.inst_ddr3_axi/inst_efx_ddr3/top_mc/controller_main/dffrs_2527/i10_rst_0
FF|OPT : Flip-flop optimization by equivalence checking
@ "D:\yilingsi_fpga\Efinity_Project\Ti60F225_OV5640_Face_Reproduction\ip/DdrCtrl\DdrCtrl.sv (1460)" removed instance : ddr3_ctl_axi/u_efx_ddr3_soft_controller/genblk1.inst_ddr3_axi/inst_efx_ddr3/top_mc/controller_main/dffrs_2527/i6_rst_1
@ "D:\yilingsi_fpga\Efinity_Project\Ti60F225_OV5640_Face_Reproduction\ip/DdrCtrl\DdrCtrl.sv (1460)" representative instance : ddr3_ctl_axi/u_efx_ddr3_soft_controller/genblk1.inst_ddr3_axi/inst_efx_ddr3/top_mc/controller_main/dffrs_2527/i10_rst_1
FF|OPT : Flip-flop optimization by equivalence checking
@ "D:\yilingsi_fpga\Efinity_Project\Ti60F225_OV5640_Face_Reproduction\ip/DdrCtrl\DdrCtrl.sv (1460)" removed instance : ddr3_ctl_axi/u_efx_ddr3_soft_controller/genblk1.inst_ddr3_axi/inst_efx_ddr3/top_mc/controller_main/dffrs_2527/i6_rst_2
@ "D:\yilingsi_fpga\Efinity_Project\Ti60F225_OV5640_Face_Reproduction\ip/DdrCtrl\DdrCtrl.sv (1460)" representative instance : ddr3_ctl_axi/u_efx_ddr3_soft_controller/genblk1.inst_ddr3_axi/inst_efx_ddr3/top_mc/controller_main/dffrs_2527/i10_rst_2
FF|OPT : Flip-flop optimization by equivalence checking
@ "D:\yilingsi_fpga\Efinity_Project\Ti60F225_OV5640_Face_Reproduction\ip/DdrCtrl\DdrCtrl.sv (1460)" removed instance : ddr3_ctl_axi/u_efx_ddr3_soft_controller/genblk1.inst_ddr3_axi/inst_efx_ddr3/top_mc/controller_main/dffrs_2527/i6_rst_3
@ "D:\yilingsi_fpga\Efinity_Project\Ti60F225_OV5640_Face_Reproduction\ip/DdrCtrl\DdrCtrl.sv (1460)" representative instance : ddr3_ctl_axi/u_efx_ddr3_soft_controller/genblk1.inst_ddr3_axi/inst_efx_ddr3/top_mc/controller_main/dffrs_2527/i10_rst_3
FF|OPT : Flip-flop optimization by equivalence checking
@ "D:\yilingsi_fpga\Efinity_Project\Ti60F225_OV5640_Face_Reproduction\ip/DdrCtrl\DdrCtrl.sv (1460)" removed instance : ddr3_ctl_axi/u_efx_ddr3_soft_controller/genblk1.inst_ddr3_axi/inst_efx_ddr3/top_mc/controller_main/dffrs_2527/i60_rst_0
@ "D:\yilingsi_fpga\Efinity_Project\Ti60F225_OV5640_Face_Reproduction\ip/DdrCtrl\DdrCtrl.sv (1460)" representative instance : ddr3_ctl_axi/u_efx_ddr3_soft_controller/genblk1.inst_ddr3_axi/inst_efx_ddr3/top_mc/controller_main/dffrs_2527/i10_rst_0
FF|OPT : Flip-flop optimization by equivalence checking
@ "D:\yilingsi_fpga\Efinity_Project\Ti60F225_OV5640_Face_Reproduction\ip/DdrCtrl\DdrCtrl.sv (1460)" removed instance : ddr3_ctl_axi/u_efx_ddr3_soft_controller/genblk1.inst_ddr3_axi/inst_efx_ddr3/top_mc/controller_main/dffrs_2527/i60_rst_1
@ "D:\yilingsi_fpga\Efinity_Project\Ti60F225_OV5640_Face_Reproduction\ip/DdrCtrl\DdrCtrl.sv (1460)" representative instance : ddr3_ctl_axi/u_efx_ddr3_soft_controller/genblk1.inst_ddr3_axi/inst_efx_ddr3/top_mc/controller_main/dffrs_2527/i10_rst_1
FF|OPT : Flip-flop optimization by equivalence checking
@ "D:\yilingsi_fpga\Efinity_Project\Ti60F225_OV5640_Face_Reproduction\ip/DdrCtrl\DdrCtrl.sv (1460)" removed instance : ddr3_ctl_axi/u_efx_ddr3_soft_controller/genblk1.inst_ddr3_axi/inst_efx_ddr3/top_mc/controller_main/dffrs_2527/i60_rst_2
@ "D:\yilingsi_fpga\Efinity_Project\Ti60F225_OV5640_Face_Reproduction\ip/DdrCtrl\DdrCtrl.sv (1460)" representative instance : ddr3_ctl_axi/u_efx_ddr3_soft_controller/genblk1.inst_ddr3_axi/inst_efx_ddr3/top_mc/controller_main/dffrs_2527/i10_rst_2
FF|OPT : Flip-flop optimization by equivalence checking
@ "D:\yilingsi_fpga\Efinity_Project\Ti60F225_OV5640_Face_Reproduction\ip/DdrCtrl\DdrCtrl.sv (1460)" removed instance : ddr3_ctl_axi/u_efx_ddr3_soft_controller/genblk1.inst_ddr3_axi/inst_efx_ddr3/top_mc/controller_main/dffrs_2527/i60_rst_3
@ "D:\yilingsi_fpga\Efinity_Project\Ti60F225_OV5640_Face_Reproduction\ip/DdrCtrl\DdrCtrl.sv (1460)" representative instance : ddr3_ctl_axi/u_efx_ddr3_soft_controller/genblk1.inst_ddr3_axi/inst_efx_ddr3/top_mc/controller_main/dffrs_2527/i10_rst_3
FF|OPT : Flip-flop optimization by equivalence checking
@ "D:\yilingsi_fpga\Efinity_Project\Ti60F225_OV5640_Face_Reproduction\ip/DdrCtrl\DdrCtrl.sv (1460)" removed instance : ddr3_ctl_axi/u_efx_ddr3_soft_controller/genblk1.inst_ddr3_axi/inst_efx_ddr3/top_mc/controller_main/dffrs_2527/i59_rst_0
@ "D:\yilingsi_fpga\Efinity_Project\Ti60F225_OV5640_Face_Reproduction\ip/DdrCtrl\DdrCtrl.sv (1460)" representative instance : ddr3_ctl_axi/u_efx_ddr3_soft_controller/genblk1.inst_ddr3_axi/inst_efx_ddr3/top_mc/controller_main/dffrs_2527/i10_rst_0
FF|OPT : Flip-flop optimization by equivalence checking
@ "D:\yilingsi_fpga\Efinity_Project\Ti60F225_OV5640_Face_Reproduction\ip/DdrCtrl\DdrCtrl.sv (1460)" removed instance : ddr3_ctl_axi/u_efx_ddr3_soft_controller/genblk1.inst_ddr3_axi/inst_efx_ddr3/top_mc/controller_main/dffrs_2527/i59_rst_1
@ "D:\yilingsi_fpga\Efinity_Project\Ti60F225_OV5640_Face_Reproduction\ip/DdrCtrl\DdrCtrl.sv (1460)" representative instance : ddr3_ctl_axi/u_efx_ddr3_soft_controller/genblk1.inst_ddr3_axi/inst_efx_ddr3/top_mc/controller_main/dffrs_2527/i10_rst_1
FF|OPT : Flip-flop optimization by equivalence checking
@ "D:\yilingsi_fpga\Efinity_Project\Ti60F225_OV5640_Face_Reproduction\ip/DdrCtrl\DdrCtrl.sv (1460)" removed instance : ddr3_ctl_axi/u_efx_ddr3_soft_controller/genblk1.inst_ddr3_axi/inst_efx_ddr3/top_mc/controller_main/dffrs_2527/i59_rst_2
@ "D:\yilingsi_fpga\Efinity_Project\Ti60F225_OV5640_Face_Reproduction\ip/DdrCtrl\DdrCtrl.sv (1460)" representative instance : ddr3_ctl_axi/u_efx_ddr3_soft_controller/genblk1.inst_ddr3_axi/inst_efx_ddr3/top_mc/controller_main/dffrs_2527/i10_rst_2
FF|OPT : Flip-flop optimization by equivalence checking
@ "D:\yilingsi_fpga\Efinity_Project\Ti60F225_OV5640_Face_Reproduction\ip/DdrCtrl\DdrCtrl.sv (1460)" removed instance : ddr3_ctl_axi/u_efx_ddr3_soft_controller/genblk1.inst_ddr3_axi/inst_efx_ddr3/top_mc/controller_main/dffrs_2527/i59_rst_3
@ "D:\yilingsi_fpga\Efinity_Project\Ti60F225_OV5640_Face_Reproduction\ip/DdrCtrl\DdrCtrl.sv (1460)" representative instance : ddr3_ctl_axi/u_efx_ddr3_soft_controller/genblk1.inst_ddr3_axi/inst_efx_ddr3/top_mc/controller_main/dffrs_2527/i10_rst_3
FF|OPT : Flip-flop optimization by equivalence checking
@ "D:\yilingsi_fpga\Efinity_Project\Ti60F225_OV5640_Face_Reproduction\ip/DdrCtrl\DdrCtrl.sv (1460)" removed instance : ddr3_ctl_axi/u_efx_ddr3_soft_controller/genblk1.inst_ddr3_axi/inst_efx_ddr3/top_mc/controller_main/dffrs_2527/i58_rst_0
@ "D:\yilingsi_fpga\Efinity_Project\Ti60F225_OV5640_Face_Reproduction\ip/DdrCtrl\DdrCtrl.sv (1460)" representative instance : ddr3_ctl_axi/u_efx_ddr3_soft_controller/genblk1.inst_ddr3_axi/inst_efx_ddr3/top_mc/controller_main/dffrs_2527/i10_rst_0
FF|OPT : Flip-flop optimization by equivalence checking
@ "D:\yilingsi_fpga\Efinity_Project\Ti60F225_OV5640_Face_Reproduction\ip/DdrCtrl\DdrCtrl.sv (1460)" removed instance : ddr3_ctl_axi/u_efx_ddr3_soft_controller/genblk1.inst_ddr3_axi/inst_efx_ddr3/top_mc/controller_main/dffrs_2527/i58_rst_1
@ "D:\yilingsi_fpga\Efinity_Project\Ti60F225_OV5640_Face_Reproduction\ip/DdrCtrl\DdrCtrl.sv (1460)" representative instance : ddr3_ctl_axi/u_efx_ddr3_soft_controller/genblk1.inst_ddr3_axi/inst_efx_ddr3/top_mc/controller_main/dffrs_2527/i10_rst_1
FF|OPT : Flip-flop optimization by equivalence checking
@ "D:\yilingsi_fpga\Efinity_Project\Ti60F225_OV5640_Face_Reproduction\ip/DdrCtrl\DdrCtrl.sv (1460)" removed instance : ddr3_ctl_axi/u_efx_ddr3_soft_controller/genblk1.inst_ddr3_axi/inst_efx_ddr3/top_mc/controller_main/dffrs_2527/i58_rst_2
@ "D:\yilingsi_fpga\Efinity_Project\Ti60F225_OV5640_Face_Reproduction\ip/DdrCtrl\DdrCtrl.sv (1460)" representative instance : ddr3_ctl_axi/u_efx_ddr3_soft_controller/genblk1.inst_ddr3_axi/inst_efx_ddr3/top_mc/controller_main/dffrs_2527/i10_rst_2
FF|OPT : Flip-flop optimization by equivalence checking
@ "D:\yilingsi_fpga\Efinity_Project\Ti60F225_OV5640_Face_Reproduction\ip/DdrCtrl\DdrCtrl.sv (1460)" removed instance : ddr3_ctl_axi/u_efx_ddr3_soft_controller/genblk1.inst_ddr3_axi/inst_efx_ddr3/top_mc/controller_main/dffrs_2527/i58_rst_3
@ "D:\yilingsi_fpga\Efinity_Project\Ti60F225_OV5640_Face_Reproduction\ip/DdrCtrl\DdrCtrl.sv (1460)" representative instance : ddr3_ctl_axi/u_efx_ddr3_soft_controller/genblk1.inst_ddr3_axi/inst_efx_ddr3/top_mc/controller_main/dffrs_2527/i10_rst_3
FF|OPT : Flip-flop optimization by equivalence checking
@ "D:\yilingsi_fpga\Efinity_Project\Ti60F225_OV5640_Face_Reproduction\ip/DdrCtrl\DdrCtrl.sv (1460)" removed instance : ddr3_ctl_axi/u_efx_ddr3_soft_controller/genblk1.inst_ddr3_axi/inst_efx_ddr3/top_mc/controller_main/dffrs_2527/i57_rst_0
@ "D:\yilingsi_fpga\Efinity_Project\Ti60F225_OV5640_Face_Reproduction\ip/DdrCtrl\DdrCtrl.sv (1460)" representative instance : ddr3_ctl_axi/u_efx_ddr3_soft_controller/genblk1.inst_ddr3_axi/inst_efx_ddr3/top_mc/controller_main/dffrs_2527/i10_rst_0
FF|OPT : Flip-flop optimization by equivalence checking
@ "D:\yilingsi_fpga\Efinity_Project\Ti60F225_OV5640_Face_Reproduction\ip/DdrCtrl\DdrCtrl.sv (1460)" removed instance : ddr3_ctl_axi/u_efx_ddr3_soft_controller/genblk1.inst_ddr3_axi/inst_efx_ddr3/top_mc/controller_main/dffrs_2527/i57_rst_1
@ "D:\yilingsi_fpga\Efinity_Project\Ti60F225_OV5640_Face_Reproduction\ip/DdrCtrl\DdrCtrl.sv (1460)" representative instance : ddr3_ctl_axi/u_efx_ddr3_soft_controller/genblk1.inst_ddr3_axi/inst_efx_ddr3/top_mc/controller_main/dffrs_2527/i10_rst_1
FF|OPT : Flip-flop optimization by equivalence checking
@ "D:\yilingsi_fpga\Efinity_Project\Ti60F225_OV5640_Face_Reproduction\ip/DdrCtrl\DdrCtrl.sv (1460)" removed instance : ddr3_ctl_axi/u_efx_ddr3_soft_controller/genblk1.inst_ddr3_axi/inst_efx_ddr3/top_mc/controller_main/dffrs_2527/i57_rst_2
@ "D:\yilingsi_fpga\Efinity_Project\Ti60F225_OV5640_Face_Reproduction\ip/DdrCtrl\DdrCtrl.sv (1460)" representative instance : ddr3_ctl_axi/u_efx_ddr3_soft_controller/genblk1.inst_ddr3_axi/inst_efx_ddr3/top_mc/controller_main/dffrs_2527/i10_rst_2
FF|OPT : Flip-flop optimization by equivalence checking
@ "D:\yilingsi_fpga\Efinity_Project\Ti60F225_OV5640_Face_Reproduction\ip/DdrCtrl\DdrCtrl.sv (1460)" removed instance : ddr3_ctl_axi/u_efx_ddr3_soft_controller/genblk1.inst_ddr3_axi/inst_efx_ddr3/top_mc/controller_main/dffrs_2527/i57_rst_3
@ "D:\yilingsi_fpga\Efinity_Project\Ti60F225_OV5640_Face_Reproduction\ip/DdrCtrl\DdrCtrl.sv (1460)" representative instance : ddr3_ctl_axi/u_efx_ddr3_soft_controller/genblk1.inst_ddr3_axi/inst_efx_ddr3/top_mc/controller_main/dffrs_2527/i10_rst_3
FF|OPT : Flip-flop optimization by equivalence checking
@ "D:\yilingsi_fpga\Efinity_Project\Ti60F225_OV5640_Face_Reproduction\ip/DdrCtrl\DdrCtrl.sv (1460)" removed instance : ddr3_ctl_axi/u_efx_ddr3_soft_controller/genblk1.inst_ddr3_axi/inst_efx_ddr3/top_mc/controller_main/dffrs_2527/i56_rst_0
@ "D:\yilingsi_fpga\Efinity_Project\Ti60F225_OV5640_Face_Reproduction\ip/DdrCtrl\DdrCtrl.sv (1460)" representative instance : ddr3_ctl_axi/u_efx_ddr3_soft_controller/genblk1.inst_ddr3_axi/inst_efx_ddr3/top_mc/controller_main/dffrs_2527/i10_rst_0
FF|OPT : Flip-flop optimization by equivalence checking
@ "D:\yilingsi_fpga\Efinity_Project\Ti60F225_OV5640_Face_Reproduction\ip/DdrCtrl\DdrCtrl.sv (1460)" removed instance : ddr3_ctl_axi/u_efx_ddr3_soft_controller/genblk1.inst_ddr3_axi/inst_efx_ddr3/top_mc/controller_main/dffrs_2527/i56_rst_1
@ "D:\yilingsi_fpga\Efinity_Project\Ti60F225_OV5640_Face_Reproduction\ip/DdrCtrl\DdrCtrl.sv (1460)" representative instance : ddr3_ctl_axi/u_efx_ddr3_soft_controller/genblk1.inst_ddr3_axi/inst_efx_ddr3/top_mc/controller_main/dffrs_2527/i10_rst_1
FF|OPT : Flip-flop optimization by equivalence checking
@ "D:\yilingsi_fpga\Efinity_Project\Ti60F225_OV5640_Face_Reproduction\ip/DdrCtrl\DdrCtrl.sv (1460)" removed instance : ddr3_ctl_axi/u_efx_ddr3_soft_controller/genblk1.inst_ddr3_axi/inst_efx_ddr3/top_mc/controller_main/dffrs_2527/i56_rst_2
@ "D:\yilingsi_fpga\Efinity_Project\Ti60F225_OV5640_Face_Reproduction\ip/DdrCtrl\DdrCtrl.sv (1460)" representative instance : ddr3_ctl_axi/u_efx_ddr3_soft_controller/genblk1.inst_ddr3_axi/inst_efx_ddr3/top_mc/controller_main/dffrs_2527/i10_rst_2
FF|OPT : Flip-flop optimization by equivalence checking
@ "D:\yilingsi_fpga\Efinity_Project\Ti60F225_OV5640_Face_Reproduction\ip/DdrCtrl\DdrCtrl.sv (1460)" removed instance : ddr3_ctl_axi/u_efx_ddr3_soft_controller/genblk1.inst_ddr3_axi/inst_efx_ddr3/top_mc/controller_main/dffrs_2527/i56_rst_3
@ "D:\yilingsi_fpga\Efinity_Project\Ti60F225_OV5640_Face_Reproduction\ip/DdrCtrl\DdrCtrl.sv (1460)" representative instance : ddr3_ctl_axi/u_efx_ddr3_soft_controller/genblk1.inst_ddr3_axi/inst_efx_ddr3/top_mc/controller_main/dffrs_2527/i10_rst_3
FF|OPT : Flip-flop optimization by equivalence checking
@ "D:\yilingsi_fpga\Efinity_Project\Ti60F225_OV5640_Face_Reproduction\ip/DdrCtrl\DdrCtrl.sv (1460)" removed instance : ddr3_ctl_axi/u_efx_ddr3_soft_controller/genblk1.inst_ddr3_axi/inst_efx_ddr3/top_mc/controller_main/dffrs_2527/i55_rst_0
@ "D:\yilingsi_fpga\Efinity_Project\Ti60F225_OV5640_Face_Reproduction\ip/DdrCtrl\DdrCtrl.sv (1460)" representative instance : ddr3_ctl_axi/u_efx_ddr3_soft_controller/genblk1.inst_ddr3_axi/inst_efx_ddr3/top_mc/controller_main/dffrs_2527/i10_rst_0
FF|OPT : Flip-flop optimization by equivalence checking
@ "D:\yilingsi_fpga\Efinity_Project\Ti60F225_OV5640_Face_Reproduction\ip/DdrCtrl\DdrCtrl.sv (1460)" removed instance : ddr3_ctl_axi/u_efx_ddr3_soft_controller/genblk1.inst_ddr3_axi/inst_efx_ddr3/top_mc/controller_main/dffrs_2527/i55_rst_1
@ "D:\yilingsi_fpga\Efinity_Project\Ti60F225_OV5640_Face_Reproduction\ip/DdrCtrl\DdrCtrl.sv (1460)" representative instance : ddr3_ctl_axi/u_efx_ddr3_soft_controller/genblk1.inst_ddr3_axi/inst_efx_ddr3/top_mc/controller_main/dffrs_2527/i10_rst_1
FF|OPT : Flip-flop optimization by equivalence checking
@ "D:\yilingsi_fpga\Efinity_Project\Ti60F225_OV5640_Face_Reproduction\ip/DdrCtrl\DdrCtrl.sv (1460)" removed instance : ddr3_ctl_axi/u_efx_ddr3_soft_controller/genblk1.inst_ddr3_axi/inst_efx_ddr3/top_mc/controller_main/dffrs_2527/i55_rst_2
@ "D:\yilingsi_fpga\Efinity_Project\Ti60F225_OV5640_Face_Reproduction\ip/DdrCtrl\DdrCtrl.sv (1460)" representative instance : ddr3_ctl_axi/u_efx_ddr3_soft_controller/genblk1.inst_ddr3_axi/inst_efx_ddr3/top_mc/controller_main/dffrs_2527/i10_rst_2
FF|OPT : Flip-flop optimization by equivalence checking
@ "D:\yilingsi_fpga\Efinity_Project\Ti60F225_OV5640_Face_Reproduction\ip/DdrCtrl\DdrCtrl.sv (1460)" removed instance : ddr3_ctl_axi/u_efx_ddr3_soft_controller/genblk1.inst_ddr3_axi/inst_efx_ddr3/top_mc/controller_main/dffrs_2527/i55_rst_3
@ "D:\yilingsi_fpga\Efinity_Project\Ti60F225_OV5640_Face_Reproduction\ip/DdrCtrl\DdrCtrl.sv (1460)" representative instance : ddr3_ctl_axi/u_efx_ddr3_soft_controller/genblk1.inst_ddr3_axi/inst_efx_ddr3/top_mc/controller_main/dffrs_2527/i10_rst_3
FF|OPT : Flip-flop optimization by equivalence checking
@ "D:\yilingsi_fpga\Efinity_Project\Ti60F225_OV5640_Face_Reproduction\ip/DdrCtrl\DdrCtrl.sv (1460)" removed instance : ddr3_ctl_axi/u_efx_ddr3_soft_controller/genblk1.inst_ddr3_axi/inst_efx_ddr3/top_mc/controller_main/dffrs_2527/i54_rst_0
@ "D:\yilingsi_fpga\Efinity_Project\Ti60F225_OV5640_Face_Reproduction\ip/DdrCtrl\DdrCtrl.sv (1460)" representative instance : ddr3_ctl_axi/u_efx_ddr3_soft_controller/genblk1.inst_ddr3_axi/inst_efx_ddr3/top_mc/controller_main/dffrs_2527/i10_rst_0
FF|OPT : Flip-flop optimization by equivalence checking
@ "D:\yilingsi_fpga\Efinity_Project\Ti60F225_OV5640_Face_Reproduction\ip/DdrCtrl\DdrCtrl.sv (1460)" removed instance : ddr3_ctl_axi/u_efx_ddr3_soft_controller/genblk1.inst_ddr3_axi/inst_efx_ddr3/top_mc/controller_main/dffrs_2527/i54_rst_1
@ "D:\yilingsi_fpga\Efinity_Project\Ti60F225_OV5640_Face_Reproduction\ip/DdrCtrl\DdrCtrl.sv (1460)" representative instance : ddr3_ctl_axi/u_efx_ddr3_soft_controller/genblk1.inst_ddr3_axi/inst_efx_ddr3/top_mc/controller_main/dffrs_2527/i10_rst_1
FF|OPT : Flip-flop optimization by equivalence checking
@ "D:\yilingsi_fpga\Efinity_Project\Ti60F225_OV5640_Face_Reproduction\ip/DdrCtrl\DdrCtrl.sv (1460)" removed instance : ddr3_ctl_axi/u_efx_ddr3_soft_controller/genblk1.inst_ddr3_axi/inst_efx_ddr3/top_mc/controller_main/dffrs_2527/i54_rst_2
@ "D:\yilingsi_fpga\Efinity_Project\Ti60F225_OV5640_Face_Reproduction\ip/DdrCtrl\DdrCtrl.sv (1460)" representative instance : ddr3_ctl_axi/u_efx_ddr3_soft_controller/genblk1.inst_ddr3_axi/inst_efx_ddr3/top_mc/controller_main/dffrs_2527/i10_rst_2
FF|OPT : Flip-flop optimization by equivalence checking
@ "D:\yilingsi_fpga\Efinity_Project\Ti60F225_OV5640_Face_Reproduction\ip/DdrCtrl\DdrCtrl.sv (1460)" removed instance : ddr3_ctl_axi/u_efx_ddr3_soft_controller/genblk1.inst_ddr3_axi/inst_efx_ddr3/top_mc/controller_main/dffrs_2527/i54_rst_3
@ "D:\yilingsi_fpga\Efinity_Project\Ti60F225_OV5640_Face_Reproduction\ip/DdrCtrl\DdrCtrl.sv (1460)" representative instance : ddr3_ctl_axi/u_efx_ddr3_soft_controller/genblk1.inst_ddr3_axi/inst_efx_ddr3/top_mc/controller_main/dffrs_2527/i10_rst_3
FF|OPT : Flip-flop optimization by equivalence checking
@ "D:\yilingsi_fpga\Efinity_Project\Ti60F225_OV5640_Face_Reproduction\ip/DdrCtrl\DdrCtrl.sv (1460)" removed instance : ddr3_ctl_axi/u_efx_ddr3_soft_controller/genblk1.inst_ddr3_axi/inst_efx_ddr3/top_mc/controller_main/dffrs_2527/i53_rst_0
@ "D:\yilingsi_fpga\Efinity_Project\Ti60F225_OV5640_Face_Reproduction\ip/DdrCtrl\DdrCtrl.sv (1460)" representative instance : ddr3_ctl_axi/u_efx_ddr3_soft_controller/genblk1.inst_ddr3_axi/inst_efx_ddr3/top_mc/controller_main/dffrs_2527/i10_rst_0
FF|OPT : Flip-flop optimization by equivalence checking
@ "D:\yilingsi_fpga\Efinity_Project\Ti60F225_OV5640_Face_Reproduction\ip/DdrCtrl\DdrCtrl.sv (1460)" removed instance : ddr3_ctl_axi/u_efx_ddr3_soft_controller/genblk1.inst_ddr3_axi/inst_efx_ddr3/top_mc/controller_main/dffrs_2527/i53_rst_1
@ "D:\yilingsi_fpga\Efinity_Project\Ti60F225_OV5640_Face_Reproduction\ip/DdrCtrl\DdrCtrl.sv (1460)" representative instance : ddr3_ctl_axi/u_efx_ddr3_soft_controller/genblk1.inst_ddr3_axi/inst_efx_ddr3/top_mc/controller_main/dffrs_2527/i10_rst_1
FF|OPT : Flip-flop optimization by equivalence checking
@ "D:\yilingsi_fpga\Efinity_Project\Ti60F225_OV5640_Face_Reproduction\ip/DdrCtrl\DdrCtrl.sv (1460)" removed instance : ddr3_ctl_axi/u_efx_ddr3_soft_controller/genblk1.inst_ddr3_axi/inst_efx_ddr3/top_mc/controller_main/dffrs_2527/i53_rst_2
@ "D:\yilingsi_fpga\Efinity_Project\Ti60F225_OV5640_Face_Reproduction\ip/DdrCtrl\DdrCtrl.sv (1460)" representative instance : ddr3_ctl_axi/u_efx_ddr3_soft_controller/genblk1.inst_ddr3_axi/inst_efx_ddr3/top_mc/controller_main/dffrs_2527/i10_rst_2
FF|OPT : Flip-flop optimization by equivalence checking
@ "D:\yilingsi_fpga\Efinity_Project\Ti60F225_OV5640_Face_Reproduction\ip/DdrCtrl\DdrCtrl.sv (1460)" removed instance : ddr3_ctl_axi/u_efx_ddr3_soft_controller/genblk1.inst_ddr3_axi/inst_efx_ddr3/top_mc/controller_main/dffrs_2527/i53_rst_3
@ "D:\yilingsi_fpga\Efinity_Project\Ti60F225_OV5640_Face_Reproduction\ip/DdrCtrl\DdrCtrl.sv (1460)" representative instance : ddr3_ctl_axi/u_efx_ddr3_soft_controller/genblk1.inst_ddr3_axi/inst_efx_ddr3/top_mc/controller_main/dffrs_2527/i10_rst_3
FF|OPT : Flip-flop optimization by equivalence checking
@ "D:\yilingsi_fpga\Efinity_Project\Ti60F225_OV5640_Face_Reproduction\ip/DdrCtrl\DdrCtrl.sv (1460)" removed instance : ddr3_ctl_axi/u_efx_ddr3_soft_controller/genblk1.inst_ddr3_axi/inst_efx_ddr3/top_mc/controller_main/dffrs_2527/i52_rst_0
@ "D:\yilingsi_fpga\Efinity_Project\Ti60F225_OV5640_Face_Reproduction\ip/DdrCtrl\DdrCtrl.sv (1460)" representative instance : ddr3_ctl_axi/u_efx_ddr3_soft_controller/genblk1.inst_ddr3_axi/inst_efx_ddr3/top_mc/controller_main/dffrs_2527/i10_rst_0
FF|OPT : Flip-flop optimization by equivalence checking
@ "D:\yilingsi_fpga\Efinity_Project\Ti60F225_OV5640_Face_Reproduction\ip/DdrCtrl\DdrCtrl.sv (1460)" removed instance : ddr3_ctl_axi/u_efx_ddr3_soft_controller/genblk1.inst_ddr3_axi/inst_efx_ddr3/top_mc/controller_main/dffrs_2527/i52_rst_1
@ "D:\yilingsi_fpga\Efinity_Project\Ti60F225_OV5640_Face_Reproduction\ip/DdrCtrl\DdrCtrl.sv (1460)" representative instance : ddr3_ctl_axi/u_efx_ddr3_soft_controller/genblk1.inst_ddr3_axi/inst_efx_ddr3/top_mc/controller_main/dffrs_2527/i10_rst_1
FF|OPT : Flip-flop optimization by equivalence checking
@ "D:\yilingsi_fpga\Efinity_Project\Ti60F225_OV5640_Face_Reproduction\ip/DdrCtrl\DdrCtrl.sv (1460)" removed instance : ddr3_ctl_axi/u_efx_ddr3_soft_controller/genblk1.inst_ddr3_axi/inst_efx_ddr3/top_mc/controller_main/dffrs_2527/i52_rst_2
@ "D:\yilingsi_fpga\Efinity_Project\Ti60F225_OV5640_Face_Reproduction\ip/DdrCtrl\DdrCtrl.sv (1460)" representative instance : ddr3_ctl_axi/u_efx_ddr3_soft_controller/genblk1.inst_ddr3_axi/inst_efx_ddr3/top_mc/controller_main/dffrs_2527/i10_rst_2
FF|OPT : Flip-flop optimization by equivalence checking
@ "D:\yilingsi_fpga\Efinity_Project\Ti60F225_OV5640_Face_Reproduction\ip/DdrCtrl\DdrCtrl.sv (1460)" removed instance : ddr3_ctl_axi/u_efx_ddr3_soft_controller/genblk1.inst_ddr3_axi/inst_efx_ddr3/top_mc/controller_main/dffrs_2527/i52_rst_3
@ "D:\yilingsi_fpga\Efinity_Project\Ti60F225_OV5640_Face_Reproduction\ip/DdrCtrl\DdrCtrl.sv (1460)" representative instance : ddr3_ctl_axi/u_efx_ddr3_soft_controller/genblk1.inst_ddr3_axi/inst_efx_ddr3/top_mc/controller_main/dffrs_2527/i10_rst_3
FF|OPT : Flip-flop optimization by equivalence checking
@ "D:\yilingsi_fpga\Efinity_Project\Ti60F225_OV5640_Face_Reproduction\ip/DdrCtrl\DdrCtrl.sv (1460)" removed instance : ddr3_ctl_axi/u_efx_ddr3_soft_controller/genblk1.inst_ddr3_axi/inst_efx_ddr3/top_mc/controller_main/dffrs_2527/i51_rst_0
@ "D:\yilingsi_fpga\Efinity_Project\Ti60F225_OV5640_Face_Reproduction\ip/DdrCtrl\DdrCtrl.sv (1460)" representative instance : ddr3_ctl_axi/u_efx_ddr3_soft_controller/genblk1.inst_ddr3_axi/inst_efx_ddr3/top_mc/controller_main/dffrs_2527/i10_rst_0
FF|OPT : Flip-flop optimization by equivalence checking
@ "D:\yilingsi_fpga\Efinity_Project\Ti60F225_OV5640_Face_Reproduction\ip/DdrCtrl\DdrCtrl.sv (1460)" removed instance : ddr3_ctl_axi/u_efx_ddr3_soft_controller/genblk1.inst_ddr3_axi/inst_efx_ddr3/top_mc/controller_main/dffrs_2527/i51_rst_1
@ "D:\yilingsi_fpga\Efinity_Project\Ti60F225_OV5640_Face_Reproduction\ip/DdrCtrl\DdrCtrl.sv (1460)" representative instance : ddr3_ctl_axi/u_efx_ddr3_soft_controller/genblk1.inst_ddr3_axi/inst_efx_ddr3/top_mc/controller_main/dffrs_2527/i10_rst_1
FF|OPT : Flip-flop optimization by equivalence checking
@ "D:\yilingsi_fpga\Efinity_Project\Ti60F225_OV5640_Face_Reproduction\ip/DdrCtrl\DdrCtrl.sv (1460)" removed instance : ddr3_ctl_axi/u_efx_ddr3_soft_controller/genblk1.inst_ddr3_axi/inst_efx_ddr3/top_mc/controller_main/dffrs_2527/i51_rst_2
@ "D:\yilingsi_fpga\Efinity_Project\Ti60F225_OV5640_Face_Reproduction\ip/DdrCtrl\DdrCtrl.sv (1460)" representative instance : ddr3_ctl_axi/u_efx_ddr3_soft_controller/genblk1.inst_ddr3_axi/inst_efx_ddr3/top_mc/controller_main/dffrs_2527/i10_rst_2
FF|OPT : Flip-flop optimization by equivalence checking
@ "D:\yilingsi_fpga\Efinity_Project\Ti60F225_OV5640_Face_Reproduction\ip/DdrCtrl\DdrCtrl.sv (1460)" removed instance : ddr3_ctl_axi/u_efx_ddr3_soft_controller/genblk1.inst_ddr3_axi/inst_efx_ddr3/top_mc/controller_main/dffrs_2527/i51_rst_3
@ "D:\yilingsi_fpga\Efinity_Project\Ti60F225_OV5640_Face_Reproduction\ip/DdrCtrl\DdrCtrl.sv (1460)" representative instance : ddr3_ctl_axi/u_efx_ddr3_soft_controller/genblk1.inst_ddr3_axi/inst_efx_ddr3/top_mc/controller_main/dffrs_2527/i10_rst_3
FF|OPT : Flip-flop optimization by equivalence checking
@ "D:\yilingsi_fpga\Efinity_Project\Ti60F225_OV5640_Face_Reproduction\ip/DdrCtrl\DdrCtrl.sv (1460)" removed instance : ddr3_ctl_axi/u_efx_ddr3_soft_controller/genblk1.inst_ddr3_axi/inst_efx_ddr3/top_mc/controller_main/dffrs_2527/i5_rst_0
@ "D:\yilingsi_fpga\Efinity_Project\Ti60F225_OV5640_Face_Reproduction\ip/DdrCtrl\DdrCtrl.sv (1460)" representative instance : ddr3_ctl_axi/u_efx_ddr3_soft_controller/genblk1.inst_ddr3_axi/inst_efx_ddr3/top_mc/controller_main/dffrs_2527/i10_rst_0
FF|OPT : Flip-flop optimization by equivalence checking
@ "D:\yilingsi_fpga\Efinity_Project\Ti60F225_OV5640_Face_Reproduction\ip/DdrCtrl\DdrCtrl.sv (1460)" removed instance : ddr3_ctl_axi/u_efx_ddr3_soft_controller/genblk1.inst_ddr3_axi/inst_efx_ddr3/top_mc/controller_main/dffrs_2527/i5_rst_1
@ "D:\yilingsi_fpga\Efinity_Project\Ti60F225_OV5640_Face_Reproduction\ip/DdrCtrl\DdrCtrl.sv (1460)" representative instance : ddr3_ctl_axi/u_efx_ddr3_soft_controller/genblk1.inst_ddr3_axi/inst_efx_ddr3/top_mc/controller_main/dffrs_2527/i10_rst_1
FF|OPT : Flip-flop optimization by equivalence checking
@ "D:\yilingsi_fpga\Efinity_Project\Ti60F225_OV5640_Face_Reproduction\ip/DdrCtrl\DdrCtrl.sv (1460)" removed instance : ddr3_ctl_axi/u_efx_ddr3_soft_controller/genblk1.inst_ddr3_axi/inst_efx_ddr3/top_mc/controller_main/dffrs_2527/i5_rst_2
@ "D:\yilingsi_fpga\Efinity_Project\Ti60F225_OV5640_Face_Reproduction\ip/DdrCtrl\DdrCtrl.sv (1460)" representative instance : ddr3_ctl_axi/u_efx_ddr3_soft_controller/genblk1.inst_ddr3_axi/inst_efx_ddr3/top_mc/controller_main/dffrs_2527/i10_rst_2
FF|OPT : Flip-flop optimization by equivalence checking
@ "D:\yilingsi_fpga\Efinity_Project\Ti60F225_OV5640_Face_Reproduction\ip/DdrCtrl\DdrCtrl.sv (1460)" removed instance : ddr3_ctl_axi/u_efx_ddr3_soft_controller/genblk1.inst_ddr3_axi/inst_efx_ddr3/top_mc/controller_main/dffrs_2527/i5_rst_3
@ "D:\yilingsi_fpga\Efinity_Project\Ti60F225_OV5640_Face_Reproduction\ip/DdrCtrl\DdrCtrl.sv (1460)" representative instance : ddr3_ctl_axi/u_efx_ddr3_soft_controller/genblk1.inst_ddr3_axi/inst_efx_ddr3/top_mc/controller_main/dffrs_2527/i10_rst_3
FF|OPT : Flip-flop optimization by equivalence checking
@ "D:\yilingsi_fpga\Efinity_Project\Ti60F225_OV5640_Face_Reproduction\ip/DdrCtrl\DdrCtrl.sv (1460)" removed instance : ddr3_ctl_axi/u_efx_ddr3_soft_controller/genblk1.inst_ddr3_axi/inst_efx_ddr3/top_mc/controller_main/dffrs_2527/i50_rst_0
@ "D:\yilingsi_fpga\Efinity_Project\Ti60F225_OV5640_Face_Reproduction\ip/DdrCtrl\DdrCtrl.sv (1460)" representative instance : ddr3_ctl_axi/u_efx_ddr3_soft_controller/genblk1.inst_ddr3_axi/inst_efx_ddr3/top_mc/controller_main/dffrs_2527/i10_rst_0
FF|OPT : Flip-flop optimization by equivalence checking
@ "D:\yilingsi_fpga\Efinity_Project\Ti60F225_OV5640_Face_Reproduction\ip/DdrCtrl\DdrCtrl.sv (1460)" removed instance : ddr3_ctl_axi/u_efx_ddr3_soft_controller/genblk1.inst_ddr3_axi/inst_efx_ddr3/top_mc/controller_main/dffrs_2527/i50_rst_1
@ "D:\yilingsi_fpga\Efinity_Project\Ti60F225_OV5640_Face_Reproduction\ip/DdrCtrl\DdrCtrl.sv (1460)" representative instance : ddr3_ctl_axi/u_efx_ddr3_soft_controller/genblk1.inst_ddr3_axi/inst_efx_ddr3/top_mc/controller_main/dffrs_2527/i10_rst_1
FF|OPT : Flip-flop optimization by equivalence checking
@ "D:\yilingsi_fpga\Efinity_Project\Ti60F225_OV5640_Face_Reproduction\ip/DdrCtrl\DdrCtrl.sv (1460)" removed instance : ddr3_ctl_axi/u_efx_ddr3_soft_controller/genblk1.inst_ddr3_axi/inst_efx_ddr3/top_mc/controller_main/dffrs_2527/i50_rst_2
@ "D:\yilingsi_fpga\Efinity_Project\Ti60F225_OV5640_Face_Reproduction\ip/DdrCtrl\DdrCtrl.sv (1460)" representative instance : ddr3_ctl_axi/u_efx_ddr3_soft_controller/genblk1.inst_ddr3_axi/inst_efx_ddr3/top_mc/controller_main/dffrs_2527/i10_rst_2
FF|OPT : Flip-flop optimization by equivalence checking
@ "D:\yilingsi_fpga\Efinity_Project\Ti60F225_OV5640_Face_Reproduction\ip/DdrCtrl\DdrCtrl.sv (1460)" removed instance : ddr3_ctl_axi/u_efx_ddr3_soft_controller/genblk1.inst_ddr3_axi/inst_efx_ddr3/top_mc/controller_main/dffrs_2527/i50_rst_3
@ "D:\yilingsi_fpga\Efinity_Project\Ti60F225_OV5640_Face_Reproduction\ip/DdrCtrl\DdrCtrl.sv (1460)" representative instance : ddr3_ctl_axi/u_efx_ddr3_soft_controller/genblk1.inst_ddr3_axi/inst_efx_ddr3/top_mc/controller_main/dffrs_2527/i10_rst_3
FF|OPT : Flip-flop optimization by equivalence checking
@ "D:\yilingsi_fpga\Efinity_Project\Ti60F225_OV5640_Face_Reproduction\ip/DdrCtrl\DdrCtrl.sv (1460)" removed instance : ddr3_ctl_axi/u_efx_ddr3_soft_controller/genblk1.inst_ddr3_axi/inst_efx_ddr3/top_mc/controller_main/dffrs_2527/i49_rst_0
@ "D:\yilingsi_fpga\Efinity_Project\Ti60F225_OV5640_Face_Reproduction\ip/DdrCtrl\DdrCtrl.sv (1460)" representative instance : ddr3_ctl_axi/u_efx_ddr3_soft_controller/genblk1.inst_ddr3_axi/inst_efx_ddr3/top_mc/controller_main/dffrs_2527/i10_rst_0
FF|OPT : Flip-flop optimization by equivalence checking
@ "D:\yilingsi_fpga\Efinity_Project\Ti60F225_OV5640_Face_Reproduction\ip/DdrCtrl\DdrCtrl.sv (1460)" removed instance : ddr3_ctl_axi/u_efx_ddr3_soft_controller/genblk1.inst_ddr3_axi/inst_efx_ddr3/top_mc/controller_main/dffrs_2527/i49_rst_1
@ "D:\yilingsi_fpga\Efinity_Project\Ti60F225_OV5640_Face_Reproduction\ip/DdrCtrl\DdrCtrl.sv (1460)" representative instance : ddr3_ctl_axi/u_efx_ddr3_soft_controller/genblk1.inst_ddr3_axi/inst_efx_ddr3/top_mc/controller_main/dffrs_2527/i10_rst_1
FF|OPT : Flip-flop optimization by equivalence checking
@ "D:\yilingsi_fpga\Efinity_Project\Ti60F225_OV5640_Face_Reproduction\ip/DdrCtrl\DdrCtrl.sv (1460)" removed instance : ddr3_ctl_axi/u_efx_ddr3_soft_controller/genblk1.inst_ddr3_axi/inst_efx_ddr3/top_mc/controller_main/dffrs_2527/i49_rst_2
@ "D:\yilingsi_fpga\Efinity_Project\Ti60F225_OV5640_Face_Reproduction\ip/DdrCtrl\DdrCtrl.sv (1460)" representative instance : ddr3_ctl_axi/u_efx_ddr3_soft_controller/genblk1.inst_ddr3_axi/inst_efx_ddr3/top_mc/controller_main/dffrs_2527/i10_rst_2
FF|OPT : Flip-flop optimization by equivalence checking
@ "D:\yilingsi_fpga\Efinity_Project\Ti60F225_OV5640_Face_Reproduction\ip/DdrCtrl\DdrCtrl.sv (1460)" removed instance : ddr3_ctl_axi/u_efx_ddr3_soft_controller/genblk1.inst_ddr3_axi/inst_efx_ddr3/top_mc/controller_main/dffrs_2527/i49_rst_3
@ "D:\yilingsi_fpga\Efinity_Project\Ti60F225_OV5640_Face_Reproduction\ip/DdrCtrl\DdrCtrl.sv (1460)" representative instance : ddr3_ctl_axi/u_efx_ddr3_soft_controller/genblk1.inst_ddr3_axi/inst_efx_ddr3/top_mc/controller_main/dffrs_2527/i10_rst_3
FF|OPT : Flip-flop optimization by equivalence checking
@ "D:\yilingsi_fpga\Efinity_Project\Ti60F225_OV5640_Face_Reproduction\ip/DdrCtrl\DdrCtrl.sv (3274)" removed instance : ddr3_ctl_axi/u_efx_ddr3_soft_controller/genblk1.inst_ddr3_axi/inst_efx_ddr3/dff_734/i33
@ "D:\yilingsi_fpga\Efinity_Project\Ti60F225_OV5640_Face_Reproduction\ip/DdrCtrl\DdrCtrl.sv (3274)" representative instance : ddr3_ctl_axi/u_efx_ddr3_soft_controller/genblk1.inst_ddr3_axi/inst_efx_ddr3/dff_734/i3
FF|OPT : Flip-flop optimization by equivalence checking
@ "D:\yilingsi_fpga\Efinity_Project\Ti60F225_OV5640_Face_Reproduction\ip/DdrCtrl\DdrCtrl.sv (3274)" removed instance : ddr3_ctl_axi/u_efx_ddr3_soft_controller/genblk1.inst_ddr3_axi/inst_efx_ddr3/dff_734/i34
@ "D:\yilingsi_fpga\Efinity_Project\Ti60F225_OV5640_Face_Reproduction\ip/DdrCtrl\DdrCtrl.sv (3274)" representative instance : ddr3_ctl_axi/u_efx_ddr3_soft_controller/genblk1.inst_ddr3_axi/inst_efx_ddr3/dff_734/i81
FF|OPT : Flip-flop optimization by equivalence checking
@ "D:\yilingsi_fpga\Efinity_Project\Ti60F225_OV5640_Face_Reproduction\ip/DdrCtrl\DdrCtrl.sv (3274)" removed instance : ddr3_ctl_axi/u_efx_ddr3_soft_controller/genblk1.inst_ddr3_axi/inst_efx_ddr3/dff_734/i36
@ "D:\yilingsi_fpga\Efinity_Project\Ti60F225_OV5640_Face_Reproduction\ip/DdrCtrl\DdrCtrl.sv (3274)" representative instance : ddr3_ctl_axi/u_efx_ddr3_soft_controller/genblk1.inst_ddr3_axi/inst_efx_ddr3/dff_734/i1
FF|OPT : Flip-flop optimization by equivalence checking
@ "D:\yilingsi_fpga\Efinity_Project\Ti60F225_OV5640_Face_Reproduction\ip/DdrCtrl\DdrCtrl.sv (3274)" removed instance : ddr3_ctl_axi/u_efx_ddr3_soft_controller/genblk1.inst_ddr3_axi/inst_efx_ddr3/dff_734/i37
@ "D:\yilingsi_fpga\Efinity_Project\Ti60F225_OV5640_Face_Reproduction\ip/DdrCtrl\DdrCtrl.sv (3274)" representative instance : ddr3_ctl_axi/u_efx_ddr3_soft_controller/genblk1.inst_ddr3_axi/inst_efx_ddr3/dff_734/i3
FF|OPT : Flip-flop optimization by equivalence checking
@ "D:\yilingsi_fpga\Efinity_Project\Ti60F225_OV5640_Face_Reproduction\ip/DdrCtrl\DdrCtrl.sv (3274)" removed instance : ddr3_ctl_axi/u_efx_ddr3_soft_controller/genblk1.inst_ddr3_axi/inst_efx_ddr3/dff_734/i38
@ "D:\yilingsi_fpga\Efinity_Project\Ti60F225_OV5640_Face_Reproduction\ip/DdrCtrl\DdrCtrl.sv (3274)" representative instance : ddr3_ctl_axi/u_efx_ddr3_soft_controller/genblk1.inst_ddr3_axi/inst_efx_ddr3/dff_734/i81
FF|OPT : Flip-flop optimization by equivalence checking
@ "D:\yilingsi_fpga\Efinity_Project\Ti60F225_OV5640_Face_Reproduction\ip/DdrCtrl\DdrCtrl.sv (3274)" removed instance : ddr3_ctl_axi/u_efx_ddr3_soft_controller/genblk1.inst_ddr3_axi/inst_efx_ddr3/dff_734/i39
@ "D:\yilingsi_fpga\Efinity_Project\Ti60F225_OV5640_Face_Reproduction\ip/DdrCtrl\DdrCtrl.sv (3274)" representative instance : ddr3_ctl_axi/u_efx_ddr3_soft_controller/genblk1.inst_ddr3_axi/inst_efx_ddr3/dff_734/i63
FF|OPT : Flip-flop optimization by equivalence checking
@ "D:\yilingsi_fpga\Efinity_Project\Ti60F225_OV5640_Face_Reproduction\ip/DdrCtrl\DdrCtrl.sv (3274)" removed instance : ddr3_ctl_axi/u_efx_ddr3_soft_controller/genblk1.inst_ddr3_axi/inst_efx_ddr3/dff_734/i40
@ "D:\yilingsi_fpga\Efinity_Project\Ti60F225_OV5640_Face_Reproduction\ip/DdrCtrl\DdrCtrl.sv (3274)" representative instance : ddr3_ctl_axi/u_efx_ddr3_soft_controller/genblk1.inst_ddr3_axi/inst_efx_ddr3/dff_734/i2
FF|OPT : Flip-flop optimization by equivalence checking
@ "D:\yilingsi_fpga\Efinity_Project\Ti60F225_OV5640_Face_Reproduction\ip/DdrCtrl\DdrCtrl.sv (3274)" removed instance : ddr3_ctl_axi/u_efx_ddr3_soft_controller/genblk1.inst_ddr3_axi/inst_efx_ddr3/dff_734/i41
@ "D:\yilingsi_fpga\Efinity_Project\Ti60F225_OV5640_Face_Reproduction\ip/DdrCtrl\DdrCtrl.sv (3274)" representative instance : ddr3_ctl_axi/u_efx_ddr3_soft_controller/genblk1.inst_ddr3_axi/inst_efx_ddr3/dff_734/i5
FF|OPT : Flip-flop optimization by equivalence checking
@ "D:\yilingsi_fpga\Efinity_Project\Ti60F225_OV5640_Face_Reproduction\ip/DdrCtrl\DdrCtrl.sv (3274)" removed instance : ddr3_ctl_axi/u_efx_ddr3_soft_controller/genblk1.inst_ddr3_axi/inst_efx_ddr3/dff_734/i42
@ "D:\yilingsi_fpga\Efinity_Project\Ti60F225_OV5640_Face_Reproduction\ip/DdrCtrl\DdrCtrl.sv (3274)" representative instance : ddr3_ctl_axi/u_efx_ddr3_soft_controller/genblk1.inst_ddr3_axi/inst_efx_ddr3/dff_734/i89
FF|OPT : Flip-flop optimization by equivalence checking
@ "D:\yilingsi_fpga\Efinity_Project\Ti60F225_OV5640_Face_Reproduction\ip/DdrCtrl\DdrCtrl.sv (3274)" removed instance : ddr3_ctl_axi/u_efx_ddr3_soft_controller/genblk1.inst_ddr3_axi/inst_efx_ddr3/dff_734/i43
@ "D:\yilingsi_fpga\Efinity_Project\Ti60F225_OV5640_Face_Reproduction\ip/DdrCtrl\DdrCtrl.sv (3274)" representative instance : ddr3_ctl_axi/u_efx_ddr3_soft_controller/genblk1.inst_ddr3_axi/inst_efx_ddr3/dff_734/i63
FF|OPT : Flip-flop optimization by equivalence checking
@ "D:\yilingsi_fpga\Efinity_Project\Ti60F225_OV5640_Face_Reproduction\ip/DdrCtrl\DdrCtrl.sv (3274)" removed instance : ddr3_ctl_axi/u_efx_ddr3_soft_controller/genblk1.inst_ddr3_axi/inst_efx_ddr3/dff_734/i44
@ "D:\yilingsi_fpga\Efinity_Project\Ti60F225_OV5640_Face_Reproduction\ip/DdrCtrl\DdrCtrl.sv (3274)" representative instance : ddr3_ctl_axi/u_efx_ddr3_soft_controller/genblk1.inst_ddr3_axi/inst_efx_ddr3/dff_734/i2
FF|OPT : Flip-flop optimization by equivalence checking
@ "D:\yilingsi_fpga\Efinity_Project\Ti60F225_OV5640_Face_Reproduction\ip/DdrCtrl\DdrCtrl.sv (3274)" removed instance : ddr3_ctl_axi/u_efx_ddr3_soft_controller/genblk1.inst_ddr3_axi/inst_efx_ddr3/dff_734/i45
@ "D:\yilingsi_fpga\Efinity_Project\Ti60F225_OV5640_Face_Reproduction\ip/DdrCtrl\DdrCtrl.sv (3274)" representative instance : ddr3_ctl_axi/u_efx_ddr3_soft_controller/genblk1.inst_ddr3_axi/inst_efx_ddr3/dff_734/i2
FF|OPT : Flip-flop optimization by equivalence checking
@ "D:\yilingsi_fpga\Efinity_Project\Ti60F225_OV5640_Face_Reproduction\ip/DdrCtrl\DdrCtrl.sv (3274)" removed instance : ddr3_ctl_axi/u_efx_ddr3_soft_controller/genblk1.inst_ddr3_axi/inst_efx_ddr3/dff_734/i46
@ "D:\yilingsi_fpga\Efinity_Project\Ti60F225_OV5640_Face_Reproduction\ip/DdrCtrl\DdrCtrl.sv (3274)" representative instance : ddr3_ctl_axi/u_efx_ddr3_soft_controller/genblk1.inst_ddr3_axi/inst_efx_ddr3/dff_734/i89
FF|OPT : Flip-flop optimization by equivalence checking
@ "D:\yilingsi_fpga\Efinity_Project\Ti60F225_OV5640_Face_Reproduction\ip/DdrCtrl\DdrCtrl.sv (3274)" removed instance : ddr3_ctl_axi/u_efx_ddr3_soft_controller/genblk1.inst_ddr3_axi/inst_efx_ddr3/dff_734/i47
@ "D:\yilingsi_fpga\Efinity_Project\Ti60F225_OV5640_Face_Reproduction\ip/DdrCtrl\DdrCtrl.sv (3274)" representative instance : ddr3_ctl_axi/u_efx_ddr3_soft_controller/genblk1.inst_ddr3_axi/inst_efx_ddr3/dff_734/i8
FF|OPT : Flip-flop optimization by equivalence checking
@ "D:\yilingsi_fpga\Efinity_Project\Ti60F225_OV5640_Face_Reproduction\ip/DdrCtrl\DdrCtrl.sv (3274)" removed instance : ddr3_ctl_axi/u_efx_ddr3_soft_controller/genblk1.inst_ddr3_axi/inst_efx_ddr3/dff_734/i48
@ "D:\yilingsi_fpga\Efinity_Project\Ti60F225_OV5640_Face_Reproduction\ip/DdrCtrl\DdrCtrl.sv (3274)" representative instance : ddr3_ctl_axi/u_efx_ddr3_soft_controller/genblk1.inst_ddr3_axi/inst_efx_ddr3/dff_734/i3
FF|OPT : Flip-flop optimization by equivalence checking
@ "D:\yilingsi_fpga\Efinity_Project\Ti60F225_OV5640_Face_Reproduction\ip/DdrCtrl\DdrCtrl.sv (1460)" removed instance : ddr3_ctl_axi/u_efx_ddr3_soft_controller/genblk1.inst_ddr3_axi/inst_efx_ddr3/top_mc/controller_main/dffrs_2527/i48_rst_0
@ "D:\yilingsi_fpga\Efinity_Project\Ti60F225_OV5640_Face_Reproduction\ip/DdrCtrl\DdrCtrl.sv (1460)" representative instance : ddr3_ctl_axi/u_efx_ddr3_soft_controller/genblk1.inst_ddr3_axi/inst_efx_ddr3/top_mc/controller_main/dffrs_2527/i10_rst_0
FF|OPT : Flip-flop optimization by equivalence checking
@ "D:\yilingsi_fpga\Efinity_Project\Ti60F225_OV5640_Face_Reproduction\ip/DdrCtrl\DdrCtrl.sv (1460)" removed instance : ddr3_ctl_axi/u_efx_ddr3_soft_controller/genblk1.inst_ddr3_axi/inst_efx_ddr3/top_mc/controller_main/dffrs_2527/i48_rst_1
@ "D:\yilingsi_fpga\Efinity_Project\Ti60F225_OV5640_Face_Reproduction\ip/DdrCtrl\DdrCtrl.sv (1460)" representative instance : ddr3_ctl_axi/u_efx_ddr3_soft_controller/genblk1.inst_ddr3_axi/inst_efx_ddr3/top_mc/controller_main/dffrs_2527/i10_rst_1
FF|OPT : Flip-flop optimization by equivalence checking
@ "D:\yilingsi_fpga\Efinity_Project\Ti60F225_OV5640_Face_Reproduction\ip/DdrCtrl\DdrCtrl.sv (1460)" removed instance : ddr3_ctl_axi/u_efx_ddr3_soft_controller/genblk1.inst_ddr3_axi/inst_efx_ddr3/top_mc/controller_main/dffrs_2527/i48_rst_2
@ "D:\yilingsi_fpga\Efinity_Project\Ti60F225_OV5640_Face_Reproduction\ip/DdrCtrl\DdrCtrl.sv (1460)" representative instance : ddr3_ctl_axi/u_efx_ddr3_soft_controller/genblk1.inst_ddr3_axi/inst_efx_ddr3/top_mc/controller_main/dffrs_2527/i10_rst_2
FF|OPT : Flip-flop optimization by equivalence checking
@ "D:\yilingsi_fpga\Efinity_Project\Ti60F225_OV5640_Face_Reproduction\ip/DdrCtrl\DdrCtrl.sv (1460)" removed instance : ddr3_ctl_axi/u_efx_ddr3_soft_controller/genblk1.inst_ddr3_axi/inst_efx_ddr3/top_mc/controller_main/dffrs_2527/i48_rst_3
@ "D:\yilingsi_fpga\Efinity_Project\Ti60F225_OV5640_Face_Reproduction\ip/DdrCtrl\DdrCtrl.sv (1460)" representative instance : ddr3_ctl_axi/u_efx_ddr3_soft_controller/genblk1.inst_ddr3_axi/inst_efx_ddr3/top_mc/controller_main/dffrs_2527/i10_rst_3
FF|OPT : Flip-flop optimization by equivalence checking
@ "D:\yilingsi_fpga\Efinity_Project\Ti60F225_OV5640_Face_Reproduction\ip/DdrCtrl\DdrCtrl.sv (1460)" removed instance : ddr3_ctl_axi/u_efx_ddr3_soft_controller/genblk1.inst_ddr3_axi/inst_efx_ddr3/top_mc/controller_main/dffrs_2527/i47_rst_0
@ "D:\yilingsi_fpga\Efinity_Project\Ti60F225_OV5640_Face_Reproduction\ip/DdrCtrl\DdrCtrl.sv (1460)" representative instance : ddr3_ctl_axi/u_efx_ddr3_soft_controller/genblk1.inst_ddr3_axi/inst_efx_ddr3/top_mc/controller_main/dffrs_2527/i10_rst_0
FF|OPT : Flip-flop optimization by equivalence checking
@ "D:\yilingsi_fpga\Efinity_Project\Ti60F225_OV5640_Face_Reproduction\ip/DdrCtrl\DdrCtrl.sv (1460)" removed instance : ddr3_ctl_axi/u_efx_ddr3_soft_controller/genblk1.inst_ddr3_axi/inst_efx_ddr3/top_mc/controller_main/dffrs_2527/i47_rst_1
@ "D:\yilingsi_fpga\Efinity_Project\Ti60F225_OV5640_Face_Reproduction\ip/DdrCtrl\DdrCtrl.sv (1460)" representative instance : ddr3_ctl_axi/u_efx_ddr3_soft_controller/genblk1.inst_ddr3_axi/inst_efx_ddr3/top_mc/controller_main/dffrs_2527/i10_rst_1
FF|OPT : Flip-flop optimization by equivalence checking
@ "D:\yilingsi_fpga\Efinity_Project\Ti60F225_OV5640_Face_Reproduction\ip/DdrCtrl\DdrCtrl.sv (1460)" removed instance : ddr3_ctl_axi/u_efx_ddr3_soft_controller/genblk1.inst_ddr3_axi/inst_efx_ddr3/top_mc/controller_main/dffrs_2527/i47_rst_2
@ "D:\yilingsi_fpga\Efinity_Project\Ti60F225_OV5640_Face_Reproduction\ip/DdrCtrl\DdrCtrl.sv (1460)" representative instance : ddr3_ctl_axi/u_efx_ddr3_soft_controller/genblk1.inst_ddr3_axi/inst_efx_ddr3/top_mc/controller_main/dffrs_2527/i10_rst_2
FF|OPT : Flip-flop optimization by equivalence checking
@ "D:\yilingsi_fpga\Efinity_Project\Ti60F225_OV5640_Face_Reproduction\ip/DdrCtrl\DdrCtrl.sv (1460)" removed instance : ddr3_ctl_axi/u_efx_ddr3_soft_controller/genblk1.inst_ddr3_axi/inst_efx_ddr3/top_mc/controller_main/dffrs_2527/i47_rst_3
@ "D:\yilingsi_fpga\Efinity_Project\Ti60F225_OV5640_Face_Reproduction\ip/DdrCtrl\DdrCtrl.sv (1460)" representative instance : ddr3_ctl_axi/u_efx_ddr3_soft_controller/genblk1.inst_ddr3_axi/inst_efx_ddr3/top_mc/controller_main/dffrs_2527/i10_rst_3
FF|OPT : Flip-flop optimization by equivalence checking
@ "D:\yilingsi_fpga\Efinity_Project\Ti60F225_OV5640_Face_Reproduction\ip/DdrCtrl\DdrCtrl.sv (1460)" removed instance : ddr3_ctl_axi/u_efx_ddr3_soft_controller/genblk1.inst_ddr3_axi/inst_efx_ddr3/top_mc/controller_main/dffrs_2527/i46_rst_0
@ "D:\yilingsi_fpga\Efinity_Project\Ti60F225_OV5640_Face_Reproduction\ip/DdrCtrl\DdrCtrl.sv (1460)" representative instance : ddr3_ctl_axi/u_efx_ddr3_soft_controller/genblk1.inst_ddr3_axi/inst_efx_ddr3/top_mc/controller_main/dffrs_2527/i10_rst_0
FF|OPT : Flip-flop optimization by equivalence checking
@ "D:\yilingsi_fpga\Efinity_Project\Ti60F225_OV5640_Face_Reproduction\ip/DdrCtrl\DdrCtrl.sv (1460)" removed instance : ddr3_ctl_axi/u_efx_ddr3_soft_controller/genblk1.inst_ddr3_axi/inst_efx_ddr3/top_mc/controller_main/dffrs_2527/i46_rst_1
@ "D:\yilingsi_fpga\Efinity_Project\Ti60F225_OV5640_Face_Reproduction\ip/DdrCtrl\DdrCtrl.sv (1460)" representative instance : ddr3_ctl_axi/u_efx_ddr3_soft_controller/genblk1.inst_ddr3_axi/inst_efx_ddr3/top_mc/controller_main/dffrs_2527/i10_rst_1
FF|OPT : Flip-flop optimization by equivalence checking
@ "D:\yilingsi_fpga\Efinity_Project\Ti60F225_OV5640_Face_Reproduction\ip/DdrCtrl\DdrCtrl.sv (1460)" removed instance : ddr3_ctl_axi/u_efx_ddr3_soft_controller/genblk1.inst_ddr3_axi/inst_efx_ddr3/top_mc/controller_main/dffrs_2527/i46_rst_2
@ "D:\yilingsi_fpga\Efinity_Project\Ti60F225_OV5640_Face_Reproduction\ip/DdrCtrl\DdrCtrl.sv (1460)" representative instance : ddr3_ctl_axi/u_efx_ddr3_soft_controller/genblk1.inst_ddr3_axi/inst_efx_ddr3/top_mc/controller_main/dffrs_2527/i10_rst_2
FF|OPT : Flip-flop optimization by equivalence checking
@ "D:\yilingsi_fpga\Efinity_Project\Ti60F225_OV5640_Face_Reproduction\ip/DdrCtrl\DdrCtrl.sv (1460)" removed instance : ddr3_ctl_axi/u_efx_ddr3_soft_controller/genblk1.inst_ddr3_axi/inst_efx_ddr3/top_mc/controller_main/dffrs_2527/i46_rst_3
@ "D:\yilingsi_fpga\Efinity_Project\Ti60F225_OV5640_Face_Reproduction\ip/DdrCtrl\DdrCtrl.sv (1460)" representative instance : ddr3_ctl_axi/u_efx_ddr3_soft_controller/genblk1.inst_ddr3_axi/inst_efx_ddr3/top_mc/controller_main/dffrs_2527/i10_rst_3
FF|OPT : Flip-flop optimization by equivalence checking
@ "D:\yilingsi_fpga\Efinity_Project\Ti60F225_OV5640_Face_Reproduction\ip/DdrCtrl\DdrCtrl.sv (1460)" removed instance : ddr3_ctl_axi/u_efx_ddr3_soft_controller/genblk1.inst_ddr3_axi/inst_efx_ddr3/top_mc/controller_main/dffrs_2527/i45_rst_0
@ "D:\yilingsi_fpga\Efinity_Project\Ti60F225_OV5640_Face_Reproduction\ip/DdrCtrl\DdrCtrl.sv (1460)" representative instance : ddr3_ctl_axi/u_efx_ddr3_soft_controller/genblk1.inst_ddr3_axi/inst_efx_ddr3/top_mc/controller_main/dffrs_2527/i10_rst_0
FF|OPT : Flip-flop optimization by equivalence checking
@ "D:\yilingsi_fpga\Efinity_Project\Ti60F225_OV5640_Face_Reproduction\ip/DdrCtrl\DdrCtrl.sv (1460)" removed instance : ddr3_ctl_axi/u_efx_ddr3_soft_controller/genblk1.inst_ddr3_axi/inst_efx_ddr3/top_mc/controller_main/dffrs_2527/i45_rst_1
@ "D:\yilingsi_fpga\Efinity_Project\Ti60F225_OV5640_Face_Reproduction\ip/DdrCtrl\DdrCtrl.sv (1460)" representative instance : ddr3_ctl_axi/u_efx_ddr3_soft_controller/genblk1.inst_ddr3_axi/inst_efx_ddr3/top_mc/controller_main/dffrs_2527/i10_rst_1
FF|OPT : Flip-flop optimization by equivalence checking
@ "D:\yilingsi_fpga\Efinity_Project\Ti60F225_OV5640_Face_Reproduction\ip/DdrCtrl\DdrCtrl.sv (1460)" removed instance : ddr3_ctl_axi/u_efx_ddr3_soft_controller/genblk1.inst_ddr3_axi/inst_efx_ddr3/top_mc/controller_main/dffrs_2527/i45_rst_2
@ "D:\yilingsi_fpga\Efinity_Project\Ti60F225_OV5640_Face_Reproduction\ip/DdrCtrl\DdrCtrl.sv (1460)" representative instance : ddr3_ctl_axi/u_efx_ddr3_soft_controller/genblk1.inst_ddr3_axi/inst_efx_ddr3/top_mc/controller_main/dffrs_2527/i10_rst_2
FF|OPT : Flip-flop optimization by equivalence checking
@ "D:\yilingsi_fpga\Efinity_Project\Ti60F225_OV5640_Face_Reproduction\ip/DdrCtrl\DdrCtrl.sv (1460)" removed instance : ddr3_ctl_axi/u_efx_ddr3_soft_controller/genblk1.inst_ddr3_axi/inst_efx_ddr3/top_mc/controller_main/dffrs_2527/i45_rst_3
@ "D:\yilingsi_fpga\Efinity_Project\Ti60F225_OV5640_Face_Reproduction\ip/DdrCtrl\DdrCtrl.sv (1460)" representative instance : ddr3_ctl_axi/u_efx_ddr3_soft_controller/genblk1.inst_ddr3_axi/inst_efx_ddr3/top_mc/controller_main/dffrs_2527/i10_rst_3
FF|OPT : Flip-flop optimization by equivalence checking
@ "D:\yilingsi_fpga\Efinity_Project\Ti60F225_OV5640_Face_Reproduction\ip/DdrCtrl\DdrCtrl.sv (1460)" removed instance : ddr3_ctl_axi/u_efx_ddr3_soft_controller/genblk1.inst_ddr3_axi/inst_efx_ddr3/top_mc/controller_main/dffrs_2527/i44_rst_0
@ "D:\yilingsi_fpga\Efinity_Project\Ti60F225_OV5640_Face_Reproduction\ip/DdrCtrl\DdrCtrl.sv (1460)" representative instance : ddr3_ctl_axi/u_efx_ddr3_soft_controller/genblk1.inst_ddr3_axi/inst_efx_ddr3/top_mc/controller_main/dffrs_2527/i10_rst_0
FF|OPT : Flip-flop optimization by equivalence checking
@ "D:\yilingsi_fpga\Efinity_Project\Ti60F225_OV5640_Face_Reproduction\ip/DdrCtrl\DdrCtrl.sv (1460)" removed instance : ddr3_ctl_axi/u_efx_ddr3_soft_controller/genblk1.inst_ddr3_axi/inst_efx_ddr3/top_mc/controller_main/dffrs_2527/i44_rst_1
@ "D:\yilingsi_fpga\Efinity_Project\Ti60F225_OV5640_Face_Reproduction\ip/DdrCtrl\DdrCtrl.sv (1460)" representative instance : ddr3_ctl_axi/u_efx_ddr3_soft_controller/genblk1.inst_ddr3_axi/inst_efx_ddr3/top_mc/controller_main/dffrs_2527/i10_rst_1
FF|OPT : Flip-flop optimization by equivalence checking
@ "D:\yilingsi_fpga\Efinity_Project\Ti60F225_OV5640_Face_Reproduction\ip/DdrCtrl\DdrCtrl.sv (1460)" removed instance : ddr3_ctl_axi/u_efx_ddr3_soft_controller/genblk1.inst_ddr3_axi/inst_efx_ddr3/top_mc/controller_main/dffrs_2527/i44_rst_2
@ "D:\yilingsi_fpga\Efinity_Project\Ti60F225_OV5640_Face_Reproduction\ip/DdrCtrl\DdrCtrl.sv (1460)" representative instance : ddr3_ctl_axi/u_efx_ddr3_soft_controller/genblk1.inst_ddr3_axi/inst_efx_ddr3/top_mc/controller_main/dffrs_2527/i10_rst_2
FF|OPT : Flip-flop optimization by equivalence checking
@ "D:\yilingsi_fpga\Efinity_Project\Ti60F225_OV5640_Face_Reproduction\ip/DdrCtrl\DdrCtrl.sv (1460)" removed instance : ddr3_ctl_axi/u_efx_ddr3_soft_controller/genblk1.inst_ddr3_axi/inst_efx_ddr3/top_mc/controller_main/dffrs_2527/i44_rst_3
@ "D:\yilingsi_fpga\Efinity_Project\Ti60F225_OV5640_Face_Reproduction\ip/DdrCtrl\DdrCtrl.sv (1460)" representative instance : ddr3_ctl_axi/u_efx_ddr3_soft_controller/genblk1.inst_ddr3_axi/inst_efx_ddr3/top_mc/controller_main/dffrs_2527/i10_rst_3
FF|OPT : Flip-flop optimization by equivalence checking
@ "D:\yilingsi_fpga\Efinity_Project\Ti60F225_OV5640_Face_Reproduction\ip/DdrCtrl\DdrCtrl.sv (1460)" removed instance : ddr3_ctl_axi/u_efx_ddr3_soft_controller/genblk1.inst_ddr3_axi/inst_efx_ddr3/top_mc/controller_main/dffrs_2527/i43_rst_0
@ "D:\yilingsi_fpga\Efinity_Project\Ti60F225_OV5640_Face_Reproduction\ip/DdrCtrl\DdrCtrl.sv (1460)" representative instance : ddr3_ctl_axi/u_efx_ddr3_soft_controller/genblk1.inst_ddr3_axi/inst_efx_ddr3/top_mc/controller_main/dffrs_2527/i10_rst_0
FF|OPT : Flip-flop optimization by equivalence checking
@ "D:\yilingsi_fpga\Efinity_Project\Ti60F225_OV5640_Face_Reproduction\ip/DdrCtrl\DdrCtrl.sv (1460)" removed instance : ddr3_ctl_axi/u_efx_ddr3_soft_controller/genblk1.inst_ddr3_axi/inst_efx_ddr3/top_mc/controller_main/dffrs_2527/i43_rst_1
@ "D:\yilingsi_fpga\Efinity_Project\Ti60F225_OV5640_Face_Reproduction\ip/DdrCtrl\DdrCtrl.sv (1460)" representative instance : ddr3_ctl_axi/u_efx_ddr3_soft_controller/genblk1.inst_ddr3_axi/inst_efx_ddr3/top_mc/controller_main/dffrs_2527/i10_rst_1
FF|OPT : Flip-flop optimization by equivalence checking
@ "D:\yilingsi_fpga\Efinity_Project\Ti60F225_OV5640_Face_Reproduction\ip/DdrCtrl\DdrCtrl.sv (1460)" removed instance : ddr3_ctl_axi/u_efx_ddr3_soft_controller/genblk1.inst_ddr3_axi/inst_efx_ddr3/top_mc/controller_main/dffrs_2527/i43_rst_2
@ "D:\yilingsi_fpga\Efinity_Project\Ti60F225_OV5640_Face_Reproduction\ip/DdrCtrl\DdrCtrl.sv (1460)" representative instance : ddr3_ctl_axi/u_efx_ddr3_soft_controller/genblk1.inst_ddr3_axi/inst_efx_ddr3/top_mc/controller_main/dffrs_2527/i10_rst_2
FF|OPT : Flip-flop optimization by equivalence checking
@ "D:\yilingsi_fpga\Efinity_Project\Ti60F225_OV5640_Face_Reproduction\ip/DdrCtrl\DdrCtrl.sv (1460)" removed instance : ddr3_ctl_axi/u_efx_ddr3_soft_controller/genblk1.inst_ddr3_axi/inst_efx_ddr3/top_mc/controller_main/dffrs_2527/i43_rst_3
@ "D:\yilingsi_fpga\Efinity_Project\Ti60F225_OV5640_Face_Reproduction\ip/DdrCtrl\DdrCtrl.sv (1460)" representative instance : ddr3_ctl_axi/u_efx_ddr3_soft_controller/genblk1.inst_ddr3_axi/inst_efx_ddr3/top_mc/controller_main/dffrs_2527/i10_rst_3
FF|OPT : Flip-flop optimization by equivalence checking
@ "D:\yilingsi_fpga\Efinity_Project\Ti60F225_OV5640_Face_Reproduction\ip/DdrCtrl\DdrCtrl.sv (1460)" removed instance : ddr3_ctl_axi/u_efx_ddr3_soft_controller/genblk1.inst_ddr3_axi/inst_efx_ddr3/top_mc/controller_main/dffrs_2527/i42_rst_0
@ "D:\yilingsi_fpga\Efinity_Project\Ti60F225_OV5640_Face_Reproduction\ip/DdrCtrl\DdrCtrl.sv (1460)" representative instance : ddr3_ctl_axi/u_efx_ddr3_soft_controller/genblk1.inst_ddr3_axi/inst_efx_ddr3/top_mc/controller_main/dffrs_2527/i10_rst_0
FF|OPT : Flip-flop optimization by equivalence checking
@ "D:\yilingsi_fpga\Efinity_Project\Ti60F225_OV5640_Face_Reproduction\ip/DdrCtrl\DdrCtrl.sv (1460)" removed instance : ddr3_ctl_axi/u_efx_ddr3_soft_controller/genblk1.inst_ddr3_axi/inst_efx_ddr3/top_mc/controller_main/dffrs_2527/i42_rst_1
@ "D:\yilingsi_fpga\Efinity_Project\Ti60F225_OV5640_Face_Reproduction\ip/DdrCtrl\DdrCtrl.sv (1460)" representative instance : ddr3_ctl_axi/u_efx_ddr3_soft_controller/genblk1.inst_ddr3_axi/inst_efx_ddr3/top_mc/controller_main/dffrs_2527/i10_rst_1
FF|OPT : Flip-flop optimization by equivalence checking
@ "D:\yilingsi_fpga\Efinity_Project\Ti60F225_OV5640_Face_Reproduction\ip/DdrCtrl\DdrCtrl.sv (1460)" removed instance : ddr3_ctl_axi/u_efx_ddr3_soft_controller/genblk1.inst_ddr3_axi/inst_efx_ddr3/top_mc/controller_main/dffrs_2527/i42_rst_2
@ "D:\yilingsi_fpga\Efinity_Project\Ti60F225_OV5640_Face_Reproduction\ip/DdrCtrl\DdrCtrl.sv (1460)" representative instance : ddr3_ctl_axi/u_efx_ddr3_soft_controller/genblk1.inst_ddr3_axi/inst_efx_ddr3/top_mc/controller_main/dffrs_2527/i10_rst_2
FF|OPT : Flip-flop optimization by equivalence checking
@ "D:\yilingsi_fpga\Efinity_Project\Ti60F225_OV5640_Face_Reproduction\ip/DdrCtrl\DdrCtrl.sv (1460)" removed instance : ddr3_ctl_axi/u_efx_ddr3_soft_controller/genblk1.inst_ddr3_axi/inst_efx_ddr3/top_mc/controller_main/dffrs_2527/i42_rst_3
@ "D:\yilingsi_fpga\Efinity_Project\Ti60F225_OV5640_Face_Reproduction\ip/DdrCtrl\DdrCtrl.sv (1460)" representative instance : ddr3_ctl_axi/u_efx_ddr3_soft_controller/genblk1.inst_ddr3_axi/inst_efx_ddr3/top_mc/controller_main/dffrs_2527/i10_rst_3
FF|OPT : Flip-flop optimization by equivalence checking
@ "D:\yilingsi_fpga\Efinity_Project\Ti60F225_OV5640_Face_Reproduction\ip/DdrCtrl\DdrCtrl.sv (1460)" removed instance : ddr3_ctl_axi/u_efx_ddr3_soft_controller/genblk1.inst_ddr3_axi/inst_efx_ddr3/top_mc/controller_main/dffrs_2527/i41_rst_0
@ "D:\yilingsi_fpga\Efinity_Project\Ti60F225_OV5640_Face_Reproduction\ip/DdrCtrl\DdrCtrl.sv (1460)" representative instance : ddr3_ctl_axi/u_efx_ddr3_soft_controller/genblk1.inst_ddr3_axi/inst_efx_ddr3/top_mc/controller_main/dffrs_2527/i10_rst_0
FF|OPT : Flip-flop optimization by equivalence checking
@ "D:\yilingsi_fpga\Efinity_Project\Ti60F225_OV5640_Face_Reproduction\ip/DdrCtrl\DdrCtrl.sv (1460)" removed instance : ddr3_ctl_axi/u_efx_ddr3_soft_controller/genblk1.inst_ddr3_axi/inst_efx_ddr3/top_mc/controller_main/dffrs_2527/i41_rst_1
@ "D:\yilingsi_fpga\Efinity_Project\Ti60F225_OV5640_Face_Reproduction\ip/DdrCtrl\DdrCtrl.sv (1460)" representative instance : ddr3_ctl_axi/u_efx_ddr3_soft_controller/genblk1.inst_ddr3_axi/inst_efx_ddr3/top_mc/controller_main/dffrs_2527/i10_rst_1
FF|OPT : Flip-flop optimization by equivalence checking
@ "D:\yilingsi_fpga\Efinity_Project\Ti60F225_OV5640_Face_Reproduction\ip/DdrCtrl\DdrCtrl.sv (1460)" removed instance : ddr3_ctl_axi/u_efx_ddr3_soft_controller/genblk1.inst_ddr3_axi/inst_efx_ddr3/top_mc/controller_main/dffrs_2527/i41_rst_2
@ "D:\yilingsi_fpga\Efinity_Project\Ti60F225_OV5640_Face_Reproduction\ip/DdrCtrl\DdrCtrl.sv (1460)" representative instance : ddr3_ctl_axi/u_efx_ddr3_soft_controller/genblk1.inst_ddr3_axi/inst_efx_ddr3/top_mc/controller_main/dffrs_2527/i10_rst_2
FF|OPT : Flip-flop optimization by equivalence checking
@ "D:\yilingsi_fpga\Efinity_Project\Ti60F225_OV5640_Face_Reproduction\ip/DdrCtrl\DdrCtrl.sv (1460)" removed instance : ddr3_ctl_axi/u_efx_ddr3_soft_controller/genblk1.inst_ddr3_axi/inst_efx_ddr3/top_mc/controller_main/dffrs_2527/i41_rst_3
@ "D:\yilingsi_fpga\Efinity_Project\Ti60F225_OV5640_Face_Reproduction\ip/DdrCtrl\DdrCtrl.sv (1460)" representative instance : ddr3_ctl_axi/u_efx_ddr3_soft_controller/genblk1.inst_ddr3_axi/inst_efx_ddr3/top_mc/controller_main/dffrs_2527/i10_rst_3
FF|OPT : Flip-flop optimization by equivalence checking
@ "D:\yilingsi_fpga\Efinity_Project\Ti60F225_OV5640_Face_Reproduction\ip/DdrCtrl\DdrCtrl.sv (1460)" removed instance : ddr3_ctl_axi/u_efx_ddr3_soft_controller/genblk1.inst_ddr3_axi/inst_efx_ddr3/top_mc/controller_main/dffrs_2527/i4_rst_0
@ "D:\yilingsi_fpga\Efinity_Project\Ti60F225_OV5640_Face_Reproduction\ip/DdrCtrl\DdrCtrl.sv (1460)" representative instance : ddr3_ctl_axi/u_efx_ddr3_soft_controller/genblk1.inst_ddr3_axi/inst_efx_ddr3/top_mc/controller_main/dffrs_2527/i10_rst_0
FF|OPT : Flip-flop optimization by equivalence checking
@ "D:\yilingsi_fpga\Efinity_Project\Ti60F225_OV5640_Face_Reproduction\ip/DdrCtrl\DdrCtrl.sv (1460)" removed instance : ddr3_ctl_axi/u_efx_ddr3_soft_controller/genblk1.inst_ddr3_axi/inst_efx_ddr3/top_mc/controller_main/dffrs_2527/i4_rst_1
@ "D:\yilingsi_fpga\Efinity_Project\Ti60F225_OV5640_Face_Reproduction\ip/DdrCtrl\DdrCtrl.sv (1460)" representative instance : ddr3_ctl_axi/u_efx_ddr3_soft_controller/genblk1.inst_ddr3_axi/inst_efx_ddr3/top_mc/controller_main/dffrs_2527/i10_rst_1
FF|OPT : Flip-flop optimization by equivalence checking
@ "D:\yilingsi_fpga\Efinity_Project\Ti60F225_OV5640_Face_Reproduction\ip/DdrCtrl\DdrCtrl.sv (1460)" removed instance : ddr3_ctl_axi/u_efx_ddr3_soft_controller/genblk1.inst_ddr3_axi/inst_efx_ddr3/top_mc/controller_main/dffrs_2527/i4_rst_2
@ "D:\yilingsi_fpga\Efinity_Project\Ti60F225_OV5640_Face_Reproduction\ip/DdrCtrl\DdrCtrl.sv (1460)" representative instance : ddr3_ctl_axi/u_efx_ddr3_soft_controller/genblk1.inst_ddr3_axi/inst_efx_ddr3/top_mc/controller_main/dffrs_2527/i10_rst_2
FF|OPT : Flip-flop optimization by equivalence checking
@ "D:\yilingsi_fpga\Efinity_Project\Ti60F225_OV5640_Face_Reproduction\ip/DdrCtrl\DdrCtrl.sv (1460)" removed instance : ddr3_ctl_axi/u_efx_ddr3_soft_controller/genblk1.inst_ddr3_axi/inst_efx_ddr3/top_mc/controller_main/dffrs_2527/i4_rst_3
@ "D:\yilingsi_fpga\Efinity_Project\Ti60F225_OV5640_Face_Reproduction\ip/DdrCtrl\DdrCtrl.sv (1460)" representative instance : ddr3_ctl_axi/u_efx_ddr3_soft_controller/genblk1.inst_ddr3_axi/inst_efx_ddr3/top_mc/controller_main/dffrs_2527/i10_rst_3
FF|OPT : Flip-flop optimization by equivalence checking
@ "D:\yilingsi_fpga\Efinity_Project\Ti60F225_OV5640_Face_Reproduction\ip/DdrCtrl\DdrCtrl.sv (1460)" removed instance : ddr3_ctl_axi/u_efx_ddr3_soft_controller/genblk1.inst_ddr3_axi/inst_efx_ddr3/top_mc/controller_main/dffrs_2527/i40_rst_0
@ "D:\yilingsi_fpga\Efinity_Project\Ti60F225_OV5640_Face_Reproduction\ip/DdrCtrl\DdrCtrl.sv (1460)" representative instance : ddr3_ctl_axi/u_efx_ddr3_soft_controller/genblk1.inst_ddr3_axi/inst_efx_ddr3/top_mc/controller_main/dffrs_2527/i10_rst_0
FF|OPT : Flip-flop optimization by equivalence checking
@ "D:\yilingsi_fpga\Efinity_Project\Ti60F225_OV5640_Face_Reproduction\ip/DdrCtrl\DdrCtrl.sv (1460)" removed instance : ddr3_ctl_axi/u_efx_ddr3_soft_controller/genblk1.inst_ddr3_axi/inst_efx_ddr3/top_mc/controller_main/dffrs_2527/i40_rst_1
@ "D:\yilingsi_fpga\Efinity_Project\Ti60F225_OV5640_Face_Reproduction\ip/DdrCtrl\DdrCtrl.sv (1460)" representative instance : ddr3_ctl_axi/u_efx_ddr3_soft_controller/genblk1.inst_ddr3_axi/inst_efx_ddr3/top_mc/controller_main/dffrs_2527/i10_rst_1
FF|OPT : Flip-flop optimization by equivalence checking
@ "D:\yilingsi_fpga\Efinity_Project\Ti60F225_OV5640_Face_Reproduction\ip/DdrCtrl\DdrCtrl.sv (1460)" removed instance : ddr3_ctl_axi/u_efx_ddr3_soft_controller/genblk1.inst_ddr3_axi/inst_efx_ddr3/top_mc/controller_main/dffrs_2527/i40_rst_2
@ "D:\yilingsi_fpga\Efinity_Project\Ti60F225_OV5640_Face_Reproduction\ip/DdrCtrl\DdrCtrl.sv (1460)" representative instance : ddr3_ctl_axi/u_efx_ddr3_soft_controller/genblk1.inst_ddr3_axi/inst_efx_ddr3/top_mc/controller_main/dffrs_2527/i10_rst_2
FF|OPT : Flip-flop optimization by equivalence checking
@ "D:\yilingsi_fpga\Efinity_Project\Ti60F225_OV5640_Face_Reproduction\ip/DdrCtrl\DdrCtrl.sv (1460)" removed instance : ddr3_ctl_axi/u_efx_ddr3_soft_controller/genblk1.inst_ddr3_axi/inst_efx_ddr3/top_mc/controller_main/dffrs_2527/i40_rst_3
@ "D:\yilingsi_fpga\Efinity_Project\Ti60F225_OV5640_Face_Reproduction\ip/DdrCtrl\DdrCtrl.sv (1460)" representative instance : ddr3_ctl_axi/u_efx_ddr3_soft_controller/genblk1.inst_ddr3_axi/inst_efx_ddr3/top_mc/controller_main/dffrs_2527/i10_rst_3
FF|OPT : Flip-flop optimization by equivalence checking
@ "D:\yilingsi_fpga\Efinity_Project\Ti60F225_OV5640_Face_Reproduction\ip/DdrCtrl\DdrCtrl.sv (1460)" removed instance : ddr3_ctl_axi/u_efx_ddr3_soft_controller/genblk1.inst_ddr3_axi/inst_efx_ddr3/top_mc/controller_main/dffrs_2527/i39_rst_0
@ "D:\yilingsi_fpga\Efinity_Project\Ti60F225_OV5640_Face_Reproduction\ip/DdrCtrl\DdrCtrl.sv (1460)" representative instance : ddr3_ctl_axi/u_efx_ddr3_soft_controller/genblk1.inst_ddr3_axi/inst_efx_ddr3/top_mc/controller_main/dffrs_2527/i10_rst_0
FF|OPT : Flip-flop optimization by equivalence checking
@ "D:\yilingsi_fpga\Efinity_Project\Ti60F225_OV5640_Face_Reproduction\ip/DdrCtrl\DdrCtrl.sv (1460)" removed instance : ddr3_ctl_axi/u_efx_ddr3_soft_controller/genblk1.inst_ddr3_axi/inst_efx_ddr3/top_mc/controller_main/dffrs_2527/i39_rst_1
@ "D:\yilingsi_fpga\Efinity_Project\Ti60F225_OV5640_Face_Reproduction\ip/DdrCtrl\DdrCtrl.sv (1460)" representative instance : ddr3_ctl_axi/u_efx_ddr3_soft_controller/genblk1.inst_ddr3_axi/inst_efx_ddr3/top_mc/controller_main/dffrs_2527/i10_rst_1
FF|OPT : Flip-flop optimization by equivalence checking
@ "D:\yilingsi_fpga\Efinity_Project\Ti60F225_OV5640_Face_Reproduction\ip/DdrCtrl\DdrCtrl.sv (1460)" removed instance : ddr3_ctl_axi/u_efx_ddr3_soft_controller/genblk1.inst_ddr3_axi/inst_efx_ddr3/top_mc/controller_main/dffrs_2527/i39_rst_2
@ "D:\yilingsi_fpga\Efinity_Project\Ti60F225_OV5640_Face_Reproduction\ip/DdrCtrl\DdrCtrl.sv (1460)" representative instance : ddr3_ctl_axi/u_efx_ddr3_soft_controller/genblk1.inst_ddr3_axi/inst_efx_ddr3/top_mc/controller_main/dffrs_2527/i10_rst_2
FF|OPT : Flip-flop optimization by equivalence checking
@ "D:\yilingsi_fpga\Efinity_Project\Ti60F225_OV5640_Face_Reproduction\ip/DdrCtrl\DdrCtrl.sv (1460)" removed instance : ddr3_ctl_axi/u_efx_ddr3_soft_controller/genblk1.inst_ddr3_axi/inst_efx_ddr3/top_mc/controller_main/dffrs_2527/i39_rst_3
@ "D:\yilingsi_fpga\Efinity_Project\Ti60F225_OV5640_Face_Reproduction\ip/DdrCtrl\DdrCtrl.sv (1460)" representative instance : ddr3_ctl_axi/u_efx_ddr3_soft_controller/genblk1.inst_ddr3_axi/inst_efx_ddr3/top_mc/controller_main/dffrs_2527/i10_rst_3
FF|OPT : Flip-flop optimization by equivalence checking
@ "D:\yilingsi_fpga\Efinity_Project\Ti60F225_OV5640_Face_Reproduction\ip/DdrCtrl\DdrCtrl.sv (1460)" removed instance : ddr3_ctl_axi/u_efx_ddr3_soft_controller/genblk1.inst_ddr3_axi/inst_efx_ddr3/top_mc/controller_main/dffrs_2527/i38_rst_0
@ "D:\yilingsi_fpga\Efinity_Project\Ti60F225_OV5640_Face_Reproduction\ip/DdrCtrl\DdrCtrl.sv (1460)" representative instance : ddr3_ctl_axi/u_efx_ddr3_soft_controller/genblk1.inst_ddr3_axi/inst_efx_ddr3/top_mc/controller_main/dffrs_2527/i10_rst_0
FF|OPT : Flip-flop optimization by equivalence checking
@ "D:\yilingsi_fpga\Efinity_Project\Ti60F225_OV5640_Face_Reproduction\ip/DdrCtrl\DdrCtrl.sv (1460)" removed instance : ddr3_ctl_axi/u_efx_ddr3_soft_controller/genblk1.inst_ddr3_axi/inst_efx_ddr3/top_mc/controller_main/dffrs_2527/i38_rst_1
@ "D:\yilingsi_fpga\Efinity_Project\Ti60F225_OV5640_Face_Reproduction\ip/DdrCtrl\DdrCtrl.sv (1460)" representative instance : ddr3_ctl_axi/u_efx_ddr3_soft_controller/genblk1.inst_ddr3_axi/inst_efx_ddr3/top_mc/controller_main/dffrs_2527/i10_rst_1
FF|OPT : Flip-flop optimization by equivalence checking
@ "D:\yilingsi_fpga\Efinity_Project\Ti60F225_OV5640_Face_Reproduction\ip/DdrCtrl\DdrCtrl.sv (1460)" removed instance : ddr3_ctl_axi/u_efx_ddr3_soft_controller/genblk1.inst_ddr3_axi/inst_efx_ddr3/top_mc/controller_main/dffrs_2527/i38_rst_2
@ "D:\yilingsi_fpga\Efinity_Project\Ti60F225_OV5640_Face_Reproduction\ip/DdrCtrl\DdrCtrl.sv (1460)" representative instance : ddr3_ctl_axi/u_efx_ddr3_soft_controller/genblk1.inst_ddr3_axi/inst_efx_ddr3/top_mc/controller_main/dffrs_2527/i10_rst_2
FF|OPT : Flip-flop optimization by equivalence checking
@ "D:\yilingsi_fpga\Efinity_Project\Ti60F225_OV5640_Face_Reproduction\ip/DdrCtrl\DdrCtrl.sv (1460)" removed instance : ddr3_ctl_axi/u_efx_ddr3_soft_controller/genblk1.inst_ddr3_axi/inst_efx_ddr3/top_mc/controller_main/dffrs_2527/i38_rst_3
@ "D:\yilingsi_fpga\Efinity_Project\Ti60F225_OV5640_Face_Reproduction\ip/DdrCtrl\DdrCtrl.sv (1460)" representative instance : ddr3_ctl_axi/u_efx_ddr3_soft_controller/genblk1.inst_ddr3_axi/inst_efx_ddr3/top_mc/controller_main/dffrs_2527/i10_rst_3
FF|OPT : Flip-flop optimization by equivalence checking
@ "D:\yilingsi_fpga\Efinity_Project\Ti60F225_OV5640_Face_Reproduction\ip/DdrCtrl\DdrCtrl.sv (1460)" removed instance : ddr3_ctl_axi/u_efx_ddr3_soft_controller/genblk1.inst_ddr3_axi/inst_efx_ddr3/top_mc/controller_main/dffrs_2527/i37_rst_0
@ "D:\yilingsi_fpga\Efinity_Project\Ti60F225_OV5640_Face_Reproduction\ip/DdrCtrl\DdrCtrl.sv (1460)" representative instance : ddr3_ctl_axi/u_efx_ddr3_soft_controller/genblk1.inst_ddr3_axi/inst_efx_ddr3/top_mc/controller_main/dffrs_2527/i10_rst_0
FF|OPT : Flip-flop optimization by equivalence checking
@ "D:\yilingsi_fpga\Efinity_Project\Ti60F225_OV5640_Face_Reproduction\ip/DdrCtrl\DdrCtrl.sv (1460)" removed instance : ddr3_ctl_axi/u_efx_ddr3_soft_controller/genblk1.inst_ddr3_axi/inst_efx_ddr3/top_mc/controller_main/dffrs_2527/i37_rst_1
@ "D:\yilingsi_fpga\Efinity_Project\Ti60F225_OV5640_Face_Reproduction\ip/DdrCtrl\DdrCtrl.sv (1460)" representative instance : ddr3_ctl_axi/u_efx_ddr3_soft_controller/genblk1.inst_ddr3_axi/inst_efx_ddr3/top_mc/controller_main/dffrs_2527/i10_rst_1
FF|OPT : Flip-flop optimization by equivalence checking
@ "D:\yilingsi_fpga\Efinity_Project\Ti60F225_OV5640_Face_Reproduction\ip/DdrCtrl\DdrCtrl.sv (1460)" removed instance : ddr3_ctl_axi/u_efx_ddr3_soft_controller/genblk1.inst_ddr3_axi/inst_efx_ddr3/top_mc/controller_main/dffrs_2527/i37_rst_2
@ "D:\yilingsi_fpga\Efinity_Project\Ti60F225_OV5640_Face_Reproduction\ip/DdrCtrl\DdrCtrl.sv (1460)" representative instance : ddr3_ctl_axi/u_efx_ddr3_soft_controller/genblk1.inst_ddr3_axi/inst_efx_ddr3/top_mc/controller_main/dffrs_2527/i10_rst_2
FF|OPT : Flip-flop optimization by equivalence checking
@ "D:\yilingsi_fpga\Efinity_Project\Ti60F225_OV5640_Face_Reproduction\ip/DdrCtrl\DdrCtrl.sv (1460)" removed instance : ddr3_ctl_axi/u_efx_ddr3_soft_controller/genblk1.inst_ddr3_axi/inst_efx_ddr3/top_mc/controller_main/dffrs_2527/i37_rst_3
@ "D:\yilingsi_fpga\Efinity_Project\Ti60F225_OV5640_Face_Reproduction\ip/DdrCtrl\DdrCtrl.sv (1460)" representative instance : ddr3_ctl_axi/u_efx_ddr3_soft_controller/genblk1.inst_ddr3_axi/inst_efx_ddr3/top_mc/controller_main/dffrs_2527/i10_rst_3
FF|OPT : Flip-flop optimization by equivalence checking
@ "D:\yilingsi_fpga\Efinity_Project\Ti60F225_OV5640_Face_Reproduction\ip/DdrCtrl\DdrCtrl.sv (1460)" removed instance : ddr3_ctl_axi/u_efx_ddr3_soft_controller/genblk1.inst_ddr3_axi/inst_efx_ddr3/top_mc/controller_main/dffrs_2527/i36_rst_0
@ "D:\yilingsi_fpga\Efinity_Project\Ti60F225_OV5640_Face_Reproduction\ip/DdrCtrl\DdrCtrl.sv (1460)" representative instance : ddr3_ctl_axi/u_efx_ddr3_soft_controller/genblk1.inst_ddr3_axi/inst_efx_ddr3/top_mc/controller_main/dffrs_2527/i10_rst_0
FF|OPT : Flip-flop optimization by equivalence checking
@ "D:\yilingsi_fpga\Efinity_Project\Ti60F225_OV5640_Face_Reproduction\ip/DdrCtrl\DdrCtrl.sv (1460)" removed instance : ddr3_ctl_axi/u_efx_ddr3_soft_controller/genblk1.inst_ddr3_axi/inst_efx_ddr3/top_mc/controller_main/dffrs_2527/i36_rst_1
@ "D:\yilingsi_fpga\Efinity_Project\Ti60F225_OV5640_Face_Reproduction\ip/DdrCtrl\DdrCtrl.sv (1460)" representative instance : ddr3_ctl_axi/u_efx_ddr3_soft_controller/genblk1.inst_ddr3_axi/inst_efx_ddr3/top_mc/controller_main/dffrs_2527/i10_rst_1
FF|OPT : Flip-flop optimization by equivalence checking
@ "D:\yilingsi_fpga\Efinity_Project\Ti60F225_OV5640_Face_Reproduction\ip/DdrCtrl\DdrCtrl.sv (1460)" removed instance : ddr3_ctl_axi/u_efx_ddr3_soft_controller/genblk1.inst_ddr3_axi/inst_efx_ddr3/top_mc/controller_main/dffrs_2527/i36_rst_2
@ "D:\yilingsi_fpga\Efinity_Project\Ti60F225_OV5640_Face_Reproduction\ip/DdrCtrl\DdrCtrl.sv (1460)" representative instance : ddr3_ctl_axi/u_efx_ddr3_soft_controller/genblk1.inst_ddr3_axi/inst_efx_ddr3/top_mc/controller_main/dffrs_2527/i10_rst_2
FF|OPT : Flip-flop optimization by equivalence checking
@ "D:\yilingsi_fpga\Efinity_Project\Ti60F225_OV5640_Face_Reproduction\ip/DdrCtrl\DdrCtrl.sv (1460)" removed instance : ddr3_ctl_axi/u_efx_ddr3_soft_controller/genblk1.inst_ddr3_axi/inst_efx_ddr3/top_mc/controller_main/dffrs_2527/i36_rst_3
@ "D:\yilingsi_fpga\Efinity_Project\Ti60F225_OV5640_Face_Reproduction\ip/DdrCtrl\DdrCtrl.sv (1460)" representative instance : ddr3_ctl_axi/u_efx_ddr3_soft_controller/genblk1.inst_ddr3_axi/inst_efx_ddr3/top_mc/controller_main/dffrs_2527/i10_rst_3
FF|OPT : Flip-flop optimization by equivalence checking
@ "D:\yilingsi_fpga\Efinity_Project\Ti60F225_OV5640_Face_Reproduction\ip/DdrCtrl\DdrCtrl.sv (1460)" removed instance : ddr3_ctl_axi/u_efx_ddr3_soft_controller/genblk1.inst_ddr3_axi/inst_efx_ddr3/top_mc/controller_main/dffrs_2527/i35_rst_0
@ "D:\yilingsi_fpga\Efinity_Project\Ti60F225_OV5640_Face_Reproduction\ip/DdrCtrl\DdrCtrl.sv (1460)" representative instance : ddr3_ctl_axi/u_efx_ddr3_soft_controller/genblk1.inst_ddr3_axi/inst_efx_ddr3/top_mc/controller_main/dffrs_2527/i10_rst_0
FF|OPT : Flip-flop optimization by equivalence checking
@ "D:\yilingsi_fpga\Efinity_Project\Ti60F225_OV5640_Face_Reproduction\ip/DdrCtrl\DdrCtrl.sv (1460)" removed instance : ddr3_ctl_axi/u_efx_ddr3_soft_controller/genblk1.inst_ddr3_axi/inst_efx_ddr3/top_mc/controller_main/dffrs_2527/i35_rst_1
@ "D:\yilingsi_fpga\Efinity_Project\Ti60F225_OV5640_Face_Reproduction\ip/DdrCtrl\DdrCtrl.sv (1460)" representative instance : ddr3_ctl_axi/u_efx_ddr3_soft_controller/genblk1.inst_ddr3_axi/inst_efx_ddr3/top_mc/controller_main/dffrs_2527/i10_rst_1
FF|OPT : Flip-flop optimization by equivalence checking
@ "D:\yilingsi_fpga\Efinity_Project\Ti60F225_OV5640_Face_Reproduction\ip/DdrCtrl\DdrCtrl.sv (1460)" removed instance : ddr3_ctl_axi/u_efx_ddr3_soft_controller/genblk1.inst_ddr3_axi/inst_efx_ddr3/top_mc/controller_main/dffrs_2527/i35_rst_2
@ "D:\yilingsi_fpga\Efinity_Project\Ti60F225_OV5640_Face_Reproduction\ip/DdrCtrl\DdrCtrl.sv (1460)" representative instance : ddr3_ctl_axi/u_efx_ddr3_soft_controller/genblk1.inst_ddr3_axi/inst_efx_ddr3/top_mc/controller_main/dffrs_2527/i10_rst_2
FF|OPT : Flip-flop optimization by equivalence checking
@ "D:\yilingsi_fpga\Efinity_Project\Ti60F225_OV5640_Face_Reproduction\ip/DdrCtrl\DdrCtrl.sv (1460)" removed instance : ddr3_ctl_axi/u_efx_ddr3_soft_controller/genblk1.inst_ddr3_axi/inst_efx_ddr3/top_mc/controller_main/dffrs_2527/i35_rst_3
@ "D:\yilingsi_fpga\Efinity_Project\Ti60F225_OV5640_Face_Reproduction\ip/DdrCtrl\DdrCtrl.sv (1460)" representative instance : ddr3_ctl_axi/u_efx_ddr3_soft_controller/genblk1.inst_ddr3_axi/inst_efx_ddr3/top_mc/controller_main/dffrs_2527/i10_rst_3
FF|OPT : Flip-flop optimization by equivalence checking
@ "D:\yilingsi_fpga\Efinity_Project\Ti60F225_OV5640_Face_Reproduction\ip/DdrCtrl\DdrCtrl.sv (1460)" removed instance : ddr3_ctl_axi/u_efx_ddr3_soft_controller/genblk1.inst_ddr3_axi/inst_efx_ddr3/top_mc/controller_main/dffrs_2527/i34_rst_0
@ "D:\yilingsi_fpga\Efinity_Project\Ti60F225_OV5640_Face_Reproduction\ip/DdrCtrl\DdrCtrl.sv (1460)" representative instance : ddr3_ctl_axi/u_efx_ddr3_soft_controller/genblk1.inst_ddr3_axi/inst_efx_ddr3/top_mc/controller_main/dffrs_2527/i10_rst_0
FF|OPT : Flip-flop optimization by equivalence checking
@ "D:\yilingsi_fpga\Efinity_Project\Ti60F225_OV5640_Face_Reproduction\ip/DdrCtrl\DdrCtrl.sv (1460)" removed instance : ddr3_ctl_axi/u_efx_ddr3_soft_controller/genblk1.inst_ddr3_axi/inst_efx_ddr3/top_mc/controller_main/dffrs_2527/i34_rst_1
@ "D:\yilingsi_fpga\Efinity_Project\Ti60F225_OV5640_Face_Reproduction\ip/DdrCtrl\DdrCtrl.sv (1460)" representative instance : ddr3_ctl_axi/u_efx_ddr3_soft_controller/genblk1.inst_ddr3_axi/inst_efx_ddr3/top_mc/controller_main/dffrs_2527/i10_rst_1
FF|OPT : Flip-flop optimization by equivalence checking
@ "D:\yilingsi_fpga\Efinity_Project\Ti60F225_OV5640_Face_Reproduction\ip/DdrCtrl\DdrCtrl.sv (1460)" removed instance : ddr3_ctl_axi/u_efx_ddr3_soft_controller/genblk1.inst_ddr3_axi/inst_efx_ddr3/top_mc/controller_main/dffrs_2527/i34_rst_2
@ "D:\yilingsi_fpga\Efinity_Project\Ti60F225_OV5640_Face_Reproduction\ip/DdrCtrl\DdrCtrl.sv (1460)" representative instance : ddr3_ctl_axi/u_efx_ddr3_soft_controller/genblk1.inst_ddr3_axi/inst_efx_ddr3/top_mc/controller_main/dffrs_2527/i10_rst_2
FF|OPT : Flip-flop optimization by equivalence checking
@ "D:\yilingsi_fpga\Efinity_Project\Ti60F225_OV5640_Face_Reproduction\ip/DdrCtrl\DdrCtrl.sv (1460)" removed instance : ddr3_ctl_axi/u_efx_ddr3_soft_controller/genblk1.inst_ddr3_axi/inst_efx_ddr3/top_mc/controller_main/dffrs_2527/i34_rst_3
@ "D:\yilingsi_fpga\Efinity_Project\Ti60F225_OV5640_Face_Reproduction\ip/DdrCtrl\DdrCtrl.sv (1460)" representative instance : ddr3_ctl_axi/u_efx_ddr3_soft_controller/genblk1.inst_ddr3_axi/inst_efx_ddr3/top_mc/controller_main/dffrs_2527/i10_rst_3
FF|OPT : Flip-flop optimization by equivalence checking
@ "D:\yilingsi_fpga\Efinity_Project\Ti60F225_OV5640_Face_Reproduction\ip/DdrCtrl\DdrCtrl.sv (1460)" removed instance : ddr3_ctl_axi/u_efx_ddr3_soft_controller/genblk1.inst_ddr3_axi/inst_efx_ddr3/top_mc/controller_main/dffrs_2527/i33_rst_0
@ "D:\yilingsi_fpga\Efinity_Project\Ti60F225_OV5640_Face_Reproduction\ip/DdrCtrl\DdrCtrl.sv (1460)" representative instance : ddr3_ctl_axi/u_efx_ddr3_soft_controller/genblk1.inst_ddr3_axi/inst_efx_ddr3/top_mc/controller_main/dffrs_2527/i10_rst_0
FF|OPT : Flip-flop optimization by equivalence checking
@ "D:\yilingsi_fpga\Efinity_Project\Ti60F225_OV5640_Face_Reproduction\ip/DdrCtrl\DdrCtrl.sv (1460)" removed instance : ddr3_ctl_axi/u_efx_ddr3_soft_controller/genblk1.inst_ddr3_axi/inst_efx_ddr3/top_mc/controller_main/dffrs_2527/i33_rst_1
@ "D:\yilingsi_fpga\Efinity_Project\Ti60F225_OV5640_Face_Reproduction\ip/DdrCtrl\DdrCtrl.sv (1460)" representative instance : ddr3_ctl_axi/u_efx_ddr3_soft_controller/genblk1.inst_ddr3_axi/inst_efx_ddr3/top_mc/controller_main/dffrs_2527/i10_rst_1
FF|OPT : Flip-flop optimization by equivalence checking
@ "D:\yilingsi_fpga\Efinity_Project\Ti60F225_OV5640_Face_Reproduction\ip/DdrCtrl\DdrCtrl.sv (1460)" removed instance : ddr3_ctl_axi/u_efx_ddr3_soft_controller/genblk1.inst_ddr3_axi/inst_efx_ddr3/top_mc/controller_main/dffrs_2527/i33_rst_2
@ "D:\yilingsi_fpga\Efinity_Project\Ti60F225_OV5640_Face_Reproduction\ip/DdrCtrl\DdrCtrl.sv (1460)" representative instance : ddr3_ctl_axi/u_efx_ddr3_soft_controller/genblk1.inst_ddr3_axi/inst_efx_ddr3/top_mc/controller_main/dffrs_2527/i10_rst_2
FF|OPT : Flip-flop optimization by equivalence checking
@ "D:\yilingsi_fpga\Efinity_Project\Ti60F225_OV5640_Face_Reproduction\ip/DdrCtrl\DdrCtrl.sv (1460)" removed instance : ddr3_ctl_axi/u_efx_ddr3_soft_controller/genblk1.inst_ddr3_axi/inst_efx_ddr3/top_mc/controller_main/dffrs_2527/i33_rst_3
@ "D:\yilingsi_fpga\Efinity_Project\Ti60F225_OV5640_Face_Reproduction\ip/DdrCtrl\DdrCtrl.sv (1460)" representative instance : ddr3_ctl_axi/u_efx_ddr3_soft_controller/genblk1.inst_ddr3_axi/inst_efx_ddr3/top_mc/controller_main/dffrs_2527/i10_rst_3
FF|OPT : Flip-flop optimization by equivalence checking
@ "D:\yilingsi_fpga\Efinity_Project\Ti60F225_OV5640_Face_Reproduction\ip/DdrCtrl\DdrCtrl.sv (3274)" removed instance : ddr3_ctl_axi/u_efx_ddr3_soft_controller/genblk1.inst_ddr3_axi/inst_efx_ddr3/dff_734/i17
@ "D:\yilingsi_fpga\Efinity_Project\Ti60F225_OV5640_Face_Reproduction\ip/DdrCtrl\DdrCtrl.sv (3274)" representative instance : ddr3_ctl_axi/u_efx_ddr3_soft_controller/genblk1.inst_ddr3_axi/inst_efx_ddr3/dff_734/i93
FF|OPT : Flip-flop optimization by equivalence checking
@ "D:\yilingsi_fpga\Efinity_Project\Ti60F225_OV5640_Face_Reproduction\ip/DdrCtrl\DdrCtrl.sv (3274)" removed instance : ddr3_ctl_axi/u_efx_ddr3_soft_controller/genblk1.inst_ddr3_axi/inst_efx_ddr3/dff_734/i18
@ "D:\yilingsi_fpga\Efinity_Project\Ti60F225_OV5640_Face_Reproduction\ip/DdrCtrl\DdrCtrl.sv (3274)" representative instance : ddr3_ctl_axi/u_efx_ddr3_soft_controller/genblk1.inst_ddr3_axi/inst_efx_ddr3/dff_734/i4
FF|OPT : Flip-flop optimization by equivalence checking
@ "D:\yilingsi_fpga\Efinity_Project\Ti60F225_OV5640_Face_Reproduction\ip/DdrCtrl\DdrCtrl.sv (3274)" removed instance : ddr3_ctl_axi/u_efx_ddr3_soft_controller/genblk1.inst_ddr3_axi/inst_efx_ddr3/dff_734/i19
@ "D:\yilingsi_fpga\Efinity_Project\Ti60F225_OV5640_Face_Reproduction\ip/DdrCtrl\DdrCtrl.sv (3274)" representative instance : ddr3_ctl_axi/u_efx_ddr3_soft_controller/genblk1.inst_ddr3_axi/inst_efx_ddr3/dff_734/i4
FF|OPT : Flip-flop optimization by equivalence checking
@ "D:\yilingsi_fpga\Efinity_Project\Ti60F225_OV5640_Face_Reproduction\ip/DdrCtrl\DdrCtrl.sv (3274)" removed instance : ddr3_ctl_axi/u_efx_ddr3_soft_controller/genblk1.inst_ddr3_axi/inst_efx_ddr3/dff_734/i20
@ "D:\yilingsi_fpga\Efinity_Project\Ti60F225_OV5640_Face_Reproduction\ip/DdrCtrl\DdrCtrl.sv (3274)" representative instance : ddr3_ctl_axi/u_efx_ddr3_soft_controller/genblk1.inst_ddr3_axi/inst_efx_ddr3/dff_734/i1
FF|OPT : Flip-flop optimization by equivalence checking
@ "D:\yilingsi_fpga\Efinity_Project\Ti60F225_OV5640_Face_Reproduction\ip/DdrCtrl\DdrCtrl.sv (3274)" removed instance : ddr3_ctl_axi/u_efx_ddr3_soft_controller/genblk1.inst_ddr3_axi/inst_efx_ddr3/dff_734/i21
@ "D:\yilingsi_fpga\Efinity_Project\Ti60F225_OV5640_Face_Reproduction\ip/DdrCtrl\DdrCtrl.sv (3274)" representative instance : ddr3_ctl_axi/u_efx_ddr3_soft_controller/genblk1.inst_ddr3_axi/inst_efx_ddr3/dff_734/i81
FF|OPT : Flip-flop optimization by equivalence checking
@ "D:\yilingsi_fpga\Efinity_Project\Ti60F225_OV5640_Face_Reproduction\ip/DdrCtrl\DdrCtrl.sv (3274)" removed instance : ddr3_ctl_axi/u_efx_ddr3_soft_controller/genblk1.inst_ddr3_axi/inst_efx_ddr3/dff_734/i22
@ "D:\yilingsi_fpga\Efinity_Project\Ti60F225_OV5640_Face_Reproduction\ip/DdrCtrl\DdrCtrl.sv (3274)" representative instance : ddr3_ctl_axi/u_efx_ddr3_soft_controller/genblk1.inst_ddr3_axi/inst_efx_ddr3/dff_734/i35
FF|OPT : Flip-flop optimization by equivalence checking
@ "D:\yilingsi_fpga\Efinity_Project\Ti60F225_OV5640_Face_Reproduction\ip/DdrCtrl\DdrCtrl.sv (3274)" removed instance : ddr3_ctl_axi/u_efx_ddr3_soft_controller/genblk1.inst_ddr3_axi/inst_efx_ddr3/dff_734/i23
@ "D:\yilingsi_fpga\Efinity_Project\Ti60F225_OV5640_Face_Reproduction\ip/DdrCtrl\DdrCtrl.sv (3274)" representative instance : ddr3_ctl_axi/u_efx_ddr3_soft_controller/genblk1.inst_ddr3_axi/inst_efx_ddr3/dff_734/i8
FF|OPT : Flip-flop optimization by equivalence checking
@ "D:\yilingsi_fpga\Efinity_Project\Ti60F225_OV5640_Face_Reproduction\ip/DdrCtrl\DdrCtrl.sv (3274)" removed instance : ddr3_ctl_axi/u_efx_ddr3_soft_controller/genblk1.inst_ddr3_axi/inst_efx_ddr3/dff_734/i24
@ "D:\yilingsi_fpga\Efinity_Project\Ti60F225_OV5640_Face_Reproduction\ip/DdrCtrl\DdrCtrl.sv (3274)" representative instance : ddr3_ctl_axi/u_efx_ddr3_soft_controller/genblk1.inst_ddr3_axi/inst_efx_ddr3/dff_734/i3
FF|OPT : Flip-flop optimization by equivalence checking
@ "D:\yilingsi_fpga\Efinity_Project\Ti60F225_OV5640_Face_Reproduction\ip/DdrCtrl\DdrCtrl.sv (3274)" removed instance : ddr3_ctl_axi/u_efx_ddr3_soft_controller/genblk1.inst_ddr3_axi/inst_efx_ddr3/dff_734/i25
@ "D:\yilingsi_fpga\Efinity_Project\Ti60F225_OV5640_Face_Reproduction\ip/DdrCtrl\DdrCtrl.sv (3274)" representative instance : ddr3_ctl_axi/u_efx_ddr3_soft_controller/genblk1.inst_ddr3_axi/inst_efx_ddr3/dff_734/i85
FF|OPT : Flip-flop optimization by equivalence checking
@ "D:\yilingsi_fpga\Efinity_Project\Ti60F225_OV5640_Face_Reproduction\ip/DdrCtrl\DdrCtrl.sv (3274)" removed instance : ddr3_ctl_axi/u_efx_ddr3_soft_controller/genblk1.inst_ddr3_axi/inst_efx_ddr3/dff_734/i26
@ "D:\yilingsi_fpga\Efinity_Project\Ti60F225_OV5640_Face_Reproduction\ip/DdrCtrl\DdrCtrl.sv (3274)" representative instance : ddr3_ctl_axi/u_efx_ddr3_soft_controller/genblk1.inst_ddr3_axi/inst_efx_ddr3/dff_734/i4
FF|OPT : Flip-flop optimization by equivalence checking
@ "D:\yilingsi_fpga\Efinity_Project\Ti60F225_OV5640_Face_Reproduction\ip/DdrCtrl\DdrCtrl.sv (3274)" removed instance : ddr3_ctl_axi/u_efx_ddr3_soft_controller/genblk1.inst_ddr3_axi/inst_efx_ddr3/dff_734/i27
@ "D:\yilingsi_fpga\Efinity_Project\Ti60F225_OV5640_Face_Reproduction\ip/DdrCtrl\DdrCtrl.sv (3274)" representative instance : ddr3_ctl_axi/u_efx_ddr3_soft_controller/genblk1.inst_ddr3_axi/inst_efx_ddr3/dff_734/i4
FF|OPT : Flip-flop optimization by equivalence checking
@ "D:\yilingsi_fpga\Efinity_Project\Ti60F225_OV5640_Face_Reproduction\ip/DdrCtrl\DdrCtrl.sv (3274)" removed instance : ddr3_ctl_axi/u_efx_ddr3_soft_controller/genblk1.inst_ddr3_axi/inst_efx_ddr3/dff_734/i28
@ "D:\yilingsi_fpga\Efinity_Project\Ti60F225_OV5640_Face_Reproduction\ip/DdrCtrl\DdrCtrl.sv (3274)" representative instance : ddr3_ctl_axi/u_efx_ddr3_soft_controller/genblk1.inst_ddr3_axi/inst_efx_ddr3/dff_734/i1
FF|OPT : Flip-flop optimization by equivalence checking
@ "D:\yilingsi_fpga\Efinity_Project\Ti60F225_OV5640_Face_Reproduction\ip/DdrCtrl\DdrCtrl.sv (3274)" removed instance : ddr3_ctl_axi/u_efx_ddr3_soft_controller/genblk1.inst_ddr3_axi/inst_efx_ddr3/dff_734/i29
@ "D:\yilingsi_fpga\Efinity_Project\Ti60F225_OV5640_Face_Reproduction\ip/DdrCtrl\DdrCtrl.sv (3274)" representative instance : ddr3_ctl_axi/u_efx_ddr3_soft_controller/genblk1.inst_ddr3_axi/inst_efx_ddr3/dff_734/i93
FF|OPT : Flip-flop optimization by equivalence checking
@ "D:\yilingsi_fpga\Efinity_Project\Ti60F225_OV5640_Face_Reproduction\ip/DdrCtrl\DdrCtrl.sv (3274)" removed instance : ddr3_ctl_axi/u_efx_ddr3_soft_controller/genblk1.inst_ddr3_axi/inst_efx_ddr3/dff_734/i30
@ "D:\yilingsi_fpga\Efinity_Project\Ti60F225_OV5640_Face_Reproduction\ip/DdrCtrl\DdrCtrl.sv (3274)" representative instance : ddr3_ctl_axi/u_efx_ddr3_soft_controller/genblk1.inst_ddr3_axi/inst_efx_ddr3/dff_734/i8
FF|OPT : Flip-flop optimization by equivalence checking
@ "D:\yilingsi_fpga\Efinity_Project\Ti60F225_OV5640_Face_Reproduction\ip/DdrCtrl\DdrCtrl.sv (3274)" removed instance : ddr3_ctl_axi/u_efx_ddr3_soft_controller/genblk1.inst_ddr3_axi/inst_efx_ddr3/dff_734/i31
@ "D:\yilingsi_fpga\Efinity_Project\Ti60F225_OV5640_Face_Reproduction\ip/DdrCtrl\DdrCtrl.sv (3274)" representative instance : ddr3_ctl_axi/u_efx_ddr3_soft_controller/genblk1.inst_ddr3_axi/inst_efx_ddr3/dff_734/i35
FF|OPT : Flip-flop optimization by equivalence checking
@ "D:\yilingsi_fpga\Efinity_Project\Ti60F225_OV5640_Face_Reproduction\ip/DdrCtrl\DdrCtrl.sv (3274)" removed instance : ddr3_ctl_axi/u_efx_ddr3_soft_controller/genblk1.inst_ddr3_axi/inst_efx_ddr3/dff_734/i32
@ "D:\yilingsi_fpga\Efinity_Project\Ti60F225_OV5640_Face_Reproduction\ip/DdrCtrl\DdrCtrl.sv (3274)" representative instance : ddr3_ctl_axi/u_efx_ddr3_soft_controller/genblk1.inst_ddr3_axi/inst_efx_ddr3/dff_734/i3
FF|OPT : Flip-flop optimization by equivalence checking
@ "D:\yilingsi_fpga\Efinity_Project\Ti60F225_OV5640_Face_Reproduction\ip/DdrCtrl\DdrCtrl.sv (1460)" removed instance : ddr3_ctl_axi/u_efx_ddr3_soft_controller/genblk1.inst_ddr3_axi/inst_efx_ddr3/top_mc/controller_main/dffrs_2527/i32_rst_0
@ "D:\yilingsi_fpga\Efinity_Project\Ti60F225_OV5640_Face_Reproduction\ip/DdrCtrl\DdrCtrl.sv (1460)" representative instance : ddr3_ctl_axi/u_efx_ddr3_soft_controller/genblk1.inst_ddr3_axi/inst_efx_ddr3/top_mc/controller_main/dffrs_2527/i10_rst_0
FF|OPT : Flip-flop optimization by equivalence checking
@ "D:\yilingsi_fpga\Efinity_Project\Ti60F225_OV5640_Face_Reproduction\ip/DdrCtrl\DdrCtrl.sv (1460)" removed instance : ddr3_ctl_axi/u_efx_ddr3_soft_controller/genblk1.inst_ddr3_axi/inst_efx_ddr3/top_mc/controller_main/dffrs_2527/i32_rst_1
@ "D:\yilingsi_fpga\Efinity_Project\Ti60F225_OV5640_Face_Reproduction\ip/DdrCtrl\DdrCtrl.sv (1460)" representative instance : ddr3_ctl_axi/u_efx_ddr3_soft_controller/genblk1.inst_ddr3_axi/inst_efx_ddr3/top_mc/controller_main/dffrs_2527/i10_rst_1
FF|OPT : Flip-flop optimization by equivalence checking
@ "D:\yilingsi_fpga\Efinity_Project\Ti60F225_OV5640_Face_Reproduction\ip/DdrCtrl\DdrCtrl.sv (1460)" removed instance : ddr3_ctl_axi/u_efx_ddr3_soft_controller/genblk1.inst_ddr3_axi/inst_efx_ddr3/top_mc/controller_main/dffrs_2527/i32_rst_2
@ "D:\yilingsi_fpga\Efinity_Project\Ti60F225_OV5640_Face_Reproduction\ip/DdrCtrl\DdrCtrl.sv (1460)" representative instance : ddr3_ctl_axi/u_efx_ddr3_soft_controller/genblk1.inst_ddr3_axi/inst_efx_ddr3/top_mc/controller_main/dffrs_2527/i10_rst_2
FF|OPT : Flip-flop optimization by equivalence checking
@ "D:\yilingsi_fpga\Efinity_Project\Ti60F225_OV5640_Face_Reproduction\ip/DdrCtrl\DdrCtrl.sv (1460)" removed instance : ddr3_ctl_axi/u_efx_ddr3_soft_controller/genblk1.inst_ddr3_axi/inst_efx_ddr3/top_mc/controller_main/dffrs_2527/i32_rst_3
@ "D:\yilingsi_fpga\Efinity_Project\Ti60F225_OV5640_Face_Reproduction\ip/DdrCtrl\DdrCtrl.sv (1460)" representative instance : ddr3_ctl_axi/u_efx_ddr3_soft_controller/genblk1.inst_ddr3_axi/inst_efx_ddr3/top_mc/controller_main/dffrs_2527/i10_rst_3
FF|OPT : Flip-flop optimization by equivalence checking
@ "D:\yilingsi_fpga\Efinity_Project\Ti60F225_OV5640_Face_Reproduction\ip/DdrCtrl\DdrCtrl.sv (1460)" removed instance : ddr3_ctl_axi/u_efx_ddr3_soft_controller/genblk1.inst_ddr3_axi/inst_efx_ddr3/top_mc/controller_main/dffrs_2527/i31_rst_0
@ "D:\yilingsi_fpga\Efinity_Project\Ti60F225_OV5640_Face_Reproduction\ip/DdrCtrl\DdrCtrl.sv (1460)" representative instance : ddr3_ctl_axi/u_efx_ddr3_soft_controller/genblk1.inst_ddr3_axi/inst_efx_ddr3/top_mc/controller_main/dffrs_2527/i10_rst_0
FF|OPT : Flip-flop optimization by equivalence checking
@ "D:\yilingsi_fpga\Efinity_Project\Ti60F225_OV5640_Face_Reproduction\ip/DdrCtrl\DdrCtrl.sv (1460)" removed instance : ddr3_ctl_axi/u_efx_ddr3_soft_controller/genblk1.inst_ddr3_axi/inst_efx_ddr3/top_mc/controller_main/dffrs_2527/i31_rst_1
@ "D:\yilingsi_fpga\Efinity_Project\Ti60F225_OV5640_Face_Reproduction\ip/DdrCtrl\DdrCtrl.sv (1460)" representative instance : ddr3_ctl_axi/u_efx_ddr3_soft_controller/genblk1.inst_ddr3_axi/inst_efx_ddr3/top_mc/controller_main/dffrs_2527/i10_rst_1
FF|OPT : Flip-flop optimization by equivalence checking
@ "D:\yilingsi_fpga\Efinity_Project\Ti60F225_OV5640_Face_Reproduction\ip/DdrCtrl\DdrCtrl.sv (1460)" removed instance : ddr3_ctl_axi/u_efx_ddr3_soft_controller/genblk1.inst_ddr3_axi/inst_efx_ddr3/top_mc/controller_main/dffrs_2527/i31_rst_2
@ "D:\yilingsi_fpga\Efinity_Project\Ti60F225_OV5640_Face_Reproduction\ip/DdrCtrl\DdrCtrl.sv (1460)" representative instance : ddr3_ctl_axi/u_efx_ddr3_soft_controller/genblk1.inst_ddr3_axi/inst_efx_ddr3/top_mc/controller_main/dffrs_2527/i10_rst_2
FF|OPT : Flip-flop optimization by equivalence checking
@ "D:\yilingsi_fpga\Efinity_Project\Ti60F225_OV5640_Face_Reproduction\ip/DdrCtrl\DdrCtrl.sv (1460)" removed instance : ddr3_ctl_axi/u_efx_ddr3_soft_controller/genblk1.inst_ddr3_axi/inst_efx_ddr3/top_mc/controller_main/dffrs_2527/i31_rst_3
@ "D:\yilingsi_fpga\Efinity_Project\Ti60F225_OV5640_Face_Reproduction\ip/DdrCtrl\DdrCtrl.sv (1460)" representative instance : ddr3_ctl_axi/u_efx_ddr3_soft_controller/genblk1.inst_ddr3_axi/inst_efx_ddr3/top_mc/controller_main/dffrs_2527/i10_rst_3
FF|OPT : Flip-flop optimization by equivalence checking
@ "D:\yilingsi_fpga\Efinity_Project\Ti60F225_OV5640_Face_Reproduction\ip/DdrCtrl\DdrCtrl.sv (1460)" removed instance : ddr3_ctl_axi/u_efx_ddr3_soft_controller/genblk1.inst_ddr3_axi/inst_efx_ddr3/top_mc/controller_main/dffrs_2527/i3_rst_0
@ "D:\yilingsi_fpga\Efinity_Project\Ti60F225_OV5640_Face_Reproduction\ip/DdrCtrl\DdrCtrl.sv (1460)" representative instance : ddr3_ctl_axi/u_efx_ddr3_soft_controller/genblk1.inst_ddr3_axi/inst_efx_ddr3/top_mc/controller_main/dffrs_2527/i10_rst_0
FF|OPT : Flip-flop optimization by equivalence checking
@ "D:\yilingsi_fpga\Efinity_Project\Ti60F225_OV5640_Face_Reproduction\ip/DdrCtrl\DdrCtrl.sv (1460)" removed instance : ddr3_ctl_axi/u_efx_ddr3_soft_controller/genblk1.inst_ddr3_axi/inst_efx_ddr3/top_mc/controller_main/dffrs_2527/i3_rst_1
@ "D:\yilingsi_fpga\Efinity_Project\Ti60F225_OV5640_Face_Reproduction\ip/DdrCtrl\DdrCtrl.sv (1460)" representative instance : ddr3_ctl_axi/u_efx_ddr3_soft_controller/genblk1.inst_ddr3_axi/inst_efx_ddr3/top_mc/controller_main/dffrs_2527/i10_rst_1
FF|OPT : Flip-flop optimization by equivalence checking
@ "D:\yilingsi_fpga\Efinity_Project\Ti60F225_OV5640_Face_Reproduction\ip/DdrCtrl\DdrCtrl.sv (1460)" removed instance : ddr3_ctl_axi/u_efx_ddr3_soft_controller/genblk1.inst_ddr3_axi/inst_efx_ddr3/top_mc/controller_main/dffrs_2527/i3_rst_2
@ "D:\yilingsi_fpga\Efinity_Project\Ti60F225_OV5640_Face_Reproduction\ip/DdrCtrl\DdrCtrl.sv (1460)" representative instance : ddr3_ctl_axi/u_efx_ddr3_soft_controller/genblk1.inst_ddr3_axi/inst_efx_ddr3/top_mc/controller_main/dffrs_2527/i10_rst_2
FF|OPT : Flip-flop optimization by equivalence checking
@ "D:\yilingsi_fpga\Efinity_Project\Ti60F225_OV5640_Face_Reproduction\ip/DdrCtrl\DdrCtrl.sv (1460)" removed instance : ddr3_ctl_axi/u_efx_ddr3_soft_controller/genblk1.inst_ddr3_axi/inst_efx_ddr3/top_mc/controller_main/dffrs_2527/i3_rst_3
@ "D:\yilingsi_fpga\Efinity_Project\Ti60F225_OV5640_Face_Reproduction\ip/DdrCtrl\DdrCtrl.sv (1460)" representative instance : ddr3_ctl_axi/u_efx_ddr3_soft_controller/genblk1.inst_ddr3_axi/inst_efx_ddr3/top_mc/controller_main/dffrs_2527/i10_rst_3
FF|OPT : Flip-flop optimization by equivalence checking
@ "D:\yilingsi_fpga\Efinity_Project\Ti60F225_OV5640_Face_Reproduction\ip/DdrCtrl\DdrCtrl.sv (1460)" removed instance : ddr3_ctl_axi/u_efx_ddr3_soft_controller/genblk1.inst_ddr3_axi/inst_efx_ddr3/top_mc/controller_main/dffrs_2527/i30_rst_0
@ "D:\yilingsi_fpga\Efinity_Project\Ti60F225_OV5640_Face_Reproduction\ip/DdrCtrl\DdrCtrl.sv (1460)" representative instance : ddr3_ctl_axi/u_efx_ddr3_soft_controller/genblk1.inst_ddr3_axi/inst_efx_ddr3/top_mc/controller_main/dffrs_2527/i10_rst_0
FF|OPT : Flip-flop optimization by equivalence checking
@ "D:\yilingsi_fpga\Efinity_Project\Ti60F225_OV5640_Face_Reproduction\ip/DdrCtrl\DdrCtrl.sv (1460)" removed instance : ddr3_ctl_axi/u_efx_ddr3_soft_controller/genblk1.inst_ddr3_axi/inst_efx_ddr3/top_mc/controller_main/dffrs_2527/i30_rst_1
@ "D:\yilingsi_fpga\Efinity_Project\Ti60F225_OV5640_Face_Reproduction\ip/DdrCtrl\DdrCtrl.sv (1460)" representative instance : ddr3_ctl_axi/u_efx_ddr3_soft_controller/genblk1.inst_ddr3_axi/inst_efx_ddr3/top_mc/controller_main/dffrs_2527/i10_rst_1
FF|OPT : Flip-flop optimization by equivalence checking
@ "D:\yilingsi_fpga\Efinity_Project\Ti60F225_OV5640_Face_Reproduction\ip/DdrCtrl\DdrCtrl.sv (1460)" removed instance : ddr3_ctl_axi/u_efx_ddr3_soft_controller/genblk1.inst_ddr3_axi/inst_efx_ddr3/top_mc/controller_main/dffrs_2527/i30_rst_2
@ "D:\yilingsi_fpga\Efinity_Project\Ti60F225_OV5640_Face_Reproduction\ip/DdrCtrl\DdrCtrl.sv (1460)" representative instance : ddr3_ctl_axi/u_efx_ddr3_soft_controller/genblk1.inst_ddr3_axi/inst_efx_ddr3/top_mc/controller_main/dffrs_2527/i10_rst_2
FF|OPT : Flip-flop optimization by equivalence checking
@ "D:\yilingsi_fpga\Efinity_Project\Ti60F225_OV5640_Face_Reproduction\ip/DdrCtrl\DdrCtrl.sv (1460)" removed instance : ddr3_ctl_axi/u_efx_ddr3_soft_controller/genblk1.inst_ddr3_axi/inst_efx_ddr3/top_mc/controller_main/dffrs_2527/i30_rst_3
@ "D:\yilingsi_fpga\Efinity_Project\Ti60F225_OV5640_Face_Reproduction\ip/DdrCtrl\DdrCtrl.sv (1460)" representative instance : ddr3_ctl_axi/u_efx_ddr3_soft_controller/genblk1.inst_ddr3_axi/inst_efx_ddr3/top_mc/controller_main/dffrs_2527/i10_rst_3
FF|OPT : Flip-flop optimization by equivalence checking
@ "D:\yilingsi_fpga\Efinity_Project\Ti60F225_OV5640_Face_Reproduction\ip/DdrCtrl\DdrCtrl.sv (1460)" removed instance : ddr3_ctl_axi/u_efx_ddr3_soft_controller/genblk1.inst_ddr3_axi/inst_efx_ddr3/top_mc/controller_main/dffrs_2527/i29_rst_0
@ "D:\yilingsi_fpga\Efinity_Project\Ti60F225_OV5640_Face_Reproduction\ip/DdrCtrl\DdrCtrl.sv (1460)" representative instance : ddr3_ctl_axi/u_efx_ddr3_soft_controller/genblk1.inst_ddr3_axi/inst_efx_ddr3/top_mc/controller_main/dffrs_2527/i10_rst_0
FF|OPT : Flip-flop optimization by equivalence checking
@ "D:\yilingsi_fpga\Efinity_Project\Ti60F225_OV5640_Face_Reproduction\ip/DdrCtrl\DdrCtrl.sv (1460)" removed instance : ddr3_ctl_axi/u_efx_ddr3_soft_controller/genblk1.inst_ddr3_axi/inst_efx_ddr3/top_mc/controller_main/dffrs_2527/i29_rst_1
@ "D:\yilingsi_fpga\Efinity_Project\Ti60F225_OV5640_Face_Reproduction\ip/DdrCtrl\DdrCtrl.sv (1460)" representative instance : ddr3_ctl_axi/u_efx_ddr3_soft_controller/genblk1.inst_ddr3_axi/inst_efx_ddr3/top_mc/controller_main/dffrs_2527/i10_rst_1
FF|OPT : Flip-flop optimization by equivalence checking
@ "D:\yilingsi_fpga\Efinity_Project\Ti60F225_OV5640_Face_Reproduction\ip/DdrCtrl\DdrCtrl.sv (1460)" removed instance : ddr3_ctl_axi/u_efx_ddr3_soft_controller/genblk1.inst_ddr3_axi/inst_efx_ddr3/top_mc/controller_main/dffrs_2527/i29_rst_2
@ "D:\yilingsi_fpga\Efinity_Project\Ti60F225_OV5640_Face_Reproduction\ip/DdrCtrl\DdrCtrl.sv (1460)" representative instance : ddr3_ctl_axi/u_efx_ddr3_soft_controller/genblk1.inst_ddr3_axi/inst_efx_ddr3/top_mc/controller_main/dffrs_2527/i10_rst_2
FF|OPT : Flip-flop optimization by equivalence checking
@ "D:\yilingsi_fpga\Efinity_Project\Ti60F225_OV5640_Face_Reproduction\ip/DdrCtrl\DdrCtrl.sv (1460)" removed instance : ddr3_ctl_axi/u_efx_ddr3_soft_controller/genblk1.inst_ddr3_axi/inst_efx_ddr3/top_mc/controller_main/dffrs_2527/i29_rst_3
@ "D:\yilingsi_fpga\Efinity_Project\Ti60F225_OV5640_Face_Reproduction\ip/DdrCtrl\DdrCtrl.sv (1460)" representative instance : ddr3_ctl_axi/u_efx_ddr3_soft_controller/genblk1.inst_ddr3_axi/inst_efx_ddr3/top_mc/controller_main/dffrs_2527/i10_rst_3
FF|OPT : Flip-flop optimization by equivalence checking
@ "D:\yilingsi_fpga\Efinity_Project\Ti60F225_OV5640_Face_Reproduction\ip/DdrCtrl\DdrCtrl.sv (1460)" removed instance : ddr3_ctl_axi/u_efx_ddr3_soft_controller/genblk1.inst_ddr3_axi/inst_efx_ddr3/top_mc/controller_main/dffrs_2527/i28_rst_0
@ "D:\yilingsi_fpga\Efinity_Project\Ti60F225_OV5640_Face_Reproduction\ip/DdrCtrl\DdrCtrl.sv (1460)" representative instance : ddr3_ctl_axi/u_efx_ddr3_soft_controller/genblk1.inst_ddr3_axi/inst_efx_ddr3/top_mc/controller_main/dffrs_2527/i10_rst_0
FF|OPT : Flip-flop optimization by equivalence checking
@ "D:\yilingsi_fpga\Efinity_Project\Ti60F225_OV5640_Face_Reproduction\ip/DdrCtrl\DdrCtrl.sv (1460)" removed instance : ddr3_ctl_axi/u_efx_ddr3_soft_controller/genblk1.inst_ddr3_axi/inst_efx_ddr3/top_mc/controller_main/dffrs_2527/i28_rst_1
@ "D:\yilingsi_fpga\Efinity_Project\Ti60F225_OV5640_Face_Reproduction\ip/DdrCtrl\DdrCtrl.sv (1460)" representative instance : ddr3_ctl_axi/u_efx_ddr3_soft_controller/genblk1.inst_ddr3_axi/inst_efx_ddr3/top_mc/controller_main/dffrs_2527/i10_rst_1
FF|OPT : Flip-flop optimization by equivalence checking
@ "D:\yilingsi_fpga\Efinity_Project\Ti60F225_OV5640_Face_Reproduction\ip/DdrCtrl\DdrCtrl.sv (1460)" removed instance : ddr3_ctl_axi/u_efx_ddr3_soft_controller/genblk1.inst_ddr3_axi/inst_efx_ddr3/top_mc/controller_main/dffrs_2527/i28_rst_2
@ "D:\yilingsi_fpga\Efinity_Project\Ti60F225_OV5640_Face_Reproduction\ip/DdrCtrl\DdrCtrl.sv (1460)" representative instance : ddr3_ctl_axi/u_efx_ddr3_soft_controller/genblk1.inst_ddr3_axi/inst_efx_ddr3/top_mc/controller_main/dffrs_2527/i10_rst_2
FF|OPT : Flip-flop optimization by equivalence checking
@ "D:\yilingsi_fpga\Efinity_Project\Ti60F225_OV5640_Face_Reproduction\ip/DdrCtrl\DdrCtrl.sv (1460)" removed instance : ddr3_ctl_axi/u_efx_ddr3_soft_controller/genblk1.inst_ddr3_axi/inst_efx_ddr3/top_mc/controller_main/dffrs_2527/i28_rst_3
@ "D:\yilingsi_fpga\Efinity_Project\Ti60F225_OV5640_Face_Reproduction\ip/DdrCtrl\DdrCtrl.sv (1460)" representative instance : ddr3_ctl_axi/u_efx_ddr3_soft_controller/genblk1.inst_ddr3_axi/inst_efx_ddr3/top_mc/controller_main/dffrs_2527/i10_rst_3
FF|OPT : Flip-flop optimization by equivalence checking
@ "D:\yilingsi_fpga\Efinity_Project\Ti60F225_OV5640_Face_Reproduction\ip/DdrCtrl\DdrCtrl.sv (1460)" removed instance : ddr3_ctl_axi/u_efx_ddr3_soft_controller/genblk1.inst_ddr3_axi/inst_efx_ddr3/top_mc/controller_main/dffrs_2527/i27_rst_0
@ "D:\yilingsi_fpga\Efinity_Project\Ti60F225_OV5640_Face_Reproduction\ip/DdrCtrl\DdrCtrl.sv (1460)" representative instance : ddr3_ctl_axi/u_efx_ddr3_soft_controller/genblk1.inst_ddr3_axi/inst_efx_ddr3/top_mc/controller_main/dffrs_2527/i10_rst_0
FF|OPT : Flip-flop optimization by equivalence checking
@ "D:\yilingsi_fpga\Efinity_Project\Ti60F225_OV5640_Face_Reproduction\ip/DdrCtrl\DdrCtrl.sv (1460)" removed instance : ddr3_ctl_axi/u_efx_ddr3_soft_controller/genblk1.inst_ddr3_axi/inst_efx_ddr3/top_mc/controller_main/dffrs_2527/i27_rst_1
@ "D:\yilingsi_fpga\Efinity_Project\Ti60F225_OV5640_Face_Reproduction\ip/DdrCtrl\DdrCtrl.sv (1460)" representative instance : ddr3_ctl_axi/u_efx_ddr3_soft_controller/genblk1.inst_ddr3_axi/inst_efx_ddr3/top_mc/controller_main/dffrs_2527/i10_rst_1
FF|OPT : Flip-flop optimization by equivalence checking
@ "D:\yilingsi_fpga\Efinity_Project\Ti60F225_OV5640_Face_Reproduction\ip/DdrCtrl\DdrCtrl.sv (1460)" removed instance : ddr3_ctl_axi/u_efx_ddr3_soft_controller/genblk1.inst_ddr3_axi/inst_efx_ddr3/top_mc/controller_main/dffrs_2527/i27_rst_2
@ "D:\yilingsi_fpga\Efinity_Project\Ti60F225_OV5640_Face_Reproduction\ip/DdrCtrl\DdrCtrl.sv (1460)" representative instance : ddr3_ctl_axi/u_efx_ddr3_soft_controller/genblk1.inst_ddr3_axi/inst_efx_ddr3/top_mc/controller_main/dffrs_2527/i10_rst_2
FF|OPT : Flip-flop optimization by equivalence checking
@ "D:\yilingsi_fpga\Efinity_Project\Ti60F225_OV5640_Face_Reproduction\ip/DdrCtrl\DdrCtrl.sv (1460)" removed instance : ddr3_ctl_axi/u_efx_ddr3_soft_controller/genblk1.inst_ddr3_axi/inst_efx_ddr3/top_mc/controller_main/dffrs_2527/i27_rst_3
@ "D:\yilingsi_fpga\Efinity_Project\Ti60F225_OV5640_Face_Reproduction\ip/DdrCtrl\DdrCtrl.sv (1460)" representative instance : ddr3_ctl_axi/u_efx_ddr3_soft_controller/genblk1.inst_ddr3_axi/inst_efx_ddr3/top_mc/controller_main/dffrs_2527/i10_rst_3
FF|OPT : Flip-flop optimization by equivalence checking
@ "D:\yilingsi_fpga\Efinity_Project\Ti60F225_OV5640_Face_Reproduction\ip/DdrCtrl\DdrCtrl.sv (1460)" removed instance : ddr3_ctl_axi/u_efx_ddr3_soft_controller/genblk1.inst_ddr3_axi/inst_efx_ddr3/top_mc/controller_main/dffrs_2527/i26_rst_0
@ "D:\yilingsi_fpga\Efinity_Project\Ti60F225_OV5640_Face_Reproduction\ip/DdrCtrl\DdrCtrl.sv (1460)" representative instance : ddr3_ctl_axi/u_efx_ddr3_soft_controller/genblk1.inst_ddr3_axi/inst_efx_ddr3/top_mc/controller_main/dffrs_2527/i10_rst_0
FF|OPT : Flip-flop optimization by equivalence checking
@ "D:\yilingsi_fpga\Efinity_Project\Ti60F225_OV5640_Face_Reproduction\ip/DdrCtrl\DdrCtrl.sv (1460)" removed instance : ddr3_ctl_axi/u_efx_ddr3_soft_controller/genblk1.inst_ddr3_axi/inst_efx_ddr3/top_mc/controller_main/dffrs_2527/i26_rst_1
@ "D:\yilingsi_fpga\Efinity_Project\Ti60F225_OV5640_Face_Reproduction\ip/DdrCtrl\DdrCtrl.sv (1460)" representative instance : ddr3_ctl_axi/u_efx_ddr3_soft_controller/genblk1.inst_ddr3_axi/inst_efx_ddr3/top_mc/controller_main/dffrs_2527/i10_rst_1
FF|OPT : Flip-flop optimization by equivalence checking
@ "D:\yilingsi_fpga\Efinity_Project\Ti60F225_OV5640_Face_Reproduction\ip/DdrCtrl\DdrCtrl.sv (1460)" removed instance : ddr3_ctl_axi/u_efx_ddr3_soft_controller/genblk1.inst_ddr3_axi/inst_efx_ddr3/top_mc/controller_main/dffrs_2527/i26_rst_2
@ "D:\yilingsi_fpga\Efinity_Project\Ti60F225_OV5640_Face_Reproduction\ip/DdrCtrl\DdrCtrl.sv (1460)" representative instance : ddr3_ctl_axi/u_efx_ddr3_soft_controller/genblk1.inst_ddr3_axi/inst_efx_ddr3/top_mc/controller_main/dffrs_2527/i10_rst_2
FF|OPT : Flip-flop optimization by equivalence checking
@ "D:\yilingsi_fpga\Efinity_Project\Ti60F225_OV5640_Face_Reproduction\ip/DdrCtrl\DdrCtrl.sv (1460)" removed instance : ddr3_ctl_axi/u_efx_ddr3_soft_controller/genblk1.inst_ddr3_axi/inst_efx_ddr3/top_mc/controller_main/dffrs_2527/i26_rst_3
@ "D:\yilingsi_fpga\Efinity_Project\Ti60F225_OV5640_Face_Reproduction\ip/DdrCtrl\DdrCtrl.sv (1460)" representative instance : ddr3_ctl_axi/u_efx_ddr3_soft_controller/genblk1.inst_ddr3_axi/inst_efx_ddr3/top_mc/controller_main/dffrs_2527/i10_rst_3
FF|OPT : Flip-flop optimization by equivalence checking
@ "D:\yilingsi_fpga\Efinity_Project\Ti60F225_OV5640_Face_Reproduction\ip/DdrCtrl\DdrCtrl.sv (1460)" removed instance : ddr3_ctl_axi/u_efx_ddr3_soft_controller/genblk1.inst_ddr3_axi/inst_efx_ddr3/top_mc/controller_main/dffrs_2527/i25_rst_0
@ "D:\yilingsi_fpga\Efinity_Project\Ti60F225_OV5640_Face_Reproduction\ip/DdrCtrl\DdrCtrl.sv (1460)" representative instance : ddr3_ctl_axi/u_efx_ddr3_soft_controller/genblk1.inst_ddr3_axi/inst_efx_ddr3/top_mc/controller_main/dffrs_2527/i10_rst_0
FF|OPT : Flip-flop optimization by equivalence checking
@ "D:\yilingsi_fpga\Efinity_Project\Ti60F225_OV5640_Face_Reproduction\ip/DdrCtrl\DdrCtrl.sv (1460)" removed instance : ddr3_ctl_axi/u_efx_ddr3_soft_controller/genblk1.inst_ddr3_axi/inst_efx_ddr3/top_mc/controller_main/dffrs_2527/i25_rst_1
@ "D:\yilingsi_fpga\Efinity_Project\Ti60F225_OV5640_Face_Reproduction\ip/DdrCtrl\DdrCtrl.sv (1460)" representative instance : ddr3_ctl_axi/u_efx_ddr3_soft_controller/genblk1.inst_ddr3_axi/inst_efx_ddr3/top_mc/controller_main/dffrs_2527/i10_rst_1
FF|OPT : Flip-flop optimization by equivalence checking
@ "D:\yilingsi_fpga\Efinity_Project\Ti60F225_OV5640_Face_Reproduction\ip/DdrCtrl\DdrCtrl.sv (1460)" removed instance : ddr3_ctl_axi/u_efx_ddr3_soft_controller/genblk1.inst_ddr3_axi/inst_efx_ddr3/top_mc/controller_main/dffrs_2527/i25_rst_2
@ "D:\yilingsi_fpga\Efinity_Project\Ti60F225_OV5640_Face_Reproduction\ip/DdrCtrl\DdrCtrl.sv (1460)" representative instance : ddr3_ctl_axi/u_efx_ddr3_soft_controller/genblk1.inst_ddr3_axi/inst_efx_ddr3/top_mc/controller_main/dffrs_2527/i10_rst_2
FF|OPT : Flip-flop optimization by equivalence checking
@ "D:\yilingsi_fpga\Efinity_Project\Ti60F225_OV5640_Face_Reproduction\ip/DdrCtrl\DdrCtrl.sv (1460)" removed instance : ddr3_ctl_axi/u_efx_ddr3_soft_controller/genblk1.inst_ddr3_axi/inst_efx_ddr3/top_mc/controller_main/dffrs_2527/i25_rst_3
@ "D:\yilingsi_fpga\Efinity_Project\Ti60F225_OV5640_Face_Reproduction\ip/DdrCtrl\DdrCtrl.sv (1460)" representative instance : ddr3_ctl_axi/u_efx_ddr3_soft_controller/genblk1.inst_ddr3_axi/inst_efx_ddr3/top_mc/controller_main/dffrs_2527/i10_rst_3
FF|OPT : Flip-flop optimization by equivalence checking
@ "D:\yilingsi_fpga\Efinity_Project\Ti60F225_OV5640_Face_Reproduction\ip/DdrCtrl\DdrCtrl.sv (1460)" removed instance : ddr3_ctl_axi/u_efx_ddr3_soft_controller/genblk1.inst_ddr3_axi/inst_efx_ddr3/top_mc/controller_main/dffrs_2527/i24_rst_0
@ "D:\yilingsi_fpga\Efinity_Project\Ti60F225_OV5640_Face_Reproduction\ip/DdrCtrl\DdrCtrl.sv (1460)" representative instance : ddr3_ctl_axi/u_efx_ddr3_soft_controller/genblk1.inst_ddr3_axi/inst_efx_ddr3/top_mc/controller_main/dffrs_2527/i10_rst_0
FF|OPT : Flip-flop optimization by equivalence checking
@ "D:\yilingsi_fpga\Efinity_Project\Ti60F225_OV5640_Face_Reproduction\ip/DdrCtrl\DdrCtrl.sv (1460)" removed instance : ddr3_ctl_axi/u_efx_ddr3_soft_controller/genblk1.inst_ddr3_axi/inst_efx_ddr3/top_mc/controller_main/dffrs_2527/i24_rst_1
@ "D:\yilingsi_fpga\Efinity_Project\Ti60F225_OV5640_Face_Reproduction\ip/DdrCtrl\DdrCtrl.sv (1460)" representative instance : ddr3_ctl_axi/u_efx_ddr3_soft_controller/genblk1.inst_ddr3_axi/inst_efx_ddr3/top_mc/controller_main/dffrs_2527/i10_rst_1
FF|OPT : Flip-flop optimization by equivalence checking
@ "D:\yilingsi_fpga\Efinity_Project\Ti60F225_OV5640_Face_Reproduction\ip/DdrCtrl\DdrCtrl.sv (1460)" removed instance : ddr3_ctl_axi/u_efx_ddr3_soft_controller/genblk1.inst_ddr3_axi/inst_efx_ddr3/top_mc/controller_main/dffrs_2527/i24_rst_2
@ "D:\yilingsi_fpga\Efinity_Project\Ti60F225_OV5640_Face_Reproduction\ip/DdrCtrl\DdrCtrl.sv (1460)" representative instance : ddr3_ctl_axi/u_efx_ddr3_soft_controller/genblk1.inst_ddr3_axi/inst_efx_ddr3/top_mc/controller_main/dffrs_2527/i10_rst_2
FF|OPT : Flip-flop optimization by equivalence checking
@ "D:\yilingsi_fpga\Efinity_Project\Ti60F225_OV5640_Face_Reproduction\ip/DdrCtrl\DdrCtrl.sv (1460)" removed instance : ddr3_ctl_axi/u_efx_ddr3_soft_controller/genblk1.inst_ddr3_axi/inst_efx_ddr3/top_mc/controller_main/dffrs_2527/i24_rst_3
@ "D:\yilingsi_fpga\Efinity_Project\Ti60F225_OV5640_Face_Reproduction\ip/DdrCtrl\DdrCtrl.sv (1460)" representative instance : ddr3_ctl_axi/u_efx_ddr3_soft_controller/genblk1.inst_ddr3_axi/inst_efx_ddr3/top_mc/controller_main/dffrs_2527/i10_rst_3
FF|OPT : Flip-flop optimization by equivalence checking
@ "D:\yilingsi_fpga\Efinity_Project\Ti60F225_OV5640_Face_Reproduction\ip/DdrCtrl\DdrCtrl.sv (1460)" removed instance : ddr3_ctl_axi/u_efx_ddr3_soft_controller/genblk1.inst_ddr3_axi/inst_efx_ddr3/top_mc/controller_main/dffrs_2527/i23_rst_0
@ "D:\yilingsi_fpga\Efinity_Project\Ti60F225_OV5640_Face_Reproduction\ip/DdrCtrl\DdrCtrl.sv (1460)" representative instance : ddr3_ctl_axi/u_efx_ddr3_soft_controller/genblk1.inst_ddr3_axi/inst_efx_ddr3/top_mc/controller_main/dffrs_2527/i10_rst_0
FF|OPT : Flip-flop optimization by equivalence checking
@ "D:\yilingsi_fpga\Efinity_Project\Ti60F225_OV5640_Face_Reproduction\ip/DdrCtrl\DdrCtrl.sv (1460)" removed instance : ddr3_ctl_axi/u_efx_ddr3_soft_controller/genblk1.inst_ddr3_axi/inst_efx_ddr3/top_mc/controller_main/dffrs_2527/i23_rst_1
@ "D:\yilingsi_fpga\Efinity_Project\Ti60F225_OV5640_Face_Reproduction\ip/DdrCtrl\DdrCtrl.sv (1460)" representative instance : ddr3_ctl_axi/u_efx_ddr3_soft_controller/genblk1.inst_ddr3_axi/inst_efx_ddr3/top_mc/controller_main/dffrs_2527/i10_rst_1
FF|OPT : Flip-flop optimization by equivalence checking
@ "D:\yilingsi_fpga\Efinity_Project\Ti60F225_OV5640_Face_Reproduction\ip/DdrCtrl\DdrCtrl.sv (1460)" removed instance : ddr3_ctl_axi/u_efx_ddr3_soft_controller/genblk1.inst_ddr3_axi/inst_efx_ddr3/top_mc/controller_main/dffrs_2527/i23_rst_2
@ "D:\yilingsi_fpga\Efinity_Project\Ti60F225_OV5640_Face_Reproduction\ip/DdrCtrl\DdrCtrl.sv (1460)" representative instance : ddr3_ctl_axi/u_efx_ddr3_soft_controller/genblk1.inst_ddr3_axi/inst_efx_ddr3/top_mc/controller_main/dffrs_2527/i10_rst_2
FF|OPT : Flip-flop optimization by equivalence checking
@ "D:\yilingsi_fpga\Efinity_Project\Ti60F225_OV5640_Face_Reproduction\ip/DdrCtrl\DdrCtrl.sv (1460)" removed instance : ddr3_ctl_axi/u_efx_ddr3_soft_controller/genblk1.inst_ddr3_axi/inst_efx_ddr3/top_mc/controller_main/dffrs_2527/i23_rst_3
@ "D:\yilingsi_fpga\Efinity_Project\Ti60F225_OV5640_Face_Reproduction\ip/DdrCtrl\DdrCtrl.sv (1460)" representative instance : ddr3_ctl_axi/u_efx_ddr3_soft_controller/genblk1.inst_ddr3_axi/inst_efx_ddr3/top_mc/controller_main/dffrs_2527/i10_rst_3
FF|OPT : Flip-flop optimization by equivalence checking
@ "D:\yilingsi_fpga\Efinity_Project\Ti60F225_OV5640_Face_Reproduction\ip/DdrCtrl\DdrCtrl.sv (1460)" removed instance : ddr3_ctl_axi/u_efx_ddr3_soft_controller/genblk1.inst_ddr3_axi/inst_efx_ddr3/top_mc/controller_main/dffrs_2527/i22_rst_0
@ "D:\yilingsi_fpga\Efinity_Project\Ti60F225_OV5640_Face_Reproduction\ip/DdrCtrl\DdrCtrl.sv (1460)" representative instance : ddr3_ctl_axi/u_efx_ddr3_soft_controller/genblk1.inst_ddr3_axi/inst_efx_ddr3/top_mc/controller_main/dffrs_2527/i10_rst_0
FF|OPT : Flip-flop optimization by equivalence checking
@ "D:\yilingsi_fpga\Efinity_Project\Ti60F225_OV5640_Face_Reproduction\ip/DdrCtrl\DdrCtrl.sv (1460)" removed instance : ddr3_ctl_axi/u_efx_ddr3_soft_controller/genblk1.inst_ddr3_axi/inst_efx_ddr3/top_mc/controller_main/dffrs_2527/i22_rst_1
@ "D:\yilingsi_fpga\Efinity_Project\Ti60F225_OV5640_Face_Reproduction\ip/DdrCtrl\DdrCtrl.sv (1460)" representative instance : ddr3_ctl_axi/u_efx_ddr3_soft_controller/genblk1.inst_ddr3_axi/inst_efx_ddr3/top_mc/controller_main/dffrs_2527/i10_rst_1
FF|OPT : Flip-flop optimization by equivalence checking
@ "D:\yilingsi_fpga\Efinity_Project\Ti60F225_OV5640_Face_Reproduction\ip/DdrCtrl\DdrCtrl.sv (1460)" removed instance : ddr3_ctl_axi/u_efx_ddr3_soft_controller/genblk1.inst_ddr3_axi/inst_efx_ddr3/top_mc/controller_main/dffrs_2527/i22_rst_2
@ "D:\yilingsi_fpga\Efinity_Project\Ti60F225_OV5640_Face_Reproduction\ip/DdrCtrl\DdrCtrl.sv (1460)" representative instance : ddr3_ctl_axi/u_efx_ddr3_soft_controller/genblk1.inst_ddr3_axi/inst_efx_ddr3/top_mc/controller_main/dffrs_2527/i10_rst_2
FF|OPT : Flip-flop optimization by equivalence checking
@ "D:\yilingsi_fpga\Efinity_Project\Ti60F225_OV5640_Face_Reproduction\ip/DdrCtrl\DdrCtrl.sv (1460)" removed instance : ddr3_ctl_axi/u_efx_ddr3_soft_controller/genblk1.inst_ddr3_axi/inst_efx_ddr3/top_mc/controller_main/dffrs_2527/i22_rst_3
@ "D:\yilingsi_fpga\Efinity_Project\Ti60F225_OV5640_Face_Reproduction\ip/DdrCtrl\DdrCtrl.sv (1460)" representative instance : ddr3_ctl_axi/u_efx_ddr3_soft_controller/genblk1.inst_ddr3_axi/inst_efx_ddr3/top_mc/controller_main/dffrs_2527/i10_rst_3
FF|OPT : Flip-flop optimization by equivalence checking
@ "D:\yilingsi_fpga\Efinity_Project\Ti60F225_OV5640_Face_Reproduction\ip/DdrCtrl\DdrCtrl.sv (1460)" removed instance : ddr3_ctl_axi/u_efx_ddr3_soft_controller/genblk1.inst_ddr3_axi/inst_efx_ddr3/top_mc/controller_main/dffrs_2527/i21_rst_0
@ "D:\yilingsi_fpga\Efinity_Project\Ti60F225_OV5640_Face_Reproduction\ip/DdrCtrl\DdrCtrl.sv (1460)" representative instance : ddr3_ctl_axi/u_efx_ddr3_soft_controller/genblk1.inst_ddr3_axi/inst_efx_ddr3/top_mc/controller_main/dffrs_2527/i10_rst_0
FF|OPT : Flip-flop optimization by equivalence checking
@ "D:\yilingsi_fpga\Efinity_Project\Ti60F225_OV5640_Face_Reproduction\ip/DdrCtrl\DdrCtrl.sv (1460)" removed instance : ddr3_ctl_axi/u_efx_ddr3_soft_controller/genblk1.inst_ddr3_axi/inst_efx_ddr3/top_mc/controller_main/dffrs_2527/i21_rst_1
@ "D:\yilingsi_fpga\Efinity_Project\Ti60F225_OV5640_Face_Reproduction\ip/DdrCtrl\DdrCtrl.sv (1460)" representative instance : ddr3_ctl_axi/u_efx_ddr3_soft_controller/genblk1.inst_ddr3_axi/inst_efx_ddr3/top_mc/controller_main/dffrs_2527/i10_rst_1
FF|OPT : Flip-flop optimization by equivalence checking
@ "D:\yilingsi_fpga\Efinity_Project\Ti60F225_OV5640_Face_Reproduction\ip/DdrCtrl\DdrCtrl.sv (1460)" removed instance : ddr3_ctl_axi/u_efx_ddr3_soft_controller/genblk1.inst_ddr3_axi/inst_efx_ddr3/top_mc/controller_main/dffrs_2527/i21_rst_2
@ "D:\yilingsi_fpga\Efinity_Project\Ti60F225_OV5640_Face_Reproduction\ip/DdrCtrl\DdrCtrl.sv (1460)" representative instance : ddr3_ctl_axi/u_efx_ddr3_soft_controller/genblk1.inst_ddr3_axi/inst_efx_ddr3/top_mc/controller_main/dffrs_2527/i10_rst_2
FF|OPT : Flip-flop optimization by equivalence checking
@ "D:\yilingsi_fpga\Efinity_Project\Ti60F225_OV5640_Face_Reproduction\ip/DdrCtrl\DdrCtrl.sv (1460)" removed instance : ddr3_ctl_axi/u_efx_ddr3_soft_controller/genblk1.inst_ddr3_axi/inst_efx_ddr3/top_mc/controller_main/dffrs_2527/i21_rst_3
@ "D:\yilingsi_fpga\Efinity_Project\Ti60F225_OV5640_Face_Reproduction\ip/DdrCtrl\DdrCtrl.sv (1460)" representative instance : ddr3_ctl_axi/u_efx_ddr3_soft_controller/genblk1.inst_ddr3_axi/inst_efx_ddr3/top_mc/controller_main/dffrs_2527/i10_rst_3
FF|OPT : Flip-flop optimization by equivalence checking
@ "D:\yilingsi_fpga\Efinity_Project\Ti60F225_OV5640_Face_Reproduction\ip/DdrCtrl\DdrCtrl.sv (1460)" removed instance : ddr3_ctl_axi/u_efx_ddr3_soft_controller/genblk1.inst_ddr3_axi/inst_efx_ddr3/top_mc/controller_main/dffrs_2527/i2_rst_0
@ "D:\yilingsi_fpga\Efinity_Project\Ti60F225_OV5640_Face_Reproduction\ip/DdrCtrl\DdrCtrl.sv (1460)" representative instance : ddr3_ctl_axi/u_efx_ddr3_soft_controller/genblk1.inst_ddr3_axi/inst_efx_ddr3/top_mc/controller_main/dffrs_2527/i10_rst_0
FF|OPT : Flip-flop optimization by equivalence checking
@ "D:\yilingsi_fpga\Efinity_Project\Ti60F225_OV5640_Face_Reproduction\ip/DdrCtrl\DdrCtrl.sv (1460)" removed instance : ddr3_ctl_axi/u_efx_ddr3_soft_controller/genblk1.inst_ddr3_axi/inst_efx_ddr3/top_mc/controller_main/dffrs_2527/i2_rst_1
@ "D:\yilingsi_fpga\Efinity_Project\Ti60F225_OV5640_Face_Reproduction\ip/DdrCtrl\DdrCtrl.sv (1460)" representative instance : ddr3_ctl_axi/u_efx_ddr3_soft_controller/genblk1.inst_ddr3_axi/inst_efx_ddr3/top_mc/controller_main/dffrs_2527/i10_rst_1
FF|OPT : Flip-flop optimization by equivalence checking
@ "D:\yilingsi_fpga\Efinity_Project\Ti60F225_OV5640_Face_Reproduction\ip/DdrCtrl\DdrCtrl.sv (1460)" removed instance : ddr3_ctl_axi/u_efx_ddr3_soft_controller/genblk1.inst_ddr3_axi/inst_efx_ddr3/top_mc/controller_main/dffrs_2527/i2_rst_2
@ "D:\yilingsi_fpga\Efinity_Project\Ti60F225_OV5640_Face_Reproduction\ip/DdrCtrl\DdrCtrl.sv (1460)" representative instance : ddr3_ctl_axi/u_efx_ddr3_soft_controller/genblk1.inst_ddr3_axi/inst_efx_ddr3/top_mc/controller_main/dffrs_2527/i10_rst_2
FF|OPT : Flip-flop optimization by equivalence checking
@ "D:\yilingsi_fpga\Efinity_Project\Ti60F225_OV5640_Face_Reproduction\ip/DdrCtrl\DdrCtrl.sv (1460)" removed instance : ddr3_ctl_axi/u_efx_ddr3_soft_controller/genblk1.inst_ddr3_axi/inst_efx_ddr3/top_mc/controller_main/dffrs_2527/i2_rst_3
@ "D:\yilingsi_fpga\Efinity_Project\Ti60F225_OV5640_Face_Reproduction\ip/DdrCtrl\DdrCtrl.sv (1460)" representative instance : ddr3_ctl_axi/u_efx_ddr3_soft_controller/genblk1.inst_ddr3_axi/inst_efx_ddr3/top_mc/controller_main/dffrs_2527/i10_rst_3
FF|OPT : Flip-flop optimization by equivalence checking
@ "D:\yilingsi_fpga\Efinity_Project\Ti60F225_OV5640_Face_Reproduction\ip/DdrCtrl\DdrCtrl.sv (1460)" removed instance : ddr3_ctl_axi/u_efx_ddr3_soft_controller/genblk1.inst_ddr3_axi/inst_efx_ddr3/top_mc/controller_main/dffrs_2527/i20_rst_0
@ "D:\yilingsi_fpga\Efinity_Project\Ti60F225_OV5640_Face_Reproduction\ip/DdrCtrl\DdrCtrl.sv (1460)" representative instance : ddr3_ctl_axi/u_efx_ddr3_soft_controller/genblk1.inst_ddr3_axi/inst_efx_ddr3/top_mc/controller_main/dffrs_2527/i10_rst_0
FF|OPT : Flip-flop optimization by equivalence checking
@ "D:\yilingsi_fpga\Efinity_Project\Ti60F225_OV5640_Face_Reproduction\ip/DdrCtrl\DdrCtrl.sv (1460)" removed instance : ddr3_ctl_axi/u_efx_ddr3_soft_controller/genblk1.inst_ddr3_axi/inst_efx_ddr3/top_mc/controller_main/dffrs_2527/i20_rst_1
@ "D:\yilingsi_fpga\Efinity_Project\Ti60F225_OV5640_Face_Reproduction\ip/DdrCtrl\DdrCtrl.sv (1460)" representative instance : ddr3_ctl_axi/u_efx_ddr3_soft_controller/genblk1.inst_ddr3_axi/inst_efx_ddr3/top_mc/controller_main/dffrs_2527/i10_rst_1
FF|OPT : Flip-flop optimization by equivalence checking
@ "D:\yilingsi_fpga\Efinity_Project\Ti60F225_OV5640_Face_Reproduction\ip/DdrCtrl\DdrCtrl.sv (1460)" removed instance : ddr3_ctl_axi/u_efx_ddr3_soft_controller/genblk1.inst_ddr3_axi/inst_efx_ddr3/top_mc/controller_main/dffrs_2527/i20_rst_2
@ "D:\yilingsi_fpga\Efinity_Project\Ti60F225_OV5640_Face_Reproduction\ip/DdrCtrl\DdrCtrl.sv (1460)" representative instance : ddr3_ctl_axi/u_efx_ddr3_soft_controller/genblk1.inst_ddr3_axi/inst_efx_ddr3/top_mc/controller_main/dffrs_2527/i10_rst_2
FF|OPT : Flip-flop optimization by equivalence checking
@ "D:\yilingsi_fpga\Efinity_Project\Ti60F225_OV5640_Face_Reproduction\ip/DdrCtrl\DdrCtrl.sv (1460)" removed instance : ddr3_ctl_axi/u_efx_ddr3_soft_controller/genblk1.inst_ddr3_axi/inst_efx_ddr3/top_mc/controller_main/dffrs_2527/i20_rst_3
@ "D:\yilingsi_fpga\Efinity_Project\Ti60F225_OV5640_Face_Reproduction\ip/DdrCtrl\DdrCtrl.sv (1460)" representative instance : ddr3_ctl_axi/u_efx_ddr3_soft_controller/genblk1.inst_ddr3_axi/inst_efx_ddr3/top_mc/controller_main/dffrs_2527/i10_rst_3
FF|OPT : Flip-flop optimization by equivalence checking
@ "D:\yilingsi_fpga\Efinity_Project\Ti60F225_OV5640_Face_Reproduction\ip/DdrCtrl\DdrCtrl.sv (1460)" removed instance : ddr3_ctl_axi/u_efx_ddr3_soft_controller/genblk1.inst_ddr3_axi/inst_efx_ddr3/top_mc/controller_main/dffrs_2527/i19_rst_0
@ "D:\yilingsi_fpga\Efinity_Project\Ti60F225_OV5640_Face_Reproduction\ip/DdrCtrl\DdrCtrl.sv (1460)" representative instance : ddr3_ctl_axi/u_efx_ddr3_soft_controller/genblk1.inst_ddr3_axi/inst_efx_ddr3/top_mc/controller_main/dffrs_2527/i10_rst_0
FF|OPT : Flip-flop optimization by equivalence checking
@ "D:\yilingsi_fpga\Efinity_Project\Ti60F225_OV5640_Face_Reproduction\ip/DdrCtrl\DdrCtrl.sv (1460)" removed instance : ddr3_ctl_axi/u_efx_ddr3_soft_controller/genblk1.inst_ddr3_axi/inst_efx_ddr3/top_mc/controller_main/dffrs_2527/i19_rst_1
@ "D:\yilingsi_fpga\Efinity_Project\Ti60F225_OV5640_Face_Reproduction\ip/DdrCtrl\DdrCtrl.sv (1460)" representative instance : ddr3_ctl_axi/u_efx_ddr3_soft_controller/genblk1.inst_ddr3_axi/inst_efx_ddr3/top_mc/controller_main/dffrs_2527/i10_rst_1
FF|OPT : Flip-flop optimization by equivalence checking
@ "D:\yilingsi_fpga\Efinity_Project\Ti60F225_OV5640_Face_Reproduction\ip/DdrCtrl\DdrCtrl.sv (1460)" removed instance : ddr3_ctl_axi/u_efx_ddr3_soft_controller/genblk1.inst_ddr3_axi/inst_efx_ddr3/top_mc/controller_main/dffrs_2527/i19_rst_2
@ "D:\yilingsi_fpga\Efinity_Project\Ti60F225_OV5640_Face_Reproduction\ip/DdrCtrl\DdrCtrl.sv (1460)" representative instance : ddr3_ctl_axi/u_efx_ddr3_soft_controller/genblk1.inst_ddr3_axi/inst_efx_ddr3/top_mc/controller_main/dffrs_2527/i10_rst_2
FF|OPT : Flip-flop optimization by equivalence checking
@ "D:\yilingsi_fpga\Efinity_Project\Ti60F225_OV5640_Face_Reproduction\ip/DdrCtrl\DdrCtrl.sv (1460)" removed instance : ddr3_ctl_axi/u_efx_ddr3_soft_controller/genblk1.inst_ddr3_axi/inst_efx_ddr3/top_mc/controller_main/dffrs_2527/i19_rst_3
@ "D:\yilingsi_fpga\Efinity_Project\Ti60F225_OV5640_Face_Reproduction\ip/DdrCtrl\DdrCtrl.sv (1460)" representative instance : ddr3_ctl_axi/u_efx_ddr3_soft_controller/genblk1.inst_ddr3_axi/inst_efx_ddr3/top_mc/controller_main/dffrs_2527/i10_rst_3
FF|OPT : Flip-flop optimization by equivalence checking
@ "D:\yilingsi_fpga\Efinity_Project\Ti60F225_OV5640_Face_Reproduction\ip/DdrCtrl\DdrCtrl.sv (1460)" removed instance : ddr3_ctl_axi/u_efx_ddr3_soft_controller/genblk1.inst_ddr3_axi/inst_efx_ddr3/top_mc/controller_main/dffrs_2527/i18_rst_0
@ "D:\yilingsi_fpga\Efinity_Project\Ti60F225_OV5640_Face_Reproduction\ip/DdrCtrl\DdrCtrl.sv (1460)" representative instance : ddr3_ctl_axi/u_efx_ddr3_soft_controller/genblk1.inst_ddr3_axi/inst_efx_ddr3/top_mc/controller_main/dffrs_2527/i10_rst_0
FF|OPT : Flip-flop optimization by equivalence checking
@ "D:\yilingsi_fpga\Efinity_Project\Ti60F225_OV5640_Face_Reproduction\ip/DdrCtrl\DdrCtrl.sv (1460)" removed instance : ddr3_ctl_axi/u_efx_ddr3_soft_controller/genblk1.inst_ddr3_axi/inst_efx_ddr3/top_mc/controller_main/dffrs_2527/i18_rst_1
@ "D:\yilingsi_fpga\Efinity_Project\Ti60F225_OV5640_Face_Reproduction\ip/DdrCtrl\DdrCtrl.sv (1460)" representative instance : ddr3_ctl_axi/u_efx_ddr3_soft_controller/genblk1.inst_ddr3_axi/inst_efx_ddr3/top_mc/controller_main/dffrs_2527/i10_rst_1
FF|OPT : Flip-flop optimization by equivalence checking
@ "D:\yilingsi_fpga\Efinity_Project\Ti60F225_OV5640_Face_Reproduction\ip/DdrCtrl\DdrCtrl.sv (1460)" removed instance : ddr3_ctl_axi/u_efx_ddr3_soft_controller/genblk1.inst_ddr3_axi/inst_efx_ddr3/top_mc/controller_main/dffrs_2527/i18_rst_2
@ "D:\yilingsi_fpga\Efinity_Project\Ti60F225_OV5640_Face_Reproduction\ip/DdrCtrl\DdrCtrl.sv (1460)" representative instance : ddr3_ctl_axi/u_efx_ddr3_soft_controller/genblk1.inst_ddr3_axi/inst_efx_ddr3/top_mc/controller_main/dffrs_2527/i10_rst_2
FF|OPT : Flip-flop optimization by equivalence checking
@ "D:\yilingsi_fpga\Efinity_Project\Ti60F225_OV5640_Face_Reproduction\ip/DdrCtrl\DdrCtrl.sv (1460)" removed instance : ddr3_ctl_axi/u_efx_ddr3_soft_controller/genblk1.inst_ddr3_axi/inst_efx_ddr3/top_mc/controller_main/dffrs_2527/i18_rst_3
@ "D:\yilingsi_fpga\Efinity_Project\Ti60F225_OV5640_Face_Reproduction\ip/DdrCtrl\DdrCtrl.sv (1460)" representative instance : ddr3_ctl_axi/u_efx_ddr3_soft_controller/genblk1.inst_ddr3_axi/inst_efx_ddr3/top_mc/controller_main/dffrs_2527/i10_rst_3
FF|OPT : Flip-flop optimization by equivalence checking
@ "D:\yilingsi_fpga\Efinity_Project\Ti60F225_OV5640_Face_Reproduction\ip/DdrCtrl\DdrCtrl.sv (1460)" removed instance : ddr3_ctl_axi/u_efx_ddr3_soft_controller/genblk1.inst_ddr3_axi/inst_efx_ddr3/top_mc/controller_main/dffrs_2527/i17_rst_0
@ "D:\yilingsi_fpga\Efinity_Project\Ti60F225_OV5640_Face_Reproduction\ip/DdrCtrl\DdrCtrl.sv (1460)" representative instance : ddr3_ctl_axi/u_efx_ddr3_soft_controller/genblk1.inst_ddr3_axi/inst_efx_ddr3/top_mc/controller_main/dffrs_2527/i10_rst_0
FF|OPT : Flip-flop optimization by equivalence checking
@ "D:\yilingsi_fpga\Efinity_Project\Ti60F225_OV5640_Face_Reproduction\ip/DdrCtrl\DdrCtrl.sv (1460)" removed instance : ddr3_ctl_axi/u_efx_ddr3_soft_controller/genblk1.inst_ddr3_axi/inst_efx_ddr3/top_mc/controller_main/dffrs_2527/i17_rst_1
@ "D:\yilingsi_fpga\Efinity_Project\Ti60F225_OV5640_Face_Reproduction\ip/DdrCtrl\DdrCtrl.sv (1460)" representative instance : ddr3_ctl_axi/u_efx_ddr3_soft_controller/genblk1.inst_ddr3_axi/inst_efx_ddr3/top_mc/controller_main/dffrs_2527/i10_rst_1
FF|OPT : Flip-flop optimization by equivalence checking
@ "D:\yilingsi_fpga\Efinity_Project\Ti60F225_OV5640_Face_Reproduction\ip/DdrCtrl\DdrCtrl.sv (1460)" removed instance : ddr3_ctl_axi/u_efx_ddr3_soft_controller/genblk1.inst_ddr3_axi/inst_efx_ddr3/top_mc/controller_main/dffrs_2527/i17_rst_2
@ "D:\yilingsi_fpga\Efinity_Project\Ti60F225_OV5640_Face_Reproduction\ip/DdrCtrl\DdrCtrl.sv (1460)" representative instance : ddr3_ctl_axi/u_efx_ddr3_soft_controller/genblk1.inst_ddr3_axi/inst_efx_ddr3/top_mc/controller_main/dffrs_2527/i10_rst_2
FF|OPT : Flip-flop optimization by equivalence checking
@ "D:\yilingsi_fpga\Efinity_Project\Ti60F225_OV5640_Face_Reproduction\ip/DdrCtrl\DdrCtrl.sv (1460)" removed instance : ddr3_ctl_axi/u_efx_ddr3_soft_controller/genblk1.inst_ddr3_axi/inst_efx_ddr3/top_mc/controller_main/dffrs_2527/i17_rst_3
@ "D:\yilingsi_fpga\Efinity_Project\Ti60F225_OV5640_Face_Reproduction\ip/DdrCtrl\DdrCtrl.sv (1460)" representative instance : ddr3_ctl_axi/u_efx_ddr3_soft_controller/genblk1.inst_ddr3_axi/inst_efx_ddr3/top_mc/controller_main/dffrs_2527/i10_rst_3
FF|OPT : Flip-flop optimization by equivalence checking
@ "D:\yilingsi_fpga\Efinity_Project\Ti60F225_OV5640_Face_Reproduction\ip/DdrCtrl\DdrCtrl.sv (1460)" removed instance : ddr3_ctl_axi/u_efx_ddr3_soft_controller/genblk1.inst_ddr3_axi/inst_efx_ddr3/top_mc/controller_main/dffrs_2527/i16_rst_0
@ "D:\yilingsi_fpga\Efinity_Project\Ti60F225_OV5640_Face_Reproduction\ip/DdrCtrl\DdrCtrl.sv (1460)" representative instance : ddr3_ctl_axi/u_efx_ddr3_soft_controller/genblk1.inst_ddr3_axi/inst_efx_ddr3/top_mc/controller_main/dffrs_2527/i10_rst_0
FF|OPT : Flip-flop optimization by equivalence checking
@ "D:\yilingsi_fpga\Efinity_Project\Ti60F225_OV5640_Face_Reproduction\ip/DdrCtrl\DdrCtrl.sv (1460)" removed instance : ddr3_ctl_axi/u_efx_ddr3_soft_controller/genblk1.inst_ddr3_axi/inst_efx_ddr3/top_mc/controller_main/dffrs_2527/i16_rst_1
@ "D:\yilingsi_fpga\Efinity_Project\Ti60F225_OV5640_Face_Reproduction\ip/DdrCtrl\DdrCtrl.sv (1460)" representative instance : ddr3_ctl_axi/u_efx_ddr3_soft_controller/genblk1.inst_ddr3_axi/inst_efx_ddr3/top_mc/controller_main/dffrs_2527/i10_rst_1
FF|OPT : Flip-flop optimization by equivalence checking
@ "D:\yilingsi_fpga\Efinity_Project\Ti60F225_OV5640_Face_Reproduction\ip/DdrCtrl\DdrCtrl.sv (1460)" removed instance : ddr3_ctl_axi/u_efx_ddr3_soft_controller/genblk1.inst_ddr3_axi/inst_efx_ddr3/top_mc/controller_main/dffrs_2527/i16_rst_2
@ "D:\yilingsi_fpga\Efinity_Project\Ti60F225_OV5640_Face_Reproduction\ip/DdrCtrl\DdrCtrl.sv (1460)" representative instance : ddr3_ctl_axi/u_efx_ddr3_soft_controller/genblk1.inst_ddr3_axi/inst_efx_ddr3/top_mc/controller_main/dffrs_2527/i10_rst_2
FF|OPT : Flip-flop optimization by equivalence checking
@ "D:\yilingsi_fpga\Efinity_Project\Ti60F225_OV5640_Face_Reproduction\ip/DdrCtrl\DdrCtrl.sv (1460)" removed instance : ddr3_ctl_axi/u_efx_ddr3_soft_controller/genblk1.inst_ddr3_axi/inst_efx_ddr3/top_mc/controller_main/dffrs_2527/i16_rst_3
@ "D:\yilingsi_fpga\Efinity_Project\Ti60F225_OV5640_Face_Reproduction\ip/DdrCtrl\DdrCtrl.sv (1460)" representative instance : ddr3_ctl_axi/u_efx_ddr3_soft_controller/genblk1.inst_ddr3_axi/inst_efx_ddr3/top_mc/controller_main/dffrs_2527/i10_rst_3
FF|OPT : Flip-flop optimization by equivalence checking
@ "D:\yilingsi_fpga\Efinity_Project\Ti60F225_OV5640_Face_Reproduction\ip/DdrCtrl\DdrCtrl.sv (1460)" removed instance : ddr3_ctl_axi/u_efx_ddr3_soft_controller/genblk1.inst_ddr3_axi/inst_efx_ddr3/top_mc/controller_main/dffrs_2527/i15_rst_0
@ "D:\yilingsi_fpga\Efinity_Project\Ti60F225_OV5640_Face_Reproduction\ip/DdrCtrl\DdrCtrl.sv (1460)" representative instance : ddr3_ctl_axi/u_efx_ddr3_soft_controller/genblk1.inst_ddr3_axi/inst_efx_ddr3/top_mc/controller_main/dffrs_2527/i10_rst_0
FF|OPT : Flip-flop optimization by equivalence checking
@ "D:\yilingsi_fpga\Efinity_Project\Ti60F225_OV5640_Face_Reproduction\ip/DdrCtrl\DdrCtrl.sv (1460)" removed instance : ddr3_ctl_axi/u_efx_ddr3_soft_controller/genblk1.inst_ddr3_axi/inst_efx_ddr3/top_mc/controller_main/dffrs_2527/i15_rst_1
@ "D:\yilingsi_fpga\Efinity_Project\Ti60F225_OV5640_Face_Reproduction\ip/DdrCtrl\DdrCtrl.sv (1460)" representative instance : ddr3_ctl_axi/u_efx_ddr3_soft_controller/genblk1.inst_ddr3_axi/inst_efx_ddr3/top_mc/controller_main/dffrs_2527/i10_rst_1
FF|OPT : Flip-flop optimization by equivalence checking
@ "D:\yilingsi_fpga\Efinity_Project\Ti60F225_OV5640_Face_Reproduction\ip/DdrCtrl\DdrCtrl.sv (1460)" removed instance : ddr3_ctl_axi/u_efx_ddr3_soft_controller/genblk1.inst_ddr3_axi/inst_efx_ddr3/top_mc/controller_main/dffrs_2527/i15_rst_2
@ "D:\yilingsi_fpga\Efinity_Project\Ti60F225_OV5640_Face_Reproduction\ip/DdrCtrl\DdrCtrl.sv (1460)" representative instance : ddr3_ctl_axi/u_efx_ddr3_soft_controller/genblk1.inst_ddr3_axi/inst_efx_ddr3/top_mc/controller_main/dffrs_2527/i10_rst_2
FF|OPT : Flip-flop optimization by equivalence checking
@ "D:\yilingsi_fpga\Efinity_Project\Ti60F225_OV5640_Face_Reproduction\ip/DdrCtrl\DdrCtrl.sv (1460)" removed instance : ddr3_ctl_axi/u_efx_ddr3_soft_controller/genblk1.inst_ddr3_axi/inst_efx_ddr3/top_mc/controller_main/dffrs_2527/i15_rst_3
@ "D:\yilingsi_fpga\Efinity_Project\Ti60F225_OV5640_Face_Reproduction\ip/DdrCtrl\DdrCtrl.sv (1460)" representative instance : ddr3_ctl_axi/u_efx_ddr3_soft_controller/genblk1.inst_ddr3_axi/inst_efx_ddr3/top_mc/controller_main/dffrs_2527/i10_rst_3
FF|OPT : Flip-flop optimization by equivalence checking
@ "D:\yilingsi_fpga\Efinity_Project\Ti60F225_OV5640_Face_Reproduction\ip/DdrCtrl\DdrCtrl.sv (1460)" removed instance : ddr3_ctl_axi/u_efx_ddr3_soft_controller/genblk1.inst_ddr3_axi/inst_efx_ddr3/top_mc/controller_main/dffrs_2527/i14_rst_0
@ "D:\yilingsi_fpga\Efinity_Project\Ti60F225_OV5640_Face_Reproduction\ip/DdrCtrl\DdrCtrl.sv (1460)" representative instance : ddr3_ctl_axi/u_efx_ddr3_soft_controller/genblk1.inst_ddr3_axi/inst_efx_ddr3/top_mc/controller_main/dffrs_2527/i10_rst_0
FF|OPT : Flip-flop optimization by equivalence checking
@ "D:\yilingsi_fpga\Efinity_Project\Ti60F225_OV5640_Face_Reproduction\ip/DdrCtrl\DdrCtrl.sv (1460)" removed instance : ddr3_ctl_axi/u_efx_ddr3_soft_controller/genblk1.inst_ddr3_axi/inst_efx_ddr3/top_mc/controller_main/dffrs_2527/i14_rst_1
@ "D:\yilingsi_fpga\Efinity_Project\Ti60F225_OV5640_Face_Reproduction\ip/DdrCtrl\DdrCtrl.sv (1460)" representative instance : ddr3_ctl_axi/u_efx_ddr3_soft_controller/genblk1.inst_ddr3_axi/inst_efx_ddr3/top_mc/controller_main/dffrs_2527/i10_rst_1
FF|OPT : Flip-flop optimization by equivalence checking
@ "D:\yilingsi_fpga\Efinity_Project\Ti60F225_OV5640_Face_Reproduction\ip/DdrCtrl\DdrCtrl.sv (1460)" removed instance : ddr3_ctl_axi/u_efx_ddr3_soft_controller/genblk1.inst_ddr3_axi/inst_efx_ddr3/top_mc/controller_main/dffrs_2527/i14_rst_2
@ "D:\yilingsi_fpga\Efinity_Project\Ti60F225_OV5640_Face_Reproduction\ip/DdrCtrl\DdrCtrl.sv (1460)" representative instance : ddr3_ctl_axi/u_efx_ddr3_soft_controller/genblk1.inst_ddr3_axi/inst_efx_ddr3/top_mc/controller_main/dffrs_2527/i10_rst_2
FF|OPT : Flip-flop optimization by equivalence checking
@ "D:\yilingsi_fpga\Efinity_Project\Ti60F225_OV5640_Face_Reproduction\ip/DdrCtrl\DdrCtrl.sv (1460)" removed instance : ddr3_ctl_axi/u_efx_ddr3_soft_controller/genblk1.inst_ddr3_axi/inst_efx_ddr3/top_mc/controller_main/dffrs_2527/i14_rst_3
@ "D:\yilingsi_fpga\Efinity_Project\Ti60F225_OV5640_Face_Reproduction\ip/DdrCtrl\DdrCtrl.sv (1460)" representative instance : ddr3_ctl_axi/u_efx_ddr3_soft_controller/genblk1.inst_ddr3_axi/inst_efx_ddr3/top_mc/controller_main/dffrs_2527/i10_rst_3
FF|OPT : Flip-flop optimization by equivalence checking
@ "D:\yilingsi_fpga\Efinity_Project\Ti60F225_OV5640_Face_Reproduction\ip/DdrCtrl\DdrCtrl.sv (1460)" removed instance : ddr3_ctl_axi/u_efx_ddr3_soft_controller/genblk1.inst_ddr3_axi/inst_efx_ddr3/top_mc/controller_main/dffrs_2527/i13_rst_0
@ "D:\yilingsi_fpga\Efinity_Project\Ti60F225_OV5640_Face_Reproduction\ip/DdrCtrl\DdrCtrl.sv (1460)" representative instance : ddr3_ctl_axi/u_efx_ddr3_soft_controller/genblk1.inst_ddr3_axi/inst_efx_ddr3/top_mc/controller_main/dffrs_2527/i10_rst_0
FF|OPT : Flip-flop optimization by equivalence checking
@ "D:\yilingsi_fpga\Efinity_Project\Ti60F225_OV5640_Face_Reproduction\ip/DdrCtrl\DdrCtrl.sv (1460)" removed instance : ddr3_ctl_axi/u_efx_ddr3_soft_controller/genblk1.inst_ddr3_axi/inst_efx_ddr3/top_mc/controller_main/dffrs_2527/i13_rst_1
@ "D:\yilingsi_fpga\Efinity_Project\Ti60F225_OV5640_Face_Reproduction\ip/DdrCtrl\DdrCtrl.sv (1460)" representative instance : ddr3_ctl_axi/u_efx_ddr3_soft_controller/genblk1.inst_ddr3_axi/inst_efx_ddr3/top_mc/controller_main/dffrs_2527/i10_rst_1
FF|OPT : Flip-flop optimization by equivalence checking
@ "D:\yilingsi_fpga\Efinity_Project\Ti60F225_OV5640_Face_Reproduction\ip/DdrCtrl\DdrCtrl.sv (1460)" removed instance : ddr3_ctl_axi/u_efx_ddr3_soft_controller/genblk1.inst_ddr3_axi/inst_efx_ddr3/top_mc/controller_main/dffrs_2527/i13_rst_2
@ "D:\yilingsi_fpga\Efinity_Project\Ti60F225_OV5640_Face_Reproduction\ip/DdrCtrl\DdrCtrl.sv (1460)" representative instance : ddr3_ctl_axi/u_efx_ddr3_soft_controller/genblk1.inst_ddr3_axi/inst_efx_ddr3/top_mc/controller_main/dffrs_2527/i10_rst_2
FF|OPT : Flip-flop optimization by equivalence checking
@ "D:\yilingsi_fpga\Efinity_Project\Ti60F225_OV5640_Face_Reproduction\ip/DdrCtrl\DdrCtrl.sv (1460)" removed instance : ddr3_ctl_axi/u_efx_ddr3_soft_controller/genblk1.inst_ddr3_axi/inst_efx_ddr3/top_mc/controller_main/dffrs_2527/i13_rst_3
@ "D:\yilingsi_fpga\Efinity_Project\Ti60F225_OV5640_Face_Reproduction\ip/DdrCtrl\DdrCtrl.sv (1460)" representative instance : ddr3_ctl_axi/u_efx_ddr3_soft_controller/genblk1.inst_ddr3_axi/inst_efx_ddr3/top_mc/controller_main/dffrs_2527/i10_rst_3
FF|OPT : Flip-flop optimization by equivalence checking
@ "D:\yilingsi_fpga\Efinity_Project\Ti60F225_OV5640_Face_Reproduction\ip/DdrCtrl\DdrCtrl.sv (3274)" removed instance : ddr3_ctl_axi/u_efx_ddr3_soft_controller/genblk1.inst_ddr3_axi/inst_efx_ddr3/dff_734/i125
@ "D:\yilingsi_fpga\Efinity_Project\Ti60F225_OV5640_Face_Reproduction\ip/DdrCtrl\DdrCtrl.sv (3274)" representative instance : ddr3_ctl_axi/u_efx_ddr3_soft_controller/genblk1.inst_ddr3_axi/inst_efx_ddr3/dff_734/i8
FF|OPT : Flip-flop optimization by equivalence checking
@ "D:\yilingsi_fpga\Efinity_Project\Ti60F225_OV5640_Face_Reproduction\ip/DdrCtrl\DdrCtrl.sv (3274)" removed instance : ddr3_ctl_axi/u_efx_ddr3_soft_controller/genblk1.inst_ddr3_axi/inst_efx_ddr3/dff_734/i126
@ "D:\yilingsi_fpga\Efinity_Project\Ti60F225_OV5640_Face_Reproduction\ip/DdrCtrl\DdrCtrl.sv (3274)" representative instance : ddr3_ctl_axi/u_efx_ddr3_soft_controller/genblk1.inst_ddr3_axi/inst_efx_ddr3/dff_734/i95
FF|OPT : Flip-flop optimization by equivalence checking
@ "D:\yilingsi_fpga\Efinity_Project\Ti60F225_OV5640_Face_Reproduction\ip/DdrCtrl\DdrCtrl.sv (3274)" removed instance : ddr3_ctl_axi/u_efx_ddr3_soft_controller/genblk1.inst_ddr3_axi/inst_efx_ddr3/dff_734/i127
@ "D:\yilingsi_fpga\Efinity_Project\Ti60F225_OV5640_Face_Reproduction\ip/DdrCtrl\DdrCtrl.sv (3274)" representative instance : ddr3_ctl_axi/u_efx_ddr3_soft_controller/genblk1.inst_ddr3_axi/inst_efx_ddr3/dff_734/i95
FF|OPT : Flip-flop optimization by equivalence checking
@ "D:\yilingsi_fpga\Efinity_Project\Ti60F225_OV5640_Face_Reproduction\ip/DdrCtrl\DdrCtrl.sv (3274)" removed instance : ddr3_ctl_axi/u_efx_ddr3_soft_controller/genblk1.inst_ddr3_axi/inst_efx_ddr3/dff_734/i128
@ "D:\yilingsi_fpga\Efinity_Project\Ti60F225_OV5640_Face_Reproduction\ip/DdrCtrl\DdrCtrl.sv (3274)" representative instance : ddr3_ctl_axi/u_efx_ddr3_soft_controller/genblk1.inst_ddr3_axi/inst_efx_ddr3/dff_734/i2
FF|OPT : Flip-flop optimization by equivalence checking
@ "D:\yilingsi_fpga\Efinity_Project\Ti60F225_OV5640_Face_Reproduction\ip/DdrCtrl\DdrCtrl.sv (1460)" removed instance : ddr3_ctl_axi/u_efx_ddr3_soft_controller/genblk1.inst_ddr3_axi/inst_efx_ddr3/top_mc/controller_main/dffrs_2527/i128_rst_0
@ "D:\yilingsi_fpga\Efinity_Project\Ti60F225_OV5640_Face_Reproduction\ip/DdrCtrl\DdrCtrl.sv (1460)" representative instance : ddr3_ctl_axi/u_efx_ddr3_soft_controller/genblk1.inst_ddr3_axi/inst_efx_ddr3/top_mc/controller_main/dffrs_2527/i10_rst_0
FF|OPT : Flip-flop optimization by equivalence checking
@ "D:\yilingsi_fpga\Efinity_Project\Ti60F225_OV5640_Face_Reproduction\ip/DdrCtrl\DdrCtrl.sv (1460)" removed instance : ddr3_ctl_axi/u_efx_ddr3_soft_controller/genblk1.inst_ddr3_axi/inst_efx_ddr3/top_mc/controller_main/dffrs_2527/i128_rst_1
@ "D:\yilingsi_fpga\Efinity_Project\Ti60F225_OV5640_Face_Reproduction\ip/DdrCtrl\DdrCtrl.sv (1460)" representative instance : ddr3_ctl_axi/u_efx_ddr3_soft_controller/genblk1.inst_ddr3_axi/inst_efx_ddr3/top_mc/controller_main/dffrs_2527/i10_rst_1
FF|OPT : Flip-flop optimization by equivalence checking
@ "D:\yilingsi_fpga\Efinity_Project\Ti60F225_OV5640_Face_Reproduction\ip/DdrCtrl\DdrCtrl.sv (1460)" removed instance : ddr3_ctl_axi/u_efx_ddr3_soft_controller/genblk1.inst_ddr3_axi/inst_efx_ddr3/top_mc/controller_main/dffrs_2527/i128_rst_2
@ "D:\yilingsi_fpga\Efinity_Project\Ti60F225_OV5640_Face_Reproduction\ip/DdrCtrl\DdrCtrl.sv (1460)" representative instance : ddr3_ctl_axi/u_efx_ddr3_soft_controller/genblk1.inst_ddr3_axi/inst_efx_ddr3/top_mc/controller_main/dffrs_2527/i10_rst_2
FF|OPT : Flip-flop optimization by equivalence checking
@ "D:\yilingsi_fpga\Efinity_Project\Ti60F225_OV5640_Face_Reproduction\ip/DdrCtrl\DdrCtrl.sv (1460)" removed instance : ddr3_ctl_axi/u_efx_ddr3_soft_controller/genblk1.inst_ddr3_axi/inst_efx_ddr3/top_mc/controller_main/dffrs_2527/i128_rst_3
@ "D:\yilingsi_fpga\Efinity_Project\Ti60F225_OV5640_Face_Reproduction\ip/DdrCtrl\DdrCtrl.sv (1460)" representative instance : ddr3_ctl_axi/u_efx_ddr3_soft_controller/genblk1.inst_ddr3_axi/inst_efx_ddr3/top_mc/controller_main/dffrs_2527/i10_rst_3
FF|OPT : Flip-flop optimization by equivalence checking
@ "D:\yilingsi_fpga\Efinity_Project\Ti60F225_OV5640_Face_Reproduction\ip/DdrCtrl\DdrCtrl.sv (1460)" removed instance : ddr3_ctl_axi/u_efx_ddr3_soft_controller/genblk1.inst_ddr3_axi/inst_efx_ddr3/top_mc/controller_main/dffrs_2527/i127_rst_0
@ "D:\yilingsi_fpga\Efinity_Project\Ti60F225_OV5640_Face_Reproduction\ip/DdrCtrl\DdrCtrl.sv (1460)" representative instance : ddr3_ctl_axi/u_efx_ddr3_soft_controller/genblk1.inst_ddr3_axi/inst_efx_ddr3/top_mc/controller_main/dffrs_2527/i10_rst_0
FF|OPT : Flip-flop optimization by equivalence checking
@ "D:\yilingsi_fpga\Efinity_Project\Ti60F225_OV5640_Face_Reproduction\ip/DdrCtrl\DdrCtrl.sv (1460)" removed instance : ddr3_ctl_axi/u_efx_ddr3_soft_controller/genblk1.inst_ddr3_axi/inst_efx_ddr3/top_mc/controller_main/dffrs_2527/i127_rst_1
@ "D:\yilingsi_fpga\Efinity_Project\Ti60F225_OV5640_Face_Reproduction\ip/DdrCtrl\DdrCtrl.sv (1460)" representative instance : ddr3_ctl_axi/u_efx_ddr3_soft_controller/genblk1.inst_ddr3_axi/inst_efx_ddr3/top_mc/controller_main/dffrs_2527/i10_rst_1
FF|OPT : Flip-flop optimization by equivalence checking
@ "D:\yilingsi_fpga\Efinity_Project\Ti60F225_OV5640_Face_Reproduction\ip/DdrCtrl\DdrCtrl.sv (1460)" removed instance : ddr3_ctl_axi/u_efx_ddr3_soft_controller/genblk1.inst_ddr3_axi/inst_efx_ddr3/top_mc/controller_main/dffrs_2527/i127_rst_2
@ "D:\yilingsi_fpga\Efinity_Project\Ti60F225_OV5640_Face_Reproduction\ip/DdrCtrl\DdrCtrl.sv (1460)" representative instance : ddr3_ctl_axi/u_efx_ddr3_soft_controller/genblk1.inst_ddr3_axi/inst_efx_ddr3/top_mc/controller_main/dffrs_2527/i10_rst_2
FF|OPT : Flip-flop optimization by equivalence checking
@ "D:\yilingsi_fpga\Efinity_Project\Ti60F225_OV5640_Face_Reproduction\ip/DdrCtrl\DdrCtrl.sv (1460)" removed instance : ddr3_ctl_axi/u_efx_ddr3_soft_controller/genblk1.inst_ddr3_axi/inst_efx_ddr3/top_mc/controller_main/dffrs_2527/i127_rst_3
@ "D:\yilingsi_fpga\Efinity_Project\Ti60F225_OV5640_Face_Reproduction\ip/DdrCtrl\DdrCtrl.sv (1460)" representative instance : ddr3_ctl_axi/u_efx_ddr3_soft_controller/genblk1.inst_ddr3_axi/inst_efx_ddr3/top_mc/controller_main/dffrs_2527/i10_rst_3
FF|OPT : Flip-flop optimization by equivalence checking
@ "D:\yilingsi_fpga\Efinity_Project\Ti60F225_OV5640_Face_Reproduction\ip/DdrCtrl\DdrCtrl.sv (1460)" removed instance : ddr3_ctl_axi/u_efx_ddr3_soft_controller/genblk1.inst_ddr3_axi/inst_efx_ddr3/top_mc/controller_main/dffrs_2527/i126_rst_0
@ "D:\yilingsi_fpga\Efinity_Project\Ti60F225_OV5640_Face_Reproduction\ip/DdrCtrl\DdrCtrl.sv (1460)" representative instance : ddr3_ctl_axi/u_efx_ddr3_soft_controller/genblk1.inst_ddr3_axi/inst_efx_ddr3/top_mc/controller_main/dffrs_2527/i10_rst_0
FF|OPT : Flip-flop optimization by equivalence checking
@ "D:\yilingsi_fpga\Efinity_Project\Ti60F225_OV5640_Face_Reproduction\ip/DdrCtrl\DdrCtrl.sv (1460)" removed instance : ddr3_ctl_axi/u_efx_ddr3_soft_controller/genblk1.inst_ddr3_axi/inst_efx_ddr3/top_mc/controller_main/dffrs_2527/i126_rst_1
@ "D:\yilingsi_fpga\Efinity_Project\Ti60F225_OV5640_Face_Reproduction\ip/DdrCtrl\DdrCtrl.sv (1460)" representative instance : ddr3_ctl_axi/u_efx_ddr3_soft_controller/genblk1.inst_ddr3_axi/inst_efx_ddr3/top_mc/controller_main/dffrs_2527/i10_rst_1
FF|OPT : Flip-flop optimization by equivalence checking
@ "D:\yilingsi_fpga\Efinity_Project\Ti60F225_OV5640_Face_Reproduction\ip/DdrCtrl\DdrCtrl.sv (1460)" removed instance : ddr3_ctl_axi/u_efx_ddr3_soft_controller/genblk1.inst_ddr3_axi/inst_efx_ddr3/top_mc/controller_main/dffrs_2527/i126_rst_2
@ "D:\yilingsi_fpga\Efinity_Project\Ti60F225_OV5640_Face_Reproduction\ip/DdrCtrl\DdrCtrl.sv (1460)" representative instance : ddr3_ctl_axi/u_efx_ddr3_soft_controller/genblk1.inst_ddr3_axi/inst_efx_ddr3/top_mc/controller_main/dffrs_2527/i10_rst_2
FF|OPT : Flip-flop optimization by equivalence checking
@ "D:\yilingsi_fpga\Efinity_Project\Ti60F225_OV5640_Face_Reproduction\ip/DdrCtrl\DdrCtrl.sv (1460)" removed instance : ddr3_ctl_axi/u_efx_ddr3_soft_controller/genblk1.inst_ddr3_axi/inst_efx_ddr3/top_mc/controller_main/dffrs_2527/i126_rst_3
@ "D:\yilingsi_fpga\Efinity_Project\Ti60F225_OV5640_Face_Reproduction\ip/DdrCtrl\DdrCtrl.sv (1460)" representative instance : ddr3_ctl_axi/u_efx_ddr3_soft_controller/genblk1.inst_ddr3_axi/inst_efx_ddr3/top_mc/controller_main/dffrs_2527/i10_rst_3
FF|OPT : Flip-flop optimization by equivalence checking
@ "D:\yilingsi_fpga\Efinity_Project\Ti60F225_OV5640_Face_Reproduction\ip/DdrCtrl\DdrCtrl.sv (1460)" removed instance : ddr3_ctl_axi/u_efx_ddr3_soft_controller/genblk1.inst_ddr3_axi/inst_efx_ddr3/top_mc/controller_main/dffrs_2527/i125_rst_0
@ "D:\yilingsi_fpga\Efinity_Project\Ti60F225_OV5640_Face_Reproduction\ip/DdrCtrl\DdrCtrl.sv (1460)" representative instance : ddr3_ctl_axi/u_efx_ddr3_soft_controller/genblk1.inst_ddr3_axi/inst_efx_ddr3/top_mc/controller_main/dffrs_2527/i10_rst_0
FF|OPT : Flip-flop optimization by equivalence checking
@ "D:\yilingsi_fpga\Efinity_Project\Ti60F225_OV5640_Face_Reproduction\ip/DdrCtrl\DdrCtrl.sv (1460)" removed instance : ddr3_ctl_axi/u_efx_ddr3_soft_controller/genblk1.inst_ddr3_axi/inst_efx_ddr3/top_mc/controller_main/dffrs_2527/i125_rst_1
@ "D:\yilingsi_fpga\Efinity_Project\Ti60F225_OV5640_Face_Reproduction\ip/DdrCtrl\DdrCtrl.sv (1460)" representative instance : ddr3_ctl_axi/u_efx_ddr3_soft_controller/genblk1.inst_ddr3_axi/inst_efx_ddr3/top_mc/controller_main/dffrs_2527/i10_rst_1
FF|OPT : Flip-flop optimization by equivalence checking
@ "D:\yilingsi_fpga\Efinity_Project\Ti60F225_OV5640_Face_Reproduction\ip/DdrCtrl\DdrCtrl.sv (1460)" removed instance : ddr3_ctl_axi/u_efx_ddr3_soft_controller/genblk1.inst_ddr3_axi/inst_efx_ddr3/top_mc/controller_main/dffrs_2527/i125_rst_2
@ "D:\yilingsi_fpga\Efinity_Project\Ti60F225_OV5640_Face_Reproduction\ip/DdrCtrl\DdrCtrl.sv (1460)" representative instance : ddr3_ctl_axi/u_efx_ddr3_soft_controller/genblk1.inst_ddr3_axi/inst_efx_ddr3/top_mc/controller_main/dffrs_2527/i10_rst_2
FF|OPT : Flip-flop optimization by equivalence checking
@ "D:\yilingsi_fpga\Efinity_Project\Ti60F225_OV5640_Face_Reproduction\ip/DdrCtrl\DdrCtrl.sv (1460)" removed instance : ddr3_ctl_axi/u_efx_ddr3_soft_controller/genblk1.inst_ddr3_axi/inst_efx_ddr3/top_mc/controller_main/dffrs_2527/i125_rst_3
@ "D:\yilingsi_fpga\Efinity_Project\Ti60F225_OV5640_Face_Reproduction\ip/DdrCtrl\DdrCtrl.sv (1460)" representative instance : ddr3_ctl_axi/u_efx_ddr3_soft_controller/genblk1.inst_ddr3_axi/inst_efx_ddr3/top_mc/controller_main/dffrs_2527/i10_rst_3
FF|OPT : Flip-flop optimization by equivalence checking
@ "D:\yilingsi_fpga\Efinity_Project\Ti60F225_OV5640_Face_Reproduction\ip/DdrCtrl\DdrCtrl.sv (3274)" removed instance : ddr3_ctl_axi/u_efx_ddr3_soft_controller/genblk1.inst_ddr3_axi/inst_efx_ddr3/dff_734/i105
@ "D:\yilingsi_fpga\Efinity_Project\Ti60F225_OV5640_Face_Reproduction\ip/DdrCtrl\DdrCtrl.sv (3274)" representative instance : ddr3_ctl_axi/u_efx_ddr3_soft_controller/genblk1.inst_ddr3_axi/inst_efx_ddr3/dff_734/i100
FF|OPT : Flip-flop optimization by equivalence checking
@ "D:\yilingsi_fpga\Efinity_Project\Ti60F225_OV5640_Face_Reproduction\ip/DdrCtrl\DdrCtrl.sv (3274)" removed instance : ddr3_ctl_axi/u_efx_ddr3_soft_controller/genblk1.inst_ddr3_axi/inst_efx_ddr3/dff_734/i106
@ "D:\yilingsi_fpga\Efinity_Project\Ti60F225_OV5640_Face_Reproduction\ip/DdrCtrl\DdrCtrl.sv (3274)" representative instance : ddr3_ctl_axi/u_efx_ddr3_soft_controller/genblk1.inst_ddr3_axi/inst_efx_ddr3/dff_734/i85
FF|OPT : Flip-flop optimization by equivalence checking
@ "D:\yilingsi_fpga\Efinity_Project\Ti60F225_OV5640_Face_Reproduction\ip/DdrCtrl\DdrCtrl.sv (3274)" removed instance : ddr3_ctl_axi/u_efx_ddr3_soft_controller/genblk1.inst_ddr3_axi/inst_efx_ddr3/dff_734/i108
@ "D:\yilingsi_fpga\Efinity_Project\Ti60F225_OV5640_Face_Reproduction\ip/DdrCtrl\DdrCtrl.sv (3274)" representative instance : ddr3_ctl_axi/u_efx_ddr3_soft_controller/genblk1.inst_ddr3_axi/inst_efx_ddr3/dff_734/i100
FF|OPT : Flip-flop optimization by equivalence checking
@ "D:\yilingsi_fpga\Efinity_Project\Ti60F225_OV5640_Face_Reproduction\ip/DdrCtrl\DdrCtrl.sv (3274)" removed instance : ddr3_ctl_axi/u_efx_ddr3_soft_controller/genblk1.inst_ddr3_axi/inst_efx_ddr3/dff_734/i110
@ "D:\yilingsi_fpga\Efinity_Project\Ti60F225_OV5640_Face_Reproduction\ip/DdrCtrl\DdrCtrl.sv (3274)" representative instance : ddr3_ctl_axi/u_efx_ddr3_soft_controller/genblk1.inst_ddr3_axi/inst_efx_ddr3/dff_734/i81
FF|OPT : Flip-flop optimization by equivalence checking
@ "D:\yilingsi_fpga\Efinity_Project\Ti60F225_OV5640_Face_Reproduction\ip/DdrCtrl\DdrCtrl.sv (3274)" removed instance : ddr3_ctl_axi/u_efx_ddr3_soft_controller/genblk1.inst_ddr3_axi/inst_efx_ddr3/dff_734/i111
@ "D:\yilingsi_fpga\Efinity_Project\Ti60F225_OV5640_Face_Reproduction\ip/DdrCtrl\DdrCtrl.sv (3274)" representative instance : ddr3_ctl_axi/u_efx_ddr3_soft_controller/genblk1.inst_ddr3_axi/inst_efx_ddr3/dff_734/i91
FF|OPT : Flip-flop optimization by equivalence checking
@ "D:\yilingsi_fpga\Efinity_Project\Ti60F225_OV5640_Face_Reproduction\ip/DdrCtrl\DdrCtrl.sv (3274)" removed instance : ddr3_ctl_axi/u_efx_ddr3_soft_controller/genblk1.inst_ddr3_axi/inst_efx_ddr3/dff_734/i112
@ "D:\yilingsi_fpga\Efinity_Project\Ti60F225_OV5640_Face_Reproduction\ip/DdrCtrl\DdrCtrl.sv (3274)" representative instance : ddr3_ctl_axi/u_efx_ddr3_soft_controller/genblk1.inst_ddr3_axi/inst_efx_ddr3/dff_734/i95
FF|OPT : Flip-flop optimization by equivalence checking
@ "D:\yilingsi_fpga\Efinity_Project\Ti60F225_OV5640_Face_Reproduction\ip/DdrCtrl\DdrCtrl.sv (3274)" removed instance : ddr3_ctl_axi/u_efx_ddr3_soft_controller/genblk1.inst_ddr3_axi/inst_efx_ddr3/dff_734/i113
@ "D:\yilingsi_fpga\Efinity_Project\Ti60F225_OV5640_Face_Reproduction\ip/DdrCtrl\DdrCtrl.sv (3274)" representative instance : ddr3_ctl_axi/u_efx_ddr3_soft_controller/genblk1.inst_ddr3_axi/inst_efx_ddr3/dff_734/i4
FF|OPT : Flip-flop optimization by equivalence checking
@ "D:\yilingsi_fpga\Efinity_Project\Ti60F225_OV5640_Face_Reproduction\ip/DdrCtrl\DdrCtrl.sv (3274)" removed instance : ddr3_ctl_axi/u_efx_ddr3_soft_controller/genblk1.inst_ddr3_axi/inst_efx_ddr3/dff_734/i114
@ "D:\yilingsi_fpga\Efinity_Project\Ti60F225_OV5640_Face_Reproduction\ip/DdrCtrl\DdrCtrl.sv (3274)" representative instance : ddr3_ctl_axi/u_efx_ddr3_soft_controller/genblk1.inst_ddr3_axi/inst_efx_ddr3/dff_734/i100
FF|OPT : Flip-flop optimization by equivalence checking
@ "D:\yilingsi_fpga\Efinity_Project\Ti60F225_OV5640_Face_Reproduction\ip/DdrCtrl\DdrCtrl.sv (3274)" removed instance : ddr3_ctl_axi/u_efx_ddr3_soft_controller/genblk1.inst_ddr3_axi/inst_efx_ddr3/dff_734/i115
@ "D:\yilingsi_fpga\Efinity_Project\Ti60F225_OV5640_Face_Reproduction\ip/DdrCtrl\DdrCtrl.sv (3274)" representative instance : ddr3_ctl_axi/u_efx_ddr3_soft_controller/genblk1.inst_ddr3_axi/inst_efx_ddr3/dff_734/i100
FF|OPT : Flip-flop optimization by equivalence checking
@ "D:\yilingsi_fpga\Efinity_Project\Ti60F225_OV5640_Face_Reproduction\ip/DdrCtrl\DdrCtrl.sv (3274)" removed instance : ddr3_ctl_axi/u_efx_ddr3_soft_controller/genblk1.inst_ddr3_axi/inst_efx_ddr3/dff_734/i116
@ "D:\yilingsi_fpga\Efinity_Project\Ti60F225_OV5640_Face_Reproduction\ip/DdrCtrl\DdrCtrl.sv (3274)" representative instance : ddr3_ctl_axi/u_efx_ddr3_soft_controller/genblk1.inst_ddr3_axi/inst_efx_ddr3/dff_734/i2
FF|OPT : Flip-flop optimization by equivalence checking
@ "D:\yilingsi_fpga\Efinity_Project\Ti60F225_OV5640_Face_Reproduction\ip/DdrCtrl\DdrCtrl.sv (3274)" removed instance : ddr3_ctl_axi/u_efx_ddr3_soft_controller/genblk1.inst_ddr3_axi/inst_efx_ddr3/dff_734/i117
@ "D:\yilingsi_fpga\Efinity_Project\Ti60F225_OV5640_Face_Reproduction\ip/DdrCtrl\DdrCtrl.sv (3274)" representative instance : ddr3_ctl_axi/u_efx_ddr3_soft_controller/genblk1.inst_ddr3_axi/inst_efx_ddr3/dff_734/i4
FF|OPT : Flip-flop optimization by equivalence checking
@ "D:\yilingsi_fpga\Efinity_Project\Ti60F225_OV5640_Face_Reproduction\ip/DdrCtrl\DdrCtrl.sv (3274)" removed instance : ddr3_ctl_axi/u_efx_ddr3_soft_controller/genblk1.inst_ddr3_axi/inst_efx_ddr3/dff_734/i118
@ "D:\yilingsi_fpga\Efinity_Project\Ti60F225_OV5640_Face_Reproduction\ip/DdrCtrl\DdrCtrl.sv (3274)" representative instance : ddr3_ctl_axi/u_efx_ddr3_soft_controller/genblk1.inst_ddr3_axi/inst_efx_ddr3/dff_734/i91
FF|OPT : Flip-flop optimization by equivalence checking
@ "D:\yilingsi_fpga\Efinity_Project\Ti60F225_OV5640_Face_Reproduction\ip/DdrCtrl\DdrCtrl.sv (3274)" removed instance : ddr3_ctl_axi/u_efx_ddr3_soft_controller/genblk1.inst_ddr3_axi/inst_efx_ddr3/dff_734/i120
@ "D:\yilingsi_fpga\Efinity_Project\Ti60F225_OV5640_Face_Reproduction\ip/DdrCtrl\DdrCtrl.sv (3274)" representative instance : ddr3_ctl_axi/u_efx_ddr3_soft_controller/genblk1.inst_ddr3_axi/inst_efx_ddr3/dff_734/i3
FF|OPT : Flip-flop optimization by equivalence checking
@ "D:\yilingsi_fpga\Efinity_Project\Ti60F225_OV5640_Face_Reproduction\ip/DdrCtrl\DdrCtrl.sv (3274)" removed instance : ddr3_ctl_axi/u_efx_ddr3_soft_controller/genblk1.inst_ddr3_axi/inst_efx_ddr3/dff_734/i121
@ "D:\yilingsi_fpga\Efinity_Project\Ti60F225_OV5640_Face_Reproduction\ip/DdrCtrl\DdrCtrl.sv (3274)" representative instance : ddr3_ctl_axi/u_efx_ddr3_soft_controller/genblk1.inst_ddr3_axi/inst_efx_ddr3/dff_734/i8
FF|OPT : Flip-flop optimization by equivalence checking
@ "D:\yilingsi_fpga\Efinity_Project\Ti60F225_OV5640_Face_Reproduction\ip/DdrCtrl\DdrCtrl.sv (3274)" removed instance : ddr3_ctl_axi/u_efx_ddr3_soft_controller/genblk1.inst_ddr3_axi/inst_efx_ddr3/dff_734/i122
@ "D:\yilingsi_fpga\Efinity_Project\Ti60F225_OV5640_Face_Reproduction\ip/DdrCtrl\DdrCtrl.sv (3274)" representative instance : ddr3_ctl_axi/u_efx_ddr3_soft_controller/genblk1.inst_ddr3_axi/inst_efx_ddr3/dff_734/i91
FF|OPT : Flip-flop optimization by equivalence checking
@ "D:\yilingsi_fpga\Efinity_Project\Ti60F225_OV5640_Face_Reproduction\ip/DdrCtrl\DdrCtrl.sv (3274)" removed instance : ddr3_ctl_axi/u_efx_ddr3_soft_controller/genblk1.inst_ddr3_axi/inst_efx_ddr3/dff_734/i123
@ "D:\yilingsi_fpga\Efinity_Project\Ti60F225_OV5640_Face_Reproduction\ip/DdrCtrl\DdrCtrl.sv (3274)" representative instance : ddr3_ctl_axi/u_efx_ddr3_soft_controller/genblk1.inst_ddr3_axi/inst_efx_ddr3/dff_734/i95
FF|OPT : Flip-flop optimization by equivalence checking
@ "D:\yilingsi_fpga\Efinity_Project\Ti60F225_OV5640_Face_Reproduction\ip/DdrCtrl\DdrCtrl.sv (3274)" removed instance : ddr3_ctl_axi/u_efx_ddr3_soft_controller/genblk1.inst_ddr3_axi/inst_efx_ddr3/dff_734/i124
@ "D:\yilingsi_fpga\Efinity_Project\Ti60F225_OV5640_Face_Reproduction\ip/DdrCtrl\DdrCtrl.sv (3274)" representative instance : ddr3_ctl_axi/u_efx_ddr3_soft_controller/genblk1.inst_ddr3_axi/inst_efx_ddr3/dff_734/i1
FF|OPT : Flip-flop optimization by equivalence checking
@ "D:\yilingsi_fpga\Efinity_Project\Ti60F225_OV5640_Face_Reproduction\ip/DdrCtrl\DdrCtrl.sv (1460)" removed instance : ddr3_ctl_axi/u_efx_ddr3_soft_controller/genblk1.inst_ddr3_axi/inst_efx_ddr3/top_mc/controller_main/dffrs_2527/i124_rst_0
@ "D:\yilingsi_fpga\Efinity_Project\Ti60F225_OV5640_Face_Reproduction\ip/DdrCtrl\DdrCtrl.sv (1460)" representative instance : ddr3_ctl_axi/u_efx_ddr3_soft_controller/genblk1.inst_ddr3_axi/inst_efx_ddr3/top_mc/controller_main/dffrs_2527/i10_rst_0
FF|OPT : Flip-flop optimization by equivalence checking
@ "D:\yilingsi_fpga\Efinity_Project\Ti60F225_OV5640_Face_Reproduction\ip/DdrCtrl\DdrCtrl.sv (1460)" removed instance : ddr3_ctl_axi/u_efx_ddr3_soft_controller/genblk1.inst_ddr3_axi/inst_efx_ddr3/top_mc/controller_main/dffrs_2527/i124_rst_1
@ "D:\yilingsi_fpga\Efinity_Project\Ti60F225_OV5640_Face_Reproduction\ip/DdrCtrl\DdrCtrl.sv (1460)" representative instance : ddr3_ctl_axi/u_efx_ddr3_soft_controller/genblk1.inst_ddr3_axi/inst_efx_ddr3/top_mc/controller_main/dffrs_2527/i10_rst_1
FF|OPT : Flip-flop optimization by equivalence checking
@ "D:\yilingsi_fpga\Efinity_Project\Ti60F225_OV5640_Face_Reproduction\ip/DdrCtrl\DdrCtrl.sv (1460)" removed instance : ddr3_ctl_axi/u_efx_ddr3_soft_controller/genblk1.inst_ddr3_axi/inst_efx_ddr3/top_mc/controller_main/dffrs_2527/i124_rst_2
@ "D:\yilingsi_fpga\Efinity_Project\Ti60F225_OV5640_Face_Reproduction\ip/DdrCtrl\DdrCtrl.sv (1460)" representative instance : ddr3_ctl_axi/u_efx_ddr3_soft_controller/genblk1.inst_ddr3_axi/inst_efx_ddr3/top_mc/controller_main/dffrs_2527/i10_rst_2
FF|OPT : Flip-flop optimization by equivalence checking
@ "D:\yilingsi_fpga\Efinity_Project\Ti60F225_OV5640_Face_Reproduction\ip/DdrCtrl\DdrCtrl.sv (1460)" removed instance : ddr3_ctl_axi/u_efx_ddr3_soft_controller/genblk1.inst_ddr3_axi/inst_efx_ddr3/top_mc/controller_main/dffrs_2527/i124_rst_3
@ "D:\yilingsi_fpga\Efinity_Project\Ti60F225_OV5640_Face_Reproduction\ip/DdrCtrl\DdrCtrl.sv (1460)" representative instance : ddr3_ctl_axi/u_efx_ddr3_soft_controller/genblk1.inst_ddr3_axi/inst_efx_ddr3/top_mc/controller_main/dffrs_2527/i10_rst_3
FF|OPT : Flip-flop optimization by equivalence checking
@ "D:\yilingsi_fpga\Efinity_Project\Ti60F225_OV5640_Face_Reproduction\ip/DdrCtrl\DdrCtrl.sv (1460)" removed instance : ddr3_ctl_axi/u_efx_ddr3_soft_controller/genblk1.inst_ddr3_axi/inst_efx_ddr3/top_mc/controller_main/dffrs_2527/i123_rst_0
@ "D:\yilingsi_fpga\Efinity_Project\Ti60F225_OV5640_Face_Reproduction\ip/DdrCtrl\DdrCtrl.sv (1460)" representative instance : ddr3_ctl_axi/u_efx_ddr3_soft_controller/genblk1.inst_ddr3_axi/inst_efx_ddr3/top_mc/controller_main/dffrs_2527/i10_rst_0
FF|OPT : Flip-flop optimization by equivalence checking
@ "D:\yilingsi_fpga\Efinity_Project\Ti60F225_OV5640_Face_Reproduction\ip/DdrCtrl\DdrCtrl.sv (1460)" removed instance : ddr3_ctl_axi/u_efx_ddr3_soft_controller/genblk1.inst_ddr3_axi/inst_efx_ddr3/top_mc/controller_main/dffrs_2527/i123_rst_1
@ "D:\yilingsi_fpga\Efinity_Project\Ti60F225_OV5640_Face_Reproduction\ip/DdrCtrl\DdrCtrl.sv (1460)" representative instance : ddr3_ctl_axi/u_efx_ddr3_soft_controller/genblk1.inst_ddr3_axi/inst_efx_ddr3/top_mc/controller_main/dffrs_2527/i10_rst_1
FF|OPT : Flip-flop optimization by equivalence checking
@ "D:\yilingsi_fpga\Efinity_Project\Ti60F225_OV5640_Face_Reproduction\ip/DdrCtrl\DdrCtrl.sv (1460)" removed instance : ddr3_ctl_axi/u_efx_ddr3_soft_controller/genblk1.inst_ddr3_axi/inst_efx_ddr3/top_mc/controller_main/dffrs_2527/i123_rst_2
@ "D:\yilingsi_fpga\Efinity_Project\Ti60F225_OV5640_Face_Reproduction\ip/DdrCtrl\DdrCtrl.sv (1460)" representative instance : ddr3_ctl_axi/u_efx_ddr3_soft_controller/genblk1.inst_ddr3_axi/inst_efx_ddr3/top_mc/controller_main/dffrs_2527/i10_rst_2
FF|OPT : Flip-flop optimization by equivalence checking
@ "D:\yilingsi_fpga\Efinity_Project\Ti60F225_OV5640_Face_Reproduction\ip/DdrCtrl\DdrCtrl.sv (1460)" removed instance : ddr3_ctl_axi/u_efx_ddr3_soft_controller/genblk1.inst_ddr3_axi/inst_efx_ddr3/top_mc/controller_main/dffrs_2527/i123_rst_3
@ "D:\yilingsi_fpga\Efinity_Project\Ti60F225_OV5640_Face_Reproduction\ip/DdrCtrl\DdrCtrl.sv (1460)" representative instance : ddr3_ctl_axi/u_efx_ddr3_soft_controller/genblk1.inst_ddr3_axi/inst_efx_ddr3/top_mc/controller_main/dffrs_2527/i10_rst_3
FF|OPT : Flip-flop optimization by equivalence checking
@ "D:\yilingsi_fpga\Efinity_Project\Ti60F225_OV5640_Face_Reproduction\ip/DdrCtrl\DdrCtrl.sv (1460)" removed instance : ddr3_ctl_axi/u_efx_ddr3_soft_controller/genblk1.inst_ddr3_axi/inst_efx_ddr3/top_mc/controller_main/dffrs_2527/i122_rst_0
@ "D:\yilingsi_fpga\Efinity_Project\Ti60F225_OV5640_Face_Reproduction\ip/DdrCtrl\DdrCtrl.sv (1460)" representative instance : ddr3_ctl_axi/u_efx_ddr3_soft_controller/genblk1.inst_ddr3_axi/inst_efx_ddr3/top_mc/controller_main/dffrs_2527/i10_rst_0
FF|OPT : Flip-flop optimization by equivalence checking
@ "D:\yilingsi_fpga\Efinity_Project\Ti60F225_OV5640_Face_Reproduction\ip/DdrCtrl\DdrCtrl.sv (1460)" removed instance : ddr3_ctl_axi/u_efx_ddr3_soft_controller/genblk1.inst_ddr3_axi/inst_efx_ddr3/top_mc/controller_main/dffrs_2527/i122_rst_1
@ "D:\yilingsi_fpga\Efinity_Project\Ti60F225_OV5640_Face_Reproduction\ip/DdrCtrl\DdrCtrl.sv (1460)" representative instance : ddr3_ctl_axi/u_efx_ddr3_soft_controller/genblk1.inst_ddr3_axi/inst_efx_ddr3/top_mc/controller_main/dffrs_2527/i10_rst_1
FF|OPT : Flip-flop optimization by equivalence checking
@ "D:\yilingsi_fpga\Efinity_Project\Ti60F225_OV5640_Face_Reproduction\ip/DdrCtrl\DdrCtrl.sv (1460)" removed instance : ddr3_ctl_axi/u_efx_ddr3_soft_controller/genblk1.inst_ddr3_axi/inst_efx_ddr3/top_mc/controller_main/dffrs_2527/i122_rst_2
@ "D:\yilingsi_fpga\Efinity_Project\Ti60F225_OV5640_Face_Reproduction\ip/DdrCtrl\DdrCtrl.sv (1460)" representative instance : ddr3_ctl_axi/u_efx_ddr3_soft_controller/genblk1.inst_ddr3_axi/inst_efx_ddr3/top_mc/controller_main/dffrs_2527/i10_rst_2
FF|OPT : Flip-flop optimization by equivalence checking
@ "D:\yilingsi_fpga\Efinity_Project\Ti60F225_OV5640_Face_Reproduction\ip/DdrCtrl\DdrCtrl.sv (1460)" removed instance : ddr3_ctl_axi/u_efx_ddr3_soft_controller/genblk1.inst_ddr3_axi/inst_efx_ddr3/top_mc/controller_main/dffrs_2527/i122_rst_3
@ "D:\yilingsi_fpga\Efinity_Project\Ti60F225_OV5640_Face_Reproduction\ip/DdrCtrl\DdrCtrl.sv (1460)" representative instance : ddr3_ctl_axi/u_efx_ddr3_soft_controller/genblk1.inst_ddr3_axi/inst_efx_ddr3/top_mc/controller_main/dffrs_2527/i10_rst_3
FF|OPT : Flip-flop optimization by equivalence checking
@ "D:\yilingsi_fpga\Efinity_Project\Ti60F225_OV5640_Face_Reproduction\ip/DdrCtrl\DdrCtrl.sv (1460)" removed instance : ddr3_ctl_axi/u_efx_ddr3_soft_controller/genblk1.inst_ddr3_axi/inst_efx_ddr3/top_mc/controller_main/dffrs_2527/i121_rst_0
@ "D:\yilingsi_fpga\Efinity_Project\Ti60F225_OV5640_Face_Reproduction\ip/DdrCtrl\DdrCtrl.sv (1460)" representative instance : ddr3_ctl_axi/u_efx_ddr3_soft_controller/genblk1.inst_ddr3_axi/inst_efx_ddr3/top_mc/controller_main/dffrs_2527/i10_rst_0
FF|OPT : Flip-flop optimization by equivalence checking
@ "D:\yilingsi_fpga\Efinity_Project\Ti60F225_OV5640_Face_Reproduction\ip/DdrCtrl\DdrCtrl.sv (1460)" removed instance : ddr3_ctl_axi/u_efx_ddr3_soft_controller/genblk1.inst_ddr3_axi/inst_efx_ddr3/top_mc/controller_main/dffrs_2527/i121_rst_1
@ "D:\yilingsi_fpga\Efinity_Project\Ti60F225_OV5640_Face_Reproduction\ip/DdrCtrl\DdrCtrl.sv (1460)" representative instance : ddr3_ctl_axi/u_efx_ddr3_soft_controller/genblk1.inst_ddr3_axi/inst_efx_ddr3/top_mc/controller_main/dffrs_2527/i10_rst_1
FF|OPT : Flip-flop optimization by equivalence checking
@ "D:\yilingsi_fpga\Efinity_Project\Ti60F225_OV5640_Face_Reproduction\ip/DdrCtrl\DdrCtrl.sv (1460)" removed instance : ddr3_ctl_axi/u_efx_ddr3_soft_controller/genblk1.inst_ddr3_axi/inst_efx_ddr3/top_mc/controller_main/dffrs_2527/i121_rst_2
@ "D:\yilingsi_fpga\Efinity_Project\Ti60F225_OV5640_Face_Reproduction\ip/DdrCtrl\DdrCtrl.sv (1460)" representative instance : ddr3_ctl_axi/u_efx_ddr3_soft_controller/genblk1.inst_ddr3_axi/inst_efx_ddr3/top_mc/controller_main/dffrs_2527/i10_rst_2
FF|OPT : Flip-flop optimization by equivalence checking
@ "D:\yilingsi_fpga\Efinity_Project\Ti60F225_OV5640_Face_Reproduction\ip/DdrCtrl\DdrCtrl.sv (1460)" removed instance : ddr3_ctl_axi/u_efx_ddr3_soft_controller/genblk1.inst_ddr3_axi/inst_efx_ddr3/top_mc/controller_main/dffrs_2527/i121_rst_3
@ "D:\yilingsi_fpga\Efinity_Project\Ti60F225_OV5640_Face_Reproduction\ip/DdrCtrl\DdrCtrl.sv (1460)" representative instance : ddr3_ctl_axi/u_efx_ddr3_soft_controller/genblk1.inst_ddr3_axi/inst_efx_ddr3/top_mc/controller_main/dffrs_2527/i10_rst_3
FF|OPT : Flip-flop optimization by equivalence checking
@ "D:\yilingsi_fpga\Efinity_Project\Ti60F225_OV5640_Face_Reproduction\ip/DdrCtrl\DdrCtrl.sv (1460)" removed instance : ddr3_ctl_axi/u_efx_ddr3_soft_controller/genblk1.inst_ddr3_axi/inst_efx_ddr3/top_mc/controller_main/dffrs_2527/i12_rst_0
@ "D:\yilingsi_fpga\Efinity_Project\Ti60F225_OV5640_Face_Reproduction\ip/DdrCtrl\DdrCtrl.sv (1460)" representative instance : ddr3_ctl_axi/u_efx_ddr3_soft_controller/genblk1.inst_ddr3_axi/inst_efx_ddr3/top_mc/controller_main/dffrs_2527/i10_rst_0
FF|OPT : Flip-flop optimization by equivalence checking
@ "D:\yilingsi_fpga\Efinity_Project\Ti60F225_OV5640_Face_Reproduction\ip/DdrCtrl\DdrCtrl.sv (1460)" removed instance : ddr3_ctl_axi/u_efx_ddr3_soft_controller/genblk1.inst_ddr3_axi/inst_efx_ddr3/top_mc/controller_main/dffrs_2527/i12_rst_1
@ "D:\yilingsi_fpga\Efinity_Project\Ti60F225_OV5640_Face_Reproduction\ip/DdrCtrl\DdrCtrl.sv (1460)" representative instance : ddr3_ctl_axi/u_efx_ddr3_soft_controller/genblk1.inst_ddr3_axi/inst_efx_ddr3/top_mc/controller_main/dffrs_2527/i10_rst_1
FF|OPT : Flip-flop optimization by equivalence checking
@ "D:\yilingsi_fpga\Efinity_Project\Ti60F225_OV5640_Face_Reproduction\ip/DdrCtrl\DdrCtrl.sv (1460)" removed instance : ddr3_ctl_axi/u_efx_ddr3_soft_controller/genblk1.inst_ddr3_axi/inst_efx_ddr3/top_mc/controller_main/dffrs_2527/i12_rst_2
@ "D:\yilingsi_fpga\Efinity_Project\Ti60F225_OV5640_Face_Reproduction\ip/DdrCtrl\DdrCtrl.sv (1460)" representative instance : ddr3_ctl_axi/u_efx_ddr3_soft_controller/genblk1.inst_ddr3_axi/inst_efx_ddr3/top_mc/controller_main/dffrs_2527/i10_rst_2
FF|OPT : Flip-flop optimization by equivalence checking
@ "D:\yilingsi_fpga\Efinity_Project\Ti60F225_OV5640_Face_Reproduction\ip/DdrCtrl\DdrCtrl.sv (1460)" removed instance : ddr3_ctl_axi/u_efx_ddr3_soft_controller/genblk1.inst_ddr3_axi/inst_efx_ddr3/top_mc/controller_main/dffrs_2527/i12_rst_3
@ "D:\yilingsi_fpga\Efinity_Project\Ti60F225_OV5640_Face_Reproduction\ip/DdrCtrl\DdrCtrl.sv (1460)" representative instance : ddr3_ctl_axi/u_efx_ddr3_soft_controller/genblk1.inst_ddr3_axi/inst_efx_ddr3/top_mc/controller_main/dffrs_2527/i10_rst_3
FF|OPT : Flip-flop optimization by equivalence checking
@ "D:\yilingsi_fpga\Efinity_Project\Ti60F225_OV5640_Face_Reproduction\ip/DdrCtrl\DdrCtrl.sv (1460)" removed instance : ddr3_ctl_axi/u_efx_ddr3_soft_controller/genblk1.inst_ddr3_axi/inst_efx_ddr3/top_mc/controller_main/dffrs_2527/i120_rst_0
@ "D:\yilingsi_fpga\Efinity_Project\Ti60F225_OV5640_Face_Reproduction\ip/DdrCtrl\DdrCtrl.sv (1460)" representative instance : ddr3_ctl_axi/u_efx_ddr3_soft_controller/genblk1.inst_ddr3_axi/inst_efx_ddr3/top_mc/controller_main/dffrs_2527/i10_rst_0
FF|OPT : Flip-flop optimization by equivalence checking
@ "D:\yilingsi_fpga\Efinity_Project\Ti60F225_OV5640_Face_Reproduction\ip/DdrCtrl\DdrCtrl.sv (1460)" removed instance : ddr3_ctl_axi/u_efx_ddr3_soft_controller/genblk1.inst_ddr3_axi/inst_efx_ddr3/top_mc/controller_main/dffrs_2527/i120_rst_1
@ "D:\yilingsi_fpga\Efinity_Project\Ti60F225_OV5640_Face_Reproduction\ip/DdrCtrl\DdrCtrl.sv (1460)" representative instance : ddr3_ctl_axi/u_efx_ddr3_soft_controller/genblk1.inst_ddr3_axi/inst_efx_ddr3/top_mc/controller_main/dffrs_2527/i10_rst_1
FF|OPT : Flip-flop optimization by equivalence checking
@ "D:\yilingsi_fpga\Efinity_Project\Ti60F225_OV5640_Face_Reproduction\ip/DdrCtrl\DdrCtrl.sv (1460)" removed instance : ddr3_ctl_axi/u_efx_ddr3_soft_controller/genblk1.inst_ddr3_axi/inst_efx_ddr3/top_mc/controller_main/dffrs_2527/i120_rst_2
@ "D:\yilingsi_fpga\Efinity_Project\Ti60F225_OV5640_Face_Reproduction\ip/DdrCtrl\DdrCtrl.sv (1460)" representative instance : ddr3_ctl_axi/u_efx_ddr3_soft_controller/genblk1.inst_ddr3_axi/inst_efx_ddr3/top_mc/controller_main/dffrs_2527/i10_rst_2
FF|OPT : Flip-flop optimization by equivalence checking
@ "D:\yilingsi_fpga\Efinity_Project\Ti60F225_OV5640_Face_Reproduction\ip/DdrCtrl\DdrCtrl.sv (1460)" removed instance : ddr3_ctl_axi/u_efx_ddr3_soft_controller/genblk1.inst_ddr3_axi/inst_efx_ddr3/top_mc/controller_main/dffrs_2527/i120_rst_3
@ "D:\yilingsi_fpga\Efinity_Project\Ti60F225_OV5640_Face_Reproduction\ip/DdrCtrl\DdrCtrl.sv (1460)" representative instance : ddr3_ctl_axi/u_efx_ddr3_soft_controller/genblk1.inst_ddr3_axi/inst_efx_ddr3/top_mc/controller_main/dffrs_2527/i10_rst_3
FF|OPT : Flip-flop optimization by equivalence checking
@ "D:\yilingsi_fpga\Efinity_Project\Ti60F225_OV5640_Face_Reproduction\ip/DdrCtrl\DdrCtrl.sv (1460)" removed instance : ddr3_ctl_axi/u_efx_ddr3_soft_controller/genblk1.inst_ddr3_axi/inst_efx_ddr3/top_mc/controller_main/dffrs_2527/i119_rst_0
@ "D:\yilingsi_fpga\Efinity_Project\Ti60F225_OV5640_Face_Reproduction\ip/DdrCtrl\DdrCtrl.sv (1460)" representative instance : ddr3_ctl_axi/u_efx_ddr3_soft_controller/genblk1.inst_ddr3_axi/inst_efx_ddr3/top_mc/controller_main/dffrs_2527/i10_rst_0
FF|OPT : Flip-flop optimization by equivalence checking
@ "D:\yilingsi_fpga\Efinity_Project\Ti60F225_OV5640_Face_Reproduction\ip/DdrCtrl\DdrCtrl.sv (1460)" removed instance : ddr3_ctl_axi/u_efx_ddr3_soft_controller/genblk1.inst_ddr3_axi/inst_efx_ddr3/top_mc/controller_main/dffrs_2527/i119_rst_1
@ "D:\yilingsi_fpga\Efinity_Project\Ti60F225_OV5640_Face_Reproduction\ip/DdrCtrl\DdrCtrl.sv (1460)" representative instance : ddr3_ctl_axi/u_efx_ddr3_soft_controller/genblk1.inst_ddr3_axi/inst_efx_ddr3/top_mc/controller_main/dffrs_2527/i10_rst_1
FF|OPT : Flip-flop optimization by equivalence checking
@ "D:\yilingsi_fpga\Efinity_Project\Ti60F225_OV5640_Face_Reproduction\ip/DdrCtrl\DdrCtrl.sv (1460)" removed instance : ddr3_ctl_axi/u_efx_ddr3_soft_controller/genblk1.inst_ddr3_axi/inst_efx_ddr3/top_mc/controller_main/dffrs_2527/i119_rst_2
@ "D:\yilingsi_fpga\Efinity_Project\Ti60F225_OV5640_Face_Reproduction\ip/DdrCtrl\DdrCtrl.sv (1460)" representative instance : ddr3_ctl_axi/u_efx_ddr3_soft_controller/genblk1.inst_ddr3_axi/inst_efx_ddr3/top_mc/controller_main/dffrs_2527/i10_rst_2
FF|OPT : Flip-flop optimization by equivalence checking
@ "D:\yilingsi_fpga\Efinity_Project\Ti60F225_OV5640_Face_Reproduction\ip/DdrCtrl\DdrCtrl.sv (1460)" removed instance : ddr3_ctl_axi/u_efx_ddr3_soft_controller/genblk1.inst_ddr3_axi/inst_efx_ddr3/top_mc/controller_main/dffrs_2527/i119_rst_3
@ "D:\yilingsi_fpga\Efinity_Project\Ti60F225_OV5640_Face_Reproduction\ip/DdrCtrl\DdrCtrl.sv (1460)" representative instance : ddr3_ctl_axi/u_efx_ddr3_soft_controller/genblk1.inst_ddr3_axi/inst_efx_ddr3/top_mc/controller_main/dffrs_2527/i10_rst_3
FF|OPT : Flip-flop optimization by equivalence checking
@ "D:\yilingsi_fpga\Efinity_Project\Ti60F225_OV5640_Face_Reproduction\ip/DdrCtrl\DdrCtrl.sv (1460)" removed instance : ddr3_ctl_axi/u_efx_ddr3_soft_controller/genblk1.inst_ddr3_axi/inst_efx_ddr3/top_mc/controller_main/dffrs_2527/i118_rst_0
@ "D:\yilingsi_fpga\Efinity_Project\Ti60F225_OV5640_Face_Reproduction\ip/DdrCtrl\DdrCtrl.sv (1460)" representative instance : ddr3_ctl_axi/u_efx_ddr3_soft_controller/genblk1.inst_ddr3_axi/inst_efx_ddr3/top_mc/controller_main/dffrs_2527/i10_rst_0
FF|OPT : Flip-flop optimization by equivalence checking
@ "D:\yilingsi_fpga\Efinity_Project\Ti60F225_OV5640_Face_Reproduction\ip/DdrCtrl\DdrCtrl.sv (1460)" removed instance : ddr3_ctl_axi/u_efx_ddr3_soft_controller/genblk1.inst_ddr3_axi/inst_efx_ddr3/top_mc/controller_main/dffrs_2527/i118_rst_1
@ "D:\yilingsi_fpga\Efinity_Project\Ti60F225_OV5640_Face_Reproduction\ip/DdrCtrl\DdrCtrl.sv (1460)" representative instance : ddr3_ctl_axi/u_efx_ddr3_soft_controller/genblk1.inst_ddr3_axi/inst_efx_ddr3/top_mc/controller_main/dffrs_2527/i10_rst_1
FF|OPT : Flip-flop optimization by equivalence checking
@ "D:\yilingsi_fpga\Efinity_Project\Ti60F225_OV5640_Face_Reproduction\ip/DdrCtrl\DdrCtrl.sv (1460)" removed instance : ddr3_ctl_axi/u_efx_ddr3_soft_controller/genblk1.inst_ddr3_axi/inst_efx_ddr3/top_mc/controller_main/dffrs_2527/i118_rst_2
@ "D:\yilingsi_fpga\Efinity_Project\Ti60F225_OV5640_Face_Reproduction\ip/DdrCtrl\DdrCtrl.sv (1460)" representative instance : ddr3_ctl_axi/u_efx_ddr3_soft_controller/genblk1.inst_ddr3_axi/inst_efx_ddr3/top_mc/controller_main/dffrs_2527/i10_rst_2
FF|OPT : Flip-flop optimization by equivalence checking
@ "D:\yilingsi_fpga\Efinity_Project\Ti60F225_OV5640_Face_Reproduction\ip/DdrCtrl\DdrCtrl.sv (1460)" removed instance : ddr3_ctl_axi/u_efx_ddr3_soft_controller/genblk1.inst_ddr3_axi/inst_efx_ddr3/top_mc/controller_main/dffrs_2527/i118_rst_3
@ "D:\yilingsi_fpga\Efinity_Project\Ti60F225_OV5640_Face_Reproduction\ip/DdrCtrl\DdrCtrl.sv (1460)" representative instance : ddr3_ctl_axi/u_efx_ddr3_soft_controller/genblk1.inst_ddr3_axi/inst_efx_ddr3/top_mc/controller_main/dffrs_2527/i10_rst_3
FF|OPT : Flip-flop optimization by equivalence checking
@ "D:\yilingsi_fpga\Efinity_Project\Ti60F225_OV5640_Face_Reproduction\ip/DdrCtrl\DdrCtrl.sv (1460)" removed instance : ddr3_ctl_axi/u_efx_ddr3_soft_controller/genblk1.inst_ddr3_axi/inst_efx_ddr3/top_mc/controller_main/dffrs_2527/i117_rst_0
@ "D:\yilingsi_fpga\Efinity_Project\Ti60F225_OV5640_Face_Reproduction\ip/DdrCtrl\DdrCtrl.sv (1460)" representative instance : ddr3_ctl_axi/u_efx_ddr3_soft_controller/genblk1.inst_ddr3_axi/inst_efx_ddr3/top_mc/controller_main/dffrs_2527/i10_rst_0
FF|OPT : Flip-flop optimization by equivalence checking
@ "D:\yilingsi_fpga\Efinity_Project\Ti60F225_OV5640_Face_Reproduction\ip/DdrCtrl\DdrCtrl.sv (1460)" removed instance : ddr3_ctl_axi/u_efx_ddr3_soft_controller/genblk1.inst_ddr3_axi/inst_efx_ddr3/top_mc/controller_main/dffrs_2527/i117_rst_1
@ "D:\yilingsi_fpga\Efinity_Project\Ti60F225_OV5640_Face_Reproduction\ip/DdrCtrl\DdrCtrl.sv (1460)" representative instance : ddr3_ctl_axi/u_efx_ddr3_soft_controller/genblk1.inst_ddr3_axi/inst_efx_ddr3/top_mc/controller_main/dffrs_2527/i10_rst_1
FF|OPT : Flip-flop optimization by equivalence checking
@ "D:\yilingsi_fpga\Efinity_Project\Ti60F225_OV5640_Face_Reproduction\ip/DdrCtrl\DdrCtrl.sv (1460)" removed instance : ddr3_ctl_axi/u_efx_ddr3_soft_controller/genblk1.inst_ddr3_axi/inst_efx_ddr3/top_mc/controller_main/dffrs_2527/i117_rst_2
@ "D:\yilingsi_fpga\Efinity_Project\Ti60F225_OV5640_Face_Reproduction\ip/DdrCtrl\DdrCtrl.sv (1460)" representative instance : ddr3_ctl_axi/u_efx_ddr3_soft_controller/genblk1.inst_ddr3_axi/inst_efx_ddr3/top_mc/controller_main/dffrs_2527/i10_rst_2
FF|OPT : Flip-flop optimization by equivalence checking
@ "D:\yilingsi_fpga\Efinity_Project\Ti60F225_OV5640_Face_Reproduction\ip/DdrCtrl\DdrCtrl.sv (1460)" removed instance : ddr3_ctl_axi/u_efx_ddr3_soft_controller/genblk1.inst_ddr3_axi/inst_efx_ddr3/top_mc/controller_main/dffrs_2527/i117_rst_3
@ "D:\yilingsi_fpga\Efinity_Project\Ti60F225_OV5640_Face_Reproduction\ip/DdrCtrl\DdrCtrl.sv (1460)" representative instance : ddr3_ctl_axi/u_efx_ddr3_soft_controller/genblk1.inst_ddr3_axi/inst_efx_ddr3/top_mc/controller_main/dffrs_2527/i10_rst_3
FF|OPT : Flip-flop optimization by equivalence checking
@ "D:\yilingsi_fpga\Efinity_Project\Ti60F225_OV5640_Face_Reproduction\ip/DdrCtrl\DdrCtrl.sv (1460)" removed instance : ddr3_ctl_axi/u_efx_ddr3_soft_controller/genblk1.inst_ddr3_axi/inst_efx_ddr3/top_mc/controller_main/dffrs_2527/i116_rst_0
@ "D:\yilingsi_fpga\Efinity_Project\Ti60F225_OV5640_Face_Reproduction\ip/DdrCtrl\DdrCtrl.sv (1460)" representative instance : ddr3_ctl_axi/u_efx_ddr3_soft_controller/genblk1.inst_ddr3_axi/inst_efx_ddr3/top_mc/controller_main/dffrs_2527/i10_rst_0
FF|OPT : Flip-flop optimization by equivalence checking
@ "D:\yilingsi_fpga\Efinity_Project\Ti60F225_OV5640_Face_Reproduction\ip/DdrCtrl\DdrCtrl.sv (1460)" removed instance : ddr3_ctl_axi/u_efx_ddr3_soft_controller/genblk1.inst_ddr3_axi/inst_efx_ddr3/top_mc/controller_main/dffrs_2527/i116_rst_1
@ "D:\yilingsi_fpga\Efinity_Project\Ti60F225_OV5640_Face_Reproduction\ip/DdrCtrl\DdrCtrl.sv (1460)" representative instance : ddr3_ctl_axi/u_efx_ddr3_soft_controller/genblk1.inst_ddr3_axi/inst_efx_ddr3/top_mc/controller_main/dffrs_2527/i10_rst_1
FF|OPT : Flip-flop optimization by equivalence checking
@ "D:\yilingsi_fpga\Efinity_Project\Ti60F225_OV5640_Face_Reproduction\ip/DdrCtrl\DdrCtrl.sv (1460)" removed instance : ddr3_ctl_axi/u_efx_ddr3_soft_controller/genblk1.inst_ddr3_axi/inst_efx_ddr3/top_mc/controller_main/dffrs_2527/i116_rst_2
@ "D:\yilingsi_fpga\Efinity_Project\Ti60F225_OV5640_Face_Reproduction\ip/DdrCtrl\DdrCtrl.sv (1460)" representative instance : ddr3_ctl_axi/u_efx_ddr3_soft_controller/genblk1.inst_ddr3_axi/inst_efx_ddr3/top_mc/controller_main/dffrs_2527/i10_rst_2
FF|OPT : Flip-flop optimization by equivalence checking
@ "D:\yilingsi_fpga\Efinity_Project\Ti60F225_OV5640_Face_Reproduction\ip/DdrCtrl\DdrCtrl.sv (1460)" removed instance : ddr3_ctl_axi/u_efx_ddr3_soft_controller/genblk1.inst_ddr3_axi/inst_efx_ddr3/top_mc/controller_main/dffrs_2527/i116_rst_3
@ "D:\yilingsi_fpga\Efinity_Project\Ti60F225_OV5640_Face_Reproduction\ip/DdrCtrl\DdrCtrl.sv (1460)" representative instance : ddr3_ctl_axi/u_efx_ddr3_soft_controller/genblk1.inst_ddr3_axi/inst_efx_ddr3/top_mc/controller_main/dffrs_2527/i10_rst_3
FF|OPT : Flip-flop optimization by equivalence checking
@ "D:\yilingsi_fpga\Efinity_Project\Ti60F225_OV5640_Face_Reproduction\ip/DdrCtrl\DdrCtrl.sv (1460)" removed instance : ddr3_ctl_axi/u_efx_ddr3_soft_controller/genblk1.inst_ddr3_axi/inst_efx_ddr3/top_mc/controller_main/dffrs_2527/i115_rst_0
@ "D:\yilingsi_fpga\Efinity_Project\Ti60F225_OV5640_Face_Reproduction\ip/DdrCtrl\DdrCtrl.sv (1460)" representative instance : ddr3_ctl_axi/u_efx_ddr3_soft_controller/genblk1.inst_ddr3_axi/inst_efx_ddr3/top_mc/controller_main/dffrs_2527/i10_rst_0
FF|OPT : Flip-flop optimization by equivalence checking
@ "D:\yilingsi_fpga\Efinity_Project\Ti60F225_OV5640_Face_Reproduction\ip/DdrCtrl\DdrCtrl.sv (1460)" removed instance : ddr3_ctl_axi/u_efx_ddr3_soft_controller/genblk1.inst_ddr3_axi/inst_efx_ddr3/top_mc/controller_main/dffrs_2527/i115_rst_1
@ "D:\yilingsi_fpga\Efinity_Project\Ti60F225_OV5640_Face_Reproduction\ip/DdrCtrl\DdrCtrl.sv (1460)" representative instance : ddr3_ctl_axi/u_efx_ddr3_soft_controller/genblk1.inst_ddr3_axi/inst_efx_ddr3/top_mc/controller_main/dffrs_2527/i10_rst_1
FF|OPT : Flip-flop optimization by equivalence checking
@ "D:\yilingsi_fpga\Efinity_Project\Ti60F225_OV5640_Face_Reproduction\ip/DdrCtrl\DdrCtrl.sv (1460)" removed instance : ddr3_ctl_axi/u_efx_ddr3_soft_controller/genblk1.inst_ddr3_axi/inst_efx_ddr3/top_mc/controller_main/dffrs_2527/i115_rst_2
@ "D:\yilingsi_fpga\Efinity_Project\Ti60F225_OV5640_Face_Reproduction\ip/DdrCtrl\DdrCtrl.sv (1460)" representative instance : ddr3_ctl_axi/u_efx_ddr3_soft_controller/genblk1.inst_ddr3_axi/inst_efx_ddr3/top_mc/controller_main/dffrs_2527/i10_rst_2
FF|OPT : Flip-flop optimization by equivalence checking
@ "D:\yilingsi_fpga\Efinity_Project\Ti60F225_OV5640_Face_Reproduction\ip/DdrCtrl\DdrCtrl.sv (1460)" removed instance : ddr3_ctl_axi/u_efx_ddr3_soft_controller/genblk1.inst_ddr3_axi/inst_efx_ddr3/top_mc/controller_main/dffrs_2527/i115_rst_3
@ "D:\yilingsi_fpga\Efinity_Project\Ti60F225_OV5640_Face_Reproduction\ip/DdrCtrl\DdrCtrl.sv (1460)" representative instance : ddr3_ctl_axi/u_efx_ddr3_soft_controller/genblk1.inst_ddr3_axi/inst_efx_ddr3/top_mc/controller_main/dffrs_2527/i10_rst_3
FF|OPT : Flip-flop optimization by equivalence checking
@ "D:\yilingsi_fpga\Efinity_Project\Ti60F225_OV5640_Face_Reproduction\ip/DdrCtrl\DdrCtrl.sv (1460)" removed instance : ddr3_ctl_axi/u_efx_ddr3_soft_controller/genblk1.inst_ddr3_axi/inst_efx_ddr3/top_mc/controller_main/dffrs_2527/i114_rst_0
@ "D:\yilingsi_fpga\Efinity_Project\Ti60F225_OV5640_Face_Reproduction\ip/DdrCtrl\DdrCtrl.sv (1460)" representative instance : ddr3_ctl_axi/u_efx_ddr3_soft_controller/genblk1.inst_ddr3_axi/inst_efx_ddr3/top_mc/controller_main/dffrs_2527/i10_rst_0
FF|OPT : Flip-flop optimization by equivalence checking
@ "D:\yilingsi_fpga\Efinity_Project\Ti60F225_OV5640_Face_Reproduction\ip/DdrCtrl\DdrCtrl.sv (1460)" removed instance : ddr3_ctl_axi/u_efx_ddr3_soft_controller/genblk1.inst_ddr3_axi/inst_efx_ddr3/top_mc/controller_main/dffrs_2527/i114_rst_1
@ "D:\yilingsi_fpga\Efinity_Project\Ti60F225_OV5640_Face_Reproduction\ip/DdrCtrl\DdrCtrl.sv (1460)" representative instance : ddr3_ctl_axi/u_efx_ddr3_soft_controller/genblk1.inst_ddr3_axi/inst_efx_ddr3/top_mc/controller_main/dffrs_2527/i10_rst_1
FF|OPT : Flip-flop optimization by equivalence checking
@ "D:\yilingsi_fpga\Efinity_Project\Ti60F225_OV5640_Face_Reproduction\ip/DdrCtrl\DdrCtrl.sv (1460)" removed instance : ddr3_ctl_axi/u_efx_ddr3_soft_controller/genblk1.inst_ddr3_axi/inst_efx_ddr3/top_mc/controller_main/dffrs_2527/i114_rst_2
@ "D:\yilingsi_fpga\Efinity_Project\Ti60F225_OV5640_Face_Reproduction\ip/DdrCtrl\DdrCtrl.sv (1460)" representative instance : ddr3_ctl_axi/u_efx_ddr3_soft_controller/genblk1.inst_ddr3_axi/inst_efx_ddr3/top_mc/controller_main/dffrs_2527/i10_rst_2
FF|OPT : Flip-flop optimization by equivalence checking
@ "D:\yilingsi_fpga\Efinity_Project\Ti60F225_OV5640_Face_Reproduction\ip/DdrCtrl\DdrCtrl.sv (1460)" removed instance : ddr3_ctl_axi/u_efx_ddr3_soft_controller/genblk1.inst_ddr3_axi/inst_efx_ddr3/top_mc/controller_main/dffrs_2527/i114_rst_3
@ "D:\yilingsi_fpga\Efinity_Project\Ti60F225_OV5640_Face_Reproduction\ip/DdrCtrl\DdrCtrl.sv (1460)" representative instance : ddr3_ctl_axi/u_efx_ddr3_soft_controller/genblk1.inst_ddr3_axi/inst_efx_ddr3/top_mc/controller_main/dffrs_2527/i10_rst_3
FF|OPT : Flip-flop optimization by equivalence checking
@ "D:\yilingsi_fpga\Efinity_Project\Ti60F225_OV5640_Face_Reproduction\ip/DdrCtrl\DdrCtrl.sv (1460)" removed instance : ddr3_ctl_axi/u_efx_ddr3_soft_controller/genblk1.inst_ddr3_axi/inst_efx_ddr3/top_mc/controller_main/dffrs_2527/i113_rst_0
@ "D:\yilingsi_fpga\Efinity_Project\Ti60F225_OV5640_Face_Reproduction\ip/DdrCtrl\DdrCtrl.sv (1460)" representative instance : ddr3_ctl_axi/u_efx_ddr3_soft_controller/genblk1.inst_ddr3_axi/inst_efx_ddr3/top_mc/controller_main/dffrs_2527/i10_rst_0
FF|OPT : Flip-flop optimization by equivalence checking
@ "D:\yilingsi_fpga\Efinity_Project\Ti60F225_OV5640_Face_Reproduction\ip/DdrCtrl\DdrCtrl.sv (1460)" removed instance : ddr3_ctl_axi/u_efx_ddr3_soft_controller/genblk1.inst_ddr3_axi/inst_efx_ddr3/top_mc/controller_main/dffrs_2527/i113_rst_1
@ "D:\yilingsi_fpga\Efinity_Project\Ti60F225_OV5640_Face_Reproduction\ip/DdrCtrl\DdrCtrl.sv (1460)" representative instance : ddr3_ctl_axi/u_efx_ddr3_soft_controller/genblk1.inst_ddr3_axi/inst_efx_ddr3/top_mc/controller_main/dffrs_2527/i10_rst_1
FF|OPT : Flip-flop optimization by equivalence checking
@ "D:\yilingsi_fpga\Efinity_Project\Ti60F225_OV5640_Face_Reproduction\ip/DdrCtrl\DdrCtrl.sv (1460)" removed instance : ddr3_ctl_axi/u_efx_ddr3_soft_controller/genblk1.inst_ddr3_axi/inst_efx_ddr3/top_mc/controller_main/dffrs_2527/i113_rst_2
@ "D:\yilingsi_fpga\Efinity_Project\Ti60F225_OV5640_Face_Reproduction\ip/DdrCtrl\DdrCtrl.sv (1460)" representative instance : ddr3_ctl_axi/u_efx_ddr3_soft_controller/genblk1.inst_ddr3_axi/inst_efx_ddr3/top_mc/controller_main/dffrs_2527/i10_rst_2
FF|OPT : Flip-flop optimization by equivalence checking
@ "D:\yilingsi_fpga\Efinity_Project\Ti60F225_OV5640_Face_Reproduction\ip/DdrCtrl\DdrCtrl.sv (1460)" removed instance : ddr3_ctl_axi/u_efx_ddr3_soft_controller/genblk1.inst_ddr3_axi/inst_efx_ddr3/top_mc/controller_main/dffrs_2527/i113_rst_3
@ "D:\yilingsi_fpga\Efinity_Project\Ti60F225_OV5640_Face_Reproduction\ip/DdrCtrl\DdrCtrl.sv (1460)" representative instance : ddr3_ctl_axi/u_efx_ddr3_soft_controller/genblk1.inst_ddr3_axi/inst_efx_ddr3/top_mc/controller_main/dffrs_2527/i10_rst_3
FF|OPT : Flip-flop optimization by equivalence checking
@ "D:\yilingsi_fpga\Efinity_Project\Ti60F225_OV5640_Face_Reproduction\ip/DdrCtrl\DdrCtrl.sv (1460)" removed instance : ddr3_ctl_axi/u_efx_ddr3_soft_controller/genblk1.inst_ddr3_axi/inst_efx_ddr3/top_mc/controller_main/dffrs_2527/i112_rst_0
@ "D:\yilingsi_fpga\Efinity_Project\Ti60F225_OV5640_Face_Reproduction\ip/DdrCtrl\DdrCtrl.sv (1460)" representative instance : ddr3_ctl_axi/u_efx_ddr3_soft_controller/genblk1.inst_ddr3_axi/inst_efx_ddr3/top_mc/controller_main/dffrs_2527/i10_rst_0
FF|OPT : Flip-flop optimization by equivalence checking
@ "D:\yilingsi_fpga\Efinity_Project\Ti60F225_OV5640_Face_Reproduction\ip/DdrCtrl\DdrCtrl.sv (1460)" removed instance : ddr3_ctl_axi/u_efx_ddr3_soft_controller/genblk1.inst_ddr3_axi/inst_efx_ddr3/top_mc/controller_main/dffrs_2527/i112_rst_1
@ "D:\yilingsi_fpga\Efinity_Project\Ti60F225_OV5640_Face_Reproduction\ip/DdrCtrl\DdrCtrl.sv (1460)" representative instance : ddr3_ctl_axi/u_efx_ddr3_soft_controller/genblk1.inst_ddr3_axi/inst_efx_ddr3/top_mc/controller_main/dffrs_2527/i10_rst_1
FF|OPT : Flip-flop optimization by equivalence checking
@ "D:\yilingsi_fpga\Efinity_Project\Ti60F225_OV5640_Face_Reproduction\ip/DdrCtrl\DdrCtrl.sv (1460)" removed instance : ddr3_ctl_axi/u_efx_ddr3_soft_controller/genblk1.inst_ddr3_axi/inst_efx_ddr3/top_mc/controller_main/dffrs_2527/i112_rst_2
@ "D:\yilingsi_fpga\Efinity_Project\Ti60F225_OV5640_Face_Reproduction\ip/DdrCtrl\DdrCtrl.sv (1460)" representative instance : ddr3_ctl_axi/u_efx_ddr3_soft_controller/genblk1.inst_ddr3_axi/inst_efx_ddr3/top_mc/controller_main/dffrs_2527/i10_rst_2
FF|OPT : Flip-flop optimization by equivalence checking
@ "D:\yilingsi_fpga\Efinity_Project\Ti60F225_OV5640_Face_Reproduction\ip/DdrCtrl\DdrCtrl.sv (1460)" removed instance : ddr3_ctl_axi/u_efx_ddr3_soft_controller/genblk1.inst_ddr3_axi/inst_efx_ddr3/top_mc/controller_main/dffrs_2527/i112_rst_3
@ "D:\yilingsi_fpga\Efinity_Project\Ti60F225_OV5640_Face_Reproduction\ip/DdrCtrl\DdrCtrl.sv (1460)" representative instance : ddr3_ctl_axi/u_efx_ddr3_soft_controller/genblk1.inst_ddr3_axi/inst_efx_ddr3/top_mc/controller_main/dffrs_2527/i10_rst_3
FF|OPT : Flip-flop optimization by equivalence checking
@ "D:\yilingsi_fpga\Efinity_Project\Ti60F225_OV5640_Face_Reproduction\ip/DdrCtrl\DdrCtrl.sv (1460)" removed instance : ddr3_ctl_axi/u_efx_ddr3_soft_controller/genblk1.inst_ddr3_axi/inst_efx_ddr3/top_mc/controller_main/dffrs_2527/i111_rst_0
@ "D:\yilingsi_fpga\Efinity_Project\Ti60F225_OV5640_Face_Reproduction\ip/DdrCtrl\DdrCtrl.sv (1460)" representative instance : ddr3_ctl_axi/u_efx_ddr3_soft_controller/genblk1.inst_ddr3_axi/inst_efx_ddr3/top_mc/controller_main/dffrs_2527/i10_rst_0
FF|OPT : Flip-flop optimization by equivalence checking
@ "D:\yilingsi_fpga\Efinity_Project\Ti60F225_OV5640_Face_Reproduction\ip/DdrCtrl\DdrCtrl.sv (1460)" removed instance : ddr3_ctl_axi/u_efx_ddr3_soft_controller/genblk1.inst_ddr3_axi/inst_efx_ddr3/top_mc/controller_main/dffrs_2527/i111_rst_1
@ "D:\yilingsi_fpga\Efinity_Project\Ti60F225_OV5640_Face_Reproduction\ip/DdrCtrl\DdrCtrl.sv (1460)" representative instance : ddr3_ctl_axi/u_efx_ddr3_soft_controller/genblk1.inst_ddr3_axi/inst_efx_ddr3/top_mc/controller_main/dffrs_2527/i10_rst_1
FF|OPT : Flip-flop optimization by equivalence checking
@ "D:\yilingsi_fpga\Efinity_Project\Ti60F225_OV5640_Face_Reproduction\ip/DdrCtrl\DdrCtrl.sv (1460)" removed instance : ddr3_ctl_axi/u_efx_ddr3_soft_controller/genblk1.inst_ddr3_axi/inst_efx_ddr3/top_mc/controller_main/dffrs_2527/i111_rst_2
@ "D:\yilingsi_fpga\Efinity_Project\Ti60F225_OV5640_Face_Reproduction\ip/DdrCtrl\DdrCtrl.sv (1460)" representative instance : ddr3_ctl_axi/u_efx_ddr3_soft_controller/genblk1.inst_ddr3_axi/inst_efx_ddr3/top_mc/controller_main/dffrs_2527/i10_rst_2
FF|OPT : Flip-flop optimization by equivalence checking
@ "D:\yilingsi_fpga\Efinity_Project\Ti60F225_OV5640_Face_Reproduction\ip/DdrCtrl\DdrCtrl.sv (1460)" removed instance : ddr3_ctl_axi/u_efx_ddr3_soft_controller/genblk1.inst_ddr3_axi/inst_efx_ddr3/top_mc/controller_main/dffrs_2527/i111_rst_3
@ "D:\yilingsi_fpga\Efinity_Project\Ti60F225_OV5640_Face_Reproduction\ip/DdrCtrl\DdrCtrl.sv (1460)" representative instance : ddr3_ctl_axi/u_efx_ddr3_soft_controller/genblk1.inst_ddr3_axi/inst_efx_ddr3/top_mc/controller_main/dffrs_2527/i10_rst_3
FF|OPT : Flip-flop optimization by equivalence checking
@ "D:\yilingsi_fpga\Efinity_Project\Ti60F225_OV5640_Face_Reproduction\ip/DdrCtrl\DdrCtrl.sv (1460)" removed instance : ddr3_ctl_axi/u_efx_ddr3_soft_controller/genblk1.inst_ddr3_axi/inst_efx_ddr3/top_mc/controller_main/dffrs_2527/i11_rst_0
@ "D:\yilingsi_fpga\Efinity_Project\Ti60F225_OV5640_Face_Reproduction\ip/DdrCtrl\DdrCtrl.sv (1460)" representative instance : ddr3_ctl_axi/u_efx_ddr3_soft_controller/genblk1.inst_ddr3_axi/inst_efx_ddr3/top_mc/controller_main/dffrs_2527/i10_rst_0
FF|OPT : Flip-flop optimization by equivalence checking
@ "D:\yilingsi_fpga\Efinity_Project\Ti60F225_OV5640_Face_Reproduction\ip/DdrCtrl\DdrCtrl.sv (1460)" removed instance : ddr3_ctl_axi/u_efx_ddr3_soft_controller/genblk1.inst_ddr3_axi/inst_efx_ddr3/top_mc/controller_main/dffrs_2527/i11_rst_1
@ "D:\yilingsi_fpga\Efinity_Project\Ti60F225_OV5640_Face_Reproduction\ip/DdrCtrl\DdrCtrl.sv (1460)" representative instance : ddr3_ctl_axi/u_efx_ddr3_soft_controller/genblk1.inst_ddr3_axi/inst_efx_ddr3/top_mc/controller_main/dffrs_2527/i10_rst_1
FF|OPT : Flip-flop optimization by equivalence checking
@ "D:\yilingsi_fpga\Efinity_Project\Ti60F225_OV5640_Face_Reproduction\ip/DdrCtrl\DdrCtrl.sv (1460)" removed instance : ddr3_ctl_axi/u_efx_ddr3_soft_controller/genblk1.inst_ddr3_axi/inst_efx_ddr3/top_mc/controller_main/dffrs_2527/i11_rst_2
@ "D:\yilingsi_fpga\Efinity_Project\Ti60F225_OV5640_Face_Reproduction\ip/DdrCtrl\DdrCtrl.sv (1460)" representative instance : ddr3_ctl_axi/u_efx_ddr3_soft_controller/genblk1.inst_ddr3_axi/inst_efx_ddr3/top_mc/controller_main/dffrs_2527/i10_rst_2
FF|OPT : Flip-flop optimization by equivalence checking
@ "D:\yilingsi_fpga\Efinity_Project\Ti60F225_OV5640_Face_Reproduction\ip/DdrCtrl\DdrCtrl.sv (1460)" removed instance : ddr3_ctl_axi/u_efx_ddr3_soft_controller/genblk1.inst_ddr3_axi/inst_efx_ddr3/top_mc/controller_main/dffrs_2527/i11_rst_3
@ "D:\yilingsi_fpga\Efinity_Project\Ti60F225_OV5640_Face_Reproduction\ip/DdrCtrl\DdrCtrl.sv (1460)" representative instance : ddr3_ctl_axi/u_efx_ddr3_soft_controller/genblk1.inst_ddr3_axi/inst_efx_ddr3/top_mc/controller_main/dffrs_2527/i10_rst_3
FF|OPT : Flip-flop optimization by equivalence checking
@ "D:\yilingsi_fpga\Efinity_Project\Ti60F225_OV5640_Face_Reproduction\ip/DdrCtrl\DdrCtrl.sv (1460)" removed instance : ddr3_ctl_axi/u_efx_ddr3_soft_controller/genblk1.inst_ddr3_axi/inst_efx_ddr3/top_mc/controller_main/dffrs_2527/i110_rst_0
@ "D:\yilingsi_fpga\Efinity_Project\Ti60F225_OV5640_Face_Reproduction\ip/DdrCtrl\DdrCtrl.sv (1460)" representative instance : ddr3_ctl_axi/u_efx_ddr3_soft_controller/genblk1.inst_ddr3_axi/inst_efx_ddr3/top_mc/controller_main/dffrs_2527/i10_rst_0
FF|OPT : Flip-flop optimization by equivalence checking
@ "D:\yilingsi_fpga\Efinity_Project\Ti60F225_OV5640_Face_Reproduction\ip/DdrCtrl\DdrCtrl.sv (1460)" removed instance : ddr3_ctl_axi/u_efx_ddr3_soft_controller/genblk1.inst_ddr3_axi/inst_efx_ddr3/top_mc/controller_main/dffrs_2527/i110_rst_1
@ "D:\yilingsi_fpga\Efinity_Project\Ti60F225_OV5640_Face_Reproduction\ip/DdrCtrl\DdrCtrl.sv (1460)" representative instance : ddr3_ctl_axi/u_efx_ddr3_soft_controller/genblk1.inst_ddr3_axi/inst_efx_ddr3/top_mc/controller_main/dffrs_2527/i10_rst_1
FF|OPT : Flip-flop optimization by equivalence checking
@ "D:\yilingsi_fpga\Efinity_Project\Ti60F225_OV5640_Face_Reproduction\ip/DdrCtrl\DdrCtrl.sv (1460)" removed instance : ddr3_ctl_axi/u_efx_ddr3_soft_controller/genblk1.inst_ddr3_axi/inst_efx_ddr3/top_mc/controller_main/dffrs_2527/i110_rst_2
@ "D:\yilingsi_fpga\Efinity_Project\Ti60F225_OV5640_Face_Reproduction\ip/DdrCtrl\DdrCtrl.sv (1460)" representative instance : ddr3_ctl_axi/u_efx_ddr3_soft_controller/genblk1.inst_ddr3_axi/inst_efx_ddr3/top_mc/controller_main/dffrs_2527/i10_rst_2
FF|OPT : Flip-flop optimization by equivalence checking
@ "D:\yilingsi_fpga\Efinity_Project\Ti60F225_OV5640_Face_Reproduction\ip/DdrCtrl\DdrCtrl.sv (1460)" removed instance : ddr3_ctl_axi/u_efx_ddr3_soft_controller/genblk1.inst_ddr3_axi/inst_efx_ddr3/top_mc/controller_main/dffrs_2527/i110_rst_3
@ "D:\yilingsi_fpga\Efinity_Project\Ti60F225_OV5640_Face_Reproduction\ip/DdrCtrl\DdrCtrl.sv (1460)" representative instance : ddr3_ctl_axi/u_efx_ddr3_soft_controller/genblk1.inst_ddr3_axi/inst_efx_ddr3/top_mc/controller_main/dffrs_2527/i10_rst_3
FF|OPT : Flip-flop optimization by equivalence checking
@ "D:\yilingsi_fpga\Efinity_Project\Ti60F225_OV5640_Face_Reproduction\ip/DdrCtrl\DdrCtrl.sv (1460)" removed instance : ddr3_ctl_axi/u_efx_ddr3_soft_controller/genblk1.inst_ddr3_axi/inst_efx_ddr3/top_mc/controller_main/dffrs_2527/i109_rst_0
@ "D:\yilingsi_fpga\Efinity_Project\Ti60F225_OV5640_Face_Reproduction\ip/DdrCtrl\DdrCtrl.sv (1460)" representative instance : ddr3_ctl_axi/u_efx_ddr3_soft_controller/genblk1.inst_ddr3_axi/inst_efx_ddr3/top_mc/controller_main/dffrs_2527/i10_rst_0
FF|OPT : Flip-flop optimization by equivalence checking
@ "D:\yilingsi_fpga\Efinity_Project\Ti60F225_OV5640_Face_Reproduction\ip/DdrCtrl\DdrCtrl.sv (1460)" removed instance : ddr3_ctl_axi/u_efx_ddr3_soft_controller/genblk1.inst_ddr3_axi/inst_efx_ddr3/top_mc/controller_main/dffrs_2527/i109_rst_1
@ "D:\yilingsi_fpga\Efinity_Project\Ti60F225_OV5640_Face_Reproduction\ip/DdrCtrl\DdrCtrl.sv (1460)" representative instance : ddr3_ctl_axi/u_efx_ddr3_soft_controller/genblk1.inst_ddr3_axi/inst_efx_ddr3/top_mc/controller_main/dffrs_2527/i10_rst_1
FF|OPT : Flip-flop optimization by equivalence checking
@ "D:\yilingsi_fpga\Efinity_Project\Ti60F225_OV5640_Face_Reproduction\ip/DdrCtrl\DdrCtrl.sv (1460)" removed instance : ddr3_ctl_axi/u_efx_ddr3_soft_controller/genblk1.inst_ddr3_axi/inst_efx_ddr3/top_mc/controller_main/dffrs_2527/i109_rst_2
@ "D:\yilingsi_fpga\Efinity_Project\Ti60F225_OV5640_Face_Reproduction\ip/DdrCtrl\DdrCtrl.sv (1460)" representative instance : ddr3_ctl_axi/u_efx_ddr3_soft_controller/genblk1.inst_ddr3_axi/inst_efx_ddr3/top_mc/controller_main/dffrs_2527/i10_rst_2
FF|OPT : Flip-flop optimization by equivalence checking
@ "D:\yilingsi_fpga\Efinity_Project\Ti60F225_OV5640_Face_Reproduction\ip/DdrCtrl\DdrCtrl.sv (1460)" removed instance : ddr3_ctl_axi/u_efx_ddr3_soft_controller/genblk1.inst_ddr3_axi/inst_efx_ddr3/top_mc/controller_main/dffrs_2527/i109_rst_3
@ "D:\yilingsi_fpga\Efinity_Project\Ti60F225_OV5640_Face_Reproduction\ip/DdrCtrl\DdrCtrl.sv (1460)" representative instance : ddr3_ctl_axi/u_efx_ddr3_soft_controller/genblk1.inst_ddr3_axi/inst_efx_ddr3/top_mc/controller_main/dffrs_2527/i10_rst_3
FF|OPT : Flip-flop optimization by equivalence checking
@ "D:\yilingsi_fpga\Efinity_Project\Ti60F225_OV5640_Face_Reproduction\ip/DdrCtrl\DdrCtrl.sv (1460)" removed instance : ddr3_ctl_axi/u_efx_ddr3_soft_controller/genblk1.inst_ddr3_axi/inst_efx_ddr3/top_mc/controller_main/dffrs_2527/i108_rst_0
@ "D:\yilingsi_fpga\Efinity_Project\Ti60F225_OV5640_Face_Reproduction\ip/DdrCtrl\DdrCtrl.sv (1460)" representative instance : ddr3_ctl_axi/u_efx_ddr3_soft_controller/genblk1.inst_ddr3_axi/inst_efx_ddr3/top_mc/controller_main/dffrs_2527/i10_rst_0
FF|OPT : Flip-flop optimization by equivalence checking
@ "D:\yilingsi_fpga\Efinity_Project\Ti60F225_OV5640_Face_Reproduction\ip/DdrCtrl\DdrCtrl.sv (1460)" removed instance : ddr3_ctl_axi/u_efx_ddr3_soft_controller/genblk1.inst_ddr3_axi/inst_efx_ddr3/top_mc/controller_main/dffrs_2527/i108_rst_1
@ "D:\yilingsi_fpga\Efinity_Project\Ti60F225_OV5640_Face_Reproduction\ip/DdrCtrl\DdrCtrl.sv (1460)" representative instance : ddr3_ctl_axi/u_efx_ddr3_soft_controller/genblk1.inst_ddr3_axi/inst_efx_ddr3/top_mc/controller_main/dffrs_2527/i10_rst_1
FF|OPT : Flip-flop optimization by equivalence checking
@ "D:\yilingsi_fpga\Efinity_Project\Ti60F225_OV5640_Face_Reproduction\ip/DdrCtrl\DdrCtrl.sv (1460)" removed instance : ddr3_ctl_axi/u_efx_ddr3_soft_controller/genblk1.inst_ddr3_axi/inst_efx_ddr3/top_mc/controller_main/dffrs_2527/i108_rst_2
@ "D:\yilingsi_fpga\Efinity_Project\Ti60F225_OV5640_Face_Reproduction\ip/DdrCtrl\DdrCtrl.sv (1460)" representative instance : ddr3_ctl_axi/u_efx_ddr3_soft_controller/genblk1.inst_ddr3_axi/inst_efx_ddr3/top_mc/controller_main/dffrs_2527/i10_rst_2
FF|OPT : Flip-flop optimization by equivalence checking
@ "D:\yilingsi_fpga\Efinity_Project\Ti60F225_OV5640_Face_Reproduction\ip/DdrCtrl\DdrCtrl.sv (1460)" removed instance : ddr3_ctl_axi/u_efx_ddr3_soft_controller/genblk1.inst_ddr3_axi/inst_efx_ddr3/top_mc/controller_main/dffrs_2527/i108_rst_3
@ "D:\yilingsi_fpga\Efinity_Project\Ti60F225_OV5640_Face_Reproduction\ip/DdrCtrl\DdrCtrl.sv (1460)" representative instance : ddr3_ctl_axi/u_efx_ddr3_soft_controller/genblk1.inst_ddr3_axi/inst_efx_ddr3/top_mc/controller_main/dffrs_2527/i10_rst_3
FF|OPT : Flip-flop optimization by equivalence checking
@ "D:\yilingsi_fpga\Efinity_Project\Ti60F225_OV5640_Face_Reproduction\ip/DdrCtrl\DdrCtrl.sv (1460)" removed instance : ddr3_ctl_axi/u_efx_ddr3_soft_controller/genblk1.inst_ddr3_axi/inst_efx_ddr3/top_mc/controller_main/dffrs_2527/i107_rst_0
@ "D:\yilingsi_fpga\Efinity_Project\Ti60F225_OV5640_Face_Reproduction\ip/DdrCtrl\DdrCtrl.sv (1460)" representative instance : ddr3_ctl_axi/u_efx_ddr3_soft_controller/genblk1.inst_ddr3_axi/inst_efx_ddr3/top_mc/controller_main/dffrs_2527/i10_rst_0
FF|OPT : Flip-flop optimization by equivalence checking
@ "D:\yilingsi_fpga\Efinity_Project\Ti60F225_OV5640_Face_Reproduction\ip/DdrCtrl\DdrCtrl.sv (1460)" removed instance : ddr3_ctl_axi/u_efx_ddr3_soft_controller/genblk1.inst_ddr3_axi/inst_efx_ddr3/top_mc/controller_main/dffrs_2527/i107_rst_1
@ "D:\yilingsi_fpga\Efinity_Project\Ti60F225_OV5640_Face_Reproduction\ip/DdrCtrl\DdrCtrl.sv (1460)" representative instance : ddr3_ctl_axi/u_efx_ddr3_soft_controller/genblk1.inst_ddr3_axi/inst_efx_ddr3/top_mc/controller_main/dffrs_2527/i10_rst_1
FF|OPT : Flip-flop optimization by equivalence checking
@ "D:\yilingsi_fpga\Efinity_Project\Ti60F225_OV5640_Face_Reproduction\ip/DdrCtrl\DdrCtrl.sv (1460)" removed instance : ddr3_ctl_axi/u_efx_ddr3_soft_controller/genblk1.inst_ddr3_axi/inst_efx_ddr3/top_mc/controller_main/dffrs_2527/i107_rst_2
@ "D:\yilingsi_fpga\Efinity_Project\Ti60F225_OV5640_Face_Reproduction\ip/DdrCtrl\DdrCtrl.sv (1460)" representative instance : ddr3_ctl_axi/u_efx_ddr3_soft_controller/genblk1.inst_ddr3_axi/inst_efx_ddr3/top_mc/controller_main/dffrs_2527/i10_rst_2
FF|OPT : Flip-flop optimization by equivalence checking
@ "D:\yilingsi_fpga\Efinity_Project\Ti60F225_OV5640_Face_Reproduction\ip/DdrCtrl\DdrCtrl.sv (1460)" removed instance : ddr3_ctl_axi/u_efx_ddr3_soft_controller/genblk1.inst_ddr3_axi/inst_efx_ddr3/top_mc/controller_main/dffrs_2527/i107_rst_3
@ "D:\yilingsi_fpga\Efinity_Project\Ti60F225_OV5640_Face_Reproduction\ip/DdrCtrl\DdrCtrl.sv (1460)" representative instance : ddr3_ctl_axi/u_efx_ddr3_soft_controller/genblk1.inst_ddr3_axi/inst_efx_ddr3/top_mc/controller_main/dffrs_2527/i10_rst_3
FF|OPT : Flip-flop optimization by equivalence checking
@ "D:\yilingsi_fpga\Efinity_Project\Ti60F225_OV5640_Face_Reproduction\ip/DdrCtrl\DdrCtrl.sv (1460)" removed instance : ddr3_ctl_axi/u_efx_ddr3_soft_controller/genblk1.inst_ddr3_axi/inst_efx_ddr3/top_mc/controller_main/dffrs_2527/i106_rst_0
@ "D:\yilingsi_fpga\Efinity_Project\Ti60F225_OV5640_Face_Reproduction\ip/DdrCtrl\DdrCtrl.sv (1460)" representative instance : ddr3_ctl_axi/u_efx_ddr3_soft_controller/genblk1.inst_ddr3_axi/inst_efx_ddr3/top_mc/controller_main/dffrs_2527/i10_rst_0
FF|OPT : Flip-flop optimization by equivalence checking
@ "D:\yilingsi_fpga\Efinity_Project\Ti60F225_OV5640_Face_Reproduction\ip/DdrCtrl\DdrCtrl.sv (1460)" removed instance : ddr3_ctl_axi/u_efx_ddr3_soft_controller/genblk1.inst_ddr3_axi/inst_efx_ddr3/top_mc/controller_main/dffrs_2527/i106_rst_1
@ "D:\yilingsi_fpga\Efinity_Project\Ti60F225_OV5640_Face_Reproduction\ip/DdrCtrl\DdrCtrl.sv (1460)" representative instance : ddr3_ctl_axi/u_efx_ddr3_soft_controller/genblk1.inst_ddr3_axi/inst_efx_ddr3/top_mc/controller_main/dffrs_2527/i10_rst_1
FF|OPT : Flip-flop optimization by equivalence checking
@ "D:\yilingsi_fpga\Efinity_Project\Ti60F225_OV5640_Face_Reproduction\ip/DdrCtrl\DdrCtrl.sv (1460)" removed instance : ddr3_ctl_axi/u_efx_ddr3_soft_controller/genblk1.inst_ddr3_axi/inst_efx_ddr3/top_mc/controller_main/dffrs_2527/i106_rst_2
@ "D:\yilingsi_fpga\Efinity_Project\Ti60F225_OV5640_Face_Reproduction\ip/DdrCtrl\DdrCtrl.sv (1460)" representative instance : ddr3_ctl_axi/u_efx_ddr3_soft_controller/genblk1.inst_ddr3_axi/inst_efx_ddr3/top_mc/controller_main/dffrs_2527/i10_rst_2
FF|OPT : Flip-flop optimization by equivalence checking
@ "D:\yilingsi_fpga\Efinity_Project\Ti60F225_OV5640_Face_Reproduction\ip/DdrCtrl\DdrCtrl.sv (1460)" removed instance : ddr3_ctl_axi/u_efx_ddr3_soft_controller/genblk1.inst_ddr3_axi/inst_efx_ddr3/top_mc/controller_main/dffrs_2527/i106_rst_3
@ "D:\yilingsi_fpga\Efinity_Project\Ti60F225_OV5640_Face_Reproduction\ip/DdrCtrl\DdrCtrl.sv (1460)" representative instance : ddr3_ctl_axi/u_efx_ddr3_soft_controller/genblk1.inst_ddr3_axi/inst_efx_ddr3/top_mc/controller_main/dffrs_2527/i10_rst_3
FF|OPT : Flip-flop optimization by equivalence checking
@ "D:\yilingsi_fpga\Efinity_Project\Ti60F225_OV5640_Face_Reproduction\ip/DdrCtrl\DdrCtrl.sv (1460)" removed instance : ddr3_ctl_axi/u_efx_ddr3_soft_controller/genblk1.inst_ddr3_axi/inst_efx_ddr3/top_mc/controller_main/dffrs_2527/i105_rst_0
@ "D:\yilingsi_fpga\Efinity_Project\Ti60F225_OV5640_Face_Reproduction\ip/DdrCtrl\DdrCtrl.sv (1460)" representative instance : ddr3_ctl_axi/u_efx_ddr3_soft_controller/genblk1.inst_ddr3_axi/inst_efx_ddr3/top_mc/controller_main/dffrs_2527/i10_rst_0
FF|OPT : Flip-flop optimization by equivalence checking
@ "D:\yilingsi_fpga\Efinity_Project\Ti60F225_OV5640_Face_Reproduction\ip/DdrCtrl\DdrCtrl.sv (1460)" removed instance : ddr3_ctl_axi/u_efx_ddr3_soft_controller/genblk1.inst_ddr3_axi/inst_efx_ddr3/top_mc/controller_main/dffrs_2527/i105_rst_1
@ "D:\yilingsi_fpga\Efinity_Project\Ti60F225_OV5640_Face_Reproduction\ip/DdrCtrl\DdrCtrl.sv (1460)" representative instance : ddr3_ctl_axi/u_efx_ddr3_soft_controller/genblk1.inst_ddr3_axi/inst_efx_ddr3/top_mc/controller_main/dffrs_2527/i10_rst_1
FF|OPT : Flip-flop optimization by equivalence checking
@ "D:\yilingsi_fpga\Efinity_Project\Ti60F225_OV5640_Face_Reproduction\ip/DdrCtrl\DdrCtrl.sv (1460)" removed instance : ddr3_ctl_axi/u_efx_ddr3_soft_controller/genblk1.inst_ddr3_axi/inst_efx_ddr3/top_mc/controller_main/dffrs_2527/i105_rst_2
@ "D:\yilingsi_fpga\Efinity_Project\Ti60F225_OV5640_Face_Reproduction\ip/DdrCtrl\DdrCtrl.sv (1460)" representative instance : ddr3_ctl_axi/u_efx_ddr3_soft_controller/genblk1.inst_ddr3_axi/inst_efx_ddr3/top_mc/controller_main/dffrs_2527/i10_rst_2
FF|OPT : Flip-flop optimization by equivalence checking
@ "D:\yilingsi_fpga\Efinity_Project\Ti60F225_OV5640_Face_Reproduction\ip/DdrCtrl\DdrCtrl.sv (1460)" removed instance : ddr3_ctl_axi/u_efx_ddr3_soft_controller/genblk1.inst_ddr3_axi/inst_efx_ddr3/top_mc/controller_main/dffrs_2527/i105_rst_3
@ "D:\yilingsi_fpga\Efinity_Project\Ti60F225_OV5640_Face_Reproduction\ip/DdrCtrl\DdrCtrl.sv (1460)" representative instance : ddr3_ctl_axi/u_efx_ddr3_soft_controller/genblk1.inst_ddr3_axi/inst_efx_ddr3/top_mc/controller_main/dffrs_2527/i10_rst_3
FF|OPT : Flip-flop optimization by equivalence checking
@ "D:\yilingsi_fpga\Efinity_Project\Ti60F225_OV5640_Face_Reproduction\ip/DdrCtrl\DdrCtrl.sv (1460)" removed instance : ddr3_ctl_axi/u_efx_ddr3_soft_controller/genblk1.inst_ddr3_axi/inst_efx_ddr3/top_mc/controller_main/dffrs_2527/i104_rst_0
@ "D:\yilingsi_fpga\Efinity_Project\Ti60F225_OV5640_Face_Reproduction\ip/DdrCtrl\DdrCtrl.sv (1460)" representative instance : ddr3_ctl_axi/u_efx_ddr3_soft_controller/genblk1.inst_ddr3_axi/inst_efx_ddr3/top_mc/controller_main/dffrs_2527/i10_rst_0
FF|OPT : Flip-flop optimization by equivalence checking
@ "D:\yilingsi_fpga\Efinity_Project\Ti60F225_OV5640_Face_Reproduction\ip/DdrCtrl\DdrCtrl.sv (1460)" removed instance : ddr3_ctl_axi/u_efx_ddr3_soft_controller/genblk1.inst_ddr3_axi/inst_efx_ddr3/top_mc/controller_main/dffrs_2527/i104_rst_1
@ "D:\yilingsi_fpga\Efinity_Project\Ti60F225_OV5640_Face_Reproduction\ip/DdrCtrl\DdrCtrl.sv (1460)" representative instance : ddr3_ctl_axi/u_efx_ddr3_soft_controller/genblk1.inst_ddr3_axi/inst_efx_ddr3/top_mc/controller_main/dffrs_2527/i10_rst_1
FF|OPT : Flip-flop optimization by equivalence checking
@ "D:\yilingsi_fpga\Efinity_Project\Ti60F225_OV5640_Face_Reproduction\ip/DdrCtrl\DdrCtrl.sv (1460)" removed instance : ddr3_ctl_axi/u_efx_ddr3_soft_controller/genblk1.inst_ddr3_axi/inst_efx_ddr3/top_mc/controller_main/dffrs_2527/i104_rst_2
@ "D:\yilingsi_fpga\Efinity_Project\Ti60F225_OV5640_Face_Reproduction\ip/DdrCtrl\DdrCtrl.sv (1460)" representative instance : ddr3_ctl_axi/u_efx_ddr3_soft_controller/genblk1.inst_ddr3_axi/inst_efx_ddr3/top_mc/controller_main/dffrs_2527/i10_rst_2
FF|OPT : Flip-flop optimization by equivalence checking
@ "D:\yilingsi_fpga\Efinity_Project\Ti60F225_OV5640_Face_Reproduction\ip/DdrCtrl\DdrCtrl.sv (1460)" removed instance : ddr3_ctl_axi/u_efx_ddr3_soft_controller/genblk1.inst_ddr3_axi/inst_efx_ddr3/top_mc/controller_main/dffrs_2527/i104_rst_3
@ "D:\yilingsi_fpga\Efinity_Project\Ti60F225_OV5640_Face_Reproduction\ip/DdrCtrl\DdrCtrl.sv (1460)" representative instance : ddr3_ctl_axi/u_efx_ddr3_soft_controller/genblk1.inst_ddr3_axi/inst_efx_ddr3/top_mc/controller_main/dffrs_2527/i10_rst_3
FF|OPT : Flip-flop optimization by equivalence checking
@ "D:\yilingsi_fpga\Efinity_Project\Ti60F225_OV5640_Face_Reproduction\ip/DdrCtrl\DdrCtrl.sv (1460)" removed instance : ddr3_ctl_axi/u_efx_ddr3_soft_controller/genblk1.inst_ddr3_axi/inst_efx_ddr3/top_mc/controller_main/dffrs_2527/i103_rst_0
@ "D:\yilingsi_fpga\Efinity_Project\Ti60F225_OV5640_Face_Reproduction\ip/DdrCtrl\DdrCtrl.sv (1460)" representative instance : ddr3_ctl_axi/u_efx_ddr3_soft_controller/genblk1.inst_ddr3_axi/inst_efx_ddr3/top_mc/controller_main/dffrs_2527/i10_rst_0
FF|OPT : Flip-flop optimization by equivalence checking
@ "D:\yilingsi_fpga\Efinity_Project\Ti60F225_OV5640_Face_Reproduction\ip/DdrCtrl\DdrCtrl.sv (1460)" removed instance : ddr3_ctl_axi/u_efx_ddr3_soft_controller/genblk1.inst_ddr3_axi/inst_efx_ddr3/top_mc/controller_main/dffrs_2527/i103_rst_1
@ "D:\yilingsi_fpga\Efinity_Project\Ti60F225_OV5640_Face_Reproduction\ip/DdrCtrl\DdrCtrl.sv (1460)" representative instance : ddr3_ctl_axi/u_efx_ddr3_soft_controller/genblk1.inst_ddr3_axi/inst_efx_ddr3/top_mc/controller_main/dffrs_2527/i10_rst_1
FF|OPT : Flip-flop optimization by equivalence checking
@ "D:\yilingsi_fpga\Efinity_Project\Ti60F225_OV5640_Face_Reproduction\ip/DdrCtrl\DdrCtrl.sv (1460)" removed instance : ddr3_ctl_axi/u_efx_ddr3_soft_controller/genblk1.inst_ddr3_axi/inst_efx_ddr3/top_mc/controller_main/dffrs_2527/i103_rst_2
@ "D:\yilingsi_fpga\Efinity_Project\Ti60F225_OV5640_Face_Reproduction\ip/DdrCtrl\DdrCtrl.sv (1460)" representative instance : ddr3_ctl_axi/u_efx_ddr3_soft_controller/genblk1.inst_ddr3_axi/inst_efx_ddr3/top_mc/controller_main/dffrs_2527/i10_rst_2
FF|OPT : Flip-flop optimization by equivalence checking
@ "D:\yilingsi_fpga\Efinity_Project\Ti60F225_OV5640_Face_Reproduction\ip/DdrCtrl\DdrCtrl.sv (1460)" removed instance : ddr3_ctl_axi/u_efx_ddr3_soft_controller/genblk1.inst_ddr3_axi/inst_efx_ddr3/top_mc/controller_main/dffrs_2527/i103_rst_3
@ "D:\yilingsi_fpga\Efinity_Project\Ti60F225_OV5640_Face_Reproduction\ip/DdrCtrl\DdrCtrl.sv (1460)" representative instance : ddr3_ctl_axi/u_efx_ddr3_soft_controller/genblk1.inst_ddr3_axi/inst_efx_ddr3/top_mc/controller_main/dffrs_2527/i10_rst_3
FF|OPT : Flip-flop optimization by equivalence checking
@ "D:\yilingsi_fpga\Efinity_Project\Ti60F225_OV5640_Face_Reproduction\ip/DdrCtrl\DdrCtrl.sv (1460)" removed instance : ddr3_ctl_axi/u_efx_ddr3_soft_controller/genblk1.inst_ddr3_axi/inst_efx_ddr3/top_mc/controller_main/dffrs_2527/i102_rst_0
@ "D:\yilingsi_fpga\Efinity_Project\Ti60F225_OV5640_Face_Reproduction\ip/DdrCtrl\DdrCtrl.sv (1460)" representative instance : ddr3_ctl_axi/u_efx_ddr3_soft_controller/genblk1.inst_ddr3_axi/inst_efx_ddr3/top_mc/controller_main/dffrs_2527/i10_rst_0
FF|OPT : Flip-flop optimization by equivalence checking
@ "D:\yilingsi_fpga\Efinity_Project\Ti60F225_OV5640_Face_Reproduction\ip/DdrCtrl\DdrCtrl.sv (1460)" removed instance : ddr3_ctl_axi/u_efx_ddr3_soft_controller/genblk1.inst_ddr3_axi/inst_efx_ddr3/top_mc/controller_main/dffrs_2527/i102_rst_1
@ "D:\yilingsi_fpga\Efinity_Project\Ti60F225_OV5640_Face_Reproduction\ip/DdrCtrl\DdrCtrl.sv (1460)" representative instance : ddr3_ctl_axi/u_efx_ddr3_soft_controller/genblk1.inst_ddr3_axi/inst_efx_ddr3/top_mc/controller_main/dffrs_2527/i10_rst_1
FF|OPT : Flip-flop optimization by equivalence checking
@ "D:\yilingsi_fpga\Efinity_Project\Ti60F225_OV5640_Face_Reproduction\ip/DdrCtrl\DdrCtrl.sv (1460)" removed instance : ddr3_ctl_axi/u_efx_ddr3_soft_controller/genblk1.inst_ddr3_axi/inst_efx_ddr3/top_mc/controller_main/dffrs_2527/i102_rst_2
@ "D:\yilingsi_fpga\Efinity_Project\Ti60F225_OV5640_Face_Reproduction\ip/DdrCtrl\DdrCtrl.sv (1460)" representative instance : ddr3_ctl_axi/u_efx_ddr3_soft_controller/genblk1.inst_ddr3_axi/inst_efx_ddr3/top_mc/controller_main/dffrs_2527/i10_rst_2
FF|OPT : Flip-flop optimization by equivalence checking
@ "D:\yilingsi_fpga\Efinity_Project\Ti60F225_OV5640_Face_Reproduction\ip/DdrCtrl\DdrCtrl.sv (1460)" removed instance : ddr3_ctl_axi/u_efx_ddr3_soft_controller/genblk1.inst_ddr3_axi/inst_efx_ddr3/top_mc/controller_main/dffrs_2527/i102_rst_3
@ "D:\yilingsi_fpga\Efinity_Project\Ti60F225_OV5640_Face_Reproduction\ip/DdrCtrl\DdrCtrl.sv (1460)" representative instance : ddr3_ctl_axi/u_efx_ddr3_soft_controller/genblk1.inst_ddr3_axi/inst_efx_ddr3/top_mc/controller_main/dffrs_2527/i10_rst_3
FF|OPT : Flip-flop optimization by equivalence checking
@ "D:\yilingsi_fpga\Efinity_Project\Ti60F225_OV5640_Face_Reproduction\ip/DdrCtrl\DdrCtrl.sv (1460)" removed instance : ddr3_ctl_axi/u_efx_ddr3_soft_controller/genblk1.inst_ddr3_axi/inst_efx_ddr3/top_mc/controller_main/dffrs_2527/i101_rst_0
@ "D:\yilingsi_fpga\Efinity_Project\Ti60F225_OV5640_Face_Reproduction\ip/DdrCtrl\DdrCtrl.sv (1460)" representative instance : ddr3_ctl_axi/u_efx_ddr3_soft_controller/genblk1.inst_ddr3_axi/inst_efx_ddr3/top_mc/controller_main/dffrs_2527/i10_rst_0
FF|OPT : Flip-flop optimization by equivalence checking
@ "D:\yilingsi_fpga\Efinity_Project\Ti60F225_OV5640_Face_Reproduction\ip/DdrCtrl\DdrCtrl.sv (1460)" removed instance : ddr3_ctl_axi/u_efx_ddr3_soft_controller/genblk1.inst_ddr3_axi/inst_efx_ddr3/top_mc/controller_main/dffrs_2527/i101_rst_1
@ "D:\yilingsi_fpga\Efinity_Project\Ti60F225_OV5640_Face_Reproduction\ip/DdrCtrl\DdrCtrl.sv (1460)" representative instance : ddr3_ctl_axi/u_efx_ddr3_soft_controller/genblk1.inst_ddr3_axi/inst_efx_ddr3/top_mc/controller_main/dffrs_2527/i10_rst_1
FF|OPT : Flip-flop optimization by equivalence checking
@ "D:\yilingsi_fpga\Efinity_Project\Ti60F225_OV5640_Face_Reproduction\ip/DdrCtrl\DdrCtrl.sv (1460)" removed instance : ddr3_ctl_axi/u_efx_ddr3_soft_controller/genblk1.inst_ddr3_axi/inst_efx_ddr3/top_mc/controller_main/dffrs_2527/i101_rst_2
@ "D:\yilingsi_fpga\Efinity_Project\Ti60F225_OV5640_Face_Reproduction\ip/DdrCtrl\DdrCtrl.sv (1460)" representative instance : ddr3_ctl_axi/u_efx_ddr3_soft_controller/genblk1.inst_ddr3_axi/inst_efx_ddr3/top_mc/controller_main/dffrs_2527/i10_rst_2
FF|OPT : Flip-flop optimization by equivalence checking
@ "D:\yilingsi_fpga\Efinity_Project\Ti60F225_OV5640_Face_Reproduction\ip/DdrCtrl\DdrCtrl.sv (1460)" removed instance : ddr3_ctl_axi/u_efx_ddr3_soft_controller/genblk1.inst_ddr3_axi/inst_efx_ddr3/top_mc/controller_main/dffrs_2527/i101_rst_3
@ "D:\yilingsi_fpga\Efinity_Project\Ti60F225_OV5640_Face_Reproduction\ip/DdrCtrl\DdrCtrl.sv (1460)" representative instance : ddr3_ctl_axi/u_efx_ddr3_soft_controller/genblk1.inst_ddr3_axi/inst_efx_ddr3/top_mc/controller_main/dffrs_2527/i10_rst_3
FF|OPT : Flip-flop optimization by equivalence checking
@ "D:\yilingsi_fpga\Efinity_Project\Ti60F225_OV5640_Face_Reproduction\ip/DdrCtrl\DdrCtrl.sv (1460)" removed instance : ddr3_ctl_axi/u_efx_ddr3_soft_controller/genblk1.inst_ddr3_axi/inst_efx_ddr3/top_mc/controller_main/dffrs_2527/i1_rst_0
@ "D:\yilingsi_fpga\Efinity_Project\Ti60F225_OV5640_Face_Reproduction\ip/DdrCtrl\DdrCtrl.sv (1460)" representative instance : ddr3_ctl_axi/u_efx_ddr3_soft_controller/genblk1.inst_ddr3_axi/inst_efx_ddr3/top_mc/controller_main/dffrs_2527/i10_rst_0
FF|OPT : Flip-flop optimization by equivalence checking
@ "D:\yilingsi_fpga\Efinity_Project\Ti60F225_OV5640_Face_Reproduction\ip/DdrCtrl\DdrCtrl.sv (1460)" removed instance : ddr3_ctl_axi/u_efx_ddr3_soft_controller/genblk1.inst_ddr3_axi/inst_efx_ddr3/top_mc/controller_main/dffrs_2527/i1_rst_1
@ "D:\yilingsi_fpga\Efinity_Project\Ti60F225_OV5640_Face_Reproduction\ip/DdrCtrl\DdrCtrl.sv (1460)" representative instance : ddr3_ctl_axi/u_efx_ddr3_soft_controller/genblk1.inst_ddr3_axi/inst_efx_ddr3/top_mc/controller_main/dffrs_2527/i10_rst_1
FF|OPT : Flip-flop optimization by equivalence checking
@ "D:\yilingsi_fpga\Efinity_Project\Ti60F225_OV5640_Face_Reproduction\ip/DdrCtrl\DdrCtrl.sv (1460)" removed instance : ddr3_ctl_axi/u_efx_ddr3_soft_controller/genblk1.inst_ddr3_axi/inst_efx_ddr3/top_mc/controller_main/dffrs_2527/i1_rst_2
@ "D:\yilingsi_fpga\Efinity_Project\Ti60F225_OV5640_Face_Reproduction\ip/DdrCtrl\DdrCtrl.sv (1460)" representative instance : ddr3_ctl_axi/u_efx_ddr3_soft_controller/genblk1.inst_ddr3_axi/inst_efx_ddr3/top_mc/controller_main/dffrs_2527/i10_rst_2
FF|OPT : Flip-flop optimization by equivalence checking
@ "D:\yilingsi_fpga\Efinity_Project\Ti60F225_OV5640_Face_Reproduction\ip/DdrCtrl\DdrCtrl.sv (1460)" removed instance : ddr3_ctl_axi/u_efx_ddr3_soft_controller/genblk1.inst_ddr3_axi/inst_efx_ddr3/top_mc/controller_main/dffrs_2527/i1_rst_3
@ "D:\yilingsi_fpga\Efinity_Project\Ti60F225_OV5640_Face_Reproduction\ip/DdrCtrl\DdrCtrl.sv (1460)" representative instance : ddr3_ctl_axi/u_efx_ddr3_soft_controller/genblk1.inst_ddr3_axi/inst_efx_ddr3/top_mc/controller_main/dffrs_2527/i10_rst_3
FF|OPT : Flip-flop optimization by equivalence checking
@ "D:\yilingsi_fpga\Efinity_Project\Ti60F225_OV5640_Face_Reproduction\ip/DdrCtrl\DdrCtrl.sv (1460)" removed instance : ddr3_ctl_axi/u_efx_ddr3_soft_controller/genblk1.inst_ddr3_axi/inst_efx_ddr3/top_mc/controller_main/dffrs_2532/i10_rst_0
@ "D:\yilingsi_fpga\Efinity_Project\Ti60F225_OV5640_Face_Reproduction\ip/DdrCtrl\DdrCtrl.sv (1460)" representative instance : ddr3_ctl_axi/u_efx_ddr3_soft_controller/genblk1.inst_ddr3_axi/inst_efx_ddr3/top_mc/controller_main/dffrs_2527/i10_rst_0
FF|OPT : Flip-flop optimization by equivalence checking
@ "D:\yilingsi_fpga\Efinity_Project\Ti60F225_OV5640_Face_Reproduction\ip/DdrCtrl\DdrCtrl.sv (1460)" removed instance : ddr3_ctl_axi/u_efx_ddr3_soft_controller/genblk1.inst_ddr3_axi/inst_efx_ddr3/top_mc/controller_main/dffrs_2532/i10_rst_1
@ "D:\yilingsi_fpga\Efinity_Project\Ti60F225_OV5640_Face_Reproduction\ip/DdrCtrl\DdrCtrl.sv (1460)" representative instance : ddr3_ctl_axi/u_efx_ddr3_soft_controller/genblk1.inst_ddr3_axi/inst_efx_ddr3/top_mc/controller_main/dffrs_2527/i10_rst_1
FF|OPT : Flip-flop optimization by equivalence checking
@ "D:\yilingsi_fpga\Efinity_Project\Ti60F225_OV5640_Face_Reproduction\ip/DdrCtrl\DdrCtrl.sv (1460)" removed instance : ddr3_ctl_axi/u_efx_ddr3_soft_controller/genblk1.inst_ddr3_axi/inst_efx_ddr3/top_mc/controller_main/dffrs_2532/i10_rst_2
@ "D:\yilingsi_fpga\Efinity_Project\Ti60F225_OV5640_Face_Reproduction\ip/DdrCtrl\DdrCtrl.sv (1460)" representative instance : ddr3_ctl_axi/u_efx_ddr3_soft_controller/genblk1.inst_ddr3_axi/inst_efx_ddr3/top_mc/controller_main/dffrs_2527/i10_rst_2
FF|OPT : Flip-flop optimization by equivalence checking
@ "D:\yilingsi_fpga\Efinity_Project\Ti60F225_OV5640_Face_Reproduction\ip/DdrCtrl\DdrCtrl.sv (1460)" removed instance : ddr3_ctl_axi/u_efx_ddr3_soft_controller/genblk1.inst_ddr3_axi/inst_efx_ddr3/top_mc/controller_main/dffrs_2532/i10_rst_3
@ "D:\yilingsi_fpga\Efinity_Project\Ti60F225_OV5640_Face_Reproduction\ip/DdrCtrl\DdrCtrl.sv (1460)" representative instance : ddr3_ctl_axi/u_efx_ddr3_soft_controller/genblk1.inst_ddr3_axi/inst_efx_ddr3/top_mc/controller_main/dffrs_2527/i10_rst_3
FF|OPT : Flip-flop optimization by equivalence checking
@ "D:\yilingsi_fpga\Efinity_Project\Ti60F225_OV5640_Face_Reproduction\ip/DdrCtrl\DdrCtrl.sv (1460)" removed instance : ddr3_ctl_axi/u_efx_ddr3_soft_controller/genblk1.inst_ddr3_axi/inst_efx_ddr3/top_mc/controller_main/dffrs_2532/i9_rst_0
@ "D:\yilingsi_fpga\Efinity_Project\Ti60F225_OV5640_Face_Reproduction\ip/DdrCtrl\DdrCtrl.sv (1460)" representative instance : ddr3_ctl_axi/u_efx_ddr3_soft_controller/genblk1.inst_ddr3_axi/inst_efx_ddr3/top_mc/controller_main/dffrs_2527/i10_rst_0
FF|OPT : Flip-flop optimization by equivalence checking
@ "D:\yilingsi_fpga\Efinity_Project\Ti60F225_OV5640_Face_Reproduction\ip/DdrCtrl\DdrCtrl.sv (1460)" removed instance : ddr3_ctl_axi/u_efx_ddr3_soft_controller/genblk1.inst_ddr3_axi/inst_efx_ddr3/top_mc/controller_main/dffrs_2532/i9_rst_1
@ "D:\yilingsi_fpga\Efinity_Project\Ti60F225_OV5640_Face_Reproduction\ip/DdrCtrl\DdrCtrl.sv (1460)" representative instance : ddr3_ctl_axi/u_efx_ddr3_soft_controller/genblk1.inst_ddr3_axi/inst_efx_ddr3/top_mc/controller_main/dffrs_2527/i10_rst_1
FF|OPT : Flip-flop optimization by equivalence checking
@ "D:\yilingsi_fpga\Efinity_Project\Ti60F225_OV5640_Face_Reproduction\ip/DdrCtrl\DdrCtrl.sv (1460)" removed instance : ddr3_ctl_axi/u_efx_ddr3_soft_controller/genblk1.inst_ddr3_axi/inst_efx_ddr3/top_mc/controller_main/dffrs_2532/i9_rst_2
@ "D:\yilingsi_fpga\Efinity_Project\Ti60F225_OV5640_Face_Reproduction\ip/DdrCtrl\DdrCtrl.sv (1460)" representative instance : ddr3_ctl_axi/u_efx_ddr3_soft_controller/genblk1.inst_ddr3_axi/inst_efx_ddr3/top_mc/controller_main/dffrs_2527/i10_rst_2
FF|OPT : Flip-flop optimization by equivalence checking
@ "D:\yilingsi_fpga\Efinity_Project\Ti60F225_OV5640_Face_Reproduction\ip/DdrCtrl\DdrCtrl.sv (1460)" removed instance : ddr3_ctl_axi/u_efx_ddr3_soft_controller/genblk1.inst_ddr3_axi/inst_efx_ddr3/top_mc/controller_main/dffrs_2532/i9_rst_3
@ "D:\yilingsi_fpga\Efinity_Project\Ti60F225_OV5640_Face_Reproduction\ip/DdrCtrl\DdrCtrl.sv (1460)" representative instance : ddr3_ctl_axi/u_efx_ddr3_soft_controller/genblk1.inst_ddr3_axi/inst_efx_ddr3/top_mc/controller_main/dffrs_2527/i10_rst_3
FF|OPT : Flip-flop optimization by equivalence checking
@ "D:\yilingsi_fpga\Efinity_Project\Ti60F225_OV5640_Face_Reproduction\ip/DdrCtrl\DdrCtrl.sv (1460)" removed instance : ddr3_ctl_axi/u_efx_ddr3_soft_controller/genblk1.inst_ddr3_axi/inst_efx_ddr3/top_mc/controller_main/dffrs_2532/i8_rst_0
@ "D:\yilingsi_fpga\Efinity_Project\Ti60F225_OV5640_Face_Reproduction\ip/DdrCtrl\DdrCtrl.sv (1460)" representative instance : ddr3_ctl_axi/u_efx_ddr3_soft_controller/genblk1.inst_ddr3_axi/inst_efx_ddr3/top_mc/controller_main/dffrs_2527/i10_rst_0
FF|OPT : Flip-flop optimization by equivalence checking
@ "D:\yilingsi_fpga\Efinity_Project\Ti60F225_OV5640_Face_Reproduction\ip/DdrCtrl\DdrCtrl.sv (1460)" removed instance : ddr3_ctl_axi/u_efx_ddr3_soft_controller/genblk1.inst_ddr3_axi/inst_efx_ddr3/top_mc/controller_main/dffrs_2532/i8_rst_1
@ "D:\yilingsi_fpga\Efinity_Project\Ti60F225_OV5640_Face_Reproduction\ip/DdrCtrl\DdrCtrl.sv (1460)" representative instance : ddr3_ctl_axi/u_efx_ddr3_soft_controller/genblk1.inst_ddr3_axi/inst_efx_ddr3/top_mc/controller_main/dffrs_2527/i10_rst_1
FF|OPT : Flip-flop optimization by equivalence checking
@ "D:\yilingsi_fpga\Efinity_Project\Ti60F225_OV5640_Face_Reproduction\ip/DdrCtrl\DdrCtrl.sv (1460)" removed instance : ddr3_ctl_axi/u_efx_ddr3_soft_controller/genblk1.inst_ddr3_axi/inst_efx_ddr3/top_mc/controller_main/dffrs_2532/i8_rst_2
@ "D:\yilingsi_fpga\Efinity_Project\Ti60F225_OV5640_Face_Reproduction\ip/DdrCtrl\DdrCtrl.sv (1460)" representative instance : ddr3_ctl_axi/u_efx_ddr3_soft_controller/genblk1.inst_ddr3_axi/inst_efx_ddr3/top_mc/controller_main/dffrs_2527/i10_rst_2
FF|OPT : Flip-flop optimization by equivalence checking
@ "D:\yilingsi_fpga\Efinity_Project\Ti60F225_OV5640_Face_Reproduction\ip/DdrCtrl\DdrCtrl.sv (1460)" removed instance : ddr3_ctl_axi/u_efx_ddr3_soft_controller/genblk1.inst_ddr3_axi/inst_efx_ddr3/top_mc/controller_main/dffrs_2532/i8_rst_3
@ "D:\yilingsi_fpga\Efinity_Project\Ti60F225_OV5640_Face_Reproduction\ip/DdrCtrl\DdrCtrl.sv (1460)" representative instance : ddr3_ctl_axi/u_efx_ddr3_soft_controller/genblk1.inst_ddr3_axi/inst_efx_ddr3/top_mc/controller_main/dffrs_2527/i10_rst_3
FF|OPT : Flip-flop optimization by equivalence checking
@ "D:\yilingsi_fpga\Efinity_Project\Ti60F225_OV5640_Face_Reproduction\ip/DdrCtrl\DdrCtrl.sv (1460)" removed instance : ddr3_ctl_axi/u_efx_ddr3_soft_controller/genblk1.inst_ddr3_axi/inst_efx_ddr3/top_mc/controller_main/dffrs_2532/i7_rst_0
@ "D:\yilingsi_fpga\Efinity_Project\Ti60F225_OV5640_Face_Reproduction\ip/DdrCtrl\DdrCtrl.sv (1460)" representative instance : ddr3_ctl_axi/u_efx_ddr3_soft_controller/genblk1.inst_ddr3_axi/inst_efx_ddr3/top_mc/controller_main/dffrs_2527/i10_rst_0
FF|OPT : Flip-flop optimization by equivalence checking
@ "D:\yilingsi_fpga\Efinity_Project\Ti60F225_OV5640_Face_Reproduction\ip/DdrCtrl\DdrCtrl.sv (1460)" removed instance : ddr3_ctl_axi/u_efx_ddr3_soft_controller/genblk1.inst_ddr3_axi/inst_efx_ddr3/top_mc/controller_main/dffrs_2532/i7_rst_1
@ "D:\yilingsi_fpga\Efinity_Project\Ti60F225_OV5640_Face_Reproduction\ip/DdrCtrl\DdrCtrl.sv (1460)" representative instance : ddr3_ctl_axi/u_efx_ddr3_soft_controller/genblk1.inst_ddr3_axi/inst_efx_ddr3/top_mc/controller_main/dffrs_2527/i10_rst_1
FF|OPT : Flip-flop optimization by equivalence checking
@ "D:\yilingsi_fpga\Efinity_Project\Ti60F225_OV5640_Face_Reproduction\ip/DdrCtrl\DdrCtrl.sv (1460)" removed instance : ddr3_ctl_axi/u_efx_ddr3_soft_controller/genblk1.inst_ddr3_axi/inst_efx_ddr3/top_mc/controller_main/dffrs_2532/i7_rst_2
@ "D:\yilingsi_fpga\Efinity_Project\Ti60F225_OV5640_Face_Reproduction\ip/DdrCtrl\DdrCtrl.sv (1460)" representative instance : ddr3_ctl_axi/u_efx_ddr3_soft_controller/genblk1.inst_ddr3_axi/inst_efx_ddr3/top_mc/controller_main/dffrs_2527/i10_rst_2
FF|OPT : Flip-flop optimization by equivalence checking
@ "D:\yilingsi_fpga\Efinity_Project\Ti60F225_OV5640_Face_Reproduction\ip/DdrCtrl\DdrCtrl.sv (1460)" removed instance : ddr3_ctl_axi/u_efx_ddr3_soft_controller/genblk1.inst_ddr3_axi/inst_efx_ddr3/top_mc/controller_main/dffrs_2532/i7_rst_3
@ "D:\yilingsi_fpga\Efinity_Project\Ti60F225_OV5640_Face_Reproduction\ip/DdrCtrl\DdrCtrl.sv (1460)" representative instance : ddr3_ctl_axi/u_efx_ddr3_soft_controller/genblk1.inst_ddr3_axi/inst_efx_ddr3/top_mc/controller_main/dffrs_2527/i10_rst_3
FF|OPT : Flip-flop optimization by equivalence checking
@ "D:\yilingsi_fpga\Efinity_Project\Ti60F225_OV5640_Face_Reproduction\ip/DdrCtrl\DdrCtrl.sv (1460)" removed instance : ddr3_ctl_axi/u_efx_ddr3_soft_controller/genblk1.inst_ddr3_axi/inst_efx_ddr3/top_mc/controller_main/dffrs_2532/i6_rst_0
@ "D:\yilingsi_fpga\Efinity_Project\Ti60F225_OV5640_Face_Reproduction\ip/DdrCtrl\DdrCtrl.sv (1460)" representative instance : ddr3_ctl_axi/u_efx_ddr3_soft_controller/genblk1.inst_ddr3_axi/inst_efx_ddr3/top_mc/controller_main/dffrs_2527/i10_rst_0
FF|OPT : Flip-flop optimization by equivalence checking
@ "D:\yilingsi_fpga\Efinity_Project\Ti60F225_OV5640_Face_Reproduction\ip/DdrCtrl\DdrCtrl.sv (1460)" removed instance : ddr3_ctl_axi/u_efx_ddr3_soft_controller/genblk1.inst_ddr3_axi/inst_efx_ddr3/top_mc/controller_main/dffrs_2532/i6_rst_1
@ "D:\yilingsi_fpga\Efinity_Project\Ti60F225_OV5640_Face_Reproduction\ip/DdrCtrl\DdrCtrl.sv (1460)" representative instance : ddr3_ctl_axi/u_efx_ddr3_soft_controller/genblk1.inst_ddr3_axi/inst_efx_ddr3/top_mc/controller_main/dffrs_2527/i10_rst_1
FF|OPT : Flip-flop optimization by equivalence checking
@ "D:\yilingsi_fpga\Efinity_Project\Ti60F225_OV5640_Face_Reproduction\ip/DdrCtrl\DdrCtrl.sv (1460)" removed instance : ddr3_ctl_axi/u_efx_ddr3_soft_controller/genblk1.inst_ddr3_axi/inst_efx_ddr3/top_mc/controller_main/dffrs_2532/i6_rst_2
@ "D:\yilingsi_fpga\Efinity_Project\Ti60F225_OV5640_Face_Reproduction\ip/DdrCtrl\DdrCtrl.sv (1460)" representative instance : ddr3_ctl_axi/u_efx_ddr3_soft_controller/genblk1.inst_ddr3_axi/inst_efx_ddr3/top_mc/controller_main/dffrs_2527/i10_rst_2
FF|OPT : Flip-flop optimization by equivalence checking
@ "D:\yilingsi_fpga\Efinity_Project\Ti60F225_OV5640_Face_Reproduction\ip/DdrCtrl\DdrCtrl.sv (1460)" removed instance : ddr3_ctl_axi/u_efx_ddr3_soft_controller/genblk1.inst_ddr3_axi/inst_efx_ddr3/top_mc/controller_main/dffrs_2532/i6_rst_3
@ "D:\yilingsi_fpga\Efinity_Project\Ti60F225_OV5640_Face_Reproduction\ip/DdrCtrl\DdrCtrl.sv (1460)" representative instance : ddr3_ctl_axi/u_efx_ddr3_soft_controller/genblk1.inst_ddr3_axi/inst_efx_ddr3/top_mc/controller_main/dffrs_2527/i10_rst_3
FF|OPT : Flip-flop optimization by equivalence checking
@ "D:\yilingsi_fpga\Efinity_Project\Ti60F225_OV5640_Face_Reproduction\ip/DdrCtrl\DdrCtrl.sv (1460)" removed instance : ddr3_ctl_axi/u_efx_ddr3_soft_controller/genblk1.inst_ddr3_axi/inst_efx_ddr3/top_mc/controller_main/dffrs_2532/i5_rst_0
@ "D:\yilingsi_fpga\Efinity_Project\Ti60F225_OV5640_Face_Reproduction\ip/DdrCtrl\DdrCtrl.sv (1460)" representative instance : ddr3_ctl_axi/u_efx_ddr3_soft_controller/genblk1.inst_ddr3_axi/inst_efx_ddr3/top_mc/controller_main/dffrs_2527/i10_rst_0
FF|OPT : Flip-flop optimization by equivalence checking
@ "D:\yilingsi_fpga\Efinity_Project\Ti60F225_OV5640_Face_Reproduction\ip/DdrCtrl\DdrCtrl.sv (1460)" removed instance : ddr3_ctl_axi/u_efx_ddr3_soft_controller/genblk1.inst_ddr3_axi/inst_efx_ddr3/top_mc/controller_main/dffrs_2532/i5_rst_1
@ "D:\yilingsi_fpga\Efinity_Project\Ti60F225_OV5640_Face_Reproduction\ip/DdrCtrl\DdrCtrl.sv (1460)" representative instance : ddr3_ctl_axi/u_efx_ddr3_soft_controller/genblk1.inst_ddr3_axi/inst_efx_ddr3/top_mc/controller_main/dffrs_2527/i10_rst_1
FF|OPT : Flip-flop optimization by equivalence checking
@ "D:\yilingsi_fpga\Efinity_Project\Ti60F225_OV5640_Face_Reproduction\ip/DdrCtrl\DdrCtrl.sv (1460)" removed instance : ddr3_ctl_axi/u_efx_ddr3_soft_controller/genblk1.inst_ddr3_axi/inst_efx_ddr3/top_mc/controller_main/dffrs_2532/i5_rst_2
@ "D:\yilingsi_fpga\Efinity_Project\Ti60F225_OV5640_Face_Reproduction\ip/DdrCtrl\DdrCtrl.sv (1460)" representative instance : ddr3_ctl_axi/u_efx_ddr3_soft_controller/genblk1.inst_ddr3_axi/inst_efx_ddr3/top_mc/controller_main/dffrs_2527/i10_rst_2
FF|OPT : Flip-flop optimization by equivalence checking
@ "D:\yilingsi_fpga\Efinity_Project\Ti60F225_OV5640_Face_Reproduction\ip/DdrCtrl\DdrCtrl.sv (1460)" removed instance : ddr3_ctl_axi/u_efx_ddr3_soft_controller/genblk1.inst_ddr3_axi/inst_efx_ddr3/top_mc/controller_main/dffrs_2532/i5_rst_3
@ "D:\yilingsi_fpga\Efinity_Project\Ti60F225_OV5640_Face_Reproduction\ip/DdrCtrl\DdrCtrl.sv (1460)" representative instance : ddr3_ctl_axi/u_efx_ddr3_soft_controller/genblk1.inst_ddr3_axi/inst_efx_ddr3/top_mc/controller_main/dffrs_2527/i10_rst_3
FF|OPT : Flip-flop optimization by equivalence checking
@ "D:\yilingsi_fpga\Efinity_Project\Ti60F225_OV5640_Face_Reproduction\ip/DdrCtrl\DdrCtrl.sv (1460)" removed instance : ddr3_ctl_axi/u_efx_ddr3_soft_controller/genblk1.inst_ddr3_axi/inst_efx_ddr3/top_mc/controller_main/dffrs_2532/i4_rst_0
@ "D:\yilingsi_fpga\Efinity_Project\Ti60F225_OV5640_Face_Reproduction\ip/DdrCtrl\DdrCtrl.sv (1460)" representative instance : ddr3_ctl_axi/u_efx_ddr3_soft_controller/genblk1.inst_ddr3_axi/inst_efx_ddr3/top_mc/controller_main/dffrs_2527/i10_rst_0
FF|OPT : Flip-flop optimization by equivalence checking
@ "D:\yilingsi_fpga\Efinity_Project\Ti60F225_OV5640_Face_Reproduction\ip/DdrCtrl\DdrCtrl.sv (1460)" removed instance : ddr3_ctl_axi/u_efx_ddr3_soft_controller/genblk1.inst_ddr3_axi/inst_efx_ddr3/top_mc/controller_main/dffrs_2532/i4_rst_1
@ "D:\yilingsi_fpga\Efinity_Project\Ti60F225_OV5640_Face_Reproduction\ip/DdrCtrl\DdrCtrl.sv (1460)" representative instance : ddr3_ctl_axi/u_efx_ddr3_soft_controller/genblk1.inst_ddr3_axi/inst_efx_ddr3/top_mc/controller_main/dffrs_2527/i10_rst_1
FF|OPT : Flip-flop optimization by equivalence checking
@ "D:\yilingsi_fpga\Efinity_Project\Ti60F225_OV5640_Face_Reproduction\ip/DdrCtrl\DdrCtrl.sv (1460)" removed instance : ddr3_ctl_axi/u_efx_ddr3_soft_controller/genblk1.inst_ddr3_axi/inst_efx_ddr3/top_mc/controller_main/dffrs_2532/i4_rst_2
@ "D:\yilingsi_fpga\Efinity_Project\Ti60F225_OV5640_Face_Reproduction\ip/DdrCtrl\DdrCtrl.sv (1460)" representative instance : ddr3_ctl_axi/u_efx_ddr3_soft_controller/genblk1.inst_ddr3_axi/inst_efx_ddr3/top_mc/controller_main/dffrs_2527/i10_rst_2
FF|OPT : Flip-flop optimization by equivalence checking
@ "D:\yilingsi_fpga\Efinity_Project\Ti60F225_OV5640_Face_Reproduction\ip/DdrCtrl\DdrCtrl.sv (1460)" removed instance : ddr3_ctl_axi/u_efx_ddr3_soft_controller/genblk1.inst_ddr3_axi/inst_efx_ddr3/top_mc/controller_main/dffrs_2532/i4_rst_3
@ "D:\yilingsi_fpga\Efinity_Project\Ti60F225_OV5640_Face_Reproduction\ip/DdrCtrl\DdrCtrl.sv (1460)" representative instance : ddr3_ctl_axi/u_efx_ddr3_soft_controller/genblk1.inst_ddr3_axi/inst_efx_ddr3/top_mc/controller_main/dffrs_2527/i10_rst_3
FF|OPT : Flip-flop optimization by equivalence checking
@ "D:\yilingsi_fpga\Efinity_Project\Ti60F225_OV5640_Face_Reproduction\ip/DdrCtrl\DdrCtrl.sv (1460)" removed instance : ddr3_ctl_axi/u_efx_ddr3_soft_controller/genblk1.inst_ddr3_axi/inst_efx_ddr3/top_mc/controller_main/dffrs_2532/i3_rst_0
@ "D:\yilingsi_fpga\Efinity_Project\Ti60F225_OV5640_Face_Reproduction\ip/DdrCtrl\DdrCtrl.sv (1460)" representative instance : ddr3_ctl_axi/u_efx_ddr3_soft_controller/genblk1.inst_ddr3_axi/inst_efx_ddr3/top_mc/controller_main/dffrs_2527/i10_rst_0
FF|OPT : Flip-flop optimization by equivalence checking
@ "D:\yilingsi_fpga\Efinity_Project\Ti60F225_OV5640_Face_Reproduction\ip/DdrCtrl\DdrCtrl.sv (1460)" removed instance : ddr3_ctl_axi/u_efx_ddr3_soft_controller/genblk1.inst_ddr3_axi/inst_efx_ddr3/top_mc/controller_main/dffrs_2532/i3_rst_1
@ "D:\yilingsi_fpga\Efinity_Project\Ti60F225_OV5640_Face_Reproduction\ip/DdrCtrl\DdrCtrl.sv (1460)" representative instance : ddr3_ctl_axi/u_efx_ddr3_soft_controller/genblk1.inst_ddr3_axi/inst_efx_ddr3/top_mc/controller_main/dffrs_2527/i10_rst_1
FF|OPT : Flip-flop optimization by equivalence checking
@ "D:\yilingsi_fpga\Efinity_Project\Ti60F225_OV5640_Face_Reproduction\ip/DdrCtrl\DdrCtrl.sv (1460)" removed instance : ddr3_ctl_axi/u_efx_ddr3_soft_controller/genblk1.inst_ddr3_axi/inst_efx_ddr3/top_mc/controller_main/dffrs_2532/i3_rst_2
@ "D:\yilingsi_fpga\Efinity_Project\Ti60F225_OV5640_Face_Reproduction\ip/DdrCtrl\DdrCtrl.sv (1460)" representative instance : ddr3_ctl_axi/u_efx_ddr3_soft_controller/genblk1.inst_ddr3_axi/inst_efx_ddr3/top_mc/controller_main/dffrs_2527/i10_rst_2
FF|OPT : Flip-flop optimization by equivalence checking
@ "D:\yilingsi_fpga\Efinity_Project\Ti60F225_OV5640_Face_Reproduction\ip/DdrCtrl\DdrCtrl.sv (1460)" removed instance : ddr3_ctl_axi/u_efx_ddr3_soft_controller/genblk1.inst_ddr3_axi/inst_efx_ddr3/top_mc/controller_main/dffrs_2532/i3_rst_3
@ "D:\yilingsi_fpga\Efinity_Project\Ti60F225_OV5640_Face_Reproduction\ip/DdrCtrl\DdrCtrl.sv (1460)" representative instance : ddr3_ctl_axi/u_efx_ddr3_soft_controller/genblk1.inst_ddr3_axi/inst_efx_ddr3/top_mc/controller_main/dffrs_2527/i10_rst_3
FF|OPT : Flip-flop optimization by equivalence checking
@ "D:\yilingsi_fpga\Efinity_Project\Ti60F225_OV5640_Face_Reproduction\ip/DdrCtrl\DdrCtrl.sv (1460)" removed instance : ddr3_ctl_axi/u_efx_ddr3_soft_controller/genblk1.inst_ddr3_axi/inst_efx_ddr3/top_mc/controller_main/dffrs_2532/i2_rst_0
@ "D:\yilingsi_fpga\Efinity_Project\Ti60F225_OV5640_Face_Reproduction\ip/DdrCtrl\DdrCtrl.sv (1460)" representative instance : ddr3_ctl_axi/u_efx_ddr3_soft_controller/genblk1.inst_ddr3_axi/inst_efx_ddr3/top_mc/controller_main/dffrs_2527/i10_rst_0
FF|OPT : Flip-flop optimization by equivalence checking
@ "D:\yilingsi_fpga\Efinity_Project\Ti60F225_OV5640_Face_Reproduction\ip/DdrCtrl\DdrCtrl.sv (1460)" removed instance : ddr3_ctl_axi/u_efx_ddr3_soft_controller/genblk1.inst_ddr3_axi/inst_efx_ddr3/top_mc/controller_main/dffrs_2532/i2_rst_1
@ "D:\yilingsi_fpga\Efinity_Project\Ti60F225_OV5640_Face_Reproduction\ip/DdrCtrl\DdrCtrl.sv (1460)" representative instance : ddr3_ctl_axi/u_efx_ddr3_soft_controller/genblk1.inst_ddr3_axi/inst_efx_ddr3/top_mc/controller_main/dffrs_2527/i10_rst_1
FF|OPT : Flip-flop optimization by equivalence checking
@ "D:\yilingsi_fpga\Efinity_Project\Ti60F225_OV5640_Face_Reproduction\ip/DdrCtrl\DdrCtrl.sv (1460)" removed instance : ddr3_ctl_axi/u_efx_ddr3_soft_controller/genblk1.inst_ddr3_axi/inst_efx_ddr3/top_mc/controller_main/dffrs_2532/i2_rst_2
@ "D:\yilingsi_fpga\Efinity_Project\Ti60F225_OV5640_Face_Reproduction\ip/DdrCtrl\DdrCtrl.sv (1460)" representative instance : ddr3_ctl_axi/u_efx_ddr3_soft_controller/genblk1.inst_ddr3_axi/inst_efx_ddr3/top_mc/controller_main/dffrs_2527/i10_rst_2
FF|OPT : Flip-flop optimization by equivalence checking
@ "D:\yilingsi_fpga\Efinity_Project\Ti60F225_OV5640_Face_Reproduction\ip/DdrCtrl\DdrCtrl.sv (1460)" removed instance : ddr3_ctl_axi/u_efx_ddr3_soft_controller/genblk1.inst_ddr3_axi/inst_efx_ddr3/top_mc/controller_main/dffrs_2532/i2_rst_3
@ "D:\yilingsi_fpga\Efinity_Project\Ti60F225_OV5640_Face_Reproduction\ip/DdrCtrl\DdrCtrl.sv (1460)" representative instance : ddr3_ctl_axi/u_efx_ddr3_soft_controller/genblk1.inst_ddr3_axi/inst_efx_ddr3/top_mc/controller_main/dffrs_2527/i10_rst_3
FF|OPT : Flip-flop optimization by equivalence checking
@ "D:\yilingsi_fpga\Efinity_Project\Ti60F225_OV5640_Face_Reproduction\ip/DdrCtrl\DdrCtrl.sv (1460)" removed instance : ddr3_ctl_axi/u_efx_ddr3_soft_controller/genblk1.inst_ddr3_axi/inst_efx_ddr3/top_mc/controller_main/dffrs_2532/i16_rst_0
@ "D:\yilingsi_fpga\Efinity_Project\Ti60F225_OV5640_Face_Reproduction\ip/DdrCtrl\DdrCtrl.sv (1460)" representative instance : ddr3_ctl_axi/u_efx_ddr3_soft_controller/genblk1.inst_ddr3_axi/inst_efx_ddr3/top_mc/controller_main/dffrs_2527/i10_rst_0
FF|OPT : Flip-flop optimization by equivalence checking
@ "D:\yilingsi_fpga\Efinity_Project\Ti60F225_OV5640_Face_Reproduction\ip/DdrCtrl\DdrCtrl.sv (1460)" removed instance : ddr3_ctl_axi/u_efx_ddr3_soft_controller/genblk1.inst_ddr3_axi/inst_efx_ddr3/top_mc/controller_main/dffrs_2532/i16_rst_1
@ "D:\yilingsi_fpga\Efinity_Project\Ti60F225_OV5640_Face_Reproduction\ip/DdrCtrl\DdrCtrl.sv (1460)" representative instance : ddr3_ctl_axi/u_efx_ddr3_soft_controller/genblk1.inst_ddr3_axi/inst_efx_ddr3/top_mc/controller_main/dffrs_2527/i10_rst_1
FF|OPT : Flip-flop optimization by equivalence checking
@ "D:\yilingsi_fpga\Efinity_Project\Ti60F225_OV5640_Face_Reproduction\ip/DdrCtrl\DdrCtrl.sv (1460)" removed instance : ddr3_ctl_axi/u_efx_ddr3_soft_controller/genblk1.inst_ddr3_axi/inst_efx_ddr3/top_mc/controller_main/dffrs_2532/i16_rst_2
@ "D:\yilingsi_fpga\Efinity_Project\Ti60F225_OV5640_Face_Reproduction\ip/DdrCtrl\DdrCtrl.sv (1460)" representative instance : ddr3_ctl_axi/u_efx_ddr3_soft_controller/genblk1.inst_ddr3_axi/inst_efx_ddr3/top_mc/controller_main/dffrs_2527/i10_rst_2
FF|OPT : Flip-flop optimization by equivalence checking
@ "D:\yilingsi_fpga\Efinity_Project\Ti60F225_OV5640_Face_Reproduction\ip/DdrCtrl\DdrCtrl.sv (1460)" removed instance : ddr3_ctl_axi/u_efx_ddr3_soft_controller/genblk1.inst_ddr3_axi/inst_efx_ddr3/top_mc/controller_main/dffrs_2532/i16_rst_3
@ "D:\yilingsi_fpga\Efinity_Project\Ti60F225_OV5640_Face_Reproduction\ip/DdrCtrl\DdrCtrl.sv (1460)" representative instance : ddr3_ctl_axi/u_efx_ddr3_soft_controller/genblk1.inst_ddr3_axi/inst_efx_ddr3/top_mc/controller_main/dffrs_2527/i10_rst_3
FF|OPT : Flip-flop optimization by equivalence checking
@ "D:\yilingsi_fpga\Efinity_Project\Ti60F225_OV5640_Face_Reproduction\ip/DdrCtrl\DdrCtrl.sv (1460)" removed instance : ddr3_ctl_axi/u_efx_ddr3_soft_controller/genblk1.inst_ddr3_axi/inst_efx_ddr3/top_mc/controller_main/dffrs_2532/i15_rst_0
@ "D:\yilingsi_fpga\Efinity_Project\Ti60F225_OV5640_Face_Reproduction\ip/DdrCtrl\DdrCtrl.sv (1460)" representative instance : ddr3_ctl_axi/u_efx_ddr3_soft_controller/genblk1.inst_ddr3_axi/inst_efx_ddr3/top_mc/controller_main/dffrs_2527/i10_rst_0
FF|OPT : Flip-flop optimization by equivalence checking
@ "D:\yilingsi_fpga\Efinity_Project\Ti60F225_OV5640_Face_Reproduction\ip/DdrCtrl\DdrCtrl.sv (1460)" removed instance : ddr3_ctl_axi/u_efx_ddr3_soft_controller/genblk1.inst_ddr3_axi/inst_efx_ddr3/top_mc/controller_main/dffrs_2532/i15_rst_1
@ "D:\yilingsi_fpga\Efinity_Project\Ti60F225_OV5640_Face_Reproduction\ip/DdrCtrl\DdrCtrl.sv (1460)" representative instance : ddr3_ctl_axi/u_efx_ddr3_soft_controller/genblk1.inst_ddr3_axi/inst_efx_ddr3/top_mc/controller_main/dffrs_2527/i10_rst_1
FF|OPT : Flip-flop optimization by equivalence checking
@ "D:\yilingsi_fpga\Efinity_Project\Ti60F225_OV5640_Face_Reproduction\ip/DdrCtrl\DdrCtrl.sv (1460)" removed instance : ddr3_ctl_axi/u_efx_ddr3_soft_controller/genblk1.inst_ddr3_axi/inst_efx_ddr3/top_mc/controller_main/dffrs_2532/i15_rst_2
@ "D:\yilingsi_fpga\Efinity_Project\Ti60F225_OV5640_Face_Reproduction\ip/DdrCtrl\DdrCtrl.sv (1460)" representative instance : ddr3_ctl_axi/u_efx_ddr3_soft_controller/genblk1.inst_ddr3_axi/inst_efx_ddr3/top_mc/controller_main/dffrs_2527/i10_rst_2
FF|OPT : Flip-flop optimization by equivalence checking
@ "D:\yilingsi_fpga\Efinity_Project\Ti60F225_OV5640_Face_Reproduction\ip/DdrCtrl\DdrCtrl.sv (1460)" removed instance : ddr3_ctl_axi/u_efx_ddr3_soft_controller/genblk1.inst_ddr3_axi/inst_efx_ddr3/top_mc/controller_main/dffrs_2532/i15_rst_3
@ "D:\yilingsi_fpga\Efinity_Project\Ti60F225_OV5640_Face_Reproduction\ip/DdrCtrl\DdrCtrl.sv (1460)" representative instance : ddr3_ctl_axi/u_efx_ddr3_soft_controller/genblk1.inst_ddr3_axi/inst_efx_ddr3/top_mc/controller_main/dffrs_2527/i10_rst_3
FF|OPT : Flip-flop optimization by equivalence checking
@ "D:\yilingsi_fpga\Efinity_Project\Ti60F225_OV5640_Face_Reproduction\ip/DdrCtrl\DdrCtrl.sv (1460)" removed instance : ddr3_ctl_axi/u_efx_ddr3_soft_controller/genblk1.inst_ddr3_axi/inst_efx_ddr3/top_mc/controller_main/dffrs_2532/i14_rst_0
@ "D:\yilingsi_fpga\Efinity_Project\Ti60F225_OV5640_Face_Reproduction\ip/DdrCtrl\DdrCtrl.sv (1460)" representative instance : ddr3_ctl_axi/u_efx_ddr3_soft_controller/genblk1.inst_ddr3_axi/inst_efx_ddr3/top_mc/controller_main/dffrs_2527/i10_rst_0
FF|OPT : Flip-flop optimization by equivalence checking
@ "D:\yilingsi_fpga\Efinity_Project\Ti60F225_OV5640_Face_Reproduction\ip/DdrCtrl\DdrCtrl.sv (1460)" removed instance : ddr3_ctl_axi/u_efx_ddr3_soft_controller/genblk1.inst_ddr3_axi/inst_efx_ddr3/top_mc/controller_main/dffrs_2532/i14_rst_1
@ "D:\yilingsi_fpga\Efinity_Project\Ti60F225_OV5640_Face_Reproduction\ip/DdrCtrl\DdrCtrl.sv (1460)" representative instance : ddr3_ctl_axi/u_efx_ddr3_soft_controller/genblk1.inst_ddr3_axi/inst_efx_ddr3/top_mc/controller_main/dffrs_2527/i10_rst_1
FF|OPT : Flip-flop optimization by equivalence checking
@ "D:\yilingsi_fpga\Efinity_Project\Ti60F225_OV5640_Face_Reproduction\ip/DdrCtrl\DdrCtrl.sv (1460)" removed instance : ddr3_ctl_axi/u_efx_ddr3_soft_controller/genblk1.inst_ddr3_axi/inst_efx_ddr3/top_mc/controller_main/dffrs_2532/i14_rst_2
@ "D:\yilingsi_fpga\Efinity_Project\Ti60F225_OV5640_Face_Reproduction\ip/DdrCtrl\DdrCtrl.sv (1460)" representative instance : ddr3_ctl_axi/u_efx_ddr3_soft_controller/genblk1.inst_ddr3_axi/inst_efx_ddr3/top_mc/controller_main/dffrs_2527/i10_rst_2
FF|OPT : Flip-flop optimization by equivalence checking
@ "D:\yilingsi_fpga\Efinity_Project\Ti60F225_OV5640_Face_Reproduction\ip/DdrCtrl\DdrCtrl.sv (1460)" removed instance : ddr3_ctl_axi/u_efx_ddr3_soft_controller/genblk1.inst_ddr3_axi/inst_efx_ddr3/top_mc/controller_main/dffrs_2532/i14_rst_3
@ "D:\yilingsi_fpga\Efinity_Project\Ti60F225_OV5640_Face_Reproduction\ip/DdrCtrl\DdrCtrl.sv (1460)" representative instance : ddr3_ctl_axi/u_efx_ddr3_soft_controller/genblk1.inst_ddr3_axi/inst_efx_ddr3/top_mc/controller_main/dffrs_2527/i10_rst_3
FF|OPT : Flip-flop optimization by equivalence checking
@ "D:\yilingsi_fpga\Efinity_Project\Ti60F225_OV5640_Face_Reproduction\ip/DdrCtrl\DdrCtrl.sv (1460)" removed instance : ddr3_ctl_axi/u_efx_ddr3_soft_controller/genblk1.inst_ddr3_axi/inst_efx_ddr3/top_mc/controller_main/dffrs_2532/i13_rst_0
@ "D:\yilingsi_fpga\Efinity_Project\Ti60F225_OV5640_Face_Reproduction\ip/DdrCtrl\DdrCtrl.sv (1460)" representative instance : ddr3_ctl_axi/u_efx_ddr3_soft_controller/genblk1.inst_ddr3_axi/inst_efx_ddr3/top_mc/controller_main/dffrs_2527/i10_rst_0
FF|OPT : Flip-flop optimization by equivalence checking
@ "D:\yilingsi_fpga\Efinity_Project\Ti60F225_OV5640_Face_Reproduction\ip/DdrCtrl\DdrCtrl.sv (1460)" removed instance : ddr3_ctl_axi/u_efx_ddr3_soft_controller/genblk1.inst_ddr3_axi/inst_efx_ddr3/top_mc/controller_main/dffrs_2532/i13_rst_1
@ "D:\yilingsi_fpga\Efinity_Project\Ti60F225_OV5640_Face_Reproduction\ip/DdrCtrl\DdrCtrl.sv (1460)" representative instance : ddr3_ctl_axi/u_efx_ddr3_soft_controller/genblk1.inst_ddr3_axi/inst_efx_ddr3/top_mc/controller_main/dffrs_2527/i10_rst_1
FF|OPT : Flip-flop optimization by equivalence checking
@ "D:\yilingsi_fpga\Efinity_Project\Ti60F225_OV5640_Face_Reproduction\ip/DdrCtrl\DdrCtrl.sv (1460)" removed instance : ddr3_ctl_axi/u_efx_ddr3_soft_controller/genblk1.inst_ddr3_axi/inst_efx_ddr3/top_mc/controller_main/dffrs_2532/i13_rst_2
@ "D:\yilingsi_fpga\Efinity_Project\Ti60F225_OV5640_Face_Reproduction\ip/DdrCtrl\DdrCtrl.sv (1460)" representative instance : ddr3_ctl_axi/u_efx_ddr3_soft_controller/genblk1.inst_ddr3_axi/inst_efx_ddr3/top_mc/controller_main/dffrs_2527/i10_rst_2
FF|OPT : Flip-flop optimization by equivalence checking
@ "D:\yilingsi_fpga\Efinity_Project\Ti60F225_OV5640_Face_Reproduction\ip/DdrCtrl\DdrCtrl.sv (1460)" removed instance : ddr3_ctl_axi/u_efx_ddr3_soft_controller/genblk1.inst_ddr3_axi/inst_efx_ddr3/top_mc/controller_main/dffrs_2532/i13_rst_3
@ "D:\yilingsi_fpga\Efinity_Project\Ti60F225_OV5640_Face_Reproduction\ip/DdrCtrl\DdrCtrl.sv (1460)" representative instance : ddr3_ctl_axi/u_efx_ddr3_soft_controller/genblk1.inst_ddr3_axi/inst_efx_ddr3/top_mc/controller_main/dffrs_2527/i10_rst_3
FF|OPT : Flip-flop optimization by equivalence checking
@ "D:\yilingsi_fpga\Efinity_Project\Ti60F225_OV5640_Face_Reproduction\ip/DdrCtrl\DdrCtrl.sv (1460)" removed instance : ddr3_ctl_axi/u_efx_ddr3_soft_controller/genblk1.inst_ddr3_axi/inst_efx_ddr3/top_mc/controller_main/dffrs_2532/i12_rst_0
@ "D:\yilingsi_fpga\Efinity_Project\Ti60F225_OV5640_Face_Reproduction\ip/DdrCtrl\DdrCtrl.sv (1460)" representative instance : ddr3_ctl_axi/u_efx_ddr3_soft_controller/genblk1.inst_ddr3_axi/inst_efx_ddr3/top_mc/controller_main/dffrs_2527/i10_rst_0
FF|OPT : Flip-flop optimization by equivalence checking
@ "D:\yilingsi_fpga\Efinity_Project\Ti60F225_OV5640_Face_Reproduction\ip/DdrCtrl\DdrCtrl.sv (1460)" removed instance : ddr3_ctl_axi/u_efx_ddr3_soft_controller/genblk1.inst_ddr3_axi/inst_efx_ddr3/top_mc/controller_main/dffrs_2532/i12_rst_1
@ "D:\yilingsi_fpga\Efinity_Project\Ti60F225_OV5640_Face_Reproduction\ip/DdrCtrl\DdrCtrl.sv (1460)" representative instance : ddr3_ctl_axi/u_efx_ddr3_soft_controller/genblk1.inst_ddr3_axi/inst_efx_ddr3/top_mc/controller_main/dffrs_2527/i10_rst_1
FF|OPT : Flip-flop optimization by equivalence checking
@ "D:\yilingsi_fpga\Efinity_Project\Ti60F225_OV5640_Face_Reproduction\ip/DdrCtrl\DdrCtrl.sv (1460)" removed instance : ddr3_ctl_axi/u_efx_ddr3_soft_controller/genblk1.inst_ddr3_axi/inst_efx_ddr3/top_mc/controller_main/dffrs_2532/i12_rst_2
@ "D:\yilingsi_fpga\Efinity_Project\Ti60F225_OV5640_Face_Reproduction\ip/DdrCtrl\DdrCtrl.sv (1460)" representative instance : ddr3_ctl_axi/u_efx_ddr3_soft_controller/genblk1.inst_ddr3_axi/inst_efx_ddr3/top_mc/controller_main/dffrs_2527/i10_rst_2
FF|OPT : Flip-flop optimization by equivalence checking
@ "D:\yilingsi_fpga\Efinity_Project\Ti60F225_OV5640_Face_Reproduction\ip/DdrCtrl\DdrCtrl.sv (1460)" removed instance : ddr3_ctl_axi/u_efx_ddr3_soft_controller/genblk1.inst_ddr3_axi/inst_efx_ddr3/top_mc/controller_main/dffrs_2532/i12_rst_3
@ "D:\yilingsi_fpga\Efinity_Project\Ti60F225_OV5640_Face_Reproduction\ip/DdrCtrl\DdrCtrl.sv (1460)" representative instance : ddr3_ctl_axi/u_efx_ddr3_soft_controller/genblk1.inst_ddr3_axi/inst_efx_ddr3/top_mc/controller_main/dffrs_2527/i10_rst_3
FF|OPT : Flip-flop optimization by equivalence checking
@ "D:\yilingsi_fpga\Efinity_Project\Ti60F225_OV5640_Face_Reproduction\ip/DdrCtrl\DdrCtrl.sv (1460)" removed instance : ddr3_ctl_axi/u_efx_ddr3_soft_controller/genblk1.inst_ddr3_axi/inst_efx_ddr3/top_mc/controller_main/dffrs_2532/i11_rst_0
@ "D:\yilingsi_fpga\Efinity_Project\Ti60F225_OV5640_Face_Reproduction\ip/DdrCtrl\DdrCtrl.sv (1460)" representative instance : ddr3_ctl_axi/u_efx_ddr3_soft_controller/genblk1.inst_ddr3_axi/inst_efx_ddr3/top_mc/controller_main/dffrs_2527/i10_rst_0
FF|OPT : Flip-flop optimization by equivalence checking
@ "D:\yilingsi_fpga\Efinity_Project\Ti60F225_OV5640_Face_Reproduction\ip/DdrCtrl\DdrCtrl.sv (1460)" removed instance : ddr3_ctl_axi/u_efx_ddr3_soft_controller/genblk1.inst_ddr3_axi/inst_efx_ddr3/top_mc/controller_main/dffrs_2532/i11_rst_1
@ "D:\yilingsi_fpga\Efinity_Project\Ti60F225_OV5640_Face_Reproduction\ip/DdrCtrl\DdrCtrl.sv (1460)" representative instance : ddr3_ctl_axi/u_efx_ddr3_soft_controller/genblk1.inst_ddr3_axi/inst_efx_ddr3/top_mc/controller_main/dffrs_2527/i10_rst_1
FF|OPT : Flip-flop optimization by equivalence checking
@ "D:\yilingsi_fpga\Efinity_Project\Ti60F225_OV5640_Face_Reproduction\ip/DdrCtrl\DdrCtrl.sv (1460)" removed instance : ddr3_ctl_axi/u_efx_ddr3_soft_controller/genblk1.inst_ddr3_axi/inst_efx_ddr3/top_mc/controller_main/dffrs_2532/i11_rst_2
@ "D:\yilingsi_fpga\Efinity_Project\Ti60F225_OV5640_Face_Reproduction\ip/DdrCtrl\DdrCtrl.sv (1460)" representative instance : ddr3_ctl_axi/u_efx_ddr3_soft_controller/genblk1.inst_ddr3_axi/inst_efx_ddr3/top_mc/controller_main/dffrs_2527/i10_rst_2
FF|OPT : Flip-flop optimization by equivalence checking
@ "D:\yilingsi_fpga\Efinity_Project\Ti60F225_OV5640_Face_Reproduction\ip/DdrCtrl\DdrCtrl.sv (1460)" removed instance : ddr3_ctl_axi/u_efx_ddr3_soft_controller/genblk1.inst_ddr3_axi/inst_efx_ddr3/top_mc/controller_main/dffrs_2532/i11_rst_3
@ "D:\yilingsi_fpga\Efinity_Project\Ti60F225_OV5640_Face_Reproduction\ip/DdrCtrl\DdrCtrl.sv (1460)" representative instance : ddr3_ctl_axi/u_efx_ddr3_soft_controller/genblk1.inst_ddr3_axi/inst_efx_ddr3/top_mc/controller_main/dffrs_2527/i10_rst_3
FF|OPT : Flip-flop optimization by equivalence checking
@ "D:\yilingsi_fpga\Efinity_Project\Ti60F225_OV5640_Face_Reproduction\ip/DdrCtrl\DdrCtrl.sv (1460)" removed instance : ddr3_ctl_axi/u_efx_ddr3_soft_controller/genblk1.inst_ddr3_axi/inst_efx_ddr3/top_mc/controller_main/dffrs_2532/i1_rst_0
@ "D:\yilingsi_fpga\Efinity_Project\Ti60F225_OV5640_Face_Reproduction\ip/DdrCtrl\DdrCtrl.sv (1460)" representative instance : ddr3_ctl_axi/u_efx_ddr3_soft_controller/genblk1.inst_ddr3_axi/inst_efx_ddr3/top_mc/controller_main/dffrs_2527/i10_rst_0
FF|OPT : Flip-flop optimization by equivalence checking
@ "D:\yilingsi_fpga\Efinity_Project\Ti60F225_OV5640_Face_Reproduction\ip/DdrCtrl\DdrCtrl.sv (1460)" removed instance : ddr3_ctl_axi/u_efx_ddr3_soft_controller/genblk1.inst_ddr3_axi/inst_efx_ddr3/top_mc/controller_main/dffrs_2532/i1_rst_1
@ "D:\yilingsi_fpga\Efinity_Project\Ti60F225_OV5640_Face_Reproduction\ip/DdrCtrl\DdrCtrl.sv (1460)" representative instance : ddr3_ctl_axi/u_efx_ddr3_soft_controller/genblk1.inst_ddr3_axi/inst_efx_ddr3/top_mc/controller_main/dffrs_2527/i10_rst_1
FF|OPT : Flip-flop optimization by equivalence checking
@ "D:\yilingsi_fpga\Efinity_Project\Ti60F225_OV5640_Face_Reproduction\ip/DdrCtrl\DdrCtrl.sv (1460)" removed instance : ddr3_ctl_axi/u_efx_ddr3_soft_controller/genblk1.inst_ddr3_axi/inst_efx_ddr3/top_mc/controller_main/dffrs_2532/i1_rst_2
@ "D:\yilingsi_fpga\Efinity_Project\Ti60F225_OV5640_Face_Reproduction\ip/DdrCtrl\DdrCtrl.sv (1460)" representative instance : ddr3_ctl_axi/u_efx_ddr3_soft_controller/genblk1.inst_ddr3_axi/inst_efx_ddr3/top_mc/controller_main/dffrs_2527/i10_rst_2
FF|OPT : Flip-flop optimization by equivalence checking
@ "D:\yilingsi_fpga\Efinity_Project\Ti60F225_OV5640_Face_Reproduction\ip/DdrCtrl\DdrCtrl.sv (1460)" removed instance : ddr3_ctl_axi/u_efx_ddr3_soft_controller/genblk1.inst_ddr3_axi/inst_efx_ddr3/top_mc/controller_main/dffrs_2532/i1_rst_3
@ "D:\yilingsi_fpga\Efinity_Project\Ti60F225_OV5640_Face_Reproduction\ip/DdrCtrl\DdrCtrl.sv (1460)" representative instance : ddr3_ctl_axi/u_efx_ddr3_soft_controller/genblk1.inst_ddr3_axi/inst_efx_ddr3/top_mc/controller_main/dffrs_2527/i10_rst_3
FF|OPT : Flip-flop optimization by equivalence checking
@ "D:\yilingsi_fpga\Efinity_Project\Ti60F225_OV5640_Face_Reproduction\src\face\morph_erode3x3_stream.v (25)" removed instance : u_morph_erode3x3/i9
@ "D:\yilingsi_fpga\Efinity_Project\Ti60F225_OV5640_Face_Reproduction\example_top.v (1070)" representative instance : i210
FF|OPT : Flip-flop optimization by equivalence checking
@ "D:\yilingsi_fpga\Efinity_Project\Ti60F225_OV5640_Face_Reproduction\src\face\bbox_filter_720p.v (95)" removed instance : u_bbox_filter_720p/i9
@ "D:\yilingsi_fpga\Efinity_Project\Ti60F225_OV5640_Face_Reproduction\example_top.v (1070)" representative instance : i210
FF|OPT : Flip-flop optimization by equivalence checking
@ "D:\yilingsi_fpga\Efinity_Project\Ti60F225_OV5640_Face_Reproduction\ip/DdrCtrl\DdrCtrl.sv (1599)" removed instance : ddr3_ctl_axi/u_efx_ddr3_soft_controller/genblk1.inst_ddr3_axi/inst_efx_ddr3/top_mc/ac_fifo/dff_63/i7
@ "D:\yilingsi_fpga\Efinity_Project\Ti60F225_OV5640_Face_Reproduction\ip/DdrCtrl\DdrCtrl.sv (1599)" representative instance : ddr3_ctl_axi/u_efx_ddr3_soft_controller/genblk1.inst_ddr3_axi/inst_efx_ddr3/top_mc/ac_fifo/dff_62/i7
FF|OPT : Flip-flop optimization by equivalence checking
@ "D:\yilingsi_fpga\Efinity_Project\Ti60F225_OV5640_Face_Reproduction\ip/DdrCtrl\DdrCtrl.sv (1599)" removed instance : ddr3_ctl_axi/u_efx_ddr3_soft_controller/genblk1.inst_ddr3_axi/inst_efx_ddr3/top_mc/ac_fifo/dff_55/i7
@ "D:\yilingsi_fpga\Efinity_Project\Ti60F225_OV5640_Face_Reproduction\ip/DdrCtrl\DdrCtrl.sv (1599)" representative instance : ddr3_ctl_axi/u_efx_ddr3_soft_controller/genblk1.inst_ddr3_axi/inst_efx_ddr3/top_mc/ac_fifo/dff_54/i7
FF|OPT : Flip-flop optimization by equivalence checking
@ "D:\yilingsi_fpga\Efinity_Project\Ti60F225_OV5640_Face_Reproduction\ip/DdrCtrl\DdrCtrl.sv (1460)" removed instance : ddr3_ctl_axi/u_efx_ddr3_soft_controller/genblk1.inst_ddr3_axi/inst_efx_ddr3/top_mc/controller_main/i1607
@ "D:\yilingsi_fpga\Efinity_Project\Ti60F225_OV5640_Face_Reproduction\ip/DdrCtrl\DdrCtrl.sv (1460)" representative instance : ddr3_ctl_axi/u_efx_ddr3_soft_controller/genblk1.inst_ddr3_axi/inst_efx_ddr3/top_mc/controller_main/i1599
FF|OPT : Flip-flop optimization by equivalence checking
@ "D:\yilingsi_fpga\Efinity_Project\Ti60F225_OV5640_Face_Reproduction\ip/DdrCtrl\DdrCtrl.sv (1460)" removed instance : ddr3_ctl_axi/u_efx_ddr3_soft_controller/genblk1.inst_ddr3_axi/inst_efx_ddr3/top_mc/controller_main/i1608
@ "D:\yilingsi_fpga\Efinity_Project\Ti60F225_OV5640_Face_Reproduction\ip/DdrCtrl\DdrCtrl.sv (1460)" representative instance : ddr3_ctl_axi/u_efx_ddr3_soft_controller/genblk1.inst_ddr3_axi/inst_efx_ddr3/top_mc/controller_main/i1600
FF|OPT : Flip-flop optimization by equivalence checking
@ "D:\yilingsi_fpga\Efinity_Project\Ti60F225_OV5640_Face_Reproduction\ip/DdrCtrl\DdrCtrl.sv (1460)" removed instance : ddr3_ctl_axi/u_efx_ddr3_soft_controller/genblk1.inst_ddr3_axi/inst_efx_ddr3/top_mc/controller_main/i1598
@ "D:\yilingsi_fpga\Efinity_Project\Ti60F225_OV5640_Face_Reproduction\ip/DdrCtrl\DdrCtrl.sv (1460)" representative instance : ddr3_ctl_axi/u_efx_ddr3_soft_controller/genblk1.inst_ddr3_axi/inst_efx_ddr3/top_mc/controller_main/i1589
FF|OPT : Flip-flop optimization by equivalence checking
@ "D:\yilingsi_fpga\Efinity_Project\Ti60F225_OV5640_Face_Reproduction\ip/DdrCtrl\DdrCtrl.sv (1460)" removed instance : ddr3_ctl_axi/u_efx_ddr3_soft_controller/genblk1.inst_ddr3_axi/inst_efx_ddr3/top_mc/controller_main/i1581
@ "D:\yilingsi_fpga\Efinity_Project\Ti60F225_OV5640_Face_Reproduction\ip/DdrCtrl\DdrCtrl.sv (1460)" representative instance : ddr3_ctl_axi/u_efx_ddr3_soft_controller/genblk1.inst_ddr3_axi/inst_efx_ddr3/top_mc/controller_main/i1591
FF|OPT : Flip-flop optimization by equivalence checking
@ "D:\yilingsi_fpga\Efinity_Project\Ti60F225_OV5640_Face_Reproduction\ip/DdrCtrl\DdrCtrl.sv (1460)" removed instance : ddr3_ctl_axi/u_efx_ddr3_soft_controller/genblk1.inst_ddr3_axi/inst_efx_ddr3/top_mc/controller_main/dff_946/i2
@ "D:\yilingsi_fpga\Efinity_Project\Ti60F225_OV5640_Face_Reproduction\ip/DdrCtrl\DdrCtrl.sv (1460)" representative instance : ddr3_ctl_axi/u_efx_ddr3_soft_controller/genblk1.inst_ddr3_axi/inst_efx_ddr3/top_mc/controller_main/dff_946/i1
FF|OPT : Flip-flop optimization by equivalence checking
@ "D:\yilingsi_fpga\Efinity_Project\Ti60F225_OV5640_Face_Reproduction\ip/DdrCtrl\DdrCtrl.sv (1460)" removed instance : ddr3_ctl_axi/u_efx_ddr3_soft_controller/genblk1.inst_ddr3_axi/inst_efx_ddr3/top_mc/controller_main/dff_945/i2
@ "D:\yilingsi_fpga\Efinity_Project\Ti60F225_OV5640_Face_Reproduction\ip/DdrCtrl\DdrCtrl.sv (1460)" representative instance : ddr3_ctl_axi/u_efx_ddr3_soft_controller/genblk1.inst_ddr3_axi/inst_efx_ddr3/top_mc/controller_main/dff_946/i1
FF|OPT : Flip-flop optimization by equivalence checking
@ "D:\yilingsi_fpga\Efinity_Project\Ti60F225_OV5640_Face_Reproduction\ip/DdrCtrl\DdrCtrl.sv (1460)" removed instance : ddr3_ctl_axi/u_efx_ddr3_soft_controller/genblk1.inst_ddr3_axi/inst_efx_ddr3/top_mc/controller_main/dff_945/i1
@ "D:\yilingsi_fpga\Efinity_Project\Ti60F225_OV5640_Face_Reproduction\ip/DdrCtrl\DdrCtrl.sv (1460)" representative instance : ddr3_ctl_axi/u_efx_ddr3_soft_controller/genblk1.inst_ddr3_axi/inst_efx_ddr3/top_mc/controller_main/dff_946/i1
FF|OPT : Flip-flop optimization by equivalence checking
@ "D:\yilingsi_fpga\Efinity_Project\Ti60F225_OV5640_Face_Reproduction\src\face\bbox_overlay.v (47)" removed instance : u_bbox_overlay/i9
@ "D:\yilingsi_fpga\Efinity_Project\Ti60F225_OV5640_Face_Reproduction\example_top.v (1070)" representative instance : i210
FF|OPT : Flip-flop optimization by equivalence checking
@ "D:\yilingsi_fpga\Efinity_Project\Ti60F225_OV5640_Face_Reproduction\src\face\bbox_overlay.v (202)" removed instance : u_bbox_overlay/dff_1405/i19
@ "D:\yilingsi_fpga\Efinity_Project\Ti60F225_OV5640_Face_Reproduction\src\face\bbox_overlay.v (202)" representative instance : u_bbox_overlay/dff_1405/i17
FF|OPT : Flip-flop optimization by equivalence checking
@ "D:\yilingsi_fpga\Efinity_Project\Ti60F225_OV5640_Face_Reproduction\src\face\bbox_overlay.v (202)" removed instance : u_bbox_overlay/dff_1405/i18
@ "D:\yilingsi_fpga\Efinity_Project\Ti60F225_OV5640_Face_Reproduction\src\face\bbox_overlay.v (202)" representative instance : u_bbox_overlay/dff_1405/i17
FF|OPT : Flip-flop optimization by equivalence checking
@ "D:\yilingsi_fpga\Efinity_Project\Ti60F225_OV5640_Face_Reproduction\ip/DdrCtrl\DdrCtrl.sv (1460)" removed instance : ddr3_ctl_axi/u_efx_ddr3_soft_controller/genblk1.inst_ddr3_axi/inst_efx_ddr3/top_mc/controller_main/dff_679/i15
@ "D:\yilingsi_fpga\Efinity_Project\Ti60F225_OV5640_Face_Reproduction\ip/DdrCtrl\DdrCtrl.sv (1460)" representative instance : ddr3_ctl_axi/u_efx_ddr3_soft_controller/genblk1.inst_ddr3_axi/inst_efx_ddr3/top_mc/controller_main/dff_679/i16
FF|OPT : Flip-flop optimization by equivalence checking
@ "D:\yilingsi_fpga\Efinity_Project\Ti60F225_OV5640_Face_Reproduction\ip/DdrCtrl\DdrCtrl.sv (1460)" removed instance : ddr3_ctl_axi/u_efx_ddr3_soft_controller/genblk1.inst_ddr3_axi/inst_efx_ddr3/top_mc/controller_main/dff_680/i15
@ "D:\yilingsi_fpga\Efinity_Project\Ti60F225_OV5640_Face_Reproduction\ip/DdrCtrl\DdrCtrl.sv (1460)" representative instance : ddr3_ctl_axi/u_efx_ddr3_soft_controller/genblk1.inst_ddr3_axi/inst_efx_ddr3/top_mc/controller_main/dff_680/i16
FF|OPT : Flip-flop optimization by equivalence checking
@ "D:\yilingsi_fpga\Efinity_Project\Ti60F225_OV5640_Face_Reproduction\ip/DdrCtrl\DdrCtrl.sv (1460)" removed instance : ddr3_ctl_axi/u_efx_ddr3_soft_controller/genblk1.inst_ddr3_axi/inst_efx_ddr3/top_mc/controller_main/dff_679/i14
@ "D:\yilingsi_fpga\Efinity_Project\Ti60F225_OV5640_Face_Reproduction\ip/DdrCtrl\DdrCtrl.sv (1460)" representative instance : ddr3_ctl_axi/u_efx_ddr3_soft_controller/genblk1.inst_ddr3_axi/inst_efx_ddr3/top_mc/controller_main/dff_679/i16
FF|OPT : Flip-flop optimization by equivalence checking
@ "D:\yilingsi_fpga\Efinity_Project\Ti60F225_OV5640_Face_Reproduction\ip/DdrCtrl\DdrCtrl.sv (1460)" removed instance : ddr3_ctl_axi/u_efx_ddr3_soft_controller/genblk1.inst_ddr3_axi/inst_efx_ddr3/top_mc/controller_main/dff_680/i14
@ "D:\yilingsi_fpga\Efinity_Project\Ti60F225_OV5640_Face_Reproduction\ip/DdrCtrl\DdrCtrl.sv (1460)" representative instance : ddr3_ctl_axi/u_efx_ddr3_soft_controller/genblk1.inst_ddr3_axi/inst_efx_ddr3/top_mc/controller_main/dff_680/i16
FF|OPT : Flip-flop optimization by equivalence checking
@ "D:\yilingsi_fpga\Efinity_Project\Ti60F225_OV5640_Face_Reproduction\ip/DdrCtrl\DdrCtrl.sv (1460)" removed instance : ddr3_ctl_axi/u_efx_ddr3_soft_controller/genblk1.inst_ddr3_axi/inst_efx_ddr3/top_mc/controller_main/dff_679/i13
@ "D:\yilingsi_fpga\Efinity_Project\Ti60F225_OV5640_Face_Reproduction\ip/DdrCtrl\DdrCtrl.sv (1460)" representative instance : ddr3_ctl_axi/u_efx_ddr3_soft_controller/genblk1.inst_ddr3_axi/inst_efx_ddr3/top_mc/controller_main/dff_679/i16
FF|OPT : Flip-flop optimization by equivalence checking
@ "D:\yilingsi_fpga\Efinity_Project\Ti60F225_OV5640_Face_Reproduction\ip/DdrCtrl\DdrCtrl.sv (1460)" removed instance : ddr3_ctl_axi/u_efx_ddr3_soft_controller/genblk1.inst_ddr3_axi/inst_efx_ddr3/top_mc/controller_main/dff_680/i13
@ "D:\yilingsi_fpga\Efinity_Project\Ti60F225_OV5640_Face_Reproduction\ip/DdrCtrl\DdrCtrl.sv (1460)" representative instance : ddr3_ctl_axi/u_efx_ddr3_soft_controller/genblk1.inst_ddr3_axi/inst_efx_ddr3/top_mc/controller_main/dff_680/i16
FF|OPT : Flip-flop optimization by equivalence checking
@ "D:\yilingsi_fpga\Efinity_Project\Ti60F225_OV5640_Face_Reproduction\ip/DdrCtrl\DdrCtrl.sv (1460)" removed instance : ddr3_ctl_axi/u_efx_ddr3_soft_controller/genblk1.inst_ddr3_axi/inst_efx_ddr3/top_mc/controller_main/dff_679/i12
@ "D:\yilingsi_fpga\Efinity_Project\Ti60F225_OV5640_Face_Reproduction\ip/DdrCtrl\DdrCtrl.sv (1460)" representative instance : ddr3_ctl_axi/u_efx_ddr3_soft_controller/genblk1.inst_ddr3_axi/inst_efx_ddr3/top_mc/controller_main/dff_679/i16
FF|OPT : Flip-flop optimization by equivalence checking
@ "D:\yilingsi_fpga\Efinity_Project\Ti60F225_OV5640_Face_Reproduction\ip/DdrCtrl\DdrCtrl.sv (1460)" removed instance : ddr3_ctl_axi/u_efx_ddr3_soft_controller/genblk1.inst_ddr3_axi/inst_efx_ddr3/top_mc/controller_main/dff_680/i12
@ "D:\yilingsi_fpga\Efinity_Project\Ti60F225_OV5640_Face_Reproduction\ip/DdrCtrl\DdrCtrl.sv (1460)" representative instance : ddr3_ctl_axi/u_efx_ddr3_soft_controller/genblk1.inst_ddr3_axi/inst_efx_ddr3/top_mc/controller_main/dff_680/i16
FF|OPT : Flip-flop optimization by equivalence checking
@ "D:\yilingsi_fpga\Efinity_Project\Ti60F225_OV5640_Face_Reproduction\ip/DdrCtrl\DdrCtrl.sv (1460)" removed instance : ddr3_ctl_axi/u_efx_ddr3_soft_controller/genblk1.inst_ddr3_axi/inst_efx_ddr3/top_mc/controller_main/dff_679/i11
@ "D:\yilingsi_fpga\Efinity_Project\Ti60F225_OV5640_Face_Reproduction\ip/DdrCtrl\DdrCtrl.sv (1460)" representative instance : ddr3_ctl_axi/u_efx_ddr3_soft_controller/genblk1.inst_ddr3_axi/inst_efx_ddr3/top_mc/controller_main/dff_679/i16
FF|OPT : Flip-flop optimization by equivalence checking
@ "D:\yilingsi_fpga\Efinity_Project\Ti60F225_OV5640_Face_Reproduction\ip/DdrCtrl\DdrCtrl.sv (1460)" removed instance : ddr3_ctl_axi/u_efx_ddr3_soft_controller/genblk1.inst_ddr3_axi/inst_efx_ddr3/top_mc/controller_main/dff_680/i11
@ "D:\yilingsi_fpga\Efinity_Project\Ti60F225_OV5640_Face_Reproduction\ip/DdrCtrl\DdrCtrl.sv (1460)" representative instance : ddr3_ctl_axi/u_efx_ddr3_soft_controller/genblk1.inst_ddr3_axi/inst_efx_ddr3/top_mc/controller_main/dff_680/i16
FF|OPT : Flip-flop optimization by equivalence checking
@ "D:\yilingsi_fpga\Efinity_Project\Ti60F225_OV5640_Face_Reproduction\ip/DdrCtrl\DdrCtrl.sv (1460)" removed instance : ddr3_ctl_axi/u_efx_ddr3_soft_controller/genblk1.inst_ddr3_axi/inst_efx_ddr3/top_mc/controller_main/dff_679/i10
@ "D:\yilingsi_fpga\Efinity_Project\Ti60F225_OV5640_Face_Reproduction\ip/DdrCtrl\DdrCtrl.sv (1460)" representative instance : ddr3_ctl_axi/u_efx_ddr3_soft_controller/genblk1.inst_ddr3_axi/inst_efx_ddr3/top_mc/controller_main/dff_679/i16
FF|OPT : Flip-flop optimization by equivalence checking
@ "D:\yilingsi_fpga\Efinity_Project\Ti60F225_OV5640_Face_Reproduction\ip/DdrCtrl\DdrCtrl.sv (1460)" removed instance : ddr3_ctl_axi/u_efx_ddr3_soft_controller/genblk1.inst_ddr3_axi/inst_efx_ddr3/top_mc/controller_main/dff_680/i10
@ "D:\yilingsi_fpga\Efinity_Project\Ti60F225_OV5640_Face_Reproduction\ip/DdrCtrl\DdrCtrl.sv (1460)" representative instance : ddr3_ctl_axi/u_efx_ddr3_soft_controller/genblk1.inst_ddr3_axi/inst_efx_ddr3/top_mc/controller_main/dff_680/i16
FF|OPT : Flip-flop optimization by equivalence checking
@ "D:\yilingsi_fpga\Efinity_Project\Ti60F225_OV5640_Face_Reproduction\ip/DdrCtrl\DdrCtrl.sv (1460)" removed instance : ddr3_ctl_axi/u_efx_ddr3_soft_controller/genblk1.inst_ddr3_axi/inst_efx_ddr3/top_mc/controller_main/dff_679/i9
@ "D:\yilingsi_fpga\Efinity_Project\Ti60F225_OV5640_Face_Reproduction\ip/DdrCtrl\DdrCtrl.sv (1460)" representative instance : ddr3_ctl_axi/u_efx_ddr3_soft_controller/genblk1.inst_ddr3_axi/inst_efx_ddr3/top_mc/controller_main/dff_679/i16
FF|OPT : Flip-flop optimization by equivalence checking
@ "D:\yilingsi_fpga\Efinity_Project\Ti60F225_OV5640_Face_Reproduction\ip/DdrCtrl\DdrCtrl.sv (1460)" removed instance : ddr3_ctl_axi/u_efx_ddr3_soft_controller/genblk1.inst_ddr3_axi/inst_efx_ddr3/top_mc/controller_main/dff_680/i9
@ "D:\yilingsi_fpga\Efinity_Project\Ti60F225_OV5640_Face_Reproduction\ip/DdrCtrl\DdrCtrl.sv (1460)" representative instance : ddr3_ctl_axi/u_efx_ddr3_soft_controller/genblk1.inst_ddr3_axi/inst_efx_ddr3/top_mc/controller_main/dff_680/i16
FF|OPT : Flip-flop optimization by equivalence checking
@ "D:\yilingsi_fpga\Efinity_Project\Ti60F225_OV5640_Face_Reproduction\ip/DdrCtrl\DdrCtrl.sv (1460)" removed instance : ddr3_ctl_axi/u_efx_ddr3_soft_controller/genblk1.inst_ddr3_axi/inst_efx_ddr3/top_mc/controller_main/dff_679/i8
@ "D:\yilingsi_fpga\Efinity_Project\Ti60F225_OV5640_Face_Reproduction\ip/DdrCtrl\DdrCtrl.sv (1460)" representative instance : ddr3_ctl_axi/u_efx_ddr3_soft_controller/genblk1.inst_ddr3_axi/inst_efx_ddr3/top_mc/controller_main/dff_679/i16
FF|OPT : Flip-flop optimization by equivalence checking
@ "D:\yilingsi_fpga\Efinity_Project\Ti60F225_OV5640_Face_Reproduction\ip/DdrCtrl\DdrCtrl.sv (1460)" removed instance : ddr3_ctl_axi/u_efx_ddr3_soft_controller/genblk1.inst_ddr3_axi/inst_efx_ddr3/top_mc/controller_main/dff_680/i8
@ "D:\yilingsi_fpga\Efinity_Project\Ti60F225_OV5640_Face_Reproduction\ip/DdrCtrl\DdrCtrl.sv (1460)" representative instance : ddr3_ctl_axi/u_efx_ddr3_soft_controller/genblk1.inst_ddr3_axi/inst_efx_ddr3/top_mc/controller_main/dff_680/i16
FF|OPT : Flip-flop optimization by equivalence checking
@ "D:\yilingsi_fpga\Efinity_Project\Ti60F225_OV5640_Face_Reproduction\ip/DdrCtrl\DdrCtrl.sv (1460)" removed instance : ddr3_ctl_axi/u_efx_ddr3_soft_controller/genblk1.inst_ddr3_axi/inst_efx_ddr3/top_mc/controller_main/dff_679/i7
@ "D:\yilingsi_fpga\Efinity_Project\Ti60F225_OV5640_Face_Reproduction\ip/DdrCtrl\DdrCtrl.sv (1460)" representative instance : ddr3_ctl_axi/u_efx_ddr3_soft_controller/genblk1.inst_ddr3_axi/inst_efx_ddr3/top_mc/controller_main/dff_679/i16
FF|OPT : Flip-flop optimization by equivalence checking
@ "D:\yilingsi_fpga\Efinity_Project\Ti60F225_OV5640_Face_Reproduction\ip/DdrCtrl\DdrCtrl.sv (1460)" removed instance : ddr3_ctl_axi/u_efx_ddr3_soft_controller/genblk1.inst_ddr3_axi/inst_efx_ddr3/top_mc/controller_main/dff_680/i7
@ "D:\yilingsi_fpga\Efinity_Project\Ti60F225_OV5640_Face_Reproduction\ip/DdrCtrl\DdrCtrl.sv (1460)" representative instance : ddr3_ctl_axi/u_efx_ddr3_soft_controller/genblk1.inst_ddr3_axi/inst_efx_ddr3/top_mc/controller_main/dff_680/i16
FF|OPT : Flip-flop optimization by equivalence checking
@ "D:\yilingsi_fpga\Efinity_Project\Ti60F225_OV5640_Face_Reproduction\ip/DdrCtrl\DdrCtrl.sv (1460)" removed instance : ddr3_ctl_axi/u_efx_ddr3_soft_controller/genblk1.inst_ddr3_axi/inst_efx_ddr3/top_mc/controller_main/dff_679/i6
@ "D:\yilingsi_fpga\Efinity_Project\Ti60F225_OV5640_Face_Reproduction\ip/DdrCtrl\DdrCtrl.sv (1460)" representative instance : ddr3_ctl_axi/u_efx_ddr3_soft_controller/genblk1.inst_ddr3_axi/inst_efx_ddr3/top_mc/controller_main/dff_679/i16
FF|OPT : Flip-flop optimization by equivalence checking
@ "D:\yilingsi_fpga\Efinity_Project\Ti60F225_OV5640_Face_Reproduction\ip/DdrCtrl\DdrCtrl.sv (1460)" removed instance : ddr3_ctl_axi/u_efx_ddr3_soft_controller/genblk1.inst_ddr3_axi/inst_efx_ddr3/top_mc/controller_main/dff_680/i6
@ "D:\yilingsi_fpga\Efinity_Project\Ti60F225_OV5640_Face_Reproduction\ip/DdrCtrl\DdrCtrl.sv (1460)" representative instance : ddr3_ctl_axi/u_efx_ddr3_soft_controller/genblk1.inst_ddr3_axi/inst_efx_ddr3/top_mc/controller_main/dff_680/i16
FF|OPT : Flip-flop optimization by equivalence checking
@ "D:\yilingsi_fpga\Efinity_Project\Ti60F225_OV5640_Face_Reproduction\ip/DdrCtrl\DdrCtrl.sv (1460)" removed instance : ddr3_ctl_axi/u_efx_ddr3_soft_controller/genblk1.inst_ddr3_axi/inst_efx_ddr3/top_mc/controller_main/dff_679/i5
@ "D:\yilingsi_fpga\Efinity_Project\Ti60F225_OV5640_Face_Reproduction\ip/DdrCtrl\DdrCtrl.sv (1460)" representative instance : ddr3_ctl_axi/u_efx_ddr3_soft_controller/genblk1.inst_ddr3_axi/inst_efx_ddr3/top_mc/controller_main/dff_679/i16
FF|OPT : Flip-flop optimization by equivalence checking
@ "D:\yilingsi_fpga\Efinity_Project\Ti60F225_OV5640_Face_Reproduction\ip/DdrCtrl\DdrCtrl.sv (1460)" removed instance : ddr3_ctl_axi/u_efx_ddr3_soft_controller/genblk1.inst_ddr3_axi/inst_efx_ddr3/top_mc/controller_main/dff_680/i5
@ "D:\yilingsi_fpga\Efinity_Project\Ti60F225_OV5640_Face_Reproduction\ip/DdrCtrl\DdrCtrl.sv (1460)" representative instance : ddr3_ctl_axi/u_efx_ddr3_soft_controller/genblk1.inst_ddr3_axi/inst_efx_ddr3/top_mc/controller_main/dff_680/i16
FF|OPT : Flip-flop optimization by equivalence checking
@ "D:\yilingsi_fpga\Efinity_Project\Ti60F225_OV5640_Face_Reproduction\ip/DdrCtrl\DdrCtrl.sv (1460)" removed instance : ddr3_ctl_axi/u_efx_ddr3_soft_controller/genblk1.inst_ddr3_axi/inst_efx_ddr3/top_mc/controller_main/dff_679/i4
@ "D:\yilingsi_fpga\Efinity_Project\Ti60F225_OV5640_Face_Reproduction\ip/DdrCtrl\DdrCtrl.sv (1460)" representative instance : ddr3_ctl_axi/u_efx_ddr3_soft_controller/genblk1.inst_ddr3_axi/inst_efx_ddr3/top_mc/controller_main/dff_679/i16
FF|OPT : Flip-flop optimization by equivalence checking
@ "D:\yilingsi_fpga\Efinity_Project\Ti60F225_OV5640_Face_Reproduction\ip/DdrCtrl\DdrCtrl.sv (1460)" removed instance : ddr3_ctl_axi/u_efx_ddr3_soft_controller/genblk1.inst_ddr3_axi/inst_efx_ddr3/top_mc/controller_main/dff_680/i4
@ "D:\yilingsi_fpga\Efinity_Project\Ti60F225_OV5640_Face_Reproduction\ip/DdrCtrl\DdrCtrl.sv (1460)" representative instance : ddr3_ctl_axi/u_efx_ddr3_soft_controller/genblk1.inst_ddr3_axi/inst_efx_ddr3/top_mc/controller_main/dff_680/i16
FF|OPT : Flip-flop optimization by equivalence checking
@ "D:\yilingsi_fpga\Efinity_Project\Ti60F225_OV5640_Face_Reproduction\ip/DdrCtrl\DdrCtrl.sv (1460)" removed instance : ddr3_ctl_axi/u_efx_ddr3_soft_controller/genblk1.inst_ddr3_axi/inst_efx_ddr3/top_mc/controller_main/dff_679/i3
@ "D:\yilingsi_fpga\Efinity_Project\Ti60F225_OV5640_Face_Reproduction\ip/DdrCtrl\DdrCtrl.sv (1460)" representative instance : ddr3_ctl_axi/u_efx_ddr3_soft_controller/genblk1.inst_ddr3_axi/inst_efx_ddr3/top_mc/controller_main/dff_679/i16
FF|OPT : Flip-flop optimization by equivalence checking
@ "D:\yilingsi_fpga\Efinity_Project\Ti60F225_OV5640_Face_Reproduction\ip/DdrCtrl\DdrCtrl.sv (1460)" removed instance : ddr3_ctl_axi/u_efx_ddr3_soft_controller/genblk1.inst_ddr3_axi/inst_efx_ddr3/top_mc/controller_main/dff_680/i3
@ "D:\yilingsi_fpga\Efinity_Project\Ti60F225_OV5640_Face_Reproduction\ip/DdrCtrl\DdrCtrl.sv (1460)" representative instance : ddr3_ctl_axi/u_efx_ddr3_soft_controller/genblk1.inst_ddr3_axi/inst_efx_ddr3/top_mc/controller_main/dff_680/i16
FF|OPT : Flip-flop optimization by equivalence checking
@ "D:\yilingsi_fpga\Efinity_Project\Ti60F225_OV5640_Face_Reproduction\ip/DdrCtrl\DdrCtrl.sv (1460)" removed instance : ddr3_ctl_axi/u_efx_ddr3_soft_controller/genblk1.inst_ddr3_axi/inst_efx_ddr3/top_mc/controller_main/dff_679/i2
@ "D:\yilingsi_fpga\Efinity_Project\Ti60F225_OV5640_Face_Reproduction\ip/DdrCtrl\DdrCtrl.sv (1460)" representative instance : ddr3_ctl_axi/u_efx_ddr3_soft_controller/genblk1.inst_ddr3_axi/inst_efx_ddr3/top_mc/controller_main/dff_679/i16
FF|OPT : Flip-flop optimization by equivalence checking
@ "D:\yilingsi_fpga\Efinity_Project\Ti60F225_OV5640_Face_Reproduction\ip/DdrCtrl\DdrCtrl.sv (1460)" removed instance : ddr3_ctl_axi/u_efx_ddr3_soft_controller/genblk1.inst_ddr3_axi/inst_efx_ddr3/top_mc/controller_main/dff_680/i2
@ "D:\yilingsi_fpga\Efinity_Project\Ti60F225_OV5640_Face_Reproduction\ip/DdrCtrl\DdrCtrl.sv (1460)" representative instance : ddr3_ctl_axi/u_efx_ddr3_soft_controller/genblk1.inst_ddr3_axi/inst_efx_ddr3/top_mc/controller_main/dff_680/i16
FF|OPT : Flip-flop optimization by equivalence checking
@ "D:\yilingsi_fpga\Efinity_Project\Ti60F225_OV5640_Face_Reproduction\ip/DdrCtrl\DdrCtrl.sv (1460)" removed instance : ddr3_ctl_axi/u_efx_ddr3_soft_controller/genblk1.inst_ddr3_axi/inst_efx_ddr3/top_mc/controller_main/dff_679/i1
@ "D:\yilingsi_fpga\Efinity_Project\Ti60F225_OV5640_Face_Reproduction\ip/DdrCtrl\DdrCtrl.sv (1460)" representative instance : ddr3_ctl_axi/u_efx_ddr3_soft_controller/genblk1.inst_ddr3_axi/inst_efx_ddr3/top_mc/controller_main/dff_679/i16
FF|OPT : Flip-flop optimization by equivalence checking
@ "D:\yilingsi_fpga\Efinity_Project\Ti60F225_OV5640_Face_Reproduction\ip/DdrCtrl\DdrCtrl.sv (1460)" removed instance : ddr3_ctl_axi/u_efx_ddr3_soft_controller/genblk1.inst_ddr3_axi/inst_efx_ddr3/top_mc/controller_main/dff_680/i1
@ "D:\yilingsi_fpga\Efinity_Project\Ti60F225_OV5640_Face_Reproduction\ip/DdrCtrl\DdrCtrl.sv (1460)" representative instance : ddr3_ctl_axi/u_efx_ddr3_soft_controller/genblk1.inst_ddr3_axi/inst_efx_ddr3/top_mc/controller_main/dff_680/i16
FF|OPT : Flip-flop optimization by equivalence checking
@ "D:\yilingsi_fpga\Efinity_Project\Ti60F225_OV5640_Face_Reproduction\ip/DdrCtrl\DdrCtrl.sv (1460)" removed instance : ddr3_ctl_axi/u_efx_ddr3_soft_controller/genblk1.inst_ddr3_axi/inst_efx_ddr3/top_mc/controller_main/dff_948/i1
@ "D:\yilingsi_fpga\Efinity_Project\Ti60F225_OV5640_Face_Reproduction\ip/DdrCtrl\DdrCtrl.sv (1460)" representative instance : ddr3_ctl_axi/u_efx_ddr3_soft_controller/genblk1.inst_ddr3_axi/inst_efx_ddr3/top_mc/controller_main/dff_948/i2
FF|OPT : Flip-flop optimization by equivalence checking
@ "D:\yilingsi_fpga\Efinity_Project\Ti60F225_OV5640_Face_Reproduction\ip/DdrCtrl\DdrCtrl.sv (1460)" removed instance : ddr3_ctl_axi/u_efx_ddr3_soft_controller/genblk1.inst_ddr3_axi/inst_efx_ddr3/top_mc/controller_main/dff_949/i2
@ "D:\yilingsi_fpga\Efinity_Project\Ti60F225_OV5640_Face_Reproduction\ip/DdrCtrl\DdrCtrl.sv (1460)" representative instance : ddr3_ctl_axi/u_efx_ddr3_soft_controller/genblk1.inst_ddr3_axi/inst_efx_ddr3/top_mc/controller_main/dff_948/i2
FF|OPT : Flip-flop optimization by equivalence checking
@ "D:\yilingsi_fpga\Efinity_Project\Ti60F225_OV5640_Face_Reproduction\ip/DdrCtrl\DdrCtrl.sv (1460)" removed instance : ddr3_ctl_axi/u_efx_ddr3_soft_controller/genblk1.inst_ddr3_axi/inst_efx_ddr3/top_mc/controller_main/dff_949/i1
@ "D:\yilingsi_fpga\Efinity_Project\Ti60F225_OV5640_Face_Reproduction\ip/DdrCtrl\DdrCtrl.sv (1460)" representative instance : ddr3_ctl_axi/u_efx_ddr3_soft_controller/genblk1.inst_ddr3_axi/inst_efx_ddr3/top_mc/controller_main/dff_948/i2
FF|OPT : Flip-flop optimization by equivalence checking
@ "D:\yilingsi_fpga\Efinity_Project\Ti60F225_OV5640_Face_Reproduction\src\face\bbox_overlay.v (202)" removed instance : u_bbox_overlay/i1408
@ "D:\yilingsi_fpga\Efinity_Project\Ti60F225_OV5640_Face_Reproduction\example_top.v (1070)" representative instance : i210
FF Output: r_flash_en(=0)
FF Output: r_dsi_lp_p_ovr[2](=0)
FF Output: r_dsi_lp_p_ovr[1](=0)
FF Output: rs_axilite[3](=0)
FF Output: rs_axilite[2](=0)
FF Output: rs_axilite[1](=0)
FF Output: rs_axilite[0](=0)
FF Output: r_axi_req(=0)
FF Output: r_dsi_lp_p_ovr[0](=0)
FF Output: r_axi_awvalid(=0)
FF Output: r_axi_wvalid(=0)
FF Output: r_axi_arvalid(=0)
FF Output: r_dsi_lp_n_ovr[0](=0)
FF Output: rc_axi_init[0](=0)
FF Output: r_axi_idle(=0)
FF Output: r_dsi_pwm[0](=0)
FF Output: ddr3_ctl_axi/u_efx_ddr3_soft_controller/genblk1.inst_ddr3_axi/r_i_wr_datamask[0](=0)
FF Output: ddr3_ctl_axi/u_efx_ddr3_soft_controller/genblk1.inst_ddr3_axi/r_i_wr_datamask[1](=0)
FF Output: ddr3_ctl_axi/u_efx_ddr3_soft_controller/genblk1.inst_ddr3_axi/r_i_wr_datamask[2](=0)
FF Output: ddr3_ctl_axi/u_efx_ddr3_soft_controller/genblk1.inst_ddr3_axi/r_i_wr_datamask[3](=0)
FF Output: ddr3_ctl_axi/u_efx_ddr3_soft_controller/genblk1.inst_ddr3_axi/r_i_wr_datamask[4](=0)
FF Output: ddr3_ctl_axi/u_efx_ddr3_soft_controller/genblk1.inst_ddr3_axi/r_i_wr_datamask[5](=0)
FF Output: ddr3_ctl_axi/u_efx_ddr3_soft_controller/genblk1.inst_ddr3_axi/r_i_wr_datamask[6](=0)
FF Output: ddr3_ctl_axi/u_efx_ddr3_soft_controller/genblk1.inst_ddr3_axi/r_i_wr_datamask[7](=0)
FF Output: ddr3_ctl_axi/u_efx_ddr3_soft_controller/genblk1.inst_ddr3_axi/r_i_wr_datamask[8](=0)
FF Output: ddr3_ctl_axi/u_efx_ddr3_soft_controller/genblk1.inst_ddr3_axi/r_i_wr_datamask[9](=0)
FF Output: ddr3_ctl_axi/u_efx_ddr3_soft_controller/genblk1.inst_ddr3_axi/r_i_wr_datamask[10](=0)
FF Output: ddr3_ctl_axi/u_efx_ddr3_soft_controller/genblk1.inst_ddr3_axi/r_i_wr_datamask[11](=0)
FF Output: ddr3_ctl_axi/u_efx_ddr3_soft_controller/genblk1.inst_ddr3_axi/r_i_wr_datamask[12](=0)
FF Output: ddr3_ctl_axi/u_efx_ddr3_soft_controller/genblk1.inst_ddr3_axi/r_i_wr_datamask[13](=0)
FF Output: ddr3_ctl_axi/u_efx_ddr3_soft_controller/genblk1.inst_ddr3_axi/r_i_wr_datamask[14](=0)
FF Output: ddr3_ctl_axi/u_efx_ddr3_soft_controller/genblk1.inst_ddr3_axi/r_i_wr_datamask[15](=0)
FF Output: ddr3_ctl_axi/u_efx_ddr3_soft_controller/genblk1.inst_ddr3_axi/inst_efx_ddr3/cal_wr_datamask[0](=0)
FF Output: o_dqs_hi[1](=0)
FF Output: o_dqs_hi[0](=0)
FF Output: o_dqs_n_lo[0](=0)
FF Output: ddr3_ctl_axi/u_efx_ddr3_soft_controller/genblk1.inst_ddr3_axi/inst_efx_ddr3/top_mc/controller_main/odt_cnt[0](=0)
FF Output: o_dqs_n_lo[1](=0)
FF Output: ddr3_ctl_axi/u_efx_ddr3_soft_controller/genblk1.inst_ddr3_axi/inst_efx_ddr3/cal_wr_data[61](=0)
FF Output: ddr3_ctl_axi/u_efx_ddr3_soft_controller/genblk1.inst_ddr3_axi/inst_efx_ddr3/cal_wr_data[86](=0)
FF Output: ddr3_ctl_axi/u_efx_ddr3_soft_controller/genblk1.inst_ddr3_axi/inst_efx_ddr3/cal_wr_data[96](=0)
FF Output: ddr3_ctl_axi/u_efx_ddr3_soft_controller/genblk1.inst_ddr3_axi/inst_efx_ddr3/cal_wr_data[106](=0)
FF Output: ddr3_ctl_axi/u_efx_ddr3_soft_controller/genblk1.inst_ddr3_axi/inst_efx_ddr3/cal_wr_data[108](=0)
FF Output: ddr3_ctl_axi/u_efx_ddr3_soft_controller/genblk1.inst_ddr3_axi/inst_efx_ddr3/cal_wr_data[118](=0)
FF Output: ddr3_ctl_axi/u_efx_ddr3_soft_controller/genblk1.inst_ddr3_axi/inst_efx_ddr3/cal_wr_datamask[1](=0)
FF Output: ddr3_ctl_axi/u_efx_ddr3_soft_controller/genblk1.inst_ddr3_axi/inst_efx_ddr3/cal_wr_datamask[2](=0)
FF Output: ddr3_ctl_axi/u_efx_ddr3_soft_controller/genblk1.inst_ddr3_axi/inst_efx_ddr3/cal_wr_datamask[3](=0)
FF Output: ddr3_ctl_axi/u_efx_ddr3_soft_controller/genblk1.inst_ddr3_axi/inst_efx_ddr3/cal_wr_datamask[4](=0)
FF Output: ddr3_ctl_axi/u_efx_ddr3_soft_controller/genblk1.inst_ddr3_axi/inst_efx_ddr3/cal_wr_datamask[5](=0)
FF Output: ddr3_ctl_axi/u_efx_ddr3_soft_controller/genblk1.inst_ddr3_axi/inst_efx_ddr3/cal_wr_datamask[6](=0)
FF Output: ddr3_ctl_axi/u_efx_ddr3_soft_controller/genblk1.inst_ddr3_axi/inst_efx_ddr3/cal_wr_datamask[7](=0)
FF Output: ddr3_ctl_axi/u_efx_ddr3_soft_controller/genblk1.inst_ddr3_axi/inst_efx_ddr3/cal_wr_datamask[8](=0)
FF Output: ddr3_ctl_axi/u_efx_ddr3_soft_controller/genblk1.inst_ddr3_axi/inst_efx_ddr3/cal_wr_datamask[9](=0)
FF Output: ddr3_ctl_axi/u_efx_ddr3_soft_controller/genblk1.inst_ddr3_axi/inst_efx_ddr3/cal_wr_datamask[10](=0)
FF Output: ddr3_ctl_axi/u_efx_ddr3_soft_controller/genblk1.inst_ddr3_axi/inst_efx_ddr3/cal_wr_datamask[11](=0)
FF Output: ddr3_ctl_axi/u_efx_ddr3_soft_controller/genblk1.inst_ddr3_axi/inst_efx_ddr3/cal_wr_datamask[12](=0)
FF Output: ddr3_ctl_axi/u_efx_ddr3_soft_controller/genblk1.inst_ddr3_axi/inst_efx_ddr3/cal_wr_datamask[13](=0)
FF Output: ddr3_ctl_axi/u_efx_ddr3_soft_controller/genblk1.inst_ddr3_axi/inst_efx_ddr3/cal_wr_datamask[14](=0)
FF Output: ddr3_ctl_axi/u_efx_ddr3_soft_controller/genblk1.inst_ddr3_axi/inst_efx_ddr3/cal_wr_datamask[15](=0)
FF Output: ddr3_ctl_axi/u_efx_ddr3_soft_controller/genblk1.inst_ddr3_axi/inst_efx_ddr3/inc_addr_p[1](=0)
FF Output: ddr3_ctl_axi/u_efx_ddr3_soft_controller/genblk1.inst_ddr3_axi/inst_efx_ddr3/inc_addr_p[2](=0)
FF Output: ddr3_ctl_axi/u_efx_ddr3_soft_controller/genblk1.inst_ddr3_axi/inst_efx_ddr3/inc_addr_p[3](=0)
FF Output: ddr3_ctl_axi/u_efx_ddr3_soft_controller/genblk1.inst_ddr3_axi/inst_efx_ddr3/inc_addr_p[4](=0)
FF Output: ddr3_ctl_axi/u_efx_ddr3_soft_controller/genblk1.inst_ddr3_axi/inst_efx_ddr3/inc_addr_p[5](=0)
FF Output: ddr3_ctl_axi/u_efx_ddr3_soft_controller/genblk1.inst_ddr3_axi/inst_efx_ddr3/inc_addr_p[6](=0)
FF Output: ddr3_ctl_axi/u_efx_ddr3_soft_controller/genblk1.inst_ddr3_axi/inst_efx_ddr3/inc_addr_p[7](=0)
FF Output: ddr3_ctl_axi/u_efx_ddr3_soft_controller/genblk1.inst_ddr3_axi/inst_efx_ddr3/inc_addr_p[8](=0)
FF Output: ddr3_ctl_axi/u_efx_ddr3_soft_controller/genblk1.inst_ddr3_axi/inst_efx_ddr3/inc_addr_p[9](=0)
FF Output: ddr3_ctl_axi/u_efx_ddr3_soft_controller/genblk1.inst_ddr3_axi/inst_efx_ddr3/inc_addr_p[10](=0)
FF Output: ddr3_ctl_axi/u_efx_ddr3_soft_controller/genblk1.inst_ddr3_axi/inst_efx_ddr3/inc_addr_p[11](=0)
FF Output: ddr3_ctl_axi/u_efx_ddr3_soft_controller/genblk1.inst_ddr3_axi/inst_efx_ddr3/inc_addr_p[12](=0)
FF Output: ddr3_ctl_axi/u_efx_ddr3_soft_controller/genblk1.inst_ddr3_axi/inst_efx_ddr3/inc_addr_p[13](=0)
FF Output: ddr3_ctl_axi/u_efx_ddr3_soft_controller/genblk1.inst_ddr3_axi/inst_efx_ddr3/inc_addr_p[14](=0)
FF Output: ddr3_ctl_axi/u_efx_ddr3_soft_controller/genblk1.inst_ddr3_axi/inst_efx_ddr3/inc_addr_p[15](=0)
FF Output: r_dsi_lp_p_ovr[3](=0)
FF Output: r_dsi_lp_n_ovr[1](=0)
FF Output: r_dsi_lp_n_ovr[2](=0)
FF Output: r_dsi_lp_n_ovr[3](=0)
FF Output: rc_axi_init[1](=0)
FF Output: rc_axi_init[2](=0)
FF Output: rc_axi_init[3](=0)
FF Output: w_ddr3_araddr[0](=0)
FF Output: w_ddr3_araddr[1](=0)
FF Output: w_ddr3_araddr[2](=0)
FF Output: w_ddr3_araddr[3](=0)
FF Output: w_ddr3_araddr[4](=0)
FF Output: w_ddr3_araddr[5](=0)
FF Output: w_ddr3_araddr[6](=0)
FF Output: w_ddr3_araddr[7](=0)
FF Output: w_ddr3_araddr[8](=0)
FF Output: w_ddr3_araddr[9](=0)
FF Output: w_ddr3_araddr[10](=0)
FF Output: u_lcd_driver/r_lcd_rgb[0](=0)
FF Output: u_lcd_driver/r_lcd_rgb[1](=0)
FF Output: u_lcd_driver/r_lcd_rgb[2](=0)
FF Output: u_lcd_driver/r_lcd_rgb[8](=0)
FF Output: u_lcd_driver/r_lcd_rgb[9](=0)
FF Output: u_lcd_driver/r_lcd_rgb[16](=0)
FF Output: u_lcd_driver/r_lcd_rgb[17](=0)
FF Output: u_lcd_driver/r_lcd_rgb[18](=0)
FF Output: u_bbox_filter_720p/GEN_FILTER.a_score[7][22](=0)
FF Output: u_bbox_filter_720p/GEN_FILTER.a_score[7][23](=0)
FF Output: u_bbox_filter_720p/GEN_FILTER.a_score[7][24](=0)
FF Output: u_bbox_filter_720p/GEN_FILTER.a_score[7][25](=0)
FF Output: u_bbox_filter_720p/GEN_FILTER.a_score[7][26](=0)
FF Output: u_bbox_filter_720p/GEN_FILTER.a_score[7][27](=0)
FF Output: u_bbox_filter_720p/GEN_FILTER.a_score[7][28](=0)
FF Output: u_bbox_filter_720p/GEN_FILTER.a_score[7][29](=0)
FF Output: u_bbox_filter_720p/GEN_FILTER.a_score[7][30](=0)
FF Output: u_bbox_filter_720p/GEN_FILTER.a_score[7][31](=0)
FF Output: u_bbox_filter_720p/GEN_FILTER.a_score[6][22](=0)
FF Output: u_bbox_filter_720p/GEN_FILTER.a_score[6][23](=0)
FF Output: u_bbox_filter_720p/GEN_FILTER.a_score[6][24](=0)
FF Output: u_bbox_filter_720p/GEN_FILTER.a_score[6][25](=0)
FF Output: u_bbox_filter_720p/GEN_FILTER.a_score[6][26](=0)
FF Output: u_bbox_filter_720p/GEN_FILTER.a_score[6][27](=0)
FF Output: u_bbox_filter_720p/GEN_FILTER.a_score[6][28](=0)
FF Output: u_bbox_filter_720p/GEN_FILTER.a_score[6][29](=0)
FF Output: u_bbox_filter_720p/GEN_FILTER.a_score[6][30](=0)
FF Output: u_bbox_filter_720p/GEN_FILTER.a_score[6][31](=0)
FF Output: u_bbox_filter_720p/GEN_FILTER.a_score[5][22](=0)
FF Output: u_bbox_filter_720p/GEN_FILTER.a_score[5][23](=0)
FF Output: u_bbox_filter_720p/GEN_FILTER.a_score[5][24](=0)
FF Output: u_bbox_filter_720p/GEN_FILTER.a_score[5][25](=0)
FF Output: u_bbox_filter_720p/GEN_FILTER.a_score[5][26](=0)
FF Output: u_bbox_filter_720p/GEN_FILTER.a_score[5][27](=0)
FF Output: u_bbox_filter_720p/GEN_FILTER.a_score[5][28](=0)
FF Output: u_bbox_filter_720p/GEN_FILTER.a_score[5][29](=0)
FF Output: u_bbox_filter_720p/GEN_FILTER.a_score[5][30](=0)
FF Output: u_bbox_filter_720p/GEN_FILTER.a_score[5][31](=0)
FF Output: u_bbox_filter_720p/GEN_FILTER.a_score[4][22](=0)
FF Output: u_bbox_filter_720p/GEN_FILTER.a_score[4][23](=0)
FF Output: u_bbox_filter_720p/GEN_FILTER.a_score[4][24](=0)
FF Output: u_bbox_filter_720p/GEN_FILTER.a_score[4][25](=0)
FF Output: u_bbox_filter_720p/GEN_FILTER.a_score[4][26](=0)
FF Output: u_bbox_filter_720p/GEN_FILTER.a_score[4][27](=0)
FF Output: u_bbox_filter_720p/GEN_FILTER.a_score[4][28](=0)
FF Output: u_bbox_filter_720p/GEN_FILTER.a_score[4][29](=0)
FF Output: u_bbox_filter_720p/GEN_FILTER.a_score[4][30](=0)
FF Output: u_bbox_filter_720p/GEN_FILTER.a_score[4][31](=0)
FF Output: u_bbox_filter_720p/GEN_FILTER.a_score[3][22](=0)
FF Output: u_bbox_filter_720p/GEN_FILTER.a_score[3][23](=0)
FF Output: u_bbox_filter_720p/GEN_FILTER.a_score[3][24](=0)
FF Output: u_bbox_filter_720p/GEN_FILTER.a_score[3][25](=0)
FF Output: u_bbox_filter_720p/GEN_FILTER.a_score[3][26](=0)
FF Output: u_bbox_filter_720p/GEN_FILTER.a_score[3][27](=0)
FF Output: u_bbox_filter_720p/GEN_FILTER.a_score[3][28](=0)
FF Output: u_bbox_filter_720p/GEN_FILTER.a_score[3][29](=0)
FF Output: u_bbox_filter_720p/GEN_FILTER.a_score[3][30](=0)
FF Output: u_bbox_filter_720p/GEN_FILTER.a_score[3][31](=0)
FF Output: u_bbox_filter_720p/GEN_FILTER.a_score[2][22](=0)
FF Output: u_bbox_filter_720p/GEN_FILTER.a_score[2][23](=0)
FF Output: u_bbox_filter_720p/GEN_FILTER.a_score[2][24](=0)
FF Output: u_bbox_filter_720p/GEN_FILTER.a_score[2][25](=0)
FF Output: u_bbox_filter_720p/GEN_FILTER.a_score[2][26](=0)
FF Output: u_bbox_filter_720p/GEN_FILTER.a_score[2][27](=0)
FF Output: u_bbox_filter_720p/GEN_FILTER.a_score[2][28](=0)
FF Output: u_bbox_filter_720p/GEN_FILTER.a_score[2][29](=0)
FF Output: u_bbox_filter_720p/GEN_FILTER.a_score[2][30](=0)
FF Output: u_bbox_filter_720p/GEN_FILTER.a_score[2][31](=0)
FF Output: u_bbox_filter_720p/GEN_FILTER.a_score[1][22](=0)
FF Output: u_bbox_filter_720p/GEN_FILTER.a_score[1][23](=0)
FF Output: u_bbox_filter_720p/GEN_FILTER.a_score[1][24](=0)
FF Output: u_bbox_filter_720p/GEN_FILTER.a_score[1][25](=0)
FF Output: u_bbox_filter_720p/GEN_FILTER.a_score[1][26](=0)
FF Output: u_bbox_filter_720p/GEN_FILTER.a_score[1][27](=0)
FF Output: u_bbox_filter_720p/GEN_FILTER.a_score[1][28](=0)
FF Output: u_bbox_filter_720p/GEN_FILTER.a_score[1][29](=0)
FF Output: u_bbox_filter_720p/GEN_FILTER.a_score[1][30](=0)
FF Output: u_bbox_filter_720p/GEN_FILTER.a_score[1][31](=0)
FF Output: u_bbox_filter_720p/GEN_FILTER.a_score[0][22](=0)
FF Output: u_bbox_filter_720p/GEN_FILTER.a_score[0][23](=0)
FF Output: u_bbox_filter_720p/GEN_FILTER.a_score[0][24](=0)
FF Output: u_bbox_filter_720p/GEN_FILTER.a_score[0][25](=0)
FF Output: u_bbox_filter_720p/GEN_FILTER.a_score[0][26](=0)
FF Output: u_bbox_filter_720p/GEN_FILTER.a_score[0][27](=0)
FF Output: u_bbox_filter_720p/GEN_FILTER.a_score[0][28](=0)
FF Output: u_bbox_filter_720p/GEN_FILTER.a_score[0][29](=0)
FF Output: u_bbox_filter_720p/GEN_FILTER.a_score[0][30](=0)
FF Output: u_bbox_filter_720p/GEN_FILTER.a_score[0][31](=0)
FF Output: u_bbox_filter_720p/GEN_FILTER.b_score[7][22](=0)
FF Output: u_bbox_filter_720p/GEN_FILTER.b_score[7][23](=0)
FF Output: u_bbox_filter_720p/GEN_FILTER.b_score[7][24](=0)
FF Output: u_bbox_filter_720p/GEN_FILTER.b_score[7][25](=0)
FF Output: u_bbox_filter_720p/GEN_FILTER.b_score[7][26](=0)
FF Output: u_bbox_filter_720p/GEN_FILTER.b_score[7][27](=0)
FF Output: u_bbox_filter_720p/GEN_FILTER.b_score[7][28](=0)
FF Output: u_bbox_filter_720p/GEN_FILTER.b_score[7][29](=0)
FF Output: u_bbox_filter_720p/GEN_FILTER.b_score[7][30](=0)
FF Output: u_bbox_filter_720p/GEN_FILTER.b_score[7][31](=0)
FF Output: u_bbox_filter_720p/GEN_FILTER.b_score[6][22](=0)
FF Output: u_bbox_filter_720p/GEN_FILTER.b_score[6][23](=0)
FF Output: u_bbox_filter_720p/GEN_FILTER.b_score[6][24](=0)
FF Output: u_bbox_filter_720p/GEN_FILTER.b_score[6][25](=0)
FF Output: u_bbox_filter_720p/GEN_FILTER.b_score[6][26](=0)
FF Output: u_bbox_filter_720p/GEN_FILTER.b_score[6][27](=0)
FF Output: u_bbox_filter_720p/GEN_FILTER.b_score[6][28](=0)
FF Output: u_bbox_filter_720p/GEN_FILTER.b_score[6][29](=0)
FF Output: u_bbox_filter_720p/GEN_FILTER.b_score[6][30](=0)
FF Output: u_bbox_filter_720p/GEN_FILTER.b_score[6][31](=0)
FF Output: u_bbox_filter_720p/GEN_FILTER.b_score[5][22](=0)
FF Output: u_bbox_filter_720p/GEN_FILTER.b_score[5][23](=0)
FF Output: u_bbox_filter_720p/GEN_FILTER.b_score[5][24](=0)
FF Output: u_bbox_filter_720p/GEN_FILTER.b_score[5][25](=0)
FF Output: u_bbox_filter_720p/GEN_FILTER.b_score[5][26](=0)
FF Output: u_bbox_filter_720p/GEN_FILTER.b_score[5][27](=0)
FF Output: u_bbox_filter_720p/GEN_FILTER.b_score[5][28](=0)
FF Output: u_bbox_filter_720p/GEN_FILTER.b_score[5][29](=0)
FF Output: u_bbox_filter_720p/GEN_FILTER.b_score[5][30](=0)
FF Output: u_bbox_filter_720p/GEN_FILTER.b_score[5][31](=0)
FF Output: u_bbox_filter_720p/GEN_FILTER.b_score[4][22](=0)
FF Output: u_bbox_filter_720p/GEN_FILTER.b_score[4][23](=0)
FF Output: u_bbox_filter_720p/GEN_FILTER.b_score[4][24](=0)
FF Output: u_bbox_filter_720p/GEN_FILTER.b_score[4][25](=0)
FF Output: u_bbox_filter_720p/GEN_FILTER.b_score[4][26](=0)
FF Output: u_bbox_filter_720p/GEN_FILTER.b_score[4][27](=0)
FF Output: u_bbox_filter_720p/GEN_FILTER.b_score[4][28](=0)
FF Output: u_bbox_filter_720p/GEN_FILTER.b_score[4][29](=0)
FF Output: u_bbox_filter_720p/GEN_FILTER.b_score[4][30](=0)
FF Output: u_bbox_filter_720p/GEN_FILTER.b_score[4][31](=0)
FF Output: u_bbox_filter_720p/GEN_FILTER.b_score[3][22](=0)
FF Output: u_bbox_filter_720p/GEN_FILTER.b_score[3][23](=0)
FF Output: u_bbox_filter_720p/GEN_FILTER.b_score[3][24](=0)
FF Output: u_bbox_filter_720p/GEN_FILTER.b_score[3][25](=0)
FF Output: u_bbox_filter_720p/GEN_FILTER.b_score[3][26](=0)
FF Output: u_bbox_filter_720p/GEN_FILTER.b_score[3][27](=0)
FF Output: u_bbox_filter_720p/GEN_FILTER.b_score[3][28](=0)
FF Output: u_bbox_filter_720p/GEN_FILTER.b_score[3][29](=0)
FF Output: u_bbox_filter_720p/GEN_FILTER.b_score[3][30](=0)
FF Output: u_bbox_filter_720p/GEN_FILTER.b_score[3][31](=0)
FF Output: u_bbox_filter_720p/GEN_FILTER.b_score[2][22](=0)
FF Output: u_bbox_filter_720p/GEN_FILTER.b_score[2][23](=0)
FF Output: u_bbox_filter_720p/GEN_FILTER.b_score[2][24](=0)
FF Output: u_bbox_filter_720p/GEN_FILTER.b_score[2][25](=0)
FF Output: u_bbox_filter_720p/GEN_FILTER.b_score[2][26](=0)
FF Output: u_bbox_filter_720p/GEN_FILTER.b_score[2][27](=0)
FF Output: u_bbox_filter_720p/GEN_FILTER.b_score[2][28](=0)
FF Output: u_bbox_filter_720p/GEN_FILTER.b_score[2][29](=0)
FF Output: u_bbox_filter_720p/GEN_FILTER.b_score[2][30](=0)
FF Output: u_bbox_filter_720p/GEN_FILTER.b_score[2][31](=0)
FF Output: u_bbox_filter_720p/GEN_FILTER.b_score[1][22](=0)
FF Output: u_bbox_filter_720p/GEN_FILTER.b_score[1][23](=0)
FF Output: u_bbox_filter_720p/GEN_FILTER.b_score[1][24](=0)
FF Output: u_bbox_filter_720p/GEN_FILTER.b_score[1][25](=0)
FF Output: u_bbox_filter_720p/GEN_FILTER.b_score[1][26](=0)
FF Output: u_bbox_filter_720p/GEN_FILTER.b_score[1][27](=0)
FF Output: u_bbox_filter_720p/GEN_FILTER.b_score[1][28](=0)
FF Output: u_bbox_filter_720p/GEN_FILTER.b_score[1][29](=0)
FF Output: u_bbox_filter_720p/GEN_FILTER.b_score[1][30](=0)
FF Output: u_bbox_filter_720p/GEN_FILTER.b_score[1][31](=0)
FF Output: u_bbox_filter_720p/GEN_FILTER.b_score[0][22](=0)
FF Output: u_bbox_filter_720p/GEN_FILTER.b_score[0][23](=0)
FF Output: u_bbox_filter_720p/GEN_FILTER.b_score[0][24](=0)
FF Output: u_bbox_filter_720p/GEN_FILTER.b_score[0][25](=0)
FF Output: u_bbox_filter_720p/GEN_FILTER.b_score[0][26](=0)
FF Output: u_bbox_filter_720p/GEN_FILTER.b_score[0][27](=0)
FF Output: u_bbox_filter_720p/GEN_FILTER.b_score[0][28](=0)
FF Output: u_bbox_filter_720p/GEN_FILTER.b_score[0][29](=0)
FF Output: u_bbox_filter_720p/GEN_FILTER.b_score[0][30](=0)
FF Output: u_bbox_filter_720p/GEN_FILTER.b_score[0][31](=0)
FF Output: r_dsi_pwm[1](=0)
FF Output: r_dsi_pwm[2](=0)
FF Output: r_dsi_pwm[3](=0)
FF Output: r_dsi_pwm[4](=0)
FF Output: r_dsi_pwm[5](=0)
FF Output: r_dsi_pwm[6](=1)
FF Output: r_dsi_pwm[7](=0)
FF Output: overlay_rgb[9](=0)
FF Output: overlay_rgb[8](=0)
FF Output: overlay_rgb[2](=0)
FF Output: overlay_rgb[1](=0)
FF Output: overlay_rgb[0](=0)
FF instance: u_axi4_ctrl/dff_95/i1(unreachable)
FF instance: u_axi4_ctrl/dff_95/i2(unreachable)
FF instance: u_axi4_ctrl/dff_95/i3(unreachable)
FF instance: u_axi4_ctrl/dff_95/i4(unreachable)
FF instance: u_streaming_connected_components/dff_47/i2(unreachable)
FF instance: u_streaming_connected_components/dff_47/i1(unreachable)
FF instance: u_streaming_connected_components/dff_47/i24(unreachable)
FF instance: u_streaming_connected_components/dff_47/i23(unreachable)
FF instance: u_streaming_connected_components/dff_47/i22(unreachable)
FF instance: u_streaming_connected_components/dff_47/i21(unreachable)
FF instance: u_streaming_connected_components/dff_47/i20(unreachable)
FF instance: u_streaming_connected_components/dff_47/i19(unreachable)
FF instance: u_streaming_connected_components/dff_47/i18(unreachable)
FF instance: u_streaming_connected_components/dff_47/i17(unreachable)
FF instance: u_streaming_connected_components/dff_47/i16(unreachable)
FF instance: u_streaming_connected_components/dff_47/i15(unreachable)
FF instance: u_streaming_connected_components/dff_47/i14(unreachable)
FF instance: u_streaming_connected_components/dff_47/i13(unreachable)
FF instance: u_streaming_connected_components/dff_47/i12(unreachable)
FF instance: u_streaming_connected_components/dff_47/i11(unreachable)
FF instance: u_streaming_connected_components/dff_47/i10(unreachable)
FF instance: u_streaming_connected_components/dff_47/i9(unreachable)
FF instance: u_streaming_connected_components/dff_47/i8(unreachable)
FF instance: u_streaming_connected_components/dff_47/i7(unreachable)
FF instance: u_streaming_connected_components/dff_47/i6(unreachable)
FF instance: u_streaming_connected_components/dff_47/i5(unreachable)
FF instance: u_streaming_connected_components/dff_47/i4(unreachable)
FF instance: u_streaming_connected_components/dff_47/i3(unreachable)
FF Output: ddr3_ctl_axi/u_efx_ddr3_soft_controller/genblk1.inst_ddr3_axi/r_ar_state[3](=0)
FF Output: o_dqs_n_hi[0]_3(=1)
FF Output: ddr3_ctl_axi/u_efx_ddr3_soft_controller/genblk1.inst_ddr3_axi/inst_efx_ddr3/top_mc/controller_main/dqs_state[2](=0)
FF Output: ddr3_ctl_axi/u_efx_ddr3_soft_controller/genblk1.inst_ddr3_axi/inst_efx_ddr3/top_mc/controller_main/dqs_state[3](=0)
FF Output: ddr3_ctl_axi/u_efx_ddr3_soft_controller/genblk1.inst_ddr3_axi/inst_efx_ddr3/top_mc/controller_main/arbiter_counter[3](=0)
FF Output: u_axi4_ctrl/rs_w[3](=0)
FF Output: u_axi4_ctrl/rs_w[2](=0)
FF Output: u_bbox_filter_720p/GEN_FILTER.kept_cnt[4](=0)
FF Output: u_bbox_filter_720p/GEN_FILTER.kept_cnt[5](=0)
FF Output: u_bbox_overlay/to_read_n[4](=0)
FF Output: u_bbox_overlay/to_read_n[5](=0)
FF Output: u_uart_test/u_uart_transfer/txd_state[1](=0)
FF Output: u_bbox_filter_720p/GEN_FILTER.a_n[4](=0)
FF Output: u_bbox_filter_720p/GEN_FILTER.a_n[5](=0)
FF Output: u_bbox_filter_720p/GEN_FILTER.b_n[4](=0)
FF Output: u_bbox_filter_720p/GEN_FILTER.b_n[5](=0)
FF Output: u_bbox_overlay/b_n[4](=0)
FF Output: u_bbox_overlay/b_n[5](=0)
FF Output: u_bbox_overlay/a_n[4](=0)
FF Output: u_bbox_overlay/a_n[5](=0)
FF Output: filt_count[4](=0)
FF Output: filt_count[5](=0)
FF instance: ddr3_ctl_axi/u_efx_ddr3_soft_controller/genblk1.inst_ddr3_axi/r_i_wr_addr[29]~FF(unreachable)
FF instance: ddr3_ctl_axi/u_efx_ddr3_soft_controller/genblk1.inst_ddr3_axi/r_i_wr_addr[30]~FF(unreachable)
FF instance: ddr3_ctl_axi/u_efx_ddr3_soft_controller/genblk1.inst_ddr3_axi/r_i_wr_addr[31]~FF(unreachable)
FF instance: ddr3_ctl_axi/u_efx_ddr3_soft_controller/genblk1.inst_ddr3_axi/r_i_rd_addr[29]~FF(unreachable)
FF instance: ddr3_ctl_axi/u_efx_ddr3_soft_controller/genblk1.inst_ddr3_axi/r_i_rd_addr[30]~FF(unreachable)
FF instance: ddr3_ctl_axi/u_efx_ddr3_soft_controller/genblk1.inst_ddr3_axi/r_i_rd_addr[31]~FF(unreachable)
### ### Sequential Elements Trimming Report (end) ### ### ### 

### ### Module Resource Usage Distribution Estimates (begin) ### ###

**Note: some resources maybe grouped under different hierarchy due to optimization and LUT mapping

Module                                                               FFs        SRLs        ADDs        LUTs    COMB4s      RAMs DSP/MULTs
------------------------------------------------------------         ---        ----        ----        ----      ----      ---- ---------
example_top:example_top                                        13108(42)      512(0)    1192(19)  14538(829)      0(0)     81(0)     13(0)
 +ddr3_ctl_axi:DdrCtrl                                           2110(0)      490(0)      501(0)     2688(0)      0(0)     30(0)      0(0)
  +u_efx_ddr3_soft_controller:efx_ddr3_soft_controller_f9...     2110(0)      490(0)      501(0)     2688(0)      0(0)     30(0)      0(0)
   +genblk1.inst_ddr3_axi:efx_ddr3_axi_f9db9b463f784e0ead...   2110(193)      490(0)    501(128)   2688(258)      0(0)     30(0)      0(0)
    +inst_arburst_fifo:Ddr_Ctrl_Sc_Fifo_f9db9b463f784e0ea...        7(7)        8(8)      12(12)      21(21)      0(0)      0(0)      0(0)
    +u_rd_addr_fifo:Ddr_Ctrl_Sc_Fifo_f9db9b463f784e0ead45...        7(7)    116(116)      12(12)      88(88)      0(0)      0(0)      0(0)
    +u_wr_addr_fifo:Ddr_Ctrl_Sc_Fifo_f9db9b463f784e0ead45...        7(7)    124(124)      12(12)      98(98)      0(0)      0(0)      0(0)
    +inst_awid_fifo:Ddr_Ctrl_Sc_Fifo_f9db9b463f784e0ead45...        7(7)        0(0)      12(12)      12(12)      0(0)      0(0)      0(0)
    +inst_arid_fifo:Ddr_Ctrl_Sc_Fifo_f9db9b463f784e0ead45...        7(7)        0(0)      12(12)      13(13)      0(0)      0(0)      0(0)
    +inst_respon_fifo:Ddr_Ctrl_Sc_Fifo_f9db9b463f784e0ead...        7(7)        0(0)      12(12)      18(18)      0(0)      0(0)      0(0)
    +inst_rd_brust_fifo:Ddr_Ctrl_Sc_Fifo_f9db9b463f784e0e...        7(7)      32(32)      12(12)      33(33)      0(0)      0(0)      0(0)
    +inst_rd_last_fifo:Ddr_Ctrl_Sc_Fifo_f9db9b463f784e0ea...        7(7)      32(32)      12(12)      33(33)      0(0)      0(0)      0(0)
    +inst_respon_len_fifo:Ddr_Ctrl_Sc_Fifo_f9db9b463f784e...        7(7)      32(32)      12(12)      33(33)      0(0)      0(0)      0(0)
    +inst_efx_ddr3:top_f9db9b463f784e0ead4594b0b8e61d81        1854(211)      146(0)     265(64)   2081(468)      0(0)     30(0)      0(0)
     +mux0:native_mux_f9db9b463f784e0ead4594b0b8e61d81              0(0)        0(0)        0(0)    186(186)      0(0)      0(0)      0(0)
     +top_mc:controller_top_f9db9b463f784e0ead4594b0b8e61d81    1622(29)      144(0)      201(0)    1412(27)      0(0)     30(0)      0(0)
      +rst_ctrl0:reset_ctrl_f9db9b463f784e0ead4594b0b8e61...       16(0)        0(0)        0(0)        0(0)      0(0)      0(0)      0(0)
       +genblk1[0].genblk1.genblk1.inst_sysclk_rstn:reset...        4(4)        0(0)        0(0)        0(0)      0(0)      0(0)      0(0)
       +genblk1[1].genblk1.genblk1.inst_sysclk_rstn:reset...        4(4)        0(0)        0(0)        0(0)      0(0)      0(0)      0(0)
       +genblk1[2].genblk1.genblk1.inst_sysclk_rstn:reset...        4(4)        0(0)        0(0)        0(0)      0(0)      0(0)      0(0)
       +genblk1[3].genblk1.genblk1.inst_sysclk_rstn:reset...        4(4)        0(0)        0(0)        0(0)      0(0)      0(0)      0(0)
      +rst_ctrl1:reset_ctrl_f9db9b463f784e0ead4594b0b8e61...        4(0)        0(0)        0(0)        0(0)      0(0)      0(0)      0(0)
       +genblk1[0].genblk1.genblk1.inst_sysclk_rstn:reset...        4(4)        0(0)        0(0)        0(0)      0(0)      0(0)      0(0)
      +fifo_ar:streamfifocc64_f9db9b463f784e0ead4594b0b8e...      54(26)        0(0)        8(8)      78(74)      0(0)      2(2)      0(0)
       +popToPushGray_buffercc:buffercc_f9db9b463f784e0ea...      14(14)        0(0)        0(0)        2(2)      0(0)      0(0)      0(0)
       +pushToPopGray_buffercc:buffercc_1_f9db9b463f784e0...      14(14)        0(0)        0(0)        2(2)      0(0)      0(0)      0(0)
      +fifo_aw:streamfifocc64_f9db9b463f784e0ead4594b0b8e...      54(26)        0(0)        8(8)      76(72)      0(0)      2(2)      0(0)
       +popToPushGray_buffercc:buffercc_f9db9b463f784e0ea...      14(14)        0(0)        0(0)        2(2)      0(0)      0(0)      0(0)
       +pushToPopGray_buffercc:buffercc_1_f9db9b463f784e0...      14(14)        0(0)        0(0)        2(2)      0(0)      0(0)      0(0)
      +fifo_wr:streamfifocc64_f9db9b463f784e0ead4594b0b8e...      54(26)        0(0)        8(8)      52(48)      0(0)      8(8)      0(0)
       +popToPushGray_buffercc:buffercc_f9db9b463f784e0ea...      14(14)        0(0)        0(0)        2(2)      0(0)      0(0)      0(0)
       +pushToPopGray_buffercc:buffercc_1_f9db9b463f784e0...      14(14)        0(0)        0(0)        2(2)      0(0)      0(0)      0(0)
      +fifo_rdpush:streamfifocc64_f9db9b463f784e0ead4594b...      54(26)        0(0)        8(8)      44(36)      0(0)      0(0)      0(0)
       +popToPushGray_buffercc:buffercc_f9db9b463f784e0ea...      14(14)        0(0)        0(0)        4(4)      0(0)      0(0)      0(0)
       +pushToPopGray_buffercc:buffercc_1_f9db9b463f784e0...      14(14)        0(0)        0(0)        4(4)      0(0)      0(0)      0(0)
      +fifo_rd:efx_fifo_top_f9db9b463f784e0ead4594b0b8e61...       71(0)        0(0)       27(0)      102(0)      0(0)      7(0)      0(0)
       +xefx_fifo_ram:efx_fifo_ram_f9db9b463f784e0ead4594...        0(0)        0(0)        0(0)      65(65)      0(0)      7(7)      0(0)
       +xefx_fifo_ctl:efx_fifo_ctl_f9db9b463f784e0ead4594...      71(43)        0(0)      27(27)      37(13)      0(0)      0(0)      0(0)
        +async_clk.xrd2wr_bin2gray:efx_fifo_bin2gray_f9db...        0(0)        0(0)        0(0)        6(6)      0(0)      0(0)      0(0)
        +async_clk.xrd2wr_addr_sync:efx_asyncreg_f9db9b46...      14(14)        0(0)        0(0)        0(0)      0(0)      0(0)      0(0)
        +async_clk.xrd2wr_gray2bin:efx_fifo_gray2bin_f9db...        0(0)        0(0)        0(0)        6(1)      0(0)      0(0)      0(0)
         +genblk1.genblk1.u_gray2bin:efx_fifo_gray2bin_f9...        0(0)        0(0)        0(0)        5(1)      0(0)      0(0)      0(0)
          +genblk1.genblk1.u_gray2bin:efx_fifo_gray2bin_f...        0(0)        0(0)        0(0)        4(1)      0(0)      0(0)      0(0)
           +genblk1.genblk1.u_gray2bin:efx_fifo_gray2bin_...        0(0)        0(0)        0(0)        3(1)      0(0)      0(0)      0(0)
            +genblk1.genblk1.u_gray2bin:efx_fifo_gray2bin...        0(0)        0(0)        0(0)        2(1)      0(0)      0(0)      0(0)
             +genblk1.genblk1.u_gray2bin:efx_fifo_gray2bi...        0(0)        0(0)        0(0)        1(1)      0(0)      0(0)      0(0)
        +async_clk.wr2rd_bin2gray:efx_fifo_bin2gray_f9db9...        0(0)        0(0)        0(0)        6(6)      0(0)      0(0)      0(0)
        +async_clk.wr2rd_addr_sync:efx_asyncreg_f9db9b463...      14(14)        0(0)        0(0)        0(0)      0(0)      0(0)      0(0)
        +async_clk.wr2rd_gray2bin:efx_fifo_gray2bin_f9db9...        0(0)        0(0)        0(0)        6(1)      0(0)      0(0)      0(0)
         +genblk1.genblk1.u_gray2bin:efx_fifo_gray2bin_f9...        0(0)        0(0)        0(0)        5(1)      0(0)      0(0)      0(0)
          +genblk1.genblk1.u_gray2bin:efx_fifo_gray2bin_f...        0(0)        0(0)        0(0)        4(1)      0(0)      0(0)      0(0)
           +genblk1.genblk1.u_gray2bin:efx_fifo_gray2bin_...        0(0)        0(0)        0(0)        3(1)      0(0)      0(0)      0(0)
            +genblk1.genblk1.u_gray2bin:efx_fifo_gray2bin...        0(0)        0(0)        0(0)        2(1)      0(0)      0(0)      0(0)
             +genblk1.genblk1.u_gray2bin:efx_fifo_gray2bi...        0(0)        0(0)        0(0)        1(1)      0(0)      0(0)      0(0)
      +fifo_ack:streamfifocc64_f9db9b463f784e0ead4594b0b8...      54(26)        0(0)        0(0)      44(38)      0(0)      1(1)      0(0)
       +popToPushGray_buffercc:buffercc_f9db9b463f784e0ea...      14(14)        0(0)        0(0)        3(3)      0(0)      0(0)      0(0)
       +pushToPopGray_buffercc:buffercc_1_f9db9b463f784e0...      14(14)        0(0)        0(0)        3(3)      0(0)      0(0)      0(0)
      +ac_fifo:streamfifocc64_f9db9b463f784e0ead4594b0b8e...      54(26)        0(0)        0(0)      44(41)      0(0)      3(3)      0(0)
       +popToPushGray_buffercc:buffercc_f9db9b463f784e0ea...      14(14)        0(0)        0(0)        2(2)      0(0)      0(0)      0(0)
       +pushToPopGray_buffercc:buffercc_1_f9db9b463f784e0...      14(14)        0(0)        0(0)        1(1)      0(0)      0(0)      0(0)
      +controller_main:ddr_3_controller_f9db9b463f784e0ea...  1178(1007)    144(144)    142(103)    945(833)      0(0)      7(0)      0(0)
       +bram_u2:bram_wrapper_fifo_f9db9b463f784e0ead4594b...       57(0)        0(0)       13(0)       29(0)      0(0)      1(0)      0(0)
        +u_efx_fifo_top:efx_fifo_top_f9db9b463f784e0ead45...       57(0)        0(0)       13(0)       29(0)      0(0)      1(0)      0(0)
         +xefx_fifo_ram:efx_fifo_ram_f9db9b463f784e0ead45...        1(1)        0(0)        0(0)        1(1)      0(0)      1(1)      0(0)
         +xefx_fifo_ctl:efx_fifo_ctl_f9db9b463f784e0ead45...      56(28)        0(0)      13(13)      28(10)      0(0)      0(0)      0(0)
          +async_clk.xrd2wr_bin2gray:efx_fifo_bin2gray_f9...        0(0)        0(0)        0(0)        6(6)      0(0)      0(0)      0(0)
          +async_clk.xrd2wr_addr_sync:efx_asyncreg_f9db9b...      14(14)        0(0)        0(0)        3(3)      0(0)      0(0)      0(0)
          +async_clk.wr2rd_bin2gray:efx_fifo_bin2gray_f9d...        0(0)        0(0)        0(0)        6(6)      0(0)      0(0)      0(0)
          +async_clk.wr2rd_addr_sync:efx_asyncreg_f9db9b4...      14(14)        0(0)        0(0)        3(3)      0(0)      0(0)      0(0)
       +bram_u1:bram_wrapper_fifo_f9db9b463f784e0ead4594b...       57(0)        0(0)       13(0)       29(0)      0(0)      1(0)      0(0)
        +u_efx_fifo_top:efx_fifo_top_f9db9b463f784e0ead45...       57(0)        0(0)       13(0)       29(0)      0(0)      1(0)      0(0)
         +xefx_fifo_ram:efx_fifo_ram_f9db9b463f784e0ead45...        1(1)        0(0)        0(0)        1(1)      0(0)      1(1)      0(0)
         +xefx_fifo_ctl:efx_fifo_ctl_f9db9b463f784e0ead45...      56(28)        0(0)      13(13)      28(10)      0(0)      0(0)      0(0)
          +async_clk.xrd2wr_bin2gray:efx_fifo_bin2gray_f9...        0(0)        0(0)        0(0)        6(6)      0(0)      0(0)      0(0)
          +async_clk.xrd2wr_addr_sync:efx_asyncreg_f9db9b...      14(14)        0(0)        0(0)        3(3)      0(0)      0(0)      0(0)
          +async_clk.wr2rd_bin2gray:efx_fifo_bin2gray_f9d...        0(0)        0(0)        0(0)        6(6)      0(0)      0(0)      0(0)
          +async_clk.wr2rd_addr_sync:efx_asyncreg_f9db9b4...      14(14)        0(0)        0(0)        3(3)      0(0)      0(0)      0(0)
       +bram_u0:bram_wrapper_fifo_f9db9b463f784e0ead4594b...       57(0)        0(0)       13(0)       29(0)      0(0)      1(0)      0(0)
        +u_efx_fifo_top:efx_fifo_top_f9db9b463f784e0ead45...       57(0)        0(0)       13(0)       29(0)      0(0)      1(0)      0(0)
         +xefx_fifo_ram:efx_fifo_ram_f9db9b463f784e0ead45...        1(1)        0(0)        0(0)        1(1)      0(0)      1(1)      0(0)
         +xefx_fifo_ctl:efx_fifo_ctl_f9db9b463f784e0ead45...      56(28)        0(0)      13(13)      28(11)      0(0)      0(0)      0(0)
          +async_clk.xrd2wr_bin2gray:efx_fifo_bin2gray_f9...        0(0)        0(0)        0(0)        6(6)      0(0)      0(0)      0(0)
          +async_clk.xrd2wr_addr_sync:efx_asyncreg_f9db9b...      14(14)        0(0)        0(0)        2(2)      0(0)      0(0)      0(0)
          +async_clk.wr2rd_bin2gray:efx_fifo_bin2gray_f9d...        0(0)        0(0)        0(0)        6(6)      0(0)      0(0)      0(0)
          +async_clk.wr2rd_addr_sync:efx_asyncreg_f9db9b4...      14(14)        0(0)        0(0)        3(3)      0(0)      0(0)      0(0)
       +map_ram:user_dual_port_ram_f9db9b463f784e0ead4594...        0(0)        0(0)        0(0)      25(25)      0(0)      4(4)      0(0)
     +rst_top0:reset_ctrl_f9db9b463f784e0ead4594b0b8e61d8...       10(0)        2(0)        0(0)        2(0)      0(0)      0(0)      0(0)
      +genblk1[0].genblk1.genblk1.inst_sysclk_rstn:reset_...        5(5)        1(1)        0(0)        1(1)      0(0)      0(0)      0(0)
      +genblk1[1].genblk1.genblk1.inst_sysclk_rstn:reset_...        5(5)        1(1)        0(0)        1(1)      0(0)      0(0)      0(0)
     +phase_u0:phase_shift_f9db9b463f784e0ead4594b0b8e61d81       11(11)        0(0)        0(0)      13(13)      0(0)      0(0)      0(0)
 +axi4_awar_mux:AXI4_AWARMux(AID_LEN=4)                             6(6)        0(0)        0(0)        8(8)      0(0)      0(0)      0(0)
 +u_i2c_timing_ctrl_16bit:i2c_timing_ctrl_16bit(CLK_FREQ=...      70(70)        0(0)      48(48)    518(518)      0(0)      0(0)      0(0)
 +dsi_pwm:PWMLite                                                   8(8)        0(0)        6(6)        2(2)      0(0)      0(0)      0(0)
 +u_Sensor_Image_XYCrop:Sensor_Image_XYCrop(IMAGE_HSIZE_S...      35(35)        0(0)      23(23)      29(29)      0(0)      0(0)      0(0)
 +u_axi4_ctrl:axi4_ctrl(C_ID_LEN=4,C_RD_END_ADDR=1843200,...    417(211)       22(2)      90(24)     194(82)      0(0)     16(0)      0(0)
  +Gen_FIFO_W8.u_W0_FIFO_8:W0_FIFO_8                              128(0)        0(0)       34(0)       52(0)      0(0)      8(0)      0(0)
   +u_efx_fifo_top:efx_fifo_top_e28a7d4c8cc34a9cb9a97c74b...      128(0)        0(0)       34(0)       52(0)      0(0)      8(0)      0(0)
    +genblk2.genblk1.efx_resetsync_wr_rst:efx_resetsync_e...        2(0)        0(0)        0(0)        0(0)      0(0)      0(0)      0(0)
     +active_high.efx_resetsync_active_high:efx_asyncreg_...        2(2)        0(0)        0(0)        0(0)      0(0)      0(0)      0(0)
    +genblk2.genblk1.efx_resetsync_rd_rst:efx_resetsync_e...        2(0)        0(0)        0(0)        0(0)      0(0)      0(0)      0(0)
     +active_high.efx_resetsync_active_high:efx_asyncreg_...        2(2)        0(0)        0(0)        0(0)      0(0)      0(0)      0(0)
    +xefx_fifo_ram:efx_fifo_ram_e28a7d4c8cc34a9cb9a97c74b...        0(0)        0(0)        0(0)        0(0)      0(0)      8(8)      0(0)
    +xefx_fifo_ctl:efx_fifo_ctl_e28a7d4c8cc34a9cb9a97c74b...     124(64)        0(0)      34(34)      52(16)      0(0)      0(0)      0(0)
     +async_clk.xrd2wr_bin2gray:efx_fifo_bin2gray_e28a7d4...        0(0)        0(0)        0(0)        9(9)      0(0)      0(0)      0(0)
     +async_clk.xrd2wr_addr_sync:efx_asyncreg_e28a7d4c8cc...      30(30)        0(0)        0(0)        0(0)      0(0)      0(0)      0(0)
     +async_clk.xrd2wr_gray2bin:efx_fifo_gray2bin_e28a7d4...        0(0)        0(0)        0(0)        9(1)      0(0)      0(0)      0(0)
      +genblk1.genblk1.u_gray2bin:efx_fifo_gray2bin_e28a7...        0(0)        0(0)        0(0)        8(1)      0(0)      0(0)      0(0)
       +genblk1.genblk1.u_gray2bin:efx_fifo_gray2bin_e28a...        0(0)        0(0)        0(0)        7(1)      0(0)      0(0)      0(0)
        +genblk1.genblk1.u_gray2bin:efx_fifo_gray2bin_e28...        0(0)        0(0)        0(0)        6(1)      0(0)      0(0)      0(0)
         +genblk1.genblk1.u_gray2bin:efx_fifo_gray2bin_e2...        0(0)        0(0)        0(0)        5(1)      0(0)      0(0)      0(0)
          +genblk1.genblk1.u_gray2bin:efx_fifo_gray2bin_e...        0(0)        0(0)        0(0)        4(1)      0(0)      0(0)      0(0)
           +genblk1.genblk1.u_gray2bin:efx_fifo_gray2bin_...        0(0)        0(0)        0(0)        3(1)      0(0)      0(0)      0(0)
            +genblk1.genblk1.u_gray2bin:efx_fifo_gray2bin...        0(0)        0(0)        0(0)        2(1)      0(0)      0(0)      0(0)
             +genblk1.genblk1.u_gray2bin:efx_fifo_gray2bi...        0(0)        0(0)        0(0)        1(1)      0(0)      0(0)      0(0)
     +async_clk.wr2rd_bin2gray:efx_fifo_bin2gray_e28a7d4c...        0(0)        0(0)        0(0)        9(9)      0(0)      0(0)      0(0)
     +async_clk.wr2rd_addr_sync:efx_asyncreg_e28a7d4c8cc3...      30(30)        0(0)        0(0)        0(0)      0(0)      0(0)      0(0)
     +async_clk.wr2rd_gray2bin:efx_fifo_gray2bin_e28a7d4c...        0(0)        0(0)        0(0)        9(1)      0(0)      0(0)      0(0)
      +genblk1.genblk1.u_gray2bin:efx_fifo_gray2bin_e28a7...        0(0)        0(0)        0(0)        8(1)      0(0)      0(0)      0(0)
       +genblk1.genblk1.u_gray2bin:efx_fifo_gray2bin_e28a...        0(0)        0(0)        0(0)        7(1)      0(0)      0(0)      0(0)
        +genblk1.genblk1.u_gray2bin:efx_fifo_gray2bin_e28...        0(0)        0(0)        0(0)        6(1)      0(0)      0(0)      0(0)
         +genblk1.genblk1.u_gray2bin:efx_fifo_gray2bin_e2...        0(0)        0(0)        0(0)        5(1)      0(0)      0(0)      0(0)
          +genblk1.genblk1.u_gray2bin:efx_fifo_gray2bin_e...        0(0)        0(0)        0(0)        4(1)      0(0)      0(0)      0(0)
           +genblk1.genblk1.u_gray2bin:efx_fifo_gray2bin_...        0(0)        0(0)        0(0)        3(1)      0(0)      0(0)      0(0)
            +genblk1.genblk1.u_gray2bin:efx_fifo_gray2bin...        0(0)        0(0)        0(0)        2(1)      0(0)      0(0)      0(0)
             +genblk1.genblk1.u_gray2bin:efx_fifo_gray2bi...        0(0)        0(0)        0(0)        1(1)      0(0)      0(0)      0(0)
  +Gen_RFIFO_16.u_R0_FIFO_16:R0_FIFO_16                            78(0)       20(0)       32(0)       60(0)      0(0)      8(0)      0(0)
   +u_efx_fifo_top:efx_fifo_top_999a6bd87d6240e6b5110248e...       78(4)       20(0)       32(0)       60(0)      0(0)      8(0)      0(0)
    +xefx_fifo_ram:efx_fifo_ram_999a6bd87d6240e6b5110248e...        0(0)        0(0)        0(0)        0(0)      0(0)      8(8)      0(0)
    +xefx_fifo_ctl:efx_fifo_ctl_999a6bd87d6240e6b5110248e...      74(74)       20(0)      32(32)      60(24)      0(0)      0(0)      0(0)
     +genblk7.xrd2wr_bin2gray:efx_fifo_bin2gray_999a6bd87...        0(0)        0(0)        0(0)        9(9)      0(0)      0(0)      0(0)
     +genblk7.xrd2wr_addr_sync:efx_fifo_datasync_999a6bd8...        0(0)      10(10)        0(0)        0(0)      0(0)      0(0)      0(0)
     +genblk7.xrd2wr_gray2bin:efx_fifo_gray2bin_999a6bd87...        0(0)        0(0)        0(0)        9(1)      0(0)      0(0)      0(0)
      +genblk1.genblk1.u_gray2bin:efx_fifo_gray2bin_999a6...        0(0)        0(0)        0(0)        8(1)      0(0)      0(0)      0(0)
       +genblk1.genblk1.u_gray2bin:efx_fifo_gray2bin_999a...        0(0)        0(0)        0(0)        7(1)      0(0)      0(0)      0(0)
        +genblk1.genblk1.u_gray2bin:efx_fifo_gray2bin_999...        0(0)        0(0)        0(0)        6(1)      0(0)      0(0)      0(0)
         +genblk1.genblk1.u_gray2bin:efx_fifo_gray2bin_99...        0(0)        0(0)        0(0)        5(1)      0(0)      0(0)      0(0)
          +genblk1.genblk1.u_gray2bin:efx_fifo_gray2bin_9...        0(0)        0(0)        0(0)        4(1)      0(0)      0(0)      0(0)
           +genblk1.genblk1.u_gray2bin:efx_fifo_gray2bin_...        0(0)        0(0)        0(0)        3(1)      0(0)      0(0)      0(0)
            +genblk1.genblk1.u_gray2bin:efx_fifo_gray2bin...        0(0)        0(0)        0(0)        2(1)      0(0)      0(0)      0(0)
             +genblk1.genblk1.u_gray2bin:efx_fifo_gray2bi...        0(0)        0(0)        0(0)        1(1)      0(0)      0(0)      0(0)
     +genblk7.wr2rd_bin2gray:efx_fifo_bin2gray_999a6bd87d...        0(0)        0(0)        0(0)        9(9)      0(0)      0(0)      0(0)
     +genblk7.wr2rd_addr_sync:efx_fifo_datasync_999a6bd87...        0(0)      10(10)        0(0)        0(0)      0(0)      0(0)      0(0)
     +genblk7.wr2rd_gray2bin:efx_fifo_gray2bin_999a6bd87d...        0(0)        0(0)        0(0)        9(1)      0(0)      0(0)      0(0)
      +genblk1.genblk1.u_gray2bin:efx_fifo_gray2bin_999a6...        0(0)        0(0)        0(0)        8(1)      0(0)      0(0)      0(0)
       +genblk1.genblk1.u_gray2bin:efx_fifo_gray2bin_999a...        0(0)        0(0)        0(0)        7(1)      0(0)      0(0)      0(0)
        +genblk1.genblk1.u_gray2bin:efx_fifo_gray2bin_999...        0(0)        0(0)        0(0)        6(1)      0(0)      0(0)      0(0)
         +genblk1.genblk1.u_gray2bin:efx_fifo_gray2bin_99...        0(0)        0(0)        0(0)        5(1)      0(0)      0(0)      0(0)
          +genblk1.genblk1.u_gray2bin:efx_fifo_gray2bin_9...        0(0)        0(0)        0(0)        4(1)      0(0)      0(0)      0(0)
           +genblk1.genblk1.u_gray2bin:efx_fifo_gray2bin_...        0(0)        0(0)        0(0)        3(1)      0(0)      0(0)      0(0)
            +genblk1.genblk1.u_gray2bin:efx_fifo_gray2bin...        0(0)        0(0)        0(0)        2(1)      0(0)      0(0)      0(0)
             +genblk1.genblk1.u_gray2bin:efx_fifo_gray2bi...        0(0)        0(0)        0(0)        1(1)      0(0)      0(0)      0(0)
 +u_lcd_driver:lcd_driver                                         46(46)        0(0)      24(24)      77(77)      0(0)      0(0)      0(0)
 +u_skin_detector:face_reader_720p                                  2(2)        0(0)        7(7)        9(9)      0(0)      0(0)      0(0)
 +u_low_pass_filter:low_pass_realtime                             54(54)        0(0)      76(76)      54(54)      0(0)      6(0)      0(0)
  +u_ld1:line_delay_bit                                             0(0)        0(0)        0(0)        0(0)      0(0)      1(1)      0(0)
  +u_ld2:line_delay_bit                                             0(0)        0(0)        0(0)        0(0)      0(0)      1(1)      0(0)
  +u_ld3:line_delay_bit                                             0(0)        0(0)        0(0)        0(0)      0(0)      1(1)      0(0)
  +u_ld4:line_delay_bit                                             0(0)        0(0)        0(0)        0(0)      0(0)      1(1)      0(0)
  +u_ld5:line_delay_bit                                             0(0)        0(0)        0(0)        0(0)      0(0)      1(1)      0(0)
  +u_ld6:line_delay_bit                                             0(0)        0(0)        0(0)        0(0)      0(0)      1(1)      0(0)
 +u_morph_erode3x3:morph_erode3x3_stream(V_OPEN_LEN=9)            44(44)        0(0)      20(20)      70(66)      0(0)     16(0)      0(0)
  +u_ld1_3:line_delay_bit                                           0(0)        0(0)        0(0)        0(0)      0(0)      1(1)      0(0)
  +u_ld2_3:line_delay_bit                                           0(0)        0(0)        0(0)        1(1)      0(0)      1(1)      0(0)
  +GEN_VTAP_BIN[2].u_vtap_bin:line_delay_bit                        0(0)        0(0)        0(0)        0(0)      0(0)      1(1)      0(0)
  +GEN_VTAP_BIN[3].u_vtap_bin:line_delay_bit                        0(0)        0(0)        0(0)        0(0)      0(0)      1(1)      0(0)
  +GEN_VTAP_BIN[4].u_vtap_bin:line_delay_bit                        0(0)        0(0)        0(0)        0(0)      0(0)      1(1)      0(0)
  +GEN_VTAP_BIN[5].u_vtap_bin:line_delay_bit                        0(0)        0(0)        0(0)        1(1)      0(0)      1(1)      0(0)
  +GEN_VTAP_BIN[6].u_vtap_bin:line_delay_bit                        0(0)        0(0)        0(0)        0(0)      0(0)      1(1)      0(0)
  +GEN_VTAP_BIN[7].u_vtap_bin:line_delay_bit                        0(0)        0(0)        0(0)        0(0)      0(0)      1(1)      0(0)
  +GEN_VTAP_ERO[0].u_vtap_ero:line_delay_bit                        0(0)        0(0)        0(0)        0(0)      0(0)      1(1)      0(0)
  +GEN_VTAP_ERO[1].u_vtap_ero:line_delay_bit                        0(0)        0(0)        0(0)        1(1)      0(0)      1(1)      0(0)
  +GEN_VTAP_ERO[2].u_vtap_ero:line_delay_bit                        0(0)        0(0)        0(0)        0(0)      0(0)      1(1)      0(0)
  +GEN_VTAP_ERO[3].u_vtap_ero:line_delay_bit                        0(0)        0(0)        0(0)        0(0)      0(0)      1(1)      0(0)
  +GEN_VTAP_ERO[4].u_vtap_ero:line_delay_bit                        0(0)        0(0)        0(0)        0(0)      0(0)      1(1)      0(0)
  +GEN_VTAP_ERO[5].u_vtap_ero:line_delay_bit                        0(0)        0(0)        0(0)        0(0)      0(0)      1(1)      0(0)
  +GEN_VTAP_ERO[6].u_vtap_ero:line_delay_bit                        0(0)        0(0)        0(0)        0(0)      0(0)      1(1)      0(0)
  +GEN_VTAP_ERO[7].u_vtap_ero:line_delay_bit                        0(0)        0(0)        0(0)        1(1)      0(0)      1(1)      0(0)
 +u_streaming_connected_components:streaming_connected_co...  8311(8176)        0(0)     182(51)  7042(6486)      0(0)     13(0)      1(1)
  +u_true_ccl:true_ccl                                           135(71)        0(0)     131(93)    556(334)      0(0)     13(0)      0(0)
   +iCurrentLine:FIFO36x512                                        32(0)        0(0)       19(0)       59(0)      0(0)      2(0)      0(0)
    +u_efx_fifo_top:efx_fifo_top_6c202e0ff01b459189da89d8...       32(0)        0(0)       19(0)       59(0)      0(0)      2(0)      0(0)
     +genblk2.efx_resetsync_a_rst:efx_resetsync_6c202e0ff...        2(0)        0(0)        0(0)        0(0)      0(0)      0(0)      0(0)
      +active_high.efx_resetsync_active_high:efx_asyncreg...        2(2)        0(0)        0(0)        0(0)      0(0)      0(0)      0(0)
     +xefx_fifo_ram:efx_fifo_ram_6c202e0ff01b459189da89d8...        0(0)        0(0)        0(0)      54(54)      0(0)      2(2)      0(0)
     +xefx_fifo_ctl:efx_fifo_ctl_6c202e0ff01b459189da89d8...      30(30)        0(0)      19(19)        5(5)      0(0)      0(0)      0(0)
   +iPreviousLine:FIFO36x512                                       32(0)        0(0)       19(0)       50(0)      0(0)      2(0)      0(0)
    +u_efx_fifo_top:efx_fifo_top_6c202e0ff01b459189da89d8...       32(0)        0(0)       19(0)       50(0)      0(0)      2(0)      0(0)
     +genblk2.efx_resetsync_a_rst:efx_resetsync_6c202e0ff...        2(0)        0(0)        0(0)        0(0)      0(0)      0(0)      0(0)
      +active_high.efx_resetsync_active_high:efx_asyncreg...        2(2)        0(0)        0(0)        0(0)      0(0)      0(0)      0(0)
     +xefx_fifo_ram:efx_fifo_ram_6c202e0ff01b459189da89d8...        0(0)        0(0)        0(0)      45(45)      0(0)      2(2)      0(0)
     +xefx_fifo_ctl:efx_fifo_ctl_6c202e0ff01b459189da89d8...      30(30)        0(0)      19(19)        5(5)      0(0)      0(0)      0(0)
   +iCCList:BlockRam90x1024                                         0(0)        0(0)        0(0)      113(0)      0(0)      9(0)      0(0)
    +u_efx_bram:efx_bram_c049287cb79b40dcbc066cb296c918cf...        0(0)        0(0)        0(0)      113(0)      0(0)      9(0)      0(0)
     +genblk1.tdpram_inst:efx_true_dual_port_ram_c049287c...        0(0)        0(0)        0(0)      113(0)      0(0)      9(0)      0(0)
      +brams:dpram_wrapper_mwm_c049287cb79b40dcbc066cb296...        0(0)        0(0)        0(0)      113(0)      0(0)      9(0)      0(0)
       +scan_row.row[0].column[0].bram:dpbram_primitive_c...        0(0)        0(0)        0(0)      11(11)      0(0)      1(1)      0(0)
       +scan_row.row[0].column[1].bram:dpbram_primitive_c...        0(0)        0(0)        0(0)        1(1)      0(0)      1(1)      0(0)
       +scan_row.row[0].column[2].bram:dpbram_primitive_c...        0(0)        0(0)        0(0)      19(19)      0(0)      1(1)      0(0)
       +scan_row.row[0].column[3].bram:dpbram_primitive_c...        0(0)        0(0)        0(0)      22(22)      0(0)      1(1)      0(0)
       +scan_row.row[0].column[4].bram:dpbram_primitive_c...        0(0)        0(0)        0(0)      21(21)      0(0)      1(1)      0(0)
       +scan_row.row[0].column[5].bram:dpbram_primitive_c...        0(0)        0(0)        0(0)      29(29)      0(0)      1(1)      0(0)
       +scan_row.row[0].column[6].bram:dpbram_primitive_c...        0(0)        0(0)        0(0)      10(10)      0(0)      1(1)      0(0)
       +scan_row.row[0].column[7].bram:dpbram_primitive_c...        0(0)        0(0)        0(0)        0(0)      0(0)      1(1)      0(0)
       +scan_row.row[0].column[8].bram:dpbram_primitive_c...        0(0)        0(0)        0(0)        0(0)      0(0)      1(1)      0(0)
 +u_bbox_filter_720p:bbox_filter_720p(MAX_OUT_BLOBS=8)        1108(1108)        0(0)      74(74)  2184(2184)      0(0)      0(0)    12(12)
 +u_bbox_overlay:bbox_overlay(MAX_BLOBS=8)                      732(732)        0(0)      10(10)    611(611)      0(0)      0(0)      0(0)
 +u_uart_test:FPGA_UART_Test                                       78(9)        0(0)       31(0)     115(13)      0(0)      0(0)      0(0)
  +u_integer_devider:integer_divider(DEVIDE_CNT=52)               32(32)        0(0)      31(31)      45(45)      0(0)      0(0)      0(0)
  +u_uart_receiver:uart_receiver                                  28(28)        0(0)        0(0)      34(34)      0(0)      0(0)      0(0)
  +u_uart_transfer:uart_transfer                                    9(9)        0(0)        0(0)      23(23)      0(0)      0(0)      0(0)
 +u_rgb2dvi:rgb2dvi(ENABLE_OSERDES=0)                              45(0)        0(0)       81(0)      108(0)      0(0)      0(0)      0(0)
  +enc_0:tmds_channel                                             15(15)        0(0)      27(27)      36(36)      0(0)      0(0)      0(0)
  +enc_1:tmds_channel                                             15(15)        0(0)      27(27)      34(34)      0(0)      0(0)      0(0)
  +enc_2:tmds_channel                                             15(15)        0(0)      27(27)      38(38)      0(0)      0(0)      0(0)

### ### Module Resource Usage Distribution Estimates (end) ### ###


### ### Clock Load Distribution Report (begin) ### ###

     Clock     Flip-Flops     Shift-Regs   Memory Ports    Multipliers
     -----     ----------     ----------   ------------    -----------
   clk_sys           1090            358             36              0
 clk_pixel          10418             10             78              4
 cmos_pclk            118              0              8              0
   tac_clk            302              0              8              0
 tdqss_clk            109              0              4              0
  core_clk            814              0             15              0
   twd_clk            257            144              9              0

### ### Clock Load Distribution Report (end) ### ###

### ### Memory Mapping Report (begin) ### ### ###

1. ddr3_ctl_axi/u_efx_ddr3_soft_controller/genblk1.inst_ddr3_axi/inst_efx_ddr3/top_mc/controller_main/map_ram/ram (D:\yilingsi_fpga\Efinity_Project\Ti60F225_OV5640_Face_Reproduction\ip/DdrCtrl\DdrCtrl.sv:2160):
	EFX_RAM10: ddr3_ctl_axi/u_efx_ddr3_soft_controller/genblk1.inst_ddr3_axi/inst_efx_ddr3/top_mc/controller_main/map_ram/ram__D$2
	EFX_RAM10: ddr3_ctl_axi/u_efx_ddr3_soft_controller/genblk1.inst_ddr3_axi/inst_efx_ddr3/top_mc/controller_main/map_ram/ram__D$b12
	EFX_RAM10: ddr3_ctl_axi/u_efx_ddr3_soft_controller/genblk1.inst_ddr3_axi/inst_efx_ddr3/top_mc/controller_main/map_ram/ram__D$12
	EFX_RAM10: ddr3_ctl_axi/u_efx_ddr3_soft_controller/genblk1.inst_ddr3_axi/inst_efx_ddr3/top_mc/controller_main/map_ram/ram__D$c1

### ### Memory Mapping Report (end) ### ### ###

### ### Resource Summary (begin) ### ### ### 
INPUT  PORTS    : 	160
OUTPUT PORTS    : 	372

EFX_ADD         : 	1192
EFX_LUT4        : 	14538
   1-2  Inputs  : 	2124
   3    Inputs  : 	3800
   4    Inputs  : 	8614
EFX_DSP48       : 	13
EFX_FF          : 	13108
EFX_SRL8        : 	512
EFX_RAM10       : 	72
EFX_DPRAM10     : 	9
### ### Resource Summary (end) ### ### ###

Plain synthesis (without verilog dump and post-map checks) time : 39s
Elapsed synthesis time : 40s
