INFO     : Efinix FPGA Synthesis.
INFO     : Version: 2025.1.110.5.9
INFO     : Compiled: Sep 19 2025.
INFO     : 
INFO     : Copyright (C) 2013 - 2025 Efinix, Inc. All rights reserved.

INFO     : Reading project database "D:\house-1\9.25.1_ding_Ti60F225_Canny_Face_Parallel\Ti60_Demo.xml"
INFO     : Analyzing Verilog file 'D:/Efinity/sim_models/maplib/efinix_peri_lib.v' [VERI-1482]
INFO     : D:/Efinity/sim_models/maplib/efinix_peri_lib.v(8): compiling module 'EFX_IBUF' [VERI-1018]
INFO     : D:/Efinity/sim_models/maplib/efinix_peri_lib.v(16): compiling module 'EFX_OBUF' [VERI-1018]
INFO     : D:/Efinity/sim_models/maplib/efinix_peri_lib.v(23): compiling module 'EFX_IO_BUF' [VERI-1018]
INFO     : D:/Efinity/sim_models/maplib/efinix_peri_lib.v(33): compiling module 'EFX_CLKOUT' [VERI-1018]
INFO     : D:/Efinity/sim_models/maplib/efinix_peri_lib.v(41): compiling module 'EFX_IREG' [VERI-1018]
INFO     : D:/Efinity/sim_models/maplib/efinix_peri_lib.v(51): compiling module 'EFX_OREG' [VERI-1018]
INFO     : D:/Efinity/sim_models/maplib/efinix_peri_lib.v(60): compiling module 'EFX_IOREG' [VERI-1018]
INFO     : D:/Efinity/sim_models/maplib/efinix_peri_lib.v(75): compiling module 'EFX_IDDIO' [VERI-1018]
INFO     : D:/Efinity/sim_models/maplib/efinix_peri_lib.v(87): compiling module 'EFX_ODDIO' [VERI-1018]
INFO     : D:/Efinity/sim_models/maplib/efinix_peri_lib.v(99): compiling module 'EFX_GPIO_V1' [VERI-1018]
INFO     : D:/Efinity/sim_models/maplib/efinix_peri_lib.v(124): compiling module 'EFX_GPIO_V2' [VERI-1018]
INFO     : D:/Efinity/sim_models/maplib/efinix_peri_lib.v(149): compiling module 'EFX_GPIO_V3' [VERI-1018]
INFO     : D:/Efinity/sim_models/maplib/efinix_peri_lib.v(186): compiling module 'EFX_PLL_V1' [VERI-1018]
INFO     : D:/Efinity/sim_models/maplib/efinix_peri_lib.v(205): compiling module 'EFX_PLL_V2' [VERI-1018]
INFO     : D:/Efinity/sim_models/maplib/efinix_peri_lib.v(231): compiling module 'EFX_PLL_V3' [VERI-1018]
INFO     : D:/Efinity/sim_models/maplib/efinix_peri_lib.v(279): compiling module 'EFX_OSC_V1' [VERI-1018]
INFO     : D:/Efinity/sim_models/maplib/efinix_peri_lib.v(285): compiling module 'EFX_OSC_V3' [VERI-1018]
INFO     : D:/Efinity/sim_models/maplib/efinix_peri_lib.v(294): compiling module 'EFX_FPLL_V1' [VERI-1018]
INFO     : D:/Efinity/sim_models/maplib/efinix_peri_lib.v(348): compiling module 'EFX_JTAG_V1' [VERI-1018]
INFO     : D:/Efinity/sim_models/maplib/efinix_peri_lib.v(357): compiling module 'EFX_JTAG_CTRL' [VERI-1018]
INFO     : D:/Efinity/sim_models/maplib/efinix_peri_lib.v(364): compiling module 'EFX_LVDS_RX_V1' [VERI-1018]
INFO     : D:/Efinity/sim_models/maplib/efinix_peri_lib.v(381): compiling module 'EFX_LVDS_TX_V1' [VERI-1018]
INFO     : D:/Efinity/sim_models/maplib/efinix_peri_lib.v(399): compiling module 'EFX_LVDS_RX_V2' [VERI-1018]
INFO     : D:/Efinity/sim_models/maplib/efinix_peri_lib.v(426): compiling module 'EFX_LVDS_TX_V2' [VERI-1018]
INFO     : D:/Efinity/sim_models/maplib/efinix_peri_lib.v(446): compiling module 'EFX_LVDS_BIDIR_V2' [VERI-1018]
INFO     : Reading project database "D:\house-1\9.25.1_ding_Ti60F225_Canny_Face_Parallel\Ti60_Demo.xml"
INFO     : ***** Beginning Analysis ... *****
INFO     : default VHDL library search path is now "D:/Efinity/sim_models/vhdl/packages/vhdl_2008" [VHDL-1504]
INFO     : Analyzing Verilog file 'D:/Efinity/sim_models/maplib/efinix_maplib.v' [VERI-1482]
INFO     : Analyzing Verilog file 'D:/Efinity/sim_models/maplib/efinix_peri_lib.v' [VERI-1482]
INFO     : Analyzing Verilog file 'D:/Efinity/sim_models/maplib/efinix_maplib.v' [VERI-1482]
INFO     : Analyzing Verilog file 'D:/Efinity/sim_models/maplib/efinix_peri_lib.v' [VERI-1482]
INFO     : Analyzing Verilog file 'D:\house-1\9.25.1_ding_Ti60F225_Canny_Face_Parallel\ip/W0_FIFO\W0_FIFO.sv' [VERI-1482]
INFO     : Analyzing Verilog file 'D:\house-1\9.25.1_ding_Ti60F225_Canny_Face_Parallel\ip/R0_FIFO\R0_FIFO.sv' [VERI-1482]
INFO     : Analyzing Verilog file 'D:\house-1\9.25.1_ding_Ti60F225_Canny_Face_Parallel\ip/dsi_tx\dsi_tx.sv' [VERI-1482]
INFO     : D:\house-1\9.25.1_ding_Ti60F225_Canny_Face_Parallel\ip/dsi_tx\dsi_tx.sv(6312): undeclared symbol '**', assumed default net type '**' [VERI-2561]
INFO     : D:\house-1\9.25.1_ding_Ti60F225_Canny_Face_Parallel\ip/dsi_tx\dsi_tx.sv(6312): undeclared symbol '**', assumed default net type '**' [VERI-2561]
INFO     : Analyzing Verilog file 'D:\house-1\9.25.1_ding_Ti60F225_Canny_Face_Parallel\ip/csi_rx\csi_rx.sv' [VERI-1482]
INFO     : Analyzing Verilog file 'D:\house-1\9.25.1_ding_Ti60F225_Canny_Face_Parallel\ip/DdrCtrl\DdrCtrl.sv' [VERI-1482]
INFO     : D:\house-1\9.25.1_ding_Ti60F225_Canny_Face_Parallel\ip/DdrCtrl\DdrCtrl.sv(267): analyzing included file 'D:\house-1\9.25.1_ding_Ti60F225_Canny_Face_Parallel\ip/DdrCtrl/ddr3_controller.vh' [VERI-1328]
INFO     : D:\house-1\9.25.1_ding_Ti60F225_Canny_Face_Parallel\ip/DdrCtrl\DdrCtrl.sv(267): back to file 'D:\house-1\9.25.1_ding_Ti60F225_Canny_Face_Parallel\ip/DdrCtrl\DdrCtrl.sv' [VERI-2320]
INFO     : D:\house-1\9.25.1_ding_Ti60F225_Canny_Face_Parallel\ip/DdrCtrl\DdrCtrl.sv(590): undeclared symbol '**', assumed default net type '**' [VERI-2561]
INFO     : D:\house-1\9.25.1_ding_Ti60F225_Canny_Face_Parallel\ip/DdrCtrl\DdrCtrl.sv(595): analyzing included file 'D:\house-1\9.25.1_ding_Ti60F225_Canny_Face_Parallel\ip/DdrCtrl/ddr3_controller.vh' [VERI-1328]
INFO     : D:\house-1\9.25.1_ding_Ti60F225_Canny_Face_Parallel\ip/DdrCtrl\DdrCtrl.sv(595): back to file 'D:\house-1\9.25.1_ding_Ti60F225_Canny_Face_Parallel\ip/DdrCtrl\DdrCtrl.sv' [VERI-2320]
INFO     : D:\house-1\9.25.1_ding_Ti60F225_Canny_Face_Parallel\ip/DdrCtrl\DdrCtrl.sv(1604): analyzing included file 'D:\house-1\9.25.1_ding_Ti60F225_Canny_Face_Parallel\ip/DdrCtrl/ddr3_controller.vh' [VERI-1328]
INFO     : D:\house-1\9.25.1_ding_Ti60F225_Canny_Face_Parallel\ip/DdrCtrl\DdrCtrl.sv(1604): back to file 'D:\house-1\9.25.1_ding_Ti60F225_Canny_Face_Parallel\ip/DdrCtrl\DdrCtrl.sv' [VERI-2320]
INFO     : D:\house-1\9.25.1_ding_Ti60F225_Canny_Face_Parallel\ip/DdrCtrl\DdrCtrl.sv(1858): analyzing included file 'D:\house-1\9.25.1_ding_Ti60F225_Canny_Face_Parallel\ip/DdrCtrl/ddr3_controller.vh' [VERI-1328]
INFO     : D:\house-1\9.25.1_ding_Ti60F225_Canny_Face_Parallel\ip/DdrCtrl\DdrCtrl.sv(1858): back to file 'D:\house-1\9.25.1_ding_Ti60F225_Canny_Face_Parallel\ip/DdrCtrl\DdrCtrl.sv' [VERI-2320]
INFO     : D:\house-1\9.25.1_ding_Ti60F225_Canny_Face_Parallel\ip/DdrCtrl\DdrCtrl.sv(2165): analyzing included file 'D:\house-1\9.25.1_ding_Ti60F225_Canny_Face_Parallel\ip/DdrCtrl/ddr3_controller.vh' [VERI-1328]
INFO     : D:\house-1\9.25.1_ding_Ti60F225_Canny_Face_Parallel\ip/DdrCtrl\DdrCtrl.sv(2165): back to file 'D:\house-1\9.25.1_ding_Ti60F225_Canny_Face_Parallel\ip/DdrCtrl\DdrCtrl.sv' [VERI-2320]
INFO     : D:\house-1\9.25.1_ding_Ti60F225_Canny_Face_Parallel\ip/DdrCtrl\DdrCtrl.sv(2616): analyzing included file 'D:\house-1\9.25.1_ding_Ti60F225_Canny_Face_Parallel\ip/DdrCtrl/ddr3_controller.vh' [VERI-1328]
INFO     : D:\house-1\9.25.1_ding_Ti60F225_Canny_Face_Parallel\ip/DdrCtrl\DdrCtrl.sv(2616): back to file 'D:\house-1\9.25.1_ding_Ti60F225_Canny_Face_Parallel\ip/DdrCtrl\DdrCtrl.sv' [VERI-2320]
INFO     : Analyzing Verilog file 'D:\house-1\9.25.1_ding_Ti60F225_Canny_Face_Parallel\ip/W0_FIFO_8\W0_FIFO_8.sv' [VERI-1482]
INFO     : Analyzing Verilog file 'D:\house-1\9.25.1_ding_Ti60F225_Canny_Face_Parallel\ip/W0_FIFO_64\W0_FIFO_64.sv' [VERI-1482]
INFO     : Analyzing Verilog file 'D:\house-1\9.25.1_ding_Ti60F225_Canny_Face_Parallel\ip/FIFO_W48R24\FIFO_W48R24.sv' [VERI-1482]
INFO     : Analyzing Verilog file 'D:\house-1\9.25.1_ding_Ti60F225_Canny_Face_Parallel\ip/R0_FIFO_8\R0_FIFO_8.sv' [VERI-1482]
INFO     : Analyzing Verilog file 'D:\house-1\9.25.1_ding_Ti60F225_Canny_Face_Parallel\ip/R0_FIFO_16\R0_FIFO_16.sv' [VERI-1482]
INFO     : Analyzing Verilog file 'D:\house-1\9.25.1_ding_Ti60F225_Canny_Face_Parallel\ip/W0_FIFO_32\W0_FIFO_32.sv' [VERI-1482]
INFO     : Analyzing Verilog file 'D:\house-1\9.25.1_ding_Ti60F225_Canny_Face_Parallel\ip/W0_FIFO_16\W0_FIFO_16.sv' [VERI-1482]
INFO     : Analyzing Verilog file 'D:\house-1\9.25.1_ding_Ti60F225_Canny_Face_Parallel\ip/BlockRam90x1024\BlockRam90x1024.v' [VERI-1482]
INFO     : D:\house-1\9.25.1_ding_Ti60F225_Canny_Face_Parallel\ip/BlockRam90x1024\BlockRam90x1024.v(778): analyzing included file 'D:\house-1\9.25.1_ding_Ti60F225_Canny_Face_Parallel\ip/BlockRam90x1024/bram_ini.vh' [VERI-1328]
INFO     : D:\house-1\9.25.1_ding_Ti60F225_Canny_Face_Parallel\ip/BlockRam90x1024\BlockRam90x1024.v(778): back to file 'D:\house-1\9.25.1_ding_Ti60F225_Canny_Face_Parallel\ip/BlockRam90x1024\BlockRam90x1024.v' [VERI-2320]
INFO     : D:\house-1\9.25.1_ding_Ti60F225_Canny_Face_Parallel\ip/BlockRam90x1024\BlockRam90x1024.v(1050): analyzing included file 'D:\house-1\9.25.1_ding_Ti60F225_Canny_Face_Parallel\ip/BlockRam90x1024/bram_decompose.vh' [VERI-1328]
INFO     : D:\house-1\9.25.1_ding_Ti60F225_Canny_Face_Parallel\ip/BlockRam90x1024\BlockRam90x1024.v(1050): back to file 'D:\house-1\9.25.1_ding_Ti60F225_Canny_Face_Parallel\ip/BlockRam90x1024\BlockRam90x1024.v' [VERI-2320]
INFO     : Analyzing Verilog file 'D:\house-1\9.25.1_ding_Ti60F225_Canny_Face_Parallel\ip/FIFO36x512\FIFO36x512.sv' [VERI-1482]
INFO     : Analyzing Verilog file 'D:\house-1\9.25.1_ding_Ti60F225_Canny_Face_Parallel\example_top.v' [VERI-1482]
INFO     : Analyzing Verilog file 'D:\house-1\9.25.1_ding_Ti60F225_Canny_Face_Parallel\src\cmos_i2c\i2c_timing_ctrl_16bit.v' [VERI-1482]
INFO     : Analyzing Verilog file 'D:\house-1\9.25.1_ding_Ti60F225_Canny_Face_Parallel\src\cmos_i2c\I2C_OV5640_1280720_Config.v' [VERI-1482]
INFO     : Analyzing Verilog file 'D:\house-1\9.25.1_ding_Ti60F225_Canny_Face_Parallel\src\lcd_para.v' [VERI-1482]
INFO     : Analyzing Verilog file 'D:\house-1\9.25.1_ding_Ti60F225_Canny_Face_Parallel\src\lcd_driver.v' [VERI-1482]
INFO     : D:\house-1\9.25.1_ding_Ti60F225_Canny_Face_Parallel\src\lcd_driver.v(37): analyzing included file 'D:\house-1\9.25.1_ding_Ti60F225_Canny_Face_Parallel\src/lcd_para.v' [VERI-1328]
INFO     : D:\house-1\9.25.1_ding_Ti60F225_Canny_Face_Parallel\src\lcd_driver.v(37): back to file 'D:\house-1\9.25.1_ding_Ti60F225_Canny_Face_Parallel\src\lcd_driver.v' [VERI-2320]
INFO     : Analyzing Verilog file 'D:\house-1\9.25.1_ding_Ti60F225_Canny_Face_Parallel\src\axi\AXI4_AWARMux.v' [VERI-1482]
INFO     : Analyzing Verilog file 'D:\house-1\9.25.1_ding_Ti60F225_Canny_Face_Parallel\src\axi\axi4_ctrl.v' [VERI-1482]
INFO     : Analyzing Verilog file 'D:\house-1\9.25.1_ding_Ti60F225_Canny_Face_Parallel\src\axi\frame_buffer_select.v' [VERI-1482]
INFO     : Analyzing Verilog file 'D:\house-1\9.25.1_ding_Ti60F225_Canny_Face_Parallel\src\vision\gaussian3x3.v' [VERI-1482]
INFO     : Analyzing Verilog file 'D:\house-1\9.25.1_ding_Ti60F225_Canny_Face_Parallel\src\parallel\button_press.v' [VERI-1482]
INFO     : Analyzing Verilog file 'D:\house-1\9.25.1_ding_Ti60F225_Canny_Face_Parallel\src\parallel\vision_hud.v' [VERI-1482]
INFO     : Analyzing Verilog file 'D:\house-1\9.25.1_ding_Ti60F225_Canny_Face_Parallel\src\hdmi_ip\encode.v' [VERI-1482]
INFO     : Analyzing Verilog file 'D:\house-1\9.25.1_ding_Ti60F225_Canny_Face_Parallel\src\hdmi_ip\tmds_channel.v' [VERI-1482]
INFO     : Analyzing Verilog file 'D:\house-1\9.25.1_ding_Ti60F225_Canny_Face_Parallel\src\hdmi_ip\rgb2dvi.v' [VERI-1482]
INFO     : Analyzing Verilog file 'D:\house-1\9.25.1_ding_Ti60F225_Canny_Face_Parallel\src\hdmi_ip\serdes_4b_10to1.v' [VERI-1482]
INFO     : Analyzing Verilog file 'D:\house-1\9.25.1_ding_Ti60F225_Canny_Face_Parallel\src\vision\line_buffer_3x3.v' [VERI-1482]
INFO     : Analyzing Verilog file 'D:\house-1\9.25.1_ding_Ti60F225_Canny_Face_Parallel\src\vision\rgb565_to_gray.v' [VERI-1482]
INFO     : Analyzing Verilog file 'D:\house-1\9.25.1_ding_Ti60F225_Canny_Face_Parallel\src\vision\rgb565_to_rgb888.v' [VERI-1482]
INFO     : Analyzing Verilog file 'D:\house-1\9.25.1_ding_Ti60F225_Canny_Face_Parallel\src\vision\median3x3.v' [VERI-1482]
INFO     : Analyzing Verilog file 'D:\house-1\9.25.1_ding_Ti60F225_Canny_Face_Parallel\src\vision\sobel3x3.v' [VERI-1482]
INFO     : Analyzing Verilog file 'D:\house-1\9.25.1_ding_Ti60F225_Canny_Face_Parallel\src\vision\nms3x3.v' [VERI-1482]
INFO     : Analyzing Verilog file 'D:\house-1\9.25.1_ding_Ti60F225_Canny_Face_Parallel\src\vision\canny_threshold.v' [VERI-1482]
INFO     : Analyzing Verilog file 'D:\house-1\9.25.1_ding_Ti60F225_Canny_Face_Parallel\src\vision\hysteresis_local.v' [VERI-1482]
INFO     : Analyzing Verilog file 'D:\house-1\9.25.1_ding_Ti60F225_Canny_Face_Parallel\src\face\rgb565_to_ycbcr_skin.v' [VERI-1482]
INFO     : Analyzing Verilog file 'D:\house-1\9.25.1_ding_Ti60F225_Canny_Face_Parallel\src\parallel\canny_stream.v' [VERI-1482]
INFO     : D:\house-1\9.25.1_ding_Ti60F225_Canny_Face_Parallel\src\parallel\canny_stream.v(8): analyzing included file 'D:\house-1\9.25.1_ding_Ti60F225_Canny_Face_Parallel\src\parallel/vision_config.vh' [VERI-1328]
INFO     : D:\house-1\9.25.1_ding_Ti60F225_Canny_Face_Parallel\src\parallel\canny_stream.v(8): back to file 'D:\house-1\9.25.1_ding_Ti60F225_Canny_Face_Parallel\src\parallel\canny_stream.v' [VERI-2320]
INFO     : Analyzing Verilog file 'D:\house-1\9.25.1_ding_Ti60F225_Canny_Face_Parallel\src\parallel\face_grid_regions.v' [VERI-1482]
INFO     : Analyzing Verilog file 'D:\house-1\9.25.1_ding_Ti60F225_Canny_Face_Parallel\src\parallel\face_morph.v' [VERI-1482]
INFO     : Analyzing Verilog file 'D:\house-1\9.25.1_ding_Ti60F225_Canny_Face_Parallel\src\parallel\parallel_overlay.v' [VERI-1482]
INFO     : Analyzing Verilog file 'D:\house-1\9.25.1_ding_Ti60F225_Canny_Face_Parallel\src\parallel\parallel_video.v' [VERI-1482]
INFO     : D:\house-1\9.25.1_ding_Ti60F225_Canny_Face_Parallel\src\parallel\parallel_video.v(2): analyzing included file 'D:\house-1\9.25.1_ding_Ti60F225_Canny_Face_Parallel\src\parallel/vision_config.vh' [VERI-1328]
INFO     : D:\house-1\9.25.1_ding_Ti60F225_Canny_Face_Parallel\src\parallel\parallel_video.v(2): back to file 'D:\house-1\9.25.1_ding_Ti60F225_Canny_Face_Parallel\src\parallel\parallel_video.v' [VERI-2320]
INFO     : Analyzing Verilog file 'D:\house-1\9.25.1_ding_Ti60F225_Canny_Face_Parallel\src\parallel\uart_params.v' [VERI-1482]
INFO     : D:\house-1\9.25.1_ding_Ti60F225_Canny_Face_Parallel\src\parallel\uart_params.v(5): analyzing included file 'D:\house-1\9.25.1_ding_Ti60F225_Canny_Face_Parallel\src\parallel/vision_config.vh' [VERI-1328]
INFO     : D:\house-1\9.25.1_ding_Ti60F225_Canny_Face_Parallel\src\parallel\uart_params.v(5): back to file 'D:\house-1\9.25.1_ding_Ti60F225_Canny_Face_Parallel\src\parallel\uart_params.v' [VERI-2320]
INFO     : Analyzing Verilog file 'D:\house-1\9.25.1_ding_Ti60F225_Canny_Face_Parallel\src\parallel\video_delay.v' [VERI-1482]
INFO     : Analyzing Verilog file 'D:\house-1\9.25.1_ding_Ti60F225_Canny_Face_Parallel\src\Sensor_Image_XYCrop.v' [VERI-1482]
INFO     : Analysis took 0.567256 seconds.
INFO     : 	Analysis took 0.515625 seconds (approximately) in total CPU time.
INFO     : Analysis virtual memory usage: begin = 53.616 MB, end = 68.032 MB, delta = 14.416 MB
INFO     : 	Analysis peak virtual memory usage = 68.032 MB
INFO     : Analysis resident set memory usage: begin = 57.736 MB, end = 74.484 MB, delta = 16.748 MB
INFO     : 	Analysis peak resident set memory usage = 74.484 MB
INFO     : ***** Ending Analysis ... *****
INFO     : ***** Beginning Elaboration ... *****
WARNING  : D:\house-1\9.25.1_ding_Ti60F225_Canny_Face_Parallel\example_top.v(613): port 'cal_shift_val' remains unconnected for this instance [VERI-1927]
WARNING  : D:\house-1\9.25.1_ding_Ti60F225_Canny_Face_Parallel\example_top.v(974): port 'axi_awid' remains unconnected for this instance [VERI-1927]
WARNING  : D:\house-1\9.25.1_ding_Ti60F225_Canny_Face_Parallel\example_top.v(1084): port 'TMDS_Clk_p' remains unconnected for this instance [VERI-1927]
INFO     : D:\house-1\9.25.1_ding_Ti60F225_Canny_Face_Parallel\example_top.v(6): compiling module 'example_top' [VERI-1018]
WARNING  : D:\house-1\9.25.1_ding_Ti60F225_Canny_Face_Parallel\example_top.v(444): expression size 32 truncated to fit in target size 1 [VERI-1209]
WARNING  : D:\house-1\9.25.1_ding_Ti60F225_Canny_Face_Parallel\ip/DdrCtrl\DdrCtrl.sv(184): port 'wr_busy' remains unconnected for this instance [VERI-1927]
WARNING  : D:\house-1\9.25.1_ding_Ti60F225_Canny_Face_Parallel\ip/DdrCtrl\DdrCtrl.sv(184): port 'wr_data' is not connected on this instance [VERI-2435]
INFO     : D:\house-1\9.25.1_ding_Ti60F225_Canny_Face_Parallel\ip/DdrCtrl\DdrCtrl.sv(49): compiling module 'DdrCtrl' [VERI-1018]
INFO     : D:\house-1\9.25.1_ding_Ti60F225_Canny_Face_Parallel\ip/DdrCtrl\DdrCtrl.sv(1859): compiling module 'efx_ddr3_soft_controller_f9db9b463f784e0ead4594b0b8e61d81' [VERI-1018]
WARNING  : D:\house-1\9.25.1_ding_Ti60F225_Canny_Face_Parallel\ip/DdrCtrl\DdrCtrl.sv(2496): port '**' is not connected on this instance [VERI-2435]
INFO     : D:\house-1\9.25.1_ding_Ti60F225_Canny_Face_Parallel\ip/DdrCtrl\DdrCtrl.sv(2496): compiling module '**' [VERI-1018]
INFO     : D:\house-1\9.25.1_ding_Ti60F225_Canny_Face_Parallel\ip/DdrCtrl\DdrCtrl.sv(2611): compiling module '**' [VERI-1018]
WARNING  : D:\house-1\9.25.1_ding_Ti60F225_Canny_Face_Parallel\ip/DdrCtrl\DdrCtrl.sv(2611): expression size ** truncated to fit in target size ** [VERI-1209]
INFO     : D:/Efinity/sim_models/maplib/efinix_maplib.v(884): compiling module 'EFX_SRL8' [VERI-1018]
WARNING  : D:\house-1\9.25.1_ding_Ti60F225_Canny_Face_Parallel\ip/DdrCtrl\DdrCtrl.sv(2496): actual bit length ** differs from formal bit length *** for port '**' [VERI-1330]
INFO     : D:\house-1\9.25.1_ding_Ti60F225_Canny_Face_Parallel\ip/DdrCtrl\DdrCtrl.sv(2611): compiling module '**' [VERI-1018]
WARNING  : D:\house-1\9.25.1_ding_Ti60F225_Canny_Face_Parallel\ip/DdrCtrl\DdrCtrl.sv(2611): expression size ** truncated to fit in target size ** [VERI-1209]
INFO     : D:\house-1\9.25.1_ding_Ti60F225_Canny_Face_Parallel\ip/DdrCtrl\DdrCtrl.sv(2611): compiling module '**' [VERI-1018]
WARNING  : D:\house-1\9.25.1_ding_Ti60F225_Canny_Face_Parallel\ip/DdrCtrl\DdrCtrl.sv(2611): expression size ** truncated to fit in target size ** [VERI-1209]
WARNING  : D:\house-1\9.25.1_ding_Ti60F225_Canny_Face_Parallel\ip/DdrCtrl\DdrCtrl.sv(2496): actual bit length ** differs from formal bit length *** for port '**' [VERI-1330]
INFO     : D:\house-1\9.25.1_ding_Ti60F225_Canny_Face_Parallel\ip/DdrCtrl\DdrCtrl.sv(3274): compiling module '**' [VERI-1018]
INFO     : D:\house-1\9.25.1_ding_Ti60F225_Canny_Face_Parallel\ip/DdrCtrl\DdrCtrl.sv(1663): compiling module '**' [VERI-1018]
WARNING  : D:\house-1\9.25.1_ding_Ti60F225_Canny_Face_Parallel\ip/DdrCtrl\DdrCtrl.sv(590): port '**' remains unconnected for this instance [VERI-1927]
INFO     : D:\house-1\9.25.1_ding_Ti60F225_Canny_Face_Parallel\ip/DdrCtrl\DdrCtrl.sv(590): compiling module '**' [VERI-1018]
INFO     : D:\house-1\9.25.1_ding_Ti60F225_Canny_Face_Parallel\ip/DdrCtrl\DdrCtrl.sv(1786): compiling module '**' [VERI-1018]
INFO     : D:\house-1\9.25.1_ding_Ti60F225_Canny_Face_Parallel\ip/DdrCtrl\DdrCtrl.sv(1853): compiling module '**' [VERI-1018]
INFO     : D:\house-1\9.25.1_ding_Ti60F225_Canny_Face_Parallel\ip/DdrCtrl\DdrCtrl.sv(1786): compiling module '**' [VERI-1018]
INFO     : D:\house-1\9.25.1_ding_Ti60F225_Canny_Face_Parallel\ip/DdrCtrl\DdrCtrl.sv(1599): compiling module '**' [VERI-1018]
INFO     : D:\house-1\9.25.1_ding_Ti60F225_Canny_Face_Parallel\ip/DdrCtrl\DdrCtrl.sv(1599): extracting RAM for identifier '**' [VERI-2571]
INFO     : D:\house-1\9.25.1_ding_Ti60F225_Canny_Face_Parallel\ip/DdrCtrl\DdrCtrl.sv(262): compiling module '**' [VERI-1018]
INFO     : D:\house-1\9.25.1_ding_Ti60F225_Canny_Face_Parallel\ip/DdrCtrl\DdrCtrl.sv(222): compiling module '**' [VERI-1018]
INFO     : D:\house-1\9.25.1_ding_Ti60F225_Canny_Face_Parallel\ip/DdrCtrl\DdrCtrl.sv(1599): compiling module '**' [VERI-1018]
INFO     : D:\house-1\9.25.1_ding_Ti60F225_Canny_Face_Parallel\ip/DdrCtrl\DdrCtrl.sv(1599): extracting RAM for identifier '**' [VERI-2571]
INFO     : D:\house-1\9.25.1_ding_Ti60F225_Canny_Face_Parallel\ip/DdrCtrl\DdrCtrl.sv(1599): compiling module '**' [VERI-1018]
INFO     : D:\house-1\9.25.1_ding_Ti60F225_Canny_Face_Parallel\ip/DdrCtrl\DdrCtrl.sv(1599): extracting RAM for identifier '**' [VERI-2571]
INFO     : D:\house-1\9.25.1_ding_Ti60F225_Canny_Face_Parallel\ip/DdrCtrl\DdrCtrl.sv(3295): compiling module 'efx_fifo_top_f9db9b463f784e0ead4594b0b8e61d81(FAMILY="TITANIUM",BYPASS_RESET_SYNC=1,MODE="FWFT",DEPTH=64,DATA_WIDTH=128,OUTPUT_REG=1,PROGRAMMABLE_FULL="NONE",PROG_FULL_ASSERT=33,PROG_FULL_NEGATE=33,PROGRAMMABLE_EMPTY="NONE",PROG_EMPTY_ASSERT=0,PROG_EMPTY_NEGATE=2)' [VERI-1018]
INFO     : D:\house-1\9.25.1_ding_Ti60F225_Canny_Face_Parallel\ip/DdrCtrl\DdrCtrl.sv(3615): compiling module 'efx_fifo_ram_f9db9b463f784e0ead4594b0b8e61d81(FAMILY="TITANIUM",WR_DEPTH=64,RD_DEPTH=64,WDATA_WIDTH=128,RDATA_WIDTH=128,WADDR_WIDTH=6,RADDR_WIDTH=6,RAM_MUX_RATIO=1)' [VERI-1018]
INFO     : D:\house-1\9.25.1_ding_Ti60F225_Canny_Face_Parallel\ip/DdrCtrl\DdrCtrl.sv(3652): extracting RAM for identifier 'ram' [VERI-2571]
INFO     : D:\house-1\9.25.1_ding_Ti60F225_Canny_Face_Parallel\ip/DdrCtrl\DdrCtrl.sv(4256): compiling module 'efx_fifo_ctl_f9db9b463f784e0ead4594b0b8e61d81(SYNC_CLK=0,MODE="FWFT",WR_DEPTH=64,WADDR_WIDTH=6,RADDR_WIDTH=6,PROG_FULL_ASSERT=33,PROG_FULL_NEGATE=33,PROG_EMPTY_NEGATE=2,OUTPUT_REG=1,OVERFLOW_PROTECT=1,UNDERFLOW_PROTECT=1)' [VERI-1018]
INFO     : D:\house-1\9.25.1_ding_Ti60F225_Canny_Face_Parallel\ip/DdrCtrl\DdrCtrl.sv(4699): compiling module 'efx_fifo_bin2gray_f9db9b463f784e0ead4594b0b8e61d81(WIDTH=7)' [VERI-1018]
INFO     : D:\house-1\9.25.1_ding_Ti60F225_Canny_Face_Parallel\ip/DdrCtrl\DdrCtrl.sv(4129): compiling module 'efx_asyncreg_f9db9b463f784e0ead4594b0b8e61d81(WIDTH=7,ACTIVE_LOW=0)' [VERI-1018]
INFO     : D:\house-1\9.25.1_ding_Ti60F225_Canny_Face_Parallel\ip/DdrCtrl\DdrCtrl.sv(3931): compiling module 'efx_fifo_gray2bin_f9db9b463f784e0ead4594b0b8e61d81(WIDTH=7)' [VERI-1018]
INFO     : D:\house-1\9.25.1_ding_Ti60F225_Canny_Face_Parallel\ip/DdrCtrl\DdrCtrl.sv(3931): compiling module 'efx_fifo_gray2bin_f9db9b463f784e0ead4594b0b8e61d81(WIDTH=6)' [VERI-1018]
INFO     : D:\house-1\9.25.1_ding_Ti60F225_Canny_Face_Parallel\ip/DdrCtrl\DdrCtrl.sv(3931): compiling module 'efx_fifo_gray2bin_f9db9b463f784e0ead4594b0b8e61d81' [VERI-1018]
INFO     : D:\house-1\9.25.1_ding_Ti60F225_Canny_Face_Parallel\ip/DdrCtrl\DdrCtrl.sv(3931): compiling module 'efx_fifo_gray2bin_f9db9b463f784e0ead4594b0b8e61d81(WIDTH=4)' [VERI-1018]
INFO     : D:\house-1\9.25.1_ding_Ti60F225_Canny_Face_Parallel\ip/DdrCtrl\DdrCtrl.sv(3931): compiling module 'efx_fifo_gray2bin_f9db9b463f784e0ead4594b0b8e61d81(WIDTH=3)' [VERI-1018]
INFO     : D:\house-1\9.25.1_ding_Ti60F225_Canny_Face_Parallel\ip/DdrCtrl\DdrCtrl.sv(3931): compiling module 'efx_fifo_gray2bin_f9db9b463f784e0ead4594b0b8e61d81(WIDTH=2)' [VERI-1018]
WARNING  : D:\house-1\9.25.1_ding_Ti60F225_Canny_Face_Parallel\ip/DdrCtrl\DdrCtrl.sv(590): actual bit length ** differs from formal bit length *** for port '**' [VERI-1330]
INFO     : D:\house-1\9.25.1_ding_Ti60F225_Canny_Face_Parallel\ip/DdrCtrl\DdrCtrl.sv(1599): compiling module '**' [VERI-1018]
INFO     : D:\house-1\9.25.1_ding_Ti60F225_Canny_Face_Parallel\ip/DdrCtrl\DdrCtrl.sv(1599): extracting RAM for identifier '**' [VERI-2571]
INFO     : D:\house-1\9.25.1_ding_Ti60F225_Canny_Face_Parallel\ip/DdrCtrl\DdrCtrl.sv(1599): compiling module '**' [VERI-1018]
INFO     : D:\house-1\9.25.1_ding_Ti60F225_Canny_Face_Parallel\ip/DdrCtrl\DdrCtrl.sv(1599): extracting RAM for identifier '**' [VERI-2571]
WARNING  : D:\house-1\9.25.1_ding_Ti60F225_Canny_Face_Parallel\ip/DdrCtrl\DdrCtrl.sv(1460): port '**' remains unconnected for this instance [VERI-1927]
INFO     : D:\house-1\9.25.1_ding_Ti60F225_Canny_Face_Parallel\ip/DdrCtrl\DdrCtrl.sv(1460): compiling module '**' [VERI-1018]
WARNING  : D:\house-1\9.25.1_ding_Ti60F225_Canny_Face_Parallel\ip/DdrCtrl\DdrCtrl.sv(4817): port '**' remains unconnected for this instance [VERI-1927]
INFO     : D:\house-1\9.25.1_ding_Ti60F225_Canny_Face_Parallel\ip/DdrCtrl\DdrCtrl.sv(4817): compiling module '**' [VERI-1018]
INFO     : D:\house-1\9.25.1_ding_Ti60F225_Canny_Face_Parallel\ip/DdrCtrl\DdrCtrl.sv(3295): compiling module 'efx_fifo_top_f9db9b463f784e0ead4594b0b8e61d81(FAMILY="TITANIUM",BYPASS_RESET_SYNC=1,DEPTH=64,DATA_WIDTH=1,PIPELINE_REG=0,OPTIONAL_FLAGS=0,OUTPUT_REG=1,PROGRAMMABLE_FULL="NONE",PROG_FULL_ASSERT=62,PROG_FULL_NEGATE=62,PROGRAMMABLE_EMPTY="NONE",PROG_EMPTY_ASSERT=0,PROG_EMPTY_NEGATE=2)' [VERI-1018]
INFO     : D:\house-1\9.25.1_ding_Ti60F225_Canny_Face_Parallel\ip/DdrCtrl\DdrCtrl.sv(3615): compiling module 'efx_fifo_ram_f9db9b463f784e0ead4594b0b8e61d81(FAMILY="TITANIUM",WR_DEPTH=64,RD_DEPTH=64,WDATA_WIDTH=1,RDATA_WIDTH=1,WADDR_WIDTH=6,RADDR_WIDTH=6,RAM_MUX_RATIO=1)' [VERI-1018]
INFO     : D:\house-1\9.25.1_ding_Ti60F225_Canny_Face_Parallel\ip/DdrCtrl\DdrCtrl.sv(3652): extracting RAM for identifier 'ram' [VERI-2571]
INFO     : D:\house-1\9.25.1_ding_Ti60F225_Canny_Face_Parallel\ip/DdrCtrl\DdrCtrl.sv(4256): compiling module 'efx_fifo_ctl_f9db9b463f784e0ead4594b0b8e61d81(SYNC_CLK=0,WR_DEPTH=64,WADDR_WIDTH=6,RADDR_WIDTH=6,PIPELINE_REG=0,ALMOST_FLAG=0,PROG_FULL_ASSERT=62,PROG_FULL_NEGATE=62,PROG_EMPTY_NEGATE=2,OUTPUT_REG=1,HANDSHAKE_FLAG=0,OVERFLOW_PROTECT=1,UNDERFLOW_PROTECT=1)' [VERI-1018]
WARNING  : D:\house-1\9.25.1_ding_Ti60F225_Canny_Face_Parallel\ip/DdrCtrl\DdrCtrl.sv(4817): actual bit length ** differs from formal bit length *** for port '**' [VERI-1330]
WARNING  : D:\house-1\9.25.1_ding_Ti60F225_Canny_Face_Parallel\ip/DdrCtrl\DdrCtrl.sv(4817): input port '**' is not connected on this instance [VDB-1013]
INFO     : D:\house-1\9.25.1_ding_Ti60F225_Canny_Face_Parallel\ip/DdrCtrl\DdrCtrl.sv(2160): compiling module '**' [VERI-1018]
INFO     : D:\house-1\9.25.1_ding_Ti60F225_Canny_Face_Parallel\ip/DdrCtrl\DdrCtrl.sv(2160): extracting RAM for identifier '**' [VERI-2571]
WARNING  : D:\house-1\9.25.1_ding_Ti60F225_Canny_Face_Parallel\ip/DdrCtrl\DdrCtrl.sv(1460): expression size ** truncated to fit in target size ** [VERI-1209]
WARNING  : D:\house-1\9.25.1_ding_Ti60F225_Canny_Face_Parallel\ip/DdrCtrl\DdrCtrl.sv(1460): net '**' does not have a driver [VDB-1002]
WARNING  : D:\house-1\9.25.1_ding_Ti60F225_Canny_Face_Parallel\ip/DdrCtrl\DdrCtrl.sv(590): net '**' does not have a driver [VDB-1002]
WARNING  : D:\house-1\9.25.1_ding_Ti60F225_Canny_Face_Parallel\ip/DdrCtrl\DdrCtrl.sv(590): input port '**' is not connected on this instance [VDB-1013]
INFO     : D:\house-1\9.25.1_ding_Ti60F225_Canny_Face_Parallel\ip/DdrCtrl\DdrCtrl.sv(1786): compiling module '**' [VERI-1018]
INFO     : D:\house-1\9.25.1_ding_Ti60F225_Canny_Face_Parallel\ip/DdrCtrl\DdrCtrl.sv(1853): compiling module '**' [VERI-1018]
INFO     : D:\house-1\9.25.1_ding_Ti60F225_Canny_Face_Parallel\ip/DdrCtrl\DdrCtrl.sv(1726): compiling module '**' [VERI-1018]
WARNING  : D:\house-1\9.25.1_ding_Ti60F225_Canny_Face_Parallel\ip/DdrCtrl\DdrCtrl.sv(2496): input port '**' is not connected on this instance [VDB-1013]
WARNING  : D:\house-1\9.25.1_ding_Ti60F225_Canny_Face_Parallel\ip/DdrCtrl\DdrCtrl.sv(117): input port 'wr_data[127]' is not connected on this instance [VDB-1013]
WARNING  : D:\house-1\9.25.1_ding_Ti60F225_Canny_Face_Parallel\example_top.v(580): actual bit length 4 differs from formal bit length 8 for port 'axi_aid' [VERI-1330]
WARNING  : D:\house-1\9.25.1_ding_Ti60F225_Canny_Face_Parallel\example_top.v(587): actual bit length 4 differs from formal bit length 8 for port 'axi_wid' [VERI-1330]
WARNING  : D:\house-1\9.25.1_ding_Ti60F225_Canny_Face_Parallel\example_top.v(596): actual bit length 4 differs from formal bit length 8 for port 'axi_bid' [VERI-1330]
WARNING  : D:\house-1\9.25.1_ding_Ti60F225_Canny_Face_Parallel\example_top.v(602): actual bit length 4 differs from formal bit length 8 for port 'axi_rid' [VERI-1330]
INFO     : D:\house-1\9.25.1_ding_Ti60F225_Canny_Face_Parallel\src\axi\AXI4_AWARMux.v(11): compiling module 'AXI4_AWARMux(AID_LEN=4)' [VERI-1018]
WARNING  : D:\house-1\9.25.1_ding_Ti60F225_Canny_Face_Parallel\src\axi\AXI4_AWARMux.v(90): expression size 2 truncated to fit in target size 1 [VERI-1209]
INFO     : D:\house-1\9.25.1_ding_Ti60F225_Canny_Face_Parallel\src\cmos_i2c\i2c_timing_ctrl_16bit.v(32): compiling module 'i2c_timing_ctrl_16bit(CLK_FREQ=96000000,I2C_FREQ=50000)' [VERI-1018]
INFO     : D:\house-1\9.25.1_ding_Ti60F225_Canny_Face_Parallel\src\cmos_i2c\I2C_OV5640_1280720_Config.v(17): compiling module 'I2C_OV5640_1280720_Config' [VERI-1018]
WARNING  : D:\house-1\9.25.1_ding_Ti60F225_Canny_Face_Parallel\example_top.v(714): expression size 3 truncated to fit in target size 2 [VERI-1209]
WARNING  : D:\house-1\9.25.1_ding_Ti60F225_Canny_Face_Parallel\example_top.v(715): expression size 5 truncated to fit in target size 4 [VERI-1209]
INFO     : D:\house-1\9.25.1_ding_Ti60F225_Canny_Face_Parallel\src\Sensor_Image_XYCrop.v(32): compiling module 'Sensor_Image_XYCrop(IMAGE_HSIZE_SOURCE=2560,IMAGE_VSIZE_SOURCE=720,IMAGE_HSIZE_TARGET=2560,IMAGE_YSIZE_TARGET=720,PIXEL_DATA_WIDTH=8)' [VERI-1018]
WARNING  : D:\house-1\9.25.1_ding_Ti60F225_Canny_Face_Parallel\example_top.v(862): actual bit length 64 differs from formal bit length 8 for port 'image_out_data' [VERI-1330]
INFO     : D:\house-1\9.25.1_ding_Ti60F225_Canny_Face_Parallel\src\parallel\button_press.v(2): compiling module 'button_press' [VERI-1018]
INFO     : D:\house-1\9.25.1_ding_Ti60F225_Canny_Face_Parallel\src\axi\axi4_ctrl.v(2): compiling module 'axi4_ctrl(C_ID_LEN=4,C_RD_END_ADDR=1843200,C_W_WIDTH=8,C_R_WIDTH=16)' [VERI-1018]
WARNING  : D:\house-1\9.25.1_ding_Ti60F225_Canny_Face_Parallel\src\axi\axi4_ctrl.v(93): expression size 32 truncated to fit in target size 16 [VERI-1209]
INFO     : D:\house-1\9.25.1_ding_Ti60F225_Canny_Face_Parallel\src\axi\frame_buffer_select.v(4): compiling module 'frame_buffer_select' [VERI-1018]
WARNING  : D:\house-1\9.25.1_ding_Ti60F225_Canny_Face_Parallel\src\axi\axi4_ctrl.v(163): expression size 3 truncated to fit in target size 2 [VERI-1209]
WARNING  : D:\house-1\9.25.1_ding_Ti60F225_Canny_Face_Parallel\src\axi\axi4_ctrl.v(205): expression size 2 truncated to fit in target size 1 [VERI-1209]
WARNING  : D:\house-1\9.25.1_ding_Ti60F225_Canny_Face_Parallel\src\axi\axi4_ctrl.v(224): expression size 23 truncated to fit in target size 22 [VERI-1209]
WARNING  : D:\house-1\9.25.1_ding_Ti60F225_Canny_Face_Parallel\ip/W0_FIFO_8\W0_FIFO_8.sv(116): port 'a_wr_rst_i' remains unconnected for this instance [VERI-1927]
INFO     : D:\house-1\9.25.1_ding_Ti60F225_Canny_Face_Parallel\ip/W0_FIFO_8\W0_FIFO_8.sv(49): compiling module 'W0_FIFO_8' [VERI-1018]
INFO     : D:\house-1\9.25.1_ding_Ti60F225_Canny_Face_Parallel\ip/W0_FIFO_8\W0_FIFO_8.sv(316): compiling module 'efx_fifo_top_e28a7d4c8cc34a9cb9a97c74b3f9b99f(FAMILY="TITANIUM",SYNC_STAGE=3,MODE="FWFT",DEPTH=8192,DATA_WIDTH=8,PROGRAMMABLE_FULL="NONE",PROG_FULL_ASSERT=128,PROG_FULL_NEGATE=128,PROGRAMMABLE_EMPTY="STATIC_SINGLE",PROG_EMPTY_ASSERT=127,PROG_EMPTY_NEGATE=128,ASYM_WIDTH_RATIO=8)' [VERI-1018]
INFO     : D:\house-1\9.25.1_ding_Ti60F225_Canny_Face_Parallel\ip/W0_FIFO_8\W0_FIFO_8.sv(1376): compiling module 'efx_resetsync_e28a7d4c8cc34a9cb9a97c74b3f9b99f(ACTIVE_LOW=0)' [VERI-1018]
INFO     : D:\house-1\9.25.1_ding_Ti60F225_Canny_Face_Parallel\ip/W0_FIFO_8\W0_FIFO_8.sv(1421): compiling module 'efx_asyncreg_e28a7d4c8cc34a9cb9a97c74b3f9b99f(WIDTH=1,ACTIVE_LOW=0,RST_VALUE=1)' [VERI-1018]
INFO     : D:\house-1\9.25.1_ding_Ti60F225_Canny_Face_Parallel\ip/W0_FIFO_8\W0_FIFO_8.sv(636): compiling module 'efx_fifo_ram_e28a7d4c8cc34a9cb9a97c74b3f9b99f(FAMILY="TITANIUM",WR_DEPTH=8192,RDATA_WIDTH=128,WADDR_WIDTH=13,OUTPUT_REG=0,RAM_MUX_RATIO=16)' [VERI-1018]
INFO     : D:\house-1\9.25.1_ding_Ti60F225_Canny_Face_Parallel\ip/W0_FIFO_8\W0_FIFO_8.sv(673): extracting RAM for identifier 'ram' [VERI-2571]
INFO     : D:\house-1\9.25.1_ding_Ti60F225_Canny_Face_Parallel\ip/W0_FIFO_8\W0_FIFO_8.sv(948): compiling module 'efx_fifo_ctl_e28a7d4c8cc34a9cb9a97c74b3f9b99f(SYNC_CLK=0,SYNC_STAGE=3,MODE="FWFT",WR_DEPTH=8192,WADDR_WIDTH=13,ASYM_WIDTH_RATIO=8,RAM_MUX_RATIO=16,PROG_FULL_ASSERT=128,PROG_FULL_NEGATE=128,PROGRAMMABLE_EMPTY="STATIC_SINGLE",PROG_EMPTY_ASSERT=127,PROG_EMPTY_NEGATE=128,OVERFLOW_PROTECT=1,UNDERFLOW_PROTECT=1)' [VERI-1018]
WARNING  : D:\house-1\9.25.1_ding_Ti60F225_Canny_Face_Parallel\ip/W0_FIFO_8\W0_FIFO_8.sv(1251): expression size 32 truncated to fit in target size 14 [VERI-1209]
WARNING  : D:\house-1\9.25.1_ding_Ti60F225_Canny_Face_Parallel\ip/W0_FIFO_8\W0_FIFO_8.sv(1252): expression size 32 truncated to fit in target size 10 [VERI-1209]
INFO     : D:\house-1\9.25.1_ding_Ti60F225_Canny_Face_Parallel\ip/W0_FIFO_8\W0_FIFO_8.sv(227): compiling module 'efx_fifo_bin2gray_e28a7d4c8cc34a9cb9a97c74b3f9b99f(WIDTH=10)' [VERI-1018]
INFO     : D:\house-1\9.25.1_ding_Ti60F225_Canny_Face_Parallel\ip/W0_FIFO_8\W0_FIFO_8.sv(1421): compiling module 'efx_asyncreg_e28a7d4c8cc34a9cb9a97c74b3f9b99f(ASYNC_STAGE=3,WIDTH=10,ACTIVE_LOW=0)' [VERI-1018]
INFO     : D:\house-1\9.25.1_ding_Ti60F225_Canny_Face_Parallel\ip/W0_FIFO_8\W0_FIFO_8.sv(139): compiling module 'efx_fifo_gray2bin_e28a7d4c8cc34a9cb9a97c74b3f9b99f(WIDTH=10)' [VERI-1018]
INFO     : D:\house-1\9.25.1_ding_Ti60F225_Canny_Face_Parallel\ip/W0_FIFO_8\W0_FIFO_8.sv(139): compiling module 'efx_fifo_gray2bin_e28a7d4c8cc34a9cb9a97c74b3f9b99f(WIDTH=9)' [VERI-1018]
INFO     : D:\house-1\9.25.1_ding_Ti60F225_Canny_Face_Parallel\ip/W0_FIFO_8\W0_FIFO_8.sv(139): compiling module 'efx_fifo_gray2bin_e28a7d4c8cc34a9cb9a97c74b3f9b99f(WIDTH=8)' [VERI-1018]
INFO     : D:\house-1\9.25.1_ding_Ti60F225_Canny_Face_Parallel\ip/W0_FIFO_8\W0_FIFO_8.sv(139): compiling module 'efx_fifo_gray2bin_e28a7d4c8cc34a9cb9a97c74b3f9b99f(WIDTH=7)' [VERI-1018]
INFO     : D:\house-1\9.25.1_ding_Ti60F225_Canny_Face_Parallel\ip/W0_FIFO_8\W0_FIFO_8.sv(139): compiling module 'efx_fifo_gray2bin_e28a7d4c8cc34a9cb9a97c74b3f9b99f(WIDTH=6)' [VERI-1018]
INFO     : D:\house-1\9.25.1_ding_Ti60F225_Canny_Face_Parallel\ip/W0_FIFO_8\W0_FIFO_8.sv(139): compiling module 'efx_fifo_gray2bin_e28a7d4c8cc34a9cb9a97c74b3f9b99f' [VERI-1018]
INFO     : D:\house-1\9.25.1_ding_Ti60F225_Canny_Face_Parallel\ip/W0_FIFO_8\W0_FIFO_8.sv(139): compiling module 'efx_fifo_gray2bin_e28a7d4c8cc34a9cb9a97c74b3f9b99f(WIDTH=4)' [VERI-1018]
INFO     : D:\house-1\9.25.1_ding_Ti60F225_Canny_Face_Parallel\ip/W0_FIFO_8\W0_FIFO_8.sv(139): compiling module 'efx_fifo_gray2bin_e28a7d4c8cc34a9cb9a97c74b3f9b99f(WIDTH=3)' [VERI-1018]
INFO     : D:\house-1\9.25.1_ding_Ti60F225_Canny_Face_Parallel\ip/W0_FIFO_8\W0_FIFO_8.sv(139): compiling module 'efx_fifo_gray2bin_e28a7d4c8cc34a9cb9a97c74b3f9b99f(WIDTH=2)' [VERI-1018]
INFO     : D:\house-1\9.25.1_ding_Ti60F225_Canny_Face_Parallel\ip/W0_FIFO_8\W0_FIFO_8.sv(227): compiling module 'efx_fifo_bin2gray_e28a7d4c8cc34a9cb9a97c74b3f9b99f(WIDTH=14)' [VERI-1018]
INFO     : D:\house-1\9.25.1_ding_Ti60F225_Canny_Face_Parallel\ip/W0_FIFO_8\W0_FIFO_8.sv(1421): compiling module 'efx_asyncreg_e28a7d4c8cc34a9cb9a97c74b3f9b99f(ASYNC_STAGE=3,WIDTH=14,ACTIVE_LOW=0)' [VERI-1018]
INFO     : D:\house-1\9.25.1_ding_Ti60F225_Canny_Face_Parallel\ip/W0_FIFO_8\W0_FIFO_8.sv(139): compiling module 'efx_fifo_gray2bin_e28a7d4c8cc34a9cb9a97c74b3f9b99f(WIDTH=14)' [VERI-1018]
INFO     : D:\house-1\9.25.1_ding_Ti60F225_Canny_Face_Parallel\ip/W0_FIFO_8\W0_FIFO_8.sv(139): compiling module 'efx_fifo_gray2bin_e28a7d4c8cc34a9cb9a97c74b3f9b99f(WIDTH=13)' [VERI-1018]
INFO     : D:\house-1\9.25.1_ding_Ti60F225_Canny_Face_Parallel\ip/W0_FIFO_8\W0_FIFO_8.sv(139): compiling module 'efx_fifo_gray2bin_e28a7d4c8cc34a9cb9a97c74b3f9b99f(WIDTH=12)' [VERI-1018]
INFO     : D:\house-1\9.25.1_ding_Ti60F225_Canny_Face_Parallel\ip/W0_FIFO_8\W0_FIFO_8.sv(139): compiling module 'efx_fifo_gray2bin_e28a7d4c8cc34a9cb9a97c74b3f9b99f(WIDTH=11)' [VERI-1018]
WARNING  : D:\house-1\9.25.1_ding_Ti60F225_Canny_Face_Parallel\ip/W0_FIFO_8\W0_FIFO_8.sv(95): input port 'a_wr_rst_i' is not connected on this instance [VDB-1013]
WARNING  : D:\house-1\9.25.1_ding_Ti60F225_Canny_Face_Parallel\ip/R0_FIFO_16\R0_FIFO_16.sv(116): port 'a_wr_rst_i' remains unconnected for this instance [VERI-1927]
INFO     : D:\house-1\9.25.1_ding_Ti60F225_Canny_Face_Parallel\ip/R0_FIFO_16\R0_FIFO_16.sv(49): compiling module 'R0_FIFO_16' [VERI-1018]
INFO     : D:\house-1\9.25.1_ding_Ti60F225_Canny_Face_Parallel\ip/R0_FIFO_16\R0_FIFO_16.sv(316): compiling module 'efx_fifo_top_6027459dad3e4cdabe6337b18ba70805(FAMILY="TITANIUM",SYNC_STAGE=3,MODE="FWFT",DATA_WIDTH=128,PROGRAMMABLE_FULL="STATIC_SINGLE",PROG_FULL_ASSERT=256,PROG_FULL_NEGATE=256,PROGRAMMABLE_EMPTY="NONE",PROG_EMPTY_ASSERT=2,PROG_EMPTY_NEGATE=3,ASYM_WIDTH_RATIO=1)' [VERI-1018]
INFO     : D:\house-1\9.25.1_ding_Ti60F225_Canny_Face_Parallel\ip/R0_FIFO_16\R0_FIFO_16.sv(1376): compiling module 'efx_resetsync_6027459dad3e4cdabe6337b18ba70805(ACTIVE_LOW=0)' [VERI-1018]
INFO     : D:\house-1\9.25.1_ding_Ti60F225_Canny_Face_Parallel\ip/R0_FIFO_16\R0_FIFO_16.sv(1421): compiling module 'efx_asyncreg_6027459dad3e4cdabe6337b18ba70805(WIDTH=1,ACTIVE_LOW=0,RST_VALUE=1)' [VERI-1018]
INFO     : D:\house-1\9.25.1_ding_Ti60F225_Canny_Face_Parallel\ip/R0_FIFO_16\R0_FIFO_16.sv(636): compiling module 'efx_fifo_ram_6027459dad3e4cdabe6337b18ba70805(FAMILY="TITANIUM",RD_DEPTH=4096,WDATA_WIDTH=128,RDATA_WIDTH=16,RADDR_WIDTH=12,OUTPUT_REG=0,RAM_MUX_RATIO=8)' [VERI-1018]
INFO     : D:\house-1\9.25.1_ding_Ti60F225_Canny_Face_Parallel\ip/R0_FIFO_16\R0_FIFO_16.sv(673): extracting RAM for identifier 'ram' [VERI-2571]
INFO     : D:\house-1\9.25.1_ding_Ti60F225_Canny_Face_Parallel\ip/R0_FIFO_16\R0_FIFO_16.sv(948): compiling module 'efx_fifo_ctl_6027459dad3e4cdabe6337b18ba70805(SYNC_CLK=0,SYNC_STAGE=3,MODE="FWFT",RADDR_WIDTH=12,ASYM_WIDTH_RATIO=1,RAM_MUX_RATIO=8,PROGRAMMABLE_FULL="STATIC_SINGLE",PROG_FULL_ASSERT=256,PROG_FULL_NEGATE=256,PROG_EMPTY_ASSERT=2,PROG_EMPTY_NEGATE=3,OVERFLOW_PROTECT=1,UNDERFLOW_PROTECT=1)' [VERI-1018]
WARNING  : D:\house-1\9.25.1_ding_Ti60F225_Canny_Face_Parallel\ip/R0_FIFO_16\R0_FIFO_16.sv(1236): expression size 32 truncated to fit in target size 10 [VERI-1209]
WARNING  : D:\house-1\9.25.1_ding_Ti60F225_Canny_Face_Parallel\ip/R0_FIFO_16\R0_FIFO_16.sv(1237): expression size 32 truncated to fit in target size 13 [VERI-1209]
INFO     : D:\house-1\9.25.1_ding_Ti60F225_Canny_Face_Parallel\ip/R0_FIFO_16\R0_FIFO_16.sv(227): compiling module 'efx_fifo_bin2gray_6027459dad3e4cdabe6337b18ba70805(WIDTH=13)' [VERI-1018]
INFO     : D:\house-1\9.25.1_ding_Ti60F225_Canny_Face_Parallel\ip/R0_FIFO_16\R0_FIFO_16.sv(1421): compiling module 'efx_asyncreg_6027459dad3e4cdabe6337b18ba70805(ASYNC_STAGE=3,WIDTH=13,ACTIVE_LOW=0)' [VERI-1018]
INFO     : D:\house-1\9.25.1_ding_Ti60F225_Canny_Face_Parallel\ip/R0_FIFO_16\R0_FIFO_16.sv(139): compiling module 'efx_fifo_gray2bin_6027459dad3e4cdabe6337b18ba70805(WIDTH=13)' [VERI-1018]
INFO     : D:\house-1\9.25.1_ding_Ti60F225_Canny_Face_Parallel\ip/R0_FIFO_16\R0_FIFO_16.sv(139): compiling module 'efx_fifo_gray2bin_6027459dad3e4cdabe6337b18ba70805(WIDTH=12)' [VERI-1018]
INFO     : D:\house-1\9.25.1_ding_Ti60F225_Canny_Face_Parallel\ip/R0_FIFO_16\R0_FIFO_16.sv(139): compiling module 'efx_fifo_gray2bin_6027459dad3e4cdabe6337b18ba70805(WIDTH=11)' [VERI-1018]
INFO     : D:\house-1\9.25.1_ding_Ti60F225_Canny_Face_Parallel\ip/R0_FIFO_16\R0_FIFO_16.sv(139): compiling module 'efx_fifo_gray2bin_6027459dad3e4cdabe6337b18ba70805(WIDTH=10)' [VERI-1018]
INFO     : D:\house-1\9.25.1_ding_Ti60F225_Canny_Face_Parallel\ip/R0_FIFO_16\R0_FIFO_16.sv(139): compiling module 'efx_fifo_gray2bin_6027459dad3e4cdabe6337b18ba70805(WIDTH=9)' [VERI-1018]
INFO     : D:\house-1\9.25.1_ding_Ti60F225_Canny_Face_Parallel\ip/R0_FIFO_16\R0_FIFO_16.sv(139): compiling module 'efx_fifo_gray2bin_6027459dad3e4cdabe6337b18ba70805(WIDTH=8)' [VERI-1018]
INFO     : D:\house-1\9.25.1_ding_Ti60F225_Canny_Face_Parallel\ip/R0_FIFO_16\R0_FIFO_16.sv(139): compiling module 'efx_fifo_gray2bin_6027459dad3e4cdabe6337b18ba70805(WIDTH=7)' [VERI-1018]
INFO     : D:\house-1\9.25.1_ding_Ti60F225_Canny_Face_Parallel\ip/R0_FIFO_16\R0_FIFO_16.sv(139): compiling module 'efx_fifo_gray2bin_6027459dad3e4cdabe6337b18ba70805(WIDTH=6)' [VERI-1018]
INFO     : D:\house-1\9.25.1_ding_Ti60F225_Canny_Face_Parallel\ip/R0_FIFO_16\R0_FIFO_16.sv(139): compiling module 'efx_fifo_gray2bin_6027459dad3e4cdabe6337b18ba70805' [VERI-1018]
INFO     : D:\house-1\9.25.1_ding_Ti60F225_Canny_Face_Parallel\ip/R0_FIFO_16\R0_FIFO_16.sv(139): compiling module 'efx_fifo_gray2bin_6027459dad3e4cdabe6337b18ba70805(WIDTH=4)' [VERI-1018]
INFO     : D:\house-1\9.25.1_ding_Ti60F225_Canny_Face_Parallel\ip/R0_FIFO_16\R0_FIFO_16.sv(139): compiling module 'efx_fifo_gray2bin_6027459dad3e4cdabe6337b18ba70805(WIDTH=3)' [VERI-1018]
INFO     : D:\house-1\9.25.1_ding_Ti60F225_Canny_Face_Parallel\ip/R0_FIFO_16\R0_FIFO_16.sv(139): compiling module 'efx_fifo_gray2bin_6027459dad3e4cdabe6337b18ba70805(WIDTH=2)' [VERI-1018]
INFO     : D:\house-1\9.25.1_ding_Ti60F225_Canny_Face_Parallel\ip/R0_FIFO_16\R0_FIFO_16.sv(227): compiling module 'efx_fifo_bin2gray_6027459dad3e4cdabe6337b18ba70805(WIDTH=10)' [VERI-1018]
INFO     : D:\house-1\9.25.1_ding_Ti60F225_Canny_Face_Parallel\ip/R0_FIFO_16\R0_FIFO_16.sv(1421): compiling module 'efx_asyncreg_6027459dad3e4cdabe6337b18ba70805(ASYNC_STAGE=3,WIDTH=10,ACTIVE_LOW=0)' [VERI-1018]
WARNING  : D:\house-1\9.25.1_ding_Ti60F225_Canny_Face_Parallel\ip/R0_FIFO_16\R0_FIFO_16.sv(95): input port 'a_wr_rst_i' is not connected on this instance [VDB-1013]
WARNING  : D:\house-1\9.25.1_ding_Ti60F225_Canny_Face_Parallel\src\axi\axi4_ctrl.v(431): expression size 17 truncated to fit in target size 16 [VERI-1209]
WARNING  : D:\house-1\9.25.1_ding_Ti60F225_Canny_Face_Parallel\src\axi\axi4_ctrl.v(541): expression size 23 truncated to fit in target size 22 [VERI-1209]
WARNING  : D:\house-1\9.25.1_ding_Ti60F225_Canny_Face_Parallel\example_top.v(945): actual bit length 32 differs from formal bit length 4 for port 'axi_bid' [VERI-1330]
WARNING  : D:\house-1\9.25.1_ding_Ti60F225_Canny_Face_Parallel\example_top.v(946): actual bit length 32 differs from formal bit length 2 for port 'axi_bresp' [VERI-1330]
WARNING  : D:\house-1\9.25.1_ding_Ti60F225_Canny_Face_Parallel\example_top.v(947): actual bit length 32 differs from formal bit length 1 for port 'axi_bvalid' [VERI-1330]
WARNING  : D:\house-1\9.25.1_ding_Ti60F225_Canny_Face_Parallel\example_top.v(957): actual bit length 32 differs from formal bit length 2 for port 'axi_rresp' [VERI-1330]
WARNING  : D:\house-1\9.25.1_ding_Ti60F225_Canny_Face_Parallel\example_top.v(965): actual bit length 64 differs from formal bit length 8 for port 'wframe_data' [VERI-1330]
WARNING  : D:\house-1\9.25.1_ding_Ti60F225_Canny_Face_Parallel\example_top.v(973): actual bit length 8 differs from formal bit length 32 for port 'tp_o' [VERI-1330]
WARNING  : D:\house-1\9.25.1_ding_Ti60F225_Canny_Face_Parallel\example_top.v(975): expression size 8 truncated to fit in target size 4 [VERI-1209]
INFO     : D:\house-1\9.25.1_ding_Ti60F225_Canny_Face_Parallel\src\vision\rgb565_to_rgb888.v(41): compiling module 'rgb565_to_rgb888' [VERI-1018]
INFO     : D:\house-1\9.25.1_ding_Ti60F225_Canny_Face_Parallel\src\lcd_driver.v(39): compiling module 'lcd_driver' [VERI-1018]
WARNING  : D:\house-1\9.25.1_ding_Ti60F225_Canny_Face_Parallel\src\lcd_driver.v(145): expression size 14 truncated to fit in target size 12 [VERI-1209]
WARNING  : D:\house-1\9.25.1_ding_Ti60F225_Canny_Face_Parallel\example_top.v(1026): actual bit length 24 differs from formal bit length 48 for port 'lcd_data' [VERI-1330]
INFO     : D:\house-1\9.25.1_ding_Ti60F225_Canny_Face_Parallel\src\parallel\uart_params.v(6): compiling module 'uart_params' [VERI-1018]
WARNING  : D:\house-1\9.25.1_ding_Ti60F225_Canny_Face_Parallel\src\parallel\uart_params.v(62): expression size 8 truncated to fit in target size 4 [VERI-1209]
WARNING  : D:\house-1\9.25.1_ding_Ti60F225_Canny_Face_Parallel\src\parallel\uart_params.v(67): expression size 13 truncated to fit in target size 12 [VERI-1209]
WARNING  : D:\house-1\9.25.1_ding_Ti60F225_Canny_Face_Parallel\src\parallel\uart_params.v(68): expression size 32 truncated to fit in target size 12 [VERI-1209]
INFO     : D:\house-1\9.25.1_ding_Ti60F225_Canny_Face_Parallel\src\parallel\parallel_video.v(3): compiling module 'parallel_video(CANNY_GAUSSIAN=1,HUD_ENABLE=1)' [VERI-1018]
INFO     : D:\house-1\9.25.1_ding_Ti60F225_Canny_Face_Parallel\src\parallel\canny_stream.v(9): compiling module 'canny_stream(GAUSSIAN=1)' [VERI-1018]
INFO     : D:\house-1\9.25.1_ding_Ti60F225_Canny_Face_Parallel\src\vision\rgb565_to_gray.v(38): compiling module 'rgb565_to_gray' [VERI-1018]
INFO     : D:\house-1\9.25.1_ding_Ti60F225_Canny_Face_Parallel\src\vision\line_buffer_3x3.v(46): compiling module 'line_buffer_3x3' [VERI-1018]
INFO     : D:\house-1\9.25.1_ding_Ti60F225_Canny_Face_Parallel\src\vision\line_buffer_3x3.v(102): extracting RAM for identifier 'prev_line_1' [VERI-2571]
INFO     : D:\house-1\9.25.1_ding_Ti60F225_Canny_Face_Parallel\src\vision\line_buffer_3x3.v(104): extracting RAM for identifier 'prev_line_2' [VERI-2571]
INFO     : D:\house-1\9.25.1_ding_Ti60F225_Canny_Face_Parallel\src\vision\median3x3.v(30): compiling module 'median3x3' [VERI-1018]
INFO     : D:\house-1\9.25.1_ding_Ti60F225_Canny_Face_Parallel\src\vision\sobel3x3.v(41): compiling module 'sobel3x3' [VERI-1018]
WARNING  : D:\house-1\9.25.1_ding_Ti60F225_Canny_Face_Parallel\src\vision\sobel3x3.v(94): expression size 13 truncated to fit in target size 12 [VERI-1209]
WARNING  : D:\house-1\9.25.1_ding_Ti60F225_Canny_Face_Parallel\src\vision\sobel3x3.v(95): expression size 13 truncated to fit in target size 12 [VERI-1209]
INFO     : D:\house-1\9.25.1_ding_Ti60F225_Canny_Face_Parallel\src\vision\gaussian3x3.v(3): compiling module 'gaussian3x3' [VERI-1018]
INFO     : D:\house-1\9.25.1_ding_Ti60F225_Canny_Face_Parallel\src\vision\line_buffer_3x3.v(46): compiling module 'line_buffer_3x3(DWIDTH=14)' [VERI-1018]
INFO     : D:\house-1\9.25.1_ding_Ti60F225_Canny_Face_Parallel\src\vision\line_buffer_3x3.v(102): extracting RAM for identifier 'prev_line_1' [VERI-2571]
INFO     : D:\house-1\9.25.1_ding_Ti60F225_Canny_Face_Parallel\src\vision\line_buffer_3x3.v(104): extracting RAM for identifier 'prev_line_2' [VERI-2571]
INFO     : D:\house-1\9.25.1_ding_Ti60F225_Canny_Face_Parallel\src\vision\nms3x3.v(40): compiling module 'nms3x3' [VERI-1018]
INFO     : D:\house-1\9.25.1_ding_Ti60F225_Canny_Face_Parallel\src\vision\canny_threshold.v(42): compiling module 'canny_threshold(TH_HIGH=80,TH_LOW=40,USE_PORTS=1)' [VERI-1018]
INFO     : D:\house-1\9.25.1_ding_Ti60F225_Canny_Face_Parallel\src\vision\line_buffer_3x3.v(46): compiling module 'line_buffer_3x3(DWIDTH=2)' [VERI-1018]
INFO     : D:\house-1\9.25.1_ding_Ti60F225_Canny_Face_Parallel\src\vision\line_buffer_3x3.v(102): extracting RAM for identifier 'prev_line_1' [VERI-2571]
INFO     : D:\house-1\9.25.1_ding_Ti60F225_Canny_Face_Parallel\src\vision\line_buffer_3x3.v(104): extracting RAM for identifier 'prev_line_2' [VERI-2571]
INFO     : D:\house-1\9.25.1_ding_Ti60F225_Canny_Face_Parallel\src\vision\hysteresis_local.v(35): compiling module 'hysteresis_local' [VERI-1018]
INFO     : D:\house-1\9.25.1_ding_Ti60F225_Canny_Face_Parallel\src\parallel\video_delay.v(4): compiling module 'video_delay(BITS=40)' [VERI-1018]
INFO     : D:\house-1\9.25.1_ding_Ti60F225_Canny_Face_Parallel\src\parallel\video_delay.v(9): extracting RAM for identifier 'mem' [VERI-2571]
WARNING  : D:\house-1\9.25.1_ding_Ti60F225_Canny_Face_Parallel\src\parallel\video_delay.v(13): expression size 14 truncated to fit in target size 13 [VERI-1209]
WARNING  : D:\house-1\9.25.1_ding_Ti60F225_Canny_Face_Parallel\src\parallel\video_delay.v(21): expression size 14 truncated to fit in target size 13 [VERI-1209]
INFO     : D:\house-1\9.25.1_ding_Ti60F225_Canny_Face_Parallel\src\face\rgb565_to_ycbcr_skin.v(58): compiling module 'rgb565_to_ycbcr_skin' [VERI-1018]
INFO     : D:\house-1\9.25.1_ding_Ti60F225_Canny_Face_Parallel\src\parallel\face_morph.v(2): compiling module 'face_morph' [VERI-1018]
INFO     : D:\house-1\9.25.1_ding_Ti60F225_Canny_Face_Parallel\src\vision\line_buffer_3x3.v(46): compiling module 'line_buffer_3x3(DWIDTH=1)' [VERI-1018]
INFO     : D:\house-1\9.25.1_ding_Ti60F225_Canny_Face_Parallel\src\vision\line_buffer_3x3.v(102): extracting RAM for identifier 'prev_line_1' [VERI-2571]
INFO     : D:\house-1\9.25.1_ding_Ti60F225_Canny_Face_Parallel\src\vision\line_buffer_3x3.v(104): extracting RAM for identifier 'prev_line_2' [VERI-2571]
INFO     : D:\house-1\9.25.1_ding_Ti60F225_Canny_Face_Parallel\src\parallel\video_delay.v(4): compiling module 'video_delay(BITS=24,LATENCY=3309)' [VERI-1018]
INFO     : D:\house-1\9.25.1_ding_Ti60F225_Canny_Face_Parallel\src\parallel\video_delay.v(9): extracting RAM for identifier 'mem' [VERI-2571]
WARNING  : D:\house-1\9.25.1_ding_Ti60F225_Canny_Face_Parallel\src\parallel\video_delay.v(13): expression size 13 truncated to fit in target size 12 [VERI-1209]
WARNING  : D:\house-1\9.25.1_ding_Ti60F225_Canny_Face_Parallel\src\parallel\video_delay.v(21): expression size 13 truncated to fit in target size 12 [VERI-1209]
INFO     : D:\house-1\9.25.1_ding_Ti60F225_Canny_Face_Parallel\src\parallel\video_delay.v(4): compiling module 'video_delay(BITS=9,LATENCY=6617)' [VERI-1018]
INFO     : D:\house-1\9.25.1_ding_Ti60F225_Canny_Face_Parallel\src\parallel\video_delay.v(9): extracting RAM for identifier 'mem' [VERI-2571]
WARNING  : D:\house-1\9.25.1_ding_Ti60F225_Canny_Face_Parallel\src\parallel\video_delay.v(13): expression size 14 truncated to fit in target size 13 [VERI-1209]
WARNING  : D:\house-1\9.25.1_ding_Ti60F225_Canny_Face_Parallel\src\parallel\video_delay.v(21): expression size 14 truncated to fit in target size 13 [VERI-1209]
INFO     : D:\house-1\9.25.1_ding_Ti60F225_Canny_Face_Parallel\src\parallel\video_delay.v(4): compiling module 'video_delay(BITS=10,LATENCY=3309)' [VERI-1018]
INFO     : D:\house-1\9.25.1_ding_Ti60F225_Canny_Face_Parallel\src\parallel\video_delay.v(9): extracting RAM for identifier 'mem' [VERI-2571]
WARNING  : D:\house-1\9.25.1_ding_Ti60F225_Canny_Face_Parallel\src\parallel\video_delay.v(13): expression size 13 truncated to fit in target size 12 [VERI-1209]
WARNING  : D:\house-1\9.25.1_ding_Ti60F225_Canny_Face_Parallel\src\parallel\video_delay.v(21): expression size 13 truncated to fit in target size 12 [VERI-1209]
INFO     : D:\house-1\9.25.1_ding_Ti60F225_Canny_Face_Parallel\src\parallel\video_delay.v(4): compiling module 'video_delay(BITS=1,LATENCY=4963)' [VERI-1018]
INFO     : D:\house-1\9.25.1_ding_Ti60F225_Canny_Face_Parallel\src\parallel\video_delay.v(9): extracting RAM for identifier 'mem' [VERI-2571]
WARNING  : D:\house-1\9.25.1_ding_Ti60F225_Canny_Face_Parallel\src\parallel\video_delay.v(13): expression size 14 truncated to fit in target size 13 [VERI-1209]
WARNING  : D:\house-1\9.25.1_ding_Ti60F225_Canny_Face_Parallel\src\parallel\video_delay.v(21): expression size 14 truncated to fit in target size 13 [VERI-1209]
INFO     : D:\house-1\9.25.1_ding_Ti60F225_Canny_Face_Parallel\src\parallel\face_grid_regions.v(10): compiling module 'face_grid_regions' [VERI-1018]
INFO     : D:\house-1\9.25.1_ding_Ti60F225_Canny_Face_Parallel\src\parallel\face_grid_regions.v(26): extracting RAM for identifier 'cell_sum' [VERI-2571]
INFO     : D:\house-1\9.25.1_ding_Ti60F225_Canny_Face_Parallel\src\parallel\face_grid_regions.v(37): extracting RAM for identifier 'grid' [VERI-2571]
INFO     : D:\house-1\9.25.1_ding_Ti60F225_Canny_Face_Parallel\src\parallel\face_grid_regions.v(53): extracting RAM for identifier 'queue' [VERI-2571]
WARNING  : D:\house-1\9.25.1_ding_Ti60F225_Canny_Face_Parallel\src\parallel\face_grid_regions.v(30): expression size 8 truncated to fit in target size 7 [VERI-1209]
WARNING  : D:\house-1\9.25.1_ding_Ti60F225_Canny_Face_Parallel\src\parallel\face_grid_regions.v(33): expression size 16 truncated to fit in target size 14 [VERI-1209]
WARNING  : D:\house-1\9.25.1_ding_Ti60F225_Canny_Face_Parallel\src\parallel\face_grid_regions.v(91): expression size 32 truncated to fit in target size 8 [VERI-1209]
WARNING  : D:\house-1\9.25.1_ding_Ti60F225_Canny_Face_Parallel\src\parallel\face_grid_regions.v(93): expression size 32 truncated to fit in target size 11 [VERI-1209]
WARNING  : D:\house-1\9.25.1_ding_Ti60F225_Canny_Face_Parallel\src\parallel\face_grid_regions.v(94): expression size 32 truncated to fit in target size 10 [VERI-1209]
WARNING  : D:\house-1\9.25.1_ding_Ti60F225_Canny_Face_Parallel\src\parallel\face_grid_regions.v(95): expression size 32 truncated to fit in target size 12 [VERI-1209]
WARNING  : D:\house-1\9.25.1_ding_Ti60F225_Canny_Face_Parallel\src\parallel\face_grid_regions.v(96): expression size 32 truncated to fit in target size 11 [VERI-1209]
WARNING  : D:\house-1\9.25.1_ding_Ti60F225_Canny_Face_Parallel\src\parallel\face_grid_regions.v(143): expression size 16 truncated to fit in target size 14 [VERI-1209]
INFO     : D:\house-1\9.25.1_ding_Ti60F225_Canny_Face_Parallel\src\parallel\parallel_overlay.v(1): compiling module 'parallel_overlay(HUD_ENABLE=1)' [VERI-1018]
INFO     : D:\house-1\9.25.1_ding_Ti60F225_Canny_Face_Parallel\src\parallel\vision_hud.v(3): compiling module 'vision_hud' [VERI-1018]
WARNING  : D:\house-1\9.25.1_ding_Ti60F225_Canny_Face_Parallel\src\parallel\vision_hud.v(5): expression size 32 truncated to fit in target size 11 [VERI-1209]
WARNING  : D:\house-1\9.25.1_ding_Ti60F225_Canny_Face_Parallel\src\parallel\vision_hud.v(6): expression size 11 truncated to fit in target size 5 [VERI-1209]
WARNING  : D:\house-1\9.25.1_ding_Ti60F225_Canny_Face_Parallel\src\parallel\vision_hud.v(11): expression size 32 truncated to fit in target size 8 [VERI-1209]
INFO     : D:\house-1\9.25.1_ding_Ti60F225_Canny_Face_Parallel\src\hdmi_ip\rgb2dvi.v(7): compiling module 'rgb2dvi(ENABLE_OSERDES=0)' [VERI-1018]
INFO     : D:\house-1\9.25.1_ding_Ti60F225_Canny_Face_Parallel\src\hdmi_ip\tmds_channel.v(4): compiling module 'tmds_channel' [VERI-1018]
WARNING  : D:\house-1\9.25.1_ding_Ti60F225_Canny_Face_Parallel\src\hdmi_ip\rgb2dvi.v(50): actual bit length 32 differs from formal bit length 4 for port 'data_island_data' [VERI-1330]
WARNING  : D:\house-1\9.25.1_ding_Ti60F225_Canny_Face_Parallel\src\hdmi_ip\rgb2dvi.v(52): actual bit length 4 differs from formal bit length 3 for port 'mode' [VERI-1330]
WARNING  : D:\house-1\9.25.1_ding_Ti60F225_Canny_Face_Parallel\src\hdmi_ip\rgb2dvi.v(58): actual bit length 32 differs from formal bit length 4 for port 'data_island_data' [VERI-1330]
WARNING  : D:\house-1\9.25.1_ding_Ti60F225_Canny_Face_Parallel\src\hdmi_ip\rgb2dvi.v(60): actual bit length 4 differs from formal bit length 3 for port 'mode' [VERI-1330]
WARNING  : D:\house-1\9.25.1_ding_Ti60F225_Canny_Face_Parallel\src\hdmi_ip\rgb2dvi.v(66): actual bit length 32 differs from formal bit length 4 for port 'data_island_data' [VERI-1330]
WARNING  : D:\house-1\9.25.1_ding_Ti60F225_Canny_Face_Parallel\src\hdmi_ip\rgb2dvi.v(68): actual bit length 4 differs from formal bit length 3 for port 'mode' [VERI-1330]
WARNING  : D:\house-1\9.25.1_ding_Ti60F225_Canny_Face_Parallel\example_top.v(1066): actual bit length 32 differs from formal bit length 1 for port 'oe_i' [VERI-1330]
WARNING  : D:\house-1\9.25.1_ding_Ti60F225_Canny_Face_Parallel\example_top.v(429): net 'w_dev_index_o[7]' does not have a driver [VDB-1002]
WARNING  : D:\house-1\9.25.1_ding_Ti60F225_Canny_Face_Parallel\example_top.v(430): net 'w_dev_cmd_o[7]' does not have a driver [VDB-1002]
WARNING  : D:\house-1\9.25.1_ding_Ti60F225_Canny_Face_Parallel\example_top.v(431): net 'w_dev_wdata_o[31]' does not have a driver [VDB-1002]
WARNING  : D:\house-1\9.25.1_ding_Ti60F225_Canny_Face_Parallel\example_top.v(432): net 'w_dev_wvalid_o' does not have a driver [VDB-1002]
WARNING  : D:\house-1\9.25.1_ding_Ti60F225_Canny_Face_Parallel\example_top.v(436): net 'w_spi_ssn_o' does not have a driver [VDB-1002]
WARNING  : D:\house-1\9.25.1_ding_Ti60F225_Canny_Face_Parallel\example_top.v(437): net 'w_spi_data_o[3]' does not have a driver [VDB-1002]
WARNING  : D:\house-1\9.25.1_ding_Ti60F225_Canny_Face_Parallel\example_top.v(454): net 'w_lcd_b_o[7]' does not have a driver [VDB-1002]
WARNING  : D:\house-1\9.25.1_ding_Ti60F225_Canny_Face_Parallel\example_top.v(1059): input port 'SerialClk' is not connected on this instance [VDB-1013]
INFO     : Elaboration took 0.204268 seconds.
INFO     : 	Elaboration took 0.203125 seconds (approximately) in total CPU time.
INFO     : Elaboration virtual memory usage: begin = 68.032 MB, end = 127.872 MB, delta = 59.84 MB
INFO     : 	Elaboration peak virtual memory usage = 127.872 MB
INFO     : Elaboration resident set memory usage: begin = 74.516 MB, end = 137.504 MB, delta = 62.988 MB
INFO     : 	Elaboration peak resident set memory usage = 137.504 MB
INFO     : ***** Ending Elaboration ... *****
INFO     : ... Setting Synthesis Option: mode=speed
INFO     : ***** Beginning Reading Mapping Library ... *****
INFO     : Analyzing Verilog file 'D:/Efinity/sim_models/maplib/efinix_maplib.v' [VERI-1482]
INFO     : D:/Efinity/sim_models/maplib/efinix_maplib.v(8): compiling module 'EFX_ADD' [VERI-1018]
INFO     : D:/Efinity/sim_models/maplib/efinix_maplib.v(21): compiling module 'EFX_FF' [VERI-1018]
INFO     : D:/Efinity/sim_models/maplib/efinix_maplib.v(38): compiling module 'EFX_COMB4' [VERI-1018]
INFO     : D:/Efinity/sim_models/maplib/efinix_maplib.v(48): compiling module 'EFX_GBUFCE' [VERI-1018]
INFO     : D:/Efinity/sim_models/maplib/efinix_maplib.v(57): compiling module 'EFX_LUT4' [VERI-1018]
INFO     : D:/Efinity/sim_models/maplib/efinix_maplib.v(65): compiling module 'EFX_MULT' [VERI-1018]
INFO     : D:/Efinity/sim_models/maplib/efinix_maplib.v(100): compiling module 'EFX_DSP48' [VERI-1018]
INFO     : D:/Efinity/sim_models/maplib/efinix_maplib.v(156): compiling module 'EFX_DSP24' [VERI-1018]
INFO     : D:/Efinity/sim_models/maplib/efinix_maplib.v(209): compiling module 'EFX_DSP12' [VERI-1018]
INFO     : D:/Efinity/sim_models/maplib/efinix_maplib.v(262): compiling module 'EFX_RAM_4K' [VERI-1018]
INFO     : D:/Efinity/sim_models/maplib/efinix_maplib.v(322): compiling module 'EFX_RAM_5K' [VERI-1018]
INFO     : D:/Efinity/sim_models/maplib/efinix_maplib.v(394): compiling module 'EFX_DPRAM_5K' [VERI-1018]
INFO     : D:/Efinity/sim_models/maplib/efinix_maplib.v(499): compiling module 'RAMB5' [VERI-1018]
INFO     : D:/Efinity/sim_models/maplib/efinix_maplib.v(561): compiling module 'EFX_RAM_10K' [VERI-1018]
INFO     : D:/Efinity/sim_models/maplib/efinix_maplib.v(653): compiling module 'EFX_RAM10' [VERI-1018]
INFO     : D:/Efinity/sim_models/maplib/efinix_maplib.v(754): compiling module 'EFX_DPRAM10' [VERI-1018]
INFO     : D:/Efinity/sim_models/maplib/efinix_maplib.v(884): compiling module 'EFX_SRL8' [VERI-1018]
INFO     : Reading Mapping Library took 0.0161881 seconds.
INFO     : 	Reading Mapping Library took 0.015625 seconds (approximately) in total CPU time.
INFO     : Reading Mapping Library virtual memory usage: begin = 170.964 MB, end = 170.964 MB, delta = 0 MB
INFO     : 	Reading Mapping Library peak virtual memory usage = 170.964 MB
INFO     : Reading Mapping Library resident set memory usage: begin = 181.96 MB, end = 181.964 MB, delta = 0.004 MB
INFO     : 	Reading Mapping Library peak resident set memory usage = 181.964 MB
INFO     : ***** Ending Reading Mapping Library ... *****
INFO     : ... Pre-synthesis checks begin
WARNING  : The primary output port 'csi_ctl0_o' wire 'csi_ctl0_o' is not driven. [EFX-0256]
WARNING  : The primary output port 'csi_ctl1_o' wire 'csi_ctl1_o' is not driven. [EFX-0256]
WARNING  : The primary output port 'csi_scl_o' wire 'csi_scl_o' is not driven. [EFX-0256]
WARNING  : The primary output port 'csi_scl_oe' wire 'csi_scl_oe' is not driven. [EFX-0256]
WARNING  : The primary output port 'csi_sda_o' wire 'csi_sda_o' is not driven. [EFX-0256]
WARNING  : The primary output port 'csi_sda_oe' wire 'csi_sda_oe' is not driven. [EFX-0256]
WARNING  : The primary output port 'csi_rxc_hs_en_o' wire 'csi_rxc_hs_en_o' is not driven. [EFX-0256]
WARNING  : The primary output port 'csi_rxc_hs_term_en_o' wire 'csi_rxc_hs_term_en_o' is not driven. [EFX-0256]
WARNING  : The primary output port 'csi_rxd0_rst_o' wire 'csi_rxd0_rst_o' is not driven. [EFX-0256]
WARNING  : The primary output port 'csi_rxd0_hs_en_o' wire 'csi_rxd0_hs_en_o' is not driven. [EFX-0256]
WARNING  : The primary output port 'csi_rxd0_hs_term_en_o' wire 'csi_rxd0_hs_term_en_o' is not driven. [EFX-0256]
WARNING  : The primary output port 'csi_rxd1_rst_o' wire 'csi_rxd1_rst_o' is not driven. [EFX-0256]
WARNING  : The primary output port 'csi_rxd1_hs_en_o' wire 'csi_rxd1_hs_en_o' is not driven. [EFX-0256]
WARNING  : The primary output port 'csi_rxd1_hs_term_en_o' wire 'csi_rxd1_hs_term_en_o' is not driven. [EFX-0256]
WARNING  : The primary output port 'csi_rxd2_rst_o' wire 'csi_rxd2_rst_o' is not driven. [EFX-0256]
WARNING  : The primary output port 'csi_rxd2_hs_en_o' wire 'csi_rxd2_hs_en_o' is not driven. [EFX-0256]
WARNING  : The primary output port 'csi_rxd2_hs_term_en_o' wire 'csi_rxd2_hs_term_en_o' is not driven. [EFX-0256]
WARNING  : The primary output port 'csi_rxd3_rst_o' wire 'csi_rxd3_rst_o' is not driven. [EFX-0256]
WARNING  : The primary output port 'csi_rxd3_hs_en_o' wire 'csi_rxd3_hs_en_o' is not driven. [EFX-0256]
WARNING  : The primary output port 'csi_rxd3_hs_term_en_o' wire 'csi_rxd3_hs_term_en_o' is not driven. [EFX-0256]
WARNING  : The primary output port 'dsi_txc_rst_o' wire 'dsi_txc_rst_o' is not driven. [EFX-0256]
WARNING  : The primary output port 'dsi_txc_lp_p_oe' wire 'dsi_txc_lp_p_oe' is not driven. [EFX-0256]
WARNING  : The primary output port 'dsi_txc_lp_p_o' wire 'dsi_txc_lp_p_o' is not driven. [EFX-0256]
WARNING  : The primary output port 'dsi_txc_lp_n_oe' wire 'dsi_txc_lp_n_oe' is not driven. [EFX-0256]
WARNING  : The primary output port 'dsi_txc_lp_n_o' wire 'dsi_txc_lp_n_o' is not driven. [EFX-0256]
WARNING  : The primary output port 'dsi_txc_hs_oe' wire 'dsi_txc_hs_oe' is not driven. [EFX-0256]
WARNING  : The primary output port 'dsi_txc_hs_o[7]' wire 'dsi_txc_hs_o[7]' is not driven. [EFX-0256]
WARNING  : The primary output port 'dsi_txc_hs_o[6]' wire 'dsi_txc_hs_o[6]' is not driven. [EFX-0256]
WARNING  : The primary output port 'dsi_txc_hs_o[5]' wire 'dsi_txc_hs_o[5]' is not driven. [EFX-0256]
WARNING  : The primary output port 'dsi_txc_hs_o[4]' wire 'dsi_txc_hs_o[4]' is not driven. [EFX-0256]
WARNING  : The primary output port 'dsi_txc_hs_o[3]' wire 'dsi_txc_hs_o[3]' is not driven. [EFX-0256]
WARNING  : The primary output port 'dsi_txc_hs_o[2]' wire 'dsi_txc_hs_o[2]' is not driven. [EFX-0256]
WARNING  : The primary output port 'dsi_txc_hs_o[1]' wire 'dsi_txc_hs_o[1]' is not driven. [EFX-0256]
WARNING  : The primary output port 'dsi_txc_hs_o[0]' wire 'dsi_txc_hs_o[0]' is not driven. [EFX-0256]
WARNING  : The primary output port 'dsi_txd0_rst_o' wire 'dsi_txd0_rst_o' is not driven. [EFX-0256]
WARNING  : The primary output port 'dsi_txd0_hs_oe' wire 'dsi_txd0_hs_oe' is not driven. [EFX-0256]
WARNING  : The primary output port 'dsi_txd0_hs_o[7]' wire 'dsi_txd0_hs_o[7]' is not driven. [EFX-0256]
WARNING  : The primary output port 'dsi_txd0_hs_o[6]' wire 'dsi_txd0_hs_o[6]' is not driven. [EFX-0256]
WARNING  : The primary output port 'dsi_txd0_hs_o[5]' wire 'dsi_txd0_hs_o[5]' is not driven. [EFX-0256]
WARNING  : The primary output port 'dsi_txd0_hs_o[4]' wire 'dsi_txd0_hs_o[4]' is not driven. [EFX-0256]
WARNING  : The primary output port 'dsi_txd0_hs_o[3]' wire 'dsi_txd0_hs_o[3]' is not driven. [EFX-0256]
WARNING  : The primary output port 'dsi_txd0_hs_o[2]' wire 'dsi_txd0_hs_o[2]' is not driven. [EFX-0256]
WARNING  : The primary output port 'dsi_txd0_hs_o[1]' wire 'dsi_txd0_hs_o[1]' is not driven. [EFX-0256]
WARNING  : The primary output port 'dsi_txd0_hs_o[0]' wire 'dsi_txd0_hs_o[0]' is not driven. [EFX-0256]
WARNING  : The primary output port 'dsi_txd0_lp_p_oe' wire 'dsi_txd0_lp_p_oe' is not driven. [EFX-0256]
WARNING  : The primary output port 'dsi_txd0_lp_p_o' wire 'dsi_txd0_lp_p_o' is not driven. [EFX-0256]
WARNING  : The primary output port 'dsi_txd0_lp_n_oe' wire 'dsi_txd0_lp_n_oe' is not driven. [EFX-0256]
WARNING  : The primary output port 'dsi_txd0_lp_n_o' wire 'dsi_txd0_lp_n_o' is not driven. [EFX-0256]
WARNING  : The primary output port 'dsi_txd1_rst_o' wire 'dsi_txd1_rst_o' is not driven. [EFX-0256]
WARNING  : The primary output port 'dsi_txd1_lp_p_oe' wire 'dsi_txd1_lp_p_oe' is not driven. [EFX-0256]
WARNING  : The primary output port 'dsi_txd1_lp_p_o' wire 'dsi_txd1_lp_p_o' is not driven. [EFX-0256]
WARNING  : The primary output port 'dsi_txd1_lp_n_oe' wire 'dsi_txd1_lp_n_oe' is not driven. [EFX-0256]
WARNING  : The primary output port 'dsi_txd1_lp_n_o' wire 'dsi_txd1_lp_n_o' is not driven. [EFX-0256]
WARNING  : The primary output port 'dsi_txd1_hs_oe' wire 'dsi_txd1_hs_oe' is not driven. [EFX-0256]
WARNING  : The primary output port 'dsi_txd1_hs_o[7]' wire 'dsi_txd1_hs_o[7]' is not driven. [EFX-0256]
WARNING  : The primary output port 'dsi_txd1_hs_o[6]' wire 'dsi_txd1_hs_o[6]' is not driven. [EFX-0256]
WARNING  : The primary output port 'dsi_txd1_hs_o[5]' wire 'dsi_txd1_hs_o[5]' is not driven. [EFX-0256]
WARNING  : The primary output port 'dsi_txd1_hs_o[4]' wire 'dsi_txd1_hs_o[4]' is not driven. [EFX-0256]
WARNING  : The primary output port 'dsi_txd1_hs_o[3]' wire 'dsi_txd1_hs_o[3]' is not driven. [EFX-0256]
WARNING  : The primary output port 'dsi_txd1_hs_o[2]' wire 'dsi_txd1_hs_o[2]' is not driven. [EFX-0256]
WARNING  : The primary output port 'dsi_txd1_hs_o[1]' wire 'dsi_txd1_hs_o[1]' is not driven. [EFX-0256]
WARNING  : The primary output port 'dsi_txd1_hs_o[0]' wire 'dsi_txd1_hs_o[0]' is not driven. [EFX-0256]
WARNING  : The primary output port 'dsi_txd2_rst_o' wire 'dsi_txd2_rst_o' is not driven. [EFX-0256]
WARNING  : The primary output port 'dsi_txd2_lp_p_oe' wire 'dsi_txd2_lp_p_oe' is not driven. [EFX-0256]
WARNING  : The primary output port 'dsi_txd2_lp_p_o' wire 'dsi_txd2_lp_p_o' is not driven. [EFX-0256]
WARNING  : The primary output port 'dsi_txd2_lp_n_oe' wire 'dsi_txd2_lp_n_oe' is not driven. [EFX-0256]
WARNING  : The primary output port 'dsi_txd2_lp_n_o' wire 'dsi_txd2_lp_n_o' is not driven. [EFX-0256]
WARNING  : The primary output port 'dsi_txd2_hs_oe' wire 'dsi_txd2_hs_oe' is not driven. [EFX-0256]
WARNING  : The primary output port 'dsi_txd2_hs_o[7]' wire 'dsi_txd2_hs_o[7]' is not driven. [EFX-0256]
WARNING  : The primary output port 'dsi_txd2_hs_o[6]' wire 'dsi_txd2_hs_o[6]' is not driven. [EFX-0256]
WARNING  : The primary output port 'dsi_txd2_hs_o[5]' wire 'dsi_txd2_hs_o[5]' is not driven. [EFX-0256]
WARNING  : The primary output port 'dsi_txd2_hs_o[4]' wire 'dsi_txd2_hs_o[4]' is not driven. [EFX-0256]
WARNING  : The primary output port 'dsi_txd2_hs_o[3]' wire 'dsi_txd2_hs_o[3]' is not driven. [EFX-0256]
WARNING  : The primary output port 'dsi_txd2_hs_o[2]' wire 'dsi_txd2_hs_o[2]' is not driven. [EFX-0256]
WARNING  : The primary output port 'dsi_txd2_hs_o[1]' wire 'dsi_txd2_hs_o[1]' is not driven. [EFX-0256]
WARNING  : The primary output port 'dsi_txd2_hs_o[0]' wire 'dsi_txd2_hs_o[0]' is not driven. [EFX-0256]
WARNING  : The primary output port 'dsi_txd3_rst_o' wire 'dsi_txd3_rst_o' is not driven. [EFX-0256]
WARNING  : The primary output port 'dsi_txd3_lp_p_oe' wire 'dsi_txd3_lp_p_oe' is not driven. [EFX-0256]
WARNING  : The primary output port 'dsi_txd3_lp_p_o' wire 'dsi_txd3_lp_p_o' is not driven. [EFX-0256]
WARNING  : The primary output port 'dsi_txd3_lp_n_oe' wire 'dsi_txd3_lp_n_oe' is not driven. [EFX-0256]
WARNING  : The primary output port 'dsi_txd3_lp_n_o' wire 'dsi_txd3_lp_n_o' is not driven. [EFX-0256]
WARNING  : The primary output port 'dsi_txd3_hs_oe' wire 'dsi_txd3_hs_oe' is not driven. [EFX-0256]
WARNING  : The primary output port 'dsi_txd3_hs_o[7]' wire 'dsi_txd3_hs_o[7]' is not driven. [EFX-0256]
WARNING  : The primary output port 'dsi_txd3_hs_o[6]' wire 'dsi_txd3_hs_o[6]' is not driven. [EFX-0256]
WARNING  : The primary output port 'dsi_txd3_hs_o[5]' wire 'dsi_txd3_hs_o[5]' is not driven. [EFX-0256]
WARNING  : The primary output port 'dsi_txd3_hs_o[4]' wire 'dsi_txd3_hs_o[4]' is not driven. [EFX-0256]
WARNING  : The primary output port 'dsi_txd3_hs_o[3]' wire 'dsi_txd3_hs_o[3]' is not driven. [EFX-0256]
WARNING  : The primary output port 'dsi_txd3_hs_o[2]' wire 'dsi_txd3_hs_o[2]' is not driven. [EFX-0256]
WARNING  : The primary output port 'dsi_txd3_hs_o[1]' wire 'dsi_txd3_hs_o[1]' is not driven. [EFX-0256]
WARNING  : The primary output port 'dsi_txd3_hs_o[0]' wire 'dsi_txd3_hs_o[0]' is not driven. [EFX-0256]
WARNING  : The primary output port 'lvds_txc_oe' wire 'lvds_txc_oe' is not driven. [EFX-0256]
WARNING  : The primary output port 'lvds_txc_o[6]' wire 'lvds_txc_o[6]' is not driven. [EFX-0256]
WARNING  : The primary output port 'lvds_txc_o[5]' wire 'lvds_txc_o[5]' is not driven. [EFX-0256]
WARNING  : The primary output port 'lvds_txc_o[4]' wire 'lvds_txc_o[4]' is not driven. [EFX-0256]
WARNING  : The primary output port 'lvds_txc_o[3]' wire 'lvds_txc_o[3]' is not driven. [EFX-0256]
WARNING  : The primary output port 'lvds_txc_o[2]' wire 'lvds_txc_o[2]' is not driven. [EFX-0256]
WARNING  : The primary output port 'lvds_txc_o[1]' wire 'lvds_txc_o[1]' is not driven. [EFX-0256]
WARNING  : The primary output port 'lvds_txc_o[0]' wire 'lvds_txc_o[0]' is not driven. [EFX-0256]
WARNING  : The primary output port 'lvds_txc_rst_o' wire 'lvds_txc_rst_o' is not driven. [EFX-0256]
WARNING  : The primary output port 'lvds_txd0_oe' wire 'lvds_txd0_oe' is not driven. [EFX-0256]
WARNING  : The primary output port 'lvds_txd0_o[6]' wire 'lvds_txd0_o[6]' is not driven. [EFX-0256]
WARNING  : The primary output port 'lvds_txd0_o[5]' wire 'lvds_txd0_o[5]' is not driven. [EFX-0256]
WARNING  : The primary output port 'lvds_txd0_o[4]' wire 'lvds_txd0_o[4]' is not driven. [EFX-0256]
WARNING  : The primary output port 'lvds_txd0_o[3]' wire 'lvds_txd0_o[3]' is not driven. [EFX-0256]
WARNING  : The primary output port 'lvds_txd0_o[2]' wire 'lvds_txd0_o[2]' is not driven. [EFX-0256]
WARNING  : The primary output port 'lvds_txd0_o[1]' wire 'lvds_txd0_o[1]' is not driven. [EFX-0256]
WARNING  : The primary output port 'lvds_txd0_o[0]' wire 'lvds_txd0_o[0]' is not driven. [EFX-0256]
WARNING  : The primary output port 'lvds_txd0_rst_o' wire 'lvds_txd0_rst_o' is not driven. [EFX-0256]
WARNING  : The primary output port 'lvds_txd1_oe' wire 'lvds_txd1_oe' is not driven. [EFX-0256]
WARNING  : The primary output port 'lvds_txd1_o[6]' wire 'lvds_txd1_o[6]' is not driven. [EFX-0256]
WARNING  : The primary output port 'lvds_txd1_o[5]' wire 'lvds_txd1_o[5]' is not driven. [EFX-0256]
WARNING  : The primary output port 'lvds_txd1_o[4]' wire 'lvds_txd1_o[4]' is not driven. [EFX-0256]
WARNING  : The primary output port 'lvds_txd1_o[3]' wire 'lvds_txd1_o[3]' is not driven. [EFX-0256]
WARNING  : The primary output port 'lvds_txd1_o[2]' wire 'lvds_txd1_o[2]' is not driven. [EFX-0256]
WARNING  : The primary output port 'lvds_txd1_o[1]' wire 'lvds_txd1_o[1]' is not driven. [EFX-0256]
WARNING  : The primary output port 'lvds_txd1_o[0]' wire 'lvds_txd1_o[0]' is not driven. [EFX-0256]
WARNING  : The primary output port 'lvds_txd1_rst_o' wire 'lvds_txd1_rst_o' is not driven. [EFX-0256]
WARNING  : The primary output port 'lvds_txd2_oe' wire 'lvds_txd2_oe' is not driven. [EFX-0256]
WARNING  : The primary output port 'lvds_txd2_o[6]' wire 'lvds_txd2_o[6]' is not driven. [EFX-0256]
WARNING  : The primary output port 'lvds_txd2_o[5]' wire 'lvds_txd2_o[5]' is not driven. [EFX-0256]
WARNING  : The primary output port 'lvds_txd2_o[4]' wire 'lvds_txd2_o[4]' is not driven. [EFX-0256]
WARNING  : The primary output port 'lvds_txd2_o[3]' wire 'lvds_txd2_o[3]' is not driven. [EFX-0256]
WARNING  : The primary output port 'lvds_txd2_o[2]' wire 'lvds_txd2_o[2]' is not driven. [EFX-0256]
WARNING  : The primary output port 'lvds_txd2_o[1]' wire 'lvds_txd2_o[1]' is not driven. [EFX-0256]
WARNING  : The primary output port 'lvds_txd2_o[0]' wire 'lvds_txd2_o[0]' is not driven. [EFX-0256]
WARNING  : The primary output port 'lvds_txd2_rst_o' wire 'lvds_txd2_rst_o' is not driven. [EFX-0256]
WARNING  : The primary output port 'lvds_txd3_oe' wire 'lvds_txd3_oe' is not driven. [EFX-0256]
WARNING  : The primary output port 'lvds_txd3_o[6]' wire 'lvds_txd3_o[6]' is not driven. [EFX-0256]
WARNING  : The primary output port 'lvds_txd3_o[5]' wire 'lvds_txd3_o[5]' is not driven. [EFX-0256]
WARNING  : The primary output port 'lvds_txd3_o[4]' wire 'lvds_txd3_o[4]' is not driven. [EFX-0256]
WARNING  : The primary output port 'lvds_txd3_o[3]' wire 'lvds_txd3_o[3]' is not driven. [EFX-0256]
WARNING  : The primary output port 'lvds_txd3_o[2]' wire 'lvds_txd3_o[2]' is not driven. [EFX-0256]
WARNING  : The primary output port 'lvds_txd3_o[1]' wire 'lvds_txd3_o[1]' is not driven. [EFX-0256]
WARNING  : The primary output port 'lvds_txd3_o[0]' wire 'lvds_txd3_o[0]' is not driven. [EFX-0256]
WARNING  : The primary output port 'lvds_txd3_rst_o' wire 'lvds_txd3_rst_o' is not driven. [EFX-0256]
WARNING  : The primary output port 'lcd_tp_sda_o' wire 'lcd_tp_sda_o' is not driven. [EFX-0256]
WARNING  : The primary output port 'lcd_tp_sda_oe' wire 'lcd_tp_sda_oe' is not driven. [EFX-0256]
WARNING  : The primary output port 'lcd_tp_scl_o' wire 'lcd_tp_scl_o' is not driven. [EFX-0256]
WARNING  : The primary output port 'lcd_tp_scl_oe' wire 'lcd_tp_scl_oe' is not driven. [EFX-0256]
WARNING  : The primary output port 'lcd_tp_int_o' wire 'lcd_tp_int_o' is not driven. [EFX-0256]
WARNING  : The primary output port 'lcd_tp_int_oe' wire 'lcd_tp_int_oe' is not driven. [EFX-0256]
WARNING  : The primary output port 'lcd_tp_rst_o' wire 'lcd_tp_rst_o' is not driven. [EFX-0256]
WARNING  : The primary output port 'lcd_pwm_o' wire 'lcd_pwm_o' is not driven. [EFX-0256]
WARNING  : The primary output port 'lcd_blen_o' wire 'lcd_blen_o' is not driven. [EFX-0256]
WARNING  : The primary output port 'lcd_vs_o' wire 'lcd_vs_o' is not driven. [EFX-0256]
WARNING  : The primary output port 'lcd_hs_o' wire 'lcd_hs_o' is not driven. [EFX-0256]
WARNING  : Removing redundant signal : Shift_Q7_Out[4][7]. (D:\house-1\9.25.1_ding_Ti60F225_Canny_Face_Parallel\ip/DdrCtrl\DdrCtrl.sv:2611) [EFX-0200]
WARNING  : Removing redundant signal : Shift_Q7_Out[4][6]. (D:\house-1\9.25.1_ding_Ti60F225_Canny_Face_Parallel\ip/DdrCtrl\DdrCtrl.sv:2611) [EFX-0200]
WARNING  : Removing redundant signal : Shift_Q7_Out[4][5]. (D:\house-1\9.25.1_ding_Ti60F225_Canny_Face_Parallel\ip/DdrCtrl\DdrCtrl.sv:2611) [EFX-0200]
WARNING  : Removing redundant signal : Shift_Q7_Out[4][4]. (D:\house-1\9.25.1_ding_Ti60F225_Canny_Face_Parallel\ip/DdrCtrl\DdrCtrl.sv:2611) [EFX-0200]
WARNING  : Removing redundant signal : Shift_Q7_Out[4][3]. (D:\house-1\9.25.1_ding_Ti60F225_Canny_Face_Parallel\ip/DdrCtrl\DdrCtrl.sv:2611) [EFX-0200]
WARNING  : Removing redundant signal : Shift_Q7_Out[4][2]. (D:\house-1\9.25.1_ding_Ti60F225_Canny_Face_Parallel\ip/DdrCtrl\DdrCtrl.sv:2611) [EFX-0200]
WARNING  : Removing redundant signal : Shift_Q7_Out[4][1]. (D:\house-1\9.25.1_ding_Ti60F225_Canny_Face_Parallel\ip/DdrCtrl\DdrCtrl.sv:2611) [EFX-0200]
WARNING  : Removing redundant signal : Shift_Q7_Out[4][0]. (D:\house-1\9.25.1_ding_Ti60F225_Canny_Face_Parallel\ip/DdrCtrl\DdrCtrl.sv:2611) [EFX-0200]
WARNING  : Removing redundant signal : Shift_Out[7]. (D:\house-1\9.25.1_ding_Ti60F225_Canny_Face_Parallel\ip/DdrCtrl\DdrCtrl.sv:2611) [EFX-0200]
WARNING  : Removing redundant signal : Shift_Out[6]. (D:\house-1\9.25.1_ding_Ti60F225_Canny_Face_Parallel\ip/DdrCtrl\DdrCtrl.sv:2611) [EFX-0200]
WARNING  : Removing redundant signal : Shift_Out[5]. (D:\house-1\9.25.1_ding_Ti60F225_Canny_Face_Parallel\ip/DdrCtrl\DdrCtrl.sv:2611) [EFX-0200]
WARNING  : Removing redundant signal : Shift_Out[4]. (D:\house-1\9.25.1_ding_Ti60F225_Canny_Face_Parallel\ip/DdrCtrl\DdrCtrl.sv:2611) [EFX-0200]
WARNING  : Removing redundant signal : Shift_Out[3]. (D:\house-1\9.25.1_ding_Ti60F225_Canny_Face_Parallel\ip/DdrCtrl\DdrCtrl.sv:2611) [EFX-0200]
WARNING  : Removing redundant signal : Shift_Out[2]. (D:\house-1\9.25.1_ding_Ti60F225_Canny_Face_Parallel\ip/DdrCtrl\DdrCtrl.sv:2611) [EFX-0200]
WARNING  : Removing redundant signal : Shift_Out[1]. (D:\house-1\9.25.1_ding_Ti60F225_Canny_Face_Parallel\ip/DdrCtrl\DdrCtrl.sv:2611) [EFX-0200]
WARNING  : Removing redundant signal : Shift_Out[0]. (D:\house-1\9.25.1_ding_Ti60F225_Canny_Face_Parallel\ip/DdrCtrl\DdrCtrl.sv:2611) [EFX-0200]
WARNING  : Removing redundant signal : Shift_Q7_Out[4][31]. (D:\house-1\9.25.1_ding_Ti60F225_Canny_Face_Parallel\ip/DdrCtrl\DdrCtrl.sv:2611) [EFX-0200]
WARNING  : Removing redundant signal : Shift_Q7_Out[4][30]. (D:\house-1\9.25.1_ding_Ti60F225_Canny_Face_Parallel\ip/DdrCtrl\DdrCtrl.sv:2611) [EFX-0200]
WARNING  : Removing redundant signal : Shift_Q7_Out[4][29]. (D:\house-1\9.25.1_ding_Ti60F225_Canny_Face_Parallel\ip/DdrCtrl\DdrCtrl.sv:2611) [EFX-0200]
WARNING  : Removing redundant signal : Shift_Q7_Out[4][28]. (D:\house-1\9.25.1_ding_Ti60F225_Canny_Face_Parallel\ip/DdrCtrl\DdrCtrl.sv:2611) [EFX-0200]
WARNING  : (The above message was generated too many times, subsequent similar messages will be muted.) [EFX-0200]
INFO     : ... Memory 'ram' is not initialized, assuming empty initial contents. (D:\house-1\9.25.1_ding_Ti60F225_Canny_Face_Parallel\ip/DdrCtrl\DdrCtrl.sv:1599) [EFX-0677]
INFO     : ... Memory 'ram' is not initialized, assuming empty initial contents. (D:\house-1\9.25.1_ding_Ti60F225_Canny_Face_Parallel\ip/DdrCtrl\DdrCtrl.sv:1599) [EFX-0677]
INFO     : ... Memory 'ram' is not initialized, assuming empty initial contents. (D:\house-1\9.25.1_ding_Ti60F225_Canny_Face_Parallel\ip/DdrCtrl\DdrCtrl.sv:1599) [EFX-0677]
INFO     : ... Memory 'ram' is not initialized, assuming empty initial contents. (D:\house-1\9.25.1_ding_Ti60F225_Canny_Face_Parallel\ip/DdrCtrl\DdrCtrl.sv:3652) [EFX-0677]
INFO     : ... Memory 'ram' is not initialized, assuming empty initial contents. (D:\house-1\9.25.1_ding_Ti60F225_Canny_Face_Parallel\ip/DdrCtrl\DdrCtrl.sv:1599) [EFX-0677]
INFO     : ... Memory 'ram' is not initialized, assuming empty initial contents. (D:\house-1\9.25.1_ding_Ti60F225_Canny_Face_Parallel\ip/DdrCtrl\DdrCtrl.sv:1599) [EFX-0677]
INFO     : ... Memory 'ram' is not initialized, assuming empty initial contents. (D:\house-1\9.25.1_ding_Ti60F225_Canny_Face_Parallel\ip/DdrCtrl\DdrCtrl.sv:3652) [EFX-0677]
WARNING  : Re-wiring to GND non-driven net 'u_efx_fifo_top.a_rst_i'. (D:\house-1\9.25.1_ding_Ti60F225_Canny_Face_Parallel\ip/DdrCtrl\DdrCtrl.sv:4817) [EFX-0201]
WARNING  : Re-wiring to GND non-driven net 'u_efx_fifo_top.clk_i'. (D:\house-1\9.25.1_ding_Ti60F225_Canny_Face_Parallel\ip/DdrCtrl\DdrCtrl.sv:4817) [EFX-0201]
INFO     : Module Instance 'bram_u2' input pin 'wr_en_i' is tied to constant (=1). [EFX-0266]
INFO     : Module Instance 'bram_u2' input pin 'rd_en_i' is tied to constant (=1). [EFX-0266]
INFO     : Module Instance 'bram_u1' input pin 'wr_en_i' is tied to constant (=1). [EFX-0266]
INFO     : Module Instance 'bram_u1' input pin 'rd_en_i' is tied to constant (=1). [EFX-0266]
INFO     : Module Instance 'bram_u0' input pin 'wr_en_i' is tied to constant (=1). [EFX-0266]
INFO     : Module Instance 'bram_u0' input pin 'rd_en_i' is tied to constant (=1). [EFX-0266]
INFO     : Module Instance 'map_ram' input pin 'wclk' is tied to constant (=0). [EFX-0266]
INFO     : Module Instance 'map_ram' input pin 'wdata[0]' is tied to constant (=0). [EFX-0266]
INFO     : Module Instance 'map_ram' input pin 'wdata[1]' is tied to constant (=0). [EFX-0266]
INFO     : Module Instance 'map_ram' input pin 'wdata[2]' is tied to constant (=0). [EFX-0266]
INFO     : Module Instance 'map_ram' input pin 'wdata[3]' is tied to constant (=0). [EFX-0266]
INFO     : Module Instance 'map_ram' input pin 'wdata[4]' is tied to constant (=0). [EFX-0266]
INFO     : Module Instance 'map_ram' input pin 'wdata[5]' is tied to constant (=0). [EFX-0266]
INFO     : Module Instance 'map_ram' input pin 'wdata[6]' is tied to constant (=0). [EFX-0266]
INFO     : Module Instance 'map_ram' input pin 'wdata[7]' is tied to constant (=0). [EFX-0266]
INFO     : Module Instance 'map_ram' input pin 'wdata[8]' is tied to constant (=0). [EFX-0266]
INFO     : Module Instance 'map_ram' input pin 'wdata[9]' is tied to constant (=0). [EFX-0266]
INFO     : Module Instance 'map_ram' input pin 'wdata[10]' is tied to constant (=0). [EFX-0266]
INFO     : Module Instance 'map_ram' input pin 'wdata[11]' is tied to constant (=0). [EFX-0266]
INFO     : Module Instance 'map_ram' input pin 'wdata[12]' is tied to constant (=0). [EFX-0266]
INFO     : Module Instance 'map_ram' input pin 'wdata[13]' is tied to constant (=0). [EFX-0266]
INFO     : Module Instance 'map_ram' input pin 'wdata[14]' is tied to constant (=0). [EFX-0266]
INFO     : Module Instance 'map_ram' input pin 'wdata[15]' is tied to constant (=0). [EFX-0266]
INFO     : Module Instance 'map_ram' input pin 'wdata[16]' is tied to constant (=0). [EFX-0266]
INFO     : Module Instance 'map_ram' input pin 'wdata[17]' is tied to constant (=0). [EFX-0266]
INFO     : Module Instance 'map_ram' input pin 'wdata[18]' is tied to constant (=0). [EFX-0266]
INFO     : Module Instance 'map_ram' input pin 'wdata[19]' is tied to constant (=0). [EFX-0266]
INFO     : Module Instance 'map_ram' input pin 'wdata[20]' is tied to constant (=0). [EFX-0266]
INFO     : Module Instance 'map_ram' input pin 'wdata[21]' is tied to constant (=0). [EFX-0266]
INFO     : Module Instance 'map_ram' input pin 'wdata[22]' is tied to constant (=0). [EFX-0266]
INFO     : Module Instance 'map_ram' input pin 'wdata[23]' is tied to constant (=0). [EFX-0266]
INFO     : Module Instance 'map_ram' input pin 'wdata[24]' is tied to constant (=0). [EFX-0266]
INFO     : Module Instance 'map_ram' input pin 'wdata[25]' is tied to constant (=0). [EFX-0266]
INFO     : Module Instance 'map_ram' input pin 'wdata[26]' is tied to constant (=0). [EFX-0266]
INFO     : Module Instance 'map_ram' input pin 'wdata[27]' is tied to constant (=0). [EFX-0266]
INFO     : Module Instance 'map_ram' input pin 'wdata[28]' is tied to constant (=0). [EFX-0266]
INFO     : Module Instance 'map_ram' input pin 'wdata[29]' is tied to constant (=0). [EFX-0266]
INFO     : Module Instance 'map_ram' input pin 'wdata[30]' is tied to constant (=0). [EFX-0266]
INFO     : Module Instance 'map_ram' input pin 'wdata[31]' is tied to constant (=0). [EFX-0266]
INFO     : Module Instance 'map_ram' input pin 'wdata[32]' is tied to constant (=0). [EFX-0266]
INFO     : Module Instance 'map_ram' input pin 'wdata[33]' is tied to constant (=0). [EFX-0266]
INFO     : Module Instance 'map_ram' input pin 'wdata[34]' is tied to constant (=0). [EFX-0266]
INFO     : Module Instance 'map_ram' input pin 'wdata[35]' is tied to constant (=0). [EFX-0266]
INFO     : Module Instance 'map_ram' input pin 'wdata[36]' is tied to constant (=0). [EFX-0266]
INFO     : Module Instance 'map_ram' input pin 'wdata[37]' is tied to constant (=0). [EFX-0266]
INFO     : Module Instance 'map_ram' input pin 'wdata[38]' is tied to constant (=0). [EFX-0266]
INFO     : Module Instance 'map_ram' input pin 'wdata[39]' is tied to constant (=0). [EFX-0266]
INFO     : Module Instance 'map_ram' input pin 'wdata[40]' is tied to constant (=0). [EFX-0266]
INFO     : Module Instance 'map_ram' input pin 'wdata[41]' is tied to constant (=0). [EFX-0266]
INFO     : Module Instance 'map_ram' input pin 'wdata[42]' is tied to constant (=0). [EFX-0266]
INFO     : Module Instance 'map_ram' input pin 'wdata[43]' is tied to constant (=0). [EFX-0266]
INFO     : Module Instance 'map_ram' input pin 'wdata[44]' is tied to constant (=0). [EFX-0266]
INFO     : Module Instance 'map_ram' input pin 'wdata[45]' is tied to constant (=0). [EFX-0266]
INFO     : Module Instance 'map_ram' input pin 'wdata[46]' is tied to constant (=0). [EFX-0266]
INFO     : Module Instance 'map_ram' input pin 'wdata[47]' is tied to constant (=0). [EFX-0266]
INFO     : Module Instance 'map_ram' input pin 'wdata[48]' is tied to constant (=0). [EFX-0266]
INFO     : Module Instance 'map_ram' input pin 'wdata[49]' is tied to constant (=0). [EFX-0266]
INFO     : Module Instance 'map_ram' input pin 'wdata[50]' is tied to constant (=0). [EFX-0266]
INFO     : Module Instance 'map_ram' input pin 'wdata[51]' is tied to constant (=0). [EFX-0266]
INFO     : Module Instance 'map_ram' input pin 'wdata[52]' is tied to constant (=0). [EFX-0266]
INFO     : Module Instance 'map_ram' input pin 'wdata[53]' is tied to constant (=0). [EFX-0266]
INFO     : Module Instance 'map_ram' input pin 'wdata[54]' is tied to constant (=0). [EFX-0266]
INFO     : Module Instance 'map_ram' input pin 'wdata[55]' is tied to constant (=0). [EFX-0266]
INFO     : Module Instance 'map_ram' input pin 'wdata[56]' is tied to constant (=0). [EFX-0266]
INFO     : Module Instance 'map_ram' input pin 'wdata[57]' is tied to constant (=0). [EFX-0266]
INFO     : Module Instance 'map_ram' input pin 'wdata[58]' is tied to constant (=0). [EFX-0266]
INFO     : Module Instance 'map_ram' input pin 'wdata[59]' is tied to constant (=0). [EFX-0266]
INFO     : Module Instance 'map_ram' input pin 'wdata[60]' is tied to constant (=0). [EFX-0266]
INFO     : Module Instance 'map_ram' input pin 'wdata[61]' is tied to constant (=0). [EFX-0266]
INFO     : Module Instance 'map_ram' input pin 'wdata[62]' is tied to constant (=0). [EFX-0266]
INFO     : Module Instance 'map_ram' input pin 'wdata[63]' is tied to constant (=0). [EFX-0266]
INFO     : Module Instance 'map_ram' input pin 'wdata[64]' is tied to constant (=0). [EFX-0266]
INFO     : Module Instance 'map_ram' input pin 'wdata[65]' is tied to constant (=0). [EFX-0266]
INFO     : Module Instance 'map_ram' input pin 'wdata[66]' is tied to constant (=0). [EFX-0266]
INFO     : Module Instance 'map_ram' input pin 'wdata[67]' is tied to constant (=0). [EFX-0266]
INFO     : Module Instance 'map_ram' input pin 'wdata[68]' is tied to constant (=0). [EFX-0266]
INFO     : Module Instance 'map_ram' input pin 'wdata[69]' is tied to constant (=0). [EFX-0266]
INFO     : Module Instance 'map_ram' input pin 'wdata[70]' is tied to constant (=0). [EFX-0266]
INFO     : Module Instance 'map_ram' input pin 'wdata[71]' is tied to constant (=0). [EFX-0266]
INFO     : Module Instance 'map_ram' input pin 'waddr[0]' is tied to constant (=0). [EFX-0266]
INFO     : Module Instance 'map_ram' input pin 'waddr[1]' is tied to constant (=0). [EFX-0266]
INFO     : Module Instance 'map_ram' input pin 'waddr[2]' is tied to constant (=0). [EFX-0266]
INFO     : Module Instance 'map_ram' input pin 'waddr[3]' is tied to constant (=0). [EFX-0266]
INFO     : Module Instance 'map_ram' input pin 'waddr[4]' is tied to constant (=0). [EFX-0266]
INFO     : Module Instance 'map_ram' input pin 'waddr[5]' is tied to constant (=0). [EFX-0266]
INFO     : Module Instance 'map_ram' input pin 'waddr[6]' is tied to constant (=0). [EFX-0266]
INFO     : Module Instance 'map_ram' input pin 'waddr[7]' is tied to constant (=0). [EFX-0266]
INFO     : Module Instance 'map_ram' input pin 'waddr[8]' is tied to constant (=0). [EFX-0266]
INFO     : Module Instance 'map_ram' input pin 'we' is tied to constant (=0). [EFX-0266]
INFO     : Module Instance 'map_ram' input pin 're' is tied to constant (=1). [EFX-0266]
WARNING  : Re-wiring to GND non-driven net 'r_rd_fifo_wr_en_p[31]'. (D:\house-1\9.25.1_ding_Ti60F225_Canny_Face_Parallel\ip/DdrCtrl\DdrCtrl.sv:1460) [EFX-0201]
WARNING  : Re-wiring to GND non-driven net 'r_rd_fifo_wr_en_p[30]'. (D:\house-1\9.25.1_ding_Ti60F225_Canny_Face_Parallel\ip/DdrCtrl\DdrCtrl.sv:1460) [EFX-0201]
WARNING  : Re-wiring to GND non-driven net 'r_rd_fifo_wr_en_p[29]'. (D:\house-1\9.25.1_ding_Ti60F225_Canny_Face_Parallel\ip/DdrCtrl\DdrCtrl.sv:1460) [EFX-0201]
WARNING  : Re-wiring to GND non-driven net 'r_rd_fifo_wr_en_p[28]'. (D:\house-1\9.25.1_ding_Ti60F225_Canny_Face_Parallel\ip/DdrCtrl\DdrCtrl.sv:1460) [EFX-0201]
WARNING  : Re-wiring to GND non-driven net 'r_rd_fifo_wr_en_p[27]'. (D:\house-1\9.25.1_ding_Ti60F225_Canny_Face_Parallel\ip/DdrCtrl\DdrCtrl.sv:1460) [EFX-0201]
WARNING  : Re-wiring to GND non-driven net 'r_rd_fifo_wr_en_p[26]'. (D:\house-1\9.25.1_ding_Ti60F225_Canny_Face_Parallel\ip/DdrCtrl\DdrCtrl.sv:1460) [EFX-0201]
WARNING  : Re-wiring to GND non-driven net 'r_rd_fifo_wr_en_p[25]'. (D:\house-1\9.25.1_ding_Ti60F225_Canny_Face_Parallel\ip/DdrCtrl\DdrCtrl.sv:1460) [EFX-0201]
WARNING  : Re-wiring to GND non-driven net 'r_rd_fifo_wr_en_p[24]'. (D:\house-1\9.25.1_ding_Ti60F225_Canny_Face_Parallel\ip/DdrCtrl\DdrCtrl.sv:1460) [EFX-0201]
WARNING  : (The above message was generated too many times, subsequent similar messages will be muted.) [EFX-0201]
INFO     : Module Instance 'fifo_rdpush' input pin 'io_push_payload[0]' is tied to constant (=1). [EFX-0266]
INFO     : Module Instance 'fifo_rdpush' input pin 'io_pop_ready' is tied to constant (=1). [EFX-0266]
INFO     : Module Instance 'fifo_ack' input pin 'io_pop_ready' is tied to constant (=1). [EFX-0266]
INFO     : Module Instance 'mux0' input pin 'b_rd_en' is tied to constant (=1). [EFX-0266]
INFO     : Module Instance 'phase_u0' input pin 'pll_sel[0]' is tied to constant (=0). [EFX-0266]
INFO     : Module Instance 'phase_u0' input pin 'pll_sel[1]' is tied to constant (=0). [EFX-0266]
INFO     : Module Instance 'phase_u0' input pin 'pll_sel[2]' is tied to constant (=1). [EFX-0266]
INFO     : Module Instance 'phase_u0' input pin 'pll_sel[3]' is tied to constant (=0). [EFX-0266]
INFO     : Module Instance 'phase_u0' input pin 'pll_sel[4]' is tied to constant (=0). [EFX-0266]
INFO     : (The above message was generated too many times, subsequent similar messages will be muted.) [EFX-0266]
INFO     : Module Instance 'inst_arburst_fifo' input pin 'I_Wr_Data[2]' is tied to constant (=0). [EFX-0266]
INFO     : ... Memory 'ram' is not initialized, assuming empty initial contents. (D:\house-1\9.25.1_ding_Ti60F225_Canny_Face_Parallel\ip/W0_FIFO_8\W0_FIFO_8.sv:673) [EFX-0677]
INFO     : ... Memory 'ram' is not initialized, assuming empty initial contents. (D:\house-1\9.25.1_ding_Ti60F225_Canny_Face_Parallel\ip/R0_FIFO_16\R0_FIFO_16.sv:673) [EFX-0677]
INFO     : ... Memory 'prev_line_1' is not initialized, assuming empty initial contents. (D:\house-1\9.25.1_ding_Ti60F225_Canny_Face_Parallel\src\vision\line_buffer_3x3.v:102) [EFX-0677]
INFO     : ... Memory 'prev_line_2' is not initialized, assuming empty initial contents. (D:\house-1\9.25.1_ding_Ti60F225_Canny_Face_Parallel\src\vision\line_buffer_3x3.v:104) [EFX-0677]
INFO     : ... Memory 'prev_line_1' is not initialized, assuming empty initial contents. (D:\house-1\9.25.1_ding_Ti60F225_Canny_Face_Parallel\src\vision\line_buffer_3x3.v:102) [EFX-0677]
INFO     : ... Memory 'prev_line_2' is not initialized, assuming empty initial contents. (D:\house-1\9.25.1_ding_Ti60F225_Canny_Face_Parallel\src\vision\line_buffer_3x3.v:104) [EFX-0677]
INFO     : ... Memory 'prev_line_1' is not initialized, assuming empty initial contents. (D:\house-1\9.25.1_ding_Ti60F225_Canny_Face_Parallel\src\vision\line_buffer_3x3.v:102) [EFX-0677]
INFO     : ... Memory 'prev_line_2' is not initialized, assuming empty initial contents. (D:\house-1\9.25.1_ding_Ti60F225_Canny_Face_Parallel\src\vision\line_buffer_3x3.v:104) [EFX-0677]
INFO     : ... Memory 'mem' is not initialized, assuming empty initial contents. (D:\house-1\9.25.1_ding_Ti60F225_Canny_Face_Parallel\src\parallel\video_delay.v:9) [EFX-0677]
INFO     : ... Memory 'prev_line_1' is not initialized, assuming empty initial contents. (D:\house-1\9.25.1_ding_Ti60F225_Canny_Face_Parallel\src\vision\line_buffer_3x3.v:102) [EFX-0677]
INFO     : ... Memory 'prev_line_2' is not initialized, assuming empty initial contents. (D:\house-1\9.25.1_ding_Ti60F225_Canny_Face_Parallel\src\vision\line_buffer_3x3.v:104) [EFX-0677]
INFO     : ... Memory 'mem' is not initialized, assuming empty initial contents. (D:\house-1\9.25.1_ding_Ti60F225_Canny_Face_Parallel\src\parallel\video_delay.v:9) [EFX-0677]
INFO     : ... Memory 'mem' is not initialized, assuming empty initial contents. (D:\house-1\9.25.1_ding_Ti60F225_Canny_Face_Parallel\src\parallel\video_delay.v:9) [EFX-0677]
INFO     : ... Memory 'mem' is not initialized, assuming empty initial contents. (D:\house-1\9.25.1_ding_Ti60F225_Canny_Face_Parallel\src\parallel\video_delay.v:9) [EFX-0677]
INFO     : ... Memory 'mem' is not initialized, assuming empty initial contents. (D:\house-1\9.25.1_ding_Ti60F225_Canny_Face_Parallel\src\parallel\video_delay.v:9) [EFX-0677]
INFO     : ... Memory 'cell_sum' is not initialized, assuming empty initial contents. (D:\house-1\9.25.1_ding_Ti60F225_Canny_Face_Parallel\src\parallel\face_grid_regions.v:26) [EFX-0677]
INFO     : ... Memory 'grid' is not initialized, assuming empty initial contents. (D:\house-1\9.25.1_ding_Ti60F225_Canny_Face_Parallel\src\parallel\face_grid_regions.v:37) [EFX-0677]
INFO     : ... Memory 'queue' is not initialized, assuming empty initial contents. (D:\house-1\9.25.1_ding_Ti60F225_Canny_Face_Parallel\src\parallel\face_grid_regions.v:53) [EFX-0677]
INFO     : ... Pre-synthesis checks end (Real time : 0s)
INFO     : ... NameSpace init begin
INFO     : ... NameSpace init end (Real time : 0s)
INFO     : ... Mapping design "example_top"
INFO     : ... Hierarchical pre-synthesis "Ddr_Ctrl_Sc_Fifo_f9db9b463f784e0ead4594b0b8e61d81(DATA_WIDTH=8,DATA_DEPTH=32)" begin
INFO     : ... Hierarchical pre-synthesis "Ddr_Ctrl_Sc_Fifo_f9db9b463f784e0ead4594b0b8e61d81(DATA_WIDTH=8,DATA_DEPTH=32)" end (Real time : 0s)
INFO     : ... Hierarchical pre-synthesis "Ddr_Ctrl_Sc_Fifo_f9db9b463f784e0ead4594b0b8e61d81(DATA_DEPTH=32)" begin
INFO     : ... Hierarchical pre-synthesis "Ddr_Ctrl_Sc_Fifo_f9db9b463f784e0ead4594b0b8e61d81(DATA_DEPTH=32)" end (Real time : 0s)
INFO     : ... Hierarchical pre-synthesis "Ddr_Ctrl_Sc_Fifo_f9db9b463f784e0ead4594b0b8e61d81(DATA_WIDTH=48,DATA_DEPTH=32)" begin
INFO     : ... Hierarchical pre-synthesis "Ddr_Ctrl_Sc_Fifo_f9db9b463f784e0ead4594b0b8e61d81(DATA_WIDTH=48,DATA_DEPTH=32)" end (Real time : 0s)
INFO     : ... Hierarchical pre-synthesis "native_mux_f9db9b463f784e0ead4594b0b8e61d81" begin
INFO     : ... Hierarchical pre-synthesis "native_mux_f9db9b463f784e0ead4594b0b8e61d81" end (Real time : 0s)
INFO     : ... Hierarchical pre-synthesis "reset_sub_f9db9b463f784e0ead4594b0b8e61d81(OUT_RST_ACTIVE="LOW",CYCLE=4)" begin
INFO     : ... Hierarchical pre-synthesis "reset_sub_f9db9b463f784e0ead4594b0b8e61d81(OUT_RST_ACTIVE="LOW",CYCLE=4)" end (Real time : 0s)
INFO     : ... Hierarchical pre-synthesis "reset_ctrl_f9db9b463f784e0ead4594b0b8e61d81(NUM_RST=4,CYCLE=4,IN_RST_ACTIVE=4'b0,OUT_RST_ACTIVE=4'b0)" begin
INFO     : ... Hierarchical pre-synthesis "reset_ctrl_f9db9b463f784e0ead4594b0b8e61d81(NUM_RST=4,CYCLE=4,IN_RST_ACTIVE=4'b0,OUT_RST_ACTIVE=4'b0)" end (Real time : 0s)
INFO     : ... Hierarchical pre-synthesis "reset_ctrl_f9db9b463f784e0ead4594b0b8e61d81(CYCLE=4,IN_RST_ACTIVE=4'b0,OUT_RST_ACTIVE=4'b0)" begin
INFO     : ... Hierarchical pre-synthesis "reset_ctrl_f9db9b463f784e0ead4594b0b8e61d81(CYCLE=4,IN_RST_ACTIVE=4'b0,OUT_RST_ACTIVE=4'b0)" end (Real time : 0s)
INFO     : ... Hierarchical pre-synthesis "buffercc_f9db9b463f784e0ead4594b0b8e61d81" begin
INFO     : ... Hierarchical pre-synthesis "buffercc_f9db9b463f784e0ead4594b0b8e61d81" end (Real time : 0s)
INFO     : ... Hierarchical pre-synthesis "buffercc_1_f9db9b463f784e0ead4594b0b8e61d81" begin
INFO     : ... Hierarchical pre-synthesis "buffercc_1_f9db9b463f784e0ead4594b0b8e61d81" end (Real time : 0s)
INFO     : ... Hierarchical pre-synthesis "streamfifocc64_f9db9b463f784e0ead4594b0b8e61d81(DATA_WIDTH=32)" begin
INFO     : ... Hierarchical pre-synthesis "streamfifocc64_f9db9b463f784e0ead4594b0b8e61d81(DATA_WIDTH=32)" end (Real time : 0s)
INFO     : ... Hierarchical pre-synthesis "streamfifocc64_f9db9b463f784e0ead4594b0b8e61d81(DATA_WIDTH=144)" begin
INFO     : ... Hierarchical pre-synthesis "streamfifocc64_f9db9b463f784e0ead4594b0b8e61d81(DATA_WIDTH=144)" end (Real time : 0s)
INFO     : ... Hierarchical pre-synthesis "streamfifocc64_f9db9b463f784e0ead4594b0b8e61d81(DATA_WIDTH=1)" begin
INFO     : ... Hierarchical pre-synthesis "streamfifocc64_f9db9b463f784e0ead4594b0b8e61d81(DATA_WIDTH=1)" end (Real time : 0s)
INFO     : ... Hierarchical pre-synthesis "efx_fifo_ram_f9db9b463f784e0ead4594b0b8e61d81(FAMILY="TITANIUM",WR_DEPTH=64,RD_DEPTH=64,WDATA_WIDTH=128,RDATA_WIDTH=128,WADDR_WIDTH=6,RADDR_WIDTH=6,RAM_MUX_RATIO=1)" begin
INFO     : ... Hierarchical pre-synthesis "efx_fifo_ram_f9db9b463f784e0ead4594b0b8e61d81(FAMILY="TITANIUM",WR_DEPTH=64,RD_DEPTH=64,WDATA_WIDTH=128,RDATA_WIDTH=128,WADDR_WIDTH=6,RADDR_WIDTH=6,RAM_MUX_RATIO=1)" end (Real time : 0s)
INFO     : ... Hierarchical pre-synthesis "efx_fifo_bin2gray_f9db9b463f784e0ead4594b0b8e61d81(WIDTH=7)" begin
INFO     : ... Hierarchical pre-synthesis "efx_fifo_bin2gray_f9db9b463f784e0ead4594b0b8e61d81(WIDTH=7)" end (Real time : 0s)
INFO     : ... Hierarchical pre-synthesis "efx_asyncreg_f9db9b463f784e0ead4594b0b8e61d81(WIDTH=7,ACTIVE_LOW=0)" begin
INFO     : ... Hierarchical pre-synthesis "efx_asyncreg_f9db9b463f784e0ead4594b0b8e61d81(WIDTH=7,ACTIVE_LOW=0)" end (Real time : 0s)
INFO     : ... Hierarchical pre-synthesis "efx_fifo_gray2bin_f9db9b463f784e0ead4594b0b8e61d81(WIDTH=2)" begin
INFO     : ... Hierarchical pre-synthesis "efx_fifo_gray2bin_f9db9b463f784e0ead4594b0b8e61d81(WIDTH=2)" end (Real time : 0s)
INFO     : ... Hierarchical pre-synthesis "efx_fifo_gray2bin_f9db9b463f784e0ead4594b0b8e61d81(WIDTH=3)" begin
INFO     : ... Hierarchical pre-synthesis "efx_fifo_gray2bin_f9db9b463f784e0ead4594b0b8e61d81(WIDTH=3)" end (Real time : 0s)
INFO     : ... Hierarchical pre-synthesis "efx_fifo_gray2bin_f9db9b463f784e0ead4594b0b8e61d81(WIDTH=4)" begin
INFO     : ... Hierarchical pre-synthesis "efx_fifo_gray2bin_f9db9b463f784e0ead4594b0b8e61d81(WIDTH=4)" end (Real time : 0s)
INFO     : ... Hierarchical pre-synthesis "efx_fifo_gray2bin_f9db9b463f784e0ead4594b0b8e61d81" begin
INFO     : ... Hierarchical pre-synthesis "efx_fifo_gray2bin_f9db9b463f784e0ead4594b0b8e61d81" end (Real time : 0s)
INFO     : ... Hierarchical pre-synthesis "efx_fifo_gray2bin_f9db9b463f784e0ead4594b0b8e61d81(WIDTH=6)" begin
INFO     : ... Hierarchical pre-synthesis "efx_fifo_gray2bin_f9db9b463f784e0ead4594b0b8e61d81(WIDTH=6)" end (Real time : 0s)
INFO     : ... Hierarchical pre-synthesis "efx_fifo_gray2bin_f9db9b463f784e0ead4594b0b8e61d81(WIDTH=7)" begin
INFO     : ... Hierarchical pre-synthesis "efx_fifo_gray2bin_f9db9b463f784e0ead4594b0b8e61d81(WIDTH=7)" end (Real time : 0s)
INFO     : ... Hierarchical pre-synthesis "efx_fifo_ctl_f9db9b463f784e0ead4594b0b8e61d81(SYNC_CLK=0,MODE="FWFT",WR_DEPTH=64,WADDR_WIDTH=6,RADDR_WIDTH=6,PROG_FULL_ASSERT=33,PROG_FULL_NEGATE=33,PROG_EMPTY_NEGATE=2,OUTPUT_REG=1,OVERFLOW_PROTECT=1,UNDERFLOW_PROTECT=1)" begin
INFO     : ... Hierarchical pre-synthesis "efx_fifo_ctl_f9db9b463f784e0ead4594b0b8e61d81(SYNC_CLK=0,MODE="FWFT",WR_DEPTH=64,WADDR_WIDTH=6,RADDR_WIDTH=6,PROG_FULL_ASSERT=33,PROG_FULL_NEGATE=33,PROG_EMPTY_NEGATE=2,OUTPUT_REG=1,OVERFLOW_PROTECT=1,UNDERFLOW_PROTECT=1)" end (Real time : 0s)
INFO     : ... Hierarchical pre-synthesis "efx_fifo_top_f9db9b463f784e0ead4594b0b8e61d81(FAMILY="TITANIUM",BYPASS_RESET_SYNC=1,MODE="FWFT",DEPTH=64,DATA_WIDTH=128,OUTPUT_REG=1,PROGRAMMABLE_FULL="NONE",PROG_FULL_ASSERT=33,PROG_FULL_NEGATE=33,PROGRAMMABLE_EMPTY="NONE",PROG_EMPTY_ASSERT=0,PROG_EMPTY_NEGATE=2)" begin
INFO     : ... Hierarchical pre-synthesis "efx_fifo_top_f9db9b463f784e0ead4594b0b8e61d81(FAMILY="TITANIUM",BYPASS_RESET_SYNC=1,MODE="FWFT",DEPTH=64,DATA_WIDTH=128,OUTPUT_REG=1,PROGRAMMABLE_FULL="NONE",PROG_FULL_ASSERT=33,PROG_FULL_NEGATE=33,PROGRAMMABLE_EMPTY="NONE",PROG_EMPTY_ASSERT=0,PROG_EMPTY_NEGATE=2)" end (Real time : 0s)
INFO     : ... Hierarchical pre-synthesis "streamfifocc64_f9db9b463f784e0ead4594b0b8e61d81(DATA_WIDTH=2)" begin
INFO     : ... Hierarchical pre-synthesis "streamfifocc64_f9db9b463f784e0ead4594b0b8e61d81(DATA_WIDTH=2)" end (Real time : 0s)
INFO     : ... Hierarchical pre-synthesis "streamfifocc64_f9db9b463f784e0ead4594b0b8e61d81(DATA_WIDTH=52)" begin
INFO     : ... Hierarchical pre-synthesis "streamfifocc64_f9db9b463f784e0ead4594b0b8e61d81(DATA_WIDTH=52)" end (Real time : 0s)
INFO     : ... Hierarchical pre-synthesis "efx_fifo_ram_f9db9b463f784e0ead4594b0b8e61d81(FAMILY="TITANIUM",WR_DEPTH=64,RD_DEPTH=64,WDATA_WIDTH=1,RDATA_WIDTH=1,WADDR_WIDTH=6,RADDR_WIDTH=6,RAM_MUX_RATIO=1)" begin
INFO     : ... Hierarchical pre-synthesis "efx_fifo_ram_f9db9b463f784e0ead4594b0b8e61d81(FAMILY="TITANIUM",WR_DEPTH=64,RD_DEPTH=64,WDATA_WIDTH=1,RDATA_WIDTH=1,WADDR_WIDTH=6,RADDR_WIDTH=6,RAM_MUX_RATIO=1)" end (Real time : 0s)
INFO     : ... Hierarchical pre-synthesis "efx_fifo_ctl_f9db9b463f784e0ead4594b0b8e61d81(SYNC_CLK=0,WR_DEPTH=64,WADDR_WIDTH=6,RADDR_WIDTH=6,PIPELINE_REG=0,ALMOST_FLAG=0,PROG_FULL_ASSERT=62,PROG_FULL_NEGATE=62,PROG_EMPTY_NEGATE=2,OUTPUT_REG=1,HANDSHAKE_FLAG=0,OVERFLOW_PROTECT=1,UNDERFLOW_PROTECT=1)" begin
INFO     : ... Hierarchical pre-synthesis "efx_fifo_ctl_f9db9b463f784e0ead4594b0b8e61d81(SYNC_CLK=0,WR_DEPTH=64,WADDR_WIDTH=6,RADDR_WIDTH=6,PIPELINE_REG=0,ALMOST_FLAG=0,PROG_FULL_ASSERT=62,PROG_FULL_NEGATE=62,PROG_EMPTY_NEGATE=2,OUTPUT_REG=1,HANDSHAKE_FLAG=0,OVERFLOW_PROTECT=1,UNDERFLOW_PROTECT=1)" end (Real time : 0s)
INFO     : ... Hierarchical pre-synthesis "efx_fifo_top_f9db9b463f784e0ead4594b0b8e61d81(FAMILY="TITANIUM",BYPASS_RESET_SYNC=1,DEPTH=64,DATA_WIDTH=1,PIPELINE_REG=0,OPTIONAL_FLAGS=0,OUTPUT_REG=1,PROGRAMMABLE_FULL="NONE",PROG_FULL_ASSERT=62,PROG_FULL_NEGATE=62,PROGRAMMABLE_EMPTY="NONE",PROG_EMPTY_ASSERT=0,PROG_EMPTY_NEGATE=2)" begin
INFO     : ... Hierarchical pre-synthesis "efx_fifo_top_f9db9b463f784e0ead4594b0b8e61d81(FAMILY="TITANIUM",BYPASS_RESET_SYNC=1,DEPTH=64,DATA_WIDTH=1,PIPELINE_REG=0,OPTIONAL_FLAGS=0,OUTPUT_REG=1,PROGRAMMABLE_FULL="NONE",PROG_FULL_ASSERT=62,PROG_FULL_NEGATE=62,PROGRAMMABLE_EMPTY="NONE",PROG_EMPTY_ASSERT=0,PROG_EMPTY_NEGATE=2)" end (Real time : 0s)
INFO     : ... Hierarchical pre-synthesis "bram_wrapper_fifo_f9db9b463f784e0ead4594b0b8e61d81" begin
INFO     : ... Hierarchical pre-synthesis "bram_wrapper_fifo_f9db9b463f784e0ead4594b0b8e61d81" end (Real time : 0s)
INFO     : ... Hierarchical pre-synthesis "user_dual_port_ram_f9db9b463f784e0ead4594b0b8e61d81(DATA_WIDTH=72,OUTPUT_REG="FALSE",RAM_INIT_FILE="ddr3_controller.bin")" begin
INFO     : ... Hierarchical pre-synthesis "user_dual_port_ram_f9db9b463f784e0ead4594b0b8e61d81(DATA_WIDTH=72,OUTPUT_REG="FALSE",RAM_INIT_FILE="ddr3_controller.bin")" end (Real time : 0s)
INFO     : ... Hierarchical pre-synthesis "ddr_3_controller_f9db9b463f784e0ead4594b0b8e61d81" begin
INFO     : ... Hierarchical pre-synthesis "ddr_3_controller_f9db9b463f784e0ead4594b0b8e61d81" end (Real time : 0s)
INFO     : ... Hierarchical pre-synthesis "controller_top_f9db9b463f784e0ead4594b0b8e61d81" begin
INFO     : ... Hierarchical pre-synthesis "controller_top_f9db9b463f784e0ead4594b0b8e61d81" end (Real time : 0s)
INFO     : ... Hierarchical pre-synthesis "reset_sub_f9db9b463f784e0ead4594b0b8e61d81(OUT_RST_ACTIVE="LOW",CYCLE=5)" begin
INFO     : ... Hierarchical pre-synthesis "reset_sub_f9db9b463f784e0ead4594b0b8e61d81(OUT_RST_ACTIVE="LOW",CYCLE=5)" end (Real time : 0s)
INFO     : ... Hierarchical pre-synthesis "reset_ctrl_f9db9b463f784e0ead4594b0b8e61d81(NUM_RST=2,CYCLE=5,IN_RST_ACTIVE=2'b0,OUT_RST_ACTIVE=2'b0)" begin
INFO     : ... Hierarchical pre-synthesis "reset_ctrl_f9db9b463f784e0ead4594b0b8e61d81(NUM_RST=2,CYCLE=5,IN_RST_ACTIVE=2'b0,OUT_RST_ACTIVE=2'b0)" end (Real time : 0s)
INFO     : ... Hierarchical pre-synthesis "phase_shift_f9db9b463f784e0ead4594b0b8e61d81" begin
INFO     : ... Hierarchical pre-synthesis "phase_shift_f9db9b463f784e0ead4594b0b8e61d81" end (Real time : 0s)
INFO     : ... Hierarchical pre-synthesis "top_f9db9b463f784e0ead4594b0b8e61d81" begin
INFO     : ... Hierarchical pre-synthesis "top_f9db9b463f784e0ead4594b0b8e61d81" end (Real time : 0s)
INFO     : ... Hierarchical pre-synthesis "efx_ddr3_axi_f9db9b463f784e0ead4594b0b8e61d81" begin
INFO     : ... Hierarchical pre-synthesis "efx_ddr3_axi_f9db9b463f784e0ead4594b0b8e61d81" end (Real time : 1s)
INFO     : ... Hierarchical pre-synthesis "efx_ddr3_soft_controller_f9db9b463f784e0ead4594b0b8e61d81" begin
INFO     : ... Hierarchical pre-synthesis "efx_ddr3_soft_controller_f9db9b463f784e0ead4594b0b8e61d81" end (Real time : 0s)
INFO     : ... Hierarchical pre-synthesis "DdrCtrl" begin
INFO     : ... Hierarchical pre-synthesis "DdrCtrl" end (Real time : 0s)
INFO     : ... Hierarchical pre-synthesis "AXI4_AWARMux(AID_LEN=4)" begin
INFO     : ... Hierarchical pre-synthesis "AXI4_AWARMux(AID_LEN=4)" end (Real time : 0s)
INFO     : ... Hierarchical pre-synthesis "i2c_timing_ctrl_16bit(CLK_FREQ=96000000,I2C_FREQ=50000)" begin
INFO     : ... Hierarchical pre-synthesis "i2c_timing_ctrl_16bit(CLK_FREQ=96000000,I2C_FREQ=50000)" end (Real time : 0s)
INFO     : ... Hierarchical pre-synthesis "I2C_OV5640_1280720_Config" begin
INFO     : ... Wide MUX mapping to ram-net, output: 'LUT_DATA' select size : 8 output width: 24
INFO     : ... Hierarchical pre-synthesis "I2C_OV5640_1280720_Config" end (Real time : 0s)
INFO     : ... Hierarchical pre-synthesis "Sensor_Image_XYCrop(IMAGE_HSIZE_SOURCE=2560,IMAGE_VSIZE_SOURCE=720,IMAGE_HSIZE_TARGET=2560,IMAGE_YSIZE_TARGET=720,PIXEL_DATA_WIDTH=8)" begin
INFO     : ... Hierarchical pre-synthesis "Sensor_Image_XYCrop(IMAGE_HSIZE_SOURCE=2560,IMAGE_VSIZE_SOURCE=720,IMAGE_HSIZE_TARGET=2560,IMAGE_YSIZE_TARGET=720,PIXEL_DATA_WIDTH=8)" end (Real time : 0s)
INFO     : ... Hierarchical pre-synthesis "button_press" begin
INFO     : ... Hierarchical pre-synthesis "button_press" end (Real time : 0s)
INFO     : ... Hierarchical pre-synthesis "frame_buffer_select" begin
INFO     : ... Hierarchical pre-synthesis "frame_buffer_select" end (Real time : 0s)
INFO     : ... Hierarchical pre-synthesis "efx_asyncreg_e28a7d4c8cc34a9cb9a97c74b3f9b99f(WIDTH=1,ACTIVE_LOW=0,RST_VALUE=1)" begin
INFO     : ... Hierarchical pre-synthesis "efx_asyncreg_e28a7d4c8cc34a9cb9a97c74b3f9b99f(WIDTH=1,ACTIVE_LOW=0,RST_VALUE=1)" end (Real time : 0s)
INFO     : ... Hierarchical pre-synthesis "efx_resetsync_e28a7d4c8cc34a9cb9a97c74b3f9b99f(ACTIVE_LOW=0)" begin
INFO     : ... Hierarchical pre-synthesis "efx_resetsync_e28a7d4c8cc34a9cb9a97c74b3f9b99f(ACTIVE_LOW=0)" end (Real time : 0s)
INFO     : ... Hierarchical pre-synthesis "efx_fifo_ram_e28a7d4c8cc34a9cb9a97c74b3f9b99f(FAMILY="TITANIUM",WR_DEPTH=8192,RDATA_WIDTH=128,WADDR_WIDTH=13,OUTPUT_REG=0,RAM_MUX_RATIO=16)" begin
INFO     : ... Hierarchical pre-synthesis "efx_fifo_ram_e28a7d4c8cc34a9cb9a97c74b3f9b99f(FAMILY="TITANIUM",WR_DEPTH=8192,RDATA_WIDTH=128,WADDR_WIDTH=13,OUTPUT_REG=0,RAM_MUX_RATIO=16)" end (Real time : 0s)
INFO     : ... Hierarchical pre-synthesis "efx_fifo_bin2gray_e28a7d4c8cc34a9cb9a97c74b3f9b99f(WIDTH=10)" begin
INFO     : ... Hierarchical pre-synthesis "efx_fifo_bin2gray_e28a7d4c8cc34a9cb9a97c74b3f9b99f(WIDTH=10)" end (Real time : 0s)
INFO     : ... Hierarchical pre-synthesis "efx_asyncreg_e28a7d4c8cc34a9cb9a97c74b3f9b99f(ASYNC_STAGE=3,WIDTH=10,ACTIVE_LOW=0)" begin
INFO     : ... Hierarchical pre-synthesis "efx_asyncreg_e28a7d4c8cc34a9cb9a97c74b3f9b99f(ASYNC_STAGE=3,WIDTH=10,ACTIVE_LOW=0)" end (Real time : 0s)
INFO     : ... Hierarchical pre-synthesis "efx_fifo_gray2bin_e28a7d4c8cc34a9cb9a97c74b3f9b99f(WIDTH=2)" begin
INFO     : ... Hierarchical pre-synthesis "efx_fifo_gray2bin_e28a7d4c8cc34a9cb9a97c74b3f9b99f(WIDTH=2)" end (Real time : 0s)
INFO     : ... Hierarchical pre-synthesis "efx_fifo_gray2bin_e28a7d4c8cc34a9cb9a97c74b3f9b99f(WIDTH=3)" begin
INFO     : ... Hierarchical pre-synthesis "efx_fifo_gray2bin_e28a7d4c8cc34a9cb9a97c74b3f9b99f(WIDTH=3)" end (Real time : 0s)
INFO     : ... Hierarchical pre-synthesis "efx_fifo_gray2bin_e28a7d4c8cc34a9cb9a97c74b3f9b99f(WIDTH=4)" begin
INFO     : ... Hierarchical pre-synthesis "efx_fifo_gray2bin_e28a7d4c8cc34a9cb9a97c74b3f9b99f(WIDTH=4)" end (Real time : 0s)
INFO     : ... Hierarchical pre-synthesis "efx_fifo_gray2bin_e28a7d4c8cc34a9cb9a97c74b3f9b99f" begin
INFO     : ... Hierarchical pre-synthesis "efx_fifo_gray2bin_e28a7d4c8cc34a9cb9a97c74b3f9b99f" end (Real time : 0s)
INFO     : ... Hierarchical pre-synthesis "efx_fifo_gray2bin_e28a7d4c8cc34a9cb9a97c74b3f9b99f(WIDTH=6)" begin
INFO     : ... Hierarchical pre-synthesis "efx_fifo_gray2bin_e28a7d4c8cc34a9cb9a97c74b3f9b99f(WIDTH=6)" end (Real time : 0s)
INFO     : ... Hierarchical pre-synthesis "efx_fifo_gray2bin_e28a7d4c8cc34a9cb9a97c74b3f9b99f(WIDTH=7)" begin
INFO     : ... Hierarchical pre-synthesis "efx_fifo_gray2bin_e28a7d4c8cc34a9cb9a97c74b3f9b99f(WIDTH=7)" end (Real time : 0s)
INFO     : ... Hierarchical pre-synthesis "efx_fifo_gray2bin_e28a7d4c8cc34a9cb9a97c74b3f9b99f(WIDTH=8)" begin
INFO     : ... Hierarchical pre-synthesis "efx_fifo_gray2bin_e28a7d4c8cc34a9cb9a97c74b3f9b99f(WIDTH=8)" end (Real time : 0s)
INFO     : ... Hierarchical pre-synthesis "efx_fifo_gray2bin_e28a7d4c8cc34a9cb9a97c74b3f9b99f(WIDTH=9)" begin
INFO     : ... Hierarchical pre-synthesis "efx_fifo_gray2bin_e28a7d4c8cc34a9cb9a97c74b3f9b99f(WIDTH=9)" end (Real time : 0s)
INFO     : ... Hierarchical pre-synthesis "efx_fifo_gray2bin_e28a7d4c8cc34a9cb9a97c74b3f9b99f(WIDTH=10)" begin
INFO     : ... Hierarchical pre-synthesis "efx_fifo_gray2bin_e28a7d4c8cc34a9cb9a97c74b3f9b99f(WIDTH=10)" end (Real time : 0s)
INFO     : ... Hierarchical pre-synthesis "efx_fifo_bin2gray_e28a7d4c8cc34a9cb9a97c74b3f9b99f(WIDTH=14)" begin
INFO     : ... Hierarchical pre-synthesis "efx_fifo_bin2gray_e28a7d4c8cc34a9cb9a97c74b3f9b99f(WIDTH=14)" end (Real time : 0s)
INFO     : ... Hierarchical pre-synthesis "efx_asyncreg_e28a7d4c8cc34a9cb9a97c74b3f9b99f(ASYNC_STAGE=3,WIDTH=14,ACTIVE_LOW=0)" begin
INFO     : ... Hierarchical pre-synthesis "efx_asyncreg_e28a7d4c8cc34a9cb9a97c74b3f9b99f(ASYNC_STAGE=3,WIDTH=14,ACTIVE_LOW=0)" end (Real time : 0s)
INFO     : ... Hierarchical pre-synthesis "efx_fifo_gray2bin_e28a7d4c8cc34a9cb9a97c74b3f9b99f(WIDTH=11)" begin
INFO     : ... Hierarchical pre-synthesis "efx_fifo_gray2bin_e28a7d4c8cc34a9cb9a97c74b3f9b99f(WIDTH=11)" end (Real time : 0s)
INFO     : ... Hierarchical pre-synthesis "efx_fifo_gray2bin_e28a7d4c8cc34a9cb9a97c74b3f9b99f(WIDTH=12)" begin
INFO     : ... Hierarchical pre-synthesis "efx_fifo_gray2bin_e28a7d4c8cc34a9cb9a97c74b3f9b99f(WIDTH=12)" end (Real time : 0s)
INFO     : ... Hierarchical pre-synthesis "efx_fifo_gray2bin_e28a7d4c8cc34a9cb9a97c74b3f9b99f(WIDTH=13)" begin
INFO     : ... Hierarchical pre-synthesis "efx_fifo_gray2bin_e28a7d4c8cc34a9cb9a97c74b3f9b99f(WIDTH=13)" end (Real time : 0s)
INFO     : ... Hierarchical pre-synthesis "efx_fifo_gray2bin_e28a7d4c8cc34a9cb9a97c74b3f9b99f(WIDTH=14)" begin
INFO     : ... Hierarchical pre-synthesis "efx_fifo_gray2bin_e28a7d4c8cc34a9cb9a97c74b3f9b99f(WIDTH=14)" end (Real time : 0s)
INFO     : ... Hierarchical pre-synthesis "efx_fifo_ctl_e28a7d4c8cc34a9cb9a97c74b3f9b99f(SYNC_CLK=0,SYNC_STAGE=3,MODE="FWFT",WR_DEPTH=8192,WADDR_WIDTH=13,ASYM_WIDTH_RATIO=8,RAM_MUX_RATIO=16,PROG_FULL_ASSERT=128,PROG_FULL_NEGATE=128,PROGRAMMABLE_EMPTY="STATIC_SINGLE",PROG_EMPTY_ASSERT=127,PROG_EMPTY_NEGATE=128,OVERFLOW_PROTECT=1,UNDERFLOW_PROTECT=1)" begin
INFO     : ... Hierarchical pre-synthesis "efx_fifo_ctl_e28a7d4c8cc34a9cb9a97c74b3f9b99f(SYNC_CLK=0,SYNC_STAGE=3,MODE="FWFT",WR_DEPTH=8192,WADDR_WIDTH=13,ASYM_WIDTH_RATIO=8,RAM_MUX_RATIO=16,PROG_FULL_ASSERT=128,PROG_FULL_NEGATE=128,PROGRAMMABLE_EMPTY="STATIC_SINGLE",PROG_EMPTY_ASSERT=127,PROG_EMPTY_NEGATE=128,OVERFLOW_PROTECT=1,UNDERFLOW_PROTECT=1)" end (Real time : 0s)
INFO     : ... Hierarchical pre-synthesis "efx_fifo_top_e28a7d4c8cc34a9cb9a97c74b3f9b99f(FAMILY="TITANIUM",SYNC_STAGE=3,MODE="FWFT",DEPTH=8192,DATA_WIDTH=8,PROGRAMMABLE_FULL="NONE",PROG_FULL_ASSERT=128,PROG_FULL_NEGATE=128,PROGRAMMABLE_EMPTY="STATIC_SINGLE",PROG_EMPTY_ASSERT=127,PROG_EMPTY_NEGATE=128,ASYM_WIDTH_RATIO=8)" begin
INFO     : ... Hierarchical pre-synthesis "efx_fifo_top_e28a7d4c8cc34a9cb9a97c74b3f9b99f(FAMILY="TITANIUM",SYNC_STAGE=3,MODE="FWFT",DEPTH=8192,DATA_WIDTH=8,PROGRAMMABLE_FULL="NONE",PROG_FULL_ASSERT=128,PROG_FULL_NEGATE=128,PROGRAMMABLE_EMPTY="STATIC_SINGLE",PROG_EMPTY_ASSERT=127,PROG_EMPTY_NEGATE=128,ASYM_WIDTH_RATIO=8)" end (Real time : 0s)
INFO     : ... Hierarchical pre-synthesis "W0_FIFO_8" begin
INFO     : ... Hierarchical pre-synthesis "W0_FIFO_8" end (Real time : 0s)
INFO     : ... Hierarchical pre-synthesis "efx_asyncreg_6027459dad3e4cdabe6337b18ba70805(WIDTH=1,ACTIVE_LOW=0,RST_VALUE=1)" begin
INFO     : ... Hierarchical pre-synthesis "efx_asyncreg_6027459dad3e4cdabe6337b18ba70805(WIDTH=1,ACTIVE_LOW=0,RST_VALUE=1)" end (Real time : 0s)
INFO     : ... Hierarchical pre-synthesis "efx_resetsync_6027459dad3e4cdabe6337b18ba70805(ACTIVE_LOW=0)" begin
INFO     : ... Hierarchical pre-synthesis "efx_resetsync_6027459dad3e4cdabe6337b18ba70805(ACTIVE_LOW=0)" end (Real time : 0s)
INFO     : ... Hierarchical pre-synthesis "efx_fifo_ram_6027459dad3e4cdabe6337b18ba70805(FAMILY="TITANIUM",RD_DEPTH=4096,WDATA_WIDTH=128,RDATA_WIDTH=16,RADDR_WIDTH=12,OUTPUT_REG=0,RAM_MUX_RATIO=8)" begin
INFO     : ... Hierarchical pre-synthesis "efx_fifo_ram_6027459dad3e4cdabe6337b18ba70805(FAMILY="TITANIUM",RD_DEPTH=4096,WDATA_WIDTH=128,RDATA_WIDTH=16,RADDR_WIDTH=12,OUTPUT_REG=0,RAM_MUX_RATIO=8)" end (Real time : 0s)
INFO     : ... Hierarchical pre-synthesis "efx_fifo_bin2gray_6027459dad3e4cdabe6337b18ba70805(WIDTH=13)" begin
INFO     : ... Hierarchical pre-synthesis "efx_fifo_bin2gray_6027459dad3e4cdabe6337b18ba70805(WIDTH=13)" end (Real time : 0s)
INFO     : ... Hierarchical pre-synthesis "efx_asyncreg_6027459dad3e4cdabe6337b18ba70805(ASYNC_STAGE=3,WIDTH=13,ACTIVE_LOW=0)" begin
INFO     : ... Hierarchical pre-synthesis "efx_asyncreg_6027459dad3e4cdabe6337b18ba70805(ASYNC_STAGE=3,WIDTH=13,ACTIVE_LOW=0)" end (Real time : 0s)
INFO     : ... Hierarchical pre-synthesis "efx_fifo_gray2bin_6027459dad3e4cdabe6337b18ba70805(WIDTH=2)" begin
INFO     : ... Hierarchical pre-synthesis "efx_fifo_gray2bin_6027459dad3e4cdabe6337b18ba70805(WIDTH=2)" end (Real time : 0s)
INFO     : ... Hierarchical pre-synthesis "efx_fifo_gray2bin_6027459dad3e4cdabe6337b18ba70805(WIDTH=3)" begin
INFO     : ... Hierarchical pre-synthesis "efx_fifo_gray2bin_6027459dad3e4cdabe6337b18ba70805(WIDTH=3)" end (Real time : 0s)
INFO     : ... Hierarchical pre-synthesis "efx_fifo_gray2bin_6027459dad3e4cdabe6337b18ba70805(WIDTH=4)" begin
INFO     : ... Hierarchical pre-synthesis "efx_fifo_gray2bin_6027459dad3e4cdabe6337b18ba70805(WIDTH=4)" end (Real time : 0s)
INFO     : ... Hierarchical pre-synthesis "efx_fifo_gray2bin_6027459dad3e4cdabe6337b18ba70805" begin
INFO     : ... Hierarchical pre-synthesis "efx_fifo_gray2bin_6027459dad3e4cdabe6337b18ba70805" end (Real time : 0s)
INFO     : ... Hierarchical pre-synthesis "efx_fifo_gray2bin_6027459dad3e4cdabe6337b18ba70805(WIDTH=6)" begin
INFO     : ... Hierarchical pre-synthesis "efx_fifo_gray2bin_6027459dad3e4cdabe6337b18ba70805(WIDTH=6)" end (Real time : 0s)
INFO     : ... Hierarchical pre-synthesis "efx_fifo_gray2bin_6027459dad3e4cdabe6337b18ba70805(WIDTH=7)" begin
INFO     : ... Hierarchical pre-synthesis "efx_fifo_gray2bin_6027459dad3e4cdabe6337b18ba70805(WIDTH=7)" end (Real time : 0s)
INFO     : ... Hierarchical pre-synthesis "efx_fifo_gray2bin_6027459dad3e4cdabe6337b18ba70805(WIDTH=8)" begin
INFO     : ... Hierarchical pre-synthesis "efx_fifo_gray2bin_6027459dad3e4cdabe6337b18ba70805(WIDTH=8)" end (Real time : 0s)
INFO     : ... Hierarchical pre-synthesis "efx_fifo_gray2bin_6027459dad3e4cdabe6337b18ba70805(WIDTH=9)" begin
INFO     : ... Hierarchical pre-synthesis "efx_fifo_gray2bin_6027459dad3e4cdabe6337b18ba70805(WIDTH=9)" end (Real time : 0s)
INFO     : ... Hierarchical pre-synthesis "efx_fifo_gray2bin_6027459dad3e4cdabe6337b18ba70805(WIDTH=10)" begin
INFO     : ... Hierarchical pre-synthesis "efx_fifo_gray2bin_6027459dad3e4cdabe6337b18ba70805(WIDTH=10)" end (Real time : 0s)
INFO     : ... Hierarchical pre-synthesis "efx_fifo_gray2bin_6027459dad3e4cdabe6337b18ba70805(WIDTH=11)" begin
INFO     : ... Hierarchical pre-synthesis "efx_fifo_gray2bin_6027459dad3e4cdabe6337b18ba70805(WIDTH=11)" end (Real time : 0s)
INFO     : ... Hierarchical pre-synthesis "efx_fifo_gray2bin_6027459dad3e4cdabe6337b18ba70805(WIDTH=12)" begin
INFO     : ... Hierarchical pre-synthesis "efx_fifo_gray2bin_6027459dad3e4cdabe6337b18ba70805(WIDTH=12)" end (Real time : 0s)
INFO     : ... Hierarchical pre-synthesis "efx_fifo_gray2bin_6027459dad3e4cdabe6337b18ba70805(WIDTH=13)" begin
INFO     : ... Hierarchical pre-synthesis "efx_fifo_gray2bin_6027459dad3e4cdabe6337b18ba70805(WIDTH=13)" end (Real time : 0s)
INFO     : ... Hierarchical pre-synthesis "efx_fifo_bin2gray_6027459dad3e4cdabe6337b18ba70805(WIDTH=10)" begin
INFO     : ... Hierarchical pre-synthesis "efx_fifo_bin2gray_6027459dad3e4cdabe6337b18ba70805(WIDTH=10)" end (Real time : 0s)
INFO     : ... Hierarchical pre-synthesis "efx_asyncreg_6027459dad3e4cdabe6337b18ba70805(ASYNC_STAGE=3,WIDTH=10,ACTIVE_LOW=0)" begin
INFO     : ... Hierarchical pre-synthesis "efx_asyncreg_6027459dad3e4cdabe6337b18ba70805(ASYNC_STAGE=3,WIDTH=10,ACTIVE_LOW=0)" end (Real time : 0s)
INFO     : ... Hierarchical pre-synthesis "efx_fifo_ctl_6027459dad3e4cdabe6337b18ba70805(SYNC_CLK=0,SYNC_STAGE=3,MODE="FWFT",RADDR_WIDTH=12,ASYM_WIDTH_RATIO=1,RAM_MUX_RATIO=8,PROGRAMMABLE_FULL="STATIC_SINGLE",PROG_FULL_ASSERT=256,PROG_FULL_NEGATE=256,PROG_EMPTY_ASSERT=2,PROG_EMPTY_NEGATE=3,OVERFLOW_PROTECT=1,UNDERFLOW_PROTECT=1)" begin
INFO     : ... Hierarchical pre-synthesis "efx_fifo_ctl_6027459dad3e4cdabe6337b18ba70805(SYNC_CLK=0,SYNC_STAGE=3,MODE="FWFT",RADDR_WIDTH=12,ASYM_WIDTH_RATIO=1,RAM_MUX_RATIO=8,PROGRAMMABLE_FULL="STATIC_SINGLE",PROG_FULL_ASSERT=256,PROG_FULL_NEGATE=256,PROG_EMPTY_ASSERT=2,PROG_EMPTY_NEGATE=3,OVERFLOW_PROTECT=1,UNDERFLOW_PROTECT=1)" end (Real time : 0s)
INFO     : ... Hierarchical pre-synthesis "efx_fifo_top_6027459dad3e4cdabe6337b18ba70805(FAMILY="TITANIUM",SYNC_STAGE=3,MODE="FWFT",DATA_WIDTH=128,PROGRAMMABLE_FULL="STATIC_SINGLE",PROG_FULL_ASSERT=256,PROG_FULL_NEGATE=256,PROGRAMMABLE_EMPTY="NONE",PROG_EMPTY_ASSERT=2,PROG_EMPTY_NEGATE=3,ASYM_WIDTH_RATIO=1)" begin
INFO     : ... Hierarchical pre-synthesis "efx_fifo_top_6027459dad3e4cdabe6337b18ba70805(FAMILY="TITANIUM",SYNC_STAGE=3,MODE="FWFT",DATA_WIDTH=128,PROGRAMMABLE_FULL="STATIC_SINGLE",PROG_FULL_ASSERT=256,PROG_FULL_NEGATE=256,PROGRAMMABLE_EMPTY="NONE",PROG_EMPTY_ASSERT=2,PROG_EMPTY_NEGATE=3,ASYM_WIDTH_RATIO=1)" end (Real time : 0s)
INFO     : ... Hierarchical pre-synthesis "R0_FIFO_16" begin
INFO     : ... Hierarchical pre-synthesis "R0_FIFO_16" end (Real time : 0s)
INFO     : ... Hierarchical pre-synthesis "axi4_ctrl(C_ID_LEN=4,C_RD_END_ADDR=1843200,C_W_WIDTH=8,C_R_WIDTH=16)" begin
INFO     : ... Hierarchical pre-synthesis "axi4_ctrl(C_ID_LEN=4,C_RD_END_ADDR=1843200,C_W_WIDTH=8,C_R_WIDTH=16)" end (Real time : 0s)
INFO     : ... Hierarchical pre-synthesis "rgb565_to_rgb888" begin
INFO     : ... Hierarchical pre-synthesis "rgb565_to_rgb888" end (Real time : 0s)
INFO     : ... Hierarchical pre-synthesis "lcd_driver" begin
INFO     : ... Hierarchical pre-synthesis "lcd_driver" end (Real time : 0s)
INFO     : ... Hierarchical pre-synthesis "uart_params" begin
INFO     : ... Hierarchical pre-synthesis "uart_params" end (Real time : 0s)
INFO     : ... Hierarchical pre-synthesis "rgb565_to_gray" begin
INFO     : ... Hierarchical pre-synthesis "rgb565_to_gray" end (Real time : 0s)
INFO     : ... Hierarchical pre-synthesis "line_buffer_3x3" begin
INFO     : ... Hierarchical pre-synthesis "line_buffer_3x3" end (Real time : 0s)
INFO     : ... Hierarchical pre-synthesis "median3x3" begin
INFO     : ... Hierarchical pre-synthesis "median3x3" end (Real time : 0s)
INFO     : ... Hierarchical pre-synthesis "sobel3x3" begin
INFO     : ... Hierarchical pre-synthesis "sobel3x3" end (Real time : 0s)
INFO     : ... Hierarchical pre-synthesis "gaussian3x3" begin
INFO     : ... Hierarchical pre-synthesis "gaussian3x3" end (Real time : 0s)
INFO     : ... Hierarchical pre-synthesis "line_buffer_3x3(DWIDTH=14)" begin
INFO     : ... Hierarchical pre-synthesis "line_buffer_3x3(DWIDTH=14)" end (Real time : 0s)
INFO     : ... Hierarchical pre-synthesis "nms3x3" begin
INFO     : ... Hierarchical pre-synthesis "nms3x3" end (Real time : 0s)
INFO     : ... Hierarchical pre-synthesis "canny_threshold(TH_HIGH=80,TH_LOW=40,USE_PORTS=1)" begin
INFO     : ... Hierarchical pre-synthesis "canny_threshold(TH_HIGH=80,TH_LOW=40,USE_PORTS=1)" end (Real time : 0s)
INFO     : ... Hierarchical pre-synthesis "line_buffer_3x3(DWIDTH=2)" begin
INFO     : ... Hierarchical pre-synthesis "line_buffer_3x3(DWIDTH=2)" end (Real time : 0s)
INFO     : ... Hierarchical pre-synthesis "hysteresis_local" begin
INFO     : ... Hierarchical pre-synthesis "hysteresis_local" end (Real time : 0s)
INFO     : ... Hierarchical pre-synthesis "canny_stream(GAUSSIAN=1)" begin
INFO     : ... Hierarchical pre-synthesis "canny_stream(GAUSSIAN=1)" end (Real time : 0s)
INFO     : ... Hierarchical pre-synthesis "video_delay(BITS=40)" begin
INFO     : ... Hierarchical pre-synthesis "video_delay(BITS=40)" end (Real time : 0s)
INFO     : ... Hierarchical pre-synthesis "rgb565_to_ycbcr_skin" begin
INFO     : ... Hierarchical pre-synthesis "rgb565_to_ycbcr_skin" end (Real time : 0s)
INFO     : ... Hierarchical pre-synthesis "line_buffer_3x3(DWIDTH=1)" begin
INFO     : ... Hierarchical pre-synthesis "line_buffer_3x3(DWIDTH=1)" end (Real time : 0s)
INFO     : ... Hierarchical pre-synthesis "face_morph" begin
INFO     : ... Hierarchical pre-synthesis "face_morph" end (Real time : 0s)
INFO     : ... Hierarchical pre-synthesis "video_delay(BITS=24,LATENCY=3309)" begin
INFO     : ... Hierarchical pre-synthesis "video_delay(BITS=24,LATENCY=3309)" end (Real time : 0s)
INFO     : ... Hierarchical pre-synthesis "video_delay(BITS=9,LATENCY=6617)" begin
INFO     : ... Hierarchical pre-synthesis "video_delay(BITS=9,LATENCY=6617)" end (Real time : 0s)
INFO     : ... Hierarchical pre-synthesis "video_delay(BITS=10,LATENCY=3309)" begin
INFO     : ... Hierarchical pre-synthesis "video_delay(BITS=10,LATENCY=3309)" end (Real time : 0s)
INFO     : ... Hierarchical pre-synthesis "video_delay(BITS=1,LATENCY=4963)" begin
INFO     : ... Hierarchical pre-synthesis "video_delay(BITS=1,LATENCY=4963)" end (Real time : 0s)
INFO     : ... Hierarchical pre-synthesis "face_grid_regions" begin
INFO     : ... Hierarchical pre-synthesis "face_grid_regions" end (Real time : 1s)
INFO     : ... Hierarchical pre-synthesis "vision_hud" begin
INFO     : ... Hierarchical pre-synthesis "vision_hud" end (Real time : 0s)
INFO     : ... Hierarchical pre-synthesis "parallel_overlay(HUD_ENABLE=1)" begin
INFO     : ... Hierarchical pre-synthesis "parallel_overlay(HUD_ENABLE=1)" end (Real time : 0s)
INFO     : ... Hierarchical pre-synthesis "parallel_video(CANNY_GAUSSIAN=1,HUD_ENABLE=1)" begin
INFO     : ... Hierarchical pre-synthesis "parallel_video(CANNY_GAUSSIAN=1,HUD_ENABLE=1)" end (Real time : 1s)
INFO     : ... Hierarchical pre-synthesis "tmds_channel" begin
INFO     : ... Hierarchical pre-synthesis "tmds_channel" end (Real time : 0s)
