Efinity Synthesis report for project Ti60_Demo
Version: 2025.1.110.5.9
Generated at: Sep 25, 2026 14:29:18
Copyright (C) 2013 - 2025  All rights reserved.

Top-level Entity Name : example_top

family : Titanium
device : Ti60F225
project : Ti60_Demo
project-xml : D:\yilingsi_fpga\Efinity_Project\2026.9.25\9.25.1_ding_Ti60F225_Canny_Face_Parallel\Ti60_Demo.xml
root : example_top
I,include : D:\yilingsi_fpga\Efinity_Project\2026.9.25\9.25.1_ding_Ti60F225_Canny_Face_Parallel\ip\W0_FIFO
I,include : D:\yilingsi_fpga\Efinity_Project\2026.9.25\9.25.1_ding_Ti60F225_Canny_Face_Parallel\ip\R0_FIFO
I,include : D:\yilingsi_fpga\Efinity_Project\2026.9.25\9.25.1_ding_Ti60F225_Canny_Face_Parallel\ip\dsi_tx
I,include : D:\yilingsi_fpga\Efinity_Project\2026.9.25\9.25.1_ding_Ti60F225_Canny_Face_Parallel\ip\csi_rx
I,include : D:\yilingsi_fpga\Efinity_Project\2026.9.25\9.25.1_ding_Ti60F225_Canny_Face_Parallel\ip\DdrCtrl
I,include : D:\yilingsi_fpga\Efinity_Project\2026.9.25\9.25.1_ding_Ti60F225_Canny_Face_Parallel\ip\W0_FIFO_8
I,include : D:\yilingsi_fpga\Efinity_Project\2026.9.25\9.25.1_ding_Ti60F225_Canny_Face_Parallel\ip\W0_FIFO_64
I,include : D:\yilingsi_fpga\Efinity_Project\2026.9.25\9.25.1_ding_Ti60F225_Canny_Face_Parallel\ip\FIFO_W48R24
I,include : D:\yilingsi_fpga\Efinity_Project\2026.9.25\9.25.1_ding_Ti60F225_Canny_Face_Parallel\ip\R0_FIFO_8
I,include : D:\yilingsi_fpga\Efinity_Project\2026.9.25\9.25.1_ding_Ti60F225_Canny_Face_Parallel\ip\R0_FIFO_16
I,include : D:\yilingsi_fpga\Efinity_Project\2026.9.25\9.25.1_ding_Ti60F225_Canny_Face_Parallel\ip\W0_FIFO_32
I,include : D:\yilingsi_fpga\Efinity_Project\2026.9.25\9.25.1_ding_Ti60F225_Canny_Face_Parallel\ip\W0_FIFO_16
I,include : D:\yilingsi_fpga\Efinity_Project\2026.9.25\9.25.1_ding_Ti60F225_Canny_Face_Parallel\ip\BlockRam90x1024
I,include : D:\yilingsi_fpga\Efinity_Project\2026.9.25\9.25.1_ding_Ti60F225_Canny_Face_Parallel\ip\FIFO36x512
I,include : ip/W0_FIFO
I,include : src/parallel
I,include : ip/R0_FIFO
I,include : ip/dsi_tx
I,include : ip/csi_rx
I,include : ip/DdrCtrl
I,include : ip/W0_FIFO_8
I,include : ip/W0_FIFO_64
I,include : ip/FIFO_W48R24
I,include : ip/R0_FIFO_8
I,include : ip/R0_FIFO_16
I,include : ip/W0_FIFO_32
I,include : ip/W0_FIFO_16
I,include : ip/BlockRam90x1024
I,include : ip/FIFO36x512
I,include : ip/FIFO36x512
output-dir : outflow
work-dir : work_syn
write-efx-verilog : outflow\Ti60_Demo.map.v
binary-db : outflow\Ti60_Demo.vdb
insert-ios : 0
insert-gclk : 0
max-carry-cascade : 320
max-dsp-cascade : 16
max_mult : -1
max_ram : -1
seq_opt : 0
mode : speed
veri_options : verilog_mode=verilog_2k,vhdl_mode=vhdl_2008
num_srl : -1
retiming : 0

File List:

D:\yilingsi_fpga\Efinity_Project\2026.9.25\9.25.1_ding_Ti60F225_Canny_Face_Parallel\ip/W0_FIFO\W0_FIFO.sv
D:\yilingsi_fpga\Efinity_Project\2026.9.25\9.25.1_ding_Ti60F225_Canny_Face_Parallel\ip/R0_FIFO\R0_FIFO.sv
D:\yilingsi_fpga\Efinity_Project\2026.9.25\9.25.1_ding_Ti60F225_Canny_Face_Parallel\ip/dsi_tx\dsi_tx.sv
D:\yilingsi_fpga\Efinity_Project\2026.9.25\9.25.1_ding_Ti60F225_Canny_Face_Parallel\ip/csi_rx\csi_rx.sv
D:\yilingsi_fpga\Efinity_Project\2026.9.25\9.25.1_ding_Ti60F225_Canny_Face_Parallel\ip/DdrCtrl\DdrCtrl.sv
D:\yilingsi_fpga\Efinity_Project\2026.9.25\9.25.1_ding_Ti60F225_Canny_Face_Parallel\ip/W0_FIFO_8\W0_FIFO_8.sv
D:\yilingsi_fpga\Efinity_Project\2026.9.25\9.25.1_ding_Ti60F225_Canny_Face_Parallel\ip/W0_FIFO_64\W0_FIFO_64.sv
D:\yilingsi_fpga\Efinity_Project\2026.9.25\9.25.1_ding_Ti60F225_Canny_Face_Parallel\ip/FIFO_W48R24\FIFO_W48R24.sv
D:\yilingsi_fpga\Efinity_Project\2026.9.25\9.25.1_ding_Ti60F225_Canny_Face_Parallel\ip/R0_FIFO_8\R0_FIFO_8.sv
D:\yilingsi_fpga\Efinity_Project\2026.9.25\9.25.1_ding_Ti60F225_Canny_Face_Parallel\ip/R0_FIFO_16\R0_FIFO_16.sv
D:\yilingsi_fpga\Efinity_Project\2026.9.25\9.25.1_ding_Ti60F225_Canny_Face_Parallel\ip/W0_FIFO_32\W0_FIFO_32.sv
D:\yilingsi_fpga\Efinity_Project\2026.9.25\9.25.1_ding_Ti60F225_Canny_Face_Parallel\ip/W0_FIFO_16\W0_FIFO_16.sv
D:\yilingsi_fpga\Efinity_Project\2026.9.25\9.25.1_ding_Ti60F225_Canny_Face_Parallel\ip/BlockRam90x1024\BlockRam90x1024.v
D:\yilingsi_fpga\Efinity_Project\2026.9.25\9.25.1_ding_Ti60F225_Canny_Face_Parallel\ip/FIFO36x512\FIFO36x512.sv
D:\yilingsi_fpga\Efinity_Project\2026.9.25\9.25.1_ding_Ti60F225_Canny_Face_Parallel\example_top.v
D:\yilingsi_fpga\Efinity_Project\2026.9.25\9.25.1_ding_Ti60F225_Canny_Face_Parallel\src\cmos_i2c\i2c_timing_ctrl_16bit.v
D:\yilingsi_fpga\Efinity_Project\2026.9.25\9.25.1_ding_Ti60F225_Canny_Face_Parallel\src\cmos_i2c\I2C_OV5640_1280720_Config.v
D:\yilingsi_fpga\Efinity_Project\2026.9.25\9.25.1_ding_Ti60F225_Canny_Face_Parallel\src\lcd_para.v
D:\yilingsi_fpga\Efinity_Project\2026.9.25\9.25.1_ding_Ti60F225_Canny_Face_Parallel\src\lcd_driver.v
D:\yilingsi_fpga\Efinity_Project\2026.9.25\9.25.1_ding_Ti60F225_Canny_Face_Parallel\src\axi\AXI4_AWARMux.v
D:\yilingsi_fpga\Efinity_Project\2026.9.25\9.25.1_ding_Ti60F225_Canny_Face_Parallel\src\axi\axi4_ctrl.v
D:\yilingsi_fpga\Efinity_Project\2026.9.25\9.25.1_ding_Ti60F225_Canny_Face_Parallel\src\axi\frame_buffer_select.v
D:\yilingsi_fpga\Efinity_Project\2026.9.25\9.25.1_ding_Ti60F225_Canny_Face_Parallel\src\vision\gaussian3x3.v
D:\yilingsi_fpga\Efinity_Project\2026.9.25\9.25.1_ding_Ti60F225_Canny_Face_Parallel\src\parallel\button_press.v
D:\yilingsi_fpga\Efinity_Project\2026.9.25\9.25.1_ding_Ti60F225_Canny_Face_Parallel\src\parallel\vision_hud.v
D:\yilingsi_fpga\Efinity_Project\2026.9.25\9.25.1_ding_Ti60F225_Canny_Face_Parallel\src\parallel\edge_shape_roi.v
D:\yilingsi_fpga\Efinity_Project\2026.9.25\9.25.1_ding_Ti60F225_Canny_Face_Parallel\src\hdmi_ip\encode.v
D:\yilingsi_fpga\Efinity_Project\2026.9.25\9.25.1_ding_Ti60F225_Canny_Face_Parallel\src\hdmi_ip\tmds_channel.v
D:\yilingsi_fpga\Efinity_Project\2026.9.25\9.25.1_ding_Ti60F225_Canny_Face_Parallel\src\hdmi_ip\rgb2dvi.v
D:\yilingsi_fpga\Efinity_Project\2026.9.25\9.25.1_ding_Ti60F225_Canny_Face_Parallel\src\hdmi_ip\serdes_4b_10to1.v
D:\yilingsi_fpga\Efinity_Project\2026.9.25\9.25.1_ding_Ti60F225_Canny_Face_Parallel\src\vision\line_buffer_3x3.v
D:\yilingsi_fpga\Efinity_Project\2026.9.25\9.25.1_ding_Ti60F225_Canny_Face_Parallel\src\vision\rgb565_to_gray.v
D:\yilingsi_fpga\Efinity_Project\2026.9.25\9.25.1_ding_Ti60F225_Canny_Face_Parallel\src\vision\rgb565_to_rgb888.v
D:\yilingsi_fpga\Efinity_Project\2026.9.25\9.25.1_ding_Ti60F225_Canny_Face_Parallel\src\vision\median3x3.v
D:\yilingsi_fpga\Efinity_Project\2026.9.25\9.25.1_ding_Ti60F225_Canny_Face_Parallel\src\vision\sobel3x3.v
D:\yilingsi_fpga\Efinity_Project\2026.9.25\9.25.1_ding_Ti60F225_Canny_Face_Parallel\src\vision\nms3x3.v
D:\yilingsi_fpga\Efinity_Project\2026.9.25\9.25.1_ding_Ti60F225_Canny_Face_Parallel\src\vision\canny_threshold.v
D:\yilingsi_fpga\Efinity_Project\2026.9.25\9.25.1_ding_Ti60F225_Canny_Face_Parallel\src\vision\hysteresis_local.v
D:\yilingsi_fpga\Efinity_Project\2026.9.25\9.25.1_ding_Ti60F225_Canny_Face_Parallel\src\face\rgb565_to_ycbcr_skin.v
D:\yilingsi_fpga\Efinity_Project\2026.9.25\9.25.1_ding_Ti60F225_Canny_Face_Parallel\src\parallel\canny_stream.v
D:\yilingsi_fpga\Efinity_Project\2026.9.25\9.25.1_ding_Ti60F225_Canny_Face_Parallel\src\parallel\face_grid_regions.v
D:\yilingsi_fpga\Efinity_Project\2026.9.25\9.25.1_ding_Ti60F225_Canny_Face_Parallel\src\parallel\face_morph.v
D:\yilingsi_fpga\Efinity_Project\2026.9.25\9.25.1_ding_Ti60F225_Canny_Face_Parallel\src\parallel\parallel_overlay.v
D:\yilingsi_fpga\Efinity_Project\2026.9.25\9.25.1_ding_Ti60F225_Canny_Face_Parallel\src\parallel\parallel_video.v
D:\yilingsi_fpga\Efinity_Project\2026.9.25\9.25.1_ding_Ti60F225_Canny_Face_Parallel\src\parallel\uart_params.v
D:\yilingsi_fpga\Efinity_Project\2026.9.25\9.25.1_ding_Ti60F225_Canny_Face_Parallel\src\parallel\video_delay.v
D:\yilingsi_fpga\Efinity_Project\2026.9.25\9.25.1_ding_Ti60F225_Canny_Face_Parallel\src\Sensor_Image_XYCrop.v

### ### Report Section Start ### ###

"MEM|SYN-0677" : ... Memory 'ram' is not initialized, assuming empty initial contents. (D:\yilingsi_fpga\Efinity_Project\2026.9.25\9.25.1_ding_Ti60F225_Canny_Face_Parallel\ip/DdrCtrl\DdrCtrl.sv:1599)
"MEM|SYN-0677" : ... Memory 'ram' is not initialized, assuming empty initial contents. (D:\yilingsi_fpga\Efinity_Project\2026.9.25\9.25.1_ding_Ti60F225_Canny_Face_Parallel\ip/DdrCtrl\DdrCtrl.sv:1599)
"MEM|SYN-0677" : ... Memory 'ram' is not initialized, assuming empty initial contents. (D:\yilingsi_fpga\Efinity_Project\2026.9.25\9.25.1_ding_Ti60F225_Canny_Face_Parallel\ip/DdrCtrl\DdrCtrl.sv:1599)
"MEM|SYN-0677" : ... Memory 'ram' is not initialized, assuming empty initial contents. (D:\yilingsi_fpga\Efinity_Project\2026.9.25\9.25.1_ding_Ti60F225_Canny_Face_Parallel\ip/DdrCtrl\DdrCtrl.sv:3652)
"MEM|SYN-0677" : ... Memory 'ram' is not initialized, assuming empty initial contents. (D:\yilingsi_fpga\Efinity_Project\2026.9.25\9.25.1_ding_Ti60F225_Canny_Face_Parallel\ip/DdrCtrl\DdrCtrl.sv:1599)
"MEM|SYN-0677" : ... Memory 'ram' is not initialized, assuming empty initial contents. (D:\yilingsi_fpga\Efinity_Project\2026.9.25\9.25.1_ding_Ti60F225_Canny_Face_Parallel\ip/DdrCtrl\DdrCtrl.sv:1599)
"MEM|SYN-0677" : ... Memory 'ram' is not initialized, assuming empty initial contents. (D:\yilingsi_fpga\Efinity_Project\2026.9.25\9.25.1_ding_Ti60F225_Canny_Face_Parallel\ip/DdrCtrl\DdrCtrl.sv:3652)
"MEM|SYN-0677" : ... Memory 'ram' is not initialized, assuming empty initial contents. (D:\yilingsi_fpga\Efinity_Project\2026.9.25\9.25.1_ding_Ti60F225_Canny_Face_Parallel\ip/W0_FIFO_8\W0_FIFO_8.sv:673)
"MEM|SYN-0677" : ... Memory 'ram' is not initialized, assuming empty initial contents. (D:\yilingsi_fpga\Efinity_Project\2026.9.25\9.25.1_ding_Ti60F225_Canny_Face_Parallel\ip/R0_FIFO_16\R0_FIFO_16.sv:673)
"MEM|SYN-0677" : ... Memory 'prev_line_1' is not initialized, assuming empty initial contents. (D:\yilingsi_fpga\Efinity_Project\2026.9.25\9.25.1_ding_Ti60F225_Canny_Face_Parallel\src\vision\line_buffer_3x3.v:102)
"MEM|SYN-0677" : ... Memory 'prev_line_2' is not initialized, assuming empty initial contents. (D:\yilingsi_fpga\Efinity_Project\2026.9.25\9.25.1_ding_Ti60F225_Canny_Face_Parallel\src\vision\line_buffer_3x3.v:104)
"MEM|SYN-0677" : ... Memory 'prev_line_1' is not initialized, assuming empty initial contents. (D:\yilingsi_fpga\Efinity_Project\2026.9.25\9.25.1_ding_Ti60F225_Canny_Face_Parallel\src\vision\line_buffer_3x3.v:102)
"MEM|SYN-0677" : ... Memory 'prev_line_2' is not initialized, assuming empty initial contents. (D:\yilingsi_fpga\Efinity_Project\2026.9.25\9.25.1_ding_Ti60F225_Canny_Face_Parallel\src\vision\line_buffer_3x3.v:104)
"MEM|SYN-0677" : ... Memory 'prev_line_1' is not initialized, assuming empty initial contents. (D:\yilingsi_fpga\Efinity_Project\2026.9.25\9.25.1_ding_Ti60F225_Canny_Face_Parallel\src\vision\line_buffer_3x3.v:102)
"MEM|SYN-0677" : ... Memory 'prev_line_2' is not initialized, assuming empty initial contents. (D:\yilingsi_fpga\Efinity_Project\2026.9.25\9.25.1_ding_Ti60F225_Canny_Face_Parallel\src\vision\line_buffer_3x3.v:104)
"MEM|SYN-0677" : ... Memory 'mem' is not initialized, assuming empty initial contents. (D:\yilingsi_fpga\Efinity_Project\2026.9.25\9.25.1_ding_Ti60F225_Canny_Face_Parallel\src\parallel\video_delay.v:9)
"MEM|SYN-0677" : ... Memory 'prev_line_1' is not initialized, assuming empty initial contents. (D:\yilingsi_fpga\Efinity_Project\2026.9.25\9.25.1_ding_Ti60F225_Canny_Face_Parallel\src\vision\line_buffer_3x3.v:102)
"MEM|SYN-0677" : ... Memory 'prev_line_2' is not initialized, assuming empty initial contents. (D:\yilingsi_fpga\Efinity_Project\2026.9.25\9.25.1_ding_Ti60F225_Canny_Face_Parallel\src\vision\line_buffer_3x3.v:104)
"MEM|SYN-0677" : ... Memory 'mem' is not initialized, assuming empty initial contents. (D:\yilingsi_fpga\Efinity_Project\2026.9.25\9.25.1_ding_Ti60F225_Canny_Face_Parallel\src\parallel\video_delay.v:9)
"MEM|SYN-0677" : ... Memory 'mem' is not initialized, assuming empty initial contents. (D:\yilingsi_fpga\Efinity_Project\2026.9.25\9.25.1_ding_Ti60F225_Canny_Face_Parallel\src\parallel\video_delay.v:9)
"MEM|SYN-0677" : ... Memory 'mem' is not initialized, assuming empty initial contents. (D:\yilingsi_fpga\Efinity_Project\2026.9.25\9.25.1_ding_Ti60F225_Canny_Face_Parallel\src\parallel\video_delay.v:9)
"MEM|SYN-0677" : ... Memory 'mem' is not initialized, assuming empty initial contents. (D:\yilingsi_fpga\Efinity_Project\2026.9.25\9.25.1_ding_Ti60F225_Canny_Face_Parallel\src\parallel\video_delay.v:9)
"MEM|SYN-0677" : ... Memory 'cell_sum' is not initialized, assuming empty initial contents. (D:\yilingsi_fpga\Efinity_Project\2026.9.25\9.25.1_ding_Ti60F225_Canny_Face_Parallel\src\parallel\face_grid_regions.v:26)
"MEM|SYN-0677" : ... Memory 'grid' is not initialized, assuming empty initial contents. (D:\yilingsi_fpga\Efinity_Project\2026.9.25\9.25.1_ding_Ti60F225_Canny_Face_Parallel\src\parallel\face_grid_regions.v:37)
"MEM|SYN-0677" : ... Memory 'queue' is not initialized, assuming empty initial contents. (D:\yilingsi_fpga\Efinity_Project\2026.9.25\9.25.1_ding_Ti60F225_Canny_Face_Parallel\src\parallel\face_grid_regions.v:53)
"MULT|SYN-0666" : Mapping into logic multiplier 'n918_pp_1x0'. (D:\yilingsi_fpga\Efinity_Project\2026.9.25\9.25.1_ding_Ti60F225_Canny_Face_Parallel\src\parallel\edge_shape_roi.v:51)
"MULT|SYN-0666" : Mapping into logic multiplier 'n890_pp_1x0'. (D:\yilingsi_fpga\Efinity_Project\2026.9.25\9.25.1_ding_Ti60F225_Canny_Face_Parallel\src\parallel\edge_shape_roi.v:51)
"MULT|SYN-0666" : Mapping into logic multiplier 'n955_pp_1x0'. (D:\yilingsi_fpga\Efinity_Project\2026.9.25\9.25.1_ding_Ti60F225_Canny_Face_Parallel\src\parallel\edge_shape_roi.v:53)
"MEM|SYN-0657" : Mapping into logic memory block 'u_parallel/u_regions/cell_sum' (1120 bits) (D:\yilingsi_fpga\Efinity_Project\2026.9.25\9.25.1_ding_Ti60F225_Canny_Face_Parallel\src\parallel\face_grid_regions.v:26) because read port is not synchronous.

### ### EFX_FF CE enables (begin) ### ### ###
Total number of enable signals: 368
Total number of FFs with enable signals: 4205
CE signal <ceg_net1>, number of controlling flip flops: 12
CE signal <freeze_press>, number of controlling flip flops: 1
CE signal <ceg_net4>, number of controlling flip flops: 29
CE signal <ceg_net7>, number of controlling flip flops: 29
CE signal <ceg_net9>, number of controlling flip flops: 45
CE signal <ddr3_ctl_axi/u_efx_ddr3_soft_controller/genblk1.inst_ddr3_axi/equal_77/n7>, number of controlling flip flops: 10
CE signal <ddr3_ctl_axi/u_efx_ddr3_soft_controller/genblk1.inst_ddr3_axi/n1230>, number of controlling flip flops: 2
CE signal <ceg_net12>, number of controlling flip flops: 9
CE signal <ceg_net2793>, number of controlling flip flops: 16
CE signal <ceg_net1656>, number of controlling flip flops: 16
CE signal <w_ddr3_rvalid>, number of controlling flip flops: 16
CE signal <ddr3_ctl_axi/u_efx_ddr3_soft_controller/genblk1.inst_ddr3_axi/inst_arburst_fifo/Fifo_Wr_En>, number of controlling flip flops: 4
CE signal <ceg_net1659>, number of controlling flip flops: 6
CE signal <ceg_net1662>, number of controlling flip flops: 6
CE signal <ddr3_ctl_axi/u_efx_ddr3_soft_controller/genblk1.inst_ddr3_axi/u_wr_addr_fifo/Fifo_Wr_En>, number of controlling flip flops: 2
CE signal <ceg_net1665>, number of controlling flip flops: 6
CE signal <ceg_net1668>, number of controlling flip flops: 6
CE signal <ceg_net1671>, number of controlling flip flops: 6
CE signal <ddr3_ctl_axi/u_efx_ddr3_soft_controller/genblk1.inst_ddr3_axi/inst_respon_fifo/Fifo_Wr_En>, number of controlling flip flops: 1
CE signal <ceg_net1674>, number of controlling flip flops: 6
CE signal <ceg_net1677>, number of controlling flip flops: 6
CE signal <ddr3_ctl_axi/u_efx_ddr3_soft_controller/genblk1.inst_ddr3_axi/inst_rd_last_fifo/Fifo_Wr_En>, number of controlling flip flops: 1
CE signal <ceg_net1680>, number of controlling flip flops: 6
CE signal <ddr3_ctl_axi/u_efx_ddr3_soft_controller/genblk1.inst_ddr3_axi/inst_respon_len_fifo/Fifo_Wr_En>, number of controlling flip flops: 1
CE signal <ceg_net1683>, number of controlling flip flops: 6
CE signal <ceg_net3487>, number of controlling flip flops: 2
CE signal <ceg_net2825>, number of controlling flip flops: 2
CE signal <ceg_net56>, number of controlling flip flops: 2
CE signal <ceg_net2796>, number of controlling flip flops: 32
CE signal <ceg_net3488>, number of controlling flip flops: 32
CE signal <ceg_net2798>, number of controlling flip flops: 1
CE signal <ceg_net2799>, number of controlling flip flops: 1
CE signal <ceg_net64>, number of controlling flip flops: 1
CE signal <ceg_net2858>, number of controlling flip flops: 3
CE signal <ddr3_ctl_axi/u_efx_ddr3_soft_controller/genblk1.inst_ddr3_axi/inst_efx_ddr3/n12017>, number of controlling flip flops: 8
CE signal <ceg_net1688>, number of controlling flip flops: 3
CE signal <ceg_net561>, number of controlling flip flops: 4
CE signal <ceg_net2861>, number of controlling flip flops: 4
CE signal <ddr3_ctl_axi/u_efx_ddr3_soft_controller/genblk1.inst_ddr3_axi/inst_efx_ddr3/n11875>, number of controlling flip flops: 4
CE signal <ddr3_ctl_axi/u_efx_ddr3_soft_controller/genblk1.inst_ddr3_axi/inst_efx_ddr3/n11204>, number of controlling flip flops: 11
CE signal <ceg_net1729>, number of controlling flip flops: 4
CE signal <ddr3_ctl_axi/u_efx_ddr3_soft_controller/genblk1.inst_ddr3_axi/inst_efx_ddr3/top_mc/fifo_ar/_zz_16>, number of controlling flip flops: 13
CE signal <ddr3_ctl_axi/u_efx_ddr3_soft_controller/genblk1.inst_ddr3_axi/inst_efx_ddr3/top_mc/fifo_ar/n212>, number of controlling flip flops: 13
CE signal <ddr3_ctl_axi/u_efx_ddr3_soft_controller/genblk1.inst_ddr3_axi/inst_efx_ddr3/top_mc/fifo_aw/_zz_16>, number of controlling flip flops: 13
CE signal <ddr3_ctl_axi/u_efx_ddr3_soft_controller/genblk1.inst_ddr3_axi/inst_efx_ddr3/top_mc/fifo_aw/n212>, number of controlling flip flops: 13
CE signal <ddr3_ctl_axi/u_efx_ddr3_soft_controller/genblk1.inst_ddr3_axi/inst_efx_ddr3/top_mc/fifo_wr/_zz_16>, number of controlling flip flops: 13
CE signal <ddr3_ctl_axi/u_efx_ddr3_soft_controller/genblk1.inst_ddr3_axi/inst_efx_ddr3/top_mc/fifo_wr/n548>, number of controlling flip flops: 13
CE signal <ddr3_ctl_axi/u_efx_ddr3_soft_controller/genblk1.inst_ddr3_axi/inst_efx_ddr3/top_mc/fifo_rdpush/_zz_16>, number of controlling flip flops: 13
CE signal <ddr3_ctl_axi/u_efx_ddr3_soft_controller/genblk1.inst_ddr3_axi/inst_efx_ddr3/top_mc/fifo_rdpush/io_pop_valid>, number of controlling flip flops: 13
CE signal <ddr3_ctl_axi/u_efx_ddr3_soft_controller/genblk1.inst_ddr3_axi/inst_efx_ddr3/top_mc/fifo_rd/wr_en_int>, number of controlling flip flops: 7
CE signal <ddr3_ctl_axi/u_efx_ddr3_soft_controller/genblk1.inst_ddr3_axi/inst_efx_ddr3/top_mc/fifo_ack/_zz_16>, number of controlling flip flops: 13
CE signal <ddr3_ctl_axi/u_efx_ddr3_soft_controller/genblk1.inst_ddr3_axi/inst_efx_ddr3/top_mc/w_ack_rd_valid>, number of controlling flip flops: 13
CE signal <ddr3_ctl_axi/u_efx_ddr3_soft_controller/genblk1.inst_ddr3_axi/inst_efx_ddr3/top_mc/ac_fifo/_zz_16>, number of controlling flip flops: 13
CE signal <ddr3_ctl_axi/u_efx_ddr3_soft_controller/genblk1.inst_ddr3_axi/inst_efx_ddr3/top_mc/ac_fifo/n272>, number of controlling flip flops: 13
CE signal <ceg_net244>, number of controlling flip flops: 1
CE signal <ddr3_ctl_axi/u_efx_ddr3_soft_controller/genblk1.inst_ddr3_axi/inst_efx_ddr3/top_mc/controller_main/bram_u2/full_o>, number of controlling flip flops: 7
CE signal <ddr3_ctl_axi/u_efx_ddr3_soft_controller/genblk1.inst_ddr3_axi/inst_efx_ddr3/top_mc/controller_main/n777>, number of controlling flip flops: 2
CE signal <ceg_net247>, number of controlling flip flops: 2
CE signal <ddr3_ctl_axi/u_efx_ddr3_soft_controller/genblk1.inst_ddr3_axi/inst_efx_ddr3/top_mc/controller_main/n6770>, number of controlling flip flops: 2
CE signal <ddr3_ctl_axi/u_efx_ddr3_soft_controller/genblk1.inst_ddr3_axi/inst_efx_ddr3/w_init_done>, number of controlling flip flops: 60
CE signal <ceg_net3364>, number of controlling flip flops: 3
CE signal <ddr3_ctl_axi/u_efx_ddr3_soft_controller/genblk1.inst_ddr3_axi/inst_efx_ddr3/top_mc/controller_main/n6868>, number of controlling flip flops: 1
CE signal <ceg_net1694>, number of controlling flip flops: 1
CE signal <ceg_net1696>, number of controlling flip flops: 8
CE signal <ceg_net1698>, number of controlling flip flops: 1
CE signal <ddr3_ctl_axi/u_efx_ddr3_soft_controller/genblk1.inst_ddr3_axi/inst_efx_ddr3/top_mc/controller_main/n6863>, number of controlling flip flops: 1
CE signal <ddr3_ctl_axi/u_efx_ddr3_soft_controller/genblk1.inst_ddr3_axi/inst_efx_ddr3/top_mc/controller_main/n6860>, number of controlling flip flops: 1
CE signal <ceg_net1699>, number of controlling flip flops: 1
CE signal <ceg_net2805>, number of controlling flip flops: 16
CE signal <ceg_net272>, number of controlling flip flops: 17
CE signal <ddr3_ctl_axi/u_efx_ddr3_soft_controller/genblk1.inst_ddr3_axi/inst_efx_ddr3/top_mc/controller_main/n6867>, number of controlling flip flops: 1
CE signal <ceg_net274>, number of controlling flip flops: 2
CE signal <ddr3_ctl_axi/u_efx_ddr3_soft_controller/genblk1.inst_ddr3_axi/inst_efx_ddr3/top_mc/controller_main/n6771>, number of controlling flip flops: 1
CE signal <ddr3_ctl_axi/u_efx_ddr3_soft_controller/genblk1.inst_ddr3_axi/inst_efx_ddr3/top_mc/controller_main/r_ref_rst>, number of controlling flip flops: 1
CE signal <ddr3_ctl_axi/u_efx_ddr3_soft_controller/genblk1.inst_ddr3_axi/inst_efx_ddr3/top_mc/controller_main/dqs_state[1]>, number of controlling flip flops: 1
CE signal <ceg_net277>, number of controlling flip flops: 14
CE signal <ddr3_ctl_axi/u_efx_ddr3_soft_controller/genblk1.inst_ddr3_axi/inst_efx_ddr3/top_mc/controller_main/bram_u1/full_o>, number of controlling flip flops: 7
CE signal <ddr3_ctl_axi/u_efx_ddr3_soft_controller/genblk1.inst_ddr3_axi/inst_efx_ddr3/top_mc/controller_main/bram_u0/full_o>, number of controlling flip flops: 7
CE signal <ddr3_ctl_axi/u_efx_ddr3_soft_controller/genblk1.inst_ddr3_axi/inst_efx_ddr3/top_mc/controller_main/n2454>, number of controlling flip flops: 3
CE signal <ceg_net2810>, number of controlling flip flops: 16
CE signal <ceg_net2812>, number of controlling flip flops: 16
CE signal <ceg_net2814>, number of controlling flip flops: 16
CE signal <ceg_net2816>, number of controlling flip flops: 16
CE signal <ceg_net2818>, number of controlling flip flops: 16
CE signal <ceg_net2820>, number of controlling flip flops: 16
CE signal <ceg_net2822>, number of controlling flip flops: 16
CE signal <ceg_net305>, number of controlling flip flops: 1
CE signal <ceg_net3489>, number of controlling flip flops: 1
CE signal <ceg_net3490>, number of controlling flip flops: 1
CE signal <ddr3_ctl_axi/u_efx_ddr3_soft_controller/genblk1.inst_ddr3_axi/inst_efx_ddr3/n12265>, number of controlling flip flops: 15
CE signal <axi4_awar_mux/n45>, number of controlling flip flops: 1
CE signal <u_i2c_timing_ctrl_16bit/i2c_transfer_en>, number of controlling flip flops: 4
CE signal <u_i2c_timing_ctrl_16bit/n525>, number of controlling flip flops: 8
CE signal <ceg_net1732>, number of controlling flip flops: 4
CE signal <ceg_net3373>, number of controlling flip flops: 8
CE signal <u_i2c_timing_ctrl_16bit/n7>, number of controlling flip flops: 27
CE signal <ceg_net3523>, number of controlling flip flops: 1
CE signal <u_freeze_button/n145>, number of controlling flip flops: 1
CE signal <u_axi4_ctrl/u_frame_slots/n54>, number of controlling flip flops: 1
CE signal <u_axi4_ctrl/r_wframe_inc>, number of controlling flip flops: 4
CE signal <u_axi4_ctrl/r_rframe_inc>, number of controlling flip flops: 1
CE signal <ceg_net1743>, number of controlling flip flops: 2
CE signal <u_axi4_ctrl/u_frame_slots/n95>, number of controlling flip flops: 1
CE signal <ceg_net595>, number of controlling flip flops: 1
CE signal <rstn_sys>, number of controlling flip flops: 8
CE signal <ceg_net597>, number of controlling flip flops: 1
CE signal <ceg_net600>, number of controlling flip flops: 1
CE signal <ceg_net603>, number of controlling flip flops: 1
CE signal <u_axi4_ctrl/equal_53/n7>, number of controlling flip flops: 1
CE signal <u_axi4_ctrl/Gen_FIFO_W8.u_W0_FIFO_8/u_efx_fifo_top/wr_en_int>, number of controlling flip flops: 14
CE signal <u_axi4_ctrl/Gen_RFIFO_16.u_R0_FIFO_16/u_efx_fifo_top/wr_en_int>, number of controlling flip flops: 10
CE signal <u_axi4_ctrl/n755>, number of controlling flip flops: 11
CE signal <u_lcd_driver/equal_17/n27>, number of controlling flip flops: 12
CE signal <rstn_pixel>, number of controlling flip flops: 1
CE signal <u_lcd_driver/n434>, number of controlling flip flops: 1
CE signal <u_params/n880>, number of controlling flip flops: 1
CE signal <ceg_net3524>, number of controlling flip flops: 2
CE signal <ceg_net3379>, number of controlling flip flops: 16
CE signal <ceg_net2874>, number of controlling flip flops: 3
CE signal <u_params/n1745>, number of controlling flip flops: 1
CE signal <u_params/n890>, number of controlling flip flops: 24
CE signal <u_params/n1738>, number of controlling flip flops: 1
CE signal <u_params/n1739>, number of controlling flip flops: 1
CE signal <u_params/n1740>, number of controlling flip flops: 1
CE signal <u_params/n1741>, number of controlling flip flops: 1
CE signal <u_params/n1742>, number of controlling flip flops: 1
CE signal <u_params/n1743>, number of controlling flip flops: 1
CE signal <u_params/n1744>, number of controlling flip flops: 1
CE signal <ceg_net613>, number of controlling flip flops: 10
CE signal <u_parallel/fs>, number of controlling flip flops: 24
CE signal <u_parallel/display_fs>, number of controlling flip flops: 5
CE signal <ceg_net615>, number of controlling flip flops: 11
CE signal <u_parallel/u_canny/gv>, number of controlling flip flops: 30
CE signal <u_parallel/u_canny/u_med_window/n160>, number of controlling flip flops: 10
CE signal <ceg_net618>, number of controlling flip flops: 4
CE signal <u_parallel/u_canny/u_med_window/de_d1>, number of controlling flip flops: 81
CE signal <ceg_net620>, number of controlling flip flops: 2
CE signal <u_parallel/median_valid>, number of controlling flip flops: 37
CE signal <u_parallel/u_canny/u_grad_window/n160>, number of controlling flip flops: 10
CE signal <ceg_net622>, number of controlling flip flops: 4
CE signal <u_parallel/u_canny/u_grad_window/de_d1>, number of controlling flip flops: 144
CE signal <ceg_net624>, number of controlling flip flops: 2
CE signal <ceg_net628>, number of controlling flip flops: 2
CE signal <u_parallel/u_canny/canny_valid>, number of controlling flip flops: 35
CE signal <u_parallel/u_canny/u_nms_window/n196>, number of controlling flip flops: 10
CE signal <ceg_net630>, number of controlling flip flops: 2
CE signal <u_parallel/u_canny/u_nms_window/de_d1>, number of controlling flip flops: 112
CE signal <ceg_net632>, number of controlling flip flops: 2
CE signal <u_parallel/u_canny/tv>, number of controlling flip flops: 23
CE signal <u_parallel/u_canny/u_hys_window/n124>, number of controlling flip flops: 10
CE signal <ceg_net634>, number of controlling flip flops: 2
CE signal <u_parallel/u_canny/u_hys_window/de_d1>, number of controlling flip flops: 18
CE signal <ceg_net636>, number of controlling flip flops: 2
CE signal <u_parallel/u_video_delay/n153>, number of controlling flip flops: 14
CE signal <ceg_net640>, number of controlling flip flops: 2
CE signal <u_parallel/u_morph/mv>, number of controlling flip flops: 22
CE signal <u_parallel/u_morph/b/n114>, number of controlling flip flops: 10
CE signal <ceg_net642>, number of controlling flip flops: 2
CE signal <u_parallel/u_morph/b/de_d1>, number of controlling flip flops: 9
CE signal <ceg_net644>, number of controlling flip flops: 2
CE signal <u_parallel/u_mask_delay/n117>, number of controlling flip flops: 13
CE signal <u_parallel/u_early_debug_delay/n91>, number of controlling flip flops: 14
CE signal <u_parallel/u_window_debug_delay/n89>, number of controlling flip flops: 13
CE signal <u_parallel/u_raw_preview_delay/n107>, number of controlling flip flops: 14
CE signal <u_parallel/u_regions/n16467>, number of controlling flip flops: 2
CE signal <ceg_net2875>, number of controlling flip flops: 4
CE signal <u_parallel/u_regions/n747>, number of controlling flip flops: 286
CE signal <ceg_net2876>, number of controlling flip flops: 1
CE signal <u_parallel/u_regions/n4718>, number of controlling flip flops: 1
CE signal <ceg_net2877>, number of controlling flip flops: 4
CE signal <ceg_net660>, number of controlling flip flops: 1
CE signal <u_parallel/u_regions/n16782>, number of controlling flip flops: 286
CE signal <ceg_net2878>, number of controlling flip flops: 14
CE signal <ceg_net2879>, number of controlling flip flops: 15
CE signal <ceg_net2880>, number of controlling flip flops: 59
CE signal <ceg_net2885>, number of controlling flip flops: 22
CE signal <ceg_net2884>, number of controlling flip flops: 7
CE signal <u_parallel/u_regions/n19627>, number of controlling flip flops: 15
CE signal <ceg_net2886>, number of controlling flip flops: 8
CE signal <ceg_net2887>, number of controlling flip flops: 8
CE signal <ceg_net3315>, number of controlling flip flops: 7
CE signal <ceg_net3321>, number of controlling flip flops: 7
CE signal <ceg_net2891>, number of controlling flip flops: 4
CE signal <ceg_net2896>, number of controlling flip flops: 32
CE signal <ceg_net2932>, number of controlling flip flops: 42
CE signal <ceg_net3006>, number of controlling flip flops: 42
CE signal <ceg_net3048>, number of controlling flip flops: 42
CE signal <ceg_net3084>, number of controlling flip flops: 31
CE signal <ceg_net3120>, number of controlling flip flops: 31
CE signal <ceg_net3156>, number of controlling flip flops: 31
CE signal <ceg_net3192>, number of controlling flip flops: 31
CE signal <u_parallel/u_regions/n147>, number of controlling flip flops: 2
CE signal <ceg_net1552>, number of controlling flip flops: 11
CE signal <ceg_net1554>, number of controlling flip flops: 10
CE signal <ceg_net1556>, number of controlling flip flops: 10
CE signal <u_parallel/u_shape/fs2>, number of controlling flip flops: 86
CE signal <ceg_net1558>, number of controlling flip flops: 20
CE signal <ceg_net1560>, number of controlling flip flops: 20
CE signal <ceg_net1562>, number of controlling flip flops: 20
CE signal <ceg_net1564>, number of controlling flip flops: 20
CE signal <ceg_net1566>, number of controlling flip flops: 20
CE signal <ceg_net1568>, number of controlling flip flops: 20
CE signal <ceg_net1570>, number of controlling flip flops: 20
CE signal <ceg_net1571>, number of controlling flip flops: 20
CE signal <ceg_net1573>, number of controlling flip flops: 20
CE signal <ceg_net1574>, number of controlling flip flops: 20
CE signal <ceg_net1576>, number of controlling flip flops: 20
CE signal <ceg_net1578>, number of controlling flip flops: 11
CE signal <i597/n267>, number of controlling flip flops: 7
CE signal <i597/n266>, number of controlling flip flops: 7
CE signal <i597/n265>, number of controlling flip flops: 7
CE signal <i597/n264>, number of controlling flip flops: 7
CE signal <i597/n263>, number of controlling flip flops: 7
CE signal <i597/n262>, number of controlling flip flops: 7
CE signal <i597/n261>, number of controlling flip flops: 7
CE signal <i597/n260>, number of controlling flip flops: 7
CE signal <i597/n259>, number of controlling flip flops: 7
CE signal <i597/n258>, number of controlling flip flops: 7
CE signal <i597/n257>, number of controlling flip flops: 7
CE signal <i597/n256>, number of controlling flip flops: 7
CE signal <i597/n255>, number of controlling flip flops: 7
CE signal <i597/n254>, number of controlling flip flops: 7
CE signal <i597/n253>, number of controlling flip flops: 7
CE signal <i597/n252>, number of controlling flip flops: 7
CE signal <i597/n251>, number of controlling flip flops: 7
CE signal <i597/n250>, number of controlling flip flops: 7
CE signal <i597/n249>, number of controlling flip flops: 7
CE signal <i597/n248>, number of controlling flip flops: 7
CE signal <i597/n247>, number of controlling flip flops: 7
CE signal <i597/n246>, number of controlling flip flops: 7
CE signal <i597/n245>, number of controlling flip flops: 7
CE signal <i597/n244>, number of controlling flip flops: 7
CE signal <i597/n243>, number of controlling flip flops: 7
CE signal <i597/n242>, number of controlling flip flops: 7
CE signal <i597/n241>, number of controlling flip flops: 7
CE signal <i597/n240>, number of controlling flip flops: 7
CE signal <i597/n239>, number of controlling flip flops: 7
CE signal <i597/n238>, number of controlling flip flops: 7
CE signal <i597/n237>, number of controlling flip flops: 7
CE signal <i597/n236>, number of controlling flip flops: 7
CE signal <i597/n235>, number of controlling flip flops: 7
CE signal <i597/n234>, number of controlling flip flops: 7
CE signal <i597/n233>, number of controlling flip flops: 7
CE signal <i597/n232>, number of controlling flip flops: 7
CE signal <i597/n231>, number of controlling flip flops: 7
CE signal <i597/n230>, number of controlling flip flops: 7
CE signal <i597/n229>, number of controlling flip flops: 7
CE signal <i597/n228>, number of controlling flip flops: 7
CE signal <i597/n227>, number of controlling flip flops: 7
CE signal <i597/n226>, number of controlling flip flops: 7
CE signal <i597/n225>, number of controlling flip flops: 7
CE signal <i597/n224>, number of controlling flip flops: 7
CE signal <i597/n223>, number of controlling flip flops: 7
CE signal <i597/n222>, number of controlling flip flops: 7
CE signal <i597/n221>, number of controlling flip flops: 7
CE signal <i597/n220>, number of controlling flip flops: 7
CE signal <i597/n219>, number of controlling flip flops: 7
CE signal <i597/n218>, number of controlling flip flops: 7
CE signal <i597/n217>, number of controlling flip flops: 7
CE signal <i597/n216>, number of controlling flip flops: 7
CE signal <i597/n215>, number of controlling flip flops: 7
CE signal <i597/n214>, number of controlling flip flops: 7
CE signal <i597/n213>, number of controlling flip flops: 7
CE signal <i597/n212>, number of controlling flip flops: 7
CE signal <i597/n211>, number of controlling flip flops: 7
CE signal <i597/n210>, number of controlling flip flops: 7
CE signal <i597/n209>, number of controlling flip flops: 7
CE signal <i597/n208>, number of controlling flip flops: 7
CE signal <i597/n207>, number of controlling flip flops: 7
CE signal <i597/n206>, number of controlling flip flops: 7
CE signal <i597/n205>, number of controlling flip flops: 7
CE signal <i597/n204>, number of controlling flip flops: 7
CE signal <i597/n203>, number of controlling flip flops: 7
CE signal <i597/n202>, number of controlling flip flops: 7
CE signal <i597/n201>, number of controlling flip flops: 7
CE signal <i597/n200>, number of controlling flip flops: 7
CE signal <i597/n199>, number of controlling flip flops: 7
CE signal <i597/n198>, number of controlling flip flops: 7
CE signal <i597/n197>, number of controlling flip flops: 7
CE signal <i597/n196>, number of controlling flip flops: 7
CE signal <i597/n195>, number of controlling flip flops: 7
CE signal <i597/n194>, number of controlling flip flops: 7
CE signal <i597/n193>, number of controlling flip flops: 7
CE signal <i597/n192>, number of controlling flip flops: 7
CE signal <i597/n191>, number of controlling flip flops: 7
CE signal <i597/n190>, number of controlling flip flops: 7
CE signal <i597/n189>, number of controlling flip flops: 7
CE signal <i597/n188>, number of controlling flip flops: 7
CE signal <i597/n187>, number of controlling flip flops: 7
CE signal <i597/n186>, number of controlling flip flops: 7
CE signal <i597/n185>, number of controlling flip flops: 7
CE signal <i597/n184>, number of controlling flip flops: 7
CE signal <i597/n183>, number of controlling flip flops: 7
CE signal <i597/n182>, number of controlling flip flops: 7
CE signal <i597/n181>, number of controlling flip flops: 7
CE signal <i597/n180>, number of controlling flip flops: 7
CE signal <i597/n179>, number of controlling flip flops: 7
CE signal <i597/n178>, number of controlling flip flops: 7
CE signal <i597/n177>, number of controlling flip flops: 7
CE signal <i597/n176>, number of controlling flip flops: 7
CE signal <i597/n175>, number of controlling flip flops: 7
CE signal <i597/n174>, number of controlling flip flops: 7
CE signal <i597/n173>, number of controlling flip flops: 7
CE signal <i597/n172>, number of controlling flip flops: 7
CE signal <i597/n171>, number of controlling flip flops: 7
CE signal <i597/n170>, number of controlling flip flops: 7
CE signal <i597/n169>, number of controlling flip flops: 7
CE signal <i597/n168>, number of controlling flip flops: 7
CE signal <i597/n167>, number of controlling flip flops: 7
CE signal <i597/n166>, number of controlling flip flops: 7
CE signal <i597/n165>, number of controlling flip flops: 7
CE signal <i597/n164>, number of controlling flip flops: 7
CE signal <i597/n163>, number of controlling flip flops: 7
CE signal <i597/n162>, number of controlling flip flops: 7
CE signal <i597/n161>, number of controlling flip flops: 7
CE signal <i597/n160>, number of controlling flip flops: 7
CE signal <i597/n159>, number of controlling flip flops: 7
CE signal <i597/n158>, number of controlling flip flops: 7
CE signal <i597/n157>, number of controlling flip flops: 7
CE signal <i597/n156>, number of controlling flip flops: 7
CE signal <i597/n155>, number of controlling flip flops: 7
CE signal <i597/n154>, number of controlling flip flops: 7
CE signal <i597/n153>, number of controlling flip flops: 7
CE signal <i597/n152>, number of controlling flip flops: 7
CE signal <i597/n151>, number of controlling flip flops: 7
CE signal <i597/n150>, number of controlling flip flops: 7
CE signal <i597/n149>, number of controlling flip flops: 7
CE signal <i597/n148>, number of controlling flip flops: 7
CE signal <i597/n147>, number of controlling flip flops: 7
CE signal <i597/n146>, number of controlling flip flops: 7
CE signal <i597/n145>, number of controlling flip flops: 7
CE signal <i597/n144>, number of controlling flip flops: 7
CE signal <i597/n143>, number of controlling flip flops: 7
CE signal <i597/n142>, number of controlling flip flops: 7
CE signal <i597/n141>, number of controlling flip flops: 7
CE signal <i597/n140>, number of controlling flip flops: 7
CE signal <i597/n139>, number of controlling flip flops: 7
CE signal <i597/n138>, number of controlling flip flops: 7
CE signal <i597/n137>, number of controlling flip flops: 7
CE signal <i597/n136>, number of controlling flip flops: 7
CE signal <i597/n135>, number of controlling flip flops: 7
CE signal <i597/n134>, number of controlling flip flops: 7
CE signal <i597/n133>, number of controlling flip flops: 7
CE signal <i597/n132>, number of controlling flip flops: 7
CE signal <i597/n131>, number of controlling flip flops: 7
CE signal <i597/n130>, number of controlling flip flops: 7
CE signal <i597/n129>, number of controlling flip flops: 7
CE signal <i597/n128>, number of controlling flip flops: 7
CE signal <i597/n127>, number of controlling flip flops: 7
CE signal <i597/n126>, number of controlling flip flops: 7
CE signal <i597/n125>, number of controlling flip flops: 7
CE signal <i597/n124>, number of controlling flip flops: 7
CE signal <i597/n123>, number of controlling flip flops: 7
CE signal <i597/n122>, number of controlling flip flops: 7
CE signal <i597/n121>, number of controlling flip flops: 7
CE signal <i597/n120>, number of controlling flip flops: 7
CE signal <i597/n119>, number of controlling flip flops: 7
CE signal <i597/n118>, number of controlling flip flops: 7
CE signal <i597/n117>, number of controlling flip flops: 7
CE signal <i597/n116>, number of controlling flip flops: 7
CE signal <i597/n115>, number of controlling flip flops: 7
CE signal <i597/n114>, number of controlling flip flops: 7
CE signal <i597/n113>, number of controlling flip flops: 7
CE signal <i597/n112>, number of controlling flip flops: 7
CE signal <i597/n111>, number of controlling flip flops: 7
CE signal <i597/n110>, number of controlling flip flops: 7
CE signal <i597/n109>, number of controlling flip flops: 7
CE signal <i597/n108>, number of controlling flip flops: 7
### ### EFX_FF CE enables (end) ### ### ###

### ### EFX_FF SR set/reset (begin) ### ### ###
Total number of set/reset signals: 30
Total number of FFs with set/reset signals: 5358
SR signal <w_pll_lock>, number of controlling flip flops: 2
SR signal <rstn_sys>, number of controlling flip flops: 222
SR signal <rstn_pixel>, number of controlling flip flops: 2785
SR signal <w_ddr3_cal_done>, number of controlling flip flops: 177
SR signal <ddr3_ctl_axi/u_efx_ddr3_soft_controller/genblk1.inst_ddr3_axi/inst_arburst_fifo/n332>, number of controlling flip flops: 1
SR signal <ddr3_ctl_axi/u_efx_ddr3_soft_controller/genblk1.inst_ddr3_axi/u_rd_addr_fifo/n860>, number of controlling flip flops: 1
SR signal <ddr3_ctl_axi/u_efx_ddr3_soft_controller/genblk1.inst_ddr3_axi/u_wr_addr_fifo/n1212>, number of controlling flip flops: 1
SR signal <ddr3_ctl_axi/u_efx_ddr3_soft_controller/genblk1.inst_ddr3_axi/inst_awid_fifo/n332>, number of controlling flip flops: 1
SR signal <ddr3_ctl_axi/u_efx_ddr3_soft_controller/genblk1.inst_ddr3_axi/inst_arid_fifo/n332>, number of controlling flip flops: 1
SR signal <ddr3_ctl_axi/u_efx_ddr3_soft_controller/genblk1.inst_ddr3_axi/inst_respon_fifo/n332>, number of controlling flip flops: 1
SR signal <ddr3_ctl_axi/u_efx_ddr3_soft_controller/genblk1.inst_ddr3_axi/inst_rd_brust_fifo/n332>, number of controlling flip flops: 1
SR signal <ddr3_ctl_axi/u_efx_ddr3_soft_controller/genblk1.inst_ddr3_axi/inst_rd_last_fifo/n332>, number of controlling flip flops: 1
SR signal <ddr3_ctl_axi/u_efx_ddr3_soft_controller/genblk1.inst_ddr3_axi/inst_respon_len_fifo/n332>, number of controlling flip flops: 1
SR signal <ddr3_ctl_axi/u_efx_ddr3_soft_controller/genblk1.inst_ddr3_axi/inst_efx_ddr3/logic_rstn>, number of controlling flip flops: 227
SR signal <ddr3_ctl_axi/u_efx_ddr3_soft_controller/genblk1.inst_ddr3_axi/inst_efx_ddr3/w_init_done>, number of controlling flip flops: 5
SR signal <ddr3_ctl_axi/u_efx_ddr3_soft_controller/genblk1.inst_ddr3_axi/inst_efx_ddr3/top_mc/core_clk_rstn>, number of controlling flip flops: 814
SR signal <ddr3_ctl_axi/u_efx_ddr3_soft_controller/genblk1.inst_ddr3_axi/inst_efx_ddr3/top_mc/clk_rstn>, number of controlling flip flops: 144
SR signal <ddr3_ctl_axi/u_efx_ddr3_soft_controller/genblk1.inst_ddr3_axi/inst_efx_ddr3/top_mc/tdqss_clk_rstn>, number of controlling flip flops: 104
SR signal <ddr3_ctl_axi/u_efx_ddr3_soft_controller/genblk1.inst_ddr3_axi/inst_efx_ddr3/top_mc/twd_clk_rstn>, number of controlling flip flops: 252
SR signal <ddr3_ctl_axi/u_efx_ddr3_soft_controller/genblk1.inst_ddr3_axi/inst_efx_ddr3/top_mc/tac_clk_rstn>, number of controlling flip flops: 289
SR signal <axi4_awar_mux/n133>, number of controlling flip flops: 2
SR signal <u_axi4_ctrl/r_w_rst>, number of controlling flip flops: 4
SR signal <u_axi4_ctrl/n1279>, number of controlling flip flops: 5
SR signal <u_axi4_ctrl/w_rfifo_rst>, number of controlling flip flops: 4
SR signal <u_axi4_ctrl/r_rfifo_rst>, number of controlling flip flops: 31
SR signal <u_axi4_ctrl/Gen_FIFO_W8.u_W0_FIFO_8/u_efx_fifo_top/wr_rst_int>, number of controlling flip flops: 64
SR signal <u_axi4_ctrl/Gen_FIFO_W8.u_W0_FIFO_8/u_efx_fifo_top/rd_rst_int>, number of controlling flip flops: 60
SR signal <u_axi4_ctrl/Gen_RFIFO_16.u_R0_FIFO_16/u_efx_fifo_top/wr_rst_int>, number of controlling flip flops: 60
SR signal <u_axi4_ctrl/Gen_RFIFO_16.u_R0_FIFO_16/u_efx_fifo_top/rd_rst_int>, number of controlling flip flops: 63
SR signal <face_overlay_de>, number of controlling flip flops: 35
### ### EFX_FF SR set/reset (end) ### ### ###

### ### Memory Trimming Report (begin) ### ### ### 
Memory instance 'ddr3_ctl_axi/u_efx_ddr3_soft_controller/genblk1.inst_ddr3_axi/inst_efx_ddr3/top_mc/fifo_ack/ram' WE[1] tied off to 0.
Memory instance 'ddr3_ctl_axi/u_efx_ddr3_soft_controller/genblk1.inst_ddr3_axi/inst_efx_ddr3/top_mc/controller_main/bram_u2/u_efx_fifo_top/xefx_fifo_ram/ram' WE[1] tied off to 1.
Memory instance 'ddr3_ctl_axi/u_efx_ddr3_soft_controller/genblk1.inst_ddr3_axi/inst_efx_ddr3/top_mc/controller_main/bram_u1/u_efx_fifo_top/xefx_fifo_ram/ram' WE[1] tied off to 1.
Memory instance 'ddr3_ctl_axi/u_efx_ddr3_soft_controller/genblk1.inst_ddr3_axi/inst_efx_ddr3/top_mc/controller_main/bram_u0/u_efx_fifo_top/xefx_fifo_ram/ram' WE[1] tied off to 1.
Memory instance 'u_axi4_ctrl/Gen_FIFO_W8.u_W0_FIFO_8/u_efx_fifo_top/xefx_fifo_ram/ram__D$g1' WE[1] tied off to 0.
Memory instance 'u_axi4_ctrl/Gen_FIFO_W8.u_W0_FIFO_8/u_efx_fifo_top/xefx_fifo_ram/ram__D$b12' WE[1] tied off to 0.
Memory instance 'u_axi4_ctrl/Gen_FIFO_W8.u_W0_FIFO_8/u_efx_fifo_top/xefx_fifo_ram/ram__D$12' WE[1] tied off to 0.
Memory instance 'u_axi4_ctrl/Gen_FIFO_W8.u_W0_FIFO_8/u_efx_fifo_top/xefx_fifo_ram/ram__D$2' WE[1] tied off to 0.
Memory instance 'u_axi4_ctrl/Gen_FIFO_W8.u_W0_FIFO_8/u_efx_fifo_top/xefx_fifo_ram/ram__D$c12' WE[1] tied off to 0.
Memory instance 'u_axi4_ctrl/Gen_FIFO_W8.u_W0_FIFO_8/u_efx_fifo_top/xefx_fifo_ram/ram__D$d12' WE[1] tied off to 0.
Memory instance 'u_axi4_ctrl/Gen_FIFO_W8.u_W0_FIFO_8/u_efx_fifo_top/xefx_fifo_ram/ram__D$e12' WE[1] tied off to 0.
Memory instance 'u_axi4_ctrl/Gen_FIFO_W8.u_W0_FIFO_8/u_efx_fifo_top/xefx_fifo_ram/ram__D$f12' WE[1] tied off to 0.
Memory instance 'u_parallel/u_canny/u_med_window/prev_line_1__D$2' WE[1] tied off to 0.
Memory instance 'u_parallel/u_canny/u_med_window/prev_line_2__D$2' WE[1] tied off to 0.
Memory instance 'u_parallel/u_canny/u_med_window/prev_line_1__D$1' WE[1] tied off to 0.
Memory instance 'u_parallel/u_canny/u_med_window/prev_line_2__D$1' WE[1] tied off to 0.
Memory instance 'u_parallel/u_canny/u_grad_window/prev_line_1__D$2' WE[1] tied off to 0.
Memory instance 'u_parallel/u_canny/u_grad_window/prev_line_2__D$2' WE[1] tied off to 0.
Memory instance 'u_parallel/u_canny/u_grad_window/prev_line_1__D$1' WE[1] tied off to 0.
Memory instance 'u_parallel/u_canny/u_grad_window/prev_line_2__D$1' WE[1] tied off to 0.
Memory instance 'u_parallel/u_canny/g_gaussian.u_window/prev_line_1__D$2' WE[1] tied off to 0.
Memory instance 'u_parallel/u_canny/g_gaussian.u_window/prev_line_2__D$2' WE[1] tied off to 0.
Memory instance 'u_parallel/u_canny/g_gaussian.u_window/prev_line_1__D$1' WE[1] tied off to 0.
Memory instance 'u_parallel/u_canny/g_gaussian.u_window/prev_line_2__D$1' WE[1] tied off to 0.
Memory instance 'u_parallel/u_canny/u_nms_window/prev_line_1__D$2' WE[1] tied off to 0.
Memory instance 'u_parallel/u_canny/u_nms_window/prev_line_2__D$2' WE[1] tied off to 0.
Memory instance 'u_parallel/u_canny/u_nms_window/prev_line_1__D$12' WE[1] tied off to 0.
Memory instance 'u_parallel/u_canny/u_nms_window/prev_line_2__D$12' WE[1] tied off to 0.
Memory instance 'u_parallel/u_canny/u_nms_window/prev_line_1__D$b1' WE[1] tied off to 0.
Memory instance 'u_parallel/u_canny/u_nms_window/prev_line_2__D$b1' WE[1] tied off to 0.
Memory instance 'u_parallel/u_canny/u_hys_window/prev_line_2' WE[1] tied off to 0.
Memory instance 'u_parallel/u_canny/u_hys_window/prev_line_1' WE[1] tied off to 0.
Memory instance 'u_parallel/u_video_delay/mem__D$G12' WE[1] tied off to 0.
Memory instance 'u_parallel/u_video_delay/mem__D$b12' WE[1] tied off to 0.
Memory instance 'u_parallel/u_video_delay/mem__D$12' WE[1] tied off to 0.
Memory instance 'u_parallel/u_video_delay/mem__D$H12' WE[1] tied off to 0.
Memory instance 'u_parallel/u_video_delay/mem__D$2' WE[1] tied off to 0.
Memory instance 'u_parallel/u_video_delay/mem__D$F12' WE[1] tied off to 0.
Memory instance 'u_parallel/u_video_delay/mem__D$E12' WE[1] tied off to 0.
Memory instance 'u_parallel/u_video_delay/mem__D$v12' WE[1] tied off to 0.
Memory instance 'u_parallel/u_video_delay/mem__D$w12' WE[1] tied off to 0.
Memory instance 'u_parallel/u_video_delay/mem__D$x12' WE[1] tied off to 0.
Memory instance 'u_parallel/u_video_delay/mem__D$y12' WE[1] tied off to 0.
Memory instance 'u_parallel/u_video_delay/mem__D$z12' WE[1] tied off to 0.
Memory instance 'u_parallel/u_video_delay/mem__D$A12' WE[1] tied off to 0.
Memory instance 'u_parallel/u_video_delay/mem__D$B12' WE[1] tied off to 0.
Memory instance 'u_parallel/u_video_delay/mem__D$C12' WE[1] tied off to 0.
Memory instance 'u_parallel/u_video_delay/mem__D$D12' WE[1] tied off to 0.
Memory instance 'u_parallel/u_video_delay/mem__D$M1' WE[1] tied off to 0.
Memory instance 'u_parallel/u_video_delay/mem__D$L12' WE[1] tied off to 0.
Memory instance 'u_parallel/u_video_delay/mem__D$t12' WE[1] tied off to 0.
Memory instance 'u_parallel/u_video_delay/mem__D$K12' WE[1] tied off to 0.
Memory instance 'u_parallel/u_video_delay/mem__D$J12' WE[1] tied off to 0.
Memory instance 'u_parallel/u_video_delay/mem__D$I12' WE[1] tied off to 0.
Memory instance 'u_parallel/u_video_delay/mem__D$c12' WE[1] tied off to 0.
Memory instance 'u_parallel/u_video_delay/mem__D$d12' WE[1] tied off to 0.
Memory instance 'u_parallel/u_video_delay/mem__D$e12' WE[1] tied off to 0.
Memory instance 'u_parallel/u_video_delay/mem__D$f12' WE[1] tied off to 0.
Memory instance 'u_parallel/u_video_delay/mem__D$g12' WE[1] tied off to 0.
Memory instance 'u_parallel/u_video_delay/mem__D$h12' WE[1] tied off to 0.
Memory instance 'u_parallel/u_video_delay/mem__D$i12' WE[1] tied off to 0.
Memory instance 'u_parallel/u_video_delay/mem__D$j12' WE[1] tied off to 0.
Memory instance 'u_parallel/u_video_delay/mem__D$k12' WE[1] tied off to 0.
Memory instance 'u_parallel/u_video_delay/mem__D$l12' WE[1] tied off to 0.
Memory instance 'u_parallel/u_video_delay/mem__D$m12' WE[1] tied off to 0.
Memory instance 'u_parallel/u_video_delay/mem__D$n12' WE[1] tied off to 0.
Memory instance 'u_parallel/u_video_delay/mem__D$o12' WE[1] tied off to 0.
Memory instance 'u_parallel/u_video_delay/mem__D$p12' WE[1] tied off to 0.
Memory instance 'u_parallel/u_video_delay/mem__D$q12' WE[1] tied off to 0.
Memory instance 'u_parallel/u_video_delay/mem__D$r12' WE[1] tied off to 0.
Memory instance 'u_parallel/u_video_delay/mem__D$s12' WE[1] tied off to 0.
Memory instance 'u_parallel/u_video_delay/mem__D$u12' WE[1] tied off to 0.
Memory instance 'u_parallel/u_morph/a/prev_line_2' WE[1] tied off to 0.
Memory instance 'u_parallel/u_morph/a/prev_line_1' WE[1] tied off to 0.
Memory instance 'u_parallel/u_morph/b/prev_line_2' WE[1] tied off to 0.
Memory instance 'u_parallel/u_morph/b/prev_line_1' WE[1] tied off to 0.
Memory instance 'u_parallel/u_mask_delay/mem__D$b12' WE[1] tied off to 0.
Memory instance 'u_parallel/u_mask_delay/mem__D$12' WE[1] tied off to 0.
Memory instance 'u_parallel/u_mask_delay/mem__D$2' WE[1] tied off to 0.
Memory instance 'u_parallel/u_mask_delay/mem__D$c12' WE[1] tied off to 0.
Memory instance 'u_parallel/u_mask_delay/mem__D$d12' WE[1] tied off to 0.
Memory instance 'u_parallel/u_mask_delay/mem__D$e12' WE[1] tied off to 0.
Memory instance 'u_parallel/u_mask_delay/mem__D$f12' WE[1] tied off to 0.
Memory instance 'u_parallel/u_mask_delay/mem__D$g12' WE[1] tied off to 0.
Memory instance 'u_parallel/u_mask_delay/mem__D$h12' WE[1] tied off to 0.
Memory instance 'u_parallel/u_mask_delay/mem__D$i12' WE[1] tied off to 0.
Memory instance 'u_parallel/u_mask_delay/mem__D$j12' WE[1] tied off to 0.
Memory instance 'u_parallel/u_early_debug_delay/mem__D$b12' WE[1] tied off to 0.
Memory instance 'u_parallel/u_early_debug_delay/mem__D$2' WE[1] tied off to 0.
Memory instance 'u_parallel/u_early_debug_delay/mem__D$12' WE[1] tied off to 0.
Memory instance 'u_parallel/u_early_debug_delay/mem__D$d12' WE[1] tied off to 0.
Memory instance 'u_parallel/u_early_debug_delay/mem__D$g12' WE[1] tied off to 0.
Memory instance 'u_parallel/u_early_debug_delay/mem__D$h1' WE[1] tied off to 0.
Memory instance 'u_parallel/u_early_debug_delay/mem__D$c12' WE[1] tied off to 0.
Memory instance 'u_parallel/u_early_debug_delay/mem__D$e12' WE[1] tied off to 0.
Memory instance 'u_parallel/u_early_debug_delay/mem__D$f12' WE[1] tied off to 0.
Memory instance 'u_parallel/u_window_debug_delay/mem__D$b12' WE[1] tied off to 0.
Memory instance 'u_parallel/u_window_debug_delay/mem__D$12' WE[1] tied off to 0.
Memory instance 'u_parallel/u_window_debug_delay/mem__D$2' WE[1] tied off to 0.
Memory instance 'u_parallel/u_window_debug_delay/mem__D$c12' WE[1] tied off to 0.
Memory instance 'u_parallel/u_window_debug_delay/mem__D$d1' WE[1] tied off to 0.
Memory instance 'u_parallel/u_raw_preview_delay/mem__D$b12' WE[1] tied off to 0.
Memory instance 'u_parallel/u_raw_preview_delay/mem__D$2' WE[1] tied off to 0.
Memory instance 'u_parallel/u_raw_preview_delay/mem__D$12' WE[1] tied off to 0.
Memory instance 'u_parallel/u_raw_preview_delay/mem__D$h12' WE[1] tied off to 0.
Memory instance 'u_parallel/u_raw_preview_delay/mem__D$k12' WE[1] tied off to 0.
Memory instance 'u_parallel/u_raw_preview_delay/mem__D$l12' WE[1] tied off to 0.
Memory instance 'u_parallel/u_raw_preview_delay/mem__D$m12' WE[1] tied off to 0.
Memory instance 'u_parallel/u_raw_preview_delay/mem__D$n12' WE[1] tied off to 0.
Memory instance 'u_parallel/u_raw_preview_delay/mem__D$o12' WE[1] tied off to 0.
Memory instance 'u_parallel/u_raw_preview_delay/mem__D$p1' WE[1] tied off to 0.
Memory instance 'u_parallel/u_raw_preview_delay/mem__D$c12' WE[1] tied off to 0.
Memory instance 'u_parallel/u_raw_preview_delay/mem__D$d12' WE[1] tied off to 0.
Memory instance 'u_parallel/u_raw_preview_delay/mem__D$e12' WE[1] tied off to 0.
Memory instance 'u_parallel/u_raw_preview_delay/mem__D$f12' WE[1] tied off to 0.
Memory instance 'u_parallel/u_raw_preview_delay/mem__D$g12' WE[1] tied off to 0.
Memory instance 'u_parallel/u_raw_preview_delay/mem__D$i12' WE[1] tied off to 0.
Memory instance 'u_parallel/u_raw_preview_delay/mem__D$j12' WE[1] tied off to 0.
Memory instance 'u_parallel/u_regions/queue__D$0m12' WE[1] tied off to 0.
Memory instance 'u_parallel/u_regions/queue__D$3m12' WE[1] tied off to 0.
Memory instance 'u_parallel/u_regions/queue__D$32' WE[1] tied off to 0.
Memory instance 'u_parallel/u_regions/queue__D$02' WE[1] tied off to 0.
Memory instance 'u_parallel/u_regions/queue__D$3n1' WE[1] tied off to 0.
Memory instance 'u_parallel/u_regions/queue__D$3l12' WE[1] tied off to 0.
Memory instance 'u_parallel/u_regions/queue__D$3k12' WE[1] tied off to 0.
Memory instance 'u_parallel/u_regions/queue__D$3j12' WE[1] tied off to 0.
Memory instance 'u_parallel/u_regions/queue__D$3i12' WE[1] tied off to 0.
Memory instance 'u_parallel/u_regions/queue__D$3h12' WE[1] tied off to 0.
Memory instance 'u_parallel/u_regions/queue__D$3g12' WE[1] tied off to 0.
Memory instance 'u_parallel/u_regions/queue__D$3f12' WE[1] tied off to 0.
Memory instance 'u_parallel/u_regions/queue__D$3e12' WE[1] tied off to 0.
Memory instance 'u_parallel/u_regions/queue__D$3d12' WE[1] tied off to 0.
Memory instance 'u_parallel/u_regions/queue__D$3c12' WE[1] tied off to 0.
Memory instance 'u_parallel/u_regions/queue__D$3b12' WE[1] tied off to 0.
Memory instance 'u_parallel/u_regions/queue__D$312' WE[1] tied off to 0.
Memory instance 'u_parallel/u_regions/queue__D$0n1' WE[1] tied off to 0.
Memory instance 'u_parallel/u_regions/queue__D$0l12' WE[1] tied off to 0.
Memory instance 'u_parallel/u_regions/queue__D$0k12' WE[1] tied off to 0.
Memory instance 'u_parallel/u_regions/queue__D$0j12' WE[1] tied off to 0.
Memory instance 'u_parallel/u_regions/queue__D$0i12' WE[1] tied off to 0.
Memory instance 'u_parallel/u_regions/queue__D$0h12' WE[1] tied off to 0.
Memory instance 'u_parallel/u_regions/queue__D$0g12' WE[1] tied off to 0.
Memory instance 'u_parallel/u_regions/queue__D$0f12' WE[1] tied off to 0.
Memory instance 'u_parallel/u_regions/queue__D$0e12' WE[1] tied off to 0.
Memory instance 'u_parallel/u_regions/queue__D$0d12' WE[1] tied off to 0.
Memory instance 'u_parallel/u_regions/queue__D$0c12' WE[1] tied off to 0.
Memory instance 'u_parallel/u_regions/queue__D$0b12' WE[1] tied off to 0.
Memory instance 'u_parallel/u_regions/queue__D$012' WE[1] tied off to 0.
### ### Memory Trimming Report (end) ### ### ### 

### ### Sequential Elements Trimming Report (begin) ### ### ### 
FF|OPT : Flip-flop optimization by equivalence checking
@ "D:\yilingsi_fpga\Efinity_Project\2026.9.25\9.25.1_ding_Ti60F225_Canny_Face_Parallel\ip/DdrCtrl\DdrCtrl.sv (1599)" removed instance : ddr3_ctl_axi/u_efx_ddr3_soft_controller/genblk1.inst_ddr3_axi/inst_efx_ddr3/top_mc/fifo_rdpush/dff_63/i7
@ "D:\yilingsi_fpga\Efinity_Project\2026.9.25\9.25.1_ding_Ti60F225_Canny_Face_Parallel\ip/DdrCtrl\DdrCtrl.sv (1599)" representative instance : ddr3_ctl_axi/u_efx_ddr3_soft_controller/genblk1.inst_ddr3_axi/inst_efx_ddr3/top_mc/fifo_rdpush/dff_62/i7
FF|OPT : Flip-flop optimization by equivalence checking
@ "D:\yilingsi_fpga\Efinity_Project\2026.9.25\9.25.1_ding_Ti60F225_Canny_Face_Parallel\ip/DdrCtrl\DdrCtrl.sv (1599)" removed instance : ddr3_ctl_axi/u_efx_ddr3_soft_controller/genblk1.inst_ddr3_axi/inst_efx_ddr3/top_mc/fifo_ack/dff_63/i7
@ "D:\yilingsi_fpga\Efinity_Project\2026.9.25\9.25.1_ding_Ti60F225_Canny_Face_Parallel\ip/DdrCtrl\DdrCtrl.sv (1599)" representative instance : ddr3_ctl_axi/u_efx_ddr3_soft_controller/genblk1.inst_ddr3_axi/inst_efx_ddr3/top_mc/fifo_ack/dff_62/i7
FF|OPT : Flip-flop optimization by equivalence checking
@ "D:\yilingsi_fpga\Efinity_Project\2026.9.25\9.25.1_ding_Ti60F225_Canny_Face_Parallel\ip/DdrCtrl\DdrCtrl.sv (1599)" removed instance : ddr3_ctl_axi/u_efx_ddr3_soft_controller/genblk1.inst_ddr3_axi/inst_efx_ddr3/top_mc/fifo_ack/dff_55/i7
@ "D:\yilingsi_fpga\Efinity_Project\2026.9.25\9.25.1_ding_Ti60F225_Canny_Face_Parallel\ip/DdrCtrl\DdrCtrl.sv (1599)" representative instance : ddr3_ctl_axi/u_efx_ddr3_soft_controller/genblk1.inst_ddr3_axi/inst_efx_ddr3/top_mc/fifo_ack/dff_54/i7
FF|OPT : Flip-flop optimization by equivalence checking
@ "D:\yilingsi_fpga\Efinity_Project\2026.9.25\9.25.1_ding_Ti60F225_Canny_Face_Parallel\ip/DdrCtrl\DdrCtrl.sv (1599)" removed instance : ddr3_ctl_axi/u_efx_ddr3_soft_controller/genblk1.inst_ddr3_axi/inst_efx_ddr3/top_mc/fifo_wr/dff_63/i7
@ "D:\yilingsi_fpga\Efinity_Project\2026.9.25\9.25.1_ding_Ti60F225_Canny_Face_Parallel\ip/DdrCtrl\DdrCtrl.sv (1599)" representative instance : ddr3_ctl_axi/u_efx_ddr3_soft_controller/genblk1.inst_ddr3_axi/inst_efx_ddr3/top_mc/fifo_wr/dff_62/i7
FF|OPT : Flip-flop optimization by equivalence checking
@ "D:\yilingsi_fpga\Efinity_Project\2026.9.25\9.25.1_ding_Ti60F225_Canny_Face_Parallel\src\Sensor_Image_XYCrop.v (79)" removed instance : u_Sensor_Image_XYCrop/i8
@ "D:\yilingsi_fpga\Efinity_Project\2026.9.25\9.25.1_ding_Ti60F225_Canny_Face_Parallel\src\Sensor_Image_XYCrop.v (79)" representative instance : u_Sensor_Image_XYCrop/i10
FF|OPT : Flip-flop optimization by equivalence checking
@ "D:\yilingsi_fpga\Efinity_Project\2026.9.25\9.25.1_ding_Ti60F225_Canny_Face_Parallel\src\parallel\button_press.v (17)" removed instance : u_freeze_button/i24
@ "D:\yilingsi_fpga\Efinity_Project\2026.9.25\9.25.1_ding_Ti60F225_Canny_Face_Parallel\src\parallel\button_press.v (17)" representative instance : u_freeze_button/i23
FF|OPT : Flip-flop optimization by equivalence checking
@ "D:\yilingsi_fpga\Efinity_Project\2026.9.25\9.25.1_ding_Ti60F225_Canny_Face_Parallel\ip/DdrCtrl\DdrCtrl.sv (1599)" removed instance : ddr3_ctl_axi/u_efx_ddr3_soft_controller/genblk1.inst_ddr3_axi/inst_efx_ddr3/top_mc/fifo_aw/dff_55/i7
@ "D:\yilingsi_fpga\Efinity_Project\2026.9.25\9.25.1_ding_Ti60F225_Canny_Face_Parallel\ip/DdrCtrl\DdrCtrl.sv (1599)" representative instance : ddr3_ctl_axi/u_efx_ddr3_soft_controller/genblk1.inst_ddr3_axi/inst_efx_ddr3/top_mc/fifo_aw/dff_54/i7
FF|OPT : Flip-flop optimization by equivalence checking
@ "D:\yilingsi_fpga\Efinity_Project\2026.9.25\9.25.1_ding_Ti60F225_Canny_Face_Parallel\ip/DdrCtrl\DdrCtrl.sv (1599)" removed instance : ddr3_ctl_axi/u_efx_ddr3_soft_controller/genblk1.inst_ddr3_axi/inst_efx_ddr3/top_mc/fifo_ar/dff_55/i7
@ "D:\yilingsi_fpga\Efinity_Project\2026.9.25\9.25.1_ding_Ti60F225_Canny_Face_Parallel\ip/DdrCtrl\DdrCtrl.sv (1599)" representative instance : ddr3_ctl_axi/u_efx_ddr3_soft_controller/genblk1.inst_ddr3_axi/inst_efx_ddr3/top_mc/fifo_ar/dff_54/i7
FF|OPT : Flip-flop optimization by equivalence checking
@ "D:\yilingsi_fpga\Efinity_Project\2026.9.25\9.25.1_ding_Ti60F225_Canny_Face_Parallel\ip/DdrCtrl\DdrCtrl.sv (1599)" removed instance : ddr3_ctl_axi/u_efx_ddr3_soft_controller/genblk1.inst_ddr3_axi/inst_efx_ddr3/top_mc/fifo_aw/dff_63/i7
@ "D:\yilingsi_fpga\Efinity_Project\2026.9.25\9.25.1_ding_Ti60F225_Canny_Face_Parallel\ip/DdrCtrl\DdrCtrl.sv (1599)" representative instance : ddr3_ctl_axi/u_efx_ddr3_soft_controller/genblk1.inst_ddr3_axi/inst_efx_ddr3/top_mc/fifo_aw/dff_62/i7
FF|OPT : Flip-flop optimization by equivalence checking
@ "D:\yilingsi_fpga\Efinity_Project\2026.9.25\9.25.1_ding_Ti60F225_Canny_Face_Parallel\ip/DdrCtrl\DdrCtrl.sv (1599)" removed instance : ddr3_ctl_axi/u_efx_ddr3_soft_controller/genblk1.inst_ddr3_axi/inst_efx_ddr3/top_mc/fifo_wr/dff_55/i7
@ "D:\yilingsi_fpga\Efinity_Project\2026.9.25\9.25.1_ding_Ti60F225_Canny_Face_Parallel\ip/DdrCtrl\DdrCtrl.sv (1599)" representative instance : ddr3_ctl_axi/u_efx_ddr3_soft_controller/genblk1.inst_ddr3_axi/inst_efx_ddr3/top_mc/fifo_wr/dff_54/i7
FF|OPT : Flip-flop optimization by equivalence checking
@ "D:\yilingsi_fpga\Efinity_Project\2026.9.25\9.25.1_ding_Ti60F225_Canny_Face_Parallel\ip/DdrCtrl\DdrCtrl.sv (1599)" removed instance : ddr3_ctl_axi/u_efx_ddr3_soft_controller/genblk1.inst_ddr3_axi/inst_efx_ddr3/top_mc/fifo_ar/dff_63/i7
@ "D:\yilingsi_fpga\Efinity_Project\2026.9.25\9.25.1_ding_Ti60F225_Canny_Face_Parallel\ip/DdrCtrl\DdrCtrl.sv (1599)" representative instance : ddr3_ctl_axi/u_efx_ddr3_soft_controller/genblk1.inst_ddr3_axi/inst_efx_ddr3/top_mc/fifo_ar/dff_62/i7
FF|OPT : Flip-flop optimization by equivalence checking
@ "D:\yilingsi_fpga\Efinity_Project\2026.9.25\9.25.1_ding_Ti60F225_Canny_Face_Parallel\ip/DdrCtrl\DdrCtrl.sv (1599)" removed instance : ddr3_ctl_axi/u_efx_ddr3_soft_controller/genblk1.inst_ddr3_axi/inst_efx_ddr3/top_mc/fifo_rdpush/dff_55/i7
@ "D:\yilingsi_fpga\Efinity_Project\2026.9.25\9.25.1_ding_Ti60F225_Canny_Face_Parallel\ip/DdrCtrl\DdrCtrl.sv (1599)" representative instance : ddr3_ctl_axi/u_efx_ddr3_soft_controller/genblk1.inst_ddr3_axi/inst_efx_ddr3/top_mc/fifo_rdpush/dff_54/i7
FF|OPT : Flip-flop optimization by equivalence checking
@ "D:\yilingsi_fpga\Efinity_Project\2026.9.25\9.25.1_ding_Ti60F225_Canny_Face_Parallel\ip/DdrCtrl\DdrCtrl.sv (3274)" removed instance : ddr3_ctl_axi/u_efx_ddr3_soft_controller/genblk1.inst_ddr3_axi/inst_efx_ddr3/dff_734/i90
@ "D:\yilingsi_fpga\Efinity_Project\2026.9.25\9.25.1_ding_Ti60F225_Canny_Face_Parallel\ip/DdrCtrl\DdrCtrl.sv (3274)" representative instance : ddr3_ctl_axi/u_efx_ddr3_soft_controller/genblk1.inst_ddr3_axi/inst_efx_ddr3/dff_734/i86
FF|OPT : Flip-flop optimization by equivalence checking
@ "D:\yilingsi_fpga\Efinity_Project\2026.9.25\9.25.1_ding_Ti60F225_Canny_Face_Parallel\ip/DdrCtrl\DdrCtrl.sv (3274)" removed instance : ddr3_ctl_axi/u_efx_ddr3_soft_controller/genblk1.inst_ddr3_axi/inst_efx_ddr3/dff_734/i96
@ "D:\yilingsi_fpga\Efinity_Project\2026.9.25\9.25.1_ding_Ti60F225_Canny_Face_Parallel\ip/DdrCtrl\DdrCtrl.sv (3274)" representative instance : ddr3_ctl_axi/u_efx_ddr3_soft_controller/genblk1.inst_ddr3_axi/inst_efx_ddr3/dff_734/i88
FF|OPT : Flip-flop optimization by equivalence checking
@ "D:\yilingsi_fpga\Efinity_Project\2026.9.25\9.25.1_ding_Ti60F225_Canny_Face_Parallel\ip/DdrCtrl\DdrCtrl.sv (3274)" removed instance : ddr3_ctl_axi/u_efx_ddr3_soft_controller/genblk1.inst_ddr3_axi/inst_efx_ddr3/dff_734/i98
@ "D:\yilingsi_fpga\Efinity_Project\2026.9.25\9.25.1_ding_Ti60F225_Canny_Face_Parallel\ip/DdrCtrl\DdrCtrl.sv (3274)" representative instance : ddr3_ctl_axi/u_efx_ddr3_soft_controller/genblk1.inst_ddr3_axi/inst_efx_ddr3/dff_734/i89
FF|OPT : Flip-flop optimization by equivalence checking
@ "D:\yilingsi_fpga\Efinity_Project\2026.9.25\9.25.1_ding_Ti60F225_Canny_Face_Parallel\ip/DdrCtrl\DdrCtrl.sv (3274)" removed instance : ddr3_ctl_axi/u_efx_ddr3_soft_controller/genblk1.inst_ddr3_axi/inst_efx_ddr3/dff_734/i99
@ "D:\yilingsi_fpga\Efinity_Project\2026.9.25\9.25.1_ding_Ti60F225_Canny_Face_Parallel\ip/DdrCtrl\DdrCtrl.sv (3274)" representative instance : ddr3_ctl_axi/u_efx_ddr3_soft_controller/genblk1.inst_ddr3_axi/inst_efx_ddr3/dff_734/i91
FF|OPT : Flip-flop optimization by equivalence checking
@ "D:\yilingsi_fpga\Efinity_Project\2026.9.25\9.25.1_ding_Ti60F225_Canny_Face_Parallel\ip/DdrCtrl\DdrCtrl.sv (3274)" removed instance : ddr3_ctl_axi/u_efx_ddr3_soft_controller/genblk1.inst_ddr3_axi/inst_efx_ddr3/dff_734/i101
@ "D:\yilingsi_fpga\Efinity_Project\2026.9.25\9.25.1_ding_Ti60F225_Canny_Face_Parallel\ip/DdrCtrl\DdrCtrl.sv (3274)" representative instance : ddr3_ctl_axi/u_efx_ddr3_soft_controller/genblk1.inst_ddr3_axi/inst_efx_ddr3/dff_734/i95
FF|OPT : Flip-flop optimization by equivalence checking
@ "D:\yilingsi_fpga\Efinity_Project\2026.9.25\9.25.1_ding_Ti60F225_Canny_Face_Parallel\ip/DdrCtrl\DdrCtrl.sv (3274)" removed instance : ddr3_ctl_axi/u_efx_ddr3_soft_controller/genblk1.inst_ddr3_axi/inst_efx_ddr3/dff_734/i102
@ "D:\yilingsi_fpga\Efinity_Project\2026.9.25\9.25.1_ding_Ti60F225_Canny_Face_Parallel\ip/DdrCtrl\DdrCtrl.sv (3274)" representative instance : ddr3_ctl_axi/u_efx_ddr3_soft_controller/genblk1.inst_ddr3_axi/inst_efx_ddr3/dff_734/i89
FF|OPT : Flip-flop optimization by equivalence checking
@ "D:\yilingsi_fpga\Efinity_Project\2026.9.25\9.25.1_ding_Ti60F225_Canny_Face_Parallel\ip/DdrCtrl\DdrCtrl.sv (3274)" removed instance : ddr3_ctl_axi/u_efx_ddr3_soft_controller/genblk1.inst_ddr3_axi/inst_efx_ddr3/dff_734/i103
@ "D:\yilingsi_fpga\Efinity_Project\2026.9.25\9.25.1_ding_Ti60F225_Canny_Face_Parallel\ip/DdrCtrl\DdrCtrl.sv (3274)" representative instance : ddr3_ctl_axi/u_efx_ddr3_soft_controller/genblk1.inst_ddr3_axi/inst_efx_ddr3/dff_734/i91
FF|OPT : Flip-flop optimization by equivalence checking
@ "D:\yilingsi_fpga\Efinity_Project\2026.9.25\9.25.1_ding_Ti60F225_Canny_Face_Parallel\ip/DdrCtrl\DdrCtrl.sv (3274)" removed instance : ddr3_ctl_axi/u_efx_ddr3_soft_controller/genblk1.inst_ddr3_axi/inst_efx_ddr3/dff_734/i104
@ "D:\yilingsi_fpga\Efinity_Project\2026.9.25\9.25.1_ding_Ti60F225_Canny_Face_Parallel\ip/DdrCtrl\DdrCtrl.sv (3274)" representative instance : ddr3_ctl_axi/u_efx_ddr3_soft_controller/genblk1.inst_ddr3_axi/inst_efx_ddr3/dff_734/i95
FF|OPT : Flip-flop optimization by equivalence checking
@ "D:\yilingsi_fpga\Efinity_Project\2026.9.25\9.25.1_ding_Ti60F225_Canny_Face_Parallel\ip/DdrCtrl\DdrCtrl.sv (3274)" removed instance : ddr3_ctl_axi/u_efx_ddr3_soft_controller/genblk1.inst_ddr3_axi/inst_efx_ddr3/dff_734/i1
@ "D:\yilingsi_fpga\Efinity_Project\2026.9.25\9.25.1_ding_Ti60F225_Canny_Face_Parallel\ip/DdrCtrl\DdrCtrl.sv (3274)" representative instance : ddr3_ctl_axi/u_efx_ddr3_soft_controller/genblk1.inst_ddr3_axi/inst_efx_ddr3/dff_734/i92
FF|OPT : Flip-flop optimization by equivalence checking
@ "D:\yilingsi_fpga\Efinity_Project\2026.9.25\9.25.1_ding_Ti60F225_Canny_Face_Parallel\ip/DdrCtrl\DdrCtrl.sv (3274)" removed instance : ddr3_ctl_axi/u_efx_ddr3_soft_controller/genblk1.inst_ddr3_axi/inst_efx_ddr3/dff_734/i3
@ "D:\yilingsi_fpga\Efinity_Project\2026.9.25\9.25.1_ding_Ti60F225_Canny_Face_Parallel\ip/DdrCtrl\DdrCtrl.sv (3274)" representative instance : ddr3_ctl_axi/u_efx_ddr3_soft_controller/genblk1.inst_ddr3_axi/inst_efx_ddr3/dff_734/i88
FF|OPT : Flip-flop optimization by equivalence checking
@ "D:\yilingsi_fpga\Efinity_Project\2026.9.25\9.25.1_ding_Ti60F225_Canny_Face_Parallel\ip/DdrCtrl\DdrCtrl.sv (3274)" removed instance : ddr3_ctl_axi/u_efx_ddr3_soft_controller/genblk1.inst_ddr3_axi/inst_efx_ddr3/dff_734/i4
@ "D:\yilingsi_fpga\Efinity_Project\2026.9.25\9.25.1_ding_Ti60F225_Canny_Face_Parallel\ip/DdrCtrl\DdrCtrl.sv (3274)" representative instance : ddr3_ctl_axi/u_efx_ddr3_soft_controller/genblk1.inst_ddr3_axi/inst_efx_ddr3/dff_734/i94
FF|OPT : Flip-flop optimization by equivalence checking
@ "D:\yilingsi_fpga\Efinity_Project\2026.9.25\9.25.1_ding_Ti60F225_Canny_Face_Parallel\ip/DdrCtrl\DdrCtrl.sv (3274)" removed instance : ddr3_ctl_axi/u_efx_ddr3_soft_controller/genblk1.inst_ddr3_axi/inst_efx_ddr3/dff_734/i6
@ "D:\yilingsi_fpga\Efinity_Project\2026.9.25\9.25.1_ding_Ti60F225_Canny_Face_Parallel\ip/DdrCtrl\DdrCtrl.sv (3274)" representative instance : ddr3_ctl_axi/u_efx_ddr3_soft_controller/genblk1.inst_ddr3_axi/inst_efx_ddr3/dff_734/i88
FF|OPT : Flip-flop optimization by equivalence checking
@ "D:\yilingsi_fpga\Efinity_Project\2026.9.25\9.25.1_ding_Ti60F225_Canny_Face_Parallel\ip/DdrCtrl\DdrCtrl.sv (3274)" removed instance : ddr3_ctl_axi/u_efx_ddr3_soft_controller/genblk1.inst_ddr3_axi/inst_efx_ddr3/dff_734/i7
@ "D:\yilingsi_fpga\Efinity_Project\2026.9.25\9.25.1_ding_Ti60F225_Canny_Face_Parallel\ip/DdrCtrl\DdrCtrl.sv (3274)" representative instance : ddr3_ctl_axi/u_efx_ddr3_soft_controller/genblk1.inst_ddr3_axi/inst_efx_ddr3/dff_734/i5
FF|OPT : Flip-flop optimization by equivalence checking
@ "D:\yilingsi_fpga\Efinity_Project\2026.9.25\9.25.1_ding_Ti60F225_Canny_Face_Parallel\ip/DdrCtrl\DdrCtrl.sv (3274)" removed instance : ddr3_ctl_axi/u_efx_ddr3_soft_controller/genblk1.inst_ddr3_axi/inst_efx_ddr3/dff_734/i8
@ "D:\yilingsi_fpga\Efinity_Project\2026.9.25\9.25.1_ding_Ti60F225_Canny_Face_Parallel\ip/DdrCtrl\DdrCtrl.sv (3274)" representative instance : ddr3_ctl_axi/u_efx_ddr3_soft_controller/genblk1.inst_ddr3_axi/inst_efx_ddr3/dff_734/i86
FF|OPT : Flip-flop optimization by equivalence checking
@ "D:\yilingsi_fpga\Efinity_Project\2026.9.25\9.25.1_ding_Ti60F225_Canny_Face_Parallel\ip/DdrCtrl\DdrCtrl.sv (3274)" removed instance : ddr3_ctl_axi/u_efx_ddr3_soft_controller/genblk1.inst_ddr3_axi/inst_efx_ddr3/dff_734/i9
@ "D:\yilingsi_fpga\Efinity_Project\2026.9.25\9.25.1_ding_Ti60F225_Canny_Face_Parallel\ip/DdrCtrl\DdrCtrl.sv (3274)" representative instance : ddr3_ctl_axi/u_efx_ddr3_soft_controller/genblk1.inst_ddr3_axi/inst_efx_ddr3/dff_734/i2
FF|OPT : Flip-flop optimization by equivalence checking
@ "D:\yilingsi_fpga\Efinity_Project\2026.9.25\9.25.1_ding_Ti60F225_Canny_Face_Parallel\ip/DdrCtrl\DdrCtrl.sv (3274)" removed instance : ddr3_ctl_axi/u_efx_ddr3_soft_controller/genblk1.inst_ddr3_axi/inst_efx_ddr3/dff_734/i10
@ "D:\yilingsi_fpga\Efinity_Project\2026.9.25\9.25.1_ding_Ti60F225_Canny_Face_Parallel\ip/DdrCtrl\DdrCtrl.sv (3274)" representative instance : ddr3_ctl_axi/u_efx_ddr3_soft_controller/genblk1.inst_ddr3_axi/inst_efx_ddr3/dff_734/i5
FF|OPT : Flip-flop optimization by equivalence checking
@ "D:\yilingsi_fpga\Efinity_Project\2026.9.25\9.25.1_ding_Ti60F225_Canny_Face_Parallel\ip/DdrCtrl\DdrCtrl.sv (3274)" removed instance : ddr3_ctl_axi/u_efx_ddr3_soft_controller/genblk1.inst_ddr3_axi/inst_efx_ddr3/dff_734/i11
@ "D:\yilingsi_fpga\Efinity_Project\2026.9.25\9.25.1_ding_Ti60F225_Canny_Face_Parallel\ip/DdrCtrl\DdrCtrl.sv (3274)" representative instance : ddr3_ctl_axi/u_efx_ddr3_soft_controller/genblk1.inst_ddr3_axi/inst_efx_ddr3/dff_734/i2
FF|OPT : Flip-flop optimization by equivalence checking
@ "D:\yilingsi_fpga\Efinity_Project\2026.9.25\9.25.1_ding_Ti60F225_Canny_Face_Parallel\ip/DdrCtrl\DdrCtrl.sv (3274)" removed instance : ddr3_ctl_axi/u_efx_ddr3_soft_controller/genblk1.inst_ddr3_axi/inst_efx_ddr3/dff_734/i12
@ "D:\yilingsi_fpga\Efinity_Project\2026.9.25\9.25.1_ding_Ti60F225_Canny_Face_Parallel\ip/DdrCtrl\DdrCtrl.sv (3274)" representative instance : ddr3_ctl_axi/u_efx_ddr3_soft_controller/genblk1.inst_ddr3_axi/inst_efx_ddr3/dff_734/i94
FF|OPT : Flip-flop optimization by equivalence checking
@ "D:\yilingsi_fpga\Efinity_Project\2026.9.25\9.25.1_ding_Ti60F225_Canny_Face_Parallel\ip/DdrCtrl\DdrCtrl.sv (3274)" removed instance : ddr3_ctl_axi/u_efx_ddr3_soft_controller/genblk1.inst_ddr3_axi/inst_efx_ddr3/dff_734/i13
@ "D:\yilingsi_fpga\Efinity_Project\2026.9.25\9.25.1_ding_Ti60F225_Canny_Face_Parallel\ip/DdrCtrl\DdrCtrl.sv (3274)" representative instance : ddr3_ctl_axi/u_efx_ddr3_soft_controller/genblk1.inst_ddr3_axi/inst_efx_ddr3/dff_734/i92
FF|OPT : Flip-flop optimization by equivalence checking
@ "D:\yilingsi_fpga\Efinity_Project\2026.9.25\9.25.1_ding_Ti60F225_Canny_Face_Parallel\ip/DdrCtrl\DdrCtrl.sv (3274)" removed instance : ddr3_ctl_axi/u_efx_ddr3_soft_controller/genblk1.inst_ddr3_axi/inst_efx_ddr3/dff_734/i14
@ "D:\yilingsi_fpga\Efinity_Project\2026.9.25\9.25.1_ding_Ti60F225_Canny_Face_Parallel\ip/DdrCtrl\DdrCtrl.sv (3274)" representative instance : ddr3_ctl_axi/u_efx_ddr3_soft_controller/genblk1.inst_ddr3_axi/inst_efx_ddr3/dff_734/i5
FF|OPT : Flip-flop optimization by equivalence checking
@ "D:\yilingsi_fpga\Efinity_Project\2026.9.25\9.25.1_ding_Ti60F225_Canny_Face_Parallel\ip/DdrCtrl\DdrCtrl.sv (3274)" removed instance : ddr3_ctl_axi/u_efx_ddr3_soft_controller/genblk1.inst_ddr3_axi/inst_efx_ddr3/dff_734/i15
@ "D:\yilingsi_fpga\Efinity_Project\2026.9.25\9.25.1_ding_Ti60F225_Canny_Face_Parallel\ip/DdrCtrl\DdrCtrl.sv (3274)" representative instance : ddr3_ctl_axi/u_efx_ddr3_soft_controller/genblk1.inst_ddr3_axi/inst_efx_ddr3/dff_734/i88
FF|OPT : Flip-flop optimization by equivalence checking
@ "D:\yilingsi_fpga\Efinity_Project\2026.9.25\9.25.1_ding_Ti60F225_Canny_Face_Parallel\ip/DdrCtrl\DdrCtrl.sv (3274)" removed instance : ddr3_ctl_axi/u_efx_ddr3_soft_controller/genblk1.inst_ddr3_axi/inst_efx_ddr3/dff_734/i16
@ "D:\yilingsi_fpga\Efinity_Project\2026.9.25\9.25.1_ding_Ti60F225_Canny_Face_Parallel\ip/DdrCtrl\DdrCtrl.sv (3274)" representative instance : ddr3_ctl_axi/u_efx_ddr3_soft_controller/genblk1.inst_ddr3_axi/inst_efx_ddr3/dff_734/i86
FF|OPT : Flip-flop optimization by equivalence checking
@ "D:\yilingsi_fpga\Efinity_Project\2026.9.25\9.25.1_ding_Ti60F225_Canny_Face_Parallel\ip/DdrCtrl\DdrCtrl.sv (1460)" removed instance : ddr3_ctl_axi/u_efx_ddr3_soft_controller/genblk1.inst_ddr3_axi/inst_efx_ddr3/top_mc/controller_main/dffrs_2527/i10_rst_0
@ "D:\yilingsi_fpga\Efinity_Project\2026.9.25\9.25.1_ding_Ti60F225_Canny_Face_Parallel\ip/DdrCtrl\DdrCtrl.sv (1460)" representative instance : ddr3_ctl_axi/u_efx_ddr3_soft_controller/genblk1.inst_ddr3_axi/inst_efx_ddr3/top_mc/controller_main/dffrs_2527/i94_rst_0
FF|OPT : Flip-flop optimization by equivalence checking
@ "D:\yilingsi_fpga\Efinity_Project\2026.9.25\9.25.1_ding_Ti60F225_Canny_Face_Parallel\ip/DdrCtrl\DdrCtrl.sv (1460)" removed instance : ddr3_ctl_axi/u_efx_ddr3_soft_controller/genblk1.inst_ddr3_axi/inst_efx_ddr3/top_mc/controller_main/dffrs_2527/i10_rst_1
@ "D:\yilingsi_fpga\Efinity_Project\2026.9.25\9.25.1_ding_Ti60F225_Canny_Face_Parallel\ip/DdrCtrl\DdrCtrl.sv (1460)" representative instance : ddr3_ctl_axi/u_efx_ddr3_soft_controller/genblk1.inst_ddr3_axi/inst_efx_ddr3/top_mc/controller_main/dffrs_2527/i94_rst_1
FF|OPT : Flip-flop optimization by equivalence checking
@ "D:\yilingsi_fpga\Efinity_Project\2026.9.25\9.25.1_ding_Ti60F225_Canny_Face_Parallel\ip/DdrCtrl\DdrCtrl.sv (1460)" removed instance : ddr3_ctl_axi/u_efx_ddr3_soft_controller/genblk1.inst_ddr3_axi/inst_efx_ddr3/top_mc/controller_main/dffrs_2527/i10_rst_2
@ "D:\yilingsi_fpga\Efinity_Project\2026.9.25\9.25.1_ding_Ti60F225_Canny_Face_Parallel\ip/DdrCtrl\DdrCtrl.sv (1460)" representative instance : ddr3_ctl_axi/u_efx_ddr3_soft_controller/genblk1.inst_ddr3_axi/inst_efx_ddr3/top_mc/controller_main/dffrs_2527/i94_rst_2
FF|OPT : Flip-flop optimization by equivalence checking
@ "D:\yilingsi_fpga\Efinity_Project\2026.9.25\9.25.1_ding_Ti60F225_Canny_Face_Parallel\ip/DdrCtrl\DdrCtrl.sv (1460)" removed instance : ddr3_ctl_axi/u_efx_ddr3_soft_controller/genblk1.inst_ddr3_axi/inst_efx_ddr3/top_mc/controller_main/dffrs_2527/i97_rst_0
@ "D:\yilingsi_fpga\Efinity_Project\2026.9.25\9.25.1_ding_Ti60F225_Canny_Face_Parallel\ip/DdrCtrl\DdrCtrl.sv (1460)" representative instance : ddr3_ctl_axi/u_efx_ddr3_soft_controller/genblk1.inst_ddr3_axi/inst_efx_ddr3/top_mc/controller_main/dffrs_2527/i94_rst_0
FF|OPT : Flip-flop optimization by equivalence checking
@ "D:\yilingsi_fpga\Efinity_Project\2026.9.25\9.25.1_ding_Ti60F225_Canny_Face_Parallel\ip/DdrCtrl\DdrCtrl.sv (1460)" removed instance : ddr3_ctl_axi/u_efx_ddr3_soft_controller/genblk1.inst_ddr3_axi/inst_efx_ddr3/top_mc/controller_main/dffrs_2527/i97_rst_1
@ "D:\yilingsi_fpga\Efinity_Project\2026.9.25\9.25.1_ding_Ti60F225_Canny_Face_Parallel\ip/DdrCtrl\DdrCtrl.sv (1460)" representative instance : ddr3_ctl_axi/u_efx_ddr3_soft_controller/genblk1.inst_ddr3_axi/inst_efx_ddr3/top_mc/controller_main/dffrs_2527/i94_rst_1
FF|OPT : Flip-flop optimization by equivalence checking
@ "D:\yilingsi_fpga\Efinity_Project\2026.9.25\9.25.1_ding_Ti60F225_Canny_Face_Parallel\ip/DdrCtrl\DdrCtrl.sv (1460)" removed instance : ddr3_ctl_axi/u_efx_ddr3_soft_controller/genblk1.inst_ddr3_axi/inst_efx_ddr3/top_mc/controller_main/dffrs_2527/i97_rst_2
@ "D:\yilingsi_fpga\Efinity_Project\2026.9.25\9.25.1_ding_Ti60F225_Canny_Face_Parallel\ip/DdrCtrl\DdrCtrl.sv (1460)" representative instance : ddr3_ctl_axi/u_efx_ddr3_soft_controller/genblk1.inst_ddr3_axi/inst_efx_ddr3/top_mc/controller_main/dffrs_2527/i94_rst_2
FF|OPT : Flip-flop optimization by equivalence checking
@ "D:\yilingsi_fpga\Efinity_Project\2026.9.25\9.25.1_ding_Ti60F225_Canny_Face_Parallel\ip/DdrCtrl\DdrCtrl.sv (1460)" removed instance : ddr3_ctl_axi/u_efx_ddr3_soft_controller/genblk1.inst_ddr3_axi/inst_efx_ddr3/top_mc/controller_main/dffrs_2527/i97_rst_3
@ "D:\yilingsi_fpga\Efinity_Project\2026.9.25\9.25.1_ding_Ti60F225_Canny_Face_Parallel\ip/DdrCtrl\DdrCtrl.sv (1460)" representative instance : ddr3_ctl_axi/u_efx_ddr3_soft_controller/genblk1.inst_ddr3_axi/inst_efx_ddr3/top_mc/controller_main/dffrs_2527/i94_rst_3
FF|OPT : Flip-flop optimization by equivalence checking
@ "D:\yilingsi_fpga\Efinity_Project\2026.9.25\9.25.1_ding_Ti60F225_Canny_Face_Parallel\ip/DdrCtrl\DdrCtrl.sv (1460)" removed instance : ddr3_ctl_axi/u_efx_ddr3_soft_controller/genblk1.inst_ddr3_axi/inst_efx_ddr3/top_mc/controller_main/dffrs_2527/i98_rst_0
@ "D:\yilingsi_fpga\Efinity_Project\2026.9.25\9.25.1_ding_Ti60F225_Canny_Face_Parallel\ip/DdrCtrl\DdrCtrl.sv (1460)" representative instance : ddr3_ctl_axi/u_efx_ddr3_soft_controller/genblk1.inst_ddr3_axi/inst_efx_ddr3/top_mc/controller_main/dffrs_2527/i94_rst_0
FF|OPT : Flip-flop optimization by equivalence checking
@ "D:\yilingsi_fpga\Efinity_Project\2026.9.25\9.25.1_ding_Ti60F225_Canny_Face_Parallel\ip/DdrCtrl\DdrCtrl.sv (1460)" removed instance : ddr3_ctl_axi/u_efx_ddr3_soft_controller/genblk1.inst_ddr3_axi/inst_efx_ddr3/top_mc/controller_main/dffrs_2527/i98_rst_1
@ "D:\yilingsi_fpga\Efinity_Project\2026.9.25\9.25.1_ding_Ti60F225_Canny_Face_Parallel\ip/DdrCtrl\DdrCtrl.sv (1460)" representative instance : ddr3_ctl_axi/u_efx_ddr3_soft_controller/genblk1.inst_ddr3_axi/inst_efx_ddr3/top_mc/controller_main/dffrs_2527/i94_rst_1
FF|OPT : Flip-flop optimization by equivalence checking
@ "D:\yilingsi_fpga\Efinity_Project\2026.9.25\9.25.1_ding_Ti60F225_Canny_Face_Parallel\ip/DdrCtrl\DdrCtrl.sv (1460)" removed instance : ddr3_ctl_axi/u_efx_ddr3_soft_controller/genblk1.inst_ddr3_axi/inst_efx_ddr3/top_mc/controller_main/dffrs_2527/i98_rst_2
@ "D:\yilingsi_fpga\Efinity_Project\2026.9.25\9.25.1_ding_Ti60F225_Canny_Face_Parallel\ip/DdrCtrl\DdrCtrl.sv (1460)" representative instance : ddr3_ctl_axi/u_efx_ddr3_soft_controller/genblk1.inst_ddr3_axi/inst_efx_ddr3/top_mc/controller_main/dffrs_2527/i94_rst_2
FF|OPT : Flip-flop optimization by equivalence checking
@ "D:\yilingsi_fpga\Efinity_Project\2026.9.25\9.25.1_ding_Ti60F225_Canny_Face_Parallel\ip/DdrCtrl\DdrCtrl.sv (1460)" removed instance : ddr3_ctl_axi/u_efx_ddr3_soft_controller/genblk1.inst_ddr3_axi/inst_efx_ddr3/top_mc/controller_main/dffrs_2527/i98_rst_3
@ "D:\yilingsi_fpga\Efinity_Project\2026.9.25\9.25.1_ding_Ti60F225_Canny_Face_Parallel\ip/DdrCtrl\DdrCtrl.sv (1460)" representative instance : ddr3_ctl_axi/u_efx_ddr3_soft_controller/genblk1.inst_ddr3_axi/inst_efx_ddr3/top_mc/controller_main/dffrs_2527/i94_rst_3
FF|OPT : Flip-flop optimization by equivalence checking
@ "D:\yilingsi_fpga\Efinity_Project\2026.9.25\9.25.1_ding_Ti60F225_Canny_Face_Parallel\ip/DdrCtrl\DdrCtrl.sv (1460)" removed instance : ddr3_ctl_axi/u_efx_ddr3_soft_controller/genblk1.inst_ddr3_axi/inst_efx_ddr3/top_mc/controller_main/dffrs_2527/i99_rst_0
@ "D:\yilingsi_fpga\Efinity_Project\2026.9.25\9.25.1_ding_Ti60F225_Canny_Face_Parallel\ip/DdrCtrl\DdrCtrl.sv (1460)" representative instance : ddr3_ctl_axi/u_efx_ddr3_soft_controller/genblk1.inst_ddr3_axi/inst_efx_ddr3/top_mc/controller_main/dffrs_2527/i94_rst_0
FF|OPT : Flip-flop optimization by equivalence checking
@ "D:\yilingsi_fpga\Efinity_Project\2026.9.25\9.25.1_ding_Ti60F225_Canny_Face_Parallel\ip/DdrCtrl\DdrCtrl.sv (1460)" removed instance : ddr3_ctl_axi/u_efx_ddr3_soft_controller/genblk1.inst_ddr3_axi/inst_efx_ddr3/top_mc/controller_main/dffrs_2527/i99_rst_1
@ "D:\yilingsi_fpga\Efinity_Project\2026.9.25\9.25.1_ding_Ti60F225_Canny_Face_Parallel\ip/DdrCtrl\DdrCtrl.sv (1460)" representative instance : ddr3_ctl_axi/u_efx_ddr3_soft_controller/genblk1.inst_ddr3_axi/inst_efx_ddr3/top_mc/controller_main/dffrs_2527/i94_rst_1
FF|OPT : Flip-flop optimization by equivalence checking
@ "D:\yilingsi_fpga\Efinity_Project\2026.9.25\9.25.1_ding_Ti60F225_Canny_Face_Parallel\ip/DdrCtrl\DdrCtrl.sv (1460)" removed instance : ddr3_ctl_axi/u_efx_ddr3_soft_controller/genblk1.inst_ddr3_axi/inst_efx_ddr3/top_mc/controller_main/dffrs_2527/i99_rst_2
@ "D:\yilingsi_fpga\Efinity_Project\2026.9.25\9.25.1_ding_Ti60F225_Canny_Face_Parallel\ip/DdrCtrl\DdrCtrl.sv (1460)" representative instance : ddr3_ctl_axi/u_efx_ddr3_soft_controller/genblk1.inst_ddr3_axi/inst_efx_ddr3/top_mc/controller_main/dffrs_2527/i94_rst_2
FF|OPT : Flip-flop optimization by equivalence checking
@ "D:\yilingsi_fpga\Efinity_Project\2026.9.25\9.25.1_ding_Ti60F225_Canny_Face_Parallel\ip/DdrCtrl\DdrCtrl.sv (1460)" removed instance : ddr3_ctl_axi/u_efx_ddr3_soft_controller/genblk1.inst_ddr3_axi/inst_efx_ddr3/top_mc/controller_main/dffrs_2527/i99_rst_3
@ "D:\yilingsi_fpga\Efinity_Project\2026.9.25\9.25.1_ding_Ti60F225_Canny_Face_Parallel\ip/DdrCtrl\DdrCtrl.sv (1460)" representative instance : ddr3_ctl_axi/u_efx_ddr3_soft_controller/genblk1.inst_ddr3_axi/inst_efx_ddr3/top_mc/controller_main/dffrs_2527/i94_rst_3
FF|OPT : Flip-flop optimization by equivalence checking
@ "D:\yilingsi_fpga\Efinity_Project\2026.9.25\9.25.1_ding_Ti60F225_Canny_Face_Parallel\ip/DdrCtrl\DdrCtrl.sv (1460)" removed instance : ddr3_ctl_axi/u_efx_ddr3_soft_controller/genblk1.inst_ddr3_axi/inst_efx_ddr3/top_mc/controller_main/dffrs_2527/i10_rst_3
@ "D:\yilingsi_fpga\Efinity_Project\2026.9.25\9.25.1_ding_Ti60F225_Canny_Face_Parallel\ip/DdrCtrl\DdrCtrl.sv (1460)" representative instance : ddr3_ctl_axi/u_efx_ddr3_soft_controller/genblk1.inst_ddr3_axi/inst_efx_ddr3/top_mc/controller_main/dffrs_2527/i94_rst_3
FF|OPT : Flip-flop optimization by equivalence checking
@ "D:\yilingsi_fpga\Efinity_Project\2026.9.25\9.25.1_ding_Ti60F225_Canny_Face_Parallel\ip/DdrCtrl\DdrCtrl.sv (1460)" removed instance : ddr3_ctl_axi/u_efx_ddr3_soft_controller/genblk1.inst_ddr3_axi/inst_efx_ddr3/top_mc/controller_main/dffrs_2527/i95_rst_0
@ "D:\yilingsi_fpga\Efinity_Project\2026.9.25\9.25.1_ding_Ti60F225_Canny_Face_Parallel\ip/DdrCtrl\DdrCtrl.sv (1460)" representative instance : ddr3_ctl_axi/u_efx_ddr3_soft_controller/genblk1.inst_ddr3_axi/inst_efx_ddr3/top_mc/controller_main/dffrs_2527/i94_rst_0
FF|OPT : Flip-flop optimization by equivalence checking
@ "D:\yilingsi_fpga\Efinity_Project\2026.9.25\9.25.1_ding_Ti60F225_Canny_Face_Parallel\ip/DdrCtrl\DdrCtrl.sv (1460)" removed instance : ddr3_ctl_axi/u_efx_ddr3_soft_controller/genblk1.inst_ddr3_axi/inst_efx_ddr3/top_mc/controller_main/dffrs_2527/i95_rst_1
@ "D:\yilingsi_fpga\Efinity_Project\2026.9.25\9.25.1_ding_Ti60F225_Canny_Face_Parallel\ip/DdrCtrl\DdrCtrl.sv (1460)" representative instance : ddr3_ctl_axi/u_efx_ddr3_soft_controller/genblk1.inst_ddr3_axi/inst_efx_ddr3/top_mc/controller_main/dffrs_2527/i94_rst_1
FF|OPT : Flip-flop optimization by equivalence checking
@ "D:\yilingsi_fpga\Efinity_Project\2026.9.25\9.25.1_ding_Ti60F225_Canny_Face_Parallel\ip/DdrCtrl\DdrCtrl.sv (1460)" removed instance : ddr3_ctl_axi/u_efx_ddr3_soft_controller/genblk1.inst_ddr3_axi/inst_efx_ddr3/top_mc/controller_main/dffrs_2527/i95_rst_2
@ "D:\yilingsi_fpga\Efinity_Project\2026.9.25\9.25.1_ding_Ti60F225_Canny_Face_Parallel\ip/DdrCtrl\DdrCtrl.sv (1460)" representative instance : ddr3_ctl_axi/u_efx_ddr3_soft_controller/genblk1.inst_ddr3_axi/inst_efx_ddr3/top_mc/controller_main/dffrs_2527/i94_rst_2
FF|OPT : Flip-flop optimization by equivalence checking
@ "D:\yilingsi_fpga\Efinity_Project\2026.9.25\9.25.1_ding_Ti60F225_Canny_Face_Parallel\ip/DdrCtrl\DdrCtrl.sv (1460)" removed instance : ddr3_ctl_axi/u_efx_ddr3_soft_controller/genblk1.inst_ddr3_axi/inst_efx_ddr3/top_mc/controller_main/dffrs_2527/i95_rst_3
@ "D:\yilingsi_fpga\Efinity_Project\2026.9.25\9.25.1_ding_Ti60F225_Canny_Face_Parallel\ip/DdrCtrl\DdrCtrl.sv (1460)" representative instance : ddr3_ctl_axi/u_efx_ddr3_soft_controller/genblk1.inst_ddr3_axi/inst_efx_ddr3/top_mc/controller_main/dffrs_2527/i94_rst_3
FF|OPT : Flip-flop optimization by equivalence checking
@ "D:\yilingsi_fpga\Efinity_Project\2026.9.25\9.25.1_ding_Ti60F225_Canny_Face_Parallel\ip/DdrCtrl\DdrCtrl.sv (1460)" removed instance : ddr3_ctl_axi/u_efx_ddr3_soft_controller/genblk1.inst_ddr3_axi/inst_efx_ddr3/top_mc/controller_main/dffrs_2527/i100_rst_0
@ "D:\yilingsi_fpga\Efinity_Project\2026.9.25\9.25.1_ding_Ti60F225_Canny_Face_Parallel\ip/DdrCtrl\DdrCtrl.sv (1460)" representative instance : ddr3_ctl_axi/u_efx_ddr3_soft_controller/genblk1.inst_ddr3_axi/inst_efx_ddr3/top_mc/controller_main/dffrs_2527/i94_rst_0
FF|OPT : Flip-flop optimization by equivalence checking
@ "D:\yilingsi_fpga\Efinity_Project\2026.9.25\9.25.1_ding_Ti60F225_Canny_Face_Parallel\ip/DdrCtrl\DdrCtrl.sv (1460)" removed instance : ddr3_ctl_axi/u_efx_ddr3_soft_controller/genblk1.inst_ddr3_axi/inst_efx_ddr3/top_mc/controller_main/dffrs_2527/i100_rst_1
@ "D:\yilingsi_fpga\Efinity_Project\2026.9.25\9.25.1_ding_Ti60F225_Canny_Face_Parallel\ip/DdrCtrl\DdrCtrl.sv (1460)" representative instance : ddr3_ctl_axi/u_efx_ddr3_soft_controller/genblk1.inst_ddr3_axi/inst_efx_ddr3/top_mc/controller_main/dffrs_2527/i94_rst_1
FF|OPT : Flip-flop optimization by equivalence checking
@ "D:\yilingsi_fpga\Efinity_Project\2026.9.25\9.25.1_ding_Ti60F225_Canny_Face_Parallel\ip/DdrCtrl\DdrCtrl.sv (1460)" removed instance : ddr3_ctl_axi/u_efx_ddr3_soft_controller/genblk1.inst_ddr3_axi/inst_efx_ddr3/top_mc/controller_main/dffrs_2527/i100_rst_2
@ "D:\yilingsi_fpga\Efinity_Project\2026.9.25\9.25.1_ding_Ti60F225_Canny_Face_Parallel\ip/DdrCtrl\DdrCtrl.sv (1460)" representative instance : ddr3_ctl_axi/u_efx_ddr3_soft_controller/genblk1.inst_ddr3_axi/inst_efx_ddr3/top_mc/controller_main/dffrs_2527/i94_rst_2
FF|OPT : Flip-flop optimization by equivalence checking
@ "D:\yilingsi_fpga\Efinity_Project\2026.9.25\9.25.1_ding_Ti60F225_Canny_Face_Parallel\ip/DdrCtrl\DdrCtrl.sv (1460)" removed instance : ddr3_ctl_axi/u_efx_ddr3_soft_controller/genblk1.inst_ddr3_axi/inst_efx_ddr3/top_mc/controller_main/dffrs_2527/i100_rst_3
@ "D:\yilingsi_fpga\Efinity_Project\2026.9.25\9.25.1_ding_Ti60F225_Canny_Face_Parallel\ip/DdrCtrl\DdrCtrl.sv (1460)" representative instance : ddr3_ctl_axi/u_efx_ddr3_soft_controller/genblk1.inst_ddr3_axi/inst_efx_ddr3/top_mc/controller_main/dffrs_2527/i94_rst_3
FF|OPT : Flip-flop optimization by equivalence checking
@ "D:\yilingsi_fpga\Efinity_Project\2026.9.25\9.25.1_ding_Ti60F225_Canny_Face_Parallel\ip/DdrCtrl\DdrCtrl.sv (1460)" removed instance : ddr3_ctl_axi/u_efx_ddr3_soft_controller/genblk1.inst_ddr3_axi/inst_efx_ddr3/top_mc/controller_main/dffrs_2527/i93_rst_0
@ "D:\yilingsi_fpga\Efinity_Project\2026.9.25\9.25.1_ding_Ti60F225_Canny_Face_Parallel\ip/DdrCtrl\DdrCtrl.sv (1460)" representative instance : ddr3_ctl_axi/u_efx_ddr3_soft_controller/genblk1.inst_ddr3_axi/inst_efx_ddr3/top_mc/controller_main/dffrs_2527/i94_rst_0
FF|OPT : Flip-flop optimization by equivalence checking
@ "D:\yilingsi_fpga\Efinity_Project\2026.9.25\9.25.1_ding_Ti60F225_Canny_Face_Parallel\example_top.v (805)" removed instance : i107
@ "D:\yilingsi_fpga\Efinity_Project\2026.9.25\9.25.1_ding_Ti60F225_Canny_Face_Parallel\ip/DdrCtrl\DdrCtrl.sv (1853)" representative instance : ddr3_ctl_axi/u_efx_ddr3_soft_controller/genblk1.inst_ddr3_axi/inst_efx_ddr3/top_mc/rst_ctrl0/genblk1[2].genblk1.genblk1.inst_sysclk_rstn/dffrs_24/i1
FF|OPT : Flip-flop optimization by equivalence checking
@ "D:\yilingsi_fpga\Efinity_Project\2026.9.25\9.25.1_ding_Ti60F225_Canny_Face_Parallel\ip/DdrCtrl\DdrCtrl.sv (1460)" removed instance : ddr3_ctl_axi/u_efx_ddr3_soft_controller/genblk1.inst_ddr3_axi/inst_efx_ddr3/top_mc/controller_main/dffrs_2527/i96_rst_0
@ "D:\yilingsi_fpga\Efinity_Project\2026.9.25\9.25.1_ding_Ti60F225_Canny_Face_Parallel\ip/DdrCtrl\DdrCtrl.sv (1460)" representative instance : ddr3_ctl_axi/u_efx_ddr3_soft_controller/genblk1.inst_ddr3_axi/inst_efx_ddr3/top_mc/controller_main/dffrs_2527/i94_rst_0
FF|OPT : Flip-flop optimization by equivalence checking
@ "D:\yilingsi_fpga\Efinity_Project\2026.9.25\9.25.1_ding_Ti60F225_Canny_Face_Parallel\ip/DdrCtrl\DdrCtrl.sv (1460)" removed instance : ddr3_ctl_axi/u_efx_ddr3_soft_controller/genblk1.inst_ddr3_axi/inst_efx_ddr3/top_mc/controller_main/dffrs_2527/i96_rst_1
@ "D:\yilingsi_fpga\Efinity_Project\2026.9.25\9.25.1_ding_Ti60F225_Canny_Face_Parallel\ip/DdrCtrl\DdrCtrl.sv (1460)" representative instance : ddr3_ctl_axi/u_efx_ddr3_soft_controller/genblk1.inst_ddr3_axi/inst_efx_ddr3/top_mc/controller_main/dffrs_2527/i94_rst_1
FF|OPT : Flip-flop optimization by equivalence checking
@ "D:\yilingsi_fpga\Efinity_Project\2026.9.25\9.25.1_ding_Ti60F225_Canny_Face_Parallel\ip/DdrCtrl\DdrCtrl.sv (1460)" removed instance : ddr3_ctl_axi/u_efx_ddr3_soft_controller/genblk1.inst_ddr3_axi/inst_efx_ddr3/top_mc/controller_main/dffrs_2527/i96_rst_2
@ "D:\yilingsi_fpga\Efinity_Project\2026.9.25\9.25.1_ding_Ti60F225_Canny_Face_Parallel\ip/DdrCtrl\DdrCtrl.sv (1460)" representative instance : ddr3_ctl_axi/u_efx_ddr3_soft_controller/genblk1.inst_ddr3_axi/inst_efx_ddr3/top_mc/controller_main/dffrs_2527/i94_rst_2
FF|OPT : Flip-flop optimization by equivalence checking
@ "D:\yilingsi_fpga\Efinity_Project\2026.9.25\9.25.1_ding_Ti60F225_Canny_Face_Parallel\ip/DdrCtrl\DdrCtrl.sv (1460)" removed instance : ddr3_ctl_axi/u_efx_ddr3_soft_controller/genblk1.inst_ddr3_axi/inst_efx_ddr3/top_mc/controller_main/dffrs_2527/i96_rst_3
@ "D:\yilingsi_fpga\Efinity_Project\2026.9.25\9.25.1_ding_Ti60F225_Canny_Face_Parallel\ip/DdrCtrl\DdrCtrl.sv (1460)" representative instance : ddr3_ctl_axi/u_efx_ddr3_soft_controller/genblk1.inst_ddr3_axi/inst_efx_ddr3/top_mc/controller_main/dffrs_2527/i94_rst_3
FF|OPT : Flip-flop optimization by equivalence checking
@ "D:\yilingsi_fpga\Efinity_Project\2026.9.25\9.25.1_ding_Ti60F225_Canny_Face_Parallel\ip/DdrCtrl\DdrCtrl.sv (1460)" removed instance : ddr3_ctl_axi/u_efx_ddr3_soft_controller/genblk1.inst_ddr3_axi/inst_efx_ddr3/top_mc/controller_main/dffrs_2527/i93_rst_1
@ "D:\yilingsi_fpga\Efinity_Project\2026.9.25\9.25.1_ding_Ti60F225_Canny_Face_Parallel\ip/DdrCtrl\DdrCtrl.sv (1460)" representative instance : ddr3_ctl_axi/u_efx_ddr3_soft_controller/genblk1.inst_ddr3_axi/inst_efx_ddr3/top_mc/controller_main/dffrs_2527/i94_rst_1
FF|OPT : Flip-flop optimization by equivalence checking
@ "D:\yilingsi_fpga\Efinity_Project\2026.9.25\9.25.1_ding_Ti60F225_Canny_Face_Parallel\ip/DdrCtrl\DdrCtrl.sv (1460)" removed instance : ddr3_ctl_axi/u_efx_ddr3_soft_controller/genblk1.inst_ddr3_axi/inst_efx_ddr3/top_mc/controller_main/dffrs_2527/i93_rst_2
@ "D:\yilingsi_fpga\Efinity_Project\2026.9.25\9.25.1_ding_Ti60F225_Canny_Face_Parallel\ip/DdrCtrl\DdrCtrl.sv (1460)" representative instance : ddr3_ctl_axi/u_efx_ddr3_soft_controller/genblk1.inst_ddr3_axi/inst_efx_ddr3/top_mc/controller_main/dffrs_2527/i94_rst_2
FF|OPT : Flip-flop optimization by equivalence checking
@ "D:\yilingsi_fpga\Efinity_Project\2026.9.25\9.25.1_ding_Ti60F225_Canny_Face_Parallel\ip/DdrCtrl\DdrCtrl.sv (1460)" removed instance : ddr3_ctl_axi/u_efx_ddr3_soft_controller/genblk1.inst_ddr3_axi/inst_efx_ddr3/top_mc/controller_main/dffrs_2527/i93_rst_3
@ "D:\yilingsi_fpga\Efinity_Project\2026.9.25\9.25.1_ding_Ti60F225_Canny_Face_Parallel\ip/DdrCtrl\DdrCtrl.sv (1460)" representative instance : ddr3_ctl_axi/u_efx_ddr3_soft_controller/genblk1.inst_ddr3_axi/inst_efx_ddr3/top_mc/controller_main/dffrs_2527/i94_rst_3
FF|OPT : Flip-flop optimization by equivalence checking
@ "D:\yilingsi_fpga\Efinity_Project\2026.9.25\9.25.1_ding_Ti60F225_Canny_Face_Parallel\ip/DdrCtrl\DdrCtrl.sv (1460)" removed instance : ddr3_ctl_axi/u_efx_ddr3_soft_controller/genblk1.inst_ddr3_axi/inst_efx_ddr3/top_mc/controller_main/dffrs_2527/i92_rst_0
@ "D:\yilingsi_fpga\Efinity_Project\2026.9.25\9.25.1_ding_Ti60F225_Canny_Face_Parallel\ip/DdrCtrl\DdrCtrl.sv (1460)" representative instance : ddr3_ctl_axi/u_efx_ddr3_soft_controller/genblk1.inst_ddr3_axi/inst_efx_ddr3/top_mc/controller_main/dffrs_2527/i94_rst_0
FF|OPT : Flip-flop optimization by equivalence checking
@ "D:\yilingsi_fpga\Efinity_Project\2026.9.25\9.25.1_ding_Ti60F225_Canny_Face_Parallel\ip/DdrCtrl\DdrCtrl.sv (1460)" removed instance : ddr3_ctl_axi/u_efx_ddr3_soft_controller/genblk1.inst_ddr3_axi/inst_efx_ddr3/top_mc/controller_main/dffrs_2527/i92_rst_1
@ "D:\yilingsi_fpga\Efinity_Project\2026.9.25\9.25.1_ding_Ti60F225_Canny_Face_Parallel\ip/DdrCtrl\DdrCtrl.sv (1460)" representative instance : ddr3_ctl_axi/u_efx_ddr3_soft_controller/genblk1.inst_ddr3_axi/inst_efx_ddr3/top_mc/controller_main/dffrs_2527/i94_rst_1
FF|OPT : Flip-flop optimization by equivalence checking
@ "D:\yilingsi_fpga\Efinity_Project\2026.9.25\9.25.1_ding_Ti60F225_Canny_Face_Parallel\ip/DdrCtrl\DdrCtrl.sv (1460)" removed instance : ddr3_ctl_axi/u_efx_ddr3_soft_controller/genblk1.inst_ddr3_axi/inst_efx_ddr3/top_mc/controller_main/dffrs_2527/i92_rst_2
@ "D:\yilingsi_fpga\Efinity_Project\2026.9.25\9.25.1_ding_Ti60F225_Canny_Face_Parallel\ip/DdrCtrl\DdrCtrl.sv (1460)" representative instance : ddr3_ctl_axi/u_efx_ddr3_soft_controller/genblk1.inst_ddr3_axi/inst_efx_ddr3/top_mc/controller_main/dffrs_2527/i94_rst_2
FF|OPT : Flip-flop optimization by equivalence checking
@ "D:\yilingsi_fpga\Efinity_Project\2026.9.25\9.25.1_ding_Ti60F225_Canny_Face_Parallel\ip/DdrCtrl\DdrCtrl.sv (1460)" removed instance : ddr3_ctl_axi/u_efx_ddr3_soft_controller/genblk1.inst_ddr3_axi/inst_efx_ddr3/top_mc/controller_main/dffrs_2527/i92_rst_3
@ "D:\yilingsi_fpga\Efinity_Project\2026.9.25\9.25.1_ding_Ti60F225_Canny_Face_Parallel\ip/DdrCtrl\DdrCtrl.sv (1460)" representative instance : ddr3_ctl_axi/u_efx_ddr3_soft_controller/genblk1.inst_ddr3_axi/inst_efx_ddr3/top_mc/controller_main/dffrs_2527/i94_rst_3
FF|OPT : Flip-flop optimization by equivalence checking
@ "D:\yilingsi_fpga\Efinity_Project\2026.9.25\9.25.1_ding_Ti60F225_Canny_Face_Parallel\ip/DdrCtrl\DdrCtrl.sv (1460)" removed instance : ddr3_ctl_axi/u_efx_ddr3_soft_controller/genblk1.inst_ddr3_axi/inst_efx_ddr3/top_mc/controller_main/dffrs_2527/i91_rst_0
@ "D:\yilingsi_fpga\Efinity_Project\2026.9.25\9.25.1_ding_Ti60F225_Canny_Face_Parallel\ip/DdrCtrl\DdrCtrl.sv (1460)" representative instance : ddr3_ctl_axi/u_efx_ddr3_soft_controller/genblk1.inst_ddr3_axi/inst_efx_ddr3/top_mc/controller_main/dffrs_2527/i94_rst_0
FF|OPT : Flip-flop optimization by equivalence checking
@ "D:\yilingsi_fpga\Efinity_Project\2026.9.25\9.25.1_ding_Ti60F225_Canny_Face_Parallel\ip/DdrCtrl\DdrCtrl.sv (1460)" removed instance : ddr3_ctl_axi/u_efx_ddr3_soft_controller/genblk1.inst_ddr3_axi/inst_efx_ddr3/top_mc/controller_main/dffrs_2527/i91_rst_1
@ "D:\yilingsi_fpga\Efinity_Project\2026.9.25\9.25.1_ding_Ti60F225_Canny_Face_Parallel\ip/DdrCtrl\DdrCtrl.sv (1460)" representative instance : ddr3_ctl_axi/u_efx_ddr3_soft_controller/genblk1.inst_ddr3_axi/inst_efx_ddr3/top_mc/controller_main/dffrs_2527/i94_rst_1
FF|OPT : Flip-flop optimization by equivalence checking
@ "D:\yilingsi_fpga\Efinity_Project\2026.9.25\9.25.1_ding_Ti60F225_Canny_Face_Parallel\ip/DdrCtrl\DdrCtrl.sv (1460)" removed instance : ddr3_ctl_axi/u_efx_ddr3_soft_controller/genblk1.inst_ddr3_axi/inst_efx_ddr3/top_mc/controller_main/dffrs_2527/i91_rst_2
@ "D:\yilingsi_fpga\Efinity_Project\2026.9.25\9.25.1_ding_Ti60F225_Canny_Face_Parallel\ip/DdrCtrl\DdrCtrl.sv (1460)" representative instance : ddr3_ctl_axi/u_efx_ddr3_soft_controller/genblk1.inst_ddr3_axi/inst_efx_ddr3/top_mc/controller_main/dffrs_2527/i94_rst_2
FF|OPT : Flip-flop optimization by equivalence checking
@ "D:\yilingsi_fpga\Efinity_Project\2026.9.25\9.25.1_ding_Ti60F225_Canny_Face_Parallel\ip/DdrCtrl\DdrCtrl.sv (1460)" removed instance : ddr3_ctl_axi/u_efx_ddr3_soft_controller/genblk1.inst_ddr3_axi/inst_efx_ddr3/top_mc/controller_main/dffrs_2527/i91_rst_3
@ "D:\yilingsi_fpga\Efinity_Project\2026.9.25\9.25.1_ding_Ti60F225_Canny_Face_Parallel\ip/DdrCtrl\DdrCtrl.sv (1460)" representative instance : ddr3_ctl_axi/u_efx_ddr3_soft_controller/genblk1.inst_ddr3_axi/inst_efx_ddr3/top_mc/controller_main/dffrs_2527/i94_rst_3
FF|OPT : Flip-flop optimization by equivalence checking
@ "D:\yilingsi_fpga\Efinity_Project\2026.9.25\9.25.1_ding_Ti60F225_Canny_Face_Parallel\ip/DdrCtrl\DdrCtrl.sv (1460)" removed instance : ddr3_ctl_axi/u_efx_ddr3_soft_controller/genblk1.inst_ddr3_axi/inst_efx_ddr3/top_mc/controller_main/dffrs_2527/i9_rst_0
@ "D:\yilingsi_fpga\Efinity_Project\2026.9.25\9.25.1_ding_Ti60F225_Canny_Face_Parallel\ip/DdrCtrl\DdrCtrl.sv (1460)" representative instance : ddr3_ctl_axi/u_efx_ddr3_soft_controller/genblk1.inst_ddr3_axi/inst_efx_ddr3/top_mc/controller_main/dffrs_2527/i94_rst_0
FF|OPT : Flip-flop optimization by equivalence checking
@ "D:\yilingsi_fpga\Efinity_Project\2026.9.25\9.25.1_ding_Ti60F225_Canny_Face_Parallel\ip/DdrCtrl\DdrCtrl.sv (1460)" removed instance : ddr3_ctl_axi/u_efx_ddr3_soft_controller/genblk1.inst_ddr3_axi/inst_efx_ddr3/top_mc/controller_main/dffrs_2527/i9_rst_1
@ "D:\yilingsi_fpga\Efinity_Project\2026.9.25\9.25.1_ding_Ti60F225_Canny_Face_Parallel\ip/DdrCtrl\DdrCtrl.sv (1460)" representative instance : ddr3_ctl_axi/u_efx_ddr3_soft_controller/genblk1.inst_ddr3_axi/inst_efx_ddr3/top_mc/controller_main/dffrs_2527/i94_rst_1
FF|OPT : Flip-flop optimization by equivalence checking
@ "D:\yilingsi_fpga\Efinity_Project\2026.9.25\9.25.1_ding_Ti60F225_Canny_Face_Parallel\ip/DdrCtrl\DdrCtrl.sv (1460)" removed instance : ddr3_ctl_axi/u_efx_ddr3_soft_controller/genblk1.inst_ddr3_axi/inst_efx_ddr3/top_mc/controller_main/dffrs_2527/i9_rst_2
@ "D:\yilingsi_fpga\Efinity_Project\2026.9.25\9.25.1_ding_Ti60F225_Canny_Face_Parallel\ip/DdrCtrl\DdrCtrl.sv (1460)" representative instance : ddr3_ctl_axi/u_efx_ddr3_soft_controller/genblk1.inst_ddr3_axi/inst_efx_ddr3/top_mc/controller_main/dffrs_2527/i94_rst_2
FF|OPT : Flip-flop optimization by equivalence checking
@ "D:\yilingsi_fpga\Efinity_Project\2026.9.25\9.25.1_ding_Ti60F225_Canny_Face_Parallel\ip/DdrCtrl\DdrCtrl.sv (1460)" removed instance : ddr3_ctl_axi/u_efx_ddr3_soft_controller/genblk1.inst_ddr3_axi/inst_efx_ddr3/top_mc/controller_main/dffrs_2527/i9_rst_3
@ "D:\yilingsi_fpga\Efinity_Project\2026.9.25\9.25.1_ding_Ti60F225_Canny_Face_Parallel\ip/DdrCtrl\DdrCtrl.sv (1460)" representative instance : ddr3_ctl_axi/u_efx_ddr3_soft_controller/genblk1.inst_ddr3_axi/inst_efx_ddr3/top_mc/controller_main/dffrs_2527/i94_rst_3
FF|OPT : Flip-flop optimization by equivalence checking
@ "D:\yilingsi_fpga\Efinity_Project\2026.9.25\9.25.1_ding_Ti60F225_Canny_Face_Parallel\ip/DdrCtrl\DdrCtrl.sv (1460)" removed instance : ddr3_ctl_axi/u_efx_ddr3_soft_controller/genblk1.inst_ddr3_axi/inst_efx_ddr3/top_mc/controller_main/dffrs_2527/i90_rst_0
@ "D:\yilingsi_fpga\Efinity_Project\2026.9.25\9.25.1_ding_Ti60F225_Canny_Face_Parallel\ip/DdrCtrl\DdrCtrl.sv (1460)" representative instance : ddr3_ctl_axi/u_efx_ddr3_soft_controller/genblk1.inst_ddr3_axi/inst_efx_ddr3/top_mc/controller_main/dffrs_2527/i94_rst_0
FF|OPT : Flip-flop optimization by equivalence checking
@ "D:\yilingsi_fpga\Efinity_Project\2026.9.25\9.25.1_ding_Ti60F225_Canny_Face_Parallel\ip/DdrCtrl\DdrCtrl.sv (1460)" removed instance : ddr3_ctl_axi/u_efx_ddr3_soft_controller/genblk1.inst_ddr3_axi/inst_efx_ddr3/top_mc/controller_main/dffrs_2527/i90_rst_1
@ "D:\yilingsi_fpga\Efinity_Project\2026.9.25\9.25.1_ding_Ti60F225_Canny_Face_Parallel\ip/DdrCtrl\DdrCtrl.sv (1460)" representative instance : ddr3_ctl_axi/u_efx_ddr3_soft_controller/genblk1.inst_ddr3_axi/inst_efx_ddr3/top_mc/controller_main/dffrs_2527/i94_rst_1
FF|OPT : Flip-flop optimization by equivalence checking
@ "D:\yilingsi_fpga\Efinity_Project\2026.9.25\9.25.1_ding_Ti60F225_Canny_Face_Parallel\ip/DdrCtrl\DdrCtrl.sv (1460)" removed instance : ddr3_ctl_axi/u_efx_ddr3_soft_controller/genblk1.inst_ddr3_axi/inst_efx_ddr3/top_mc/controller_main/dffrs_2527/i90_rst_2
@ "D:\yilingsi_fpga\Efinity_Project\2026.9.25\9.25.1_ding_Ti60F225_Canny_Face_Parallel\ip/DdrCtrl\DdrCtrl.sv (1460)" representative instance : ddr3_ctl_axi/u_efx_ddr3_soft_controller/genblk1.inst_ddr3_axi/inst_efx_ddr3/top_mc/controller_main/dffrs_2527/i94_rst_2
FF|OPT : Flip-flop optimization by equivalence checking
@ "D:\yilingsi_fpga\Efinity_Project\2026.9.25\9.25.1_ding_Ti60F225_Canny_Face_Parallel\ip/DdrCtrl\DdrCtrl.sv (1460)" removed instance : ddr3_ctl_axi/u_efx_ddr3_soft_controller/genblk1.inst_ddr3_axi/inst_efx_ddr3/top_mc/controller_main/dffrs_2527/i90_rst_3
@ "D:\yilingsi_fpga\Efinity_Project\2026.9.25\9.25.1_ding_Ti60F225_Canny_Face_Parallel\ip/DdrCtrl\DdrCtrl.sv (1460)" representative instance : ddr3_ctl_axi/u_efx_ddr3_soft_controller/genblk1.inst_ddr3_axi/inst_efx_ddr3/top_mc/controller_main/dffrs_2527/i94_rst_3
FF|OPT : Flip-flop optimization by equivalence checking
@ "D:\yilingsi_fpga\Efinity_Project\2026.9.25\9.25.1_ding_Ti60F225_Canny_Face_Parallel\ip/DdrCtrl\DdrCtrl.sv (1460)" removed instance : ddr3_ctl_axi/u_efx_ddr3_soft_controller/genblk1.inst_ddr3_axi/inst_efx_ddr3/top_mc/controller_main/dffrs_2527/i89_rst_0
@ "D:\yilingsi_fpga\Efinity_Project\2026.9.25\9.25.1_ding_Ti60F225_Canny_Face_Parallel\ip/DdrCtrl\DdrCtrl.sv (1460)" representative instance : ddr3_ctl_axi/u_efx_ddr3_soft_controller/genblk1.inst_ddr3_axi/inst_efx_ddr3/top_mc/controller_main/dffrs_2527/i94_rst_0
FF|OPT : Flip-flop optimization by equivalence checking
@ "D:\yilingsi_fpga\Efinity_Project\2026.9.25\9.25.1_ding_Ti60F225_Canny_Face_Parallel\ip/DdrCtrl\DdrCtrl.sv (1460)" removed instance : ddr3_ctl_axi/u_efx_ddr3_soft_controller/genblk1.inst_ddr3_axi/inst_efx_ddr3/top_mc/controller_main/dffrs_2527/i89_rst_1
@ "D:\yilingsi_fpga\Efinity_Project\2026.9.25\9.25.1_ding_Ti60F225_Canny_Face_Parallel\ip/DdrCtrl\DdrCtrl.sv (1460)" representative instance : ddr3_ctl_axi/u_efx_ddr3_soft_controller/genblk1.inst_ddr3_axi/inst_efx_ddr3/top_mc/controller_main/dffrs_2527/i94_rst_1
FF|OPT : Flip-flop optimization by equivalence checking
@ "D:\yilingsi_fpga\Efinity_Project\2026.9.25\9.25.1_ding_Ti60F225_Canny_Face_Parallel\ip/DdrCtrl\DdrCtrl.sv (1460)" removed instance : ddr3_ctl_axi/u_efx_ddr3_soft_controller/genblk1.inst_ddr3_axi/inst_efx_ddr3/top_mc/controller_main/dffrs_2527/i89_rst_2
@ "D:\yilingsi_fpga\Efinity_Project\2026.9.25\9.25.1_ding_Ti60F225_Canny_Face_Parallel\ip/DdrCtrl\DdrCtrl.sv (1460)" representative instance : ddr3_ctl_axi/u_efx_ddr3_soft_controller/genblk1.inst_ddr3_axi/inst_efx_ddr3/top_mc/controller_main/dffrs_2527/i94_rst_2
FF|OPT : Flip-flop optimization by equivalence checking
@ "D:\yilingsi_fpga\Efinity_Project\2026.9.25\9.25.1_ding_Ti60F225_Canny_Face_Parallel\ip/DdrCtrl\DdrCtrl.sv (1460)" removed instance : ddr3_ctl_axi/u_efx_ddr3_soft_controller/genblk1.inst_ddr3_axi/inst_efx_ddr3/top_mc/controller_main/dffrs_2527/i89_rst_3
@ "D:\yilingsi_fpga\Efinity_Project\2026.9.25\9.25.1_ding_Ti60F225_Canny_Face_Parallel\ip/DdrCtrl\DdrCtrl.sv (1460)" representative instance : ddr3_ctl_axi/u_efx_ddr3_soft_controller/genblk1.inst_ddr3_axi/inst_efx_ddr3/top_mc/controller_main/dffrs_2527/i94_rst_3
FF|OPT : Flip-flop optimization by equivalence checking
@ "D:\yilingsi_fpga\Efinity_Project\2026.9.25\9.25.1_ding_Ti60F225_Canny_Face_Parallel\ip/DdrCtrl\DdrCtrl.sv (1460)" removed instance : ddr3_ctl_axi/u_efx_ddr3_soft_controller/genblk1.inst_ddr3_axi/inst_efx_ddr3/top_mc/controller_main/dffrs_2527/i88_rst_0
@ "D:\yilingsi_fpga\Efinity_Project\2026.9.25\9.25.1_ding_Ti60F225_Canny_Face_Parallel\ip/DdrCtrl\DdrCtrl.sv (1460)" representative instance : ddr3_ctl_axi/u_efx_ddr3_soft_controller/genblk1.inst_ddr3_axi/inst_efx_ddr3/top_mc/controller_main/dffrs_2527/i94_rst_0
FF|OPT : Flip-flop optimization by equivalence checking
@ "D:\yilingsi_fpga\Efinity_Project\2026.9.25\9.25.1_ding_Ti60F225_Canny_Face_Parallel\ip/DdrCtrl\DdrCtrl.sv (1460)" removed instance : ddr3_ctl_axi/u_efx_ddr3_soft_controller/genblk1.inst_ddr3_axi/inst_efx_ddr3/top_mc/controller_main/dffrs_2527/i88_rst_1
@ "D:\yilingsi_fpga\Efinity_Project\2026.9.25\9.25.1_ding_Ti60F225_Canny_Face_Parallel\ip/DdrCtrl\DdrCtrl.sv (1460)" representative instance : ddr3_ctl_axi/u_efx_ddr3_soft_controller/genblk1.inst_ddr3_axi/inst_efx_ddr3/top_mc/controller_main/dffrs_2527/i94_rst_1
FF|OPT : Flip-flop optimization by equivalence checking
@ "D:\yilingsi_fpga\Efinity_Project\2026.9.25\9.25.1_ding_Ti60F225_Canny_Face_Parallel\ip/DdrCtrl\DdrCtrl.sv (1460)" removed instance : ddr3_ctl_axi/u_efx_ddr3_soft_controller/genblk1.inst_ddr3_axi/inst_efx_ddr3/top_mc/controller_main/dffrs_2527/i88_rst_2
@ "D:\yilingsi_fpga\Efinity_Project\2026.9.25\9.25.1_ding_Ti60F225_Canny_Face_Parallel\ip/DdrCtrl\DdrCtrl.sv (1460)" representative instance : ddr3_ctl_axi/u_efx_ddr3_soft_controller/genblk1.inst_ddr3_axi/inst_efx_ddr3/top_mc/controller_main/dffrs_2527/i94_rst_2
FF|OPT : Flip-flop optimization by equivalence checking
@ "D:\yilingsi_fpga\Efinity_Project\2026.9.25\9.25.1_ding_Ti60F225_Canny_Face_Parallel\ip/DdrCtrl\DdrCtrl.sv (1460)" removed instance : ddr3_ctl_axi/u_efx_ddr3_soft_controller/genblk1.inst_ddr3_axi/inst_efx_ddr3/top_mc/controller_main/dffrs_2527/i88_rst_3
@ "D:\yilingsi_fpga\Efinity_Project\2026.9.25\9.25.1_ding_Ti60F225_Canny_Face_Parallel\ip/DdrCtrl\DdrCtrl.sv (1460)" representative instance : ddr3_ctl_axi/u_efx_ddr3_soft_controller/genblk1.inst_ddr3_axi/inst_efx_ddr3/top_mc/controller_main/dffrs_2527/i94_rst_3
FF|OPT : Flip-flop optimization by equivalence checking
@ "D:\yilingsi_fpga\Efinity_Project\2026.9.25\9.25.1_ding_Ti60F225_Canny_Face_Parallel\ip/DdrCtrl\DdrCtrl.sv (1460)" removed instance : ddr3_ctl_axi/u_efx_ddr3_soft_controller/genblk1.inst_ddr3_axi/inst_efx_ddr3/top_mc/controller_main/dffrs_2527/i87_rst_0
@ "D:\yilingsi_fpga\Efinity_Project\2026.9.25\9.25.1_ding_Ti60F225_Canny_Face_Parallel\ip/DdrCtrl\DdrCtrl.sv (1460)" representative instance : ddr3_ctl_axi/u_efx_ddr3_soft_controller/genblk1.inst_ddr3_axi/inst_efx_ddr3/top_mc/controller_main/dffrs_2527/i94_rst_0
FF|OPT : Flip-flop optimization by equivalence checking
@ "D:\yilingsi_fpga\Efinity_Project\2026.9.25\9.25.1_ding_Ti60F225_Canny_Face_Parallel\ip/DdrCtrl\DdrCtrl.sv (1460)" removed instance : ddr3_ctl_axi/u_efx_ddr3_soft_controller/genblk1.inst_ddr3_axi/inst_efx_ddr3/top_mc/controller_main/dffrs_2527/i87_rst_1
@ "D:\yilingsi_fpga\Efinity_Project\2026.9.25\9.25.1_ding_Ti60F225_Canny_Face_Parallel\ip/DdrCtrl\DdrCtrl.sv (1460)" representative instance : ddr3_ctl_axi/u_efx_ddr3_soft_controller/genblk1.inst_ddr3_axi/inst_efx_ddr3/top_mc/controller_main/dffrs_2527/i94_rst_1
FF|OPT : Flip-flop optimization by equivalence checking
@ "D:\yilingsi_fpga\Efinity_Project\2026.9.25\9.25.1_ding_Ti60F225_Canny_Face_Parallel\ip/DdrCtrl\DdrCtrl.sv (1460)" removed instance : ddr3_ctl_axi/u_efx_ddr3_soft_controller/genblk1.inst_ddr3_axi/inst_efx_ddr3/top_mc/controller_main/dffrs_2527/i87_rst_2
@ "D:\yilingsi_fpga\Efinity_Project\2026.9.25\9.25.1_ding_Ti60F225_Canny_Face_Parallel\ip/DdrCtrl\DdrCtrl.sv (1460)" representative instance : ddr3_ctl_axi/u_efx_ddr3_soft_controller/genblk1.inst_ddr3_axi/inst_efx_ddr3/top_mc/controller_main/dffrs_2527/i94_rst_2
FF|OPT : Flip-flop optimization by equivalence checking
@ "D:\yilingsi_fpga\Efinity_Project\2026.9.25\9.25.1_ding_Ti60F225_Canny_Face_Parallel\ip/DdrCtrl\DdrCtrl.sv (1460)" removed instance : ddr3_ctl_axi/u_efx_ddr3_soft_controller/genblk1.inst_ddr3_axi/inst_efx_ddr3/top_mc/controller_main/dffrs_2527/i87_rst_3
@ "D:\yilingsi_fpga\Efinity_Project\2026.9.25\9.25.1_ding_Ti60F225_Canny_Face_Parallel\ip/DdrCtrl\DdrCtrl.sv (1460)" representative instance : ddr3_ctl_axi/u_efx_ddr3_soft_controller/genblk1.inst_ddr3_axi/inst_efx_ddr3/top_mc/controller_main/dffrs_2527/i94_rst_3
FF|OPT : Flip-flop optimization by equivalence checking
@ "D:\yilingsi_fpga\Efinity_Project\2026.9.25\9.25.1_ding_Ti60F225_Canny_Face_Parallel\ip/DdrCtrl\DdrCtrl.sv (1460)" removed instance : ddr3_ctl_axi/u_efx_ddr3_soft_controller/genblk1.inst_ddr3_axi/inst_efx_ddr3/top_mc/controller_main/dffrs_2527/i86_rst_0
@ "D:\yilingsi_fpga\Efinity_Project\2026.9.25\9.25.1_ding_Ti60F225_Canny_Face_Parallel\ip/DdrCtrl\DdrCtrl.sv (1460)" representative instance : ddr3_ctl_axi/u_efx_ddr3_soft_controller/genblk1.inst_ddr3_axi/inst_efx_ddr3/top_mc/controller_main/dffrs_2527/i94_rst_0
FF|OPT : Flip-flop optimization by equivalence checking
@ "D:\yilingsi_fpga\Efinity_Project\2026.9.25\9.25.1_ding_Ti60F225_Canny_Face_Parallel\ip/DdrCtrl\DdrCtrl.sv (1460)" removed instance : ddr3_ctl_axi/u_efx_ddr3_soft_controller/genblk1.inst_ddr3_axi/inst_efx_ddr3/top_mc/controller_main/dffrs_2527/i86_rst_1
@ "D:\yilingsi_fpga\Efinity_Project\2026.9.25\9.25.1_ding_Ti60F225_Canny_Face_Parallel\ip/DdrCtrl\DdrCtrl.sv (1460)" representative instance : ddr3_ctl_axi/u_efx_ddr3_soft_controller/genblk1.inst_ddr3_axi/inst_efx_ddr3/top_mc/controller_main/dffrs_2527/i94_rst_1
FF|OPT : Flip-flop optimization by equivalence checking
@ "D:\yilingsi_fpga\Efinity_Project\2026.9.25\9.25.1_ding_Ti60F225_Canny_Face_Parallel\ip/DdrCtrl\DdrCtrl.sv (1460)" removed instance : ddr3_ctl_axi/u_efx_ddr3_soft_controller/genblk1.inst_ddr3_axi/inst_efx_ddr3/top_mc/controller_main/dffrs_2527/i86_rst_2
@ "D:\yilingsi_fpga\Efinity_Project\2026.9.25\9.25.1_ding_Ti60F225_Canny_Face_Parallel\ip/DdrCtrl\DdrCtrl.sv (1460)" representative instance : ddr3_ctl_axi/u_efx_ddr3_soft_controller/genblk1.inst_ddr3_axi/inst_efx_ddr3/top_mc/controller_main/dffrs_2527/i94_rst_2
FF|OPT : Flip-flop optimization by equivalence checking
@ "D:\yilingsi_fpga\Efinity_Project\2026.9.25\9.25.1_ding_Ti60F225_Canny_Face_Parallel\ip/DdrCtrl\DdrCtrl.sv (1460)" removed instance : ddr3_ctl_axi/u_efx_ddr3_soft_controller/genblk1.inst_ddr3_axi/inst_efx_ddr3/top_mc/controller_main/dffrs_2527/i86_rst_3
@ "D:\yilingsi_fpga\Efinity_Project\2026.9.25\9.25.1_ding_Ti60F225_Canny_Face_Parallel\ip/DdrCtrl\DdrCtrl.sv (1460)" representative instance : ddr3_ctl_axi/u_efx_ddr3_soft_controller/genblk1.inst_ddr3_axi/inst_efx_ddr3/top_mc/controller_main/dffrs_2527/i94_rst_3
FF|OPT : Flip-flop optimization by equivalence checking
@ "D:\yilingsi_fpga\Efinity_Project\2026.9.25\9.25.1_ding_Ti60F225_Canny_Face_Parallel\ip/DdrCtrl\DdrCtrl.sv (1460)" removed instance : ddr3_ctl_axi/u_efx_ddr3_soft_controller/genblk1.inst_ddr3_axi/inst_efx_ddr3/top_mc/controller_main/dffrs_2527/i85_rst_0
@ "D:\yilingsi_fpga\Efinity_Project\2026.9.25\9.25.1_ding_Ti60F225_Canny_Face_Parallel\ip/DdrCtrl\DdrCtrl.sv (1460)" representative instance : ddr3_ctl_axi/u_efx_ddr3_soft_controller/genblk1.inst_ddr3_axi/inst_efx_ddr3/top_mc/controller_main/dffrs_2527/i94_rst_0
FF|OPT : Flip-flop optimization by equivalence checking
@ "D:\yilingsi_fpga\Efinity_Project\2026.9.25\9.25.1_ding_Ti60F225_Canny_Face_Parallel\ip/DdrCtrl\DdrCtrl.sv (1460)" removed instance : ddr3_ctl_axi/u_efx_ddr3_soft_controller/genblk1.inst_ddr3_axi/inst_efx_ddr3/top_mc/controller_main/dffrs_2527/i85_rst_1
@ "D:\yilingsi_fpga\Efinity_Project\2026.9.25\9.25.1_ding_Ti60F225_Canny_Face_Parallel\ip/DdrCtrl\DdrCtrl.sv (1460)" representative instance : ddr3_ctl_axi/u_efx_ddr3_soft_controller/genblk1.inst_ddr3_axi/inst_efx_ddr3/top_mc/controller_main/dffrs_2527/i94_rst_1
FF|OPT : Flip-flop optimization by equivalence checking
@ "D:\yilingsi_fpga\Efinity_Project\2026.9.25\9.25.1_ding_Ti60F225_Canny_Face_Parallel\ip/DdrCtrl\DdrCtrl.sv (1460)" removed instance : ddr3_ctl_axi/u_efx_ddr3_soft_controller/genblk1.inst_ddr3_axi/inst_efx_ddr3/top_mc/controller_main/dffrs_2527/i85_rst_2
@ "D:\yilingsi_fpga\Efinity_Project\2026.9.25\9.25.1_ding_Ti60F225_Canny_Face_Parallel\ip/DdrCtrl\DdrCtrl.sv (1460)" representative instance : ddr3_ctl_axi/u_efx_ddr3_soft_controller/genblk1.inst_ddr3_axi/inst_efx_ddr3/top_mc/controller_main/dffrs_2527/i94_rst_2
FF|OPT : Flip-flop optimization by equivalence checking
@ "D:\yilingsi_fpga\Efinity_Project\2026.9.25\9.25.1_ding_Ti60F225_Canny_Face_Parallel\ip/DdrCtrl\DdrCtrl.sv (1460)" removed instance : ddr3_ctl_axi/u_efx_ddr3_soft_controller/genblk1.inst_ddr3_axi/inst_efx_ddr3/top_mc/controller_main/dffrs_2527/i85_rst_3
@ "D:\yilingsi_fpga\Efinity_Project\2026.9.25\9.25.1_ding_Ti60F225_Canny_Face_Parallel\ip/DdrCtrl\DdrCtrl.sv (1460)" representative instance : ddr3_ctl_axi/u_efx_ddr3_soft_controller/genblk1.inst_ddr3_axi/inst_efx_ddr3/top_mc/controller_main/dffrs_2527/i94_rst_3
FF|OPT : Flip-flop optimization by equivalence checking
@ "D:\yilingsi_fpga\Efinity_Project\2026.9.25\9.25.1_ding_Ti60F225_Canny_Face_Parallel\ip/DdrCtrl\DdrCtrl.sv (3274)" removed instance : ddr3_ctl_axi/u_efx_ddr3_soft_controller/genblk1.inst_ddr3_axi/inst_efx_ddr3/dff_734/i65
@ "D:\yilingsi_fpga\Efinity_Project\2026.9.25\9.25.1_ding_Ti60F225_Canny_Face_Parallel\ip/DdrCtrl\DdrCtrl.sv (3274)" representative instance : ddr3_ctl_axi/u_efx_ddr3_soft_controller/genblk1.inst_ddr3_axi/inst_efx_ddr3/dff_734/i88
FF|OPT : Flip-flop optimization by equivalence checking
@ "D:\yilingsi_fpga\Efinity_Project\2026.9.25\9.25.1_ding_Ti60F225_Canny_Face_Parallel\ip/DdrCtrl\DdrCtrl.sv (3274)" removed instance : ddr3_ctl_axi/u_efx_ddr3_soft_controller/genblk1.inst_ddr3_axi/inst_efx_ddr3/dff_734/i66
@ "D:\yilingsi_fpga\Efinity_Project\2026.9.25\9.25.1_ding_Ti60F225_Canny_Face_Parallel\ip/DdrCtrl\DdrCtrl.sv (3274)" representative instance : ddr3_ctl_axi/u_efx_ddr3_soft_controller/genblk1.inst_ddr3_axi/inst_efx_ddr3/dff_734/i92
FF|OPT : Flip-flop optimization by equivalence checking
@ "D:\yilingsi_fpga\Efinity_Project\2026.9.25\9.25.1_ding_Ti60F225_Canny_Face_Parallel\ip/DdrCtrl\DdrCtrl.sv (3274)" removed instance : ddr3_ctl_axi/u_efx_ddr3_soft_controller/genblk1.inst_ddr3_axi/inst_efx_ddr3/dff_734/i67
@ "D:\yilingsi_fpga\Efinity_Project\2026.9.25\9.25.1_ding_Ti60F225_Canny_Face_Parallel\ip/DdrCtrl\DdrCtrl.sv (3274)" representative instance : ddr3_ctl_axi/u_efx_ddr3_soft_controller/genblk1.inst_ddr3_axi/inst_efx_ddr3/dff_734/i89
FF|OPT : Flip-flop optimization by equivalence checking
@ "D:\yilingsi_fpga\Efinity_Project\2026.9.25\9.25.1_ding_Ti60F225_Canny_Face_Parallel\ip/DdrCtrl\DdrCtrl.sv (3274)" removed instance : ddr3_ctl_axi/u_efx_ddr3_soft_controller/genblk1.inst_ddr3_axi/inst_efx_ddr3/dff_734/i68
@ "D:\yilingsi_fpga\Efinity_Project\2026.9.25\9.25.1_ding_Ti60F225_Canny_Face_Parallel\ip/DdrCtrl\DdrCtrl.sv (3274)" representative instance : ddr3_ctl_axi/u_efx_ddr3_soft_controller/genblk1.inst_ddr3_axi/inst_efx_ddr3/dff_734/i92
FF|OPT : Flip-flop optimization by equivalence checking
@ "D:\yilingsi_fpga\Efinity_Project\2026.9.25\9.25.1_ding_Ti60F225_Canny_Face_Parallel\ip/DdrCtrl\DdrCtrl.sv (3274)" removed instance : ddr3_ctl_axi/u_efx_ddr3_soft_controller/genblk1.inst_ddr3_axi/inst_efx_ddr3/dff_734/i69
@ "D:\yilingsi_fpga\Efinity_Project\2026.9.25\9.25.1_ding_Ti60F225_Canny_Face_Parallel\ip/DdrCtrl\DdrCtrl.sv (3274)" representative instance : ddr3_ctl_axi/u_efx_ddr3_soft_controller/genblk1.inst_ddr3_axi/inst_efx_ddr3/dff_734/i5
FF|OPT : Flip-flop optimization by equivalence checking
@ "D:\yilingsi_fpga\Efinity_Project\2026.9.25\9.25.1_ding_Ti60F225_Canny_Face_Parallel\ip/DdrCtrl\DdrCtrl.sv (3274)" removed instance : ddr3_ctl_axi/u_efx_ddr3_soft_controller/genblk1.inst_ddr3_axi/inst_efx_ddr3/dff_734/i70
@ "D:\yilingsi_fpga\Efinity_Project\2026.9.25\9.25.1_ding_Ti60F225_Canny_Face_Parallel\ip/DdrCtrl\DdrCtrl.sv (3274)" representative instance : ddr3_ctl_axi/u_efx_ddr3_soft_controller/genblk1.inst_ddr3_axi/inst_efx_ddr3/dff_734/i5
FF|OPT : Flip-flop optimization by equivalence checking
@ "D:\yilingsi_fpga\Efinity_Project\2026.9.25\9.25.1_ding_Ti60F225_Canny_Face_Parallel\ip/DdrCtrl\DdrCtrl.sv (3274)" removed instance : ddr3_ctl_axi/u_efx_ddr3_soft_controller/genblk1.inst_ddr3_axi/inst_efx_ddr3/dff_734/i71
@ "D:\yilingsi_fpga\Efinity_Project\2026.9.25\9.25.1_ding_Ti60F225_Canny_Face_Parallel\ip/DdrCtrl\DdrCtrl.sv (3274)" representative instance : ddr3_ctl_axi/u_efx_ddr3_soft_controller/genblk1.inst_ddr3_axi/inst_efx_ddr3/dff_734/i93
FF|OPT : Flip-flop optimization by equivalence checking
@ "D:\yilingsi_fpga\Efinity_Project\2026.9.25\9.25.1_ding_Ti60F225_Canny_Face_Parallel\ip/DdrCtrl\DdrCtrl.sv (3274)" removed instance : ddr3_ctl_axi/u_efx_ddr3_soft_controller/genblk1.inst_ddr3_axi/inst_efx_ddr3/dff_734/i72
@ "D:\yilingsi_fpga\Efinity_Project\2026.9.25\9.25.1_ding_Ti60F225_Canny_Face_Parallel\ip/DdrCtrl\DdrCtrl.sv (3274)" representative instance : ddr3_ctl_axi/u_efx_ddr3_soft_controller/genblk1.inst_ddr3_axi/inst_efx_ddr3/dff_734/i2
FF|OPT : Flip-flop optimization by equivalence checking
@ "D:\yilingsi_fpga\Efinity_Project\2026.9.25\9.25.1_ding_Ti60F225_Canny_Face_Parallel\ip/DdrCtrl\DdrCtrl.sv (3274)" removed instance : ddr3_ctl_axi/u_efx_ddr3_soft_controller/genblk1.inst_ddr3_axi/inst_efx_ddr3/dff_734/i73
@ "D:\yilingsi_fpga\Efinity_Project\2026.9.25\9.25.1_ding_Ti60F225_Canny_Face_Parallel\ip/DdrCtrl\DdrCtrl.sv (3274)" representative instance : ddr3_ctl_axi/u_efx_ddr3_soft_controller/genblk1.inst_ddr3_axi/inst_efx_ddr3/dff_734/i88
FF|OPT : Flip-flop optimization by equivalence checking
@ "D:\yilingsi_fpga\Efinity_Project\2026.9.25\9.25.1_ding_Ti60F225_Canny_Face_Parallel\ip/DdrCtrl\DdrCtrl.sv (3274)" removed instance : ddr3_ctl_axi/u_efx_ddr3_soft_controller/genblk1.inst_ddr3_axi/inst_efx_ddr3/dff_734/i74
@ "D:\yilingsi_fpga\Efinity_Project\2026.9.25\9.25.1_ding_Ti60F225_Canny_Face_Parallel\ip/DdrCtrl\DdrCtrl.sv (3274)" representative instance : ddr3_ctl_axi/u_efx_ddr3_soft_controller/genblk1.inst_ddr3_axi/inst_efx_ddr3/dff_734/i88
FF|OPT : Flip-flop optimization by equivalence checking
@ "D:\yilingsi_fpga\Efinity_Project\2026.9.25\9.25.1_ding_Ti60F225_Canny_Face_Parallel\ip/DdrCtrl\DdrCtrl.sv (3274)" removed instance : ddr3_ctl_axi/u_efx_ddr3_soft_controller/genblk1.inst_ddr3_axi/inst_efx_ddr3/dff_734/i75
@ "D:\yilingsi_fpga\Efinity_Project\2026.9.25\9.25.1_ding_Ti60F225_Canny_Face_Parallel\ip/DdrCtrl\DdrCtrl.sv (3274)" representative instance : ddr3_ctl_axi/u_efx_ddr3_soft_controller/genblk1.inst_ddr3_axi/inst_efx_ddr3/dff_734/i89
FF|OPT : Flip-flop optimization by equivalence checking
@ "D:\yilingsi_fpga\Efinity_Project\2026.9.25\9.25.1_ding_Ti60F225_Canny_Face_Parallel\ip/DdrCtrl\DdrCtrl.sv (3274)" removed instance : ddr3_ctl_axi/u_efx_ddr3_soft_controller/genblk1.inst_ddr3_axi/inst_efx_ddr3/dff_734/i76
@ "D:\yilingsi_fpga\Efinity_Project\2026.9.25\9.25.1_ding_Ti60F225_Canny_Face_Parallel\ip/DdrCtrl\DdrCtrl.sv (3274)" representative instance : ddr3_ctl_axi/u_efx_ddr3_soft_controller/genblk1.inst_ddr3_axi/inst_efx_ddr3/dff_734/i92
FF|OPT : Flip-flop optimization by equivalence checking
@ "D:\yilingsi_fpga\Efinity_Project\2026.9.25\9.25.1_ding_Ti60F225_Canny_Face_Parallel\ip/DdrCtrl\DdrCtrl.sv (3274)" removed instance : ddr3_ctl_axi/u_efx_ddr3_soft_controller/genblk1.inst_ddr3_axi/inst_efx_ddr3/dff_734/i77
@ "D:\yilingsi_fpga\Efinity_Project\2026.9.25\9.25.1_ding_Ti60F225_Canny_Face_Parallel\ip/DdrCtrl\DdrCtrl.sv (3274)" representative instance : ddr3_ctl_axi/u_efx_ddr3_soft_controller/genblk1.inst_ddr3_axi/inst_efx_ddr3/dff_734/i2
FF|OPT : Flip-flop optimization by equivalence checking
@ "D:\yilingsi_fpga\Efinity_Project\2026.9.25\9.25.1_ding_Ti60F225_Canny_Face_Parallel\ip/DdrCtrl\DdrCtrl.sv (3274)" removed instance : ddr3_ctl_axi/u_efx_ddr3_soft_controller/genblk1.inst_ddr3_axi/inst_efx_ddr3/dff_734/i78
@ "D:\yilingsi_fpga\Efinity_Project\2026.9.25\9.25.1_ding_Ti60F225_Canny_Face_Parallel\ip/DdrCtrl\DdrCtrl.sv (3274)" representative instance : ddr3_ctl_axi/u_efx_ddr3_soft_controller/genblk1.inst_ddr3_axi/inst_efx_ddr3/dff_734/i5
FF|OPT : Flip-flop optimization by equivalence checking
@ "D:\yilingsi_fpga\Efinity_Project\2026.9.25\9.25.1_ding_Ti60F225_Canny_Face_Parallel\ip/DdrCtrl\DdrCtrl.sv (3274)" removed instance : ddr3_ctl_axi/u_efx_ddr3_soft_controller/genblk1.inst_ddr3_axi/inst_efx_ddr3/dff_734/i79
@ "D:\yilingsi_fpga\Efinity_Project\2026.9.25\9.25.1_ding_Ti60F225_Canny_Face_Parallel\ip/DdrCtrl\DdrCtrl.sv (3274)" representative instance : ddr3_ctl_axi/u_efx_ddr3_soft_controller/genblk1.inst_ddr3_axi/inst_efx_ddr3/dff_734/i89
FF|OPT : Flip-flop optimization by equivalence checking
@ "D:\yilingsi_fpga\Efinity_Project\2026.9.25\9.25.1_ding_Ti60F225_Canny_Face_Parallel\ip/DdrCtrl\DdrCtrl.sv (3274)" removed instance : ddr3_ctl_axi/u_efx_ddr3_soft_controller/genblk1.inst_ddr3_axi/inst_efx_ddr3/dff_734/i80
@ "D:\yilingsi_fpga\Efinity_Project\2026.9.25\9.25.1_ding_Ti60F225_Canny_Face_Parallel\ip/DdrCtrl\DdrCtrl.sv (3274)" representative instance : ddr3_ctl_axi/u_efx_ddr3_soft_controller/genblk1.inst_ddr3_axi/inst_efx_ddr3/dff_734/i88
FF|OPT : Flip-flop optimization by equivalence checking
@ "D:\yilingsi_fpga\Efinity_Project\2026.9.25\9.25.1_ding_Ti60F225_Canny_Face_Parallel\ip/DdrCtrl\DdrCtrl.sv (3274)" removed instance : ddr3_ctl_axi/u_efx_ddr3_soft_controller/genblk1.inst_ddr3_axi/inst_efx_ddr3/dff_734/i82
@ "D:\yilingsi_fpga\Efinity_Project\2026.9.25\9.25.1_ding_Ti60F225_Canny_Face_Parallel\ip/DdrCtrl\DdrCtrl.sv (3274)" representative instance : ddr3_ctl_axi/u_efx_ddr3_soft_controller/genblk1.inst_ddr3_axi/inst_efx_ddr3/dff_734/i94
FF|OPT : Flip-flop optimization by equivalence checking
@ "D:\yilingsi_fpga\Efinity_Project\2026.9.25\9.25.1_ding_Ti60F225_Canny_Face_Parallel\ip/DdrCtrl\DdrCtrl.sv (3274)" removed instance : ddr3_ctl_axi/u_efx_ddr3_soft_controller/genblk1.inst_ddr3_axi/inst_efx_ddr3/dff_734/i83
@ "D:\yilingsi_fpga\Efinity_Project\2026.9.25\9.25.1_ding_Ti60F225_Canny_Face_Parallel\ip/DdrCtrl\DdrCtrl.sv (3274)" representative instance : ddr3_ctl_axi/u_efx_ddr3_soft_controller/genblk1.inst_ddr3_axi/inst_efx_ddr3/dff_734/i95
FF|OPT : Flip-flop optimization by equivalence checking
@ "D:\yilingsi_fpga\Efinity_Project\2026.9.25\9.25.1_ding_Ti60F225_Canny_Face_Parallel\ip/DdrCtrl\DdrCtrl.sv (3274)" removed instance : ddr3_ctl_axi/u_efx_ddr3_soft_controller/genblk1.inst_ddr3_axi/inst_efx_ddr3/dff_734/i84
@ "D:\yilingsi_fpga\Efinity_Project\2026.9.25\9.25.1_ding_Ti60F225_Canny_Face_Parallel\ip/DdrCtrl\DdrCtrl.sv (3274)" representative instance : ddr3_ctl_axi/u_efx_ddr3_soft_controller/genblk1.inst_ddr3_axi/inst_efx_ddr3/dff_734/i92
FF|OPT : Flip-flop optimization by equivalence checking
@ "D:\yilingsi_fpga\Efinity_Project\2026.9.25\9.25.1_ding_Ti60F225_Canny_Face_Parallel\ip/DdrCtrl\DdrCtrl.sv (1460)" removed instance : ddr3_ctl_axi/u_efx_ddr3_soft_controller/genblk1.inst_ddr3_axi/inst_efx_ddr3/top_mc/controller_main/dffrs_2527/i84_rst_0
@ "D:\yilingsi_fpga\Efinity_Project\2026.9.25\9.25.1_ding_Ti60F225_Canny_Face_Parallel\ip/DdrCtrl\DdrCtrl.sv (1460)" representative instance : ddr3_ctl_axi/u_efx_ddr3_soft_controller/genblk1.inst_ddr3_axi/inst_efx_ddr3/top_mc/controller_main/dffrs_2527/i94_rst_0
FF|OPT : Flip-flop optimization by equivalence checking
@ "D:\yilingsi_fpga\Efinity_Project\2026.9.25\9.25.1_ding_Ti60F225_Canny_Face_Parallel\ip/DdrCtrl\DdrCtrl.sv (1460)" removed instance : ddr3_ctl_axi/u_efx_ddr3_soft_controller/genblk1.inst_ddr3_axi/inst_efx_ddr3/top_mc/controller_main/dffrs_2527/i84_rst_1
@ "D:\yilingsi_fpga\Efinity_Project\2026.9.25\9.25.1_ding_Ti60F225_Canny_Face_Parallel\ip/DdrCtrl\DdrCtrl.sv (1460)" representative instance : ddr3_ctl_axi/u_efx_ddr3_soft_controller/genblk1.inst_ddr3_axi/inst_efx_ddr3/top_mc/controller_main/dffrs_2527/i94_rst_1
FF|OPT : Flip-flop optimization by equivalence checking
@ "D:\yilingsi_fpga\Efinity_Project\2026.9.25\9.25.1_ding_Ti60F225_Canny_Face_Parallel\ip/DdrCtrl\DdrCtrl.sv (1460)" removed instance : ddr3_ctl_axi/u_efx_ddr3_soft_controller/genblk1.inst_ddr3_axi/inst_efx_ddr3/top_mc/controller_main/dffrs_2527/i84_rst_2
@ "D:\yilingsi_fpga\Efinity_Project\2026.9.25\9.25.1_ding_Ti60F225_Canny_Face_Parallel\ip/DdrCtrl\DdrCtrl.sv (1460)" representative instance : ddr3_ctl_axi/u_efx_ddr3_soft_controller/genblk1.inst_ddr3_axi/inst_efx_ddr3/top_mc/controller_main/dffrs_2527/i94_rst_2
FF|OPT : Flip-flop optimization by equivalence checking
@ "D:\yilingsi_fpga\Efinity_Project\2026.9.25\9.25.1_ding_Ti60F225_Canny_Face_Parallel\ip/DdrCtrl\DdrCtrl.sv (1460)" removed instance : ddr3_ctl_axi/u_efx_ddr3_soft_controller/genblk1.inst_ddr3_axi/inst_efx_ddr3/top_mc/controller_main/dffrs_2527/i84_rst_3
@ "D:\yilingsi_fpga\Efinity_Project\2026.9.25\9.25.1_ding_Ti60F225_Canny_Face_Parallel\ip/DdrCtrl\DdrCtrl.sv (1460)" representative instance : ddr3_ctl_axi/u_efx_ddr3_soft_controller/genblk1.inst_ddr3_axi/inst_efx_ddr3/top_mc/controller_main/dffrs_2527/i94_rst_3
FF|OPT : Flip-flop optimization by equivalence checking
@ "D:\yilingsi_fpga\Efinity_Project\2026.9.25\9.25.1_ding_Ti60F225_Canny_Face_Parallel\ip/DdrCtrl\DdrCtrl.sv (1460)" removed instance : ddr3_ctl_axi/u_efx_ddr3_soft_controller/genblk1.inst_ddr3_axi/inst_efx_ddr3/top_mc/controller_main/dffrs_2527/i83_rst_0
@ "D:\yilingsi_fpga\Efinity_Project\2026.9.25\9.25.1_ding_Ti60F225_Canny_Face_Parallel\ip/DdrCtrl\DdrCtrl.sv (1460)" representative instance : ddr3_ctl_axi/u_efx_ddr3_soft_controller/genblk1.inst_ddr3_axi/inst_efx_ddr3/top_mc/controller_main/dffrs_2527/i94_rst_0
FF|OPT : Flip-flop optimization by equivalence checking
@ "D:\yilingsi_fpga\Efinity_Project\2026.9.25\9.25.1_ding_Ti60F225_Canny_Face_Parallel\ip/DdrCtrl\DdrCtrl.sv (1460)" removed instance : ddr3_ctl_axi/u_efx_ddr3_soft_controller/genblk1.inst_ddr3_axi/inst_efx_ddr3/top_mc/controller_main/dffrs_2527/i83_rst_1
@ "D:\yilingsi_fpga\Efinity_Project\2026.9.25\9.25.1_ding_Ti60F225_Canny_Face_Parallel\ip/DdrCtrl\DdrCtrl.sv (1460)" representative instance : ddr3_ctl_axi/u_efx_ddr3_soft_controller/genblk1.inst_ddr3_axi/inst_efx_ddr3/top_mc/controller_main/dffrs_2527/i94_rst_1
FF|OPT : Flip-flop optimization by equivalence checking
@ "D:\yilingsi_fpga\Efinity_Project\2026.9.25\9.25.1_ding_Ti60F225_Canny_Face_Parallel\ip/DdrCtrl\DdrCtrl.sv (1460)" removed instance : ddr3_ctl_axi/u_efx_ddr3_soft_controller/genblk1.inst_ddr3_axi/inst_efx_ddr3/top_mc/controller_main/dffrs_2527/i83_rst_2
@ "D:\yilingsi_fpga\Efinity_Project\2026.9.25\9.25.1_ding_Ti60F225_Canny_Face_Parallel\ip/DdrCtrl\DdrCtrl.sv (1460)" representative instance : ddr3_ctl_axi/u_efx_ddr3_soft_controller/genblk1.inst_ddr3_axi/inst_efx_ddr3/top_mc/controller_main/dffrs_2527/i94_rst_2
FF|OPT : Flip-flop optimization by equivalence checking
@ "D:\yilingsi_fpga\Efinity_Project\2026.9.25\9.25.1_ding_Ti60F225_Canny_Face_Parallel\ip/DdrCtrl\DdrCtrl.sv (1460)" removed instance : ddr3_ctl_axi/u_efx_ddr3_soft_controller/genblk1.inst_ddr3_axi/inst_efx_ddr3/top_mc/controller_main/dffrs_2527/i83_rst_3
@ "D:\yilingsi_fpga\Efinity_Project\2026.9.25\9.25.1_ding_Ti60F225_Canny_Face_Parallel\ip/DdrCtrl\DdrCtrl.sv (1460)" representative instance : ddr3_ctl_axi/u_efx_ddr3_soft_controller/genblk1.inst_ddr3_axi/inst_efx_ddr3/top_mc/controller_main/dffrs_2527/i94_rst_3
FF|OPT : Flip-flop optimization by equivalence checking
@ "D:\yilingsi_fpga\Efinity_Project\2026.9.25\9.25.1_ding_Ti60F225_Canny_Face_Parallel\ip/DdrCtrl\DdrCtrl.sv (1460)" removed instance : ddr3_ctl_axi/u_efx_ddr3_soft_controller/genblk1.inst_ddr3_axi/inst_efx_ddr3/top_mc/controller_main/dffrs_2527/i82_rst_0
@ "D:\yilingsi_fpga\Efinity_Project\2026.9.25\9.25.1_ding_Ti60F225_Canny_Face_Parallel\ip/DdrCtrl\DdrCtrl.sv (1460)" representative instance : ddr3_ctl_axi/u_efx_ddr3_soft_controller/genblk1.inst_ddr3_axi/inst_efx_ddr3/top_mc/controller_main/dffrs_2527/i94_rst_0
FF|OPT : Flip-flop optimization by equivalence checking
@ "D:\yilingsi_fpga\Efinity_Project\2026.9.25\9.25.1_ding_Ti60F225_Canny_Face_Parallel\ip/DdrCtrl\DdrCtrl.sv (1460)" removed instance : ddr3_ctl_axi/u_efx_ddr3_soft_controller/genblk1.inst_ddr3_axi/inst_efx_ddr3/top_mc/controller_main/dffrs_2527/i82_rst_1
@ "D:\yilingsi_fpga\Efinity_Project\2026.9.25\9.25.1_ding_Ti60F225_Canny_Face_Parallel\ip/DdrCtrl\DdrCtrl.sv (1460)" representative instance : ddr3_ctl_axi/u_efx_ddr3_soft_controller/genblk1.inst_ddr3_axi/inst_efx_ddr3/top_mc/controller_main/dffrs_2527/i94_rst_1
FF|OPT : Flip-flop optimization by equivalence checking
@ "D:\yilingsi_fpga\Efinity_Project\2026.9.25\9.25.1_ding_Ti60F225_Canny_Face_Parallel\ip/DdrCtrl\DdrCtrl.sv (1460)" removed instance : ddr3_ctl_axi/u_efx_ddr3_soft_controller/genblk1.inst_ddr3_axi/inst_efx_ddr3/top_mc/controller_main/dffrs_2527/i82_rst_2
@ "D:\yilingsi_fpga\Efinity_Project\2026.9.25\9.25.1_ding_Ti60F225_Canny_Face_Parallel\ip/DdrCtrl\DdrCtrl.sv (1460)" representative instance : ddr3_ctl_axi/u_efx_ddr3_soft_controller/genblk1.inst_ddr3_axi/inst_efx_ddr3/top_mc/controller_main/dffrs_2527/i94_rst_2
FF|OPT : Flip-flop optimization by equivalence checking
@ "D:\yilingsi_fpga\Efinity_Project\2026.9.25\9.25.1_ding_Ti60F225_Canny_Face_Parallel\ip/DdrCtrl\DdrCtrl.sv (1460)" removed instance : ddr3_ctl_axi/u_efx_ddr3_soft_controller/genblk1.inst_ddr3_axi/inst_efx_ddr3/top_mc/controller_main/dffrs_2527/i82_rst_3
@ "D:\yilingsi_fpga\Efinity_Project\2026.9.25\9.25.1_ding_Ti60F225_Canny_Face_Parallel\ip/DdrCtrl\DdrCtrl.sv (1460)" representative instance : ddr3_ctl_axi/u_efx_ddr3_soft_controller/genblk1.inst_ddr3_axi/inst_efx_ddr3/top_mc/controller_main/dffrs_2527/i94_rst_3
FF|OPT : Flip-flop optimization by equivalence checking
@ "D:\yilingsi_fpga\Efinity_Project\2026.9.25\9.25.1_ding_Ti60F225_Canny_Face_Parallel\ip/DdrCtrl\DdrCtrl.sv (1460)" removed instance : ddr3_ctl_axi/u_efx_ddr3_soft_controller/genblk1.inst_ddr3_axi/inst_efx_ddr3/top_mc/controller_main/dffrs_2527/i81_rst_0
@ "D:\yilingsi_fpga\Efinity_Project\2026.9.25\9.25.1_ding_Ti60F225_Canny_Face_Parallel\ip/DdrCtrl\DdrCtrl.sv (1460)" representative instance : ddr3_ctl_axi/u_efx_ddr3_soft_controller/genblk1.inst_ddr3_axi/inst_efx_ddr3/top_mc/controller_main/dffrs_2527/i94_rst_0
FF|OPT : Flip-flop optimization by equivalence checking
@ "D:\yilingsi_fpga\Efinity_Project\2026.9.25\9.25.1_ding_Ti60F225_Canny_Face_Parallel\ip/DdrCtrl\DdrCtrl.sv (1460)" removed instance : ddr3_ctl_axi/u_efx_ddr3_soft_controller/genblk1.inst_ddr3_axi/inst_efx_ddr3/top_mc/controller_main/dffrs_2527/i81_rst_1
@ "D:\yilingsi_fpga\Efinity_Project\2026.9.25\9.25.1_ding_Ti60F225_Canny_Face_Parallel\ip/DdrCtrl\DdrCtrl.sv (1460)" representative instance : ddr3_ctl_axi/u_efx_ddr3_soft_controller/genblk1.inst_ddr3_axi/inst_efx_ddr3/top_mc/controller_main/dffrs_2527/i94_rst_1
FF|OPT : Flip-flop optimization by equivalence checking
@ "D:\yilingsi_fpga\Efinity_Project\2026.9.25\9.25.1_ding_Ti60F225_Canny_Face_Parallel\ip/DdrCtrl\DdrCtrl.sv (1460)" removed instance : ddr3_ctl_axi/u_efx_ddr3_soft_controller/genblk1.inst_ddr3_axi/inst_efx_ddr3/top_mc/controller_main/dffrs_2527/i81_rst_2
@ "D:\yilingsi_fpga\Efinity_Project\2026.9.25\9.25.1_ding_Ti60F225_Canny_Face_Parallel\ip/DdrCtrl\DdrCtrl.sv (1460)" representative instance : ddr3_ctl_axi/u_efx_ddr3_soft_controller/genblk1.inst_ddr3_axi/inst_efx_ddr3/top_mc/controller_main/dffrs_2527/i94_rst_2
FF|OPT : Flip-flop optimization by equivalence checking
@ "D:\yilingsi_fpga\Efinity_Project\2026.9.25\9.25.1_ding_Ti60F225_Canny_Face_Parallel\ip/DdrCtrl\DdrCtrl.sv (1460)" removed instance : ddr3_ctl_axi/u_efx_ddr3_soft_controller/genblk1.inst_ddr3_axi/inst_efx_ddr3/top_mc/controller_main/dffrs_2527/i81_rst_3
@ "D:\yilingsi_fpga\Efinity_Project\2026.9.25\9.25.1_ding_Ti60F225_Canny_Face_Parallel\ip/DdrCtrl\DdrCtrl.sv (1460)" representative instance : ddr3_ctl_axi/u_efx_ddr3_soft_controller/genblk1.inst_ddr3_axi/inst_efx_ddr3/top_mc/controller_main/dffrs_2527/i94_rst_3
FF|OPT : Flip-flop optimization by equivalence checking
@ "D:\yilingsi_fpga\Efinity_Project\2026.9.25\9.25.1_ding_Ti60F225_Canny_Face_Parallel\ip/DdrCtrl\DdrCtrl.sv (1460)" removed instance : ddr3_ctl_axi/u_efx_ddr3_soft_controller/genblk1.inst_ddr3_axi/inst_efx_ddr3/top_mc/controller_main/dffrs_2527/i8_rst_0
@ "D:\yilingsi_fpga\Efinity_Project\2026.9.25\9.25.1_ding_Ti60F225_Canny_Face_Parallel\ip/DdrCtrl\DdrCtrl.sv (1460)" representative instance : ddr3_ctl_axi/u_efx_ddr3_soft_controller/genblk1.inst_ddr3_axi/inst_efx_ddr3/top_mc/controller_main/dffrs_2527/i94_rst_0
FF|OPT : Flip-flop optimization by equivalence checking
@ "D:\yilingsi_fpga\Efinity_Project\2026.9.25\9.25.1_ding_Ti60F225_Canny_Face_Parallel\ip/DdrCtrl\DdrCtrl.sv (1460)" removed instance : ddr3_ctl_axi/u_efx_ddr3_soft_controller/genblk1.inst_ddr3_axi/inst_efx_ddr3/top_mc/controller_main/dffrs_2527/i8_rst_1
@ "D:\yilingsi_fpga\Efinity_Project\2026.9.25\9.25.1_ding_Ti60F225_Canny_Face_Parallel\ip/DdrCtrl\DdrCtrl.sv (1460)" representative instance : ddr3_ctl_axi/u_efx_ddr3_soft_controller/genblk1.inst_ddr3_axi/inst_efx_ddr3/top_mc/controller_main/dffrs_2527/i94_rst_1
FF|OPT : Flip-flop optimization by equivalence checking
@ "D:\yilingsi_fpga\Efinity_Project\2026.9.25\9.25.1_ding_Ti60F225_Canny_Face_Parallel\ip/DdrCtrl\DdrCtrl.sv (1460)" removed instance : ddr3_ctl_axi/u_efx_ddr3_soft_controller/genblk1.inst_ddr3_axi/inst_efx_ddr3/top_mc/controller_main/dffrs_2527/i8_rst_2
@ "D:\yilingsi_fpga\Efinity_Project\2026.9.25\9.25.1_ding_Ti60F225_Canny_Face_Parallel\ip/DdrCtrl\DdrCtrl.sv (1460)" representative instance : ddr3_ctl_axi/u_efx_ddr3_soft_controller/genblk1.inst_ddr3_axi/inst_efx_ddr3/top_mc/controller_main/dffrs_2527/i94_rst_2
FF|OPT : Flip-flop optimization by equivalence checking
@ "D:\yilingsi_fpga\Efinity_Project\2026.9.25\9.25.1_ding_Ti60F225_Canny_Face_Parallel\ip/DdrCtrl\DdrCtrl.sv (1460)" removed instance : ddr3_ctl_axi/u_efx_ddr3_soft_controller/genblk1.inst_ddr3_axi/inst_efx_ddr3/top_mc/controller_main/dffrs_2527/i8_rst_3
@ "D:\yilingsi_fpga\Efinity_Project\2026.9.25\9.25.1_ding_Ti60F225_Canny_Face_Parallel\ip/DdrCtrl\DdrCtrl.sv (1460)" representative instance : ddr3_ctl_axi/u_efx_ddr3_soft_controller/genblk1.inst_ddr3_axi/inst_efx_ddr3/top_mc/controller_main/dffrs_2527/i94_rst_3
FF|OPT : Flip-flop optimization by equivalence checking
@ "D:\yilingsi_fpga\Efinity_Project\2026.9.25\9.25.1_ding_Ti60F225_Canny_Face_Parallel\ip/DdrCtrl\DdrCtrl.sv (1460)" removed instance : ddr3_ctl_axi/u_efx_ddr3_soft_controller/genblk1.inst_ddr3_axi/inst_efx_ddr3/top_mc/controller_main/dffrs_2527/i80_rst_0
@ "D:\yilingsi_fpga\Efinity_Project\2026.9.25\9.25.1_ding_Ti60F225_Canny_Face_Parallel\ip/DdrCtrl\DdrCtrl.sv (1460)" representative instance : ddr3_ctl_axi/u_efx_ddr3_soft_controller/genblk1.inst_ddr3_axi/inst_efx_ddr3/top_mc/controller_main/dffrs_2527/i94_rst_0
FF|OPT : Flip-flop optimization by equivalence checking
@ "D:\yilingsi_fpga\Efinity_Project\2026.9.25\9.25.1_ding_Ti60F225_Canny_Face_Parallel\ip/DdrCtrl\DdrCtrl.sv (1460)" removed instance : ddr3_ctl_axi/u_efx_ddr3_soft_controller/genblk1.inst_ddr3_axi/inst_efx_ddr3/top_mc/controller_main/dffrs_2527/i80_rst_1
@ "D:\yilingsi_fpga\Efinity_Project\2026.9.25\9.25.1_ding_Ti60F225_Canny_Face_Parallel\ip/DdrCtrl\DdrCtrl.sv (1460)" representative instance : ddr3_ctl_axi/u_efx_ddr3_soft_controller/genblk1.inst_ddr3_axi/inst_efx_ddr3/top_mc/controller_main/dffrs_2527/i94_rst_1
FF|OPT : Flip-flop optimization by equivalence checking
@ "D:\yilingsi_fpga\Efinity_Project\2026.9.25\9.25.1_ding_Ti60F225_Canny_Face_Parallel\ip/DdrCtrl\DdrCtrl.sv (1460)" removed instance : ddr3_ctl_axi/u_efx_ddr3_soft_controller/genblk1.inst_ddr3_axi/inst_efx_ddr3/top_mc/controller_main/dffrs_2527/i80_rst_2
@ "D:\yilingsi_fpga\Efinity_Project\2026.9.25\9.25.1_ding_Ti60F225_Canny_Face_Parallel\ip/DdrCtrl\DdrCtrl.sv (1460)" representative instance : ddr3_ctl_axi/u_efx_ddr3_soft_controller/genblk1.inst_ddr3_axi/inst_efx_ddr3/top_mc/controller_main/dffrs_2527/i94_rst_2
FF|OPT : Flip-flop optimization by equivalence checking
@ "D:\yilingsi_fpga\Efinity_Project\2026.9.25\9.25.1_ding_Ti60F225_Canny_Face_Parallel\ip/DdrCtrl\DdrCtrl.sv (1460)" removed instance : ddr3_ctl_axi/u_efx_ddr3_soft_controller/genblk1.inst_ddr3_axi/inst_efx_ddr3/top_mc/controller_main/dffrs_2527/i80_rst_3
@ "D:\yilingsi_fpga\Efinity_Project\2026.9.25\9.25.1_ding_Ti60F225_Canny_Face_Parallel\ip/DdrCtrl\DdrCtrl.sv (1460)" representative instance : ddr3_ctl_axi/u_efx_ddr3_soft_controller/genblk1.inst_ddr3_axi/inst_efx_ddr3/top_mc/controller_main/dffrs_2527/i94_rst_3
FF|OPT : Flip-flop optimization by equivalence checking
@ "D:\yilingsi_fpga\Efinity_Project\2026.9.25\9.25.1_ding_Ti60F225_Canny_Face_Parallel\ip/DdrCtrl\DdrCtrl.sv (1460)" removed instance : ddr3_ctl_axi/u_efx_ddr3_soft_controller/genblk1.inst_ddr3_axi/inst_efx_ddr3/top_mc/controller_main/dffrs_2527/i79_rst_0
@ "D:\yilingsi_fpga\Efinity_Project\2026.9.25\9.25.1_ding_Ti60F225_Canny_Face_Parallel\ip/DdrCtrl\DdrCtrl.sv (1460)" representative instance : ddr3_ctl_axi/u_efx_ddr3_soft_controller/genblk1.inst_ddr3_axi/inst_efx_ddr3/top_mc/controller_main/dffrs_2527/i94_rst_0
FF|OPT : Flip-flop optimization by equivalence checking
@ "D:\yilingsi_fpga\Efinity_Project\2026.9.25\9.25.1_ding_Ti60F225_Canny_Face_Parallel\ip/DdrCtrl\DdrCtrl.sv (1460)" removed instance : ddr3_ctl_axi/u_efx_ddr3_soft_controller/genblk1.inst_ddr3_axi/inst_efx_ddr3/top_mc/controller_main/dffrs_2527/i79_rst_1
@ "D:\yilingsi_fpga\Efinity_Project\2026.9.25\9.25.1_ding_Ti60F225_Canny_Face_Parallel\ip/DdrCtrl\DdrCtrl.sv (1460)" representative instance : ddr3_ctl_axi/u_efx_ddr3_soft_controller/genblk1.inst_ddr3_axi/inst_efx_ddr3/top_mc/controller_main/dffrs_2527/i94_rst_1
FF|OPT : Flip-flop optimization by equivalence checking
@ "D:\yilingsi_fpga\Efinity_Project\2026.9.25\9.25.1_ding_Ti60F225_Canny_Face_Parallel\ip/DdrCtrl\DdrCtrl.sv (1460)" removed instance : ddr3_ctl_axi/u_efx_ddr3_soft_controller/genblk1.inst_ddr3_axi/inst_efx_ddr3/top_mc/controller_main/dffrs_2527/i79_rst_2
@ "D:\yilingsi_fpga\Efinity_Project\2026.9.25\9.25.1_ding_Ti60F225_Canny_Face_Parallel\ip/DdrCtrl\DdrCtrl.sv (1460)" representative instance : ddr3_ctl_axi/u_efx_ddr3_soft_controller/genblk1.inst_ddr3_axi/inst_efx_ddr3/top_mc/controller_main/dffrs_2527/i94_rst_2
FF|OPT : Flip-flop optimization by equivalence checking
@ "D:\yilingsi_fpga\Efinity_Project\2026.9.25\9.25.1_ding_Ti60F225_Canny_Face_Parallel\ip/DdrCtrl\DdrCtrl.sv (1460)" removed instance : ddr3_ctl_axi/u_efx_ddr3_soft_controller/genblk1.inst_ddr3_axi/inst_efx_ddr3/top_mc/controller_main/dffrs_2527/i79_rst_3
@ "D:\yilingsi_fpga\Efinity_Project\2026.9.25\9.25.1_ding_Ti60F225_Canny_Face_Parallel\ip/DdrCtrl\DdrCtrl.sv (1460)" representative instance : ddr3_ctl_axi/u_efx_ddr3_soft_controller/genblk1.inst_ddr3_axi/inst_efx_ddr3/top_mc/controller_main/dffrs_2527/i94_rst_3
FF|OPT : Flip-flop optimization by equivalence checking
@ "D:\yilingsi_fpga\Efinity_Project\2026.9.25\9.25.1_ding_Ti60F225_Canny_Face_Parallel\ip/DdrCtrl\DdrCtrl.sv (1460)" removed instance : ddr3_ctl_axi/u_efx_ddr3_soft_controller/genblk1.inst_ddr3_axi/inst_efx_ddr3/top_mc/controller_main/dffrs_2527/i78_rst_0
@ "D:\yilingsi_fpga\Efinity_Project\2026.9.25\9.25.1_ding_Ti60F225_Canny_Face_Parallel\ip/DdrCtrl\DdrCtrl.sv (1460)" representative instance : ddr3_ctl_axi/u_efx_ddr3_soft_controller/genblk1.inst_ddr3_axi/inst_efx_ddr3/top_mc/controller_main/dffrs_2527/i94_rst_0
FF|OPT : Flip-flop optimization by equivalence checking
@ "D:\yilingsi_fpga\Efinity_Project\2026.9.25\9.25.1_ding_Ti60F225_Canny_Face_Parallel\ip/DdrCtrl\DdrCtrl.sv (1460)" removed instance : ddr3_ctl_axi/u_efx_ddr3_soft_controller/genblk1.inst_ddr3_axi/inst_efx_ddr3/top_mc/controller_main/dffrs_2527/i78_rst_1
@ "D:\yilingsi_fpga\Efinity_Project\2026.9.25\9.25.1_ding_Ti60F225_Canny_Face_Parallel\ip/DdrCtrl\DdrCtrl.sv (1460)" representative instance : ddr3_ctl_axi/u_efx_ddr3_soft_controller/genblk1.inst_ddr3_axi/inst_efx_ddr3/top_mc/controller_main/dffrs_2527/i94_rst_1
FF|OPT : Flip-flop optimization by equivalence checking
@ "D:\yilingsi_fpga\Efinity_Project\2026.9.25\9.25.1_ding_Ti60F225_Canny_Face_Parallel\ip/DdrCtrl\DdrCtrl.sv (1460)" removed instance : ddr3_ctl_axi/u_efx_ddr3_soft_controller/genblk1.inst_ddr3_axi/inst_efx_ddr3/top_mc/controller_main/dffrs_2527/i78_rst_2
@ "D:\yilingsi_fpga\Efinity_Project\2026.9.25\9.25.1_ding_Ti60F225_Canny_Face_Parallel\ip/DdrCtrl\DdrCtrl.sv (1460)" representative instance : ddr3_ctl_axi/u_efx_ddr3_soft_controller/genblk1.inst_ddr3_axi/inst_efx_ddr3/top_mc/controller_main/dffrs_2527/i94_rst_2
FF|OPT : Flip-flop optimization by equivalence checking
@ "D:\yilingsi_fpga\Efinity_Project\2026.9.25\9.25.1_ding_Ti60F225_Canny_Face_Parallel\ip/DdrCtrl\DdrCtrl.sv (1460)" removed instance : ddr3_ctl_axi/u_efx_ddr3_soft_controller/genblk1.inst_ddr3_axi/inst_efx_ddr3/top_mc/controller_main/dffrs_2527/i78_rst_3
@ "D:\yilingsi_fpga\Efinity_Project\2026.9.25\9.25.1_ding_Ti60F225_Canny_Face_Parallel\ip/DdrCtrl\DdrCtrl.sv (1460)" representative instance : ddr3_ctl_axi/u_efx_ddr3_soft_controller/genblk1.inst_ddr3_axi/inst_efx_ddr3/top_mc/controller_main/dffrs_2527/i94_rst_3
FF|OPT : Flip-flop optimization by equivalence checking
@ "D:\yilingsi_fpga\Efinity_Project\2026.9.25\9.25.1_ding_Ti60F225_Canny_Face_Parallel\ip/DdrCtrl\DdrCtrl.sv (1460)" removed instance : ddr3_ctl_axi/u_efx_ddr3_soft_controller/genblk1.inst_ddr3_axi/inst_efx_ddr3/top_mc/controller_main/dffrs_2527/i77_rst_0
@ "D:\yilingsi_fpga\Efinity_Project\2026.9.25\9.25.1_ding_Ti60F225_Canny_Face_Parallel\ip/DdrCtrl\DdrCtrl.sv (1460)" representative instance : ddr3_ctl_axi/u_efx_ddr3_soft_controller/genblk1.inst_ddr3_axi/inst_efx_ddr3/top_mc/controller_main/dffrs_2527/i94_rst_0
FF|OPT : Flip-flop optimization by equivalence checking
@ "D:\yilingsi_fpga\Efinity_Project\2026.9.25\9.25.1_ding_Ti60F225_Canny_Face_Parallel\ip/DdrCtrl\DdrCtrl.sv (1460)" removed instance : ddr3_ctl_axi/u_efx_ddr3_soft_controller/genblk1.inst_ddr3_axi/inst_efx_ddr3/top_mc/controller_main/dffrs_2527/i77_rst_1
@ "D:\yilingsi_fpga\Efinity_Project\2026.9.25\9.25.1_ding_Ti60F225_Canny_Face_Parallel\ip/DdrCtrl\DdrCtrl.sv (1460)" representative instance : ddr3_ctl_axi/u_efx_ddr3_soft_controller/genblk1.inst_ddr3_axi/inst_efx_ddr3/top_mc/controller_main/dffrs_2527/i94_rst_1
FF|OPT : Flip-flop optimization by equivalence checking
@ "D:\yilingsi_fpga\Efinity_Project\2026.9.25\9.25.1_ding_Ti60F225_Canny_Face_Parallel\ip/DdrCtrl\DdrCtrl.sv (1460)" removed instance : ddr3_ctl_axi/u_efx_ddr3_soft_controller/genblk1.inst_ddr3_axi/inst_efx_ddr3/top_mc/controller_main/dffrs_2527/i77_rst_2
@ "D:\yilingsi_fpga\Efinity_Project\2026.9.25\9.25.1_ding_Ti60F225_Canny_Face_Parallel\ip/DdrCtrl\DdrCtrl.sv (1460)" representative instance : ddr3_ctl_axi/u_efx_ddr3_soft_controller/genblk1.inst_ddr3_axi/inst_efx_ddr3/top_mc/controller_main/dffrs_2527/i94_rst_2
FF|OPT : Flip-flop optimization by equivalence checking
@ "D:\yilingsi_fpga\Efinity_Project\2026.9.25\9.25.1_ding_Ti60F225_Canny_Face_Parallel\ip/DdrCtrl\DdrCtrl.sv (1460)" removed instance : ddr3_ctl_axi/u_efx_ddr3_soft_controller/genblk1.inst_ddr3_axi/inst_efx_ddr3/top_mc/controller_main/dffrs_2527/i77_rst_3
@ "D:\yilingsi_fpga\Efinity_Project\2026.9.25\9.25.1_ding_Ti60F225_Canny_Face_Parallel\ip/DdrCtrl\DdrCtrl.sv (1460)" representative instance : ddr3_ctl_axi/u_efx_ddr3_soft_controller/genblk1.inst_ddr3_axi/inst_efx_ddr3/top_mc/controller_main/dffrs_2527/i94_rst_3
FF|OPT : Flip-flop optimization by equivalence checking
@ "D:\yilingsi_fpga\Efinity_Project\2026.9.25\9.25.1_ding_Ti60F225_Canny_Face_Parallel\ip/DdrCtrl\DdrCtrl.sv (1460)" removed instance : ddr3_ctl_axi/u_efx_ddr3_soft_controller/genblk1.inst_ddr3_axi/inst_efx_ddr3/top_mc/controller_main/dffrs_2527/i76_rst_0
@ "D:\yilingsi_fpga\Efinity_Project\2026.9.25\9.25.1_ding_Ti60F225_Canny_Face_Parallel\ip/DdrCtrl\DdrCtrl.sv (1460)" representative instance : ddr3_ctl_axi/u_efx_ddr3_soft_controller/genblk1.inst_ddr3_axi/inst_efx_ddr3/top_mc/controller_main/dffrs_2527/i94_rst_0
FF|OPT : Flip-flop optimization by equivalence checking
@ "D:\yilingsi_fpga\Efinity_Project\2026.9.25\9.25.1_ding_Ti60F225_Canny_Face_Parallel\ip/DdrCtrl\DdrCtrl.sv (1460)" removed instance : ddr3_ctl_axi/u_efx_ddr3_soft_controller/genblk1.inst_ddr3_axi/inst_efx_ddr3/top_mc/controller_main/dffrs_2527/i76_rst_1
@ "D:\yilingsi_fpga\Efinity_Project\2026.9.25\9.25.1_ding_Ti60F225_Canny_Face_Parallel\ip/DdrCtrl\DdrCtrl.sv (1460)" representative instance : ddr3_ctl_axi/u_efx_ddr3_soft_controller/genblk1.inst_ddr3_axi/inst_efx_ddr3/top_mc/controller_main/dffrs_2527/i94_rst_1
FF|OPT : Flip-flop optimization by equivalence checking
@ "D:\yilingsi_fpga\Efinity_Project\2026.9.25\9.25.1_ding_Ti60F225_Canny_Face_Parallel\ip/DdrCtrl\DdrCtrl.sv (1460)" removed instance : ddr3_ctl_axi/u_efx_ddr3_soft_controller/genblk1.inst_ddr3_axi/inst_efx_ddr3/top_mc/controller_main/dffrs_2527/i76_rst_2
@ "D:\yilingsi_fpga\Efinity_Project\2026.9.25\9.25.1_ding_Ti60F225_Canny_Face_Parallel\ip/DdrCtrl\DdrCtrl.sv (1460)" representative instance : ddr3_ctl_axi/u_efx_ddr3_soft_controller/genblk1.inst_ddr3_axi/inst_efx_ddr3/top_mc/controller_main/dffrs_2527/i94_rst_2
FF|OPT : Flip-flop optimization by equivalence checking
@ "D:\yilingsi_fpga\Efinity_Project\2026.9.25\9.25.1_ding_Ti60F225_Canny_Face_Parallel\ip/DdrCtrl\DdrCtrl.sv (1460)" removed instance : ddr3_ctl_axi/u_efx_ddr3_soft_controller/genblk1.inst_ddr3_axi/inst_efx_ddr3/top_mc/controller_main/dffrs_2527/i76_rst_3
@ "D:\yilingsi_fpga\Efinity_Project\2026.9.25\9.25.1_ding_Ti60F225_Canny_Face_Parallel\ip/DdrCtrl\DdrCtrl.sv (1460)" representative instance : ddr3_ctl_axi/u_efx_ddr3_soft_controller/genblk1.inst_ddr3_axi/inst_efx_ddr3/top_mc/controller_main/dffrs_2527/i94_rst_3
FF|OPT : Flip-flop optimization by equivalence checking
@ "D:\yilingsi_fpga\Efinity_Project\2026.9.25\9.25.1_ding_Ti60F225_Canny_Face_Parallel\ip/DdrCtrl\DdrCtrl.sv (1460)" removed instance : ddr3_ctl_axi/u_efx_ddr3_soft_controller/genblk1.inst_ddr3_axi/inst_efx_ddr3/top_mc/controller_main/dffrs_2527/i75_rst_0
@ "D:\yilingsi_fpga\Efinity_Project\2026.9.25\9.25.1_ding_Ti60F225_Canny_Face_Parallel\ip/DdrCtrl\DdrCtrl.sv (1460)" representative instance : ddr3_ctl_axi/u_efx_ddr3_soft_controller/genblk1.inst_ddr3_axi/inst_efx_ddr3/top_mc/controller_main/dffrs_2527/i94_rst_0
FF|OPT : Flip-flop optimization by equivalence checking
@ "D:\yilingsi_fpga\Efinity_Project\2026.9.25\9.25.1_ding_Ti60F225_Canny_Face_Parallel\ip/DdrCtrl\DdrCtrl.sv (1460)" removed instance : ddr3_ctl_axi/u_efx_ddr3_soft_controller/genblk1.inst_ddr3_axi/inst_efx_ddr3/top_mc/controller_main/dffrs_2527/i75_rst_1
@ "D:\yilingsi_fpga\Efinity_Project\2026.9.25\9.25.1_ding_Ti60F225_Canny_Face_Parallel\ip/DdrCtrl\DdrCtrl.sv (1460)" representative instance : ddr3_ctl_axi/u_efx_ddr3_soft_controller/genblk1.inst_ddr3_axi/inst_efx_ddr3/top_mc/controller_main/dffrs_2527/i94_rst_1
FF|OPT : Flip-flop optimization by equivalence checking
@ "D:\yilingsi_fpga\Efinity_Project\2026.9.25\9.25.1_ding_Ti60F225_Canny_Face_Parallel\ip/DdrCtrl\DdrCtrl.sv (1460)" removed instance : ddr3_ctl_axi/u_efx_ddr3_soft_controller/genblk1.inst_ddr3_axi/inst_efx_ddr3/top_mc/controller_main/dffrs_2527/i75_rst_2
@ "D:\yilingsi_fpga\Efinity_Project\2026.9.25\9.25.1_ding_Ti60F225_Canny_Face_Parallel\ip/DdrCtrl\DdrCtrl.sv (1460)" representative instance : ddr3_ctl_axi/u_efx_ddr3_soft_controller/genblk1.inst_ddr3_axi/inst_efx_ddr3/top_mc/controller_main/dffrs_2527/i94_rst_2
FF|OPT : Flip-flop optimization by equivalence checking
@ "D:\yilingsi_fpga\Efinity_Project\2026.9.25\9.25.1_ding_Ti60F225_Canny_Face_Parallel\ip/DdrCtrl\DdrCtrl.sv (1460)" removed instance : ddr3_ctl_axi/u_efx_ddr3_soft_controller/genblk1.inst_ddr3_axi/inst_efx_ddr3/top_mc/controller_main/dffrs_2527/i75_rst_3
@ "D:\yilingsi_fpga\Efinity_Project\2026.9.25\9.25.1_ding_Ti60F225_Canny_Face_Parallel\ip/DdrCtrl\DdrCtrl.sv (1460)" representative instance : ddr3_ctl_axi/u_efx_ddr3_soft_controller/genblk1.inst_ddr3_axi/inst_efx_ddr3/top_mc/controller_main/dffrs_2527/i94_rst_3
FF|OPT : Flip-flop optimization by equivalence checking
@ "D:\yilingsi_fpga\Efinity_Project\2026.9.25\9.25.1_ding_Ti60F225_Canny_Face_Parallel\ip/DdrCtrl\DdrCtrl.sv (1460)" removed instance : ddr3_ctl_axi/u_efx_ddr3_soft_controller/genblk1.inst_ddr3_axi/inst_efx_ddr3/top_mc/controller_main/dffrs_2527/i74_rst_0
@ "D:\yilingsi_fpga\Efinity_Project\2026.9.25\9.25.1_ding_Ti60F225_Canny_Face_Parallel\ip/DdrCtrl\DdrCtrl.sv (1460)" representative instance : ddr3_ctl_axi/u_efx_ddr3_soft_controller/genblk1.inst_ddr3_axi/inst_efx_ddr3/top_mc/controller_main/dffrs_2527/i94_rst_0
FF|OPT : Flip-flop optimization by equivalence checking
@ "D:\yilingsi_fpga\Efinity_Project\2026.9.25\9.25.1_ding_Ti60F225_Canny_Face_Parallel\ip/DdrCtrl\DdrCtrl.sv (1460)" removed instance : ddr3_ctl_axi/u_efx_ddr3_soft_controller/genblk1.inst_ddr3_axi/inst_efx_ddr3/top_mc/controller_main/dffrs_2527/i74_rst_1
@ "D:\yilingsi_fpga\Efinity_Project\2026.9.25\9.25.1_ding_Ti60F225_Canny_Face_Parallel\ip/DdrCtrl\DdrCtrl.sv (1460)" representative instance : ddr3_ctl_axi/u_efx_ddr3_soft_controller/genblk1.inst_ddr3_axi/inst_efx_ddr3/top_mc/controller_main/dffrs_2527/i94_rst_1
FF|OPT : Flip-flop optimization by equivalence checking
@ "D:\yilingsi_fpga\Efinity_Project\2026.9.25\9.25.1_ding_Ti60F225_Canny_Face_Parallel\ip/DdrCtrl\DdrCtrl.sv (1460)" removed instance : ddr3_ctl_axi/u_efx_ddr3_soft_controller/genblk1.inst_ddr3_axi/inst_efx_ddr3/top_mc/controller_main/dffrs_2527/i74_rst_2
@ "D:\yilingsi_fpga\Efinity_Project\2026.9.25\9.25.1_ding_Ti60F225_Canny_Face_Parallel\ip/DdrCtrl\DdrCtrl.sv (1460)" representative instance : ddr3_ctl_axi/u_efx_ddr3_soft_controller/genblk1.inst_ddr3_axi/inst_efx_ddr3/top_mc/controller_main/dffrs_2527/i94_rst_2
FF|OPT : Flip-flop optimization by equivalence checking
@ "D:\yilingsi_fpga\Efinity_Project\2026.9.25\9.25.1_ding_Ti60F225_Canny_Face_Parallel\ip/DdrCtrl\DdrCtrl.sv (1460)" removed instance : ddr3_ctl_axi/u_efx_ddr3_soft_controller/genblk1.inst_ddr3_axi/inst_efx_ddr3/top_mc/controller_main/dffrs_2527/i74_rst_3
@ "D:\yilingsi_fpga\Efinity_Project\2026.9.25\9.25.1_ding_Ti60F225_Canny_Face_Parallel\ip/DdrCtrl\DdrCtrl.sv (1460)" representative instance : ddr3_ctl_axi/u_efx_ddr3_soft_controller/genblk1.inst_ddr3_axi/inst_efx_ddr3/top_mc/controller_main/dffrs_2527/i94_rst_3
FF|OPT : Flip-flop optimization by equivalence checking
@ "D:\yilingsi_fpga\Efinity_Project\2026.9.25\9.25.1_ding_Ti60F225_Canny_Face_Parallel\ip/DdrCtrl\DdrCtrl.sv (1460)" removed instance : ddr3_ctl_axi/u_efx_ddr3_soft_controller/genblk1.inst_ddr3_axi/inst_efx_ddr3/top_mc/controller_main/dffrs_2527/i73_rst_0
@ "D:\yilingsi_fpga\Efinity_Project\2026.9.25\9.25.1_ding_Ti60F225_Canny_Face_Parallel\ip/DdrCtrl\DdrCtrl.sv (1460)" representative instance : ddr3_ctl_axi/u_efx_ddr3_soft_controller/genblk1.inst_ddr3_axi/inst_efx_ddr3/top_mc/controller_main/dffrs_2527/i94_rst_0
FF|OPT : Flip-flop optimization by equivalence checking
@ "D:\yilingsi_fpga\Efinity_Project\2026.9.25\9.25.1_ding_Ti60F225_Canny_Face_Parallel\ip/DdrCtrl\DdrCtrl.sv (1460)" removed instance : ddr3_ctl_axi/u_efx_ddr3_soft_controller/genblk1.inst_ddr3_axi/inst_efx_ddr3/top_mc/controller_main/dffrs_2527/i73_rst_1
@ "D:\yilingsi_fpga\Efinity_Project\2026.9.25\9.25.1_ding_Ti60F225_Canny_Face_Parallel\ip/DdrCtrl\DdrCtrl.sv (1460)" representative instance : ddr3_ctl_axi/u_efx_ddr3_soft_controller/genblk1.inst_ddr3_axi/inst_efx_ddr3/top_mc/controller_main/dffrs_2527/i94_rst_1
FF|OPT : Flip-flop optimization by equivalence checking
@ "D:\yilingsi_fpga\Efinity_Project\2026.9.25\9.25.1_ding_Ti60F225_Canny_Face_Parallel\ip/DdrCtrl\DdrCtrl.sv (1460)" removed instance : ddr3_ctl_axi/u_efx_ddr3_soft_controller/genblk1.inst_ddr3_axi/inst_efx_ddr3/top_mc/controller_main/dffrs_2527/i73_rst_2
@ "D:\yilingsi_fpga\Efinity_Project\2026.9.25\9.25.1_ding_Ti60F225_Canny_Face_Parallel\ip/DdrCtrl\DdrCtrl.sv (1460)" representative instance : ddr3_ctl_axi/u_efx_ddr3_soft_controller/genblk1.inst_ddr3_axi/inst_efx_ddr3/top_mc/controller_main/dffrs_2527/i94_rst_2
FF|OPT : Flip-flop optimization by equivalence checking
@ "D:\yilingsi_fpga\Efinity_Project\2026.9.25\9.25.1_ding_Ti60F225_Canny_Face_Parallel\ip/DdrCtrl\DdrCtrl.sv (1460)" removed instance : ddr3_ctl_axi/u_efx_ddr3_soft_controller/genblk1.inst_ddr3_axi/inst_efx_ddr3/top_mc/controller_main/dffrs_2527/i73_rst_3
@ "D:\yilingsi_fpga\Efinity_Project\2026.9.25\9.25.1_ding_Ti60F225_Canny_Face_Parallel\ip/DdrCtrl\DdrCtrl.sv (1460)" representative instance : ddr3_ctl_axi/u_efx_ddr3_soft_controller/genblk1.inst_ddr3_axi/inst_efx_ddr3/top_mc/controller_main/dffrs_2527/i94_rst_3
FF|OPT : Flip-flop optimization by equivalence checking
@ "D:\yilingsi_fpga\Efinity_Project\2026.9.25\9.25.1_ding_Ti60F225_Canny_Face_Parallel\ip/DdrCtrl\DdrCtrl.sv (1460)" removed instance : ddr3_ctl_axi/u_efx_ddr3_soft_controller/genblk1.inst_ddr3_axi/inst_efx_ddr3/top_mc/controller_main/dffrs_2527/i72_rst_0
@ "D:\yilingsi_fpga\Efinity_Project\2026.9.25\9.25.1_ding_Ti60F225_Canny_Face_Parallel\ip/DdrCtrl\DdrCtrl.sv (1460)" representative instance : ddr3_ctl_axi/u_efx_ddr3_soft_controller/genblk1.inst_ddr3_axi/inst_efx_ddr3/top_mc/controller_main/dffrs_2527/i94_rst_0
FF|OPT : Flip-flop optimization by equivalence checking
@ "D:\yilingsi_fpga\Efinity_Project\2026.9.25\9.25.1_ding_Ti60F225_Canny_Face_Parallel\ip/DdrCtrl\DdrCtrl.sv (1460)" removed instance : ddr3_ctl_axi/u_efx_ddr3_soft_controller/genblk1.inst_ddr3_axi/inst_efx_ddr3/top_mc/controller_main/dffrs_2527/i72_rst_1
@ "D:\yilingsi_fpga\Efinity_Project\2026.9.25\9.25.1_ding_Ti60F225_Canny_Face_Parallel\ip/DdrCtrl\DdrCtrl.sv (1460)" representative instance : ddr3_ctl_axi/u_efx_ddr3_soft_controller/genblk1.inst_ddr3_axi/inst_efx_ddr3/top_mc/controller_main/dffrs_2527/i94_rst_1
FF|OPT : Flip-flop optimization by equivalence checking
@ "D:\yilingsi_fpga\Efinity_Project\2026.9.25\9.25.1_ding_Ti60F225_Canny_Face_Parallel\ip/DdrCtrl\DdrCtrl.sv (1460)" removed instance : ddr3_ctl_axi/u_efx_ddr3_soft_controller/genblk1.inst_ddr3_axi/inst_efx_ddr3/top_mc/controller_main/dffrs_2527/i72_rst_2
@ "D:\yilingsi_fpga\Efinity_Project\2026.9.25\9.25.1_ding_Ti60F225_Canny_Face_Parallel\ip/DdrCtrl\DdrCtrl.sv (1460)" representative instance : ddr3_ctl_axi/u_efx_ddr3_soft_controller/genblk1.inst_ddr3_axi/inst_efx_ddr3/top_mc/controller_main/dffrs_2527/i94_rst_2
FF|OPT : Flip-flop optimization by equivalence checking
@ "D:\yilingsi_fpga\Efinity_Project\2026.9.25\9.25.1_ding_Ti60F225_Canny_Face_Parallel\ip/DdrCtrl\DdrCtrl.sv (1460)" removed instance : ddr3_ctl_axi/u_efx_ddr3_soft_controller/genblk1.inst_ddr3_axi/inst_efx_ddr3/top_mc/controller_main/dffrs_2527/i72_rst_3
@ "D:\yilingsi_fpga\Efinity_Project\2026.9.25\9.25.1_ding_Ti60F225_Canny_Face_Parallel\ip/DdrCtrl\DdrCtrl.sv (1460)" representative instance : ddr3_ctl_axi/u_efx_ddr3_soft_controller/genblk1.inst_ddr3_axi/inst_efx_ddr3/top_mc/controller_main/dffrs_2527/i94_rst_3
FF|OPT : Flip-flop optimization by equivalence checking
@ "D:\yilingsi_fpga\Efinity_Project\2026.9.25\9.25.1_ding_Ti60F225_Canny_Face_Parallel\ip/DdrCtrl\DdrCtrl.sv (1460)" removed instance : ddr3_ctl_axi/u_efx_ddr3_soft_controller/genblk1.inst_ddr3_axi/inst_efx_ddr3/top_mc/controller_main/dffrs_2527/i71_rst_0
@ "D:\yilingsi_fpga\Efinity_Project\2026.9.25\9.25.1_ding_Ti60F225_Canny_Face_Parallel\ip/DdrCtrl\DdrCtrl.sv (1460)" representative instance : ddr3_ctl_axi/u_efx_ddr3_soft_controller/genblk1.inst_ddr3_axi/inst_efx_ddr3/top_mc/controller_main/dffrs_2527/i94_rst_0
FF|OPT : Flip-flop optimization by equivalence checking
@ "D:\yilingsi_fpga\Efinity_Project\2026.9.25\9.25.1_ding_Ti60F225_Canny_Face_Parallel\ip/DdrCtrl\DdrCtrl.sv (1460)" removed instance : ddr3_ctl_axi/u_efx_ddr3_soft_controller/genblk1.inst_ddr3_axi/inst_efx_ddr3/top_mc/controller_main/dffrs_2527/i71_rst_1
@ "D:\yilingsi_fpga\Efinity_Project\2026.9.25\9.25.1_ding_Ti60F225_Canny_Face_Parallel\ip/DdrCtrl\DdrCtrl.sv (1460)" representative instance : ddr3_ctl_axi/u_efx_ddr3_soft_controller/genblk1.inst_ddr3_axi/inst_efx_ddr3/top_mc/controller_main/dffrs_2527/i94_rst_1
FF|OPT : Flip-flop optimization by equivalence checking
@ "D:\yilingsi_fpga\Efinity_Project\2026.9.25\9.25.1_ding_Ti60F225_Canny_Face_Parallel\ip/DdrCtrl\DdrCtrl.sv (1460)" removed instance : ddr3_ctl_axi/u_efx_ddr3_soft_controller/genblk1.inst_ddr3_axi/inst_efx_ddr3/top_mc/controller_main/dffrs_2527/i71_rst_2
@ "D:\yilingsi_fpga\Efinity_Project\2026.9.25\9.25.1_ding_Ti60F225_Canny_Face_Parallel\ip/DdrCtrl\DdrCtrl.sv (1460)" representative instance : ddr3_ctl_axi/u_efx_ddr3_soft_controller/genblk1.inst_ddr3_axi/inst_efx_ddr3/top_mc/controller_main/dffrs_2527/i94_rst_2
FF|OPT : Flip-flop optimization by equivalence checking
@ "D:\yilingsi_fpga\Efinity_Project\2026.9.25\9.25.1_ding_Ti60F225_Canny_Face_Parallel\ip/DdrCtrl\DdrCtrl.sv (1460)" removed instance : ddr3_ctl_axi/u_efx_ddr3_soft_controller/genblk1.inst_ddr3_axi/inst_efx_ddr3/top_mc/controller_main/dffrs_2527/i71_rst_3
@ "D:\yilingsi_fpga\Efinity_Project\2026.9.25\9.25.1_ding_Ti60F225_Canny_Face_Parallel\ip/DdrCtrl\DdrCtrl.sv (1460)" representative instance : ddr3_ctl_axi/u_efx_ddr3_soft_controller/genblk1.inst_ddr3_axi/inst_efx_ddr3/top_mc/controller_main/dffrs_2527/i94_rst_3
FF|OPT : Flip-flop optimization by equivalence checking
@ "D:\yilingsi_fpga\Efinity_Project\2026.9.25\9.25.1_ding_Ti60F225_Canny_Face_Parallel\ip/DdrCtrl\DdrCtrl.sv (1460)" removed instance : ddr3_ctl_axi/u_efx_ddr3_soft_controller/genblk1.inst_ddr3_axi/inst_efx_ddr3/top_mc/controller_main/dffrs_2527/i7_rst_0
@ "D:\yilingsi_fpga\Efinity_Project\2026.9.25\9.25.1_ding_Ti60F225_Canny_Face_Parallel\ip/DdrCtrl\DdrCtrl.sv (1460)" representative instance : ddr3_ctl_axi/u_efx_ddr3_soft_controller/genblk1.inst_ddr3_axi/inst_efx_ddr3/top_mc/controller_main/dffrs_2527/i94_rst_0
FF|OPT : Flip-flop optimization by equivalence checking
@ "D:\yilingsi_fpga\Efinity_Project\2026.9.25\9.25.1_ding_Ti60F225_Canny_Face_Parallel\ip/DdrCtrl\DdrCtrl.sv (1460)" removed instance : ddr3_ctl_axi/u_efx_ddr3_soft_controller/genblk1.inst_ddr3_axi/inst_efx_ddr3/top_mc/controller_main/dffrs_2527/i7_rst_1
@ "D:\yilingsi_fpga\Efinity_Project\2026.9.25\9.25.1_ding_Ti60F225_Canny_Face_Parallel\ip/DdrCtrl\DdrCtrl.sv (1460)" representative instance : ddr3_ctl_axi/u_efx_ddr3_soft_controller/genblk1.inst_ddr3_axi/inst_efx_ddr3/top_mc/controller_main/dffrs_2527/i94_rst_1
FF|OPT : Flip-flop optimization by equivalence checking
@ "D:\yilingsi_fpga\Efinity_Project\2026.9.25\9.25.1_ding_Ti60F225_Canny_Face_Parallel\ip/DdrCtrl\DdrCtrl.sv (1460)" removed instance : ddr3_ctl_axi/u_efx_ddr3_soft_controller/genblk1.inst_ddr3_axi/inst_efx_ddr3/top_mc/controller_main/dffrs_2527/i7_rst_2
@ "D:\yilingsi_fpga\Efinity_Project\2026.9.25\9.25.1_ding_Ti60F225_Canny_Face_Parallel\ip/DdrCtrl\DdrCtrl.sv (1460)" representative instance : ddr3_ctl_axi/u_efx_ddr3_soft_controller/genblk1.inst_ddr3_axi/inst_efx_ddr3/top_mc/controller_main/dffrs_2527/i94_rst_2
FF|OPT : Flip-flop optimization by equivalence checking
@ "D:\yilingsi_fpga\Efinity_Project\2026.9.25\9.25.1_ding_Ti60F225_Canny_Face_Parallel\ip/DdrCtrl\DdrCtrl.sv (1460)" removed instance : ddr3_ctl_axi/u_efx_ddr3_soft_controller/genblk1.inst_ddr3_axi/inst_efx_ddr3/top_mc/controller_main/dffrs_2527/i7_rst_3
@ "D:\yilingsi_fpga\Efinity_Project\2026.9.25\9.25.1_ding_Ti60F225_Canny_Face_Parallel\ip/DdrCtrl\DdrCtrl.sv (1460)" representative instance : ddr3_ctl_axi/u_efx_ddr3_soft_controller/genblk1.inst_ddr3_axi/inst_efx_ddr3/top_mc/controller_main/dffrs_2527/i94_rst_3
FF|OPT : Flip-flop optimization by equivalence checking
@ "D:\yilingsi_fpga\Efinity_Project\2026.9.25\9.25.1_ding_Ti60F225_Canny_Face_Parallel\ip/DdrCtrl\DdrCtrl.sv (1460)" removed instance : ddr3_ctl_axi/u_efx_ddr3_soft_controller/genblk1.inst_ddr3_axi/inst_efx_ddr3/top_mc/controller_main/dffrs_2527/i70_rst_0
@ "D:\yilingsi_fpga\Efinity_Project\2026.9.25\9.25.1_ding_Ti60F225_Canny_Face_Parallel\ip/DdrCtrl\DdrCtrl.sv (1460)" representative instance : ddr3_ctl_axi/u_efx_ddr3_soft_controller/genblk1.inst_ddr3_axi/inst_efx_ddr3/top_mc/controller_main/dffrs_2527/i94_rst_0
FF|OPT : Flip-flop optimization by equivalence checking
@ "D:\yilingsi_fpga\Efinity_Project\2026.9.25\9.25.1_ding_Ti60F225_Canny_Face_Parallel\ip/DdrCtrl\DdrCtrl.sv (1460)" removed instance : ddr3_ctl_axi/u_efx_ddr3_soft_controller/genblk1.inst_ddr3_axi/inst_efx_ddr3/top_mc/controller_main/dffrs_2527/i70_rst_1
@ "D:\yilingsi_fpga\Efinity_Project\2026.9.25\9.25.1_ding_Ti60F225_Canny_Face_Parallel\ip/DdrCtrl\DdrCtrl.sv (1460)" representative instance : ddr3_ctl_axi/u_efx_ddr3_soft_controller/genblk1.inst_ddr3_axi/inst_efx_ddr3/top_mc/controller_main/dffrs_2527/i94_rst_1
FF|OPT : Flip-flop optimization by equivalence checking
@ "D:\yilingsi_fpga\Efinity_Project\2026.9.25\9.25.1_ding_Ti60F225_Canny_Face_Parallel\ip/DdrCtrl\DdrCtrl.sv (1460)" removed instance : ddr3_ctl_axi/u_efx_ddr3_soft_controller/genblk1.inst_ddr3_axi/inst_efx_ddr3/top_mc/controller_main/dffrs_2527/i70_rst_2
@ "D:\yilingsi_fpga\Efinity_Project\2026.9.25\9.25.1_ding_Ti60F225_Canny_Face_Parallel\ip/DdrCtrl\DdrCtrl.sv (1460)" representative instance : ddr3_ctl_axi/u_efx_ddr3_soft_controller/genblk1.inst_ddr3_axi/inst_efx_ddr3/top_mc/controller_main/dffrs_2527/i94_rst_2
FF|OPT : Flip-flop optimization by equivalence checking
@ "D:\yilingsi_fpga\Efinity_Project\2026.9.25\9.25.1_ding_Ti60F225_Canny_Face_Parallel\ip/DdrCtrl\DdrCtrl.sv (1460)" removed instance : ddr3_ctl_axi/u_efx_ddr3_soft_controller/genblk1.inst_ddr3_axi/inst_efx_ddr3/top_mc/controller_main/dffrs_2527/i70_rst_3
@ "D:\yilingsi_fpga\Efinity_Project\2026.9.25\9.25.1_ding_Ti60F225_Canny_Face_Parallel\ip/DdrCtrl\DdrCtrl.sv (1460)" representative instance : ddr3_ctl_axi/u_efx_ddr3_soft_controller/genblk1.inst_ddr3_axi/inst_efx_ddr3/top_mc/controller_main/dffrs_2527/i94_rst_3
FF|OPT : Flip-flop optimization by equivalence checking
@ "D:\yilingsi_fpga\Efinity_Project\2026.9.25\9.25.1_ding_Ti60F225_Canny_Face_Parallel\ip/DdrCtrl\DdrCtrl.sv (1460)" removed instance : ddr3_ctl_axi/u_efx_ddr3_soft_controller/genblk1.inst_ddr3_axi/inst_efx_ddr3/top_mc/controller_main/dffrs_2527/i69_rst_0
@ "D:\yilingsi_fpga\Efinity_Project\2026.9.25\9.25.1_ding_Ti60F225_Canny_Face_Parallel\ip/DdrCtrl\DdrCtrl.sv (1460)" representative instance : ddr3_ctl_axi/u_efx_ddr3_soft_controller/genblk1.inst_ddr3_axi/inst_efx_ddr3/top_mc/controller_main/dffrs_2527/i94_rst_0
FF|OPT : Flip-flop optimization by equivalence checking
@ "D:\yilingsi_fpga\Efinity_Project\2026.9.25\9.25.1_ding_Ti60F225_Canny_Face_Parallel\ip/DdrCtrl\DdrCtrl.sv (1460)" removed instance : ddr3_ctl_axi/u_efx_ddr3_soft_controller/genblk1.inst_ddr3_axi/inst_efx_ddr3/top_mc/controller_main/dffrs_2527/i69_rst_1
@ "D:\yilingsi_fpga\Efinity_Project\2026.9.25\9.25.1_ding_Ti60F225_Canny_Face_Parallel\ip/DdrCtrl\DdrCtrl.sv (1460)" representative instance : ddr3_ctl_axi/u_efx_ddr3_soft_controller/genblk1.inst_ddr3_axi/inst_efx_ddr3/top_mc/controller_main/dffrs_2527/i94_rst_1
FF|OPT : Flip-flop optimization by equivalence checking
@ "D:\yilingsi_fpga\Efinity_Project\2026.9.25\9.25.1_ding_Ti60F225_Canny_Face_Parallel\ip/DdrCtrl\DdrCtrl.sv (1460)" removed instance : ddr3_ctl_axi/u_efx_ddr3_soft_controller/genblk1.inst_ddr3_axi/inst_efx_ddr3/top_mc/controller_main/dffrs_2527/i69_rst_2
@ "D:\yilingsi_fpga\Efinity_Project\2026.9.25\9.25.1_ding_Ti60F225_Canny_Face_Parallel\ip/DdrCtrl\DdrCtrl.sv (1460)" representative instance : ddr3_ctl_axi/u_efx_ddr3_soft_controller/genblk1.inst_ddr3_axi/inst_efx_ddr3/top_mc/controller_main/dffrs_2527/i94_rst_2
FF|OPT : Flip-flop optimization by equivalence checking
@ "D:\yilingsi_fpga\Efinity_Project\2026.9.25\9.25.1_ding_Ti60F225_Canny_Face_Parallel\ip/DdrCtrl\DdrCtrl.sv (1460)" removed instance : ddr3_ctl_axi/u_efx_ddr3_soft_controller/genblk1.inst_ddr3_axi/inst_efx_ddr3/top_mc/controller_main/dffrs_2527/i69_rst_3
@ "D:\yilingsi_fpga\Efinity_Project\2026.9.25\9.25.1_ding_Ti60F225_Canny_Face_Parallel\ip/DdrCtrl\DdrCtrl.sv (1460)" representative instance : ddr3_ctl_axi/u_efx_ddr3_soft_controller/genblk1.inst_ddr3_axi/inst_efx_ddr3/top_mc/controller_main/dffrs_2527/i94_rst_3
FF|OPT : Flip-flop optimization by equivalence checking
@ "D:\yilingsi_fpga\Efinity_Project\2026.9.25\9.25.1_ding_Ti60F225_Canny_Face_Parallel\ip/DdrCtrl\DdrCtrl.sv (1460)" removed instance : ddr3_ctl_axi/u_efx_ddr3_soft_controller/genblk1.inst_ddr3_axi/inst_efx_ddr3/top_mc/controller_main/dffrs_2527/i68_rst_0
@ "D:\yilingsi_fpga\Efinity_Project\2026.9.25\9.25.1_ding_Ti60F225_Canny_Face_Parallel\ip/DdrCtrl\DdrCtrl.sv (1460)" representative instance : ddr3_ctl_axi/u_efx_ddr3_soft_controller/genblk1.inst_ddr3_axi/inst_efx_ddr3/top_mc/controller_main/dffrs_2527/i94_rst_0
FF|OPT : Flip-flop optimization by equivalence checking
@ "D:\yilingsi_fpga\Efinity_Project\2026.9.25\9.25.1_ding_Ti60F225_Canny_Face_Parallel\ip/DdrCtrl\DdrCtrl.sv (1460)" removed instance : ddr3_ctl_axi/u_efx_ddr3_soft_controller/genblk1.inst_ddr3_axi/inst_efx_ddr3/top_mc/controller_main/dffrs_2527/i68_rst_1
@ "D:\yilingsi_fpga\Efinity_Project\2026.9.25\9.25.1_ding_Ti60F225_Canny_Face_Parallel\ip/DdrCtrl\DdrCtrl.sv (1460)" representative instance : ddr3_ctl_axi/u_efx_ddr3_soft_controller/genblk1.inst_ddr3_axi/inst_efx_ddr3/top_mc/controller_main/dffrs_2527/i94_rst_1
FF|OPT : Flip-flop optimization by equivalence checking
@ "D:\yilingsi_fpga\Efinity_Project\2026.9.25\9.25.1_ding_Ti60F225_Canny_Face_Parallel\ip/DdrCtrl\DdrCtrl.sv (1460)" removed instance : ddr3_ctl_axi/u_efx_ddr3_soft_controller/genblk1.inst_ddr3_axi/inst_efx_ddr3/top_mc/controller_main/dffrs_2527/i68_rst_2
@ "D:\yilingsi_fpga\Efinity_Project\2026.9.25\9.25.1_ding_Ti60F225_Canny_Face_Parallel\ip/DdrCtrl\DdrCtrl.sv (1460)" representative instance : ddr3_ctl_axi/u_efx_ddr3_soft_controller/genblk1.inst_ddr3_axi/inst_efx_ddr3/top_mc/controller_main/dffrs_2527/i94_rst_2
FF|OPT : Flip-flop optimization by equivalence checking
@ "D:\yilingsi_fpga\Efinity_Project\2026.9.25\9.25.1_ding_Ti60F225_Canny_Face_Parallel\ip/DdrCtrl\DdrCtrl.sv (1460)" removed instance : ddr3_ctl_axi/u_efx_ddr3_soft_controller/genblk1.inst_ddr3_axi/inst_efx_ddr3/top_mc/controller_main/dffrs_2527/i68_rst_3
@ "D:\yilingsi_fpga\Efinity_Project\2026.9.25\9.25.1_ding_Ti60F225_Canny_Face_Parallel\ip/DdrCtrl\DdrCtrl.sv (1460)" representative instance : ddr3_ctl_axi/u_efx_ddr3_soft_controller/genblk1.inst_ddr3_axi/inst_efx_ddr3/top_mc/controller_main/dffrs_2527/i94_rst_3
FF|OPT : Flip-flop optimization by equivalence checking
@ "D:\yilingsi_fpga\Efinity_Project\2026.9.25\9.25.1_ding_Ti60F225_Canny_Face_Parallel\ip/DdrCtrl\DdrCtrl.sv (1460)" removed instance : ddr3_ctl_axi/u_efx_ddr3_soft_controller/genblk1.inst_ddr3_axi/inst_efx_ddr3/top_mc/controller_main/dffrs_2527/i67_rst_0
@ "D:\yilingsi_fpga\Efinity_Project\2026.9.25\9.25.1_ding_Ti60F225_Canny_Face_Parallel\ip/DdrCtrl\DdrCtrl.sv (1460)" representative instance : ddr3_ctl_axi/u_efx_ddr3_soft_controller/genblk1.inst_ddr3_axi/inst_efx_ddr3/top_mc/controller_main/dffrs_2527/i94_rst_0
FF|OPT : Flip-flop optimization by equivalence checking
@ "D:\yilingsi_fpga\Efinity_Project\2026.9.25\9.25.1_ding_Ti60F225_Canny_Face_Parallel\ip/DdrCtrl\DdrCtrl.sv (1460)" removed instance : ddr3_ctl_axi/u_efx_ddr3_soft_controller/genblk1.inst_ddr3_axi/inst_efx_ddr3/top_mc/controller_main/dffrs_2527/i67_rst_1
@ "D:\yilingsi_fpga\Efinity_Project\2026.9.25\9.25.1_ding_Ti60F225_Canny_Face_Parallel\ip/DdrCtrl\DdrCtrl.sv (1460)" representative instance : ddr3_ctl_axi/u_efx_ddr3_soft_controller/genblk1.inst_ddr3_axi/inst_efx_ddr3/top_mc/controller_main/dffrs_2527/i94_rst_1
FF|OPT : Flip-flop optimization by equivalence checking
@ "D:\yilingsi_fpga\Efinity_Project\2026.9.25\9.25.1_ding_Ti60F225_Canny_Face_Parallel\ip/DdrCtrl\DdrCtrl.sv (1460)" removed instance : ddr3_ctl_axi/u_efx_ddr3_soft_controller/genblk1.inst_ddr3_axi/inst_efx_ddr3/top_mc/controller_main/dffrs_2527/i67_rst_2
@ "D:\yilingsi_fpga\Efinity_Project\2026.9.25\9.25.1_ding_Ti60F225_Canny_Face_Parallel\ip/DdrCtrl\DdrCtrl.sv (1460)" representative instance : ddr3_ctl_axi/u_efx_ddr3_soft_controller/genblk1.inst_ddr3_axi/inst_efx_ddr3/top_mc/controller_main/dffrs_2527/i94_rst_2
FF|OPT : Flip-flop optimization by equivalence checking
@ "D:\yilingsi_fpga\Efinity_Project\2026.9.25\9.25.1_ding_Ti60F225_Canny_Face_Parallel\ip/DdrCtrl\DdrCtrl.sv (1460)" removed instance : ddr3_ctl_axi/u_efx_ddr3_soft_controller/genblk1.inst_ddr3_axi/inst_efx_ddr3/top_mc/controller_main/dffrs_2527/i67_rst_3
@ "D:\yilingsi_fpga\Efinity_Project\2026.9.25\9.25.1_ding_Ti60F225_Canny_Face_Parallel\ip/DdrCtrl\DdrCtrl.sv (1460)" representative instance : ddr3_ctl_axi/u_efx_ddr3_soft_controller/genblk1.inst_ddr3_axi/inst_efx_ddr3/top_mc/controller_main/dffrs_2527/i94_rst_3
FF|OPT : Flip-flop optimization by equivalence checking
@ "D:\yilingsi_fpga\Efinity_Project\2026.9.25\9.25.1_ding_Ti60F225_Canny_Face_Parallel\ip/DdrCtrl\DdrCtrl.sv (1460)" removed instance : ddr3_ctl_axi/u_efx_ddr3_soft_controller/genblk1.inst_ddr3_axi/inst_efx_ddr3/top_mc/controller_main/dffrs_2527/i66_rst_0
@ "D:\yilingsi_fpga\Efinity_Project\2026.9.25\9.25.1_ding_Ti60F225_Canny_Face_Parallel\ip/DdrCtrl\DdrCtrl.sv (1460)" representative instance : ddr3_ctl_axi/u_efx_ddr3_soft_controller/genblk1.inst_ddr3_axi/inst_efx_ddr3/top_mc/controller_main/dffrs_2527/i94_rst_0
FF|OPT : Flip-flop optimization by equivalence checking
@ "D:\yilingsi_fpga\Efinity_Project\2026.9.25\9.25.1_ding_Ti60F225_Canny_Face_Parallel\ip/DdrCtrl\DdrCtrl.sv (1460)" removed instance : ddr3_ctl_axi/u_efx_ddr3_soft_controller/genblk1.inst_ddr3_axi/inst_efx_ddr3/top_mc/controller_main/dffrs_2527/i66_rst_1
@ "D:\yilingsi_fpga\Efinity_Project\2026.9.25\9.25.1_ding_Ti60F225_Canny_Face_Parallel\ip/DdrCtrl\DdrCtrl.sv (1460)" representative instance : ddr3_ctl_axi/u_efx_ddr3_soft_controller/genblk1.inst_ddr3_axi/inst_efx_ddr3/top_mc/controller_main/dffrs_2527/i94_rst_1
FF|OPT : Flip-flop optimization by equivalence checking
@ "D:\yilingsi_fpga\Efinity_Project\2026.9.25\9.25.1_ding_Ti60F225_Canny_Face_Parallel\ip/DdrCtrl\DdrCtrl.sv (1460)" removed instance : ddr3_ctl_axi/u_efx_ddr3_soft_controller/genblk1.inst_ddr3_axi/inst_efx_ddr3/top_mc/controller_main/dffrs_2527/i66_rst_2
@ "D:\yilingsi_fpga\Efinity_Project\2026.9.25\9.25.1_ding_Ti60F225_Canny_Face_Parallel\ip/DdrCtrl\DdrCtrl.sv (1460)" representative instance : ddr3_ctl_axi/u_efx_ddr3_soft_controller/genblk1.inst_ddr3_axi/inst_efx_ddr3/top_mc/controller_main/dffrs_2527/i94_rst_2
FF|OPT : Flip-flop optimization by equivalence checking
@ "D:\yilingsi_fpga\Efinity_Project\2026.9.25\9.25.1_ding_Ti60F225_Canny_Face_Parallel\ip/DdrCtrl\DdrCtrl.sv (1460)" removed instance : ddr3_ctl_axi/u_efx_ddr3_soft_controller/genblk1.inst_ddr3_axi/inst_efx_ddr3/top_mc/controller_main/dffrs_2527/i66_rst_3
@ "D:\yilingsi_fpga\Efinity_Project\2026.9.25\9.25.1_ding_Ti60F225_Canny_Face_Parallel\ip/DdrCtrl\DdrCtrl.sv (1460)" representative instance : ddr3_ctl_axi/u_efx_ddr3_soft_controller/genblk1.inst_ddr3_axi/inst_efx_ddr3/top_mc/controller_main/dffrs_2527/i94_rst_3
FF|OPT : Flip-flop optimization by equivalence checking
@ "D:\yilingsi_fpga\Efinity_Project\2026.9.25\9.25.1_ding_Ti60F225_Canny_Face_Parallel\ip/DdrCtrl\DdrCtrl.sv (1460)" removed instance : ddr3_ctl_axi/u_efx_ddr3_soft_controller/genblk1.inst_ddr3_axi/inst_efx_ddr3/top_mc/controller_main/dffrs_2527/i65_rst_0
@ "D:\yilingsi_fpga\Efinity_Project\2026.9.25\9.25.1_ding_Ti60F225_Canny_Face_Parallel\ip/DdrCtrl\DdrCtrl.sv (1460)" representative instance : ddr3_ctl_axi/u_efx_ddr3_soft_controller/genblk1.inst_ddr3_axi/inst_efx_ddr3/top_mc/controller_main/dffrs_2527/i94_rst_0
FF|OPT : Flip-flop optimization by equivalence checking
@ "D:\yilingsi_fpga\Efinity_Project\2026.9.25\9.25.1_ding_Ti60F225_Canny_Face_Parallel\ip/DdrCtrl\DdrCtrl.sv (1460)" removed instance : ddr3_ctl_axi/u_efx_ddr3_soft_controller/genblk1.inst_ddr3_axi/inst_efx_ddr3/top_mc/controller_main/dffrs_2527/i65_rst_1
@ "D:\yilingsi_fpga\Efinity_Project\2026.9.25\9.25.1_ding_Ti60F225_Canny_Face_Parallel\ip/DdrCtrl\DdrCtrl.sv (1460)" representative instance : ddr3_ctl_axi/u_efx_ddr3_soft_controller/genblk1.inst_ddr3_axi/inst_efx_ddr3/top_mc/controller_main/dffrs_2527/i94_rst_1
FF|OPT : Flip-flop optimization by equivalence checking
@ "D:\yilingsi_fpga\Efinity_Project\2026.9.25\9.25.1_ding_Ti60F225_Canny_Face_Parallel\ip/DdrCtrl\DdrCtrl.sv (1460)" removed instance : ddr3_ctl_axi/u_efx_ddr3_soft_controller/genblk1.inst_ddr3_axi/inst_efx_ddr3/top_mc/controller_main/dffrs_2527/i65_rst_2
@ "D:\yilingsi_fpga\Efinity_Project\2026.9.25\9.25.1_ding_Ti60F225_Canny_Face_Parallel\ip/DdrCtrl\DdrCtrl.sv (1460)" representative instance : ddr3_ctl_axi/u_efx_ddr3_soft_controller/genblk1.inst_ddr3_axi/inst_efx_ddr3/top_mc/controller_main/dffrs_2527/i94_rst_2
FF|OPT : Flip-flop optimization by equivalence checking
@ "D:\yilingsi_fpga\Efinity_Project\2026.9.25\9.25.1_ding_Ti60F225_Canny_Face_Parallel\ip/DdrCtrl\DdrCtrl.sv (1460)" removed instance : ddr3_ctl_axi/u_efx_ddr3_soft_controller/genblk1.inst_ddr3_axi/inst_efx_ddr3/top_mc/controller_main/dffrs_2527/i65_rst_3
@ "D:\yilingsi_fpga\Efinity_Project\2026.9.25\9.25.1_ding_Ti60F225_Canny_Face_Parallel\ip/DdrCtrl\DdrCtrl.sv (1460)" representative instance : ddr3_ctl_axi/u_efx_ddr3_soft_controller/genblk1.inst_ddr3_axi/inst_efx_ddr3/top_mc/controller_main/dffrs_2527/i94_rst_3
FF|OPT : Flip-flop optimization by equivalence checking
@ "D:\yilingsi_fpga\Efinity_Project\2026.9.25\9.25.1_ding_Ti60F225_Canny_Face_Parallel\ip/DdrCtrl\DdrCtrl.sv (3274)" removed instance : ddr3_ctl_axi/u_efx_ddr3_soft_controller/genblk1.inst_ddr3_axi/inst_efx_ddr3/dff_734/i49
@ "D:\yilingsi_fpga\Efinity_Project\2026.9.25\9.25.1_ding_Ti60F225_Canny_Face_Parallel\ip/DdrCtrl\DdrCtrl.sv (3274)" representative instance : ddr3_ctl_axi/u_efx_ddr3_soft_controller/genblk1.inst_ddr3_axi/inst_efx_ddr3/dff_734/i89
FF|OPT : Flip-flop optimization by equivalence checking
@ "D:\yilingsi_fpga\Efinity_Project\2026.9.25\9.25.1_ding_Ti60F225_Canny_Face_Parallel\ip/DdrCtrl\DdrCtrl.sv (3274)" removed instance : ddr3_ctl_axi/u_efx_ddr3_soft_controller/genblk1.inst_ddr3_axi/inst_efx_ddr3/dff_734/i50
@ "D:\yilingsi_fpga\Efinity_Project\2026.9.25\9.25.1_ding_Ti60F225_Canny_Face_Parallel\ip/DdrCtrl\DdrCtrl.sv (3274)" representative instance : ddr3_ctl_axi/u_efx_ddr3_soft_controller/genblk1.inst_ddr3_axi/inst_efx_ddr3/dff_734/i100
FF|OPT : Flip-flop optimization by equivalence checking
@ "D:\yilingsi_fpga\Efinity_Project\2026.9.25\9.25.1_ding_Ti60F225_Canny_Face_Parallel\ip/DdrCtrl\DdrCtrl.sv (3274)" removed instance : ddr3_ctl_axi/u_efx_ddr3_soft_controller/genblk1.inst_ddr3_axi/inst_efx_ddr3/dff_734/i51
@ "D:\yilingsi_fpga\Efinity_Project\2026.9.25\9.25.1_ding_Ti60F225_Canny_Face_Parallel\ip/DdrCtrl\DdrCtrl.sv (3274)" representative instance : ddr3_ctl_axi/u_efx_ddr3_soft_controller/genblk1.inst_ddr3_axi/inst_efx_ddr3/dff_734/i86
FF|OPT : Flip-flop optimization by equivalence checking
@ "D:\yilingsi_fpga\Efinity_Project\2026.9.25\9.25.1_ding_Ti60F225_Canny_Face_Parallel\ip/DdrCtrl\DdrCtrl.sv (3274)" removed instance : ddr3_ctl_axi/u_efx_ddr3_soft_controller/genblk1.inst_ddr3_axi/inst_efx_ddr3/dff_734/i52
@ "D:\yilingsi_fpga\Efinity_Project\2026.9.25\9.25.1_ding_Ti60F225_Canny_Face_Parallel\ip/DdrCtrl\DdrCtrl.sv (3274)" representative instance : ddr3_ctl_axi/u_efx_ddr3_soft_controller/genblk1.inst_ddr3_axi/inst_efx_ddr3/dff_734/i92
FF|OPT : Flip-flop optimization by equivalence checking
@ "D:\yilingsi_fpga\Efinity_Project\2026.9.25\9.25.1_ding_Ti60F225_Canny_Face_Parallel\ip/DdrCtrl\DdrCtrl.sv (3274)" removed instance : ddr3_ctl_axi/u_efx_ddr3_soft_controller/genblk1.inst_ddr3_axi/inst_efx_ddr3/dff_734/i53
@ "D:\yilingsi_fpga\Efinity_Project\2026.9.25\9.25.1_ding_Ti60F225_Canny_Face_Parallel\ip/DdrCtrl\DdrCtrl.sv (3274)" representative instance : ddr3_ctl_axi/u_efx_ddr3_soft_controller/genblk1.inst_ddr3_axi/inst_efx_ddr3/dff_734/i89
FF|OPT : Flip-flop optimization by equivalence checking
@ "D:\yilingsi_fpga\Efinity_Project\2026.9.25\9.25.1_ding_Ti60F225_Canny_Face_Parallel\ip/DdrCtrl\DdrCtrl.sv (3274)" removed instance : ddr3_ctl_axi/u_efx_ddr3_soft_controller/genblk1.inst_ddr3_axi/inst_efx_ddr3/dff_734/i54
@ "D:\yilingsi_fpga\Efinity_Project\2026.9.25\9.25.1_ding_Ti60F225_Canny_Face_Parallel\ip/DdrCtrl\DdrCtrl.sv (3274)" representative instance : ddr3_ctl_axi/u_efx_ddr3_soft_controller/genblk1.inst_ddr3_axi/inst_efx_ddr3/dff_734/i91
FF|OPT : Flip-flop optimization by equivalence checking
@ "D:\yilingsi_fpga\Efinity_Project\2026.9.25\9.25.1_ding_Ti60F225_Canny_Face_Parallel\ip/DdrCtrl\DdrCtrl.sv (3274)" removed instance : ddr3_ctl_axi/u_efx_ddr3_soft_controller/genblk1.inst_ddr3_axi/inst_efx_ddr3/dff_734/i55
@ "D:\yilingsi_fpga\Efinity_Project\2026.9.25\9.25.1_ding_Ti60F225_Canny_Face_Parallel\ip/DdrCtrl\DdrCtrl.sv (3274)" representative instance : ddr3_ctl_axi/u_efx_ddr3_soft_controller/genblk1.inst_ddr3_axi/inst_efx_ddr3/dff_734/i94
FF|OPT : Flip-flop optimization by equivalence checking
@ "D:\yilingsi_fpga\Efinity_Project\2026.9.25\9.25.1_ding_Ti60F225_Canny_Face_Parallel\ip/DdrCtrl\DdrCtrl.sv (3274)" removed instance : ddr3_ctl_axi/u_efx_ddr3_soft_controller/genblk1.inst_ddr3_axi/inst_efx_ddr3/dff_734/i56
@ "D:\yilingsi_fpga\Efinity_Project\2026.9.25\9.25.1_ding_Ti60F225_Canny_Face_Parallel\ip/DdrCtrl\DdrCtrl.sv (3274)" representative instance : ddr3_ctl_axi/u_efx_ddr3_soft_controller/genblk1.inst_ddr3_axi/inst_efx_ddr3/dff_734/i88
FF|OPT : Flip-flop optimization by equivalence checking
@ "D:\yilingsi_fpga\Efinity_Project\2026.9.25\9.25.1_ding_Ti60F225_Canny_Face_Parallel\ip/DdrCtrl\DdrCtrl.sv (3274)" removed instance : ddr3_ctl_axi/u_efx_ddr3_soft_controller/genblk1.inst_ddr3_axi/inst_efx_ddr3/dff_734/i57
@ "D:\yilingsi_fpga\Efinity_Project\2026.9.25\9.25.1_ding_Ti60F225_Canny_Face_Parallel\ip/DdrCtrl\DdrCtrl.sv (3274)" representative instance : ddr3_ctl_axi/u_efx_ddr3_soft_controller/genblk1.inst_ddr3_axi/inst_efx_ddr3/dff_734/i89
FF|OPT : Flip-flop optimization by equivalence checking
@ "D:\yilingsi_fpga\Efinity_Project\2026.9.25\9.25.1_ding_Ti60F225_Canny_Face_Parallel\ip/DdrCtrl\DdrCtrl.sv (3274)" removed instance : ddr3_ctl_axi/u_efx_ddr3_soft_controller/genblk1.inst_ddr3_axi/inst_efx_ddr3/dff_734/i58
@ "D:\yilingsi_fpga\Efinity_Project\2026.9.25\9.25.1_ding_Ti60F225_Canny_Face_Parallel\ip/DdrCtrl\DdrCtrl.sv (3274)" representative instance : ddr3_ctl_axi/u_efx_ddr3_soft_controller/genblk1.inst_ddr3_axi/inst_efx_ddr3/dff_734/i95
FF|OPT : Flip-flop optimization by equivalence checking
@ "D:\yilingsi_fpga\Efinity_Project\2026.9.25\9.25.1_ding_Ti60F225_Canny_Face_Parallel\ip/DdrCtrl\DdrCtrl.sv (3274)" removed instance : ddr3_ctl_axi/u_efx_ddr3_soft_controller/genblk1.inst_ddr3_axi/inst_efx_ddr3/dff_734/i59
@ "D:\yilingsi_fpga\Efinity_Project\2026.9.25\9.25.1_ding_Ti60F225_Canny_Face_Parallel\ip/DdrCtrl\DdrCtrl.sv (3274)" representative instance : ddr3_ctl_axi/u_efx_ddr3_soft_controller/genblk1.inst_ddr3_axi/inst_efx_ddr3/dff_734/i94
FF|OPT : Flip-flop optimization by equivalence checking
@ "D:\yilingsi_fpga\Efinity_Project\2026.9.25\9.25.1_ding_Ti60F225_Canny_Face_Parallel\ip/DdrCtrl\DdrCtrl.sv (3274)" removed instance : ddr3_ctl_axi/u_efx_ddr3_soft_controller/genblk1.inst_ddr3_axi/inst_efx_ddr3/dff_734/i60
@ "D:\yilingsi_fpga\Efinity_Project\2026.9.25\9.25.1_ding_Ti60F225_Canny_Face_Parallel\ip/DdrCtrl\DdrCtrl.sv (3274)" representative instance : ddr3_ctl_axi/u_efx_ddr3_soft_controller/genblk1.inst_ddr3_axi/inst_efx_ddr3/dff_734/i92
FF|OPT : Flip-flop optimization by equivalence checking
@ "D:\yilingsi_fpga\Efinity_Project\2026.9.25\9.25.1_ding_Ti60F225_Canny_Face_Parallel\ip/DdrCtrl\DdrCtrl.sv (3274)" removed instance : ddr3_ctl_axi/u_efx_ddr3_soft_controller/genblk1.inst_ddr3_axi/inst_efx_ddr3/dff_734/i61
@ "D:\yilingsi_fpga\Efinity_Project\2026.9.25\9.25.1_ding_Ti60F225_Canny_Face_Parallel\ip/DdrCtrl\DdrCtrl.sv (3274)" representative instance : ddr3_ctl_axi/u_efx_ddr3_soft_controller/genblk1.inst_ddr3_axi/inst_efx_ddr3/dff_734/i89
FF|OPT : Flip-flop optimization by equivalence checking
@ "D:\yilingsi_fpga\Efinity_Project\2026.9.25\9.25.1_ding_Ti60F225_Canny_Face_Parallel\ip/DdrCtrl\DdrCtrl.sv (3274)" removed instance : ddr3_ctl_axi/u_efx_ddr3_soft_controller/genblk1.inst_ddr3_axi/inst_efx_ddr3/dff_734/i64
@ "D:\yilingsi_fpga\Efinity_Project\2026.9.25\9.25.1_ding_Ti60F225_Canny_Face_Parallel\ip/DdrCtrl\DdrCtrl.sv (3274)" representative instance : ddr3_ctl_axi/u_efx_ddr3_soft_controller/genblk1.inst_ddr3_axi/inst_efx_ddr3/dff_734/i92
FF|OPT : Flip-flop optimization by equivalence checking
@ "D:\yilingsi_fpga\Efinity_Project\2026.9.25\9.25.1_ding_Ti60F225_Canny_Face_Parallel\ip/DdrCtrl\DdrCtrl.sv (1460)" removed instance : ddr3_ctl_axi/u_efx_ddr3_soft_controller/genblk1.inst_ddr3_axi/inst_efx_ddr3/top_mc/controller_main/dffrs_2527/i64_rst_0
@ "D:\yilingsi_fpga\Efinity_Project\2026.9.25\9.25.1_ding_Ti60F225_Canny_Face_Parallel\ip/DdrCtrl\DdrCtrl.sv (1460)" representative instance : ddr3_ctl_axi/u_efx_ddr3_soft_controller/genblk1.inst_ddr3_axi/inst_efx_ddr3/top_mc/controller_main/dffrs_2527/i94_rst_0
FF|OPT : Flip-flop optimization by equivalence checking
@ "D:\yilingsi_fpga\Efinity_Project\2026.9.25\9.25.1_ding_Ti60F225_Canny_Face_Parallel\ip/DdrCtrl\DdrCtrl.sv (1460)" removed instance : ddr3_ctl_axi/u_efx_ddr3_soft_controller/genblk1.inst_ddr3_axi/inst_efx_ddr3/top_mc/controller_main/dffrs_2527/i64_rst_1
@ "D:\yilingsi_fpga\Efinity_Project\2026.9.25\9.25.1_ding_Ti60F225_Canny_Face_Parallel\ip/DdrCtrl\DdrCtrl.sv (1460)" representative instance : ddr3_ctl_axi/u_efx_ddr3_soft_controller/genblk1.inst_ddr3_axi/inst_efx_ddr3/top_mc/controller_main/dffrs_2527/i94_rst_1
FF|OPT : Flip-flop optimization by equivalence checking
@ "D:\yilingsi_fpga\Efinity_Project\2026.9.25\9.25.1_ding_Ti60F225_Canny_Face_Parallel\ip/DdrCtrl\DdrCtrl.sv (1460)" removed instance : ddr3_ctl_axi/u_efx_ddr3_soft_controller/genblk1.inst_ddr3_axi/inst_efx_ddr3/top_mc/controller_main/dffrs_2527/i64_rst_2
@ "D:\yilingsi_fpga\Efinity_Project\2026.9.25\9.25.1_ding_Ti60F225_Canny_Face_Parallel\ip/DdrCtrl\DdrCtrl.sv (1460)" representative instance : ddr3_ctl_axi/u_efx_ddr3_soft_controller/genblk1.inst_ddr3_axi/inst_efx_ddr3/top_mc/controller_main/dffrs_2527/i94_rst_2
FF|OPT : Flip-flop optimization by equivalence checking
@ "D:\yilingsi_fpga\Efinity_Project\2026.9.25\9.25.1_ding_Ti60F225_Canny_Face_Parallel\ip/DdrCtrl\DdrCtrl.sv (1460)" removed instance : ddr3_ctl_axi/u_efx_ddr3_soft_controller/genblk1.inst_ddr3_axi/inst_efx_ddr3/top_mc/controller_main/dffrs_2527/i64_rst_3
@ "D:\yilingsi_fpga\Efinity_Project\2026.9.25\9.25.1_ding_Ti60F225_Canny_Face_Parallel\ip/DdrCtrl\DdrCtrl.sv (1460)" representative instance : ddr3_ctl_axi/u_efx_ddr3_soft_controller/genblk1.inst_ddr3_axi/inst_efx_ddr3/top_mc/controller_main/dffrs_2527/i94_rst_3
FF|OPT : Flip-flop optimization by equivalence checking
@ "D:\yilingsi_fpga\Efinity_Project\2026.9.25\9.25.1_ding_Ti60F225_Canny_Face_Parallel\ip/DdrCtrl\DdrCtrl.sv (1460)" removed instance : ddr3_ctl_axi/u_efx_ddr3_soft_controller/genblk1.inst_ddr3_axi/inst_efx_ddr3/top_mc/controller_main/dffrs_2527/i63_rst_0
@ "D:\yilingsi_fpga\Efinity_Project\2026.9.25\9.25.1_ding_Ti60F225_Canny_Face_Parallel\ip/DdrCtrl\DdrCtrl.sv (1460)" representative instance : ddr3_ctl_axi/u_efx_ddr3_soft_controller/genblk1.inst_ddr3_axi/inst_efx_ddr3/top_mc/controller_main/dffrs_2527/i94_rst_0
FF|OPT : Flip-flop optimization by equivalence checking
@ "D:\yilingsi_fpga\Efinity_Project\2026.9.25\9.25.1_ding_Ti60F225_Canny_Face_Parallel\ip/DdrCtrl\DdrCtrl.sv (1460)" removed instance : ddr3_ctl_axi/u_efx_ddr3_soft_controller/genblk1.inst_ddr3_axi/inst_efx_ddr3/top_mc/controller_main/dffrs_2527/i63_rst_1
@ "D:\yilingsi_fpga\Efinity_Project\2026.9.25\9.25.1_ding_Ti60F225_Canny_Face_Parallel\ip/DdrCtrl\DdrCtrl.sv (1460)" representative instance : ddr3_ctl_axi/u_efx_ddr3_soft_controller/genblk1.inst_ddr3_axi/inst_efx_ddr3/top_mc/controller_main/dffrs_2527/i94_rst_1
FF|OPT : Flip-flop optimization by equivalence checking
@ "D:\yilingsi_fpga\Efinity_Project\2026.9.25\9.25.1_ding_Ti60F225_Canny_Face_Parallel\ip/DdrCtrl\DdrCtrl.sv (1460)" removed instance : ddr3_ctl_axi/u_efx_ddr3_soft_controller/genblk1.inst_ddr3_axi/inst_efx_ddr3/top_mc/controller_main/dffrs_2527/i63_rst_2
@ "D:\yilingsi_fpga\Efinity_Project\2026.9.25\9.25.1_ding_Ti60F225_Canny_Face_Parallel\ip/DdrCtrl\DdrCtrl.sv (1460)" representative instance : ddr3_ctl_axi/u_efx_ddr3_soft_controller/genblk1.inst_ddr3_axi/inst_efx_ddr3/top_mc/controller_main/dffrs_2527/i94_rst_2
FF|OPT : Flip-flop optimization by equivalence checking
@ "D:\yilingsi_fpga\Efinity_Project\2026.9.25\9.25.1_ding_Ti60F225_Canny_Face_Parallel\ip/DdrCtrl\DdrCtrl.sv (1460)" removed instance : ddr3_ctl_axi/u_efx_ddr3_soft_controller/genblk1.inst_ddr3_axi/inst_efx_ddr3/top_mc/controller_main/dffrs_2527/i63_rst_3
@ "D:\yilingsi_fpga\Efinity_Project\2026.9.25\9.25.1_ding_Ti60F225_Canny_Face_Parallel\ip/DdrCtrl\DdrCtrl.sv (1460)" representative instance : ddr3_ctl_axi/u_efx_ddr3_soft_controller/genblk1.inst_ddr3_axi/inst_efx_ddr3/top_mc/controller_main/dffrs_2527/i94_rst_3
FF|OPT : Flip-flop optimization by equivalence checking
@ "D:\yilingsi_fpga\Efinity_Project\2026.9.25\9.25.1_ding_Ti60F225_Canny_Face_Parallel\ip/DdrCtrl\DdrCtrl.sv (1460)" removed instance : ddr3_ctl_axi/u_efx_ddr3_soft_controller/genblk1.inst_ddr3_axi/inst_efx_ddr3/top_mc/controller_main/dffrs_2527/i62_rst_0
@ "D:\yilingsi_fpga\Efinity_Project\2026.9.25\9.25.1_ding_Ti60F225_Canny_Face_Parallel\ip/DdrCtrl\DdrCtrl.sv (1460)" representative instance : ddr3_ctl_axi/u_efx_ddr3_soft_controller/genblk1.inst_ddr3_axi/inst_efx_ddr3/top_mc/controller_main/dffrs_2527/i94_rst_0
FF|OPT : Flip-flop optimization by equivalence checking
@ "D:\yilingsi_fpga\Efinity_Project\2026.9.25\9.25.1_ding_Ti60F225_Canny_Face_Parallel\ip/DdrCtrl\DdrCtrl.sv (1460)" removed instance : ddr3_ctl_axi/u_efx_ddr3_soft_controller/genblk1.inst_ddr3_axi/inst_efx_ddr3/top_mc/controller_main/dffrs_2527/i62_rst_1
@ "D:\yilingsi_fpga\Efinity_Project\2026.9.25\9.25.1_ding_Ti60F225_Canny_Face_Parallel\ip/DdrCtrl\DdrCtrl.sv (1460)" representative instance : ddr3_ctl_axi/u_efx_ddr3_soft_controller/genblk1.inst_ddr3_axi/inst_efx_ddr3/top_mc/controller_main/dffrs_2527/i94_rst_1
FF|OPT : Flip-flop optimization by equivalence checking
@ "D:\yilingsi_fpga\Efinity_Project\2026.9.25\9.25.1_ding_Ti60F225_Canny_Face_Parallel\ip/DdrCtrl\DdrCtrl.sv (1460)" removed instance : ddr3_ctl_axi/u_efx_ddr3_soft_controller/genblk1.inst_ddr3_axi/inst_efx_ddr3/top_mc/controller_main/dffrs_2527/i62_rst_2
@ "D:\yilingsi_fpga\Efinity_Project\2026.9.25\9.25.1_ding_Ti60F225_Canny_Face_Parallel\ip/DdrCtrl\DdrCtrl.sv (1460)" representative instance : ddr3_ctl_axi/u_efx_ddr3_soft_controller/genblk1.inst_ddr3_axi/inst_efx_ddr3/top_mc/controller_main/dffrs_2527/i94_rst_2
FF|OPT : Flip-flop optimization by equivalence checking
@ "D:\yilingsi_fpga\Efinity_Project\2026.9.25\9.25.1_ding_Ti60F225_Canny_Face_Parallel\ip/DdrCtrl\DdrCtrl.sv (1460)" removed instance : ddr3_ctl_axi/u_efx_ddr3_soft_controller/genblk1.inst_ddr3_axi/inst_efx_ddr3/top_mc/controller_main/dffrs_2527/i62_rst_3
@ "D:\yilingsi_fpga\Efinity_Project\2026.9.25\9.25.1_ding_Ti60F225_Canny_Face_Parallel\ip/DdrCtrl\DdrCtrl.sv (1460)" representative instance : ddr3_ctl_axi/u_efx_ddr3_soft_controller/genblk1.inst_ddr3_axi/inst_efx_ddr3/top_mc/controller_main/dffrs_2527/i94_rst_3
FF|OPT : Flip-flop optimization by equivalence checking
@ "D:\yilingsi_fpga\Efinity_Project\2026.9.25\9.25.1_ding_Ti60F225_Canny_Face_Parallel\ip/DdrCtrl\DdrCtrl.sv (1460)" removed instance : ddr3_ctl_axi/u_efx_ddr3_soft_controller/genblk1.inst_ddr3_axi/inst_efx_ddr3/top_mc/controller_main/dffrs_2527/i61_rst_0
@ "D:\yilingsi_fpga\Efinity_Project\2026.9.25\9.25.1_ding_Ti60F225_Canny_Face_Parallel\ip/DdrCtrl\DdrCtrl.sv (1460)" representative instance : ddr3_ctl_axi/u_efx_ddr3_soft_controller/genblk1.inst_ddr3_axi/inst_efx_ddr3/top_mc/controller_main/dffrs_2527/i94_rst_0
FF|OPT : Flip-flop optimization by equivalence checking
@ "D:\yilingsi_fpga\Efinity_Project\2026.9.25\9.25.1_ding_Ti60F225_Canny_Face_Parallel\ip/DdrCtrl\DdrCtrl.sv (1460)" removed instance : ddr3_ctl_axi/u_efx_ddr3_soft_controller/genblk1.inst_ddr3_axi/inst_efx_ddr3/top_mc/controller_main/dffrs_2527/i61_rst_1
@ "D:\yilingsi_fpga\Efinity_Project\2026.9.25\9.25.1_ding_Ti60F225_Canny_Face_Parallel\ip/DdrCtrl\DdrCtrl.sv (1460)" representative instance : ddr3_ctl_axi/u_efx_ddr3_soft_controller/genblk1.inst_ddr3_axi/inst_efx_ddr3/top_mc/controller_main/dffrs_2527/i94_rst_1
FF|OPT : Flip-flop optimization by equivalence checking
@ "D:\yilingsi_fpga\Efinity_Project\2026.9.25\9.25.1_ding_Ti60F225_Canny_Face_Parallel\ip/DdrCtrl\DdrCtrl.sv (1460)" removed instance : ddr3_ctl_axi/u_efx_ddr3_soft_controller/genblk1.inst_ddr3_axi/inst_efx_ddr3/top_mc/controller_main/dffrs_2527/i61_rst_2
@ "D:\yilingsi_fpga\Efinity_Project\2026.9.25\9.25.1_ding_Ti60F225_Canny_Face_Parallel\ip/DdrCtrl\DdrCtrl.sv (1460)" representative instance : ddr3_ctl_axi/u_efx_ddr3_soft_controller/genblk1.inst_ddr3_axi/inst_efx_ddr3/top_mc/controller_main/dffrs_2527/i94_rst_2
FF|OPT : Flip-flop optimization by equivalence checking
@ "D:\yilingsi_fpga\Efinity_Project\2026.9.25\9.25.1_ding_Ti60F225_Canny_Face_Parallel\ip/DdrCtrl\DdrCtrl.sv (1460)" removed instance : ddr3_ctl_axi/u_efx_ddr3_soft_controller/genblk1.inst_ddr3_axi/inst_efx_ddr3/top_mc/controller_main/dffrs_2527/i61_rst_3
@ "D:\yilingsi_fpga\Efinity_Project\2026.9.25\9.25.1_ding_Ti60F225_Canny_Face_Parallel\ip/DdrCtrl\DdrCtrl.sv (1460)" representative instance : ddr3_ctl_axi/u_efx_ddr3_soft_controller/genblk1.inst_ddr3_axi/inst_efx_ddr3/top_mc/controller_main/dffrs_2527/i94_rst_3
FF|OPT : Flip-flop optimization by equivalence checking
@ "D:\yilingsi_fpga\Efinity_Project\2026.9.25\9.25.1_ding_Ti60F225_Canny_Face_Parallel\ip/DdrCtrl\DdrCtrl.sv (1460)" removed instance : ddr3_ctl_axi/u_efx_ddr3_soft_controller/genblk1.inst_ddr3_axi/inst_efx_ddr3/top_mc/controller_main/dffrs_2527/i6_rst_0
@ "D:\yilingsi_fpga\Efinity_Project\2026.9.25\9.25.1_ding_Ti60F225_Canny_Face_Parallel\ip/DdrCtrl\DdrCtrl.sv (1460)" representative instance : ddr3_ctl_axi/u_efx_ddr3_soft_controller/genblk1.inst_ddr3_axi/inst_efx_ddr3/top_mc/controller_main/dffrs_2527/i94_rst_0
FF|OPT : Flip-flop optimization by equivalence checking
@ "D:\yilingsi_fpga\Efinity_Project\2026.9.25\9.25.1_ding_Ti60F225_Canny_Face_Parallel\ip/DdrCtrl\DdrCtrl.sv (1460)" removed instance : ddr3_ctl_axi/u_efx_ddr3_soft_controller/genblk1.inst_ddr3_axi/inst_efx_ddr3/top_mc/controller_main/dffrs_2527/i6_rst_1
@ "D:\yilingsi_fpga\Efinity_Project\2026.9.25\9.25.1_ding_Ti60F225_Canny_Face_Parallel\ip/DdrCtrl\DdrCtrl.sv (1460)" representative instance : ddr3_ctl_axi/u_efx_ddr3_soft_controller/genblk1.inst_ddr3_axi/inst_efx_ddr3/top_mc/controller_main/dffrs_2527/i94_rst_1
FF|OPT : Flip-flop optimization by equivalence checking
@ "D:\yilingsi_fpga\Efinity_Project\2026.9.25\9.25.1_ding_Ti60F225_Canny_Face_Parallel\ip/DdrCtrl\DdrCtrl.sv (1460)" removed instance : ddr3_ctl_axi/u_efx_ddr3_soft_controller/genblk1.inst_ddr3_axi/inst_efx_ddr3/top_mc/controller_main/dffrs_2527/i6_rst_2
@ "D:\yilingsi_fpga\Efinity_Project\2026.9.25\9.25.1_ding_Ti60F225_Canny_Face_Parallel\ip/DdrCtrl\DdrCtrl.sv (1460)" representative instance : ddr3_ctl_axi/u_efx_ddr3_soft_controller/genblk1.inst_ddr3_axi/inst_efx_ddr3/top_mc/controller_main/dffrs_2527/i94_rst_2
FF|OPT : Flip-flop optimization by equivalence checking
@ "D:\yilingsi_fpga\Efinity_Project\2026.9.25\9.25.1_ding_Ti60F225_Canny_Face_Parallel\ip/DdrCtrl\DdrCtrl.sv (1460)" removed instance : ddr3_ctl_axi/u_efx_ddr3_soft_controller/genblk1.inst_ddr3_axi/inst_efx_ddr3/top_mc/controller_main/dffrs_2527/i6_rst_3
@ "D:\yilingsi_fpga\Efinity_Project\2026.9.25\9.25.1_ding_Ti60F225_Canny_Face_Parallel\ip/DdrCtrl\DdrCtrl.sv (1460)" representative instance : ddr3_ctl_axi/u_efx_ddr3_soft_controller/genblk1.inst_ddr3_axi/inst_efx_ddr3/top_mc/controller_main/dffrs_2527/i94_rst_3
FF|OPT : Flip-flop optimization by equivalence checking
@ "D:\yilingsi_fpga\Efinity_Project\2026.9.25\9.25.1_ding_Ti60F225_Canny_Face_Parallel\ip/DdrCtrl\DdrCtrl.sv (1460)" removed instance : ddr3_ctl_axi/u_efx_ddr3_soft_controller/genblk1.inst_ddr3_axi/inst_efx_ddr3/top_mc/controller_main/dffrs_2527/i60_rst_0
@ "D:\yilingsi_fpga\Efinity_Project\2026.9.25\9.25.1_ding_Ti60F225_Canny_Face_Parallel\ip/DdrCtrl\DdrCtrl.sv (1460)" representative instance : ddr3_ctl_axi/u_efx_ddr3_soft_controller/genblk1.inst_ddr3_axi/inst_efx_ddr3/top_mc/controller_main/dffrs_2527/i94_rst_0
FF|OPT : Flip-flop optimization by equivalence checking
@ "D:\yilingsi_fpga\Efinity_Project\2026.9.25\9.25.1_ding_Ti60F225_Canny_Face_Parallel\ip/DdrCtrl\DdrCtrl.sv (1460)" removed instance : ddr3_ctl_axi/u_efx_ddr3_soft_controller/genblk1.inst_ddr3_axi/inst_efx_ddr3/top_mc/controller_main/dffrs_2527/i60_rst_1
@ "D:\yilingsi_fpga\Efinity_Project\2026.9.25\9.25.1_ding_Ti60F225_Canny_Face_Parallel\ip/DdrCtrl\DdrCtrl.sv (1460)" representative instance : ddr3_ctl_axi/u_efx_ddr3_soft_controller/genblk1.inst_ddr3_axi/inst_efx_ddr3/top_mc/controller_main/dffrs_2527/i94_rst_1
FF|OPT : Flip-flop optimization by equivalence checking
@ "D:\yilingsi_fpga\Efinity_Project\2026.9.25\9.25.1_ding_Ti60F225_Canny_Face_Parallel\ip/DdrCtrl\DdrCtrl.sv (1460)" removed instance : ddr3_ctl_axi/u_efx_ddr3_soft_controller/genblk1.inst_ddr3_axi/inst_efx_ddr3/top_mc/controller_main/dffrs_2527/i60_rst_2
@ "D:\yilingsi_fpga\Efinity_Project\2026.9.25\9.25.1_ding_Ti60F225_Canny_Face_Parallel\ip/DdrCtrl\DdrCtrl.sv (1460)" representative instance : ddr3_ctl_axi/u_efx_ddr3_soft_controller/genblk1.inst_ddr3_axi/inst_efx_ddr3/top_mc/controller_main/dffrs_2527/i94_rst_2
FF|OPT : Flip-flop optimization by equivalence checking
@ "D:\yilingsi_fpga\Efinity_Project\2026.9.25\9.25.1_ding_Ti60F225_Canny_Face_Parallel\ip/DdrCtrl\DdrCtrl.sv (1460)" removed instance : ddr3_ctl_axi/u_efx_ddr3_soft_controller/genblk1.inst_ddr3_axi/inst_efx_ddr3/top_mc/controller_main/dffrs_2527/i60_rst_3
@ "D:\yilingsi_fpga\Efinity_Project\2026.9.25\9.25.1_ding_Ti60F225_Canny_Face_Parallel\ip/DdrCtrl\DdrCtrl.sv (1460)" representative instance : ddr3_ctl_axi/u_efx_ddr3_soft_controller/genblk1.inst_ddr3_axi/inst_efx_ddr3/top_mc/controller_main/dffrs_2527/i94_rst_3
FF|OPT : Flip-flop optimization by equivalence checking
@ "D:\yilingsi_fpga\Efinity_Project\2026.9.25\9.25.1_ding_Ti60F225_Canny_Face_Parallel\ip/DdrCtrl\DdrCtrl.sv (1460)" removed instance : ddr3_ctl_axi/u_efx_ddr3_soft_controller/genblk1.inst_ddr3_axi/inst_efx_ddr3/top_mc/controller_main/dffrs_2527/i59_rst_0
@ "D:\yilingsi_fpga\Efinity_Project\2026.9.25\9.25.1_ding_Ti60F225_Canny_Face_Parallel\ip/DdrCtrl\DdrCtrl.sv (1460)" representative instance : ddr3_ctl_axi/u_efx_ddr3_soft_controller/genblk1.inst_ddr3_axi/inst_efx_ddr3/top_mc/controller_main/dffrs_2527/i94_rst_0
FF|OPT : Flip-flop optimization by equivalence checking
@ "D:\yilingsi_fpga\Efinity_Project\2026.9.25\9.25.1_ding_Ti60F225_Canny_Face_Parallel\ip/DdrCtrl\DdrCtrl.sv (1460)" removed instance : ddr3_ctl_axi/u_efx_ddr3_soft_controller/genblk1.inst_ddr3_axi/inst_efx_ddr3/top_mc/controller_main/dffrs_2527/i59_rst_1
@ "D:\yilingsi_fpga\Efinity_Project\2026.9.25\9.25.1_ding_Ti60F225_Canny_Face_Parallel\ip/DdrCtrl\DdrCtrl.sv (1460)" representative instance : ddr3_ctl_axi/u_efx_ddr3_soft_controller/genblk1.inst_ddr3_axi/inst_efx_ddr3/top_mc/controller_main/dffrs_2527/i94_rst_1
FF|OPT : Flip-flop optimization by equivalence checking
@ "D:\yilingsi_fpga\Efinity_Project\2026.9.25\9.25.1_ding_Ti60F225_Canny_Face_Parallel\ip/DdrCtrl\DdrCtrl.sv (1460)" removed instance : ddr3_ctl_axi/u_efx_ddr3_soft_controller/genblk1.inst_ddr3_axi/inst_efx_ddr3/top_mc/controller_main/dffrs_2527/i59_rst_2
@ "D:\yilingsi_fpga\Efinity_Project\2026.9.25\9.25.1_ding_Ti60F225_Canny_Face_Parallel\ip/DdrCtrl\DdrCtrl.sv (1460)" representative instance : ddr3_ctl_axi/u_efx_ddr3_soft_controller/genblk1.inst_ddr3_axi/inst_efx_ddr3/top_mc/controller_main/dffrs_2527/i94_rst_2
FF|OPT : Flip-flop optimization by equivalence checking
@ "D:\yilingsi_fpga\Efinity_Project\2026.9.25\9.25.1_ding_Ti60F225_Canny_Face_Parallel\ip/DdrCtrl\DdrCtrl.sv (1460)" removed instance : ddr3_ctl_axi/u_efx_ddr3_soft_controller/genblk1.inst_ddr3_axi/inst_efx_ddr3/top_mc/controller_main/dffrs_2527/i59_rst_3
@ "D:\yilingsi_fpga\Efinity_Project\2026.9.25\9.25.1_ding_Ti60F225_Canny_Face_Parallel\ip/DdrCtrl\DdrCtrl.sv (1460)" representative instance : ddr3_ctl_axi/u_efx_ddr3_soft_controller/genblk1.inst_ddr3_axi/inst_efx_ddr3/top_mc/controller_main/dffrs_2527/i94_rst_3
FF|OPT : Flip-flop optimization by equivalence checking
@ "D:\yilingsi_fpga\Efinity_Project\2026.9.25\9.25.1_ding_Ti60F225_Canny_Face_Parallel\ip/DdrCtrl\DdrCtrl.sv (1460)" removed instance : ddr3_ctl_axi/u_efx_ddr3_soft_controller/genblk1.inst_ddr3_axi/inst_efx_ddr3/top_mc/controller_main/dffrs_2527/i58_rst_0
@ "D:\yilingsi_fpga\Efinity_Project\2026.9.25\9.25.1_ding_Ti60F225_Canny_Face_Parallel\ip/DdrCtrl\DdrCtrl.sv (1460)" representative instance : ddr3_ctl_axi/u_efx_ddr3_soft_controller/genblk1.inst_ddr3_axi/inst_efx_ddr3/top_mc/controller_main/dffrs_2527/i94_rst_0
FF|OPT : Flip-flop optimization by equivalence checking
@ "D:\yilingsi_fpga\Efinity_Project\2026.9.25\9.25.1_ding_Ti60F225_Canny_Face_Parallel\ip/DdrCtrl\DdrCtrl.sv (1460)" removed instance : ddr3_ctl_axi/u_efx_ddr3_soft_controller/genblk1.inst_ddr3_axi/inst_efx_ddr3/top_mc/controller_main/dffrs_2527/i58_rst_1
@ "D:\yilingsi_fpga\Efinity_Project\2026.9.25\9.25.1_ding_Ti60F225_Canny_Face_Parallel\ip/DdrCtrl\DdrCtrl.sv (1460)" representative instance : ddr3_ctl_axi/u_efx_ddr3_soft_controller/genblk1.inst_ddr3_axi/inst_efx_ddr3/top_mc/controller_main/dffrs_2527/i94_rst_1
FF|OPT : Flip-flop optimization by equivalence checking
@ "D:\yilingsi_fpga\Efinity_Project\2026.9.25\9.25.1_ding_Ti60F225_Canny_Face_Parallel\ip/DdrCtrl\DdrCtrl.sv (1460)" removed instance : ddr3_ctl_axi/u_efx_ddr3_soft_controller/genblk1.inst_ddr3_axi/inst_efx_ddr3/top_mc/controller_main/dffrs_2527/i58_rst_2
@ "D:\yilingsi_fpga\Efinity_Project\2026.9.25\9.25.1_ding_Ti60F225_Canny_Face_Parallel\ip/DdrCtrl\DdrCtrl.sv (1460)" representative instance : ddr3_ctl_axi/u_efx_ddr3_soft_controller/genblk1.inst_ddr3_axi/inst_efx_ddr3/top_mc/controller_main/dffrs_2527/i94_rst_2
FF|OPT : Flip-flop optimization by equivalence checking
@ "D:\yilingsi_fpga\Efinity_Project\2026.9.25\9.25.1_ding_Ti60F225_Canny_Face_Parallel\ip/DdrCtrl\DdrCtrl.sv (1460)" removed instance : ddr3_ctl_axi/u_efx_ddr3_soft_controller/genblk1.inst_ddr3_axi/inst_efx_ddr3/top_mc/controller_main/dffrs_2527/i58_rst_3
@ "D:\yilingsi_fpga\Efinity_Project\2026.9.25\9.25.1_ding_Ti60F225_Canny_Face_Parallel\ip/DdrCtrl\DdrCtrl.sv (1460)" representative instance : ddr3_ctl_axi/u_efx_ddr3_soft_controller/genblk1.inst_ddr3_axi/inst_efx_ddr3/top_mc/controller_main/dffrs_2527/i94_rst_3
FF|OPT : Flip-flop optimization by equivalence checking
@ "D:\yilingsi_fpga\Efinity_Project\2026.9.25\9.25.1_ding_Ti60F225_Canny_Face_Parallel\ip/DdrCtrl\DdrCtrl.sv (1460)" removed instance : ddr3_ctl_axi/u_efx_ddr3_soft_controller/genblk1.inst_ddr3_axi/inst_efx_ddr3/top_mc/controller_main/dffrs_2527/i57_rst_0
@ "D:\yilingsi_fpga\Efinity_Project\2026.9.25\9.25.1_ding_Ti60F225_Canny_Face_Parallel\ip/DdrCtrl\DdrCtrl.sv (1460)" representative instance : ddr3_ctl_axi/u_efx_ddr3_soft_controller/genblk1.inst_ddr3_axi/inst_efx_ddr3/top_mc/controller_main/dffrs_2527/i94_rst_0
FF|OPT : Flip-flop optimization by equivalence checking
@ "D:\yilingsi_fpga\Efinity_Project\2026.9.25\9.25.1_ding_Ti60F225_Canny_Face_Parallel\ip/DdrCtrl\DdrCtrl.sv (1460)" removed instance : ddr3_ctl_axi/u_efx_ddr3_soft_controller/genblk1.inst_ddr3_axi/inst_efx_ddr3/top_mc/controller_main/dffrs_2527/i57_rst_1
@ "D:\yilingsi_fpga\Efinity_Project\2026.9.25\9.25.1_ding_Ti60F225_Canny_Face_Parallel\ip/DdrCtrl\DdrCtrl.sv (1460)" representative instance : ddr3_ctl_axi/u_efx_ddr3_soft_controller/genblk1.inst_ddr3_axi/inst_efx_ddr3/top_mc/controller_main/dffrs_2527/i94_rst_1
FF|OPT : Flip-flop optimization by equivalence checking
@ "D:\yilingsi_fpga\Efinity_Project\2026.9.25\9.25.1_ding_Ti60F225_Canny_Face_Parallel\ip/DdrCtrl\DdrCtrl.sv (1460)" removed instance : ddr3_ctl_axi/u_efx_ddr3_soft_controller/genblk1.inst_ddr3_axi/inst_efx_ddr3/top_mc/controller_main/dffrs_2527/i57_rst_2
@ "D:\yilingsi_fpga\Efinity_Project\2026.9.25\9.25.1_ding_Ti60F225_Canny_Face_Parallel\ip/DdrCtrl\DdrCtrl.sv (1460)" representative instance : ddr3_ctl_axi/u_efx_ddr3_soft_controller/genblk1.inst_ddr3_axi/inst_efx_ddr3/top_mc/controller_main/dffrs_2527/i94_rst_2
FF|OPT : Flip-flop optimization by equivalence checking
@ "D:\yilingsi_fpga\Efinity_Project\2026.9.25\9.25.1_ding_Ti60F225_Canny_Face_Parallel\ip/DdrCtrl\DdrCtrl.sv (1460)" removed instance : ddr3_ctl_axi/u_efx_ddr3_soft_controller/genblk1.inst_ddr3_axi/inst_efx_ddr3/top_mc/controller_main/dffrs_2527/i57_rst_3
@ "D:\yilingsi_fpga\Efinity_Project\2026.9.25\9.25.1_ding_Ti60F225_Canny_Face_Parallel\ip/DdrCtrl\DdrCtrl.sv (1460)" representative instance : ddr3_ctl_axi/u_efx_ddr3_soft_controller/genblk1.inst_ddr3_axi/inst_efx_ddr3/top_mc/controller_main/dffrs_2527/i94_rst_3
FF|OPT : Flip-flop optimization by equivalence checking
@ "D:\yilingsi_fpga\Efinity_Project\2026.9.25\9.25.1_ding_Ti60F225_Canny_Face_Parallel\ip/DdrCtrl\DdrCtrl.sv (1460)" removed instance : ddr3_ctl_axi/u_efx_ddr3_soft_controller/genblk1.inst_ddr3_axi/inst_efx_ddr3/top_mc/controller_main/dffrs_2527/i56_rst_0
@ "D:\yilingsi_fpga\Efinity_Project\2026.9.25\9.25.1_ding_Ti60F225_Canny_Face_Parallel\ip/DdrCtrl\DdrCtrl.sv (1460)" representative instance : ddr3_ctl_axi/u_efx_ddr3_soft_controller/genblk1.inst_ddr3_axi/inst_efx_ddr3/top_mc/controller_main/dffrs_2527/i94_rst_0
FF|OPT : Flip-flop optimization by equivalence checking
@ "D:\yilingsi_fpga\Efinity_Project\2026.9.25\9.25.1_ding_Ti60F225_Canny_Face_Parallel\ip/DdrCtrl\DdrCtrl.sv (1460)" removed instance : ddr3_ctl_axi/u_efx_ddr3_soft_controller/genblk1.inst_ddr3_axi/inst_efx_ddr3/top_mc/controller_main/dffrs_2527/i56_rst_1
@ "D:\yilingsi_fpga\Efinity_Project\2026.9.25\9.25.1_ding_Ti60F225_Canny_Face_Parallel\ip/DdrCtrl\DdrCtrl.sv (1460)" representative instance : ddr3_ctl_axi/u_efx_ddr3_soft_controller/genblk1.inst_ddr3_axi/inst_efx_ddr3/top_mc/controller_main/dffrs_2527/i94_rst_1
FF|OPT : Flip-flop optimization by equivalence checking
@ "D:\yilingsi_fpga\Efinity_Project\2026.9.25\9.25.1_ding_Ti60F225_Canny_Face_Parallel\ip/DdrCtrl\DdrCtrl.sv (1460)" removed instance : ddr3_ctl_axi/u_efx_ddr3_soft_controller/genblk1.inst_ddr3_axi/inst_efx_ddr3/top_mc/controller_main/dffrs_2527/i56_rst_2
@ "D:\yilingsi_fpga\Efinity_Project\2026.9.25\9.25.1_ding_Ti60F225_Canny_Face_Parallel\ip/DdrCtrl\DdrCtrl.sv (1460)" representative instance : ddr3_ctl_axi/u_efx_ddr3_soft_controller/genblk1.inst_ddr3_axi/inst_efx_ddr3/top_mc/controller_main/dffrs_2527/i94_rst_2
FF|OPT : Flip-flop optimization by equivalence checking
@ "D:\yilingsi_fpga\Efinity_Project\2026.9.25\9.25.1_ding_Ti60F225_Canny_Face_Parallel\ip/DdrCtrl\DdrCtrl.sv (1460)" removed instance : ddr3_ctl_axi/u_efx_ddr3_soft_controller/genblk1.inst_ddr3_axi/inst_efx_ddr3/top_mc/controller_main/dffrs_2527/i56_rst_3
@ "D:\yilingsi_fpga\Efinity_Project\2026.9.25\9.25.1_ding_Ti60F225_Canny_Face_Parallel\ip/DdrCtrl\DdrCtrl.sv (1460)" representative instance : ddr3_ctl_axi/u_efx_ddr3_soft_controller/genblk1.inst_ddr3_axi/inst_efx_ddr3/top_mc/controller_main/dffrs_2527/i94_rst_3
FF|OPT : Flip-flop optimization by equivalence checking
@ "D:\yilingsi_fpga\Efinity_Project\2026.9.25\9.25.1_ding_Ti60F225_Canny_Face_Parallel\ip/DdrCtrl\DdrCtrl.sv (1460)" removed instance : ddr3_ctl_axi/u_efx_ddr3_soft_controller/genblk1.inst_ddr3_axi/inst_efx_ddr3/top_mc/controller_main/dffrs_2527/i55_rst_0
@ "D:\yilingsi_fpga\Efinity_Project\2026.9.25\9.25.1_ding_Ti60F225_Canny_Face_Parallel\ip/DdrCtrl\DdrCtrl.sv (1460)" representative instance : ddr3_ctl_axi/u_efx_ddr3_soft_controller/genblk1.inst_ddr3_axi/inst_efx_ddr3/top_mc/controller_main/dffrs_2527/i94_rst_0
FF|OPT : Flip-flop optimization by equivalence checking
@ "D:\yilingsi_fpga\Efinity_Project\2026.9.25\9.25.1_ding_Ti60F225_Canny_Face_Parallel\ip/DdrCtrl\DdrCtrl.sv (1460)" removed instance : ddr3_ctl_axi/u_efx_ddr3_soft_controller/genblk1.inst_ddr3_axi/inst_efx_ddr3/top_mc/controller_main/dffrs_2527/i55_rst_1
@ "D:\yilingsi_fpga\Efinity_Project\2026.9.25\9.25.1_ding_Ti60F225_Canny_Face_Parallel\ip/DdrCtrl\DdrCtrl.sv (1460)" representative instance : ddr3_ctl_axi/u_efx_ddr3_soft_controller/genblk1.inst_ddr3_axi/inst_efx_ddr3/top_mc/controller_main/dffrs_2527/i94_rst_1
FF|OPT : Flip-flop optimization by equivalence checking
@ "D:\yilingsi_fpga\Efinity_Project\2026.9.25\9.25.1_ding_Ti60F225_Canny_Face_Parallel\ip/DdrCtrl\DdrCtrl.sv (1460)" removed instance : ddr3_ctl_axi/u_efx_ddr3_soft_controller/genblk1.inst_ddr3_axi/inst_efx_ddr3/top_mc/controller_main/dffrs_2527/i55_rst_2
@ "D:\yilingsi_fpga\Efinity_Project\2026.9.25\9.25.1_ding_Ti60F225_Canny_Face_Parallel\ip/DdrCtrl\DdrCtrl.sv (1460)" representative instance : ddr3_ctl_axi/u_efx_ddr3_soft_controller/genblk1.inst_ddr3_axi/inst_efx_ddr3/top_mc/controller_main/dffrs_2527/i94_rst_2
FF|OPT : Flip-flop optimization by equivalence checking
@ "D:\yilingsi_fpga\Efinity_Project\2026.9.25\9.25.1_ding_Ti60F225_Canny_Face_Parallel\ip/DdrCtrl\DdrCtrl.sv (1460)" removed instance : ddr3_ctl_axi/u_efx_ddr3_soft_controller/genblk1.inst_ddr3_axi/inst_efx_ddr3/top_mc/controller_main/dffrs_2527/i55_rst_3
@ "D:\yilingsi_fpga\Efinity_Project\2026.9.25\9.25.1_ding_Ti60F225_Canny_Face_Parallel\ip/DdrCtrl\DdrCtrl.sv (1460)" representative instance : ddr3_ctl_axi/u_efx_ddr3_soft_controller/genblk1.inst_ddr3_axi/inst_efx_ddr3/top_mc/controller_main/dffrs_2527/i94_rst_3
FF|OPT : Flip-flop optimization by equivalence checking
@ "D:\yilingsi_fpga\Efinity_Project\2026.9.25\9.25.1_ding_Ti60F225_Canny_Face_Parallel\ip/DdrCtrl\DdrCtrl.sv (1460)" removed instance : ddr3_ctl_axi/u_efx_ddr3_soft_controller/genblk1.inst_ddr3_axi/inst_efx_ddr3/top_mc/controller_main/dffrs_2527/i54_rst_0
@ "D:\yilingsi_fpga\Efinity_Project\2026.9.25\9.25.1_ding_Ti60F225_Canny_Face_Parallel\ip/DdrCtrl\DdrCtrl.sv (1460)" representative instance : ddr3_ctl_axi/u_efx_ddr3_soft_controller/genblk1.inst_ddr3_axi/inst_efx_ddr3/top_mc/controller_main/dffrs_2527/i94_rst_0
FF|OPT : Flip-flop optimization by equivalence checking
@ "D:\yilingsi_fpga\Efinity_Project\2026.9.25\9.25.1_ding_Ti60F225_Canny_Face_Parallel\ip/DdrCtrl\DdrCtrl.sv (1460)" removed instance : ddr3_ctl_axi/u_efx_ddr3_soft_controller/genblk1.inst_ddr3_axi/inst_efx_ddr3/top_mc/controller_main/dffrs_2527/i54_rst_1
@ "D:\yilingsi_fpga\Efinity_Project\2026.9.25\9.25.1_ding_Ti60F225_Canny_Face_Parallel\ip/DdrCtrl\DdrCtrl.sv (1460)" representative instance : ddr3_ctl_axi/u_efx_ddr3_soft_controller/genblk1.inst_ddr3_axi/inst_efx_ddr3/top_mc/controller_main/dffrs_2527/i94_rst_1
FF|OPT : Flip-flop optimization by equivalence checking
@ "D:\yilingsi_fpga\Efinity_Project\2026.9.25\9.25.1_ding_Ti60F225_Canny_Face_Parallel\ip/DdrCtrl\DdrCtrl.sv (1460)" removed instance : ddr3_ctl_axi/u_efx_ddr3_soft_controller/genblk1.inst_ddr3_axi/inst_efx_ddr3/top_mc/controller_main/dffrs_2527/i54_rst_2
@ "D:\yilingsi_fpga\Efinity_Project\2026.9.25\9.25.1_ding_Ti60F225_Canny_Face_Parallel\ip/DdrCtrl\DdrCtrl.sv (1460)" representative instance : ddr3_ctl_axi/u_efx_ddr3_soft_controller/genblk1.inst_ddr3_axi/inst_efx_ddr3/top_mc/controller_main/dffrs_2527/i94_rst_2
FF|OPT : Flip-flop optimization by equivalence checking
@ "D:\yilingsi_fpga\Efinity_Project\2026.9.25\9.25.1_ding_Ti60F225_Canny_Face_Parallel\ip/DdrCtrl\DdrCtrl.sv (1460)" removed instance : ddr3_ctl_axi/u_efx_ddr3_soft_controller/genblk1.inst_ddr3_axi/inst_efx_ddr3/top_mc/controller_main/dffrs_2527/i54_rst_3
@ "D:\yilingsi_fpga\Efinity_Project\2026.9.25\9.25.1_ding_Ti60F225_Canny_Face_Parallel\ip/DdrCtrl\DdrCtrl.sv (1460)" representative instance : ddr3_ctl_axi/u_efx_ddr3_soft_controller/genblk1.inst_ddr3_axi/inst_efx_ddr3/top_mc/controller_main/dffrs_2527/i94_rst_3
FF|OPT : Flip-flop optimization by equivalence checking
@ "D:\yilingsi_fpga\Efinity_Project\2026.9.25\9.25.1_ding_Ti60F225_Canny_Face_Parallel\ip/DdrCtrl\DdrCtrl.sv (1460)" removed instance : ddr3_ctl_axi/u_efx_ddr3_soft_controller/genblk1.inst_ddr3_axi/inst_efx_ddr3/top_mc/controller_main/dffrs_2527/i53_rst_0
@ "D:\yilingsi_fpga\Efinity_Project\2026.9.25\9.25.1_ding_Ti60F225_Canny_Face_Parallel\ip/DdrCtrl\DdrCtrl.sv (1460)" representative instance : ddr3_ctl_axi/u_efx_ddr3_soft_controller/genblk1.inst_ddr3_axi/inst_efx_ddr3/top_mc/controller_main/dffrs_2527/i94_rst_0
FF|OPT : Flip-flop optimization by equivalence checking
@ "D:\yilingsi_fpga\Efinity_Project\2026.9.25\9.25.1_ding_Ti60F225_Canny_Face_Parallel\ip/DdrCtrl\DdrCtrl.sv (1460)" removed instance : ddr3_ctl_axi/u_efx_ddr3_soft_controller/genblk1.inst_ddr3_axi/inst_efx_ddr3/top_mc/controller_main/dffrs_2527/i53_rst_1
@ "D:\yilingsi_fpga\Efinity_Project\2026.9.25\9.25.1_ding_Ti60F225_Canny_Face_Parallel\ip/DdrCtrl\DdrCtrl.sv (1460)" representative instance : ddr3_ctl_axi/u_efx_ddr3_soft_controller/genblk1.inst_ddr3_axi/inst_efx_ddr3/top_mc/controller_main/dffrs_2527/i94_rst_1
FF|OPT : Flip-flop optimization by equivalence checking
@ "D:\yilingsi_fpga\Efinity_Project\2026.9.25\9.25.1_ding_Ti60F225_Canny_Face_Parallel\ip/DdrCtrl\DdrCtrl.sv (1460)" removed instance : ddr3_ctl_axi/u_efx_ddr3_soft_controller/genblk1.inst_ddr3_axi/inst_efx_ddr3/top_mc/controller_main/dffrs_2527/i53_rst_2
@ "D:\yilingsi_fpga\Efinity_Project\2026.9.25\9.25.1_ding_Ti60F225_Canny_Face_Parallel\ip/DdrCtrl\DdrCtrl.sv (1460)" representative instance : ddr3_ctl_axi/u_efx_ddr3_soft_controller/genblk1.inst_ddr3_axi/inst_efx_ddr3/top_mc/controller_main/dffrs_2527/i94_rst_2
FF|OPT : Flip-flop optimization by equivalence checking
@ "D:\yilingsi_fpga\Efinity_Project\2026.9.25\9.25.1_ding_Ti60F225_Canny_Face_Parallel\ip/DdrCtrl\DdrCtrl.sv (1460)" removed instance : ddr3_ctl_axi/u_efx_ddr3_soft_controller/genblk1.inst_ddr3_axi/inst_efx_ddr3/top_mc/controller_main/dffrs_2527/i53_rst_3
@ "D:\yilingsi_fpga\Efinity_Project\2026.9.25\9.25.1_ding_Ti60F225_Canny_Face_Parallel\ip/DdrCtrl\DdrCtrl.sv (1460)" representative instance : ddr3_ctl_axi/u_efx_ddr3_soft_controller/genblk1.inst_ddr3_axi/inst_efx_ddr3/top_mc/controller_main/dffrs_2527/i94_rst_3
FF|OPT : Flip-flop optimization by equivalence checking
@ "D:\yilingsi_fpga\Efinity_Project\2026.9.25\9.25.1_ding_Ti60F225_Canny_Face_Parallel\ip/DdrCtrl\DdrCtrl.sv (1460)" removed instance : ddr3_ctl_axi/u_efx_ddr3_soft_controller/genblk1.inst_ddr3_axi/inst_efx_ddr3/top_mc/controller_main/dffrs_2527/i52_rst_0
@ "D:\yilingsi_fpga\Efinity_Project\2026.9.25\9.25.1_ding_Ti60F225_Canny_Face_Parallel\ip/DdrCtrl\DdrCtrl.sv (1460)" representative instance : ddr3_ctl_axi/u_efx_ddr3_soft_controller/genblk1.inst_ddr3_axi/inst_efx_ddr3/top_mc/controller_main/dffrs_2527/i94_rst_0
FF|OPT : Flip-flop optimization by equivalence checking
@ "D:\yilingsi_fpga\Efinity_Project\2026.9.25\9.25.1_ding_Ti60F225_Canny_Face_Parallel\ip/DdrCtrl\DdrCtrl.sv (1460)" removed instance : ddr3_ctl_axi/u_efx_ddr3_soft_controller/genblk1.inst_ddr3_axi/inst_efx_ddr3/top_mc/controller_main/dffrs_2527/i52_rst_1
@ "D:\yilingsi_fpga\Efinity_Project\2026.9.25\9.25.1_ding_Ti60F225_Canny_Face_Parallel\ip/DdrCtrl\DdrCtrl.sv (1460)" representative instance : ddr3_ctl_axi/u_efx_ddr3_soft_controller/genblk1.inst_ddr3_axi/inst_efx_ddr3/top_mc/controller_main/dffrs_2527/i94_rst_1
FF|OPT : Flip-flop optimization by equivalence checking
@ "D:\yilingsi_fpga\Efinity_Project\2026.9.25\9.25.1_ding_Ti60F225_Canny_Face_Parallel\ip/DdrCtrl\DdrCtrl.sv (1460)" removed instance : ddr3_ctl_axi/u_efx_ddr3_soft_controller/genblk1.inst_ddr3_axi/inst_efx_ddr3/top_mc/controller_main/dffrs_2527/i52_rst_2
@ "D:\yilingsi_fpga\Efinity_Project\2026.9.25\9.25.1_ding_Ti60F225_Canny_Face_Parallel\ip/DdrCtrl\DdrCtrl.sv (1460)" representative instance : ddr3_ctl_axi/u_efx_ddr3_soft_controller/genblk1.inst_ddr3_axi/inst_efx_ddr3/top_mc/controller_main/dffrs_2527/i94_rst_2
FF|OPT : Flip-flop optimization by equivalence checking
@ "D:\yilingsi_fpga\Efinity_Project\2026.9.25\9.25.1_ding_Ti60F225_Canny_Face_Parallel\ip/DdrCtrl\DdrCtrl.sv (1460)" removed instance : ddr3_ctl_axi/u_efx_ddr3_soft_controller/genblk1.inst_ddr3_axi/inst_efx_ddr3/top_mc/controller_main/dffrs_2527/i52_rst_3
@ "D:\yilingsi_fpga\Efinity_Project\2026.9.25\9.25.1_ding_Ti60F225_Canny_Face_Parallel\ip/DdrCtrl\DdrCtrl.sv (1460)" representative instance : ddr3_ctl_axi/u_efx_ddr3_soft_controller/genblk1.inst_ddr3_axi/inst_efx_ddr3/top_mc/controller_main/dffrs_2527/i94_rst_3
FF|OPT : Flip-flop optimization by equivalence checking
@ "D:\yilingsi_fpga\Efinity_Project\2026.9.25\9.25.1_ding_Ti60F225_Canny_Face_Parallel\ip/DdrCtrl\DdrCtrl.sv (1460)" removed instance : ddr3_ctl_axi/u_efx_ddr3_soft_controller/genblk1.inst_ddr3_axi/inst_efx_ddr3/top_mc/controller_main/dffrs_2527/i51_rst_0
@ "D:\yilingsi_fpga\Efinity_Project\2026.9.25\9.25.1_ding_Ti60F225_Canny_Face_Parallel\ip/DdrCtrl\DdrCtrl.sv (1460)" representative instance : ddr3_ctl_axi/u_efx_ddr3_soft_controller/genblk1.inst_ddr3_axi/inst_efx_ddr3/top_mc/controller_main/dffrs_2527/i94_rst_0
FF|OPT : Flip-flop optimization by equivalence checking
@ "D:\yilingsi_fpga\Efinity_Project\2026.9.25\9.25.1_ding_Ti60F225_Canny_Face_Parallel\ip/DdrCtrl\DdrCtrl.sv (1460)" removed instance : ddr3_ctl_axi/u_efx_ddr3_soft_controller/genblk1.inst_ddr3_axi/inst_efx_ddr3/top_mc/controller_main/dffrs_2527/i51_rst_1
@ "D:\yilingsi_fpga\Efinity_Project\2026.9.25\9.25.1_ding_Ti60F225_Canny_Face_Parallel\ip/DdrCtrl\DdrCtrl.sv (1460)" representative instance : ddr3_ctl_axi/u_efx_ddr3_soft_controller/genblk1.inst_ddr3_axi/inst_efx_ddr3/top_mc/controller_main/dffrs_2527/i94_rst_1
FF|OPT : Flip-flop optimization by equivalence checking
@ "D:\yilingsi_fpga\Efinity_Project\2026.9.25\9.25.1_ding_Ti60F225_Canny_Face_Parallel\ip/DdrCtrl\DdrCtrl.sv (1460)" removed instance : ddr3_ctl_axi/u_efx_ddr3_soft_controller/genblk1.inst_ddr3_axi/inst_efx_ddr3/top_mc/controller_main/dffrs_2527/i51_rst_2
@ "D:\yilingsi_fpga\Efinity_Project\2026.9.25\9.25.1_ding_Ti60F225_Canny_Face_Parallel\ip/DdrCtrl\DdrCtrl.sv (1460)" representative instance : ddr3_ctl_axi/u_efx_ddr3_soft_controller/genblk1.inst_ddr3_axi/inst_efx_ddr3/top_mc/controller_main/dffrs_2527/i94_rst_2
FF|OPT : Flip-flop optimization by equivalence checking
@ "D:\yilingsi_fpga\Efinity_Project\2026.9.25\9.25.1_ding_Ti60F225_Canny_Face_Parallel\ip/DdrCtrl\DdrCtrl.sv (1460)" removed instance : ddr3_ctl_axi/u_efx_ddr3_soft_controller/genblk1.inst_ddr3_axi/inst_efx_ddr3/top_mc/controller_main/dffrs_2527/i51_rst_3
@ "D:\yilingsi_fpga\Efinity_Project\2026.9.25\9.25.1_ding_Ti60F225_Canny_Face_Parallel\ip/DdrCtrl\DdrCtrl.sv (1460)" representative instance : ddr3_ctl_axi/u_efx_ddr3_soft_controller/genblk1.inst_ddr3_axi/inst_efx_ddr3/top_mc/controller_main/dffrs_2527/i94_rst_3
FF|OPT : Flip-flop optimization by equivalence checking
@ "D:\yilingsi_fpga\Efinity_Project\2026.9.25\9.25.1_ding_Ti60F225_Canny_Face_Parallel\ip/DdrCtrl\DdrCtrl.sv (1460)" removed instance : ddr3_ctl_axi/u_efx_ddr3_soft_controller/genblk1.inst_ddr3_axi/inst_efx_ddr3/top_mc/controller_main/dffrs_2527/i5_rst_0
@ "D:\yilingsi_fpga\Efinity_Project\2026.9.25\9.25.1_ding_Ti60F225_Canny_Face_Parallel\ip/DdrCtrl\DdrCtrl.sv (1460)" representative instance : ddr3_ctl_axi/u_efx_ddr3_soft_controller/genblk1.inst_ddr3_axi/inst_efx_ddr3/top_mc/controller_main/dffrs_2527/i94_rst_0
FF|OPT : Flip-flop optimization by equivalence checking
@ "D:\yilingsi_fpga\Efinity_Project\2026.9.25\9.25.1_ding_Ti60F225_Canny_Face_Parallel\ip/DdrCtrl\DdrCtrl.sv (1460)" removed instance : ddr3_ctl_axi/u_efx_ddr3_soft_controller/genblk1.inst_ddr3_axi/inst_efx_ddr3/top_mc/controller_main/dffrs_2527/i5_rst_1
@ "D:\yilingsi_fpga\Efinity_Project\2026.9.25\9.25.1_ding_Ti60F225_Canny_Face_Parallel\ip/DdrCtrl\DdrCtrl.sv (1460)" representative instance : ddr3_ctl_axi/u_efx_ddr3_soft_controller/genblk1.inst_ddr3_axi/inst_efx_ddr3/top_mc/controller_main/dffrs_2527/i94_rst_1
FF|OPT : Flip-flop optimization by equivalence checking
@ "D:\yilingsi_fpga\Efinity_Project\2026.9.25\9.25.1_ding_Ti60F225_Canny_Face_Parallel\ip/DdrCtrl\DdrCtrl.sv (1460)" removed instance : ddr3_ctl_axi/u_efx_ddr3_soft_controller/genblk1.inst_ddr3_axi/inst_efx_ddr3/top_mc/controller_main/dffrs_2527/i5_rst_2
@ "D:\yilingsi_fpga\Efinity_Project\2026.9.25\9.25.1_ding_Ti60F225_Canny_Face_Parallel\ip/DdrCtrl\DdrCtrl.sv (1460)" representative instance : ddr3_ctl_axi/u_efx_ddr3_soft_controller/genblk1.inst_ddr3_axi/inst_efx_ddr3/top_mc/controller_main/dffrs_2527/i94_rst_2
FF|OPT : Flip-flop optimization by equivalence checking
@ "D:\yilingsi_fpga\Efinity_Project\2026.9.25\9.25.1_ding_Ti60F225_Canny_Face_Parallel\ip/DdrCtrl\DdrCtrl.sv (1460)" removed instance : ddr3_ctl_axi/u_efx_ddr3_soft_controller/genblk1.inst_ddr3_axi/inst_efx_ddr3/top_mc/controller_main/dffrs_2527/i5_rst_3
@ "D:\yilingsi_fpga\Efinity_Project\2026.9.25\9.25.1_ding_Ti60F225_Canny_Face_Parallel\ip/DdrCtrl\DdrCtrl.sv (1460)" representative instance : ddr3_ctl_axi/u_efx_ddr3_soft_controller/genblk1.inst_ddr3_axi/inst_efx_ddr3/top_mc/controller_main/dffrs_2527/i94_rst_3
FF|OPT : Flip-flop optimization by equivalence checking
@ "D:\yilingsi_fpga\Efinity_Project\2026.9.25\9.25.1_ding_Ti60F225_Canny_Face_Parallel\ip/DdrCtrl\DdrCtrl.sv (1460)" removed instance : ddr3_ctl_axi/u_efx_ddr3_soft_controller/genblk1.inst_ddr3_axi/inst_efx_ddr3/top_mc/controller_main/dffrs_2527/i50_rst_0
@ "D:\yilingsi_fpga\Efinity_Project\2026.9.25\9.25.1_ding_Ti60F225_Canny_Face_Parallel\ip/DdrCtrl\DdrCtrl.sv (1460)" representative instance : ddr3_ctl_axi/u_efx_ddr3_soft_controller/genblk1.inst_ddr3_axi/inst_efx_ddr3/top_mc/controller_main/dffrs_2527/i94_rst_0
FF|OPT : Flip-flop optimization by equivalence checking
@ "D:\yilingsi_fpga\Efinity_Project\2026.9.25\9.25.1_ding_Ti60F225_Canny_Face_Parallel\ip/DdrCtrl\DdrCtrl.sv (1460)" removed instance : ddr3_ctl_axi/u_efx_ddr3_soft_controller/genblk1.inst_ddr3_axi/inst_efx_ddr3/top_mc/controller_main/dffrs_2527/i50_rst_1
@ "D:\yilingsi_fpga\Efinity_Project\2026.9.25\9.25.1_ding_Ti60F225_Canny_Face_Parallel\ip/DdrCtrl\DdrCtrl.sv (1460)" representative instance : ddr3_ctl_axi/u_efx_ddr3_soft_controller/genblk1.inst_ddr3_axi/inst_efx_ddr3/top_mc/controller_main/dffrs_2527/i94_rst_1
FF|OPT : Flip-flop optimization by equivalence checking
@ "D:\yilingsi_fpga\Efinity_Project\2026.9.25\9.25.1_ding_Ti60F225_Canny_Face_Parallel\ip/DdrCtrl\DdrCtrl.sv (1460)" removed instance : ddr3_ctl_axi/u_efx_ddr3_soft_controller/genblk1.inst_ddr3_axi/inst_efx_ddr3/top_mc/controller_main/dffrs_2527/i50_rst_2
@ "D:\yilingsi_fpga\Efinity_Project\2026.9.25\9.25.1_ding_Ti60F225_Canny_Face_Parallel\ip/DdrCtrl\DdrCtrl.sv (1460)" representative instance : ddr3_ctl_axi/u_efx_ddr3_soft_controller/genblk1.inst_ddr3_axi/inst_efx_ddr3/top_mc/controller_main/dffrs_2527/i94_rst_2
FF|OPT : Flip-flop optimization by equivalence checking
@ "D:\yilingsi_fpga\Efinity_Project\2026.9.25\9.25.1_ding_Ti60F225_Canny_Face_Parallel\ip/DdrCtrl\DdrCtrl.sv (1460)" removed instance : ddr3_ctl_axi/u_efx_ddr3_soft_controller/genblk1.inst_ddr3_axi/inst_efx_ddr3/top_mc/controller_main/dffrs_2527/i50_rst_3
@ "D:\yilingsi_fpga\Efinity_Project\2026.9.25\9.25.1_ding_Ti60F225_Canny_Face_Parallel\ip/DdrCtrl\DdrCtrl.sv (1460)" representative instance : ddr3_ctl_axi/u_efx_ddr3_soft_controller/genblk1.inst_ddr3_axi/inst_efx_ddr3/top_mc/controller_main/dffrs_2527/i94_rst_3
FF|OPT : Flip-flop optimization by equivalence checking
@ "D:\yilingsi_fpga\Efinity_Project\2026.9.25\9.25.1_ding_Ti60F225_Canny_Face_Parallel\ip/DdrCtrl\DdrCtrl.sv (1460)" removed instance : ddr3_ctl_axi/u_efx_ddr3_soft_controller/genblk1.inst_ddr3_axi/inst_efx_ddr3/top_mc/controller_main/dffrs_2527/i49_rst_0
@ "D:\yilingsi_fpga\Efinity_Project\2026.9.25\9.25.1_ding_Ti60F225_Canny_Face_Parallel\ip/DdrCtrl\DdrCtrl.sv (1460)" representative instance : ddr3_ctl_axi/u_efx_ddr3_soft_controller/genblk1.inst_ddr3_axi/inst_efx_ddr3/top_mc/controller_main/dffrs_2527/i94_rst_0
FF|OPT : Flip-flop optimization by equivalence checking
@ "D:\yilingsi_fpga\Efinity_Project\2026.9.25\9.25.1_ding_Ti60F225_Canny_Face_Parallel\ip/DdrCtrl\DdrCtrl.sv (1460)" removed instance : ddr3_ctl_axi/u_efx_ddr3_soft_controller/genblk1.inst_ddr3_axi/inst_efx_ddr3/top_mc/controller_main/dffrs_2527/i49_rst_1
@ "D:\yilingsi_fpga\Efinity_Project\2026.9.25\9.25.1_ding_Ti60F225_Canny_Face_Parallel\ip/DdrCtrl\DdrCtrl.sv (1460)" representative instance : ddr3_ctl_axi/u_efx_ddr3_soft_controller/genblk1.inst_ddr3_axi/inst_efx_ddr3/top_mc/controller_main/dffrs_2527/i94_rst_1
FF|OPT : Flip-flop optimization by equivalence checking
@ "D:\yilingsi_fpga\Efinity_Project\2026.9.25\9.25.1_ding_Ti60F225_Canny_Face_Parallel\ip/DdrCtrl\DdrCtrl.sv (1460)" removed instance : ddr3_ctl_axi/u_efx_ddr3_soft_controller/genblk1.inst_ddr3_axi/inst_efx_ddr3/top_mc/controller_main/dffrs_2527/i49_rst_2
@ "D:\yilingsi_fpga\Efinity_Project\2026.9.25\9.25.1_ding_Ti60F225_Canny_Face_Parallel\ip/DdrCtrl\DdrCtrl.sv (1460)" representative instance : ddr3_ctl_axi/u_efx_ddr3_soft_controller/genblk1.inst_ddr3_axi/inst_efx_ddr3/top_mc/controller_main/dffrs_2527/i94_rst_2
FF|OPT : Flip-flop optimization by equivalence checking
@ "D:\yilingsi_fpga\Efinity_Project\2026.9.25\9.25.1_ding_Ti60F225_Canny_Face_Parallel\ip/DdrCtrl\DdrCtrl.sv (1460)" removed instance : ddr3_ctl_axi/u_efx_ddr3_soft_controller/genblk1.inst_ddr3_axi/inst_efx_ddr3/top_mc/controller_main/dffrs_2527/i49_rst_3
@ "D:\yilingsi_fpga\Efinity_Project\2026.9.25\9.25.1_ding_Ti60F225_Canny_Face_Parallel\ip/DdrCtrl\DdrCtrl.sv (1460)" representative instance : ddr3_ctl_axi/u_efx_ddr3_soft_controller/genblk1.inst_ddr3_axi/inst_efx_ddr3/top_mc/controller_main/dffrs_2527/i94_rst_3
FF|OPT : Flip-flop optimization by equivalence checking
@ "D:\yilingsi_fpga\Efinity_Project\2026.9.25\9.25.1_ding_Ti60F225_Canny_Face_Parallel\ip/DdrCtrl\DdrCtrl.sv (3274)" removed instance : ddr3_ctl_axi/u_efx_ddr3_soft_controller/genblk1.inst_ddr3_axi/inst_efx_ddr3/dff_734/i33
@ "D:\yilingsi_fpga\Efinity_Project\2026.9.25\9.25.1_ding_Ti60F225_Canny_Face_Parallel\ip/DdrCtrl\DdrCtrl.sv (3274)" representative instance : ddr3_ctl_axi/u_efx_ddr3_soft_controller/genblk1.inst_ddr3_axi/inst_efx_ddr3/dff_734/i88
FF|OPT : Flip-flop optimization by equivalence checking
@ "D:\yilingsi_fpga\Efinity_Project\2026.9.25\9.25.1_ding_Ti60F225_Canny_Face_Parallel\ip/DdrCtrl\DdrCtrl.sv (3274)" removed instance : ddr3_ctl_axi/u_efx_ddr3_soft_controller/genblk1.inst_ddr3_axi/inst_efx_ddr3/dff_734/i34
@ "D:\yilingsi_fpga\Efinity_Project\2026.9.25\9.25.1_ding_Ti60F225_Canny_Face_Parallel\ip/DdrCtrl\DdrCtrl.sv (3274)" representative instance : ddr3_ctl_axi/u_efx_ddr3_soft_controller/genblk1.inst_ddr3_axi/inst_efx_ddr3/dff_734/i81
FF|OPT : Flip-flop optimization by equivalence checking
@ "D:\yilingsi_fpga\Efinity_Project\2026.9.25\9.25.1_ding_Ti60F225_Canny_Face_Parallel\ip/DdrCtrl\DdrCtrl.sv (3274)" removed instance : ddr3_ctl_axi/u_efx_ddr3_soft_controller/genblk1.inst_ddr3_axi/inst_efx_ddr3/dff_734/i36
@ "D:\yilingsi_fpga\Efinity_Project\2026.9.25\9.25.1_ding_Ti60F225_Canny_Face_Parallel\ip/DdrCtrl\DdrCtrl.sv (3274)" representative instance : ddr3_ctl_axi/u_efx_ddr3_soft_controller/genblk1.inst_ddr3_axi/inst_efx_ddr3/dff_734/i92
FF|OPT : Flip-flop optimization by equivalence checking
@ "D:\yilingsi_fpga\Efinity_Project\2026.9.25\9.25.1_ding_Ti60F225_Canny_Face_Parallel\ip/DdrCtrl\DdrCtrl.sv (3274)" removed instance : ddr3_ctl_axi/u_efx_ddr3_soft_controller/genblk1.inst_ddr3_axi/inst_efx_ddr3/dff_734/i37
@ "D:\yilingsi_fpga\Efinity_Project\2026.9.25\9.25.1_ding_Ti60F225_Canny_Face_Parallel\ip/DdrCtrl\DdrCtrl.sv (3274)" representative instance : ddr3_ctl_axi/u_efx_ddr3_soft_controller/genblk1.inst_ddr3_axi/inst_efx_ddr3/dff_734/i88
FF|OPT : Flip-flop optimization by equivalence checking
@ "D:\yilingsi_fpga\Efinity_Project\2026.9.25\9.25.1_ding_Ti60F225_Canny_Face_Parallel\ip/DdrCtrl\DdrCtrl.sv (3274)" removed instance : ddr3_ctl_axi/u_efx_ddr3_soft_controller/genblk1.inst_ddr3_axi/inst_efx_ddr3/dff_734/i38
@ "D:\yilingsi_fpga\Efinity_Project\2026.9.25\9.25.1_ding_Ti60F225_Canny_Face_Parallel\ip/DdrCtrl\DdrCtrl.sv (3274)" representative instance : ddr3_ctl_axi/u_efx_ddr3_soft_controller/genblk1.inst_ddr3_axi/inst_efx_ddr3/dff_734/i81
FF|OPT : Flip-flop optimization by equivalence checking
@ "D:\yilingsi_fpga\Efinity_Project\2026.9.25\9.25.1_ding_Ti60F225_Canny_Face_Parallel\ip/DdrCtrl\DdrCtrl.sv (3274)" removed instance : ddr3_ctl_axi/u_efx_ddr3_soft_controller/genblk1.inst_ddr3_axi/inst_efx_ddr3/dff_734/i39
@ "D:\yilingsi_fpga\Efinity_Project\2026.9.25\9.25.1_ding_Ti60F225_Canny_Face_Parallel\ip/DdrCtrl\DdrCtrl.sv (3274)" representative instance : ddr3_ctl_axi/u_efx_ddr3_soft_controller/genblk1.inst_ddr3_axi/inst_efx_ddr3/dff_734/i63
FF|OPT : Flip-flop optimization by equivalence checking
@ "D:\yilingsi_fpga\Efinity_Project\2026.9.25\9.25.1_ding_Ti60F225_Canny_Face_Parallel\ip/DdrCtrl\DdrCtrl.sv (3274)" removed instance : ddr3_ctl_axi/u_efx_ddr3_soft_controller/genblk1.inst_ddr3_axi/inst_efx_ddr3/dff_734/i40
@ "D:\yilingsi_fpga\Efinity_Project\2026.9.25\9.25.1_ding_Ti60F225_Canny_Face_Parallel\ip/DdrCtrl\DdrCtrl.sv (3274)" representative instance : ddr3_ctl_axi/u_efx_ddr3_soft_controller/genblk1.inst_ddr3_axi/inst_efx_ddr3/dff_734/i2
FF|OPT : Flip-flop optimization by equivalence checking
@ "D:\yilingsi_fpga\Efinity_Project\2026.9.25\9.25.1_ding_Ti60F225_Canny_Face_Parallel\ip/DdrCtrl\DdrCtrl.sv (3274)" removed instance : ddr3_ctl_axi/u_efx_ddr3_soft_controller/genblk1.inst_ddr3_axi/inst_efx_ddr3/dff_734/i41
@ "D:\yilingsi_fpga\Efinity_Project\2026.9.25\9.25.1_ding_Ti60F225_Canny_Face_Parallel\ip/DdrCtrl\DdrCtrl.sv (3274)" representative instance : ddr3_ctl_axi/u_efx_ddr3_soft_controller/genblk1.inst_ddr3_axi/inst_efx_ddr3/dff_734/i5
FF|OPT : Flip-flop optimization by equivalence checking
@ "D:\yilingsi_fpga\Efinity_Project\2026.9.25\9.25.1_ding_Ti60F225_Canny_Face_Parallel\ip/DdrCtrl\DdrCtrl.sv (3274)" removed instance : ddr3_ctl_axi/u_efx_ddr3_soft_controller/genblk1.inst_ddr3_axi/inst_efx_ddr3/dff_734/i42
@ "D:\yilingsi_fpga\Efinity_Project\2026.9.25\9.25.1_ding_Ti60F225_Canny_Face_Parallel\ip/DdrCtrl\DdrCtrl.sv (3274)" representative instance : ddr3_ctl_axi/u_efx_ddr3_soft_controller/genblk1.inst_ddr3_axi/inst_efx_ddr3/dff_734/i89
FF|OPT : Flip-flop optimization by equivalence checking
@ "D:\yilingsi_fpga\Efinity_Project\2026.9.25\9.25.1_ding_Ti60F225_Canny_Face_Parallel\ip/DdrCtrl\DdrCtrl.sv (3274)" removed instance : ddr3_ctl_axi/u_efx_ddr3_soft_controller/genblk1.inst_ddr3_axi/inst_efx_ddr3/dff_734/i43
@ "D:\yilingsi_fpga\Efinity_Project\2026.9.25\9.25.1_ding_Ti60F225_Canny_Face_Parallel\ip/DdrCtrl\DdrCtrl.sv (3274)" representative instance : ddr3_ctl_axi/u_efx_ddr3_soft_controller/genblk1.inst_ddr3_axi/inst_efx_ddr3/dff_734/i63
FF|OPT : Flip-flop optimization by equivalence checking
@ "D:\yilingsi_fpga\Efinity_Project\2026.9.25\9.25.1_ding_Ti60F225_Canny_Face_Parallel\ip/DdrCtrl\DdrCtrl.sv (3274)" removed instance : ddr3_ctl_axi/u_efx_ddr3_soft_controller/genblk1.inst_ddr3_axi/inst_efx_ddr3/dff_734/i44
@ "D:\yilingsi_fpga\Efinity_Project\2026.9.25\9.25.1_ding_Ti60F225_Canny_Face_Parallel\ip/DdrCtrl\DdrCtrl.sv (3274)" representative instance : ddr3_ctl_axi/u_efx_ddr3_soft_controller/genblk1.inst_ddr3_axi/inst_efx_ddr3/dff_734/i2
FF|OPT : Flip-flop optimization by equivalence checking
@ "D:\yilingsi_fpga\Efinity_Project\2026.9.25\9.25.1_ding_Ti60F225_Canny_Face_Parallel\ip/DdrCtrl\DdrCtrl.sv (3274)" removed instance : ddr3_ctl_axi/u_efx_ddr3_soft_controller/genblk1.inst_ddr3_axi/inst_efx_ddr3/dff_734/i45
@ "D:\yilingsi_fpga\Efinity_Project\2026.9.25\9.25.1_ding_Ti60F225_Canny_Face_Parallel\ip/DdrCtrl\DdrCtrl.sv (3274)" representative instance : ddr3_ctl_axi/u_efx_ddr3_soft_controller/genblk1.inst_ddr3_axi/inst_efx_ddr3/dff_734/i2
FF|OPT : Flip-flop optimization by equivalence checking
@ "D:\yilingsi_fpga\Efinity_Project\2026.9.25\9.25.1_ding_Ti60F225_Canny_Face_Parallel\ip/DdrCtrl\DdrCtrl.sv (3274)" removed instance : ddr3_ctl_axi/u_efx_ddr3_soft_controller/genblk1.inst_ddr3_axi/inst_efx_ddr3/dff_734/i46
@ "D:\yilingsi_fpga\Efinity_Project\2026.9.25\9.25.1_ding_Ti60F225_Canny_Face_Parallel\ip/DdrCtrl\DdrCtrl.sv (3274)" representative instance : ddr3_ctl_axi/u_efx_ddr3_soft_controller/genblk1.inst_ddr3_axi/inst_efx_ddr3/dff_734/i89
FF|OPT : Flip-flop optimization by equivalence checking
@ "D:\yilingsi_fpga\Efinity_Project\2026.9.25\9.25.1_ding_Ti60F225_Canny_Face_Parallel\ip/DdrCtrl\DdrCtrl.sv (3274)" removed instance : ddr3_ctl_axi/u_efx_ddr3_soft_controller/genblk1.inst_ddr3_axi/inst_efx_ddr3/dff_734/i47
@ "D:\yilingsi_fpga\Efinity_Project\2026.9.25\9.25.1_ding_Ti60F225_Canny_Face_Parallel\ip/DdrCtrl\DdrCtrl.sv (3274)" representative instance : ddr3_ctl_axi/u_efx_ddr3_soft_controller/genblk1.inst_ddr3_axi/inst_efx_ddr3/dff_734/i86
FF|OPT : Flip-flop optimization by equivalence checking
@ "D:\yilingsi_fpga\Efinity_Project\2026.9.25\9.25.1_ding_Ti60F225_Canny_Face_Parallel\ip/DdrCtrl\DdrCtrl.sv (3274)" removed instance : ddr3_ctl_axi/u_efx_ddr3_soft_controller/genblk1.inst_ddr3_axi/inst_efx_ddr3/dff_734/i48
@ "D:\yilingsi_fpga\Efinity_Project\2026.9.25\9.25.1_ding_Ti60F225_Canny_Face_Parallel\ip/DdrCtrl\DdrCtrl.sv (3274)" representative instance : ddr3_ctl_axi/u_efx_ddr3_soft_controller/genblk1.inst_ddr3_axi/inst_efx_ddr3/dff_734/i88
FF|OPT : Flip-flop optimization by equivalence checking
@ "D:\yilingsi_fpga\Efinity_Project\2026.9.25\9.25.1_ding_Ti60F225_Canny_Face_Parallel\ip/DdrCtrl\DdrCtrl.sv (1460)" removed instance : ddr3_ctl_axi/u_efx_ddr3_soft_controller/genblk1.inst_ddr3_axi/inst_efx_ddr3/top_mc/controller_main/dffrs_2527/i48_rst_0
@ "D:\yilingsi_fpga\Efinity_Project\2026.9.25\9.25.1_ding_Ti60F225_Canny_Face_Parallel\ip/DdrCtrl\DdrCtrl.sv (1460)" representative instance : ddr3_ctl_axi/u_efx_ddr3_soft_controller/genblk1.inst_ddr3_axi/inst_efx_ddr3/top_mc/controller_main/dffrs_2527/i94_rst_0
FF|OPT : Flip-flop optimization by equivalence checking
@ "D:\yilingsi_fpga\Efinity_Project\2026.9.25\9.25.1_ding_Ti60F225_Canny_Face_Parallel\ip/DdrCtrl\DdrCtrl.sv (1460)" removed instance : ddr3_ctl_axi/u_efx_ddr3_soft_controller/genblk1.inst_ddr3_axi/inst_efx_ddr3/top_mc/controller_main/dffrs_2527/i48_rst_1
@ "D:\yilingsi_fpga\Efinity_Project\2026.9.25\9.25.1_ding_Ti60F225_Canny_Face_Parallel\ip/DdrCtrl\DdrCtrl.sv (1460)" representative instance : ddr3_ctl_axi/u_efx_ddr3_soft_controller/genblk1.inst_ddr3_axi/inst_efx_ddr3/top_mc/controller_main/dffrs_2527/i94_rst_1
FF|OPT : Flip-flop optimization by equivalence checking
@ "D:\yilingsi_fpga\Efinity_Project\2026.9.25\9.25.1_ding_Ti60F225_Canny_Face_Parallel\ip/DdrCtrl\DdrCtrl.sv (1460)" removed instance : ddr3_ctl_axi/u_efx_ddr3_soft_controller/genblk1.inst_ddr3_axi/inst_efx_ddr3/top_mc/controller_main/dffrs_2527/i48_rst_2
@ "D:\yilingsi_fpga\Efinity_Project\2026.9.25\9.25.1_ding_Ti60F225_Canny_Face_Parallel\ip/DdrCtrl\DdrCtrl.sv (1460)" representative instance : ddr3_ctl_axi/u_efx_ddr3_soft_controller/genblk1.inst_ddr3_axi/inst_efx_ddr3/top_mc/controller_main/dffrs_2527/i94_rst_2
FF|OPT : Flip-flop optimization by equivalence checking
@ "D:\yilingsi_fpga\Efinity_Project\2026.9.25\9.25.1_ding_Ti60F225_Canny_Face_Parallel\ip/DdrCtrl\DdrCtrl.sv (1460)" removed instance : ddr3_ctl_axi/u_efx_ddr3_soft_controller/genblk1.inst_ddr3_axi/inst_efx_ddr3/top_mc/controller_main/dffrs_2527/i48_rst_3
@ "D:\yilingsi_fpga\Efinity_Project\2026.9.25\9.25.1_ding_Ti60F225_Canny_Face_Parallel\ip/DdrCtrl\DdrCtrl.sv (1460)" representative instance : ddr3_ctl_axi/u_efx_ddr3_soft_controller/genblk1.inst_ddr3_axi/inst_efx_ddr3/top_mc/controller_main/dffrs_2527/i94_rst_3
FF|OPT : Flip-flop optimization by equivalence checking
@ "D:\yilingsi_fpga\Efinity_Project\2026.9.25\9.25.1_ding_Ti60F225_Canny_Face_Parallel\ip/DdrCtrl\DdrCtrl.sv (1460)" removed instance : ddr3_ctl_axi/u_efx_ddr3_soft_controller/genblk1.inst_ddr3_axi/inst_efx_ddr3/top_mc/controller_main/dffrs_2527/i47_rst_0
@ "D:\yilingsi_fpga\Efinity_Project\2026.9.25\9.25.1_ding_Ti60F225_Canny_Face_Parallel\ip/DdrCtrl\DdrCtrl.sv (1460)" representative instance : ddr3_ctl_axi/u_efx_ddr3_soft_controller/genblk1.inst_ddr3_axi/inst_efx_ddr3/top_mc/controller_main/dffrs_2527/i94_rst_0
FF|OPT : Flip-flop optimization by equivalence checking
@ "D:\yilingsi_fpga\Efinity_Project\2026.9.25\9.25.1_ding_Ti60F225_Canny_Face_Parallel\ip/DdrCtrl\DdrCtrl.sv (1460)" removed instance : ddr3_ctl_axi/u_efx_ddr3_soft_controller/genblk1.inst_ddr3_axi/inst_efx_ddr3/top_mc/controller_main/dffrs_2527/i47_rst_1
@ "D:\yilingsi_fpga\Efinity_Project\2026.9.25\9.25.1_ding_Ti60F225_Canny_Face_Parallel\ip/DdrCtrl\DdrCtrl.sv (1460)" representative instance : ddr3_ctl_axi/u_efx_ddr3_soft_controller/genblk1.inst_ddr3_axi/inst_efx_ddr3/top_mc/controller_main/dffrs_2527/i94_rst_1
FF|OPT : Flip-flop optimization by equivalence checking
@ "D:\yilingsi_fpga\Efinity_Project\2026.9.25\9.25.1_ding_Ti60F225_Canny_Face_Parallel\ip/DdrCtrl\DdrCtrl.sv (1460)" removed instance : ddr3_ctl_axi/u_efx_ddr3_soft_controller/genblk1.inst_ddr3_axi/inst_efx_ddr3/top_mc/controller_main/dffrs_2527/i47_rst_2
@ "D:\yilingsi_fpga\Efinity_Project\2026.9.25\9.25.1_ding_Ti60F225_Canny_Face_Parallel\ip/DdrCtrl\DdrCtrl.sv (1460)" representative instance : ddr3_ctl_axi/u_efx_ddr3_soft_controller/genblk1.inst_ddr3_axi/inst_efx_ddr3/top_mc/controller_main/dffrs_2527/i94_rst_2
FF|OPT : Flip-flop optimization by equivalence checking
@ "D:\yilingsi_fpga\Efinity_Project\2026.9.25\9.25.1_ding_Ti60F225_Canny_Face_Parallel\ip/DdrCtrl\DdrCtrl.sv (1460)" removed instance : ddr3_ctl_axi/u_efx_ddr3_soft_controller/genblk1.inst_ddr3_axi/inst_efx_ddr3/top_mc/controller_main/dffrs_2527/i47_rst_3
@ "D:\yilingsi_fpga\Efinity_Project\2026.9.25\9.25.1_ding_Ti60F225_Canny_Face_Parallel\ip/DdrCtrl\DdrCtrl.sv (1460)" representative instance : ddr3_ctl_axi/u_efx_ddr3_soft_controller/genblk1.inst_ddr3_axi/inst_efx_ddr3/top_mc/controller_main/dffrs_2527/i94_rst_3
FF|OPT : Flip-flop optimization by equivalence checking
@ "D:\yilingsi_fpga\Efinity_Project\2026.9.25\9.25.1_ding_Ti60F225_Canny_Face_Parallel\ip/DdrCtrl\DdrCtrl.sv (1460)" removed instance : ddr3_ctl_axi/u_efx_ddr3_soft_controller/genblk1.inst_ddr3_axi/inst_efx_ddr3/top_mc/controller_main/dffrs_2527/i46_rst_0
@ "D:\yilingsi_fpga\Efinity_Project\2026.9.25\9.25.1_ding_Ti60F225_Canny_Face_Parallel\ip/DdrCtrl\DdrCtrl.sv (1460)" representative instance : ddr3_ctl_axi/u_efx_ddr3_soft_controller/genblk1.inst_ddr3_axi/inst_efx_ddr3/top_mc/controller_main/dffrs_2527/i94_rst_0
FF|OPT : Flip-flop optimization by equivalence checking
@ "D:\yilingsi_fpga\Efinity_Project\2026.9.25\9.25.1_ding_Ti60F225_Canny_Face_Parallel\ip/DdrCtrl\DdrCtrl.sv (1460)" removed instance : ddr3_ctl_axi/u_efx_ddr3_soft_controller/genblk1.inst_ddr3_axi/inst_efx_ddr3/top_mc/controller_main/dffrs_2527/i46_rst_1
@ "D:\yilingsi_fpga\Efinity_Project\2026.9.25\9.25.1_ding_Ti60F225_Canny_Face_Parallel\ip/DdrCtrl\DdrCtrl.sv (1460)" representative instance : ddr3_ctl_axi/u_efx_ddr3_soft_controller/genblk1.inst_ddr3_axi/inst_efx_ddr3/top_mc/controller_main/dffrs_2527/i94_rst_1
FF|OPT : Flip-flop optimization by equivalence checking
@ "D:\yilingsi_fpga\Efinity_Project\2026.9.25\9.25.1_ding_Ti60F225_Canny_Face_Parallel\ip/DdrCtrl\DdrCtrl.sv (1460)" removed instance : ddr3_ctl_axi/u_efx_ddr3_soft_controller/genblk1.inst_ddr3_axi/inst_efx_ddr3/top_mc/controller_main/dffrs_2527/i46_rst_2
@ "D:\yilingsi_fpga\Efinity_Project\2026.9.25\9.25.1_ding_Ti60F225_Canny_Face_Parallel\ip/DdrCtrl\DdrCtrl.sv (1460)" representative instance : ddr3_ctl_axi/u_efx_ddr3_soft_controller/genblk1.inst_ddr3_axi/inst_efx_ddr3/top_mc/controller_main/dffrs_2527/i94_rst_2
FF|OPT : Flip-flop optimization by equivalence checking
@ "D:\yilingsi_fpga\Efinity_Project\2026.9.25\9.25.1_ding_Ti60F225_Canny_Face_Parallel\ip/DdrCtrl\DdrCtrl.sv (1460)" removed instance : ddr3_ctl_axi/u_efx_ddr3_soft_controller/genblk1.inst_ddr3_axi/inst_efx_ddr3/top_mc/controller_main/dffrs_2527/i46_rst_3
@ "D:\yilingsi_fpga\Efinity_Project\2026.9.25\9.25.1_ding_Ti60F225_Canny_Face_Parallel\ip/DdrCtrl\DdrCtrl.sv (1460)" representative instance : ddr3_ctl_axi/u_efx_ddr3_soft_controller/genblk1.inst_ddr3_axi/inst_efx_ddr3/top_mc/controller_main/dffrs_2527/i94_rst_3
FF|OPT : Flip-flop optimization by equivalence checking
@ "D:\yilingsi_fpga\Efinity_Project\2026.9.25\9.25.1_ding_Ti60F225_Canny_Face_Parallel\ip/DdrCtrl\DdrCtrl.sv (1460)" removed instance : ddr3_ctl_axi/u_efx_ddr3_soft_controller/genblk1.inst_ddr3_axi/inst_efx_ddr3/top_mc/controller_main/dffrs_2527/i45_rst_0
@ "D:\yilingsi_fpga\Efinity_Project\2026.9.25\9.25.1_ding_Ti60F225_Canny_Face_Parallel\ip/DdrCtrl\DdrCtrl.sv (1460)" representative instance : ddr3_ctl_axi/u_efx_ddr3_soft_controller/genblk1.inst_ddr3_axi/inst_efx_ddr3/top_mc/controller_main/dffrs_2527/i94_rst_0
FF|OPT : Flip-flop optimization by equivalence checking
@ "D:\yilingsi_fpga\Efinity_Project\2026.9.25\9.25.1_ding_Ti60F225_Canny_Face_Parallel\ip/DdrCtrl\DdrCtrl.sv (1460)" removed instance : ddr3_ctl_axi/u_efx_ddr3_soft_controller/genblk1.inst_ddr3_axi/inst_efx_ddr3/top_mc/controller_main/dffrs_2527/i45_rst_1
@ "D:\yilingsi_fpga\Efinity_Project\2026.9.25\9.25.1_ding_Ti60F225_Canny_Face_Parallel\ip/DdrCtrl\DdrCtrl.sv (1460)" representative instance : ddr3_ctl_axi/u_efx_ddr3_soft_controller/genblk1.inst_ddr3_axi/inst_efx_ddr3/top_mc/controller_main/dffrs_2527/i94_rst_1
FF|OPT : Flip-flop optimization by equivalence checking
@ "D:\yilingsi_fpga\Efinity_Project\2026.9.25\9.25.1_ding_Ti60F225_Canny_Face_Parallel\ip/DdrCtrl\DdrCtrl.sv (1460)" removed instance : ddr3_ctl_axi/u_efx_ddr3_soft_controller/genblk1.inst_ddr3_axi/inst_efx_ddr3/top_mc/controller_main/dffrs_2527/i45_rst_2
@ "D:\yilingsi_fpga\Efinity_Project\2026.9.25\9.25.1_ding_Ti60F225_Canny_Face_Parallel\ip/DdrCtrl\DdrCtrl.sv (1460)" representative instance : ddr3_ctl_axi/u_efx_ddr3_soft_controller/genblk1.inst_ddr3_axi/inst_efx_ddr3/top_mc/controller_main/dffrs_2527/i94_rst_2
FF|OPT : Flip-flop optimization by equivalence checking
@ "D:\yilingsi_fpga\Efinity_Project\2026.9.25\9.25.1_ding_Ti60F225_Canny_Face_Parallel\ip/DdrCtrl\DdrCtrl.sv (1460)" removed instance : ddr3_ctl_axi/u_efx_ddr3_soft_controller/genblk1.inst_ddr3_axi/inst_efx_ddr3/top_mc/controller_main/dffrs_2527/i45_rst_3
@ "D:\yilingsi_fpga\Efinity_Project\2026.9.25\9.25.1_ding_Ti60F225_Canny_Face_Parallel\ip/DdrCtrl\DdrCtrl.sv (1460)" representative instance : ddr3_ctl_axi/u_efx_ddr3_soft_controller/genblk1.inst_ddr3_axi/inst_efx_ddr3/top_mc/controller_main/dffrs_2527/i94_rst_3
FF|OPT : Flip-flop optimization by equivalence checking
@ "D:\yilingsi_fpga\Efinity_Project\2026.9.25\9.25.1_ding_Ti60F225_Canny_Face_Parallel\ip/DdrCtrl\DdrCtrl.sv (1460)" removed instance : ddr3_ctl_axi/u_efx_ddr3_soft_controller/genblk1.inst_ddr3_axi/inst_efx_ddr3/top_mc/controller_main/dffrs_2527/i44_rst_0
@ "D:\yilingsi_fpga\Efinity_Project\2026.9.25\9.25.1_ding_Ti60F225_Canny_Face_Parallel\ip/DdrCtrl\DdrCtrl.sv (1460)" representative instance : ddr3_ctl_axi/u_efx_ddr3_soft_controller/genblk1.inst_ddr3_axi/inst_efx_ddr3/top_mc/controller_main/dffrs_2527/i94_rst_0
FF|OPT : Flip-flop optimization by equivalence checking
@ "D:\yilingsi_fpga\Efinity_Project\2026.9.25\9.25.1_ding_Ti60F225_Canny_Face_Parallel\ip/DdrCtrl\DdrCtrl.sv (1460)" removed instance : ddr3_ctl_axi/u_efx_ddr3_soft_controller/genblk1.inst_ddr3_axi/inst_efx_ddr3/top_mc/controller_main/dffrs_2527/i44_rst_1
@ "D:\yilingsi_fpga\Efinity_Project\2026.9.25\9.25.1_ding_Ti60F225_Canny_Face_Parallel\ip/DdrCtrl\DdrCtrl.sv (1460)" representative instance : ddr3_ctl_axi/u_efx_ddr3_soft_controller/genblk1.inst_ddr3_axi/inst_efx_ddr3/top_mc/controller_main/dffrs_2527/i94_rst_1
FF|OPT : Flip-flop optimization by equivalence checking
@ "D:\yilingsi_fpga\Efinity_Project\2026.9.25\9.25.1_ding_Ti60F225_Canny_Face_Parallel\ip/DdrCtrl\DdrCtrl.sv (1460)" removed instance : ddr3_ctl_axi/u_efx_ddr3_soft_controller/genblk1.inst_ddr3_axi/inst_efx_ddr3/top_mc/controller_main/dffrs_2527/i44_rst_2
@ "D:\yilingsi_fpga\Efinity_Project\2026.9.25\9.25.1_ding_Ti60F225_Canny_Face_Parallel\ip/DdrCtrl\DdrCtrl.sv (1460)" representative instance : ddr3_ctl_axi/u_efx_ddr3_soft_controller/genblk1.inst_ddr3_axi/inst_efx_ddr3/top_mc/controller_main/dffrs_2527/i94_rst_2
FF|OPT : Flip-flop optimization by equivalence checking
@ "D:\yilingsi_fpga\Efinity_Project\2026.9.25\9.25.1_ding_Ti60F225_Canny_Face_Parallel\ip/DdrCtrl\DdrCtrl.sv (1460)" removed instance : ddr3_ctl_axi/u_efx_ddr3_soft_controller/genblk1.inst_ddr3_axi/inst_efx_ddr3/top_mc/controller_main/dffrs_2527/i44_rst_3
@ "D:\yilingsi_fpga\Efinity_Project\2026.9.25\9.25.1_ding_Ti60F225_Canny_Face_Parallel\ip/DdrCtrl\DdrCtrl.sv (1460)" representative instance : ddr3_ctl_axi/u_efx_ddr3_soft_controller/genblk1.inst_ddr3_axi/inst_efx_ddr3/top_mc/controller_main/dffrs_2527/i94_rst_3
FF|OPT : Flip-flop optimization by equivalence checking
@ "D:\yilingsi_fpga\Efinity_Project\2026.9.25\9.25.1_ding_Ti60F225_Canny_Face_Parallel\ip/DdrCtrl\DdrCtrl.sv (1460)" removed instance : ddr3_ctl_axi/u_efx_ddr3_soft_controller/genblk1.inst_ddr3_axi/inst_efx_ddr3/top_mc/controller_main/dffrs_2527/i43_rst_0
@ "D:\yilingsi_fpga\Efinity_Project\2026.9.25\9.25.1_ding_Ti60F225_Canny_Face_Parallel\ip/DdrCtrl\DdrCtrl.sv (1460)" representative instance : ddr3_ctl_axi/u_efx_ddr3_soft_controller/genblk1.inst_ddr3_axi/inst_efx_ddr3/top_mc/controller_main/dffrs_2527/i94_rst_0
FF|OPT : Flip-flop optimization by equivalence checking
@ "D:\yilingsi_fpga\Efinity_Project\2026.9.25\9.25.1_ding_Ti60F225_Canny_Face_Parallel\ip/DdrCtrl\DdrCtrl.sv (1460)" removed instance : ddr3_ctl_axi/u_efx_ddr3_soft_controller/genblk1.inst_ddr3_axi/inst_efx_ddr3/top_mc/controller_main/dffrs_2527/i43_rst_1
@ "D:\yilingsi_fpga\Efinity_Project\2026.9.25\9.25.1_ding_Ti60F225_Canny_Face_Parallel\ip/DdrCtrl\DdrCtrl.sv (1460)" representative instance : ddr3_ctl_axi/u_efx_ddr3_soft_controller/genblk1.inst_ddr3_axi/inst_efx_ddr3/top_mc/controller_main/dffrs_2527/i94_rst_1
FF|OPT : Flip-flop optimization by equivalence checking
@ "D:\yilingsi_fpga\Efinity_Project\2026.9.25\9.25.1_ding_Ti60F225_Canny_Face_Parallel\ip/DdrCtrl\DdrCtrl.sv (1460)" removed instance : ddr3_ctl_axi/u_efx_ddr3_soft_controller/genblk1.inst_ddr3_axi/inst_efx_ddr3/top_mc/controller_main/dffrs_2527/i43_rst_2
@ "D:\yilingsi_fpga\Efinity_Project\2026.9.25\9.25.1_ding_Ti60F225_Canny_Face_Parallel\ip/DdrCtrl\DdrCtrl.sv (1460)" representative instance : ddr3_ctl_axi/u_efx_ddr3_soft_controller/genblk1.inst_ddr3_axi/inst_efx_ddr3/top_mc/controller_main/dffrs_2527/i94_rst_2
FF|OPT : Flip-flop optimization by equivalence checking
@ "D:\yilingsi_fpga\Efinity_Project\2026.9.25\9.25.1_ding_Ti60F225_Canny_Face_Parallel\ip/DdrCtrl\DdrCtrl.sv (1460)" removed instance : ddr3_ctl_axi/u_efx_ddr3_soft_controller/genblk1.inst_ddr3_axi/inst_efx_ddr3/top_mc/controller_main/dffrs_2527/i43_rst_3
@ "D:\yilingsi_fpga\Efinity_Project\2026.9.25\9.25.1_ding_Ti60F225_Canny_Face_Parallel\ip/DdrCtrl\DdrCtrl.sv (1460)" representative instance : ddr3_ctl_axi/u_efx_ddr3_soft_controller/genblk1.inst_ddr3_axi/inst_efx_ddr3/top_mc/controller_main/dffrs_2527/i94_rst_3
FF|OPT : Flip-flop optimization by equivalence checking
@ "D:\yilingsi_fpga\Efinity_Project\2026.9.25\9.25.1_ding_Ti60F225_Canny_Face_Parallel\ip/DdrCtrl\DdrCtrl.sv (1460)" removed instance : ddr3_ctl_axi/u_efx_ddr3_soft_controller/genblk1.inst_ddr3_axi/inst_efx_ddr3/top_mc/controller_main/dffrs_2527/i42_rst_0
@ "D:\yilingsi_fpga\Efinity_Project\2026.9.25\9.25.1_ding_Ti60F225_Canny_Face_Parallel\ip/DdrCtrl\DdrCtrl.sv (1460)" representative instance : ddr3_ctl_axi/u_efx_ddr3_soft_controller/genblk1.inst_ddr3_axi/inst_efx_ddr3/top_mc/controller_main/dffrs_2527/i94_rst_0
FF|OPT : Flip-flop optimization by equivalence checking
@ "D:\yilingsi_fpga\Efinity_Project\2026.9.25\9.25.1_ding_Ti60F225_Canny_Face_Parallel\ip/DdrCtrl\DdrCtrl.sv (1460)" removed instance : ddr3_ctl_axi/u_efx_ddr3_soft_controller/genblk1.inst_ddr3_axi/inst_efx_ddr3/top_mc/controller_main/dffrs_2527/i42_rst_1
@ "D:\yilingsi_fpga\Efinity_Project\2026.9.25\9.25.1_ding_Ti60F225_Canny_Face_Parallel\ip/DdrCtrl\DdrCtrl.sv (1460)" representative instance : ddr3_ctl_axi/u_efx_ddr3_soft_controller/genblk1.inst_ddr3_axi/inst_efx_ddr3/top_mc/controller_main/dffrs_2527/i94_rst_1
FF|OPT : Flip-flop optimization by equivalence checking
@ "D:\yilingsi_fpga\Efinity_Project\2026.9.25\9.25.1_ding_Ti60F225_Canny_Face_Parallel\ip/DdrCtrl\DdrCtrl.sv (1460)" removed instance : ddr3_ctl_axi/u_efx_ddr3_soft_controller/genblk1.inst_ddr3_axi/inst_efx_ddr3/top_mc/controller_main/dffrs_2527/i42_rst_2
@ "D:\yilingsi_fpga\Efinity_Project\2026.9.25\9.25.1_ding_Ti60F225_Canny_Face_Parallel\ip/DdrCtrl\DdrCtrl.sv (1460)" representative instance : ddr3_ctl_axi/u_efx_ddr3_soft_controller/genblk1.inst_ddr3_axi/inst_efx_ddr3/top_mc/controller_main/dffrs_2527/i94_rst_2
FF|OPT : Flip-flop optimization by equivalence checking
@ "D:\yilingsi_fpga\Efinity_Project\2026.9.25\9.25.1_ding_Ti60F225_Canny_Face_Parallel\ip/DdrCtrl\DdrCtrl.sv (1460)" removed instance : ddr3_ctl_axi/u_efx_ddr3_soft_controller/genblk1.inst_ddr3_axi/inst_efx_ddr3/top_mc/controller_main/dffrs_2527/i42_rst_3
@ "D:\yilingsi_fpga\Efinity_Project\2026.9.25\9.25.1_ding_Ti60F225_Canny_Face_Parallel\ip/DdrCtrl\DdrCtrl.sv (1460)" representative instance : ddr3_ctl_axi/u_efx_ddr3_soft_controller/genblk1.inst_ddr3_axi/inst_efx_ddr3/top_mc/controller_main/dffrs_2527/i94_rst_3
FF|OPT : Flip-flop optimization by equivalence checking
@ "D:\yilingsi_fpga\Efinity_Project\2026.9.25\9.25.1_ding_Ti60F225_Canny_Face_Parallel\ip/DdrCtrl\DdrCtrl.sv (1460)" removed instance : ddr3_ctl_axi/u_efx_ddr3_soft_controller/genblk1.inst_ddr3_axi/inst_efx_ddr3/top_mc/controller_main/dffrs_2527/i41_rst_0
@ "D:\yilingsi_fpga\Efinity_Project\2026.9.25\9.25.1_ding_Ti60F225_Canny_Face_Parallel\ip/DdrCtrl\DdrCtrl.sv (1460)" representative instance : ddr3_ctl_axi/u_efx_ddr3_soft_controller/genblk1.inst_ddr3_axi/inst_efx_ddr3/top_mc/controller_main/dffrs_2527/i94_rst_0
FF|OPT : Flip-flop optimization by equivalence checking
@ "D:\yilingsi_fpga\Efinity_Project\2026.9.25\9.25.1_ding_Ti60F225_Canny_Face_Parallel\ip/DdrCtrl\DdrCtrl.sv (1460)" removed instance : ddr3_ctl_axi/u_efx_ddr3_soft_controller/genblk1.inst_ddr3_axi/inst_efx_ddr3/top_mc/controller_main/dffrs_2527/i41_rst_1
@ "D:\yilingsi_fpga\Efinity_Project\2026.9.25\9.25.1_ding_Ti60F225_Canny_Face_Parallel\ip/DdrCtrl\DdrCtrl.sv (1460)" representative instance : ddr3_ctl_axi/u_efx_ddr3_soft_controller/genblk1.inst_ddr3_axi/inst_efx_ddr3/top_mc/controller_main/dffrs_2527/i94_rst_1
FF|OPT : Flip-flop optimization by equivalence checking
@ "D:\yilingsi_fpga\Efinity_Project\2026.9.25\9.25.1_ding_Ti60F225_Canny_Face_Parallel\ip/DdrCtrl\DdrCtrl.sv (1460)" removed instance : ddr3_ctl_axi/u_efx_ddr3_soft_controller/genblk1.inst_ddr3_axi/inst_efx_ddr3/top_mc/controller_main/dffrs_2527/i41_rst_2
@ "D:\yilingsi_fpga\Efinity_Project\2026.9.25\9.25.1_ding_Ti60F225_Canny_Face_Parallel\ip/DdrCtrl\DdrCtrl.sv (1460)" representative instance : ddr3_ctl_axi/u_efx_ddr3_soft_controller/genblk1.inst_ddr3_axi/inst_efx_ddr3/top_mc/controller_main/dffrs_2527/i94_rst_2
FF|OPT : Flip-flop optimization by equivalence checking
@ "D:\yilingsi_fpga\Efinity_Project\2026.9.25\9.25.1_ding_Ti60F225_Canny_Face_Parallel\ip/DdrCtrl\DdrCtrl.sv (1460)" removed instance : ddr3_ctl_axi/u_efx_ddr3_soft_controller/genblk1.inst_ddr3_axi/inst_efx_ddr3/top_mc/controller_main/dffrs_2527/i41_rst_3
@ "D:\yilingsi_fpga\Efinity_Project\2026.9.25\9.25.1_ding_Ti60F225_Canny_Face_Parallel\ip/DdrCtrl\DdrCtrl.sv (1460)" representative instance : ddr3_ctl_axi/u_efx_ddr3_soft_controller/genblk1.inst_ddr3_axi/inst_efx_ddr3/top_mc/controller_main/dffrs_2527/i94_rst_3
FF|OPT : Flip-flop optimization by equivalence checking
@ "D:\yilingsi_fpga\Efinity_Project\2026.9.25\9.25.1_ding_Ti60F225_Canny_Face_Parallel\ip/DdrCtrl\DdrCtrl.sv (1460)" removed instance : ddr3_ctl_axi/u_efx_ddr3_soft_controller/genblk1.inst_ddr3_axi/inst_efx_ddr3/top_mc/controller_main/dffrs_2527/i4_rst_0
@ "D:\yilingsi_fpga\Efinity_Project\2026.9.25\9.25.1_ding_Ti60F225_Canny_Face_Parallel\ip/DdrCtrl\DdrCtrl.sv (1460)" representative instance : ddr3_ctl_axi/u_efx_ddr3_soft_controller/genblk1.inst_ddr3_axi/inst_efx_ddr3/top_mc/controller_main/dffrs_2527/i94_rst_0
FF|OPT : Flip-flop optimization by equivalence checking
@ "D:\yilingsi_fpga\Efinity_Project\2026.9.25\9.25.1_ding_Ti60F225_Canny_Face_Parallel\ip/DdrCtrl\DdrCtrl.sv (1460)" removed instance : ddr3_ctl_axi/u_efx_ddr3_soft_controller/genblk1.inst_ddr3_axi/inst_efx_ddr3/top_mc/controller_main/dffrs_2527/i4_rst_1
@ "D:\yilingsi_fpga\Efinity_Project\2026.9.25\9.25.1_ding_Ti60F225_Canny_Face_Parallel\ip/DdrCtrl\DdrCtrl.sv (1460)" representative instance : ddr3_ctl_axi/u_efx_ddr3_soft_controller/genblk1.inst_ddr3_axi/inst_efx_ddr3/top_mc/controller_main/dffrs_2527/i94_rst_1
FF|OPT : Flip-flop optimization by equivalence checking
@ "D:\yilingsi_fpga\Efinity_Project\2026.9.25\9.25.1_ding_Ti60F225_Canny_Face_Parallel\ip/DdrCtrl\DdrCtrl.sv (1460)" removed instance : ddr3_ctl_axi/u_efx_ddr3_soft_controller/genblk1.inst_ddr3_axi/inst_efx_ddr3/top_mc/controller_main/dffrs_2527/i4_rst_2
@ "D:\yilingsi_fpga\Efinity_Project\2026.9.25\9.25.1_ding_Ti60F225_Canny_Face_Parallel\ip/DdrCtrl\DdrCtrl.sv (1460)" representative instance : ddr3_ctl_axi/u_efx_ddr3_soft_controller/genblk1.inst_ddr3_axi/inst_efx_ddr3/top_mc/controller_main/dffrs_2527/i94_rst_2
FF|OPT : Flip-flop optimization by equivalence checking
@ "D:\yilingsi_fpga\Efinity_Project\2026.9.25\9.25.1_ding_Ti60F225_Canny_Face_Parallel\ip/DdrCtrl\DdrCtrl.sv (1460)" removed instance : ddr3_ctl_axi/u_efx_ddr3_soft_controller/genblk1.inst_ddr3_axi/inst_efx_ddr3/top_mc/controller_main/dffrs_2527/i4_rst_3
@ "D:\yilingsi_fpga\Efinity_Project\2026.9.25\9.25.1_ding_Ti60F225_Canny_Face_Parallel\ip/DdrCtrl\DdrCtrl.sv (1460)" representative instance : ddr3_ctl_axi/u_efx_ddr3_soft_controller/genblk1.inst_ddr3_axi/inst_efx_ddr3/top_mc/controller_main/dffrs_2527/i94_rst_3
FF|OPT : Flip-flop optimization by equivalence checking
@ "D:\yilingsi_fpga\Efinity_Project\2026.9.25\9.25.1_ding_Ti60F225_Canny_Face_Parallel\ip/DdrCtrl\DdrCtrl.sv (1460)" removed instance : ddr3_ctl_axi/u_efx_ddr3_soft_controller/genblk1.inst_ddr3_axi/inst_efx_ddr3/top_mc/controller_main/dffrs_2527/i40_rst_0
@ "D:\yilingsi_fpga\Efinity_Project\2026.9.25\9.25.1_ding_Ti60F225_Canny_Face_Parallel\ip/DdrCtrl\DdrCtrl.sv (1460)" representative instance : ddr3_ctl_axi/u_efx_ddr3_soft_controller/genblk1.inst_ddr3_axi/inst_efx_ddr3/top_mc/controller_main/dffrs_2527/i94_rst_0
FF|OPT : Flip-flop optimization by equivalence checking
@ "D:\yilingsi_fpga\Efinity_Project\2026.9.25\9.25.1_ding_Ti60F225_Canny_Face_Parallel\ip/DdrCtrl\DdrCtrl.sv (1460)" removed instance : ddr3_ctl_axi/u_efx_ddr3_soft_controller/genblk1.inst_ddr3_axi/inst_efx_ddr3/top_mc/controller_main/dffrs_2527/i40_rst_1
@ "D:\yilingsi_fpga\Efinity_Project\2026.9.25\9.25.1_ding_Ti60F225_Canny_Face_Parallel\ip/DdrCtrl\DdrCtrl.sv (1460)" representative instance : ddr3_ctl_axi/u_efx_ddr3_soft_controller/genblk1.inst_ddr3_axi/inst_efx_ddr3/top_mc/controller_main/dffrs_2527/i94_rst_1
FF|OPT : Flip-flop optimization by equivalence checking
@ "D:\yilingsi_fpga\Efinity_Project\2026.9.25\9.25.1_ding_Ti60F225_Canny_Face_Parallel\ip/DdrCtrl\DdrCtrl.sv (1460)" removed instance : ddr3_ctl_axi/u_efx_ddr3_soft_controller/genblk1.inst_ddr3_axi/inst_efx_ddr3/top_mc/controller_main/dffrs_2527/i40_rst_2
@ "D:\yilingsi_fpga\Efinity_Project\2026.9.25\9.25.1_ding_Ti60F225_Canny_Face_Parallel\ip/DdrCtrl\DdrCtrl.sv (1460)" representative instance : ddr3_ctl_axi/u_efx_ddr3_soft_controller/genblk1.inst_ddr3_axi/inst_efx_ddr3/top_mc/controller_main/dffrs_2527/i94_rst_2
FF|OPT : Flip-flop optimization by equivalence checking
@ "D:\yilingsi_fpga\Efinity_Project\2026.9.25\9.25.1_ding_Ti60F225_Canny_Face_Parallel\ip/DdrCtrl\DdrCtrl.sv (1460)" removed instance : ddr3_ctl_axi/u_efx_ddr3_soft_controller/genblk1.inst_ddr3_axi/inst_efx_ddr3/top_mc/controller_main/dffrs_2527/i40_rst_3
@ "D:\yilingsi_fpga\Efinity_Project\2026.9.25\9.25.1_ding_Ti60F225_Canny_Face_Parallel\ip/DdrCtrl\DdrCtrl.sv (1460)" representative instance : ddr3_ctl_axi/u_efx_ddr3_soft_controller/genblk1.inst_ddr3_axi/inst_efx_ddr3/top_mc/controller_main/dffrs_2527/i94_rst_3
FF|OPT : Flip-flop optimization by equivalence checking
@ "D:\yilingsi_fpga\Efinity_Project\2026.9.25\9.25.1_ding_Ti60F225_Canny_Face_Parallel\ip/DdrCtrl\DdrCtrl.sv (1460)" removed instance : ddr3_ctl_axi/u_efx_ddr3_soft_controller/genblk1.inst_ddr3_axi/inst_efx_ddr3/top_mc/controller_main/dffrs_2527/i39_rst_0
@ "D:\yilingsi_fpga\Efinity_Project\2026.9.25\9.25.1_ding_Ti60F225_Canny_Face_Parallel\ip/DdrCtrl\DdrCtrl.sv (1460)" representative instance : ddr3_ctl_axi/u_efx_ddr3_soft_controller/genblk1.inst_ddr3_axi/inst_efx_ddr3/top_mc/controller_main/dffrs_2527/i94_rst_0
FF|OPT : Flip-flop optimization by equivalence checking
@ "D:\yilingsi_fpga\Efinity_Project\2026.9.25\9.25.1_ding_Ti60F225_Canny_Face_Parallel\ip/DdrCtrl\DdrCtrl.sv (1460)" removed instance : ddr3_ctl_axi/u_efx_ddr3_soft_controller/genblk1.inst_ddr3_axi/inst_efx_ddr3/top_mc/controller_main/dffrs_2527/i39_rst_1
@ "D:\yilingsi_fpga\Efinity_Project\2026.9.25\9.25.1_ding_Ti60F225_Canny_Face_Parallel\ip/DdrCtrl\DdrCtrl.sv (1460)" representative instance : ddr3_ctl_axi/u_efx_ddr3_soft_controller/genblk1.inst_ddr3_axi/inst_efx_ddr3/top_mc/controller_main/dffrs_2527/i94_rst_1
FF|OPT : Flip-flop optimization by equivalence checking
@ "D:\yilingsi_fpga\Efinity_Project\2026.9.25\9.25.1_ding_Ti60F225_Canny_Face_Parallel\ip/DdrCtrl\DdrCtrl.sv (1460)" removed instance : ddr3_ctl_axi/u_efx_ddr3_soft_controller/genblk1.inst_ddr3_axi/inst_efx_ddr3/top_mc/controller_main/dffrs_2527/i39_rst_2
@ "D:\yilingsi_fpga\Efinity_Project\2026.9.25\9.25.1_ding_Ti60F225_Canny_Face_Parallel\ip/DdrCtrl\DdrCtrl.sv (1460)" representative instance : ddr3_ctl_axi/u_efx_ddr3_soft_controller/genblk1.inst_ddr3_axi/inst_efx_ddr3/top_mc/controller_main/dffrs_2527/i94_rst_2
FF|OPT : Flip-flop optimization by equivalence checking
@ "D:\yilingsi_fpga\Efinity_Project\2026.9.25\9.25.1_ding_Ti60F225_Canny_Face_Parallel\ip/DdrCtrl\DdrCtrl.sv (1460)" removed instance : ddr3_ctl_axi/u_efx_ddr3_soft_controller/genblk1.inst_ddr3_axi/inst_efx_ddr3/top_mc/controller_main/dffrs_2527/i39_rst_3
@ "D:\yilingsi_fpga\Efinity_Project\2026.9.25\9.25.1_ding_Ti60F225_Canny_Face_Parallel\ip/DdrCtrl\DdrCtrl.sv (1460)" representative instance : ddr3_ctl_axi/u_efx_ddr3_soft_controller/genblk1.inst_ddr3_axi/inst_efx_ddr3/top_mc/controller_main/dffrs_2527/i94_rst_3
FF|OPT : Flip-flop optimization by equivalence checking
@ "D:\yilingsi_fpga\Efinity_Project\2026.9.25\9.25.1_ding_Ti60F225_Canny_Face_Parallel\ip/DdrCtrl\DdrCtrl.sv (1460)" removed instance : ddr3_ctl_axi/u_efx_ddr3_soft_controller/genblk1.inst_ddr3_axi/inst_efx_ddr3/top_mc/controller_main/dffrs_2527/i38_rst_0
@ "D:\yilingsi_fpga\Efinity_Project\2026.9.25\9.25.1_ding_Ti60F225_Canny_Face_Parallel\ip/DdrCtrl\DdrCtrl.sv (1460)" representative instance : ddr3_ctl_axi/u_efx_ddr3_soft_controller/genblk1.inst_ddr3_axi/inst_efx_ddr3/top_mc/controller_main/dffrs_2527/i94_rst_0
FF|OPT : Flip-flop optimization by equivalence checking
@ "D:\yilingsi_fpga\Efinity_Project\2026.9.25\9.25.1_ding_Ti60F225_Canny_Face_Parallel\ip/DdrCtrl\DdrCtrl.sv (1460)" removed instance : ddr3_ctl_axi/u_efx_ddr3_soft_controller/genblk1.inst_ddr3_axi/inst_efx_ddr3/top_mc/controller_main/dffrs_2527/i38_rst_1
@ "D:\yilingsi_fpga\Efinity_Project\2026.9.25\9.25.1_ding_Ti60F225_Canny_Face_Parallel\ip/DdrCtrl\DdrCtrl.sv (1460)" representative instance : ddr3_ctl_axi/u_efx_ddr3_soft_controller/genblk1.inst_ddr3_axi/inst_efx_ddr3/top_mc/controller_main/dffrs_2527/i94_rst_1
FF|OPT : Flip-flop optimization by equivalence checking
@ "D:\yilingsi_fpga\Efinity_Project\2026.9.25\9.25.1_ding_Ti60F225_Canny_Face_Parallel\ip/DdrCtrl\DdrCtrl.sv (1460)" removed instance : ddr3_ctl_axi/u_efx_ddr3_soft_controller/genblk1.inst_ddr3_axi/inst_efx_ddr3/top_mc/controller_main/dffrs_2527/i38_rst_2
@ "D:\yilingsi_fpga\Efinity_Project\2026.9.25\9.25.1_ding_Ti60F225_Canny_Face_Parallel\ip/DdrCtrl\DdrCtrl.sv (1460)" representative instance : ddr3_ctl_axi/u_efx_ddr3_soft_controller/genblk1.inst_ddr3_axi/inst_efx_ddr3/top_mc/controller_main/dffrs_2527/i94_rst_2
FF|OPT : Flip-flop optimization by equivalence checking
@ "D:\yilingsi_fpga\Efinity_Project\2026.9.25\9.25.1_ding_Ti60F225_Canny_Face_Parallel\ip/DdrCtrl\DdrCtrl.sv (1460)" removed instance : ddr3_ctl_axi/u_efx_ddr3_soft_controller/genblk1.inst_ddr3_axi/inst_efx_ddr3/top_mc/controller_main/dffrs_2527/i38_rst_3
@ "D:\yilingsi_fpga\Efinity_Project\2026.9.25\9.25.1_ding_Ti60F225_Canny_Face_Parallel\ip/DdrCtrl\DdrCtrl.sv (1460)" representative instance : ddr3_ctl_axi/u_efx_ddr3_soft_controller/genblk1.inst_ddr3_axi/inst_efx_ddr3/top_mc/controller_main/dffrs_2527/i94_rst_3
FF|OPT : Flip-flop optimization by equivalence checking
@ "D:\yilingsi_fpga\Efinity_Project\2026.9.25\9.25.1_ding_Ti60F225_Canny_Face_Parallel\ip/DdrCtrl\DdrCtrl.sv (1460)" removed instance : ddr3_ctl_axi/u_efx_ddr3_soft_controller/genblk1.inst_ddr3_axi/inst_efx_ddr3/top_mc/controller_main/dffrs_2527/i37_rst_0
@ "D:\yilingsi_fpga\Efinity_Project\2026.9.25\9.25.1_ding_Ti60F225_Canny_Face_Parallel\ip/DdrCtrl\DdrCtrl.sv (1460)" representative instance : ddr3_ctl_axi/u_efx_ddr3_soft_controller/genblk1.inst_ddr3_axi/inst_efx_ddr3/top_mc/controller_main/dffrs_2527/i94_rst_0
FF|OPT : Flip-flop optimization by equivalence checking
@ "D:\yilingsi_fpga\Efinity_Project\2026.9.25\9.25.1_ding_Ti60F225_Canny_Face_Parallel\ip/DdrCtrl\DdrCtrl.sv (1460)" removed instance : ddr3_ctl_axi/u_efx_ddr3_soft_controller/genblk1.inst_ddr3_axi/inst_efx_ddr3/top_mc/controller_main/dffrs_2527/i37_rst_1
@ "D:\yilingsi_fpga\Efinity_Project\2026.9.25\9.25.1_ding_Ti60F225_Canny_Face_Parallel\ip/DdrCtrl\DdrCtrl.sv (1460)" representative instance : ddr3_ctl_axi/u_efx_ddr3_soft_controller/genblk1.inst_ddr3_axi/inst_efx_ddr3/top_mc/controller_main/dffrs_2527/i94_rst_1
FF|OPT : Flip-flop optimization by equivalence checking
@ "D:\yilingsi_fpga\Efinity_Project\2026.9.25\9.25.1_ding_Ti60F225_Canny_Face_Parallel\ip/DdrCtrl\DdrCtrl.sv (1460)" removed instance : ddr3_ctl_axi/u_efx_ddr3_soft_controller/genblk1.inst_ddr3_axi/inst_efx_ddr3/top_mc/controller_main/dffrs_2527/i37_rst_2
@ "D:\yilingsi_fpga\Efinity_Project\2026.9.25\9.25.1_ding_Ti60F225_Canny_Face_Parallel\ip/DdrCtrl\DdrCtrl.sv (1460)" representative instance : ddr3_ctl_axi/u_efx_ddr3_soft_controller/genblk1.inst_ddr3_axi/inst_efx_ddr3/top_mc/controller_main/dffrs_2527/i94_rst_2
FF|OPT : Flip-flop optimization by equivalence checking
@ "D:\yilingsi_fpga\Efinity_Project\2026.9.25\9.25.1_ding_Ti60F225_Canny_Face_Parallel\ip/DdrCtrl\DdrCtrl.sv (1460)" removed instance : ddr3_ctl_axi/u_efx_ddr3_soft_controller/genblk1.inst_ddr3_axi/inst_efx_ddr3/top_mc/controller_main/dffrs_2527/i37_rst_3
@ "D:\yilingsi_fpga\Efinity_Project\2026.9.25\9.25.1_ding_Ti60F225_Canny_Face_Parallel\ip/DdrCtrl\DdrCtrl.sv (1460)" representative instance : ddr3_ctl_axi/u_efx_ddr3_soft_controller/genblk1.inst_ddr3_axi/inst_efx_ddr3/top_mc/controller_main/dffrs_2527/i94_rst_3
FF|OPT : Flip-flop optimization by equivalence checking
@ "D:\yilingsi_fpga\Efinity_Project\2026.9.25\9.25.1_ding_Ti60F225_Canny_Face_Parallel\ip/DdrCtrl\DdrCtrl.sv (1460)" removed instance : ddr3_ctl_axi/u_efx_ddr3_soft_controller/genblk1.inst_ddr3_axi/inst_efx_ddr3/top_mc/controller_main/dffrs_2527/i36_rst_0
@ "D:\yilingsi_fpga\Efinity_Project\2026.9.25\9.25.1_ding_Ti60F225_Canny_Face_Parallel\ip/DdrCtrl\DdrCtrl.sv (1460)" representative instance : ddr3_ctl_axi/u_efx_ddr3_soft_controller/genblk1.inst_ddr3_axi/inst_efx_ddr3/top_mc/controller_main/dffrs_2527/i94_rst_0
FF|OPT : Flip-flop optimization by equivalence checking
@ "D:\yilingsi_fpga\Efinity_Project\2026.9.25\9.25.1_ding_Ti60F225_Canny_Face_Parallel\ip/DdrCtrl\DdrCtrl.sv (1460)" removed instance : ddr3_ctl_axi/u_efx_ddr3_soft_controller/genblk1.inst_ddr3_axi/inst_efx_ddr3/top_mc/controller_main/dffrs_2527/i36_rst_1
@ "D:\yilingsi_fpga\Efinity_Project\2026.9.25\9.25.1_ding_Ti60F225_Canny_Face_Parallel\ip/DdrCtrl\DdrCtrl.sv (1460)" representative instance : ddr3_ctl_axi/u_efx_ddr3_soft_controller/genblk1.inst_ddr3_axi/inst_efx_ddr3/top_mc/controller_main/dffrs_2527/i94_rst_1
FF|OPT : Flip-flop optimization by equivalence checking
@ "D:\yilingsi_fpga\Efinity_Project\2026.9.25\9.25.1_ding_Ti60F225_Canny_Face_Parallel\ip/DdrCtrl\DdrCtrl.sv (1460)" removed instance : ddr3_ctl_axi/u_efx_ddr3_soft_controller/genblk1.inst_ddr3_axi/inst_efx_ddr3/top_mc/controller_main/dffrs_2527/i36_rst_2
@ "D:\yilingsi_fpga\Efinity_Project\2026.9.25\9.25.1_ding_Ti60F225_Canny_Face_Parallel\ip/DdrCtrl\DdrCtrl.sv (1460)" representative instance : ddr3_ctl_axi/u_efx_ddr3_soft_controller/genblk1.inst_ddr3_axi/inst_efx_ddr3/top_mc/controller_main/dffrs_2527/i94_rst_2
FF|OPT : Flip-flop optimization by equivalence checking
@ "D:\yilingsi_fpga\Efinity_Project\2026.9.25\9.25.1_ding_Ti60F225_Canny_Face_Parallel\ip/DdrCtrl\DdrCtrl.sv (1460)" removed instance : ddr3_ctl_axi/u_efx_ddr3_soft_controller/genblk1.inst_ddr3_axi/inst_efx_ddr3/top_mc/controller_main/dffrs_2527/i36_rst_3
@ "D:\yilingsi_fpga\Efinity_Project\2026.9.25\9.25.1_ding_Ti60F225_Canny_Face_Parallel\ip/DdrCtrl\DdrCtrl.sv (1460)" representative instance : ddr3_ctl_axi/u_efx_ddr3_soft_controller/genblk1.inst_ddr3_axi/inst_efx_ddr3/top_mc/controller_main/dffrs_2527/i94_rst_3
FF|OPT : Flip-flop optimization by equivalence checking
@ "D:\yilingsi_fpga\Efinity_Project\2026.9.25\9.25.1_ding_Ti60F225_Canny_Face_Parallel\ip/DdrCtrl\DdrCtrl.sv (1460)" removed instance : ddr3_ctl_axi/u_efx_ddr3_soft_controller/genblk1.inst_ddr3_axi/inst_efx_ddr3/top_mc/controller_main/dffrs_2527/i35_rst_0
@ "D:\yilingsi_fpga\Efinity_Project\2026.9.25\9.25.1_ding_Ti60F225_Canny_Face_Parallel\ip/DdrCtrl\DdrCtrl.sv (1460)" representative instance : ddr3_ctl_axi/u_efx_ddr3_soft_controller/genblk1.inst_ddr3_axi/inst_efx_ddr3/top_mc/controller_main/dffrs_2527/i94_rst_0
FF|OPT : Flip-flop optimization by equivalence checking
@ "D:\yilingsi_fpga\Efinity_Project\2026.9.25\9.25.1_ding_Ti60F225_Canny_Face_Parallel\ip/DdrCtrl\DdrCtrl.sv (1460)" removed instance : ddr3_ctl_axi/u_efx_ddr3_soft_controller/genblk1.inst_ddr3_axi/inst_efx_ddr3/top_mc/controller_main/dffrs_2527/i35_rst_1
@ "D:\yilingsi_fpga\Efinity_Project\2026.9.25\9.25.1_ding_Ti60F225_Canny_Face_Parallel\ip/DdrCtrl\DdrCtrl.sv (1460)" representative instance : ddr3_ctl_axi/u_efx_ddr3_soft_controller/genblk1.inst_ddr3_axi/inst_efx_ddr3/top_mc/controller_main/dffrs_2527/i94_rst_1
FF|OPT : Flip-flop optimization by equivalence checking
@ "D:\yilingsi_fpga\Efinity_Project\2026.9.25\9.25.1_ding_Ti60F225_Canny_Face_Parallel\ip/DdrCtrl\DdrCtrl.sv (1460)" removed instance : ddr3_ctl_axi/u_efx_ddr3_soft_controller/genblk1.inst_ddr3_axi/inst_efx_ddr3/top_mc/controller_main/dffrs_2527/i35_rst_2
@ "D:\yilingsi_fpga\Efinity_Project\2026.9.25\9.25.1_ding_Ti60F225_Canny_Face_Parallel\ip/DdrCtrl\DdrCtrl.sv (1460)" representative instance : ddr3_ctl_axi/u_efx_ddr3_soft_controller/genblk1.inst_ddr3_axi/inst_efx_ddr3/top_mc/controller_main/dffrs_2527/i94_rst_2
FF|OPT : Flip-flop optimization by equivalence checking
@ "D:\yilingsi_fpga\Efinity_Project\2026.9.25\9.25.1_ding_Ti60F225_Canny_Face_Parallel\ip/DdrCtrl\DdrCtrl.sv (1460)" removed instance : ddr3_ctl_axi/u_efx_ddr3_soft_controller/genblk1.inst_ddr3_axi/inst_efx_ddr3/top_mc/controller_main/dffrs_2527/i35_rst_3
@ "D:\yilingsi_fpga\Efinity_Project\2026.9.25\9.25.1_ding_Ti60F225_Canny_Face_Parallel\ip/DdrCtrl\DdrCtrl.sv (1460)" representative instance : ddr3_ctl_axi/u_efx_ddr3_soft_controller/genblk1.inst_ddr3_axi/inst_efx_ddr3/top_mc/controller_main/dffrs_2527/i94_rst_3
FF|OPT : Flip-flop optimization by equivalence checking
@ "D:\yilingsi_fpga\Efinity_Project\2026.9.25\9.25.1_ding_Ti60F225_Canny_Face_Parallel\ip/DdrCtrl\DdrCtrl.sv (1460)" removed instance : ddr3_ctl_axi/u_efx_ddr3_soft_controller/genblk1.inst_ddr3_axi/inst_efx_ddr3/top_mc/controller_main/dffrs_2527/i34_rst_0
@ "D:\yilingsi_fpga\Efinity_Project\2026.9.25\9.25.1_ding_Ti60F225_Canny_Face_Parallel\ip/DdrCtrl\DdrCtrl.sv (1460)" representative instance : ddr3_ctl_axi/u_efx_ddr3_soft_controller/genblk1.inst_ddr3_axi/inst_efx_ddr3/top_mc/controller_main/dffrs_2527/i94_rst_0
FF|OPT : Flip-flop optimization by equivalence checking
@ "D:\yilingsi_fpga\Efinity_Project\2026.9.25\9.25.1_ding_Ti60F225_Canny_Face_Parallel\ip/DdrCtrl\DdrCtrl.sv (1460)" removed instance : ddr3_ctl_axi/u_efx_ddr3_soft_controller/genblk1.inst_ddr3_axi/inst_efx_ddr3/top_mc/controller_main/dffrs_2527/i34_rst_1
@ "D:\yilingsi_fpga\Efinity_Project\2026.9.25\9.25.1_ding_Ti60F225_Canny_Face_Parallel\ip/DdrCtrl\DdrCtrl.sv (1460)" representative instance : ddr3_ctl_axi/u_efx_ddr3_soft_controller/genblk1.inst_ddr3_axi/inst_efx_ddr3/top_mc/controller_main/dffrs_2527/i94_rst_1
FF|OPT : Flip-flop optimization by equivalence checking
@ "D:\yilingsi_fpga\Efinity_Project\2026.9.25\9.25.1_ding_Ti60F225_Canny_Face_Parallel\ip/DdrCtrl\DdrCtrl.sv (1460)" removed instance : ddr3_ctl_axi/u_efx_ddr3_soft_controller/genblk1.inst_ddr3_axi/inst_efx_ddr3/top_mc/controller_main/dffrs_2527/i34_rst_2
@ "D:\yilingsi_fpga\Efinity_Project\2026.9.25\9.25.1_ding_Ti60F225_Canny_Face_Parallel\ip/DdrCtrl\DdrCtrl.sv (1460)" representative instance : ddr3_ctl_axi/u_efx_ddr3_soft_controller/genblk1.inst_ddr3_axi/inst_efx_ddr3/top_mc/controller_main/dffrs_2527/i94_rst_2
FF|OPT : Flip-flop optimization by equivalence checking
@ "D:\yilingsi_fpga\Efinity_Project\2026.9.25\9.25.1_ding_Ti60F225_Canny_Face_Parallel\ip/DdrCtrl\DdrCtrl.sv (1460)" removed instance : ddr3_ctl_axi/u_efx_ddr3_soft_controller/genblk1.inst_ddr3_axi/inst_efx_ddr3/top_mc/controller_main/dffrs_2527/i34_rst_3
@ "D:\yilingsi_fpga\Efinity_Project\2026.9.25\9.25.1_ding_Ti60F225_Canny_Face_Parallel\ip/DdrCtrl\DdrCtrl.sv (1460)" representative instance : ddr3_ctl_axi/u_efx_ddr3_soft_controller/genblk1.inst_ddr3_axi/inst_efx_ddr3/top_mc/controller_main/dffrs_2527/i94_rst_3
FF|OPT : Flip-flop optimization by equivalence checking
@ "D:\yilingsi_fpga\Efinity_Project\2026.9.25\9.25.1_ding_Ti60F225_Canny_Face_Parallel\ip/DdrCtrl\DdrCtrl.sv (1460)" removed instance : ddr3_ctl_axi/u_efx_ddr3_soft_controller/genblk1.inst_ddr3_axi/inst_efx_ddr3/top_mc/controller_main/dffrs_2527/i33_rst_0
@ "D:\yilingsi_fpga\Efinity_Project\2026.9.25\9.25.1_ding_Ti60F225_Canny_Face_Parallel\ip/DdrCtrl\DdrCtrl.sv (1460)" representative instance : ddr3_ctl_axi/u_efx_ddr3_soft_controller/genblk1.inst_ddr3_axi/inst_efx_ddr3/top_mc/controller_main/dffrs_2527/i94_rst_0
FF|OPT : Flip-flop optimization by equivalence checking
@ "D:\yilingsi_fpga\Efinity_Project\2026.9.25\9.25.1_ding_Ti60F225_Canny_Face_Parallel\ip/DdrCtrl\DdrCtrl.sv (1460)" removed instance : ddr3_ctl_axi/u_efx_ddr3_soft_controller/genblk1.inst_ddr3_axi/inst_efx_ddr3/top_mc/controller_main/dffrs_2527/i33_rst_1
@ "D:\yilingsi_fpga\Efinity_Project\2026.9.25\9.25.1_ding_Ti60F225_Canny_Face_Parallel\ip/DdrCtrl\DdrCtrl.sv (1460)" representative instance : ddr3_ctl_axi/u_efx_ddr3_soft_controller/genblk1.inst_ddr3_axi/inst_efx_ddr3/top_mc/controller_main/dffrs_2527/i94_rst_1
FF|OPT : Flip-flop optimization by equivalence checking
@ "D:\yilingsi_fpga\Efinity_Project\2026.9.25\9.25.1_ding_Ti60F225_Canny_Face_Parallel\ip/DdrCtrl\DdrCtrl.sv (1460)" removed instance : ddr3_ctl_axi/u_efx_ddr3_soft_controller/genblk1.inst_ddr3_axi/inst_efx_ddr3/top_mc/controller_main/dffrs_2527/i33_rst_2
@ "D:\yilingsi_fpga\Efinity_Project\2026.9.25\9.25.1_ding_Ti60F225_Canny_Face_Parallel\ip/DdrCtrl\DdrCtrl.sv (1460)" representative instance : ddr3_ctl_axi/u_efx_ddr3_soft_controller/genblk1.inst_ddr3_axi/inst_efx_ddr3/top_mc/controller_main/dffrs_2527/i94_rst_2
FF|OPT : Flip-flop optimization by equivalence checking
@ "D:\yilingsi_fpga\Efinity_Project\2026.9.25\9.25.1_ding_Ti60F225_Canny_Face_Parallel\ip/DdrCtrl\DdrCtrl.sv (1460)" removed instance : ddr3_ctl_axi/u_efx_ddr3_soft_controller/genblk1.inst_ddr3_axi/inst_efx_ddr3/top_mc/controller_main/dffrs_2527/i33_rst_3
@ "D:\yilingsi_fpga\Efinity_Project\2026.9.25\9.25.1_ding_Ti60F225_Canny_Face_Parallel\ip/DdrCtrl\DdrCtrl.sv (1460)" representative instance : ddr3_ctl_axi/u_efx_ddr3_soft_controller/genblk1.inst_ddr3_axi/inst_efx_ddr3/top_mc/controller_main/dffrs_2527/i94_rst_3
FF|OPT : Flip-flop optimization by equivalence checking
@ "D:\yilingsi_fpga\Efinity_Project\2026.9.25\9.25.1_ding_Ti60F225_Canny_Face_Parallel\ip/DdrCtrl\DdrCtrl.sv (3274)" removed instance : ddr3_ctl_axi/u_efx_ddr3_soft_controller/genblk1.inst_ddr3_axi/inst_efx_ddr3/dff_734/i17
@ "D:\yilingsi_fpga\Efinity_Project\2026.9.25\9.25.1_ding_Ti60F225_Canny_Face_Parallel\ip/DdrCtrl\DdrCtrl.sv (3274)" representative instance : ddr3_ctl_axi/u_efx_ddr3_soft_controller/genblk1.inst_ddr3_axi/inst_efx_ddr3/dff_734/i93
FF|OPT : Flip-flop optimization by equivalence checking
@ "D:\yilingsi_fpga\Efinity_Project\2026.9.25\9.25.1_ding_Ti60F225_Canny_Face_Parallel\ip/DdrCtrl\DdrCtrl.sv (3274)" removed instance : ddr3_ctl_axi/u_efx_ddr3_soft_controller/genblk1.inst_ddr3_axi/inst_efx_ddr3/dff_734/i18
@ "D:\yilingsi_fpga\Efinity_Project\2026.9.25\9.25.1_ding_Ti60F225_Canny_Face_Parallel\ip/DdrCtrl\DdrCtrl.sv (3274)" representative instance : ddr3_ctl_axi/u_efx_ddr3_soft_controller/genblk1.inst_ddr3_axi/inst_efx_ddr3/dff_734/i94
FF|OPT : Flip-flop optimization by equivalence checking
@ "D:\yilingsi_fpga\Efinity_Project\2026.9.25\9.25.1_ding_Ti60F225_Canny_Face_Parallel\ip/DdrCtrl\DdrCtrl.sv (3274)" removed instance : ddr3_ctl_axi/u_efx_ddr3_soft_controller/genblk1.inst_ddr3_axi/inst_efx_ddr3/dff_734/i19
@ "D:\yilingsi_fpga\Efinity_Project\2026.9.25\9.25.1_ding_Ti60F225_Canny_Face_Parallel\ip/DdrCtrl\DdrCtrl.sv (3274)" representative instance : ddr3_ctl_axi/u_efx_ddr3_soft_controller/genblk1.inst_ddr3_axi/inst_efx_ddr3/dff_734/i94
FF|OPT : Flip-flop optimization by equivalence checking
@ "D:\yilingsi_fpga\Efinity_Project\2026.9.25\9.25.1_ding_Ti60F225_Canny_Face_Parallel\ip/DdrCtrl\DdrCtrl.sv (3274)" removed instance : ddr3_ctl_axi/u_efx_ddr3_soft_controller/genblk1.inst_ddr3_axi/inst_efx_ddr3/dff_734/i20
@ "D:\yilingsi_fpga\Efinity_Project\2026.9.25\9.25.1_ding_Ti60F225_Canny_Face_Parallel\ip/DdrCtrl\DdrCtrl.sv (3274)" representative instance : ddr3_ctl_axi/u_efx_ddr3_soft_controller/genblk1.inst_ddr3_axi/inst_efx_ddr3/dff_734/i92
FF|OPT : Flip-flop optimization by equivalence checking
@ "D:\yilingsi_fpga\Efinity_Project\2026.9.25\9.25.1_ding_Ti60F225_Canny_Face_Parallel\ip/DdrCtrl\DdrCtrl.sv (3274)" removed instance : ddr3_ctl_axi/u_efx_ddr3_soft_controller/genblk1.inst_ddr3_axi/inst_efx_ddr3/dff_734/i21
@ "D:\yilingsi_fpga\Efinity_Project\2026.9.25\9.25.1_ding_Ti60F225_Canny_Face_Parallel\ip/DdrCtrl\DdrCtrl.sv (3274)" representative instance : ddr3_ctl_axi/u_efx_ddr3_soft_controller/genblk1.inst_ddr3_axi/inst_efx_ddr3/dff_734/i81
FF|OPT : Flip-flop optimization by equivalence checking
@ "D:\yilingsi_fpga\Efinity_Project\2026.9.25\9.25.1_ding_Ti60F225_Canny_Face_Parallel\ip/DdrCtrl\DdrCtrl.sv (3274)" removed instance : ddr3_ctl_axi/u_efx_ddr3_soft_controller/genblk1.inst_ddr3_axi/inst_efx_ddr3/dff_734/i22
@ "D:\yilingsi_fpga\Efinity_Project\2026.9.25\9.25.1_ding_Ti60F225_Canny_Face_Parallel\ip/DdrCtrl\DdrCtrl.sv (3274)" representative instance : ddr3_ctl_axi/u_efx_ddr3_soft_controller/genblk1.inst_ddr3_axi/inst_efx_ddr3/dff_734/i35
FF|OPT : Flip-flop optimization by equivalence checking
@ "D:\yilingsi_fpga\Efinity_Project\2026.9.25\9.25.1_ding_Ti60F225_Canny_Face_Parallel\ip/DdrCtrl\DdrCtrl.sv (3274)" removed instance : ddr3_ctl_axi/u_efx_ddr3_soft_controller/genblk1.inst_ddr3_axi/inst_efx_ddr3/dff_734/i23
@ "D:\yilingsi_fpga\Efinity_Project\2026.9.25\9.25.1_ding_Ti60F225_Canny_Face_Parallel\ip/DdrCtrl\DdrCtrl.sv (3274)" representative instance : ddr3_ctl_axi/u_efx_ddr3_soft_controller/genblk1.inst_ddr3_axi/inst_efx_ddr3/dff_734/i86
FF|OPT : Flip-flop optimization by equivalence checking
@ "D:\yilingsi_fpga\Efinity_Project\2026.9.25\9.25.1_ding_Ti60F225_Canny_Face_Parallel\ip/DdrCtrl\DdrCtrl.sv (3274)" removed instance : ddr3_ctl_axi/u_efx_ddr3_soft_controller/genblk1.inst_ddr3_axi/inst_efx_ddr3/dff_734/i24
@ "D:\yilingsi_fpga\Efinity_Project\2026.9.25\9.25.1_ding_Ti60F225_Canny_Face_Parallel\ip/DdrCtrl\DdrCtrl.sv (3274)" representative instance : ddr3_ctl_axi/u_efx_ddr3_soft_controller/genblk1.inst_ddr3_axi/inst_efx_ddr3/dff_734/i88
FF|OPT : Flip-flop optimization by equivalence checking
@ "D:\yilingsi_fpga\Efinity_Project\2026.9.25\9.25.1_ding_Ti60F225_Canny_Face_Parallel\ip/DdrCtrl\DdrCtrl.sv (3274)" removed instance : ddr3_ctl_axi/u_efx_ddr3_soft_controller/genblk1.inst_ddr3_axi/inst_efx_ddr3/dff_734/i25
@ "D:\yilingsi_fpga\Efinity_Project\2026.9.25\9.25.1_ding_Ti60F225_Canny_Face_Parallel\ip/DdrCtrl\DdrCtrl.sv (3274)" representative instance : ddr3_ctl_axi/u_efx_ddr3_soft_controller/genblk1.inst_ddr3_axi/inst_efx_ddr3/dff_734/i85
FF|OPT : Flip-flop optimization by equivalence checking
@ "D:\yilingsi_fpga\Efinity_Project\2026.9.25\9.25.1_ding_Ti60F225_Canny_Face_Parallel\ip/DdrCtrl\DdrCtrl.sv (3274)" removed instance : ddr3_ctl_axi/u_efx_ddr3_soft_controller/genblk1.inst_ddr3_axi/inst_efx_ddr3/dff_734/i26
@ "D:\yilingsi_fpga\Efinity_Project\2026.9.25\9.25.1_ding_Ti60F225_Canny_Face_Parallel\ip/DdrCtrl\DdrCtrl.sv (3274)" representative instance : ddr3_ctl_axi/u_efx_ddr3_soft_controller/genblk1.inst_ddr3_axi/inst_efx_ddr3/dff_734/i94
FF|OPT : Flip-flop optimization by equivalence checking
@ "D:\yilingsi_fpga\Efinity_Project\2026.9.25\9.25.1_ding_Ti60F225_Canny_Face_Parallel\ip/DdrCtrl\DdrCtrl.sv (3274)" removed instance : ddr3_ctl_axi/u_efx_ddr3_soft_controller/genblk1.inst_ddr3_axi/inst_efx_ddr3/dff_734/i27
@ "D:\yilingsi_fpga\Efinity_Project\2026.9.25\9.25.1_ding_Ti60F225_Canny_Face_Parallel\ip/DdrCtrl\DdrCtrl.sv (3274)" representative instance : ddr3_ctl_axi/u_efx_ddr3_soft_controller/genblk1.inst_ddr3_axi/inst_efx_ddr3/dff_734/i94
FF|OPT : Flip-flop optimization by equivalence checking
@ "D:\yilingsi_fpga\Efinity_Project\2026.9.25\9.25.1_ding_Ti60F225_Canny_Face_Parallel\ip/DdrCtrl\DdrCtrl.sv (3274)" removed instance : ddr3_ctl_axi/u_efx_ddr3_soft_controller/genblk1.inst_ddr3_axi/inst_efx_ddr3/dff_734/i28
@ "D:\yilingsi_fpga\Efinity_Project\2026.9.25\9.25.1_ding_Ti60F225_Canny_Face_Parallel\ip/DdrCtrl\DdrCtrl.sv (3274)" representative instance : ddr3_ctl_axi/u_efx_ddr3_soft_controller/genblk1.inst_ddr3_axi/inst_efx_ddr3/dff_734/i92
FF|OPT : Flip-flop optimization by equivalence checking
@ "D:\yilingsi_fpga\Efinity_Project\2026.9.25\9.25.1_ding_Ti60F225_Canny_Face_Parallel\ip/DdrCtrl\DdrCtrl.sv (3274)" removed instance : ddr3_ctl_axi/u_efx_ddr3_soft_controller/genblk1.inst_ddr3_axi/inst_efx_ddr3/dff_734/i29
@ "D:\yilingsi_fpga\Efinity_Project\2026.9.25\9.25.1_ding_Ti60F225_Canny_Face_Parallel\ip/DdrCtrl\DdrCtrl.sv (3274)" representative instance : ddr3_ctl_axi/u_efx_ddr3_soft_controller/genblk1.inst_ddr3_axi/inst_efx_ddr3/dff_734/i93
FF|OPT : Flip-flop optimization by equivalence checking
@ "D:\yilingsi_fpga\Efinity_Project\2026.9.25\9.25.1_ding_Ti60F225_Canny_Face_Parallel\ip/DdrCtrl\DdrCtrl.sv (3274)" removed instance : ddr3_ctl_axi/u_efx_ddr3_soft_controller/genblk1.inst_ddr3_axi/inst_efx_ddr3/dff_734/i30
@ "D:\yilingsi_fpga\Efinity_Project\2026.9.25\9.25.1_ding_Ti60F225_Canny_Face_Parallel\ip/DdrCtrl\DdrCtrl.sv (3274)" representative instance : ddr3_ctl_axi/u_efx_ddr3_soft_controller/genblk1.inst_ddr3_axi/inst_efx_ddr3/dff_734/i86
FF|OPT : Flip-flop optimization by equivalence checking
@ "D:\yilingsi_fpga\Efinity_Project\2026.9.25\9.25.1_ding_Ti60F225_Canny_Face_Parallel\ip/DdrCtrl\DdrCtrl.sv (3274)" removed instance : ddr3_ctl_axi/u_efx_ddr3_soft_controller/genblk1.inst_ddr3_axi/inst_efx_ddr3/dff_734/i31
@ "D:\yilingsi_fpga\Efinity_Project\2026.9.25\9.25.1_ding_Ti60F225_Canny_Face_Parallel\ip/DdrCtrl\DdrCtrl.sv (3274)" representative instance : ddr3_ctl_axi/u_efx_ddr3_soft_controller/genblk1.inst_ddr3_axi/inst_efx_ddr3/dff_734/i35
FF|OPT : Flip-flop optimization by equivalence checking
@ "D:\yilingsi_fpga\Efinity_Project\2026.9.25\9.25.1_ding_Ti60F225_Canny_Face_Parallel\ip/DdrCtrl\DdrCtrl.sv (3274)" removed instance : ddr3_ctl_axi/u_efx_ddr3_soft_controller/genblk1.inst_ddr3_axi/inst_efx_ddr3/dff_734/i32
@ "D:\yilingsi_fpga\Efinity_Project\2026.9.25\9.25.1_ding_Ti60F225_Canny_Face_Parallel\ip/DdrCtrl\DdrCtrl.sv (3274)" representative instance : ddr3_ctl_axi/u_efx_ddr3_soft_controller/genblk1.inst_ddr3_axi/inst_efx_ddr3/dff_734/i88
FF|OPT : Flip-flop optimization by equivalence checking
@ "D:\yilingsi_fpga\Efinity_Project\2026.9.25\9.25.1_ding_Ti60F225_Canny_Face_Parallel\ip/DdrCtrl\DdrCtrl.sv (1460)" removed instance : ddr3_ctl_axi/u_efx_ddr3_soft_controller/genblk1.inst_ddr3_axi/inst_efx_ddr3/top_mc/controller_main/dffrs_2527/i32_rst_0
@ "D:\yilingsi_fpga\Efinity_Project\2026.9.25\9.25.1_ding_Ti60F225_Canny_Face_Parallel\ip/DdrCtrl\DdrCtrl.sv (1460)" representative instance : ddr3_ctl_axi/u_efx_ddr3_soft_controller/genblk1.inst_ddr3_axi/inst_efx_ddr3/top_mc/controller_main/dffrs_2527/i94_rst_0
FF|OPT : Flip-flop optimization by equivalence checking
@ "D:\yilingsi_fpga\Efinity_Project\2026.9.25\9.25.1_ding_Ti60F225_Canny_Face_Parallel\ip/DdrCtrl\DdrCtrl.sv (1460)" removed instance : ddr3_ctl_axi/u_efx_ddr3_soft_controller/genblk1.inst_ddr3_axi/inst_efx_ddr3/top_mc/controller_main/dffrs_2527/i32_rst_1
@ "D:\yilingsi_fpga\Efinity_Project\2026.9.25\9.25.1_ding_Ti60F225_Canny_Face_Parallel\ip/DdrCtrl\DdrCtrl.sv (1460)" representative instance : ddr3_ctl_axi/u_efx_ddr3_soft_controller/genblk1.inst_ddr3_axi/inst_efx_ddr3/top_mc/controller_main/dffrs_2527/i94_rst_1
FF|OPT : Flip-flop optimization by equivalence checking
@ "D:\yilingsi_fpga\Efinity_Project\2026.9.25\9.25.1_ding_Ti60F225_Canny_Face_Parallel\ip/DdrCtrl\DdrCtrl.sv (1460)" removed instance : ddr3_ctl_axi/u_efx_ddr3_soft_controller/genblk1.inst_ddr3_axi/inst_efx_ddr3/top_mc/controller_main/dffrs_2527/i32_rst_2
@ "D:\yilingsi_fpga\Efinity_Project\2026.9.25\9.25.1_ding_Ti60F225_Canny_Face_Parallel\ip/DdrCtrl\DdrCtrl.sv (1460)" representative instance : ddr3_ctl_axi/u_efx_ddr3_soft_controller/genblk1.inst_ddr3_axi/inst_efx_ddr3/top_mc/controller_main/dffrs_2527/i94_rst_2
FF|OPT : Flip-flop optimization by equivalence checking
@ "D:\yilingsi_fpga\Efinity_Project\2026.9.25\9.25.1_ding_Ti60F225_Canny_Face_Parallel\ip/DdrCtrl\DdrCtrl.sv (1460)" removed instance : ddr3_ctl_axi/u_efx_ddr3_soft_controller/genblk1.inst_ddr3_axi/inst_efx_ddr3/top_mc/controller_main/dffrs_2527/i32_rst_3
@ "D:\yilingsi_fpga\Efinity_Project\2026.9.25\9.25.1_ding_Ti60F225_Canny_Face_Parallel\ip/DdrCtrl\DdrCtrl.sv (1460)" representative instance : ddr3_ctl_axi/u_efx_ddr3_soft_controller/genblk1.inst_ddr3_axi/inst_efx_ddr3/top_mc/controller_main/dffrs_2527/i94_rst_3
FF|OPT : Flip-flop optimization by equivalence checking
@ "D:\yilingsi_fpga\Efinity_Project\2026.9.25\9.25.1_ding_Ti60F225_Canny_Face_Parallel\ip/DdrCtrl\DdrCtrl.sv (1460)" removed instance : ddr3_ctl_axi/u_efx_ddr3_soft_controller/genblk1.inst_ddr3_axi/inst_efx_ddr3/top_mc/controller_main/dffrs_2527/i31_rst_0
@ "D:\yilingsi_fpga\Efinity_Project\2026.9.25\9.25.1_ding_Ti60F225_Canny_Face_Parallel\ip/DdrCtrl\DdrCtrl.sv (1460)" representative instance : ddr3_ctl_axi/u_efx_ddr3_soft_controller/genblk1.inst_ddr3_axi/inst_efx_ddr3/top_mc/controller_main/dffrs_2527/i94_rst_0
FF|OPT : Flip-flop optimization by equivalence checking
@ "D:\yilingsi_fpga\Efinity_Project\2026.9.25\9.25.1_ding_Ti60F225_Canny_Face_Parallel\ip/DdrCtrl\DdrCtrl.sv (1460)" removed instance : ddr3_ctl_axi/u_efx_ddr3_soft_controller/genblk1.inst_ddr3_axi/inst_efx_ddr3/top_mc/controller_main/dffrs_2527/i31_rst_1
@ "D:\yilingsi_fpga\Efinity_Project\2026.9.25\9.25.1_ding_Ti60F225_Canny_Face_Parallel\ip/DdrCtrl\DdrCtrl.sv (1460)" representative instance : ddr3_ctl_axi/u_efx_ddr3_soft_controller/genblk1.inst_ddr3_axi/inst_efx_ddr3/top_mc/controller_main/dffrs_2527/i94_rst_1
FF|OPT : Flip-flop optimization by equivalence checking
@ "D:\yilingsi_fpga\Efinity_Project\2026.9.25\9.25.1_ding_Ti60F225_Canny_Face_Parallel\ip/DdrCtrl\DdrCtrl.sv (1460)" removed instance : ddr3_ctl_axi/u_efx_ddr3_soft_controller/genblk1.inst_ddr3_axi/inst_efx_ddr3/top_mc/controller_main/dffrs_2527/i31_rst_2
@ "D:\yilingsi_fpga\Efinity_Project\2026.9.25\9.25.1_ding_Ti60F225_Canny_Face_Parallel\ip/DdrCtrl\DdrCtrl.sv (1460)" representative instance : ddr3_ctl_axi/u_efx_ddr3_soft_controller/genblk1.inst_ddr3_axi/inst_efx_ddr3/top_mc/controller_main/dffrs_2527/i94_rst_2
FF|OPT : Flip-flop optimization by equivalence checking
@ "D:\yilingsi_fpga\Efinity_Project\2026.9.25\9.25.1_ding_Ti60F225_Canny_Face_Parallel\ip/DdrCtrl\DdrCtrl.sv (1460)" removed instance : ddr3_ctl_axi/u_efx_ddr3_soft_controller/genblk1.inst_ddr3_axi/inst_efx_ddr3/top_mc/controller_main/dffrs_2527/i31_rst_3
@ "D:\yilingsi_fpga\Efinity_Project\2026.9.25\9.25.1_ding_Ti60F225_Canny_Face_Parallel\ip/DdrCtrl\DdrCtrl.sv (1460)" representative instance : ddr3_ctl_axi/u_efx_ddr3_soft_controller/genblk1.inst_ddr3_axi/inst_efx_ddr3/top_mc/controller_main/dffrs_2527/i94_rst_3
FF|OPT : Flip-flop optimization by equivalence checking
@ "D:\yilingsi_fpga\Efinity_Project\2026.9.25\9.25.1_ding_Ti60F225_Canny_Face_Parallel\ip/DdrCtrl\DdrCtrl.sv (1460)" removed instance : ddr3_ctl_axi/u_efx_ddr3_soft_controller/genblk1.inst_ddr3_axi/inst_efx_ddr3/top_mc/controller_main/dffrs_2527/i3_rst_0
@ "D:\yilingsi_fpga\Efinity_Project\2026.9.25\9.25.1_ding_Ti60F225_Canny_Face_Parallel\ip/DdrCtrl\DdrCtrl.sv (1460)" representative instance : ddr3_ctl_axi/u_efx_ddr3_soft_controller/genblk1.inst_ddr3_axi/inst_efx_ddr3/top_mc/controller_main/dffrs_2527/i94_rst_0
FF|OPT : Flip-flop optimization by equivalence checking
@ "D:\yilingsi_fpga\Efinity_Project\2026.9.25\9.25.1_ding_Ti60F225_Canny_Face_Parallel\ip/DdrCtrl\DdrCtrl.sv (1460)" removed instance : ddr3_ctl_axi/u_efx_ddr3_soft_controller/genblk1.inst_ddr3_axi/inst_efx_ddr3/top_mc/controller_main/dffrs_2527/i3_rst_1
@ "D:\yilingsi_fpga\Efinity_Project\2026.9.25\9.25.1_ding_Ti60F225_Canny_Face_Parallel\ip/DdrCtrl\DdrCtrl.sv (1460)" representative instance : ddr3_ctl_axi/u_efx_ddr3_soft_controller/genblk1.inst_ddr3_axi/inst_efx_ddr3/top_mc/controller_main/dffrs_2527/i94_rst_1
FF|OPT : Flip-flop optimization by equivalence checking
@ "D:\yilingsi_fpga\Efinity_Project\2026.9.25\9.25.1_ding_Ti60F225_Canny_Face_Parallel\ip/DdrCtrl\DdrCtrl.sv (1460)" removed instance : ddr3_ctl_axi/u_efx_ddr3_soft_controller/genblk1.inst_ddr3_axi/inst_efx_ddr3/top_mc/controller_main/dffrs_2527/i3_rst_2
@ "D:\yilingsi_fpga\Efinity_Project\2026.9.25\9.25.1_ding_Ti60F225_Canny_Face_Parallel\ip/DdrCtrl\DdrCtrl.sv (1460)" representative instance : ddr3_ctl_axi/u_efx_ddr3_soft_controller/genblk1.inst_ddr3_axi/inst_efx_ddr3/top_mc/controller_main/dffrs_2527/i94_rst_2
FF|OPT : Flip-flop optimization by equivalence checking
@ "D:\yilingsi_fpga\Efinity_Project\2026.9.25\9.25.1_ding_Ti60F225_Canny_Face_Parallel\ip/DdrCtrl\DdrCtrl.sv (1460)" removed instance : ddr3_ctl_axi/u_efx_ddr3_soft_controller/genblk1.inst_ddr3_axi/inst_efx_ddr3/top_mc/controller_main/dffrs_2527/i3_rst_3
@ "D:\yilingsi_fpga\Efinity_Project\2026.9.25\9.25.1_ding_Ti60F225_Canny_Face_Parallel\ip/DdrCtrl\DdrCtrl.sv (1460)" representative instance : ddr3_ctl_axi/u_efx_ddr3_soft_controller/genblk1.inst_ddr3_axi/inst_efx_ddr3/top_mc/controller_main/dffrs_2527/i94_rst_3
FF|OPT : Flip-flop optimization by equivalence checking
@ "D:\yilingsi_fpga\Efinity_Project\2026.9.25\9.25.1_ding_Ti60F225_Canny_Face_Parallel\ip/DdrCtrl\DdrCtrl.sv (1460)" removed instance : ddr3_ctl_axi/u_efx_ddr3_soft_controller/genblk1.inst_ddr3_axi/inst_efx_ddr3/top_mc/controller_main/dffrs_2527/i30_rst_0
@ "D:\yilingsi_fpga\Efinity_Project\2026.9.25\9.25.1_ding_Ti60F225_Canny_Face_Parallel\ip/DdrCtrl\DdrCtrl.sv (1460)" representative instance : ddr3_ctl_axi/u_efx_ddr3_soft_controller/genblk1.inst_ddr3_axi/inst_efx_ddr3/top_mc/controller_main/dffrs_2527/i94_rst_0
FF|OPT : Flip-flop optimization by equivalence checking
@ "D:\yilingsi_fpga\Efinity_Project\2026.9.25\9.25.1_ding_Ti60F225_Canny_Face_Parallel\ip/DdrCtrl\DdrCtrl.sv (1460)" removed instance : ddr3_ctl_axi/u_efx_ddr3_soft_controller/genblk1.inst_ddr3_axi/inst_efx_ddr3/top_mc/controller_main/dffrs_2527/i30_rst_1
@ "D:\yilingsi_fpga\Efinity_Project\2026.9.25\9.25.1_ding_Ti60F225_Canny_Face_Parallel\ip/DdrCtrl\DdrCtrl.sv (1460)" representative instance : ddr3_ctl_axi/u_efx_ddr3_soft_controller/genblk1.inst_ddr3_axi/inst_efx_ddr3/top_mc/controller_main/dffrs_2527/i94_rst_1
FF|OPT : Flip-flop optimization by equivalence checking
@ "D:\yilingsi_fpga\Efinity_Project\2026.9.25\9.25.1_ding_Ti60F225_Canny_Face_Parallel\ip/DdrCtrl\DdrCtrl.sv (1460)" removed instance : ddr3_ctl_axi/u_efx_ddr3_soft_controller/genblk1.inst_ddr3_axi/inst_efx_ddr3/top_mc/controller_main/dffrs_2527/i30_rst_2
@ "D:\yilingsi_fpga\Efinity_Project\2026.9.25\9.25.1_ding_Ti60F225_Canny_Face_Parallel\ip/DdrCtrl\DdrCtrl.sv (1460)" representative instance : ddr3_ctl_axi/u_efx_ddr3_soft_controller/genblk1.inst_ddr3_axi/inst_efx_ddr3/top_mc/controller_main/dffrs_2527/i94_rst_2
FF|OPT : Flip-flop optimization by equivalence checking
@ "D:\yilingsi_fpga\Efinity_Project\2026.9.25\9.25.1_ding_Ti60F225_Canny_Face_Parallel\ip/DdrCtrl\DdrCtrl.sv (1460)" removed instance : ddr3_ctl_axi/u_efx_ddr3_soft_controller/genblk1.inst_ddr3_axi/inst_efx_ddr3/top_mc/controller_main/dffrs_2527/i30_rst_3
@ "D:\yilingsi_fpga\Efinity_Project\2026.9.25\9.25.1_ding_Ti60F225_Canny_Face_Parallel\ip/DdrCtrl\DdrCtrl.sv (1460)" representative instance : ddr3_ctl_axi/u_efx_ddr3_soft_controller/genblk1.inst_ddr3_axi/inst_efx_ddr3/top_mc/controller_main/dffrs_2527/i94_rst_3
FF|OPT : Flip-flop optimization by equivalence checking
@ "D:\yilingsi_fpga\Efinity_Project\2026.9.25\9.25.1_ding_Ti60F225_Canny_Face_Parallel\ip/DdrCtrl\DdrCtrl.sv (1460)" removed instance : ddr3_ctl_axi/u_efx_ddr3_soft_controller/genblk1.inst_ddr3_axi/inst_efx_ddr3/top_mc/controller_main/dffrs_2527/i29_rst_0
@ "D:\yilingsi_fpga\Efinity_Project\2026.9.25\9.25.1_ding_Ti60F225_Canny_Face_Parallel\ip/DdrCtrl\DdrCtrl.sv (1460)" representative instance : ddr3_ctl_axi/u_efx_ddr3_soft_controller/genblk1.inst_ddr3_axi/inst_efx_ddr3/top_mc/controller_main/dffrs_2527/i94_rst_0
FF|OPT : Flip-flop optimization by equivalence checking
@ "D:\yilingsi_fpga\Efinity_Project\2026.9.25\9.25.1_ding_Ti60F225_Canny_Face_Parallel\ip/DdrCtrl\DdrCtrl.sv (1460)" removed instance : ddr3_ctl_axi/u_efx_ddr3_soft_controller/genblk1.inst_ddr3_axi/inst_efx_ddr3/top_mc/controller_main/dffrs_2527/i29_rst_1
@ "D:\yilingsi_fpga\Efinity_Project\2026.9.25\9.25.1_ding_Ti60F225_Canny_Face_Parallel\ip/DdrCtrl\DdrCtrl.sv (1460)" representative instance : ddr3_ctl_axi/u_efx_ddr3_soft_controller/genblk1.inst_ddr3_axi/inst_efx_ddr3/top_mc/controller_main/dffrs_2527/i94_rst_1
FF|OPT : Flip-flop optimization by equivalence checking
@ "D:\yilingsi_fpga\Efinity_Project\2026.9.25\9.25.1_ding_Ti60F225_Canny_Face_Parallel\ip/DdrCtrl\DdrCtrl.sv (1460)" removed instance : ddr3_ctl_axi/u_efx_ddr3_soft_controller/genblk1.inst_ddr3_axi/inst_efx_ddr3/top_mc/controller_main/dffrs_2527/i29_rst_2
@ "D:\yilingsi_fpga\Efinity_Project\2026.9.25\9.25.1_ding_Ti60F225_Canny_Face_Parallel\ip/DdrCtrl\DdrCtrl.sv (1460)" representative instance : ddr3_ctl_axi/u_efx_ddr3_soft_controller/genblk1.inst_ddr3_axi/inst_efx_ddr3/top_mc/controller_main/dffrs_2527/i94_rst_2
FF|OPT : Flip-flop optimization by equivalence checking
@ "D:\yilingsi_fpga\Efinity_Project\2026.9.25\9.25.1_ding_Ti60F225_Canny_Face_Parallel\ip/DdrCtrl\DdrCtrl.sv (1460)" removed instance : ddr3_ctl_axi/u_efx_ddr3_soft_controller/genblk1.inst_ddr3_axi/inst_efx_ddr3/top_mc/controller_main/dffrs_2527/i29_rst_3
@ "D:\yilingsi_fpga\Efinity_Project\2026.9.25\9.25.1_ding_Ti60F225_Canny_Face_Parallel\ip/DdrCtrl\DdrCtrl.sv (1460)" representative instance : ddr3_ctl_axi/u_efx_ddr3_soft_controller/genblk1.inst_ddr3_axi/inst_efx_ddr3/top_mc/controller_main/dffrs_2527/i94_rst_3
FF|OPT : Flip-flop optimization by equivalence checking
@ "D:\yilingsi_fpga\Efinity_Project\2026.9.25\9.25.1_ding_Ti60F225_Canny_Face_Parallel\ip/DdrCtrl\DdrCtrl.sv (1460)" removed instance : ddr3_ctl_axi/u_efx_ddr3_soft_controller/genblk1.inst_ddr3_axi/inst_efx_ddr3/top_mc/controller_main/dffrs_2527/i28_rst_0
@ "D:\yilingsi_fpga\Efinity_Project\2026.9.25\9.25.1_ding_Ti60F225_Canny_Face_Parallel\ip/DdrCtrl\DdrCtrl.sv (1460)" representative instance : ddr3_ctl_axi/u_efx_ddr3_soft_controller/genblk1.inst_ddr3_axi/inst_efx_ddr3/top_mc/controller_main/dffrs_2527/i94_rst_0
FF|OPT : Flip-flop optimization by equivalence checking
@ "D:\yilingsi_fpga\Efinity_Project\2026.9.25\9.25.1_ding_Ti60F225_Canny_Face_Parallel\ip/DdrCtrl\DdrCtrl.sv (1460)" removed instance : ddr3_ctl_axi/u_efx_ddr3_soft_controller/genblk1.inst_ddr3_axi/inst_efx_ddr3/top_mc/controller_main/dffrs_2527/i28_rst_1
@ "D:\yilingsi_fpga\Efinity_Project\2026.9.25\9.25.1_ding_Ti60F225_Canny_Face_Parallel\ip/DdrCtrl\DdrCtrl.sv (1460)" representative instance : ddr3_ctl_axi/u_efx_ddr3_soft_controller/genblk1.inst_ddr3_axi/inst_efx_ddr3/top_mc/controller_main/dffrs_2527/i94_rst_1
FF|OPT : Flip-flop optimization by equivalence checking
@ "D:\yilingsi_fpga\Efinity_Project\2026.9.25\9.25.1_ding_Ti60F225_Canny_Face_Parallel\ip/DdrCtrl\DdrCtrl.sv (1460)" removed instance : ddr3_ctl_axi/u_efx_ddr3_soft_controller/genblk1.inst_ddr3_axi/inst_efx_ddr3/top_mc/controller_main/dffrs_2527/i28_rst_2
@ "D:\yilingsi_fpga\Efinity_Project\2026.9.25\9.25.1_ding_Ti60F225_Canny_Face_Parallel\ip/DdrCtrl\DdrCtrl.sv (1460)" representative instance : ddr3_ctl_axi/u_efx_ddr3_soft_controller/genblk1.inst_ddr3_axi/inst_efx_ddr3/top_mc/controller_main/dffrs_2527/i94_rst_2
FF|OPT : Flip-flop optimization by equivalence checking
@ "D:\yilingsi_fpga\Efinity_Project\2026.9.25\9.25.1_ding_Ti60F225_Canny_Face_Parallel\ip/DdrCtrl\DdrCtrl.sv (1460)" removed instance : ddr3_ctl_axi/u_efx_ddr3_soft_controller/genblk1.inst_ddr3_axi/inst_efx_ddr3/top_mc/controller_main/dffrs_2527/i28_rst_3
@ "D:\yilingsi_fpga\Efinity_Project\2026.9.25\9.25.1_ding_Ti60F225_Canny_Face_Parallel\ip/DdrCtrl\DdrCtrl.sv (1460)" representative instance : ddr3_ctl_axi/u_efx_ddr3_soft_controller/genblk1.inst_ddr3_axi/inst_efx_ddr3/top_mc/controller_main/dffrs_2527/i94_rst_3
FF|OPT : Flip-flop optimization by equivalence checking
@ "D:\yilingsi_fpga\Efinity_Project\2026.9.25\9.25.1_ding_Ti60F225_Canny_Face_Parallel\ip/DdrCtrl\DdrCtrl.sv (1460)" removed instance : ddr3_ctl_axi/u_efx_ddr3_soft_controller/genblk1.inst_ddr3_axi/inst_efx_ddr3/top_mc/controller_main/dffrs_2527/i27_rst_0
@ "D:\yilingsi_fpga\Efinity_Project\2026.9.25\9.25.1_ding_Ti60F225_Canny_Face_Parallel\ip/DdrCtrl\DdrCtrl.sv (1460)" representative instance : ddr3_ctl_axi/u_efx_ddr3_soft_controller/genblk1.inst_ddr3_axi/inst_efx_ddr3/top_mc/controller_main/dffrs_2527/i94_rst_0
FF|OPT : Flip-flop optimization by equivalence checking
@ "D:\yilingsi_fpga\Efinity_Project\2026.9.25\9.25.1_ding_Ti60F225_Canny_Face_Parallel\ip/DdrCtrl\DdrCtrl.sv (1460)" removed instance : ddr3_ctl_axi/u_efx_ddr3_soft_controller/genblk1.inst_ddr3_axi/inst_efx_ddr3/top_mc/controller_main/dffrs_2527/i27_rst_1
@ "D:\yilingsi_fpga\Efinity_Project\2026.9.25\9.25.1_ding_Ti60F225_Canny_Face_Parallel\ip/DdrCtrl\DdrCtrl.sv (1460)" representative instance : ddr3_ctl_axi/u_efx_ddr3_soft_controller/genblk1.inst_ddr3_axi/inst_efx_ddr3/top_mc/controller_main/dffrs_2527/i94_rst_1
FF|OPT : Flip-flop optimization by equivalence checking
@ "D:\yilingsi_fpga\Efinity_Project\2026.9.25\9.25.1_ding_Ti60F225_Canny_Face_Parallel\ip/DdrCtrl\DdrCtrl.sv (1460)" removed instance : ddr3_ctl_axi/u_efx_ddr3_soft_controller/genblk1.inst_ddr3_axi/inst_efx_ddr3/top_mc/controller_main/dffrs_2527/i27_rst_2
@ "D:\yilingsi_fpga\Efinity_Project\2026.9.25\9.25.1_ding_Ti60F225_Canny_Face_Parallel\ip/DdrCtrl\DdrCtrl.sv (1460)" representative instance : ddr3_ctl_axi/u_efx_ddr3_soft_controller/genblk1.inst_ddr3_axi/inst_efx_ddr3/top_mc/controller_main/dffrs_2527/i94_rst_2
FF|OPT : Flip-flop optimization by equivalence checking
@ "D:\yilingsi_fpga\Efinity_Project\2026.9.25\9.25.1_ding_Ti60F225_Canny_Face_Parallel\ip/DdrCtrl\DdrCtrl.sv (1460)" removed instance : ddr3_ctl_axi/u_efx_ddr3_soft_controller/genblk1.inst_ddr3_axi/inst_efx_ddr3/top_mc/controller_main/dffrs_2527/i27_rst_3
@ "D:\yilingsi_fpga\Efinity_Project\2026.9.25\9.25.1_ding_Ti60F225_Canny_Face_Parallel\ip/DdrCtrl\DdrCtrl.sv (1460)" representative instance : ddr3_ctl_axi/u_efx_ddr3_soft_controller/genblk1.inst_ddr3_axi/inst_efx_ddr3/top_mc/controller_main/dffrs_2527/i94_rst_3
FF|OPT : Flip-flop optimization by equivalence checking
@ "D:\yilingsi_fpga\Efinity_Project\2026.9.25\9.25.1_ding_Ti60F225_Canny_Face_Parallel\ip/DdrCtrl\DdrCtrl.sv (1460)" removed instance : ddr3_ctl_axi/u_efx_ddr3_soft_controller/genblk1.inst_ddr3_axi/inst_efx_ddr3/top_mc/controller_main/dffrs_2527/i26_rst_0
@ "D:\yilingsi_fpga\Efinity_Project\2026.9.25\9.25.1_ding_Ti60F225_Canny_Face_Parallel\ip/DdrCtrl\DdrCtrl.sv (1460)" representative instance : ddr3_ctl_axi/u_efx_ddr3_soft_controller/genblk1.inst_ddr3_axi/inst_efx_ddr3/top_mc/controller_main/dffrs_2527/i94_rst_0
FF|OPT : Flip-flop optimization by equivalence checking
@ "D:\yilingsi_fpga\Efinity_Project\2026.9.25\9.25.1_ding_Ti60F225_Canny_Face_Parallel\ip/DdrCtrl\DdrCtrl.sv (1460)" removed instance : ddr3_ctl_axi/u_efx_ddr3_soft_controller/genblk1.inst_ddr3_axi/inst_efx_ddr3/top_mc/controller_main/dffrs_2527/i26_rst_1
@ "D:\yilingsi_fpga\Efinity_Project\2026.9.25\9.25.1_ding_Ti60F225_Canny_Face_Parallel\ip/DdrCtrl\DdrCtrl.sv (1460)" representative instance : ddr3_ctl_axi/u_efx_ddr3_soft_controller/genblk1.inst_ddr3_axi/inst_efx_ddr3/top_mc/controller_main/dffrs_2527/i94_rst_1
FF|OPT : Flip-flop optimization by equivalence checking
@ "D:\yilingsi_fpga\Efinity_Project\2026.9.25\9.25.1_ding_Ti60F225_Canny_Face_Parallel\ip/DdrCtrl\DdrCtrl.sv (1460)" removed instance : ddr3_ctl_axi/u_efx_ddr3_soft_controller/genblk1.inst_ddr3_axi/inst_efx_ddr3/top_mc/controller_main/dffrs_2527/i26_rst_2
@ "D:\yilingsi_fpga\Efinity_Project\2026.9.25\9.25.1_ding_Ti60F225_Canny_Face_Parallel\ip/DdrCtrl\DdrCtrl.sv (1460)" representative instance : ddr3_ctl_axi/u_efx_ddr3_soft_controller/genblk1.inst_ddr3_axi/inst_efx_ddr3/top_mc/controller_main/dffrs_2527/i94_rst_2
FF|OPT : Flip-flop optimization by equivalence checking
@ "D:\yilingsi_fpga\Efinity_Project\2026.9.25\9.25.1_ding_Ti60F225_Canny_Face_Parallel\ip/DdrCtrl\DdrCtrl.sv (1460)" removed instance : ddr3_ctl_axi/u_efx_ddr3_soft_controller/genblk1.inst_ddr3_axi/inst_efx_ddr3/top_mc/controller_main/dffrs_2527/i26_rst_3
@ "D:\yilingsi_fpga\Efinity_Project\2026.9.25\9.25.1_ding_Ti60F225_Canny_Face_Parallel\ip/DdrCtrl\DdrCtrl.sv (1460)" representative instance : ddr3_ctl_axi/u_efx_ddr3_soft_controller/genblk1.inst_ddr3_axi/inst_efx_ddr3/top_mc/controller_main/dffrs_2527/i94_rst_3
FF|OPT : Flip-flop optimization by equivalence checking
@ "D:\yilingsi_fpga\Efinity_Project\2026.9.25\9.25.1_ding_Ti60F225_Canny_Face_Parallel\ip/DdrCtrl\DdrCtrl.sv (1460)" removed instance : ddr3_ctl_axi/u_efx_ddr3_soft_controller/genblk1.inst_ddr3_axi/inst_efx_ddr3/top_mc/controller_main/dffrs_2527/i25_rst_0
@ "D:\yilingsi_fpga\Efinity_Project\2026.9.25\9.25.1_ding_Ti60F225_Canny_Face_Parallel\ip/DdrCtrl\DdrCtrl.sv (1460)" representative instance : ddr3_ctl_axi/u_efx_ddr3_soft_controller/genblk1.inst_ddr3_axi/inst_efx_ddr3/top_mc/controller_main/dffrs_2527/i94_rst_0
FF|OPT : Flip-flop optimization by equivalence checking
@ "D:\yilingsi_fpga\Efinity_Project\2026.9.25\9.25.1_ding_Ti60F225_Canny_Face_Parallel\ip/DdrCtrl\DdrCtrl.sv (1460)" removed instance : ddr3_ctl_axi/u_efx_ddr3_soft_controller/genblk1.inst_ddr3_axi/inst_efx_ddr3/top_mc/controller_main/dffrs_2527/i25_rst_1
@ "D:\yilingsi_fpga\Efinity_Project\2026.9.25\9.25.1_ding_Ti60F225_Canny_Face_Parallel\ip/DdrCtrl\DdrCtrl.sv (1460)" representative instance : ddr3_ctl_axi/u_efx_ddr3_soft_controller/genblk1.inst_ddr3_axi/inst_efx_ddr3/top_mc/controller_main/dffrs_2527/i94_rst_1
FF|OPT : Flip-flop optimization by equivalence checking
@ "D:\yilingsi_fpga\Efinity_Project\2026.9.25\9.25.1_ding_Ti60F225_Canny_Face_Parallel\ip/DdrCtrl\DdrCtrl.sv (1460)" removed instance : ddr3_ctl_axi/u_efx_ddr3_soft_controller/genblk1.inst_ddr3_axi/inst_efx_ddr3/top_mc/controller_main/dffrs_2527/i25_rst_2
@ "D:\yilingsi_fpga\Efinity_Project\2026.9.25\9.25.1_ding_Ti60F225_Canny_Face_Parallel\ip/DdrCtrl\DdrCtrl.sv (1460)" representative instance : ddr3_ctl_axi/u_efx_ddr3_soft_controller/genblk1.inst_ddr3_axi/inst_efx_ddr3/top_mc/controller_main/dffrs_2527/i94_rst_2
FF|OPT : Flip-flop optimization by equivalence checking
@ "D:\yilingsi_fpga\Efinity_Project\2026.9.25\9.25.1_ding_Ti60F225_Canny_Face_Parallel\ip/DdrCtrl\DdrCtrl.sv (1460)" removed instance : ddr3_ctl_axi/u_efx_ddr3_soft_controller/genblk1.inst_ddr3_axi/inst_efx_ddr3/top_mc/controller_main/dffrs_2527/i25_rst_3
@ "D:\yilingsi_fpga\Efinity_Project\2026.9.25\9.25.1_ding_Ti60F225_Canny_Face_Parallel\ip/DdrCtrl\DdrCtrl.sv (1460)" representative instance : ddr3_ctl_axi/u_efx_ddr3_soft_controller/genblk1.inst_ddr3_axi/inst_efx_ddr3/top_mc/controller_main/dffrs_2527/i94_rst_3
FF|OPT : Flip-flop optimization by equivalence checking
@ "D:\yilingsi_fpga\Efinity_Project\2026.9.25\9.25.1_ding_Ti60F225_Canny_Face_Parallel\ip/DdrCtrl\DdrCtrl.sv (1460)" removed instance : ddr3_ctl_axi/u_efx_ddr3_soft_controller/genblk1.inst_ddr3_axi/inst_efx_ddr3/top_mc/controller_main/dffrs_2527/i24_rst_0
@ "D:\yilingsi_fpga\Efinity_Project\2026.9.25\9.25.1_ding_Ti60F225_Canny_Face_Parallel\ip/DdrCtrl\DdrCtrl.sv (1460)" representative instance : ddr3_ctl_axi/u_efx_ddr3_soft_controller/genblk1.inst_ddr3_axi/inst_efx_ddr3/top_mc/controller_main/dffrs_2527/i94_rst_0
FF|OPT : Flip-flop optimization by equivalence checking
@ "D:\yilingsi_fpga\Efinity_Project\2026.9.25\9.25.1_ding_Ti60F225_Canny_Face_Parallel\ip/DdrCtrl\DdrCtrl.sv (1460)" removed instance : ddr3_ctl_axi/u_efx_ddr3_soft_controller/genblk1.inst_ddr3_axi/inst_efx_ddr3/top_mc/controller_main/dffrs_2527/i24_rst_1
@ "D:\yilingsi_fpga\Efinity_Project\2026.9.25\9.25.1_ding_Ti60F225_Canny_Face_Parallel\ip/DdrCtrl\DdrCtrl.sv (1460)" representative instance : ddr3_ctl_axi/u_efx_ddr3_soft_controller/genblk1.inst_ddr3_axi/inst_efx_ddr3/top_mc/controller_main/dffrs_2527/i94_rst_1
FF|OPT : Flip-flop optimization by equivalence checking
@ "D:\yilingsi_fpga\Efinity_Project\2026.9.25\9.25.1_ding_Ti60F225_Canny_Face_Parallel\ip/DdrCtrl\DdrCtrl.sv (1460)" removed instance : ddr3_ctl_axi/u_efx_ddr3_soft_controller/genblk1.inst_ddr3_axi/inst_efx_ddr3/top_mc/controller_main/dffrs_2527/i24_rst_2
@ "D:\yilingsi_fpga\Efinity_Project\2026.9.25\9.25.1_ding_Ti60F225_Canny_Face_Parallel\ip/DdrCtrl\DdrCtrl.sv (1460)" representative instance : ddr3_ctl_axi/u_efx_ddr3_soft_controller/genblk1.inst_ddr3_axi/inst_efx_ddr3/top_mc/controller_main/dffrs_2527/i94_rst_2
FF|OPT : Flip-flop optimization by equivalence checking
@ "D:\yilingsi_fpga\Efinity_Project\2026.9.25\9.25.1_ding_Ti60F225_Canny_Face_Parallel\ip/DdrCtrl\DdrCtrl.sv (1460)" removed instance : ddr3_ctl_axi/u_efx_ddr3_soft_controller/genblk1.inst_ddr3_axi/inst_efx_ddr3/top_mc/controller_main/dffrs_2527/i24_rst_3
@ "D:\yilingsi_fpga\Efinity_Project\2026.9.25\9.25.1_ding_Ti60F225_Canny_Face_Parallel\ip/DdrCtrl\DdrCtrl.sv (1460)" representative instance : ddr3_ctl_axi/u_efx_ddr3_soft_controller/genblk1.inst_ddr3_axi/inst_efx_ddr3/top_mc/controller_main/dffrs_2527/i94_rst_3
FF|OPT : Flip-flop optimization by equivalence checking
@ "D:\yilingsi_fpga\Efinity_Project\2026.9.25\9.25.1_ding_Ti60F225_Canny_Face_Parallel\ip/DdrCtrl\DdrCtrl.sv (1460)" removed instance : ddr3_ctl_axi/u_efx_ddr3_soft_controller/genblk1.inst_ddr3_axi/inst_efx_ddr3/top_mc/controller_main/dffrs_2527/i23_rst_0
@ "D:\yilingsi_fpga\Efinity_Project\2026.9.25\9.25.1_ding_Ti60F225_Canny_Face_Parallel\ip/DdrCtrl\DdrCtrl.sv (1460)" representative instance : ddr3_ctl_axi/u_efx_ddr3_soft_controller/genblk1.inst_ddr3_axi/inst_efx_ddr3/top_mc/controller_main/dffrs_2527/i94_rst_0
FF|OPT : Flip-flop optimization by equivalence checking
@ "D:\yilingsi_fpga\Efinity_Project\2026.9.25\9.25.1_ding_Ti60F225_Canny_Face_Parallel\ip/DdrCtrl\DdrCtrl.sv (1460)" removed instance : ddr3_ctl_axi/u_efx_ddr3_soft_controller/genblk1.inst_ddr3_axi/inst_efx_ddr3/top_mc/controller_main/dffrs_2527/i23_rst_1
@ "D:\yilingsi_fpga\Efinity_Project\2026.9.25\9.25.1_ding_Ti60F225_Canny_Face_Parallel\ip/DdrCtrl\DdrCtrl.sv (1460)" representative instance : ddr3_ctl_axi/u_efx_ddr3_soft_controller/genblk1.inst_ddr3_axi/inst_efx_ddr3/top_mc/controller_main/dffrs_2527/i94_rst_1
FF|OPT : Flip-flop optimization by equivalence checking
@ "D:\yilingsi_fpga\Efinity_Project\2026.9.25\9.25.1_ding_Ti60F225_Canny_Face_Parallel\ip/DdrCtrl\DdrCtrl.sv (1460)" removed instance : ddr3_ctl_axi/u_efx_ddr3_soft_controller/genblk1.inst_ddr3_axi/inst_efx_ddr3/top_mc/controller_main/dffrs_2527/i23_rst_2
@ "D:\yilingsi_fpga\Efinity_Project\2026.9.25\9.25.1_ding_Ti60F225_Canny_Face_Parallel\ip/DdrCtrl\DdrCtrl.sv (1460)" representative instance : ddr3_ctl_axi/u_efx_ddr3_soft_controller/genblk1.inst_ddr3_axi/inst_efx_ddr3/top_mc/controller_main/dffrs_2527/i94_rst_2
FF|OPT : Flip-flop optimization by equivalence checking
@ "D:\yilingsi_fpga\Efinity_Project\2026.9.25\9.25.1_ding_Ti60F225_Canny_Face_Parallel\ip/DdrCtrl\DdrCtrl.sv (1460)" removed instance : ddr3_ctl_axi/u_efx_ddr3_soft_controller/genblk1.inst_ddr3_axi/inst_efx_ddr3/top_mc/controller_main/dffrs_2527/i23_rst_3
@ "D:\yilingsi_fpga\Efinity_Project\2026.9.25\9.25.1_ding_Ti60F225_Canny_Face_Parallel\ip/DdrCtrl\DdrCtrl.sv (1460)" representative instance : ddr3_ctl_axi/u_efx_ddr3_soft_controller/genblk1.inst_ddr3_axi/inst_efx_ddr3/top_mc/controller_main/dffrs_2527/i94_rst_3
FF|OPT : Flip-flop optimization by equivalence checking
@ "D:\yilingsi_fpga\Efinity_Project\2026.9.25\9.25.1_ding_Ti60F225_Canny_Face_Parallel\ip/DdrCtrl\DdrCtrl.sv (1460)" removed instance : ddr3_ctl_axi/u_efx_ddr3_soft_controller/genblk1.inst_ddr3_axi/inst_efx_ddr3/top_mc/controller_main/dffrs_2527/i22_rst_0
@ "D:\yilingsi_fpga\Efinity_Project\2026.9.25\9.25.1_ding_Ti60F225_Canny_Face_Parallel\ip/DdrCtrl\DdrCtrl.sv (1460)" representative instance : ddr3_ctl_axi/u_efx_ddr3_soft_controller/genblk1.inst_ddr3_axi/inst_efx_ddr3/top_mc/controller_main/dffrs_2527/i94_rst_0
FF|OPT : Flip-flop optimization by equivalence checking
@ "D:\yilingsi_fpga\Efinity_Project\2026.9.25\9.25.1_ding_Ti60F225_Canny_Face_Parallel\ip/DdrCtrl\DdrCtrl.sv (1460)" removed instance : ddr3_ctl_axi/u_efx_ddr3_soft_controller/genblk1.inst_ddr3_axi/inst_efx_ddr3/top_mc/controller_main/dffrs_2527/i22_rst_1
@ "D:\yilingsi_fpga\Efinity_Project\2026.9.25\9.25.1_ding_Ti60F225_Canny_Face_Parallel\ip/DdrCtrl\DdrCtrl.sv (1460)" representative instance : ddr3_ctl_axi/u_efx_ddr3_soft_controller/genblk1.inst_ddr3_axi/inst_efx_ddr3/top_mc/controller_main/dffrs_2527/i94_rst_1
FF|OPT : Flip-flop optimization by equivalence checking
@ "D:\yilingsi_fpga\Efinity_Project\2026.9.25\9.25.1_ding_Ti60F225_Canny_Face_Parallel\ip/DdrCtrl\DdrCtrl.sv (1460)" removed instance : ddr3_ctl_axi/u_efx_ddr3_soft_controller/genblk1.inst_ddr3_axi/inst_efx_ddr3/top_mc/controller_main/dffrs_2527/i22_rst_2
@ "D:\yilingsi_fpga\Efinity_Project\2026.9.25\9.25.1_ding_Ti60F225_Canny_Face_Parallel\ip/DdrCtrl\DdrCtrl.sv (1460)" representative instance : ddr3_ctl_axi/u_efx_ddr3_soft_controller/genblk1.inst_ddr3_axi/inst_efx_ddr3/top_mc/controller_main/dffrs_2527/i94_rst_2
FF|OPT : Flip-flop optimization by equivalence checking
@ "D:\yilingsi_fpga\Efinity_Project\2026.9.25\9.25.1_ding_Ti60F225_Canny_Face_Parallel\ip/DdrCtrl\DdrCtrl.sv (1460)" removed instance : ddr3_ctl_axi/u_efx_ddr3_soft_controller/genblk1.inst_ddr3_axi/inst_efx_ddr3/top_mc/controller_main/dffrs_2527/i22_rst_3
@ "D:\yilingsi_fpga\Efinity_Project\2026.9.25\9.25.1_ding_Ti60F225_Canny_Face_Parallel\ip/DdrCtrl\DdrCtrl.sv (1460)" representative instance : ddr3_ctl_axi/u_efx_ddr3_soft_controller/genblk1.inst_ddr3_axi/inst_efx_ddr3/top_mc/controller_main/dffrs_2527/i94_rst_3
FF|OPT : Flip-flop optimization by equivalence checking
@ "D:\yilingsi_fpga\Efinity_Project\2026.9.25\9.25.1_ding_Ti60F225_Canny_Face_Parallel\ip/DdrCtrl\DdrCtrl.sv (1460)" removed instance : ddr3_ctl_axi/u_efx_ddr3_soft_controller/genblk1.inst_ddr3_axi/inst_efx_ddr3/top_mc/controller_main/dffrs_2527/i21_rst_0
@ "D:\yilingsi_fpga\Efinity_Project\2026.9.25\9.25.1_ding_Ti60F225_Canny_Face_Parallel\ip/DdrCtrl\DdrCtrl.sv (1460)" representative instance : ddr3_ctl_axi/u_efx_ddr3_soft_controller/genblk1.inst_ddr3_axi/inst_efx_ddr3/top_mc/controller_main/dffrs_2527/i94_rst_0
FF|OPT : Flip-flop optimization by equivalence checking
@ "D:\yilingsi_fpga\Efinity_Project\2026.9.25\9.25.1_ding_Ti60F225_Canny_Face_Parallel\ip/DdrCtrl\DdrCtrl.sv (1460)" removed instance : ddr3_ctl_axi/u_efx_ddr3_soft_controller/genblk1.inst_ddr3_axi/inst_efx_ddr3/top_mc/controller_main/dffrs_2527/i21_rst_1
@ "D:\yilingsi_fpga\Efinity_Project\2026.9.25\9.25.1_ding_Ti60F225_Canny_Face_Parallel\ip/DdrCtrl\DdrCtrl.sv (1460)" representative instance : ddr3_ctl_axi/u_efx_ddr3_soft_controller/genblk1.inst_ddr3_axi/inst_efx_ddr3/top_mc/controller_main/dffrs_2527/i94_rst_1
FF|OPT : Flip-flop optimization by equivalence checking
@ "D:\yilingsi_fpga\Efinity_Project\2026.9.25\9.25.1_ding_Ti60F225_Canny_Face_Parallel\ip/DdrCtrl\DdrCtrl.sv (1460)" removed instance : ddr3_ctl_axi/u_efx_ddr3_soft_controller/genblk1.inst_ddr3_axi/inst_efx_ddr3/top_mc/controller_main/dffrs_2527/i21_rst_2
@ "D:\yilingsi_fpga\Efinity_Project\2026.9.25\9.25.1_ding_Ti60F225_Canny_Face_Parallel\ip/DdrCtrl\DdrCtrl.sv (1460)" representative instance : ddr3_ctl_axi/u_efx_ddr3_soft_controller/genblk1.inst_ddr3_axi/inst_efx_ddr3/top_mc/controller_main/dffrs_2527/i94_rst_2
FF|OPT : Flip-flop optimization by equivalence checking
@ "D:\yilingsi_fpga\Efinity_Project\2026.9.25\9.25.1_ding_Ti60F225_Canny_Face_Parallel\ip/DdrCtrl\DdrCtrl.sv (1460)" removed instance : ddr3_ctl_axi/u_efx_ddr3_soft_controller/genblk1.inst_ddr3_axi/inst_efx_ddr3/top_mc/controller_main/dffrs_2527/i21_rst_3
@ "D:\yilingsi_fpga\Efinity_Project\2026.9.25\9.25.1_ding_Ti60F225_Canny_Face_Parallel\ip/DdrCtrl\DdrCtrl.sv (1460)" representative instance : ddr3_ctl_axi/u_efx_ddr3_soft_controller/genblk1.inst_ddr3_axi/inst_efx_ddr3/top_mc/controller_main/dffrs_2527/i94_rst_3
FF|OPT : Flip-flop optimization by equivalence checking
@ "D:\yilingsi_fpga\Efinity_Project\2026.9.25\9.25.1_ding_Ti60F225_Canny_Face_Parallel\ip/DdrCtrl\DdrCtrl.sv (1460)" removed instance : ddr3_ctl_axi/u_efx_ddr3_soft_controller/genblk1.inst_ddr3_axi/inst_efx_ddr3/top_mc/controller_main/dffrs_2527/i2_rst_0
@ "D:\yilingsi_fpga\Efinity_Project\2026.9.25\9.25.1_ding_Ti60F225_Canny_Face_Parallel\ip/DdrCtrl\DdrCtrl.sv (1460)" representative instance : ddr3_ctl_axi/u_efx_ddr3_soft_controller/genblk1.inst_ddr3_axi/inst_efx_ddr3/top_mc/controller_main/dffrs_2527/i94_rst_0
FF|OPT : Flip-flop optimization by equivalence checking
@ "D:\yilingsi_fpga\Efinity_Project\2026.9.25\9.25.1_ding_Ti60F225_Canny_Face_Parallel\ip/DdrCtrl\DdrCtrl.sv (1460)" removed instance : ddr3_ctl_axi/u_efx_ddr3_soft_controller/genblk1.inst_ddr3_axi/inst_efx_ddr3/top_mc/controller_main/dffrs_2527/i2_rst_1
@ "D:\yilingsi_fpga\Efinity_Project\2026.9.25\9.25.1_ding_Ti60F225_Canny_Face_Parallel\ip/DdrCtrl\DdrCtrl.sv (1460)" representative instance : ddr3_ctl_axi/u_efx_ddr3_soft_controller/genblk1.inst_ddr3_axi/inst_efx_ddr3/top_mc/controller_main/dffrs_2527/i94_rst_1
FF|OPT : Flip-flop optimization by equivalence checking
@ "D:\yilingsi_fpga\Efinity_Project\2026.9.25\9.25.1_ding_Ti60F225_Canny_Face_Parallel\ip/DdrCtrl\DdrCtrl.sv (1460)" removed instance : ddr3_ctl_axi/u_efx_ddr3_soft_controller/genblk1.inst_ddr3_axi/inst_efx_ddr3/top_mc/controller_main/dffrs_2527/i2_rst_2
@ "D:\yilingsi_fpga\Efinity_Project\2026.9.25\9.25.1_ding_Ti60F225_Canny_Face_Parallel\ip/DdrCtrl\DdrCtrl.sv (1460)" representative instance : ddr3_ctl_axi/u_efx_ddr3_soft_controller/genblk1.inst_ddr3_axi/inst_efx_ddr3/top_mc/controller_main/dffrs_2527/i94_rst_2
FF|OPT : Flip-flop optimization by equivalence checking
@ "D:\yilingsi_fpga\Efinity_Project\2026.9.25\9.25.1_ding_Ti60F225_Canny_Face_Parallel\ip/DdrCtrl\DdrCtrl.sv (1460)" removed instance : ddr3_ctl_axi/u_efx_ddr3_soft_controller/genblk1.inst_ddr3_axi/inst_efx_ddr3/top_mc/controller_main/dffrs_2527/i2_rst_3
@ "D:\yilingsi_fpga\Efinity_Project\2026.9.25\9.25.1_ding_Ti60F225_Canny_Face_Parallel\ip/DdrCtrl\DdrCtrl.sv (1460)" representative instance : ddr3_ctl_axi/u_efx_ddr3_soft_controller/genblk1.inst_ddr3_axi/inst_efx_ddr3/top_mc/controller_main/dffrs_2527/i94_rst_3
FF|OPT : Flip-flop optimization by equivalence checking
@ "D:\yilingsi_fpga\Efinity_Project\2026.9.25\9.25.1_ding_Ti60F225_Canny_Face_Parallel\ip/DdrCtrl\DdrCtrl.sv (1460)" removed instance : ddr3_ctl_axi/u_efx_ddr3_soft_controller/genblk1.inst_ddr3_axi/inst_efx_ddr3/top_mc/controller_main/dffrs_2527/i20_rst_0
@ "D:\yilingsi_fpga\Efinity_Project\2026.9.25\9.25.1_ding_Ti60F225_Canny_Face_Parallel\ip/DdrCtrl\DdrCtrl.sv (1460)" representative instance : ddr3_ctl_axi/u_efx_ddr3_soft_controller/genblk1.inst_ddr3_axi/inst_efx_ddr3/top_mc/controller_main/dffrs_2527/i94_rst_0
FF|OPT : Flip-flop optimization by equivalence checking
@ "D:\yilingsi_fpga\Efinity_Project\2026.9.25\9.25.1_ding_Ti60F225_Canny_Face_Parallel\ip/DdrCtrl\DdrCtrl.sv (1460)" removed instance : ddr3_ctl_axi/u_efx_ddr3_soft_controller/genblk1.inst_ddr3_axi/inst_efx_ddr3/top_mc/controller_main/dffrs_2527/i20_rst_1
@ "D:\yilingsi_fpga\Efinity_Project\2026.9.25\9.25.1_ding_Ti60F225_Canny_Face_Parallel\ip/DdrCtrl\DdrCtrl.sv (1460)" representative instance : ddr3_ctl_axi/u_efx_ddr3_soft_controller/genblk1.inst_ddr3_axi/inst_efx_ddr3/top_mc/controller_main/dffrs_2527/i94_rst_1
FF|OPT : Flip-flop optimization by equivalence checking
@ "D:\yilingsi_fpga\Efinity_Project\2026.9.25\9.25.1_ding_Ti60F225_Canny_Face_Parallel\ip/DdrCtrl\DdrCtrl.sv (1460)" removed instance : ddr3_ctl_axi/u_efx_ddr3_soft_controller/genblk1.inst_ddr3_axi/inst_efx_ddr3/top_mc/controller_main/dffrs_2527/i20_rst_2
@ "D:\yilingsi_fpga\Efinity_Project\2026.9.25\9.25.1_ding_Ti60F225_Canny_Face_Parallel\ip/DdrCtrl\DdrCtrl.sv (1460)" representative instance : ddr3_ctl_axi/u_efx_ddr3_soft_controller/genblk1.inst_ddr3_axi/inst_efx_ddr3/top_mc/controller_main/dffrs_2527/i94_rst_2
FF|OPT : Flip-flop optimization by equivalence checking
@ "D:\yilingsi_fpga\Efinity_Project\2026.9.25\9.25.1_ding_Ti60F225_Canny_Face_Parallel\ip/DdrCtrl\DdrCtrl.sv (1460)" removed instance : ddr3_ctl_axi/u_efx_ddr3_soft_controller/genblk1.inst_ddr3_axi/inst_efx_ddr3/top_mc/controller_main/dffrs_2527/i20_rst_3
@ "D:\yilingsi_fpga\Efinity_Project\2026.9.25\9.25.1_ding_Ti60F225_Canny_Face_Parallel\ip/DdrCtrl\DdrCtrl.sv (1460)" representative instance : ddr3_ctl_axi/u_efx_ddr3_soft_controller/genblk1.inst_ddr3_axi/inst_efx_ddr3/top_mc/controller_main/dffrs_2527/i94_rst_3
FF|OPT : Flip-flop optimization by equivalence checking
@ "D:\yilingsi_fpga\Efinity_Project\2026.9.25\9.25.1_ding_Ti60F225_Canny_Face_Parallel\ip/DdrCtrl\DdrCtrl.sv (1460)" removed instance : ddr3_ctl_axi/u_efx_ddr3_soft_controller/genblk1.inst_ddr3_axi/inst_efx_ddr3/top_mc/controller_main/dffrs_2527/i19_rst_0
@ "D:\yilingsi_fpga\Efinity_Project\2026.9.25\9.25.1_ding_Ti60F225_Canny_Face_Parallel\ip/DdrCtrl\DdrCtrl.sv (1460)" representative instance : ddr3_ctl_axi/u_efx_ddr3_soft_controller/genblk1.inst_ddr3_axi/inst_efx_ddr3/top_mc/controller_main/dffrs_2527/i94_rst_0
FF|OPT : Flip-flop optimization by equivalence checking
@ "D:\yilingsi_fpga\Efinity_Project\2026.9.25\9.25.1_ding_Ti60F225_Canny_Face_Parallel\ip/DdrCtrl\DdrCtrl.sv (1460)" removed instance : ddr3_ctl_axi/u_efx_ddr3_soft_controller/genblk1.inst_ddr3_axi/inst_efx_ddr3/top_mc/controller_main/dffrs_2527/i19_rst_1
@ "D:\yilingsi_fpga\Efinity_Project\2026.9.25\9.25.1_ding_Ti60F225_Canny_Face_Parallel\ip/DdrCtrl\DdrCtrl.sv (1460)" representative instance : ddr3_ctl_axi/u_efx_ddr3_soft_controller/genblk1.inst_ddr3_axi/inst_efx_ddr3/top_mc/controller_main/dffrs_2527/i94_rst_1
FF|OPT : Flip-flop optimization by equivalence checking
@ "D:\yilingsi_fpga\Efinity_Project\2026.9.25\9.25.1_ding_Ti60F225_Canny_Face_Parallel\ip/DdrCtrl\DdrCtrl.sv (1460)" removed instance : ddr3_ctl_axi/u_efx_ddr3_soft_controller/genblk1.inst_ddr3_axi/inst_efx_ddr3/top_mc/controller_main/dffrs_2527/i19_rst_2
@ "D:\yilingsi_fpga\Efinity_Project\2026.9.25\9.25.1_ding_Ti60F225_Canny_Face_Parallel\ip/DdrCtrl\DdrCtrl.sv (1460)" representative instance : ddr3_ctl_axi/u_efx_ddr3_soft_controller/genblk1.inst_ddr3_axi/inst_efx_ddr3/top_mc/controller_main/dffrs_2527/i94_rst_2
FF|OPT : Flip-flop optimization by equivalence checking
@ "D:\yilingsi_fpga\Efinity_Project\2026.9.25\9.25.1_ding_Ti60F225_Canny_Face_Parallel\ip/DdrCtrl\DdrCtrl.sv (1460)" removed instance : ddr3_ctl_axi/u_efx_ddr3_soft_controller/genblk1.inst_ddr3_axi/inst_efx_ddr3/top_mc/controller_main/dffrs_2527/i19_rst_3
@ "D:\yilingsi_fpga\Efinity_Project\2026.9.25\9.25.1_ding_Ti60F225_Canny_Face_Parallel\ip/DdrCtrl\DdrCtrl.sv (1460)" representative instance : ddr3_ctl_axi/u_efx_ddr3_soft_controller/genblk1.inst_ddr3_axi/inst_efx_ddr3/top_mc/controller_main/dffrs_2527/i94_rst_3
FF|OPT : Flip-flop optimization by equivalence checking
@ "D:\yilingsi_fpga\Efinity_Project\2026.9.25\9.25.1_ding_Ti60F225_Canny_Face_Parallel\ip/DdrCtrl\DdrCtrl.sv (1460)" removed instance : ddr3_ctl_axi/u_efx_ddr3_soft_controller/genblk1.inst_ddr3_axi/inst_efx_ddr3/top_mc/controller_main/dffrs_2527/i18_rst_0
@ "D:\yilingsi_fpga\Efinity_Project\2026.9.25\9.25.1_ding_Ti60F225_Canny_Face_Parallel\ip/DdrCtrl\DdrCtrl.sv (1460)" representative instance : ddr3_ctl_axi/u_efx_ddr3_soft_controller/genblk1.inst_ddr3_axi/inst_efx_ddr3/top_mc/controller_main/dffrs_2527/i94_rst_0
FF|OPT : Flip-flop optimization by equivalence checking
@ "D:\yilingsi_fpga\Efinity_Project\2026.9.25\9.25.1_ding_Ti60F225_Canny_Face_Parallel\ip/DdrCtrl\DdrCtrl.sv (1460)" removed instance : ddr3_ctl_axi/u_efx_ddr3_soft_controller/genblk1.inst_ddr3_axi/inst_efx_ddr3/top_mc/controller_main/dffrs_2527/i18_rst_1
@ "D:\yilingsi_fpga\Efinity_Project\2026.9.25\9.25.1_ding_Ti60F225_Canny_Face_Parallel\ip/DdrCtrl\DdrCtrl.sv (1460)" representative instance : ddr3_ctl_axi/u_efx_ddr3_soft_controller/genblk1.inst_ddr3_axi/inst_efx_ddr3/top_mc/controller_main/dffrs_2527/i94_rst_1
FF|OPT : Flip-flop optimization by equivalence checking
@ "D:\yilingsi_fpga\Efinity_Project\2026.9.25\9.25.1_ding_Ti60F225_Canny_Face_Parallel\ip/DdrCtrl\DdrCtrl.sv (1460)" removed instance : ddr3_ctl_axi/u_efx_ddr3_soft_controller/genblk1.inst_ddr3_axi/inst_efx_ddr3/top_mc/controller_main/dffrs_2527/i18_rst_2
@ "D:\yilingsi_fpga\Efinity_Project\2026.9.25\9.25.1_ding_Ti60F225_Canny_Face_Parallel\ip/DdrCtrl\DdrCtrl.sv (1460)" representative instance : ddr3_ctl_axi/u_efx_ddr3_soft_controller/genblk1.inst_ddr3_axi/inst_efx_ddr3/top_mc/controller_main/dffrs_2527/i94_rst_2
FF|OPT : Flip-flop optimization by equivalence checking
@ "D:\yilingsi_fpga\Efinity_Project\2026.9.25\9.25.1_ding_Ti60F225_Canny_Face_Parallel\ip/DdrCtrl\DdrCtrl.sv (1460)" removed instance : ddr3_ctl_axi/u_efx_ddr3_soft_controller/genblk1.inst_ddr3_axi/inst_efx_ddr3/top_mc/controller_main/dffrs_2527/i18_rst_3
@ "D:\yilingsi_fpga\Efinity_Project\2026.9.25\9.25.1_ding_Ti60F225_Canny_Face_Parallel\ip/DdrCtrl\DdrCtrl.sv (1460)" representative instance : ddr3_ctl_axi/u_efx_ddr3_soft_controller/genblk1.inst_ddr3_axi/inst_efx_ddr3/top_mc/controller_main/dffrs_2527/i94_rst_3
FF|OPT : Flip-flop optimization by equivalence checking
@ "D:\yilingsi_fpga\Efinity_Project\2026.9.25\9.25.1_ding_Ti60F225_Canny_Face_Parallel\ip/DdrCtrl\DdrCtrl.sv (1460)" removed instance : ddr3_ctl_axi/u_efx_ddr3_soft_controller/genblk1.inst_ddr3_axi/inst_efx_ddr3/top_mc/controller_main/dffrs_2527/i17_rst_0
@ "D:\yilingsi_fpga\Efinity_Project\2026.9.25\9.25.1_ding_Ti60F225_Canny_Face_Parallel\ip/DdrCtrl\DdrCtrl.sv (1460)" representative instance : ddr3_ctl_axi/u_efx_ddr3_soft_controller/genblk1.inst_ddr3_axi/inst_efx_ddr3/top_mc/controller_main/dffrs_2527/i94_rst_0
FF|OPT : Flip-flop optimization by equivalence checking
@ "D:\yilingsi_fpga\Efinity_Project\2026.9.25\9.25.1_ding_Ti60F225_Canny_Face_Parallel\ip/DdrCtrl\DdrCtrl.sv (1460)" removed instance : ddr3_ctl_axi/u_efx_ddr3_soft_controller/genblk1.inst_ddr3_axi/inst_efx_ddr3/top_mc/controller_main/dffrs_2527/i17_rst_1
@ "D:\yilingsi_fpga\Efinity_Project\2026.9.25\9.25.1_ding_Ti60F225_Canny_Face_Parallel\ip/DdrCtrl\DdrCtrl.sv (1460)" representative instance : ddr3_ctl_axi/u_efx_ddr3_soft_controller/genblk1.inst_ddr3_axi/inst_efx_ddr3/top_mc/controller_main/dffrs_2527/i94_rst_1
FF|OPT : Flip-flop optimization by equivalence checking
@ "D:\yilingsi_fpga\Efinity_Project\2026.9.25\9.25.1_ding_Ti60F225_Canny_Face_Parallel\ip/DdrCtrl\DdrCtrl.sv (1460)" removed instance : ddr3_ctl_axi/u_efx_ddr3_soft_controller/genblk1.inst_ddr3_axi/inst_efx_ddr3/top_mc/controller_main/dffrs_2527/i17_rst_2
@ "D:\yilingsi_fpga\Efinity_Project\2026.9.25\9.25.1_ding_Ti60F225_Canny_Face_Parallel\ip/DdrCtrl\DdrCtrl.sv (1460)" representative instance : ddr3_ctl_axi/u_efx_ddr3_soft_controller/genblk1.inst_ddr3_axi/inst_efx_ddr3/top_mc/controller_main/dffrs_2527/i94_rst_2
FF|OPT : Flip-flop optimization by equivalence checking
@ "D:\yilingsi_fpga\Efinity_Project\2026.9.25\9.25.1_ding_Ti60F225_Canny_Face_Parallel\ip/DdrCtrl\DdrCtrl.sv (1460)" removed instance : ddr3_ctl_axi/u_efx_ddr3_soft_controller/genblk1.inst_ddr3_axi/inst_efx_ddr3/top_mc/controller_main/dffrs_2527/i17_rst_3
@ "D:\yilingsi_fpga\Efinity_Project\2026.9.25\9.25.1_ding_Ti60F225_Canny_Face_Parallel\ip/DdrCtrl\DdrCtrl.sv (1460)" representative instance : ddr3_ctl_axi/u_efx_ddr3_soft_controller/genblk1.inst_ddr3_axi/inst_efx_ddr3/top_mc/controller_main/dffrs_2527/i94_rst_3
FF|OPT : Flip-flop optimization by equivalence checking
@ "D:\yilingsi_fpga\Efinity_Project\2026.9.25\9.25.1_ding_Ti60F225_Canny_Face_Parallel\ip/DdrCtrl\DdrCtrl.sv (1460)" removed instance : ddr3_ctl_axi/u_efx_ddr3_soft_controller/genblk1.inst_ddr3_axi/inst_efx_ddr3/top_mc/controller_main/dffrs_2527/i16_rst_0
@ "D:\yilingsi_fpga\Efinity_Project\2026.9.25\9.25.1_ding_Ti60F225_Canny_Face_Parallel\ip/DdrCtrl\DdrCtrl.sv (1460)" representative instance : ddr3_ctl_axi/u_efx_ddr3_soft_controller/genblk1.inst_ddr3_axi/inst_efx_ddr3/top_mc/controller_main/dffrs_2527/i94_rst_0
FF|OPT : Flip-flop optimization by equivalence checking
@ "D:\yilingsi_fpga\Efinity_Project\2026.9.25\9.25.1_ding_Ti60F225_Canny_Face_Parallel\ip/DdrCtrl\DdrCtrl.sv (1460)" removed instance : ddr3_ctl_axi/u_efx_ddr3_soft_controller/genblk1.inst_ddr3_axi/inst_efx_ddr3/top_mc/controller_main/dffrs_2527/i16_rst_1
@ "D:\yilingsi_fpga\Efinity_Project\2026.9.25\9.25.1_ding_Ti60F225_Canny_Face_Parallel\ip/DdrCtrl\DdrCtrl.sv (1460)" representative instance : ddr3_ctl_axi/u_efx_ddr3_soft_controller/genblk1.inst_ddr3_axi/inst_efx_ddr3/top_mc/controller_main/dffrs_2527/i94_rst_1
FF|OPT : Flip-flop optimization by equivalence checking
@ "D:\yilingsi_fpga\Efinity_Project\2026.9.25\9.25.1_ding_Ti60F225_Canny_Face_Parallel\ip/DdrCtrl\DdrCtrl.sv (1460)" removed instance : ddr3_ctl_axi/u_efx_ddr3_soft_controller/genblk1.inst_ddr3_axi/inst_efx_ddr3/top_mc/controller_main/dffrs_2527/i16_rst_2
@ "D:\yilingsi_fpga\Efinity_Project\2026.9.25\9.25.1_ding_Ti60F225_Canny_Face_Parallel\ip/DdrCtrl\DdrCtrl.sv (1460)" representative instance : ddr3_ctl_axi/u_efx_ddr3_soft_controller/genblk1.inst_ddr3_axi/inst_efx_ddr3/top_mc/controller_main/dffrs_2527/i94_rst_2
FF|OPT : Flip-flop optimization by equivalence checking
@ "D:\yilingsi_fpga\Efinity_Project\2026.9.25\9.25.1_ding_Ti60F225_Canny_Face_Parallel\ip/DdrCtrl\DdrCtrl.sv (1460)" removed instance : ddr3_ctl_axi/u_efx_ddr3_soft_controller/genblk1.inst_ddr3_axi/inst_efx_ddr3/top_mc/controller_main/dffrs_2527/i16_rst_3
@ "D:\yilingsi_fpga\Efinity_Project\2026.9.25\9.25.1_ding_Ti60F225_Canny_Face_Parallel\ip/DdrCtrl\DdrCtrl.sv (1460)" representative instance : ddr3_ctl_axi/u_efx_ddr3_soft_controller/genblk1.inst_ddr3_axi/inst_efx_ddr3/top_mc/controller_main/dffrs_2527/i94_rst_3
FF|OPT : Flip-flop optimization by equivalence checking
@ "D:\yilingsi_fpga\Efinity_Project\2026.9.25\9.25.1_ding_Ti60F225_Canny_Face_Parallel\ip/DdrCtrl\DdrCtrl.sv (1460)" removed instance : ddr3_ctl_axi/u_efx_ddr3_soft_controller/genblk1.inst_ddr3_axi/inst_efx_ddr3/top_mc/controller_main/dffrs_2527/i15_rst_0
@ "D:\yilingsi_fpga\Efinity_Project\2026.9.25\9.25.1_ding_Ti60F225_Canny_Face_Parallel\ip/DdrCtrl\DdrCtrl.sv (1460)" representative instance : ddr3_ctl_axi/u_efx_ddr3_soft_controller/genblk1.inst_ddr3_axi/inst_efx_ddr3/top_mc/controller_main/dffrs_2527/i94_rst_0
FF|OPT : Flip-flop optimization by equivalence checking
@ "D:\yilingsi_fpga\Efinity_Project\2026.9.25\9.25.1_ding_Ti60F225_Canny_Face_Parallel\ip/DdrCtrl\DdrCtrl.sv (1460)" removed instance : ddr3_ctl_axi/u_efx_ddr3_soft_controller/genblk1.inst_ddr3_axi/inst_efx_ddr3/top_mc/controller_main/dffrs_2527/i15_rst_1
@ "D:\yilingsi_fpga\Efinity_Project\2026.9.25\9.25.1_ding_Ti60F225_Canny_Face_Parallel\ip/DdrCtrl\DdrCtrl.sv (1460)" representative instance : ddr3_ctl_axi/u_efx_ddr3_soft_controller/genblk1.inst_ddr3_axi/inst_efx_ddr3/top_mc/controller_main/dffrs_2527/i94_rst_1
FF|OPT : Flip-flop optimization by equivalence checking
@ "D:\yilingsi_fpga\Efinity_Project\2026.9.25\9.25.1_ding_Ti60F225_Canny_Face_Parallel\ip/DdrCtrl\DdrCtrl.sv (1460)" removed instance : ddr3_ctl_axi/u_efx_ddr3_soft_controller/genblk1.inst_ddr3_axi/inst_efx_ddr3/top_mc/controller_main/dffrs_2527/i15_rst_2
@ "D:\yilingsi_fpga\Efinity_Project\2026.9.25\9.25.1_ding_Ti60F225_Canny_Face_Parallel\ip/DdrCtrl\DdrCtrl.sv (1460)" representative instance : ddr3_ctl_axi/u_efx_ddr3_soft_controller/genblk1.inst_ddr3_axi/inst_efx_ddr3/top_mc/controller_main/dffrs_2527/i94_rst_2
FF|OPT : Flip-flop optimization by equivalence checking
@ "D:\yilingsi_fpga\Efinity_Project\2026.9.25\9.25.1_ding_Ti60F225_Canny_Face_Parallel\ip/DdrCtrl\DdrCtrl.sv (1460)" removed instance : ddr3_ctl_axi/u_efx_ddr3_soft_controller/genblk1.inst_ddr3_axi/inst_efx_ddr3/top_mc/controller_main/dffrs_2527/i15_rst_3
@ "D:\yilingsi_fpga\Efinity_Project\2026.9.25\9.25.1_ding_Ti60F225_Canny_Face_Parallel\ip/DdrCtrl\DdrCtrl.sv (1460)" representative instance : ddr3_ctl_axi/u_efx_ddr3_soft_controller/genblk1.inst_ddr3_axi/inst_efx_ddr3/top_mc/controller_main/dffrs_2527/i94_rst_3
FF|OPT : Flip-flop optimization by equivalence checking
@ "D:\yilingsi_fpga\Efinity_Project\2026.9.25\9.25.1_ding_Ti60F225_Canny_Face_Parallel\ip/DdrCtrl\DdrCtrl.sv (1460)" removed instance : ddr3_ctl_axi/u_efx_ddr3_soft_controller/genblk1.inst_ddr3_axi/inst_efx_ddr3/top_mc/controller_main/dffrs_2527/i14_rst_0
@ "D:\yilingsi_fpga\Efinity_Project\2026.9.25\9.25.1_ding_Ti60F225_Canny_Face_Parallel\ip/DdrCtrl\DdrCtrl.sv (1460)" representative instance : ddr3_ctl_axi/u_efx_ddr3_soft_controller/genblk1.inst_ddr3_axi/inst_efx_ddr3/top_mc/controller_main/dffrs_2527/i94_rst_0
FF|OPT : Flip-flop optimization by equivalence checking
@ "D:\yilingsi_fpga\Efinity_Project\2026.9.25\9.25.1_ding_Ti60F225_Canny_Face_Parallel\ip/DdrCtrl\DdrCtrl.sv (1460)" removed instance : ddr3_ctl_axi/u_efx_ddr3_soft_controller/genblk1.inst_ddr3_axi/inst_efx_ddr3/top_mc/controller_main/dffrs_2527/i14_rst_1
@ "D:\yilingsi_fpga\Efinity_Project\2026.9.25\9.25.1_ding_Ti60F225_Canny_Face_Parallel\ip/DdrCtrl\DdrCtrl.sv (1460)" representative instance : ddr3_ctl_axi/u_efx_ddr3_soft_controller/genblk1.inst_ddr3_axi/inst_efx_ddr3/top_mc/controller_main/dffrs_2527/i94_rst_1
FF|OPT : Flip-flop optimization by equivalence checking
@ "D:\yilingsi_fpga\Efinity_Project\2026.9.25\9.25.1_ding_Ti60F225_Canny_Face_Parallel\ip/DdrCtrl\DdrCtrl.sv (1460)" removed instance : ddr3_ctl_axi/u_efx_ddr3_soft_controller/genblk1.inst_ddr3_axi/inst_efx_ddr3/top_mc/controller_main/dffrs_2527/i14_rst_2
@ "D:\yilingsi_fpga\Efinity_Project\2026.9.25\9.25.1_ding_Ti60F225_Canny_Face_Parallel\ip/DdrCtrl\DdrCtrl.sv (1460)" representative instance : ddr3_ctl_axi/u_efx_ddr3_soft_controller/genblk1.inst_ddr3_axi/inst_efx_ddr3/top_mc/controller_main/dffrs_2527/i94_rst_2
FF|OPT : Flip-flop optimization by equivalence checking
@ "D:\yilingsi_fpga\Efinity_Project\2026.9.25\9.25.1_ding_Ti60F225_Canny_Face_Parallel\ip/DdrCtrl\DdrCtrl.sv (1460)" removed instance : ddr3_ctl_axi/u_efx_ddr3_soft_controller/genblk1.inst_ddr3_axi/inst_efx_ddr3/top_mc/controller_main/dffrs_2527/i14_rst_3
@ "D:\yilingsi_fpga\Efinity_Project\2026.9.25\9.25.1_ding_Ti60F225_Canny_Face_Parallel\ip/DdrCtrl\DdrCtrl.sv (1460)" representative instance : ddr3_ctl_axi/u_efx_ddr3_soft_controller/genblk1.inst_ddr3_axi/inst_efx_ddr3/top_mc/controller_main/dffrs_2527/i94_rst_3
FF|OPT : Flip-flop optimization by equivalence checking
@ "D:\yilingsi_fpga\Efinity_Project\2026.9.25\9.25.1_ding_Ti60F225_Canny_Face_Parallel\ip/DdrCtrl\DdrCtrl.sv (1460)" removed instance : ddr3_ctl_axi/u_efx_ddr3_soft_controller/genblk1.inst_ddr3_axi/inst_efx_ddr3/top_mc/controller_main/dffrs_2527/i13_rst_0
@ "D:\yilingsi_fpga\Efinity_Project\2026.9.25\9.25.1_ding_Ti60F225_Canny_Face_Parallel\ip/DdrCtrl\DdrCtrl.sv (1460)" representative instance : ddr3_ctl_axi/u_efx_ddr3_soft_controller/genblk1.inst_ddr3_axi/inst_efx_ddr3/top_mc/controller_main/dffrs_2527/i94_rst_0
FF|OPT : Flip-flop optimization by equivalence checking
@ "D:\yilingsi_fpga\Efinity_Project\2026.9.25\9.25.1_ding_Ti60F225_Canny_Face_Parallel\ip/DdrCtrl\DdrCtrl.sv (1460)" removed instance : ddr3_ctl_axi/u_efx_ddr3_soft_controller/genblk1.inst_ddr3_axi/inst_efx_ddr3/top_mc/controller_main/dffrs_2527/i13_rst_1
@ "D:\yilingsi_fpga\Efinity_Project\2026.9.25\9.25.1_ding_Ti60F225_Canny_Face_Parallel\ip/DdrCtrl\DdrCtrl.sv (1460)" representative instance : ddr3_ctl_axi/u_efx_ddr3_soft_controller/genblk1.inst_ddr3_axi/inst_efx_ddr3/top_mc/controller_main/dffrs_2527/i94_rst_1
FF|OPT : Flip-flop optimization by equivalence checking
@ "D:\yilingsi_fpga\Efinity_Project\2026.9.25\9.25.1_ding_Ti60F225_Canny_Face_Parallel\ip/DdrCtrl\DdrCtrl.sv (1460)" removed instance : ddr3_ctl_axi/u_efx_ddr3_soft_controller/genblk1.inst_ddr3_axi/inst_efx_ddr3/top_mc/controller_main/dffrs_2527/i13_rst_2
@ "D:\yilingsi_fpga\Efinity_Project\2026.9.25\9.25.1_ding_Ti60F225_Canny_Face_Parallel\ip/DdrCtrl\DdrCtrl.sv (1460)" representative instance : ddr3_ctl_axi/u_efx_ddr3_soft_controller/genblk1.inst_ddr3_axi/inst_efx_ddr3/top_mc/controller_main/dffrs_2527/i94_rst_2
FF|OPT : Flip-flop optimization by equivalence checking
@ "D:\yilingsi_fpga\Efinity_Project\2026.9.25\9.25.1_ding_Ti60F225_Canny_Face_Parallel\ip/DdrCtrl\DdrCtrl.sv (1460)" removed instance : ddr3_ctl_axi/u_efx_ddr3_soft_controller/genblk1.inst_ddr3_axi/inst_efx_ddr3/top_mc/controller_main/dffrs_2527/i13_rst_3
@ "D:\yilingsi_fpga\Efinity_Project\2026.9.25\9.25.1_ding_Ti60F225_Canny_Face_Parallel\ip/DdrCtrl\DdrCtrl.sv (1460)" representative instance : ddr3_ctl_axi/u_efx_ddr3_soft_controller/genblk1.inst_ddr3_axi/inst_efx_ddr3/top_mc/controller_main/dffrs_2527/i94_rst_3
FF|OPT : Flip-flop optimization by equivalence checking
@ "D:\yilingsi_fpga\Efinity_Project\2026.9.25\9.25.1_ding_Ti60F225_Canny_Face_Parallel\ip/DdrCtrl\DdrCtrl.sv (3274)" removed instance : ddr3_ctl_axi/u_efx_ddr3_soft_controller/genblk1.inst_ddr3_axi/inst_efx_ddr3/dff_734/i125
@ "D:\yilingsi_fpga\Efinity_Project\2026.9.25\9.25.1_ding_Ti60F225_Canny_Face_Parallel\ip/DdrCtrl\DdrCtrl.sv (3274)" representative instance : ddr3_ctl_axi/u_efx_ddr3_soft_controller/genblk1.inst_ddr3_axi/inst_efx_ddr3/dff_734/i86
FF|OPT : Flip-flop optimization by equivalence checking
@ "D:\yilingsi_fpga\Efinity_Project\2026.9.25\9.25.1_ding_Ti60F225_Canny_Face_Parallel\ip/DdrCtrl\DdrCtrl.sv (3274)" removed instance : ddr3_ctl_axi/u_efx_ddr3_soft_controller/genblk1.inst_ddr3_axi/inst_efx_ddr3/dff_734/i126
@ "D:\yilingsi_fpga\Efinity_Project\2026.9.25\9.25.1_ding_Ti60F225_Canny_Face_Parallel\ip/DdrCtrl\DdrCtrl.sv (3274)" representative instance : ddr3_ctl_axi/u_efx_ddr3_soft_controller/genblk1.inst_ddr3_axi/inst_efx_ddr3/dff_734/i95
FF|OPT : Flip-flop optimization by equivalence checking
@ "D:\yilingsi_fpga\Efinity_Project\2026.9.25\9.25.1_ding_Ti60F225_Canny_Face_Parallel\ip/DdrCtrl\DdrCtrl.sv (3274)" removed instance : ddr3_ctl_axi/u_efx_ddr3_soft_controller/genblk1.inst_ddr3_axi/inst_efx_ddr3/dff_734/i127
@ "D:\yilingsi_fpga\Efinity_Project\2026.9.25\9.25.1_ding_Ti60F225_Canny_Face_Parallel\ip/DdrCtrl\DdrCtrl.sv (3274)" representative instance : ddr3_ctl_axi/u_efx_ddr3_soft_controller/genblk1.inst_ddr3_axi/inst_efx_ddr3/dff_734/i95
FF|OPT : Flip-flop optimization by equivalence checking
@ "D:\yilingsi_fpga\Efinity_Project\2026.9.25\9.25.1_ding_Ti60F225_Canny_Face_Parallel\ip/DdrCtrl\DdrCtrl.sv (3274)" removed instance : ddr3_ctl_axi/u_efx_ddr3_soft_controller/genblk1.inst_ddr3_axi/inst_efx_ddr3/dff_734/i128
@ "D:\yilingsi_fpga\Efinity_Project\2026.9.25\9.25.1_ding_Ti60F225_Canny_Face_Parallel\ip/DdrCtrl\DdrCtrl.sv (3274)" representative instance : ddr3_ctl_axi/u_efx_ddr3_soft_controller/genblk1.inst_ddr3_axi/inst_efx_ddr3/dff_734/i2
FF|OPT : Flip-flop optimization by equivalence checking
@ "D:\yilingsi_fpga\Efinity_Project\2026.9.25\9.25.1_ding_Ti60F225_Canny_Face_Parallel\ip/DdrCtrl\DdrCtrl.sv (1460)" removed instance : ddr3_ctl_axi/u_efx_ddr3_soft_controller/genblk1.inst_ddr3_axi/inst_efx_ddr3/top_mc/controller_main/dffrs_2527/i128_rst_0
@ "D:\yilingsi_fpga\Efinity_Project\2026.9.25\9.25.1_ding_Ti60F225_Canny_Face_Parallel\ip/DdrCtrl\DdrCtrl.sv (1460)" representative instance : ddr3_ctl_axi/u_efx_ddr3_soft_controller/genblk1.inst_ddr3_axi/inst_efx_ddr3/top_mc/controller_main/dffrs_2527/i94_rst_0
FF|OPT : Flip-flop optimization by equivalence checking
@ "D:\yilingsi_fpga\Efinity_Project\2026.9.25\9.25.1_ding_Ti60F225_Canny_Face_Parallel\ip/DdrCtrl\DdrCtrl.sv (1460)" removed instance : ddr3_ctl_axi/u_efx_ddr3_soft_controller/genblk1.inst_ddr3_axi/inst_efx_ddr3/top_mc/controller_main/dffrs_2527/i128_rst_1
@ "D:\yilingsi_fpga\Efinity_Project\2026.9.25\9.25.1_ding_Ti60F225_Canny_Face_Parallel\ip/DdrCtrl\DdrCtrl.sv (1460)" representative instance : ddr3_ctl_axi/u_efx_ddr3_soft_controller/genblk1.inst_ddr3_axi/inst_efx_ddr3/top_mc/controller_main/dffrs_2527/i94_rst_1
FF|OPT : Flip-flop optimization by equivalence checking
@ "D:\yilingsi_fpga\Efinity_Project\2026.9.25\9.25.1_ding_Ti60F225_Canny_Face_Parallel\ip/DdrCtrl\DdrCtrl.sv (1460)" removed instance : ddr3_ctl_axi/u_efx_ddr3_soft_controller/genblk1.inst_ddr3_axi/inst_efx_ddr3/top_mc/controller_main/dffrs_2527/i128_rst_2
@ "D:\yilingsi_fpga\Efinity_Project\2026.9.25\9.25.1_ding_Ti60F225_Canny_Face_Parallel\ip/DdrCtrl\DdrCtrl.sv (1460)" representative instance : ddr3_ctl_axi/u_efx_ddr3_soft_controller/genblk1.inst_ddr3_axi/inst_efx_ddr3/top_mc/controller_main/dffrs_2527/i94_rst_2
FF|OPT : Flip-flop optimization by equivalence checking
@ "D:\yilingsi_fpga\Efinity_Project\2026.9.25\9.25.1_ding_Ti60F225_Canny_Face_Parallel\ip/DdrCtrl\DdrCtrl.sv (1460)" removed instance : ddr3_ctl_axi/u_efx_ddr3_soft_controller/genblk1.inst_ddr3_axi/inst_efx_ddr3/top_mc/controller_main/dffrs_2527/i128_rst_3
@ "D:\yilingsi_fpga\Efinity_Project\2026.9.25\9.25.1_ding_Ti60F225_Canny_Face_Parallel\ip/DdrCtrl\DdrCtrl.sv (1460)" representative instance : ddr3_ctl_axi/u_efx_ddr3_soft_controller/genblk1.inst_ddr3_axi/inst_efx_ddr3/top_mc/controller_main/dffrs_2527/i94_rst_3
FF|OPT : Flip-flop optimization by equivalence checking
@ "D:\yilingsi_fpga\Efinity_Project\2026.9.25\9.25.1_ding_Ti60F225_Canny_Face_Parallel\ip/DdrCtrl\DdrCtrl.sv (1460)" removed instance : ddr3_ctl_axi/u_efx_ddr3_soft_controller/genblk1.inst_ddr3_axi/inst_efx_ddr3/top_mc/controller_main/dffrs_2527/i127_rst_0
@ "D:\yilingsi_fpga\Efinity_Project\2026.9.25\9.25.1_ding_Ti60F225_Canny_Face_Parallel\ip/DdrCtrl\DdrCtrl.sv (1460)" representative instance : ddr3_ctl_axi/u_efx_ddr3_soft_controller/genblk1.inst_ddr3_axi/inst_efx_ddr3/top_mc/controller_main/dffrs_2527/i94_rst_0
FF|OPT : Flip-flop optimization by equivalence checking
@ "D:\yilingsi_fpga\Efinity_Project\2026.9.25\9.25.1_ding_Ti60F225_Canny_Face_Parallel\ip/DdrCtrl\DdrCtrl.sv (1460)" removed instance : ddr3_ctl_axi/u_efx_ddr3_soft_controller/genblk1.inst_ddr3_axi/inst_efx_ddr3/top_mc/controller_main/dffrs_2527/i127_rst_1
@ "D:\yilingsi_fpga\Efinity_Project\2026.9.25\9.25.1_ding_Ti60F225_Canny_Face_Parallel\ip/DdrCtrl\DdrCtrl.sv (1460)" representative instance : ddr3_ctl_axi/u_efx_ddr3_soft_controller/genblk1.inst_ddr3_axi/inst_efx_ddr3/top_mc/controller_main/dffrs_2527/i94_rst_1
FF|OPT : Flip-flop optimization by equivalence checking
@ "D:\yilingsi_fpga\Efinity_Project\2026.9.25\9.25.1_ding_Ti60F225_Canny_Face_Parallel\ip/DdrCtrl\DdrCtrl.sv (1460)" removed instance : ddr3_ctl_axi/u_efx_ddr3_soft_controller/genblk1.inst_ddr3_axi/inst_efx_ddr3/top_mc/controller_main/dffrs_2527/i127_rst_2
@ "D:\yilingsi_fpga\Efinity_Project\2026.9.25\9.25.1_ding_Ti60F225_Canny_Face_Parallel\ip/DdrCtrl\DdrCtrl.sv (1460)" representative instance : ddr3_ctl_axi/u_efx_ddr3_soft_controller/genblk1.inst_ddr3_axi/inst_efx_ddr3/top_mc/controller_main/dffrs_2527/i94_rst_2
FF|OPT : Flip-flop optimization by equivalence checking
@ "D:\yilingsi_fpga\Efinity_Project\2026.9.25\9.25.1_ding_Ti60F225_Canny_Face_Parallel\ip/DdrCtrl\DdrCtrl.sv (1460)" removed instance : ddr3_ctl_axi/u_efx_ddr3_soft_controller/genblk1.inst_ddr3_axi/inst_efx_ddr3/top_mc/controller_main/dffrs_2527/i127_rst_3
@ "D:\yilingsi_fpga\Efinity_Project\2026.9.25\9.25.1_ding_Ti60F225_Canny_Face_Parallel\ip/DdrCtrl\DdrCtrl.sv (1460)" representative instance : ddr3_ctl_axi/u_efx_ddr3_soft_controller/genblk1.inst_ddr3_axi/inst_efx_ddr3/top_mc/controller_main/dffrs_2527/i94_rst_3
FF|OPT : Flip-flop optimization by equivalence checking
@ "D:\yilingsi_fpga\Efinity_Project\2026.9.25\9.25.1_ding_Ti60F225_Canny_Face_Parallel\ip/DdrCtrl\DdrCtrl.sv (1460)" removed instance : ddr3_ctl_axi/u_efx_ddr3_soft_controller/genblk1.inst_ddr3_axi/inst_efx_ddr3/top_mc/controller_main/dffrs_2527/i126_rst_0
@ "D:\yilingsi_fpga\Efinity_Project\2026.9.25\9.25.1_ding_Ti60F225_Canny_Face_Parallel\ip/DdrCtrl\DdrCtrl.sv (1460)" representative instance : ddr3_ctl_axi/u_efx_ddr3_soft_controller/genblk1.inst_ddr3_axi/inst_efx_ddr3/top_mc/controller_main/dffrs_2527/i94_rst_0
FF|OPT : Flip-flop optimization by equivalence checking
@ "D:\yilingsi_fpga\Efinity_Project\2026.9.25\9.25.1_ding_Ti60F225_Canny_Face_Parallel\ip/DdrCtrl\DdrCtrl.sv (1460)" removed instance : ddr3_ctl_axi/u_efx_ddr3_soft_controller/genblk1.inst_ddr3_axi/inst_efx_ddr3/top_mc/controller_main/dffrs_2527/i126_rst_1
@ "D:\yilingsi_fpga\Efinity_Project\2026.9.25\9.25.1_ding_Ti60F225_Canny_Face_Parallel\ip/DdrCtrl\DdrCtrl.sv (1460)" representative instance : ddr3_ctl_axi/u_efx_ddr3_soft_controller/genblk1.inst_ddr3_axi/inst_efx_ddr3/top_mc/controller_main/dffrs_2527/i94_rst_1
FF|OPT : Flip-flop optimization by equivalence checking
@ "D:\yilingsi_fpga\Efinity_Project\2026.9.25\9.25.1_ding_Ti60F225_Canny_Face_Parallel\ip/DdrCtrl\DdrCtrl.sv (1460)" removed instance : ddr3_ctl_axi/u_efx_ddr3_soft_controller/genblk1.inst_ddr3_axi/inst_efx_ddr3/top_mc/controller_main/dffrs_2527/i126_rst_2
@ "D:\yilingsi_fpga\Efinity_Project\2026.9.25\9.25.1_ding_Ti60F225_Canny_Face_Parallel\ip/DdrCtrl\DdrCtrl.sv (1460)" representative instance : ddr3_ctl_axi/u_efx_ddr3_soft_controller/genblk1.inst_ddr3_axi/inst_efx_ddr3/top_mc/controller_main/dffrs_2527/i94_rst_2
FF|OPT : Flip-flop optimization by equivalence checking
@ "D:\yilingsi_fpga\Efinity_Project\2026.9.25\9.25.1_ding_Ti60F225_Canny_Face_Parallel\ip/DdrCtrl\DdrCtrl.sv (1460)" removed instance : ddr3_ctl_axi/u_efx_ddr3_soft_controller/genblk1.inst_ddr3_axi/inst_efx_ddr3/top_mc/controller_main/dffrs_2527/i126_rst_3
@ "D:\yilingsi_fpga\Efinity_Project\2026.9.25\9.25.1_ding_Ti60F225_Canny_Face_Parallel\ip/DdrCtrl\DdrCtrl.sv (1460)" representative instance : ddr3_ctl_axi/u_efx_ddr3_soft_controller/genblk1.inst_ddr3_axi/inst_efx_ddr3/top_mc/controller_main/dffrs_2527/i94_rst_3
FF|OPT : Flip-flop optimization by equivalence checking
@ "D:\yilingsi_fpga\Efinity_Project\2026.9.25\9.25.1_ding_Ti60F225_Canny_Face_Parallel\ip/DdrCtrl\DdrCtrl.sv (1460)" removed instance : ddr3_ctl_axi/u_efx_ddr3_soft_controller/genblk1.inst_ddr3_axi/inst_efx_ddr3/top_mc/controller_main/dffrs_2527/i125_rst_0
@ "D:\yilingsi_fpga\Efinity_Project\2026.9.25\9.25.1_ding_Ti60F225_Canny_Face_Parallel\ip/DdrCtrl\DdrCtrl.sv (1460)" representative instance : ddr3_ctl_axi/u_efx_ddr3_soft_controller/genblk1.inst_ddr3_axi/inst_efx_ddr3/top_mc/controller_main/dffrs_2527/i94_rst_0
FF|OPT : Flip-flop optimization by equivalence checking
@ "D:\yilingsi_fpga\Efinity_Project\2026.9.25\9.25.1_ding_Ti60F225_Canny_Face_Parallel\ip/DdrCtrl\DdrCtrl.sv (1460)" removed instance : ddr3_ctl_axi/u_efx_ddr3_soft_controller/genblk1.inst_ddr3_axi/inst_efx_ddr3/top_mc/controller_main/dffrs_2527/i125_rst_1
@ "D:\yilingsi_fpga\Efinity_Project\2026.9.25\9.25.1_ding_Ti60F225_Canny_Face_Parallel\ip/DdrCtrl\DdrCtrl.sv (1460)" representative instance : ddr3_ctl_axi/u_efx_ddr3_soft_controller/genblk1.inst_ddr3_axi/inst_efx_ddr3/top_mc/controller_main/dffrs_2527/i94_rst_1
FF|OPT : Flip-flop optimization by equivalence checking
@ "D:\yilingsi_fpga\Efinity_Project\2026.9.25\9.25.1_ding_Ti60F225_Canny_Face_Parallel\ip/DdrCtrl\DdrCtrl.sv (1460)" removed instance : ddr3_ctl_axi/u_efx_ddr3_soft_controller/genblk1.inst_ddr3_axi/inst_efx_ddr3/top_mc/controller_main/dffrs_2527/i125_rst_2
@ "D:\yilingsi_fpga\Efinity_Project\2026.9.25\9.25.1_ding_Ti60F225_Canny_Face_Parallel\ip/DdrCtrl\DdrCtrl.sv (1460)" representative instance : ddr3_ctl_axi/u_efx_ddr3_soft_controller/genblk1.inst_ddr3_axi/inst_efx_ddr3/top_mc/controller_main/dffrs_2527/i94_rst_2
FF|OPT : Flip-flop optimization by equivalence checking
@ "D:\yilingsi_fpga\Efinity_Project\2026.9.25\9.25.1_ding_Ti60F225_Canny_Face_Parallel\ip/DdrCtrl\DdrCtrl.sv (1460)" removed instance : ddr3_ctl_axi/u_efx_ddr3_soft_controller/genblk1.inst_ddr3_axi/inst_efx_ddr3/top_mc/controller_main/dffrs_2527/i125_rst_3
@ "D:\yilingsi_fpga\Efinity_Project\2026.9.25\9.25.1_ding_Ti60F225_Canny_Face_Parallel\ip/DdrCtrl\DdrCtrl.sv (1460)" representative instance : ddr3_ctl_axi/u_efx_ddr3_soft_controller/genblk1.inst_ddr3_axi/inst_efx_ddr3/top_mc/controller_main/dffrs_2527/i94_rst_3
FF|OPT : Flip-flop optimization by equivalence checking
@ "D:\yilingsi_fpga\Efinity_Project\2026.9.25\9.25.1_ding_Ti60F225_Canny_Face_Parallel\ip/DdrCtrl\DdrCtrl.sv (3274)" removed instance : ddr3_ctl_axi/u_efx_ddr3_soft_controller/genblk1.inst_ddr3_axi/inst_efx_ddr3/dff_734/i105
@ "D:\yilingsi_fpga\Efinity_Project\2026.9.25\9.25.1_ding_Ti60F225_Canny_Face_Parallel\ip/DdrCtrl\DdrCtrl.sv (3274)" representative instance : ddr3_ctl_axi/u_efx_ddr3_soft_controller/genblk1.inst_ddr3_axi/inst_efx_ddr3/dff_734/i100
FF|OPT : Flip-flop optimization by equivalence checking
@ "D:\yilingsi_fpga\Efinity_Project\2026.9.25\9.25.1_ding_Ti60F225_Canny_Face_Parallel\ip/DdrCtrl\DdrCtrl.sv (3274)" removed instance : ddr3_ctl_axi/u_efx_ddr3_soft_controller/genblk1.inst_ddr3_axi/inst_efx_ddr3/dff_734/i106
@ "D:\yilingsi_fpga\Efinity_Project\2026.9.25\9.25.1_ding_Ti60F225_Canny_Face_Parallel\ip/DdrCtrl\DdrCtrl.sv (3274)" representative instance : ddr3_ctl_axi/u_efx_ddr3_soft_controller/genblk1.inst_ddr3_axi/inst_efx_ddr3/dff_734/i85
FF|OPT : Flip-flop optimization by equivalence checking
@ "D:\yilingsi_fpga\Efinity_Project\2026.9.25\9.25.1_ding_Ti60F225_Canny_Face_Parallel\ip/DdrCtrl\DdrCtrl.sv (3274)" removed instance : ddr3_ctl_axi/u_efx_ddr3_soft_controller/genblk1.inst_ddr3_axi/inst_efx_ddr3/dff_734/i108
@ "D:\yilingsi_fpga\Efinity_Project\2026.9.25\9.25.1_ding_Ti60F225_Canny_Face_Parallel\ip/DdrCtrl\DdrCtrl.sv (3274)" representative instance : ddr3_ctl_axi/u_efx_ddr3_soft_controller/genblk1.inst_ddr3_axi/inst_efx_ddr3/dff_734/i100
FF|OPT : Flip-flop optimization by equivalence checking
@ "D:\yilingsi_fpga\Efinity_Project\2026.9.25\9.25.1_ding_Ti60F225_Canny_Face_Parallel\ip/DdrCtrl\DdrCtrl.sv (3274)" removed instance : ddr3_ctl_axi/u_efx_ddr3_soft_controller/genblk1.inst_ddr3_axi/inst_efx_ddr3/dff_734/i110
@ "D:\yilingsi_fpga\Efinity_Project\2026.9.25\9.25.1_ding_Ti60F225_Canny_Face_Parallel\ip/DdrCtrl\DdrCtrl.sv (3274)" representative instance : ddr3_ctl_axi/u_efx_ddr3_soft_controller/genblk1.inst_ddr3_axi/inst_efx_ddr3/dff_734/i81
FF|OPT : Flip-flop optimization by equivalence checking
@ "D:\yilingsi_fpga\Efinity_Project\2026.9.25\9.25.1_ding_Ti60F225_Canny_Face_Parallel\ip/DdrCtrl\DdrCtrl.sv (3274)" removed instance : ddr3_ctl_axi/u_efx_ddr3_soft_controller/genblk1.inst_ddr3_axi/inst_efx_ddr3/dff_734/i111
@ "D:\yilingsi_fpga\Efinity_Project\2026.9.25\9.25.1_ding_Ti60F225_Canny_Face_Parallel\ip/DdrCtrl\DdrCtrl.sv (3274)" representative instance : ddr3_ctl_axi/u_efx_ddr3_soft_controller/genblk1.inst_ddr3_axi/inst_efx_ddr3/dff_734/i91
FF|OPT : Flip-flop optimization by equivalence checking
@ "D:\yilingsi_fpga\Efinity_Project\2026.9.25\9.25.1_ding_Ti60F225_Canny_Face_Parallel\ip/DdrCtrl\DdrCtrl.sv (3274)" removed instance : ddr3_ctl_axi/u_efx_ddr3_soft_controller/genblk1.inst_ddr3_axi/inst_efx_ddr3/dff_734/i112
@ "D:\yilingsi_fpga\Efinity_Project\2026.9.25\9.25.1_ding_Ti60F225_Canny_Face_Parallel\ip/DdrCtrl\DdrCtrl.sv (3274)" representative instance : ddr3_ctl_axi/u_efx_ddr3_soft_controller/genblk1.inst_ddr3_axi/inst_efx_ddr3/dff_734/i95
FF|OPT : Flip-flop optimization by equivalence checking
@ "D:\yilingsi_fpga\Efinity_Project\2026.9.25\9.25.1_ding_Ti60F225_Canny_Face_Parallel\ip/DdrCtrl\DdrCtrl.sv (3274)" removed instance : ddr3_ctl_axi/u_efx_ddr3_soft_controller/genblk1.inst_ddr3_axi/inst_efx_ddr3/dff_734/i113
@ "D:\yilingsi_fpga\Efinity_Project\2026.9.25\9.25.1_ding_Ti60F225_Canny_Face_Parallel\ip/DdrCtrl\DdrCtrl.sv (3274)" representative instance : ddr3_ctl_axi/u_efx_ddr3_soft_controller/genblk1.inst_ddr3_axi/inst_efx_ddr3/dff_734/i94
FF|OPT : Flip-flop optimization by equivalence checking
@ "D:\yilingsi_fpga\Efinity_Project\2026.9.25\9.25.1_ding_Ti60F225_Canny_Face_Parallel\ip/DdrCtrl\DdrCtrl.sv (3274)" removed instance : ddr3_ctl_axi/u_efx_ddr3_soft_controller/genblk1.inst_ddr3_axi/inst_efx_ddr3/dff_734/i114
@ "D:\yilingsi_fpga\Efinity_Project\2026.9.25\9.25.1_ding_Ti60F225_Canny_Face_Parallel\ip/DdrCtrl\DdrCtrl.sv (3274)" representative instance : ddr3_ctl_axi/u_efx_ddr3_soft_controller/genblk1.inst_ddr3_axi/inst_efx_ddr3/dff_734/i100
FF|OPT : Flip-flop optimization by equivalence checking
@ "D:\yilingsi_fpga\Efinity_Project\2026.9.25\9.25.1_ding_Ti60F225_Canny_Face_Parallel\ip/DdrCtrl\DdrCtrl.sv (3274)" removed instance : ddr3_ctl_axi/u_efx_ddr3_soft_controller/genblk1.inst_ddr3_axi/inst_efx_ddr3/dff_734/i115
@ "D:\yilingsi_fpga\Efinity_Project\2026.9.25\9.25.1_ding_Ti60F225_Canny_Face_Parallel\ip/DdrCtrl\DdrCtrl.sv (3274)" representative instance : ddr3_ctl_axi/u_efx_ddr3_soft_controller/genblk1.inst_ddr3_axi/inst_efx_ddr3/dff_734/i100
FF|OPT : Flip-flop optimization by equivalence checking
@ "D:\yilingsi_fpga\Efinity_Project\2026.9.25\9.25.1_ding_Ti60F225_Canny_Face_Parallel\ip/DdrCtrl\DdrCtrl.sv (3274)" removed instance : ddr3_ctl_axi/u_efx_ddr3_soft_controller/genblk1.inst_ddr3_axi/inst_efx_ddr3/dff_734/i116
@ "D:\yilingsi_fpga\Efinity_Project\2026.9.25\9.25.1_ding_Ti60F225_Canny_Face_Parallel\ip/DdrCtrl\DdrCtrl.sv (3274)" representative instance : ddr3_ctl_axi/u_efx_ddr3_soft_controller/genblk1.inst_ddr3_axi/inst_efx_ddr3/dff_734/i2
FF|OPT : Flip-flop optimization by equivalence checking
@ "D:\yilingsi_fpga\Efinity_Project\2026.9.25\9.25.1_ding_Ti60F225_Canny_Face_Parallel\ip/DdrCtrl\DdrCtrl.sv (3274)" removed instance : ddr3_ctl_axi/u_efx_ddr3_soft_controller/genblk1.inst_ddr3_axi/inst_efx_ddr3/dff_734/i117
@ "D:\yilingsi_fpga\Efinity_Project\2026.9.25\9.25.1_ding_Ti60F225_Canny_Face_Parallel\ip/DdrCtrl\DdrCtrl.sv (3274)" representative instance : ddr3_ctl_axi/u_efx_ddr3_soft_controller/genblk1.inst_ddr3_axi/inst_efx_ddr3/dff_734/i94
FF|OPT : Flip-flop optimization by equivalence checking
@ "D:\yilingsi_fpga\Efinity_Project\2026.9.25\9.25.1_ding_Ti60F225_Canny_Face_Parallel\ip/DdrCtrl\DdrCtrl.sv (3274)" removed instance : ddr3_ctl_axi/u_efx_ddr3_soft_controller/genblk1.inst_ddr3_axi/inst_efx_ddr3/dff_734/i118
@ "D:\yilingsi_fpga\Efinity_Project\2026.9.25\9.25.1_ding_Ti60F225_Canny_Face_Parallel\ip/DdrCtrl\DdrCtrl.sv (3274)" representative instance : ddr3_ctl_axi/u_efx_ddr3_soft_controller/genblk1.inst_ddr3_axi/inst_efx_ddr3/dff_734/i91
FF|OPT : Flip-flop optimization by equivalence checking
@ "D:\yilingsi_fpga\Efinity_Project\2026.9.25\9.25.1_ding_Ti60F225_Canny_Face_Parallel\ip/DdrCtrl\DdrCtrl.sv (3274)" removed instance : ddr3_ctl_axi/u_efx_ddr3_soft_controller/genblk1.inst_ddr3_axi/inst_efx_ddr3/dff_734/i120
@ "D:\yilingsi_fpga\Efinity_Project\2026.9.25\9.25.1_ding_Ti60F225_Canny_Face_Parallel\ip/DdrCtrl\DdrCtrl.sv (3274)" representative instance : ddr3_ctl_axi/u_efx_ddr3_soft_controller/genblk1.inst_ddr3_axi/inst_efx_ddr3/dff_734/i88
FF|OPT : Flip-flop optimization by equivalence checking
@ "D:\yilingsi_fpga\Efinity_Project\2026.9.25\9.25.1_ding_Ti60F225_Canny_Face_Parallel\ip/DdrCtrl\DdrCtrl.sv (3274)" removed instance : ddr3_ctl_axi/u_efx_ddr3_soft_controller/genblk1.inst_ddr3_axi/inst_efx_ddr3/dff_734/i121
@ "D:\yilingsi_fpga\Efinity_Project\2026.9.25\9.25.1_ding_Ti60F225_Canny_Face_Parallel\ip/DdrCtrl\DdrCtrl.sv (3274)" representative instance : ddr3_ctl_axi/u_efx_ddr3_soft_controller/genblk1.inst_ddr3_axi/inst_efx_ddr3/dff_734/i86
FF|OPT : Flip-flop optimization by equivalence checking
@ "D:\yilingsi_fpga\Efinity_Project\2026.9.25\9.25.1_ding_Ti60F225_Canny_Face_Parallel\ip/DdrCtrl\DdrCtrl.sv (3274)" removed instance : ddr3_ctl_axi/u_efx_ddr3_soft_controller/genblk1.inst_ddr3_axi/inst_efx_ddr3/dff_734/i122
@ "D:\yilingsi_fpga\Efinity_Project\2026.9.25\9.25.1_ding_Ti60F225_Canny_Face_Parallel\ip/DdrCtrl\DdrCtrl.sv (3274)" representative instance : ddr3_ctl_axi/u_efx_ddr3_soft_controller/genblk1.inst_ddr3_axi/inst_efx_ddr3/dff_734/i91
FF|OPT : Flip-flop optimization by equivalence checking
@ "D:\yilingsi_fpga\Efinity_Project\2026.9.25\9.25.1_ding_Ti60F225_Canny_Face_Parallel\ip/DdrCtrl\DdrCtrl.sv (3274)" removed instance : ddr3_ctl_axi/u_efx_ddr3_soft_controller/genblk1.inst_ddr3_axi/inst_efx_ddr3/dff_734/i123
@ "D:\yilingsi_fpga\Efinity_Project\2026.9.25\9.25.1_ding_Ti60F225_Canny_Face_Parallel\ip/DdrCtrl\DdrCtrl.sv (3274)" representative instance : ddr3_ctl_axi/u_efx_ddr3_soft_controller/genblk1.inst_ddr3_axi/inst_efx_ddr3/dff_734/i95
FF|OPT : Flip-flop optimization by equivalence checking
@ "D:\yilingsi_fpga\Efinity_Project\2026.9.25\9.25.1_ding_Ti60F225_Canny_Face_Parallel\ip/DdrCtrl\DdrCtrl.sv (3274)" removed instance : ddr3_ctl_axi/u_efx_ddr3_soft_controller/genblk1.inst_ddr3_axi/inst_efx_ddr3/dff_734/i124
@ "D:\yilingsi_fpga\Efinity_Project\2026.9.25\9.25.1_ding_Ti60F225_Canny_Face_Parallel\ip/DdrCtrl\DdrCtrl.sv (3274)" representative instance : ddr3_ctl_axi/u_efx_ddr3_soft_controller/genblk1.inst_ddr3_axi/inst_efx_ddr3/dff_734/i92
FF|OPT : Flip-flop optimization by equivalence checking
@ "D:\yilingsi_fpga\Efinity_Project\2026.9.25\9.25.1_ding_Ti60F225_Canny_Face_Parallel\ip/DdrCtrl\DdrCtrl.sv (1460)" removed instance : ddr3_ctl_axi/u_efx_ddr3_soft_controller/genblk1.inst_ddr3_axi/inst_efx_ddr3/top_mc/controller_main/dffrs_2527/i124_rst_0
@ "D:\yilingsi_fpga\Efinity_Project\2026.9.25\9.25.1_ding_Ti60F225_Canny_Face_Parallel\ip/DdrCtrl\DdrCtrl.sv (1460)" representative instance : ddr3_ctl_axi/u_efx_ddr3_soft_controller/genblk1.inst_ddr3_axi/inst_efx_ddr3/top_mc/controller_main/dffrs_2527/i94_rst_0
FF|OPT : Flip-flop optimization by equivalence checking
@ "D:\yilingsi_fpga\Efinity_Project\2026.9.25\9.25.1_ding_Ti60F225_Canny_Face_Parallel\ip/DdrCtrl\DdrCtrl.sv (1460)" removed instance : ddr3_ctl_axi/u_efx_ddr3_soft_controller/genblk1.inst_ddr3_axi/inst_efx_ddr3/top_mc/controller_main/dffrs_2527/i124_rst_1
@ "D:\yilingsi_fpga\Efinity_Project\2026.9.25\9.25.1_ding_Ti60F225_Canny_Face_Parallel\ip/DdrCtrl\DdrCtrl.sv (1460)" representative instance : ddr3_ctl_axi/u_efx_ddr3_soft_controller/genblk1.inst_ddr3_axi/inst_efx_ddr3/top_mc/controller_main/dffrs_2527/i94_rst_1
FF|OPT : Flip-flop optimization by equivalence checking
@ "D:\yilingsi_fpga\Efinity_Project\2026.9.25\9.25.1_ding_Ti60F225_Canny_Face_Parallel\ip/DdrCtrl\DdrCtrl.sv (1460)" removed instance : ddr3_ctl_axi/u_efx_ddr3_soft_controller/genblk1.inst_ddr3_axi/inst_efx_ddr3/top_mc/controller_main/dffrs_2527/i124_rst_2
@ "D:\yilingsi_fpga\Efinity_Project\2026.9.25\9.25.1_ding_Ti60F225_Canny_Face_Parallel\ip/DdrCtrl\DdrCtrl.sv (1460)" representative instance : ddr3_ctl_axi/u_efx_ddr3_soft_controller/genblk1.inst_ddr3_axi/inst_efx_ddr3/top_mc/controller_main/dffrs_2527/i94_rst_2
FF|OPT : Flip-flop optimization by equivalence checking
@ "D:\yilingsi_fpga\Efinity_Project\2026.9.25\9.25.1_ding_Ti60F225_Canny_Face_Parallel\ip/DdrCtrl\DdrCtrl.sv (1460)" removed instance : ddr3_ctl_axi/u_efx_ddr3_soft_controller/genblk1.inst_ddr3_axi/inst_efx_ddr3/top_mc/controller_main/dffrs_2527/i124_rst_3
@ "D:\yilingsi_fpga\Efinity_Project\2026.9.25\9.25.1_ding_Ti60F225_Canny_Face_Parallel\ip/DdrCtrl\DdrCtrl.sv (1460)" representative instance : ddr3_ctl_axi/u_efx_ddr3_soft_controller/genblk1.inst_ddr3_axi/inst_efx_ddr3/top_mc/controller_main/dffrs_2527/i94_rst_3
FF|OPT : Flip-flop optimization by equivalence checking
@ "D:\yilingsi_fpga\Efinity_Project\2026.9.25\9.25.1_ding_Ti60F225_Canny_Face_Parallel\ip/DdrCtrl\DdrCtrl.sv (1460)" removed instance : ddr3_ctl_axi/u_efx_ddr3_soft_controller/genblk1.inst_ddr3_axi/inst_efx_ddr3/top_mc/controller_main/dffrs_2527/i123_rst_0
@ "D:\yilingsi_fpga\Efinity_Project\2026.9.25\9.25.1_ding_Ti60F225_Canny_Face_Parallel\ip/DdrCtrl\DdrCtrl.sv (1460)" representative instance : ddr3_ctl_axi/u_efx_ddr3_soft_controller/genblk1.inst_ddr3_axi/inst_efx_ddr3/top_mc/controller_main/dffrs_2527/i94_rst_0
FF|OPT : Flip-flop optimization by equivalence checking
@ "D:\yilingsi_fpga\Efinity_Project\2026.9.25\9.25.1_ding_Ti60F225_Canny_Face_Parallel\ip/DdrCtrl\DdrCtrl.sv (1460)" removed instance : ddr3_ctl_axi/u_efx_ddr3_soft_controller/genblk1.inst_ddr3_axi/inst_efx_ddr3/top_mc/controller_main/dffrs_2527/i123_rst_1
@ "D:\yilingsi_fpga\Efinity_Project\2026.9.25\9.25.1_ding_Ti60F225_Canny_Face_Parallel\ip/DdrCtrl\DdrCtrl.sv (1460)" representative instance : ddr3_ctl_axi/u_efx_ddr3_soft_controller/genblk1.inst_ddr3_axi/inst_efx_ddr3/top_mc/controller_main/dffrs_2527/i94_rst_1
FF|OPT : Flip-flop optimization by equivalence checking
@ "D:\yilingsi_fpga\Efinity_Project\2026.9.25\9.25.1_ding_Ti60F225_Canny_Face_Parallel\ip/DdrCtrl\DdrCtrl.sv (1460)" removed instance : ddr3_ctl_axi/u_efx_ddr3_soft_controller/genblk1.inst_ddr3_axi/inst_efx_ddr3/top_mc/controller_main/dffrs_2527/i123_rst_2
@ "D:\yilingsi_fpga\Efinity_Project\2026.9.25\9.25.1_ding_Ti60F225_Canny_Face_Parallel\ip/DdrCtrl\DdrCtrl.sv (1460)" representative instance : ddr3_ctl_axi/u_efx_ddr3_soft_controller/genblk1.inst_ddr3_axi/inst_efx_ddr3/top_mc/controller_main/dffrs_2527/i94_rst_2
FF|OPT : Flip-flop optimization by equivalence checking
@ "D:\yilingsi_fpga\Efinity_Project\2026.9.25\9.25.1_ding_Ti60F225_Canny_Face_Parallel\ip/DdrCtrl\DdrCtrl.sv (1460)" removed instance : ddr3_ctl_axi/u_efx_ddr3_soft_controller/genblk1.inst_ddr3_axi/inst_efx_ddr3/top_mc/controller_main/dffrs_2527/i123_rst_3
@ "D:\yilingsi_fpga\Efinity_Project\2026.9.25\9.25.1_ding_Ti60F225_Canny_Face_Parallel\ip/DdrCtrl\DdrCtrl.sv (1460)" representative instance : ddr3_ctl_axi/u_efx_ddr3_soft_controller/genblk1.inst_ddr3_axi/inst_efx_ddr3/top_mc/controller_main/dffrs_2527/i94_rst_3
FF|OPT : Flip-flop optimization by equivalence checking
@ "D:\yilingsi_fpga\Efinity_Project\2026.9.25\9.25.1_ding_Ti60F225_Canny_Face_Parallel\ip/DdrCtrl\DdrCtrl.sv (1460)" removed instance : ddr3_ctl_axi/u_efx_ddr3_soft_controller/genblk1.inst_ddr3_axi/inst_efx_ddr3/top_mc/controller_main/dffrs_2527/i122_rst_0
@ "D:\yilingsi_fpga\Efinity_Project\2026.9.25\9.25.1_ding_Ti60F225_Canny_Face_Parallel\ip/DdrCtrl\DdrCtrl.sv (1460)" representative instance : ddr3_ctl_axi/u_efx_ddr3_soft_controller/genblk1.inst_ddr3_axi/inst_efx_ddr3/top_mc/controller_main/dffrs_2527/i94_rst_0
FF|OPT : Flip-flop optimization by equivalence checking
@ "D:\yilingsi_fpga\Efinity_Project\2026.9.25\9.25.1_ding_Ti60F225_Canny_Face_Parallel\ip/DdrCtrl\DdrCtrl.sv (1460)" removed instance : ddr3_ctl_axi/u_efx_ddr3_soft_controller/genblk1.inst_ddr3_axi/inst_efx_ddr3/top_mc/controller_main/dffrs_2527/i122_rst_1
@ "D:\yilingsi_fpga\Efinity_Project\2026.9.25\9.25.1_ding_Ti60F225_Canny_Face_Parallel\ip/DdrCtrl\DdrCtrl.sv (1460)" representative instance : ddr3_ctl_axi/u_efx_ddr3_soft_controller/genblk1.inst_ddr3_axi/inst_efx_ddr3/top_mc/controller_main/dffrs_2527/i94_rst_1
FF|OPT : Flip-flop optimization by equivalence checking
@ "D:\yilingsi_fpga\Efinity_Project\2026.9.25\9.25.1_ding_Ti60F225_Canny_Face_Parallel\ip/DdrCtrl\DdrCtrl.sv (1460)" removed instance : ddr3_ctl_axi/u_efx_ddr3_soft_controller/genblk1.inst_ddr3_axi/inst_efx_ddr3/top_mc/controller_main/dffrs_2527/i122_rst_2
@ "D:\yilingsi_fpga\Efinity_Project\2026.9.25\9.25.1_ding_Ti60F225_Canny_Face_Parallel\ip/DdrCtrl\DdrCtrl.sv (1460)" representative instance : ddr3_ctl_axi/u_efx_ddr3_soft_controller/genblk1.inst_ddr3_axi/inst_efx_ddr3/top_mc/controller_main/dffrs_2527/i94_rst_2
FF|OPT : Flip-flop optimization by equivalence checking
@ "D:\yilingsi_fpga\Efinity_Project\2026.9.25\9.25.1_ding_Ti60F225_Canny_Face_Parallel\ip/DdrCtrl\DdrCtrl.sv (1460)" removed instance : ddr3_ctl_axi/u_efx_ddr3_soft_controller/genblk1.inst_ddr3_axi/inst_efx_ddr3/top_mc/controller_main/dffrs_2527/i122_rst_3
@ "D:\yilingsi_fpga\Efinity_Project\2026.9.25\9.25.1_ding_Ti60F225_Canny_Face_Parallel\ip/DdrCtrl\DdrCtrl.sv (1460)" representative instance : ddr3_ctl_axi/u_efx_ddr3_soft_controller/genblk1.inst_ddr3_axi/inst_efx_ddr3/top_mc/controller_main/dffrs_2527/i94_rst_3
FF|OPT : Flip-flop optimization by equivalence checking
@ "D:\yilingsi_fpga\Efinity_Project\2026.9.25\9.25.1_ding_Ti60F225_Canny_Face_Parallel\ip/DdrCtrl\DdrCtrl.sv (1460)" removed instance : ddr3_ctl_axi/u_efx_ddr3_soft_controller/genblk1.inst_ddr3_axi/inst_efx_ddr3/top_mc/controller_main/dffrs_2527/i121_rst_0
@ "D:\yilingsi_fpga\Efinity_Project\2026.9.25\9.25.1_ding_Ti60F225_Canny_Face_Parallel\ip/DdrCtrl\DdrCtrl.sv (1460)" representative instance : ddr3_ctl_axi/u_efx_ddr3_soft_controller/genblk1.inst_ddr3_axi/inst_efx_ddr3/top_mc/controller_main/dffrs_2527/i94_rst_0
FF|OPT : Flip-flop optimization by equivalence checking
@ "D:\yilingsi_fpga\Efinity_Project\2026.9.25\9.25.1_ding_Ti60F225_Canny_Face_Parallel\ip/DdrCtrl\DdrCtrl.sv (1460)" removed instance : ddr3_ctl_axi/u_efx_ddr3_soft_controller/genblk1.inst_ddr3_axi/inst_efx_ddr3/top_mc/controller_main/dffrs_2527/i121_rst_1
@ "D:\yilingsi_fpga\Efinity_Project\2026.9.25\9.25.1_ding_Ti60F225_Canny_Face_Parallel\ip/DdrCtrl\DdrCtrl.sv (1460)" representative instance : ddr3_ctl_axi/u_efx_ddr3_soft_controller/genblk1.inst_ddr3_axi/inst_efx_ddr3/top_mc/controller_main/dffrs_2527/i94_rst_1
FF|OPT : Flip-flop optimization by equivalence checking
@ "D:\yilingsi_fpga\Efinity_Project\2026.9.25\9.25.1_ding_Ti60F225_Canny_Face_Parallel\ip/DdrCtrl\DdrCtrl.sv (1460)" removed instance : ddr3_ctl_axi/u_efx_ddr3_soft_controller/genblk1.inst_ddr3_axi/inst_efx_ddr3/top_mc/controller_main/dffrs_2527/i121_rst_2
@ "D:\yilingsi_fpga\Efinity_Project\2026.9.25\9.25.1_ding_Ti60F225_Canny_Face_Parallel\ip/DdrCtrl\DdrCtrl.sv (1460)" representative instance : ddr3_ctl_axi/u_efx_ddr3_soft_controller/genblk1.inst_ddr3_axi/inst_efx_ddr3/top_mc/controller_main/dffrs_2527/i94_rst_2
FF|OPT : Flip-flop optimization by equivalence checking
@ "D:\yilingsi_fpga\Efinity_Project\2026.9.25\9.25.1_ding_Ti60F225_Canny_Face_Parallel\ip/DdrCtrl\DdrCtrl.sv (1460)" removed instance : ddr3_ctl_axi/u_efx_ddr3_soft_controller/genblk1.inst_ddr3_axi/inst_efx_ddr3/top_mc/controller_main/dffrs_2527/i121_rst_3
@ "D:\yilingsi_fpga\Efinity_Project\2026.9.25\9.25.1_ding_Ti60F225_Canny_Face_Parallel\ip/DdrCtrl\DdrCtrl.sv (1460)" representative instance : ddr3_ctl_axi/u_efx_ddr3_soft_controller/genblk1.inst_ddr3_axi/inst_efx_ddr3/top_mc/controller_main/dffrs_2527/i94_rst_3
FF|OPT : Flip-flop optimization by equivalence checking
@ "D:\yilingsi_fpga\Efinity_Project\2026.9.25\9.25.1_ding_Ti60F225_Canny_Face_Parallel\ip/DdrCtrl\DdrCtrl.sv (1460)" removed instance : ddr3_ctl_axi/u_efx_ddr3_soft_controller/genblk1.inst_ddr3_axi/inst_efx_ddr3/top_mc/controller_main/dffrs_2527/i12_rst_0
@ "D:\yilingsi_fpga\Efinity_Project\2026.9.25\9.25.1_ding_Ti60F225_Canny_Face_Parallel\ip/DdrCtrl\DdrCtrl.sv (1460)" representative instance : ddr3_ctl_axi/u_efx_ddr3_soft_controller/genblk1.inst_ddr3_axi/inst_efx_ddr3/top_mc/controller_main/dffrs_2527/i94_rst_0
FF|OPT : Flip-flop optimization by equivalence checking
@ "D:\yilingsi_fpga\Efinity_Project\2026.9.25\9.25.1_ding_Ti60F225_Canny_Face_Parallel\ip/DdrCtrl\DdrCtrl.sv (1460)" removed instance : ddr3_ctl_axi/u_efx_ddr3_soft_controller/genblk1.inst_ddr3_axi/inst_efx_ddr3/top_mc/controller_main/dffrs_2527/i12_rst_1
@ "D:\yilingsi_fpga\Efinity_Project\2026.9.25\9.25.1_ding_Ti60F225_Canny_Face_Parallel\ip/DdrCtrl\DdrCtrl.sv (1460)" representative instance : ddr3_ctl_axi/u_efx_ddr3_soft_controller/genblk1.inst_ddr3_axi/inst_efx_ddr3/top_mc/controller_main/dffrs_2527/i94_rst_1
FF|OPT : Flip-flop optimization by equivalence checking
@ "D:\yilingsi_fpga\Efinity_Project\2026.9.25\9.25.1_ding_Ti60F225_Canny_Face_Parallel\ip/DdrCtrl\DdrCtrl.sv (1460)" removed instance : ddr3_ctl_axi/u_efx_ddr3_soft_controller/genblk1.inst_ddr3_axi/inst_efx_ddr3/top_mc/controller_main/dffrs_2527/i12_rst_2
@ "D:\yilingsi_fpga\Efinity_Project\2026.9.25\9.25.1_ding_Ti60F225_Canny_Face_Parallel\ip/DdrCtrl\DdrCtrl.sv (1460)" representative instance : ddr3_ctl_axi/u_efx_ddr3_soft_controller/genblk1.inst_ddr3_axi/inst_efx_ddr3/top_mc/controller_main/dffrs_2527/i94_rst_2
FF|OPT : Flip-flop optimization by equivalence checking
@ "D:\yilingsi_fpga\Efinity_Project\2026.9.25\9.25.1_ding_Ti60F225_Canny_Face_Parallel\ip/DdrCtrl\DdrCtrl.sv (1460)" removed instance : ddr3_ctl_axi/u_efx_ddr3_soft_controller/genblk1.inst_ddr3_axi/inst_efx_ddr3/top_mc/controller_main/dffrs_2527/i12_rst_3
@ "D:\yilingsi_fpga\Efinity_Project\2026.9.25\9.25.1_ding_Ti60F225_Canny_Face_Parallel\ip/DdrCtrl\DdrCtrl.sv (1460)" representative instance : ddr3_ctl_axi/u_efx_ddr3_soft_controller/genblk1.inst_ddr3_axi/inst_efx_ddr3/top_mc/controller_main/dffrs_2527/i94_rst_3
FF|OPT : Flip-flop optimization by equivalence checking
@ "D:\yilingsi_fpga\Efinity_Project\2026.9.25\9.25.1_ding_Ti60F225_Canny_Face_Parallel\ip/DdrCtrl\DdrCtrl.sv (1460)" removed instance : ddr3_ctl_axi/u_efx_ddr3_soft_controller/genblk1.inst_ddr3_axi/inst_efx_ddr3/top_mc/controller_main/dffrs_2527/i120_rst_0
@ "D:\yilingsi_fpga\Efinity_Project\2026.9.25\9.25.1_ding_Ti60F225_Canny_Face_Parallel\ip/DdrCtrl\DdrCtrl.sv (1460)" representative instance : ddr3_ctl_axi/u_efx_ddr3_soft_controller/genblk1.inst_ddr3_axi/inst_efx_ddr3/top_mc/controller_main/dffrs_2527/i94_rst_0
FF|OPT : Flip-flop optimization by equivalence checking
@ "D:\yilingsi_fpga\Efinity_Project\2026.9.25\9.25.1_ding_Ti60F225_Canny_Face_Parallel\ip/DdrCtrl\DdrCtrl.sv (1460)" removed instance : ddr3_ctl_axi/u_efx_ddr3_soft_controller/genblk1.inst_ddr3_axi/inst_efx_ddr3/top_mc/controller_main/dffrs_2527/i120_rst_1
@ "D:\yilingsi_fpga\Efinity_Project\2026.9.25\9.25.1_ding_Ti60F225_Canny_Face_Parallel\ip/DdrCtrl\DdrCtrl.sv (1460)" representative instance : ddr3_ctl_axi/u_efx_ddr3_soft_controller/genblk1.inst_ddr3_axi/inst_efx_ddr3/top_mc/controller_main/dffrs_2527/i94_rst_1
FF|OPT : Flip-flop optimization by equivalence checking
@ "D:\yilingsi_fpga\Efinity_Project\2026.9.25\9.25.1_ding_Ti60F225_Canny_Face_Parallel\ip/DdrCtrl\DdrCtrl.sv (1460)" removed instance : ddr3_ctl_axi/u_efx_ddr3_soft_controller/genblk1.inst_ddr3_axi/inst_efx_ddr3/top_mc/controller_main/dffrs_2527/i120_rst_2
@ "D:\yilingsi_fpga\Efinity_Project\2026.9.25\9.25.1_ding_Ti60F225_Canny_Face_Parallel\ip/DdrCtrl\DdrCtrl.sv (1460)" representative instance : ddr3_ctl_axi/u_efx_ddr3_soft_controller/genblk1.inst_ddr3_axi/inst_efx_ddr3/top_mc/controller_main/dffrs_2527/i94_rst_2
FF|OPT : Flip-flop optimization by equivalence checking
@ "D:\yilingsi_fpga\Efinity_Project\2026.9.25\9.25.1_ding_Ti60F225_Canny_Face_Parallel\ip/DdrCtrl\DdrCtrl.sv (1460)" removed instance : ddr3_ctl_axi/u_efx_ddr3_soft_controller/genblk1.inst_ddr3_axi/inst_efx_ddr3/top_mc/controller_main/dffrs_2527/i120_rst_3
@ "D:\yilingsi_fpga\Efinity_Project\2026.9.25\9.25.1_ding_Ti60F225_Canny_Face_Parallel\ip/DdrCtrl\DdrCtrl.sv (1460)" representative instance : ddr3_ctl_axi/u_efx_ddr3_soft_controller/genblk1.inst_ddr3_axi/inst_efx_ddr3/top_mc/controller_main/dffrs_2527/i94_rst_3
FF|OPT : Flip-flop optimization by equivalence checking
@ "D:\yilingsi_fpga\Efinity_Project\2026.9.25\9.25.1_ding_Ti60F225_Canny_Face_Parallel\ip/DdrCtrl\DdrCtrl.sv (1460)" removed instance : ddr3_ctl_axi/u_efx_ddr3_soft_controller/genblk1.inst_ddr3_axi/inst_efx_ddr3/top_mc/controller_main/dffrs_2527/i119_rst_0
@ "D:\yilingsi_fpga\Efinity_Project\2026.9.25\9.25.1_ding_Ti60F225_Canny_Face_Parallel\ip/DdrCtrl\DdrCtrl.sv (1460)" representative instance : ddr3_ctl_axi/u_efx_ddr3_soft_controller/genblk1.inst_ddr3_axi/inst_efx_ddr3/top_mc/controller_main/dffrs_2527/i94_rst_0
FF|OPT : Flip-flop optimization by equivalence checking
@ "D:\yilingsi_fpga\Efinity_Project\2026.9.25\9.25.1_ding_Ti60F225_Canny_Face_Parallel\ip/DdrCtrl\DdrCtrl.sv (1460)" removed instance : ddr3_ctl_axi/u_efx_ddr3_soft_controller/genblk1.inst_ddr3_axi/inst_efx_ddr3/top_mc/controller_main/dffrs_2527/i119_rst_1
@ "D:\yilingsi_fpga\Efinity_Project\2026.9.25\9.25.1_ding_Ti60F225_Canny_Face_Parallel\ip/DdrCtrl\DdrCtrl.sv (1460)" representative instance : ddr3_ctl_axi/u_efx_ddr3_soft_controller/genblk1.inst_ddr3_axi/inst_efx_ddr3/top_mc/controller_main/dffrs_2527/i94_rst_1
FF|OPT : Flip-flop optimization by equivalence checking
@ "D:\yilingsi_fpga\Efinity_Project\2026.9.25\9.25.1_ding_Ti60F225_Canny_Face_Parallel\ip/DdrCtrl\DdrCtrl.sv (1460)" removed instance : ddr3_ctl_axi/u_efx_ddr3_soft_controller/genblk1.inst_ddr3_axi/inst_efx_ddr3/top_mc/controller_main/dffrs_2527/i119_rst_2
@ "D:\yilingsi_fpga\Efinity_Project\2026.9.25\9.25.1_ding_Ti60F225_Canny_Face_Parallel\ip/DdrCtrl\DdrCtrl.sv (1460)" representative instance : ddr3_ctl_axi/u_efx_ddr3_soft_controller/genblk1.inst_ddr3_axi/inst_efx_ddr3/top_mc/controller_main/dffrs_2527/i94_rst_2
FF|OPT : Flip-flop optimization by equivalence checking
@ "D:\yilingsi_fpga\Efinity_Project\2026.9.25\9.25.1_ding_Ti60F225_Canny_Face_Parallel\ip/DdrCtrl\DdrCtrl.sv (1460)" removed instance : ddr3_ctl_axi/u_efx_ddr3_soft_controller/genblk1.inst_ddr3_axi/inst_efx_ddr3/top_mc/controller_main/dffrs_2527/i119_rst_3
@ "D:\yilingsi_fpga\Efinity_Project\2026.9.25\9.25.1_ding_Ti60F225_Canny_Face_Parallel\ip/DdrCtrl\DdrCtrl.sv (1460)" representative instance : ddr3_ctl_axi/u_efx_ddr3_soft_controller/genblk1.inst_ddr3_axi/inst_efx_ddr3/top_mc/controller_main/dffrs_2527/i94_rst_3
FF|OPT : Flip-flop optimization by equivalence checking
@ "D:\yilingsi_fpga\Efinity_Project\2026.9.25\9.25.1_ding_Ti60F225_Canny_Face_Parallel\ip/DdrCtrl\DdrCtrl.sv (1460)" removed instance : ddr3_ctl_axi/u_efx_ddr3_soft_controller/genblk1.inst_ddr3_axi/inst_efx_ddr3/top_mc/controller_main/dffrs_2527/i118_rst_0
@ "D:\yilingsi_fpga\Efinity_Project\2026.9.25\9.25.1_ding_Ti60F225_Canny_Face_Parallel\ip/DdrCtrl\DdrCtrl.sv (1460)" representative instance : ddr3_ctl_axi/u_efx_ddr3_soft_controller/genblk1.inst_ddr3_axi/inst_efx_ddr3/top_mc/controller_main/dffrs_2527/i94_rst_0
FF|OPT : Flip-flop optimization by equivalence checking
@ "D:\yilingsi_fpga\Efinity_Project\2026.9.25\9.25.1_ding_Ti60F225_Canny_Face_Parallel\ip/DdrCtrl\DdrCtrl.sv (1460)" removed instance : ddr3_ctl_axi/u_efx_ddr3_soft_controller/genblk1.inst_ddr3_axi/inst_efx_ddr3/top_mc/controller_main/dffrs_2527/i118_rst_1
@ "D:\yilingsi_fpga\Efinity_Project\2026.9.25\9.25.1_ding_Ti60F225_Canny_Face_Parallel\ip/DdrCtrl\DdrCtrl.sv (1460)" representative instance : ddr3_ctl_axi/u_efx_ddr3_soft_controller/genblk1.inst_ddr3_axi/inst_efx_ddr3/top_mc/controller_main/dffrs_2527/i94_rst_1
FF|OPT : Flip-flop optimization by equivalence checking
@ "D:\yilingsi_fpga\Efinity_Project\2026.9.25\9.25.1_ding_Ti60F225_Canny_Face_Parallel\ip/DdrCtrl\DdrCtrl.sv (1460)" removed instance : ddr3_ctl_axi/u_efx_ddr3_soft_controller/genblk1.inst_ddr3_axi/inst_efx_ddr3/top_mc/controller_main/dffrs_2527/i118_rst_2
@ "D:\yilingsi_fpga\Efinity_Project\2026.9.25\9.25.1_ding_Ti60F225_Canny_Face_Parallel\ip/DdrCtrl\DdrCtrl.sv (1460)" representative instance : ddr3_ctl_axi/u_efx_ddr3_soft_controller/genblk1.inst_ddr3_axi/inst_efx_ddr3/top_mc/controller_main/dffrs_2527/i94_rst_2
FF|OPT : Flip-flop optimization by equivalence checking
@ "D:\yilingsi_fpga\Efinity_Project\2026.9.25\9.25.1_ding_Ti60F225_Canny_Face_Parallel\ip/DdrCtrl\DdrCtrl.sv (1460)" removed instance : ddr3_ctl_axi/u_efx_ddr3_soft_controller/genblk1.inst_ddr3_axi/inst_efx_ddr3/top_mc/controller_main/dffrs_2527/i118_rst_3
@ "D:\yilingsi_fpga\Efinity_Project\2026.9.25\9.25.1_ding_Ti60F225_Canny_Face_Parallel\ip/DdrCtrl\DdrCtrl.sv (1460)" representative instance : ddr3_ctl_axi/u_efx_ddr3_soft_controller/genblk1.inst_ddr3_axi/inst_efx_ddr3/top_mc/controller_main/dffrs_2527/i94_rst_3
FF|OPT : Flip-flop optimization by equivalence checking
@ "D:\yilingsi_fpga\Efinity_Project\2026.9.25\9.25.1_ding_Ti60F225_Canny_Face_Parallel\ip/DdrCtrl\DdrCtrl.sv (1460)" removed instance : ddr3_ctl_axi/u_efx_ddr3_soft_controller/genblk1.inst_ddr3_axi/inst_efx_ddr3/top_mc/controller_main/dffrs_2527/i117_rst_0
@ "D:\yilingsi_fpga\Efinity_Project\2026.9.25\9.25.1_ding_Ti60F225_Canny_Face_Parallel\ip/DdrCtrl\DdrCtrl.sv (1460)" representative instance : ddr3_ctl_axi/u_efx_ddr3_soft_controller/genblk1.inst_ddr3_axi/inst_efx_ddr3/top_mc/controller_main/dffrs_2527/i94_rst_0
FF|OPT : Flip-flop optimization by equivalence checking
@ "D:\yilingsi_fpga\Efinity_Project\2026.9.25\9.25.1_ding_Ti60F225_Canny_Face_Parallel\ip/DdrCtrl\DdrCtrl.sv (1460)" removed instance : ddr3_ctl_axi/u_efx_ddr3_soft_controller/genblk1.inst_ddr3_axi/inst_efx_ddr3/top_mc/controller_main/dffrs_2527/i117_rst_1
@ "D:\yilingsi_fpga\Efinity_Project\2026.9.25\9.25.1_ding_Ti60F225_Canny_Face_Parallel\ip/DdrCtrl\DdrCtrl.sv (1460)" representative instance : ddr3_ctl_axi/u_efx_ddr3_soft_controller/genblk1.inst_ddr3_axi/inst_efx_ddr3/top_mc/controller_main/dffrs_2527/i94_rst_1
FF|OPT : Flip-flop optimization by equivalence checking
@ "D:\yilingsi_fpga\Efinity_Project\2026.9.25\9.25.1_ding_Ti60F225_Canny_Face_Parallel\ip/DdrCtrl\DdrCtrl.sv (1460)" removed instance : ddr3_ctl_axi/u_efx_ddr3_soft_controller/genblk1.inst_ddr3_axi/inst_efx_ddr3/top_mc/controller_main/dffrs_2527/i117_rst_2
@ "D:\yilingsi_fpga\Efinity_Project\2026.9.25\9.25.1_ding_Ti60F225_Canny_Face_Parallel\ip/DdrCtrl\DdrCtrl.sv (1460)" representative instance : ddr3_ctl_axi/u_efx_ddr3_soft_controller/genblk1.inst_ddr3_axi/inst_efx_ddr3/top_mc/controller_main/dffrs_2527/i94_rst_2
FF|OPT : Flip-flop optimization by equivalence checking
@ "D:\yilingsi_fpga\Efinity_Project\2026.9.25\9.25.1_ding_Ti60F225_Canny_Face_Parallel\ip/DdrCtrl\DdrCtrl.sv (1460)" removed instance : ddr3_ctl_axi/u_efx_ddr3_soft_controller/genblk1.inst_ddr3_axi/inst_efx_ddr3/top_mc/controller_main/dffrs_2527/i117_rst_3
@ "D:\yilingsi_fpga\Efinity_Project\2026.9.25\9.25.1_ding_Ti60F225_Canny_Face_Parallel\ip/DdrCtrl\DdrCtrl.sv (1460)" representative instance : ddr3_ctl_axi/u_efx_ddr3_soft_controller/genblk1.inst_ddr3_axi/inst_efx_ddr3/top_mc/controller_main/dffrs_2527/i94_rst_3
FF|OPT : Flip-flop optimization by equivalence checking
@ "D:\yilingsi_fpga\Efinity_Project\2026.9.25\9.25.1_ding_Ti60F225_Canny_Face_Parallel\ip/DdrCtrl\DdrCtrl.sv (1460)" removed instance : ddr3_ctl_axi/u_efx_ddr3_soft_controller/genblk1.inst_ddr3_axi/inst_efx_ddr3/top_mc/controller_main/dffrs_2527/i116_rst_0
@ "D:\yilingsi_fpga\Efinity_Project\2026.9.25\9.25.1_ding_Ti60F225_Canny_Face_Parallel\ip/DdrCtrl\DdrCtrl.sv (1460)" representative instance : ddr3_ctl_axi/u_efx_ddr3_soft_controller/genblk1.inst_ddr3_axi/inst_efx_ddr3/top_mc/controller_main/dffrs_2527/i94_rst_0
FF|OPT : Flip-flop optimization by equivalence checking
@ "D:\yilingsi_fpga\Efinity_Project\2026.9.25\9.25.1_ding_Ti60F225_Canny_Face_Parallel\ip/DdrCtrl\DdrCtrl.sv (1460)" removed instance : ddr3_ctl_axi/u_efx_ddr3_soft_controller/genblk1.inst_ddr3_axi/inst_efx_ddr3/top_mc/controller_main/dffrs_2527/i116_rst_1
@ "D:\yilingsi_fpga\Efinity_Project\2026.9.25\9.25.1_ding_Ti60F225_Canny_Face_Parallel\ip/DdrCtrl\DdrCtrl.sv (1460)" representative instance : ddr3_ctl_axi/u_efx_ddr3_soft_controller/genblk1.inst_ddr3_axi/inst_efx_ddr3/top_mc/controller_main/dffrs_2527/i94_rst_1
FF|OPT : Flip-flop optimization by equivalence checking
@ "D:\yilingsi_fpga\Efinity_Project\2026.9.25\9.25.1_ding_Ti60F225_Canny_Face_Parallel\ip/DdrCtrl\DdrCtrl.sv (1460)" removed instance : ddr3_ctl_axi/u_efx_ddr3_soft_controller/genblk1.inst_ddr3_axi/inst_efx_ddr3/top_mc/controller_main/dffrs_2527/i116_rst_2
@ "D:\yilingsi_fpga\Efinity_Project\2026.9.25\9.25.1_ding_Ti60F225_Canny_Face_Parallel\ip/DdrCtrl\DdrCtrl.sv (1460)" representative instance : ddr3_ctl_axi/u_efx_ddr3_soft_controller/genblk1.inst_ddr3_axi/inst_efx_ddr3/top_mc/controller_main/dffrs_2527/i94_rst_2
FF|OPT : Flip-flop optimization by equivalence checking
@ "D:\yilingsi_fpga\Efinity_Project\2026.9.25\9.25.1_ding_Ti60F225_Canny_Face_Parallel\ip/DdrCtrl\DdrCtrl.sv (1460)" removed instance : ddr3_ctl_axi/u_efx_ddr3_soft_controller/genblk1.inst_ddr3_axi/inst_efx_ddr3/top_mc/controller_main/dffrs_2527/i116_rst_3
@ "D:\yilingsi_fpga\Efinity_Project\2026.9.25\9.25.1_ding_Ti60F225_Canny_Face_Parallel\ip/DdrCtrl\DdrCtrl.sv (1460)" representative instance : ddr3_ctl_axi/u_efx_ddr3_soft_controller/genblk1.inst_ddr3_axi/inst_efx_ddr3/top_mc/controller_main/dffrs_2527/i94_rst_3
FF|OPT : Flip-flop optimization by equivalence checking
@ "D:\yilingsi_fpga\Efinity_Project\2026.9.25\9.25.1_ding_Ti60F225_Canny_Face_Parallel\ip/DdrCtrl\DdrCtrl.sv (1460)" removed instance : ddr3_ctl_axi/u_efx_ddr3_soft_controller/genblk1.inst_ddr3_axi/inst_efx_ddr3/top_mc/controller_main/dffrs_2527/i115_rst_0
@ "D:\yilingsi_fpga\Efinity_Project\2026.9.25\9.25.1_ding_Ti60F225_Canny_Face_Parallel\ip/DdrCtrl\DdrCtrl.sv (1460)" representative instance : ddr3_ctl_axi/u_efx_ddr3_soft_controller/genblk1.inst_ddr3_axi/inst_efx_ddr3/top_mc/controller_main/dffrs_2527/i94_rst_0
FF|OPT : Flip-flop optimization by equivalence checking
@ "D:\yilingsi_fpga\Efinity_Project\2026.9.25\9.25.1_ding_Ti60F225_Canny_Face_Parallel\ip/DdrCtrl\DdrCtrl.sv (1460)" removed instance : ddr3_ctl_axi/u_efx_ddr3_soft_controller/genblk1.inst_ddr3_axi/inst_efx_ddr3/top_mc/controller_main/dffrs_2527/i115_rst_1
@ "D:\yilingsi_fpga\Efinity_Project\2026.9.25\9.25.1_ding_Ti60F225_Canny_Face_Parallel\ip/DdrCtrl\DdrCtrl.sv (1460)" representative instance : ddr3_ctl_axi/u_efx_ddr3_soft_controller/genblk1.inst_ddr3_axi/inst_efx_ddr3/top_mc/controller_main/dffrs_2527/i94_rst_1
FF|OPT : Flip-flop optimization by equivalence checking
@ "D:\yilingsi_fpga\Efinity_Project\2026.9.25\9.25.1_ding_Ti60F225_Canny_Face_Parallel\ip/DdrCtrl\DdrCtrl.sv (1460)" removed instance : ddr3_ctl_axi/u_efx_ddr3_soft_controller/genblk1.inst_ddr3_axi/inst_efx_ddr3/top_mc/controller_main/dffrs_2527/i115_rst_2
@ "D:\yilingsi_fpga\Efinity_Project\2026.9.25\9.25.1_ding_Ti60F225_Canny_Face_Parallel\ip/DdrCtrl\DdrCtrl.sv (1460)" representative instance : ddr3_ctl_axi/u_efx_ddr3_soft_controller/genblk1.inst_ddr3_axi/inst_efx_ddr3/top_mc/controller_main/dffrs_2527/i94_rst_2
FF|OPT : Flip-flop optimization by equivalence checking
@ "D:\yilingsi_fpga\Efinity_Project\2026.9.25\9.25.1_ding_Ti60F225_Canny_Face_Parallel\ip/DdrCtrl\DdrCtrl.sv (1460)" removed instance : ddr3_ctl_axi/u_efx_ddr3_soft_controller/genblk1.inst_ddr3_axi/inst_efx_ddr3/top_mc/controller_main/dffrs_2527/i115_rst_3
@ "D:\yilingsi_fpga\Efinity_Project\2026.9.25\9.25.1_ding_Ti60F225_Canny_Face_Parallel\ip/DdrCtrl\DdrCtrl.sv (1460)" representative instance : ddr3_ctl_axi/u_efx_ddr3_soft_controller/genblk1.inst_ddr3_axi/inst_efx_ddr3/top_mc/controller_main/dffrs_2527/i94_rst_3
FF|OPT : Flip-flop optimization by equivalence checking
@ "D:\yilingsi_fpga\Efinity_Project\2026.9.25\9.25.1_ding_Ti60F225_Canny_Face_Parallel\ip/DdrCtrl\DdrCtrl.sv (1460)" removed instance : ddr3_ctl_axi/u_efx_ddr3_soft_controller/genblk1.inst_ddr3_axi/inst_efx_ddr3/top_mc/controller_main/dffrs_2527/i114_rst_0
@ "D:\yilingsi_fpga\Efinity_Project\2026.9.25\9.25.1_ding_Ti60F225_Canny_Face_Parallel\ip/DdrCtrl\DdrCtrl.sv (1460)" representative instance : ddr3_ctl_axi/u_efx_ddr3_soft_controller/genblk1.inst_ddr3_axi/inst_efx_ddr3/top_mc/controller_main/dffrs_2527/i94_rst_0
FF|OPT : Flip-flop optimization by equivalence checking
@ "D:\yilingsi_fpga\Efinity_Project\2026.9.25\9.25.1_ding_Ti60F225_Canny_Face_Parallel\ip/DdrCtrl\DdrCtrl.sv (1460)" removed instance : ddr3_ctl_axi/u_efx_ddr3_soft_controller/genblk1.inst_ddr3_axi/inst_efx_ddr3/top_mc/controller_main/dffrs_2527/i114_rst_1
@ "D:\yilingsi_fpga\Efinity_Project\2026.9.25\9.25.1_ding_Ti60F225_Canny_Face_Parallel\ip/DdrCtrl\DdrCtrl.sv (1460)" representative instance : ddr3_ctl_axi/u_efx_ddr3_soft_controller/genblk1.inst_ddr3_axi/inst_efx_ddr3/top_mc/controller_main/dffrs_2527/i94_rst_1
FF|OPT : Flip-flop optimization by equivalence checking
@ "D:\yilingsi_fpga\Efinity_Project\2026.9.25\9.25.1_ding_Ti60F225_Canny_Face_Parallel\ip/DdrCtrl\DdrCtrl.sv (1460)" removed instance : ddr3_ctl_axi/u_efx_ddr3_soft_controller/genblk1.inst_ddr3_axi/inst_efx_ddr3/top_mc/controller_main/dffrs_2527/i114_rst_2
@ "D:\yilingsi_fpga\Efinity_Project\2026.9.25\9.25.1_ding_Ti60F225_Canny_Face_Parallel\ip/DdrCtrl\DdrCtrl.sv (1460)" representative instance : ddr3_ctl_axi/u_efx_ddr3_soft_controller/genblk1.inst_ddr3_axi/inst_efx_ddr3/top_mc/controller_main/dffrs_2527/i94_rst_2
FF|OPT : Flip-flop optimization by equivalence checking
@ "D:\yilingsi_fpga\Efinity_Project\2026.9.25\9.25.1_ding_Ti60F225_Canny_Face_Parallel\ip/DdrCtrl\DdrCtrl.sv (1460)" removed instance : ddr3_ctl_axi/u_efx_ddr3_soft_controller/genblk1.inst_ddr3_axi/inst_efx_ddr3/top_mc/controller_main/dffrs_2527/i114_rst_3
@ "D:\yilingsi_fpga\Efinity_Project\2026.9.25\9.25.1_ding_Ti60F225_Canny_Face_Parallel\ip/DdrCtrl\DdrCtrl.sv (1460)" representative instance : ddr3_ctl_axi/u_efx_ddr3_soft_controller/genblk1.inst_ddr3_axi/inst_efx_ddr3/top_mc/controller_main/dffrs_2527/i94_rst_3
FF|OPT : Flip-flop optimization by equivalence checking
@ "D:\yilingsi_fpga\Efinity_Project\2026.9.25\9.25.1_ding_Ti60F225_Canny_Face_Parallel\ip/DdrCtrl\DdrCtrl.sv (1460)" removed instance : ddr3_ctl_axi/u_efx_ddr3_soft_controller/genblk1.inst_ddr3_axi/inst_efx_ddr3/top_mc/controller_main/dffrs_2527/i113_rst_0
@ "D:\yilingsi_fpga\Efinity_Project\2026.9.25\9.25.1_ding_Ti60F225_Canny_Face_Parallel\ip/DdrCtrl\DdrCtrl.sv (1460)" representative instance : ddr3_ctl_axi/u_efx_ddr3_soft_controller/genblk1.inst_ddr3_axi/inst_efx_ddr3/top_mc/controller_main/dffrs_2527/i94_rst_0
FF|OPT : Flip-flop optimization by equivalence checking
@ "D:\yilingsi_fpga\Efinity_Project\2026.9.25\9.25.1_ding_Ti60F225_Canny_Face_Parallel\ip/DdrCtrl\DdrCtrl.sv (1460)" removed instance : ddr3_ctl_axi/u_efx_ddr3_soft_controller/genblk1.inst_ddr3_axi/inst_efx_ddr3/top_mc/controller_main/dffrs_2527/i113_rst_1
@ "D:\yilingsi_fpga\Efinity_Project\2026.9.25\9.25.1_ding_Ti60F225_Canny_Face_Parallel\ip/DdrCtrl\DdrCtrl.sv (1460)" representative instance : ddr3_ctl_axi/u_efx_ddr3_soft_controller/genblk1.inst_ddr3_axi/inst_efx_ddr3/top_mc/controller_main/dffrs_2527/i94_rst_1
FF|OPT : Flip-flop optimization by equivalence checking
@ "D:\yilingsi_fpga\Efinity_Project\2026.9.25\9.25.1_ding_Ti60F225_Canny_Face_Parallel\ip/DdrCtrl\DdrCtrl.sv (1460)" removed instance : ddr3_ctl_axi/u_efx_ddr3_soft_controller/genblk1.inst_ddr3_axi/inst_efx_ddr3/top_mc/controller_main/dffrs_2527/i113_rst_2
@ "D:\yilingsi_fpga\Efinity_Project\2026.9.25\9.25.1_ding_Ti60F225_Canny_Face_Parallel\ip/DdrCtrl\DdrCtrl.sv (1460)" representative instance : ddr3_ctl_axi/u_efx_ddr3_soft_controller/genblk1.inst_ddr3_axi/inst_efx_ddr3/top_mc/controller_main/dffrs_2527/i94_rst_2
FF|OPT : Flip-flop optimization by equivalence checking
@ "D:\yilingsi_fpga\Efinity_Project\2026.9.25\9.25.1_ding_Ti60F225_Canny_Face_Parallel\ip/DdrCtrl\DdrCtrl.sv (1460)" removed instance : ddr3_ctl_axi/u_efx_ddr3_soft_controller/genblk1.inst_ddr3_axi/inst_efx_ddr3/top_mc/controller_main/dffrs_2527/i113_rst_3
@ "D:\yilingsi_fpga\Efinity_Project\2026.9.25\9.25.1_ding_Ti60F225_Canny_Face_Parallel\ip/DdrCtrl\DdrCtrl.sv (1460)" representative instance : ddr3_ctl_axi/u_efx_ddr3_soft_controller/genblk1.inst_ddr3_axi/inst_efx_ddr3/top_mc/controller_main/dffrs_2527/i94_rst_3
FF|OPT : Flip-flop optimization by equivalence checking
@ "D:\yilingsi_fpga\Efinity_Project\2026.9.25\9.25.1_ding_Ti60F225_Canny_Face_Parallel\ip/DdrCtrl\DdrCtrl.sv (1460)" removed instance : ddr3_ctl_axi/u_efx_ddr3_soft_controller/genblk1.inst_ddr3_axi/inst_efx_ddr3/top_mc/controller_main/dffrs_2527/i112_rst_0
@ "D:\yilingsi_fpga\Efinity_Project\2026.9.25\9.25.1_ding_Ti60F225_Canny_Face_Parallel\ip/DdrCtrl\DdrCtrl.sv (1460)" representative instance : ddr3_ctl_axi/u_efx_ddr3_soft_controller/genblk1.inst_ddr3_axi/inst_efx_ddr3/top_mc/controller_main/dffrs_2527/i94_rst_0
FF|OPT : Flip-flop optimization by equivalence checking
@ "D:\yilingsi_fpga\Efinity_Project\2026.9.25\9.25.1_ding_Ti60F225_Canny_Face_Parallel\ip/DdrCtrl\DdrCtrl.sv (1460)" removed instance : ddr3_ctl_axi/u_efx_ddr3_soft_controller/genblk1.inst_ddr3_axi/inst_efx_ddr3/top_mc/controller_main/dffrs_2527/i112_rst_1
@ "D:\yilingsi_fpga\Efinity_Project\2026.9.25\9.25.1_ding_Ti60F225_Canny_Face_Parallel\ip/DdrCtrl\DdrCtrl.sv (1460)" representative instance : ddr3_ctl_axi/u_efx_ddr3_soft_controller/genblk1.inst_ddr3_axi/inst_efx_ddr3/top_mc/controller_main/dffrs_2527/i94_rst_1
FF|OPT : Flip-flop optimization by equivalence checking
@ "D:\yilingsi_fpga\Efinity_Project\2026.9.25\9.25.1_ding_Ti60F225_Canny_Face_Parallel\ip/DdrCtrl\DdrCtrl.sv (1460)" removed instance : ddr3_ctl_axi/u_efx_ddr3_soft_controller/genblk1.inst_ddr3_axi/inst_efx_ddr3/top_mc/controller_main/dffrs_2527/i112_rst_2
@ "D:\yilingsi_fpga\Efinity_Project\2026.9.25\9.25.1_ding_Ti60F225_Canny_Face_Parallel\ip/DdrCtrl\DdrCtrl.sv (1460)" representative instance : ddr3_ctl_axi/u_efx_ddr3_soft_controller/genblk1.inst_ddr3_axi/inst_efx_ddr3/top_mc/controller_main/dffrs_2527/i94_rst_2
FF|OPT : Flip-flop optimization by equivalence checking
@ "D:\yilingsi_fpga\Efinity_Project\2026.9.25\9.25.1_ding_Ti60F225_Canny_Face_Parallel\ip/DdrCtrl\DdrCtrl.sv (1460)" removed instance : ddr3_ctl_axi/u_efx_ddr3_soft_controller/genblk1.inst_ddr3_axi/inst_efx_ddr3/top_mc/controller_main/dffrs_2527/i112_rst_3
@ "D:\yilingsi_fpga\Efinity_Project\2026.9.25\9.25.1_ding_Ti60F225_Canny_Face_Parallel\ip/DdrCtrl\DdrCtrl.sv (1460)" representative instance : ddr3_ctl_axi/u_efx_ddr3_soft_controller/genblk1.inst_ddr3_axi/inst_efx_ddr3/top_mc/controller_main/dffrs_2527/i94_rst_3
FF|OPT : Flip-flop optimization by equivalence checking
@ "D:\yilingsi_fpga\Efinity_Project\2026.9.25\9.25.1_ding_Ti60F225_Canny_Face_Parallel\ip/DdrCtrl\DdrCtrl.sv (1460)" removed instance : ddr3_ctl_axi/u_efx_ddr3_soft_controller/genblk1.inst_ddr3_axi/inst_efx_ddr3/top_mc/controller_main/dffrs_2527/i111_rst_0
@ "D:\yilingsi_fpga\Efinity_Project\2026.9.25\9.25.1_ding_Ti60F225_Canny_Face_Parallel\ip/DdrCtrl\DdrCtrl.sv (1460)" representative instance : ddr3_ctl_axi/u_efx_ddr3_soft_controller/genblk1.inst_ddr3_axi/inst_efx_ddr3/top_mc/controller_main/dffrs_2527/i94_rst_0
FF|OPT : Flip-flop optimization by equivalence checking
@ "D:\yilingsi_fpga\Efinity_Project\2026.9.25\9.25.1_ding_Ti60F225_Canny_Face_Parallel\ip/DdrCtrl\DdrCtrl.sv (1460)" removed instance : ddr3_ctl_axi/u_efx_ddr3_soft_controller/genblk1.inst_ddr3_axi/inst_efx_ddr3/top_mc/controller_main/dffrs_2527/i111_rst_1
@ "D:\yilingsi_fpga\Efinity_Project\2026.9.25\9.25.1_ding_Ti60F225_Canny_Face_Parallel\ip/DdrCtrl\DdrCtrl.sv (1460)" representative instance : ddr3_ctl_axi/u_efx_ddr3_soft_controller/genblk1.inst_ddr3_axi/inst_efx_ddr3/top_mc/controller_main/dffrs_2527/i94_rst_1
FF|OPT : Flip-flop optimization by equivalence checking
@ "D:\yilingsi_fpga\Efinity_Project\2026.9.25\9.25.1_ding_Ti60F225_Canny_Face_Parallel\ip/DdrCtrl\DdrCtrl.sv (1460)" removed instance : ddr3_ctl_axi/u_efx_ddr3_soft_controller/genblk1.inst_ddr3_axi/inst_efx_ddr3/top_mc/controller_main/dffrs_2527/i111_rst_2
@ "D:\yilingsi_fpga\Efinity_Project\2026.9.25\9.25.1_ding_Ti60F225_Canny_Face_Parallel\ip/DdrCtrl\DdrCtrl.sv (1460)" representative instance : ddr3_ctl_axi/u_efx_ddr3_soft_controller/genblk1.inst_ddr3_axi/inst_efx_ddr3/top_mc/controller_main/dffrs_2527/i94_rst_2
FF|OPT : Flip-flop optimization by equivalence checking
@ "D:\yilingsi_fpga\Efinity_Project\2026.9.25\9.25.1_ding_Ti60F225_Canny_Face_Parallel\ip/DdrCtrl\DdrCtrl.sv (1460)" removed instance : ddr3_ctl_axi/u_efx_ddr3_soft_controller/genblk1.inst_ddr3_axi/inst_efx_ddr3/top_mc/controller_main/dffrs_2527/i111_rst_3
@ "D:\yilingsi_fpga\Efinity_Project\2026.9.25\9.25.1_ding_Ti60F225_Canny_Face_Parallel\ip/DdrCtrl\DdrCtrl.sv (1460)" representative instance : ddr3_ctl_axi/u_efx_ddr3_soft_controller/genblk1.inst_ddr3_axi/inst_efx_ddr3/top_mc/controller_main/dffrs_2527/i94_rst_3
FF|OPT : Flip-flop optimization by equivalence checking
@ "D:\yilingsi_fpga\Efinity_Project\2026.9.25\9.25.1_ding_Ti60F225_Canny_Face_Parallel\ip/DdrCtrl\DdrCtrl.sv (1460)" removed instance : ddr3_ctl_axi/u_efx_ddr3_soft_controller/genblk1.inst_ddr3_axi/inst_efx_ddr3/top_mc/controller_main/dffrs_2527/i11_rst_0
@ "D:\yilingsi_fpga\Efinity_Project\2026.9.25\9.25.1_ding_Ti60F225_Canny_Face_Parallel\ip/DdrCtrl\DdrCtrl.sv (1460)" representative instance : ddr3_ctl_axi/u_efx_ddr3_soft_controller/genblk1.inst_ddr3_axi/inst_efx_ddr3/top_mc/controller_main/dffrs_2527/i94_rst_0
FF|OPT : Flip-flop optimization by equivalence checking
@ "D:\yilingsi_fpga\Efinity_Project\2026.9.25\9.25.1_ding_Ti60F225_Canny_Face_Parallel\ip/DdrCtrl\DdrCtrl.sv (1460)" removed instance : ddr3_ctl_axi/u_efx_ddr3_soft_controller/genblk1.inst_ddr3_axi/inst_efx_ddr3/top_mc/controller_main/dffrs_2527/i11_rst_1
@ "D:\yilingsi_fpga\Efinity_Project\2026.9.25\9.25.1_ding_Ti60F225_Canny_Face_Parallel\ip/DdrCtrl\DdrCtrl.sv (1460)" representative instance : ddr3_ctl_axi/u_efx_ddr3_soft_controller/genblk1.inst_ddr3_axi/inst_efx_ddr3/top_mc/controller_main/dffrs_2527/i94_rst_1
FF|OPT : Flip-flop optimization by equivalence checking
@ "D:\yilingsi_fpga\Efinity_Project\2026.9.25\9.25.1_ding_Ti60F225_Canny_Face_Parallel\ip/DdrCtrl\DdrCtrl.sv (1460)" removed instance : ddr3_ctl_axi/u_efx_ddr3_soft_controller/genblk1.inst_ddr3_axi/inst_efx_ddr3/top_mc/controller_main/dffrs_2527/i11_rst_2
@ "D:\yilingsi_fpga\Efinity_Project\2026.9.25\9.25.1_ding_Ti60F225_Canny_Face_Parallel\ip/DdrCtrl\DdrCtrl.sv (1460)" representative instance : ddr3_ctl_axi/u_efx_ddr3_soft_controller/genblk1.inst_ddr3_axi/inst_efx_ddr3/top_mc/controller_main/dffrs_2527/i94_rst_2
FF|OPT : Flip-flop optimization by equivalence checking
@ "D:\yilingsi_fpga\Efinity_Project\2026.9.25\9.25.1_ding_Ti60F225_Canny_Face_Parallel\ip/DdrCtrl\DdrCtrl.sv (1460)" removed instance : ddr3_ctl_axi/u_efx_ddr3_soft_controller/genblk1.inst_ddr3_axi/inst_efx_ddr3/top_mc/controller_main/dffrs_2527/i11_rst_3
@ "D:\yilingsi_fpga\Efinity_Project\2026.9.25\9.25.1_ding_Ti60F225_Canny_Face_Parallel\ip/DdrCtrl\DdrCtrl.sv (1460)" representative instance : ddr3_ctl_axi/u_efx_ddr3_soft_controller/genblk1.inst_ddr3_axi/inst_efx_ddr3/top_mc/controller_main/dffrs_2527/i94_rst_3
FF|OPT : Flip-flop optimization by equivalence checking
@ "D:\yilingsi_fpga\Efinity_Project\2026.9.25\9.25.1_ding_Ti60F225_Canny_Face_Parallel\ip/DdrCtrl\DdrCtrl.sv (1460)" removed instance : ddr3_ctl_axi/u_efx_ddr3_soft_controller/genblk1.inst_ddr3_axi/inst_efx_ddr3/top_mc/controller_main/dffrs_2527/i110_rst_0
@ "D:\yilingsi_fpga\Efinity_Project\2026.9.25\9.25.1_ding_Ti60F225_Canny_Face_Parallel\ip/DdrCtrl\DdrCtrl.sv (1460)" representative instance : ddr3_ctl_axi/u_efx_ddr3_soft_controller/genblk1.inst_ddr3_axi/inst_efx_ddr3/top_mc/controller_main/dffrs_2527/i94_rst_0
FF|OPT : Flip-flop optimization by equivalence checking
@ "D:\yilingsi_fpga\Efinity_Project\2026.9.25\9.25.1_ding_Ti60F225_Canny_Face_Parallel\ip/DdrCtrl\DdrCtrl.sv (1460)" removed instance : ddr3_ctl_axi/u_efx_ddr3_soft_controller/genblk1.inst_ddr3_axi/inst_efx_ddr3/top_mc/controller_main/dffrs_2527/i110_rst_1
@ "D:\yilingsi_fpga\Efinity_Project\2026.9.25\9.25.1_ding_Ti60F225_Canny_Face_Parallel\ip/DdrCtrl\DdrCtrl.sv (1460)" representative instance : ddr3_ctl_axi/u_efx_ddr3_soft_controller/genblk1.inst_ddr3_axi/inst_efx_ddr3/top_mc/controller_main/dffrs_2527/i94_rst_1
FF|OPT : Flip-flop optimization by equivalence checking
@ "D:\yilingsi_fpga\Efinity_Project\2026.9.25\9.25.1_ding_Ti60F225_Canny_Face_Parallel\ip/DdrCtrl\DdrCtrl.sv (1460)" removed instance : ddr3_ctl_axi/u_efx_ddr3_soft_controller/genblk1.inst_ddr3_axi/inst_efx_ddr3/top_mc/controller_main/dffrs_2527/i110_rst_2
@ "D:\yilingsi_fpga\Efinity_Project\2026.9.25\9.25.1_ding_Ti60F225_Canny_Face_Parallel\ip/DdrCtrl\DdrCtrl.sv (1460)" representative instance : ddr3_ctl_axi/u_efx_ddr3_soft_controller/genblk1.inst_ddr3_axi/inst_efx_ddr3/top_mc/controller_main/dffrs_2527/i94_rst_2
FF|OPT : Flip-flop optimization by equivalence checking
@ "D:\yilingsi_fpga\Efinity_Project\2026.9.25\9.25.1_ding_Ti60F225_Canny_Face_Parallel\ip/DdrCtrl\DdrCtrl.sv (1460)" removed instance : ddr3_ctl_axi/u_efx_ddr3_soft_controller/genblk1.inst_ddr3_axi/inst_efx_ddr3/top_mc/controller_main/dffrs_2527/i110_rst_3
@ "D:\yilingsi_fpga\Efinity_Project\2026.9.25\9.25.1_ding_Ti60F225_Canny_Face_Parallel\ip/DdrCtrl\DdrCtrl.sv (1460)" representative instance : ddr3_ctl_axi/u_efx_ddr3_soft_controller/genblk1.inst_ddr3_axi/inst_efx_ddr3/top_mc/controller_main/dffrs_2527/i94_rst_3
FF|OPT : Flip-flop optimization by equivalence checking
@ "D:\yilingsi_fpga\Efinity_Project\2026.9.25\9.25.1_ding_Ti60F225_Canny_Face_Parallel\ip/DdrCtrl\DdrCtrl.sv (1460)" removed instance : ddr3_ctl_axi/u_efx_ddr3_soft_controller/genblk1.inst_ddr3_axi/inst_efx_ddr3/top_mc/controller_main/dffrs_2527/i109_rst_0
@ "D:\yilingsi_fpga\Efinity_Project\2026.9.25\9.25.1_ding_Ti60F225_Canny_Face_Parallel\ip/DdrCtrl\DdrCtrl.sv (1460)" representative instance : ddr3_ctl_axi/u_efx_ddr3_soft_controller/genblk1.inst_ddr3_axi/inst_efx_ddr3/top_mc/controller_main/dffrs_2527/i94_rst_0
FF|OPT : Flip-flop optimization by equivalence checking
@ "D:\yilingsi_fpga\Efinity_Project\2026.9.25\9.25.1_ding_Ti60F225_Canny_Face_Parallel\ip/DdrCtrl\DdrCtrl.sv (1460)" removed instance : ddr3_ctl_axi/u_efx_ddr3_soft_controller/genblk1.inst_ddr3_axi/inst_efx_ddr3/top_mc/controller_main/dffrs_2527/i109_rst_1
@ "D:\yilingsi_fpga\Efinity_Project\2026.9.25\9.25.1_ding_Ti60F225_Canny_Face_Parallel\ip/DdrCtrl\DdrCtrl.sv (1460)" representative instance : ddr3_ctl_axi/u_efx_ddr3_soft_controller/genblk1.inst_ddr3_axi/inst_efx_ddr3/top_mc/controller_main/dffrs_2527/i94_rst_1
FF|OPT : Flip-flop optimization by equivalence checking
@ "D:\yilingsi_fpga\Efinity_Project\2026.9.25\9.25.1_ding_Ti60F225_Canny_Face_Parallel\ip/DdrCtrl\DdrCtrl.sv (1460)" removed instance : ddr3_ctl_axi/u_efx_ddr3_soft_controller/genblk1.inst_ddr3_axi/inst_efx_ddr3/top_mc/controller_main/dffrs_2527/i109_rst_2
@ "D:\yilingsi_fpga\Efinity_Project\2026.9.25\9.25.1_ding_Ti60F225_Canny_Face_Parallel\ip/DdrCtrl\DdrCtrl.sv (1460)" representative instance : ddr3_ctl_axi/u_efx_ddr3_soft_controller/genblk1.inst_ddr3_axi/inst_efx_ddr3/top_mc/controller_main/dffrs_2527/i94_rst_2
FF|OPT : Flip-flop optimization by equivalence checking
@ "D:\yilingsi_fpga\Efinity_Project\2026.9.25\9.25.1_ding_Ti60F225_Canny_Face_Parallel\ip/DdrCtrl\DdrCtrl.sv (1460)" removed instance : ddr3_ctl_axi/u_efx_ddr3_soft_controller/genblk1.inst_ddr3_axi/inst_efx_ddr3/top_mc/controller_main/dffrs_2527/i109_rst_3
@ "D:\yilingsi_fpga\Efinity_Project\2026.9.25\9.25.1_ding_Ti60F225_Canny_Face_Parallel\ip/DdrCtrl\DdrCtrl.sv (1460)" representative instance : ddr3_ctl_axi/u_efx_ddr3_soft_controller/genblk1.inst_ddr3_axi/inst_efx_ddr3/top_mc/controller_main/dffrs_2527/i94_rst_3
FF|OPT : Flip-flop optimization by equivalence checking
@ "D:\yilingsi_fpga\Efinity_Project\2026.9.25\9.25.1_ding_Ti60F225_Canny_Face_Parallel\ip/DdrCtrl\DdrCtrl.sv (1460)" removed instance : ddr3_ctl_axi/u_efx_ddr3_soft_controller/genblk1.inst_ddr3_axi/inst_efx_ddr3/top_mc/controller_main/dffrs_2527/i108_rst_0
@ "D:\yilingsi_fpga\Efinity_Project\2026.9.25\9.25.1_ding_Ti60F225_Canny_Face_Parallel\ip/DdrCtrl\DdrCtrl.sv (1460)" representative instance : ddr3_ctl_axi/u_efx_ddr3_soft_controller/genblk1.inst_ddr3_axi/inst_efx_ddr3/top_mc/controller_main/dffrs_2527/i94_rst_0
FF|OPT : Flip-flop optimization by equivalence checking
@ "D:\yilingsi_fpga\Efinity_Project\2026.9.25\9.25.1_ding_Ti60F225_Canny_Face_Parallel\ip/DdrCtrl\DdrCtrl.sv (1460)" removed instance : ddr3_ctl_axi/u_efx_ddr3_soft_controller/genblk1.inst_ddr3_axi/inst_efx_ddr3/top_mc/controller_main/dffrs_2527/i108_rst_1
@ "D:\yilingsi_fpga\Efinity_Project\2026.9.25\9.25.1_ding_Ti60F225_Canny_Face_Parallel\ip/DdrCtrl\DdrCtrl.sv (1460)" representative instance : ddr3_ctl_axi/u_efx_ddr3_soft_controller/genblk1.inst_ddr3_axi/inst_efx_ddr3/top_mc/controller_main/dffrs_2527/i94_rst_1
FF|OPT : Flip-flop optimization by equivalence checking
@ "D:\yilingsi_fpga\Efinity_Project\2026.9.25\9.25.1_ding_Ti60F225_Canny_Face_Parallel\ip/DdrCtrl\DdrCtrl.sv (1460)" removed instance : ddr3_ctl_axi/u_efx_ddr3_soft_controller/genblk1.inst_ddr3_axi/inst_efx_ddr3/top_mc/controller_main/dffrs_2527/i108_rst_2
@ "D:\yilingsi_fpga\Efinity_Project\2026.9.25\9.25.1_ding_Ti60F225_Canny_Face_Parallel\ip/DdrCtrl\DdrCtrl.sv (1460)" representative instance : ddr3_ctl_axi/u_efx_ddr3_soft_controller/genblk1.inst_ddr3_axi/inst_efx_ddr3/top_mc/controller_main/dffrs_2527/i94_rst_2
FF|OPT : Flip-flop optimization by equivalence checking
@ "D:\yilingsi_fpga\Efinity_Project\2026.9.25\9.25.1_ding_Ti60F225_Canny_Face_Parallel\ip/DdrCtrl\DdrCtrl.sv (1460)" removed instance : ddr3_ctl_axi/u_efx_ddr3_soft_controller/genblk1.inst_ddr3_axi/inst_efx_ddr3/top_mc/controller_main/dffrs_2527/i108_rst_3
@ "D:\yilingsi_fpga\Efinity_Project\2026.9.25\9.25.1_ding_Ti60F225_Canny_Face_Parallel\ip/DdrCtrl\DdrCtrl.sv (1460)" representative instance : ddr3_ctl_axi/u_efx_ddr3_soft_controller/genblk1.inst_ddr3_axi/inst_efx_ddr3/top_mc/controller_main/dffrs_2527/i94_rst_3
FF|OPT : Flip-flop optimization by equivalence checking
@ "D:\yilingsi_fpga\Efinity_Project\2026.9.25\9.25.1_ding_Ti60F225_Canny_Face_Parallel\ip/DdrCtrl\DdrCtrl.sv (1460)" removed instance : ddr3_ctl_axi/u_efx_ddr3_soft_controller/genblk1.inst_ddr3_axi/inst_efx_ddr3/top_mc/controller_main/dffrs_2527/i107_rst_0
@ "D:\yilingsi_fpga\Efinity_Project\2026.9.25\9.25.1_ding_Ti60F225_Canny_Face_Parallel\ip/DdrCtrl\DdrCtrl.sv (1460)" representative instance : ddr3_ctl_axi/u_efx_ddr3_soft_controller/genblk1.inst_ddr3_axi/inst_efx_ddr3/top_mc/controller_main/dffrs_2527/i94_rst_0
FF|OPT : Flip-flop optimization by equivalence checking
@ "D:\yilingsi_fpga\Efinity_Project\2026.9.25\9.25.1_ding_Ti60F225_Canny_Face_Parallel\ip/DdrCtrl\DdrCtrl.sv (1460)" removed instance : ddr3_ctl_axi/u_efx_ddr3_soft_controller/genblk1.inst_ddr3_axi/inst_efx_ddr3/top_mc/controller_main/dffrs_2527/i107_rst_1
@ "D:\yilingsi_fpga\Efinity_Project\2026.9.25\9.25.1_ding_Ti60F225_Canny_Face_Parallel\ip/DdrCtrl\DdrCtrl.sv (1460)" representative instance : ddr3_ctl_axi/u_efx_ddr3_soft_controller/genblk1.inst_ddr3_axi/inst_efx_ddr3/top_mc/controller_main/dffrs_2527/i94_rst_1
FF|OPT : Flip-flop optimization by equivalence checking
@ "D:\yilingsi_fpga\Efinity_Project\2026.9.25\9.25.1_ding_Ti60F225_Canny_Face_Parallel\ip/DdrCtrl\DdrCtrl.sv (1460)" removed instance : ddr3_ctl_axi/u_efx_ddr3_soft_controller/genblk1.inst_ddr3_axi/inst_efx_ddr3/top_mc/controller_main/dffrs_2527/i107_rst_2
@ "D:\yilingsi_fpga\Efinity_Project\2026.9.25\9.25.1_ding_Ti60F225_Canny_Face_Parallel\ip/DdrCtrl\DdrCtrl.sv (1460)" representative instance : ddr3_ctl_axi/u_efx_ddr3_soft_controller/genblk1.inst_ddr3_axi/inst_efx_ddr3/top_mc/controller_main/dffrs_2527/i94_rst_2
FF|OPT : Flip-flop optimization by equivalence checking
@ "D:\yilingsi_fpga\Efinity_Project\2026.9.25\9.25.1_ding_Ti60F225_Canny_Face_Parallel\ip/DdrCtrl\DdrCtrl.sv (1460)" removed instance : ddr3_ctl_axi/u_efx_ddr3_soft_controller/genblk1.inst_ddr3_axi/inst_efx_ddr3/top_mc/controller_main/dffrs_2527/i107_rst_3
@ "D:\yilingsi_fpga\Efinity_Project\2026.9.25\9.25.1_ding_Ti60F225_Canny_Face_Parallel\ip/DdrCtrl\DdrCtrl.sv (1460)" representative instance : ddr3_ctl_axi/u_efx_ddr3_soft_controller/genblk1.inst_ddr3_axi/inst_efx_ddr3/top_mc/controller_main/dffrs_2527/i94_rst_3
FF|OPT : Flip-flop optimization by equivalence checking
@ "D:\yilingsi_fpga\Efinity_Project\2026.9.25\9.25.1_ding_Ti60F225_Canny_Face_Parallel\ip/DdrCtrl\DdrCtrl.sv (1460)" removed instance : ddr3_ctl_axi/u_efx_ddr3_soft_controller/genblk1.inst_ddr3_axi/inst_efx_ddr3/top_mc/controller_main/dffrs_2527/i106_rst_0
@ "D:\yilingsi_fpga\Efinity_Project\2026.9.25\9.25.1_ding_Ti60F225_Canny_Face_Parallel\ip/DdrCtrl\DdrCtrl.sv (1460)" representative instance : ddr3_ctl_axi/u_efx_ddr3_soft_controller/genblk1.inst_ddr3_axi/inst_efx_ddr3/top_mc/controller_main/dffrs_2527/i94_rst_0
FF|OPT : Flip-flop optimization by equivalence checking
@ "D:\yilingsi_fpga\Efinity_Project\2026.9.25\9.25.1_ding_Ti60F225_Canny_Face_Parallel\ip/DdrCtrl\DdrCtrl.sv (1460)" removed instance : ddr3_ctl_axi/u_efx_ddr3_soft_controller/genblk1.inst_ddr3_axi/inst_efx_ddr3/top_mc/controller_main/dffrs_2527/i106_rst_1
@ "D:\yilingsi_fpga\Efinity_Project\2026.9.25\9.25.1_ding_Ti60F225_Canny_Face_Parallel\ip/DdrCtrl\DdrCtrl.sv (1460)" representative instance : ddr3_ctl_axi/u_efx_ddr3_soft_controller/genblk1.inst_ddr3_axi/inst_efx_ddr3/top_mc/controller_main/dffrs_2527/i94_rst_1
FF|OPT : Flip-flop optimization by equivalence checking
@ "D:\yilingsi_fpga\Efinity_Project\2026.9.25\9.25.1_ding_Ti60F225_Canny_Face_Parallel\ip/DdrCtrl\DdrCtrl.sv (1460)" removed instance : ddr3_ctl_axi/u_efx_ddr3_soft_controller/genblk1.inst_ddr3_axi/inst_efx_ddr3/top_mc/controller_main/dffrs_2527/i106_rst_2
@ "D:\yilingsi_fpga\Efinity_Project\2026.9.25\9.25.1_ding_Ti60F225_Canny_Face_Parallel\ip/DdrCtrl\DdrCtrl.sv (1460)" representative instance : ddr3_ctl_axi/u_efx_ddr3_soft_controller/genblk1.inst_ddr3_axi/inst_efx_ddr3/top_mc/controller_main/dffrs_2527/i94_rst_2
FF|OPT : Flip-flop optimization by equivalence checking
@ "D:\yilingsi_fpga\Efinity_Project\2026.9.25\9.25.1_ding_Ti60F225_Canny_Face_Parallel\ip/DdrCtrl\DdrCtrl.sv (1460)" removed instance : ddr3_ctl_axi/u_efx_ddr3_soft_controller/genblk1.inst_ddr3_axi/inst_efx_ddr3/top_mc/controller_main/dffrs_2527/i106_rst_3
@ "D:\yilingsi_fpga\Efinity_Project\2026.9.25\9.25.1_ding_Ti60F225_Canny_Face_Parallel\ip/DdrCtrl\DdrCtrl.sv (1460)" representative instance : ddr3_ctl_axi/u_efx_ddr3_soft_controller/genblk1.inst_ddr3_axi/inst_efx_ddr3/top_mc/controller_main/dffrs_2527/i94_rst_3
FF|OPT : Flip-flop optimization by equivalence checking
@ "D:\yilingsi_fpga\Efinity_Project\2026.9.25\9.25.1_ding_Ti60F225_Canny_Face_Parallel\ip/DdrCtrl\DdrCtrl.sv (1460)" removed instance : ddr3_ctl_axi/u_efx_ddr3_soft_controller/genblk1.inst_ddr3_axi/inst_efx_ddr3/top_mc/controller_main/dffrs_2527/i105_rst_0
@ "D:\yilingsi_fpga\Efinity_Project\2026.9.25\9.25.1_ding_Ti60F225_Canny_Face_Parallel\ip/DdrCtrl\DdrCtrl.sv (1460)" representative instance : ddr3_ctl_axi/u_efx_ddr3_soft_controller/genblk1.inst_ddr3_axi/inst_efx_ddr3/top_mc/controller_main/dffrs_2527/i94_rst_0
FF|OPT : Flip-flop optimization by equivalence checking
@ "D:\yilingsi_fpga\Efinity_Project\2026.9.25\9.25.1_ding_Ti60F225_Canny_Face_Parallel\ip/DdrCtrl\DdrCtrl.sv (1460)" removed instance : ddr3_ctl_axi/u_efx_ddr3_soft_controller/genblk1.inst_ddr3_axi/inst_efx_ddr3/top_mc/controller_main/dffrs_2527/i105_rst_1
@ "D:\yilingsi_fpga\Efinity_Project\2026.9.25\9.25.1_ding_Ti60F225_Canny_Face_Parallel\ip/DdrCtrl\DdrCtrl.sv (1460)" representative instance : ddr3_ctl_axi/u_efx_ddr3_soft_controller/genblk1.inst_ddr3_axi/inst_efx_ddr3/top_mc/controller_main/dffrs_2527/i94_rst_1
FF|OPT : Flip-flop optimization by equivalence checking
@ "D:\yilingsi_fpga\Efinity_Project\2026.9.25\9.25.1_ding_Ti60F225_Canny_Face_Parallel\ip/DdrCtrl\DdrCtrl.sv (1460)" removed instance : ddr3_ctl_axi/u_efx_ddr3_soft_controller/genblk1.inst_ddr3_axi/inst_efx_ddr3/top_mc/controller_main/dffrs_2527/i105_rst_2
@ "D:\yilingsi_fpga\Efinity_Project\2026.9.25\9.25.1_ding_Ti60F225_Canny_Face_Parallel\ip/DdrCtrl\DdrCtrl.sv (1460)" representative instance : ddr3_ctl_axi/u_efx_ddr3_soft_controller/genblk1.inst_ddr3_axi/inst_efx_ddr3/top_mc/controller_main/dffrs_2527/i94_rst_2
FF|OPT : Flip-flop optimization by equivalence checking
@ "D:\yilingsi_fpga\Efinity_Project\2026.9.25\9.25.1_ding_Ti60F225_Canny_Face_Parallel\ip/DdrCtrl\DdrCtrl.sv (1460)" removed instance : ddr3_ctl_axi/u_efx_ddr3_soft_controller/genblk1.inst_ddr3_axi/inst_efx_ddr3/top_mc/controller_main/dffrs_2527/i105_rst_3
@ "D:\yilingsi_fpga\Efinity_Project\2026.9.25\9.25.1_ding_Ti60F225_Canny_Face_Parallel\ip/DdrCtrl\DdrCtrl.sv (1460)" representative instance : ddr3_ctl_axi/u_efx_ddr3_soft_controller/genblk1.inst_ddr3_axi/inst_efx_ddr3/top_mc/controller_main/dffrs_2527/i94_rst_3
FF|OPT : Flip-flop optimization by equivalence checking
@ "D:\yilingsi_fpga\Efinity_Project\2026.9.25\9.25.1_ding_Ti60F225_Canny_Face_Parallel\ip/DdrCtrl\DdrCtrl.sv (1460)" removed instance : ddr3_ctl_axi/u_efx_ddr3_soft_controller/genblk1.inst_ddr3_axi/inst_efx_ddr3/top_mc/controller_main/dffrs_2527/i104_rst_0
@ "D:\yilingsi_fpga\Efinity_Project\2026.9.25\9.25.1_ding_Ti60F225_Canny_Face_Parallel\ip/DdrCtrl\DdrCtrl.sv (1460)" representative instance : ddr3_ctl_axi/u_efx_ddr3_soft_controller/genblk1.inst_ddr3_axi/inst_efx_ddr3/top_mc/controller_main/dffrs_2527/i94_rst_0
FF|OPT : Flip-flop optimization by equivalence checking
@ "D:\yilingsi_fpga\Efinity_Project\2026.9.25\9.25.1_ding_Ti60F225_Canny_Face_Parallel\ip/DdrCtrl\DdrCtrl.sv (1460)" removed instance : ddr3_ctl_axi/u_efx_ddr3_soft_controller/genblk1.inst_ddr3_axi/inst_efx_ddr3/top_mc/controller_main/dffrs_2527/i104_rst_1
@ "D:\yilingsi_fpga\Efinity_Project\2026.9.25\9.25.1_ding_Ti60F225_Canny_Face_Parallel\ip/DdrCtrl\DdrCtrl.sv (1460)" representative instance : ddr3_ctl_axi/u_efx_ddr3_soft_controller/genblk1.inst_ddr3_axi/inst_efx_ddr3/top_mc/controller_main/dffrs_2527/i94_rst_1
FF|OPT : Flip-flop optimization by equivalence checking
@ "D:\yilingsi_fpga\Efinity_Project\2026.9.25\9.25.1_ding_Ti60F225_Canny_Face_Parallel\ip/DdrCtrl\DdrCtrl.sv (1460)" removed instance : ddr3_ctl_axi/u_efx_ddr3_soft_controller/genblk1.inst_ddr3_axi/inst_efx_ddr3/top_mc/controller_main/dffrs_2527/i104_rst_2
@ "D:\yilingsi_fpga\Efinity_Project\2026.9.25\9.25.1_ding_Ti60F225_Canny_Face_Parallel\ip/DdrCtrl\DdrCtrl.sv (1460)" representative instance : ddr3_ctl_axi/u_efx_ddr3_soft_controller/genblk1.inst_ddr3_axi/inst_efx_ddr3/top_mc/controller_main/dffrs_2527/i94_rst_2
FF|OPT : Flip-flop optimization by equivalence checking
@ "D:\yilingsi_fpga\Efinity_Project\2026.9.25\9.25.1_ding_Ti60F225_Canny_Face_Parallel\ip/DdrCtrl\DdrCtrl.sv (1460)" removed instance : ddr3_ctl_axi/u_efx_ddr3_soft_controller/genblk1.inst_ddr3_axi/inst_efx_ddr3/top_mc/controller_main/dffrs_2527/i104_rst_3
@ "D:\yilingsi_fpga\Efinity_Project\2026.9.25\9.25.1_ding_Ti60F225_Canny_Face_Parallel\ip/DdrCtrl\DdrCtrl.sv (1460)" representative instance : ddr3_ctl_axi/u_efx_ddr3_soft_controller/genblk1.inst_ddr3_axi/inst_efx_ddr3/top_mc/controller_main/dffrs_2527/i94_rst_3
FF|OPT : Flip-flop optimization by equivalence checking
@ "D:\yilingsi_fpga\Efinity_Project\2026.9.25\9.25.1_ding_Ti60F225_Canny_Face_Parallel\ip/DdrCtrl\DdrCtrl.sv (1460)" removed instance : ddr3_ctl_axi/u_efx_ddr3_soft_controller/genblk1.inst_ddr3_axi/inst_efx_ddr3/top_mc/controller_main/dffrs_2527/i103_rst_0
@ "D:\yilingsi_fpga\Efinity_Project\2026.9.25\9.25.1_ding_Ti60F225_Canny_Face_Parallel\ip/DdrCtrl\DdrCtrl.sv (1460)" representative instance : ddr3_ctl_axi/u_efx_ddr3_soft_controller/genblk1.inst_ddr3_axi/inst_efx_ddr3/top_mc/controller_main/dffrs_2527/i94_rst_0
FF|OPT : Flip-flop optimization by equivalence checking
@ "D:\yilingsi_fpga\Efinity_Project\2026.9.25\9.25.1_ding_Ti60F225_Canny_Face_Parallel\ip/DdrCtrl\DdrCtrl.sv (1460)" removed instance : ddr3_ctl_axi/u_efx_ddr3_soft_controller/genblk1.inst_ddr3_axi/inst_efx_ddr3/top_mc/controller_main/dffrs_2527/i103_rst_1
@ "D:\yilingsi_fpga\Efinity_Project\2026.9.25\9.25.1_ding_Ti60F225_Canny_Face_Parallel\ip/DdrCtrl\DdrCtrl.sv (1460)" representative instance : ddr3_ctl_axi/u_efx_ddr3_soft_controller/genblk1.inst_ddr3_axi/inst_efx_ddr3/top_mc/controller_main/dffrs_2527/i94_rst_1
FF|OPT : Flip-flop optimization by equivalence checking
@ "D:\yilingsi_fpga\Efinity_Project\2026.9.25\9.25.1_ding_Ti60F225_Canny_Face_Parallel\ip/DdrCtrl\DdrCtrl.sv (1460)" removed instance : ddr3_ctl_axi/u_efx_ddr3_soft_controller/genblk1.inst_ddr3_axi/inst_efx_ddr3/top_mc/controller_main/dffrs_2527/i103_rst_2
@ "D:\yilingsi_fpga\Efinity_Project\2026.9.25\9.25.1_ding_Ti60F225_Canny_Face_Parallel\ip/DdrCtrl\DdrCtrl.sv (1460)" representative instance : ddr3_ctl_axi/u_efx_ddr3_soft_controller/genblk1.inst_ddr3_axi/inst_efx_ddr3/top_mc/controller_main/dffrs_2527/i94_rst_2
FF|OPT : Flip-flop optimization by equivalence checking
@ "D:\yilingsi_fpga\Efinity_Project\2026.9.25\9.25.1_ding_Ti60F225_Canny_Face_Parallel\ip/DdrCtrl\DdrCtrl.sv (1460)" removed instance : ddr3_ctl_axi/u_efx_ddr3_soft_controller/genblk1.inst_ddr3_axi/inst_efx_ddr3/top_mc/controller_main/dffrs_2527/i103_rst_3
@ "D:\yilingsi_fpga\Efinity_Project\2026.9.25\9.25.1_ding_Ti60F225_Canny_Face_Parallel\ip/DdrCtrl\DdrCtrl.sv (1460)" representative instance : ddr3_ctl_axi/u_efx_ddr3_soft_controller/genblk1.inst_ddr3_axi/inst_efx_ddr3/top_mc/controller_main/dffrs_2527/i94_rst_3
FF|OPT : Flip-flop optimization by equivalence checking
@ "D:\yilingsi_fpga\Efinity_Project\2026.9.25\9.25.1_ding_Ti60F225_Canny_Face_Parallel\ip/DdrCtrl\DdrCtrl.sv (1460)" removed instance : ddr3_ctl_axi/u_efx_ddr3_soft_controller/genblk1.inst_ddr3_axi/inst_efx_ddr3/top_mc/controller_main/dffrs_2527/i102_rst_0
@ "D:\yilingsi_fpga\Efinity_Project\2026.9.25\9.25.1_ding_Ti60F225_Canny_Face_Parallel\ip/DdrCtrl\DdrCtrl.sv (1460)" representative instance : ddr3_ctl_axi/u_efx_ddr3_soft_controller/genblk1.inst_ddr3_axi/inst_efx_ddr3/top_mc/controller_main/dffrs_2527/i94_rst_0
FF|OPT : Flip-flop optimization by equivalence checking
@ "D:\yilingsi_fpga\Efinity_Project\2026.9.25\9.25.1_ding_Ti60F225_Canny_Face_Parallel\ip/DdrCtrl\DdrCtrl.sv (1460)" removed instance : ddr3_ctl_axi/u_efx_ddr3_soft_controller/genblk1.inst_ddr3_axi/inst_efx_ddr3/top_mc/controller_main/dffrs_2527/i102_rst_1
@ "D:\yilingsi_fpga\Efinity_Project\2026.9.25\9.25.1_ding_Ti60F225_Canny_Face_Parallel\ip/DdrCtrl\DdrCtrl.sv (1460)" representative instance : ddr3_ctl_axi/u_efx_ddr3_soft_controller/genblk1.inst_ddr3_axi/inst_efx_ddr3/top_mc/controller_main/dffrs_2527/i94_rst_1
FF|OPT : Flip-flop optimization by equivalence checking
@ "D:\yilingsi_fpga\Efinity_Project\2026.9.25\9.25.1_ding_Ti60F225_Canny_Face_Parallel\ip/DdrCtrl\DdrCtrl.sv (1460)" removed instance : ddr3_ctl_axi/u_efx_ddr3_soft_controller/genblk1.inst_ddr3_axi/inst_efx_ddr3/top_mc/controller_main/dffrs_2527/i102_rst_2
@ "D:\yilingsi_fpga\Efinity_Project\2026.9.25\9.25.1_ding_Ti60F225_Canny_Face_Parallel\ip/DdrCtrl\DdrCtrl.sv (1460)" representative instance : ddr3_ctl_axi/u_efx_ddr3_soft_controller/genblk1.inst_ddr3_axi/inst_efx_ddr3/top_mc/controller_main/dffrs_2527/i94_rst_2
FF|OPT : Flip-flop optimization by equivalence checking
@ "D:\yilingsi_fpga\Efinity_Project\2026.9.25\9.25.1_ding_Ti60F225_Canny_Face_Parallel\ip/DdrCtrl\DdrCtrl.sv (1460)" removed instance : ddr3_ctl_axi/u_efx_ddr3_soft_controller/genblk1.inst_ddr3_axi/inst_efx_ddr3/top_mc/controller_main/dffrs_2527/i102_rst_3
@ "D:\yilingsi_fpga\Efinity_Project\2026.9.25\9.25.1_ding_Ti60F225_Canny_Face_Parallel\ip/DdrCtrl\DdrCtrl.sv (1460)" representative instance : ddr3_ctl_axi/u_efx_ddr3_soft_controller/genblk1.inst_ddr3_axi/inst_efx_ddr3/top_mc/controller_main/dffrs_2527/i94_rst_3
FF|OPT : Flip-flop optimization by equivalence checking
@ "D:\yilingsi_fpga\Efinity_Project\2026.9.25\9.25.1_ding_Ti60F225_Canny_Face_Parallel\ip/DdrCtrl\DdrCtrl.sv (1460)" removed instance : ddr3_ctl_axi/u_efx_ddr3_soft_controller/genblk1.inst_ddr3_axi/inst_efx_ddr3/top_mc/controller_main/dffrs_2527/i101_rst_0
@ "D:\yilingsi_fpga\Efinity_Project\2026.9.25\9.25.1_ding_Ti60F225_Canny_Face_Parallel\ip/DdrCtrl\DdrCtrl.sv (1460)" representative instance : ddr3_ctl_axi/u_efx_ddr3_soft_controller/genblk1.inst_ddr3_axi/inst_efx_ddr3/top_mc/controller_main/dffrs_2527/i94_rst_0
FF|OPT : Flip-flop optimization by equivalence checking
@ "D:\yilingsi_fpga\Efinity_Project\2026.9.25\9.25.1_ding_Ti60F225_Canny_Face_Parallel\ip/DdrCtrl\DdrCtrl.sv (1460)" removed instance : ddr3_ctl_axi/u_efx_ddr3_soft_controller/genblk1.inst_ddr3_axi/inst_efx_ddr3/top_mc/controller_main/dffrs_2527/i101_rst_1
@ "D:\yilingsi_fpga\Efinity_Project\2026.9.25\9.25.1_ding_Ti60F225_Canny_Face_Parallel\ip/DdrCtrl\DdrCtrl.sv (1460)" representative instance : ddr3_ctl_axi/u_efx_ddr3_soft_controller/genblk1.inst_ddr3_axi/inst_efx_ddr3/top_mc/controller_main/dffrs_2527/i94_rst_1
FF|OPT : Flip-flop optimization by equivalence checking
@ "D:\yilingsi_fpga\Efinity_Project\2026.9.25\9.25.1_ding_Ti60F225_Canny_Face_Parallel\ip/DdrCtrl\DdrCtrl.sv (1460)" removed instance : ddr3_ctl_axi/u_efx_ddr3_soft_controller/genblk1.inst_ddr3_axi/inst_efx_ddr3/top_mc/controller_main/dffrs_2527/i101_rst_2
@ "D:\yilingsi_fpga\Efinity_Project\2026.9.25\9.25.1_ding_Ti60F225_Canny_Face_Parallel\ip/DdrCtrl\DdrCtrl.sv (1460)" representative instance : ddr3_ctl_axi/u_efx_ddr3_soft_controller/genblk1.inst_ddr3_axi/inst_efx_ddr3/top_mc/controller_main/dffrs_2527/i94_rst_2
FF|OPT : Flip-flop optimization by equivalence checking
@ "D:\yilingsi_fpga\Efinity_Project\2026.9.25\9.25.1_ding_Ti60F225_Canny_Face_Parallel\ip/DdrCtrl\DdrCtrl.sv (1460)" removed instance : ddr3_ctl_axi/u_efx_ddr3_soft_controller/genblk1.inst_ddr3_axi/inst_efx_ddr3/top_mc/controller_main/dffrs_2527/i101_rst_3
@ "D:\yilingsi_fpga\Efinity_Project\2026.9.25\9.25.1_ding_Ti60F225_Canny_Face_Parallel\ip/DdrCtrl\DdrCtrl.sv (1460)" representative instance : ddr3_ctl_axi/u_efx_ddr3_soft_controller/genblk1.inst_ddr3_axi/inst_efx_ddr3/top_mc/controller_main/dffrs_2527/i94_rst_3
FF|OPT : Flip-flop optimization by equivalence checking
@ "D:\yilingsi_fpga\Efinity_Project\2026.9.25\9.25.1_ding_Ti60F225_Canny_Face_Parallel\ip/DdrCtrl\DdrCtrl.sv (1460)" removed instance : ddr3_ctl_axi/u_efx_ddr3_soft_controller/genblk1.inst_ddr3_axi/inst_efx_ddr3/top_mc/controller_main/dffrs_2527/i1_rst_0
@ "D:\yilingsi_fpga\Efinity_Project\2026.9.25\9.25.1_ding_Ti60F225_Canny_Face_Parallel\ip/DdrCtrl\DdrCtrl.sv (1460)" representative instance : ddr3_ctl_axi/u_efx_ddr3_soft_controller/genblk1.inst_ddr3_axi/inst_efx_ddr3/top_mc/controller_main/dffrs_2527/i94_rst_0
FF|OPT : Flip-flop optimization by equivalence checking
@ "D:\yilingsi_fpga\Efinity_Project\2026.9.25\9.25.1_ding_Ti60F225_Canny_Face_Parallel\ip/DdrCtrl\DdrCtrl.sv (1460)" removed instance : ddr3_ctl_axi/u_efx_ddr3_soft_controller/genblk1.inst_ddr3_axi/inst_efx_ddr3/top_mc/controller_main/dffrs_2527/i1_rst_1
@ "D:\yilingsi_fpga\Efinity_Project\2026.9.25\9.25.1_ding_Ti60F225_Canny_Face_Parallel\ip/DdrCtrl\DdrCtrl.sv (1460)" representative instance : ddr3_ctl_axi/u_efx_ddr3_soft_controller/genblk1.inst_ddr3_axi/inst_efx_ddr3/top_mc/controller_main/dffrs_2527/i94_rst_1
FF|OPT : Flip-flop optimization by equivalence checking
@ "D:\yilingsi_fpga\Efinity_Project\2026.9.25\9.25.1_ding_Ti60F225_Canny_Face_Parallel\ip/DdrCtrl\DdrCtrl.sv (1460)" removed instance : ddr3_ctl_axi/u_efx_ddr3_soft_controller/genblk1.inst_ddr3_axi/inst_efx_ddr3/top_mc/controller_main/dffrs_2527/i1_rst_2
@ "D:\yilingsi_fpga\Efinity_Project\2026.9.25\9.25.1_ding_Ti60F225_Canny_Face_Parallel\ip/DdrCtrl\DdrCtrl.sv (1460)" representative instance : ddr3_ctl_axi/u_efx_ddr3_soft_controller/genblk1.inst_ddr3_axi/inst_efx_ddr3/top_mc/controller_main/dffrs_2527/i94_rst_2
FF|OPT : Flip-flop optimization by equivalence checking
@ "D:\yilingsi_fpga\Efinity_Project\2026.9.25\9.25.1_ding_Ti60F225_Canny_Face_Parallel\ip/DdrCtrl\DdrCtrl.sv (1460)" removed instance : ddr3_ctl_axi/u_efx_ddr3_soft_controller/genblk1.inst_ddr3_axi/inst_efx_ddr3/top_mc/controller_main/dffrs_2527/i1_rst_3
@ "D:\yilingsi_fpga\Efinity_Project\2026.9.25\9.25.1_ding_Ti60F225_Canny_Face_Parallel\ip/DdrCtrl\DdrCtrl.sv (1460)" representative instance : ddr3_ctl_axi/u_efx_ddr3_soft_controller/genblk1.inst_ddr3_axi/inst_efx_ddr3/top_mc/controller_main/dffrs_2527/i94_rst_3
FF|OPT : Flip-flop optimization by equivalence checking
@ "D:\yilingsi_fpga\Efinity_Project\2026.9.25\9.25.1_ding_Ti60F225_Canny_Face_Parallel\ip/DdrCtrl\DdrCtrl.sv (1460)" removed instance : ddr3_ctl_axi/u_efx_ddr3_soft_controller/genblk1.inst_ddr3_axi/inst_efx_ddr3/top_mc/controller_main/dffrs_2532/i10_rst_0
@ "D:\yilingsi_fpga\Efinity_Project\2026.9.25\9.25.1_ding_Ti60F225_Canny_Face_Parallel\ip/DdrCtrl\DdrCtrl.sv (1460)" representative instance : ddr3_ctl_axi/u_efx_ddr3_soft_controller/genblk1.inst_ddr3_axi/inst_efx_ddr3/top_mc/controller_main/dffrs_2527/i94_rst_0
FF|OPT : Flip-flop optimization by equivalence checking
@ "D:\yilingsi_fpga\Efinity_Project\2026.9.25\9.25.1_ding_Ti60F225_Canny_Face_Parallel\ip/DdrCtrl\DdrCtrl.sv (1460)" removed instance : ddr3_ctl_axi/u_efx_ddr3_soft_controller/genblk1.inst_ddr3_axi/inst_efx_ddr3/top_mc/controller_main/dffrs_2532/i10_rst_1
@ "D:\yilingsi_fpga\Efinity_Project\2026.9.25\9.25.1_ding_Ti60F225_Canny_Face_Parallel\ip/DdrCtrl\DdrCtrl.sv (1460)" representative instance : ddr3_ctl_axi/u_efx_ddr3_soft_controller/genblk1.inst_ddr3_axi/inst_efx_ddr3/top_mc/controller_main/dffrs_2527/i94_rst_1
FF|OPT : Flip-flop optimization by equivalence checking
@ "D:\yilingsi_fpga\Efinity_Project\2026.9.25\9.25.1_ding_Ti60F225_Canny_Face_Parallel\ip/DdrCtrl\DdrCtrl.sv (1460)" removed instance : ddr3_ctl_axi/u_efx_ddr3_soft_controller/genblk1.inst_ddr3_axi/inst_efx_ddr3/top_mc/controller_main/dffrs_2532/i10_rst_2
@ "D:\yilingsi_fpga\Efinity_Project\2026.9.25\9.25.1_ding_Ti60F225_Canny_Face_Parallel\ip/DdrCtrl\DdrCtrl.sv (1460)" representative instance : ddr3_ctl_axi/u_efx_ddr3_soft_controller/genblk1.inst_ddr3_axi/inst_efx_ddr3/top_mc/controller_main/dffrs_2527/i94_rst_2
FF|OPT : Flip-flop optimization by equivalence checking
@ "D:\yilingsi_fpga\Efinity_Project\2026.9.25\9.25.1_ding_Ti60F225_Canny_Face_Parallel\ip/DdrCtrl\DdrCtrl.sv (1460)" removed instance : ddr3_ctl_axi/u_efx_ddr3_soft_controller/genblk1.inst_ddr3_axi/inst_efx_ddr3/top_mc/controller_main/dffrs_2532/i10_rst_3
@ "D:\yilingsi_fpga\Efinity_Project\2026.9.25\9.25.1_ding_Ti60F225_Canny_Face_Parallel\ip/DdrCtrl\DdrCtrl.sv (1460)" representative instance : ddr3_ctl_axi/u_efx_ddr3_soft_controller/genblk1.inst_ddr3_axi/inst_efx_ddr3/top_mc/controller_main/dffrs_2527/i94_rst_3
FF|OPT : Flip-flop optimization by equivalence checking
@ "D:\yilingsi_fpga\Efinity_Project\2026.9.25\9.25.1_ding_Ti60F225_Canny_Face_Parallel\ip/DdrCtrl\DdrCtrl.sv (1460)" removed instance : ddr3_ctl_axi/u_efx_ddr3_soft_controller/genblk1.inst_ddr3_axi/inst_efx_ddr3/top_mc/controller_main/dffrs_2532/i9_rst_0
@ "D:\yilingsi_fpga\Efinity_Project\2026.9.25\9.25.1_ding_Ti60F225_Canny_Face_Parallel\ip/DdrCtrl\DdrCtrl.sv (1460)" representative instance : ddr3_ctl_axi/u_efx_ddr3_soft_controller/genblk1.inst_ddr3_axi/inst_efx_ddr3/top_mc/controller_main/dffrs_2527/i94_rst_0
FF|OPT : Flip-flop optimization by equivalence checking
@ "D:\yilingsi_fpga\Efinity_Project\2026.9.25\9.25.1_ding_Ti60F225_Canny_Face_Parallel\ip/DdrCtrl\DdrCtrl.sv (1460)" removed instance : ddr3_ctl_axi/u_efx_ddr3_soft_controller/genblk1.inst_ddr3_axi/inst_efx_ddr3/top_mc/controller_main/dffrs_2532/i9_rst_1
@ "D:\yilingsi_fpga\Efinity_Project\2026.9.25\9.25.1_ding_Ti60F225_Canny_Face_Parallel\ip/DdrCtrl\DdrCtrl.sv (1460)" representative instance : ddr3_ctl_axi/u_efx_ddr3_soft_controller/genblk1.inst_ddr3_axi/inst_efx_ddr3/top_mc/controller_main/dffrs_2527/i94_rst_1
FF|OPT : Flip-flop optimization by equivalence checking
@ "D:\yilingsi_fpga\Efinity_Project\2026.9.25\9.25.1_ding_Ti60F225_Canny_Face_Parallel\ip/DdrCtrl\DdrCtrl.sv (1460)" removed instance : ddr3_ctl_axi/u_efx_ddr3_soft_controller/genblk1.inst_ddr3_axi/inst_efx_ddr3/top_mc/controller_main/dffrs_2532/i9_rst_2
@ "D:\yilingsi_fpga\Efinity_Project\2026.9.25\9.25.1_ding_Ti60F225_Canny_Face_Parallel\ip/DdrCtrl\DdrCtrl.sv (1460)" representative instance : ddr3_ctl_axi/u_efx_ddr3_soft_controller/genblk1.inst_ddr3_axi/inst_efx_ddr3/top_mc/controller_main/dffrs_2527/i94_rst_2
FF|OPT : Flip-flop optimization by equivalence checking
@ "D:\yilingsi_fpga\Efinity_Project\2026.9.25\9.25.1_ding_Ti60F225_Canny_Face_Parallel\ip/DdrCtrl\DdrCtrl.sv (1460)" removed instance : ddr3_ctl_axi/u_efx_ddr3_soft_controller/genblk1.inst_ddr3_axi/inst_efx_ddr3/top_mc/controller_main/dffrs_2532/i9_rst_3
@ "D:\yilingsi_fpga\Efinity_Project\2026.9.25\9.25.1_ding_Ti60F225_Canny_Face_Parallel\ip/DdrCtrl\DdrCtrl.sv (1460)" representative instance : ddr3_ctl_axi/u_efx_ddr3_soft_controller/genblk1.inst_ddr3_axi/inst_efx_ddr3/top_mc/controller_main/dffrs_2527/i94_rst_3
FF|OPT : Flip-flop optimization by equivalence checking
@ "D:\yilingsi_fpga\Efinity_Project\2026.9.25\9.25.1_ding_Ti60F225_Canny_Face_Parallel\ip/DdrCtrl\DdrCtrl.sv (1460)" removed instance : ddr3_ctl_axi/u_efx_ddr3_soft_controller/genblk1.inst_ddr3_axi/inst_efx_ddr3/top_mc/controller_main/dffrs_2532/i8_rst_0
@ "D:\yilingsi_fpga\Efinity_Project\2026.9.25\9.25.1_ding_Ti60F225_Canny_Face_Parallel\ip/DdrCtrl\DdrCtrl.sv (1460)" representative instance : ddr3_ctl_axi/u_efx_ddr3_soft_controller/genblk1.inst_ddr3_axi/inst_efx_ddr3/top_mc/controller_main/dffrs_2527/i94_rst_0
FF|OPT : Flip-flop optimization by equivalence checking
@ "D:\yilingsi_fpga\Efinity_Project\2026.9.25\9.25.1_ding_Ti60F225_Canny_Face_Parallel\ip/DdrCtrl\DdrCtrl.sv (1460)" removed instance : ddr3_ctl_axi/u_efx_ddr3_soft_controller/genblk1.inst_ddr3_axi/inst_efx_ddr3/top_mc/controller_main/dffrs_2532/i8_rst_1
@ "D:\yilingsi_fpga\Efinity_Project\2026.9.25\9.25.1_ding_Ti60F225_Canny_Face_Parallel\ip/DdrCtrl\DdrCtrl.sv (1460)" representative instance : ddr3_ctl_axi/u_efx_ddr3_soft_controller/genblk1.inst_ddr3_axi/inst_efx_ddr3/top_mc/controller_main/dffrs_2527/i94_rst_1
FF|OPT : Flip-flop optimization by equivalence checking
@ "D:\yilingsi_fpga\Efinity_Project\2026.9.25\9.25.1_ding_Ti60F225_Canny_Face_Parallel\ip/DdrCtrl\DdrCtrl.sv (1460)" removed instance : ddr3_ctl_axi/u_efx_ddr3_soft_controller/genblk1.inst_ddr3_axi/inst_efx_ddr3/top_mc/controller_main/dffrs_2532/i8_rst_2
@ "D:\yilingsi_fpga\Efinity_Project\2026.9.25\9.25.1_ding_Ti60F225_Canny_Face_Parallel\ip/DdrCtrl\DdrCtrl.sv (1460)" representative instance : ddr3_ctl_axi/u_efx_ddr3_soft_controller/genblk1.inst_ddr3_axi/inst_efx_ddr3/top_mc/controller_main/dffrs_2527/i94_rst_2
FF|OPT : Flip-flop optimization by equivalence checking
@ "D:\yilingsi_fpga\Efinity_Project\2026.9.25\9.25.1_ding_Ti60F225_Canny_Face_Parallel\ip/DdrCtrl\DdrCtrl.sv (1460)" removed instance : ddr3_ctl_axi/u_efx_ddr3_soft_controller/genblk1.inst_ddr3_axi/inst_efx_ddr3/top_mc/controller_main/dffrs_2532/i8_rst_3
@ "D:\yilingsi_fpga\Efinity_Project\2026.9.25\9.25.1_ding_Ti60F225_Canny_Face_Parallel\ip/DdrCtrl\DdrCtrl.sv (1460)" representative instance : ddr3_ctl_axi/u_efx_ddr3_soft_controller/genblk1.inst_ddr3_axi/inst_efx_ddr3/top_mc/controller_main/dffrs_2527/i94_rst_3
FF|OPT : Flip-flop optimization by equivalence checking
@ "D:\yilingsi_fpga\Efinity_Project\2026.9.25\9.25.1_ding_Ti60F225_Canny_Face_Parallel\ip/DdrCtrl\DdrCtrl.sv (1460)" removed instance : ddr3_ctl_axi/u_efx_ddr3_soft_controller/genblk1.inst_ddr3_axi/inst_efx_ddr3/top_mc/controller_main/dffrs_2532/i7_rst_0
@ "D:\yilingsi_fpga\Efinity_Project\2026.9.25\9.25.1_ding_Ti60F225_Canny_Face_Parallel\ip/DdrCtrl\DdrCtrl.sv (1460)" representative instance : ddr3_ctl_axi/u_efx_ddr3_soft_controller/genblk1.inst_ddr3_axi/inst_efx_ddr3/top_mc/controller_main/dffrs_2527/i94_rst_0
FF|OPT : Flip-flop optimization by equivalence checking
@ "D:\yilingsi_fpga\Efinity_Project\2026.9.25\9.25.1_ding_Ti60F225_Canny_Face_Parallel\ip/DdrCtrl\DdrCtrl.sv (1460)" removed instance : ddr3_ctl_axi/u_efx_ddr3_soft_controller/genblk1.inst_ddr3_axi/inst_efx_ddr3/top_mc/controller_main/dffrs_2532/i7_rst_1
@ "D:\yilingsi_fpga\Efinity_Project\2026.9.25\9.25.1_ding_Ti60F225_Canny_Face_Parallel\ip/DdrCtrl\DdrCtrl.sv (1460)" representative instance : ddr3_ctl_axi/u_efx_ddr3_soft_controller/genblk1.inst_ddr3_axi/inst_efx_ddr3/top_mc/controller_main/dffrs_2527/i94_rst_1
FF|OPT : Flip-flop optimization by equivalence checking
@ "D:\yilingsi_fpga\Efinity_Project\2026.9.25\9.25.1_ding_Ti60F225_Canny_Face_Parallel\ip/DdrCtrl\DdrCtrl.sv (1460)" removed instance : ddr3_ctl_axi/u_efx_ddr3_soft_controller/genblk1.inst_ddr3_axi/inst_efx_ddr3/top_mc/controller_main/dffrs_2532/i7_rst_2
@ "D:\yilingsi_fpga\Efinity_Project\2026.9.25\9.25.1_ding_Ti60F225_Canny_Face_Parallel\ip/DdrCtrl\DdrCtrl.sv (1460)" representative instance : ddr3_ctl_axi/u_efx_ddr3_soft_controller/genblk1.inst_ddr3_axi/inst_efx_ddr3/top_mc/controller_main/dffrs_2527/i94_rst_2
FF|OPT : Flip-flop optimization by equivalence checking
@ "D:\yilingsi_fpga\Efinity_Project\2026.9.25\9.25.1_ding_Ti60F225_Canny_Face_Parallel\ip/DdrCtrl\DdrCtrl.sv (1460)" removed instance : ddr3_ctl_axi/u_efx_ddr3_soft_controller/genblk1.inst_ddr3_axi/inst_efx_ddr3/top_mc/controller_main/dffrs_2532/i7_rst_3
@ "D:\yilingsi_fpga\Efinity_Project\2026.9.25\9.25.1_ding_Ti60F225_Canny_Face_Parallel\ip/DdrCtrl\DdrCtrl.sv (1460)" representative instance : ddr3_ctl_axi/u_efx_ddr3_soft_controller/genblk1.inst_ddr3_axi/inst_efx_ddr3/top_mc/controller_main/dffrs_2527/i94_rst_3
FF|OPT : Flip-flop optimization by equivalence checking
@ "D:\yilingsi_fpga\Efinity_Project\2026.9.25\9.25.1_ding_Ti60F225_Canny_Face_Parallel\ip/DdrCtrl\DdrCtrl.sv (1460)" removed instance : ddr3_ctl_axi/u_efx_ddr3_soft_controller/genblk1.inst_ddr3_axi/inst_efx_ddr3/top_mc/controller_main/dffrs_2532/i6_rst_0
@ "D:\yilingsi_fpga\Efinity_Project\2026.9.25\9.25.1_ding_Ti60F225_Canny_Face_Parallel\ip/DdrCtrl\DdrCtrl.sv (1460)" representative instance : ddr3_ctl_axi/u_efx_ddr3_soft_controller/genblk1.inst_ddr3_axi/inst_efx_ddr3/top_mc/controller_main/dffrs_2527/i94_rst_0
FF|OPT : Flip-flop optimization by equivalence checking
@ "D:\yilingsi_fpga\Efinity_Project\2026.9.25\9.25.1_ding_Ti60F225_Canny_Face_Parallel\ip/DdrCtrl\DdrCtrl.sv (1460)" removed instance : ddr3_ctl_axi/u_efx_ddr3_soft_controller/genblk1.inst_ddr3_axi/inst_efx_ddr3/top_mc/controller_main/dffrs_2532/i6_rst_1
@ "D:\yilingsi_fpga\Efinity_Project\2026.9.25\9.25.1_ding_Ti60F225_Canny_Face_Parallel\ip/DdrCtrl\DdrCtrl.sv (1460)" representative instance : ddr3_ctl_axi/u_efx_ddr3_soft_controller/genblk1.inst_ddr3_axi/inst_efx_ddr3/top_mc/controller_main/dffrs_2527/i94_rst_1
FF|OPT : Flip-flop optimization by equivalence checking
@ "D:\yilingsi_fpga\Efinity_Project\2026.9.25\9.25.1_ding_Ti60F225_Canny_Face_Parallel\ip/DdrCtrl\DdrCtrl.sv (1460)" removed instance : ddr3_ctl_axi/u_efx_ddr3_soft_controller/genblk1.inst_ddr3_axi/inst_efx_ddr3/top_mc/controller_main/dffrs_2532/i6_rst_2
@ "D:\yilingsi_fpga\Efinity_Project\2026.9.25\9.25.1_ding_Ti60F225_Canny_Face_Parallel\ip/DdrCtrl\DdrCtrl.sv (1460)" representative instance : ddr3_ctl_axi/u_efx_ddr3_soft_controller/genblk1.inst_ddr3_axi/inst_efx_ddr3/top_mc/controller_main/dffrs_2527/i94_rst_2
FF|OPT : Flip-flop optimization by equivalence checking
@ "D:\yilingsi_fpga\Efinity_Project\2026.9.25\9.25.1_ding_Ti60F225_Canny_Face_Parallel\ip/DdrCtrl\DdrCtrl.sv (1460)" removed instance : ddr3_ctl_axi/u_efx_ddr3_soft_controller/genblk1.inst_ddr3_axi/inst_efx_ddr3/top_mc/controller_main/dffrs_2532/i6_rst_3
@ "D:\yilingsi_fpga\Efinity_Project\2026.9.25\9.25.1_ding_Ti60F225_Canny_Face_Parallel\ip/DdrCtrl\DdrCtrl.sv (1460)" representative instance : ddr3_ctl_axi/u_efx_ddr3_soft_controller/genblk1.inst_ddr3_axi/inst_efx_ddr3/top_mc/controller_main/dffrs_2527/i94_rst_3
FF|OPT : Flip-flop optimization by equivalence checking
@ "D:\yilingsi_fpga\Efinity_Project\2026.9.25\9.25.1_ding_Ti60F225_Canny_Face_Parallel\ip/DdrCtrl\DdrCtrl.sv (1460)" removed instance : ddr3_ctl_axi/u_efx_ddr3_soft_controller/genblk1.inst_ddr3_axi/inst_efx_ddr3/top_mc/controller_main/dffrs_2532/i5_rst_0
@ "D:\yilingsi_fpga\Efinity_Project\2026.9.25\9.25.1_ding_Ti60F225_Canny_Face_Parallel\ip/DdrCtrl\DdrCtrl.sv (1460)" representative instance : ddr3_ctl_axi/u_efx_ddr3_soft_controller/genblk1.inst_ddr3_axi/inst_efx_ddr3/top_mc/controller_main/dffrs_2527/i94_rst_0
FF|OPT : Flip-flop optimization by equivalence checking
@ "D:\yilingsi_fpga\Efinity_Project\2026.9.25\9.25.1_ding_Ti60F225_Canny_Face_Parallel\ip/DdrCtrl\DdrCtrl.sv (1460)" removed instance : ddr3_ctl_axi/u_efx_ddr3_soft_controller/genblk1.inst_ddr3_axi/inst_efx_ddr3/top_mc/controller_main/dffrs_2532/i5_rst_1
@ "D:\yilingsi_fpga\Efinity_Project\2026.9.25\9.25.1_ding_Ti60F225_Canny_Face_Parallel\ip/DdrCtrl\DdrCtrl.sv (1460)" representative instance : ddr3_ctl_axi/u_efx_ddr3_soft_controller/genblk1.inst_ddr3_axi/inst_efx_ddr3/top_mc/controller_main/dffrs_2527/i94_rst_1
FF|OPT : Flip-flop optimization by equivalence checking
@ "D:\yilingsi_fpga\Efinity_Project\2026.9.25\9.25.1_ding_Ti60F225_Canny_Face_Parallel\ip/DdrCtrl\DdrCtrl.sv (1460)" removed instance : ddr3_ctl_axi/u_efx_ddr3_soft_controller/genblk1.inst_ddr3_axi/inst_efx_ddr3/top_mc/controller_main/dffrs_2532/i5_rst_2
@ "D:\yilingsi_fpga\Efinity_Project\2026.9.25\9.25.1_ding_Ti60F225_Canny_Face_Parallel\ip/DdrCtrl\DdrCtrl.sv (1460)" representative instance : ddr3_ctl_axi/u_efx_ddr3_soft_controller/genblk1.inst_ddr3_axi/inst_efx_ddr3/top_mc/controller_main/dffrs_2527/i94_rst_2
FF|OPT : Flip-flop optimization by equivalence checking
@ "D:\yilingsi_fpga\Efinity_Project\2026.9.25\9.25.1_ding_Ti60F225_Canny_Face_Parallel\ip/DdrCtrl\DdrCtrl.sv (1460)" removed instance : ddr3_ctl_axi/u_efx_ddr3_soft_controller/genblk1.inst_ddr3_axi/inst_efx_ddr3/top_mc/controller_main/dffrs_2532/i5_rst_3
@ "D:\yilingsi_fpga\Efinity_Project\2026.9.25\9.25.1_ding_Ti60F225_Canny_Face_Parallel\ip/DdrCtrl\DdrCtrl.sv (1460)" representative instance : ddr3_ctl_axi/u_efx_ddr3_soft_controller/genblk1.inst_ddr3_axi/inst_efx_ddr3/top_mc/controller_main/dffrs_2527/i94_rst_3
FF|OPT : Flip-flop optimization by equivalence checking
@ "D:\yilingsi_fpga\Efinity_Project\2026.9.25\9.25.1_ding_Ti60F225_Canny_Face_Parallel\ip/DdrCtrl\DdrCtrl.sv (1460)" removed instance : ddr3_ctl_axi/u_efx_ddr3_soft_controller/genblk1.inst_ddr3_axi/inst_efx_ddr3/top_mc/controller_main/dffrs_2532/i4_rst_0
@ "D:\yilingsi_fpga\Efinity_Project\2026.9.25\9.25.1_ding_Ti60F225_Canny_Face_Parallel\ip/DdrCtrl\DdrCtrl.sv (1460)" representative instance : ddr3_ctl_axi/u_efx_ddr3_soft_controller/genblk1.inst_ddr3_axi/inst_efx_ddr3/top_mc/controller_main/dffrs_2527/i94_rst_0
FF|OPT : Flip-flop optimization by equivalence checking
@ "D:\yilingsi_fpga\Efinity_Project\2026.9.25\9.25.1_ding_Ti60F225_Canny_Face_Parallel\ip/DdrCtrl\DdrCtrl.sv (1460)" removed instance : ddr3_ctl_axi/u_efx_ddr3_soft_controller/genblk1.inst_ddr3_axi/inst_efx_ddr3/top_mc/controller_main/dffrs_2532/i4_rst_1
@ "D:\yilingsi_fpga\Efinity_Project\2026.9.25\9.25.1_ding_Ti60F225_Canny_Face_Parallel\ip/DdrCtrl\DdrCtrl.sv (1460)" representative instance : ddr3_ctl_axi/u_efx_ddr3_soft_controller/genblk1.inst_ddr3_axi/inst_efx_ddr3/top_mc/controller_main/dffrs_2527/i94_rst_1
FF|OPT : Flip-flop optimization by equivalence checking
@ "D:\yilingsi_fpga\Efinity_Project\2026.9.25\9.25.1_ding_Ti60F225_Canny_Face_Parallel\ip/DdrCtrl\DdrCtrl.sv (1460)" removed instance : ddr3_ctl_axi/u_efx_ddr3_soft_controller/genblk1.inst_ddr3_axi/inst_efx_ddr3/top_mc/controller_main/dffrs_2532/i4_rst_2
@ "D:\yilingsi_fpga\Efinity_Project\2026.9.25\9.25.1_ding_Ti60F225_Canny_Face_Parallel\ip/DdrCtrl\DdrCtrl.sv (1460)" representative instance : ddr3_ctl_axi/u_efx_ddr3_soft_controller/genblk1.inst_ddr3_axi/inst_efx_ddr3/top_mc/controller_main/dffrs_2527/i94_rst_2
FF|OPT : Flip-flop optimization by equivalence checking
@ "D:\yilingsi_fpga\Efinity_Project\2026.9.25\9.25.1_ding_Ti60F225_Canny_Face_Parallel\ip/DdrCtrl\DdrCtrl.sv (1460)" removed instance : ddr3_ctl_axi/u_efx_ddr3_soft_controller/genblk1.inst_ddr3_axi/inst_efx_ddr3/top_mc/controller_main/dffrs_2532/i4_rst_3
@ "D:\yilingsi_fpga\Efinity_Project\2026.9.25\9.25.1_ding_Ti60F225_Canny_Face_Parallel\ip/DdrCtrl\DdrCtrl.sv (1460)" representative instance : ddr3_ctl_axi/u_efx_ddr3_soft_controller/genblk1.inst_ddr3_axi/inst_efx_ddr3/top_mc/controller_main/dffrs_2527/i94_rst_3
FF|OPT : Flip-flop optimization by equivalence checking
@ "D:\yilingsi_fpga\Efinity_Project\2026.9.25\9.25.1_ding_Ti60F225_Canny_Face_Parallel\ip/DdrCtrl\DdrCtrl.sv (1460)" removed instance : ddr3_ctl_axi/u_efx_ddr3_soft_controller/genblk1.inst_ddr3_axi/inst_efx_ddr3/top_mc/controller_main/dffrs_2532/i3_rst_0
@ "D:\yilingsi_fpga\Efinity_Project\2026.9.25\9.25.1_ding_Ti60F225_Canny_Face_Parallel\ip/DdrCtrl\DdrCtrl.sv (1460)" representative instance : ddr3_ctl_axi/u_efx_ddr3_soft_controller/genblk1.inst_ddr3_axi/inst_efx_ddr3/top_mc/controller_main/dffrs_2527/i94_rst_0
FF|OPT : Flip-flop optimization by equivalence checking
@ "D:\yilingsi_fpga\Efinity_Project\2026.9.25\9.25.1_ding_Ti60F225_Canny_Face_Parallel\ip/DdrCtrl\DdrCtrl.sv (1460)" removed instance : ddr3_ctl_axi/u_efx_ddr3_soft_controller/genblk1.inst_ddr3_axi/inst_efx_ddr3/top_mc/controller_main/dffrs_2532/i3_rst_1
@ "D:\yilingsi_fpga\Efinity_Project\2026.9.25\9.25.1_ding_Ti60F225_Canny_Face_Parallel\ip/DdrCtrl\DdrCtrl.sv (1460)" representative instance : ddr3_ctl_axi/u_efx_ddr3_soft_controller/genblk1.inst_ddr3_axi/inst_efx_ddr3/top_mc/controller_main/dffrs_2527/i94_rst_1
FF|OPT : Flip-flop optimization by equivalence checking
@ "D:\yilingsi_fpga\Efinity_Project\2026.9.25\9.25.1_ding_Ti60F225_Canny_Face_Parallel\ip/DdrCtrl\DdrCtrl.sv (1460)" removed instance : ddr3_ctl_axi/u_efx_ddr3_soft_controller/genblk1.inst_ddr3_axi/inst_efx_ddr3/top_mc/controller_main/dffrs_2532/i3_rst_2
@ "D:\yilingsi_fpga\Efinity_Project\2026.9.25\9.25.1_ding_Ti60F225_Canny_Face_Parallel\ip/DdrCtrl\DdrCtrl.sv (1460)" representative instance : ddr3_ctl_axi/u_efx_ddr3_soft_controller/genblk1.inst_ddr3_axi/inst_efx_ddr3/top_mc/controller_main/dffrs_2527/i94_rst_2
FF|OPT : Flip-flop optimization by equivalence checking
@ "D:\yilingsi_fpga\Efinity_Project\2026.9.25\9.25.1_ding_Ti60F225_Canny_Face_Parallel\ip/DdrCtrl\DdrCtrl.sv (1460)" removed instance : ddr3_ctl_axi/u_efx_ddr3_soft_controller/genblk1.inst_ddr3_axi/inst_efx_ddr3/top_mc/controller_main/dffrs_2532/i3_rst_3
@ "D:\yilingsi_fpga\Efinity_Project\2026.9.25\9.25.1_ding_Ti60F225_Canny_Face_Parallel\ip/DdrCtrl\DdrCtrl.sv (1460)" representative instance : ddr3_ctl_axi/u_efx_ddr3_soft_controller/genblk1.inst_ddr3_axi/inst_efx_ddr3/top_mc/controller_main/dffrs_2527/i94_rst_3
FF|OPT : Flip-flop optimization by equivalence checking
@ "D:\yilingsi_fpga\Efinity_Project\2026.9.25\9.25.1_ding_Ti60F225_Canny_Face_Parallel\ip/DdrCtrl\DdrCtrl.sv (1460)" removed instance : ddr3_ctl_axi/u_efx_ddr3_soft_controller/genblk1.inst_ddr3_axi/inst_efx_ddr3/top_mc/controller_main/dffrs_2532/i2_rst_0
@ "D:\yilingsi_fpga\Efinity_Project\2026.9.25\9.25.1_ding_Ti60F225_Canny_Face_Parallel\ip/DdrCtrl\DdrCtrl.sv (1460)" representative instance : ddr3_ctl_axi/u_efx_ddr3_soft_controller/genblk1.inst_ddr3_axi/inst_efx_ddr3/top_mc/controller_main/dffrs_2527/i94_rst_0
FF|OPT : Flip-flop optimization by equivalence checking
@ "D:\yilingsi_fpga\Efinity_Project\2026.9.25\9.25.1_ding_Ti60F225_Canny_Face_Parallel\ip/DdrCtrl\DdrCtrl.sv (1460)" removed instance : ddr3_ctl_axi/u_efx_ddr3_soft_controller/genblk1.inst_ddr3_axi/inst_efx_ddr3/top_mc/controller_main/dffrs_2532/i2_rst_1
@ "D:\yilingsi_fpga\Efinity_Project\2026.9.25\9.25.1_ding_Ti60F225_Canny_Face_Parallel\ip/DdrCtrl\DdrCtrl.sv (1460)" representative instance : ddr3_ctl_axi/u_efx_ddr3_soft_controller/genblk1.inst_ddr3_axi/inst_efx_ddr3/top_mc/controller_main/dffrs_2527/i94_rst_1
FF|OPT : Flip-flop optimization by equivalence checking
@ "D:\yilingsi_fpga\Efinity_Project\2026.9.25\9.25.1_ding_Ti60F225_Canny_Face_Parallel\ip/DdrCtrl\DdrCtrl.sv (1460)" removed instance : ddr3_ctl_axi/u_efx_ddr3_soft_controller/genblk1.inst_ddr3_axi/inst_efx_ddr3/top_mc/controller_main/dffrs_2532/i2_rst_2
@ "D:\yilingsi_fpga\Efinity_Project\2026.9.25\9.25.1_ding_Ti60F225_Canny_Face_Parallel\ip/DdrCtrl\DdrCtrl.sv (1460)" representative instance : ddr3_ctl_axi/u_efx_ddr3_soft_controller/genblk1.inst_ddr3_axi/inst_efx_ddr3/top_mc/controller_main/dffrs_2527/i94_rst_2
FF|OPT : Flip-flop optimization by equivalence checking
@ "D:\yilingsi_fpga\Efinity_Project\2026.9.25\9.25.1_ding_Ti60F225_Canny_Face_Parallel\ip/DdrCtrl\DdrCtrl.sv (1460)" removed instance : ddr3_ctl_axi/u_efx_ddr3_soft_controller/genblk1.inst_ddr3_axi/inst_efx_ddr3/top_mc/controller_main/dffrs_2532/i2_rst_3
@ "D:\yilingsi_fpga\Efinity_Project\2026.9.25\9.25.1_ding_Ti60F225_Canny_Face_Parallel\ip/DdrCtrl\DdrCtrl.sv (1460)" representative instance : ddr3_ctl_axi/u_efx_ddr3_soft_controller/genblk1.inst_ddr3_axi/inst_efx_ddr3/top_mc/controller_main/dffrs_2527/i94_rst_3
FF|OPT : Flip-flop optimization by equivalence checking
@ "D:\yilingsi_fpga\Efinity_Project\2026.9.25\9.25.1_ding_Ti60F225_Canny_Face_Parallel\ip/DdrCtrl\DdrCtrl.sv (1460)" removed instance : ddr3_ctl_axi/u_efx_ddr3_soft_controller/genblk1.inst_ddr3_axi/inst_efx_ddr3/top_mc/controller_main/dffrs_2532/i16_rst_0
@ "D:\yilingsi_fpga\Efinity_Project\2026.9.25\9.25.1_ding_Ti60F225_Canny_Face_Parallel\ip/DdrCtrl\DdrCtrl.sv (1460)" representative instance : ddr3_ctl_axi/u_efx_ddr3_soft_controller/genblk1.inst_ddr3_axi/inst_efx_ddr3/top_mc/controller_main/dffrs_2527/i94_rst_0
FF|OPT : Flip-flop optimization by equivalence checking
@ "D:\yilingsi_fpga\Efinity_Project\2026.9.25\9.25.1_ding_Ti60F225_Canny_Face_Parallel\ip/DdrCtrl\DdrCtrl.sv (1460)" removed instance : ddr3_ctl_axi/u_efx_ddr3_soft_controller/genblk1.inst_ddr3_axi/inst_efx_ddr3/top_mc/controller_main/dffrs_2532/i16_rst_1
@ "D:\yilingsi_fpga\Efinity_Project\2026.9.25\9.25.1_ding_Ti60F225_Canny_Face_Parallel\ip/DdrCtrl\DdrCtrl.sv (1460)" representative instance : ddr3_ctl_axi/u_efx_ddr3_soft_controller/genblk1.inst_ddr3_axi/inst_efx_ddr3/top_mc/controller_main/dffrs_2527/i94_rst_1
FF|OPT : Flip-flop optimization by equivalence checking
@ "D:\yilingsi_fpga\Efinity_Project\2026.9.25\9.25.1_ding_Ti60F225_Canny_Face_Parallel\ip/DdrCtrl\DdrCtrl.sv (1460)" removed instance : ddr3_ctl_axi/u_efx_ddr3_soft_controller/genblk1.inst_ddr3_axi/inst_efx_ddr3/top_mc/controller_main/dffrs_2532/i16_rst_2
@ "D:\yilingsi_fpga\Efinity_Project\2026.9.25\9.25.1_ding_Ti60F225_Canny_Face_Parallel\ip/DdrCtrl\DdrCtrl.sv (1460)" representative instance : ddr3_ctl_axi/u_efx_ddr3_soft_controller/genblk1.inst_ddr3_axi/inst_efx_ddr3/top_mc/controller_main/dffrs_2527/i94_rst_2
FF|OPT : Flip-flop optimization by equivalence checking
@ "D:\yilingsi_fpga\Efinity_Project\2026.9.25\9.25.1_ding_Ti60F225_Canny_Face_Parallel\ip/DdrCtrl\DdrCtrl.sv (1460)" removed instance : ddr3_ctl_axi/u_efx_ddr3_soft_controller/genblk1.inst_ddr3_axi/inst_efx_ddr3/top_mc/controller_main/dffrs_2532/i16_rst_3
@ "D:\yilingsi_fpga\Efinity_Project\2026.9.25\9.25.1_ding_Ti60F225_Canny_Face_Parallel\ip/DdrCtrl\DdrCtrl.sv (1460)" representative instance : ddr3_ctl_axi/u_efx_ddr3_soft_controller/genblk1.inst_ddr3_axi/inst_efx_ddr3/top_mc/controller_main/dffrs_2527/i94_rst_3
FF|OPT : Flip-flop optimization by equivalence checking
@ "D:\yilingsi_fpga\Efinity_Project\2026.9.25\9.25.1_ding_Ti60F225_Canny_Face_Parallel\ip/DdrCtrl\DdrCtrl.sv (1460)" removed instance : ddr3_ctl_axi/u_efx_ddr3_soft_controller/genblk1.inst_ddr3_axi/inst_efx_ddr3/top_mc/controller_main/dffrs_2532/i15_rst_0
@ "D:\yilingsi_fpga\Efinity_Project\2026.9.25\9.25.1_ding_Ti60F225_Canny_Face_Parallel\ip/DdrCtrl\DdrCtrl.sv (1460)" representative instance : ddr3_ctl_axi/u_efx_ddr3_soft_controller/genblk1.inst_ddr3_axi/inst_efx_ddr3/top_mc/controller_main/dffrs_2527/i94_rst_0
FF|OPT : Flip-flop optimization by equivalence checking
@ "D:\yilingsi_fpga\Efinity_Project\2026.9.25\9.25.1_ding_Ti60F225_Canny_Face_Parallel\ip/DdrCtrl\DdrCtrl.sv (1460)" removed instance : ddr3_ctl_axi/u_efx_ddr3_soft_controller/genblk1.inst_ddr3_axi/inst_efx_ddr3/top_mc/controller_main/dffrs_2532/i15_rst_1
@ "D:\yilingsi_fpga\Efinity_Project\2026.9.25\9.25.1_ding_Ti60F225_Canny_Face_Parallel\ip/DdrCtrl\DdrCtrl.sv (1460)" representative instance : ddr3_ctl_axi/u_efx_ddr3_soft_controller/genblk1.inst_ddr3_axi/inst_efx_ddr3/top_mc/controller_main/dffrs_2527/i94_rst_1
FF|OPT : Flip-flop optimization by equivalence checking
@ "D:\yilingsi_fpga\Efinity_Project\2026.9.25\9.25.1_ding_Ti60F225_Canny_Face_Parallel\ip/DdrCtrl\DdrCtrl.sv (1460)" removed instance : ddr3_ctl_axi/u_efx_ddr3_soft_controller/genblk1.inst_ddr3_axi/inst_efx_ddr3/top_mc/controller_main/dffrs_2532/i15_rst_2
@ "D:\yilingsi_fpga\Efinity_Project\2026.9.25\9.25.1_ding_Ti60F225_Canny_Face_Parallel\ip/DdrCtrl\DdrCtrl.sv (1460)" representative instance : ddr3_ctl_axi/u_efx_ddr3_soft_controller/genblk1.inst_ddr3_axi/inst_efx_ddr3/top_mc/controller_main/dffrs_2527/i94_rst_2
FF|OPT : Flip-flop optimization by equivalence checking
@ "D:\yilingsi_fpga\Efinity_Project\2026.9.25\9.25.1_ding_Ti60F225_Canny_Face_Parallel\ip/DdrCtrl\DdrCtrl.sv (1460)" removed instance : ddr3_ctl_axi/u_efx_ddr3_soft_controller/genblk1.inst_ddr3_axi/inst_efx_ddr3/top_mc/controller_main/dffrs_2532/i15_rst_3
@ "D:\yilingsi_fpga\Efinity_Project\2026.9.25\9.25.1_ding_Ti60F225_Canny_Face_Parallel\ip/DdrCtrl\DdrCtrl.sv (1460)" representative instance : ddr3_ctl_axi/u_efx_ddr3_soft_controller/genblk1.inst_ddr3_axi/inst_efx_ddr3/top_mc/controller_main/dffrs_2527/i94_rst_3
FF|OPT : Flip-flop optimization by equivalence checking
@ "D:\yilingsi_fpga\Efinity_Project\2026.9.25\9.25.1_ding_Ti60F225_Canny_Face_Parallel\ip/DdrCtrl\DdrCtrl.sv (1460)" removed instance : ddr3_ctl_axi/u_efx_ddr3_soft_controller/genblk1.inst_ddr3_axi/inst_efx_ddr3/top_mc/controller_main/dffrs_2532/i14_rst_0
@ "D:\yilingsi_fpga\Efinity_Project\2026.9.25\9.25.1_ding_Ti60F225_Canny_Face_Parallel\ip/DdrCtrl\DdrCtrl.sv (1460)" representative instance : ddr3_ctl_axi/u_efx_ddr3_soft_controller/genblk1.inst_ddr3_axi/inst_efx_ddr3/top_mc/controller_main/dffrs_2527/i94_rst_0
FF|OPT : Flip-flop optimization by equivalence checking
@ "D:\yilingsi_fpga\Efinity_Project\2026.9.25\9.25.1_ding_Ti60F225_Canny_Face_Parallel\ip/DdrCtrl\DdrCtrl.sv (1460)" removed instance : ddr3_ctl_axi/u_efx_ddr3_soft_controller/genblk1.inst_ddr3_axi/inst_efx_ddr3/top_mc/controller_main/dffrs_2532/i14_rst_1
@ "D:\yilingsi_fpga\Efinity_Project\2026.9.25\9.25.1_ding_Ti60F225_Canny_Face_Parallel\ip/DdrCtrl\DdrCtrl.sv (1460)" representative instance : ddr3_ctl_axi/u_efx_ddr3_soft_controller/genblk1.inst_ddr3_axi/inst_efx_ddr3/top_mc/controller_main/dffrs_2527/i94_rst_1
FF|OPT : Flip-flop optimization by equivalence checking
@ "D:\yilingsi_fpga\Efinity_Project\2026.9.25\9.25.1_ding_Ti60F225_Canny_Face_Parallel\ip/DdrCtrl\DdrCtrl.sv (1460)" removed instance : ddr3_ctl_axi/u_efx_ddr3_soft_controller/genblk1.inst_ddr3_axi/inst_efx_ddr3/top_mc/controller_main/dffrs_2532/i14_rst_2
@ "D:\yilingsi_fpga\Efinity_Project\2026.9.25\9.25.1_ding_Ti60F225_Canny_Face_Parallel\ip/DdrCtrl\DdrCtrl.sv (1460)" representative instance : ddr3_ctl_axi/u_efx_ddr3_soft_controller/genblk1.inst_ddr3_axi/inst_efx_ddr3/top_mc/controller_main/dffrs_2527/i94_rst_2
FF|OPT : Flip-flop optimization by equivalence checking
@ "D:\yilingsi_fpga\Efinity_Project\2026.9.25\9.25.1_ding_Ti60F225_Canny_Face_Parallel\ip/DdrCtrl\DdrCtrl.sv (1460)" removed instance : ddr3_ctl_axi/u_efx_ddr3_soft_controller/genblk1.inst_ddr3_axi/inst_efx_ddr3/top_mc/controller_main/dffrs_2532/i14_rst_3
@ "D:\yilingsi_fpga\Efinity_Project\2026.9.25\9.25.1_ding_Ti60F225_Canny_Face_Parallel\ip/DdrCtrl\DdrCtrl.sv (1460)" representative instance : ddr3_ctl_axi/u_efx_ddr3_soft_controller/genblk1.inst_ddr3_axi/inst_efx_ddr3/top_mc/controller_main/dffrs_2527/i94_rst_3
FF|OPT : Flip-flop optimization by equivalence checking
@ "D:\yilingsi_fpga\Efinity_Project\2026.9.25\9.25.1_ding_Ti60F225_Canny_Face_Parallel\ip/DdrCtrl\DdrCtrl.sv (1460)" removed instance : ddr3_ctl_axi/u_efx_ddr3_soft_controller/genblk1.inst_ddr3_axi/inst_efx_ddr3/top_mc/controller_main/dffrs_2532/i13_rst_0
@ "D:\yilingsi_fpga\Efinity_Project\2026.9.25\9.25.1_ding_Ti60F225_Canny_Face_Parallel\ip/DdrCtrl\DdrCtrl.sv (1460)" representative instance : ddr3_ctl_axi/u_efx_ddr3_soft_controller/genblk1.inst_ddr3_axi/inst_efx_ddr3/top_mc/controller_main/dffrs_2527/i94_rst_0
FF|OPT : Flip-flop optimization by equivalence checking
@ "D:\yilingsi_fpga\Efinity_Project\2026.9.25\9.25.1_ding_Ti60F225_Canny_Face_Parallel\ip/DdrCtrl\DdrCtrl.sv (1460)" removed instance : ddr3_ctl_axi/u_efx_ddr3_soft_controller/genblk1.inst_ddr3_axi/inst_efx_ddr3/top_mc/controller_main/dffrs_2532/i13_rst_1
@ "D:\yilingsi_fpga\Efinity_Project\2026.9.25\9.25.1_ding_Ti60F225_Canny_Face_Parallel\ip/DdrCtrl\DdrCtrl.sv (1460)" representative instance : ddr3_ctl_axi/u_efx_ddr3_soft_controller/genblk1.inst_ddr3_axi/inst_efx_ddr3/top_mc/controller_main/dffrs_2527/i94_rst_1
FF|OPT : Flip-flop optimization by equivalence checking
@ "D:\yilingsi_fpga\Efinity_Project\2026.9.25\9.25.1_ding_Ti60F225_Canny_Face_Parallel\ip/DdrCtrl\DdrCtrl.sv (1460)" removed instance : ddr3_ctl_axi/u_efx_ddr3_soft_controller/genblk1.inst_ddr3_axi/inst_efx_ddr3/top_mc/controller_main/dffrs_2532/i13_rst_2
@ "D:\yilingsi_fpga\Efinity_Project\2026.9.25\9.25.1_ding_Ti60F225_Canny_Face_Parallel\ip/DdrCtrl\DdrCtrl.sv (1460)" representative instance : ddr3_ctl_axi/u_efx_ddr3_soft_controller/genblk1.inst_ddr3_axi/inst_efx_ddr3/top_mc/controller_main/dffrs_2527/i94_rst_2
FF|OPT : Flip-flop optimization by equivalence checking
@ "D:\yilingsi_fpga\Efinity_Project\2026.9.25\9.25.1_ding_Ti60F225_Canny_Face_Parallel\ip/DdrCtrl\DdrCtrl.sv (1460)" removed instance : ddr3_ctl_axi/u_efx_ddr3_soft_controller/genblk1.inst_ddr3_axi/inst_efx_ddr3/top_mc/controller_main/dffrs_2532/i13_rst_3
@ "D:\yilingsi_fpga\Efinity_Project\2026.9.25\9.25.1_ding_Ti60F225_Canny_Face_Parallel\ip/DdrCtrl\DdrCtrl.sv (1460)" representative instance : ddr3_ctl_axi/u_efx_ddr3_soft_controller/genblk1.inst_ddr3_axi/inst_efx_ddr3/top_mc/controller_main/dffrs_2527/i94_rst_3
FF|OPT : Flip-flop optimization by equivalence checking
@ "D:\yilingsi_fpga\Efinity_Project\2026.9.25\9.25.1_ding_Ti60F225_Canny_Face_Parallel\ip/DdrCtrl\DdrCtrl.sv (1460)" removed instance : ddr3_ctl_axi/u_efx_ddr3_soft_controller/genblk1.inst_ddr3_axi/inst_efx_ddr3/top_mc/controller_main/dffrs_2532/i12_rst_0
@ "D:\yilingsi_fpga\Efinity_Project\2026.9.25\9.25.1_ding_Ti60F225_Canny_Face_Parallel\ip/DdrCtrl\DdrCtrl.sv (1460)" representative instance : ddr3_ctl_axi/u_efx_ddr3_soft_controller/genblk1.inst_ddr3_axi/inst_efx_ddr3/top_mc/controller_main/dffrs_2527/i94_rst_0
FF|OPT : Flip-flop optimization by equivalence checking
@ "D:\yilingsi_fpga\Efinity_Project\2026.9.25\9.25.1_ding_Ti60F225_Canny_Face_Parallel\ip/DdrCtrl\DdrCtrl.sv (1460)" removed instance : ddr3_ctl_axi/u_efx_ddr3_soft_controller/genblk1.inst_ddr3_axi/inst_efx_ddr3/top_mc/controller_main/dffrs_2532/i12_rst_1
@ "D:\yilingsi_fpga\Efinity_Project\2026.9.25\9.25.1_ding_Ti60F225_Canny_Face_Parallel\ip/DdrCtrl\DdrCtrl.sv (1460)" representative instance : ddr3_ctl_axi/u_efx_ddr3_soft_controller/genblk1.inst_ddr3_axi/inst_efx_ddr3/top_mc/controller_main/dffrs_2527/i94_rst_1
FF|OPT : Flip-flop optimization by equivalence checking
@ "D:\yilingsi_fpga\Efinity_Project\2026.9.25\9.25.1_ding_Ti60F225_Canny_Face_Parallel\ip/DdrCtrl\DdrCtrl.sv (1460)" removed instance : ddr3_ctl_axi/u_efx_ddr3_soft_controller/genblk1.inst_ddr3_axi/inst_efx_ddr3/top_mc/controller_main/dffrs_2532/i12_rst_2
@ "D:\yilingsi_fpga\Efinity_Project\2026.9.25\9.25.1_ding_Ti60F225_Canny_Face_Parallel\ip/DdrCtrl\DdrCtrl.sv (1460)" representative instance : ddr3_ctl_axi/u_efx_ddr3_soft_controller/genblk1.inst_ddr3_axi/inst_efx_ddr3/top_mc/controller_main/dffrs_2527/i94_rst_2
FF|OPT : Flip-flop optimization by equivalence checking
@ "D:\yilingsi_fpga\Efinity_Project\2026.9.25\9.25.1_ding_Ti60F225_Canny_Face_Parallel\ip/DdrCtrl\DdrCtrl.sv (1460)" removed instance : ddr3_ctl_axi/u_efx_ddr3_soft_controller/genblk1.inst_ddr3_axi/inst_efx_ddr3/top_mc/controller_main/dffrs_2532/i12_rst_3
@ "D:\yilingsi_fpga\Efinity_Project\2026.9.25\9.25.1_ding_Ti60F225_Canny_Face_Parallel\ip/DdrCtrl\DdrCtrl.sv (1460)" representative instance : ddr3_ctl_axi/u_efx_ddr3_soft_controller/genblk1.inst_ddr3_axi/inst_efx_ddr3/top_mc/controller_main/dffrs_2527/i94_rst_3
FF|OPT : Flip-flop optimization by equivalence checking
@ "D:\yilingsi_fpga\Efinity_Project\2026.9.25\9.25.1_ding_Ti60F225_Canny_Face_Parallel\ip/DdrCtrl\DdrCtrl.sv (1460)" removed instance : ddr3_ctl_axi/u_efx_ddr3_soft_controller/genblk1.inst_ddr3_axi/inst_efx_ddr3/top_mc/controller_main/dffrs_2532/i11_rst_0
@ "D:\yilingsi_fpga\Efinity_Project\2026.9.25\9.25.1_ding_Ti60F225_Canny_Face_Parallel\ip/DdrCtrl\DdrCtrl.sv (1460)" representative instance : ddr3_ctl_axi/u_efx_ddr3_soft_controller/genblk1.inst_ddr3_axi/inst_efx_ddr3/top_mc/controller_main/dffrs_2527/i94_rst_0
FF|OPT : Flip-flop optimization by equivalence checking
@ "D:\yilingsi_fpga\Efinity_Project\2026.9.25\9.25.1_ding_Ti60F225_Canny_Face_Parallel\ip/DdrCtrl\DdrCtrl.sv (1460)" removed instance : ddr3_ctl_axi/u_efx_ddr3_soft_controller/genblk1.inst_ddr3_axi/inst_efx_ddr3/top_mc/controller_main/dffrs_2532/i11_rst_1
@ "D:\yilingsi_fpga\Efinity_Project\2026.9.25\9.25.1_ding_Ti60F225_Canny_Face_Parallel\ip/DdrCtrl\DdrCtrl.sv (1460)" representative instance : ddr3_ctl_axi/u_efx_ddr3_soft_controller/genblk1.inst_ddr3_axi/inst_efx_ddr3/top_mc/controller_main/dffrs_2527/i94_rst_1
FF|OPT : Flip-flop optimization by equivalence checking
@ "D:\yilingsi_fpga\Efinity_Project\2026.9.25\9.25.1_ding_Ti60F225_Canny_Face_Parallel\ip/DdrCtrl\DdrCtrl.sv (1460)" removed instance : ddr3_ctl_axi/u_efx_ddr3_soft_controller/genblk1.inst_ddr3_axi/inst_efx_ddr3/top_mc/controller_main/dffrs_2532/i11_rst_2
@ "D:\yilingsi_fpga\Efinity_Project\2026.9.25\9.25.1_ding_Ti60F225_Canny_Face_Parallel\ip/DdrCtrl\DdrCtrl.sv (1460)" representative instance : ddr3_ctl_axi/u_efx_ddr3_soft_controller/genblk1.inst_ddr3_axi/inst_efx_ddr3/top_mc/controller_main/dffrs_2527/i94_rst_2
FF|OPT : Flip-flop optimization by equivalence checking
@ "D:\yilingsi_fpga\Efinity_Project\2026.9.25\9.25.1_ding_Ti60F225_Canny_Face_Parallel\ip/DdrCtrl\DdrCtrl.sv (1460)" removed instance : ddr3_ctl_axi/u_efx_ddr3_soft_controller/genblk1.inst_ddr3_axi/inst_efx_ddr3/top_mc/controller_main/dffrs_2532/i11_rst_3
@ "D:\yilingsi_fpga\Efinity_Project\2026.9.25\9.25.1_ding_Ti60F225_Canny_Face_Parallel\ip/DdrCtrl\DdrCtrl.sv (1460)" representative instance : ddr3_ctl_axi/u_efx_ddr3_soft_controller/genblk1.inst_ddr3_axi/inst_efx_ddr3/top_mc/controller_main/dffrs_2527/i94_rst_3
FF|OPT : Flip-flop optimization by equivalence checking
@ "D:\yilingsi_fpga\Efinity_Project\2026.9.25\9.25.1_ding_Ti60F225_Canny_Face_Parallel\ip/DdrCtrl\DdrCtrl.sv (1460)" removed instance : ddr3_ctl_axi/u_efx_ddr3_soft_controller/genblk1.inst_ddr3_axi/inst_efx_ddr3/top_mc/controller_main/dffrs_2532/i1_rst_0
@ "D:\yilingsi_fpga\Efinity_Project\2026.9.25\9.25.1_ding_Ti60F225_Canny_Face_Parallel\ip/DdrCtrl\DdrCtrl.sv (1460)" representative instance : ddr3_ctl_axi/u_efx_ddr3_soft_controller/genblk1.inst_ddr3_axi/inst_efx_ddr3/top_mc/controller_main/dffrs_2527/i94_rst_0
FF|OPT : Flip-flop optimization by equivalence checking
@ "D:\yilingsi_fpga\Efinity_Project\2026.9.25\9.25.1_ding_Ti60F225_Canny_Face_Parallel\ip/DdrCtrl\DdrCtrl.sv (1460)" removed instance : ddr3_ctl_axi/u_efx_ddr3_soft_controller/genblk1.inst_ddr3_axi/inst_efx_ddr3/top_mc/controller_main/dffrs_2532/i1_rst_1
@ "D:\yilingsi_fpga\Efinity_Project\2026.9.25\9.25.1_ding_Ti60F225_Canny_Face_Parallel\ip/DdrCtrl\DdrCtrl.sv (1460)" representative instance : ddr3_ctl_axi/u_efx_ddr3_soft_controller/genblk1.inst_ddr3_axi/inst_efx_ddr3/top_mc/controller_main/dffrs_2527/i94_rst_1
FF|OPT : Flip-flop optimization by equivalence checking
@ "D:\yilingsi_fpga\Efinity_Project\2026.9.25\9.25.1_ding_Ti60F225_Canny_Face_Parallel\ip/DdrCtrl\DdrCtrl.sv (1460)" removed instance : ddr3_ctl_axi/u_efx_ddr3_soft_controller/genblk1.inst_ddr3_axi/inst_efx_ddr3/top_mc/controller_main/dffrs_2532/i1_rst_2
@ "D:\yilingsi_fpga\Efinity_Project\2026.9.25\9.25.1_ding_Ti60F225_Canny_Face_Parallel\ip/DdrCtrl\DdrCtrl.sv (1460)" representative instance : ddr3_ctl_axi/u_efx_ddr3_soft_controller/genblk1.inst_ddr3_axi/inst_efx_ddr3/top_mc/controller_main/dffrs_2527/i94_rst_2
FF|OPT : Flip-flop optimization by equivalence checking
@ "D:\yilingsi_fpga\Efinity_Project\2026.9.25\9.25.1_ding_Ti60F225_Canny_Face_Parallel\ip/DdrCtrl\DdrCtrl.sv (1460)" removed instance : ddr3_ctl_axi/u_efx_ddr3_soft_controller/genblk1.inst_ddr3_axi/inst_efx_ddr3/top_mc/controller_main/dffrs_2532/i1_rst_3
@ "D:\yilingsi_fpga\Efinity_Project\2026.9.25\9.25.1_ding_Ti60F225_Canny_Face_Parallel\ip/DdrCtrl\DdrCtrl.sv (1460)" representative instance : ddr3_ctl_axi/u_efx_ddr3_soft_controller/genblk1.inst_ddr3_axi/inst_efx_ddr3/top_mc/controller_main/dffrs_2527/i94_rst_3
FF|OPT : Flip-flop optimization by equivalence checking
@ "D:\yilingsi_fpga\Efinity_Project\2026.9.25\9.25.1_ding_Ti60F225_Canny_Face_Parallel\ip/DdrCtrl\DdrCtrl.sv (1599)" removed instance : ddr3_ctl_axi/u_efx_ddr3_soft_controller/genblk1.inst_ddr3_axi/inst_efx_ddr3/top_mc/ac_fifo/dff_63/i7
@ "D:\yilingsi_fpga\Efinity_Project\2026.9.25\9.25.1_ding_Ti60F225_Canny_Face_Parallel\ip/DdrCtrl\DdrCtrl.sv (1599)" representative instance : ddr3_ctl_axi/u_efx_ddr3_soft_controller/genblk1.inst_ddr3_axi/inst_efx_ddr3/top_mc/ac_fifo/dff_62/i7
FF|OPT : Flip-flop optimization by equivalence checking
@ "D:\yilingsi_fpga\Efinity_Project\2026.9.25\9.25.1_ding_Ti60F225_Canny_Face_Parallel\ip/DdrCtrl\DdrCtrl.sv (1599)" removed instance : ddr3_ctl_axi/u_efx_ddr3_soft_controller/genblk1.inst_ddr3_axi/inst_efx_ddr3/top_mc/ac_fifo/dff_55/i7
@ "D:\yilingsi_fpga\Efinity_Project\2026.9.25\9.25.1_ding_Ti60F225_Canny_Face_Parallel\ip/DdrCtrl\DdrCtrl.sv (1599)" representative instance : ddr3_ctl_axi/u_efx_ddr3_soft_controller/genblk1.inst_ddr3_axi/inst_efx_ddr3/top_mc/ac_fifo/dff_54/i7
FF|OPT : Flip-flop optimization by equivalence checking
@ "D:\yilingsi_fpga\Efinity_Project\2026.9.25\9.25.1_ding_Ti60F225_Canny_Face_Parallel\ip/DdrCtrl\DdrCtrl.sv (1460)" removed instance : ddr3_ctl_axi/u_efx_ddr3_soft_controller/genblk1.inst_ddr3_axi/inst_efx_ddr3/top_mc/controller_main/i1607
@ "D:\yilingsi_fpga\Efinity_Project\2026.9.25\9.25.1_ding_Ti60F225_Canny_Face_Parallel\ip/DdrCtrl\DdrCtrl.sv (1460)" representative instance : ddr3_ctl_axi/u_efx_ddr3_soft_controller/genblk1.inst_ddr3_axi/inst_efx_ddr3/top_mc/controller_main/i1599
FF|OPT : Flip-flop optimization by equivalence checking
@ "D:\yilingsi_fpga\Efinity_Project\2026.9.25\9.25.1_ding_Ti60F225_Canny_Face_Parallel\ip/DdrCtrl\DdrCtrl.sv (1460)" removed instance : ddr3_ctl_axi/u_efx_ddr3_soft_controller/genblk1.inst_ddr3_axi/inst_efx_ddr3/top_mc/controller_main/i1608
@ "D:\yilingsi_fpga\Efinity_Project\2026.9.25\9.25.1_ding_Ti60F225_Canny_Face_Parallel\ip/DdrCtrl\DdrCtrl.sv (1460)" representative instance : ddr3_ctl_axi/u_efx_ddr3_soft_controller/genblk1.inst_ddr3_axi/inst_efx_ddr3/top_mc/controller_main/i1600
FF|OPT : Flip-flop optimization by equivalence checking
@ "D:\yilingsi_fpga\Efinity_Project\2026.9.25\9.25.1_ding_Ti60F225_Canny_Face_Parallel\ip/DdrCtrl\DdrCtrl.sv (1460)" removed instance : ddr3_ctl_axi/u_efx_ddr3_soft_controller/genblk1.inst_ddr3_axi/inst_efx_ddr3/top_mc/controller_main/i1598
@ "D:\yilingsi_fpga\Efinity_Project\2026.9.25\9.25.1_ding_Ti60F225_Canny_Face_Parallel\ip/DdrCtrl\DdrCtrl.sv (1460)" representative instance : ddr3_ctl_axi/u_efx_ddr3_soft_controller/genblk1.inst_ddr3_axi/inst_efx_ddr3/top_mc/controller_main/i1589
FF|OPT : Flip-flop optimization by equivalence checking
@ "D:\yilingsi_fpga\Efinity_Project\2026.9.25\9.25.1_ding_Ti60F225_Canny_Face_Parallel\ip/DdrCtrl\DdrCtrl.sv (1460)" removed instance : ddr3_ctl_axi/u_efx_ddr3_soft_controller/genblk1.inst_ddr3_axi/inst_efx_ddr3/top_mc/controller_main/i1581
@ "D:\yilingsi_fpga\Efinity_Project\2026.9.25\9.25.1_ding_Ti60F225_Canny_Face_Parallel\ip/DdrCtrl\DdrCtrl.sv (1460)" representative instance : ddr3_ctl_axi/u_efx_ddr3_soft_controller/genblk1.inst_ddr3_axi/inst_efx_ddr3/top_mc/controller_main/i1591
FF|OPT : Flip-flop optimization by equivalence checking
@ "D:\yilingsi_fpga\Efinity_Project\2026.9.25\9.25.1_ding_Ti60F225_Canny_Face_Parallel\ip/DdrCtrl\DdrCtrl.sv (1460)" removed instance : ddr3_ctl_axi/u_efx_ddr3_soft_controller/genblk1.inst_ddr3_axi/inst_efx_ddr3/top_mc/controller_main/dff_946/i2
@ "D:\yilingsi_fpga\Efinity_Project\2026.9.25\9.25.1_ding_Ti60F225_Canny_Face_Parallel\ip/DdrCtrl\DdrCtrl.sv (1460)" representative instance : ddr3_ctl_axi/u_efx_ddr3_soft_controller/genblk1.inst_ddr3_axi/inst_efx_ddr3/top_mc/controller_main/dff_946/i1
FF|OPT : Flip-flop optimization by equivalence checking
@ "D:\yilingsi_fpga\Efinity_Project\2026.9.25\9.25.1_ding_Ti60F225_Canny_Face_Parallel\ip/DdrCtrl\DdrCtrl.sv (1460)" removed instance : ddr3_ctl_axi/u_efx_ddr3_soft_controller/genblk1.inst_ddr3_axi/inst_efx_ddr3/top_mc/controller_main/dff_945/i2
@ "D:\yilingsi_fpga\Efinity_Project\2026.9.25\9.25.1_ding_Ti60F225_Canny_Face_Parallel\ip/DdrCtrl\DdrCtrl.sv (1460)" representative instance : ddr3_ctl_axi/u_efx_ddr3_soft_controller/genblk1.inst_ddr3_axi/inst_efx_ddr3/top_mc/controller_main/dff_946/i1
FF|OPT : Flip-flop optimization by equivalence checking
@ "D:\yilingsi_fpga\Efinity_Project\2026.9.25\9.25.1_ding_Ti60F225_Canny_Face_Parallel\ip/DdrCtrl\DdrCtrl.sv (1460)" removed instance : ddr3_ctl_axi/u_efx_ddr3_soft_controller/genblk1.inst_ddr3_axi/inst_efx_ddr3/top_mc/controller_main/dff_945/i1
@ "D:\yilingsi_fpga\Efinity_Project\2026.9.25\9.25.1_ding_Ti60F225_Canny_Face_Parallel\ip/DdrCtrl\DdrCtrl.sv (1460)" representative instance : ddr3_ctl_axi/u_efx_ddr3_soft_controller/genblk1.inst_ddr3_axi/inst_efx_ddr3/top_mc/controller_main/dff_946/i1
FF|OPT : Flip-flop optimization by equivalence checking
@ "D:\yilingsi_fpga\Efinity_Project\2026.9.25\9.25.1_ding_Ti60F225_Canny_Face_Parallel\src\vision\gaussian3x3.v (13)" removed instance : u_parallel/u_canny/g_gaussian.u_filter/dff_17/i11
@ "D:\yilingsi_fpga\Efinity_Project\2026.9.25\9.25.1_ding_Ti60F225_Canny_Face_Parallel\src\vision\median3x3.v (125)" representative instance : u_parallel/u_canny/u_median/dff_89/i11
FF|OPT : Flip-flop optimization by equivalence checking
@ "D:\yilingsi_fpga\Efinity_Project\2026.9.25\9.25.1_ding_Ti60F225_Canny_Face_Parallel\src\vision\gaussian3x3.v (13)" removed instance : u_parallel/u_canny/g_gaussian.u_filter/dff_17/i10
@ "D:\yilingsi_fpga\Efinity_Project\2026.9.25\9.25.1_ding_Ti60F225_Canny_Face_Parallel\src\vision\median3x3.v (125)" representative instance : u_parallel/u_canny/u_median/dff_89/i10
FF|OPT : Flip-flop optimization by equivalence checking
@ "D:\yilingsi_fpga\Efinity_Project\2026.9.25\9.25.1_ding_Ti60F225_Canny_Face_Parallel\src\vision\gaussian3x3.v (13)" removed instance : u_parallel/u_canny/g_gaussian.u_filter/dff_17/i9
@ "D:\yilingsi_fpga\Efinity_Project\2026.9.25\9.25.1_ding_Ti60F225_Canny_Face_Parallel\src\vision\median3x3.v (125)" representative instance : u_parallel/u_canny/u_median/dff_89/i9
FF|OPT : Flip-flop optimization by equivalence checking
@ "D:\yilingsi_fpga\Efinity_Project\2026.9.25\9.25.1_ding_Ti60F225_Canny_Face_Parallel\src\vision\gaussian3x3.v (13)" removed instance : u_parallel/u_canny/g_gaussian.u_filter/i17
@ "D:\yilingsi_fpga\Efinity_Project\2026.9.25\9.25.1_ding_Ti60F225_Canny_Face_Parallel\src\vision\median3x3.v (125)" representative instance : u_parallel/u_canny/u_median/i89
FF|OPT : Flip-flop optimization by equivalence checking
@ "D:\yilingsi_fpga\Efinity_Project\2026.9.25\9.25.1_ding_Ti60F225_Canny_Face_Parallel\src\vision\gaussian3x3.v (13)" removed instance : u_parallel/u_canny/g_gaussian.u_filter/dff_18/i10
@ "D:\yilingsi_fpga\Efinity_Project\2026.9.25\9.25.1_ding_Ti60F225_Canny_Face_Parallel\src\vision\median3x3.v (125)" representative instance : u_parallel/u_canny/u_median/dff_90/i10
FF|OPT : Flip-flop optimization by equivalence checking
@ "D:\yilingsi_fpga\Efinity_Project\2026.9.25\9.25.1_ding_Ti60F225_Canny_Face_Parallel\src\vision\line_buffer_3x3.v (92)" removed instance : u_parallel/u_canny/g_gaussian.u_window/dff_15/i10
@ "D:\yilingsi_fpga\Efinity_Project\2026.9.25\9.25.1_ding_Ti60F225_Canny_Face_Parallel\src\vision\line_buffer_3x3.v (92)" representative instance : u_parallel/u_canny/u_grad_window/dff_15/i10
FF|OPT : Flip-flop optimization by equivalence checking
@ "D:\yilingsi_fpga\Efinity_Project\2026.9.25\9.25.1_ding_Ti60F225_Canny_Face_Parallel\src\vision\gaussian3x3.v (13)" removed instance : u_parallel/u_canny/g_gaussian.u_filter/dff_18/i9
@ "D:\yilingsi_fpga\Efinity_Project\2026.9.25\9.25.1_ding_Ti60F225_Canny_Face_Parallel\src\vision\median3x3.v (125)" representative instance : u_parallel/u_canny/u_median/dff_90/i9
FF|OPT : Flip-flop optimization by equivalence checking
@ "D:\yilingsi_fpga\Efinity_Project\2026.9.25\9.25.1_ding_Ti60F225_Canny_Face_Parallel\src\vision\line_buffer_3x3.v (92)" removed instance : u_parallel/u_canny/g_gaussian.u_window/dff_15/i9
@ "D:\yilingsi_fpga\Efinity_Project\2026.9.25\9.25.1_ding_Ti60F225_Canny_Face_Parallel\src\vision\line_buffer_3x3.v (92)" representative instance : u_parallel/u_canny/u_grad_window/dff_15/i9
FF|OPT : Flip-flop optimization by equivalence checking
@ "D:\yilingsi_fpga\Efinity_Project\2026.9.25\9.25.1_ding_Ti60F225_Canny_Face_Parallel\src\vision\gaussian3x3.v (13)" removed instance : u_parallel/u_canny/g_gaussian.u_filter/dff_18/i8
@ "D:\yilingsi_fpga\Efinity_Project\2026.9.25\9.25.1_ding_Ti60F225_Canny_Face_Parallel\src\vision\median3x3.v (125)" representative instance : u_parallel/u_canny/u_median/dff_90/i8
FF|OPT : Flip-flop optimization by equivalence checking
@ "D:\yilingsi_fpga\Efinity_Project\2026.9.25\9.25.1_ding_Ti60F225_Canny_Face_Parallel\src\vision\line_buffer_3x3.v (92)" removed instance : u_parallel/u_canny/g_gaussian.u_window/dff_15/i8
@ "D:\yilingsi_fpga\Efinity_Project\2026.9.25\9.25.1_ding_Ti60F225_Canny_Face_Parallel\src\vision\line_buffer_3x3.v (92)" representative instance : u_parallel/u_canny/u_grad_window/dff_15/i8
FF|OPT : Flip-flop optimization by equivalence checking
@ "D:\yilingsi_fpga\Efinity_Project\2026.9.25\9.25.1_ding_Ti60F225_Canny_Face_Parallel\src\vision\gaussian3x3.v (13)" removed instance : u_parallel/u_canny/g_gaussian.u_filter/dff_18/i7
@ "D:\yilingsi_fpga\Efinity_Project\2026.9.25\9.25.1_ding_Ti60F225_Canny_Face_Parallel\src\vision\median3x3.v (125)" representative instance : u_parallel/u_canny/u_median/dff_90/i7
FF|OPT : Flip-flop optimization by equivalence checking
@ "D:\yilingsi_fpga\Efinity_Project\2026.9.25\9.25.1_ding_Ti60F225_Canny_Face_Parallel\src\vision\line_buffer_3x3.v (92)" removed instance : u_parallel/u_canny/g_gaussian.u_window/dff_15/i7
@ "D:\yilingsi_fpga\Efinity_Project\2026.9.25\9.25.1_ding_Ti60F225_Canny_Face_Parallel\src\vision\line_buffer_3x3.v (92)" representative instance : u_parallel/u_canny/u_grad_window/dff_15/i7
FF|OPT : Flip-flop optimization by equivalence checking
@ "D:\yilingsi_fpga\Efinity_Project\2026.9.25\9.25.1_ding_Ti60F225_Canny_Face_Parallel\src\vision\gaussian3x3.v (13)" removed instance : u_parallel/u_canny/g_gaussian.u_filter/dff_18/i6
@ "D:\yilingsi_fpga\Efinity_Project\2026.9.25\9.25.1_ding_Ti60F225_Canny_Face_Parallel\src\vision\median3x3.v (125)" representative instance : u_parallel/u_canny/u_median/dff_90/i6
FF|OPT : Flip-flop optimization by equivalence checking
@ "D:\yilingsi_fpga\Efinity_Project\2026.9.25\9.25.1_ding_Ti60F225_Canny_Face_Parallel\src\vision\line_buffer_3x3.v (92)" removed instance : u_parallel/u_canny/g_gaussian.u_window/dff_15/i6
@ "D:\yilingsi_fpga\Efinity_Project\2026.9.25\9.25.1_ding_Ti60F225_Canny_Face_Parallel\src\vision\line_buffer_3x3.v (92)" representative instance : u_parallel/u_canny/u_grad_window/dff_15/i6
FF|OPT : Flip-flop optimization by equivalence checking
@ "D:\yilingsi_fpga\Efinity_Project\2026.9.25\9.25.1_ding_Ti60F225_Canny_Face_Parallel\src\vision\gaussian3x3.v (13)" removed instance : u_parallel/u_canny/g_gaussian.u_filter/dff_18/i5
@ "D:\yilingsi_fpga\Efinity_Project\2026.9.25\9.25.1_ding_Ti60F225_Canny_Face_Parallel\src\vision\median3x3.v (125)" representative instance : u_parallel/u_canny/u_median/dff_90/i5
FF|OPT : Flip-flop optimization by equivalence checking
@ "D:\yilingsi_fpga\Efinity_Project\2026.9.25\9.25.1_ding_Ti60F225_Canny_Face_Parallel\src\vision\line_buffer_3x3.v (92)" removed instance : u_parallel/u_canny/g_gaussian.u_window/dff_15/i5
@ "D:\yilingsi_fpga\Efinity_Project\2026.9.25\9.25.1_ding_Ti60F225_Canny_Face_Parallel\src\vision\line_buffer_3x3.v (92)" representative instance : u_parallel/u_canny/u_grad_window/dff_15/i5
FF|OPT : Flip-flop optimization by equivalence checking
@ "D:\yilingsi_fpga\Efinity_Project\2026.9.25\9.25.1_ding_Ti60F225_Canny_Face_Parallel\src\vision\gaussian3x3.v (13)" removed instance : u_parallel/u_canny/g_gaussian.u_filter/dff_18/i4
@ "D:\yilingsi_fpga\Efinity_Project\2026.9.25\9.25.1_ding_Ti60F225_Canny_Face_Parallel\src\vision\median3x3.v (125)" representative instance : u_parallel/u_canny/u_median/dff_90/i4
FF|OPT : Flip-flop optimization by equivalence checking
@ "D:\yilingsi_fpga\Efinity_Project\2026.9.25\9.25.1_ding_Ti60F225_Canny_Face_Parallel\src\vision\line_buffer_3x3.v (92)" removed instance : u_parallel/u_canny/g_gaussian.u_window/dff_15/i4
@ "D:\yilingsi_fpga\Efinity_Project\2026.9.25\9.25.1_ding_Ti60F225_Canny_Face_Parallel\src\vision\line_buffer_3x3.v (92)" representative instance : u_parallel/u_canny/u_grad_window/dff_15/i4
FF|OPT : Flip-flop optimization by equivalence checking
@ "D:\yilingsi_fpga\Efinity_Project\2026.9.25\9.25.1_ding_Ti60F225_Canny_Face_Parallel\src\vision\gaussian3x3.v (13)" removed instance : u_parallel/u_canny/g_gaussian.u_filter/dff_18/i3
@ "D:\yilingsi_fpga\Efinity_Project\2026.9.25\9.25.1_ding_Ti60F225_Canny_Face_Parallel\src\vision\median3x3.v (125)" representative instance : u_parallel/u_canny/u_median/dff_90/i3
FF|OPT : Flip-flop optimization by equivalence checking
@ "D:\yilingsi_fpga\Efinity_Project\2026.9.25\9.25.1_ding_Ti60F225_Canny_Face_Parallel\src\vision\line_buffer_3x3.v (92)" removed instance : u_parallel/u_canny/g_gaussian.u_window/dff_15/i3
@ "D:\yilingsi_fpga\Efinity_Project\2026.9.25\9.25.1_ding_Ti60F225_Canny_Face_Parallel\src\vision\line_buffer_3x3.v (92)" representative instance : u_parallel/u_canny/u_grad_window/dff_15/i3
FF|OPT : Flip-flop optimization by equivalence checking
@ "D:\yilingsi_fpga\Efinity_Project\2026.9.25\9.25.1_ding_Ti60F225_Canny_Face_Parallel\src\vision\gaussian3x3.v (13)" removed instance : u_parallel/u_canny/g_gaussian.u_filter/dff_18/i2
@ "D:\yilingsi_fpga\Efinity_Project\2026.9.25\9.25.1_ding_Ti60F225_Canny_Face_Parallel\src\vision\median3x3.v (125)" representative instance : u_parallel/u_canny/u_median/dff_90/i2
FF|OPT : Flip-flop optimization by equivalence checking
@ "D:\yilingsi_fpga\Efinity_Project\2026.9.25\9.25.1_ding_Ti60F225_Canny_Face_Parallel\src\vision\line_buffer_3x3.v (92)" removed instance : u_parallel/u_canny/g_gaussian.u_window/dff_15/i2
@ "D:\yilingsi_fpga\Efinity_Project\2026.9.25\9.25.1_ding_Ti60F225_Canny_Face_Parallel\src\vision\line_buffer_3x3.v (92)" representative instance : u_parallel/u_canny/u_grad_window/dff_15/i2
FF|OPT : Flip-flop optimization by equivalence checking
@ "D:\yilingsi_fpga\Efinity_Project\2026.9.25\9.25.1_ding_Ti60F225_Canny_Face_Parallel\src\vision\gaussian3x3.v (13)" removed instance : u_parallel/u_canny/g_gaussian.u_filter/dff_18/i1
@ "D:\yilingsi_fpga\Efinity_Project\2026.9.25\9.25.1_ding_Ti60F225_Canny_Face_Parallel\src\vision\median3x3.v (125)" representative instance : u_parallel/u_canny/u_median/dff_90/i1
FF|OPT : Flip-flop optimization by equivalence checking
@ "D:\yilingsi_fpga\Efinity_Project\2026.9.25\9.25.1_ding_Ti60F225_Canny_Face_Parallel\src\vision\line_buffer_3x3.v (92)" removed instance : u_parallel/u_canny/g_gaussian.u_window/dff_15/i1
@ "D:\yilingsi_fpga\Efinity_Project\2026.9.25\9.25.1_ding_Ti60F225_Canny_Face_Parallel\src\vision\line_buffer_3x3.v (92)" representative instance : u_parallel/u_canny/u_grad_window/dff_15/i1
FF|OPT : Flip-flop optimization by equivalence checking
@ "D:\yilingsi_fpga\Efinity_Project\2026.9.25\9.25.1_ding_Ti60F225_Canny_Face_Parallel\src\vision\gaussian3x3.v (13)" removed instance : u_parallel/u_canny/g_gaussian.u_filter/dff_17/i1
@ "D:\yilingsi_fpga\Efinity_Project\2026.9.25\9.25.1_ding_Ti60F225_Canny_Face_Parallel\src\vision\median3x3.v (125)" representative instance : u_parallel/u_canny/u_median/dff_89/i1
FF|OPT : Flip-flop optimization by equivalence checking
@ "D:\yilingsi_fpga\Efinity_Project\2026.9.25\9.25.1_ding_Ti60F225_Canny_Face_Parallel\src\vision\gaussian3x3.v (13)" removed instance : u_parallel/u_canny/g_gaussian.u_filter/dff_17/i2
@ "D:\yilingsi_fpga\Efinity_Project\2026.9.25\9.25.1_ding_Ti60F225_Canny_Face_Parallel\src\vision\median3x3.v (125)" representative instance : u_parallel/u_canny/u_median/dff_89/i2
FF|OPT : Flip-flop optimization by equivalence checking
@ "D:\yilingsi_fpga\Efinity_Project\2026.9.25\9.25.1_ding_Ti60F225_Canny_Face_Parallel\src\vision\gaussian3x3.v (13)" removed instance : u_parallel/u_canny/g_gaussian.u_filter/dff_17/i3
@ "D:\yilingsi_fpga\Efinity_Project\2026.9.25\9.25.1_ding_Ti60F225_Canny_Face_Parallel\src\vision\median3x3.v (125)" representative instance : u_parallel/u_canny/u_median/dff_89/i3
FF|OPT : Flip-flop optimization by equivalence checking
@ "D:\yilingsi_fpga\Efinity_Project\2026.9.25\9.25.1_ding_Ti60F225_Canny_Face_Parallel\src\vision\gaussian3x3.v (13)" removed instance : u_parallel/u_canny/g_gaussian.u_filter/dff_17/i4
@ "D:\yilingsi_fpga\Efinity_Project\2026.9.25\9.25.1_ding_Ti60F225_Canny_Face_Parallel\src\vision\median3x3.v (125)" representative instance : u_parallel/u_canny/u_median/dff_89/i4
FF|OPT : Flip-flop optimization by equivalence checking
@ "D:\yilingsi_fpga\Efinity_Project\2026.9.25\9.25.1_ding_Ti60F225_Canny_Face_Parallel\src\vision\gaussian3x3.v (13)" removed instance : u_parallel/u_canny/g_gaussian.u_filter/dff_17/i5
@ "D:\yilingsi_fpga\Efinity_Project\2026.9.25\9.25.1_ding_Ti60F225_Canny_Face_Parallel\src\vision\median3x3.v (125)" representative instance : u_parallel/u_canny/u_median/dff_89/i5
FF|OPT : Flip-flop optimization by equivalence checking
@ "D:\yilingsi_fpga\Efinity_Project\2026.9.25\9.25.1_ding_Ti60F225_Canny_Face_Parallel\src\vision\gaussian3x3.v (13)" removed instance : u_parallel/u_canny/g_gaussian.u_filter/dff_17/i6
@ "D:\yilingsi_fpga\Efinity_Project\2026.9.25\9.25.1_ding_Ti60F225_Canny_Face_Parallel\src\vision\median3x3.v (125)" representative instance : u_parallel/u_canny/u_median/dff_89/i6
FF|OPT : Flip-flop optimization by equivalence checking
@ "D:\yilingsi_fpga\Efinity_Project\2026.9.25\9.25.1_ding_Ti60F225_Canny_Face_Parallel\src\vision\gaussian3x3.v (13)" removed instance : u_parallel/u_canny/g_gaussian.u_filter/dff_17/i7
@ "D:\yilingsi_fpga\Efinity_Project\2026.9.25\9.25.1_ding_Ti60F225_Canny_Face_Parallel\src\vision\median3x3.v (125)" representative instance : u_parallel/u_canny/u_median/dff_89/i7
FF|OPT : Flip-flop optimization by equivalence checking
@ "D:\yilingsi_fpga\Efinity_Project\2026.9.25\9.25.1_ding_Ti60F225_Canny_Face_Parallel\src\vision\gaussian3x3.v (13)" removed instance : u_parallel/u_canny/g_gaussian.u_filter/dff_17/i8
@ "D:\yilingsi_fpga\Efinity_Project\2026.9.25\9.25.1_ding_Ti60F225_Canny_Face_Parallel\src\vision\median3x3.v (125)" representative instance : u_parallel/u_canny/u_median/dff_89/i8
FF|OPT : Flip-flop optimization by equivalence checking
@ "D:\yilingsi_fpga\Efinity_Project\2026.9.25\9.25.1_ding_Ti60F225_Canny_Face_Parallel\src\face\rgb565_to_ycbcr_skin.v (179)" removed instance : u_parallel/u_skin/dff_94/i11
@ "D:\yilingsi_fpga\Efinity_Project\2026.9.25\9.25.1_ding_Ti60F225_Canny_Face_Parallel\src\vision\rgb565_to_gray.v (91)" representative instance : u_parallel/u_canny/u_gray/dff_29/i11
FF|OPT : Flip-flop optimization by equivalence checking
@ "D:\yilingsi_fpga\Efinity_Project\2026.9.25\9.25.1_ding_Ti60F225_Canny_Face_Parallel\src\face\rgb565_to_ycbcr_skin.v (179)" removed instance : u_parallel/u_skin/dff_94/i10
@ "D:\yilingsi_fpga\Efinity_Project\2026.9.25\9.25.1_ding_Ti60F225_Canny_Face_Parallel\src\vision\rgb565_to_gray.v (91)" representative instance : u_parallel/u_canny/u_gray/dff_29/i10
FF|OPT : Flip-flop optimization by equivalence checking
@ "D:\yilingsi_fpga\Efinity_Project\2026.9.25\9.25.1_ding_Ti60F225_Canny_Face_Parallel\src\face\rgb565_to_ycbcr_skin.v (179)" removed instance : u_parallel/u_skin/dff_94/i9
@ "D:\yilingsi_fpga\Efinity_Project\2026.9.25\9.25.1_ding_Ti60F225_Canny_Face_Parallel\src\vision\rgb565_to_gray.v (91)" representative instance : u_parallel/u_canny/u_gray/dff_29/i9
FF|OPT : Flip-flop optimization by equivalence checking
@ "D:\yilingsi_fpga\Efinity_Project\2026.9.25\9.25.1_ding_Ti60F225_Canny_Face_Parallel\src\face\rgb565_to_ycbcr_skin.v (179)" removed instance : u_parallel/u_skin/i94
@ "D:\yilingsi_fpga\Efinity_Project\2026.9.25\9.25.1_ding_Ti60F225_Canny_Face_Parallel\src\vision\rgb565_to_gray.v (91)" representative instance : u_parallel/u_canny/u_gray/i29
FF|OPT : Flip-flop optimization by equivalence checking
@ "D:\yilingsi_fpga\Efinity_Project\2026.9.25\9.25.1_ding_Ti60F225_Canny_Face_Parallel\src\face\rgb565_to_ycbcr_skin.v (179)" removed instance : u_parallel/u_skin/dff_95/i10
@ "D:\yilingsi_fpga\Efinity_Project\2026.9.25\9.25.1_ding_Ti60F225_Canny_Face_Parallel\src\vision\rgb565_to_gray.v (91)" representative instance : u_parallel/u_canny/u_gray/dff_30/i10
FF|OPT : Flip-flop optimization by equivalence checking
@ "D:\yilingsi_fpga\Efinity_Project\2026.9.25\9.25.1_ding_Ti60F225_Canny_Face_Parallel\src\vision\line_buffer_3x3.v (92)" removed instance : u_parallel/u_morph/a/dff_15/i10
@ "D:\yilingsi_fpga\Efinity_Project\2026.9.25\9.25.1_ding_Ti60F225_Canny_Face_Parallel\src\vision\line_buffer_3x3.v (92)" representative instance : u_parallel/u_canny/u_med_window/dff_15/i10
FF|OPT : Flip-flop optimization by equivalence checking
@ "D:\yilingsi_fpga\Efinity_Project\2026.9.25\9.25.1_ding_Ti60F225_Canny_Face_Parallel\src\face\rgb565_to_ycbcr_skin.v (179)" removed instance : u_parallel/u_skin/dff_95/i9
@ "D:\yilingsi_fpga\Efinity_Project\2026.9.25\9.25.1_ding_Ti60F225_Canny_Face_Parallel\src\vision\rgb565_to_gray.v (91)" representative instance : u_parallel/u_canny/u_gray/dff_30/i9
FF|OPT : Flip-flop optimization by equivalence checking
@ "D:\yilingsi_fpga\Efinity_Project\2026.9.25\9.25.1_ding_Ti60F225_Canny_Face_Parallel\src\vision\line_buffer_3x3.v (92)" removed instance : u_parallel/u_morph/a/dff_15/i9
@ "D:\yilingsi_fpga\Efinity_Project\2026.9.25\9.25.1_ding_Ti60F225_Canny_Face_Parallel\src\vision\line_buffer_3x3.v (92)" representative instance : u_parallel/u_canny/u_med_window/dff_15/i9
FF|OPT : Flip-flop optimization by equivalence checking
@ "D:\yilingsi_fpga\Efinity_Project\2026.9.25\9.25.1_ding_Ti60F225_Canny_Face_Parallel\src\face\rgb565_to_ycbcr_skin.v (179)" removed instance : u_parallel/u_skin/dff_95/i8
@ "D:\yilingsi_fpga\Efinity_Project\2026.9.25\9.25.1_ding_Ti60F225_Canny_Face_Parallel\src\vision\rgb565_to_gray.v (91)" representative instance : u_parallel/u_canny/u_gray/dff_30/i8
FF|OPT : Flip-flop optimization by equivalence checking
@ "D:\yilingsi_fpga\Efinity_Project\2026.9.25\9.25.1_ding_Ti60F225_Canny_Face_Parallel\src\vision\line_buffer_3x3.v (92)" removed instance : u_parallel/u_morph/a/dff_15/i8
@ "D:\yilingsi_fpga\Efinity_Project\2026.9.25\9.25.1_ding_Ti60F225_Canny_Face_Parallel\src\vision\line_buffer_3x3.v (92)" representative instance : u_parallel/u_canny/u_med_window/dff_15/i8
FF|OPT : Flip-flop optimization by equivalence checking
@ "D:\yilingsi_fpga\Efinity_Project\2026.9.25\9.25.1_ding_Ti60F225_Canny_Face_Parallel\src\face\rgb565_to_ycbcr_skin.v (179)" removed instance : u_parallel/u_skin/dff_95/i7
@ "D:\yilingsi_fpga\Efinity_Project\2026.9.25\9.25.1_ding_Ti60F225_Canny_Face_Parallel\src\vision\rgb565_to_gray.v (91)" representative instance : u_parallel/u_canny/u_gray/dff_30/i7
FF|OPT : Flip-flop optimization by equivalence checking
@ "D:\yilingsi_fpga\Efinity_Project\2026.9.25\9.25.1_ding_Ti60F225_Canny_Face_Parallel\src\vision\line_buffer_3x3.v (92)" removed instance : u_parallel/u_morph/a/dff_15/i7
@ "D:\yilingsi_fpga\Efinity_Project\2026.9.25\9.25.1_ding_Ti60F225_Canny_Face_Parallel\src\vision\line_buffer_3x3.v (92)" representative instance : u_parallel/u_canny/u_med_window/dff_15/i7
FF|OPT : Flip-flop optimization by equivalence checking
@ "D:\yilingsi_fpga\Efinity_Project\2026.9.25\9.25.1_ding_Ti60F225_Canny_Face_Parallel\src\face\rgb565_to_ycbcr_skin.v (179)" removed instance : u_parallel/u_skin/dff_95/i6
@ "D:\yilingsi_fpga\Efinity_Project\2026.9.25\9.25.1_ding_Ti60F225_Canny_Face_Parallel\src\vision\rgb565_to_gray.v (91)" representative instance : u_parallel/u_canny/u_gray/dff_30/i6
FF|OPT : Flip-flop optimization by equivalence checking
@ "D:\yilingsi_fpga\Efinity_Project\2026.9.25\9.25.1_ding_Ti60F225_Canny_Face_Parallel\src\vision\line_buffer_3x3.v (92)" removed instance : u_parallel/u_morph/a/dff_15/i6
@ "D:\yilingsi_fpga\Efinity_Project\2026.9.25\9.25.1_ding_Ti60F225_Canny_Face_Parallel\src\vision\line_buffer_3x3.v (92)" representative instance : u_parallel/u_canny/u_med_window/dff_15/i6
FF|OPT : Flip-flop optimization by equivalence checking
@ "D:\yilingsi_fpga\Efinity_Project\2026.9.25\9.25.1_ding_Ti60F225_Canny_Face_Parallel\src\face\rgb565_to_ycbcr_skin.v (179)" removed instance : u_parallel/u_skin/dff_95/i5
@ "D:\yilingsi_fpga\Efinity_Project\2026.9.25\9.25.1_ding_Ti60F225_Canny_Face_Parallel\src\vision\rgb565_to_gray.v (91)" representative instance : u_parallel/u_canny/u_gray/dff_30/i5
FF|OPT : Flip-flop optimization by equivalence checking
@ "D:\yilingsi_fpga\Efinity_Project\2026.9.25\9.25.1_ding_Ti60F225_Canny_Face_Parallel\src\vision\line_buffer_3x3.v (92)" removed instance : u_parallel/u_morph/a/dff_15/i5
@ "D:\yilingsi_fpga\Efinity_Project\2026.9.25\9.25.1_ding_Ti60F225_Canny_Face_Parallel\src\vision\line_buffer_3x3.v (92)" representative instance : u_parallel/u_canny/u_med_window/dff_15/i5
FF|OPT : Flip-flop optimization by equivalence checking
@ "D:\yilingsi_fpga\Efinity_Project\2026.9.25\9.25.1_ding_Ti60F225_Canny_Face_Parallel\src\face\rgb565_to_ycbcr_skin.v (179)" removed instance : u_parallel/u_skin/dff_95/i4
@ "D:\yilingsi_fpga\Efinity_Project\2026.9.25\9.25.1_ding_Ti60F225_Canny_Face_Parallel\src\vision\rgb565_to_gray.v (91)" representative instance : u_parallel/u_canny/u_gray/dff_30/i4
FF|OPT : Flip-flop optimization by equivalence checking
@ "D:\yilingsi_fpga\Efinity_Project\2026.9.25\9.25.1_ding_Ti60F225_Canny_Face_Parallel\src\vision\line_buffer_3x3.v (92)" removed instance : u_parallel/u_morph/a/dff_15/i4
@ "D:\yilingsi_fpga\Efinity_Project\2026.9.25\9.25.1_ding_Ti60F225_Canny_Face_Parallel\src\vision\line_buffer_3x3.v (92)" representative instance : u_parallel/u_canny/u_med_window/dff_15/i4
FF|OPT : Flip-flop optimization by equivalence checking
@ "D:\yilingsi_fpga\Efinity_Project\2026.9.25\9.25.1_ding_Ti60F225_Canny_Face_Parallel\src\face\rgb565_to_ycbcr_skin.v (179)" removed instance : u_parallel/u_skin/dff_95/i3
@ "D:\yilingsi_fpga\Efinity_Project\2026.9.25\9.25.1_ding_Ti60F225_Canny_Face_Parallel\src\vision\rgb565_to_gray.v (91)" representative instance : u_parallel/u_canny/u_gray/dff_30/i3
FF|OPT : Flip-flop optimization by equivalence checking
@ "D:\yilingsi_fpga\Efinity_Project\2026.9.25\9.25.1_ding_Ti60F225_Canny_Face_Parallel\src\vision\line_buffer_3x3.v (92)" removed instance : u_parallel/u_morph/a/dff_15/i3
@ "D:\yilingsi_fpga\Efinity_Project\2026.9.25\9.25.1_ding_Ti60F225_Canny_Face_Parallel\src\vision\line_buffer_3x3.v (92)" representative instance : u_parallel/u_canny/u_med_window/dff_15/i3
FF|OPT : Flip-flop optimization by equivalence checking
@ "D:\yilingsi_fpga\Efinity_Project\2026.9.25\9.25.1_ding_Ti60F225_Canny_Face_Parallel\src\face\rgb565_to_ycbcr_skin.v (179)" removed instance : u_parallel/u_skin/dff_95/i2
@ "D:\yilingsi_fpga\Efinity_Project\2026.9.25\9.25.1_ding_Ti60F225_Canny_Face_Parallel\src\vision\rgb565_to_gray.v (91)" representative instance : u_parallel/u_canny/u_gray/dff_30/i2
FF|OPT : Flip-flop optimization by equivalence checking
@ "D:\yilingsi_fpga\Efinity_Project\2026.9.25\9.25.1_ding_Ti60F225_Canny_Face_Parallel\src\vision\line_buffer_3x3.v (92)" removed instance : u_parallel/u_morph/a/dff_15/i2
@ "D:\yilingsi_fpga\Efinity_Project\2026.9.25\9.25.1_ding_Ti60F225_Canny_Face_Parallel\src\vision\line_buffer_3x3.v (92)" representative instance : u_parallel/u_canny/u_med_window/dff_15/i2
FF|OPT : Flip-flop optimization by equivalence checking
@ "D:\yilingsi_fpga\Efinity_Project\2026.9.25\9.25.1_ding_Ti60F225_Canny_Face_Parallel\src\face\rgb565_to_ycbcr_skin.v (179)" removed instance : u_parallel/u_skin/dff_95/i1
@ "D:\yilingsi_fpga\Efinity_Project\2026.9.25\9.25.1_ding_Ti60F225_Canny_Face_Parallel\src\vision\rgb565_to_gray.v (91)" representative instance : u_parallel/u_canny/u_gray/dff_30/i1
FF|OPT : Flip-flop optimization by equivalence checking
@ "D:\yilingsi_fpga\Efinity_Project\2026.9.25\9.25.1_ding_Ti60F225_Canny_Face_Parallel\src\vision\line_buffer_3x3.v (92)" removed instance : u_parallel/u_morph/a/dff_15/i1
@ "D:\yilingsi_fpga\Efinity_Project\2026.9.25\9.25.1_ding_Ti60F225_Canny_Face_Parallel\src\vision\line_buffer_3x3.v (92)" representative instance : u_parallel/u_canny/u_med_window/dff_15/i1
FF|OPT : Flip-flop optimization by equivalence checking
@ "D:\yilingsi_fpga\Efinity_Project\2026.9.25\9.25.1_ding_Ti60F225_Canny_Face_Parallel\src\face\rgb565_to_ycbcr_skin.v (179)" removed instance : u_parallel/u_skin/dff_94/i1
@ "D:\yilingsi_fpga\Efinity_Project\2026.9.25\9.25.1_ding_Ti60F225_Canny_Face_Parallel\src\vision\rgb565_to_gray.v (91)" representative instance : u_parallel/u_canny/u_gray/dff_29/i1
FF|OPT : Flip-flop optimization by equivalence checking
@ "D:\yilingsi_fpga\Efinity_Project\2026.9.25\9.25.1_ding_Ti60F225_Canny_Face_Parallel\src\face\rgb565_to_ycbcr_skin.v (179)" removed instance : u_parallel/u_skin/dff_94/i2
@ "D:\yilingsi_fpga\Efinity_Project\2026.9.25\9.25.1_ding_Ti60F225_Canny_Face_Parallel\src\vision\rgb565_to_gray.v (91)" representative instance : u_parallel/u_canny/u_gray/dff_29/i2
FF|OPT : Flip-flop optimization by equivalence checking
@ "D:\yilingsi_fpga\Efinity_Project\2026.9.25\9.25.1_ding_Ti60F225_Canny_Face_Parallel\src\face\rgb565_to_ycbcr_skin.v (179)" removed instance : u_parallel/u_skin/dff_94/i3
@ "D:\yilingsi_fpga\Efinity_Project\2026.9.25\9.25.1_ding_Ti60F225_Canny_Face_Parallel\src\vision\rgb565_to_gray.v (91)" representative instance : u_parallel/u_canny/u_gray/dff_29/i3
FF|OPT : Flip-flop optimization by equivalence checking
@ "D:\yilingsi_fpga\Efinity_Project\2026.9.25\9.25.1_ding_Ti60F225_Canny_Face_Parallel\src\face\rgb565_to_ycbcr_skin.v (179)" removed instance : u_parallel/u_skin/dff_94/i4
@ "D:\yilingsi_fpga\Efinity_Project\2026.9.25\9.25.1_ding_Ti60F225_Canny_Face_Parallel\src\vision\rgb565_to_gray.v (91)" representative instance : u_parallel/u_canny/u_gray/dff_29/i4
FF|OPT : Flip-flop optimization by equivalence checking
@ "D:\yilingsi_fpga\Efinity_Project\2026.9.25\9.25.1_ding_Ti60F225_Canny_Face_Parallel\src\face\rgb565_to_ycbcr_skin.v (179)" removed instance : u_parallel/u_skin/dff_94/i5
@ "D:\yilingsi_fpga\Efinity_Project\2026.9.25\9.25.1_ding_Ti60F225_Canny_Face_Parallel\src\vision\rgb565_to_gray.v (91)" representative instance : u_parallel/u_canny/u_gray/dff_29/i5
FF|OPT : Flip-flop optimization by equivalence checking
@ "D:\yilingsi_fpga\Efinity_Project\2026.9.25\9.25.1_ding_Ti60F225_Canny_Face_Parallel\src\face\rgb565_to_ycbcr_skin.v (179)" removed instance : u_parallel/u_skin/dff_94/i6
@ "D:\yilingsi_fpga\Efinity_Project\2026.9.25\9.25.1_ding_Ti60F225_Canny_Face_Parallel\src\vision\rgb565_to_gray.v (91)" representative instance : u_parallel/u_canny/u_gray/dff_29/i6
FF|OPT : Flip-flop optimization by equivalence checking
@ "D:\yilingsi_fpga\Efinity_Project\2026.9.25\9.25.1_ding_Ti60F225_Canny_Face_Parallel\src\face\rgb565_to_ycbcr_skin.v (179)" removed instance : u_parallel/u_skin/dff_94/i7
@ "D:\yilingsi_fpga\Efinity_Project\2026.9.25\9.25.1_ding_Ti60F225_Canny_Face_Parallel\src\vision\rgb565_to_gray.v (91)" representative instance : u_parallel/u_canny/u_gray/dff_29/i7
FF|OPT : Flip-flop optimization by equivalence checking
@ "D:\yilingsi_fpga\Efinity_Project\2026.9.25\9.25.1_ding_Ti60F225_Canny_Face_Parallel\src\face\rgb565_to_ycbcr_skin.v (179)" removed instance : u_parallel/u_skin/dff_94/i8
@ "D:\yilingsi_fpga\Efinity_Project\2026.9.25\9.25.1_ding_Ti60F225_Canny_Face_Parallel\src\vision\rgb565_to_gray.v (91)" representative instance : u_parallel/u_canny/u_gray/dff_29/i8
FF|OPT : Flip-flop optimization by equivalence checking
@ "D:\yilingsi_fpga\Efinity_Project\2026.9.25\9.25.1_ding_Ti60F225_Canny_Face_Parallel\src\vision\line_buffer_3x3.v (189)" removed instance : u_parallel/u_morph/a/i72
@ "D:\yilingsi_fpga\Efinity_Project\2026.9.25\9.25.1_ding_Ti60F225_Canny_Face_Parallel\src\vision\line_buffer_3x3.v (189)" representative instance : u_parallel/u_canny/u_med_window/i114
FF|OPT : Flip-flop optimization by equivalence checking
@ "D:\yilingsi_fpga\Efinity_Project\2026.9.25\9.25.1_ding_Ti60F225_Canny_Face_Parallel\src\vision\line_buffer_3x3.v (189)" removed instance : u_parallel/u_canny/u_grad_window/i114
@ "D:\yilingsi_fpga\Efinity_Project\2026.9.25\9.25.1_ding_Ti60F225_Canny_Face_Parallel\src\vision\line_buffer_3x3.v (189)" representative instance : u_parallel/u_canny/g_gaussian.u_window/i114
FF|OPT : Flip-flop optimization by equivalence checking
@ "D:\yilingsi_fpga\Efinity_Project\2026.9.25\9.25.1_ding_Ti60F225_Canny_Face_Parallel\src\vision\sobel3x3.v (125)" removed instance : u_parallel/u_canny/u_raw_sobel/i44
@ "D:\yilingsi_fpga\Efinity_Project\2026.9.25\9.25.1_ding_Ti60F225_Canny_Face_Parallel\src\vision\median3x3.v (125)" representative instance : u_parallel/u_canny/u_median/i89
FF|OPT : Flip-flop optimization by equivalence checking
@ "D:\yilingsi_fpga\Efinity_Project\2026.9.25\9.25.1_ding_Ti60F225_Canny_Face_Parallel\src\parallel\face_grid_regions.v (181)" removed instance : u_parallel/u_regions/i1389
@ "D:\yilingsi_fpga\Efinity_Project\2026.9.25\9.25.1_ding_Ti60F225_Canny_Face_Parallel\src\parallel\face_grid_regions.v (181)" representative instance : u_parallel/u_regions/i1392
FF|OPT : Flip-flop optimization by equivalence checking
@ "D:\yilingsi_fpga\Efinity_Project\2026.9.25\9.25.1_ding_Ti60F225_Canny_Face_Parallel\src\parallel\face_grid_regions.v (181)" removed instance : u_parallel/u_regions/dff_1383/i202
@ "D:\yilingsi_fpga\Efinity_Project\2026.9.25\9.25.1_ding_Ti60F225_Canny_Face_Parallel\src\parallel\face_grid_regions.v (181)" representative instance : u_parallel/u_regions/dff_1383/i201
FF|OPT : Flip-flop optimization by equivalence checking
@ "D:\yilingsi_fpga\Efinity_Project\2026.9.25\9.25.1_ding_Ti60F225_Canny_Face_Parallel\src\parallel\face_grid_regions.v (181)" removed instance : u_parallel/u_regions/dff_1385/i202
@ "D:\yilingsi_fpga\Efinity_Project\2026.9.25\9.25.1_ding_Ti60F225_Canny_Face_Parallel\src\parallel\face_grid_regions.v (181)" representative instance : u_parallel/u_regions/dff_1385/i201
FF|OPT : Flip-flop optimization by equivalence checking
@ "D:\yilingsi_fpga\Efinity_Project\2026.9.25\9.25.1_ding_Ti60F225_Canny_Face_Parallel\src\parallel\face_grid_regions.v (181)" removed instance : u_parallel/u_regions/dff_1381/i202
@ "D:\yilingsi_fpga\Efinity_Project\2026.9.25\9.25.1_ding_Ti60F225_Canny_Face_Parallel\src\parallel\face_grid_regions.v (181)" representative instance : u_parallel/u_regions/dff_1381/i201
FF|OPT : Flip-flop optimization by equivalence checking
@ "D:\yilingsi_fpga\Efinity_Project\2026.9.25\9.25.1_ding_Ti60F225_Canny_Face_Parallel\src\parallel\face_grid_regions.v (181)" removed instance : u_parallel/u_regions/dff_1383/i203
@ "D:\yilingsi_fpga\Efinity_Project\2026.9.25\9.25.1_ding_Ti60F225_Canny_Face_Parallel\src\parallel\face_grid_regions.v (181)" representative instance : u_parallel/u_regions/dff_1383/i201
FF|OPT : Flip-flop optimization by equivalence checking
@ "D:\yilingsi_fpga\Efinity_Project\2026.9.25\9.25.1_ding_Ti60F225_Canny_Face_Parallel\src\parallel\face_grid_regions.v (181)" removed instance : u_parallel/u_regions/dff_1385/i203
@ "D:\yilingsi_fpga\Efinity_Project\2026.9.25\9.25.1_ding_Ti60F225_Canny_Face_Parallel\src\parallel\face_grid_regions.v (181)" representative instance : u_parallel/u_regions/dff_1385/i201
FF|OPT : Flip-flop optimization by equivalence checking
@ "D:\yilingsi_fpga\Efinity_Project\2026.9.25\9.25.1_ding_Ti60F225_Canny_Face_Parallel\src\parallel\face_grid_regions.v (181)" removed instance : u_parallel/u_regions/dff_1381/i203
@ "D:\yilingsi_fpga\Efinity_Project\2026.9.25\9.25.1_ding_Ti60F225_Canny_Face_Parallel\src\parallel\face_grid_regions.v (181)" representative instance : u_parallel/u_regions/dff_1381/i201
FF|OPT : Flip-flop optimization by equivalence checking
@ "D:\yilingsi_fpga\Efinity_Project\2026.9.25\9.25.1_ding_Ti60F225_Canny_Face_Parallel\src\parallel\face_grid_regions.v (181)" removed instance : u_parallel/u_regions/dff_1383/i180
@ "D:\yilingsi_fpga\Efinity_Project\2026.9.25\9.25.1_ding_Ti60F225_Canny_Face_Parallel\src\parallel\face_grid_regions.v (181)" representative instance : u_parallel/u_regions/dff_1383/i201
FF|OPT : Flip-flop optimization by equivalence checking
@ "D:\yilingsi_fpga\Efinity_Project\2026.9.25\9.25.1_ding_Ti60F225_Canny_Face_Parallel\src\parallel\face_grid_regions.v (181)" removed instance : u_parallel/u_regions/dff_1385/i180
@ "D:\yilingsi_fpga\Efinity_Project\2026.9.25\9.25.1_ding_Ti60F225_Canny_Face_Parallel\src\parallel\face_grid_regions.v (181)" representative instance : u_parallel/u_regions/dff_1385/i201
FF|OPT : Flip-flop optimization by equivalence checking
@ "D:\yilingsi_fpga\Efinity_Project\2026.9.25\9.25.1_ding_Ti60F225_Canny_Face_Parallel\src\parallel\face_grid_regions.v (181)" removed instance : u_parallel/u_regions/dff_1381/i180
@ "D:\yilingsi_fpga\Efinity_Project\2026.9.25\9.25.1_ding_Ti60F225_Canny_Face_Parallel\src\parallel\face_grid_regions.v (181)" representative instance : u_parallel/u_regions/dff_1381/i201
FF|OPT : Flip-flop optimization by equivalence checking
@ "D:\yilingsi_fpga\Efinity_Project\2026.9.25\9.25.1_ding_Ti60F225_Canny_Face_Parallel\src\parallel\face_grid_regions.v (181)" removed instance : u_parallel/u_regions/dff_1383/i181
@ "D:\yilingsi_fpga\Efinity_Project\2026.9.25\9.25.1_ding_Ti60F225_Canny_Face_Parallel\src\parallel\face_grid_regions.v (181)" representative instance : u_parallel/u_regions/dff_1383/i201
FF|OPT : Flip-flop optimization by equivalence checking
@ "D:\yilingsi_fpga\Efinity_Project\2026.9.25\9.25.1_ding_Ti60F225_Canny_Face_Parallel\src\parallel\face_grid_regions.v (181)" removed instance : u_parallel/u_regions/dff_1385/i181
@ "D:\yilingsi_fpga\Efinity_Project\2026.9.25\9.25.1_ding_Ti60F225_Canny_Face_Parallel\src\parallel\face_grid_regions.v (181)" representative instance : u_parallel/u_regions/dff_1385/i201
FF|OPT : Flip-flop optimization by equivalence checking
@ "D:\yilingsi_fpga\Efinity_Project\2026.9.25\9.25.1_ding_Ti60F225_Canny_Face_Parallel\src\parallel\face_grid_regions.v (181)" removed instance : u_parallel/u_regions/dff_1381/i181
@ "D:\yilingsi_fpga\Efinity_Project\2026.9.25\9.25.1_ding_Ti60F225_Canny_Face_Parallel\src\parallel\face_grid_regions.v (181)" representative instance : u_parallel/u_regions/dff_1381/i201
FF|OPT : Flip-flop optimization by equivalence checking
@ "D:\yilingsi_fpga\Efinity_Project\2026.9.25\9.25.1_ding_Ti60F225_Canny_Face_Parallel\src\parallel\face_grid_regions.v (181)" removed instance : u_parallel/u_regions/dff_1383/i182
@ "D:\yilingsi_fpga\Efinity_Project\2026.9.25\9.25.1_ding_Ti60F225_Canny_Face_Parallel\src\parallel\face_grid_regions.v (181)" representative instance : u_parallel/u_regions/dff_1383/i201
FF|OPT : Flip-flop optimization by equivalence checking
@ "D:\yilingsi_fpga\Efinity_Project\2026.9.25\9.25.1_ding_Ti60F225_Canny_Face_Parallel\src\parallel\face_grid_regions.v (181)" removed instance : u_parallel/u_regions/dff_1385/i182
@ "D:\yilingsi_fpga\Efinity_Project\2026.9.25\9.25.1_ding_Ti60F225_Canny_Face_Parallel\src\parallel\face_grid_regions.v (181)" representative instance : u_parallel/u_regions/dff_1385/i201
FF|OPT : Flip-flop optimization by equivalence checking
@ "D:\yilingsi_fpga\Efinity_Project\2026.9.25\9.25.1_ding_Ti60F225_Canny_Face_Parallel\src\parallel\face_grid_regions.v (181)" removed instance : u_parallel/u_regions/dff_1381/i182
@ "D:\yilingsi_fpga\Efinity_Project\2026.9.25\9.25.1_ding_Ti60F225_Canny_Face_Parallel\src\parallel\face_grid_regions.v (181)" representative instance : u_parallel/u_regions/dff_1381/i201
FF|OPT : Flip-flop optimization by equivalence checking
@ "D:\yilingsi_fpga\Efinity_Project\2026.9.25\9.25.1_ding_Ti60F225_Canny_Face_Parallel\src\parallel\face_grid_regions.v (181)" removed instance : u_parallel/u_regions/dff_1383/i244
@ "D:\yilingsi_fpga\Efinity_Project\2026.9.25\9.25.1_ding_Ti60F225_Canny_Face_Parallel\src\parallel\face_grid_regions.v (181)" representative instance : u_parallel/u_regions/dff_1383/i243
FF|OPT : Flip-flop optimization by equivalence checking
@ "D:\yilingsi_fpga\Efinity_Project\2026.9.25\9.25.1_ding_Ti60F225_Canny_Face_Parallel\src\parallel\face_grid_regions.v (181)" removed instance : u_parallel/u_regions/dff_1385/i244
@ "D:\yilingsi_fpga\Efinity_Project\2026.9.25\9.25.1_ding_Ti60F225_Canny_Face_Parallel\src\parallel\face_grid_regions.v (181)" representative instance : u_parallel/u_regions/dff_1385/i243
FF|OPT : Flip-flop optimization by equivalence checking
@ "D:\yilingsi_fpga\Efinity_Project\2026.9.25\9.25.1_ding_Ti60F225_Canny_Face_Parallel\src\parallel\face_grid_regions.v (181)" removed instance : u_parallel/u_regions/dff_1381/i244
@ "D:\yilingsi_fpga\Efinity_Project\2026.9.25\9.25.1_ding_Ti60F225_Canny_Face_Parallel\src\parallel\face_grid_regions.v (181)" representative instance : u_parallel/u_regions/dff_1381/i243
FF|OPT : Flip-flop optimization by equivalence checking
@ "D:\yilingsi_fpga\Efinity_Project\2026.9.25\9.25.1_ding_Ti60F225_Canny_Face_Parallel\src\parallel\face_grid_regions.v (181)" removed instance : u_parallel/u_regions/dff_1383/i245
@ "D:\yilingsi_fpga\Efinity_Project\2026.9.25\9.25.1_ding_Ti60F225_Canny_Face_Parallel\src\parallel\face_grid_regions.v (181)" representative instance : u_parallel/u_regions/dff_1383/i243
FF|OPT : Flip-flop optimization by equivalence checking
@ "D:\yilingsi_fpga\Efinity_Project\2026.9.25\9.25.1_ding_Ti60F225_Canny_Face_Parallel\src\parallel\face_grid_regions.v (181)" removed instance : u_parallel/u_regions/dff_1385/i245
@ "D:\yilingsi_fpga\Efinity_Project\2026.9.25\9.25.1_ding_Ti60F225_Canny_Face_Parallel\src\parallel\face_grid_regions.v (181)" representative instance : u_parallel/u_regions/dff_1385/i243
FF|OPT : Flip-flop optimization by equivalence checking
@ "D:\yilingsi_fpga\Efinity_Project\2026.9.25\9.25.1_ding_Ti60F225_Canny_Face_Parallel\src\parallel\face_grid_regions.v (181)" removed instance : u_parallel/u_regions/dff_1381/i245
@ "D:\yilingsi_fpga\Efinity_Project\2026.9.25\9.25.1_ding_Ti60F225_Canny_Face_Parallel\src\parallel\face_grid_regions.v (181)" representative instance : u_parallel/u_regions/dff_1381/i243
FF|OPT : Flip-flop optimization by equivalence checking
@ "D:\yilingsi_fpga\Efinity_Project\2026.9.25\9.25.1_ding_Ti60F225_Canny_Face_Parallel\src\parallel\face_grid_regions.v (181)" removed instance : u_parallel/u_regions/dff_1383/i222
@ "D:\yilingsi_fpga\Efinity_Project\2026.9.25\9.25.1_ding_Ti60F225_Canny_Face_Parallel\src\parallel\face_grid_regions.v (181)" representative instance : u_parallel/u_regions/dff_1383/i243
FF|OPT : Flip-flop optimization by equivalence checking
@ "D:\yilingsi_fpga\Efinity_Project\2026.9.25\9.25.1_ding_Ti60F225_Canny_Face_Parallel\src\parallel\face_grid_regions.v (181)" removed instance : u_parallel/u_regions/dff_1385/i222
@ "D:\yilingsi_fpga\Efinity_Project\2026.9.25\9.25.1_ding_Ti60F225_Canny_Face_Parallel\src\parallel\face_grid_regions.v (181)" representative instance : u_parallel/u_regions/dff_1385/i243
FF|OPT : Flip-flop optimization by equivalence checking
@ "D:\yilingsi_fpga\Efinity_Project\2026.9.25\9.25.1_ding_Ti60F225_Canny_Face_Parallel\src\parallel\face_grid_regions.v (181)" removed instance : u_parallel/u_regions/dff_1381/i222
@ "D:\yilingsi_fpga\Efinity_Project\2026.9.25\9.25.1_ding_Ti60F225_Canny_Face_Parallel\src\parallel\face_grid_regions.v (181)" representative instance : u_parallel/u_regions/dff_1381/i243
FF|OPT : Flip-flop optimization by equivalence checking
@ "D:\yilingsi_fpga\Efinity_Project\2026.9.25\9.25.1_ding_Ti60F225_Canny_Face_Parallel\src\parallel\face_grid_regions.v (181)" removed instance : u_parallel/u_regions/dff_1383/i223
@ "D:\yilingsi_fpga\Efinity_Project\2026.9.25\9.25.1_ding_Ti60F225_Canny_Face_Parallel\src\parallel\face_grid_regions.v (181)" representative instance : u_parallel/u_regions/dff_1383/i243
FF|OPT : Flip-flop optimization by equivalence checking
@ "D:\yilingsi_fpga\Efinity_Project\2026.9.25\9.25.1_ding_Ti60F225_Canny_Face_Parallel\src\parallel\face_grid_regions.v (181)" removed instance : u_parallel/u_regions/dff_1385/i223
@ "D:\yilingsi_fpga\Efinity_Project\2026.9.25\9.25.1_ding_Ti60F225_Canny_Face_Parallel\src\parallel\face_grid_regions.v (181)" representative instance : u_parallel/u_regions/dff_1385/i243
FF|OPT : Flip-flop optimization by equivalence checking
@ "D:\yilingsi_fpga\Efinity_Project\2026.9.25\9.25.1_ding_Ti60F225_Canny_Face_Parallel\src\parallel\face_grid_regions.v (181)" removed instance : u_parallel/u_regions/dff_1381/i223
@ "D:\yilingsi_fpga\Efinity_Project\2026.9.25\9.25.1_ding_Ti60F225_Canny_Face_Parallel\src\parallel\face_grid_regions.v (181)" representative instance : u_parallel/u_regions/dff_1381/i243
FF|OPT : Flip-flop optimization by equivalence checking
@ "D:\yilingsi_fpga\Efinity_Project\2026.9.25\9.25.1_ding_Ti60F225_Canny_Face_Parallel\src\parallel\face_grid_regions.v (181)" removed instance : u_parallel/u_regions/dff_1383/i224
@ "D:\yilingsi_fpga\Efinity_Project\2026.9.25\9.25.1_ding_Ti60F225_Canny_Face_Parallel\src\parallel\face_grid_regions.v (181)" representative instance : u_parallel/u_regions/dff_1383/i243
FF|OPT : Flip-flop optimization by equivalence checking
@ "D:\yilingsi_fpga\Efinity_Project\2026.9.25\9.25.1_ding_Ti60F225_Canny_Face_Parallel\src\parallel\face_grid_regions.v (181)" removed instance : u_parallel/u_regions/dff_1385/i224
@ "D:\yilingsi_fpga\Efinity_Project\2026.9.25\9.25.1_ding_Ti60F225_Canny_Face_Parallel\src\parallel\face_grid_regions.v (181)" representative instance : u_parallel/u_regions/dff_1385/i243
FF|OPT : Flip-flop optimization by equivalence checking
@ "D:\yilingsi_fpga\Efinity_Project\2026.9.25\9.25.1_ding_Ti60F225_Canny_Face_Parallel\src\parallel\face_grid_regions.v (181)" removed instance : u_parallel/u_regions/dff_1381/i224
@ "D:\yilingsi_fpga\Efinity_Project\2026.9.25\9.25.1_ding_Ti60F225_Canny_Face_Parallel\src\parallel\face_grid_regions.v (181)" representative instance : u_parallel/u_regions/dff_1381/i243
FF|OPT : Flip-flop optimization by equivalence checking
@ "D:\yilingsi_fpga\Efinity_Project\2026.9.25\9.25.1_ding_Ti60F225_Canny_Face_Parallel\src\parallel\face_grid_regions.v (181)" removed instance : u_parallel/u_regions/dff_1383/i286
@ "D:\yilingsi_fpga\Efinity_Project\2026.9.25\9.25.1_ding_Ti60F225_Canny_Face_Parallel\src\parallel\face_grid_regions.v (181)" representative instance : u_parallel/u_regions/dff_1383/i285
FF|OPT : Flip-flop optimization by equivalence checking
@ "D:\yilingsi_fpga\Efinity_Project\2026.9.25\9.25.1_ding_Ti60F225_Canny_Face_Parallel\src\parallel\face_grid_regions.v (181)" removed instance : u_parallel/u_regions/dff_1385/i286
@ "D:\yilingsi_fpga\Efinity_Project\2026.9.25\9.25.1_ding_Ti60F225_Canny_Face_Parallel\src\parallel\face_grid_regions.v (181)" representative instance : u_parallel/u_regions/dff_1385/i285
FF|OPT : Flip-flop optimization by equivalence checking
@ "D:\yilingsi_fpga\Efinity_Project\2026.9.25\9.25.1_ding_Ti60F225_Canny_Face_Parallel\src\parallel\face_grid_regions.v (181)" removed instance : u_parallel/u_regions/dff_1381/i286
@ "D:\yilingsi_fpga\Efinity_Project\2026.9.25\9.25.1_ding_Ti60F225_Canny_Face_Parallel\src\parallel\face_grid_regions.v (181)" representative instance : u_parallel/u_regions/dff_1381/i285
FF|OPT : Flip-flop optimization by equivalence checking
@ "D:\yilingsi_fpga\Efinity_Project\2026.9.25\9.25.1_ding_Ti60F225_Canny_Face_Parallel\src\parallel\face_grid_regions.v (181)" removed instance : u_parallel/u_regions/dff_1383/i287
@ "D:\yilingsi_fpga\Efinity_Project\2026.9.25\9.25.1_ding_Ti60F225_Canny_Face_Parallel\src\parallel\face_grid_regions.v (181)" representative instance : u_parallel/u_regions/dff_1383/i285
FF|OPT : Flip-flop optimization by equivalence checking
@ "D:\yilingsi_fpga\Efinity_Project\2026.9.25\9.25.1_ding_Ti60F225_Canny_Face_Parallel\src\parallel\face_grid_regions.v (181)" removed instance : u_parallel/u_regions/dff_1385/i287
@ "D:\yilingsi_fpga\Efinity_Project\2026.9.25\9.25.1_ding_Ti60F225_Canny_Face_Parallel\src\parallel\face_grid_regions.v (181)" representative instance : u_parallel/u_regions/dff_1385/i285
FF|OPT : Flip-flop optimization by equivalence checking
@ "D:\yilingsi_fpga\Efinity_Project\2026.9.25\9.25.1_ding_Ti60F225_Canny_Face_Parallel\src\parallel\face_grid_regions.v (181)" removed instance : u_parallel/u_regions/dff_1381/i287
@ "D:\yilingsi_fpga\Efinity_Project\2026.9.25\9.25.1_ding_Ti60F225_Canny_Face_Parallel\src\parallel\face_grid_regions.v (181)" representative instance : u_parallel/u_regions/dff_1381/i285
FF|OPT : Flip-flop optimization by equivalence checking
@ "D:\yilingsi_fpga\Efinity_Project\2026.9.25\9.25.1_ding_Ti60F225_Canny_Face_Parallel\src\parallel\face_grid_regions.v (181)" removed instance : u_parallel/u_regions/dff_1383/i264
@ "D:\yilingsi_fpga\Efinity_Project\2026.9.25\9.25.1_ding_Ti60F225_Canny_Face_Parallel\src\parallel\face_grid_regions.v (181)" representative instance : u_parallel/u_regions/dff_1383/i285
FF|OPT : Flip-flop optimization by equivalence checking
@ "D:\yilingsi_fpga\Efinity_Project\2026.9.25\9.25.1_ding_Ti60F225_Canny_Face_Parallel\src\parallel\face_grid_regions.v (181)" removed instance : u_parallel/u_regions/dff_1385/i264
@ "D:\yilingsi_fpga\Efinity_Project\2026.9.25\9.25.1_ding_Ti60F225_Canny_Face_Parallel\src\parallel\face_grid_regions.v (181)" representative instance : u_parallel/u_regions/dff_1385/i285
FF|OPT : Flip-flop optimization by equivalence checking
@ "D:\yilingsi_fpga\Efinity_Project\2026.9.25\9.25.1_ding_Ti60F225_Canny_Face_Parallel\src\parallel\face_grid_regions.v (181)" removed instance : u_parallel/u_regions/dff_1381/i264
@ "D:\yilingsi_fpga\Efinity_Project\2026.9.25\9.25.1_ding_Ti60F225_Canny_Face_Parallel\src\parallel\face_grid_regions.v (181)" representative instance : u_parallel/u_regions/dff_1381/i285
FF|OPT : Flip-flop optimization by equivalence checking
@ "D:\yilingsi_fpga\Efinity_Project\2026.9.25\9.25.1_ding_Ti60F225_Canny_Face_Parallel\src\parallel\face_grid_regions.v (181)" removed instance : u_parallel/u_regions/dff_1383/i265
@ "D:\yilingsi_fpga\Efinity_Project\2026.9.25\9.25.1_ding_Ti60F225_Canny_Face_Parallel\src\parallel\face_grid_regions.v (181)" representative instance : u_parallel/u_regions/dff_1383/i285
FF|OPT : Flip-flop optimization by equivalence checking
@ "D:\yilingsi_fpga\Efinity_Project\2026.9.25\9.25.1_ding_Ti60F225_Canny_Face_Parallel\src\parallel\face_grid_regions.v (181)" removed instance : u_parallel/u_regions/dff_1385/i265
@ "D:\yilingsi_fpga\Efinity_Project\2026.9.25\9.25.1_ding_Ti60F225_Canny_Face_Parallel\src\parallel\face_grid_regions.v (181)" representative instance : u_parallel/u_regions/dff_1385/i285
FF|OPT : Flip-flop optimization by equivalence checking
@ "D:\yilingsi_fpga\Efinity_Project\2026.9.25\9.25.1_ding_Ti60F225_Canny_Face_Parallel\src\parallel\face_grid_regions.v (181)" removed instance : u_parallel/u_regions/dff_1381/i265
@ "D:\yilingsi_fpga\Efinity_Project\2026.9.25\9.25.1_ding_Ti60F225_Canny_Face_Parallel\src\parallel\face_grid_regions.v (181)" representative instance : u_parallel/u_regions/dff_1381/i285
FF|OPT : Flip-flop optimization by equivalence checking
@ "D:\yilingsi_fpga\Efinity_Project\2026.9.25\9.25.1_ding_Ti60F225_Canny_Face_Parallel\src\parallel\face_grid_regions.v (181)" removed instance : u_parallel/u_regions/dff_1383/i266
@ "D:\yilingsi_fpga\Efinity_Project\2026.9.25\9.25.1_ding_Ti60F225_Canny_Face_Parallel\src\parallel\face_grid_regions.v (181)" representative instance : u_parallel/u_regions/dff_1383/i285
FF|OPT : Flip-flop optimization by equivalence checking
@ "D:\yilingsi_fpga\Efinity_Project\2026.9.25\9.25.1_ding_Ti60F225_Canny_Face_Parallel\src\parallel\face_grid_regions.v (181)" removed instance : u_parallel/u_regions/dff_1385/i266
@ "D:\yilingsi_fpga\Efinity_Project\2026.9.25\9.25.1_ding_Ti60F225_Canny_Face_Parallel\src\parallel\face_grid_regions.v (181)" representative instance : u_parallel/u_regions/dff_1385/i285
FF|OPT : Flip-flop optimization by equivalence checking
@ "D:\yilingsi_fpga\Efinity_Project\2026.9.25\9.25.1_ding_Ti60F225_Canny_Face_Parallel\src\parallel\face_grid_regions.v (181)" removed instance : u_parallel/u_regions/dff_1381/i266
@ "D:\yilingsi_fpga\Efinity_Project\2026.9.25\9.25.1_ding_Ti60F225_Canny_Face_Parallel\src\parallel\face_grid_regions.v (181)" representative instance : u_parallel/u_regions/dff_1381/i285
FF|OPT : Flip-flop optimization by equivalence checking
@ "D:\yilingsi_fpga\Efinity_Project\2026.9.25\9.25.1_ding_Ti60F225_Canny_Face_Parallel\src\parallel\face_grid_regions.v (181)" removed instance : u_parallel/u_regions/dff_1383/i328
@ "D:\yilingsi_fpga\Efinity_Project\2026.9.25\9.25.1_ding_Ti60F225_Canny_Face_Parallel\src\parallel\face_grid_regions.v (181)" representative instance : u_parallel/u_regions/dff_1383/i327
FF|OPT : Flip-flop optimization by equivalence checking
@ "D:\yilingsi_fpga\Efinity_Project\2026.9.25\9.25.1_ding_Ti60F225_Canny_Face_Parallel\src\parallel\face_grid_regions.v (181)" removed instance : u_parallel/u_regions/dff_1385/i328
@ "D:\yilingsi_fpga\Efinity_Project\2026.9.25\9.25.1_ding_Ti60F225_Canny_Face_Parallel\src\parallel\face_grid_regions.v (181)" representative instance : u_parallel/u_regions/dff_1385/i327
FF|OPT : Flip-flop optimization by equivalence checking
@ "D:\yilingsi_fpga\Efinity_Project\2026.9.25\9.25.1_ding_Ti60F225_Canny_Face_Parallel\src\parallel\face_grid_regions.v (181)" removed instance : u_parallel/u_regions/dff_1381/i328
@ "D:\yilingsi_fpga\Efinity_Project\2026.9.25\9.25.1_ding_Ti60F225_Canny_Face_Parallel\src\parallel\face_grid_regions.v (181)" representative instance : u_parallel/u_regions/dff_1381/i327
FF|OPT : Flip-flop optimization by equivalence checking
@ "D:\yilingsi_fpga\Efinity_Project\2026.9.25\9.25.1_ding_Ti60F225_Canny_Face_Parallel\src\parallel\face_grid_regions.v (181)" removed instance : u_parallel/u_regions/dff_1383/i329
@ "D:\yilingsi_fpga\Efinity_Project\2026.9.25\9.25.1_ding_Ti60F225_Canny_Face_Parallel\src\parallel\face_grid_regions.v (181)" representative instance : u_parallel/u_regions/dff_1383/i327
FF|OPT : Flip-flop optimization by equivalence checking
@ "D:\yilingsi_fpga\Efinity_Project\2026.9.25\9.25.1_ding_Ti60F225_Canny_Face_Parallel\src\parallel\face_grid_regions.v (181)" removed instance : u_parallel/u_regions/dff_1385/i329
@ "D:\yilingsi_fpga\Efinity_Project\2026.9.25\9.25.1_ding_Ti60F225_Canny_Face_Parallel\src\parallel\face_grid_regions.v (181)" representative instance : u_parallel/u_regions/dff_1385/i327
FF|OPT : Flip-flop optimization by equivalence checking
@ "D:\yilingsi_fpga\Efinity_Project\2026.9.25\9.25.1_ding_Ti60F225_Canny_Face_Parallel\src\parallel\face_grid_regions.v (181)" removed instance : u_parallel/u_regions/dff_1381/i329
@ "D:\yilingsi_fpga\Efinity_Project\2026.9.25\9.25.1_ding_Ti60F225_Canny_Face_Parallel\src\parallel\face_grid_regions.v (181)" representative instance : u_parallel/u_regions/dff_1381/i327
FF|OPT : Flip-flop optimization by equivalence checking
@ "D:\yilingsi_fpga\Efinity_Project\2026.9.25\9.25.1_ding_Ti60F225_Canny_Face_Parallel\src\parallel\face_grid_regions.v (181)" removed instance : u_parallel/u_regions/dff_1383/i306
@ "D:\yilingsi_fpga\Efinity_Project\2026.9.25\9.25.1_ding_Ti60F225_Canny_Face_Parallel\src\parallel\face_grid_regions.v (181)" representative instance : u_parallel/u_regions/dff_1383/i327
FF|OPT : Flip-flop optimization by equivalence checking
@ "D:\yilingsi_fpga\Efinity_Project\2026.9.25\9.25.1_ding_Ti60F225_Canny_Face_Parallel\src\parallel\face_grid_regions.v (181)" removed instance : u_parallel/u_regions/dff_1385/i306
@ "D:\yilingsi_fpga\Efinity_Project\2026.9.25\9.25.1_ding_Ti60F225_Canny_Face_Parallel\src\parallel\face_grid_regions.v (181)" representative instance : u_parallel/u_regions/dff_1385/i327
FF|OPT : Flip-flop optimization by equivalence checking
@ "D:\yilingsi_fpga\Efinity_Project\2026.9.25\9.25.1_ding_Ti60F225_Canny_Face_Parallel\src\parallel\face_grid_regions.v (181)" removed instance : u_parallel/u_regions/dff_1381/i306
@ "D:\yilingsi_fpga\Efinity_Project\2026.9.25\9.25.1_ding_Ti60F225_Canny_Face_Parallel\src\parallel\face_grid_regions.v (181)" representative instance : u_parallel/u_regions/dff_1381/i327
FF|OPT : Flip-flop optimization by equivalence checking
@ "D:\yilingsi_fpga\Efinity_Project\2026.9.25\9.25.1_ding_Ti60F225_Canny_Face_Parallel\src\parallel\face_grid_regions.v (181)" removed instance : u_parallel/u_regions/dff_1383/i307
@ "D:\yilingsi_fpga\Efinity_Project\2026.9.25\9.25.1_ding_Ti60F225_Canny_Face_Parallel\src\parallel\face_grid_regions.v (181)" representative instance : u_parallel/u_regions/dff_1383/i327
FF|OPT : Flip-flop optimization by equivalence checking
@ "D:\yilingsi_fpga\Efinity_Project\2026.9.25\9.25.1_ding_Ti60F225_Canny_Face_Parallel\src\parallel\face_grid_regions.v (181)" removed instance : u_parallel/u_regions/dff_1385/i307
@ "D:\yilingsi_fpga\Efinity_Project\2026.9.25\9.25.1_ding_Ti60F225_Canny_Face_Parallel\src\parallel\face_grid_regions.v (181)" representative instance : u_parallel/u_regions/dff_1385/i327
FF|OPT : Flip-flop optimization by equivalence checking
@ "D:\yilingsi_fpga\Efinity_Project\2026.9.25\9.25.1_ding_Ti60F225_Canny_Face_Parallel\src\parallel\face_grid_regions.v (181)" removed instance : u_parallel/u_regions/dff_1381/i307
@ "D:\yilingsi_fpga\Efinity_Project\2026.9.25\9.25.1_ding_Ti60F225_Canny_Face_Parallel\src\parallel\face_grid_regions.v (181)" representative instance : u_parallel/u_regions/dff_1381/i327
FF|OPT : Flip-flop optimization by equivalence checking
@ "D:\yilingsi_fpga\Efinity_Project\2026.9.25\9.25.1_ding_Ti60F225_Canny_Face_Parallel\src\parallel\face_grid_regions.v (181)" removed instance : u_parallel/u_regions/dff_1383/i308
@ "D:\yilingsi_fpga\Efinity_Project\2026.9.25\9.25.1_ding_Ti60F225_Canny_Face_Parallel\src\parallel\face_grid_regions.v (181)" representative instance : u_parallel/u_regions/dff_1383/i327
FF|OPT : Flip-flop optimization by equivalence checking
@ "D:\yilingsi_fpga\Efinity_Project\2026.9.25\9.25.1_ding_Ti60F225_Canny_Face_Parallel\src\parallel\face_grid_regions.v (181)" removed instance : u_parallel/u_regions/dff_1385/i308
@ "D:\yilingsi_fpga\Efinity_Project\2026.9.25\9.25.1_ding_Ti60F225_Canny_Face_Parallel\src\parallel\face_grid_regions.v (181)" representative instance : u_parallel/u_regions/dff_1385/i327
FF|OPT : Flip-flop optimization by equivalence checking
@ "D:\yilingsi_fpga\Efinity_Project\2026.9.25\9.25.1_ding_Ti60F225_Canny_Face_Parallel\src\parallel\face_grid_regions.v (181)" removed instance : u_parallel/u_regions/dff_1381/i308
@ "D:\yilingsi_fpga\Efinity_Project\2026.9.25\9.25.1_ding_Ti60F225_Canny_Face_Parallel\src\parallel\face_grid_regions.v (181)" representative instance : u_parallel/u_regions/dff_1381/i327
FF|OPT : Flip-flop optimization by equivalence checking
@ "D:\yilingsi_fpga\Efinity_Project\2026.9.25\9.25.1_ding_Ti60F225_Canny_Face_Parallel\src\parallel\face_grid_regions.v (181)" removed instance : u_parallel/u_regions/dff_1383/i34
@ "D:\yilingsi_fpga\Efinity_Project\2026.9.25\9.25.1_ding_Ti60F225_Canny_Face_Parallel\src\parallel\face_grid_regions.v (181)" representative instance : u_parallel/u_regions/dff_1383/i33
FF|OPT : Flip-flop optimization by equivalence checking
@ "D:\yilingsi_fpga\Efinity_Project\2026.9.25\9.25.1_ding_Ti60F225_Canny_Face_Parallel\src\parallel\face_grid_regions.v (181)" removed instance : u_parallel/u_regions/dff_1385/i34
@ "D:\yilingsi_fpga\Efinity_Project\2026.9.25\9.25.1_ding_Ti60F225_Canny_Face_Parallel\src\parallel\face_grid_regions.v (181)" representative instance : u_parallel/u_regions/dff_1385/i33
FF|OPT : Flip-flop optimization by equivalence checking
@ "D:\yilingsi_fpga\Efinity_Project\2026.9.25\9.25.1_ding_Ti60F225_Canny_Face_Parallel\src\parallel\face_grid_regions.v (181)" removed instance : u_parallel/u_regions/dff_1381/i34
@ "D:\yilingsi_fpga\Efinity_Project\2026.9.25\9.25.1_ding_Ti60F225_Canny_Face_Parallel\src\parallel\face_grid_regions.v (181)" representative instance : u_parallel/u_regions/dff_1381/i33
FF|OPT : Flip-flop optimization by equivalence checking
@ "D:\yilingsi_fpga\Efinity_Project\2026.9.25\9.25.1_ding_Ti60F225_Canny_Face_Parallel\src\parallel\face_grid_regions.v (181)" removed instance : u_parallel/u_regions/dff_1383/i14
@ "D:\yilingsi_fpga\Efinity_Project\2026.9.25\9.25.1_ding_Ti60F225_Canny_Face_Parallel\src\parallel\face_grid_regions.v (181)" representative instance : u_parallel/u_regions/dff_1383/i12
FF|OPT : Flip-flop optimization by equivalence checking
@ "D:\yilingsi_fpga\Efinity_Project\2026.9.25\9.25.1_ding_Ti60F225_Canny_Face_Parallel\src\parallel\face_grid_regions.v (181)" removed instance : u_parallel/u_regions/dff_1385/i14
@ "D:\yilingsi_fpga\Efinity_Project\2026.9.25\9.25.1_ding_Ti60F225_Canny_Face_Parallel\src\parallel\face_grid_regions.v (181)" representative instance : u_parallel/u_regions/dff_1385/i12
FF|OPT : Flip-flop optimization by equivalence checking
@ "D:\yilingsi_fpga\Efinity_Project\2026.9.25\9.25.1_ding_Ti60F225_Canny_Face_Parallel\src\parallel\face_grid_regions.v (181)" removed instance : u_parallel/u_regions/dff_1381/i14
@ "D:\yilingsi_fpga\Efinity_Project\2026.9.25\9.25.1_ding_Ti60F225_Canny_Face_Parallel\src\parallel\face_grid_regions.v (181)" representative instance : u_parallel/u_regions/dff_1381/i12
FF|OPT : Flip-flop optimization by equivalence checking
@ "D:\yilingsi_fpga\Efinity_Project\2026.9.25\9.25.1_ding_Ti60F225_Canny_Face_Parallel\src\parallel\face_grid_regions.v (181)" removed instance : u_parallel/u_regions/dff_1383/i13
@ "D:\yilingsi_fpga\Efinity_Project\2026.9.25\9.25.1_ding_Ti60F225_Canny_Face_Parallel\src\parallel\face_grid_regions.v (181)" representative instance : u_parallel/u_regions/dff_1383/i12
FF|OPT : Flip-flop optimization by equivalence checking
@ "D:\yilingsi_fpga\Efinity_Project\2026.9.25\9.25.1_ding_Ti60F225_Canny_Face_Parallel\src\parallel\face_grid_regions.v (181)" removed instance : u_parallel/u_regions/dff_1385/i13
@ "D:\yilingsi_fpga\Efinity_Project\2026.9.25\9.25.1_ding_Ti60F225_Canny_Face_Parallel\src\parallel\face_grid_regions.v (181)" representative instance : u_parallel/u_regions/dff_1385/i12
FF|OPT : Flip-flop optimization by equivalence checking
@ "D:\yilingsi_fpga\Efinity_Project\2026.9.25\9.25.1_ding_Ti60F225_Canny_Face_Parallel\src\parallel\face_grid_regions.v (181)" removed instance : u_parallel/u_regions/dff_1381/i13
@ "D:\yilingsi_fpga\Efinity_Project\2026.9.25\9.25.1_ding_Ti60F225_Canny_Face_Parallel\src\parallel\face_grid_regions.v (181)" representative instance : u_parallel/u_regions/dff_1381/i12
FF|OPT : Flip-flop optimization by equivalence checking
@ "D:\yilingsi_fpga\Efinity_Project\2026.9.25\9.25.1_ding_Ti60F225_Canny_Face_Parallel\src\parallel\uart_params.v (27)" removed instance : u_params/i24
@ "D:\yilingsi_fpga\Efinity_Project\2026.9.25\9.25.1_ding_Ti60F225_Canny_Face_Parallel\src\parallel\uart_params.v (27)" representative instance : u_params/i23
FF|OPT : Flip-flop optimization by equivalence checking
@ "D:\yilingsi_fpga\Efinity_Project\2026.9.25\9.25.1_ding_Ti60F225_Canny_Face_Parallel\ip/DdrCtrl\DdrCtrl.sv (1460)" removed instance : ddr3_ctl_axi/u_efx_ddr3_soft_controller/genblk1.inst_ddr3_axi/inst_efx_ddr3/top_mc/controller_main/dff_679/i15
@ "D:\yilingsi_fpga\Efinity_Project\2026.9.25\9.25.1_ding_Ti60F225_Canny_Face_Parallel\ip/DdrCtrl\DdrCtrl.sv (1460)" representative instance : ddr3_ctl_axi/u_efx_ddr3_soft_controller/genblk1.inst_ddr3_axi/inst_efx_ddr3/top_mc/controller_main/dff_679/i16
FF|OPT : Flip-flop optimization by equivalence checking
@ "D:\yilingsi_fpga\Efinity_Project\2026.9.25\9.25.1_ding_Ti60F225_Canny_Face_Parallel\ip/DdrCtrl\DdrCtrl.sv (1460)" removed instance : ddr3_ctl_axi/u_efx_ddr3_soft_controller/genblk1.inst_ddr3_axi/inst_efx_ddr3/top_mc/controller_main/dff_680/i15
@ "D:\yilingsi_fpga\Efinity_Project\2026.9.25\9.25.1_ding_Ti60F225_Canny_Face_Parallel\ip/DdrCtrl\DdrCtrl.sv (1460)" representative instance : ddr3_ctl_axi/u_efx_ddr3_soft_controller/genblk1.inst_ddr3_axi/inst_efx_ddr3/top_mc/controller_main/dff_680/i16
FF|OPT : Flip-flop optimization by equivalence checking
@ "D:\yilingsi_fpga\Efinity_Project\2026.9.25\9.25.1_ding_Ti60F225_Canny_Face_Parallel\ip/DdrCtrl\DdrCtrl.sv (1460)" removed instance : ddr3_ctl_axi/u_efx_ddr3_soft_controller/genblk1.inst_ddr3_axi/inst_efx_ddr3/top_mc/controller_main/dff_679/i14
@ "D:\yilingsi_fpga\Efinity_Project\2026.9.25\9.25.1_ding_Ti60F225_Canny_Face_Parallel\ip/DdrCtrl\DdrCtrl.sv (1460)" representative instance : ddr3_ctl_axi/u_efx_ddr3_soft_controller/genblk1.inst_ddr3_axi/inst_efx_ddr3/top_mc/controller_main/dff_679/i16
FF|OPT : Flip-flop optimization by equivalence checking
@ "D:\yilingsi_fpga\Efinity_Project\2026.9.25\9.25.1_ding_Ti60F225_Canny_Face_Parallel\ip/DdrCtrl\DdrCtrl.sv (1460)" removed instance : ddr3_ctl_axi/u_efx_ddr3_soft_controller/genblk1.inst_ddr3_axi/inst_efx_ddr3/top_mc/controller_main/dff_680/i14
@ "D:\yilingsi_fpga\Efinity_Project\2026.9.25\9.25.1_ding_Ti60F225_Canny_Face_Parallel\ip/DdrCtrl\DdrCtrl.sv (1460)" representative instance : ddr3_ctl_axi/u_efx_ddr3_soft_controller/genblk1.inst_ddr3_axi/inst_efx_ddr3/top_mc/controller_main/dff_680/i16
FF|OPT : Flip-flop optimization by equivalence checking
@ "D:\yilingsi_fpga\Efinity_Project\2026.9.25\9.25.1_ding_Ti60F225_Canny_Face_Parallel\ip/DdrCtrl\DdrCtrl.sv (1460)" removed instance : ddr3_ctl_axi/u_efx_ddr3_soft_controller/genblk1.inst_ddr3_axi/inst_efx_ddr3/top_mc/controller_main/dff_679/i13
@ "D:\yilingsi_fpga\Efinity_Project\2026.9.25\9.25.1_ding_Ti60F225_Canny_Face_Parallel\ip/DdrCtrl\DdrCtrl.sv (1460)" representative instance : ddr3_ctl_axi/u_efx_ddr3_soft_controller/genblk1.inst_ddr3_axi/inst_efx_ddr3/top_mc/controller_main/dff_679/i16
FF|OPT : Flip-flop optimization by equivalence checking
@ "D:\yilingsi_fpga\Efinity_Project\2026.9.25\9.25.1_ding_Ti60F225_Canny_Face_Parallel\ip/DdrCtrl\DdrCtrl.sv (1460)" removed instance : ddr3_ctl_axi/u_efx_ddr3_soft_controller/genblk1.inst_ddr3_axi/inst_efx_ddr3/top_mc/controller_main/dff_680/i13
@ "D:\yilingsi_fpga\Efinity_Project\2026.9.25\9.25.1_ding_Ti60F225_Canny_Face_Parallel\ip/DdrCtrl\DdrCtrl.sv (1460)" representative instance : ddr3_ctl_axi/u_efx_ddr3_soft_controller/genblk1.inst_ddr3_axi/inst_efx_ddr3/top_mc/controller_main/dff_680/i16
FF|OPT : Flip-flop optimization by equivalence checking
@ "D:\yilingsi_fpga\Efinity_Project\2026.9.25\9.25.1_ding_Ti60F225_Canny_Face_Parallel\ip/DdrCtrl\DdrCtrl.sv (1460)" removed instance : ddr3_ctl_axi/u_efx_ddr3_soft_controller/genblk1.inst_ddr3_axi/inst_efx_ddr3/top_mc/controller_main/dff_679/i12
@ "D:\yilingsi_fpga\Efinity_Project\2026.9.25\9.25.1_ding_Ti60F225_Canny_Face_Parallel\ip/DdrCtrl\DdrCtrl.sv (1460)" representative instance : ddr3_ctl_axi/u_efx_ddr3_soft_controller/genblk1.inst_ddr3_axi/inst_efx_ddr3/top_mc/controller_main/dff_679/i16
FF|OPT : Flip-flop optimization by equivalence checking
@ "D:\yilingsi_fpga\Efinity_Project\2026.9.25\9.25.1_ding_Ti60F225_Canny_Face_Parallel\ip/DdrCtrl\DdrCtrl.sv (1460)" removed instance : ddr3_ctl_axi/u_efx_ddr3_soft_controller/genblk1.inst_ddr3_axi/inst_efx_ddr3/top_mc/controller_main/dff_680/i12
@ "D:\yilingsi_fpga\Efinity_Project\2026.9.25\9.25.1_ding_Ti60F225_Canny_Face_Parallel\ip/DdrCtrl\DdrCtrl.sv (1460)" representative instance : ddr3_ctl_axi/u_efx_ddr3_soft_controller/genblk1.inst_ddr3_axi/inst_efx_ddr3/top_mc/controller_main/dff_680/i16
FF|OPT : Flip-flop optimization by equivalence checking
@ "D:\yilingsi_fpga\Efinity_Project\2026.9.25\9.25.1_ding_Ti60F225_Canny_Face_Parallel\ip/DdrCtrl\DdrCtrl.sv (1460)" removed instance : ddr3_ctl_axi/u_efx_ddr3_soft_controller/genblk1.inst_ddr3_axi/inst_efx_ddr3/top_mc/controller_main/dff_679/i11
@ "D:\yilingsi_fpga\Efinity_Project\2026.9.25\9.25.1_ding_Ti60F225_Canny_Face_Parallel\ip/DdrCtrl\DdrCtrl.sv (1460)" representative instance : ddr3_ctl_axi/u_efx_ddr3_soft_controller/genblk1.inst_ddr3_axi/inst_efx_ddr3/top_mc/controller_main/dff_679/i16
FF|OPT : Flip-flop optimization by equivalence checking
@ "D:\yilingsi_fpga\Efinity_Project\2026.9.25\9.25.1_ding_Ti60F225_Canny_Face_Parallel\ip/DdrCtrl\DdrCtrl.sv (1460)" removed instance : ddr3_ctl_axi/u_efx_ddr3_soft_controller/genblk1.inst_ddr3_axi/inst_efx_ddr3/top_mc/controller_main/dff_680/i11
@ "D:\yilingsi_fpga\Efinity_Project\2026.9.25\9.25.1_ding_Ti60F225_Canny_Face_Parallel\ip/DdrCtrl\DdrCtrl.sv (1460)" representative instance : ddr3_ctl_axi/u_efx_ddr3_soft_controller/genblk1.inst_ddr3_axi/inst_efx_ddr3/top_mc/controller_main/dff_680/i16
FF|OPT : Flip-flop optimization by equivalence checking
@ "D:\yilingsi_fpga\Efinity_Project\2026.9.25\9.25.1_ding_Ti60F225_Canny_Face_Parallel\ip/DdrCtrl\DdrCtrl.sv (1460)" removed instance : ddr3_ctl_axi/u_efx_ddr3_soft_controller/genblk1.inst_ddr3_axi/inst_efx_ddr3/top_mc/controller_main/dff_679/i10
@ "D:\yilingsi_fpga\Efinity_Project\2026.9.25\9.25.1_ding_Ti60F225_Canny_Face_Parallel\ip/DdrCtrl\DdrCtrl.sv (1460)" representative instance : ddr3_ctl_axi/u_efx_ddr3_soft_controller/genblk1.inst_ddr3_axi/inst_efx_ddr3/top_mc/controller_main/dff_679/i16
FF|OPT : Flip-flop optimization by equivalence checking
@ "D:\yilingsi_fpga\Efinity_Project\2026.9.25\9.25.1_ding_Ti60F225_Canny_Face_Parallel\ip/DdrCtrl\DdrCtrl.sv (1460)" removed instance : ddr3_ctl_axi/u_efx_ddr3_soft_controller/genblk1.inst_ddr3_axi/inst_efx_ddr3/top_mc/controller_main/dff_680/i10
@ "D:\yilingsi_fpga\Efinity_Project\2026.9.25\9.25.1_ding_Ti60F225_Canny_Face_Parallel\ip/DdrCtrl\DdrCtrl.sv (1460)" representative instance : ddr3_ctl_axi/u_efx_ddr3_soft_controller/genblk1.inst_ddr3_axi/inst_efx_ddr3/top_mc/controller_main/dff_680/i16
FF|OPT : Flip-flop optimization by equivalence checking
@ "D:\yilingsi_fpga\Efinity_Project\2026.9.25\9.25.1_ding_Ti60F225_Canny_Face_Parallel\ip/DdrCtrl\DdrCtrl.sv (1460)" removed instance : ddr3_ctl_axi/u_efx_ddr3_soft_controller/genblk1.inst_ddr3_axi/inst_efx_ddr3/top_mc/controller_main/dff_679/i9
@ "D:\yilingsi_fpga\Efinity_Project\2026.9.25\9.25.1_ding_Ti60F225_Canny_Face_Parallel\ip/DdrCtrl\DdrCtrl.sv (1460)" representative instance : ddr3_ctl_axi/u_efx_ddr3_soft_controller/genblk1.inst_ddr3_axi/inst_efx_ddr3/top_mc/controller_main/dff_679/i16
FF|OPT : Flip-flop optimization by equivalence checking
@ "D:\yilingsi_fpga\Efinity_Project\2026.9.25\9.25.1_ding_Ti60F225_Canny_Face_Parallel\ip/DdrCtrl\DdrCtrl.sv (1460)" removed instance : ddr3_ctl_axi/u_efx_ddr3_soft_controller/genblk1.inst_ddr3_axi/inst_efx_ddr3/top_mc/controller_main/dff_680/i9
@ "D:\yilingsi_fpga\Efinity_Project\2026.9.25\9.25.1_ding_Ti60F225_Canny_Face_Parallel\ip/DdrCtrl\DdrCtrl.sv (1460)" representative instance : ddr3_ctl_axi/u_efx_ddr3_soft_controller/genblk1.inst_ddr3_axi/inst_efx_ddr3/top_mc/controller_main/dff_680/i16
FF|OPT : Flip-flop optimization by equivalence checking
@ "D:\yilingsi_fpga\Efinity_Project\2026.9.25\9.25.1_ding_Ti60F225_Canny_Face_Parallel\ip/DdrCtrl\DdrCtrl.sv (1460)" removed instance : ddr3_ctl_axi/u_efx_ddr3_soft_controller/genblk1.inst_ddr3_axi/inst_efx_ddr3/top_mc/controller_main/dff_679/i8
@ "D:\yilingsi_fpga\Efinity_Project\2026.9.25\9.25.1_ding_Ti60F225_Canny_Face_Parallel\ip/DdrCtrl\DdrCtrl.sv (1460)" representative instance : ddr3_ctl_axi/u_efx_ddr3_soft_controller/genblk1.inst_ddr3_axi/inst_efx_ddr3/top_mc/controller_main/dff_679/i16
FF|OPT : Flip-flop optimization by equivalence checking
@ "D:\yilingsi_fpga\Efinity_Project\2026.9.25\9.25.1_ding_Ti60F225_Canny_Face_Parallel\ip/DdrCtrl\DdrCtrl.sv (1460)" removed instance : ddr3_ctl_axi/u_efx_ddr3_soft_controller/genblk1.inst_ddr3_axi/inst_efx_ddr3/top_mc/controller_main/dff_680/i8
@ "D:\yilingsi_fpga\Efinity_Project\2026.9.25\9.25.1_ding_Ti60F225_Canny_Face_Parallel\ip/DdrCtrl\DdrCtrl.sv (1460)" representative instance : ddr3_ctl_axi/u_efx_ddr3_soft_controller/genblk1.inst_ddr3_axi/inst_efx_ddr3/top_mc/controller_main/dff_680/i16
FF|OPT : Flip-flop optimization by equivalence checking
@ "D:\yilingsi_fpga\Efinity_Project\2026.9.25\9.25.1_ding_Ti60F225_Canny_Face_Parallel\ip/DdrCtrl\DdrCtrl.sv (1460)" removed instance : ddr3_ctl_axi/u_efx_ddr3_soft_controller/genblk1.inst_ddr3_axi/inst_efx_ddr3/top_mc/controller_main/dff_679/i7
@ "D:\yilingsi_fpga\Efinity_Project\2026.9.25\9.25.1_ding_Ti60F225_Canny_Face_Parallel\ip/DdrCtrl\DdrCtrl.sv (1460)" representative instance : ddr3_ctl_axi/u_efx_ddr3_soft_controller/genblk1.inst_ddr3_axi/inst_efx_ddr3/top_mc/controller_main/dff_679/i16
FF|OPT : Flip-flop optimization by equivalence checking
@ "D:\yilingsi_fpga\Efinity_Project\2026.9.25\9.25.1_ding_Ti60F225_Canny_Face_Parallel\ip/DdrCtrl\DdrCtrl.sv (1460)" removed instance : ddr3_ctl_axi/u_efx_ddr3_soft_controller/genblk1.inst_ddr3_axi/inst_efx_ddr3/top_mc/controller_main/dff_680/i7
@ "D:\yilingsi_fpga\Efinity_Project\2026.9.25\9.25.1_ding_Ti60F225_Canny_Face_Parallel\ip/DdrCtrl\DdrCtrl.sv (1460)" representative instance : ddr3_ctl_axi/u_efx_ddr3_soft_controller/genblk1.inst_ddr3_axi/inst_efx_ddr3/top_mc/controller_main/dff_680/i16
FF|OPT : Flip-flop optimization by equivalence checking
@ "D:\yilingsi_fpga\Efinity_Project\2026.9.25\9.25.1_ding_Ti60F225_Canny_Face_Parallel\ip/DdrCtrl\DdrCtrl.sv (1460)" removed instance : ddr3_ctl_axi/u_efx_ddr3_soft_controller/genblk1.inst_ddr3_axi/inst_efx_ddr3/top_mc/controller_main/dff_679/i6
@ "D:\yilingsi_fpga\Efinity_Project\2026.9.25\9.25.1_ding_Ti60F225_Canny_Face_Parallel\ip/DdrCtrl\DdrCtrl.sv (1460)" representative instance : ddr3_ctl_axi/u_efx_ddr3_soft_controller/genblk1.inst_ddr3_axi/inst_efx_ddr3/top_mc/controller_main/dff_679/i16
FF|OPT : Flip-flop optimization by equivalence checking
@ "D:\yilingsi_fpga\Efinity_Project\2026.9.25\9.25.1_ding_Ti60F225_Canny_Face_Parallel\ip/DdrCtrl\DdrCtrl.sv (1460)" removed instance : ddr3_ctl_axi/u_efx_ddr3_soft_controller/genblk1.inst_ddr3_axi/inst_efx_ddr3/top_mc/controller_main/dff_680/i6
@ "D:\yilingsi_fpga\Efinity_Project\2026.9.25\9.25.1_ding_Ti60F225_Canny_Face_Parallel\ip/DdrCtrl\DdrCtrl.sv (1460)" representative instance : ddr3_ctl_axi/u_efx_ddr3_soft_controller/genblk1.inst_ddr3_axi/inst_efx_ddr3/top_mc/controller_main/dff_680/i16
FF|OPT : Flip-flop optimization by equivalence checking
@ "D:\yilingsi_fpga\Efinity_Project\2026.9.25\9.25.1_ding_Ti60F225_Canny_Face_Parallel\ip/DdrCtrl\DdrCtrl.sv (1460)" removed instance : ddr3_ctl_axi/u_efx_ddr3_soft_controller/genblk1.inst_ddr3_axi/inst_efx_ddr3/top_mc/controller_main/dff_679/i5
@ "D:\yilingsi_fpga\Efinity_Project\2026.9.25\9.25.1_ding_Ti60F225_Canny_Face_Parallel\ip/DdrCtrl\DdrCtrl.sv (1460)" representative instance : ddr3_ctl_axi/u_efx_ddr3_soft_controller/genblk1.inst_ddr3_axi/inst_efx_ddr3/top_mc/controller_main/dff_679/i16
FF|OPT : Flip-flop optimization by equivalence checking
@ "D:\yilingsi_fpga\Efinity_Project\2026.9.25\9.25.1_ding_Ti60F225_Canny_Face_Parallel\ip/DdrCtrl\DdrCtrl.sv (1460)" removed instance : ddr3_ctl_axi/u_efx_ddr3_soft_controller/genblk1.inst_ddr3_axi/inst_efx_ddr3/top_mc/controller_main/dff_680/i5
@ "D:\yilingsi_fpga\Efinity_Project\2026.9.25\9.25.1_ding_Ti60F225_Canny_Face_Parallel\ip/DdrCtrl\DdrCtrl.sv (1460)" representative instance : ddr3_ctl_axi/u_efx_ddr3_soft_controller/genblk1.inst_ddr3_axi/inst_efx_ddr3/top_mc/controller_main/dff_680/i16
FF|OPT : Flip-flop optimization by equivalence checking
@ "D:\yilingsi_fpga\Efinity_Project\2026.9.25\9.25.1_ding_Ti60F225_Canny_Face_Parallel\ip/DdrCtrl\DdrCtrl.sv (1460)" removed instance : ddr3_ctl_axi/u_efx_ddr3_soft_controller/genblk1.inst_ddr3_axi/inst_efx_ddr3/top_mc/controller_main/dff_679/i4
@ "D:\yilingsi_fpga\Efinity_Project\2026.9.25\9.25.1_ding_Ti60F225_Canny_Face_Parallel\ip/DdrCtrl\DdrCtrl.sv (1460)" representative instance : ddr3_ctl_axi/u_efx_ddr3_soft_controller/genblk1.inst_ddr3_axi/inst_efx_ddr3/top_mc/controller_main/dff_679/i16
FF|OPT : Flip-flop optimization by equivalence checking
@ "D:\yilingsi_fpga\Efinity_Project\2026.9.25\9.25.1_ding_Ti60F225_Canny_Face_Parallel\ip/DdrCtrl\DdrCtrl.sv (1460)" removed instance : ddr3_ctl_axi/u_efx_ddr3_soft_controller/genblk1.inst_ddr3_axi/inst_efx_ddr3/top_mc/controller_main/dff_680/i4
@ "D:\yilingsi_fpga\Efinity_Project\2026.9.25\9.25.1_ding_Ti60F225_Canny_Face_Parallel\ip/DdrCtrl\DdrCtrl.sv (1460)" representative instance : ddr3_ctl_axi/u_efx_ddr3_soft_controller/genblk1.inst_ddr3_axi/inst_efx_ddr3/top_mc/controller_main/dff_680/i16
FF|OPT : Flip-flop optimization by equivalence checking
@ "D:\yilingsi_fpga\Efinity_Project\2026.9.25\9.25.1_ding_Ti60F225_Canny_Face_Parallel\ip/DdrCtrl\DdrCtrl.sv (1460)" removed instance : ddr3_ctl_axi/u_efx_ddr3_soft_controller/genblk1.inst_ddr3_axi/inst_efx_ddr3/top_mc/controller_main/dff_679/i3
@ "D:\yilingsi_fpga\Efinity_Project\2026.9.25\9.25.1_ding_Ti60F225_Canny_Face_Parallel\ip/DdrCtrl\DdrCtrl.sv (1460)" representative instance : ddr3_ctl_axi/u_efx_ddr3_soft_controller/genblk1.inst_ddr3_axi/inst_efx_ddr3/top_mc/controller_main/dff_679/i16
FF|OPT : Flip-flop optimization by equivalence checking
@ "D:\yilingsi_fpga\Efinity_Project\2026.9.25\9.25.1_ding_Ti60F225_Canny_Face_Parallel\ip/DdrCtrl\DdrCtrl.sv (1460)" removed instance : ddr3_ctl_axi/u_efx_ddr3_soft_controller/genblk1.inst_ddr3_axi/inst_efx_ddr3/top_mc/controller_main/dff_680/i3
@ "D:\yilingsi_fpga\Efinity_Project\2026.9.25\9.25.1_ding_Ti60F225_Canny_Face_Parallel\ip/DdrCtrl\DdrCtrl.sv (1460)" representative instance : ddr3_ctl_axi/u_efx_ddr3_soft_controller/genblk1.inst_ddr3_axi/inst_efx_ddr3/top_mc/controller_main/dff_680/i16
FF|OPT : Flip-flop optimization by equivalence checking
@ "D:\yilingsi_fpga\Efinity_Project\2026.9.25\9.25.1_ding_Ti60F225_Canny_Face_Parallel\ip/DdrCtrl\DdrCtrl.sv (1460)" removed instance : ddr3_ctl_axi/u_efx_ddr3_soft_controller/genblk1.inst_ddr3_axi/inst_efx_ddr3/top_mc/controller_main/dff_679/i2
@ "D:\yilingsi_fpga\Efinity_Project\2026.9.25\9.25.1_ding_Ti60F225_Canny_Face_Parallel\ip/DdrCtrl\DdrCtrl.sv (1460)" representative instance : ddr3_ctl_axi/u_efx_ddr3_soft_controller/genblk1.inst_ddr3_axi/inst_efx_ddr3/top_mc/controller_main/dff_679/i16
FF|OPT : Flip-flop optimization by equivalence checking
@ "D:\yilingsi_fpga\Efinity_Project\2026.9.25\9.25.1_ding_Ti60F225_Canny_Face_Parallel\ip/DdrCtrl\DdrCtrl.sv (1460)" removed instance : ddr3_ctl_axi/u_efx_ddr3_soft_controller/genblk1.inst_ddr3_axi/inst_efx_ddr3/top_mc/controller_main/dff_680/i2
@ "D:\yilingsi_fpga\Efinity_Project\2026.9.25\9.25.1_ding_Ti60F225_Canny_Face_Parallel\ip/DdrCtrl\DdrCtrl.sv (1460)" representative instance : ddr3_ctl_axi/u_efx_ddr3_soft_controller/genblk1.inst_ddr3_axi/inst_efx_ddr3/top_mc/controller_main/dff_680/i16
FF|OPT : Flip-flop optimization by equivalence checking
@ "D:\yilingsi_fpga\Efinity_Project\2026.9.25\9.25.1_ding_Ti60F225_Canny_Face_Parallel\ip/DdrCtrl\DdrCtrl.sv (1460)" removed instance : ddr3_ctl_axi/u_efx_ddr3_soft_controller/genblk1.inst_ddr3_axi/inst_efx_ddr3/top_mc/controller_main/dff_679/i1
@ "D:\yilingsi_fpga\Efinity_Project\2026.9.25\9.25.1_ding_Ti60F225_Canny_Face_Parallel\ip/DdrCtrl\DdrCtrl.sv (1460)" representative instance : ddr3_ctl_axi/u_efx_ddr3_soft_controller/genblk1.inst_ddr3_axi/inst_efx_ddr3/top_mc/controller_main/dff_679/i16
FF|OPT : Flip-flop optimization by equivalence checking
@ "D:\yilingsi_fpga\Efinity_Project\2026.9.25\9.25.1_ding_Ti60F225_Canny_Face_Parallel\ip/DdrCtrl\DdrCtrl.sv (1460)" removed instance : ddr3_ctl_axi/u_efx_ddr3_soft_controller/genblk1.inst_ddr3_axi/inst_efx_ddr3/top_mc/controller_main/dff_680/i1
@ "D:\yilingsi_fpga\Efinity_Project\2026.9.25\9.25.1_ding_Ti60F225_Canny_Face_Parallel\ip/DdrCtrl\DdrCtrl.sv (1460)" representative instance : ddr3_ctl_axi/u_efx_ddr3_soft_controller/genblk1.inst_ddr3_axi/inst_efx_ddr3/top_mc/controller_main/dff_680/i16
FF|OPT : Flip-flop optimization by equivalence checking
@ "D:\yilingsi_fpga\Efinity_Project\2026.9.25\9.25.1_ding_Ti60F225_Canny_Face_Parallel\ip/DdrCtrl\DdrCtrl.sv (1460)" removed instance : ddr3_ctl_axi/u_efx_ddr3_soft_controller/genblk1.inst_ddr3_axi/inst_efx_ddr3/top_mc/controller_main/dff_948/i1
@ "D:\yilingsi_fpga\Efinity_Project\2026.9.25\9.25.1_ding_Ti60F225_Canny_Face_Parallel\ip/DdrCtrl\DdrCtrl.sv (1460)" representative instance : ddr3_ctl_axi/u_efx_ddr3_soft_controller/genblk1.inst_ddr3_axi/inst_efx_ddr3/top_mc/controller_main/dff_948/i2
FF|OPT : Flip-flop optimization by equivalence checking
@ "D:\yilingsi_fpga\Efinity_Project\2026.9.25\9.25.1_ding_Ti60F225_Canny_Face_Parallel\ip/DdrCtrl\DdrCtrl.sv (1460)" removed instance : ddr3_ctl_axi/u_efx_ddr3_soft_controller/genblk1.inst_ddr3_axi/inst_efx_ddr3/top_mc/controller_main/dff_949/i2
@ "D:\yilingsi_fpga\Efinity_Project\2026.9.25\9.25.1_ding_Ti60F225_Canny_Face_Parallel\ip/DdrCtrl\DdrCtrl.sv (1460)" representative instance : ddr3_ctl_axi/u_efx_ddr3_soft_controller/genblk1.inst_ddr3_axi/inst_efx_ddr3/top_mc/controller_main/dff_948/i2
FF|OPT : Flip-flop optimization by equivalence checking
@ "D:\yilingsi_fpga\Efinity_Project\2026.9.25\9.25.1_ding_Ti60F225_Canny_Face_Parallel\ip/DdrCtrl\DdrCtrl.sv (1460)" removed instance : ddr3_ctl_axi/u_efx_ddr3_soft_controller/genblk1.inst_ddr3_axi/inst_efx_ddr3/top_mc/controller_main/dff_949/i1
@ "D:\yilingsi_fpga\Efinity_Project\2026.9.25\9.25.1_ding_Ti60F225_Canny_Face_Parallel\ip/DdrCtrl\DdrCtrl.sv (1460)" representative instance : ddr3_ctl_axi/u_efx_ddr3_soft_controller/genblk1.inst_ddr3_axi/inst_efx_ddr3/top_mc/controller_main/dff_948/i2
FF|OPT : Flip-flop optimization by equivalence checking
@ "D:\yilingsi_fpga\Efinity_Project\2026.9.25\9.25.1_ding_Ti60F225_Canny_Face_Parallel\src\vision\line_buffer_3x3.v (92)" removed instance : u_parallel/u_morph/a/i17
@ "D:\yilingsi_fpga\Efinity_Project\2026.9.25\9.25.1_ding_Ti60F225_Canny_Face_Parallel\src\vision\line_buffer_3x3.v (92)" representative instance : u_parallel/u_canny/u_med_window/i17
FF|OPT : Flip-flop optimization by equivalence checking
@ "D:\yilingsi_fpga\Efinity_Project\2026.9.25\9.25.1_ding_Ti60F225_Canny_Face_Parallel\src\vision\line_buffer_3x3.v (217)" removed instance : u_parallel/u_morph/a/dff_88/i10
@ "D:\yilingsi_fpga\Efinity_Project\2026.9.25\9.25.1_ding_Ti60F225_Canny_Face_Parallel\src\vision\line_buffer_3x3.v (217)" representative instance : u_parallel/u_canny/u_med_window/dff_130/i10
FF|OPT : Flip-flop optimization by equivalence checking
@ "D:\yilingsi_fpga\Efinity_Project\2026.9.25\9.25.1_ding_Ti60F225_Canny_Face_Parallel\src\parallel\face_morph.v (11)" removed instance : u_parallel/u_morph/dff_18/i10
@ "D:\yilingsi_fpga\Efinity_Project\2026.9.25\9.25.1_ding_Ti60F225_Canny_Face_Parallel\src\vision\median3x3.v (125)" representative instance : u_parallel/u_canny/u_median/dff_90/i10
FF|OPT : Flip-flop optimization by equivalence checking
@ "D:\yilingsi_fpga\Efinity_Project\2026.9.25\9.25.1_ding_Ti60F225_Canny_Face_Parallel\src\vision\line_buffer_3x3.v (217)" removed instance : u_parallel/u_morph/a/dff_88/i9
@ "D:\yilingsi_fpga\Efinity_Project\2026.9.25\9.25.1_ding_Ti60F225_Canny_Face_Parallel\src\vision\line_buffer_3x3.v (217)" representative instance : u_parallel/u_canny/u_med_window/dff_130/i9
FF|OPT : Flip-flop optimization by equivalence checking
@ "D:\yilingsi_fpga\Efinity_Project\2026.9.25\9.25.1_ding_Ti60F225_Canny_Face_Parallel\src\parallel\face_morph.v (11)" removed instance : u_parallel/u_morph/dff_18/i9
@ "D:\yilingsi_fpga\Efinity_Project\2026.9.25\9.25.1_ding_Ti60F225_Canny_Face_Parallel\src\vision\median3x3.v (125)" representative instance : u_parallel/u_canny/u_median/dff_90/i9
FF|OPT : Flip-flop optimization by equivalence checking
@ "D:\yilingsi_fpga\Efinity_Project\2026.9.25\9.25.1_ding_Ti60F225_Canny_Face_Parallel\src\vision\line_buffer_3x3.v (217)" removed instance : u_parallel/u_morph/a/dff_88/i8
@ "D:\yilingsi_fpga\Efinity_Project\2026.9.25\9.25.1_ding_Ti60F225_Canny_Face_Parallel\src\vision\line_buffer_3x3.v (217)" representative instance : u_parallel/u_canny/u_med_window/dff_130/i8
FF|OPT : Flip-flop optimization by equivalence checking
@ "D:\yilingsi_fpga\Efinity_Project\2026.9.25\9.25.1_ding_Ti60F225_Canny_Face_Parallel\src\parallel\face_morph.v (11)" removed instance : u_parallel/u_morph/dff_18/i8
@ "D:\yilingsi_fpga\Efinity_Project\2026.9.25\9.25.1_ding_Ti60F225_Canny_Face_Parallel\src\vision\median3x3.v (125)" representative instance : u_parallel/u_canny/u_median/dff_90/i8
FF|OPT : Flip-flop optimization by equivalence checking
@ "D:\yilingsi_fpga\Efinity_Project\2026.9.25\9.25.1_ding_Ti60F225_Canny_Face_Parallel\src\vision\line_buffer_3x3.v (217)" removed instance : u_parallel/u_morph/a/dff_88/i7
@ "D:\yilingsi_fpga\Efinity_Project\2026.9.25\9.25.1_ding_Ti60F225_Canny_Face_Parallel\src\vision\line_buffer_3x3.v (217)" representative instance : u_parallel/u_canny/u_med_window/dff_130/i7
FF|OPT : Flip-flop optimization by equivalence checking
@ "D:\yilingsi_fpga\Efinity_Project\2026.9.25\9.25.1_ding_Ti60F225_Canny_Face_Parallel\src\parallel\face_morph.v (11)" removed instance : u_parallel/u_morph/dff_18/i7
@ "D:\yilingsi_fpga\Efinity_Project\2026.9.25\9.25.1_ding_Ti60F225_Canny_Face_Parallel\src\vision\median3x3.v (125)" representative instance : u_parallel/u_canny/u_median/dff_90/i7
FF|OPT : Flip-flop optimization by equivalence checking
@ "D:\yilingsi_fpga\Efinity_Project\2026.9.25\9.25.1_ding_Ti60F225_Canny_Face_Parallel\src\vision\line_buffer_3x3.v (217)" removed instance : u_parallel/u_morph/a/dff_88/i6
@ "D:\yilingsi_fpga\Efinity_Project\2026.9.25\9.25.1_ding_Ti60F225_Canny_Face_Parallel\src\vision\line_buffer_3x3.v (217)" representative instance : u_parallel/u_canny/u_med_window/dff_130/i6
FF|OPT : Flip-flop optimization by equivalence checking
@ "D:\yilingsi_fpga\Efinity_Project\2026.9.25\9.25.1_ding_Ti60F225_Canny_Face_Parallel\src\parallel\face_morph.v (11)" removed instance : u_parallel/u_morph/dff_18/i6
@ "D:\yilingsi_fpga\Efinity_Project\2026.9.25\9.25.1_ding_Ti60F225_Canny_Face_Parallel\src\vision\median3x3.v (125)" representative instance : u_parallel/u_canny/u_median/dff_90/i6
FF|OPT : Flip-flop optimization by equivalence checking
@ "D:\yilingsi_fpga\Efinity_Project\2026.9.25\9.25.1_ding_Ti60F225_Canny_Face_Parallel\src\vision\line_buffer_3x3.v (217)" removed instance : u_parallel/u_morph/a/dff_88/i5
@ "D:\yilingsi_fpga\Efinity_Project\2026.9.25\9.25.1_ding_Ti60F225_Canny_Face_Parallel\src\vision\line_buffer_3x3.v (217)" representative instance : u_parallel/u_canny/u_med_window/dff_130/i5
FF|OPT : Flip-flop optimization by equivalence checking
@ "D:\yilingsi_fpga\Efinity_Project\2026.9.25\9.25.1_ding_Ti60F225_Canny_Face_Parallel\src\parallel\face_morph.v (11)" removed instance : u_parallel/u_morph/dff_18/i5
@ "D:\yilingsi_fpga\Efinity_Project\2026.9.25\9.25.1_ding_Ti60F225_Canny_Face_Parallel\src\vision\median3x3.v (125)" representative instance : u_parallel/u_canny/u_median/dff_90/i5
FF|OPT : Flip-flop optimization by equivalence checking
@ "D:\yilingsi_fpga\Efinity_Project\2026.9.25\9.25.1_ding_Ti60F225_Canny_Face_Parallel\src\vision\line_buffer_3x3.v (217)" removed instance : u_parallel/u_morph/a/dff_88/i4
@ "D:\yilingsi_fpga\Efinity_Project\2026.9.25\9.25.1_ding_Ti60F225_Canny_Face_Parallel\src\vision\line_buffer_3x3.v (217)" representative instance : u_parallel/u_canny/u_med_window/dff_130/i4
FF|OPT : Flip-flop optimization by equivalence checking
@ "D:\yilingsi_fpga\Efinity_Project\2026.9.25\9.25.1_ding_Ti60F225_Canny_Face_Parallel\src\parallel\face_morph.v (11)" removed instance : u_parallel/u_morph/dff_18/i4
@ "D:\yilingsi_fpga\Efinity_Project\2026.9.25\9.25.1_ding_Ti60F225_Canny_Face_Parallel\src\vision\median3x3.v (125)" representative instance : u_parallel/u_canny/u_median/dff_90/i4
FF|OPT : Flip-flop optimization by equivalence checking
@ "D:\yilingsi_fpga\Efinity_Project\2026.9.25\9.25.1_ding_Ti60F225_Canny_Face_Parallel\src\vision\line_buffer_3x3.v (217)" removed instance : u_parallel/u_morph/a/dff_88/i3
@ "D:\yilingsi_fpga\Efinity_Project\2026.9.25\9.25.1_ding_Ti60F225_Canny_Face_Parallel\src\vision\line_buffer_3x3.v (217)" representative instance : u_parallel/u_canny/u_med_window/dff_130/i3
FF|OPT : Flip-flop optimization by equivalence checking
@ "D:\yilingsi_fpga\Efinity_Project\2026.9.25\9.25.1_ding_Ti60F225_Canny_Face_Parallel\src\parallel\face_morph.v (11)" removed instance : u_parallel/u_morph/dff_18/i3
@ "D:\yilingsi_fpga\Efinity_Project\2026.9.25\9.25.1_ding_Ti60F225_Canny_Face_Parallel\src\vision\median3x3.v (125)" representative instance : u_parallel/u_canny/u_median/dff_90/i3
FF|OPT : Flip-flop optimization by equivalence checking
@ "D:\yilingsi_fpga\Efinity_Project\2026.9.25\9.25.1_ding_Ti60F225_Canny_Face_Parallel\src\vision\line_buffer_3x3.v (217)" removed instance : u_parallel/u_morph/a/dff_88/i2
@ "D:\yilingsi_fpga\Efinity_Project\2026.9.25\9.25.1_ding_Ti60F225_Canny_Face_Parallel\src\vision\line_buffer_3x3.v (217)" representative instance : u_parallel/u_canny/u_med_window/dff_130/i2
FF|OPT : Flip-flop optimization by equivalence checking
@ "D:\yilingsi_fpga\Efinity_Project\2026.9.25\9.25.1_ding_Ti60F225_Canny_Face_Parallel\src\parallel\face_morph.v (11)" removed instance : u_parallel/u_morph/dff_18/i2
@ "D:\yilingsi_fpga\Efinity_Project\2026.9.25\9.25.1_ding_Ti60F225_Canny_Face_Parallel\src\vision\median3x3.v (125)" representative instance : u_parallel/u_canny/u_median/dff_90/i2
FF|OPT : Flip-flop optimization by equivalence checking
@ "D:\yilingsi_fpga\Efinity_Project\2026.9.25\9.25.1_ding_Ti60F225_Canny_Face_Parallel\src\vision\line_buffer_3x3.v (217)" removed instance : u_parallel/u_morph/a/dff_88/i1
@ "D:\yilingsi_fpga\Efinity_Project\2026.9.25\9.25.1_ding_Ti60F225_Canny_Face_Parallel\src\vision\line_buffer_3x3.v (217)" representative instance : u_parallel/u_canny/u_med_window/dff_130/i1
FF|OPT : Flip-flop optimization by equivalence checking
@ "D:\yilingsi_fpga\Efinity_Project\2026.9.25\9.25.1_ding_Ti60F225_Canny_Face_Parallel\src\parallel\face_morph.v (11)" removed instance : u_parallel/u_morph/dff_18/i1
@ "D:\yilingsi_fpga\Efinity_Project\2026.9.25\9.25.1_ding_Ti60F225_Canny_Face_Parallel\src\vision\median3x3.v (125)" representative instance : u_parallel/u_canny/u_median/dff_90/i1
FF|OPT : Flip-flop optimization by equivalence checking
@ "D:\yilingsi_fpga\Efinity_Project\2026.9.25\9.25.1_ding_Ti60F225_Canny_Face_Parallel\src\vision\line_buffer_3x3.v (92)" removed instance : u_parallel/u_morph/a/dff_14/i11
@ "D:\yilingsi_fpga\Efinity_Project\2026.9.25\9.25.1_ding_Ti60F225_Canny_Face_Parallel\src\vision\line_buffer_3x3.v (92)" representative instance : u_parallel/u_canny/u_med_window/dff_14/i11
FF|OPT : Flip-flop optimization by equivalence checking
@ "D:\yilingsi_fpga\Efinity_Project\2026.9.25\9.25.1_ding_Ti60F225_Canny_Face_Parallel\src\vision\line_buffer_3x3.v (92)" removed instance : u_parallel/u_morph/a/dff_14/i10
@ "D:\yilingsi_fpga\Efinity_Project\2026.9.25\9.25.1_ding_Ti60F225_Canny_Face_Parallel\src\vision\line_buffer_3x3.v (92)" representative instance : u_parallel/u_canny/u_med_window/dff_14/i10
FF|OPT : Flip-flop optimization by equivalence checking
@ "D:\yilingsi_fpga\Efinity_Project\2026.9.25\9.25.1_ding_Ti60F225_Canny_Face_Parallel\src\vision\line_buffer_3x3.v (92)" removed instance : u_parallel/u_morph/a/dff_14/i9
@ "D:\yilingsi_fpga\Efinity_Project\2026.9.25\9.25.1_ding_Ti60F225_Canny_Face_Parallel\src\vision\line_buffer_3x3.v (92)" representative instance : u_parallel/u_canny/u_med_window/dff_14/i9
FF|OPT : Flip-flop optimization by equivalence checking
@ "D:\yilingsi_fpga\Efinity_Project\2026.9.25\9.25.1_ding_Ti60F225_Canny_Face_Parallel\src\vision\line_buffer_3x3.v (92)" removed instance : u_parallel/u_morph/a/dff_14/i8
@ "D:\yilingsi_fpga\Efinity_Project\2026.9.25\9.25.1_ding_Ti60F225_Canny_Face_Parallel\src\vision\line_buffer_3x3.v (92)" representative instance : u_parallel/u_canny/u_med_window/dff_14/i8
FF|OPT : Flip-flop optimization by equivalence checking
@ "D:\yilingsi_fpga\Efinity_Project\2026.9.25\9.25.1_ding_Ti60F225_Canny_Face_Parallel\src\vision\line_buffer_3x3.v (92)" removed instance : u_parallel/u_morph/a/dff_14/i7
@ "D:\yilingsi_fpga\Efinity_Project\2026.9.25\9.25.1_ding_Ti60F225_Canny_Face_Parallel\src\vision\line_buffer_3x3.v (92)" representative instance : u_parallel/u_canny/u_med_window/dff_14/i7
FF|OPT : Flip-flop optimization by equivalence checking
@ "D:\yilingsi_fpga\Efinity_Project\2026.9.25\9.25.1_ding_Ti60F225_Canny_Face_Parallel\src\vision\line_buffer_3x3.v (92)" removed instance : u_parallel/u_morph/a/dff_14/i6
@ "D:\yilingsi_fpga\Efinity_Project\2026.9.25\9.25.1_ding_Ti60F225_Canny_Face_Parallel\src\vision\line_buffer_3x3.v (92)" representative instance : u_parallel/u_canny/u_med_window/dff_14/i6
FF|OPT : Flip-flop optimization by equivalence checking
@ "D:\yilingsi_fpga\Efinity_Project\2026.9.25\9.25.1_ding_Ti60F225_Canny_Face_Parallel\src\vision\line_buffer_3x3.v (92)" removed instance : u_parallel/u_morph/a/dff_14/i5
@ "D:\yilingsi_fpga\Efinity_Project\2026.9.25\9.25.1_ding_Ti60F225_Canny_Face_Parallel\src\vision\line_buffer_3x3.v (92)" representative instance : u_parallel/u_canny/u_med_window/dff_14/i5
FF|OPT : Flip-flop optimization by equivalence checking
@ "D:\yilingsi_fpga\Efinity_Project\2026.9.25\9.25.1_ding_Ti60F225_Canny_Face_Parallel\src\vision\line_buffer_3x3.v (92)" removed instance : u_parallel/u_morph/a/dff_14/i4
@ "D:\yilingsi_fpga\Efinity_Project\2026.9.25\9.25.1_ding_Ti60F225_Canny_Face_Parallel\src\vision\line_buffer_3x3.v (92)" representative instance : u_parallel/u_canny/u_med_window/dff_14/i4
FF|OPT : Flip-flop optimization by equivalence checking
@ "D:\yilingsi_fpga\Efinity_Project\2026.9.25\9.25.1_ding_Ti60F225_Canny_Face_Parallel\src\vision\line_buffer_3x3.v (92)" removed instance : u_parallel/u_morph/a/dff_14/i3
@ "D:\yilingsi_fpga\Efinity_Project\2026.9.25\9.25.1_ding_Ti60F225_Canny_Face_Parallel\src\vision\line_buffer_3x3.v (92)" representative instance : u_parallel/u_canny/u_med_window/dff_14/i3
FF|OPT : Flip-flop optimization by equivalence checking
@ "D:\yilingsi_fpga\Efinity_Project\2026.9.25\9.25.1_ding_Ti60F225_Canny_Face_Parallel\src\vision\line_buffer_3x3.v (92)" removed instance : u_parallel/u_morph/a/dff_14/i2
@ "D:\yilingsi_fpga\Efinity_Project\2026.9.25\9.25.1_ding_Ti60F225_Canny_Face_Parallel\src\vision\line_buffer_3x3.v (92)" representative instance : u_parallel/u_canny/u_med_window/dff_14/i2
FF|OPT : Flip-flop optimization by equivalence checking
@ "D:\yilingsi_fpga\Efinity_Project\2026.9.25\9.25.1_ding_Ti60F225_Canny_Face_Parallel\src\vision\line_buffer_3x3.v (92)" removed instance : u_parallel/u_morph/a/dff_14/i1
@ "D:\yilingsi_fpga\Efinity_Project\2026.9.25\9.25.1_ding_Ti60F225_Canny_Face_Parallel\src\vision\line_buffer_3x3.v (92)" representative instance : u_parallel/u_canny/u_med_window/dff_14/i1
FF|OPT : Flip-flop optimization by equivalence checking
@ "D:\yilingsi_fpga\Efinity_Project\2026.9.25\9.25.1_ding_Ti60F225_Canny_Face_Parallel\src\vision\line_buffer_3x3.v (92)" removed instance : u_parallel/u_canny/g_gaussian.u_window/i17
@ "D:\yilingsi_fpga\Efinity_Project\2026.9.25\9.25.1_ding_Ti60F225_Canny_Face_Parallel\src\vision\line_buffer_3x3.v (92)" representative instance : u_parallel/u_canny/u_grad_window/i17
FF|OPT : Flip-flop optimization by equivalence checking
@ "D:\yilingsi_fpga\Efinity_Project\2026.9.25\9.25.1_ding_Ti60F225_Canny_Face_Parallel\src\vision\line_buffer_3x3.v (92)" removed instance : u_parallel/u_canny/g_gaussian.u_window/dff_14/i11
@ "D:\yilingsi_fpga\Efinity_Project\2026.9.25\9.25.1_ding_Ti60F225_Canny_Face_Parallel\src\vision\line_buffer_3x3.v (92)" representative instance : u_parallel/u_canny/u_grad_window/dff_14/i11
FF|OPT : Flip-flop optimization by equivalence checking
@ "D:\yilingsi_fpga\Efinity_Project\2026.9.25\9.25.1_ding_Ti60F225_Canny_Face_Parallel\src\vision\line_buffer_3x3.v (92)" removed instance : u_parallel/u_canny/g_gaussian.u_window/dff_14/i10
@ "D:\yilingsi_fpga\Efinity_Project\2026.9.25\9.25.1_ding_Ti60F225_Canny_Face_Parallel\src\vision\line_buffer_3x3.v (92)" representative instance : u_parallel/u_canny/u_grad_window/dff_14/i10
FF|OPT : Flip-flop optimization by equivalence checking
@ "D:\yilingsi_fpga\Efinity_Project\2026.9.25\9.25.1_ding_Ti60F225_Canny_Face_Parallel\src\vision\line_buffer_3x3.v (92)" removed instance : u_parallel/u_canny/g_gaussian.u_window/dff_14/i9
@ "D:\yilingsi_fpga\Efinity_Project\2026.9.25\9.25.1_ding_Ti60F225_Canny_Face_Parallel\src\vision\line_buffer_3x3.v (92)" representative instance : u_parallel/u_canny/u_grad_window/dff_14/i9
FF|OPT : Flip-flop optimization by equivalence checking
@ "D:\yilingsi_fpga\Efinity_Project\2026.9.25\9.25.1_ding_Ti60F225_Canny_Face_Parallel\src\vision\line_buffer_3x3.v (92)" removed instance : u_parallel/u_canny/g_gaussian.u_window/dff_14/i8
@ "D:\yilingsi_fpga\Efinity_Project\2026.9.25\9.25.1_ding_Ti60F225_Canny_Face_Parallel\src\vision\line_buffer_3x3.v (92)" representative instance : u_parallel/u_canny/u_grad_window/dff_14/i8
FF|OPT : Flip-flop optimization by equivalence checking
@ "D:\yilingsi_fpga\Efinity_Project\2026.9.25\9.25.1_ding_Ti60F225_Canny_Face_Parallel\src\vision\line_buffer_3x3.v (92)" removed instance : u_parallel/u_canny/g_gaussian.u_window/dff_14/i7
@ "D:\yilingsi_fpga\Efinity_Project\2026.9.25\9.25.1_ding_Ti60F225_Canny_Face_Parallel\src\vision\line_buffer_3x3.v (92)" representative instance : u_parallel/u_canny/u_grad_window/dff_14/i7
FF|OPT : Flip-flop optimization by equivalence checking
@ "D:\yilingsi_fpga\Efinity_Project\2026.9.25\9.25.1_ding_Ti60F225_Canny_Face_Parallel\src\vision\line_buffer_3x3.v (92)" removed instance : u_parallel/u_canny/g_gaussian.u_window/dff_14/i6
@ "D:\yilingsi_fpga\Efinity_Project\2026.9.25\9.25.1_ding_Ti60F225_Canny_Face_Parallel\src\vision\line_buffer_3x3.v (92)" representative instance : u_parallel/u_canny/u_grad_window/dff_14/i6
FF|OPT : Flip-flop optimization by equivalence checking
@ "D:\yilingsi_fpga\Efinity_Project\2026.9.25\9.25.1_ding_Ti60F225_Canny_Face_Parallel\src\vision\line_buffer_3x3.v (92)" removed instance : u_parallel/u_canny/g_gaussian.u_window/dff_14/i5
@ "D:\yilingsi_fpga\Efinity_Project\2026.9.25\9.25.1_ding_Ti60F225_Canny_Face_Parallel\src\vision\line_buffer_3x3.v (92)" representative instance : u_parallel/u_canny/u_grad_window/dff_14/i5
FF|OPT : Flip-flop optimization by equivalence checking
@ "D:\yilingsi_fpga\Efinity_Project\2026.9.25\9.25.1_ding_Ti60F225_Canny_Face_Parallel\src\vision\line_buffer_3x3.v (92)" removed instance : u_parallel/u_canny/g_gaussian.u_window/dff_14/i4
@ "D:\yilingsi_fpga\Efinity_Project\2026.9.25\9.25.1_ding_Ti60F225_Canny_Face_Parallel\src\vision\line_buffer_3x3.v (92)" representative instance : u_parallel/u_canny/u_grad_window/dff_14/i4
FF|OPT : Flip-flop optimization by equivalence checking
@ "D:\yilingsi_fpga\Efinity_Project\2026.9.25\9.25.1_ding_Ti60F225_Canny_Face_Parallel\src\vision\line_buffer_3x3.v (92)" removed instance : u_parallel/u_canny/g_gaussian.u_window/dff_14/i3
@ "D:\yilingsi_fpga\Efinity_Project\2026.9.25\9.25.1_ding_Ti60F225_Canny_Face_Parallel\src\vision\line_buffer_3x3.v (92)" representative instance : u_parallel/u_canny/u_grad_window/dff_14/i3
FF|OPT : Flip-flop optimization by equivalence checking
@ "D:\yilingsi_fpga\Efinity_Project\2026.9.25\9.25.1_ding_Ti60F225_Canny_Face_Parallel\src\vision\line_buffer_3x3.v (92)" removed instance : u_parallel/u_canny/g_gaussian.u_window/dff_14/i2
@ "D:\yilingsi_fpga\Efinity_Project\2026.9.25\9.25.1_ding_Ti60F225_Canny_Face_Parallel\src\vision\line_buffer_3x3.v (92)" representative instance : u_parallel/u_canny/u_grad_window/dff_14/i2
FF|OPT : Flip-flop optimization by equivalence checking
@ "D:\yilingsi_fpga\Efinity_Project\2026.9.25\9.25.1_ding_Ti60F225_Canny_Face_Parallel\src\vision\line_buffer_3x3.v (92)" removed instance : u_parallel/u_canny/g_gaussian.u_window/dff_14/i1
@ "D:\yilingsi_fpga\Efinity_Project\2026.9.25\9.25.1_ding_Ti60F225_Canny_Face_Parallel\src\vision\line_buffer_3x3.v (92)" representative instance : u_parallel/u_canny/u_grad_window/dff_14/i1
FF|OPT : Flip-flop optimization by equivalence checking
@ "D:\yilingsi_fpga\Efinity_Project\2026.9.25\9.25.1_ding_Ti60F225_Canny_Face_Parallel\src\vision\line_buffer_3x3.v (217)" removed instance : u_parallel/u_canny/g_gaussian.u_window/dff_130/i9
@ "D:\yilingsi_fpga\Efinity_Project\2026.9.25\9.25.1_ding_Ti60F225_Canny_Face_Parallel\src\vision\line_buffer_3x3.v (217)" representative instance : u_parallel/u_canny/u_grad_window/dff_130/i9
FF|OPT : Flip-flop optimization by equivalence checking
@ "D:\yilingsi_fpga\Efinity_Project\2026.9.25\9.25.1_ding_Ti60F225_Canny_Face_Parallel\src\vision\sobel3x3.v (125)" removed instance : u_parallel/u_canny/g_gaussian.u_gradient/dff_45/i9
@ "D:\yilingsi_fpga\Efinity_Project\2026.9.25\9.25.1_ding_Ti60F225_Canny_Face_Parallel\src\vision\sobel3x3.v (125)" representative instance : u_parallel/u_canny/u_sobel/dff_45/i9
FF|OPT : Flip-flop optimization by equivalence checking
@ "D:\yilingsi_fpga\Efinity_Project\2026.9.25\9.25.1_ding_Ti60F225_Canny_Face_Parallel\src\vision\line_buffer_3x3.v (217)" removed instance : u_parallel/u_canny/g_gaussian.u_window/dff_130/i8
@ "D:\yilingsi_fpga\Efinity_Project\2026.9.25\9.25.1_ding_Ti60F225_Canny_Face_Parallel\src\vision\line_buffer_3x3.v (217)" representative instance : u_parallel/u_canny/u_grad_window/dff_130/i8
FF|OPT : Flip-flop optimization by equivalence checking
@ "D:\yilingsi_fpga\Efinity_Project\2026.9.25\9.25.1_ding_Ti60F225_Canny_Face_Parallel\src\vision\sobel3x3.v (125)" removed instance : u_parallel/u_canny/g_gaussian.u_gradient/dff_45/i8
@ "D:\yilingsi_fpga\Efinity_Project\2026.9.25\9.25.1_ding_Ti60F225_Canny_Face_Parallel\src\vision\sobel3x3.v (125)" representative instance : u_parallel/u_canny/u_sobel/dff_45/i8
FF|OPT : Flip-flop optimization by equivalence checking
@ "D:\yilingsi_fpga\Efinity_Project\2026.9.25\9.25.1_ding_Ti60F225_Canny_Face_Parallel\src\vision\line_buffer_3x3.v (217)" removed instance : u_parallel/u_canny/g_gaussian.u_window/dff_130/i7
@ "D:\yilingsi_fpga\Efinity_Project\2026.9.25\9.25.1_ding_Ti60F225_Canny_Face_Parallel\src\vision\line_buffer_3x3.v (217)" representative instance : u_parallel/u_canny/u_grad_window/dff_130/i7
FF|OPT : Flip-flop optimization by equivalence checking
@ "D:\yilingsi_fpga\Efinity_Project\2026.9.25\9.25.1_ding_Ti60F225_Canny_Face_Parallel\src\vision\sobel3x3.v (125)" removed instance : u_parallel/u_canny/g_gaussian.u_gradient/dff_45/i7
@ "D:\yilingsi_fpga\Efinity_Project\2026.9.25\9.25.1_ding_Ti60F225_Canny_Face_Parallel\src\vision\sobel3x3.v (125)" representative instance : u_parallel/u_canny/u_sobel/dff_45/i7
FF|OPT : Flip-flop optimization by equivalence checking
@ "D:\yilingsi_fpga\Efinity_Project\2026.9.25\9.25.1_ding_Ti60F225_Canny_Face_Parallel\src\vision\line_buffer_3x3.v (217)" removed instance : u_parallel/u_canny/g_gaussian.u_window/dff_130/i6
@ "D:\yilingsi_fpga\Efinity_Project\2026.9.25\9.25.1_ding_Ti60F225_Canny_Face_Parallel\src\vision\line_buffer_3x3.v (217)" representative instance : u_parallel/u_canny/u_grad_window/dff_130/i6
FF|OPT : Flip-flop optimization by equivalence checking
@ "D:\yilingsi_fpga\Efinity_Project\2026.9.25\9.25.1_ding_Ti60F225_Canny_Face_Parallel\src\vision\sobel3x3.v (125)" removed instance : u_parallel/u_canny/g_gaussian.u_gradient/dff_45/i6
@ "D:\yilingsi_fpga\Efinity_Project\2026.9.25\9.25.1_ding_Ti60F225_Canny_Face_Parallel\src\vision\sobel3x3.v (125)" representative instance : u_parallel/u_canny/u_sobel/dff_45/i6
FF|OPT : Flip-flop optimization by equivalence checking
@ "D:\yilingsi_fpga\Efinity_Project\2026.9.25\9.25.1_ding_Ti60F225_Canny_Face_Parallel\src\vision\line_buffer_3x3.v (217)" removed instance : u_parallel/u_canny/g_gaussian.u_window/dff_130/i5
@ "D:\yilingsi_fpga\Efinity_Project\2026.9.25\9.25.1_ding_Ti60F225_Canny_Face_Parallel\src\vision\line_buffer_3x3.v (217)" representative instance : u_parallel/u_canny/u_grad_window/dff_130/i5
FF|OPT : Flip-flop optimization by equivalence checking
@ "D:\yilingsi_fpga\Efinity_Project\2026.9.25\9.25.1_ding_Ti60F225_Canny_Face_Parallel\src\vision\sobel3x3.v (125)" removed instance : u_parallel/u_canny/g_gaussian.u_gradient/dff_45/i5
@ "D:\yilingsi_fpga\Efinity_Project\2026.9.25\9.25.1_ding_Ti60F225_Canny_Face_Parallel\src\vision\sobel3x3.v (125)" representative instance : u_parallel/u_canny/u_sobel/dff_45/i5
FF|OPT : Flip-flop optimization by equivalence checking
@ "D:\yilingsi_fpga\Efinity_Project\2026.9.25\9.25.1_ding_Ti60F225_Canny_Face_Parallel\src\vision\line_buffer_3x3.v (217)" removed instance : u_parallel/u_canny/g_gaussian.u_window/dff_130/i4
@ "D:\yilingsi_fpga\Efinity_Project\2026.9.25\9.25.1_ding_Ti60F225_Canny_Face_Parallel\src\vision\line_buffer_3x3.v (217)" representative instance : u_parallel/u_canny/u_grad_window/dff_130/i4
FF|OPT : Flip-flop optimization by equivalence checking
@ "D:\yilingsi_fpga\Efinity_Project\2026.9.25\9.25.1_ding_Ti60F225_Canny_Face_Parallel\src\vision\sobel3x3.v (125)" removed instance : u_parallel/u_canny/g_gaussian.u_gradient/dff_45/i4
@ "D:\yilingsi_fpga\Efinity_Project\2026.9.25\9.25.1_ding_Ti60F225_Canny_Face_Parallel\src\vision\sobel3x3.v (125)" representative instance : u_parallel/u_canny/u_sobel/dff_45/i4
FF|OPT : Flip-flop optimization by equivalence checking
@ "D:\yilingsi_fpga\Efinity_Project\2026.9.25\9.25.1_ding_Ti60F225_Canny_Face_Parallel\src\vision\line_buffer_3x3.v (217)" removed instance : u_parallel/u_canny/g_gaussian.u_window/dff_130/i3
@ "D:\yilingsi_fpga\Efinity_Project\2026.9.25\9.25.1_ding_Ti60F225_Canny_Face_Parallel\src\vision\line_buffer_3x3.v (217)" representative instance : u_parallel/u_canny/u_grad_window/dff_130/i3
FF|OPT : Flip-flop optimization by equivalence checking
@ "D:\yilingsi_fpga\Efinity_Project\2026.9.25\9.25.1_ding_Ti60F225_Canny_Face_Parallel\src\vision\sobel3x3.v (125)" removed instance : u_parallel/u_canny/g_gaussian.u_gradient/dff_45/i3
@ "D:\yilingsi_fpga\Efinity_Project\2026.9.25\9.25.1_ding_Ti60F225_Canny_Face_Parallel\src\vision\sobel3x3.v (125)" representative instance : u_parallel/u_canny/u_sobel/dff_45/i3
FF|OPT : Flip-flop optimization by equivalence checking
@ "D:\yilingsi_fpga\Efinity_Project\2026.9.25\9.25.1_ding_Ti60F225_Canny_Face_Parallel\src\vision\line_buffer_3x3.v (217)" removed instance : u_parallel/u_canny/g_gaussian.u_window/dff_130/i2
@ "D:\yilingsi_fpga\Efinity_Project\2026.9.25\9.25.1_ding_Ti60F225_Canny_Face_Parallel\src\vision\line_buffer_3x3.v (217)" representative instance : u_parallel/u_canny/u_grad_window/dff_130/i2
FF|OPT : Flip-flop optimization by equivalence checking
@ "D:\yilingsi_fpga\Efinity_Project\2026.9.25\9.25.1_ding_Ti60F225_Canny_Face_Parallel\src\vision\sobel3x3.v (125)" removed instance : u_parallel/u_canny/g_gaussian.u_gradient/dff_45/i2
@ "D:\yilingsi_fpga\Efinity_Project\2026.9.25\9.25.1_ding_Ti60F225_Canny_Face_Parallel\src\vision\sobel3x3.v (125)" representative instance : u_parallel/u_canny/u_sobel/dff_45/i2
FF|OPT : Flip-flop optimization by equivalence checking
@ "D:\yilingsi_fpga\Efinity_Project\2026.9.25\9.25.1_ding_Ti60F225_Canny_Face_Parallel\src\vision\line_buffer_3x3.v (217)" removed instance : u_parallel/u_canny/g_gaussian.u_window/dff_130/i1
@ "D:\yilingsi_fpga\Efinity_Project\2026.9.25\9.25.1_ding_Ti60F225_Canny_Face_Parallel\src\vision\line_buffer_3x3.v (217)" representative instance : u_parallel/u_canny/u_grad_window/dff_130/i1
FF|OPT : Flip-flop optimization by equivalence checking
@ "D:\yilingsi_fpga\Efinity_Project\2026.9.25\9.25.1_ding_Ti60F225_Canny_Face_Parallel\src\vision\sobel3x3.v (125)" removed instance : u_parallel/u_canny/g_gaussian.u_gradient/dff_45/i1
@ "D:\yilingsi_fpga\Efinity_Project\2026.9.25\9.25.1_ding_Ti60F225_Canny_Face_Parallel\src\vision\sobel3x3.v (125)" representative instance : u_parallel/u_canny/u_sobel/dff_45/i1
FF|OPT : Flip-flop optimization by equivalence checking
@ "D:\yilingsi_fpga\Efinity_Project\2026.9.25\9.25.1_ding_Ti60F225_Canny_Face_Parallel\src\vision\line_buffer_3x3.v (217)" removed instance : u_parallel/u_canny/g_gaussian.u_window/dff_130/i10
@ "D:\yilingsi_fpga\Efinity_Project\2026.9.25\9.25.1_ding_Ti60F225_Canny_Face_Parallel\src\vision\line_buffer_3x3.v (217)" representative instance : u_parallel/u_canny/u_grad_window/dff_130/i10
FF|OPT : Flip-flop optimization by equivalence checking
@ "D:\yilingsi_fpga\Efinity_Project\2026.9.25\9.25.1_ding_Ti60F225_Canny_Face_Parallel\src\vision\sobel3x3.v (125)" removed instance : u_parallel/u_canny/g_gaussian.u_gradient/dff_45/i10
@ "D:\yilingsi_fpga\Efinity_Project\2026.9.25\9.25.1_ding_Ti60F225_Canny_Face_Parallel\src\vision\sobel3x3.v (125)" representative instance : u_parallel/u_canny/u_sobel/dff_45/i10
FF|OPT : Flip-flop optimization by equivalence checking
@ "D:\yilingsi_fpga\Efinity_Project\2026.9.25\9.25.1_ding_Ti60F225_Canny_Face_Parallel\src\vision\line_buffer_3x3.v (143)" removed instance : u_parallel/u_canny/g_gaussian.u_window/i43
@ "D:\yilingsi_fpga\Efinity_Project\2026.9.25\9.25.1_ding_Ti60F225_Canny_Face_Parallel\src\vision\line_buffer_3x3.v (143)" representative instance : u_parallel/u_canny/u_grad_window/i43
FF|OPT : Flip-flop optimization by equivalence checking
@ "D:\yilingsi_fpga\Efinity_Project\2026.9.25\9.25.1_ding_Ti60F225_Canny_Face_Parallel\src\vision\line_buffer_3x3.v (143)" removed instance : u_parallel/u_canny/g_gaussian.u_window/dff_43/i1
@ "D:\yilingsi_fpga\Efinity_Project\2026.9.25\9.25.1_ding_Ti60F225_Canny_Face_Parallel\src\vision\line_buffer_3x3.v (143)" representative instance : u_parallel/u_canny/u_grad_window/dff_43/i1
FF|OPT : Flip-flop optimization by equivalence checking
@ "D:\yilingsi_fpga\Efinity_Project\2026.9.25\9.25.1_ding_Ti60F225_Canny_Face_Parallel\src\vision\line_buffer_3x3.v (143)" removed instance : u_parallel/u_canny/g_gaussian.u_window/dff_43/i2
@ "D:\yilingsi_fpga\Efinity_Project\2026.9.25\9.25.1_ding_Ti60F225_Canny_Face_Parallel\src\vision\line_buffer_3x3.v (143)" representative instance : u_parallel/u_canny/u_grad_window/dff_43/i2
FF|OPT : Flip-flop optimization by equivalence checking
@ "D:\yilingsi_fpga\Efinity_Project\2026.9.25\9.25.1_ding_Ti60F225_Canny_Face_Parallel\src\vision\line_buffer_3x3.v (143)" removed instance : u_parallel/u_canny/g_gaussian.u_window/dff_43/i3
@ "D:\yilingsi_fpga\Efinity_Project\2026.9.25\9.25.1_ding_Ti60F225_Canny_Face_Parallel\src\vision\line_buffer_3x3.v (143)" representative instance : u_parallel/u_canny/u_grad_window/dff_43/i3
FF|OPT : Flip-flop optimization by equivalence checking
@ "D:\yilingsi_fpga\Efinity_Project\2026.9.25\9.25.1_ding_Ti60F225_Canny_Face_Parallel\src\vision\line_buffer_3x3.v (143)" removed instance : u_parallel/u_canny/g_gaussian.u_window/dff_43/i4
@ "D:\yilingsi_fpga\Efinity_Project\2026.9.25\9.25.1_ding_Ti60F225_Canny_Face_Parallel\src\vision\line_buffer_3x3.v (143)" representative instance : u_parallel/u_canny/u_grad_window/dff_43/i4
FF|OPT : Flip-flop optimization by equivalence checking
@ "D:\yilingsi_fpga\Efinity_Project\2026.9.25\9.25.1_ding_Ti60F225_Canny_Face_Parallel\src\vision\line_buffer_3x3.v (143)" removed instance : u_parallel/u_canny/g_gaussian.u_window/dff_43/i5
@ "D:\yilingsi_fpga\Efinity_Project\2026.9.25\9.25.1_ding_Ti60F225_Canny_Face_Parallel\src\vision\line_buffer_3x3.v (143)" representative instance : u_parallel/u_canny/u_grad_window/dff_43/i5
FF|OPT : Flip-flop optimization by equivalence checking
@ "D:\yilingsi_fpga\Efinity_Project\2026.9.25\9.25.1_ding_Ti60F225_Canny_Face_Parallel\src\vision\line_buffer_3x3.v (143)" removed instance : u_parallel/u_canny/g_gaussian.u_window/dff_43/i6
@ "D:\yilingsi_fpga\Efinity_Project\2026.9.25\9.25.1_ding_Ti60F225_Canny_Face_Parallel\src\vision\line_buffer_3x3.v (143)" representative instance : u_parallel/u_canny/u_grad_window/dff_43/i6
FF|OPT : Flip-flop optimization by equivalence checking
@ "D:\yilingsi_fpga\Efinity_Project\2026.9.25\9.25.1_ding_Ti60F225_Canny_Face_Parallel\src\vision\line_buffer_3x3.v (143)" removed instance : u_parallel/u_canny/g_gaussian.u_window/dff_43/i7
@ "D:\yilingsi_fpga\Efinity_Project\2026.9.25\9.25.1_ding_Ti60F225_Canny_Face_Parallel\src\vision\line_buffer_3x3.v (143)" representative instance : u_parallel/u_canny/u_grad_window/dff_43/i7
FF|OPT : Flip-flop optimization by equivalence checking
@ "D:\yilingsi_fpga\Efinity_Project\2026.9.25\9.25.1_ding_Ti60F225_Canny_Face_Parallel\src\vision\line_buffer_3x3.v (143)" removed instance : u_parallel/u_canny/g_gaussian.u_window/dff_43/i8
@ "D:\yilingsi_fpga\Efinity_Project\2026.9.25\9.25.1_ding_Ti60F225_Canny_Face_Parallel\src\vision\line_buffer_3x3.v (143)" representative instance : u_parallel/u_canny/u_grad_window/dff_43/i8
FF|OPT : Flip-flop optimization by equivalence checking
@ "D:\yilingsi_fpga\Efinity_Project\2026.9.25\9.25.1_ding_Ti60F225_Canny_Face_Parallel\src\vision\line_buffer_3x3.v (143)" removed instance : u_parallel/u_canny/g_gaussian.u_window/dff_43/i9
@ "D:\yilingsi_fpga\Efinity_Project\2026.9.25\9.25.1_ding_Ti60F225_Canny_Face_Parallel\src\vision\line_buffer_3x3.v (143)" representative instance : u_parallel/u_canny/u_grad_window/dff_43/i9
FF|OPT : Flip-flop optimization by equivalence checking
@ "D:\yilingsi_fpga\Efinity_Project\2026.9.25\9.25.1_ding_Ti60F225_Canny_Face_Parallel\src\vision\line_buffer_3x3.v (143)" removed instance : u_parallel/u_canny/g_gaussian.u_window/dff_43/i10
@ "D:\yilingsi_fpga\Efinity_Project\2026.9.25\9.25.1_ding_Ti60F225_Canny_Face_Parallel\src\vision\line_buffer_3x3.v (143)" representative instance : u_parallel/u_canny/u_grad_window/dff_43/i10
FF|OPT : Flip-flop optimization by equivalence checking
@ "D:\yilingsi_fpga\Efinity_Project\2026.9.25\9.25.1_ding_Ti60F225_Canny_Face_Parallel\src\vision\line_buffer_3x3.v (143)" removed instance : u_parallel/u_morph/a/i43
@ "D:\yilingsi_fpga\Efinity_Project\2026.9.25\9.25.1_ding_Ti60F225_Canny_Face_Parallel\src\vision\line_buffer_3x3.v (143)" representative instance : u_parallel/u_canny/u_med_window/i43
FF|OPT : Flip-flop optimization by equivalence checking
@ "D:\yilingsi_fpga\Efinity_Project\2026.9.25\9.25.1_ding_Ti60F225_Canny_Face_Parallel\src\vision\line_buffer_3x3.v (143)" removed instance : u_parallel/u_morph/a/dff_43/i1
@ "D:\yilingsi_fpga\Efinity_Project\2026.9.25\9.25.1_ding_Ti60F225_Canny_Face_Parallel\src\vision\line_buffer_3x3.v (143)" representative instance : u_parallel/u_canny/u_med_window/dff_43/i1
FF|OPT : Flip-flop optimization by equivalence checking
@ "D:\yilingsi_fpga\Efinity_Project\2026.9.25\9.25.1_ding_Ti60F225_Canny_Face_Parallel\src\vision\line_buffer_3x3.v (143)" removed instance : u_parallel/u_morph/a/dff_43/i2
@ "D:\yilingsi_fpga\Efinity_Project\2026.9.25\9.25.1_ding_Ti60F225_Canny_Face_Parallel\src\vision\line_buffer_3x3.v (143)" representative instance : u_parallel/u_canny/u_med_window/dff_43/i2
FF|OPT : Flip-flop optimization by equivalence checking
@ "D:\yilingsi_fpga\Efinity_Project\2026.9.25\9.25.1_ding_Ti60F225_Canny_Face_Parallel\src\vision\line_buffer_3x3.v (143)" removed instance : u_parallel/u_morph/a/dff_43/i3
@ "D:\yilingsi_fpga\Efinity_Project\2026.9.25\9.25.1_ding_Ti60F225_Canny_Face_Parallel\src\vision\line_buffer_3x3.v (143)" representative instance : u_parallel/u_canny/u_med_window/dff_43/i3
FF|OPT : Flip-flop optimization by equivalence checking
@ "D:\yilingsi_fpga\Efinity_Project\2026.9.25\9.25.1_ding_Ti60F225_Canny_Face_Parallel\src\vision\line_buffer_3x3.v (143)" removed instance : u_parallel/u_morph/a/dff_43/i4
@ "D:\yilingsi_fpga\Efinity_Project\2026.9.25\9.25.1_ding_Ti60F225_Canny_Face_Parallel\src\vision\line_buffer_3x3.v (143)" representative instance : u_parallel/u_canny/u_med_window/dff_43/i4
FF|OPT : Flip-flop optimization by equivalence checking
@ "D:\yilingsi_fpga\Efinity_Project\2026.9.25\9.25.1_ding_Ti60F225_Canny_Face_Parallel\src\vision\line_buffer_3x3.v (143)" removed instance : u_parallel/u_morph/a/dff_43/i5
@ "D:\yilingsi_fpga\Efinity_Project\2026.9.25\9.25.1_ding_Ti60F225_Canny_Face_Parallel\src\vision\line_buffer_3x3.v (143)" representative instance : u_parallel/u_canny/u_med_window/dff_43/i5
FF|OPT : Flip-flop optimization by equivalence checking
@ "D:\yilingsi_fpga\Efinity_Project\2026.9.25\9.25.1_ding_Ti60F225_Canny_Face_Parallel\src\vision\line_buffer_3x3.v (143)" removed instance : u_parallel/u_morph/a/dff_43/i6
@ "D:\yilingsi_fpga\Efinity_Project\2026.9.25\9.25.1_ding_Ti60F225_Canny_Face_Parallel\src\vision\line_buffer_3x3.v (143)" representative instance : u_parallel/u_canny/u_med_window/dff_43/i6
FF|OPT : Flip-flop optimization by equivalence checking
@ "D:\yilingsi_fpga\Efinity_Project\2026.9.25\9.25.1_ding_Ti60F225_Canny_Face_Parallel\src\vision\line_buffer_3x3.v (143)" removed instance : u_parallel/u_morph/a/dff_43/i7
@ "D:\yilingsi_fpga\Efinity_Project\2026.9.25\9.25.1_ding_Ti60F225_Canny_Face_Parallel\src\vision\line_buffer_3x3.v (143)" representative instance : u_parallel/u_canny/u_med_window/dff_43/i7
FF|OPT : Flip-flop optimization by equivalence checking
@ "D:\yilingsi_fpga\Efinity_Project\2026.9.25\9.25.1_ding_Ti60F225_Canny_Face_Parallel\src\vision\line_buffer_3x3.v (143)" removed instance : u_parallel/u_morph/a/dff_43/i8
@ "D:\yilingsi_fpga\Efinity_Project\2026.9.25\9.25.1_ding_Ti60F225_Canny_Face_Parallel\src\vision\line_buffer_3x3.v (143)" representative instance : u_parallel/u_canny/u_med_window/dff_43/i8
FF|OPT : Flip-flop optimization by equivalence checking
@ "D:\yilingsi_fpga\Efinity_Project\2026.9.25\9.25.1_ding_Ti60F225_Canny_Face_Parallel\src\vision\line_buffer_3x3.v (143)" removed instance : u_parallel/u_morph/a/dff_43/i9
@ "D:\yilingsi_fpga\Efinity_Project\2026.9.25\9.25.1_ding_Ti60F225_Canny_Face_Parallel\src\vision\line_buffer_3x3.v (143)" representative instance : u_parallel/u_canny/u_med_window/dff_43/i9
FF|OPT : Flip-flop optimization by equivalence checking
@ "D:\yilingsi_fpga\Efinity_Project\2026.9.25\9.25.1_ding_Ti60F225_Canny_Face_Parallel\src\vision\line_buffer_3x3.v (143)" removed instance : u_parallel/u_morph/a/dff_43/i10
@ "D:\yilingsi_fpga\Efinity_Project\2026.9.25\9.25.1_ding_Ti60F225_Canny_Face_Parallel\src\vision\line_buffer_3x3.v (143)" representative instance : u_parallel/u_canny/u_med_window/dff_43/i10
FF|OPT : Flip-flop optimization by equivalence checking
@ "D:\yilingsi_fpga\Efinity_Project\2026.9.25\9.25.1_ding_Ti60F225_Canny_Face_Parallel\src\parallel\face_grid_regions.v (181)" removed instance : u_parallel/u_regions/dff_1383/i33
@ "D:\yilingsi_fpga\Efinity_Project\2026.9.25\9.25.1_ding_Ti60F225_Canny_Face_Parallel\src\parallel\face_grid_regions.v (181)" representative instance : u_parallel/u_regions/dff_1383/i12
FF|OPT : Flip-flop optimization by equivalence checking
@ "D:\yilingsi_fpga\Efinity_Project\2026.9.25\9.25.1_ding_Ti60F225_Canny_Face_Parallel\src\parallel\face_grid_regions.v (181)" removed instance : u_parallel/u_regions/dff_1385/i33
@ "D:\yilingsi_fpga\Efinity_Project\2026.9.25\9.25.1_ding_Ti60F225_Canny_Face_Parallel\src\parallel\face_grid_regions.v (181)" representative instance : u_parallel/u_regions/dff_1385/i12
FF|OPT : Flip-flop optimization by equivalence checking
@ "D:\yilingsi_fpga\Efinity_Project\2026.9.25\9.25.1_ding_Ti60F225_Canny_Face_Parallel\src\parallel\face_grid_regions.v (181)" removed instance : u_parallel/u_regions/dff_1381/i33
@ "D:\yilingsi_fpga\Efinity_Project\2026.9.25\9.25.1_ding_Ti60F225_Canny_Face_Parallel\src\parallel\face_grid_regions.v (181)" representative instance : u_parallel/u_regions/dff_1381/i12
FF Output: r_flash_en(=0)
FF Output: r_dsi_lp_p_ovr[2](=0)
FF Output: r_dsi_lp_p_ovr[1](=0)
FF Output: rs_axilite[3](=0)
FF Output: rs_axilite[2](=0)
FF Output: rs_axilite[1](=0)
FF Output: rs_axilite[0](=0)
FF Output: r_axi_req(=0)
FF Output: r_dsi_lp_p_ovr[0](=0)
FF Output: r_axi_awvalid(=0)
FF Output: r_axi_wvalid(=0)
FF Output: r_axi_arvalid(=0)
FF Output: r_dsi_lp_n_ovr[0](=0)
FF Output: rc_axi_init[0](=0)
FF Output: r_axi_idle(=0)
FF Output: r_dsi_pwm[0](=0)
FF Output: ddr3_ctl_axi/u_efx_ddr3_soft_controller/genblk1.inst_ddr3_axi/r_i_wr_datamask[0](=0)
FF Output: ddr3_ctl_axi/u_efx_ddr3_soft_controller/genblk1.inst_ddr3_axi/r_i_wr_datamask[1](=0)
FF Output: ddr3_ctl_axi/u_efx_ddr3_soft_controller/genblk1.inst_ddr3_axi/r_i_wr_datamask[2](=0)
FF Output: ddr3_ctl_axi/u_efx_ddr3_soft_controller/genblk1.inst_ddr3_axi/r_i_wr_datamask[3](=0)
FF Output: ddr3_ctl_axi/u_efx_ddr3_soft_controller/genblk1.inst_ddr3_axi/r_i_wr_datamask[4](=0)
FF Output: ddr3_ctl_axi/u_efx_ddr3_soft_controller/genblk1.inst_ddr3_axi/r_i_wr_datamask[5](=0)
FF Output: ddr3_ctl_axi/u_efx_ddr3_soft_controller/genblk1.inst_ddr3_axi/r_i_wr_datamask[6](=0)
FF Output: ddr3_ctl_axi/u_efx_ddr3_soft_controller/genblk1.inst_ddr3_axi/r_i_wr_datamask[7](=0)
FF Output: ddr3_ctl_axi/u_efx_ddr3_soft_controller/genblk1.inst_ddr3_axi/r_i_wr_datamask[8](=0)
FF Output: ddr3_ctl_axi/u_efx_ddr3_soft_controller/genblk1.inst_ddr3_axi/r_i_wr_datamask[9](=0)
FF Output: ddr3_ctl_axi/u_efx_ddr3_soft_controller/genblk1.inst_ddr3_axi/r_i_wr_datamask[10](=0)
FF Output: ddr3_ctl_axi/u_efx_ddr3_soft_controller/genblk1.inst_ddr3_axi/r_i_wr_datamask[11](=0)
FF Output: ddr3_ctl_axi/u_efx_ddr3_soft_controller/genblk1.inst_ddr3_axi/r_i_wr_datamask[12](=0)
FF Output: ddr3_ctl_axi/u_efx_ddr3_soft_controller/genblk1.inst_ddr3_axi/r_i_wr_datamask[13](=0)
FF Output: ddr3_ctl_axi/u_efx_ddr3_soft_controller/genblk1.inst_ddr3_axi/r_i_wr_datamask[14](=0)
FF Output: ddr3_ctl_axi/u_efx_ddr3_soft_controller/genblk1.inst_ddr3_axi/r_i_wr_datamask[15](=0)
FF Output: ddr3_ctl_axi/u_efx_ddr3_soft_controller/genblk1.inst_ddr3_axi/inst_efx_ddr3/cal_wr_datamask[0](=0)
FF Output: o_dqs_hi[1](=0)
FF Output: o_dqs_hi[0](=0)
FF Output: o_dqs_n_lo[0](=0)
FF Output: ddr3_ctl_axi/u_efx_ddr3_soft_controller/genblk1.inst_ddr3_axi/inst_efx_ddr3/top_mc/controller_main/odt_cnt[0](=0)
FF Output: o_dqs_n_lo[1](=0)
FF Output: ddr3_ctl_axi/u_efx_ddr3_soft_controller/genblk1.inst_ddr3_axi/inst_efx_ddr3/cal_wr_data[61](=0)
FF Output: ddr3_ctl_axi/u_efx_ddr3_soft_controller/genblk1.inst_ddr3_axi/inst_efx_ddr3/cal_wr_data[86](=0)
FF Output: ddr3_ctl_axi/u_efx_ddr3_soft_controller/genblk1.inst_ddr3_axi/inst_efx_ddr3/cal_wr_data[96](=0)
FF Output: ddr3_ctl_axi/u_efx_ddr3_soft_controller/genblk1.inst_ddr3_axi/inst_efx_ddr3/cal_wr_data[106](=0)
FF Output: ddr3_ctl_axi/u_efx_ddr3_soft_controller/genblk1.inst_ddr3_axi/inst_efx_ddr3/cal_wr_data[108](=0)
FF Output: ddr3_ctl_axi/u_efx_ddr3_soft_controller/genblk1.inst_ddr3_axi/inst_efx_ddr3/cal_wr_data[118](=0)
FF Output: ddr3_ctl_axi/u_efx_ddr3_soft_controller/genblk1.inst_ddr3_axi/inst_efx_ddr3/cal_wr_datamask[1](=0)
FF Output: ddr3_ctl_axi/u_efx_ddr3_soft_controller/genblk1.inst_ddr3_axi/inst_efx_ddr3/cal_wr_datamask[2](=0)
FF Output: ddr3_ctl_axi/u_efx_ddr3_soft_controller/genblk1.inst_ddr3_axi/inst_efx_ddr3/cal_wr_datamask[3](=0)
FF Output: ddr3_ctl_axi/u_efx_ddr3_soft_controller/genblk1.inst_ddr3_axi/inst_efx_ddr3/cal_wr_datamask[4](=0)
FF Output: ddr3_ctl_axi/u_efx_ddr3_soft_controller/genblk1.inst_ddr3_axi/inst_efx_ddr3/cal_wr_datamask[5](=0)
FF Output: ddr3_ctl_axi/u_efx_ddr3_soft_controller/genblk1.inst_ddr3_axi/inst_efx_ddr3/cal_wr_datamask[6](=0)
FF Output: ddr3_ctl_axi/u_efx_ddr3_soft_controller/genblk1.inst_ddr3_axi/inst_efx_ddr3/cal_wr_datamask[7](=0)
FF Output: ddr3_ctl_axi/u_efx_ddr3_soft_controller/genblk1.inst_ddr3_axi/inst_efx_ddr3/cal_wr_datamask[8](=0)
FF Output: ddr3_ctl_axi/u_efx_ddr3_soft_controller/genblk1.inst_ddr3_axi/inst_efx_ddr3/cal_wr_datamask[9](=0)
FF Output: ddr3_ctl_axi/u_efx_ddr3_soft_controller/genblk1.inst_ddr3_axi/inst_efx_ddr3/cal_wr_datamask[10](=0)
FF Output: ddr3_ctl_axi/u_efx_ddr3_soft_controller/genblk1.inst_ddr3_axi/inst_efx_ddr3/cal_wr_datamask[11](=0)
FF Output: ddr3_ctl_axi/u_efx_ddr3_soft_controller/genblk1.inst_ddr3_axi/inst_efx_ddr3/cal_wr_datamask[12](=0)
FF Output: ddr3_ctl_axi/u_efx_ddr3_soft_controller/genblk1.inst_ddr3_axi/inst_efx_ddr3/cal_wr_datamask[13](=0)
FF Output: ddr3_ctl_axi/u_efx_ddr3_soft_controller/genblk1.inst_ddr3_axi/inst_efx_ddr3/cal_wr_datamask[14](=0)
FF Output: ddr3_ctl_axi/u_efx_ddr3_soft_controller/genblk1.inst_ddr3_axi/inst_efx_ddr3/cal_wr_datamask[15](=0)
FF Output: ddr3_ctl_axi/u_efx_ddr3_soft_controller/genblk1.inst_ddr3_axi/inst_efx_ddr3/inc_addr_p[1](=0)
FF Output: ddr3_ctl_axi/u_efx_ddr3_soft_controller/genblk1.inst_ddr3_axi/inst_efx_ddr3/inc_addr_p[2](=0)
FF Output: ddr3_ctl_axi/u_efx_ddr3_soft_controller/genblk1.inst_ddr3_axi/inst_efx_ddr3/inc_addr_p[3](=0)
FF Output: ddr3_ctl_axi/u_efx_ddr3_soft_controller/genblk1.inst_ddr3_axi/inst_efx_ddr3/inc_addr_p[4](=0)
FF Output: ddr3_ctl_axi/u_efx_ddr3_soft_controller/genblk1.inst_ddr3_axi/inst_efx_ddr3/inc_addr_p[5](=0)
FF Output: ddr3_ctl_axi/u_efx_ddr3_soft_controller/genblk1.inst_ddr3_axi/inst_efx_ddr3/inc_addr_p[6](=0)
FF Output: ddr3_ctl_axi/u_efx_ddr3_soft_controller/genblk1.inst_ddr3_axi/inst_efx_ddr3/inc_addr_p[7](=0)
FF Output: ddr3_ctl_axi/u_efx_ddr3_soft_controller/genblk1.inst_ddr3_axi/inst_efx_ddr3/inc_addr_p[8](=0)
FF Output: ddr3_ctl_axi/u_efx_ddr3_soft_controller/genblk1.inst_ddr3_axi/inst_efx_ddr3/inc_addr_p[9](=0)
FF Output: ddr3_ctl_axi/u_efx_ddr3_soft_controller/genblk1.inst_ddr3_axi/inst_efx_ddr3/inc_addr_p[10](=0)
FF Output: ddr3_ctl_axi/u_efx_ddr3_soft_controller/genblk1.inst_ddr3_axi/inst_efx_ddr3/inc_addr_p[11](=0)
FF Output: ddr3_ctl_axi/u_efx_ddr3_soft_controller/genblk1.inst_ddr3_axi/inst_efx_ddr3/inc_addr_p[12](=0)
FF Output: ddr3_ctl_axi/u_efx_ddr3_soft_controller/genblk1.inst_ddr3_axi/inst_efx_ddr3/inc_addr_p[13](=0)
FF Output: ddr3_ctl_axi/u_efx_ddr3_soft_controller/genblk1.inst_ddr3_axi/inst_efx_ddr3/inc_addr_p[14](=0)
FF Output: ddr3_ctl_axi/u_efx_ddr3_soft_controller/genblk1.inst_ddr3_axi/inst_efx_ddr3/inc_addr_p[15](=0)
FF Output: r_dsi_lp_p_ovr[3](=0)
FF Output: r_dsi_lp_n_ovr[1](=0)
FF Output: r_dsi_lp_n_ovr[2](=0)
FF Output: r_dsi_lp_n_ovr[3](=0)
FF Output: rc_axi_init[1](=0)
FF Output: rc_axi_init[2](=0)
FF Output: rc_axi_init[3](=0)
FF Output: w_ddr3_araddr[0](=0)
FF Output: w_ddr3_araddr[1](=0)
FF Output: w_ddr3_araddr[2](=0)
FF Output: w_ddr3_araddr[3](=0)
FF Output: w_ddr3_araddr[4](=0)
FF Output: w_ddr3_araddr[5](=0)
FF Output: w_ddr3_araddr[6](=0)
FF Output: w_ddr3_araddr[7](=0)
FF Output: w_ddr3_araddr[8](=0)
FF Output: w_ddr3_araddr[9](=0)
FF Output: w_ddr3_araddr[10](=0)
FF Output: u_parallel/u_regions/work_boxes[0](=0)
FF Output: u_parallel/u_regions/pending_boxes[0](=0)
FF Output: u_parallel/u_regions/work_boxes[1](=0)
FF Output: u_parallel/u_regions/work_boxes[2](=0)
FF Output: u_parallel/u_regions/work_boxes[22](=0)
FF Output: u_parallel/u_regions/work_boxes[23](=0)
FF Output: u_parallel/u_regions/work_boxes[24](=0)
FF Output: u_parallel/u_regions/work_boxes[168](=0)
FF Output: u_parallel/u_regions/work_boxes[169](=0)
FF Output: u_parallel/u_regions/work_boxes[170](=0)
FF Output: u_parallel/u_regions/work_boxes[190](=0)
FF Output: u_parallel/u_regions/work_boxes[191](=0)
FF Output: u_parallel/u_regions/work_boxes[192](=0)
FF Output: u_parallel/u_regions/work_boxes[210](=0)
FF Output: u_parallel/u_regions/work_boxes[211](=0)
FF Output: u_parallel/u_regions/work_boxes[212](=0)
FF Output: u_parallel/u_regions/work_boxes[232](=0)
FF Output: u_parallel/u_regions/work_boxes[233](=0)
FF Output: u_parallel/u_regions/work_boxes[234](=0)
FF Output: u_parallel/u_regions/work_boxes[252](=0)
FF Output: u_parallel/u_regions/work_boxes[253](=0)
FF Output: u_parallel/u_regions/work_boxes[254](=0)
FF Output: u_parallel/u_regions/work_boxes[274](=0)
FF Output: u_parallel/u_regions/work_boxes[275](=0)
FF Output: u_parallel/u_regions/work_boxes[276](=0)
FF Output: u_parallel/u_regions/work_boxes[294](=0)
FF Output: u_parallel/u_regions/work_boxes[295](=0)
FF Output: u_parallel/u_regions/work_boxes[296](=0)
FF Output: u_parallel/u_regions/work_boxes[316](=0)
FF Output: u_parallel/u_regions/work_boxes[317](=0)
FF Output: u_parallel/u_regions/work_boxes[318](=0)
FF Output: u_parallel/u_regions/pending_boxes[1](=0)
FF Output: u_parallel/u_regions/pending_boxes[2](=0)
FF Output: u_parallel/u_regions/pending_boxes[22](=0)
FF Output: u_parallel/u_regions/pending_boxes[23](=0)
FF Output: u_parallel/u_regions/pending_boxes[24](=0)
FF Output: u_parallel/u_regions/pending_boxes[168](=0)
FF Output: u_parallel/u_regions/pending_boxes[169](=0)
FF Output: u_parallel/u_regions/pending_boxes[170](=0)
FF Output: u_parallel/u_regions/pending_boxes[190](=0)
FF Output: u_parallel/u_regions/pending_boxes[191](=0)
FF Output: u_parallel/u_regions/pending_boxes[192](=0)
FF Output: u_parallel/u_regions/pending_boxes[210](=0)
FF Output: u_parallel/u_regions/pending_boxes[211](=0)
FF Output: u_parallel/u_regions/pending_boxes[212](=0)
FF Output: u_parallel/u_regions/pending_boxes[232](=0)
FF Output: u_parallel/u_regions/pending_boxes[233](=0)
FF Output: u_parallel/u_regions/pending_boxes[234](=0)
FF Output: u_parallel/u_regions/pending_boxes[252](=0)
FF Output: u_parallel/u_regions/pending_boxes[253](=0)
FF Output: u_parallel/u_regions/pending_boxes[254](=0)
FF Output: u_parallel/u_regions/pending_boxes[274](=0)
FF Output: u_parallel/u_regions/pending_boxes[275](=0)
FF Output: u_parallel/u_regions/pending_boxes[276](=0)
FF Output: u_parallel/u_regions/pending_boxes[294](=0)
FF Output: u_parallel/u_regions/pending_boxes[295](=0)
FF Output: u_parallel/u_regions/pending_boxes[296](=0)
FF Output: u_parallel/u_regions/pending_boxes[316](=0)
FF Output: u_parallel/u_regions/pending_boxes[317](=0)
FF Output: u_parallel/u_regions/pending_boxes[318](=0)
FF Output: r_dsi_pwm[1](=0)
FF Output: r_dsi_pwm[2](=0)
FF Output: r_dsi_pwm[3](=0)
FF Output: r_dsi_pwm[4](=0)
FF Output: r_dsi_pwm[5](=0)
FF Output: r_dsi_pwm[6](=1)
FF Output: r_dsi_pwm[7](=0)
FF Output: u_parallel/boxes[0](=0)
FF Output: u_parallel/boxes[1](=0)
FF Output: u_parallel/boxes[2](=0)
FF Output: u_parallel/boxes[22](=0)
FF Output: u_parallel/boxes[23](=0)
FF Output: u_parallel/boxes[24](=0)
FF Output: u_parallel/boxes[168](=0)
FF Output: u_parallel/boxes[169](=0)
FF Output: u_parallel/boxes[170](=0)
FF Output: u_parallel/boxes[190](=0)
FF Output: u_parallel/boxes[191](=0)
FF Output: u_parallel/boxes[192](=0)
FF Output: u_parallel/boxes[210](=0)
FF Output: u_parallel/boxes[211](=0)
FF Output: u_parallel/boxes[212](=0)
FF Output: u_parallel/boxes[232](=0)
FF Output: u_parallel/boxes[233](=0)
FF Output: u_parallel/boxes[234](=0)
FF Output: u_parallel/boxes[252](=0)
FF Output: u_parallel/boxes[253](=0)
FF Output: u_parallel/boxes[254](=0)
FF Output: u_parallel/boxes[274](=0)
FF Output: u_parallel/boxes[275](=0)
FF Output: u_parallel/boxes[276](=0)
FF Output: u_parallel/boxes[294](=0)
FF Output: u_parallel/boxes[295](=0)
FF Output: u_parallel/boxes[296](=0)
FF Output: u_parallel/boxes[316](=0)
FF Output: u_parallel/boxes[317](=0)
FF Output: u_parallel/boxes[318](=0)
FF instance: u_axi4_ctrl/dff_80/i1(unreachable)
FF instance: u_axi4_ctrl/dff_80/i2(unreachable)
FF instance: u_axi4_ctrl/dff_80/i3(unreachable)
FF instance: u_axi4_ctrl/dff_80/i4(unreachable)
FF Output: ddr3_ctl_axi/u_efx_ddr3_soft_controller/genblk1.inst_ddr3_axi/r_ar_state[3](=0)
FF Output: o_dqs_n_hi[0]_3(=1)
FF Output: ddr3_ctl_axi/u_efx_ddr3_soft_controller/genblk1.inst_ddr3_axi/inst_efx_ddr3/top_mc/controller_main/dqs_state[2](=0)
FF Output: ddr3_ctl_axi/u_efx_ddr3_soft_controller/genblk1.inst_ddr3_axi/inst_efx_ddr3/top_mc/controller_main/dqs_state[3](=0)
FF Output: ddr3_ctl_axi/u_efx_ddr3_soft_controller/genblk1.inst_ddr3_axi/inst_efx_ddr3/top_mc/controller_main/arbiter_counter[3](=0)
FF Output: u_axi4_ctrl/rs_w[2](=0)
FF Output: u_axi4_ctrl/rs_w[3](=0)
FF Output: u_parallel/shape_box[21](=0)
FF instance: ddr3_ctl_axi/u_efx_ddr3_soft_controller/genblk1.inst_ddr3_axi/r_i_wr_addr[29]~FF(unreachable)
FF instance: ddr3_ctl_axi/u_efx_ddr3_soft_controller/genblk1.inst_ddr3_axi/r_i_wr_addr[30]~FF(unreachable)
FF instance: ddr3_ctl_axi/u_efx_ddr3_soft_controller/genblk1.inst_ddr3_axi/r_i_wr_addr[31]~FF(unreachable)
FF instance: ddr3_ctl_axi/u_efx_ddr3_soft_controller/genblk1.inst_ddr3_axi/r_i_rd_addr[29]~FF(unreachable)
FF instance: ddr3_ctl_axi/u_efx_ddr3_soft_controller/genblk1.inst_ddr3_axi/r_i_rd_addr[30]~FF(unreachable)
FF instance: ddr3_ctl_axi/u_efx_ddr3_soft_controller/genblk1.inst_ddr3_axi/r_i_rd_addr[31]~FF(unreachable)
### ### Sequential Elements Trimming Report (end) ### ### ### 

### ### Module Resource Usage Distribution Estimates (begin) ### ###

**Note: some resources maybe grouped under different hierarchy due to optimization and LUT mapping

Module                                                               FFs        SRLs        ADDs        LUTs    COMB4s      RAMs DSP/MULTs
------------------------------------------------------------         ---        ----        ----        ----      ----      ---- ---------
example_top:example_top                                         6670(23)      492(0)     2823(0)     9120(9)      0(0)    186(0)     14(0)
 +ddr3_ctl_axi:DdrCtrl                                           2110(0)      490(0)      501(0)     2608(0)      0(0)     30(0)      0(0)
  +u_efx_ddr3_soft_controller:efx_ddr3_soft_controller_f9...     2110(0)      490(0)      501(0)     2608(0)      0(0)     30(0)      0(0)
   +genblk1.inst_ddr3_axi:efx_ddr3_axi_f9db9b463f784e0ead...   2110(193)      490(0)    501(128)   2608(216)      0(0)     30(0)      0(0)
    +inst_arburst_fifo:Ddr_Ctrl_Sc_Fifo_f9db9b463f784e0ea...        7(7)        8(8)      12(12)      22(22)      0(0)      0(0)      0(0)
    +u_rd_addr_fifo:Ddr_Ctrl_Sc_Fifo_f9db9b463f784e0ead45...        7(7)    116(116)      12(12)      87(87)      0(0)      0(0)      0(0)
    +u_wr_addr_fifo:Ddr_Ctrl_Sc_Fifo_f9db9b463f784e0ead45...        7(7)    124(124)      12(12)      98(98)      0(0)      0(0)      0(0)
    +inst_awid_fifo:Ddr_Ctrl_Sc_Fifo_f9db9b463f784e0ead45...        7(7)        0(0)      12(12)      13(13)      0(0)      0(0)      0(0)
    +inst_arid_fifo:Ddr_Ctrl_Sc_Fifo_f9db9b463f784e0ead45...        7(7)        0(0)      12(12)      13(13)      0(0)      0(0)      0(0)
    +inst_respon_fifo:Ddr_Ctrl_Sc_Fifo_f9db9b463f784e0ead...        7(7)        0(0)      12(12)      14(14)      0(0)      0(0)      0(0)
    +inst_rd_brust_fifo:Ddr_Ctrl_Sc_Fifo_f9db9b463f784e0e...        7(7)      32(32)      12(12)      33(33)      0(0)      0(0)      0(0)
    +inst_rd_last_fifo:Ddr_Ctrl_Sc_Fifo_f9db9b463f784e0ea...        7(7)      32(32)      12(12)      33(33)      0(0)      0(0)      0(0)
    +inst_respon_len_fifo:Ddr_Ctrl_Sc_Fifo_f9db9b463f784e...        7(7)      32(32)      12(12)      33(33)      0(0)      0(0)      0(0)
    +inst_efx_ddr3:top_f9db9b463f784e0ead4594b0b8e61d81        1854(211)      146(0)     265(64)   2046(465)      0(0)     30(0)      0(0)
     +mux0:native_mux_f9db9b463f784e0ead4594b0b8e61d81              0(0)        0(0)        0(0)    186(186)      0(0)      0(0)      0(0)
     +top_mc:controller_top_f9db9b463f784e0ead4594b0b8e61d81    1622(29)      144(0)      201(0)    1382(27)      0(0)     30(0)      0(0)
      +rst_ctrl0:reset_ctrl_f9db9b463f784e0ead4594b0b8e61...       16(0)        0(0)        0(0)        0(0)      0(0)      0(0)      0(0)
       +genblk1[0].genblk1.genblk1.inst_sysclk_rstn:reset...        4(4)        0(0)        0(0)        0(0)      0(0)      0(0)      0(0)
       +genblk1[1].genblk1.genblk1.inst_sysclk_rstn:reset...        4(4)        0(0)        0(0)        0(0)      0(0)      0(0)      0(0)
       +genblk1[2].genblk1.genblk1.inst_sysclk_rstn:reset...        4(4)        0(0)        0(0)        0(0)      0(0)      0(0)      0(0)
       +genblk1[3].genblk1.genblk1.inst_sysclk_rstn:reset...        4(4)        0(0)        0(0)        0(0)      0(0)      0(0)      0(0)
      +rst_ctrl1:reset_ctrl_f9db9b463f784e0ead4594b0b8e61...        4(0)        0(0)        0(0)        0(0)      0(0)      0(0)      0(0)
       +genblk1[0].genblk1.genblk1.inst_sysclk_rstn:reset...        4(4)        0(0)        0(0)        0(0)      0(0)      0(0)      0(0)
      +fifo_ar:streamfifocc64_f9db9b463f784e0ead4594b0b8e...      54(26)        0(0)        8(8)      74(71)      0(0)      2(2)      0(0)
       +popToPushGray_buffercc:buffercc_f9db9b463f784e0ea...      14(14)        0(0)        0(0)        2(2)      0(0)      0(0)      0(0)
       +pushToPopGray_buffercc:buffercc_1_f9db9b463f784e0...      14(14)        0(0)        0(0)        1(1)      0(0)      0(0)      0(0)
      +fifo_aw:streamfifocc64_f9db9b463f784e0ead4594b0b8e...      54(26)        0(0)        8(8)      75(71)      0(0)      2(2)      0(0)
       +popToPushGray_buffercc:buffercc_f9db9b463f784e0ea...      14(14)        0(0)        0(0)        2(2)      0(0)      0(0)      0(0)
       +pushToPopGray_buffercc:buffercc_1_f9db9b463f784e0...      14(14)        0(0)        0(0)        2(2)      0(0)      0(0)      0(0)
      +fifo_wr:streamfifocc64_f9db9b463f784e0ead4594b0b8e...      54(26)        0(0)        8(8)      51(48)      0(0)      8(8)      0(0)
       +popToPushGray_buffercc:buffercc_f9db9b463f784e0ea...      14(14)        0(0)        0(0)        2(2)      0(0)      0(0)      0(0)
       +pushToPopGray_buffercc:buffercc_1_f9db9b463f784e0...      14(14)        0(0)        0(0)        1(1)      0(0)      0(0)      0(0)
      +fifo_rdpush:streamfifocc64_f9db9b463f784e0ead4594b...      54(26)        0(0)        8(8)      46(38)      0(0)      0(0)      0(0)
       +popToPushGray_buffercc:buffercc_f9db9b463f784e0ea...      14(14)        0(0)        0(0)        4(4)      0(0)      0(0)      0(0)
       +pushToPopGray_buffercc:buffercc_1_f9db9b463f784e0...      14(14)        0(0)        0(0)        4(4)      0(0)      0(0)      0(0)
      +fifo_rd:efx_fifo_top_f9db9b463f784e0ead4594b0b8e61...       71(0)        0(0)       27(0)       77(0)      0(0)      7(0)      0(0)
       +xefx_fifo_ram:efx_fifo_ram_f9db9b463f784e0ead4594...        0(0)        0(0)        0(0)      41(41)      0(0)      7(7)      0(0)
       +xefx_fifo_ctl:efx_fifo_ctl_f9db9b463f784e0ead4594...      71(43)        0(0)      27(27)      36(12)      0(0)      0(0)      0(0)
        +async_clk.xrd2wr_bin2gray:efx_fifo_bin2gray_f9db...        0(0)        0(0)        0(0)        6(6)      0(0)      0(0)      0(0)
        +async_clk.xrd2wr_addr_sync:efx_asyncreg_f9db9b46...      14(14)        0(0)        0(0)        0(0)      0(0)      0(0)      0(0)
        +async_clk.xrd2wr_gray2bin:efx_fifo_gray2bin_f9db...        0(0)        0(0)        0(0)        6(1)      0(0)      0(0)      0(0)
         +genblk1.genblk1.u_gray2bin:efx_fifo_gray2bin_f9...        0(0)        0(0)        0(0)        5(1)      0(0)      0(0)      0(0)
          +genblk1.genblk1.u_gray2bin:efx_fifo_gray2bin_f...        0(0)        0(0)        0(0)        4(1)      0(0)      0(0)      0(0)
           +genblk1.genblk1.u_gray2bin:efx_fifo_gray2bin_...        0(0)        0(0)        0(0)        3(1)      0(0)      0(0)      0(0)
            +genblk1.genblk1.u_gray2bin:efx_fifo_gray2bin...        0(0)        0(0)        0(0)        2(1)      0(0)      0(0)      0(0)
             +genblk1.genblk1.u_gray2bin:efx_fifo_gray2bi...        0(0)        0(0)        0(0)        1(1)      0(0)      0(0)      0(0)
        +async_clk.wr2rd_bin2gray:efx_fifo_bin2gray_f9db9...        0(0)        0(0)        0(0)        6(6)      0(0)      0(0)      0(0)
        +async_clk.wr2rd_addr_sync:efx_asyncreg_f9db9b463...      14(14)        0(0)        0(0)        0(0)      0(0)      0(0)      0(0)
        +async_clk.wr2rd_gray2bin:efx_fifo_gray2bin_f9db9...        0(0)        0(0)        0(0)        6(1)      0(0)      0(0)      0(0)
         +genblk1.genblk1.u_gray2bin:efx_fifo_gray2bin_f9...        0(0)        0(0)        0(0)        5(1)      0(0)      0(0)      0(0)
          +genblk1.genblk1.u_gray2bin:efx_fifo_gray2bin_f...        0(0)        0(0)        0(0)        4(1)      0(0)      0(0)      0(0)
           +genblk1.genblk1.u_gray2bin:efx_fifo_gray2bin_...        0(0)        0(0)        0(0)        3(1)      0(0)      0(0)      0(0)
            +genblk1.genblk1.u_gray2bin:efx_fifo_gray2bin...        0(0)        0(0)        0(0)        2(1)      0(0)      0(0)      0(0)
             +genblk1.genblk1.u_gray2bin:efx_fifo_gray2bi...        0(0)        0(0)        0(0)        1(1)      0(0)      0(0)      0(0)
      +fifo_ack:streamfifocc64_f9db9b463f784e0ead4594b0b8...      54(26)        0(0)        0(0)      44(38)      0(0)      1(1)      0(0)
       +popToPushGray_buffercc:buffercc_f9db9b463f784e0ea...      14(14)        0(0)        0(0)        3(3)      0(0)      0(0)      0(0)
       +pushToPopGray_buffercc:buffercc_1_f9db9b463f784e0...      14(14)        0(0)        0(0)        3(3)      0(0)      0(0)      0(0)
      +ac_fifo:streamfifocc64_f9db9b463f784e0ead4594b0b8e...      54(26)        0(0)        0(0)      43(39)      0(0)      3(3)      0(0)
       +popToPushGray_buffercc:buffercc_f9db9b463f784e0ea...      14(14)        0(0)        0(0)        2(2)      0(0)      0(0)      0(0)
       +pushToPopGray_buffercc:buffercc_1_f9db9b463f784e0...      14(14)        0(0)        0(0)        2(2)      0(0)      0(0)      0(0)
      +controller_main:ddr_3_controller_f9db9b463f784e0ea...  1178(1007)    144(144)    142(103)    945(836)      0(0)      7(0)      0(0)
       +bram_u2:bram_wrapper_fifo_f9db9b463f784e0ead4594b...       57(0)        0(0)       13(0)       29(0)      0(0)      1(0)      0(0)
        +u_efx_fifo_top:efx_fifo_top_f9db9b463f784e0ead45...       57(0)        0(0)       13(0)       29(0)      0(0)      1(0)      0(0)
         +xefx_fifo_ram:efx_fifo_ram_f9db9b463f784e0ead45...        1(1)        0(0)        0(0)        1(1)      0(0)      1(1)      0(0)
         +xefx_fifo_ctl:efx_fifo_ctl_f9db9b463f784e0ead45...      56(28)        0(0)      13(13)       28(9)      0(0)      0(0)      0(0)
          +async_clk.xrd2wr_bin2gray:efx_fifo_bin2gray_f9...        0(0)        0(0)        0(0)        6(6)      0(0)      0(0)      0(0)
          +async_clk.xrd2wr_addr_sync:efx_asyncreg_f9db9b...      14(14)        0(0)        0(0)        3(3)      0(0)      0(0)      0(0)
          +async_clk.wr2rd_bin2gray:efx_fifo_bin2gray_f9d...        0(0)        0(0)        0(0)        6(6)      0(0)      0(0)      0(0)
          +async_clk.wr2rd_addr_sync:efx_asyncreg_f9db9b4...      14(14)        0(0)        0(0)        4(4)      0(0)      0(0)      0(0)
       +bram_u1:bram_wrapper_fifo_f9db9b463f784e0ead4594b...       57(0)        0(0)       13(0)       29(0)      0(0)      1(0)      0(0)
        +u_efx_fifo_top:efx_fifo_top_f9db9b463f784e0ead45...       57(0)        0(0)       13(0)       29(0)      0(0)      1(0)      0(0)
         +xefx_fifo_ram:efx_fifo_ram_f9db9b463f784e0ead45...        1(1)        0(0)        0(0)        1(1)      0(0)      1(1)      0(0)
         +xefx_fifo_ctl:efx_fifo_ctl_f9db9b463f784e0ead45...      56(28)        0(0)      13(13)       28(9)      0(0)      0(0)      0(0)
          +async_clk.xrd2wr_bin2gray:efx_fifo_bin2gray_f9...        0(0)        0(0)        0(0)        6(6)      0(0)      0(0)      0(0)
          +async_clk.xrd2wr_addr_sync:efx_asyncreg_f9db9b...      14(14)        0(0)        0(0)        3(3)      0(0)      0(0)      0(0)
          +async_clk.wr2rd_bin2gray:efx_fifo_bin2gray_f9d...        0(0)        0(0)        0(0)        6(6)      0(0)      0(0)      0(0)
          +async_clk.wr2rd_addr_sync:efx_asyncreg_f9db9b4...      14(14)        0(0)        0(0)        4(4)      0(0)      0(0)      0(0)
       +bram_u0:bram_wrapper_fifo_f9db9b463f784e0ead4594b...       57(0)        0(0)       13(0)       29(0)      0(0)      1(0)      0(0)
        +u_efx_fifo_top:efx_fifo_top_f9db9b463f784e0ead45...       57(0)        0(0)       13(0)       29(0)      0(0)      1(0)      0(0)
         +xefx_fifo_ram:efx_fifo_ram_f9db9b463f784e0ead45...        1(1)        0(0)        0(0)        1(1)      0(0)      1(1)      0(0)
         +xefx_fifo_ctl:efx_fifo_ctl_f9db9b463f784e0ead45...      56(28)        0(0)      13(13)       28(9)      0(0)      0(0)      0(0)
          +async_clk.xrd2wr_bin2gray:efx_fifo_bin2gray_f9...        0(0)        0(0)        0(0)        6(6)      0(0)      0(0)      0(0)
          +async_clk.xrd2wr_addr_sync:efx_asyncreg_f9db9b...      14(14)        0(0)        0(0)        3(3)      0(0)      0(0)      0(0)
          +async_clk.wr2rd_bin2gray:efx_fifo_bin2gray_f9d...        0(0)        0(0)        0(0)        6(6)      0(0)      0(0)      0(0)
          +async_clk.wr2rd_addr_sync:efx_asyncreg_f9db9b4...      14(14)        0(0)        0(0)        4(4)      0(0)      0(0)      0(0)
       +map_ram:user_dual_port_ram_f9db9b463f784e0ead4594...        0(0)        0(0)        0(0)      22(22)      0(0)      4(4)      0(0)
     +rst_top0:reset_ctrl_f9db9b463f784e0ead4594b0b8e61d8...       10(0)        2(0)        0(0)        2(0)      0(0)      0(0)      0(0)
      +genblk1[0].genblk1.genblk1.inst_sysclk_rstn:reset_...        5(5)        1(1)        0(0)        1(1)      0(0)      0(0)      0(0)
      +genblk1[1].genblk1.genblk1.inst_sysclk_rstn:reset_...        5(5)        1(1)        0(0)        1(1)      0(0)      0(0)      0(0)
     +phase_u0:phase_shift_f9db9b463f784e0ead4594b0b8e61d81       11(11)        0(0)        0(0)      11(11)      0(0)      0(0)      0(0)
 +axi4_awar_mux:AXI4_AWARMux(AID_LEN=4)                             6(6)        0(0)        0(0)        7(7)      0(0)      0(0)      0(0)
 +u_i2c_timing_ctrl_16bit:i2c_timing_ctrl_16bit(CLK_FREQ=...      70(70)        0(0)      48(48)    509(509)      0(0)      0(0)      0(0)
 +u_Sensor_Image_XYCrop:Sensor_Image_XYCrop(IMAGE_HSIZE_S...      35(35)        0(0)      23(23)      29(29)      0(0)      0(0)      0(0)
 +u_freeze_button:button_press                                    25(25)        0(0)      20(20)      31(31)      0(0)      0(0)      0(0)
 +u_axi4_ctrl:axi4_ctrl(C_ID_LEN=4,C_RD_END_ADDR=1843200,...    471(205)        2(2)      91(24)     186(77)      0(0)     16(0)      0(0)
  +u_frame_slots:frame_buffer_select                              11(11)        0(0)        0(0)        7(7)      0(0)      0(0)      0(0)
  +Gen_FIFO_W8.u_W0_FIFO_8:W0_FIFO_8                              128(0)        0(0)       34(0)       52(0)      0(0)      8(0)      0(0)
   +u_efx_fifo_top:efx_fifo_top_e28a7d4c8cc34a9cb9a97c74b...      128(0)        0(0)       34(0)       52(0)      0(0)      8(0)      0(0)
    +genblk2.genblk1.efx_resetsync_wr_rst:efx_resetsync_e...        2(0)        0(0)        0(0)        0(0)      0(0)      0(0)      0(0)
     +active_high.efx_resetsync_active_high:efx_asyncreg_...        2(2)        0(0)        0(0)        0(0)      0(0)      0(0)      0(0)
    +genblk2.genblk1.efx_resetsync_rd_rst:efx_resetsync_e...        2(0)        0(0)        0(0)        0(0)      0(0)      0(0)      0(0)
     +active_high.efx_resetsync_active_high:efx_asyncreg_...        2(2)        0(0)        0(0)        0(0)      0(0)      0(0)      0(0)
    +xefx_fifo_ram:efx_fifo_ram_e28a7d4c8cc34a9cb9a97c74b...        0(0)        0(0)        0(0)        0(0)      0(0)      8(8)      0(0)
    +xefx_fifo_ctl:efx_fifo_ctl_e28a7d4c8cc34a9cb9a97c74b...     124(64)        0(0)      34(34)      52(16)      0(0)      0(0)      0(0)
     +async_clk.xrd2wr_bin2gray:efx_fifo_bin2gray_e28a7d4...        0(0)        0(0)        0(0)        9(9)      0(0)      0(0)      0(0)
     +async_clk.xrd2wr_addr_sync:efx_asyncreg_e28a7d4c8cc...      30(30)        0(0)        0(0)        0(0)      0(0)      0(0)      0(0)
     +async_clk.xrd2wr_gray2bin:efx_fifo_gray2bin_e28a7d4...        0(0)        0(0)        0(0)        9(1)      0(0)      0(0)      0(0)
      +genblk1.genblk1.u_gray2bin:efx_fifo_gray2bin_e28a7...        0(0)        0(0)        0(0)        8(1)      0(0)      0(0)      0(0)
       +genblk1.genblk1.u_gray2bin:efx_fifo_gray2bin_e28a...        0(0)        0(0)        0(0)        7(1)      0(0)      0(0)      0(0)
        +genblk1.genblk1.u_gray2bin:efx_fifo_gray2bin_e28...        0(0)        0(0)        0(0)        6(1)      0(0)      0(0)      0(0)
         +genblk1.genblk1.u_gray2bin:efx_fifo_gray2bin_e2...        0(0)        0(0)        0(0)        5(1)      0(0)      0(0)      0(0)
          +genblk1.genblk1.u_gray2bin:efx_fifo_gray2bin_e...        0(0)        0(0)        0(0)        4(1)      0(0)      0(0)      0(0)
           +genblk1.genblk1.u_gray2bin:efx_fifo_gray2bin_...        0(0)        0(0)        0(0)        3(1)      0(0)      0(0)      0(0)
            +genblk1.genblk1.u_gray2bin:efx_fifo_gray2bin...        0(0)        0(0)        0(0)        2(1)      0(0)      0(0)      0(0)
             +genblk1.genblk1.u_gray2bin:efx_fifo_gray2bi...        0(0)        0(0)        0(0)        1(1)      0(0)      0(0)      0(0)
     +async_clk.wr2rd_bin2gray:efx_fifo_bin2gray_e28a7d4c...        0(0)        0(0)        0(0)        9(9)      0(0)      0(0)      0(0)
     +async_clk.wr2rd_addr_sync:efx_asyncreg_e28a7d4c8cc3...      30(30)        0(0)        0(0)        0(0)      0(0)      0(0)      0(0)
     +async_clk.wr2rd_gray2bin:efx_fifo_gray2bin_e28a7d4c...        0(0)        0(0)        0(0)        9(1)      0(0)      0(0)      0(0)
      +genblk1.genblk1.u_gray2bin:efx_fifo_gray2bin_e28a7...        0(0)        0(0)        0(0)        8(1)      0(0)      0(0)      0(0)
       +genblk1.genblk1.u_gray2bin:efx_fifo_gray2bin_e28a...        0(0)        0(0)        0(0)        7(1)      0(0)      0(0)      0(0)
        +genblk1.genblk1.u_gray2bin:efx_fifo_gray2bin_e28...        0(0)        0(0)        0(0)        6(1)      0(0)      0(0)      0(0)
         +genblk1.genblk1.u_gray2bin:efx_fifo_gray2bin_e2...        0(0)        0(0)        0(0)        5(1)      0(0)      0(0)      0(0)
          +genblk1.genblk1.u_gray2bin:efx_fifo_gray2bin_e...        0(0)        0(0)        0(0)        4(1)      0(0)      0(0)      0(0)
           +genblk1.genblk1.u_gray2bin:efx_fifo_gray2bin_...        0(0)        0(0)        0(0)        3(1)      0(0)      0(0)      0(0)
            +genblk1.genblk1.u_gray2bin:efx_fifo_gray2bin...        0(0)        0(0)        0(0)        2(1)      0(0)      0(0)      0(0)
             +genblk1.genblk1.u_gray2bin:efx_fifo_gray2bi...        0(0)        0(0)        0(0)        1(1)      0(0)      0(0)      0(0)
  +Gen_RFIFO_16.u_R0_FIFO_16:R0_FIFO_16                           127(0)        0(0)       33(0)       50(0)      0(0)      8(0)      0(0)
   +u_efx_fifo_top:efx_fifo_top_6027459dad3e4cdabe6337b18...      127(0)        0(0)       33(0)       50(0)      0(0)      8(0)      0(0)
    +genblk2.genblk1.efx_resetsync_wr_rst:efx_resetsync_6...        2(0)        0(0)        0(0)        0(0)      0(0)      0(0)      0(0)
     +active_high.efx_resetsync_active_high:efx_asyncreg_...        2(2)        0(0)        0(0)        0(0)      0(0)      0(0)      0(0)
    +genblk2.genblk1.efx_resetsync_rd_rst:efx_resetsync_6...        2(0)        0(0)        0(0)        0(0)      0(0)      0(0)      0(0)
     +active_high.efx_resetsync_active_high:efx_asyncreg_...        2(2)        0(0)        0(0)        0(0)      0(0)      0(0)      0(0)
    +xefx_fifo_ram:efx_fifo_ram_6027459dad3e4cdabe6337b18...        0(0)        0(0)        0(0)        0(0)      0(0)      8(8)      0(0)
    +xefx_fifo_ctl:efx_fifo_ctl_6027459dad3e4cdabe6337b18...     123(63)        0(0)      33(33)      50(14)      0(0)      0(0)      0(0)
     +async_clk.xrd2wr_bin2gray:efx_fifo_bin2gray_6027459...        0(0)        0(0)        0(0)        9(9)      0(0)      0(0)      0(0)
     +async_clk.xrd2wr_addr_sync:efx_asyncreg_6027459dad3...      30(30)        0(0)        0(0)        0(0)      0(0)      0(0)      0(0)
     +async_clk.xrd2wr_gray2bin:efx_fifo_gray2bin_6027459...        0(0)        0(0)        0(0)        9(1)      0(0)      0(0)      0(0)
      +genblk1.genblk1.u_gray2bin:efx_fifo_gray2bin_60274...        0(0)        0(0)        0(0)        8(1)      0(0)      0(0)      0(0)
       +genblk1.genblk1.u_gray2bin:efx_fifo_gray2bin_6027...        0(0)        0(0)        0(0)        7(1)      0(0)      0(0)      0(0)
        +genblk1.genblk1.u_gray2bin:efx_fifo_gray2bin_602...        0(0)        0(0)        0(0)        6(1)      0(0)      0(0)      0(0)
         +genblk1.genblk1.u_gray2bin:efx_fifo_gray2bin_60...        0(0)        0(0)        0(0)        5(1)      0(0)      0(0)      0(0)
          +genblk1.genblk1.u_gray2bin:efx_fifo_gray2bin_6...        0(0)        0(0)        0(0)        4(1)      0(0)      0(0)      0(0)
           +genblk1.genblk1.u_gray2bin:efx_fifo_gray2bin_...        0(0)        0(0)        0(0)        3(1)      0(0)      0(0)      0(0)
            +genblk1.genblk1.u_gray2bin:efx_fifo_gray2bin...        0(0)        0(0)        0(0)        2(1)      0(0)      0(0)      0(0)
             +genblk1.genblk1.u_gray2bin:efx_fifo_gray2bi...        0(0)        0(0)        0(0)        1(1)      0(0)      0(0)      0(0)
     +async_clk.wr2rd_bin2gray:efx_fifo_bin2gray_6027459d...        0(0)        0(0)        0(0)        9(9)      0(0)      0(0)      0(0)
     +async_clk.wr2rd_addr_sync:efx_asyncreg_6027459dad3e...      30(30)        0(0)        0(0)        0(0)      0(0)      0(0)      0(0)
     +async_clk.wr2rd_gray2bin:efx_fifo_gray2bin_6027459d...        0(0)        0(0)        0(0)        9(1)      0(0)      0(0)      0(0)
      +genblk1.genblk1.u_gray2bin:efx_fifo_gray2bin_60274...        0(0)        0(0)        0(0)        8(1)      0(0)      0(0)      0(0)
       +genblk1.genblk1.u_gray2bin:efx_fifo_gray2bin_6027...        0(0)        0(0)        0(0)        7(1)      0(0)      0(0)      0(0)
        +genblk1.genblk1.u_gray2bin:efx_fifo_gray2bin_602...        0(0)        0(0)        0(0)        6(1)      0(0)      0(0)      0(0)
         +genblk1.genblk1.u_gray2bin:efx_fifo_gray2bin_60...        0(0)        0(0)        0(0)        5(1)      0(0)      0(0)      0(0)
          +genblk1.genblk1.u_gray2bin:efx_fifo_gray2bin_6...        0(0)        0(0)        0(0)        4(1)      0(0)      0(0)      0(0)
           +genblk1.genblk1.u_gray2bin:efx_fifo_gray2bin_...        0(0)        0(0)        0(0)        3(1)      0(0)      0(0)      0(0)
            +genblk1.genblk1.u_gray2bin:efx_fifo_gray2bin...        0(0)        0(0)        0(0)        2(1)      0(0)      0(0)      0(0)
             +genblk1.genblk1.u_gray2bin:efx_fifo_gray2bi...        0(0)        0(0)        0(0)        1(1)      0(0)      0(0)      0(0)
 +u_lcd_driver:lcd_driver                                         30(30)        0(0)      24(24)      79(79)      0(0)      0(0)      0(0)
 +u_params:uart_params                                            85(85)        0(0)      39(39)    177(177)      0(0)      0(0)      0(0)
 +u_parallel:parallel_video(CANNY_GAUSSIAN=1,HUD_ENABLE=1)      3770(52)        0(0)    1996(19)   5367(297)      0(0)    140(0)     14(0)
  +u_canny:canny_stream(GAUSSIAN=1)                               863(0)        0(0)      555(0)     1196(0)      0(0)     20(0)      0(0)
   +u_gray:rgb565_to_gray                                         30(30)        0(0)      32(32)        2(2)      0(0)      0(0)      0(0)
   +u_med_window:line_buffer_3x3                                140(140)        0(0)      15(15)    346(346)      0(0)      4(4)      0(0)
   +u_median:median3x3                                            30(30)        0(0)        0(0)    309(309)      0(0)      0(0)      0(0)
   +u_grad_window:line_buffer_3x3                               139(139)        0(0)      15(15)      74(74)      0(0)      4(4)      0(0)
   +u_sobel:sobel3x3                                              34(34)        0(0)    120(120)      46(46)      0(0)      0(0)      0(0)
   +u_raw_sobel:sobel3x3                                          12(12)        0(0)    104(104)      33(33)      0(0)      0(0)      0(0)
   +g_gaussian.u_filter:gaussian3x3                                 8(8)        0(0)      83(83)      10(10)      0(0)      0(0)      0(0)
   +g_gaussian.u_window:line_buffer_3x3                           97(97)        0(0)      20(20)      65(65)      0(0)      4(4)      0(0)
   +g_gaussian.u_gradient:sobel3x3                                26(26)        0(0)    120(120)      59(59)      0(0)      0(0)      0(0)
   +u_nms_window:line_buffer_3x3(DWIDTH=14)                     186(186)        0(0)      23(23)    174(174)      0(0)      6(6)      0(0)
   +u_nms:nms3x3                                                  34(34)        0(0)        0(0)      15(15)      0(0)      0(0)      0(0)
   +u_threshold:canny_threshold(TH_HIGH=80,TH_LOW=40,USE_...      24(24)        0(0)        0(0)        4(4)      0(0)      0(0)      0(0)
   +u_hys_window:line_buffer_3x3(DWIDTH=2)                        80(80)        0(0)      23(23)      45(45)      0(0)      2(2)      0(0)
   +u_hysteresis:hysteresis_local                                 23(23)        0(0)        0(0)      14(14)      0(0)      0(0)      0(0)
  +u_video_delay:video_delay(BITS=40)                             27(27)        0(0)      13(13)    254(254)      0(0)    40(40)      0(0)
  +u_skin:rgb565_to_ycbcr_skin                                      1(1)        0(0)    356(356)      36(36)      0(0)      0(0)      0(0)
  +u_morph:face_morph                                            132(36)        0(0)       43(0)      88(18)      0(0)      4(0)      0(0)
   +a:line_buffer_3x3(DWIDTH=1)                                   26(26)        0(0)      20(20)      33(33)      0(0)      2(2)      0(0)
   +b:line_buffer_3x3(DWIDTH=1)                                   70(70)        0(0)      23(23)      37(37)      0(0)      2(2)      0(0)
  +u_mask_delay:video_delay(BITS=24,LATENCY=3309)                 25(25)        0(0)      12(12)    324(324)      0(0)    11(11)      0(0)
  +u_early_debug_delay:video_delay(BITS=9,LATENCY=6617)           27(27)        0(0)      13(13)      39(39)      0(0)      9(9)      0(0)
  +u_window_debug_delay:video_delay(BITS=10,LATENCY=3309)         25(25)        0(0)      12(12)      53(53)      0(0)      5(5)      0(0)
  +u_raw_preview_delay:video_delay(BITS=17,LATENCY=4963)          27(27)        0(0)      13(13)      78(78)      0(0)    17(17)      0(0)
  +u_regions:face_grid_regions                                2158(2158)        0(0)    110(110)  1527(1527)      0(0)    34(34)      4(4)
  +u_shape:edge_shape_roi                                       406(406)        0(0)    419(419)  1125(1125)      0(0)      0(0)    10(10)
  +u_overlay:parallel_overlay(HUD_ENABLE=1)                       27(27)        0(0)    431(420)    350(212)      0(0)      0(0)      0(0)
   +u_hud:vision_hud                                                0(0)        0(0)      11(11)    138(138)      0(0)      0(0)      0(0)
 +u_rgb2dvi:rgb2dvi(ENABLE_OSERDES=0)                              45(0)        0(0)       81(0)      118(0)      0(0)      0(0)      0(0)
  +enc_0:tmds_channel                                             15(15)        0(0)      27(27)      41(41)      0(0)      0(0)      0(0)
  +enc_1:tmds_channel                                             15(15)        0(0)      27(27)      39(39)      0(0)      0(0)      0(0)
  +enc_2:tmds_channel                                             15(15)        0(0)      27(27)      38(38)      0(0)      0(0)      0(0)

### ### Module Resource Usage Distribution Estimates (end) ### ###


### ### Clock Load Distribution Report (begin) ### ###

     Clock     Flip-Flops     Shift-Regs   Memory Ports    Multipliers
     -----     ----------     ----------   ------------    -----------
   clk_sys           1039            348             36              0
 clk_pixel           4031              0            288              7
 cmos_pclk            118              0              8              0
   tac_clk            302              0              8              0
 tdqss_clk            109              0              4              0
  core_clk            814              0             15              0
   twd_clk            257            144              9              0

### ### Clock Load Distribution Report (end) ### ###

### ### Memory Mapping Report (begin) ### ### ###

1. ddr3_ctl_axi/u_efx_ddr3_soft_controller/genblk1.inst_ddr3_axi/inst_efx_ddr3/top_mc/controller_main/map_ram/ram (D:\yilingsi_fpga\Efinity_Project\2026.9.25\9.25.1_ding_Ti60F225_Canny_Face_Parallel\ip/DdrCtrl\DdrCtrl.sv:2160):
	EFX_RAM10: ddr3_ctl_axi/u_efx_ddr3_soft_controller/genblk1.inst_ddr3_axi/inst_efx_ddr3/top_mc/controller_main/map_ram/ram__D$2
	EFX_RAM10: ddr3_ctl_axi/u_efx_ddr3_soft_controller/genblk1.inst_ddr3_axi/inst_efx_ddr3/top_mc/controller_main/map_ram/ram__D$b12
	EFX_RAM10: ddr3_ctl_axi/u_efx_ddr3_soft_controller/genblk1.inst_ddr3_axi/inst_efx_ddr3/top_mc/controller_main/map_ram/ram__D$12
	EFX_RAM10: ddr3_ctl_axi/u_efx_ddr3_soft_controller/genblk1.inst_ddr3_axi/inst_efx_ddr3/top_mc/controller_main/map_ram/ram__D$c1

### ### Memory Mapping Report (end) ### ### ###

### ### Resource Summary (begin) ### ### ### 
INPUT  PORTS    : 	162
OUTPUT PORTS    : 	371

EFX_ADD         : 	2823
EFX_LUT4        : 	9120
   1-2  Inputs  : 	2628
   3    Inputs  : 	2719
   4    Inputs  : 	3773
EFX_DSP48       : 	13
EFX_DSP24       : 	1
EFX_FF          : 	6670
EFX_SRL8        : 	492
EFX_RAM10       : 	182
EFX_DPRAM10     : 	4
### ### Resource Summary (end) ### ### ###

Plain synthesis (without verilog dump and post-map checks) time : 29s
Elapsed synthesis time : 30s
