
///////////////////////////////////
// Efinity Synthesis Started 
// Jun 23, 2023 17:46:22
///////////////////////////////////


///////////////////////////////////
// Efinity Synthesis Started 
// Sep 20, 2023 13:38:54
///////////////////////////////////


///////////////////////////////////
// Efinity Synthesis Started 
// Jun 01, 2024 21:14:45
///////////////////////////////////


///////////////////////////////////
// Efinity Synthesis Started 
// Jun 01, 2024 21:30:23
///////////////////////////////////


///////////////////////////////////
// Efinity Synthesis Started 
// Jun 01, 2024 21:52:29
///////////////////////////////////


///////////////////////////////////
// Efinity Synthesis Started 
// Jun 01, 2024 21:55:41
///////////////////////////////////


///////////////////////////////////
// Efinity Synthesis Started 
// Jun 01, 2024 22:02:05
///////////////////////////////////


///////////////////////////////////
// Efinity Synthesis Started 
// Jun 01, 2024 22:11:35
///////////////////////////////////


///////////////////////////////////
// Efinity Synthesis Started 
// Jun 01, 2024 22:26:49
///////////////////////////////////


///////////////////////////////////
// Efinity Synthesis Started 
// Jun 01, 2024 22:29:40
///////////////////////////////////


///////////////////////////////////
// Efinity Synthesis Started 
// Jul 14, 2025 17:24:14
///////////////////////////////////


///////////////////////////////////
// Efinity Synthesis Started 
// Jul 14, 2025 17:27:27
///////////////////////////////////


///////////////////////////////////
// Efinity Synthesis Started 
// Jul 14, 2025 17:29:44
///////////////////////////////////


///////////////////////////////////
// Efinity Synthesis Started 
// Jul 14, 2025 17:31:21
///////////////////////////////////


///////////////////////////////////
// Efinity Synthesis Started 
// Oct 27, 2025 19:59:42
///////////////////////////////////


///////////////////////////////////
// Efinity Synthesis Started 
// Oct 27, 2025 21:06:05
///////////////////////////////////

[EFX-0010 VERI-ERROR] declarations are not allowed in an unnamed block (VERI-1380) (C:\Users\zhubinbin\Desktop\Ti60F225_face_sc1336\Ti60F225_SC1336_HDMI_Display\src\new\streaming_connected_components.v:111)
[EFX-0010 VERI-ERROR] 'int' is an unknown type (VERI-1556) (C:\Users\zhubinbin\Desktop\Ti60F225_face_sc1336\Ti60F225_SC1336_HDMI_Display\src\new\streaming_connected_components.v:88)
[EFX-0010 VERI-ERROR] 'int' is an unknown type (VERI-1556) (C:\Users\zhubinbin\Desktop\Ti60F225_face_sc1336\Ti60F225_SC1336_HDMI_Display\src\new\streaming_connected_components.v:92)
[EFX-0010 VERI-ERROR] 'int' is an unknown type (VERI-1556) (C:\Users\zhubinbin\Desktop\Ti60F225_face_sc1336\Ti60F225_SC1336_HDMI_Display\src\new\streaming_connected_components.v:159)
[EFX-0010 VERI-ERROR] module 'streaming_connected_components' is ignored due to previous errors (VERI-1072) (C:\Users\zhubinbin\Desktop\Ti60F225_face_sc1336\Ti60F225_SC1336_HDMI_Display\src\new\streaming_connected_components.v:287)

///////////////////////////////////
// Efinity Synthesis Started 
// Oct 27, 2025 21:10:10
///////////////////////////////////

[EFX-0010 VERI-ERROR] syntax error near 'i' (VERI-1137) (C:\Users\zhubinbin\Desktop\Ti60F225_face_sc1336\Ti60F225_SC1336_HDMI_Display\src\new\streaming_connected_components.v:87)
[EFX-0010 VERI-ERROR] declarations are not allowed in an unnamed block (VERI-1380) (C:\Users\zhubinbin\Desktop\Ti60F225_face_sc1336\Ti60F225_SC1336_HDMI_Display\src\new\streaming_connected_components.v:112)
[EFX-0010 VERI-ERROR] 'i' is not declared (VERI-1128) (C:\Users\zhubinbin\Desktop\Ti60F225_face_sc1336\Ti60F225_SC1336_HDMI_Display\src\new\streaming_connected_components.v:89)
[EFX-0010 VERI-ERROR] 'i' is not declared (VERI-1128) (C:\Users\zhubinbin\Desktop\Ti60F225_face_sc1336\Ti60F225_SC1336_HDMI_Display\src\new\streaming_connected_components.v:90)
[EFX-0010 VERI-ERROR] 'i' is not declared (VERI-1128) (C:\Users\zhubinbin\Desktop\Ti60F225_face_sc1336\Ti60F225_SC1336_HDMI_Display\src\new\streaming_connected_components.v:91)
[EFX-0010 VERI-ERROR] 'i' is not declared (VERI-1128) (C:\Users\zhubinbin\Desktop\Ti60F225_face_sc1336\Ti60F225_SC1336_HDMI_Display\src\new\streaming_connected_components.v:93)
[EFX-0010 VERI-ERROR] 'i' is not declared (VERI-1128) (C:\Users\zhubinbin\Desktop\Ti60F225_face_sc1336\Ti60F225_SC1336_HDMI_Display\src\new\streaming_connected_components.v:94)
[EFX-0010 VERI-ERROR] 'i' is not declared (VERI-1128) (C:\Users\zhubinbin\Desktop\Ti60F225_face_sc1336\Ti60F225_SC1336_HDMI_Display\src\new\streaming_connected_components.v:95)
[EFX-0010 VERI-ERROR] 'i' is not declared (VERI-1128) (C:\Users\zhubinbin\Desktop\Ti60F225_face_sc1336\Ti60F225_SC1336_HDMI_Display\src\new\streaming_connected_components.v:96)
[EFX-0010 VERI-ERROR] 'i' is not declared (VERI-1128) (C:\Users\zhubinbin\Desktop\Ti60F225_face_sc1336\Ti60F225_SC1336_HDMI_Display\src\new\streaming_connected_components.v:97)
[EFX-0010 VERI-ERROR] 'i' is not declared (VERI-1128) (C:\Users\zhubinbin\Desktop\Ti60F225_face_sc1336\Ti60F225_SC1336_HDMI_Display\src\new\streaming_connected_components.v:98)
[EFX-0010 VERI-ERROR] 'i' is not declared (VERI-1128) (C:\Users\zhubinbin\Desktop\Ti60F225_face_sc1336\Ti60F225_SC1336_HDMI_Display\src\new\streaming_connected_components.v:99)
[EFX-0010 VERI-ERROR] 'i' is not declared (VERI-1128) (C:\Users\zhubinbin\Desktop\Ti60F225_face_sc1336\Ti60F225_SC1336_HDMI_Display\src\new\streaming_connected_components.v:100)
[EFX-0010 VERI-ERROR] 'i' is not declared (VERI-1128) (C:\Users\zhubinbin\Desktop\Ti60F225_face_sc1336\Ti60F225_SC1336_HDMI_Display\src\new\streaming_connected_components.v:101)
[EFX-0010 VERI-ERROR] 'i' is not declared (VERI-1128) (C:\Users\zhubinbin\Desktop\Ti60F225_face_sc1336\Ti60F225_SC1336_HDMI_Display\src\new\streaming_connected_components.v:102)
[EFX-0010 VERI-ERROR] 'i' is not declared (VERI-1128) (C:\Users\zhubinbin\Desktop\Ti60F225_face_sc1336\Ti60F225_SC1336_HDMI_Display\src\new\streaming_connected_components.v:103)
[EFX-0010 VERI-ERROR] 'i' is not declared (VERI-1128) (C:\Users\zhubinbin\Desktop\Ti60F225_face_sc1336\Ti60F225_SC1336_HDMI_Display\src\new\streaming_connected_components.v:104)
[EFX-0010 VERI-ERROR] 'int' is an unknown type (VERI-1556) (C:\Users\zhubinbin\Desktop\Ti60F225_face_sc1336\Ti60F225_SC1336_HDMI_Display\src\new\streaming_connected_components.v:160)
[EFX-0010 VERI-ERROR] module 'streaming_connected_components' is ignored due to previous errors (VERI-1072) (C:\Users\zhubinbin\Desktop\Ti60F225_face_sc1336\Ti60F225_SC1336_HDMI_Display\src\new\streaming_connected_components.v:288)

///////////////////////////////////
// Efinity Synthesis Started 
// Oct 27, 2025 21:24:04
///////////////////////////////////

[EFX-0010 VERI-ERROR] declarations are not allowed in an unnamed block (VERI-1380) (C:\Users\zhubinbin\Desktop\Ti60F225_face_sc1336\Ti60F225_SC1336_HDMI_Display\src\new\streaming_connected_components.v:113)
[EFX-0010 VERI-ERROR] 'int' is an unknown type (VERI-1556) (C:\Users\zhubinbin\Desktop\Ti60F225_face_sc1336\Ti60F225_SC1336_HDMI_Display\src\new\streaming_connected_components.v:161)
[EFX-0010 VERI-ERROR] module 'streaming_connected_components' is ignored due to previous errors (VERI-1072) (C:\Users\zhubinbin\Desktop\Ti60F225_face_sc1336\Ti60F225_SC1336_HDMI_Display\src\new\streaming_connected_components.v:289)

///////////////////////////////////
// Efinity Synthesis Started 
// Oct 27, 2025 21:25:47
///////////////////////////////////

[EFX-0010 VERI-ERROR] declarations are not allowed in an unnamed block (VERI-1380) (C:\Users\zhubinbin\Desktop\Ti60F225_face_sc1336\Ti60F225_SC1336_HDMI_Display\src\new\streaming_connected_components.v:113)
[EFX-0010 VERI-ERROR] module 'streaming_connected_components' is ignored due to previous errors (VERI-1072) (C:\Users\zhubinbin\Desktop\Ti60F225_face_sc1336\Ti60F225_SC1336_HDMI_Display\src\new\streaming_connected_components.v:289)

///////////////////////////////////
// Efinity Synthesis Started 
// Oct 27, 2025 21:27:25
///////////////////////////////////

[EFX-0010 VERI-ERROR] declarations are not allowed in an unnamed block (VERI-1380) (C:\Users\zhubinbin\Desktop\Ti60F225_face_sc1336\Ti60F225_SC1336_HDMI_Display\src\new\streaming_connected_components.v:113)
[EFX-0010 VERI-ERROR] module 'streaming_connected_components' is ignored due to previous errors (VERI-1072) (C:\Users\zhubinbin\Desktop\Ti60F225_face_sc1336\Ti60F225_SC1336_HDMI_Display\src\new\streaming_connected_components.v:289)

///////////////////////////////////
// Efinity Synthesis Started 
// Oct 27, 2025 21:28:39
///////////////////////////////////

[EFX-0010 VERI-ERROR] declarations are not allowed in an unnamed block (VERI-1380) (C:\Users\zhubinbin\Desktop\Ti60F225_face_sc1336\Ti60F225_SC1336_HDMI_Display\src\new\low_pass_realtime.v:51)
[EFX-0010 VERI-ERROR] 'pixel_x' is not a constant (VERI-1188) (C:\Users\zhubinbin\Desktop\Ti60F225_face_sc1336\Ti60F225_SC1336_HDMI_Display\src\new\low_pass_realtime.v:51)
[EFX-0010 VERI-ERROR] 'pixel_y' is not a constant (VERI-1188) (C:\Users\zhubinbin\Desktop\Ti60F225_face_sc1336\Ti60F225_SC1336_HDMI_Display\src\new\low_pass_realtime.v:52)
[EFX-0010 VERI-ERROR] module 'low_pass_realtime' is ignored due to previous errors (VERI-1072) (C:\Users\zhubinbin\Desktop\Ti60F225_face_sc1336\Ti60F225_SC1336_HDMI_Display\src\new\low_pass_realtime.v:84)

///////////////////////////////////
// Efinity Synthesis Started 
// Oct 27, 2025 21:29:14
///////////////////////////////////

[EFX-0010 VERI-ERROR] 'pixel_x' is not a constant (VERI-1188) (C:\Users\zhubinbin\Desktop\Ti60F225_face_sc1336\Ti60F225_SC1336_HDMI_Display\src\new\low_pass_realtime.v:35)
[EFX-0010 VERI-ERROR] 'pixel_y' is not a constant (VERI-1188) (C:\Users\zhubinbin\Desktop\Ti60F225_face_sc1336\Ti60F225_SC1336_HDMI_Display\src\new\low_pass_realtime.v:36)
[EFX-0010 VERI-ERROR] module 'low_pass_realtime' is ignored due to previous errors (VERI-1072) (C:\Users\zhubinbin\Desktop\Ti60F225_face_sc1336\Ti60F225_SC1336_HDMI_Display\src\new\low_pass_realtime.v:85)

///////////////////////////////////
// Efinity Synthesis Started 
// Oct 27, 2025 21:40:31
///////////////////////////////////

[EFX-0010 VERI-ERROR] syntax error near ';' (VERI-1137) (C:\Users\zhubinbin\Desktop\Ti60F225_face_sc1336\Ti60F225_SC1336_HDMI_Display\src\new\face_reader_720p.v:7)

///////////////////////////////////
// Efinity Synthesis Started 
// Oct 27, 2025 21:41:11
///////////////////////////////////

[EFX-0010 VERI-ERROR] syntax error near ''' (VERI-1137) (C:\Users\zhubinbin\Desktop\Ti60F225_face_sc1336\Ti60F225_SC1336_HDMI_Display\src\new\ellipse_axisratio_720p.v:93)
[EFX-0010 VERI-ERROR] syntax error near ''' (VERI-1137) (C:\Users\zhubinbin\Desktop\Ti60F225_face_sc1336\Ti60F225_SC1336_HDMI_Display\src\new\ellipse_axisratio_720p.v:94)
[EFX-0010 VERI-ERROR] syntax error near ''' (VERI-1137) (C:\Users\zhubinbin\Desktop\Ti60F225_face_sc1336\Ti60F225_SC1336_HDMI_Display\src\new\ellipse_axisratio_720p.v:111)
[EFX-0010 VERI-ERROR] syntax error near ''' (VERI-1137) (C:\Users\zhubinbin\Desktop\Ti60F225_face_sc1336\Ti60F225_SC1336_HDMI_Display\src\new\ellipse_axisratio_720p.v:112)
[EFX-0010 VERI-ERROR] syntax error near ''' (VERI-1137) (C:\Users\zhubinbin\Desktop\Ti60F225_face_sc1336\Ti60F225_SC1336_HDMI_Display\src\new\ellipse_axisratio_720p.v:113)
[EFX-0010 VERI-ERROR] declarations are not allowed in an unnamed block (VERI-1380) (C:\Users\zhubinbin\Desktop\Ti60F225_face_sc1336\Ti60F225_SC1336_HDMI_Display\src\new\ellipse_axisratio_720p.v:110)
[EFX-0010 VERI-ERROR] module 'ellipse_axisratio_720p' is ignored due to previous errors (VERI-1072) (C:\Users\zhubinbin\Desktop\Ti60F225_face_sc1336\Ti60F225_SC1336_HDMI_Display\src\new\ellipse_axisratio_720p.v:121)

///////////////////////////////////
// Efinity Synthesis Started 
// Oct 27, 2025 21:52:27
///////////////////////////////////

[EFX-0010 VERI-ERROR] syntax error near ''' (VERI-1137) (C:\Users\zhubinbin\Desktop\Ti60F225_face_sc1336\Ti60F225_SC1336_HDMI_Display\src\new\ellipse_axisratio_720p.v:80)
[EFX-0010 VERI-ERROR] syntax error near ''' (VERI-1137) (C:\Users\zhubinbin\Desktop\Ti60F225_face_sc1336\Ti60F225_SC1336_HDMI_Display\src\new\ellipse_axisratio_720p.v:81)
[EFX-0010 VERI-ERROR] syntax error near ''' (VERI-1137) (C:\Users\zhubinbin\Desktop\Ti60F225_face_sc1336\Ti60F225_SC1336_HDMI_Display\src\new\ellipse_axisratio_720p.v:117)
[EFX-0010 VERI-ERROR] syntax error near ''' (VERI-1137) (C:\Users\zhubinbin\Desktop\Ti60F225_face_sc1336\Ti60F225_SC1336_HDMI_Display\src\new\ellipse_axisratio_720p.v:118)
[EFX-0010 VERI-ERROR] syntax error near ''' (VERI-1137) (C:\Users\zhubinbin\Desktop\Ti60F225_face_sc1336\Ti60F225_SC1336_HDMI_Display\src\new\ellipse_axisratio_720p.v:119)
[EFX-0010 VERI-ERROR] declarations are not allowed in an unnamed block (VERI-1380) (C:\Users\zhubinbin\Desktop\Ti60F225_face_sc1336\Ti60F225_SC1336_HDMI_Display\src\new\ellipse_axisratio_720p.v:116)
[EFX-0010 VERI-ERROR] module 'ellipse_axisratio_720p' is ignored due to previous errors (VERI-1072) (C:\Users\zhubinbin\Desktop\Ti60F225_face_sc1336\Ti60F225_SC1336_HDMI_Display\src\new\ellipse_axisratio_720p.v:127)

///////////////////////////////////
// Efinity Synthesis Started 
// Oct 27, 2025 21:55:15
///////////////////////////////////

[EFX-0010 VERI-ERROR] syntax error near ''' (VERI-1137) (C:\Users\zhubinbin\Desktop\Ti60F225_face_sc1336\Ti60F225_SC1336_HDMI_Display\src\new\ellipse_axisratio_720p.v:84)
[EFX-0010 VERI-ERROR] syntax error near ''' (VERI-1137) (C:\Users\zhubinbin\Desktop\Ti60F225_face_sc1336\Ti60F225_SC1336_HDMI_Display\src\new\ellipse_axisratio_720p.v:85)
[EFX-0010 VERI-ERROR] syntax error near ''' (VERI-1137) (C:\Users\zhubinbin\Desktop\Ti60F225_face_sc1336\Ti60F225_SC1336_HDMI_Display\src\new\ellipse_axisratio_720p.v:120)
[EFX-0010 VERI-ERROR] syntax error near ''' (VERI-1137) (C:\Users\zhubinbin\Desktop\Ti60F225_face_sc1336\Ti60F225_SC1336_HDMI_Display\src\new\ellipse_axisratio_720p.v:121)
[EFX-0010 VERI-ERROR] syntax error near ''' (VERI-1137) (C:\Users\zhubinbin\Desktop\Ti60F225_face_sc1336\Ti60F225_SC1336_HDMI_Display\src\new\ellipse_axisratio_720p.v:122)
[EFX-0010 VERI-ERROR] module 'ellipse_axisratio_720p' is ignored due to previous errors (VERI-1072) (C:\Users\zhubinbin\Desktop\Ti60F225_face_sc1336\Ti60F225_SC1336_HDMI_Display\src\new\ellipse_axisratio_720p.v:130)

///////////////////////////////////
// Efinity Synthesis Started 
// Oct 27, 2025 22:02:03
///////////////////////////////////


///////////////////////////////////
// Efinity Synthesis Started 
// Oct 27, 2025 22:19:45
///////////////////////////////////

[EFX-0010 VERI-ERROR] cannot access memory 'face_bbox_min_x' directly (VERI-1002) (C:\Users\zhubinbin\Desktop\Ti60F225_face_sc1336\Ti60F225_SC1336_HDMI_Display\example_top.v:1179)
[EFX-0010 VERI-ERROR] cannot access memory 'face_bbox_max_x' directly (VERI-1002) (C:\Users\zhubinbin\Desktop\Ti60F225_face_sc1336\Ti60F225_SC1336_HDMI_Display\example_top.v:1180)
[EFX-0010 VERI-ERROR] cannot access memory 'face_bbox_min_y' directly (VERI-1002) (C:\Users\zhubinbin\Desktop\Ti60F225_face_sc1336\Ti60F225_SC1336_HDMI_Display\example_top.v:1181)
[EFX-0010 VERI-ERROR] cannot access memory 'face_bbox_max_y' directly (VERI-1002) (C:\Users\zhubinbin\Desktop\Ti60F225_face_sc1336\Ti60F225_SC1336_HDMI_Display\example_top.v:1182)
[EFX-0010 VERI-ERROR] cannot access memory 'face_bbox_min_x' directly (VERI-1002) (C:\Users\zhubinbin\Desktop\Ti60F225_face_sc1336\Ti60F225_SC1336_HDMI_Display\example_top.v:1198)
[EFX-0010 VERI-ERROR] cannot access memory 'face_bbox_max_x' directly (VERI-1002) (C:\Users\zhubinbin\Desktop\Ti60F225_face_sc1336\Ti60F225_SC1336_HDMI_Display\example_top.v:1199)
[EFX-0010 VERI-ERROR] cannot access memory 'face_bbox_min_y' directly (VERI-1002) (C:\Users\zhubinbin\Desktop\Ti60F225_face_sc1336\Ti60F225_SC1336_HDMI_Display\example_top.v:1200)
[EFX-0010 VERI-ERROR] cannot access memory 'face_bbox_max_y' directly (VERI-1002) (C:\Users\zhubinbin\Desktop\Ti60F225_face_sc1336\Ti60F225_SC1336_HDMI_Display\example_top.v:1201)
[EFX-0010 VERI-ERROR] module 'example_top' is ignored due to previous errors (VERI-1072) (C:\Users\zhubinbin\Desktop\Ti60F225_face_sc1336\Ti60F225_SC1336_HDMI_Display\example_top.v:1251)

///////////////////////////////////
// Efinity Synthesis Started 
// Oct 27, 2025 22:24:31
///////////////////////////////////

[EFX-0010 VERI-ERROR] cannot access memory 'face_bbox_min_x' directly (VERI-1002) (C:\Users\zhubinbin\Desktop\Ti60F225_face_sc1336\Ti60F225_SC1336_HDMI_Display\example_top.v:1179)
[EFX-0010 VERI-ERROR] cannot access memory 'face_bbox_max_x' directly (VERI-1002) (C:\Users\zhubinbin\Desktop\Ti60F225_face_sc1336\Ti60F225_SC1336_HDMI_Display\example_top.v:1180)
[EFX-0010 VERI-ERROR] cannot access memory 'face_bbox_min_y' directly (VERI-1002) (C:\Users\zhubinbin\Desktop\Ti60F225_face_sc1336\Ti60F225_SC1336_HDMI_Display\example_top.v:1181)
[EFX-0010 VERI-ERROR] cannot access memory 'face_bbox_max_y' directly (VERI-1002) (C:\Users\zhubinbin\Desktop\Ti60F225_face_sc1336\Ti60F225_SC1336_HDMI_Display\example_top.v:1182)
[EFX-0010 VERI-ERROR] module 'example_top' is ignored due to previous errors (VERI-1072) (C:\Users\zhubinbin\Desktop\Ti60F225_face_sc1336\Ti60F225_SC1336_HDMI_Display\example_top.v:1257)

///////////////////////////////////
// Efinity Synthesis Started 
// Oct 27, 2025 22:28:51
///////////////////////////////////

[EFX-0010 VERI-ERROR] syntax error near '.' (VERI-1137) (C:\Users\zhubinbin\Desktop\Ti60F225_face_sc1336\Ti60F225_SC1336_HDMI_Display\src\new\enhanced_face_detector_720p.v:110)
[EFX-0010 VERI-ERROR] module 'enhanced_face_detector_720p' is ignored due to previous errors (VERI-1072) (C:\Users\zhubinbin\Desktop\Ti60F225_face_sc1336\Ti60F225_SC1336_HDMI_Display\src\new\enhanced_face_detector_720p.v:231)

///////////////////////////////////
// Efinity Synthesis Started 
// Oct 27, 2025 22:29:51
///////////////////////////////////

[EFX-0010 VERI-ERROR] concurrent assignment to a non-net 'bbox_min_x' is not permitted (VERI-1195) (C:\Users\zhubinbin\Desktop\Ti60F225_face_sc1336\Ti60F225_SC1336_HDMI_Display\src\new\enhanced_face_detector_720p.v:105)
[EFX-0010 VERI-ERROR] concurrent assignment to a non-net 'bbox_max_x' is not permitted (VERI-1195) (C:\Users\zhubinbin\Desktop\Ti60F225_face_sc1336\Ti60F225_SC1336_HDMI_Display\src\new\enhanced_face_detector_720p.v:106)
[EFX-0010 VERI-ERROR] concurrent assignment to a non-net 'bbox_min_y' is not permitted (VERI-1195) (C:\Users\zhubinbin\Desktop\Ti60F225_face_sc1336\Ti60F225_SC1336_HDMI_Display\src\new\enhanced_face_detector_720p.v:107)
[EFX-0010 VERI-ERROR] concurrent assignment to a non-net 'bbox_max_y' is not permitted (VERI-1195) (C:\Users\zhubinbin\Desktop\Ti60F225_face_sc1336\Ti60F225_SC1336_HDMI_Display\src\new\enhanced_face_detector_720p.v:108)
[EFX-0010 VERI-ERROR] cannot find port 'eval_valid' on this module (VERI-1010) (C:\Users\zhubinbin\Desktop\Ti60F225_face_sc1336\Ti60F225_SC1336_HDMI_Display\src\new\enhanced_face_detector_720p.v:173)
[EFX-0010 VERI-ERROR] cannot find port 'filter_done' on this module (VERI-1010) (C:\Users\zhubinbin\Desktop\Ti60F225_face_sc1336\Ti60F225_SC1336_HDMI_Display\src\new\enhanced_face_detector_720p.v:175)
[EFX-0021 ERROR] Elaboration of module 'example_top' failed. Please check previous error messages.

///////////////////////////////////
// Efinity Synthesis Started 
// Oct 27, 2025 22:33:14
///////////////////////////////////

[EFX-0010 VERI-ERROR] concurrent assignment to a non-net 'bbox_min_x' is not permitted (VERI-1195) (C:\Users\zhubinbin\Desktop\Ti60F225_face_sc1336\Ti60F225_SC1336_HDMI_Display\src\new\enhanced_face_detector_720p.v:105)
[EFX-0010 VERI-ERROR] concurrent assignment to a non-net 'bbox_max_x' is not permitted (VERI-1195) (C:\Users\zhubinbin\Desktop\Ti60F225_face_sc1336\Ti60F225_SC1336_HDMI_Display\src\new\enhanced_face_detector_720p.v:106)
[EFX-0010 VERI-ERROR] concurrent assignment to a non-net 'bbox_min_y' is not permitted (VERI-1195) (C:\Users\zhubinbin\Desktop\Ti60F225_face_sc1336\Ti60F225_SC1336_HDMI_Display\src\new\enhanced_face_detector_720p.v:107)
[EFX-0010 VERI-ERROR] concurrent assignment to a non-net 'bbox_max_y' is not permitted (VERI-1195) (C:\Users\zhubinbin\Desktop\Ti60F225_face_sc1336\Ti60F225_SC1336_HDMI_Display\src\new\enhanced_face_detector_720p.v:108)
[EFX-0010 VERI-ERROR] cannot find port 'eval_valid' on this module (VERI-1010) (C:\Users\zhubinbin\Desktop\Ti60F225_face_sc1336\Ti60F225_SC1336_HDMI_Display\src\new\enhanced_face_detector_720p.v:173)
[EFX-0010 VERI-ERROR] cannot find port 'filter_done' on this module (VERI-1010) (C:\Users\zhubinbin\Desktop\Ti60F225_face_sc1336\Ti60F225_SC1336_HDMI_Display\src\new\enhanced_face_detector_720p.v:175)
[EFX-0021 ERROR] Elaboration of module 'example_top' failed. Please check previous error messages.

///////////////////////////////////
// Efinity Synthesis Started 
// Oct 27, 2025 22:33:46
///////////////////////////////////

[EFX-0010 VERI-ERROR] concurrent assignment to a non-net 'current_bbox_min_x' is not permitted (VERI-1195) (C:\Users\zhubinbin\Desktop\Ti60F225_face_sc1336\Ti60F225_SC1336_HDMI_Display\src\new\enhanced_face_detector_720p.v:111)
[EFX-0010 VERI-ERROR] concurrent assignment to a non-net 'current_bbox_max_x' is not permitted (VERI-1195) (C:\Users\zhubinbin\Desktop\Ti60F225_face_sc1336\Ti60F225_SC1336_HDMI_Display\src\new\enhanced_face_detector_720p.v:112)
[EFX-0010 VERI-ERROR] concurrent assignment to a non-net 'current_bbox_min_y' is not permitted (VERI-1195) (C:\Users\zhubinbin\Desktop\Ti60F225_face_sc1336\Ti60F225_SC1336_HDMI_Display\src\new\enhanced_face_detector_720p.v:113)
[EFX-0010 VERI-ERROR] concurrent assignment to a non-net 'current_bbox_max_y' is not permitted (VERI-1195) (C:\Users\zhubinbin\Desktop\Ti60F225_face_sc1336\Ti60F225_SC1336_HDMI_Display\src\new\enhanced_face_detector_720p.v:114)
[EFX-0021 ERROR] Elaboration of module 'example_top' failed. Please check previous error messages.

///////////////////////////////////
// Efinity Synthesis Started 
// Oct 27, 2025 22:36:03
///////////////////////////////////


///////////////////////////////////
// Efinity Synthesis Started 
// Oct 27, 2025 22:40:44
///////////////////////////////////


///////////////////////////////////
// Efinity Synthesis Started 
// Oct 28, 2025 09:36:21
///////////////////////////////////


///////////////////////////////////
// Efinity Synthesis Started 
// Oct 28, 2025 14:24:57
///////////////////////////////////


///////////////////////////////////
// Efinity Synthesis Started 
// Oct 28, 2025 14:42:57
///////////////////////////////////


///////////////////////////////////
// Efinity Synthesis Started 
// Oct 28, 2025 15:06:12
///////////////////////////////////


///////////////////////////////////
// Efinity Synthesis Started 
// Oct 28, 2025 15:49:22
///////////////////////////////////


///////////////////////////////////
// Efinity Synthesis Started 
// Oct 28, 2025 16:01:03
///////////////////////////////////


///////////////////////////////////
// Efinity Synthesis Started 
// Oct 28, 2025 16:31:00
///////////////////////////////////


///////////////////////////////////
// Efinity Synthesis Started 
// Oct 28, 2025 17:03:00
///////////////////////////////////

[EFX-0010 VERI-ERROR] declarations are not allowed in an unnamed block (VERI-1380) (C:\Users\zhubinbin\Desktop\Ti60F225_face_sc1336\Ti60F225_SC1336_HDMI_Display\src\new\low_pass_realtime.v:76)
[EFX-0010 VERI-ERROR] module 'low_pass_realtime' is ignored due to previous errors (VERI-1072) (C:\Users\zhubinbin\Desktop\Ti60F225_face_sc1336\Ti60F225_SC1336_HDMI_Display\src\new\low_pass_realtime.v:117)

///////////////////////////////////
// Efinity Synthesis Started 
// Oct 28, 2025 17:03:31
///////////////////////////////////


///////////////////////////////////
// Efinity Synthesis Started 
// Oct 28, 2025 18:00:48
///////////////////////////////////


///////////////////////////////////
// Efinity Synthesis Started 
// Oct 28, 2025 18:05:04
///////////////////////////////////


///////////////////////////////////
// Efinity Synthesis Started 
// Oct 28, 2025 19:04:25
///////////////////////////////////


///////////////////////////////////
// Efinity Synthesis Started 
// Oct 28, 2025 19:08:16
///////////////////////////////////


///////////////////////////////////
// Efinity Synthesis Started 
// Oct 28, 2025 19:10:49
///////////////////////////////////


///////////////////////////////////
// Efinity Synthesis Started 
// Oct 28, 2025 19:15:26
///////////////////////////////////


///////////////////////////////////
// Efinity Synthesis Started 
// Oct 29, 2025 09:03:47
///////////////////////////////////


///////////////////////////////////
// Efinity Synthesis Started 
// Oct 29, 2025 09:09:24
///////////////////////////////////


///////////////////////////////////
// Efinity Synthesis Started 
// Oct 29, 2025 09:12:55
///////////////////////////////////


///////////////////////////////////
// Efinity Synthesis Started 
// Oct 29, 2025 09:20:31
///////////////////////////////////


///////////////////////////////////
// Efinity Synthesis Started 
// Oct 29, 2025 09:33:37
///////////////////////////////////


///////////////////////////////////
// Efinity Synthesis Started 
// Oct 29, 2025 09:37:59
///////////////////////////////////


///////////////////////////////////
// Efinity Synthesis Started 
// Oct 29, 2025 09:44:38
///////////////////////////////////

[EFX-0010 VERI-ERROR] syntax error near '.' (VERI-1137) (C:\Users\zhubinbin\Desktop\Ti60F225_face_sc1336\Ti60F225_SC1336_HDMI_Display\example_top.v:1283)
[EFX-0010 VERI-ERROR] module 'example_top' is ignored due to previous errors (VERI-1072) (C:\Users\zhubinbin\Desktop\Ti60F225_face_sc1336\Ti60F225_SC1336_HDMI_Display\example_top.v:1345)

///////////////////////////////////
// Efinity Synthesis Started 
// Oct 29, 2025 09:46:25
///////////////////////////////////

[EFX-0010 VERI-ERROR] procedural assignment to a non-register 'debug_cb' is not permitted (VERI-1100) (C:\Users\zhubinbin\Desktop\Ti60F225_face_sc1336\Ti60F225_SC1336_HDMI_Display\src\new\face_reader_720p.v:85)
[EFX-0010 VERI-ERROR] procedural assignment to a non-register 'debug_cr' is not permitted (VERI-1100) (C:\Users\zhubinbin\Desktop\Ti60F225_face_sc1336\Ti60F225_SC1336_HDMI_Display\src\new\face_reader_720p.v:86)
[EFX-0010 VERI-ERROR] module 'face_reader_720p' is ignored due to previous errors (VERI-1072) (C:\Users\zhubinbin\Desktop\Ti60F225_face_sc1336\Ti60F225_SC1336_HDMI_Display\src\new\face_reader_720p.v:103)

///////////////////////////////////
// Efinity Synthesis Started 
// Oct 29, 2025 09:47:43
///////////////////////////////////


///////////////////////////////////
// Efinity Synthesis Started 
// Oct 29, 2025 09:48:27
///////////////////////////////////


///////////////////////////////////
// Efinity Synthesis Started 
// Oct 29, 2025 09:50:37
///////////////////////////////////


///////////////////////////////////
// Efinity Synthesis Started 
// Oct 29, 2025 09:55:34
///////////////////////////////////

[EFX-0010 VERI-ERROR] syntax error near ';' (VERI-1137) (C:\Users\zhubinbin\Desktop\Ti60F225_face_sc1336\Ti60F225_SC1336_HDMI_Display\src\new\face_reader_720p.v:7)

///////////////////////////////////
// Efinity Synthesis Started 
// Oct 29, 2025 09:57:37
///////////////////////////////////


///////////////////////////////////
// Efinity Synthesis Started 
// Oct 29, 2025 10:03:10
///////////////////////////////////

[EFX-0010 VERI-ERROR] */ is outside a comment (VERI-1189) (C:\Users\zhubinbin\Desktop\Ti60F225_face_sc1336\Ti60F225_SC1336_HDMI_Display\example_top.v:1260)
[EFX-0010 VERI-ERROR] module 'example_top' is ignored due to previous errors (VERI-1072) (C:\Users\zhubinbin\Desktop\Ti60F225_face_sc1336\Ti60F225_SC1336_HDMI_Display\example_top.v:1332)

///////////////////////////////////
// Efinity Synthesis Started 
// Oct 29, 2025 10:03:42
///////////////////////////////////


///////////////////////////////////
// Efinity Synthesis Started 
// Oct 29, 2025 10:21:53
///////////////////////////////////


///////////////////////////////////
// Efinity Synthesis Started 
// Oct 29, 2025 10:25:16
///////////////////////////////////


///////////////////////////////////
// Efinity Synthesis Started 
// Oct 29, 2025 10:27:56
///////////////////////////////////


///////////////////////////////////
// Efinity Synthesis Started 
// Oct 29, 2025 10:36:49
///////////////////////////////////


///////////////////////////////////
// Efinity Synthesis Started 
// Oct 29, 2025 10:41:28
///////////////////////////////////


///////////////////////////////////
// Efinity Synthesis Started 
// Oct 29, 2025 10:45:45
///////////////////////////////////


///////////////////////////////////
// Efinity Synthesis Started 
// Oct 29, 2025 11:00:31
///////////////////////////////////


///////////////////////////////////
// Efinity Synthesis Started 
// Oct 29, 2025 11:03:14
///////////////////////////////////


///////////////////////////////////
// Efinity Synthesis Started 
// Oct 29, 2025 11:10:30
///////////////////////////////////


///////////////////////////////////
// Efinity Synthesis Started 
// Oct 29, 2025 11:15:07
///////////////////////////////////


///////////////////////////////////
// Efinity Synthesis Started 
// Oct 29, 2025 11:18:54
///////////////////////////////////

[EFX-0010 VERI-ERROR] declarations are not allowed in an unnamed block (VERI-1380) (C:\Users\zhubinbin\Desktop\Ti60F225_face_sc1336\Ti60F225_SC1336_HDMI_Display\src\new\low_pass_realtime.v:86)
[EFX-0010 VERI-ERROR] declarations are not allowed in an unnamed block (VERI-1380) (C:\Users\zhubinbin\Desktop\Ti60F225_face_sc1336\Ti60F225_SC1336_HDMI_Display\src\new\low_pass_realtime.v:103)
[EFX-0010 VERI-ERROR] module 'low_pass_realtime' is ignored due to previous errors (VERI-1072) (C:\Users\zhubinbin\Desktop\Ti60F225_face_sc1336\Ti60F225_SC1336_HDMI_Display\src\new\low_pass_realtime.v:123)

///////////////////////////////////
// Efinity Synthesis Started 
// Oct 29, 2025 11:21:00
///////////////////////////////////


///////////////////////////////////
// Efinity Synthesis Started 
// Oct 29, 2025 11:24:41
///////////////////////////////////


///////////////////////////////////
// Efinity Synthesis Started 
// Oct 29, 2025 11:33:00
///////////////////////////////////


///////////////////////////////////
// Efinity Synthesis Started 
// Oct 29, 2025 11:35:41
///////////////////////////////////


///////////////////////////////////
// Efinity Synthesis Started 
// Oct 29, 2025 11:38:03
///////////////////////////////////

[EFX-0010 VERI-ERROR] syntax error near ''' (VERI-1137) (C:\Users\zhubinbin\Desktop\Ti60F225_face_sc1336\Ti60F225_SC1336_HDMI_Display\src\new\low_pass_realtime.v:24)
[EFX-0010 VERI-ERROR] 'gauss_kernel' is not declared (VERI-1128) (C:\Users\zhubinbin\Desktop\Ti60F225_face_sc1336\Ti60F225_SC1336_HDMI_Display\src\new\low_pass_realtime.v:54)
[EFX-0010 VERI-ERROR] module 'low_pass_realtime' is ignored due to previous errors (VERI-1072) (C:\Users\zhubinbin\Desktop\Ti60F225_face_sc1336\Ti60F225_SC1336_HDMI_Display\src\new\low_pass_realtime.v:69)

///////////////////////////////////
// Efinity Synthesis Started 
// Oct 29, 2025 11:39:39
///////////////////////////////////

[EFX-0010 VERI-ERROR] syntax error near ''' (VERI-1137) (C:\Users\zhubinbin\Desktop\Ti60F225_face_sc1336\Ti60F225_SC1336_HDMI_Display\src\new\low_pass_realtime.v:24)
[EFX-0010 VERI-ERROR] 'gauss_kernel' is not declared (VERI-1128) (C:\Users\zhubinbin\Desktop\Ti60F225_face_sc1336\Ti60F225_SC1336_HDMI_Display\src\new\low_pass_realtime.v:54)
[EFX-0010 VERI-ERROR] module 'low_pass_realtime' is ignored due to previous errors (VERI-1072) (C:\Users\zhubinbin\Desktop\Ti60F225_face_sc1336\Ti60F225_SC1336_HDMI_Display\src\new\low_pass_realtime.v:69)

///////////////////////////////////
// Efinity Synthesis Started 
// Oct 29, 2025 11:42:09
///////////////////////////////////

[EFX-0010 VERI-ERROR] syntax error near ''' (VERI-1137) (C:\Users\zhubinbin\Desktop\Ti60F225_face_sc1336\Ti60F225_SC1336_HDMI_Display\src\new\low_pass_realtime.v:33)
[EFX-0010 VERI-ERROR] syntax error near ';' (VERI-1137) (C:\Users\zhubinbin\Desktop\Ti60F225_face_sc1336\Ti60F225_SC1336_HDMI_Display\src\new\low_pass_realtime.v:39)
[EFX-0010 VERI-ERROR] module 'low_pass_realtime' is ignored due to previous errors (VERI-1072) (C:\Users\zhubinbin\Desktop\Ti60F225_face_sc1336\Ti60F225_SC1336_HDMI_Display\src\new\low_pass_realtime.v:73)

///////////////////////////////////
// Efinity Synthesis Started 
// Oct 29, 2025 11:43:00
///////////////////////////////////


///////////////////////////////////
// Efinity Synthesis Started 
// Oct 29, 2025 12:56:12
///////////////////////////////////


///////////////////////////////////
// Efinity Synthesis Started 
// Oct 29, 2025 13:23:23
///////////////////////////////////


///////////////////////////////////
// Efinity Synthesis Started 
// Oct 29, 2025 13:26:03
///////////////////////////////////


///////////////////////////////////
// Efinity Synthesis Started 
// Oct 29, 2025 13:33:03
///////////////////////////////////


///////////////////////////////////
// Efinity Synthesis Started 
// Oct 29, 2025 13:41:40
///////////////////////////////////


///////////////////////////////////
// Efinity Synthesis Started 
// Oct 29, 2025 13:45:07
///////////////////////////////////


///////////////////////////////////
// Efinity Synthesis Started 
// Oct 29, 2025 13:49:37
///////////////////////////////////


///////////////////////////////////
// Efinity Synthesis Started 
// Oct 29, 2025 14:10:34
///////////////////////////////////

[EFX-0010 VERI-ERROR] declarations are not allowed in an unnamed block (VERI-1380) (C:\Users\zhubinbin\Desktop\Ti60F225_face_sc1336\Ti60F225_SC1336_HDMI_Display\src\new\streaming_connected_components.v:216)
[EFX-0010 VERI-ERROR] declarations are not allowed in an unnamed block (VERI-1380) (C:\Users\zhubinbin\Desktop\Ti60F225_face_sc1336\Ti60F225_SC1336_HDMI_Display\src\new\streaming_connected_components.v:264)
[EFX-0010 VERI-ERROR] module 'streaming_connected_components' is ignored due to previous errors (VERI-1072) (C:\Users\zhubinbin\Desktop\Ti60F225_face_sc1336\Ti60F225_SC1336_HDMI_Display\src\new\streaming_connected_components.v:296)

///////////////////////////////////
// Efinity Synthesis Started 
// Oct 29, 2025 16:31:24
///////////////////////////////////

[EFX-0010 VERI-ERROR] declarations are not allowed in an unnamed block (VERI-1380) (C:\Users\zhubinbin\Desktop\Ti60F225_face_sc1336\Ti60F225_SC1336_HDMI_Display\src\new\streaming_connected_components.v:216)
[EFX-0010 VERI-ERROR] declarations are not allowed in an unnamed block (VERI-1380) (C:\Users\zhubinbin\Desktop\Ti60F225_face_sc1336\Ti60F225_SC1336_HDMI_Display\src\new\streaming_connected_components.v:264)
[EFX-0010 VERI-ERROR] module 'streaming_connected_components' is ignored due to previous errors (VERI-1072) (C:\Users\zhubinbin\Desktop\Ti60F225_face_sc1336\Ti60F225_SC1336_HDMI_Display\src\new\streaming_connected_components.v:296)

///////////////////////////////////
// Efinity Synthesis Started 
// Oct 29, 2025 16:32:09
///////////////////////////////////


///////////////////////////////////
// Efinity Synthesis Started 
// Oct 29, 2025 16:53:25
///////////////////////////////////


///////////////////////////////////
// Efinity Synthesis Started 
// Oct 29, 2025 17:05:51
///////////////////////////////////


///////////////////////////////////
// Efinity Synthesis Started 
// Oct 29, 2025 17:20:42
///////////////////////////////////

[EFX-0010 VERI-ERROR] 'CCL_LATENCY' is already declared (VERI-1116) (C:\Users\zhubinbin\Desktop\Ti60F225_face_sc1336\Ti60F225_SC1336_HDMI_Display\example_top.v:1312)
[EFX-0010 VERI-ERROR] module 'example_top' is ignored due to previous errors (VERI-1072) (C:\Users\zhubinbin\Desktop\Ti60F225_face_sc1336\Ti60F225_SC1336_HDMI_Display\example_top.v:1448)

///////////////////////////////////
// Efinity Synthesis Started 
// Oct 29, 2025 17:22:50
///////////////////////////////////


///////////////////////////////////
// Efinity Synthesis Started 
// Oct 29, 2025 17:32:16
///////////////////////////////////


///////////////////////////////////
// Efinity Synthesis Started 
// Oct 29, 2025 17:42:03
///////////////////////////////////


///////////////////////////////////
// Efinity Synthesis Started 
// Oct 29, 2025 17:53:12
///////////////////////////////////


///////////////////////////////////
// Efinity Synthesis Started 
// Oct 29, 2025 18:03:40
///////////////////////////////////


///////////////////////////////////
// Efinity Synthesis Started 
// Oct 29, 2025 18:16:24
///////////////////////////////////


///////////////////////////////////
// Efinity Synthesis Started 
// Oct 29, 2025 18:19:46
///////////////////////////////////


///////////////////////////////////
// Efinity Synthesis Started 
// Oct 29, 2025 18:23:13
///////////////////////////////////


///////////////////////////////////
// Efinity Synthesis Started 
// Oct 29, 2025 19:03:13
///////////////////////////////////

[EFX-0010 VERI-ERROR] instantiating unknown module 'bbox_of_mask_simple' (VERI-1063) (C:\Users\zhubinbin\Desktop\Ti60F225_face_sc1336\Ti60F225_SC1336_HDMI_Display\example_top.v:1393)
[EFX-0021 ERROR] Elaboration of module 'example_top' failed. Please check previous error messages.

///////////////////////////////////
// Efinity Synthesis Started 
// Oct 29, 2025 19:03:37
///////////////////////////////////


///////////////////////////////////
// Efinity Synthesis Started 
// Oct 29, 2025 19:09:26
///////////////////////////////////


///////////////////////////////////
// Efinity Synthesis Started 
// Oct 29, 2025 19:21:22
///////////////////////////////////


///////////////////////////////////
// Efinity Synthesis Started 
// Oct 29, 2025 19:23:42
///////////////////////////////////


///////////////////////////////////
// Efinity Synthesis Started 
// Oct 29, 2025 19:37:30
///////////////////////////////////


///////////////////////////////////
// Efinity Synthesis Started 
// Oct 29, 2025 19:56:30
///////////////////////////////////


///////////////////////////////////
// Efinity Synthesis Started 
// Oct 29, 2025 20:03:24
///////////////////////////////////


///////////////////////////////////
// Efinity Synthesis Started 
// Oct 29, 2025 20:16:17
///////////////////////////////////

[EFX-0010 VERI-ERROR] unexpected non-printable character with the hex value '0xe2' (VERI-2607) (C:\Users\zhubinbin\Desktop\Ti60F225_face_sc1336\Ti60F225_SC1336_HDMI_Display\example_top.v:1333)
[EFX-0010 VERI-ERROR] syntax error near 'b0' (VERI-1137) (C:\Users\zhubinbin\Desktop\Ti60F225_face_sc1336\Ti60F225_SC1336_HDMI_Display\example_top.v:1333)
[EFX-0010 VERI-ERROR] module 'example_top' is ignored due to previous errors (VERI-1072) (C:\Users\zhubinbin\Desktop\Ti60F225_face_sc1336\Ti60F225_SC1336_HDMI_Display\example_top.v:1468)

///////////////////////////////////
// Efinity Synthesis Started 
// Oct 29, 2025 20:16:48
///////////////////////////////////


///////////////////////////////////
// Efinity Synthesis Started 
// Oct 29, 2025 20:28:45
///////////////////////////////////


///////////////////////////////////
// Efinity Synthesis Started 
// Oct 29, 2025 20:40:06
///////////////////////////////////


///////////////////////////////////
// Efinity Synthesis Started 
// Oct 29, 2025 20:54:12
///////////////////////////////////

[EFX-0010 VERI-ERROR] cannot find port 'led' on this module (VERI-1010) (C:\Users\zhubinbin\Desktop\Ti60F225_face_sc1336\Ti60F225_SC1336_HDMI_Display\example_top.v:1372)
[EFX-0021 ERROR] Elaboration of module 'example_top' failed. Please check previous error messages.

///////////////////////////////////
// Efinity Synthesis Started 
// Oct 29, 2025 20:55:53
///////////////////////////////////


///////////////////////////////////
// Efinity Synthesis Started 
// Oct 29, 2025 21:01:48
///////////////////////////////////


///////////////////////////////////
// Efinity Synthesis Started 
// Oct 29, 2025 21:14:36
///////////////////////////////////


///////////////////////////////////
// Efinity Synthesis Started 
// Oct 29, 2025 21:18:37
///////////////////////////////////


///////////////////////////////////
// Efinity Synthesis Started 
// Oct 29, 2025 21:35:55
///////////////////////////////////

[EFX-0010 VERI-ERROR] instantiating unknown module 'streaming_connected_components' (VERI-1063) (C:\Users\zhubinbin\Desktop\Ti60F225_face_sc1336\Ti60F225_SC1336_HDMI_Display\example_top.v:1373)
[EFX-0021 ERROR] Elaboration of module 'example_top' failed. Please check previous error messages.

///////////////////////////////////
// Efinity Synthesis Started 
// Oct 29, 2025 21:36:18
///////////////////////////////////


///////////////////////////////////
// Efinity Synthesis Started 
// Oct 30, 2025 13:23:56
///////////////////////////////////


///////////////////////////////////
// Efinity Synthesis Started 
// Oct 30, 2025 13:32:59
///////////////////////////////////


///////////////////////////////////
// Efinity Synthesis Started 
// Oct 30, 2025 13:37:28
///////////////////////////////////


///////////////////////////////////
// Efinity Synthesis Started 
// Oct 30, 2025 13:52:15
///////////////////////////////////


///////////////////////////////////
// Efinity Synthesis Started 
// Oct 30, 2025 14:00:47
///////////////////////////////////

[EFX-0010 VERI-ERROR] syntax error near 'wire' (VERI-1137) (C:\Users\zhubinbin\Desktop\Ti60F225_face_sc1336\Ti60F225_SC1336_HDMI_Display\src\new\streaming_connected_components.v:145)
[EFX-0010 VERI-ERROR] Verilog 2000 keyword 'wire' used in incorrect context (VERI-2344) (C:\Users\zhubinbin\Desktop\Ti60F225_face_sc1336\Ti60F225_SC1336_HDMI_Display\src\new\streaming_connected_components.v:145)
[EFX-0010 VERI-ERROR] 'up_eff' is not declared (VERI-1128) (C:\Users\zhubinbin\Desktop\Ti60F225_face_sc1336\Ti60F225_SC1336_HDMI_Display\src\new\streaming_connected_components.v:145)
[EFX-0010 VERI-ERROR] 'up_eff' is not declared (VERI-1128) (C:\Users\zhubinbin\Desktop\Ti60F225_face_sc1336\Ti60F225_SC1336_HDMI_Display\src\new\streaming_connected_components.v:154)
[EFX-0010 VERI-ERROR] 'up_eff' is not declared (VERI-1128) (C:\Users\zhubinbin\Desktop\Ti60F225_face_sc1336\Ti60F225_SC1336_HDMI_Display\src\new\streaming_connected_components.v:155)
[EFX-0010 VERI-ERROR] 'up_eff' is not declared (VERI-1128) (C:\Users\zhubinbin\Desktop\Ti60F225_face_sc1336\Ti60F225_SC1336_HDMI_Display\src\new\streaming_connected_components.v:156)
[EFX-0010 VERI-ERROR] 'up_eff' is not declared (VERI-1128) (C:\Users\zhubinbin\Desktop\Ti60F225_face_sc1336\Ti60F225_SC1336_HDMI_Display\src\new\streaming_connected_components.v:158)
[EFX-0010 VERI-ERROR] 'up_eff' is not declared (VERI-1128) (C:\Users\zhubinbin\Desktop\Ti60F225_face_sc1336\Ti60F225_SC1336_HDMI_Display\src\new\streaming_connected_components.v:160)
[EFX-0010 VERI-ERROR] 'up_eff' is not declared (VERI-1128) (C:\Users\zhubinbin\Desktop\Ti60F225_face_sc1336\Ti60F225_SC1336_HDMI_Display\src\new\streaming_connected_components.v:161)
[EFX-0010 VERI-ERROR] module 'streaming_connected_components' is ignored due to previous errors (VERI-1072) (C:\Users\zhubinbin\Desktop\Ti60F225_face_sc1336\Ti60F225_SC1336_HDMI_Display\src\new\streaming_connected_components.v:248)

///////////////////////////////////
// Efinity Synthesis Started 
// Oct 30, 2025 14:01:53
///////////////////////////////////


///////////////////////////////////
// Efinity Synthesis Started 
// Oct 30, 2025 14:08:06
///////////////////////////////////


///////////////////////////////////
// Efinity Synthesis Started 
// Oct 30, 2025 16:25:45
///////////////////////////////////


///////////////////////////////////
// Efinity Synthesis Started 
// Oct 30, 2025 16:31:25
///////////////////////////////////

[EFX-0010 VERI-ERROR] syntax error near ')' (VERI-1137) (C:\Users\zhubinbin\Desktop\Ti60F225_face_sc1336\Ti60F225_SC1336_HDMI_Display\example_top.v:1381)
[EFX-0010 VERI-ERROR] module 'example_top' is ignored due to previous errors (VERI-1072) (C:\Users\zhubinbin\Desktop\Ti60F225_face_sc1336\Ti60F225_SC1336_HDMI_Display\example_top.v:1496)

///////////////////////////////////
// Efinity Synthesis Started 
// Oct 30, 2025 16:31:48
///////////////////////////////////

[EFX-0010 VERI-ERROR] instantiating unknown module 'streaming_connected_components' (VERI-1063) (C:\Users\zhubinbin\Desktop\Ti60F225_face_sc1336\Ti60F225_SC1336_HDMI_Display\example_top.v:1380)
[EFX-0021 ERROR] Elaboration of module 'example_top' failed. Please check previous error messages.

///////////////////////////////////
// Efinity Synthesis Started 
// Oct 30, 2025 16:32:51
///////////////////////////////////


///////////////////////////////////
// Efinity Synthesis Started 
// Oct 30, 2025 16:54:15
///////////////////////////////////


///////////////////////////////////
// Efinity Synthesis Started 
// Oct 30, 2025 17:00:31
///////////////////////////////////


///////////////////////////////////
// Efinity Synthesis Started 
// Oct 30, 2025 17:11:32
///////////////////////////////////


///////////////////////////////////
// Efinity Synthesis Started 
// Oct 30, 2025 17:17:27
///////////////////////////////////


///////////////////////////////////
// Efinity Synthesis Started 
// Oct 30, 2025 17:27:06
///////////////////////////////////


///////////////////////////////////
// Efinity Synthesis Started 
// Oct 30, 2025 17:33:50
///////////////////////////////////


///////////////////////////////////
// Efinity Synthesis Started 
// Oct 30, 2025 17:45:38
///////////////////////////////////

[EFX-0010 VERI-ERROR] instantiating unknown module 'streaming_ccl_diag' (VERI-1063) (C:\Users\zhubinbin\Desktop\Ti60F225_face_sc1336\Ti60F225_SC1336_HDMI_Display\example_top.v:1367)
[EFX-0021 ERROR] Elaboration of module 'example_top' failed. Please check previous error messages.

///////////////////////////////////
// Efinity Synthesis Started 
// Oct 30, 2025 17:45:52
///////////////////////////////////


///////////////////////////////////
// Efinity Synthesis Started 
// Oct 30, 2025 17:50:19
///////////////////////////////////


///////////////////////////////////
// Efinity Synthesis Started 
// Oct 30, 2025 17:53:35
///////////////////////////////////


///////////////////////////////////
// Efinity Synthesis Started 
// Oct 30, 2025 18:00:09
///////////////////////////////////


///////////////////////////////////
// Efinity Synthesis Started 
// Oct 30, 2025 18:07:06
///////////////////////////////////


///////////////////////////////////
// Efinity Synthesis Started 
// Oct 30, 2025 18:57:24
///////////////////////////////////

[EFX-0010 VERI-ERROR] declarations are not allowed in an unnamed block (VERI-1380) (C:\Users\zhubinbin\Desktop\Ti60F225_face_sc1336\Ti60F225_SC1336_HDMI_Display\src\new\streaming_connected_components.v:222)
[EFX-0010 VERI-ERROR] declarations are not allowed in an unnamed block (VERI-1380) (C:\Users\zhubinbin\Desktop\Ti60F225_face_sc1336\Ti60F225_SC1336_HDMI_Display\src\new\streaming_connected_components.v:301)
[EFX-0010 VERI-ERROR] module 'streaming_connected_components' is ignored due to previous errors (VERI-1072) (C:\Users\zhubinbin\Desktop\Ti60F225_face_sc1336\Ti60F225_SC1336_HDMI_Display\src\new\streaming_connected_components.v:365)

///////////////////////////////////
// Efinity Synthesis Started 
// Oct 30, 2025 18:58:10
///////////////////////////////////

[EFX-0010 VERI-ERROR] declarations are not allowed in an unnamed block (VERI-1380) (C:\Users\zhubinbin\Desktop\Ti60F225_face_sc1336\Ti60F225_SC1336_HDMI_Display\src\new\streaming_connected_components.v:301)
[EFX-0010 VERI-ERROR] module 'streaming_connected_components' is ignored due to previous errors (VERI-1072) (C:\Users\zhubinbin\Desktop\Ti60F225_face_sc1336\Ti60F225_SC1336_HDMI_Display\src\new\streaming_connected_components.v:365)

///////////////////////////////////
// Efinity Synthesis Started 
// Oct 30, 2025 18:58:52
///////////////////////////////////


///////////////////////////////////
// Efinity Synthesis Started 
// Oct 30, 2025 19:07:48
///////////////////////////////////


///////////////////////////////////
// Efinity Synthesis Started 
// Oct 30, 2025 19:12:11
///////////////////////////////////


///////////////////////////////////
// Efinity Synthesis Started 
// Oct 30, 2025 19:19:11
///////////////////////////////////

[EFX-0010 VERI-ERROR] declarations are not allowed in an unnamed block (VERI-1380) (C:\Users\zhubinbin\Desktop\Ti60F225_face_sc1336\Ti60F225_SC1336_HDMI_Display\src\new\streaming_connected_components.v:222)
[EFX-0010 VERI-ERROR] declarations are not allowed in an unnamed block (VERI-1380) (C:\Users\zhubinbin\Desktop\Ti60F225_face_sc1336\Ti60F225_SC1336_HDMI_Display\src\new\streaming_connected_components.v:301)
[EFX-0010 VERI-ERROR] module 'streaming_connected_components' is ignored due to previous errors (VERI-1072) (C:\Users\zhubinbin\Desktop\Ti60F225_face_sc1336\Ti60F225_SC1336_HDMI_Display\src\new\streaming_connected_components.v:365)

///////////////////////////////////
// Efinity Synthesis Started 
// Oct 30, 2025 19:20:17
///////////////////////////////////


///////////////////////////////////
// Efinity Synthesis Started 
// Oct 30, 2025 19:45:26
///////////////////////////////////


///////////////////////////////////
// Efinity Synthesis Started 
// Oct 30, 2025 20:03:16
///////////////////////////////////


///////////////////////////////////
// Efinity Synthesis Started 
// Oct 30, 2025 20:29:24
///////////////////////////////////


///////////////////////////////////
// Efinity Synthesis Started 
// Oct 30, 2025 20:50:10
///////////////////////////////////

[EFX-0010 VERI-ERROR] syntax error near ')' (VERI-1137) (C:\Users\zhubinbin\Desktop\Ti60F225_face_sc1336\Ti60F225_SC1336_HDMI_Display\src\new\streaming_connected_components.v:31)

///////////////////////////////////
// Efinity Synthesis Started 
// Oct 30, 2025 20:50:55
///////////////////////////////////


///////////////////////////////////
// Efinity Synthesis Started 
// Oct 30, 2025 21:20:35
///////////////////////////////////


///////////////////////////////////
// Efinity Synthesis Started 
// Oct 30, 2025 21:42:03
///////////////////////////////////


///////////////////////////////////
// Efinity Synthesis Started 
// Oct 30, 2025 21:45:56
///////////////////////////////////


///////////////////////////////////
// Efinity Synthesis Started 
// Oct 30, 2025 22:19:30
///////////////////////////////////


///////////////////////////////////
// Efinity Synthesis Started 
// Oct 30, 2025 22:28:54
///////////////////////////////////


///////////////////////////////////
// Efinity Synthesis Started 
// Oct 30, 2025 22:45:02
///////////////////////////////////


///////////////////////////////////
// Efinity Synthesis Started 
// Oct 30, 2025 22:52:14
///////////////////////////////////


///////////////////////////////////
// Efinity Synthesis Started 
// Oct 30, 2025 23:00:47
///////////////////////////////////


///////////////////////////////////
// Efinity Synthesis Started 
// Oct 30, 2025 23:04:12
///////////////////////////////////


///////////////////////////////////
// Efinity Synthesis Started 
// Oct 31, 2025 10:05:23
///////////////////////////////////


///////////////////////////////////
// Efinity Synthesis Started 
// Oct 31, 2025 10:12:57
///////////////////////////////////


///////////////////////////////////
// Efinity Synthesis Started 
// Oct 31, 2025 10:34:58
///////////////////////////////////

[EFX-0010 VERI-ERROR] syntax error near '[' (VERI-1137) (C:\Users\zhubinbin\Desktop\Ti60F225_face_sc1336\Ti60F225_SC1336_HDMI_Display\example_top.v:1442)
[EFX-0010 VERI-ERROR] syntax error near 'u_rgb2dvi' (VERI-1137) (C:\Users\zhubinbin\Desktop\Ti60F225_face_sc1336\Ti60F225_SC1336_HDMI_Display\example_top.v:1467)
[EFX-0010 VERI-ERROR] empty arguments are allowed only in SystemVerilog (VERI-1829) (C:\Users\zhubinbin\Desktop\Ti60F225_face_sc1336\Ti60F225_SC1336_HDMI_Display\example_top.v:1487)
[EFX-0010 VERI-ERROR] syntax error near 'endmodule' (VERI-1137) (C:\Users\zhubinbin\Desktop\Ti60F225_face_sc1336\Ti60F225_SC1336_HDMI_Display\example_top.v:1498)
[EFX-0010 VERI-ERROR] Verilog 2000 keyword 'endmodule' used in incorrect context (VERI-2344) (C:\Users\zhubinbin\Desktop\Ti60F225_face_sc1336\Ti60F225_SC1336_HDMI_Display\example_top.v:1498)

///////////////////////////////////
// Efinity Synthesis Started 
// Oct 31, 2025 10:35:16
///////////////////////////////////


///////////////////////////////////
// Efinity Synthesis Started 
// Oct 31, 2025 10:47:58
///////////////////////////////////


///////////////////////////////////
// Efinity Synthesis Started 
// Oct 31, 2025 11:00:11
///////////////////////////////////


///////////////////////////////////
// Efinity Synthesis Started 
// Oct 31, 2025 11:07:25
///////////////////////////////////


///////////////////////////////////
// Efinity Synthesis Started 
// Oct 31, 2025 11:15:35
///////////////////////////////////

[EFX-0010 VERI-ERROR] syntax error near '}' (VERI-1137) (C:\Users\zhubinbin\Desktop\Ti60F225_face_sc1336\Ti60F225_SC1336_HDMI_Display\src\new\streaming_connected_components.v:299)
[EFX-0010 VERI-ERROR] syntax error near 'endcase' (VERI-1137) (C:\Users\zhubinbin\Desktop\Ti60F225_face_sc1336\Ti60F225_SC1336_HDMI_Display\src\new\streaming_connected_components.v:319)
[EFX-0010 VERI-ERROR] Verilog 2000 keyword 'endcase' used in incorrect context (VERI-2344) (C:\Users\zhubinbin\Desktop\Ti60F225_face_sc1336\Ti60F225_SC1336_HDMI_Display\src\new\streaming_connected_components.v:319)
[EFX-0010 VERI-ERROR] syntax error near 'end' (VERI-1137) (C:\Users\zhubinbin\Desktop\Ti60F225_face_sc1336\Ti60F225_SC1336_HDMI_Display\src\new\streaming_connected_components.v:332)
[EFX-0010 VERI-ERROR] Verilog 2000 keyword 'end' used in incorrect context (VERI-2344) (C:\Users\zhubinbin\Desktop\Ti60F225_face_sc1336\Ti60F225_SC1336_HDMI_Display\src\new\streaming_connected_components.v:332)
[EFX-0010 VERI-ERROR] syntax error near '=' (VERI-1137) (C:\Users\zhubinbin\Desktop\Ti60F225_face_sc1336\Ti60F225_SC1336_HDMI_Display\src\new\streaming_connected_components.v:335)
[EFX-0010 VERI-ERROR] syntax error near '=' (VERI-1137) (C:\Users\zhubinbin\Desktop\Ti60F225_face_sc1336\Ti60F225_SC1336_HDMI_Display\src\new\streaming_connected_components.v:336)
[EFX-0010 VERI-ERROR] syntax error near '=' (VERI-1137) (C:\Users\zhubinbin\Desktop\Ti60F225_face_sc1336\Ti60F225_SC1336_HDMI_Display\src\new\streaming_connected_components.v:337)
[EFX-0010 VERI-ERROR] syntax error near '=' (VERI-1137) (C:\Users\zhubinbin\Desktop\Ti60F225_face_sc1336\Ti60F225_SC1336_HDMI_Display\src\new\streaming_connected_components.v:338)

///////////////////////////////////
// Efinity Synthesis Started 
// Oct 31, 2025 11:17:10
///////////////////////////////////

[EFX-0010 VERI-ERROR] syntax error near '}' (VERI-1137) (C:\Users\zhubinbin\Desktop\Ti60F225_face_sc1336\Ti60F225_SC1336_HDMI_Display\src\new\streaming_connected_components.v:299)
[EFX-0010 VERI-ERROR] syntax error near 'endcase' (VERI-1137) (C:\Users\zhubinbin\Desktop\Ti60F225_face_sc1336\Ti60F225_SC1336_HDMI_Display\src\new\streaming_connected_components.v:319)
[EFX-0010 VERI-ERROR] Verilog 2000 keyword 'endcase' used in incorrect context (VERI-2344) (C:\Users\zhubinbin\Desktop\Ti60F225_face_sc1336\Ti60F225_SC1336_HDMI_Display\src\new\streaming_connected_components.v:319)
[EFX-0010 VERI-ERROR] syntax error near 'end' (VERI-1137) (C:\Users\zhubinbin\Desktop\Ti60F225_face_sc1336\Ti60F225_SC1336_HDMI_Display\src\new\streaming_connected_components.v:332)
[EFX-0010 VERI-ERROR] Verilog 2000 keyword 'end' used in incorrect context (VERI-2344) (C:\Users\zhubinbin\Desktop\Ti60F225_face_sc1336\Ti60F225_SC1336_HDMI_Display\src\new\streaming_connected_components.v:332)
[EFX-0010 VERI-ERROR] syntax error near '=' (VERI-1137) (C:\Users\zhubinbin\Desktop\Ti60F225_face_sc1336\Ti60F225_SC1336_HDMI_Display\src\new\streaming_connected_components.v:335)
[EFX-0010 VERI-ERROR] syntax error near '=' (VERI-1137) (C:\Users\zhubinbin\Desktop\Ti60F225_face_sc1336\Ti60F225_SC1336_HDMI_Display\src\new\streaming_connected_components.v:336)
[EFX-0010 VERI-ERROR] syntax error near '=' (VERI-1137) (C:\Users\zhubinbin\Desktop\Ti60F225_face_sc1336\Ti60F225_SC1336_HDMI_Display\src\new\streaming_connected_components.v:337)
[EFX-0010 VERI-ERROR] syntax error near '=' (VERI-1137) (C:\Users\zhubinbin\Desktop\Ti60F225_face_sc1336\Ti60F225_SC1336_HDMI_Display\src\new\streaming_connected_components.v:338)

///////////////////////////////////
// Efinity Synthesis Started 
// Oct 31, 2025 11:23:20
///////////////////////////////////


///////////////////////////////////
// Efinity Synthesis Started 
// Oct 31, 2025 11:28:44
///////////////////////////////////


///////////////////////////////////
// Efinity Synthesis Started 
// Oct 31, 2025 11:31:24
///////////////////////////////////


///////////////////////////////////
// Efinity Synthesis Started 
// Oct 31, 2025 11:35:37
///////////////////////////////////


///////////////////////////////////
// Efinity Synthesis Started 
// Oct 31, 2025 11:39:01
///////////////////////////////////


///////////////////////////////////
// Efinity Synthesis Started 
// Oct 31, 2025 11:39:32
///////////////////////////////////

[EFX-0010 VERI-ERROR] syntax error near ';' (VERI-1137) (C:\Users\zhubinbin\Desktop\Ti60F225_face_sc1336\Ti60F225_SC1336_HDMI_Display\example_top.v:1368)
[EFX-0010 VERI-ERROR] module 'example_top' is ignored due to previous errors (VERI-1072) (C:\Users\zhubinbin\Desktop\Ti60F225_face_sc1336\Ti60F225_SC1336_HDMI_Display\example_top.v:1526)

///////////////////////////////////
// Efinity Synthesis Started 
// Oct 31, 2025 11:39:49
///////////////////////////////////


///////////////////////////////////
// Efinity Synthesis Started 
// Oct 31, 2025 11:42:54
///////////////////////////////////

[EFX-0010 VERI-ERROR] syntax error near ';' (VERI-1137) (C:\Users\zhubinbin\Desktop\Ti60F225_face_sc1336\Ti60F225_SC1336_HDMI_Display\example_top.v:1419)
[EFX-0010 VERI-ERROR] module 'example_top' is ignored due to previous errors (VERI-1072) (C:\Users\zhubinbin\Desktop\Ti60F225_face_sc1336\Ti60F225_SC1336_HDMI_Display\example_top.v:1526)

///////////////////////////////////
// Efinity Synthesis Started 
// Oct 31, 2025 11:44:21
///////////////////////////////////


///////////////////////////////////
// Efinity Synthesis Started 
// Oct 31, 2025 11:52:04
///////////////////////////////////


///////////////////////////////////
// Efinity Synthesis Started 
// Oct 31, 2025 12:28:09
///////////////////////////////////


///////////////////////////////////
// Efinity Synthesis Started 
// Oct 31, 2025 12:35:26
///////////////////////////////////


///////////////////////////////////
// Efinity Synthesis Started 
// Oct 31, 2025 12:36:08
///////////////////////////////////


///////////////////////////////////
// Efinity Synthesis Started 
// Oct 31, 2025 12:43:57
///////////////////////////////////


///////////////////////////////////
// Efinity Synthesis Started 
// Oct 31, 2025 12:57:57
///////////////////////////////////


///////////////////////////////////
// Efinity Synthesis Started 
// Oct 31, 2025 13:10:42
///////////////////////////////////


///////////////////////////////////
// Efinity Synthesis Started 
// Oct 31, 2025 13:16:51
///////////////////////////////////


///////////////////////////////////
// Efinity Synthesis Started 
// Oct 31, 2025 13:27:07
///////////////////////////////////


///////////////////////////////////
// Efinity Synthesis Started 
// Oct 31, 2025 13:30:52
///////////////////////////////////


///////////////////////////////////
// Efinity Synthesis Started 
// Oct 31, 2025 13:41:18
///////////////////////////////////


///////////////////////////////////
// Efinity Synthesis Started 
// Oct 31, 2025 13:59:12
///////////////////////////////////


///////////////////////////////////
// Efinity Synthesis Started 
// Oct 31, 2025 14:02:16
///////////////////////////////////


///////////////////////////////////
// Efinity Synthesis Started 
// Oct 31, 2025 14:05:57
///////////////////////////////////


///////////////////////////////////
// Efinity Synthesis Started 
// Oct 31, 2025 17:20:42
///////////////////////////////////


///////////////////////////////////
// Efinity Synthesis Started 
// Oct 31, 2025 17:35:08
///////////////////////////////////


///////////////////////////////////
// Efinity Synthesis Started 
// Oct 31, 2025 17:44:26
///////////////////////////////////


///////////////////////////////////
// Efinity Synthesis Started 
// Oct 31, 2025 18:45:57
///////////////////////////////////


///////////////////////////////////
// Efinity Synthesis Started 
// Oct 31, 2025 18:50:11
///////////////////////////////////


///////////////////////////////////
// Efinity Synthesis Started 
// Oct 31, 2025 19:01:28
///////////////////////////////////


///////////////////////////////////
// Efinity Synthesis Started 
// Oct 31, 2025 19:07:09
///////////////////////////////////


///////////////////////////////////
// Efinity Synthesis Started 
// Oct 31, 2025 19:20:01
///////////////////////////////////


///////////////////////////////////
// Efinity Synthesis Started 
// Oct 31, 2025 19:28:01
///////////////////////////////////


///////////////////////////////////
// Efinity Synthesis Started 
// Oct 31, 2025 19:36:08
///////////////////////////////////


///////////////////////////////////
// Efinity Synthesis Started 
// Oct 31, 2025 19:40:18
///////////////////////////////////


///////////////////////////////////
// Efinity Synthesis Started 
// Oct 31, 2025 19:54:18
///////////////////////////////////


///////////////////////////////////
// Efinity Synthesis Started 
// Oct 31, 2025 20:00:22
///////////////////////////////////

[EFX-0010 VERI-ERROR] syntax error near 'endmodule' (VERI-1137) (C:\Users\zhubinbin\Desktop\Ti60F225_face_sc1336\Ti60F225_SC1336_HDMI_Display\src\new\streaming_connected_components.v:416)
[EFX-0010 VERI-ERROR] Verilog 2000 keyword 'endmodule' used in incorrect context (VERI-2344) (C:\Users\zhubinbin\Desktop\Ti60F225_face_sc1336\Ti60F225_SC1336_HDMI_Display\src\new\streaming_connected_components.v:416)

///////////////////////////////////
// Efinity Synthesis Started 
// Oct 31, 2025 20:01:43
///////////////////////////////////


///////////////////////////////////
// Efinity Synthesis Started 
// Oct 31, 2025 20:12:20
///////////////////////////////////


///////////////////////////////////
// Efinity Synthesis Started 
// Oct 31, 2025 20:15:19
///////////////////////////////////


///////////////////////////////////
// Efinity Synthesis Started 
// Oct 31, 2025 20:47:02
///////////////////////////////////


///////////////////////////////////
// Efinity Synthesis Started 
// Oct 31, 2025 21:07:24
///////////////////////////////////


///////////////////////////////////
// Efinity Synthesis Started 
// Oct 31, 2025 21:20:26
///////////////////////////////////


///////////////////////////////////
// Efinity Synthesis Started 
// Oct 31, 2025 21:32:51
///////////////////////////////////

[EFX-0010 VERI-ERROR] module 'bbox_overlay' does not have a parameter named GUIDE_OFFSET (VERI-1184) (C:\Users\zhubinbin\Desktop\Ti60F225_face_sc1336\Ti60F225_SC1336_HDMI_Display\example_top.v:1482)
[EFX-0021 ERROR] Elaboration of module 'example_top' failed. Please check previous error messages.

///////////////////////////////////
// Efinity Synthesis Started 
// Oct 31, 2025 21:34:06
///////////////////////////////////


///////////////////////////////////
// Efinity Synthesis Started 
// Oct 31, 2025 21:41:14
///////////////////////////////////


///////////////////////////////////
// Efinity Synthesis Started 
// Oct 31, 2025 21:48:01
///////////////////////////////////


///////////////////////////////////
// Efinity Synthesis Started 
// Oct 31, 2025 21:55:27
///////////////////////////////////


///////////////////////////////////
// Efinity Synthesis Started 
// Oct 31, 2025 21:59:59
///////////////////////////////////


///////////////////////////////////
// Efinity Synthesis Started 
// Oct 31, 2025 22:13:13
///////////////////////////////////


///////////////////////////////////
// Efinity Synthesis Started 
// Oct 31, 2025 22:27:54
///////////////////////////////////


///////////////////////////////////
// Efinity Synthesis Started 
// Oct 31, 2025 22:31:45
///////////////////////////////////


///////////////////////////////////
// Efinity Synthesis Started 
// Oct 31, 2025 22:42:10
///////////////////////////////////


///////////////////////////////////
// Efinity Synthesis Started 
// Oct 31, 2025 22:49:05
///////////////////////////////////


///////////////////////////////////
// Efinity Synthesis Started 
// Oct 31, 2025 22:56:30
///////////////////////////////////


///////////////////////////////////
// Efinity Synthesis Started 
// Oct 31, 2025 22:59:24
///////////////////////////////////


///////////////////////////////////
// Efinity Synthesis Started 
// Oct 31, 2025 23:00:26
///////////////////////////////////


///////////////////////////////////
// Efinity Synthesis Started 
// Oct 31, 2025 23:04:02
///////////////////////////////////


///////////////////////////////////
// Efinity Synthesis Started 
// Nov 01, 2025 10:44:40
///////////////////////////////////

[EFX-0010 VERI-ERROR] non-constant loop count limit 200 exceeded (VERI-2568) (C:\Users\zhubinbin\Desktop\Ti60F225_face_sc1336\Ti60F225_SC1336_HDMI_Display\src\new\streaming_connected_components.v:104)
[EFX-0021 ERROR] Elaboration of module 'example_top' failed. Please check previous error messages.

///////////////////////////////////
// Efinity Synthesis Started 
// Nov 01, 2025 10:48:14
///////////////////////////////////

[EFX-0010 VERI-ERROR] cannot assign to memory 'out_max_y' directly (VERI-1006) (C:\Users\zhubinbin\Desktop\Ti60F225_face_sc1336\Ti60F225_SC1336_HDMI_Display\src\new\streaming_connected_components.v:170)
[EFX-0010 VERI-ERROR] cannot assign a packed type to an unpacked type (VERI-1349) (C:\Users\zhubinbin\Desktop\Ti60F225_face_sc1336\Ti60F225_SC1336_HDMI_Display\src\new\streaming_connected_components.v:170)
[EFX-0010 VERI-ERROR] unpacked value/target cannot be used in an assignment (VERI-1644) (C:\Users\zhubinbin\Desktop\Ti60F225_face_sc1336\Ti60F225_SC1336_HDMI_Display\src\new\streaming_connected_components.v:170)
[EFX-0010 VERI-ERROR] module 'streaming_connected_components' is ignored due to previous errors (VERI-1072) (C:\Users\zhubinbin\Desktop\Ti60F225_face_sc1336\Ti60F225_SC1336_HDMI_Display\src\new\streaming_connected_components.v:329)

///////////////////////////////////
// Efinity Synthesis Started 
// Nov 01, 2025 10:51:30
///////////////////////////////////

[EFX-0010 VERI-ERROR] unresolved external task/function reference 'break' (VERI-2061) (C:\Users\zhubinbin\Desktop\Ti60F225_face_sc1336\Ti60F225_SC1336_HDMI_Display\src\new\streaming_connected_components.v:100)
[EFX-0021 ERROR] Elaboration of module 'example_top' failed. Please check previous error messages.

///////////////////////////////////
// Efinity Synthesis Started 
// Nov 01, 2025 10:52:22
///////////////////////////////////

[EFX-0010 VERI-ERROR] unresolved external task/function reference 'break' (VERI-2061) (C:\Users\zhubinbin\Desktop\Ti60F225_face_sc1336\Ti60F225_SC1336_HDMI_Display\src\new\streaming_connected_components.v:100)
[EFX-0021 ERROR] Elaboration of module 'example_top' failed. Please check previous error messages.

///////////////////////////////////
// Efinity Synthesis Started 
// Nov 01, 2025 10:55:43
///////////////////////////////////

[EFX-0010 VERI-ERROR] mixed blocking and non-blocking assignments on 'parent' is not supported (VERI-1070) (C:\Users\zhubinbin\Desktop\Ti60F225_face_sc1336\Ti60F225_SC1336_HDMI_Display\src\new\streaming_connected_components.v:110)
[EFX-0010 VERI-ERROR] mixed blocking and non-blocking assignments on 'parent' is not supported (VERI-1070) (C:\Users\zhubinbin\Desktop\Ti60F225_face_sc1336\Ti60F225_SC1336_HDMI_Display\src\new\streaming_connected_components.v:56)
[EFX-0021 ERROR] Elaboration of module 'example_top' failed. Please check previous error messages.

///////////////////////////////////
// Efinity Synthesis Started 
// Nov 01, 2025 10:59:01
///////////////////////////////////

[EFX-0010 VERI-ERROR] cannot assign to memory 'parent' directly (VERI-1006) (C:\Users\zhubinbin\Desktop\Ti60F225_face_sc1336\Ti60F225_SC1336_HDMI_Display\src\new\streaming_connected_components.v:153)
[EFX-0010 VERI-ERROR] cannot access memory 'parent_next' directly (VERI-1002) (C:\Users\zhubinbin\Desktop\Ti60F225_face_sc1336\Ti60F225_SC1336_HDMI_Display\src\new\streaming_connected_components.v:153)
[EFX-0010 VERI-ERROR] unpacked value/target cannot be used in an assignment (VERI-1644) (C:\Users\zhubinbin\Desktop\Ti60F225_face_sc1336\Ti60F225_SC1336_HDMI_Display\src\new\streaming_connected_components.v:153)
[EFX-0010 VERI-ERROR] cannot assign to memory 'parent_next' directly (VERI-1006) (C:\Users\zhubinbin\Desktop\Ti60F225_face_sc1336\Ti60F225_SC1336_HDMI_Display\src\new\streaming_connected_components.v:155)
[EFX-0010 VERI-ERROR] cannot access memory 'parent' directly (VERI-1002) (C:\Users\zhubinbin\Desktop\Ti60F225_face_sc1336\Ti60F225_SC1336_HDMI_Display\src\new\streaming_connected_components.v:155)
[EFX-0010 VERI-ERROR] unpacked value/target cannot be used in an assignment (VERI-1644) (C:\Users\zhubinbin\Desktop\Ti60F225_face_sc1336\Ti60F225_SC1336_HDMI_Display\src\new\streaming_connected_components.v:155)
[EFX-0010 VERI-ERROR] cannot assign to memory 'parent' directly (VERI-1006) (C:\Users\zhubinbin\Desktop\Ti60F225_face_sc1336\Ti60F225_SC1336_HDMI_Display\src\new\streaming_connected_components.v:237)
[EFX-0010 VERI-ERROR] cannot access memory 'parent_next' directly (VERI-1002) (C:\Users\zhubinbin\Desktop\Ti60F225_face_sc1336\Ti60F225_SC1336_HDMI_Display\src\new\streaming_connected_components.v:237)
[EFX-0010 VERI-ERROR] unpacked value/target cannot be used in an assignment (VERI-1644) (C:\Users\zhubinbin\Desktop\Ti60F225_face_sc1336\Ti60F225_SC1336_HDMI_Display\src\new\streaming_connected_components.v:237)
[EFX-0010 VERI-ERROR] module 'streaming_connected_components' is ignored due to previous errors (VERI-1072) (C:\Users\zhubinbin\Desktop\Ti60F225_face_sc1336\Ti60F225_SC1336_HDMI_Display\src\new\streaming_connected_components.v:240)

///////////////////////////////////
// Efinity Synthesis Started 
// Nov 01, 2025 11:05:16
///////////////////////////////////


///////////////////////////////////
// Efinity Synthesis Started 
// Nov 01, 2025 11:55:29
///////////////////////////////////

[EFX-0010 VERI-ERROR] declarations are not allowed in an unnamed block (VERI-1380) (C:\Users\zhubinbin\Desktop\Ti60F225_face_sc1336\Ti60F225_SC1336_HDMI_Display\src\new\streaming_connected_components.v:111)
[EFX-0010 VERI-ERROR] declarations are not allowed in an unnamed block (VERI-1380) (C:\Users\zhubinbin\Desktop\Ti60F225_face_sc1336\Ti60F225_SC1336_HDMI_Display\src\new\streaming_connected_components.v:143)
[EFX-0010 VERI-ERROR] declarations are not allowed in an unnamed block (VERI-1380) (C:\Users\zhubinbin\Desktop\Ti60F225_face_sc1336\Ti60F225_SC1336_HDMI_Display\src\new\streaming_connected_components.v:100)
[EFX-0010 VERI-ERROR] module 'streaming_connected_components' is ignored due to previous errors (VERI-1072) (C:\Users\zhubinbin\Desktop\Ti60F225_face_sc1336\Ti60F225_SC1336_HDMI_Display\src\new\streaming_connected_components.v:200)

///////////////////////////////////
// Efinity Synthesis Started 
// Nov 01, 2025 11:56:15
///////////////////////////////////

[EFX-0010 VERI-ERROR] declarations are not allowed in an unnamed block (VERI-1380) (C:\Users\zhubinbin\Desktop\Ti60F225_face_sc1336\Ti60F225_SC1336_HDMI_Display\src\new\streaming_connected_components.v:143)
[EFX-0010 VERI-ERROR] declarations are not allowed in an unnamed block (VERI-1380) (C:\Users\zhubinbin\Desktop\Ti60F225_face_sc1336\Ti60F225_SC1336_HDMI_Display\src\new\streaming_connected_components.v:100)
[EFX-0010 VERI-ERROR] module 'streaming_connected_components' is ignored due to previous errors (VERI-1072) (C:\Users\zhubinbin\Desktop\Ti60F225_face_sc1336\Ti60F225_SC1336_HDMI_Display\src\new\streaming_connected_components.v:200)

///////////////////////////////////
// Efinity Synthesis Started 
// Nov 01, 2025 11:56:41
///////////////////////////////////

[EFX-0010 VERI-ERROR] declarations are not allowed in an unnamed block (VERI-1380) (C:\Users\zhubinbin\Desktop\Ti60F225_face_sc1336\Ti60F225_SC1336_HDMI_Display\src\new\streaming_connected_components.v:101)
[EFX-0010 VERI-ERROR] module 'streaming_connected_components' is ignored due to previous errors (VERI-1072) (C:\Users\zhubinbin\Desktop\Ti60F225_face_sc1336\Ti60F225_SC1336_HDMI_Display\src\new\streaming_connected_components.v:201)

///////////////////////////////////
// Efinity Synthesis Started 
// Nov 01, 2025 11:57:12
///////////////////////////////////


///////////////////////////////////
// Efinity Synthesis Started 
// Nov 01, 2025 12:11:54
///////////////////////////////////

[EFX-0010 VERI-ERROR] declarations are not allowed in an unnamed block (VERI-1380) (C:\Users\zhubinbin\Desktop\Ti60F225_face_sc1336\Ti60F225_SC1336_HDMI_Display\src\new\streaming_connected_components.v:106)
[EFX-0010 VERI-ERROR] declarations are not allowed in an unnamed block (VERI-1380) (C:\Users\zhubinbin\Desktop\Ti60F225_face_sc1336\Ti60F225_SC1336_HDMI_Display\src\new\streaming_connected_components.v:137)
[EFX-0010 VERI-ERROR] declarations are not allowed in an unnamed block (VERI-1380) (C:\Users\zhubinbin\Desktop\Ti60F225_face_sc1336\Ti60F225_SC1336_HDMI_Display\src\new\streaming_connected_components.v:92)
[EFX-0010 VERI-ERROR] declarations are not allowed in an unnamed block (VERI-1380) (C:\Users\zhubinbin\Desktop\Ti60F225_face_sc1336\Ti60F225_SC1336_HDMI_Display\src\new\streaming_connected_components.v:171)
[EFX-0010 VERI-ERROR] module 'streaming_connected_components' is ignored due to previous errors (VERI-1072) (C:\Users\zhubinbin\Desktop\Ti60F225_face_sc1336\Ti60F225_SC1336_HDMI_Display\src\new\streaming_connected_components.v:238)

///////////////////////////////////
// Efinity Synthesis Started 
// Nov 01, 2025 12:13:21
///////////////////////////////////


///////////////////////////////////
// Efinity Synthesis Started 
// Nov 01, 2025 12:43:41
///////////////////////////////////

[EFX-0010 VERI-ERROR] declarations are not allowed in an unnamed block (VERI-1380) (C:\Users\zhubinbin\Desktop\Ti60F225_face_sc1336\Ti60F225_SC1336_HDMI_Display\src\new\streaming_connected_components.v:129)
[EFX-0010 VERI-ERROR] declarations are not allowed in an unnamed block (VERI-1380) (C:\Users\zhubinbin\Desktop\Ti60F225_face_sc1336\Ti60F225_SC1336_HDMI_Display\src\new\streaming_connected_components.v:153)
[EFX-0010 VERI-ERROR] declarations are not allowed in an unnamed block (VERI-1380) (C:\Users\zhubinbin\Desktop\Ti60F225_face_sc1336\Ti60F225_SC1336_HDMI_Display\src\new\streaming_connected_components.v:118)
[EFX-0010 VERI-ERROR] module 'streaming_connected_components' is ignored due to previous errors (VERI-1072) (C:\Users\zhubinbin\Desktop\Ti60F225_face_sc1336\Ti60F225_SC1336_HDMI_Display\src\new\streaming_connected_components.v:200)

///////////////////////////////////
// Efinity Synthesis Started 
// Nov 01, 2025 12:44:54
///////////////////////////////////


///////////////////////////////////
// Efinity Synthesis Started 
// Nov 01, 2025 13:05:01
///////////////////////////////////

[EFX-0010 VERI-ERROR] module 'streaming_connected_components' does not have a parameter named MAX_LABELS (VERI-1184) (C:\Users\zhubinbin\Desktop\Ti60F225_face_sc1336\Ti60F225_SC1336_HDMI_Display\example_top.v:1328)
[EFX-0021 ERROR] Elaboration of module 'example_top' failed. Please check previous error messages.

///////////////////////////////////
// Efinity Synthesis Started 
// Nov 01, 2025 13:05:20
///////////////////////////////////


///////////////////////////////////
// Efinity Synthesis Started 
// Nov 01, 2025 13:16:40
///////////////////////////////////

[EFX-0010 VERI-ERROR] syntax error near '[' (VERI-1137) (C:\Users\zhubinbin\Desktop\Ti60F225_face_sc1336\Ti60F225_SC1336_HDMI_Display\src\new\true_ccl.v:177)
[EFX-0010 VERI-ERROR] declarations are not allowed in an unnamed block (VERI-1380) (C:\Users\zhubinbin\Desktop\Ti60F225_face_sc1336\Ti60F225_SC1336_HDMI_Display\src\new\true_ccl.v:204)
[EFX-0010 VERI-ERROR] 'decided_label' is not declared (VERI-1128) (C:\Users\zhubinbin\Desktop\Ti60F225_face_sc1336\Ti60F225_SC1336_HDMI_Display\src\new\true_ccl.v:180)
[EFX-0010 VERI-ERROR] 'decided_label' is not declared (VERI-1128) (C:\Users\zhubinbin\Desktop\Ti60F225_face_sc1336\Ti60F225_SC1336_HDMI_Display\src\new\true_ccl.v:181)
[EFX-0010 VERI-ERROR] 'decided_label' is not declared (VERI-1128) (C:\Users\zhubinbin\Desktop\Ti60F225_face_sc1336\Ti60F225_SC1336_HDMI_Display\src\new\true_ccl.v:182)
[EFX-0010 VERI-ERROR] 'decided_label' is not declared (VERI-1128) (C:\Users\zhubinbin\Desktop\Ti60F225_face_sc1336\Ti60F225_SC1336_HDMI_Display\src\new\true_ccl.v:183)
[EFX-0010 VERI-ERROR] 'decided_label' is not declared (VERI-1128) (C:\Users\zhubinbin\Desktop\Ti60F225_face_sc1336\Ti60F225_SC1336_HDMI_Display\src\new\true_ccl.v:185)
[EFX-0010 VERI-ERROR] 'decided_label' is not declared (VERI-1128) (C:\Users\zhubinbin\Desktop\Ti60F225_face_sc1336\Ti60F225_SC1336_HDMI_Display\src\new\true_ccl.v:188)
[EFX-0010 VERI-ERROR] 'nested module' is not allowed in this dialect; use SystemVerilog mode instead (VERI-1385) (C:\Users\zhubinbin\Desktop\Ti60F225_face_sc1336\Ti60F225_SC1336_HDMI_Display\src\new\true_ccl.v:300)
[EFX-0010 VERI-ERROR] module 'true_ccl' is ignored due to previous errors (VERI-1072) (C:\Users\zhubinbin\Desktop\Ti60F225_face_sc1336\Ti60F225_SC1336_HDMI_Display\src\new\true_ccl.v:301)

///////////////////////////////////
// Efinity Synthesis Started 
// Nov 01, 2025 13:17:34
///////////////////////////////////

[EFX-0010 VERI-ERROR] 'nested module' is not allowed in this dialect; use SystemVerilog mode instead (VERI-1385) (C:\Users\zhubinbin\Desktop\Ti60F225_face_sc1336\Ti60F225_SC1336_HDMI_Display\src\new\true_ccl.v:302)
[EFX-0010 VERI-ERROR] module 'true_ccl' is ignored due to previous errors (VERI-1072) (C:\Users\zhubinbin\Desktop\Ti60F225_face_sc1336\Ti60F225_SC1336_HDMI_Display\src\new\true_ccl.v:303)

///////////////////////////////////
// Efinity Synthesis Started 
// Nov 01, 2025 13:20:16
///////////////////////////////////

[EFX-0010 VERI-ERROR] concurrent assignment to a non-net 'r_min_x' is not permitted (VERI-1195) (C:\Users\zhubinbin\Desktop\Ti60F225_face_sc1336\Ti60F225_SC1336_HDMI_Display\src\new\true_ccl.v:127)
[EFX-0010 VERI-ERROR] concurrent assignment to a non-net 'r_max_x' is not permitted (VERI-1195) (C:\Users\zhubinbin\Desktop\Ti60F225_face_sc1336\Ti60F225_SC1336_HDMI_Display\src\new\true_ccl.v:128)
[EFX-0010 VERI-ERROR] concurrent assignment to a non-net 'r_min_y' is not permitted (VERI-1195) (C:\Users\zhubinbin\Desktop\Ti60F225_face_sc1336\Ti60F225_SC1336_HDMI_Display\src\new\true_ccl.v:129)
[EFX-0010 VERI-ERROR] concurrent assignment to a non-net 'r_max_y' is not permitted (VERI-1195) (C:\Users\zhubinbin\Desktop\Ti60F225_face_sc1336\Ti60F225_SC1336_HDMI_Display\src\new\true_ccl.v:130)
[EFX-0021 ERROR] Elaboration of module 'example_top' failed. Please check previous error messages.

///////////////////////////////////
// Efinity Synthesis Started 
// Nov 01, 2025 13:21:41
///////////////////////////////////


///////////////////////////////////
// Efinity Synthesis Started 
// Nov 01, 2025 13:34:50
///////////////////////////////////

[EFX-0010 VERI-ERROR] declarations are not allowed in an unnamed block (VERI-1380) (C:\Users\zhubinbin\Desktop\Ti60F225_face_sc1336\Ti60F225_SC1336_HDMI_Display\src\new\streaming_connected_components.v:228)
[EFX-0010 VERI-ERROR] declarations are not allowed in an unnamed block (VERI-1380) (C:\Users\zhubinbin\Desktop\Ti60F225_face_sc1336\Ti60F225_SC1336_HDMI_Display\src\new\streaming_connected_components.v:191)
[EFX-0010 VERI-ERROR] module 'streaming_connected_components' is ignored due to previous errors (VERI-1072) (C:\Users\zhubinbin\Desktop\Ti60F225_face_sc1336\Ti60F225_SC1336_HDMI_Display\src\new\streaming_connected_components.v:303)
[EFX-0010 VERI-ERROR] missing compiler directive (VERI-1068) (C:\Users\zhubinbin\Desktop\Ti60F225_face_sc1336\Ti60F225_SC1336_HDMI_Display\src\new\streaming_connected_components.v:304)
[EFX-0010 VERI-ERROR] syntax error near '#' (VERI-1137) (C:\Users\zhubinbin\Desktop\Ti60F225_face_sc1336\Ti60F225_SC1336_HDMI_Display\src\new\streaming_connected_components.v:306)

///////////////////////////////////
// Efinity Synthesis Started 
// Nov 01, 2025 13:36:04
///////////////////////////////////

[EFX-0010 VERI-ERROR] constant is not allowed here (VERI-1180) (C:\Users\zhubinbin\Desktop\Ti60F225_face_sc1336\Ti60F225_SC1336_HDMI_Display\src\new\streaming_connected_components.v:74)
[EFX-0010 VERI-ERROR] constant is not allowed here (VERI-1180) (C:\Users\zhubinbin\Desktop\Ti60F225_face_sc1336\Ti60F225_SC1336_HDMI_Display\src\new\streaming_connected_components.v:75)
[EFX-0021 ERROR] Elaboration of module 'example_top' failed. Please check previous error messages.

///////////////////////////////////
// Efinity Synthesis Started 
// Nov 01, 2025 13:40:38
///////////////////////////////////

[EFX-0010 VERI-ERROR] declarations are not allowed in an unnamed block (VERI-1380) (C:\Users\zhubinbin\Desktop\Ti60F225_face_sc1336\Ti60F225_SC1336_HDMI_Display\src\new\streaming_connected_components.v:214)
[EFX-0010 VERI-ERROR] declarations are not allowed in an unnamed block (VERI-1380) (C:\Users\zhubinbin\Desktop\Ti60F225_face_sc1336\Ti60F225_SC1336_HDMI_Display\src\new\streaming_connected_components.v:191)
[EFX-0010 VERI-ERROR] module 'true_ccl' is ignored due to previous errors (VERI-1072) (C:\Users\zhubinbin\Desktop\Ti60F225_face_sc1336\Ti60F225_SC1336_HDMI_Display\src\new\streaming_connected_components.v:288)

///////////////////////////////////
// Efinity Synthesis Started 
// Nov 01, 2025 13:41:13
///////////////////////////////////

[EFX-0010 VERI-ERROR] overwriting previous definition of module 'true_ccl' (VERI-1206) (C:\Users\zhubinbin\Desktop\Ti60F225_face_sc1336\Ti60F225_SC1336_HDMI_Display\src\new\true_ccl.v:289)

///////////////////////////////////
// Efinity Synthesis Started 
// Nov 01, 2025 13:42:14
///////////////////////////////////

[EFX-0010 VERI-ERROR] constant is not allowed here (VERI-1180) (C:\Users\zhubinbin\Desktop\Ti60F225_face_sc1336\Ti60F225_SC1336_HDMI_Display\src\new\streaming_connected_components.v:54)
[EFX-0010 VERI-ERROR] constant is not allowed here (VERI-1180) (C:\Users\zhubinbin\Desktop\Ti60F225_face_sc1336\Ti60F225_SC1336_HDMI_Display\src\new\streaming_connected_components.v:55)
[EFX-0021 ERROR] Elaboration of module 'example_top' failed. Please check previous error messages.

///////////////////////////////////
// Efinity Synthesis Started 
// Nov 01, 2025 13:43:08
///////////////////////////////////

[EFX-0010 VERI-ERROR] constant is not allowed here (VERI-1180) (C:\Users\zhubinbin\Desktop\Ti60F225_face_sc1336\Ti60F225_SC1336_HDMI_Display\src\new\streaming_connected_components.v:54)
[EFX-0010 VERI-ERROR] constant is not allowed here (VERI-1180) (C:\Users\zhubinbin\Desktop\Ti60F225_face_sc1336\Ti60F225_SC1336_HDMI_Display\src\new\streaming_connected_components.v:55)
[EFX-0021 ERROR] Elaboration of module 'example_top' failed. Please check previous error messages.

///////////////////////////////////
// Efinity Synthesis Started 
// Nov 01, 2025 13:44:24
///////////////////////////////////

[EFX-0010 VERI-ERROR] 'winner' is not declared (VERI-1128) (C:\Users\zhubinbin\Desktop\Ti60F225_face_sc1336\Ti60F225_SC1336_HDMI_Display\src\new\streaming_connected_components.v:194)
[EFX-0010 VERI-ERROR] 'winner' is not declared (VERI-1128) (C:\Users\zhubinbin\Desktop\Ti60F225_face_sc1336\Ti60F225_SC1336_HDMI_Display\src\new\streaming_connected_components.v:198)
[EFX-0010 VERI-ERROR] 'loser' is not declared (VERI-1128) (C:\Users\zhubinbin\Desktop\Ti60F225_face_sc1336\Ti60F225_SC1336_HDMI_Display\src\new\streaming_connected_components.v:202)
[EFX-0010 VERI-ERROR] 'winner' is not declared (VERI-1128) (C:\Users\zhubinbin\Desktop\Ti60F225_face_sc1336\Ti60F225_SC1336_HDMI_Display\src\new\streaming_connected_components.v:203)
[EFX-0010 VERI-ERROR] module 'streaming_connected_components' is ignored due to previous errors (VERI-1072) (C:\Users\zhubinbin\Desktop\Ti60F225_face_sc1336\Ti60F225_SC1336_HDMI_Display\src\new\streaming_connected_components.v:305)

///////////////////////////////////
// Efinity Synthesis Started 
// Nov 01, 2025 13:57:03
///////////////////////////////////


///////////////////////////////////
// Efinity Synthesis Started 
// Nov 01, 2025 14:40:03
///////////////////////////////////

[EFX-0010 VERI-ERROR] syntax error near 'fifo_seg' (VERI-1137) (C:\Users\zhubinbin\Desktop\Ti60F225_face_sc1336\Ti60F225_SC1336_HDMI_Display\src\new\streaming_connected_components.v:219)
[EFX-0010 VERI-ERROR] procedural assignment to a non-register 'cur_fifo_rd_en' is not permitted (VERI-1100) (C:\Users\zhubinbin\Desktop\Ti60F225_face_sc1336\Ti60F225_SC1336_HDMI_Display\src\new\streaming_connected_components.v:134)
[EFX-0010 VERI-ERROR] procedural assignment to a non-register 'prev_fifo_rd_en' is not permitted (VERI-1100) (C:\Users\zhubinbin\Desktop\Ti60F225_face_sc1336\Ti60F225_SC1336_HDMI_Display\src\new\streaming_connected_components.v:135)
[EFX-0010 VERI-ERROR] procedural assignment to a non-register 'prev_fifo_wr_en' is not permitted (VERI-1100) (C:\Users\zhubinbin\Desktop\Ti60F225_face_sc1336\Ti60F225_SC1336_HDMI_Display\src\new\streaming_connected_components.v:136)
[EFX-0010 VERI-ERROR] procedural assignment to a non-register 'prop_bram_we_a' is not permitted (VERI-1100) (C:\Users\zhubinbin\Desktop\Ti60F225_face_sc1336\Ti60F225_SC1336_HDMI_Display\src\new\streaming_connected_components.v:137)
[EFX-0010 VERI-ERROR] procedural assignment to a non-register 'prop_bram_we_b' is not permitted (VERI-1100) (C:\Users\zhubinbin\Desktop\Ti60F225_face_sc1336\Ti60F225_SC1336_HDMI_Display\src\new\streaming_connected_components.v:138)
[EFX-0010 VERI-ERROR] procedural assignment to a non-register 'cur_fifo_rd_en' is not permitted (VERI-1100) (C:\Users\zhubinbin\Desktop\Ti60F225_face_sc1336\Ti60F225_SC1336_HDMI_Display\src\new\streaming_connected_components.v:151)
[EFX-0010 VERI-ERROR] procedural assignment to a non-register 'prev_fifo_rd_en' is not permitted (VERI-1100) (C:\Users\zhubinbin\Desktop\Ti60F225_face_sc1336\Ti60F225_SC1336_HDMI_Display\src\new\streaming_connected_components.v:152)
[EFX-0010 VERI-ERROR] procedural assignment to a non-register 'prop_bram_addr_a' is not permitted (VERI-1100) (C:\Users\zhubinbin\Desktop\Ti60F225_face_sc1336\Ti60F225_SC1336_HDMI_Display\src\new\streaming_connected_components.v:166)
[EFX-0010 VERI-ERROR] procedural assignment to a non-register 'prop_bram_addr_b' is not permitted (VERI-1100) (C:\Users\zhubinbin\Desktop\Ti60F225_face_sc1336\Ti60F225_SC1336_HDMI_Display\src\new\streaming_connected_components.v:167)
[EFX-0010 VERI-ERROR] procedural assignment to a non-register 'prev_fifo_rd_en' is not permitted (VERI-1100) (C:\Users\zhubinbin\Desktop\Ti60F225_face_sc1336\Ti60F225_SC1336_HDMI_Display\src\new\streaming_connected_components.v:169)
[EFX-0010 VERI-ERROR] illegal expression in target (VERI-1042) (C:\Users\zhubinbin\Desktop\Ti60F225_face_sc1336\Ti60F225_SC1336_HDMI_Display\src\new\streaming_connected_components.v:169)
[EFX-0010 VERI-ERROR] procedural assignment to a non-register 'prev_fifo_rd_en' is not permitted (VERI-1100) (C:\Users\zhubinbin\Desktop\Ti60F225_face_sc1336\Ti60F225_SC1336_HDMI_Display\src\new\streaming_connected_components.v:170)
[EFX-0010 VERI-ERROR] illegal expression in target (VERI-1042) (C:\Users\zhubinbin\Desktop\Ti60F225_face_sc1336\Ti60F225_SC1336_HDMI_Display\src\new\streaming_connected_components.v:170)
[EFX-0010 VERI-ERROR] procedural assignment to a non-register 'prop_bram_we_a' is not permitted (VERI-1100) (C:\Users\zhubinbin\Desktop\Ti60F225_face_sc1336\Ti60F225_SC1336_HDMI_Display\src\new\streaming_connected_components.v:177)
[EFX-0010 VERI-ERROR] procedural assignment to a non-register 'prop_bram_addr_a' is not permitted (VERI-1100) (C:\Users\zhubinbin\Desktop\Ti60F225_face_sc1336\Ti60F225_SC1336_HDMI_Display\src\new\streaming_connected_components.v:178)
[EFX-0010 VERI-ERROR] procedural assignment to a non-register 'prop_bram_we_b' is not permitted (VERI-1100) (C:\Users\zhubinbin\Desktop\Ti60F225_face_sc1336\Ti60F225_SC1336_HDMI_Display\src\new\streaming_connected_components.v:182)
[EFX-0010 VERI-ERROR] procedural assignment to a non-register 'prop_bram_addr_b' is not permitted (VERI-1100) (C:\Users\zhubinbin\Desktop\Ti60F225_face_sc1336\Ti60F225_SC1336_HDMI_Display\src\new\streaming_connected_components.v:183)
[EFX-0010 VERI-ERROR] procedural assignment to a non-register 'prop_bram_din_b' is not permitted (VERI-1100) (C:\Users\zhubinbin\Desktop\Ti60F225_face_sc1336\Ti60F225_SC1336_HDMI_Display\src\new\streaming_connected_components.v:184)

///////////////////////////////////
// Efinity Synthesis Started 
// Nov 01, 2025 14:40:23
///////////////////////////////////

[EFX-0010 VERI-ERROR] procedural assignment to a non-register 'cur_fifo_rd_en' is not permitted (VERI-1100) (C:\Users\zhubinbin\Desktop\Ti60F225_face_sc1336\Ti60F225_SC1336_HDMI_Display\src\new\streaming_connected_components.v:134)
[EFX-0010 VERI-ERROR] procedural assignment to a non-register 'prev_fifo_rd_en' is not permitted (VERI-1100) (C:\Users\zhubinbin\Desktop\Ti60F225_face_sc1336\Ti60F225_SC1336_HDMI_Display\src\new\streaming_connected_components.v:135)
[EFX-0010 VERI-ERROR] procedural assignment to a non-register 'prev_fifo_wr_en' is not permitted (VERI-1100) (C:\Users\zhubinbin\Desktop\Ti60F225_face_sc1336\Ti60F225_SC1336_HDMI_Display\src\new\streaming_connected_components.v:136)
[EFX-0010 VERI-ERROR] procedural assignment to a non-register 'prop_bram_we_a' is not permitted (VERI-1100) (C:\Users\zhubinbin\Desktop\Ti60F225_face_sc1336\Ti60F225_SC1336_HDMI_Display\src\new\streaming_connected_components.v:137)
[EFX-0010 VERI-ERROR] procedural assignment to a non-register 'prop_bram_we_b' is not permitted (VERI-1100) (C:\Users\zhubinbin\Desktop\Ti60F225_face_sc1336\Ti60F225_SC1336_HDMI_Display\src\new\streaming_connected_components.v:138)
[EFX-0010 VERI-ERROR] procedural assignment to a non-register 'cur_fifo_rd_en' is not permitted (VERI-1100) (C:\Users\zhubinbin\Desktop\Ti60F225_face_sc1336\Ti60F225_SC1336_HDMI_Display\src\new\streaming_connected_components.v:151)
[EFX-0010 VERI-ERROR] procedural assignment to a non-register 'prev_fifo_rd_en' is not permitted (VERI-1100) (C:\Users\zhubinbin\Desktop\Ti60F225_face_sc1336\Ti60F225_SC1336_HDMI_Display\src\new\streaming_connected_components.v:152)
[EFX-0010 VERI-ERROR] procedural assignment to a non-register 'prop_bram_addr_a' is not permitted (VERI-1100) (C:\Users\zhubinbin\Desktop\Ti60F225_face_sc1336\Ti60F225_SC1336_HDMI_Display\src\new\streaming_connected_components.v:166)
[EFX-0010 VERI-ERROR] procedural assignment to a non-register 'prop_bram_addr_b' is not permitted (VERI-1100) (C:\Users\zhubinbin\Desktop\Ti60F225_face_sc1336\Ti60F225_SC1336_HDMI_Display\src\new\streaming_connected_components.v:167)
[EFX-0010 VERI-ERROR] procedural assignment to a non-register 'prev_fifo_rd_en' is not permitted (VERI-1100) (C:\Users\zhubinbin\Desktop\Ti60F225_face_sc1336\Ti60F225_SC1336_HDMI_Display\src\new\streaming_connected_components.v:169)
[EFX-0010 VERI-ERROR] illegal expression in target (VERI-1042) (C:\Users\zhubinbin\Desktop\Ti60F225_face_sc1336\Ti60F225_SC1336_HDMI_Display\src\new\streaming_connected_components.v:169)
[EFX-0010 VERI-ERROR] procedural assignment to a non-register 'prev_fifo_rd_en' is not permitted (VERI-1100) (C:\Users\zhubinbin\Desktop\Ti60F225_face_sc1336\Ti60F225_SC1336_HDMI_Display\src\new\streaming_connected_components.v:170)
[EFX-0010 VERI-ERROR] illegal expression in target (VERI-1042) (C:\Users\zhubinbin\Desktop\Ti60F225_face_sc1336\Ti60F225_SC1336_HDMI_Display\src\new\streaming_connected_components.v:170)
[EFX-0010 VERI-ERROR] procedural assignment to a non-register 'prop_bram_we_a' is not permitted (VERI-1100) (C:\Users\zhubinbin\Desktop\Ti60F225_face_sc1336\Ti60F225_SC1336_HDMI_Display\src\new\streaming_connected_components.v:177)
[EFX-0010 VERI-ERROR] procedural assignment to a non-register 'prop_bram_addr_a' is not permitted (VERI-1100) (C:\Users\zhubinbin\Desktop\Ti60F225_face_sc1336\Ti60F225_SC1336_HDMI_Display\src\new\streaming_connected_components.v:178)
[EFX-0010 VERI-ERROR] procedural assignment to a non-register 'prop_bram_we_b' is not permitted (VERI-1100) (C:\Users\zhubinbin\Desktop\Ti60F225_face_sc1336\Ti60F225_SC1336_HDMI_Display\src\new\streaming_connected_components.v:182)
[EFX-0010 VERI-ERROR] procedural assignment to a non-register 'prop_bram_addr_b' is not permitted (VERI-1100) (C:\Users\zhubinbin\Desktop\Ti60F225_face_sc1336\Ti60F225_SC1336_HDMI_Display\src\new\streaming_connected_components.v:183)
[EFX-0010 VERI-ERROR] procedural assignment to a non-register 'prop_bram_din_b' is not permitted (VERI-1100) (C:\Users\zhubinbin\Desktop\Ti60F225_face_sc1336\Ti60F225_SC1336_HDMI_Display\src\new\streaming_connected_components.v:184)
[EFX-0010 VERI-ERROR] procedural assignment to a non-register 'prev_fifo_rd_en' is not permitted (VERI-1100) (C:\Users\zhubinbin\Desktop\Ti60F225_face_sc1336\Ti60F225_SC1336_HDMI_Display\src\new\streaming_connected_components.v:187)

///////////////////////////////////
// Efinity Synthesis Started 
// Nov 01, 2025 14:40:32
///////////////////////////////////

[EFX-0010 VERI-ERROR] procedural assignment to a non-register 'cur_fifo_rd_en' is not permitted (VERI-1100) (C:\Users\zhubinbin\Desktop\Ti60F225_face_sc1336\Ti60F225_SC1336_HDMI_Display\src\new\streaming_connected_components.v:134)
[EFX-0010 VERI-ERROR] procedural assignment to a non-register 'prev_fifo_rd_en' is not permitted (VERI-1100) (C:\Users\zhubinbin\Desktop\Ti60F225_face_sc1336\Ti60F225_SC1336_HDMI_Display\src\new\streaming_connected_components.v:135)
[EFX-0010 VERI-ERROR] procedural assignment to a non-register 'prev_fifo_wr_en' is not permitted (VERI-1100) (C:\Users\zhubinbin\Desktop\Ti60F225_face_sc1336\Ti60F225_SC1336_HDMI_Display\src\new\streaming_connected_components.v:136)
[EFX-0010 VERI-ERROR] procedural assignment to a non-register 'prop_bram_we_a' is not permitted (VERI-1100) (C:\Users\zhubinbin\Desktop\Ti60F225_face_sc1336\Ti60F225_SC1336_HDMI_Display\src\new\streaming_connected_components.v:137)
[EFX-0010 VERI-ERROR] procedural assignment to a non-register 'prop_bram_we_b' is not permitted (VERI-1100) (C:\Users\zhubinbin\Desktop\Ti60F225_face_sc1336\Ti60F225_SC1336_HDMI_Display\src\new\streaming_connected_components.v:138)
[EFX-0010 VERI-ERROR] procedural assignment to a non-register 'cur_fifo_rd_en' is not permitted (VERI-1100) (C:\Users\zhubinbin\Desktop\Ti60F225_face_sc1336\Ti60F225_SC1336_HDMI_Display\src\new\streaming_connected_components.v:151)
[EFX-0010 VERI-ERROR] procedural assignment to a non-register 'prev_fifo_rd_en' is not permitted (VERI-1100) (C:\Users\zhubinbin\Desktop\Ti60F225_face_sc1336\Ti60F225_SC1336_HDMI_Display\src\new\streaming_connected_components.v:152)
[EFX-0010 VERI-ERROR] procedural assignment to a non-register 'prop_bram_addr_a' is not permitted (VERI-1100) (C:\Users\zhubinbin\Desktop\Ti60F225_face_sc1336\Ti60F225_SC1336_HDMI_Display\src\new\streaming_connected_components.v:166)
[EFX-0010 VERI-ERROR] procedural assignment to a non-register 'prop_bram_addr_b' is not permitted (VERI-1100) (C:\Users\zhubinbin\Desktop\Ti60F225_face_sc1336\Ti60F225_SC1336_HDMI_Display\src\new\streaming_connected_components.v:167)
[EFX-0010 VERI-ERROR] procedural assignment to a non-register 'prev_fifo_rd_en' is not permitted (VERI-1100) (C:\Users\zhubinbin\Desktop\Ti60F225_face_sc1336\Ti60F225_SC1336_HDMI_Display\src\new\streaming_connected_components.v:169)
[EFX-0010 VERI-ERROR] illegal expression in target (VERI-1042) (C:\Users\zhubinbin\Desktop\Ti60F225_face_sc1336\Ti60F225_SC1336_HDMI_Display\src\new\streaming_connected_components.v:169)
[EFX-0010 VERI-ERROR] procedural assignment to a non-register 'prev_fifo_rd_en' is not permitted (VERI-1100) (C:\Users\zhubinbin\Desktop\Ti60F225_face_sc1336\Ti60F225_SC1336_HDMI_Display\src\new\streaming_connected_components.v:170)
[EFX-0010 VERI-ERROR] illegal expression in target (VERI-1042) (C:\Users\zhubinbin\Desktop\Ti60F225_face_sc1336\Ti60F225_SC1336_HDMI_Display\src\new\streaming_connected_components.v:170)
[EFX-0010 VERI-ERROR] procedural assignment to a non-register 'prop_bram_we_a' is not permitted (VERI-1100) (C:\Users\zhubinbin\Desktop\Ti60F225_face_sc1336\Ti60F225_SC1336_HDMI_Display\src\new\streaming_connected_components.v:177)
[EFX-0010 VERI-ERROR] procedural assignment to a non-register 'prop_bram_addr_a' is not permitted (VERI-1100) (C:\Users\zhubinbin\Desktop\Ti60F225_face_sc1336\Ti60F225_SC1336_HDMI_Display\src\new\streaming_connected_components.v:178)
[EFX-0010 VERI-ERROR] procedural assignment to a non-register 'prop_bram_we_b' is not permitted (VERI-1100) (C:\Users\zhubinbin\Desktop\Ti60F225_face_sc1336\Ti60F225_SC1336_HDMI_Display\src\new\streaming_connected_components.v:182)
[EFX-0010 VERI-ERROR] procedural assignment to a non-register 'prop_bram_addr_b' is not permitted (VERI-1100) (C:\Users\zhubinbin\Desktop\Ti60F225_face_sc1336\Ti60F225_SC1336_HDMI_Display\src\new\streaming_connected_components.v:183)
[EFX-0010 VERI-ERROR] procedural assignment to a non-register 'prop_bram_din_b' is not permitted (VERI-1100) (C:\Users\zhubinbin\Desktop\Ti60F225_face_sc1336\Ti60F225_SC1336_HDMI_Display\src\new\streaming_connected_components.v:184)
[EFX-0010 VERI-ERROR] procedural assignment to a non-register 'prev_fifo_rd_en' is not permitted (VERI-1100) (C:\Users\zhubinbin\Desktop\Ti60F225_face_sc1336\Ti60F225_SC1336_HDMI_Display\src\new\streaming_connected_components.v:187)

///////////////////////////////////
// Efinity Synthesis Started 
// Nov 01, 2025 14:41:39
///////////////////////////////////

[EFX-0010 VERI-ERROR] procedural assignment to a non-register 'prop_bram_addr_a' is not permitted (VERI-1100) (C:\Users\zhubinbin\Desktop\Ti60F225_face_sc1336\Ti60F225_SC1336_HDMI_Display\src\new\streaming_connected_components.v:166)
[EFX-0010 VERI-ERROR] procedural assignment to a non-register 'prop_bram_addr_b' is not permitted (VERI-1100) (C:\Users\zhubinbin\Desktop\Ti60F225_face_sc1336\Ti60F225_SC1336_HDMI_Display\src\new\streaming_connected_components.v:167)
[EFX-0010 VERI-ERROR] procedural assignment to a non-register 'prop_bram_addr_a' is not permitted (VERI-1100) (C:\Users\zhubinbin\Desktop\Ti60F225_face_sc1336\Ti60F225_SC1336_HDMI_Display\src\new\streaming_connected_components.v:178)
[EFX-0010 VERI-ERROR] procedural assignment to a non-register 'prop_bram_addr_b' is not permitted (VERI-1100) (C:\Users\zhubinbin\Desktop\Ti60F225_face_sc1336\Ti60F225_SC1336_HDMI_Display\src\new\streaming_connected_components.v:183)
[EFX-0010 VERI-ERROR] procedural assignment to a non-register 'prop_bram_din_b' is not permitted (VERI-1100) (C:\Users\zhubinbin\Desktop\Ti60F225_face_sc1336\Ti60F225_SC1336_HDMI_Display\src\new\streaming_connected_components.v:184)
[EFX-0010 VERI-ERROR] 'MAX_BLOBS' is not declared (VERI-1128) (C:\Users\zhubinbin\Desktop\Ti60F225_face_sc1336\Ti60F225_SC1336_HDMI_Display\src\new\streaming_connected_components.v:263)
[EFX-0010 VERI-ERROR] range must be bounded by constant expressions (VERI-1952) (C:\Users\zhubinbin\Desktop\Ti60F225_face_sc1336\Ti60F225_SC1336_HDMI_Display\src\new\streaming_connected_components.v:263)
[EFX-0010 VERI-ERROR] 'MAX_BLOBS' is not declared (VERI-1128) (C:\Users\zhubinbin\Desktop\Ti60F225_face_sc1336\Ti60F225_SC1336_HDMI_Display\src\new\streaming_connected_components.v:264)
[EFX-0010 VERI-ERROR] module 'ccl_engine' is ignored due to previous errors (VERI-1072) (C:\Users\zhubinbin\Desktop\Ti60F225_face_sc1336\Ti60F225_SC1336_HDMI_Display\src\new\streaming_connected_components.v:277)
[EFX-0010 VERI-ERROR] block comment was not closed (VERI-1202) (C:\Users\zhubinbin\Desktop\Ti60F225_face_sc1336\Ti60F225_SC1336_HDMI_Display\src\new\streaming_connected_components.v:355)

///////////////////////////////////
// Efinity Synthesis Started 
// Nov 01, 2025 14:42:13
///////////////////////////////////

[EFX-0010 VERI-ERROR] procedural assignment to a non-register 'prop_bram_din_b' is not permitted (VERI-1100) (C:\Users\zhubinbin\Desktop\Ti60F225_face_sc1336\Ti60F225_SC1336_HDMI_Display\src\new\streaming_connected_components.v:184)
[EFX-0010 VERI-ERROR] 'MAX_BLOBS' is not declared (VERI-1128) (C:\Users\zhubinbin\Desktop\Ti60F225_face_sc1336\Ti60F225_SC1336_HDMI_Display\src\new\streaming_connected_components.v:263)
[EFX-0010 VERI-ERROR] range must be bounded by constant expressions (VERI-1952) (C:\Users\zhubinbin\Desktop\Ti60F225_face_sc1336\Ti60F225_SC1336_HDMI_Display\src\new\streaming_connected_components.v:263)
[EFX-0010 VERI-ERROR] 'MAX_BLOBS' is not declared (VERI-1128) (C:\Users\zhubinbin\Desktop\Ti60F225_face_sc1336\Ti60F225_SC1336_HDMI_Display\src\new\streaming_connected_components.v:264)
[EFX-0010 VERI-ERROR] module 'ccl_engine' is ignored due to previous errors (VERI-1072) (C:\Users\zhubinbin\Desktop\Ti60F225_face_sc1336\Ti60F225_SC1336_HDMI_Display\src\new\streaming_connected_components.v:277)
[EFX-0010 VERI-ERROR] block comment was not closed (VERI-1202) (C:\Users\zhubinbin\Desktop\Ti60F225_face_sc1336\Ti60F225_SC1336_HDMI_Display\src\new\streaming_connected_components.v:355)

///////////////////////////////////
// Efinity Synthesis Started 
// Nov 01, 2025 14:42:31
///////////////////////////////////

[EFX-0010 VERI-ERROR] 'MAX_BLOBS' is not declared (VERI-1128) (C:\Users\zhubinbin\Desktop\Ti60F225_face_sc1336\Ti60F225_SC1336_HDMI_Display\src\new\streaming_connected_components.v:263)
[EFX-0010 VERI-ERROR] range must be bounded by constant expressions (VERI-1952) (C:\Users\zhubinbin\Desktop\Ti60F225_face_sc1336\Ti60F225_SC1336_HDMI_Display\src\new\streaming_connected_components.v:263)
[EFX-0010 VERI-ERROR] 'MAX_BLOBS' is not declared (VERI-1128) (C:\Users\zhubinbin\Desktop\Ti60F225_face_sc1336\Ti60F225_SC1336_HDMI_Display\src\new\streaming_connected_components.v:264)
[EFX-0010 VERI-ERROR] module 'ccl_engine' is ignored due to previous errors (VERI-1072) (C:\Users\zhubinbin\Desktop\Ti60F225_face_sc1336\Ti60F225_SC1336_HDMI_Display\src\new\streaming_connected_components.v:277)
[EFX-0010 VERI-ERROR] block comment was not closed (VERI-1202) (C:\Users\zhubinbin\Desktop\Ti60F225_face_sc1336\Ti60F225_SC1336_HDMI_Display\src\new\streaming_connected_components.v:355)

///////////////////////////////////
// Efinity Synthesis Started 
// Nov 01, 2025 14:44:20
///////////////////////////////////

[EFX-0010 VERI-ERROR] block comment was not closed (VERI-1202) (C:\Users\zhubinbin\Desktop\Ti60F225_face_sc1336\Ti60F225_SC1336_HDMI_Display\src\new\streaming_connected_components.v:356)

///////////////////////////////////
// Efinity Synthesis Started 
// Nov 01, 2025 14:44:38
///////////////////////////////////

[EFX-0010 VERI-ERROR] instantiating unknown module 'streaming_connected_components' (VERI-1063) (C:\Users\zhubinbin\Desktop\Ti60F225_face_sc1336\Ti60F225_SC1336_HDMI_Display\example_top.v:1346)
[EFX-0021 ERROR] Elaboration of module 'example_top' failed. Please check previous error messages.

///////////////////////////////////
// Efinity Synthesis Started 
// Nov 01, 2025 14:44:53
///////////////////////////////////

[EFX-0010 VERI-ERROR] module does not expect any parameters (VERI-1071) (C:\Users\zhubinbin\Desktop\Ti60F225_face_sc1336\Ti60F225_SC1336_HDMI_Display\src\new\streaming_connected_components.v:218)
[EFX-0010 VERI-ERROR] module does not expect any parameters (VERI-1071) (C:\Users\zhubinbin\Desktop\Ti60F225_face_sc1336\Ti60F225_SC1336_HDMI_Display\src\new\streaming_connected_components.v:232)
[EFX-0010 VERI-ERROR] module does not expect any parameters (VERI-1071) (C:\Users\zhubinbin\Desktop\Ti60F225_face_sc1336\Ti60F225_SC1336_HDMI_Display\src\new\streaming_connected_components.v:247)
[EFX-0010 VERI-ERROR] module does not expect any parameters (VERI-1071) (C:\Users\zhubinbin\Desktop\Ti60F225_face_sc1336\Ti60F225_SC1336_HDMI_Display\src\new\streaming_connected_components.v:265)
[EFX-0021 ERROR] Elaboration of module 'example_top' failed. Please check previous error messages.

///////////////////////////////////
// Efinity Synthesis Started 
// Nov 01, 2025 14:45:36
///////////////////////////////////

[EFX-0010 VERI-ERROR] module does not expect any parameters (VERI-1071) (C:\Users\zhubinbin\Desktop\Ti60F225_face_sc1336\Ti60F225_SC1336_HDMI_Display\src\new\streaming_connected_components.v:218)
[EFX-0010 VERI-ERROR] module does not expect any parameters (VERI-1071) (C:\Users\zhubinbin\Desktop\Ti60F225_face_sc1336\Ti60F225_SC1336_HDMI_Display\src\new\streaming_connected_components.v:232)
[EFX-0010 VERI-ERROR] module does not expect any parameters (VERI-1071) (C:\Users\zhubinbin\Desktop\Ti60F225_face_sc1336\Ti60F225_SC1336_HDMI_Display\src\new\streaming_connected_components.v:247)
[EFX-0010 VERI-ERROR] module does not expect any parameters (VERI-1071) (C:\Users\zhubinbin\Desktop\Ti60F225_face_sc1336\Ti60F225_SC1336_HDMI_Display\src\new\streaming_connected_components.v:265)
[EFX-0021 ERROR] Elaboration of module 'example_top' failed. Please check previous error messages.

///////////////////////////////////
// Efinity Synthesis Started 
// Nov 01, 2025 14:48:41
///////////////////////////////////

[EFX-0010 VERI-ERROR] module does not expect any parameters (VERI-1071) (C:\Users\zhubinbin\Desktop\Ti60F225_face_sc1336\Ti60F225_SC1336_HDMI_Display\src\new\streaming_connected_components.v:218)
[EFX-0010 VERI-ERROR] module does not expect any parameters (VERI-1071) (C:\Users\zhubinbin\Desktop\Ti60F225_face_sc1336\Ti60F225_SC1336_HDMI_Display\src\new\streaming_connected_components.v:232)
[EFX-0021 ERROR] Elaboration of module 'example_top' failed. Please check previous error messages.

///////////////////////////////////
// Efinity Synthesis Started 
// Nov 01, 2025 14:58:14
///////////////////////////////////

[EFX-0010 VERI-ERROR] module does not expect any parameters (VERI-1071) (C:\Users\zhubinbin\Desktop\Ti60F225_face_sc1336\Ti60F225_SC1336_HDMI_Display\src\new\streaming_connected_components.v:232)
[EFX-0021 ERROR] Elaboration of module 'example_top' failed. Please check previous error messages.

///////////////////////////////////
// Efinity Synthesis Started 
// Nov 01, 2025 14:58:29
///////////////////////////////////


///////////////////////////////////
// Efinity Synthesis Started 
// Nov 01, 2025 15:16:50
///////////////////////////////////

[EFX-0010 VERI-ERROR] net 'blob_count[5]' is constantly driven from multiple places (VDB-1000) (C:\Users\zhubinbin\Desktop\Ti60F225_face_sc1336\Ti60F225_SC1336_HDMI_Display\src\new\streaming_connected_components.v:154)
[EFX-0010 VERI-ERROR] found another driver here (VDB-1001) (C:\Users\zhubinbin\Desktop\Ti60F225_face_sc1336\Ti60F225_SC1336_HDMI_Display\src\new\streaming_connected_components.v:315)
[EFX-0021 ERROR] Elaboration of module 'example_top' failed. Please check previous error messages.

///////////////////////////////////
// Efinity Synthesis Started 
// Nov 01, 2025 15:21:06
///////////////////////////////////

[EFX-0010 VERI-ERROR] syntax error near ';' (VERI-1137) (C:\Users\zhubinbin\Desktop\Ti60F225_face_sc1336\Ti60F225_SC1336_HDMI_Display\src\new\streaming_connected_components.v:185)
[EFX-0010 VERI-ERROR] syntax error near ';' (VERI-1137) (C:\Users\zhubinbin\Desktop\Ti60F225_face_sc1336\Ti60F225_SC1336_HDMI_Display\src\new\streaming_connected_components.v:187)
[EFX-0010 VERI-ERROR] syntax error near ';' (VERI-1137) (C:\Users\zhubinbin\Desktop\Ti60F225_face_sc1336\Ti60F225_SC1336_HDMI_Display\src\new\streaming_connected_components.v:233)
[EFX-0010 VERI-ERROR] syntax error near ';' (VERI-1137) (C:\Users\zhubinbin\Desktop\Ti60F225_face_sc1336\Ti60F225_SC1336_HDMI_Display\src\new\streaming_connected_components.v:236)
[EFX-0010 VERI-ERROR] module 'streaming_connected_components' is ignored due to previous errors (VERI-1072) (C:\Users\zhubinbin\Desktop\Ti60F225_face_sc1336\Ti60F225_SC1336_HDMI_Display\src\new\streaming_connected_components.v:345)

///////////////////////////////////
// Efinity Synthesis Started 
// Nov 01, 2025 15:21:14
///////////////////////////////////

[EFX-0010 VERI-ERROR] syntax error near ';' (VERI-1137) (C:\Users\zhubinbin\Desktop\Ti60F225_face_sc1336\Ti60F225_SC1336_HDMI_Display\src\new\streaming_connected_components.v:185)
[EFX-0010 VERI-ERROR] syntax error near ';' (VERI-1137) (C:\Users\zhubinbin\Desktop\Ti60F225_face_sc1336\Ti60F225_SC1336_HDMI_Display\src\new\streaming_connected_components.v:187)
[EFX-0010 VERI-ERROR] syntax error near ';' (VERI-1137) (C:\Users\zhubinbin\Desktop\Ti60F225_face_sc1336\Ti60F225_SC1336_HDMI_Display\src\new\streaming_connected_components.v:233)
[EFX-0010 VERI-ERROR] syntax error near ';' (VERI-1137) (C:\Users\zhubinbin\Desktop\Ti60F225_face_sc1336\Ti60F225_SC1336_HDMI_Display\src\new\streaming_connected_components.v:236)
[EFX-0010 VERI-ERROR] module 'streaming_connected_components' is ignored due to previous errors (VERI-1072) (C:\Users\zhubinbin\Desktop\Ti60F225_face_sc1336\Ti60F225_SC1336_HDMI_Display\src\new\streaming_connected_components.v:345)

///////////////////////////////////
// Efinity Synthesis Started 
// Nov 01, 2025 15:22:47
///////////////////////////////////

[EFX-0010 VERI-ERROR] syntax error near ';' (VERI-1137) (C:\Users\zhubinbin\Desktop\Ti60F225_face_sc1336\Ti60F225_SC1336_HDMI_Display\src\new\streaming_connected_components.v:185)
[EFX-0010 VERI-ERROR] syntax error near ';' (VERI-1137) (C:\Users\zhubinbin\Desktop\Ti60F225_face_sc1336\Ti60F225_SC1336_HDMI_Display\src\new\streaming_connected_components.v:187)
[EFX-0010 VERI-ERROR] syntax error near ';' (VERI-1137) (C:\Users\zhubinbin\Desktop\Ti60F225_face_sc1336\Ti60F225_SC1336_HDMI_Display\src\new\streaming_connected_components.v:233)
[EFX-0010 VERI-ERROR] syntax error near ';' (VERI-1137) (C:\Users\zhubinbin\Desktop\Ti60F225_face_sc1336\Ti60F225_SC1336_HDMI_Display\src\new\streaming_connected_components.v:236)
[EFX-0010 VERI-ERROR] module 'streaming_connected_components' is ignored due to previous errors (VERI-1072) (C:\Users\zhubinbin\Desktop\Ti60F225_face_sc1336\Ti60F225_SC1336_HDMI_Display\src\new\streaming_connected_components.v:345)

///////////////////////////////////
// Efinity Synthesis Started 
// Nov 01, 2025 15:23:21
///////////////////////////////////

[EFX-0010 VERI-ERROR] syntax error near ';' (VERI-1137) (C:\Users\zhubinbin\Desktop\Ti60F225_face_sc1336\Ti60F225_SC1336_HDMI_Display\src\new\streaming_connected_components.v:232)
[EFX-0010 VERI-ERROR] syntax error near ';' (VERI-1137) (C:\Users\zhubinbin\Desktop\Ti60F225_face_sc1336\Ti60F225_SC1336_HDMI_Display\src\new\streaming_connected_components.v:235)
[EFX-0010 VERI-ERROR] module 'streaming_connected_components' is ignored due to previous errors (VERI-1072) (C:\Users\zhubinbin\Desktop\Ti60F225_face_sc1336\Ti60F225_SC1336_HDMI_Display\src\new\streaming_connected_components.v:344)

///////////////////////////////////
// Efinity Synthesis Started 
// Nov 01, 2025 15:23:53
///////////////////////////////////


///////////////////////////////////
// Efinity Synthesis Started 
// Nov 01, 2025 16:37:39
///////////////////////////////////

[EFX-0010 VERI-ERROR] overwriting previous definition of module 'streaming_connected_components' (VERI-1206) (C:\Users\zhubinbin\Desktop\Ti60F225_face_sc1336\Ti60F225_SC1336_HDMI_Display\src\new\true_ccl.v:263)

///////////////////////////////////
// Efinity Synthesis Started 
// Nov 01, 2025 16:38:18
///////////////////////////////////


///////////////////////////////////
// Efinity Synthesis Started 
// Nov 01, 2025 16:50:06
///////////////////////////////////


///////////////////////////////////
// Efinity Synthesis Started 
// Nov 01, 2025 16:53:16
///////////////////////////////////


///////////////////////////////////
// Efinity Synthesis Started 
// Nov 01, 2025 17:00:46
///////////////////////////////////


///////////////////////////////////
// Efinity Synthesis Started 
// Nov 01, 2025 17:03:31
///////////////////////////////////


///////////////////////////////////
// Efinity Synthesis Started 
// Nov 01, 2025 17:23:38
///////////////////////////////////


///////////////////////////////////
// Efinity Synthesis Started 
// Nov 01, 2025 17:29:01
///////////////////////////////////


///////////////////////////////////
// Efinity Synthesis Started 
// Nov 01, 2025 17:29:13
///////////////////////////////////


///////////////////////////////////
// Efinity Synthesis Started 
// Nov 01, 2025 17:35:01
///////////////////////////////////

[EFX-0010 VERI-ERROR] 'rd_count' is not declared (VERI-1128) (C:\Users\zhubinbin\Desktop\Ti60F225_face_sc1336\Ti60F225_SC1336_HDMI_Display\src\new\streaming_connected_components.v:91)
[EFX-0010 VERI-ERROR] 'rd_count' is not declared (VERI-1128) (C:\Users\zhubinbin\Desktop\Ti60F225_face_sc1336\Ti60F225_SC1336_HDMI_Display\src\new\streaming_connected_components.v:96)
[EFX-0010 VERI-ERROR] 'buf_sel' is not declared (VERI-1128) (C:\Users\zhubinbin\Desktop\Ti60F225_face_sc1336\Ti60F225_SC1336_HDMI_Display\src\new\streaming_connected_components.v:98)
[EFX-0010 VERI-ERROR] 'buf_sel' is not declared (VERI-1128) (C:\Users\zhubinbin\Desktop\Ti60F225_face_sc1336\Ti60F225_SC1336_HDMI_Display\src\new\streaming_connected_components.v:99)
[EFX-0010 VERI-ERROR] 'buf_sel' is not declared (VERI-1128) (C:\Users\zhubinbin\Desktop\Ti60F225_face_sc1336\Ti60F225_SC1336_HDMI_Display\src\new\streaming_connected_components.v:100)
[EFX-0010 VERI-ERROR] 'buf_sel' is not declared (VERI-1128) (C:\Users\zhubinbin\Desktop\Ti60F225_face_sc1336\Ti60F225_SC1336_HDMI_Display\src\new\streaming_connected_components.v:101)
[EFX-0010 VERI-ERROR] module 'streaming_connected_components' is ignored due to previous errors (VERI-1072) (C:\Users\zhubinbin\Desktop\Ti60F225_face_sc1336\Ti60F225_SC1336_HDMI_Display\src\new\streaming_connected_components.v:125)

///////////////////////////////////
// Efinity Synthesis Started 
// Nov 01, 2025 17:36:17
///////////////////////////////////


///////////////////////////////////
// Efinity Synthesis Started 
// Nov 01, 2025 17:41:15
///////////////////////////////////


///////////////////////////////////
// Efinity Synthesis Started 
// Nov 01, 2025 17:43:09
///////////////////////////////////


///////////////////////////////////
// Efinity Synthesis Started 
// Nov 01, 2025 17:45:25
///////////////////////////////////


///////////////////////////////////
// Efinity Synthesis Started 
// Nov 01, 2025 18:24:22
///////////////////////////////////

[EFX-0010 VERI-ERROR] syntax error near 'PrePixel' (VERI-1137) (C:\Users\zhubinbin\Desktop\Ti60F225_face_sc1336\Ti60F225_SC1336_HDMI_Display\src\new\true_ccl.v:34)
[EFX-0010 VERI-ERROR] syntax error near '[' (VERI-1137) (C:\Users\zhubinbin\Desktop\Ti60F225_face_sc1336\Ti60F225_SC1336_HDMI_Display\src\new\true_ccl.v:35)
[EFX-0010 VERI-ERROR] syntax error near '[' (VERI-1137) (C:\Users\zhubinbin\Desktop\Ti60F225_face_sc1336\Ti60F225_SC1336_HDMI_Display\src\new\true_ccl.v:36)
[EFX-0010 VERI-ERROR] syntax error near '[' (VERI-1137) (C:\Users\zhubinbin\Desktop\Ti60F225_face_sc1336\Ti60F225_SC1336_HDMI_Display\src\new\true_ccl.v:37)
[EFX-0010 VERI-ERROR] syntax error near '[' (VERI-1137) (C:\Users\zhubinbin\Desktop\Ti60F225_face_sc1336\Ti60F225_SC1336_HDMI_Display\src\new\true_ccl.v:38)
[EFX-0010 VERI-ERROR] syntax error near '[' (VERI-1137) (C:\Users\zhubinbin\Desktop\Ti60F225_face_sc1336\Ti60F225_SC1336_HDMI_Display\src\new\true_ccl.v:39)
[EFX-0010 VERI-ERROR] syntax error near '[' (VERI-1137) (C:\Users\zhubinbin\Desktop\Ti60F225_face_sc1336\Ti60F225_SC1336_HDMI_Display\src\new\true_ccl.v:40)
[EFX-0010 VERI-ERROR] syntax error near '[' (VERI-1137) (C:\Users\zhubinbin\Desktop\Ti60F225_face_sc1336\Ti60F225_SC1336_HDMI_Display\src\new\true_ccl.v:41)
[EFX-0010 VERI-ERROR] syntax error near 'wire' (VERI-1137) (C:\Users\zhubinbin\Desktop\Ti60F225_face_sc1336\Ti60F225_SC1336_HDMI_Display\src\new\true_ccl.v:42)
[EFX-0010 VERI-ERROR] Verilog 2000 keyword 'wire' used in incorrect context (VERI-2344) (C:\Users\zhubinbin\Desktop\Ti60F225_face_sc1336\Ti60F225_SC1336_HDMI_Display\src\new\true_ccl.v:42)
[EFX-0010 VERI-ERROR] syntax error near 'wire' (VERI-1137) (C:\Users\zhubinbin\Desktop\Ti60F225_face_sc1336\Ti60F225_SC1336_HDMI_Display\src\new\true_ccl.v:61)
[EFX-0010 VERI-ERROR] Verilog 2000 keyword 'wire' used in incorrect context (VERI-2344) (C:\Users\zhubinbin\Desktop\Ti60F225_face_sc1336\Ti60F225_SC1336_HDMI_Display\src\new\true_ccl.v:61)
[EFX-0010 VERI-ERROR] syntax error near 'wire' (VERI-1137) (C:\Users\zhubinbin\Desktop\Ti60F225_face_sc1336\Ti60F225_SC1336_HDMI_Display\src\new\true_ccl.v:62)
[EFX-0010 VERI-ERROR] Verilog 2000 keyword 'wire' used in incorrect context (VERI-2344) (C:\Users\zhubinbin\Desktop\Ti60F225_face_sc1336\Ti60F225_SC1336_HDMI_Display\src\new\true_ccl.v:62)
[EFX-0010 VERI-ERROR] syntax error near 'wire' (VERI-1137) (C:\Users\zhubinbin\Desktop\Ti60F225_face_sc1336\Ti60F225_SC1336_HDMI_Display\src\new\true_ccl.v:63)
[EFX-0010 VERI-ERROR] Verilog 2000 keyword 'wire' used in incorrect context (VERI-2344) (C:\Users\zhubinbin\Desktop\Ti60F225_face_sc1336\Ti60F225_SC1336_HDMI_Display\src\new\true_ccl.v:63)
[EFX-0010 VERI-ERROR] syntax error near 'parameter' (VERI-1137) (C:\Users\zhubinbin\Desktop\Ti60F225_face_sc1336\Ti60F225_SC1336_HDMI_Display\src\new\true_ccl.v:65)
[EFX-0010 VERI-ERROR] Verilog 2000 keyword 'parameter' used in incorrect context (VERI-2344) (C:\Users\zhubinbin\Desktop\Ti60F225_face_sc1336\Ti60F225_SC1336_HDMI_Display\src\new\true_ccl.v:65)
[EFX-0010 VERI-ERROR] syntax error near 'wire' (VERI-1137) (C:\Users\zhubinbin\Desktop\Ti60F225_face_sc1336\Ti60F225_SC1336_HDMI_Display\src\new\true_ccl.v:67)

///////////////////////////////////
// Efinity Synthesis Started 
// Nov 01, 2025 18:26:17
///////////////////////////////////

[EFX-0010 VERI-ERROR] syntax error near 'PrePixel' (VERI-1137) (C:\Users\zhubinbin\Desktop\Ti60F225_face_sc1336\Ti60F225_SC1336_HDMI_Display\src\new\true_ccl.v:34)
[EFX-0010 VERI-ERROR] syntax error near '[' (VERI-1137) (C:\Users\zhubinbin\Desktop\Ti60F225_face_sc1336\Ti60F225_SC1336_HDMI_Display\src\new\true_ccl.v:35)
[EFX-0010 VERI-ERROR] syntax error near '[' (VERI-1137) (C:\Users\zhubinbin\Desktop\Ti60F225_face_sc1336\Ti60F225_SC1336_HDMI_Display\src\new\true_ccl.v:36)
[EFX-0010 VERI-ERROR] syntax error near '[' (VERI-1137) (C:\Users\zhubinbin\Desktop\Ti60F225_face_sc1336\Ti60F225_SC1336_HDMI_Display\src\new\true_ccl.v:37)
[EFX-0010 VERI-ERROR] syntax error near '[' (VERI-1137) (C:\Users\zhubinbin\Desktop\Ti60F225_face_sc1336\Ti60F225_SC1336_HDMI_Display\src\new\true_ccl.v:38)
[EFX-0010 VERI-ERROR] syntax error near '[' (VERI-1137) (C:\Users\zhubinbin\Desktop\Ti60F225_face_sc1336\Ti60F225_SC1336_HDMI_Display\src\new\true_ccl.v:39)
[EFX-0010 VERI-ERROR] syntax error near '[' (VERI-1137) (C:\Users\zhubinbin\Desktop\Ti60F225_face_sc1336\Ti60F225_SC1336_HDMI_Display\src\new\true_ccl.v:40)
[EFX-0010 VERI-ERROR] syntax error near '[' (VERI-1137) (C:\Users\zhubinbin\Desktop\Ti60F225_face_sc1336\Ti60F225_SC1336_HDMI_Display\src\new\true_ccl.v:41)
[EFX-0010 VERI-ERROR] syntax error near 'wire' (VERI-1137) (C:\Users\zhubinbin\Desktop\Ti60F225_face_sc1336\Ti60F225_SC1336_HDMI_Display\src\new\true_ccl.v:42)
[EFX-0010 VERI-ERROR] Verilog 2000 keyword 'wire' used in incorrect context (VERI-2344) (C:\Users\zhubinbin\Desktop\Ti60F225_face_sc1336\Ti60F225_SC1336_HDMI_Display\src\new\true_ccl.v:42)
[EFX-0010 VERI-ERROR] syntax error near 'wire' (VERI-1137) (C:\Users\zhubinbin\Desktop\Ti60F225_face_sc1336\Ti60F225_SC1336_HDMI_Display\src\new\true_ccl.v:61)
[EFX-0010 VERI-ERROR] Verilog 2000 keyword 'wire' used in incorrect context (VERI-2344) (C:\Users\zhubinbin\Desktop\Ti60F225_face_sc1336\Ti60F225_SC1336_HDMI_Display\src\new\true_ccl.v:61)
[EFX-0010 VERI-ERROR] syntax error near 'wire' (VERI-1137) (C:\Users\zhubinbin\Desktop\Ti60F225_face_sc1336\Ti60F225_SC1336_HDMI_Display\src\new\true_ccl.v:62)
[EFX-0010 VERI-ERROR] Verilog 2000 keyword 'wire' used in incorrect context (VERI-2344) (C:\Users\zhubinbin\Desktop\Ti60F225_face_sc1336\Ti60F225_SC1336_HDMI_Display\src\new\true_ccl.v:62)
[EFX-0010 VERI-ERROR] syntax error near 'wire' (VERI-1137) (C:\Users\zhubinbin\Desktop\Ti60F225_face_sc1336\Ti60F225_SC1336_HDMI_Display\src\new\true_ccl.v:63)
[EFX-0010 VERI-ERROR] Verilog 2000 keyword 'wire' used in incorrect context (VERI-2344) (C:\Users\zhubinbin\Desktop\Ti60F225_face_sc1336\Ti60F225_SC1336_HDMI_Display\src\new\true_ccl.v:63)
[EFX-0010 VERI-ERROR] syntax error near 'parameter' (VERI-1137) (C:\Users\zhubinbin\Desktop\Ti60F225_face_sc1336\Ti60F225_SC1336_HDMI_Display\src\new\true_ccl.v:65)
[EFX-0010 VERI-ERROR] Verilog 2000 keyword 'parameter' used in incorrect context (VERI-2344) (C:\Users\zhubinbin\Desktop\Ti60F225_face_sc1336\Ti60F225_SC1336_HDMI_Display\src\new\true_ccl.v:65)
[EFX-0010 VERI-ERROR] syntax error near 'wire' (VERI-1137) (C:\Users\zhubinbin\Desktop\Ti60F225_face_sc1336\Ti60F225_SC1336_HDMI_Display\src\new\true_ccl.v:67)

///////////////////////////////////
// Efinity Synthesis Started 
// Nov 01, 2025 18:27:04
///////////////////////////////////


///////////////////////////////////
// Efinity Synthesis Started 
// Nov 01, 2025 18:35:47
///////////////////////////////////


///////////////////////////////////
// Efinity Synthesis Started 
// Nov 01, 2025 18:49:24
///////////////////////////////////


///////////////////////////////////
// Efinity Synthesis Started 
// Nov 01, 2025 18:52:16
///////////////////////////////////


///////////////////////////////////
// Efinity Synthesis Started 
// Nov 01, 2025 18:54:33
///////////////////////////////////


///////////////////////////////////
// Efinity Synthesis Started 
// Nov 01, 2025 18:56:49
///////////////////////////////////


///////////////////////////////////
// Efinity Synthesis Started 
// Nov 01, 2025 19:02:33
///////////////////////////////////


///////////////////////////////////
// Efinity Synthesis Started 
// Nov 01, 2025 19:04:58
///////////////////////////////////


///////////////////////////////////
// Efinity Synthesis Started 
// Nov 01, 2025 19:07:44
///////////////////////////////////

[EFX-0010 VERI-ERROR] 'CurY0' is not declared (VERI-1128) (C:\Users\zhubinbin\Desktop\Ti60F225_face_sc1336\Ti60F225_SC1336_HDMI_Display\src\new\true_ccl.v:31)
[EFX-0010 VERI-ERROR] module 'true_ccl' is ignored due to previous errors (VERI-1072) (C:\Users\zhubinbin\Desktop\Ti60F225_face_sc1336\Ti60F225_SC1336_HDMI_Display\src\new\true_ccl.v:272)

///////////////////////////////////
// Efinity Synthesis Started 
// Nov 01, 2025 19:11:01
///////////////////////////////////

[EFX-0010 VERI-ERROR] 'CurY0' is not declared (VERI-1128) (C:\Users\zhubinbin\Desktop\Ti60F225_face_sc1336\Ti60F225_SC1336_HDMI_Display\src\new\true_ccl.v:268)
[EFX-0010 VERI-ERROR] module 'true_ccl' is ignored due to previous errors (VERI-1072) (C:\Users\zhubinbin\Desktop\Ti60F225_face_sc1336\Ti60F225_SC1336_HDMI_Display\src\new\true_ccl.v:273)

///////////////////////////////////
// Efinity Synthesis Started 
// Nov 01, 2025 19:11:52
///////////////////////////////////


///////////////////////////////////
// Efinity Synthesis Started 
// Nov 01, 2025 19:32:46
///////////////////////////////////


///////////////////////////////////
// Efinity Synthesis Started 
// Nov 01, 2025 19:37:04
///////////////////////////////////


///////////////////////////////////
// Efinity Synthesis Started 
// Nov 01, 2025 19:52:20
///////////////////////////////////


///////////////////////////////////
// Efinity Synthesis Started 
// Nov 01, 2025 20:09:49
///////////////////////////////////


///////////////////////////////////
// Efinity Synthesis Started 
// Nov 01, 2025 20:15:44
///////////////////////////////////

[EFX-0010 VERI-ERROR] syntax error near '.' (VERI-1137) (C:\Users\zhubinbin\Desktop\Ti60F225_face_sc1336\Ti60F225_SC1336_HDMI_Display\example_top.v:1329)
[EFX-0010 VERI-ERROR] 'led' is not declared (VERI-1128) (C:\Users\zhubinbin\Desktop\Ti60F225_face_sc1336\Ti60F225_SC1336_HDMI_Display\example_top.v:1353)
[EFX-0010 VERI-ERROR] module 'example_top' is ignored due to previous errors (VERI-1072) (C:\Users\zhubinbin\Desktop\Ti60F225_face_sc1336\Ti60F225_SC1336_HDMI_Display\example_top.v:1479)

///////////////////////////////////
// Efinity Synthesis Started 
// Nov 01, 2025 20:16:43
///////////////////////////////////

[EFX-0010 VERI-ERROR] syntax error near '.' (VERI-1137) (C:\Users\zhubinbin\Desktop\Ti60F225_face_sc1336\Ti60F225_SC1336_HDMI_Display\example_top.v:1329)
[EFX-0010 VERI-ERROR] 'led' is not declared (VERI-1128) (C:\Users\zhubinbin\Desktop\Ti60F225_face_sc1336\Ti60F225_SC1336_HDMI_Display\example_top.v:1353)
[EFX-0010 VERI-ERROR] module 'example_top' is ignored due to previous errors (VERI-1072) (C:\Users\zhubinbin\Desktop\Ti60F225_face_sc1336\Ti60F225_SC1336_HDMI_Display\example_top.v:1479)

///////////////////////////////////
// Efinity Synthesis Started 
// Nov 01, 2025 20:17:00
///////////////////////////////////


///////////////////////////////////
// Efinity Synthesis Started 
// Nov 01, 2025 20:19:08
///////////////////////////////////


///////////////////////////////////
// Efinity Synthesis Started 
// Nov 01, 2025 20:29:38
///////////////////////////////////


///////////////////////////////////
// Efinity Synthesis Started 
// Nov 01, 2025 20:40:03
///////////////////////////////////


///////////////////////////////////
// Efinity Synthesis Started 
// Nov 01, 2025 20:52:46
///////////////////////////////////


///////////////////////////////////
// Efinity Synthesis Started 
// Nov 01, 2025 20:55:44
///////////////////////////////////


///////////////////////////////////
// Efinity Synthesis Started 
// Nov 01, 2025 21:05:31
///////////////////////////////////

[EFX-0010 VERI-ERROR] syntax error near 'logic' (VERI-1137) (C:\Users\zhubinbin\Desktop\Ti60F225_face_sc1336\Ti60F225_SC1336_HDMI_Display\src\new\bbox_overlay.v:215)
[EFX-0010 VERI-ERROR] syntax error near '}' (VERI-1137) (C:\Users\zhubinbin\Desktop\Ti60F225_face_sc1336\Ti60F225_SC1336_HDMI_Display\src\new\bbox_overlay.v:223)
[EFX-0010 VERI-ERROR] declarations are not allowed in an unnamed block (VERI-1380) (C:\Users\zhubinbin\Desktop\Ti60F225_face_sc1336\Ti60F225_SC1336_HDMI_Display\src\new\bbox_overlay.v:332)
[EFX-0010 VERI-ERROR] declarations are not allowed in an unnamed block (VERI-1380) (C:\Users\zhubinbin\Desktop\Ti60F225_face_sc1336\Ti60F225_SC1336_HDMI_Display\src\new\bbox_overlay.v:351)
[EFX-0010 VERI-ERROR] 'mstate_t' is an unknown type (VERI-1556) (C:\Users\zhubinbin\Desktop\Ti60F225_face_sc1336\Ti60F225_SC1336_HDMI_Display\src\new\bbox_overlay.v:225)
[EFX-0010 VERI-ERROR] 'M_IDLE' is not declared (VERI-1128) (C:\Users\zhubinbin\Desktop\Ti60F225_face_sc1336\Ti60F225_SC1336_HDMI_Display\src\new\bbox_overlay.v:225)
[EFX-0010 VERI-ERROR] 'M_IDLE' is not declared (VERI-1128) (C:\Users\zhubinbin\Desktop\Ti60F225_face_sc1336\Ti60F225_SC1336_HDMI_Display\src\new\bbox_overlay.v:268)
[EFX-0010 VERI-ERROR] 'M_IDLE' is not declared (VERI-1128) (C:\Users\zhubinbin\Desktop\Ti60F225_face_sc1336\Ti60F225_SC1336_HDMI_Display\src\new\bbox_overlay.v:272)
[EFX-0010 VERI-ERROR] 'M_IDLE' is not declared (VERI-1128) (C:\Users\zhubinbin\Desktop\Ti60F225_face_sc1336\Ti60F225_SC1336_HDMI_Display\src\new\bbox_overlay.v:366)
[EFX-0010 VERI-ERROR] 'M_IDLE' is not declared (VERI-1128) (C:\Users\zhubinbin\Desktop\Ti60F225_face_sc1336\Ti60F225_SC1336_HDMI_Display\src\new\bbox_overlay.v:368)
[EFX-0010 VERI-ERROR] module 'bbox_overlay' is ignored due to previous errors (VERI-1072) (C:\Users\zhubinbin\Desktop\Ti60F225_face_sc1336\Ti60F225_SC1336_HDMI_Display\src\new\bbox_overlay.v:412)

///////////////////////////////////
// Efinity Synthesis Started 
// Nov 01, 2025 21:09:20
///////////////////////////////////

[EFX-0010 VERI-ERROR] declarations are not allowed in an unnamed block (VERI-1380) (C:\Users\zhubinbin\Desktop\Ti60F225_face_sc1336\Ti60F225_SC1336_HDMI_Display\src\new\bbox_overlay.v:317)
[EFX-0010 VERI-ERROR] declarations are not allowed in an unnamed block (VERI-1380) (C:\Users\zhubinbin\Desktop\Ti60F225_face_sc1336\Ti60F225_SC1336_HDMI_Display\src\new\bbox_overlay.v:324)
[EFX-0010 VERI-ERROR] declarations are not allowed in an unnamed block (VERI-1380) (C:\Users\zhubinbin\Desktop\Ti60F225_face_sc1336\Ti60F225_SC1336_HDMI_Display\src\new\bbox_overlay.v:331)
[EFX-0010 VERI-ERROR] declarations are not allowed in an unnamed block (VERI-1380) (C:\Users\zhubinbin\Desktop\Ti60F225_face_sc1336\Ti60F225_SC1336_HDMI_Display\src\new\bbox_overlay.v:338)
[EFX-0010 VERI-ERROR] declarations are not allowed in an unnamed block (VERI-1380) (C:\Users\zhubinbin\Desktop\Ti60F225_face_sc1336\Ti60F225_SC1336_HDMI_Display\src\new\bbox_overlay.v:363)
[EFX-0010 VERI-ERROR] module 'bbox_overlay' is ignored due to previous errors (VERI-1072) (C:\Users\zhubinbin\Desktop\Ti60F225_face_sc1336\Ti60F225_SC1336_HDMI_Display\src\new\bbox_overlay.v:455)

///////////////////////////////////
// Efinity Synthesis Started 
// Nov 01, 2025 21:10:17
///////////////////////////////////

[EFX-0010 VERI-ERROR] declarations are not allowed in an unnamed block (VERI-1380) (C:\Users\zhubinbin\Desktop\Ti60F225_face_sc1336\Ti60F225_SC1336_HDMI_Display\src\new\bbox_overlay.v:359)
[EFX-0010 VERI-ERROR] module 'bbox_overlay' is ignored due to previous errors (VERI-1072) (C:\Users\zhubinbin\Desktop\Ti60F225_face_sc1336\Ti60F225_SC1336_HDMI_Display\src\new\bbox_overlay.v:451)

///////////////////////////////////
// Efinity Synthesis Started 
// Nov 01, 2025 21:10:45
///////////////////////////////////

[EFX-0010 VERI-ERROR] mixed blocking and non-blocking assignments on 'best_a' is not supported (VERI-1070) (C:\Users\zhubinbin\Desktop\Ti60F225_face_sc1336\Ti60F225_SC1336_HDMI_Display\src\new\bbox_overlay.v:364)
[EFX-0021 ERROR] Elaboration of module 'example_top' failed. Please check previous error messages.

///////////////////////////////////
// Efinity Synthesis Started 
// Nov 01, 2025 21:11:21
///////////////////////////////////


///////////////////////////////////
// Efinity Synthesis Started 
// Nov 01, 2025 21:20:53
///////////////////////////////////

[EFX-0010 VERI-ERROR] declarations are not allowed in an unnamed block (VERI-1380) (C:\Users\zhubinbin\Desktop\Ti60F225_face_sc1336\Ti60F225_SC1336_HDMI_Display\src\new\bbox_overlay.v:280)
[EFX-0010 VERI-ERROR] declarations are not allowed in an unnamed block (VERI-1380) (C:\Users\zhubinbin\Desktop\Ti60F225_face_sc1336\Ti60F225_SC1336_HDMI_Display\src\new\bbox_overlay.v:288)
[EFX-0010 VERI-ERROR] declarations are not allowed in an unnamed block (VERI-1380) (C:\Users\zhubinbin\Desktop\Ti60F225_face_sc1336\Ti60F225_SC1336_HDMI_Display\src\new\bbox_overlay.v:296)
[EFX-0010 VERI-ERROR] declarations are not allowed in an unnamed block (VERI-1380) (C:\Users\zhubinbin\Desktop\Ti60F225_face_sc1336\Ti60F225_SC1336_HDMI_Display\src\new\bbox_overlay.v:304)
[EFX-0010 VERI-ERROR] module 'bbox_overlay' is ignored due to previous errors (VERI-1072) (C:\Users\zhubinbin\Desktop\Ti60F225_face_sc1336\Ti60F225_SC1336_HDMI_Display\src\new\bbox_overlay.v:410)

///////////////////////////////////
// Efinity Synthesis Started 
// Nov 01, 2025 21:21:32
///////////////////////////////////


///////////////////////////////////
// Efinity Synthesis Started 
// Nov 01, 2025 21:25:10
///////////////////////////////////


///////////////////////////////////
// Efinity Synthesis Started 
// Nov 01, 2025 21:25:31
///////////////////////////////////


///////////////////////////////////
// Efinity Synthesis Started 
// Nov 01, 2025 21:34:03
///////////////////////////////////


///////////////////////////////////
// Efinity Synthesis Started 
// Nov 01, 2025 21:40:02
///////////////////////////////////


///////////////////////////////////
// Efinity Synthesis Started 
// Nov 01, 2025 21:42:19
///////////////////////////////////


///////////////////////////////////
// Efinity Synthesis Started 
// Nov 01, 2025 21:45:35
///////////////////////////////////


///////////////////////////////////
// Efinity Synthesis Started 
// Nov 01, 2025 21:54:30
///////////////////////////////////


///////////////////////////////////
// Efinity Synthesis Started 
// Nov 01, 2025 22:01:44
///////////////////////////////////


///////////////////////////////////
// Efinity Synthesis Started 
// Nov 01, 2025 22:09:18
///////////////////////////////////

[EFX-0010 VERI-ERROR] declarations are not allowed in an unnamed block (VERI-1380) (C:\Users\zhubinbin\Desktop\Ti60F225_face_sc1336\Ti60F225_SC1336_HDMI_Display\src\new\bbox_overlay.v:97)
[EFX-0010 VERI-ERROR] module 'bbox_overlay' is ignored due to previous errors (VERI-1072) (C:\Users\zhubinbin\Desktop\Ti60F225_face_sc1336\Ti60F225_SC1336_HDMI_Display\src\new\bbox_overlay.v:200)

///////////////////////////////////
// Efinity Synthesis Started 
// Nov 01, 2025 22:10:10
///////////////////////////////////


///////////////////////////////////
// Efinity Synthesis Started 
// Nov 01, 2025 22:14:06
///////////////////////////////////


///////////////////////////////////
// Efinity Synthesis Started 
// Nov 01, 2025 22:16:49
///////////////////////////////////


///////////////////////////////////
// Efinity Synthesis Started 
// Nov 01, 2025 22:20:05
///////////////////////////////////


///////////////////////////////////
// Efinity Synthesis Started 
// Nov 01, 2025 22:29:08
///////////////////////////////////


///////////////////////////////////
// Efinity Synthesis Started 
// Nov 01, 2025 22:33:26
///////////////////////////////////


///////////////////////////////////
// Efinity Synthesis Started 
// Nov 01, 2025 22:38:57
///////////////////////////////////


///////////////////////////////////
// Efinity Synthesis Started 
// Nov 01, 2025 23:08:10
///////////////////////////////////

[EFX-0010 VERI-ERROR] 'blob_count' is not declared (VERI-1128) (C:\Users\zhubinbin\Desktop\Ti60F225_face_sc1336\Ti60F225_SC1336_HDMI_Display\example_top.v:1339)
[EFX-0010 VERI-ERROR] 'ccl_raddr' is not declared (VERI-1128) (C:\Users\zhubinbin\Desktop\Ti60F225_face_sc1336\Ti60F225_SC1336_HDMI_Display\example_top.v:1341)
[EFX-0010 VERI-ERROR] module 'example_top' is ignored due to previous errors (VERI-1072) (C:\Users\zhubinbin\Desktop\Ti60F225_face_sc1336\Ti60F225_SC1336_HDMI_Display\example_top.v:1444)

///////////////////////////////////
// Efinity Synthesis Started 
// Nov 01, 2025 23:11:00
///////////////////////////////////

[EFX-0010 VERI-ERROR] 'ccl_raddr' is not declared (VERI-1128) (C:\Users\zhubinbin\Desktop\Ti60F225_face_sc1336\Ti60F225_SC1336_HDMI_Display\example_top.v:1341)
[EFX-0010 VERI-ERROR] module 'example_top' is ignored due to previous errors (VERI-1072) (C:\Users\zhubinbin\Desktop\Ti60F225_face_sc1336\Ti60F225_SC1336_HDMI_Display\example_top.v:1444)

///////////////////////////////////
// Efinity Synthesis Started 
// Nov 01, 2025 23:11:15
///////////////////////////////////

[EFX-0010 VERI-ERROR] declarations are not allowed in an unnamed block (VERI-1380) (C:\Users\zhubinbin\Desktop\Ti60F225_face_sc1336\Ti60F225_SC1336_HDMI_Display\src\new\geometric_filter_720p.v:164)
[EFX-0010 VERI-ERROR] declarations are not allowed in an unnamed block (VERI-1380) (C:\Users\zhubinbin\Desktop\Ti60F225_face_sc1336\Ti60F225_SC1336_HDMI_Display\src\new\geometric_filter_720p.v:121)
[EFX-0010 VERI-ERROR] module 'geometric_filter_720p' is ignored due to previous errors (VERI-1072) (C:\Users\zhubinbin\Desktop\Ti60F225_face_sc1336\Ti60F225_SC1336_HDMI_Display\src\new\geometric_filter_720p.v:228)

///////////////////////////////////
// Efinity Synthesis Started 
// Nov 01, 2025 23:12:40
///////////////////////////////////

[EFX-0010 VERI-ERROR] declarations are not allowed in an unnamed block (VERI-1380) (C:\Users\zhubinbin\Desktop\Ti60F225_face_sc1336\Ti60F225_SC1336_HDMI_Display\src\new\geometric_filter_720p.v:165)
[EFX-0010 VERI-ERROR] module 'geometric_filter_720p' is ignored due to previous errors (VERI-1072) (C:\Users\zhubinbin\Desktop\Ti60F225_face_sc1336\Ti60F225_SC1336_HDMI_Display\src\new\geometric_filter_720p.v:228)

///////////////////////////////////
// Efinity Synthesis Started 
// Nov 01, 2025 23:13:01
///////////////////////////////////

[EFX-0010 VERI-ERROR] instantiating unknown module 'bbox_postfilter_720p' (VERI-1063) (C:\Users\zhubinbin\Desktop\Ti60F225_face_sc1336\Ti60F225_SC1336_HDMI_Display\example_top.v:1369)
[EFX-0021 ERROR] Elaboration of module 'example_top' failed. Please check previous error messages.

///////////////////////////////////
// Efinity Synthesis Started 
// Nov 01, 2025 23:13:35
///////////////////////////////////


///////////////////////////////////
// Efinity Synthesis Started 
// Nov 02, 2025 10:30:10
///////////////////////////////////


///////////////////////////////////
// Efinity Synthesis Started 
// Nov 02, 2025 10:37:27
///////////////////////////////////


///////////////////////////////////
// Efinity Synthesis Started 
// Nov 02, 2025 10:43:57
///////////////////////////////////


///////////////////////////////////
// Efinity Synthesis Started 
// Nov 02, 2025 10:50:35
///////////////////////////////////


///////////////////////////////////
// Efinity Synthesis Started 
// Nov 02, 2025 11:05:15
///////////////////////////////////


///////////////////////////////////
// Efinity Synthesis Started 
// Nov 02, 2025 11:19:43
///////////////////////////////////


///////////////////////////////////
// Efinity Synthesis Started 
// Nov 02, 2025 11:24:22
///////////////////////////////////

[EFX-0010 VERI-ERROR] declarations are not allowed in an unnamed block (VERI-1380) (C:\Users\zhubinbin\Desktop\Ti60F225_face_sc1336\Ti60F225_SC1336_HDMI_Display\src\new\geometric_filter_720p.v:157)
[EFX-0010 VERI-ERROR] module 'geometric_filter_720p' is ignored due to previous errors (VERI-1072) (C:\Users\zhubinbin\Desktop\Ti60F225_face_sc1336\Ti60F225_SC1336_HDMI_Display\src\new\geometric_filter_720p.v:259)

///////////////////////////////////
// Efinity Synthesis Started 
// Nov 02, 2025 11:25:46
///////////////////////////////////

[EFX-0010 VERI-ERROR] index 16 is out of range [0:15] for 'a_x0' (VERI-1216) (C:\Users\zhubinbin\Desktop\Ti60F225_face_sc1336\Ti60F225_SC1336_HDMI_Display\src\new\geometric_filter_720p.v:162)
[EFX-0021 ERROR] Elaboration of module 'example_top' failed. Please check previous error messages.

///////////////////////////////////
// Efinity Synthesis Started 
// Nov 02, 2025 11:31:38
///////////////////////////////////

[EFX-0010 VERI-ERROR] declarations are not allowed in an unnamed block (VERI-1380) (C:\Users\zhubinbin\Desktop\Ti60F225_face_sc1336\Ti60F225_SC1336_HDMI_Display\src\new\geometric_filter_720p.v:160)
[EFX-0010 VERI-ERROR] module 'geometric_filter_720p' is ignored due to previous errors (VERI-1072) (C:\Users\zhubinbin\Desktop\Ti60F225_face_sc1336\Ti60F225_SC1336_HDMI_Display\src\new\geometric_filter_720p.v:272)

///////////////////////////////////
// Efinity Synthesis Started 
// Nov 02, 2025 11:32:04
///////////////////////////////////

[EFX-0010 VERI-ERROR] index 16 is out of range [0:15] for 'a_x0' (VERI-1216) (C:\Users\zhubinbin\Desktop\Ti60F225_face_sc1336\Ti60F225_SC1336_HDMI_Display\src\new\geometric_filter_720p.v:165)
[EFX-0021 ERROR] Elaboration of module 'example_top' failed. Please check previous error messages.

///////////////////////////////////
// Efinity Synthesis Started 
// Nov 02, 2025 11:34:38
///////////////////////////////////

[EFX-0010 VERI-ERROR] index 16 is out of range [0:15] for 'a_x0' (VERI-1216) (C:\Users\zhubinbin\Desktop\Ti60F225_face_sc1336\Ti60F225_SC1336_HDMI_Display\src\new\geometric_filter_720p.v:165)
[EFX-0021 ERROR] Elaboration of module 'example_top' failed. Please check previous error messages.

///////////////////////////////////
// Efinity Synthesis Started 
// Nov 02, 2025 11:35:41
///////////////////////////////////

[EFX-0010 VERI-ERROR] index 16 is out of range [0:15] for 'a_x0' (VERI-1216) (C:\Users\zhubinbin\Desktop\Ti60F225_face_sc1336\Ti60F225_SC1336_HDMI_Display\src\new\geometric_filter_720p.v:165)
[EFX-0021 ERROR] Elaboration of module 'example_top' failed. Please check previous error messages.

///////////////////////////////////
// Efinity Synthesis Started 
// Nov 02, 2025 11:41:56
///////////////////////////////////

[EFX-0010 VERI-ERROR] index 17 is out of range [0:16] for 'a_x0' (VERI-1216) (C:\Users\zhubinbin\Desktop\Ti60F225_face_sc1336\Ti60F225_SC1336_HDMI_Display\src\new\geometric_filter_720p.v:164)
[EFX-0021 ERROR] Elaboration of module 'example_top' failed. Please check previous error messages.

///////////////////////////////////
// Efinity Synthesis Started 
// Nov 02, 2025 11:44:06
///////////////////////////////////

[EFX-0010 VERI-ERROR] index 17 is out of range [0:16] for 'a_x0' (VERI-1216) (C:\Users\zhubinbin\Desktop\Ti60F225_face_sc1336\Ti60F225_SC1336_HDMI_Display\src\new\geometric_filter_720p.v:164)
[EFX-0021 ERROR] Elaboration of module 'example_top' failed. Please check previous error messages.

///////////////////////////////////
// Efinity Synthesis Started 
// Nov 02, 2025 11:44:35
///////////////////////////////////

[EFX-0010 VERI-ERROR] declarations are not allowed in an unnamed block (VERI-1380) (C:\Users\zhubinbin\Desktop\Ti60F225_face_sc1336\Ti60F225_SC1336_HDMI_Display\src\new\geometric_filter_720p.v:160)
[EFX-0010 VERI-ERROR] module 'geometric_filter_720p' is ignored due to previous errors (VERI-1072) (C:\Users\zhubinbin\Desktop\Ti60F225_face_sc1336\Ti60F225_SC1336_HDMI_Display\src\new\geometric_filter_720p.v:272)

///////////////////////////////////
// Efinity Synthesis Started 
// Nov 02, 2025 11:44:44
///////////////////////////////////

[EFX-0010 VERI-ERROR] index 16 is out of range [0:15] for 'a_x0' (VERI-1216) (C:\Users\zhubinbin\Desktop\Ti60F225_face_sc1336\Ti60F225_SC1336_HDMI_Display\src\new\geometric_filter_720p.v:162)
[EFX-0021 ERROR] Elaboration of module 'example_top' failed. Please check previous error messages.

///////////////////////////////////
// Efinity Synthesis Started 
// Nov 02, 2025 11:45:02
///////////////////////////////////


///////////////////////////////////
// Efinity Synthesis Started 
// Nov 02, 2025 12:10:00
///////////////////////////////////


///////////////////////////////////
// Efinity Synthesis Started 
// Nov 02, 2025 12:22:32
///////////////////////////////////

[EFX-0010 VERI-ERROR] declarations are not allowed in an unnamed block (VERI-1380) (C:\Users\zhubinbin\Desktop\Ti60F225_face_sc1336\Ti60F225_SC1336_HDMI_Display\src\new\bbox_tracker_ema_720p.v:136)
[EFX-0010 VERI-ERROR] declarations are not allowed in an unnamed block (VERI-1380) (C:\Users\zhubinbin\Desktop\Ti60F225_face_sc1336\Ti60F225_SC1336_HDMI_Display\src\new\bbox_tracker_ema_720p.v:144)
[EFX-0010 VERI-ERROR] declarations are not allowed in an unnamed block (VERI-1380) (C:\Users\zhubinbin\Desktop\Ti60F225_face_sc1336\Ti60F225_SC1336_HDMI_Display\src\new\bbox_tracker_ema_720p.v:152)
[EFX-0010 VERI-ERROR] declarations are not allowed in an unnamed block (VERI-1380) (C:\Users\zhubinbin\Desktop\Ti60F225_face_sc1336\Ti60F225_SC1336_HDMI_Display\src\new\bbox_tracker_ema_720p.v:160)
[EFX-0010 VERI-ERROR] declarations are not allowed in an unnamed block (VERI-1380) (C:\Users\zhubinbin\Desktop\Ti60F225_face_sc1336\Ti60F225_SC1336_HDMI_Display\src\new\bbox_tracker_ema_720p.v:170)
[EFX-0010 VERI-ERROR] declarations are not allowed in an unnamed block (VERI-1380) (C:\Users\zhubinbin\Desktop\Ti60F225_face_sc1336\Ti60F225_SC1336_HDMI_Display\src\new\bbox_tracker_ema_720p.v:110)
[EFX-0010 VERI-ERROR] declarations are not allowed in an unnamed block (VERI-1380) (C:\Users\zhubinbin\Desktop\Ti60F225_face_sc1336\Ti60F225_SC1336_HDMI_Display\src\new\bbox_tracker_ema_720p.v:193)
[EFX-0010 VERI-ERROR] module 'bbox_tracker_ema_720p' is ignored due to previous errors (VERI-1072) (C:\Users\zhubinbin\Desktop\Ti60F225_face_sc1336\Ti60F225_SC1336_HDMI_Display\src\new\bbox_tracker_ema_720p.v:224)

///////////////////////////////////
// Efinity Synthesis Started 
// Nov 02, 2025 12:23:49
///////////////////////////////////

[EFX-0010 VERI-ERROR] declarations are not allowed in an unnamed block (VERI-1380) (C:\Users\zhubinbin\Desktop\Ti60F225_face_sc1336\Ti60F225_SC1336_HDMI_Display\src\new\bbox_tracker_ema_720p.v:168)
[EFX-0010 VERI-ERROR] module 'bbox_tracker_ema_720p' is ignored due to previous errors (VERI-1072) (C:\Users\zhubinbin\Desktop\Ti60F225_face_sc1336\Ti60F225_SC1336_HDMI_Display\src\new\bbox_tracker_ema_720p.v:222)

///////////////////////////////////
// Efinity Synthesis Started 
// Nov 02, 2025 12:24:06
///////////////////////////////////

[EFX-0010 VERI-ERROR] non-constant loop count limit 200 exceeded (VERI-2568) (C:\Users\zhubinbin\Desktop\Ti60F225_face_sc1336\Ti60F225_SC1336_HDMI_Display\src\new\bbox_tracker_ema_720p.v:170)
[EFX-0021 ERROR] Elaboration of module 'example_top' failed. Please check previous error messages.

///////////////////////////////////
// Efinity Synthesis Started 
// Nov 02, 2025 12:26:37
///////////////////////////////////

[EFX-0010 VERI-ERROR] mixed blocking and non-blocking assignments on 's' is not supported (VERI-1070) (C:\Users\zhubinbin\Desktop\Ti60F225_face_sc1336\Ti60F225_SC1336_HDMI_Display\src\new\bbox_tracker_ema_720p.v:170)
[EFX-0021 ERROR] Elaboration of module 'example_top' failed. Please check previous error messages.

///////////////////////////////////
// Efinity Synthesis Started 
// Nov 02, 2025 12:26:53
///////////////////////////////////

[EFX-0010 VERI-ERROR] non-constant loop count limit 200 exceeded (VERI-2568) (C:\Users\zhubinbin\Desktop\Ti60F225_face_sc1336\Ti60F225_SC1336_HDMI_Display\src\new\bbox_tracker_ema_720p.v:170)
[EFX-0021 ERROR] Elaboration of module 'example_top' failed. Please check previous error messages.

///////////////////////////////////
// Efinity Synthesis Started 
// Nov 02, 2025 12:35:30
///////////////////////////////////

[EFX-0010 VERI-ERROR] mixed blocking and non-blocking assignments on 'found_slot' is not supported (VERI-1070) (C:\Users\zhubinbin\Desktop\Ti60F225_face_sc1336\Ti60F225_SC1336_HDMI_Display\src\new\bbox_tracker_ema_720p.v:178)
[EFX-0021 ERROR] Elaboration of module 'example_top' failed. Please check previous error messages.

///////////////////////////////////
// Efinity Synthesis Started 
// Nov 02, 2025 12:35:53
///////////////////////////////////


///////////////////////////////////
// Efinity Synthesis Started 
// Nov 02, 2025 13:18:27
///////////////////////////////////

[EFX-0010 VERI-ERROR] syntax error near '}' (VERI-1137) (C:\Users\zhubinbin\Desktop\Ti60F225_face_sc1336\Ti60F225_SC1336_HDMI_Display\src\new\geometric_filter_720p.v:274)
[EFX-0010 VERI-ERROR] syntax error near 'endmodule' (VERI-1137) (C:\Users\zhubinbin\Desktop\Ti60F225_face_sc1336\Ti60F225_SC1336_HDMI_Display\src\new\geometric_filter_720p.v:332)
[EFX-0010 VERI-ERROR] Verilog 2000 keyword 'endmodule' used in incorrect context (VERI-2344) (C:\Users\zhubinbin\Desktop\Ti60F225_face_sc1336\Ti60F225_SC1336_HDMI_Display\src\new\geometric_filter_720p.v:332)

///////////////////////////////////
// Efinity Synthesis Started 
// Nov 02, 2025 13:19:24
///////////////////////////////////

[EFX-0010 VERI-ERROR] module 'geometric_filter_720p' does not have a parameter named MIN_FILL_X10 (VERI-1184) (C:\Users\zhubinbin\Desktop\Ti60F225_face_sc1336\Ti60F225_SC1336_HDMI_Display\example_top.v:1355)
[EFX-0010 VERI-ERROR] index 17 is out of range [0:16] for 'a_x0' (VERI-1216) (C:\Users\zhubinbin\Desktop\Ti60F225_face_sc1336\Ti60F225_SC1336_HDMI_Display\src\new\geometric_filter_720p.v:199)
[EFX-0021 ERROR] Elaboration of module 'example_top' failed. Please check previous error messages.

///////////////////////////////////
// Efinity Synthesis Started 
// Nov 02, 2025 13:25:23
///////////////////////////////////

[EFX-0010 VERI-ERROR] index 16 is out of range [0:15] for 'a_x0' (VERI-1216) (C:\Users\zhubinbin\Desktop\Ti60F225_face_sc1336\Ti60F225_SC1336_HDMI_Display\src\new\geometric_filter_720p.v:190)
[EFX-0021 ERROR] Elaboration of module 'example_top' failed. Please check previous error messages.

///////////////////////////////////
// Efinity Synthesis Started 
// Nov 02, 2025 13:28:34
///////////////////////////////////

[EFX-0010 VERI-ERROR] index 16 is out of range [0:15] for 'a_x0' (VERI-1216) (C:\Users\zhubinbin\Desktop\Ti60F225_face_sc1336\Ti60F225_SC1336_HDMI_Display\src\new\geometric_filter_720p.v:191)
[EFX-0021 ERROR] Elaboration of module 'example_top' failed. Please check previous error messages.

///////////////////////////////////
// Efinity Synthesis Started 
// Nov 02, 2025 13:29:48
///////////////////////////////////

[EFX-0010 VERI-ERROR] index 17 is out of range [0:16] for 'a_x0' (VERI-1216) (C:\Users\zhubinbin\Desktop\Ti60F225_face_sc1336\Ti60F225_SC1336_HDMI_Display\src\new\geometric_filter_720p.v:199)
[EFX-0021 ERROR] Elaboration of module 'example_top' failed. Please check previous error messages.

///////////////////////////////////
// Efinity Synthesis Started 
// Nov 02, 2025 13:34:04
///////////////////////////////////

[EFX-0010 VERI-ERROR] index 18 is out of range [0:16] for 'a_x0' (VERI-1216) (C:\Users\zhubinbin\Desktop\Ti60F225_face_sc1336\Ti60F225_SC1336_HDMI_Display\src\new\geometric_filter_720p.v:200)
[EFX-0021 ERROR] Elaboration of module 'example_top' failed. Please check previous error messages.

///////////////////////////////////
// Efinity Synthesis Started 
// Nov 02, 2025 13:34:35
///////////////////////////////////

[EFX-0010 VERI-ERROR] mixed blocking and non-blocking assignments on 'found_slot' is not supported (VERI-1070) (C:\Users\zhubinbin\Desktop\Ti60F225_face_sc1336\Ti60F225_SC1336_HDMI_Display\src\new\bbox_tracker_ema_720p.v:175)
[EFX-0021 ERROR] Elaboration of module 'example_top' failed. Please check previous error messages.

///////////////////////////////////
// Efinity Synthesis Started 
// Nov 02, 2025 13:35:06
///////////////////////////////////

[EFX-0010 VERI-ERROR] net 'pf_raddr[5]' is constantly driven from multiple places (VDB-1000) (C:\Users\zhubinbin\Desktop\Ti60F225_face_sc1336\Ti60F225_SC1336_HDMI_Display\example_top.v:1386)
[EFX-0010 VERI-ERROR] found another driver here (VDB-1001) (C:\Users\zhubinbin\Desktop\Ti60F225_face_sc1336\Ti60F225_SC1336_HDMI_Display\example_top.v:1408)
[EFX-0021 ERROR] Elaboration of module 'example_top' failed. Please check previous error messages.

///////////////////////////////////
// Efinity Synthesis Started 
// Nov 02, 2025 13:37:23
///////////////////////////////////


///////////////////////////////////
// Efinity Synthesis Started 
// Nov 02, 2025 13:53:18
///////////////////////////////////


///////////////////////////////////
// Efinity Synthesis Started 
// Nov 02, 2025 14:07:59
///////////////////////////////////


///////////////////////////////////
// Efinity Synthesis Started 
// Nov 02, 2025 14:27:38
///////////////////////////////////


///////////////////////////////////
// Efinity Synthesis Started 
// Nov 02, 2025 14:33:10
///////////////////////////////////


///////////////////////////////////
// Efinity Synthesis Started 
// Nov 02, 2025 14:41:13
///////////////////////////////////


///////////////////////////////////
// Efinity Synthesis Started 
// Nov 02, 2025 14:44:22
///////////////////////////////////


///////////////////////////////////
// Efinity Synthesis Started 
// Nov 02, 2025 14:47:31
///////////////////////////////////


///////////////////////////////////
// Efinity Synthesis Started 
// Nov 02, 2025 14:52:32
///////////////////////////////////


///////////////////////////////////
// Efinity Synthesis Started 
// Nov 02, 2025 14:55:09
///////////////////////////////////


///////////////////////////////////
// Efinity Synthesis Started 
// Nov 02, 2025 15:15:52
///////////////////////////////////

[EFX-0010 VERI-ERROR] net 'PreCombCur' is constantly driven from multiple places (VDB-1000) (C:\Users\zhubinbin\Desktop\Ti60F225_face_sc1336\Ti60F225_SC1336_HDMI_Display\src\new\true_ccl.v:79)
[EFX-0010 VERI-ERROR] found another driver here (VDB-1001) (C:\Users\zhubinbin\Desktop\Ti60F225_face_sc1336\Ti60F225_SC1336_HDMI_Display\src\new\true_ccl.v:159)
[EFX-0021 ERROR] Elaboration of module 'example_top' failed. Please check previous error messages.

///////////////////////////////////
// Efinity Synthesis Started 
// Nov 02, 2025 15:17:50
///////////////////////////////////

[EFX-0010 VERI-ERROR] net 'N[9]' is constantly driven from multiple places (VDB-1000) (C:\Users\zhubinbin\Desktop\Ti60F225_face_sc1336\Ti60F225_SC1336_HDMI_Display\src\new\true_ccl.v:78)
[EFX-0010 VERI-ERROR] found another driver here (VDB-1001) (C:\Users\zhubinbin\Desktop\Ti60F225_face_sc1336\Ti60F225_SC1336_HDMI_Display\src\new\true_ccl.v:234)
[EFX-0021 ERROR] Elaboration of module 'example_top' failed. Please check previous error messages.

///////////////////////////////////
// Efinity Synthesis Started 
// Nov 02, 2025 15:20:12
///////////////////////////////////


///////////////////////////////////
// Efinity Synthesis Started 
// Nov 02, 2025 15:21:59
///////////////////////////////////


///////////////////////////////////
// Efinity Synthesis Started 
// Nov 02, 2025 15:26:32
///////////////////////////////////


///////////////////////////////////
// Efinity Synthesis Started 
// Nov 02, 2025 15:33:03
///////////////////////////////////


///////////////////////////////////
// Efinity Synthesis Started 
// Nov 02, 2025 15:47:10
///////////////////////////////////


///////////////////////////////////
// Efinity Synthesis Started 
// Nov 02, 2025 15:54:25
///////////////////////////////////


///////////////////////////////////
// Efinity Synthesis Started 
// Nov 02, 2025 15:59:15
///////////////////////////////////


///////////////////////////////////
// Efinity Synthesis Started 
// Nov 02, 2025 16:11:16
///////////////////////////////////

[EFX-0010 VERI-ERROR] syntax error near 'for' (VERI-1137) (C:\Users\zhubinbin\Desktop\Ti60F225_face_sc1336\Ti60F225_SC1336_HDMI_Display\src\new\streaming_connected_components.v:252)
[EFX-0010 VERI-ERROR] Verilog 2000 keyword 'for' used in incorrect context (VERI-2344) (C:\Users\zhubinbin\Desktop\Ti60F225_face_sc1336\Ti60F225_SC1336_HDMI_Display\src\new\streaming_connected_components.v:252)
[EFX-0010 VERI-ERROR] 'bit' is an unknown type (VERI-1556) (C:\Users\zhubinbin\Desktop\Ti60F225_face_sc1336\Ti60F225_SC1336_HDMI_Display\src\new\streaming_connected_components.v:152)
[EFX-0010 VERI-ERROR] 'bit' is not declared (VERI-1128) (C:\Users\zhubinbin\Desktop\Ti60F225_face_sc1336\Ti60F225_SC1336_HDMI_Display\src\new\streaming_connected_components.v:152)
[EFX-0010 VERI-ERROR] 'bit' is an unknown type (VERI-1556) (C:\Users\zhubinbin\Desktop\Ti60F225_face_sc1336\Ti60F225_SC1336_HDMI_Display\src\new\streaming_connected_components.v:155)
[EFX-0010 VERI-ERROR] 'bit' is not declared (VERI-1128) (C:\Users\zhubinbin\Desktop\Ti60F225_face_sc1336\Ti60F225_SC1336_HDMI_Display\src\new\streaming_connected_components.v:155)
[EFX-0010 VERI-ERROR] 'bit' is an unknown type (VERI-1556) (C:\Users\zhubinbin\Desktop\Ti60F225_face_sc1336\Ti60F225_SC1336_HDMI_Display\src\new\streaming_connected_components.v:158)
[EFX-0010 VERI-ERROR] 'bit' is not declared (VERI-1128) (C:\Users\zhubinbin\Desktop\Ti60F225_face_sc1336\Ti60F225_SC1336_HDMI_Display\src\new\streaming_connected_components.v:158)
[EFX-0010 VERI-ERROR] 'bit' is an unknown type (VERI-1556) (C:\Users\zhubinbin\Desktop\Ti60F225_face_sc1336\Ti60F225_SC1336_HDMI_Display\src\new\streaming_connected_components.v:161)
[EFX-0010 VERI-ERROR] 'bit' is not declared (VERI-1128) (C:\Users\zhubinbin\Desktop\Ti60F225_face_sc1336\Ti60F225_SC1336_HDMI_Display\src\new\streaming_connected_components.v:161)
[EFX-0010 VERI-ERROR] 'bit' is an unknown type (VERI-1556) (C:\Users\zhubinbin\Desktop\Ti60F225_face_sc1336\Ti60F225_SC1336_HDMI_Display\src\new\streaming_connected_components.v:164)
[EFX-0010 VERI-ERROR] 'bit' is not declared (VERI-1128) (C:\Users\zhubinbin\Desktop\Ti60F225_face_sc1336\Ti60F225_SC1336_HDMI_Display\src\new\streaming_connected_components.v:164)
[EFX-0010 VERI-ERROR] module 'streaming_connected_components' is ignored due to previous errors (VERI-1072) (C:\Users\zhubinbin\Desktop\Ti60F225_face_sc1336\Ti60F225_SC1336_HDMI_Display\src\new\streaming_connected_components.v:348)

///////////////////////////////////
// Efinity Synthesis Started 
// Nov 02, 2025 16:16:23
///////////////////////////////////


///////////////////////////////////
// Efinity Synthesis Started 
// Nov 02, 2025 16:22:47
///////////////////////////////////


///////////////////////////////////
// Efinity Synthesis Started 
// Nov 02, 2025 16:28:40
///////////////////////////////////


///////////////////////////////////
// Efinity Synthesis Started 
// Nov 02, 2025 16:37:47
///////////////////////////////////

[EFX-0010 VERI-ERROR] module 'geometric_filter_720p' does not have a parameter named MAX_Y_RATIO_X10 (VERI-1184) (C:\Users\zhubinbin\Desktop\Ti60F225_face_sc1336\Ti60F225_SC1336_HDMI_Display\example_top.v:1355)
[EFX-0021 ERROR] Elaboration of module 'example_top' failed. Please check previous error messages.

///////////////////////////////////
// Efinity Synthesis Started 
// Nov 02, 2025 16:38:49
///////////////////////////////////


///////////////////////////////////
// Efinity Synthesis Started 
// Nov 02, 2025 17:02:07
///////////////////////////////////

[EFX-0010 VERI-ERROR] 'dbg_keep_n' is not declared (VERI-1128) (C:\Users\zhubinbin\Desktop\Ti60F225_face_sc1336\Ti60F225_SC1336_HDMI_Display\example_top.v:1371)
[EFX-0010 VERI-ERROR] 'pf_count' is not declared (VERI-1128) (C:\Users\zhubinbin\Desktop\Ti60F225_face_sc1336\Ti60F225_SC1336_HDMI_Display\example_top.v:1372)
[EFX-0010 VERI-ERROR] 'pf_raddr' is not declared (VERI-1128) (C:\Users\zhubinbin\Desktop\Ti60F225_face_sc1336\Ti60F225_SC1336_HDMI_Display\example_top.v:1373)
[EFX-0010 VERI-ERROR] 'pf_valid' is not declared (VERI-1128) (C:\Users\zhubinbin\Desktop\Ti60F225_face_sc1336\Ti60F225_SC1336_HDMI_Display\example_top.v:1374)
[EFX-0010 VERI-ERROR] module 'example_top' is ignored due to previous errors (VERI-1072) (C:\Users\zhubinbin\Desktop\Ti60F225_face_sc1336\Ti60F225_SC1336_HDMI_Display\example_top.v:1449)

///////////////////////////////////
// Efinity Synthesis Started 
// Nov 02, 2025 17:04:32
///////////////////////////////////


///////////////////////////////////
// Efinity Synthesis Started 
// Nov 02, 2025 17:28:02
///////////////////////////////////


///////////////////////////////////
// Efinity Synthesis Started 
// Nov 02, 2025 17:36:48
///////////////////////////////////


///////////////////////////////////
// Efinity Synthesis Started 
// Nov 02, 2025 18:15:30
///////////////////////////////////

[EFX-0010 VERI-ERROR] module 'morph_open3x3_bin' does not have a parameter named ITERATIONS (VERI-1184) (C:\Users\zhubinbin\Desktop\Ti60F225_face_sc1336\Ti60F225_SC1336_HDMI_Display\example_top.v:1313)
[EFX-0021 ERROR] Elaboration of module 'example_top' failed. Please check previous error messages.

///////////////////////////////////
// Efinity Synthesis Started 
// Nov 02, 2025 18:15:42
///////////////////////////////////


///////////////////////////////////
// Efinity Synthesis Started 
// Nov 02, 2025 18:24:33
///////////////////////////////////


///////////////////////////////////
// Efinity Synthesis Started 
// Nov 02, 2025 18:31:04
///////////////////////////////////


///////////////////////////////////
// Efinity Synthesis Started 
// Nov 02, 2025 18:40:42
///////////////////////////////////


///////////////////////////////////
// Efinity Synthesis Started 
// Nov 02, 2025 18:52:00
///////////////////////////////////


///////////////////////////////////
// Efinity Synthesis Started 
// Nov 02, 2025 19:01:19
///////////////////////////////////


///////////////////////////////////
// Efinity Synthesis Started 
// Nov 02, 2025 19:07:01
///////////////////////////////////


///////////////////////////////////
// Efinity Synthesis Started 
// Nov 02, 2025 19:17:49
///////////////////////////////////


///////////////////////////////////
// Efinity Synthesis Started 
// Nov 02, 2025 19:23:14
///////////////////////////////////


///////////////////////////////////
// Efinity Synthesis Started 
// Nov 02, 2025 19:28:47
///////////////////////////////////


///////////////////////////////////
// Efinity Synthesis Started 
// Nov 02, 2025 19:42:16
///////////////////////////////////

[EFX-0010 VERI-ERROR] 'erode_valid' is not declared (VERI-1128) (C:\Users\zhubinbin\Desktop\Ti60F225_face_sc1336\Ti60F225_SC1336_HDMI_Display\example_top.v:1321)
[EFX-0010 VERI-ERROR] module 'example_top' is ignored due to previous errors (VERI-1072) (C:\Users\zhubinbin\Desktop\Ti60F225_face_sc1336\Ti60F225_SC1336_HDMI_Display\example_top.v:1468)

///////////////////////////////////
// Efinity Synthesis Started 
// Nov 02, 2025 19:43:37
///////////////////////////////////

[EFX-0010 VERI-ERROR] if-condition does not match any sensitivity list edge (VERI-1167) (C:\Users\zhubinbin\Desktop\Ti60F225_face_sc1336\Ti60F225_SC1336_HDMI_Display\src\new\morph_open3x3_bin.v:90)
[EFX-0010 VERI-ERROR] assignment under multiple clock edges is not supported for synthesis (VERI-1466) (C:\Users\zhubinbin\Desktop\Ti60F225_face_sc1336\Ti60F225_SC1336_HDMI_Display\src\new\morph_open3x3_bin.v:92)
[EFX-0021 ERROR] Elaboration of module 'example_top' failed. Please check previous error messages.

///////////////////////////////////
// Efinity Synthesis Started 
// Nov 02, 2025 19:46:05
///////////////////////////////////


///////////////////////////////////
// Efinity Synthesis Started 
// Nov 02, 2025 19:51:40
///////////////////////////////////


///////////////////////////////////
// Efinity Synthesis Started 
// Nov 02, 2025 19:56:52
///////////////////////////////////


///////////////////////////////////
// Efinity Synthesis Started 
// Nov 02, 2025 20:50:49
///////////////////////////////////

[EFX-0010 VERI-ERROR] instantiating unknown module 'bbox_filter_720p' (VERI-1063) (C:\Users\zhubinbin\Desktop\Ti60F225_face_sc1336\Ti60F225_SC1336_HDMI_Display\example_top.v:1425)
[EFX-0021 ERROR] Elaboration of module 'example_top' failed. Please check previous error messages.

///////////////////////////////////
// Efinity Synthesis Started 
// Nov 02, 2025 20:51:15
///////////////////////////////////

[EFX-0010 VERI-ERROR] syntax error near '}' (VERI-1137) (C:\Users\zhubinbin\Desktop\Ti60F225_face_sc1336\Ti60F225_SC1336_HDMI_Display\src\new\bbox_filter_720p.v:242)
[EFX-0010 VERI-ERROR] syntax error near 'endmodule' (VERI-1137) (C:\Users\zhubinbin\Desktop\Ti60F225_face_sc1336\Ti60F225_SC1336_HDMI_Display\src\new\bbox_filter_720p.v:249)
[EFX-0010 VERI-ERROR] Verilog 2000 keyword 'endmodule' used in incorrect context (VERI-2344) (C:\Users\zhubinbin\Desktop\Ti60F225_face_sc1336\Ti60F225_SC1336_HDMI_Display\src\new\bbox_filter_720p.v:249)

///////////////////////////////////
// Efinity Synthesis Started 
// Nov 02, 2025 20:51:36
///////////////////////////////////


///////////////////////////////////
// Efinity Synthesis Started 
// Nov 02, 2025 21:03:35
///////////////////////////////////

[EFX-0010 VERI-ERROR] syntax error near '[' (VERI-1137) (C:\Users\zhubinbin\Desktop\Ti60F225_face_sc1336\Ti60F225_SC1336_HDMI_Display\src\new\bbox_filter_720p.v:158)
[EFX-0010 VERI-ERROR] syntax error near '[' (VERI-1137) (C:\Users\zhubinbin\Desktop\Ti60F225_face_sc1336\Ti60F225_SC1336_HDMI_Display\src\new\bbox_filter_720p.v:159)
[EFX-0010 VERI-ERROR] syntax error near '[' (VERI-1137) (C:\Users\zhubinbin\Desktop\Ti60F225_face_sc1336\Ti60F225_SC1336_HDMI_Display\src\new\bbox_filter_720p.v:160)
[EFX-0010 VERI-ERROR] syntax error near 'pass_compact' (VERI-1137) (C:\Users\zhubinbin\Desktop\Ti60F225_face_sc1336\Ti60F225_SC1336_HDMI_Display\src\new\bbox_filter_720p.v:161)
[EFX-0010 VERI-ERROR] syntax error near ''' (VERI-1137) (C:\Users\zhubinbin\Desktop\Ti60F225_face_sc1336\Ti60F225_SC1336_HDMI_Display\src\new\bbox_filter_720p.v:173)
[EFX-0010 VERI-ERROR] syntax error near ''' (VERI-1137) (C:\Users\zhubinbin\Desktop\Ti60F225_face_sc1336\Ti60F225_SC1336_HDMI_Display\src\new\bbox_filter_720p.v:174)
[EFX-0010 VERI-ERROR] declarations are not allowed in an unnamed block (VERI-1380) (C:\Users\zhubinbin\Desktop\Ti60F225_face_sc1336\Ti60F225_SC1336_HDMI_Display\src\new\bbox_filter_720p.v:180)
[EFX-0010 VERI-ERROR] syntax error near '}' (VERI-1137) (C:\Users\zhubinbin\Desktop\Ti60F225_face_sc1336\Ti60F225_SC1336_HDMI_Display\src\new\bbox_filter_720p.v:240)
[EFX-0010 VERI-ERROR] syntax error near 'endmodule' (VERI-1137) (C:\Users\zhubinbin\Desktop\Ti60F225_face_sc1336\Ti60F225_SC1336_HDMI_Display\src\new\bbox_filter_720p.v:247)
[EFX-0010 VERI-ERROR] Verilog 2000 keyword 'endmodule' used in incorrect context (VERI-2344) (C:\Users\zhubinbin\Desktop\Ti60F225_face_sc1336\Ti60F225_SC1336_HDMI_Display\src\new\bbox_filter_720p.v:247)

///////////////////////////////////
// Efinity Synthesis Started 
// Nov 02, 2025 21:04:11
///////////////////////////////////

[EFX-0010 VERI-ERROR] syntax error near ''' (VERI-1137) (C:\Users\zhubinbin\Desktop\Ti60F225_face_sc1336\Ti60F225_SC1336_HDMI_Display\src\new\bbox_filter_720p.v:173)
[EFX-0010 VERI-ERROR] syntax error near ''' (VERI-1137) (C:\Users\zhubinbin\Desktop\Ti60F225_face_sc1336\Ti60F225_SC1336_HDMI_Display\src\new\bbox_filter_720p.v:174)
[EFX-0010 VERI-ERROR] declarations are not allowed in an unnamed block (VERI-1380) (C:\Users\zhubinbin\Desktop\Ti60F225_face_sc1336\Ti60F225_SC1336_HDMI_Display\src\new\bbox_filter_720p.v:180)
[EFX-0010 VERI-ERROR] syntax error near '}' (VERI-1137) (C:\Users\zhubinbin\Desktop\Ti60F225_face_sc1336\Ti60F225_SC1336_HDMI_Display\src\new\bbox_filter_720p.v:240)
[EFX-0010 VERI-ERROR] syntax error near 'endmodule' (VERI-1137) (C:\Users\zhubinbin\Desktop\Ti60F225_face_sc1336\Ti60F225_SC1336_HDMI_Display\src\new\bbox_filter_720p.v:247)
[EFX-0010 VERI-ERROR] Verilog 2000 keyword 'endmodule' used in incorrect context (VERI-2344) (C:\Users\zhubinbin\Desktop\Ti60F225_face_sc1336\Ti60F225_SC1336_HDMI_Display\src\new\bbox_filter_720p.v:247)

///////////////////////////////////
// Efinity Synthesis Started 
// Nov 02, 2025 21:08:35
///////////////////////////////////


///////////////////////////////////
// Efinity Synthesis Started 
// Nov 02, 2025 21:14:23
///////////////////////////////////


///////////////////////////////////
// Efinity Synthesis Started 
// Nov 02, 2025 21:24:37
///////////////////////////////////


///////////////////////////////////
// Efinity Synthesis Started 
// Nov 02, 2025 21:41:14
///////////////////////////////////


///////////////////////////////////
// Efinity Synthesis Started 
// Nov 02, 2025 21:54:28
///////////////////////////////////


///////////////////////////////////
// Efinity Synthesis Started 
// Nov 02, 2025 22:00:52
///////////////////////////////////


///////////////////////////////////
// Efinity Synthesis Started 
// Nov 02, 2025 22:09:13
///////////////////////////////////


///////////////////////////////////
// Efinity Synthesis Started 
// Nov 02, 2025 22:15:00
///////////////////////////////////


///////////////////////////////////
// Efinity Synthesis Started 
// Nov 02, 2025 22:34:21
///////////////////////////////////

[EFX-0010 VERI-ERROR] cannot find port 'fetching_active' on this module (VERI-1010) (C:\Users\zhubinbin\Desktop\Ti60F225_face_sc1336\Ti60F225_SC1336_HDMI_Display\example_top.v:1425)
[EFX-0021 ERROR] Elaboration of module 'example_top' failed. Please check previous error messages.

///////////////////////////////////
// Efinity Synthesis Started 
// Nov 02, 2025 22:36:23
///////////////////////////////////

[EFX-0010 VERI-ERROR] 'state' is not declared (VERI-1128) (C:\Users\zhubinbin\Desktop\Ti60F225_face_sc1336\Ti60F225_SC1336_HDMI_Display\src\new\bbox_filter_720p.v:39)
[EFX-0010 VERI-ERROR] module 'bbox_filter_720p' is ignored due to previous errors (VERI-1072) (C:\Users\zhubinbin\Desktop\Ti60F225_face_sc1336\Ti60F225_SC1336_HDMI_Display\src\new\bbox_filter_720p.v:229)

///////////////////////////////////
// Efinity Synthesis Started 
// Nov 02, 2025 22:37:04
///////////////////////////////////

[EFX-0010 VERI-ERROR] 'state' is not declared (VERI-1128) (C:\Users\zhubinbin\Desktop\Ti60F225_face_sc1336\Ti60F225_SC1336_HDMI_Display\src\new\bbox_filter_720p.v:228)
[EFX-0010 VERI-ERROR] module 'bbox_filter_720p' is ignored due to previous errors (VERI-1072) (C:\Users\zhubinbin\Desktop\Ti60F225_face_sc1336\Ti60F225_SC1336_HDMI_Display\src\new\bbox_filter_720p.v:229)

///////////////////////////////////
// Efinity Synthesis Started 
// Nov 02, 2025 22:37:39
///////////////////////////////////

[EFX-0010 VERI-ERROR] 'state' is not declared (VERI-1128) (C:\Users\zhubinbin\Desktop\Ti60F225_face_sc1336\Ti60F225_SC1336_HDMI_Display\src\new\bbox_filter_720p.v:227)
[EFX-0010 VERI-ERROR] module 'bbox_filter_720p' is ignored due to previous errors (VERI-1072) (C:\Users\zhubinbin\Desktop\Ti60F225_face_sc1336\Ti60F225_SC1336_HDMI_Display\src\new\bbox_filter_720p.v:230)

///////////////////////////////////
// Efinity Synthesis Started 
// Nov 02, 2025 22:38:21
///////////////////////////////////


///////////////////////////////////
// Efinity Synthesis Started 
// Nov 02, 2025 22:42:22
///////////////////////////////////


///////////////////////////////////
// Efinity Synthesis Started 
// Nov 02, 2025 22:50:31
///////////////////////////////////

[EFX-0010 VERI-ERROR] syntax error near '}' (VERI-1137) (C:\Users\zhubinbin\Desktop\Ti60F225_face_sc1336\Ti60F225_SC1336_HDMI_Display\src\new\bbox_filter_720p.v:231)
[EFX-0010 VERI-ERROR] syntax error near 'endgenerate' (VERI-1137) (C:\Users\zhubinbin\Desktop\Ti60F225_face_sc1336\Ti60F225_SC1336_HDMI_Display\src\new\bbox_filter_720p.v:239)
[EFX-0010 VERI-ERROR] Verilog 2000 keyword 'endgenerate' used in incorrect context (VERI-2344) (C:\Users\zhubinbin\Desktop\Ti60F225_face_sc1336\Ti60F225_SC1336_HDMI_Display\src\new\bbox_filter_720p.v:239)

///////////////////////////////////
// Efinity Synthesis Started 
// Nov 02, 2025 22:50:47
///////////////////////////////////


///////////////////////////////////
// Efinity Synthesis Started 
// Nov 02, 2025 22:58:43
///////////////////////////////////

[EFX-0010 VERI-ERROR] syntax error near '}' (VERI-1137) (C:\Users\zhubinbin\Desktop\Ti60F225_face_sc1336\Ti60F225_SC1336_HDMI_Display\src\new\bbox_filter_720p.v:283)
[EFX-0010 VERI-ERROR] syntax error near 'endgenerate' (VERI-1137) (C:\Users\zhubinbin\Desktop\Ti60F225_face_sc1336\Ti60F225_SC1336_HDMI_Display\src\new\bbox_filter_720p.v:291)
[EFX-0010 VERI-ERROR] Verilog 2000 keyword 'endgenerate' used in incorrect context (VERI-2344) (C:\Users\zhubinbin\Desktop\Ti60F225_face_sc1336\Ti60F225_SC1336_HDMI_Display\src\new\bbox_filter_720p.v:291)

///////////////////////////////////
// Efinity Synthesis Started 
// Nov 02, 2025 22:59:10
///////////////////////////////////


///////////////////////////////////
// Efinity Synthesis Started 
// Nov 02, 2025 23:04:45
///////////////////////////////////


///////////////////////////////////
// Efinity Synthesis Started 
// Nov 03, 2025 10:14:14
///////////////////////////////////

[EFX-0010 VERI-ERROR] syntax error near '}' (VERI-1137) (C:\Users\zhubinbin\Desktop\Ti60F225_face_sc1336\Ti60F225_SC1336_HDMI_Display\src\new\bbox_filter_720p.v:292)
[EFX-0010 VERI-ERROR] syntax error near 'endgenerate' (VERI-1137) (C:\Users\zhubinbin\Desktop\Ti60F225_face_sc1336\Ti60F225_SC1336_HDMI_Display\src\new\bbox_filter_720p.v:300)
[EFX-0010 VERI-ERROR] Verilog 2000 keyword 'endgenerate' used in incorrect context (VERI-2344) (C:\Users\zhubinbin\Desktop\Ti60F225_face_sc1336\Ti60F225_SC1336_HDMI_Display\src\new\bbox_filter_720p.v:300)

///////////////////////////////////
// Efinity Synthesis Started 
// Nov 03, 2025 10:14:34
///////////////////////////////////


///////////////////////////////////
// Efinity Synthesis Started 
// Nov 03, 2025 10:18:45
///////////////////////////////////


///////////////////////////////////
// Efinity Synthesis Started 
// Nov 03, 2025 10:23:28
///////////////////////////////////


///////////////////////////////////
// Efinity Synthesis Started 
// Nov 03, 2025 10:28:48
///////////////////////////////////


///////////////////////////////////
// Efinity Synthesis Started 
// Nov 03, 2025 10:36:23
///////////////////////////////////


///////////////////////////////////
// Efinity Synthesis Started 
// Nov 03, 2025 10:42:56
///////////////////////////////////

[EFX-0010 VERI-ERROR] syntax error near 'CCL' (VERI-1137) (C:\Users\zhubinbin\Desktop\Ti60F225_face_sc1336\Ti60F225_SC1336_HDMI_Display\example_top.v:1419)
[EFX-0010 VERI-ERROR] module 'example_top' is ignored due to previous errors (VERI-1072) (C:\Users\zhubinbin\Desktop\Ti60F225_face_sc1336\Ti60F225_SC1336_HDMI_Display\example_top.v:1501)

///////////////////////////////////
// Efinity Synthesis Started 
// Nov 03, 2025 10:43:13
///////////////////////////////////

[EFX-0010 VERI-ERROR] syntax error near 'overlay' (VERI-1137) (C:\Users\zhubinbin\Desktop\Ti60F225_face_sc1336\Ti60F225_SC1336_HDMI_Display\example_top.v:1427)
[EFX-0010 VERI-ERROR] module 'example_top' is ignored due to previous errors (VERI-1072) (C:\Users\zhubinbin\Desktop\Ti60F225_face_sc1336\Ti60F225_SC1336_HDMI_Display\example_top.v:1501)

///////////////////////////////////
// Efinity Synthesis Started 
// Nov 03, 2025 10:43:24
///////////////////////////////////

[EFX-0010 VERI-ERROR] 'filt_count' is not declared (VERI-1128) (C:\Users\zhubinbin\Desktop\Ti60F225_face_sc1336\Ti60F225_SC1336_HDMI_Display\example_top.v:1435)
[EFX-0010 VERI-ERROR] module 'example_top' is ignored due to previous errors (VERI-1072) (C:\Users\zhubinbin\Desktop\Ti60F225_face_sc1336\Ti60F225_SC1336_HDMI_Display\example_top.v:1501)

///////////////////////////////////
// Efinity Synthesis Started 
// Nov 03, 2025 10:43:44
///////////////////////////////////


///////////////////////////////////
// Efinity Synthesis Started 
// Nov 03, 2025 10:50:03
///////////////////////////////////


///////////////////////////////////
// Efinity Synthesis Started 
// Nov 03, 2025 11:04:21
///////////////////////////////////


///////////////////////////////////
// Efinity Synthesis Started 
// Nov 03, 2025 11:08:41
///////////////////////////////////


///////////////////////////////////
// Efinity Synthesis Started 
// Nov 03, 2025 11:14:08
///////////////////////////////////


///////////////////////////////////
// Efinity Synthesis Started 
// Nov 03, 2025 11:40:58
///////////////////////////////////


///////////////////////////////////
// Efinity Synthesis Started 
// Nov 03, 2025 11:50:22
///////////////////////////////////


///////////////////////////////////
// Efinity Synthesis Started 
// Nov 03, 2025 12:27:31
///////////////////////////////////


///////////////////////////////////
// Efinity Synthesis Started 
// Nov 03, 2025 12:50:22
///////////////////////////////////


///////////////////////////////////
// Efinity Synthesis Started 
// Nov 03, 2025 12:54:53
///////////////////////////////////


///////////////////////////////////
// Efinity Synthesis Started 
// Nov 03, 2025 12:59:36
///////////////////////////////////


///////////////////////////////////
// Efinity Synthesis Started 
// Nov 03, 2025 13:04:00
///////////////////////////////////


///////////////////////////////////
// Efinity Synthesis Started 
// Nov 03, 2025 13:14:11
///////////////////////////////////

[EFX-0010 VERI-ERROR] instantiating unknown module 'vertical_run_clip_stream' (VERI-1063) (C:\Users\zhubinbin\Desktop\Ti60F225_face_sc1336\Ti60F225_SC1336_HDMI_Display\example_top.v:1323)
[EFX-0021 ERROR] Elaboration of module 'example_top' failed. Please check previous error messages.

///////////////////////////////////
// Efinity Synthesis Started 
// Nov 03, 2025 13:15:52
///////////////////////////////////


///////////////////////////////////
// Efinity Synthesis Started 
// Nov 03, 2025 13:21:03
///////////////////////////////////


///////////////////////////////////
// Efinity Synthesis Started 
// Nov 03, 2025 13:40:38
///////////////////////////////////


///////////////////////////////////
// Efinity Synthesis Started 
// Nov 03, 2025 14:02:11
///////////////////////////////////


///////////////////////////////////
// Efinity Synthesis Started 
// Nov 03, 2025 14:03:18
///////////////////////////////////


///////////////////////////////////
// Efinity Synthesis Started 
// Nov 03, 2025 16:34:06
///////////////////////////////////

[EFX-0010 VERI-ERROR] syntax error near 'wire' (VERI-1137) (C:\Users\zhubinbin\Desktop\Ti60F225_face_sc1336\Ti60F225_SC1336_HDMI_Display\src\new\streaming_connected_components.v:218)
[EFX-0010 VERI-ERROR] Verilog 2000 keyword 'wire' used in incorrect context (VERI-2344) (C:\Users\zhubinbin\Desktop\Ti60F225_face_sc1336\Ti60F225_SC1336_HDMI_Display\src\new\streaming_connected_components.v:218)
[EFX-0010 VERI-ERROR] syntax error near 'wire' (VERI-1137) (C:\Users\zhubinbin\Desktop\Ti60F225_face_sc1336\Ti60F225_SC1336_HDMI_Display\src\new\streaming_connected_components.v:219)
[EFX-0010 VERI-ERROR] Verilog 2000 keyword 'wire' used in incorrect context (VERI-2344) (C:\Users\zhubinbin\Desktop\Ti60F225_face_sc1336\Ti60F225_SC1336_HDMI_Display\src\new\streaming_connected_components.v:219)
[EFX-0010 VERI-ERROR] syntax error near 'wire' (VERI-1137) (C:\Users\zhubinbin\Desktop\Ti60F225_face_sc1336\Ti60F225_SC1336_HDMI_Display\src\new\streaming_connected_components.v:220)
[EFX-0010 VERI-ERROR] Verilog 2000 keyword 'wire' used in incorrect context (VERI-2344) (C:\Users\zhubinbin\Desktop\Ti60F225_face_sc1336\Ti60F225_SC1336_HDMI_Display\src\new\streaming_connected_components.v:220)
[EFX-0010 VERI-ERROR] syntax error near 'wire' (VERI-1137) (C:\Users\zhubinbin\Desktop\Ti60F225_face_sc1336\Ti60F225_SC1336_HDMI_Display\src\new\streaming_connected_components.v:221)
[EFX-0010 VERI-ERROR] Verilog 2000 keyword 'wire' used in incorrect context (VERI-2344) (C:\Users\zhubinbin\Desktop\Ti60F225_face_sc1336\Ti60F225_SC1336_HDMI_Display\src\new\streaming_connected_components.v:221)
[EFX-0010 VERI-ERROR] syntax error near 'wire' (VERI-1137) (C:\Users\zhubinbin\Desktop\Ti60F225_face_sc1336\Ti60F225_SC1336_HDMI_Display\src\new\streaming_connected_components.v:222)
[EFX-0010 VERI-ERROR] Verilog 2000 keyword 'wire' used in incorrect context (VERI-2344) (C:\Users\zhubinbin\Desktop\Ti60F225_face_sc1336\Ti60F225_SC1336_HDMI_Display\src\new\streaming_connected_components.v:222)
[EFX-0010 VERI-ERROR] syntax error near 'wire' (VERI-1137) (C:\Users\zhubinbin\Desktop\Ti60F225_face_sc1336\Ti60F225_SC1336_HDMI_Display\src\new\streaming_connected_components.v:223)
[EFX-0010 VERI-ERROR] Verilog 2000 keyword 'wire' used in incorrect context (VERI-2344) (C:\Users\zhubinbin\Desktop\Ti60F225_face_sc1336\Ti60F225_SC1336_HDMI_Display\src\new\streaming_connected_components.v:223)
[EFX-0010 VERI-ERROR] syntax error near 'wire' (VERI-1137) (C:\Users\zhubinbin\Desktop\Ti60F225_face_sc1336\Ti60F225_SC1336_HDMI_Display\src\new\streaming_connected_components.v:224)
[EFX-0010 VERI-ERROR] Verilog 2000 keyword 'wire' used in incorrect context (VERI-2344) (C:\Users\zhubinbin\Desktop\Ti60F225_face_sc1336\Ti60F225_SC1336_HDMI_Display\src\new\streaming_connected_components.v:224)
[EFX-0010 VERI-ERROR] 'ridx' is not declared (VERI-1128) (C:\Users\zhubinbin\Desktop\Ti60F225_face_sc1336\Ti60F225_SC1336_HDMI_Display\src\new\streaming_connected_components.v:218)
[EFX-0010 VERI-ERROR] 'r_in_range' is not declared (VERI-1128) (C:\Users\zhubinbin\Desktop\Ti60F225_face_sc1336\Ti60F225_SC1336_HDMI_Display\src\new\streaming_connected_components.v:219)
[EFX-0010 VERI-ERROR] 'rd_min_x' is not declared (VERI-1128) (C:\Users\zhubinbin\Desktop\Ti60F225_face_sc1336\Ti60F225_SC1336_HDMI_Display\src\new\streaming_connected_components.v:220)
[EFX-0010 VERI-ERROR] 'rd_max_x' is not declared (VERI-1128) (C:\Users\zhubinbin\Desktop\Ti60F225_face_sc1336\Ti60F225_SC1336_HDMI_Display\src\new\streaming_connected_components.v:221)
[EFX-0010 VERI-ERROR] 'rd_min_y' is not declared (VERI-1128) (C:\Users\zhubinbin\Desktop\Ti60F225_face_sc1336\Ti60F225_SC1336_HDMI_Display\src\new\streaming_connected_components.v:222)

///////////////////////////////////
// Efinity Synthesis Started 
// Nov 03, 2025 16:36:52
///////////////////////////////////


///////////////////////////////////
// Efinity Synthesis Started 
// Nov 03, 2025 16:44:00
///////////////////////////////////


///////////////////////////////////
// Efinity Synthesis Started 
// Nov 03, 2025 16:48:56
///////////////////////////////////


///////////////////////////////////
// Efinity Synthesis Started 
// Nov 03, 2025 17:04:18
///////////////////////////////////


///////////////////////////////////
// Efinity Synthesis Started 
// Nov 03, 2025 17:17:44
///////////////////////////////////

[EFX-0010 VERI-ERROR] syntax error near '[' (VERI-1137) (C:\Users\zhubinbin\Desktop\Ti60F225_face_sc1336\Ti60F225_SC1336_HDMI_Display\src\new\vertical_run_clip_stream.v:177)
[EFX-0010 VERI-ERROR] syntax error near '[' (VERI-1137) (C:\Users\zhubinbin\Desktop\Ti60F225_face_sc1336\Ti60F225_SC1336_HDMI_Display\src\new\vertical_run_clip_stream.v:178)
[EFX-0010 VERI-ERROR] syntax error near '[' (VERI-1137) (C:\Users\zhubinbin\Desktop\Ti60F225_face_sc1336\Ti60F225_SC1336_HDMI_Display\src\new\vertical_run_clip_stream.v:179)
[EFX-0010 VERI-ERROR] declarations are not allowed in an unnamed block (VERI-1380) (C:\Users\zhubinbin\Desktop\Ti60F225_face_sc1336\Ti60F225_SC1336_HDMI_Display\src\new\vertical_run_clip_stream.v:171)
[EFX-0010 VERI-ERROR] 'ix0' is not declared (VERI-1128) (C:\Users\zhubinbin\Desktop\Ti60F225_face_sc1336\Ti60F225_SC1336_HDMI_Display\src\new\vertical_run_clip_stream.v:180)
[EFX-0010 VERI-ERROR] 'ix1' is not declared (VERI-1128) (C:\Users\zhubinbin\Desktop\Ti60F225_face_sc1336\Ti60F225_SC1336_HDMI_Display\src\new\vertical_run_clip_stream.v:181)
[EFX-0010 VERI-ERROR] 'iy0' is not declared (VERI-1128) (C:\Users\zhubinbin\Desktop\Ti60F225_face_sc1336\Ti60F225_SC1336_HDMI_Display\src\new\vertical_run_clip_stream.v:182)
[EFX-0010 VERI-ERROR] 'iy1' is not declared (VERI-1128) (C:\Users\zhubinbin\Desktop\Ti60F225_face_sc1336\Ti60F225_SC1336_HDMI_Display\src\new\vertical_run_clip_stream.v:183)
[EFX-0010 VERI-ERROR] 'inter_w' is not declared (VERI-1128) (C:\Users\zhubinbin\Desktop\Ti60F225_face_sc1336\Ti60F225_SC1336_HDMI_Display\src\new\vertical_run_clip_stream.v:184)
[EFX-0010 VERI-ERROR] 'inter_h' is not declared (VERI-1128) (C:\Users\zhubinbin\Desktop\Ti60F225_face_sc1336\Ti60F225_SC1336_HDMI_Display\src\new\vertical_run_clip_stream.v:185)
[EFX-0010 VERI-ERROR] 'inter_area' is not declared (VERI-1128) (C:\Users\zhubinbin\Desktop\Ti60F225_face_sc1336\Ti60F225_SC1336_HDMI_Display\src\new\vertical_run_clip_stream.v:186)
[EFX-0010 VERI-ERROR] 'union_area' is not declared (VERI-1128) (C:\Users\zhubinbin\Desktop\Ti60F225_face_sc1336\Ti60F225_SC1336_HDMI_Display\src\new\vertical_run_clip_stream.v:187)
[EFX-0010 VERI-ERROR] 'inter_area' is not declared (VERI-1128) (C:\Users\zhubinbin\Desktop\Ti60F225_face_sc1336\Ti60F225_SC1336_HDMI_Display\src\new\vertical_run_clip_stream.v:190)
[EFX-0010 VERI-ERROR] 'union_area' is not declared (VERI-1128) (C:\Users\zhubinbin\Desktop\Ti60F225_face_sc1336\Ti60F225_SC1336_HDMI_Display\src\new\vertical_run_clip_stream.v:193)
[EFX-0010 VERI-ERROR] module 'bbox_nms_filter' is ignored due to previous errors (VERI-1072) (C:\Users\zhubinbin\Desktop\Ti60F225_face_sc1336\Ti60F225_SC1336_HDMI_Display\src\new\vertical_run_clip_stream.v:245)

///////////////////////////////////
// Efinity Synthesis Started 
// Nov 03, 2025 17:24:05
///////////////////////////////////

[EFX-0010 VERI-ERROR] syntax error near '[' (VERI-1137) (C:\Users\zhubinbin\Desktop\Ti60F225_face_sc1336\Ti60F225_SC1336_HDMI_Display\src\new\vertical_run_clip_stream.v:177)
[EFX-0010 VERI-ERROR] syntax error near '[' (VERI-1137) (C:\Users\zhubinbin\Desktop\Ti60F225_face_sc1336\Ti60F225_SC1336_HDMI_Display\src\new\vertical_run_clip_stream.v:178)
[EFX-0010 VERI-ERROR] syntax error near '[' (VERI-1137) (C:\Users\zhubinbin\Desktop\Ti60F225_face_sc1336\Ti60F225_SC1336_HDMI_Display\src\new\vertical_run_clip_stream.v:179)
[EFX-0010 VERI-ERROR] declarations are not allowed in an unnamed block (VERI-1380) (C:\Users\zhubinbin\Desktop\Ti60F225_face_sc1336\Ti60F225_SC1336_HDMI_Display\src\new\vertical_run_clip_stream.v:171)
[EFX-0010 VERI-ERROR] 'ix0' is not declared (VERI-1128) (C:\Users\zhubinbin\Desktop\Ti60F225_face_sc1336\Ti60F225_SC1336_HDMI_Display\src\new\vertical_run_clip_stream.v:180)
[EFX-0010 VERI-ERROR] 'ix1' is not declared (VERI-1128) (C:\Users\zhubinbin\Desktop\Ti60F225_face_sc1336\Ti60F225_SC1336_HDMI_Display\src\new\vertical_run_clip_stream.v:181)
[EFX-0010 VERI-ERROR] 'iy0' is not declared (VERI-1128) (C:\Users\zhubinbin\Desktop\Ti60F225_face_sc1336\Ti60F225_SC1336_HDMI_Display\src\new\vertical_run_clip_stream.v:182)
[EFX-0010 VERI-ERROR] 'iy1' is not declared (VERI-1128) (C:\Users\zhubinbin\Desktop\Ti60F225_face_sc1336\Ti60F225_SC1336_HDMI_Display\src\new\vertical_run_clip_stream.v:183)
[EFX-0010 VERI-ERROR] 'inter_w' is not declared (VERI-1128) (C:\Users\zhubinbin\Desktop\Ti60F225_face_sc1336\Ti60F225_SC1336_HDMI_Display\src\new\vertical_run_clip_stream.v:184)
[EFX-0010 VERI-ERROR] 'inter_h' is not declared (VERI-1128) (C:\Users\zhubinbin\Desktop\Ti60F225_face_sc1336\Ti60F225_SC1336_HDMI_Display\src\new\vertical_run_clip_stream.v:185)
[EFX-0010 VERI-ERROR] 'inter_area' is not declared (VERI-1128) (C:\Users\zhubinbin\Desktop\Ti60F225_face_sc1336\Ti60F225_SC1336_HDMI_Display\src\new\vertical_run_clip_stream.v:186)
[EFX-0010 VERI-ERROR] 'union_area' is not declared (VERI-1128) (C:\Users\zhubinbin\Desktop\Ti60F225_face_sc1336\Ti60F225_SC1336_HDMI_Display\src\new\vertical_run_clip_stream.v:187)
[EFX-0010 VERI-ERROR] 'inter_area' is not declared (VERI-1128) (C:\Users\zhubinbin\Desktop\Ti60F225_face_sc1336\Ti60F225_SC1336_HDMI_Display\src\new\vertical_run_clip_stream.v:190)
[EFX-0010 VERI-ERROR] 'union_area' is not declared (VERI-1128) (C:\Users\zhubinbin\Desktop\Ti60F225_face_sc1336\Ti60F225_SC1336_HDMI_Display\src\new\vertical_run_clip_stream.v:193)
[EFX-0010 VERI-ERROR] module 'bbox_nms_filter' is ignored due to previous errors (VERI-1072) (C:\Users\zhubinbin\Desktop\Ti60F225_face_sc1336\Ti60F225_SC1336_HDMI_Display\src\new\vertical_run_clip_stream.v:245)

///////////////////////////////////
// Efinity Synthesis Started 
// Nov 03, 2025 17:24:28
///////////////////////////////////


///////////////////////////////////
// Efinity Synthesis Started 
// Nov 03, 2025 17:38:43
///////////////////////////////////


///////////////////////////////////
// Efinity Synthesis Started 
// Nov 03, 2025 17:48:50
///////////////////////////////////


///////////////////////////////////
// Efinity Synthesis Started 
// Nov 03, 2025 17:55:29
///////////////////////////////////


///////////////////////////////////
// Efinity Synthesis Started 
// Nov 03, 2025 18:03:27
///////////////////////////////////


///////////////////////////////////
// Efinity Synthesis Started 
// Nov 03, 2025 18:36:51
///////////////////////////////////

[EFX-0010 VERI-ERROR] declarations are not allowed in an unnamed block (VERI-1380) (C:\Users\zhubinbin\Desktop\Ti60F225_face_sc1336\Ti60F225_SC1336_HDMI_Display\src\new\bbox_filter_720p.v:151)
[EFX-0010 VERI-ERROR] syntax error near 'wire' (VERI-1137) (C:\Users\zhubinbin\Desktop\Ti60F225_face_sc1336\Ti60F225_SC1336_HDMI_Display\src\new\bbox_filter_720p.v:193)
[EFX-0010 VERI-ERROR] Verilog 2000 keyword 'wire' used in incorrect context (VERI-2344) (C:\Users\zhubinbin\Desktop\Ti60F225_face_sc1336\Ti60F225_SC1336_HDMI_Display\src\new\bbox_filter_720p.v:193)
[EFX-0010 VERI-ERROR] syntax error near 'wire' (VERI-1137) (C:\Users\zhubinbin\Desktop\Ti60F225_face_sc1336\Ti60F225_SC1336_HDMI_Display\src\new\bbox_filter_720p.v:194)
[EFX-0010 VERI-ERROR] Verilog 2000 keyword 'wire' used in incorrect context (VERI-2344) (C:\Users\zhubinbin\Desktop\Ti60F225_face_sc1336\Ti60F225_SC1336_HDMI_Display\src\new\bbox_filter_720p.v:194)
[EFX-0010 VERI-ERROR] syntax error near 'pass_size_t' (VERI-1137) (C:\Users\zhubinbin\Desktop\Ti60F225_face_sc1336\Ti60F225_SC1336_HDMI_Display\src\new\bbox_filter_720p.v:211)
[EFX-0010 VERI-ERROR] syntax error near 'pass_area_pix_t' (VERI-1137) (C:\Users\zhubinbin\Desktop\Ti60F225_face_sc1336\Ti60F225_SC1336_HDMI_Display\src\new\bbox_filter_720p.v:219)
[EFX-0010 VERI-ERROR] syntax error near 'pass_compact_t' (VERI-1137) (C:\Users\zhubinbin\Desktop\Ti60F225_face_sc1336\Ti60F225_SC1336_HDMI_Display\src\new\bbox_filter_720p.v:223)
[EFX-0010 VERI-ERROR] syntax error near 'pass_ar_t' (VERI-1137) (C:\Users\zhubinbin\Desktop\Ti60F225_face_sc1336\Ti60F225_SC1336_HDMI_Display\src\new\bbox_filter_720p.v:232)
[EFX-0010 VERI-ERROR] syntax error near 'pass_extent_t' (VERI-1137) (C:\Users\zhubinbin\Desktop\Ti60F225_face_sc1336\Ti60F225_SC1336_HDMI_Display\src\new\bbox_filter_720p.v:241)
[EFX-0010 VERI-ERROR] 'is_large' is not declared (VERI-1128) (C:\Users\zhubinbin\Desktop\Ti60F225_face_sc1336\Ti60F225_SC1336_HDMI_Display\src\new\bbox_filter_720p.v:193)
[EFX-0010 VERI-ERROR] 'edge_touch' is not declared (VERI-1128) (C:\Users\zhubinbin\Desktop\Ti60F225_face_sc1336\Ti60F225_SC1336_HDMI_Display\src\new\bbox_filter_720p.v:194)
[EFX-0010 VERI-ERROR] 'is_large' is not declared (VERI-1128) (C:\Users\zhubinbin\Desktop\Ti60F225_face_sc1336\Ti60F225_SC1336_HDMI_Display\src\new\bbox_filter_720p.v:196)
[EFX-0010 VERI-ERROR] 'pass_size_t' is not declared (VERI-1128) (C:\Users\zhubinbin\Desktop\Ti60F225_face_sc1336\Ti60F225_SC1336_HDMI_Display\src\new\bbox_filter_720p.v:212)
[EFX-0010 VERI-ERROR] 'pass_size_t' is not declared (VERI-1128) (C:\Users\zhubinbin\Desktop\Ti60F225_face_sc1336\Ti60F225_SC1336_HDMI_Display\src\new\bbox_filter_720p.v:213)
[EFX-0010 VERI-ERROR] 'pass_size_t' is not declared (VERI-1128) (C:\Users\zhubinbin\Desktop\Ti60F225_face_sc1336\Ti60F225_SC1336_HDMI_Display\src\new\bbox_filter_720p.v:214)
[EFX-0010 VERI-ERROR] 'pass_size_t' is not declared (VERI-1128) (C:\Users\zhubinbin\Desktop\Ti60F225_face_sc1336\Ti60F225_SC1336_HDMI_Display\src\new\bbox_filter_720p.v:215)
[EFX-0010 VERI-ERROR] 'pass_size_t' is not declared (VERI-1128) (C:\Users\zhubinbin\Desktop\Ti60F225_face_sc1336\Ti60F225_SC1336_HDMI_Display\src\new\bbox_filter_720p.v:216)
[EFX-0010 VERI-ERROR] 'pass_area_pix_t' is not declared (VERI-1128) (C:\Users\zhubinbin\Desktop\Ti60F225_face_sc1336\Ti60F225_SC1336_HDMI_Display\src\new\bbox_filter_720p.v:220)

///////////////////////////////////
// Efinity Synthesis Started 
// Nov 03, 2025 18:38:03
///////////////////////////////////

[EFX-0010 VERI-ERROR] syntax error near 'wire' (VERI-1137) (C:\Users\zhubinbin\Desktop\Ti60F225_face_sc1336\Ti60F225_SC1336_HDMI_Display\src\new\bbox_filter_720p.v:196)
[EFX-0010 VERI-ERROR] Verilog 2000 keyword 'wire' used in incorrect context (VERI-2344) (C:\Users\zhubinbin\Desktop\Ti60F225_face_sc1336\Ti60F225_SC1336_HDMI_Display\src\new\bbox_filter_720p.v:196)
[EFX-0010 VERI-ERROR] syntax error near 'wire' (VERI-1137) (C:\Users\zhubinbin\Desktop\Ti60F225_face_sc1336\Ti60F225_SC1336_HDMI_Display\src\new\bbox_filter_720p.v:197)
[EFX-0010 VERI-ERROR] Verilog 2000 keyword 'wire' used in incorrect context (VERI-2344) (C:\Users\zhubinbin\Desktop\Ti60F225_face_sc1336\Ti60F225_SC1336_HDMI_Display\src\new\bbox_filter_720p.v:197)
[EFX-0010 VERI-ERROR] syntax error near 'pass_ar_t' (VERI-1137) (C:\Users\zhubinbin\Desktop\Ti60F225_face_sc1336\Ti60F225_SC1336_HDMI_Display\src\new\bbox_filter_720p.v:233)
[EFX-0010 VERI-ERROR] syntax error near 'pass_extent_t' (VERI-1137) (C:\Users\zhubinbin\Desktop\Ti60F225_face_sc1336\Ti60F225_SC1336_HDMI_Display\src\new\bbox_filter_720p.v:242)
[EFX-0010 VERI-ERROR] 'is_large' is not declared (VERI-1128) (C:\Users\zhubinbin\Desktop\Ti60F225_face_sc1336\Ti60F225_SC1336_HDMI_Display\src\new\bbox_filter_720p.v:196)
[EFX-0010 VERI-ERROR] 'edge_touch' is not declared (VERI-1128) (C:\Users\zhubinbin\Desktop\Ti60F225_face_sc1336\Ti60F225_SC1336_HDMI_Display\src\new\bbox_filter_720p.v:197)
[EFX-0010 VERI-ERROR] 'is_large' is not declared (VERI-1128) (C:\Users\zhubinbin\Desktop\Ti60F225_face_sc1336\Ti60F225_SC1336_HDMI_Display\src\new\bbox_filter_720p.v:199)
[EFX-0010 VERI-ERROR] 'pass_ar_t' is not declared (VERI-1128) (C:\Users\zhubinbin\Desktop\Ti60F225_face_sc1336\Ti60F225_SC1336_HDMI_Display\src\new\bbox_filter_720p.v:234)
[EFX-0010 VERI-ERROR] 'pass_ar_t' is not declared (VERI-1128) (C:\Users\zhubinbin\Desktop\Ti60F225_face_sc1336\Ti60F225_SC1336_HDMI_Display\src\new\bbox_filter_720p.v:238)
[EFX-0010 VERI-ERROR] 'pass_extent_t' is not declared (VERI-1128) (C:\Users\zhubinbin\Desktop\Ti60F225_face_sc1336\Ti60F225_SC1336_HDMI_Display\src\new\bbox_filter_720p.v:243)
[EFX-0010 VERI-ERROR] 'pass_extent_t' is not declared (VERI-1128) (C:\Users\zhubinbin\Desktop\Ti60F225_face_sc1336\Ti60F225_SC1336_HDMI_Display\src\new\bbox_filter_720p.v:244)
[EFX-0010 VERI-ERROR] 'pass_extent_t' is not declared (VERI-1128) (C:\Users\zhubinbin\Desktop\Ti60F225_face_sc1336\Ti60F225_SC1336_HDMI_Display\src\new\bbox_filter_720p.v:248)
[EFX-0010 VERI-ERROR] 'pass_extent_t' is not declared (VERI-1128) (C:\Users\zhubinbin\Desktop\Ti60F225_face_sc1336\Ti60F225_SC1336_HDMI_Display\src\new\bbox_filter_720p.v:251)
[EFX-0010 VERI-ERROR] 'pass_ar_t' is not declared (VERI-1128) (C:\Users\zhubinbin\Desktop\Ti60F225_face_sc1336\Ti60F225_SC1336_HDMI_Display\src\new\bbox_filter_720p.v:256)
[EFX-0010 VERI-ERROR] module 'bbox_filter_720p' is ignored due to previous errors (VERI-1072) (C:\Users\zhubinbin\Desktop\Ti60F225_face_sc1336\Ti60F225_SC1336_HDMI_Display\src\new\bbox_filter_720p.v:308)

///////////////////////////////////
// Efinity Synthesis Started 
// Nov 03, 2025 18:38:54
///////////////////////////////////

[EFX-0010 VERI-ERROR] syntax error near 'pass_ar_t' (VERI-1137) (C:\Users\zhubinbin\Desktop\Ti60F225_face_sc1336\Ti60F225_SC1336_HDMI_Display\src\new\bbox_filter_720p.v:234)
[EFX-0010 VERI-ERROR] syntax error near 'pass_extent_t' (VERI-1137) (C:\Users\zhubinbin\Desktop\Ti60F225_face_sc1336\Ti60F225_SC1336_HDMI_Display\src\new\bbox_filter_720p.v:243)
[EFX-0010 VERI-ERROR] 'pass_ar_t' is not declared (VERI-1128) (C:\Users\zhubinbin\Desktop\Ti60F225_face_sc1336\Ti60F225_SC1336_HDMI_Display\src\new\bbox_filter_720p.v:235)
[EFX-0010 VERI-ERROR] 'pass_ar_t' is not declared (VERI-1128) (C:\Users\zhubinbin\Desktop\Ti60F225_face_sc1336\Ti60F225_SC1336_HDMI_Display\src\new\bbox_filter_720p.v:239)
[EFX-0010 VERI-ERROR] 'pass_extent_t' is not declared (VERI-1128) (C:\Users\zhubinbin\Desktop\Ti60F225_face_sc1336\Ti60F225_SC1336_HDMI_Display\src\new\bbox_filter_720p.v:244)
[EFX-0010 VERI-ERROR] 'pass_extent_t' is not declared (VERI-1128) (C:\Users\zhubinbin\Desktop\Ti60F225_face_sc1336\Ti60F225_SC1336_HDMI_Display\src\new\bbox_filter_720p.v:245)
[EFX-0010 VERI-ERROR] 'pass_extent_t' is not declared (VERI-1128) (C:\Users\zhubinbin\Desktop\Ti60F225_face_sc1336\Ti60F225_SC1336_HDMI_Display\src\new\bbox_filter_720p.v:249)
[EFX-0010 VERI-ERROR] 'pass_extent_t' is not declared (VERI-1128) (C:\Users\zhubinbin\Desktop\Ti60F225_face_sc1336\Ti60F225_SC1336_HDMI_Display\src\new\bbox_filter_720p.v:252)
[EFX-0010 VERI-ERROR] 'pass_ar_t' is not declared (VERI-1128) (C:\Users\zhubinbin\Desktop\Ti60F225_face_sc1336\Ti60F225_SC1336_HDMI_Display\src\new\bbox_filter_720p.v:257)
[EFX-0010 VERI-ERROR] module 'bbox_filter_720p' is ignored due to previous errors (VERI-1072) (C:\Users\zhubinbin\Desktop\Ti60F225_face_sc1336\Ti60F225_SC1336_HDMI_Display\src\new\bbox_filter_720p.v:309)

///////////////////////////////////
// Efinity Synthesis Started 
// Nov 03, 2025 18:40:00
///////////////////////////////////


///////////////////////////////////
// Efinity Synthesis Started 
// Nov 03, 2025 19:10:04
///////////////////////////////////


///////////////////////////////////
// Efinity Synthesis Started 
// Nov 03, 2025 19:19:29
///////////////////////////////////


///////////////////////////////////
// Efinity Synthesis Started 
// Nov 03, 2025 19:24:56
///////////////////////////////////


///////////////////////////////////
// Efinity Synthesis Started 
// Nov 03, 2025 19:29:55
///////////////////////////////////


///////////////////////////////////
// Efinity Synthesis Started 
// Nov 03, 2025 19:36:24
///////////////////////////////////


///////////////////////////////////
// Efinity Synthesis Started 
// Nov 03, 2025 19:50:28
///////////////////////////////////


///////////////////////////////////
// Efinity Synthesis Started 
// Nov 03, 2025 20:07:31
///////////////////////////////////


///////////////////////////////////
// Efinity Synthesis Started 
// Nov 03, 2025 20:24:52
///////////////////////////////////

[EFX-0010 VERI-ERROR] declarations are not allowed in an unnamed block (VERI-1380) (C:\Users\zhubinbin\Desktop\Ti60F225_face_sc1336\Ti60F225_SC1336_HDMI_Display\src\new\bbox_filter_720p.v:179)
[EFX-0010 VERI-ERROR] syntax error near 'wire' (VERI-1137) (C:\Users\zhubinbin\Desktop\Ti60F225_face_sc1336\Ti60F225_SC1336_HDMI_Display\src\new\bbox_filter_720p.v:218)
[EFX-0010 VERI-ERROR] Verilog 2000 keyword 'wire' used in incorrect context (VERI-2344) (C:\Users\zhubinbin\Desktop\Ti60F225_face_sc1336\Ti60F225_SC1336_HDMI_Display\src\new\bbox_filter_720p.v:218)
[EFX-0010 VERI-ERROR] syntax error near 'wire' (VERI-1137) (C:\Users\zhubinbin\Desktop\Ti60F225_face_sc1336\Ti60F225_SC1336_HDMI_Display\src\new\bbox_filter_720p.v:222)
[EFX-0010 VERI-ERROR] Verilog 2000 keyword 'wire' used in incorrect context (VERI-2344) (C:\Users\zhubinbin\Desktop\Ti60F225_face_sc1336\Ti60F225_SC1336_HDMI_Display\src\new\bbox_filter_720p.v:222)
[EFX-0010 VERI-ERROR] syntax error near 'wire' (VERI-1137) (C:\Users\zhubinbin\Desktop\Ti60F225_face_sc1336\Ti60F225_SC1336_HDMI_Display\src\new\bbox_filter_720p.v:223)
[EFX-0010 VERI-ERROR] Verilog 2000 keyword 'wire' used in incorrect context (VERI-2344) (C:\Users\zhubinbin\Desktop\Ti60F225_face_sc1336\Ti60F225_SC1336_HDMI_Display\src\new\bbox_filter_720p.v:223)
[EFX-0010 VERI-ERROR] syntax error near 'pass_size_t' (VERI-1137) (C:\Users\zhubinbin\Desktop\Ti60F225_face_sc1336\Ti60F225_SC1336_HDMI_Display\src\new\bbox_filter_720p.v:226)
[EFX-0010 VERI-ERROR] syntax error near 'pass_area_pix_t' (VERI-1137) (C:\Users\zhubinbin\Desktop\Ti60F225_face_sc1336\Ti60F225_SC1336_HDMI_Display\src\new\bbox_filter_720p.v:234)
[EFX-0010 VERI-ERROR] syntax error near 'pass_compact_t' (VERI-1137) (C:\Users\zhubinbin\Desktop\Ti60F225_face_sc1336\Ti60F225_SC1336_HDMI_Display\src\new\bbox_filter_720p.v:238)
[EFX-0010 VERI-ERROR] syntax error near 'pass_ar_t' (VERI-1137) (C:\Users\zhubinbin\Desktop\Ti60F225_face_sc1336\Ti60F225_SC1336_HDMI_Display\src\new\bbox_filter_720p.v:247)
[EFX-0010 VERI-ERROR] syntax error near 'pass_extent_t' (VERI-1137) (C:\Users\zhubinbin\Desktop\Ti60F225_face_sc1336\Ti60F225_SC1336_HDMI_Display\src\new\bbox_filter_720p.v:256)
[EFX-0010 VERI-ERROR] syntax error near 'keep_this' (VERI-1137) (C:\Users\zhubinbin\Desktop\Ti60F225_face_sc1336\Ti60F225_SC1336_HDMI_Display\src\new\bbox_filter_720p.v:270)
[EFX-0010 VERI-ERROR] syntax error near '[' (VERI-1137) (C:\Users\zhubinbin\Desktop\Ti60F225_face_sc1336\Ti60F225_SC1336_HDMI_Display\src\new\bbox_filter_720p.v:277)
[EFX-0010 VERI-ERROR] declarations are not allowed in an unnamed block (VERI-1380) (C:\Users\zhubinbin\Desktop\Ti60F225_face_sc1336\Ti60F225_SC1336_HDMI_Display\src\new\bbox_filter_720p.v:286)
[EFX-0010 VERI-ERROR] 'bit' is an unknown type (VERI-1556) (C:\Users\zhubinbin\Desktop\Ti60F225_face_sc1336\Ti60F225_SC1336_HDMI_Display\src\new\bbox_filter_720p.v:133)
[EFX-0010 VERI-ERROR] 'bit' is not declared (VERI-1128) (C:\Users\zhubinbin\Desktop\Ti60F225_face_sc1336\Ti60F225_SC1336_HDMI_Display\src\new\bbox_filter_720p.v:133)
[EFX-0010 VERI-ERROR] 'bit' is an unknown type (VERI-1556) (C:\Users\zhubinbin\Desktop\Ti60F225_face_sc1336\Ti60F225_SC1336_HDMI_Display\src\new\bbox_filter_720p.v:147)
[EFX-0010 VERI-ERROR] 'bit' is not declared (VERI-1128) (C:\Users\zhubinbin\Desktop\Ti60F225_face_sc1336\Ti60F225_SC1336_HDMI_Display\src\new\bbox_filter_720p.v:147)

///////////////////////////////////
// Efinity Synthesis Started 
// Nov 03, 2025 20:28:39
///////////////////////////////////

[EFX-0010 VERI-ERROR] 'bit' is an unknown type (VERI-1556) (C:\Users\zhubinbin\Desktop\Ti60F225_face_sc1336\Ti60F225_SC1336_HDMI_Display\src\new\bbox_filter_720p.v:133)
[EFX-0010 VERI-ERROR] 'bit' is not declared (VERI-1128) (C:\Users\zhubinbin\Desktop\Ti60F225_face_sc1336\Ti60F225_SC1336_HDMI_Display\src\new\bbox_filter_720p.v:133)
[EFX-0010 VERI-ERROR] 'bit' is an unknown type (VERI-1556) (C:\Users\zhubinbin\Desktop\Ti60F225_face_sc1336\Ti60F225_SC1336_HDMI_Display\src\new\bbox_filter_720p.v:147)
[EFX-0010 VERI-ERROR] 'bit' is not declared (VERI-1128) (C:\Users\zhubinbin\Desktop\Ti60F225_face_sc1336\Ti60F225_SC1336_HDMI_Display\src\new\bbox_filter_720p.v:147)
[EFX-0010 VERI-ERROR] module 'bbox_filter_720p' is ignored due to previous errors (VERI-1072) (C:\Users\zhubinbin\Desktop\Ti60F225_face_sc1336\Ti60F225_SC1336_HDMI_Display\src\new\bbox_filter_720p.v:332)

///////////////////////////////////
// Efinity Synthesis Started 
// Nov 03, 2025 20:29:36
///////////////////////////////////


///////////////////////////////////
// Efinity Synthesis Started 
// Nov 03, 2025 21:35:09
///////////////////////////////////

[EFX-0010 VERI-ERROR] declarations are not allowed in an unnamed block (VERI-1380) (C:\Users\zhubinbin\Desktop\Ti60F225_face_sc1336\Ti60F225_SC1336_HDMI_Display\src\new\bbox_filter_720p.v:166)
[EFX-0010 VERI-ERROR] syntax error near 'wire' (VERI-1137) (C:\Users\zhubinbin\Desktop\Ti60F225_face_sc1336\Ti60F225_SC1336_HDMI_Display\src\new\bbox_filter_720p.v:201)
[EFX-0010 VERI-ERROR] Verilog 2000 keyword 'wire' used in incorrect context (VERI-2344) (C:\Users\zhubinbin\Desktop\Ti60F225_face_sc1336\Ti60F225_SC1336_HDMI_Display\src\new\bbox_filter_720p.v:201)
[EFX-0010 VERI-ERROR] syntax error near 'wire' (VERI-1137) (C:\Users\zhubinbin\Desktop\Ti60F225_face_sc1336\Ti60F225_SC1336_HDMI_Display\src\new\bbox_filter_720p.v:205)
[EFX-0010 VERI-ERROR] Verilog 2000 keyword 'wire' used in incorrect context (VERI-2344) (C:\Users\zhubinbin\Desktop\Ti60F225_face_sc1336\Ti60F225_SC1336_HDMI_Display\src\new\bbox_filter_720p.v:205)
[EFX-0010 VERI-ERROR] syntax error near 'wire' (VERI-1137) (C:\Users\zhubinbin\Desktop\Ti60F225_face_sc1336\Ti60F225_SC1336_HDMI_Display\src\new\bbox_filter_720p.v:206)
[EFX-0010 VERI-ERROR] Verilog 2000 keyword 'wire' used in incorrect context (VERI-2344) (C:\Users\zhubinbin\Desktop\Ti60F225_face_sc1336\Ti60F225_SC1336_HDMI_Display\src\new\bbox_filter_720p.v:206)
[EFX-0010 VERI-ERROR] syntax error near ',' (VERI-1137) (C:\Users\zhubinbin\Desktop\Ti60F225_face_sc1336\Ti60F225_SC1336_HDMI_Display\src\new\bbox_filter_720p.v:219)
[EFX-0010 VERI-ERROR] syntax error near ',' (VERI-1137) (C:\Users\zhubinbin\Desktop\Ti60F225_face_sc1336\Ti60F225_SC1336_HDMI_Display\src\new\bbox_filter_720p.v:236)
[EFX-0010 VERI-ERROR] 'bit' is an unknown type (VERI-1556) (C:\Users\zhubinbin\Desktop\Ti60F225_face_sc1336\Ti60F225_SC1336_HDMI_Display\src\new\bbox_filter_720p.v:127)
[EFX-0010 VERI-ERROR] 'bit' is not declared (VERI-1128) (C:\Users\zhubinbin\Desktop\Ti60F225_face_sc1336\Ti60F225_SC1336_HDMI_Display\src\new\bbox_filter_720p.v:127)
[EFX-0010 VERI-ERROR] 'bit' is an unknown type (VERI-1556) (C:\Users\zhubinbin\Desktop\Ti60F225_face_sc1336\Ti60F225_SC1336_HDMI_Display\src\new\bbox_filter_720p.v:140)
[EFX-0010 VERI-ERROR] 'bit' is not declared (VERI-1128) (C:\Users\zhubinbin\Desktop\Ti60F225_face_sc1336\Ti60F225_SC1336_HDMI_Display\src\new\bbox_filter_720p.v:140)
[EFX-0010 VERI-ERROR] 'edge_touch' is not declared (VERI-1128) (C:\Users\zhubinbin\Desktop\Ti60F225_face_sc1336\Ti60F225_SC1336_HDMI_Display\src\new\bbox_filter_720p.v:201)
[EFX-0010 VERI-ERROR] 'is_large' is not declared (VERI-1128) (C:\Users\zhubinbin\Desktop\Ti60F225_face_sc1336\Ti60F225_SC1336_HDMI_Display\src\new\bbox_filter_720p.v:205)
[EFX-0010 VERI-ERROR] 'use_relax' is not declared (VERI-1128) (C:\Users\zhubinbin\Desktop\Ti60F225_face_sc1336\Ti60F225_SC1336_HDMI_Display\src\new\bbox_filter_720p.v:206)
[EFX-0010 VERI-ERROR] 'use_relax' is not declared (VERI-1128) (C:\Users\zhubinbin\Desktop\Ti60F225_face_sc1336\Ti60F225_SC1336_HDMI_Display\src\new\bbox_filter_720p.v:220)
[EFX-0010 VERI-ERROR] 'use_relax' is not declared (VERI-1128) (C:\Users\zhubinbin\Desktop\Ti60F225_face_sc1336\Ti60F225_SC1336_HDMI_Display\src\new\bbox_filter_720p.v:227)
[EFX-0010 VERI-ERROR] 'use_relax' is not declared (VERI-1128) (C:\Users\zhubinbin\Desktop\Ti60F225_face_sc1336\Ti60F225_SC1336_HDMI_Display\src\new\bbox_filter_720p.v:228)

///////////////////////////////////
// Efinity Synthesis Started 
// Nov 03, 2025 21:35:44
///////////////////////////////////

[EFX-0010 VERI-ERROR] syntax error near 'wire' (VERI-1137) (C:\Users\zhubinbin\Desktop\Ti60F225_face_sc1336\Ti60F225_SC1336_HDMI_Display\src\new\bbox_filter_720p.v:201)
[EFX-0010 VERI-ERROR] Verilog 2000 keyword 'wire' used in incorrect context (VERI-2344) (C:\Users\zhubinbin\Desktop\Ti60F225_face_sc1336\Ti60F225_SC1336_HDMI_Display\src\new\bbox_filter_720p.v:201)
[EFX-0010 VERI-ERROR] syntax error near 'wire' (VERI-1137) (C:\Users\zhubinbin\Desktop\Ti60F225_face_sc1336\Ti60F225_SC1336_HDMI_Display\src\new\bbox_filter_720p.v:205)
[EFX-0010 VERI-ERROR] Verilog 2000 keyword 'wire' used in incorrect context (VERI-2344) (C:\Users\zhubinbin\Desktop\Ti60F225_face_sc1336\Ti60F225_SC1336_HDMI_Display\src\new\bbox_filter_720p.v:205)
[EFX-0010 VERI-ERROR] syntax error near 'wire' (VERI-1137) (C:\Users\zhubinbin\Desktop\Ti60F225_face_sc1336\Ti60F225_SC1336_HDMI_Display\src\new\bbox_filter_720p.v:206)
[EFX-0010 VERI-ERROR] Verilog 2000 keyword 'wire' used in incorrect context (VERI-2344) (C:\Users\zhubinbin\Desktop\Ti60F225_face_sc1336\Ti60F225_SC1336_HDMI_Display\src\new\bbox_filter_720p.v:206)
[EFX-0010 VERI-ERROR] syntax error near ',' (VERI-1137) (C:\Users\zhubinbin\Desktop\Ti60F225_face_sc1336\Ti60F225_SC1336_HDMI_Display\src\new\bbox_filter_720p.v:219)
[EFX-0010 VERI-ERROR] syntax error near ',' (VERI-1137) (C:\Users\zhubinbin\Desktop\Ti60F225_face_sc1336\Ti60F225_SC1336_HDMI_Display\src\new\bbox_filter_720p.v:236)
[EFX-0010 VERI-ERROR] 'bit' is an unknown type (VERI-1556) (C:\Users\zhubinbin\Desktop\Ti60F225_face_sc1336\Ti60F225_SC1336_HDMI_Display\src\new\bbox_filter_720p.v:127)
[EFX-0010 VERI-ERROR] 'bit' is not declared (VERI-1128) (C:\Users\zhubinbin\Desktop\Ti60F225_face_sc1336\Ti60F225_SC1336_HDMI_Display\src\new\bbox_filter_720p.v:127)
[EFX-0010 VERI-ERROR] 'bit' is an unknown type (VERI-1556) (C:\Users\zhubinbin\Desktop\Ti60F225_face_sc1336\Ti60F225_SC1336_HDMI_Display\src\new\bbox_filter_720p.v:140)
[EFX-0010 VERI-ERROR] 'bit' is not declared (VERI-1128) (C:\Users\zhubinbin\Desktop\Ti60F225_face_sc1336\Ti60F225_SC1336_HDMI_Display\src\new\bbox_filter_720p.v:140)
[EFX-0010 VERI-ERROR] 'edge_touch' is not declared (VERI-1128) (C:\Users\zhubinbin\Desktop\Ti60F225_face_sc1336\Ti60F225_SC1336_HDMI_Display\src\new\bbox_filter_720p.v:201)
[EFX-0010 VERI-ERROR] 'is_large' is not declared (VERI-1128) (C:\Users\zhubinbin\Desktop\Ti60F225_face_sc1336\Ti60F225_SC1336_HDMI_Display\src\new\bbox_filter_720p.v:205)
[EFX-0010 VERI-ERROR] 'use_relax' is not declared (VERI-1128) (C:\Users\zhubinbin\Desktop\Ti60F225_face_sc1336\Ti60F225_SC1336_HDMI_Display\src\new\bbox_filter_720p.v:206)
[EFX-0010 VERI-ERROR] 'use_relax' is not declared (VERI-1128) (C:\Users\zhubinbin\Desktop\Ti60F225_face_sc1336\Ti60F225_SC1336_HDMI_Display\src\new\bbox_filter_720p.v:220)
[EFX-0010 VERI-ERROR] 'use_relax' is not declared (VERI-1128) (C:\Users\zhubinbin\Desktop\Ti60F225_face_sc1336\Ti60F225_SC1336_HDMI_Display\src\new\bbox_filter_720p.v:227)
[EFX-0010 VERI-ERROR] 'use_relax' is not declared (VERI-1128) (C:\Users\zhubinbin\Desktop\Ti60F225_face_sc1336\Ti60F225_SC1336_HDMI_Display\src\new\bbox_filter_720p.v:228)
[EFX-0010 VERI-ERROR] 'use_relax' is not declared (VERI-1128) (C:\Users\zhubinbin\Desktop\Ti60F225_face_sc1336\Ti60F225_SC1336_HDMI_Display\src\new\bbox_filter_720p.v:233)

///////////////////////////////////
// Efinity Synthesis Started 
// Nov 03, 2025 21:36:08
///////////////////////////////////

[EFX-0010 VERI-ERROR] syntax error near 'wire' (VERI-1137) (C:\Users\zhubinbin\Desktop\Ti60F225_face_sc1336\Ti60F225_SC1336_HDMI_Display\src\new\bbox_filter_720p.v:201)
[EFX-0010 VERI-ERROR] Verilog 2000 keyword 'wire' used in incorrect context (VERI-2344) (C:\Users\zhubinbin\Desktop\Ti60F225_face_sc1336\Ti60F225_SC1336_HDMI_Display\src\new\bbox_filter_720p.v:201)
[EFX-0010 VERI-ERROR] syntax error near 'wire' (VERI-1137) (C:\Users\zhubinbin\Desktop\Ti60F225_face_sc1336\Ti60F225_SC1336_HDMI_Display\src\new\bbox_filter_720p.v:205)
[EFX-0010 VERI-ERROR] Verilog 2000 keyword 'wire' used in incorrect context (VERI-2344) (C:\Users\zhubinbin\Desktop\Ti60F225_face_sc1336\Ti60F225_SC1336_HDMI_Display\src\new\bbox_filter_720p.v:205)
[EFX-0010 VERI-ERROR] syntax error near 'wire' (VERI-1137) (C:\Users\zhubinbin\Desktop\Ti60F225_face_sc1336\Ti60F225_SC1336_HDMI_Display\src\new\bbox_filter_720p.v:206)
[EFX-0010 VERI-ERROR] Verilog 2000 keyword 'wire' used in incorrect context (VERI-2344) (C:\Users\zhubinbin\Desktop\Ti60F225_face_sc1336\Ti60F225_SC1336_HDMI_Display\src\new\bbox_filter_720p.v:206)
[EFX-0010 VERI-ERROR] syntax error near ',' (VERI-1137) (C:\Users\zhubinbin\Desktop\Ti60F225_face_sc1336\Ti60F225_SC1336_HDMI_Display\src\new\bbox_filter_720p.v:219)
[EFX-0010 VERI-ERROR] syntax error near ',' (VERI-1137) (C:\Users\zhubinbin\Desktop\Ti60F225_face_sc1336\Ti60F225_SC1336_HDMI_Display\src\new\bbox_filter_720p.v:236)
[EFX-0010 VERI-ERROR] 'edge_touch' is not declared (VERI-1128) (C:\Users\zhubinbin\Desktop\Ti60F225_face_sc1336\Ti60F225_SC1336_HDMI_Display\src\new\bbox_filter_720p.v:201)
[EFX-0010 VERI-ERROR] 'is_large' is not declared (VERI-1128) (C:\Users\zhubinbin\Desktop\Ti60F225_face_sc1336\Ti60F225_SC1336_HDMI_Display\src\new\bbox_filter_720p.v:205)
[EFX-0010 VERI-ERROR] 'use_relax' is not declared (VERI-1128) (C:\Users\zhubinbin\Desktop\Ti60F225_face_sc1336\Ti60F225_SC1336_HDMI_Display\src\new\bbox_filter_720p.v:206)
[EFX-0010 VERI-ERROR] 'use_relax' is not declared (VERI-1128) (C:\Users\zhubinbin\Desktop\Ti60F225_face_sc1336\Ti60F225_SC1336_HDMI_Display\src\new\bbox_filter_720p.v:220)
[EFX-0010 VERI-ERROR] 'use_relax' is not declared (VERI-1128) (C:\Users\zhubinbin\Desktop\Ti60F225_face_sc1336\Ti60F225_SC1336_HDMI_Display\src\new\bbox_filter_720p.v:227)
[EFX-0010 VERI-ERROR] 'use_relax' is not declared (VERI-1128) (C:\Users\zhubinbin\Desktop\Ti60F225_face_sc1336\Ti60F225_SC1336_HDMI_Display\src\new\bbox_filter_720p.v:228)
[EFX-0010 VERI-ERROR] 'use_relax' is not declared (VERI-1128) (C:\Users\zhubinbin\Desktop\Ti60F225_face_sc1336\Ti60F225_SC1336_HDMI_Display\src\new\bbox_filter_720p.v:233)
[EFX-0010 VERI-ERROR] 'use_relax' is not declared (VERI-1128) (C:\Users\zhubinbin\Desktop\Ti60F225_face_sc1336\Ti60F225_SC1336_HDMI_Display\src\new\bbox_filter_720p.v:237)
[EFX-0010 VERI-ERROR] 'use_relax' is not declared (VERI-1128) (C:\Users\zhubinbin\Desktop\Ti60F225_face_sc1336\Ti60F225_SC1336_HDMI_Display\src\new\bbox_filter_720p.v:238)
[EFX-0010 VERI-ERROR] 'edge_touch' is not declared (VERI-1128) (C:\Users\zhubinbin\Desktop\Ti60F225_face_sc1336\Ti60F225_SC1336_HDMI_Display\src\new\bbox_filter_720p.v:246)
[EFX-0010 VERI-ERROR] module 'bbox_filter_720p' is ignored due to previous errors (VERI-1072) (C:\Users\zhubinbin\Desktop\Ti60F225_face_sc1336\Ti60F225_SC1336_HDMI_Display\src\new\bbox_filter_720p.v:301)

///////////////////////////////////
// Efinity Synthesis Started 
// Nov 03, 2025 21:36:36
///////////////////////////////////

[EFX-0010 VERI-ERROR] syntax error near ',' (VERI-1137) (C:\Users\zhubinbin\Desktop\Ti60F225_face_sc1336\Ti60F225_SC1336_HDMI_Display\src\new\bbox_filter_720p.v:218)
[EFX-0010 VERI-ERROR] syntax error near ',' (VERI-1137) (C:\Users\zhubinbin\Desktop\Ti60F225_face_sc1336\Ti60F225_SC1336_HDMI_Display\src\new\bbox_filter_720p.v:235)
[EFX-0010 VERI-ERROR] module 'bbox_filter_720p' is ignored due to previous errors (VERI-1072) (C:\Users\zhubinbin\Desktop\Ti60F225_face_sc1336\Ti60F225_SC1336_HDMI_Display\src\new\bbox_filter_720p.v:300)

///////////////////////////////////
// Efinity Synthesis Started 
// Nov 03, 2025 21:39:52
///////////////////////////////////

[EFX-0010 VERI-ERROR] syntax error near ',' (VERI-1137) (C:\Users\zhubinbin\Desktop\Ti60F225_face_sc1336\Ti60F225_SC1336_HDMI_Display\src\new\bbox_filter_720p.v:218)
[EFX-0010 VERI-ERROR] syntax error near ',' (VERI-1137) (C:\Users\zhubinbin\Desktop\Ti60F225_face_sc1336\Ti60F225_SC1336_HDMI_Display\src\new\bbox_filter_720p.v:235)
[EFX-0010 VERI-ERROR] module 'bbox_filter_720p' is ignored due to previous errors (VERI-1072) (C:\Users\zhubinbin\Desktop\Ti60F225_face_sc1336\Ti60F225_SC1336_HDMI_Display\src\new\bbox_filter_720p.v:300)

///////////////////////////////////
// Efinity Synthesis Started 
// Nov 03, 2025 21:40:31
///////////////////////////////////

[EFX-0010 VERI-ERROR] syntax error near ',' (VERI-1137) (C:\Users\zhubinbin\Desktop\Ti60F225_face_sc1336\Ti60F225_SC1336_HDMI_Display\src\new\bbox_filter_720p.v:218)
[EFX-0010 VERI-ERROR] syntax error near ',' (VERI-1137) (C:\Users\zhubinbin\Desktop\Ti60F225_face_sc1336\Ti60F225_SC1336_HDMI_Display\src\new\bbox_filter_720p.v:235)
[EFX-0010 VERI-ERROR] module 'bbox_filter_720p' is ignored due to previous errors (VERI-1072) (C:\Users\zhubinbin\Desktop\Ti60F225_face_sc1336\Ti60F225_SC1336_HDMI_Display\src\new\bbox_filter_720p.v:300)

///////////////////////////////////
// Efinity Synthesis Started 
// Nov 03, 2025 21:45:44
///////////////////////////////////

[EFX-0010 VERI-ERROR] declarations are not allowed in an unnamed block (VERI-1380) (C:\Users\zhubinbin\Desktop\Ti60F225_face_sc1336\Ti60F225_SC1336_HDMI_Display\src\new\bbox_filter_720p.v:179)
[EFX-0010 VERI-ERROR] module 'bbox_filter_720p' is ignored due to previous errors (VERI-1072) (C:\Users\zhubinbin\Desktop\Ti60F225_face_sc1336\Ti60F225_SC1336_HDMI_Display\src\new\bbox_filter_720p.v:326)

///////////////////////////////////
// Efinity Synthesis Started 
// Nov 03, 2025 21:46:32
///////////////////////////////////


///////////////////////////////////
// Efinity Synthesis Started 
// Nov 03, 2025 22:31:43
///////////////////////////////////


///////////////////////////////////
// Efinity Synthesis Started 
// Nov 03, 2025 22:42:55
///////////////////////////////////


///////////////////////////////////
// Efinity Synthesis Started 
// Nov 03, 2025 22:55:37
///////////////////////////////////


///////////////////////////////////
// Efinity Synthesis Started 
// Nov 03, 2025 23:03:51
///////////////////////////////////


///////////////////////////////////
// Efinity Synthesis Started 
// Nov 04, 2025 09:22:42
///////////////////////////////////

[EFX-0010 VERI-ERROR] instantiating unknown module 'red_like_detector' (VERI-1063) (C:\Users\zhubinbin\Desktop\Ti60F225_face_sc1336\Ti60F225_SC1336_HDMI_Display\example_top.v:1290)
[EFX-0021 ERROR] Elaboration of module 'example_top' failed. Please check previous error messages.

///////////////////////////////////
// Efinity Synthesis Started 
// Nov 04, 2025 09:23:02
///////////////////////////////////


///////////////////////////////////
// Efinity Synthesis Started 
// Nov 04, 2025 09:40:57
///////////////////////////////////


///////////////////////////////////
// Efinity Synthesis Started 
// Nov 04, 2025 12:51:53
///////////////////////////////////


///////////////////////////////////
// Efinity Synthesis Started 
// Nov 04, 2025 13:31:14
///////////////////////////////////


///////////////////////////////////
// Efinity Synthesis Started 
// Nov 04, 2025 13:38:54
///////////////////////////////////


///////////////////////////////////
// Efinity Synthesis Started 
// Nov 04, 2025 13:43:40
///////////////////////////////////


///////////////////////////////////
// Efinity Synthesis Started 
// Nov 04, 2025 13:54:42
///////////////////////////////////


///////////////////////////////////
// Efinity Synthesis Started 
// Nov 04, 2025 14:02:13
///////////////////////////////////


///////////////////////////////////
// Efinity Synthesis Started 
// Nov 04, 2025 14:06:34
///////////////////////////////////


///////////////////////////////////
// Efinity Synthesis Started 
// Nov 04, 2025 14:14:33
///////////////////////////////////


///////////////////////////////////
// Efinity Synthesis Started 
// Nov 04, 2025 14:20:35
///////////////////////////////////


///////////////////////////////////
// Efinity Synthesis Started 
// Nov 04, 2025 14:36:31
///////////////////////////////////


///////////////////////////////////
// Efinity Synthesis Started 
// Nov 04, 2025 14:43:44
///////////////////////////////////


///////////////////////////////////
// Efinity Synthesis Started 
// Nov 04, 2025 14:48:33
///////////////////////////////////


///////////////////////////////////
// Efinity Synthesis Started 
// Nov 04, 2025 14:58:48
///////////////////////////////////

[EFX-0010 VERI-ERROR] cannot find port 'pixel_x' on this module (VERI-1010) (C:\Users\zhubinbin\Desktop\Ti60F225_face_sc1336\Ti60F225_SC1336_HDMI_Display\example_top.v:1274)
[EFX-0010 VERI-ERROR] cannot find port 'pixel_y' on this module (VERI-1010) (C:\Users\zhubinbin\Desktop\Ti60F225_face_sc1336\Ti60F225_SC1336_HDMI_Display\example_top.v:1275)
[EFX-0021 ERROR] Elaboration of module 'example_top' failed. Please check previous error messages.

///////////////////////////////////
// Efinity Synthesis Started 
// Nov 04, 2025 14:59:45
///////////////////////////////////


///////////////////////////////////
// Efinity Synthesis Started 
// Nov 04, 2025 15:05:47
///////////////////////////////////


///////////////////////////////////
// Efinity Synthesis Started 
// Nov 04, 2025 15:12:05
///////////////////////////////////


///////////////////////////////////
// Efinity Synthesis Started 
// Nov 04, 2025 15:24:45
///////////////////////////////////


///////////////////////////////////
// Efinity Synthesis Started 
// Nov 04, 2025 15:54:33
///////////////////////////////////


///////////////////////////////////
// Efinity Synthesis Started 
// Nov 04, 2025 16:10:47
///////////////////////////////////

[EFX-0010 VERI-ERROR] declarations are not allowed in an unnamed block (VERI-1380) (C:\Users\zhubinbin\Desktop\Ti60F225_face_sc1336\Ti60F225_SC1336_HDMI_Display\src\new\white_light_compensation.v:157)
[EFX-0010 VERI-ERROR] module 'white_light_compensation' is ignored due to previous errors (VERI-1072) (C:\Users\zhubinbin\Desktop\Ti60F225_face_sc1336\Ti60F225_SC1336_HDMI_Display\src\new\white_light_compensation.v:180)

///////////////////////////////////
// Efinity Synthesis Started 
// Nov 04, 2025 16:11:18
///////////////////////////////////


///////////////////////////////////
// Efinity Synthesis Started 
// Nov 04, 2025 16:44:05
///////////////////////////////////

[EFX-0010 VERI-ERROR] declarations are not allowed in an unnamed block (VERI-1380) (C:\Users\zhubinbin\Desktop\Ti60F225_face_sc1336\Ti60F225_SC1336_HDMI_Display\src\new\white_light_compensation.v:150)
[EFX-0010 VERI-ERROR] module 'white_top5_compensation' is ignored due to previous errors (VERI-1072) (C:\Users\zhubinbin\Desktop\Ti60F225_face_sc1336\Ti60F225_SC1336_HDMI_Display\src\new\white_light_compensation.v:202)

///////////////////////////////////
// Efinity Synthesis Started 
// Nov 04, 2025 16:46:27
///////////////////////////////////

[EFX-0010 VERI-ERROR] syntax error near 'wire' (VERI-1137) (C:\Users\zhubinbin\Desktop\Ti60F225_face_sc1336\Ti60F225_SC1336_HDMI_Display\example_top.v:1289)
[EFX-0010 VERI-ERROR] Verilog 2000 keyword 'wire' used in incorrect context (VERI-2344) (C:\Users\zhubinbin\Desktop\Ti60F225_face_sc1336\Ti60F225_SC1336_HDMI_Display\example_top.v:1289)
[EFX-0010 VERI-ERROR] module 'example_top' is ignored due to previous errors (VERI-1072) (C:\Users\zhubinbin\Desktop\Ti60F225_face_sc1336\Ti60F225_SC1336_HDMI_Display\example_top.v:1507)

///////////////////////////////////
// Efinity Synthesis Started 
// Nov 04, 2025 16:46:51
///////////////////////////////////

[EFX-0010 VERI-ERROR] declarations are not allowed in an unnamed block (VERI-1380) (C:\Users\zhubinbin\Desktop\Ti60F225_face_sc1336\Ti60F225_SC1336_HDMI_Display\src\new\white_light_compensation.v:150)
[EFX-0010 VERI-ERROR] module 'white_top5_compensation' is ignored due to previous errors (VERI-1072) (C:\Users\zhubinbin\Desktop\Ti60F225_face_sc1336\Ti60F225_SC1336_HDMI_Display\src\new\white_light_compensation.v:202)

///////////////////////////////////
// Efinity Synthesis Started 
// Nov 04, 2025 16:47:12
///////////////////////////////////


///////////////////////////////////
// Efinity Synthesis Started 
// Nov 04, 2025 16:56:17
///////////////////////////////////


///////////////////////////////////
// Efinity Synthesis Started 
// Nov 04, 2025 17:04:48
///////////////////////////////////


///////////////////////////////////
// Efinity Synthesis Started 
// Nov 04, 2025 17:30:05
///////////////////////////////////

[EFX-0010 VERI-ERROR] syntax error near '[' (VERI-1137) (C:\Users\zhubinbin\Desktop\Ti60F225_face_sc1336\Ti60F225_SC1336_HDMI_Display\src\new\white_light_compensation.v:165)
[EFX-0010 VERI-ERROR] syntax error near '[' (VERI-1137) (C:\Users\zhubinbin\Desktop\Ti60F225_face_sc1336\Ti60F225_SC1336_HDMI_Display\src\new\white_light_compensation.v:171)
[EFX-0010 VERI-ERROR] declarations are not allowed in an unnamed block (VERI-1380) (C:\Users\zhubinbin\Desktop\Ti60F225_face_sc1336\Ti60F225_SC1336_HDMI_Display\src\new\white_light_compensation.v:187)
[EFX-0010 VERI-ERROR] 'den' is not declared (VERI-1128) (C:\Users\zhubinbin\Desktop\Ti60F225_face_sc1336\Ti60F225_SC1336_HDMI_Display\src\new\white_light_compensation.v:166)
[EFX-0010 VERI-ERROR] 'den' is not declared (VERI-1128) (C:\Users\zhubinbin\Desktop\Ti60F225_face_sc1336\Ti60F225_SC1336_HDMI_Display\src\new\white_light_compensation.v:167)
[EFX-0010 VERI-ERROR] 'prod' is not declared (VERI-1128) (C:\Users\zhubinbin\Desktop\Ti60F225_face_sc1336\Ti60F225_SC1336_HDMI_Display\src\new\white_light_compensation.v:172)
[EFX-0010 VERI-ERROR] 'prod' is not declared (VERI-1128) (C:\Users\zhubinbin\Desktop\Ti60F225_face_sc1336\Ti60F225_SC1336_HDMI_Display\src\new\white_light_compensation.v:173)
[EFX-0010 VERI-ERROR] 'prod' is not declared (VERI-1128) (C:\Users\zhubinbin\Desktop\Ti60F225_face_sc1336\Ti60F225_SC1336_HDMI_Display\src\new\white_light_compensation.v:174)
[EFX-0010 VERI-ERROR] module 'percentile_tonemap_comp' is ignored due to previous errors (VERI-1072) (C:\Users\zhubinbin\Desktop\Ti60F225_face_sc1336\Ti60F225_SC1336_HDMI_Display\src\new\white_light_compensation.v:236)

///////////////////////////////////
// Efinity Synthesis Started 
// Nov 04, 2025 17:30:50
///////////////////////////////////


///////////////////////////////////
// Efinity Synthesis Started 
// Nov 04, 2025 17:39:18
///////////////////////////////////


///////////////////////////////////
// Efinity Synthesis Started 
// Nov 04, 2025 18:34:21
///////////////////////////////////


///////////////////////////////////
// Efinity Synthesis Started 
// Nov 04, 2025 18:44:54
///////////////////////////////////


///////////////////////////////////
// Efinity Synthesis Started 
// Nov 04, 2025 19:06:34
///////////////////////////////////

[EFX-0010 VERI-ERROR] declarations are not allowed in an unnamed block (VERI-1380) (C:\Users\zhubinbin\Desktop\Ti60F225_face_sc1336\Ti60F225_SC1336_HDMI_Display\src\new\white_light_compensation.v:166)
[EFX-0010 VERI-ERROR] declarations are not allowed in an unnamed block (VERI-1380) (C:\Users\zhubinbin\Desktop\Ti60F225_face_sc1336\Ti60F225_SC1336_HDMI_Display\src\new\white_light_compensation.v:138)
[EFX-0010 VERI-ERROR] module 'white_top5_compensation' is ignored due to previous errors (VERI-1072) (C:\Users\zhubinbin\Desktop\Ti60F225_face_sc1336\Ti60F225_SC1336_HDMI_Display\src\new\white_light_compensation.v:218)

///////////////////////////////////
// Efinity Synthesis Started 
// Nov 04, 2025 19:07:00
///////////////////////////////////

[EFX-0010 VERI-ERROR] declarations are not allowed in an unnamed block (VERI-1380) (C:\Users\zhubinbin\Desktop\Ti60F225_face_sc1336\Ti60F225_SC1336_HDMI_Display\src\new\white_light_compensation.v:138)
[EFX-0010 VERI-ERROR] module 'white_top5_compensation' is ignored due to previous errors (VERI-1072) (C:\Users\zhubinbin\Desktop\Ti60F225_face_sc1336\Ti60F225_SC1336_HDMI_Display\src\new\white_light_compensation.v:218)

///////////////////////////////////
// Efinity Synthesis Started 
// Nov 04, 2025 19:07:16
///////////////////////////////////


///////////////////////////////////
// Efinity Synthesis Started 
// Nov 04, 2025 19:20:04
///////////////////////////////////


///////////////////////////////////
// Efinity Synthesis Started 
// Nov 04, 2025 19:28:44
///////////////////////////////////


///////////////////////////////////
// Efinity Synthesis Started 
// Nov 04, 2025 19:43:37
///////////////////////////////////

[EFX-0010 VERI-ERROR] unexpected EOF (VERI-1138) (C:\Users\zhubinbin\Desktop\Ti60F225_face_sc1336\Ti60F225_SC1336_HDMI_Display\src\new\white_light_compensation.v:148)

///////////////////////////////////
// Efinity Synthesis Started 
// Nov 04, 2025 19:45:07
///////////////////////////////////

[EFX-0010 VERI-ERROR] syntax error near '[' (VERI-1137) (C:\Users\zhubinbin\Desktop\Ti60F225_face_sc1336\Ti60F225_SC1336_HDMI_Display\src\new\white_light_compensation.v:214)
[EFX-0010 VERI-ERROR] declarations are not allowed in an unnamed block (VERI-1380) (C:\Users\zhubinbin\Desktop\Ti60F225_face_sc1336\Ti60F225_SC1336_HDMI_Display\src\new\white_light_compensation.v:216)
[EFX-0010 VERI-ERROR] declarations are not allowed in an unnamed block (VERI-1380) (C:\Users\zhubinbin\Desktop\Ti60F225_face_sc1336\Ti60F225_SC1336_HDMI_Display\src\new\white_light_compensation.v:219)
[EFX-0010 VERI-ERROR] declarations are not allowed in an unnamed block (VERI-1380) (C:\Users\zhubinbin\Desktop\Ti60F225_face_sc1336\Ti60F225_SC1336_HDMI_Display\src\new\white_light_compensation.v:227)
[EFX-0010 VERI-ERROR] 'y95' is not a constant (VERI-1188) (C:\Users\zhubinbin\Desktop\Ti60F225_face_sc1336\Ti60F225_SC1336_HDMI_Display\src\new\white_light_compensation.v:216)
[EFX-0010 VERI-ERROR] 'g_target_q8' is not declared (VERI-1128) (C:\Users\zhubinbin\Desktop\Ti60F225_face_sc1336\Ti60F225_SC1336_HDMI_Display\src\new\white_light_compensation.v:217)
[EFX-0010 VERI-ERROR] 'y95' is not a constant (VERI-1188) (C:\Users\zhubinbin\Desktop\Ti60F225_face_sc1336\Ti60F225_SC1336_HDMI_Display\src\new\white_light_compensation.v:219)
[EFX-0010 VERI-ERROR] 'g_target_q8' is not declared (VERI-1128) (C:\Users\zhubinbin\Desktop\Ti60F225_face_sc1336\Ti60F225_SC1336_HDMI_Display\src\new\white_light_compensation.v:220)
[EFX-0010 VERI-ERROR] 'g_target_q8' is not declared (VERI-1128) (C:\Users\zhubinbin\Desktop\Ti60F225_face_sc1336\Ti60F225_SC1336_HDMI_Display\src\new\white_light_compensation.v:222)
[EFX-0010 VERI-ERROR] 'ema_q8' is not declared (VERI-1128) (C:\Users\zhubinbin\Desktop\Ti60F225_face_sc1336\Ti60F225_SC1336_HDMI_Display\src\new\white_light_compensation.v:228)
[EFX-0010 VERI-ERROR] 'ema_q8' is not declared (VERI-1128) (C:\Users\zhubinbin\Desktop\Ti60F225_face_sc1336\Ti60F225_SC1336_HDMI_Display\src\new\white_light_compensation.v:229)
[EFX-0010 VERI-ERROR] module 'white_top5_compensation' is ignored due to previous errors (VERI-1072) (C:\Users\zhubinbin\Desktop\Ti60F225_face_sc1336\Ti60F225_SC1336_HDMI_Display\src\new\white_light_compensation.v:275)

///////////////////////////////////
// Efinity Synthesis Started 
// Nov 04, 2025 19:47:01
///////////////////////////////////

[EFX-0010 VERI-ERROR] declarations are not allowed in an unnamed block (VERI-1380) (C:\Users\zhubinbin\Desktop\Ti60F225_face_sc1336\Ti60F225_SC1336_HDMI_Display\src\new\white_light_compensation.v:230)
[EFX-0010 VERI-ERROR] module 'white_top5_compensation' is ignored due to previous errors (VERI-1072) (C:\Users\zhubinbin\Desktop\Ti60F225_face_sc1336\Ti60F225_SC1336_HDMI_Display\src\new\white_light_compensation.v:278)

///////////////////////////////////
// Efinity Synthesis Started 
// Nov 04, 2025 19:47:21
///////////////////////////////////


///////////////////////////////////
// Efinity Synthesis Started 
// Nov 04, 2025 20:01:10
///////////////////////////////////

[EFX-0010 VERI-ERROR] declarations are not allowed in an unnamed block (VERI-1380) (C:\Users\zhubinbin\Desktop\Ti60F225_face_sc1336\Ti60F225_SC1336_HDMI_Display\src\new\white_light_compensation.v:171)
[EFX-0010 VERI-ERROR] declarations are not allowed in an unnamed block (VERI-1380) (C:\Users\zhubinbin\Desktop\Ti60F225_face_sc1336\Ti60F225_SC1336_HDMI_Display\src\new\white_light_compensation.v:178)
[EFX-0010 VERI-ERROR] declarations are not allowed in an unnamed block (VERI-1380) (C:\Users\zhubinbin\Desktop\Ti60F225_face_sc1336\Ti60F225_SC1336_HDMI_Display\src\new\white_light_compensation.v:159)
[EFX-0010 VERI-ERROR] module 'white_top5_compensation' is ignored due to previous errors (VERI-1072) (C:\Users\zhubinbin\Desktop\Ti60F225_face_sc1336\Ti60F225_SC1336_HDMI_Display\src\new\white_light_compensation.v:234)

///////////////////////////////////
// Efinity Synthesis Started 
// Nov 04, 2025 20:01:46
///////////////////////////////////

[EFX-0010 VERI-ERROR] declarations are not allowed in an unnamed block (VERI-1380) (C:\Users\zhubinbin\Desktop\Ti60F225_face_sc1336\Ti60F225_SC1336_HDMI_Display\src\new\white_light_compensation.v:179)
[EFX-0010 VERI-ERROR] module 'white_top5_compensation' is ignored due to previous errors (VERI-1072) (C:\Users\zhubinbin\Desktop\Ti60F225_face_sc1336\Ti60F225_SC1336_HDMI_Display\src\new\white_light_compensation.v:235)

///////////////////////////////////
// Efinity Synthesis Started 
// Nov 04, 2025 20:02:02
///////////////////////////////////


///////////////////////////////////
// Efinity Synthesis Started 
// Nov 04, 2025 23:31:33
///////////////////////////////////

[EFX-0010 VERI-ERROR] declarations are not allowed in an unnamed block (VERI-1380) (C:\Users\zhubinbin\Desktop\Ti60F225_face_sc1336\Ti60F225_SC1336_HDMI_Display\src\new\white_light_compensation.v:171)
[EFX-0010 VERI-ERROR] declarations are not allowed in an unnamed block (VERI-1380) (C:\Users\zhubinbin\Desktop\Ti60F225_face_sc1336\Ti60F225_SC1336_HDMI_Display\src\new\white_light_compensation.v:178)
[EFX-0010 VERI-ERROR] declarations are not allowed in an unnamed block (VERI-1380) (C:\Users\zhubinbin\Desktop\Ti60F225_face_sc1336\Ti60F225_SC1336_HDMI_Display\src\new\white_light_compensation.v:159)
[EFX-0010 VERI-ERROR] module 'white_top5_compensation' is ignored due to previous errors (VERI-1072) (C:\Users\zhubinbin\Desktop\Ti60F225_face_sc1336\Ti60F225_SC1336_HDMI_Display\src\new\white_light_compensation.v:234)

///////////////////////////////////
// Efinity Synthesis Started 
// Nov 04, 2025 23:32:15
///////////////////////////////////

[EFX-0010 VERI-ERROR] declarations are not allowed in an unnamed block (VERI-1380) (C:\Users\zhubinbin\Desktop\Ti60F225_face_sc1336\Ti60F225_SC1336_HDMI_Display\src\new\white_light_compensation.v:179)
[EFX-0010 VERI-ERROR] module 'white_top5_compensation' is ignored due to previous errors (VERI-1072) (C:\Users\zhubinbin\Desktop\Ti60F225_face_sc1336\Ti60F225_SC1336_HDMI_Display\src\new\white_light_compensation.v:235)

///////////////////////////////////
// Efinity Synthesis Started 
// Nov 04, 2025 23:32:36
///////////////////////////////////


///////////////////////////////////
// Efinity Synthesis Started 
// Nov 04, 2025 23:46:17
///////////////////////////////////


///////////////////////////////////
// Efinity Synthesis Started 
// Nov 05, 2025 09:40:12
///////////////////////////////////


///////////////////////////////////
// Efinity Synthesis Started 
// Nov 05, 2025 09:49:16
///////////////////////////////////


///////////////////////////////////
// Efinity Synthesis Started 
// Nov 05, 2025 10:01:48
///////////////////////////////////


///////////////////////////////////
// Efinity Synthesis Started 
// Nov 05, 2025 10:10:31
///////////////////////////////////


///////////////////////////////////
// Efinity Synthesis Started 
// Nov 05, 2025 10:27:04
///////////////////////////////////

[EFX-0010 VERI-ERROR] syntax error near '[' (VERI-1137) (C:\Users\zhubinbin\Desktop\Ti60F225_face_sc1336\Ti60F225_SC1336_HDMI_Display\src\new\white_light_compensation.v:121)
[EFX-0010 VERI-ERROR] syntax error near '[' (VERI-1137) (C:\Users\zhubinbin\Desktop\Ti60F225_face_sc1336\Ti60F225_SC1336_HDMI_Display\src\new\white_light_compensation.v:132)
[EFX-0010 VERI-ERROR] declarations are not allowed in an unnamed block (VERI-1380) (C:\Users\zhubinbin\Desktop\Ti60F225_face_sc1336\Ti60F225_SC1336_HDMI_Display\src\new\white_light_compensation.v:115)
[EFX-0010 VERI-ERROR] 'gR_t' is not declared (VERI-1128) (C:\Users\zhubinbin\Desktop\Ti60F225_face_sc1336\Ti60F225_SC1336_HDMI_Display\src\new\white_light_compensation.v:122)
[EFX-0010 VERI-ERROR] 'gG_t' is not declared (VERI-1128) (C:\Users\zhubinbin\Desktop\Ti60F225_face_sc1336\Ti60F225_SC1336_HDMI_Display\src\new\white_light_compensation.v:123)
[EFX-0010 VERI-ERROR] 'gB_t' is not declared (VERI-1128) (C:\Users\zhubinbin\Desktop\Ti60F225_face_sc1336\Ti60F225_SC1336_HDMI_Display\src\new\white_light_compensation.v:124)
[EFX-0010 VERI-ERROR] 'gR_t' is not declared (VERI-1128) (C:\Users\zhubinbin\Desktop\Ti60F225_face_sc1336\Ti60F225_SC1336_HDMI_Display\src\new\white_light_compensation.v:128)
[EFX-0010 VERI-ERROR] 'gR_ema' is not declared (VERI-1128) (C:\Users\zhubinbin\Desktop\Ti60F225_face_sc1336\Ti60F225_SC1336_HDMI_Display\src\new\white_light_compensation.v:133)
[EFX-0010 VERI-ERROR] 'gG_ema' is not declared (VERI-1128) (C:\Users\zhubinbin\Desktop\Ti60F225_face_sc1336\Ti60F225_SC1336_HDMI_Display\src\new\white_light_compensation.v:134)
[EFX-0010 VERI-ERROR] 'gB_ema' is not declared (VERI-1128) (C:\Users\zhubinbin\Desktop\Ti60F225_face_sc1336\Ti60F225_SC1336_HDMI_Display\src\new\white_light_compensation.v:135)
[EFX-0010 VERI-ERROR] 'gR_ema' is not declared (VERI-1128) (C:\Users\zhubinbin\Desktop\Ti60F225_face_sc1336\Ti60F225_SC1336_HDMI_Display\src\new\white_light_compensation.v:138)
[EFX-0010 VERI-ERROR] 'gG_ema' is not declared (VERI-1128) (C:\Users\zhubinbin\Desktop\Ti60F225_face_sc1336\Ti60F225_SC1336_HDMI_Display\src\new\white_light_compensation.v:139)
[EFX-0010 VERI-ERROR] 'gB_ema' is not declared (VERI-1128) (C:\Users\zhubinbin\Desktop\Ti60F225_face_sc1336\Ti60F225_SC1336_HDMI_Display\src\new\white_light_compensation.v:140)
[EFX-0010 VERI-ERROR] module 'white_balance_auto' is ignored due to previous errors (VERI-1072) (C:\Users\zhubinbin\Desktop\Ti60F225_face_sc1336\Ti60F225_SC1336_HDMI_Display\src\new\white_light_compensation.v:175)

///////////////////////////////////
// Efinity Synthesis Started 
// Nov 05, 2025 10:27:45
///////////////////////////////////


///////////////////////////////////
// Efinity Synthesis Started 
// Nov 05, 2025 10:40:38
///////////////////////////////////

[EFX-0010 VERI-ERROR] module 'white_balance_auto' does not have a parameter named SAT_CUT (VERI-1184) (C:\Users\zhubinbin\Desktop\Ti60F225_face_sc1336\Ti60F225_SC1336_HDMI_Display\example_top.v:1275)
[EFX-0021 ERROR] Elaboration of module 'example_top' failed. Please check previous error messages.

///////////////////////////////////
// Efinity Synthesis Started 
// Nov 05, 2025 10:42:33
///////////////////////////////////


///////////////////////////////////
// Efinity Synthesis Started 
// Nov 05, 2025 10:54:38
///////////////////////////////////


///////////////////////////////////
// Efinity Synthesis Started 
// Nov 05, 2025 10:57:11
///////////////////////////////////


///////////////////////////////////
// Efinity Synthesis Started 
// Nov 05, 2025 11:46:31
///////////////////////////////////

[EFX-0010 VERI-ERROR] syntax error near 'end' (VERI-1137) (C:\Users\zhubinbin\Desktop\Ti60F225_face_sc1336\Ti60F225_SC1336_HDMI_Display\src\new\white_light_compensation.v:168)
[EFX-0010 VERI-ERROR] Verilog 2000 keyword 'end' used in incorrect context (VERI-2344) (C:\Users\zhubinbin\Desktop\Ti60F225_face_sc1336\Ti60F225_SC1336_HDMI_Display\src\new\white_light_compensation.v:168)

///////////////////////////////////
// Efinity Synthesis Started 
// Nov 05, 2025 11:47:01
///////////////////////////////////

[EFX-0010 VERI-ERROR] syntax error near 'end' (VERI-1137) (C:\Users\zhubinbin\Desktop\Ti60F225_face_sc1336\Ti60F225_SC1336_HDMI_Display\src\new\white_light_compensation.v:168)
[EFX-0010 VERI-ERROR] Verilog 2000 keyword 'end' used in incorrect context (VERI-2344) (C:\Users\zhubinbin\Desktop\Ti60F225_face_sc1336\Ti60F225_SC1336_HDMI_Display\src\new\white_light_compensation.v:168)
[EFX-0010 VERI-ERROR] module 'awb_design' is ignored due to previous errors (VERI-1072) (C:\Users\zhubinbin\Desktop\Ti60F225_face_sc1336\Ti60F225_SC1336_HDMI_Display\src\new\white_light_compensation.v:170)

///////////////////////////////////
// Efinity Synthesis Started 
// Nov 05, 2025 11:47:19
///////////////////////////////////

[EFX-0010 VERI-ERROR] instantiating unknown module 'Reciprocal' (VERI-1063) (C:\Users\zhubinbin\Desktop\Ti60F225_face_sc1336\Ti60F225_SC1336_HDMI_Display\src\new\white_light_compensation.v:112)
[EFX-0021 ERROR] Elaboration of module 'example_top' failed. Please check previous error messages.

///////////////////////////////////
// Efinity Synthesis Started 
// Nov 05, 2025 11:47:41
///////////////////////////////////


///////////////////////////////////
// Efinity Synthesis Started 
// Nov 05, 2025 12:00:53
///////////////////////////////////

[EFX-0010 VERI-ERROR] syntax error near 'awb_design_m0' (VERI-1137) (C:\Users\zhubinbin\Desktop\Ti60F225_face_sc1336\Ti60F225_SC1336_HDMI_Display\example_top.v:1269)
[EFX-0010 VERI-ERROR] module 'example_top' is ignored due to previous errors (VERI-1072) (C:\Users\zhubinbin\Desktop\Ti60F225_face_sc1336\Ti60F225_SC1336_HDMI_Display\example_top.v:1506)

///////////////////////////////////
// Efinity Synthesis Started 
// Nov 05, 2025 12:01:33
///////////////////////////////////


///////////////////////////////////
// Efinity Synthesis Started 
// Nov 05, 2025 12:11:07
///////////////////////////////////


///////////////////////////////////
// Efinity Synthesis Started 
// Nov 05, 2025 12:44:40
///////////////////////////////////


///////////////////////////////////
// Efinity Synthesis Started 
// Nov 05, 2025 12:55:25
///////////////////////////////////


///////////////////////////////////
// Efinity Synthesis Started 
// Nov 05, 2025 13:04:52
///////////////////////////////////

[EFX-0010 VERI-ERROR] syntax error near ';' (VERI-1137) (C:\Users\zhubinbin\Desktop\Ti60F225_face_sc1336\Ti60F225_SC1336_HDMI_Display\src\new\face_reader_720p.v:80)

///////////////////////////////////
// Efinity Synthesis Started 
// Nov 05, 2025 13:05:57
///////////////////////////////////


///////////////////////////////////
// Efinity Synthesis Started 
// Nov 05, 2025 13:23:01
///////////////////////////////////

[EFX-0010 VERI-ERROR] unexpected non-printable character with the hex value '0xe8' (VERI-2607) (C:\Users\zhubinbin\Desktop\Ti60F225_face_sc1336\Ti60F225_SC1336_HDMI_Display\src\new\face_reader_720p.v:79)
[EFX-0010 VERI-ERROR] unexpected non-printable character with the hex value '0xe5' (VERI-2607) (C:\Users\zhubinbin\Desktop\Ti60F225_face_sc1336\Ti60F225_SC1336_HDMI_Display\src\new\face_reader_720p.v:81)
[EFX-0010 VERI-ERROR] unexpected non-printable character with the hex value '0xe8' (VERI-2607) (C:\Users\zhubinbin\Desktop\Ti60F225_face_sc1336\Ti60F225_SC1336_HDMI_Display\src\new\face_reader_720p.v:86)
[EFX-0010 VERI-ERROR] syntax error near 'YUV' (VERI-1137) (C:\Users\zhubinbin\Desktop\Ti60F225_face_sc1336\Ti60F225_SC1336_HDMI_Display\src\new\face_reader_720p.v:91)
[EFX-0010 VERI-ERROR] unexpected non-printable character with the hex value '0xe9' (VERI-2607) (C:\Users\zhubinbin\Desktop\Ti60F225_face_sc1336\Ti60F225_SC1336_HDMI_Display\src\new\face_reader_720p.v:91)
[EFX-0010 VERI-ERROR] unexpected non-printable character with the hex value '0xe8' (VERI-2607) (C:\Users\zhubinbin\Desktop\Ti60F225_face_sc1336\Ti60F225_SC1336_HDMI_Display\src\new\face_reader_720p.v:96)
[EFX-0010 VERI-ERROR] unexpected non-printable character with the hex value '0xe5' (VERI-2607) (C:\Users\zhubinbin\Desktop\Ti60F225_face_sc1336\Ti60F225_SC1336_HDMI_Display\src\new\face_reader_720p.v:99)
[EFX-0010 VERI-ERROR] unexpected non-printable character with the hex value '0xe8' (VERI-2607) (C:\Users\zhubinbin\Desktop\Ti60F225_face_sc1336\Ti60F225_SC1336_HDMI_Display\src\new\face_reader_720p.v:102)

///////////////////////////////////
// Efinity Synthesis Started 
// Nov 05, 2025 13:23:28
///////////////////////////////////


///////////////////////////////////
// Efinity Synthesis Started 
// Nov 05, 2025 13:39:59
///////////////////////////////////


///////////////////////////////////
// Efinity Synthesis Started 
// Nov 05, 2025 13:56:31
///////////////////////////////////


///////////////////////////////////
// Efinity Synthesis Started 
// Nov 05, 2025 14:10:13
///////////////////////////////////


///////////////////////////////////
// Efinity Synthesis Started 
// Nov 05, 2025 14:49:03
///////////////////////////////////


///////////////////////////////////
// Efinity Synthesis Started 
// Nov 05, 2025 15:02:10
///////////////////////////////////


///////////////////////////////////
// Efinity Synthesis Started 
// Nov 05, 2025 15:15:13
///////////////////////////////////


///////////////////////////////////
// Efinity Synthesis Started 
// Nov 05, 2025 15:24:36
///////////////////////////////////


///////////////////////////////////
// Efinity Synthesis Started 
// Nov 05, 2025 15:35:29
///////////////////////////////////


///////////////////////////////////
// Efinity Synthesis Started 
// Nov 05, 2025 15:57:29
///////////////////////////////////


///////////////////////////////////
// Efinity Synthesis Started 
// Nov 05, 2025 16:36:42
///////////////////////////////////


///////////////////////////////////
// Efinity Synthesis Started 
// Nov 05, 2025 16:47:17
///////////////////////////////////


///////////////////////////////////
// Efinity Synthesis Started 
// Nov 05, 2025 16:55:06
///////////////////////////////////

[EFX-0010 VERI-ERROR] syntax error near 'edge_touch' (VERI-1137) (C:\Users\zhubinbin\Desktop\Ti60F225_face_sc1336\Ti60F225_SC1336_HDMI_Display\src\new\bbox_overlay.v:224)
[EFX-0010 VERI-ERROR] syntax error near '[' (VERI-1137) (C:\Users\zhubinbin\Desktop\Ti60F225_face_sc1336\Ti60F225_SC1336_HDMI_Display\src\new\bbox_overlay.v:261)
[EFX-0010 VERI-ERROR] 'edge_touch' is not declared (VERI-1128) (C:\Users\zhubinbin\Desktop\Ti60F225_face_sc1336\Ti60F225_SC1336_HDMI_Display\src\new\bbox_overlay.v:225)
[EFX-0010 VERI-ERROR] 'is_large' is not declared (VERI-1128) (C:\Users\zhubinbin\Desktop\Ti60F225_face_sc1336\Ti60F225_SC1336_HDMI_Display\src\new\bbox_overlay.v:229)
[EFX-0010 VERI-ERROR] 'use_relax' is not declared (VERI-1128) (C:\Users\zhubinbin\Desktop\Ti60F225_face_sc1336\Ti60F225_SC1336_HDMI_Display\src\new\bbox_overlay.v:230)
[EFX-0010 VERI-ERROR] 'use_relax' is not declared (VERI-1128) (C:\Users\zhubinbin\Desktop\Ti60F225_face_sc1336\Ti60F225_SC1336_HDMI_Display\src\new\bbox_overlay.v:252)
[EFX-0010 VERI-ERROR] 'lhs_c' is not declared (VERI-1128) (C:\Users\zhubinbin\Desktop\Ti60F225_face_sc1336\Ti60F225_SC1336_HDMI_Display\src\new\bbox_overlay.v:262)
[EFX-0010 VERI-ERROR] 'rhs_c' is not declared (VERI-1128) (C:\Users\zhubinbin\Desktop\Ti60F225_face_sc1336\Ti60F225_SC1336_HDMI_Display\src\new\bbox_overlay.v:263)
[EFX-0010 VERI-ERROR] 'lhs_c' is not declared (VERI-1128) (C:\Users\zhubinbin\Desktop\Ti60F225_face_sc1336\Ti60F225_SC1336_HDMI_Display\src\new\bbox_overlay.v:264)
[EFX-0010 VERI-ERROR] module 'ellipse_filter_720p' is ignored due to previous errors (VERI-1072) (C:\Users\zhubinbin\Desktop\Ti60F225_face_sc1336\Ti60F225_SC1336_HDMI_Display\src\new\bbox_overlay.v:320)

///////////////////////////////////
// Efinity Synthesis Started 
// Nov 05, 2025 16:56:18
///////////////////////////////////

[EFX-0010 VERI-ERROR] syntax error near 'edge_touch' (VERI-1137) (C:\Users\zhubinbin\Desktop\Ti60F225_face_sc1336\Ti60F225_SC1336_HDMI_Display\src\new\bbox_filter_720p.v:224)
[EFX-0010 VERI-ERROR] syntax error near '[' (VERI-1137) (C:\Users\zhubinbin\Desktop\Ti60F225_face_sc1336\Ti60F225_SC1336_HDMI_Display\src\new\bbox_filter_720p.v:261)
[EFX-0010 VERI-ERROR] 'edge_touch' is not declared (VERI-1128) (C:\Users\zhubinbin\Desktop\Ti60F225_face_sc1336\Ti60F225_SC1336_HDMI_Display\src\new\bbox_filter_720p.v:225)
[EFX-0010 VERI-ERROR] 'is_large' is not declared (VERI-1128) (C:\Users\zhubinbin\Desktop\Ti60F225_face_sc1336\Ti60F225_SC1336_HDMI_Display\src\new\bbox_filter_720p.v:229)
[EFX-0010 VERI-ERROR] 'use_relax' is not declared (VERI-1128) (C:\Users\zhubinbin\Desktop\Ti60F225_face_sc1336\Ti60F225_SC1336_HDMI_Display\src\new\bbox_filter_720p.v:230)
[EFX-0010 VERI-ERROR] 'use_relax' is not declared (VERI-1128) (C:\Users\zhubinbin\Desktop\Ti60F225_face_sc1336\Ti60F225_SC1336_HDMI_Display\src\new\bbox_filter_720p.v:252)
[EFX-0010 VERI-ERROR] 'lhs_c' is not declared (VERI-1128) (C:\Users\zhubinbin\Desktop\Ti60F225_face_sc1336\Ti60F225_SC1336_HDMI_Display\src\new\bbox_filter_720p.v:262)
[EFX-0010 VERI-ERROR] 'rhs_c' is not declared (VERI-1128) (C:\Users\zhubinbin\Desktop\Ti60F225_face_sc1336\Ti60F225_SC1336_HDMI_Display\src\new\bbox_filter_720p.v:263)
[EFX-0010 VERI-ERROR] 'lhs_c' is not declared (VERI-1128) (C:\Users\zhubinbin\Desktop\Ti60F225_face_sc1336\Ti60F225_SC1336_HDMI_Display\src\new\bbox_filter_720p.v:264)
[EFX-0010 VERI-ERROR] module 'ellipse_filter_720p' is ignored due to previous errors (VERI-1072) (C:\Users\zhubinbin\Desktop\Ti60F225_face_sc1336\Ti60F225_SC1336_HDMI_Display\src\new\bbox_filter_720p.v:320)

///////////////////////////////////
// Efinity Synthesis Started 
// Nov 05, 2025 16:57:09
///////////////////////////////////


///////////////////////////////////
// Efinity Synthesis Started 
// Nov 05, 2025 17:09:07
///////////////////////////////////


///////////////////////////////////
// Efinity Synthesis Started 
// Nov 05, 2025 17:17:53
///////////////////////////////////

[EFX-0010 VERI-ERROR] port connections cannot be mixed ordered and named (VERI-1162) (C:\Users\zhubinbin\Desktop\Ti60F225_face_sc1336\Ti60F225_SC1336_HDMI_Display\example_top.v:1468)
[EFX-0010 VERI-ERROR] module 'example_top' is ignored due to previous errors (VERI-1072) (C:\Users\zhubinbin\Desktop\Ti60F225_face_sc1336\Ti60F225_SC1336_HDMI_Display\example_top.v:1522)

///////////////////////////////////
// Efinity Synthesis Started 
// Nov 05, 2025 17:19:00
///////////////////////////////////

[EFX-0010 VERI-ERROR] port connections cannot be mixed ordered and named (VERI-1162) (C:\Users\zhubinbin\Desktop\Ti60F225_face_sc1336\Ti60F225_SC1336_HDMI_Display\example_top.v:1469)
[EFX-0010 VERI-ERROR] module 'example_top' is ignored due to previous errors (VERI-1072) (C:\Users\zhubinbin\Desktop\Ti60F225_face_sc1336\Ti60F225_SC1336_HDMI_Display\example_top.v:1523)

///////////////////////////////////
// Efinity Synthesis Started 
// Nov 05, 2025 17:19:56
///////////////////////////////////

[EFX-0010 VERI-ERROR] port connections cannot be mixed ordered and named (VERI-1162) (C:\Users\zhubinbin\Desktop\Ti60F225_face_sc1336\Ti60F225_SC1336_HDMI_Display\example_top.v:1469)
[EFX-0010 VERI-ERROR] module 'example_top' is ignored due to previous errors (VERI-1072) (C:\Users\zhubinbin\Desktop\Ti60F225_face_sc1336\Ti60F225_SC1336_HDMI_Display\example_top.v:1523)

///////////////////////////////////
// Efinity Synthesis Started 
// Nov 05, 2025 17:20:18
///////////////////////////////////


///////////////////////////////////
// Efinity Synthesis Started 
// Nov 05, 2025 17:26:20
///////////////////////////////////


///////////////////////////////////
// Efinity Synthesis Started 
// Nov 05, 2025 17:28:36
///////////////////////////////////


///////////////////////////////////
// Efinity Synthesis Started 
// Nov 05, 2025 17:31:30
///////////////////////////////////


///////////////////////////////////
// Efinity Synthesis Started 
// Nov 05, 2025 17:33:39
///////////////////////////////////


///////////////////////////////////
// Efinity Synthesis Started 
// Nov 05, 2025 17:36:30
///////////////////////////////////


///////////////////////////////////
// Efinity Synthesis Started 
// Nov 05, 2025 21:39:41
///////////////////////////////////

[EFX-0010 VERI-ERROR] instantiating unknown module 'bbox_filter_720p' (VERI-1063) (D:\FPGA\qrsfpga\2\Ti60F225_SC1336_HDMI_Display\example_top.v:1259)
[EFX-0021 ERROR] Elaboration of module 'example_top' failed. Please check previous error messages.

///////////////////////////////////
// Efinity Synthesis Started 
// Nov 05, 2025 21:40:44
///////////////////////////////////

[EFX-0010 VERI-ERROR] instantiating unknown module 'bbox_filter_720p' (VERI-1063) (D:\FPGA\qrsfpga\2\Ti60F225_SC1336_HDMI_Display\example_top.v:1259)
[EFX-0021 ERROR] Elaboration of module 'example_top' failed. Please check previous error messages.

///////////////////////////////////
// Efinity Synthesis Started 
// Nov 05, 2025 21:42:19
///////////////////////////////////

[EFX-0010 VERI-ERROR] module 'bbox_filter_720p' does not have a parameter named MIN_COMPACTNESS (VERI-1184) (D:\FPGA\qrsfpga\2\Ti60F225_SC1336_HDMI_Display\example_top.v:1223)
[EFX-0010 VERI-ERROR] module 'bbox_filter_720p' does not have a parameter named EXTENT_MIN_X100 (VERI-1184) (D:\FPGA\qrsfpga\2\Ti60F225_SC1336_HDMI_Display\example_top.v:1229)
[EFX-0010 VERI-ERROR] module 'bbox_filter_720p' does not have a parameter named EXTENT_MAX_X100 (VERI-1184) (D:\FPGA\qrsfpga\2\Ti60F225_SC1336_HDMI_Display\example_top.v:1230)
[EFX-0010 VERI-ERROR] module 'bbox_filter_720p' does not have a parameter named MIN_COMPACTNESS_LARGE (VERI-1184) (D:\FPGA\qrsfpga\2\Ti60F225_SC1336_HDMI_Display\example_top.v:1233)
[EFX-0010 VERI-ERROR] module 'bbox_filter_720p' does not have a parameter named MIN_RATIO_X10_LARGE (VERI-1184) (D:\FPGA\qrsfpga\2\Ti60F225_SC1336_HDMI_Display\example_top.v:1234)
[EFX-0010 VERI-ERROR] module 'bbox_filter_720p' does not have a parameter named MAX_RATIO_X10_LARGE (VERI-1184) (D:\FPGA\qrsfpga\2\Ti60F225_SC1336_HDMI_Display\example_top.v:1235)
[EFX-0010 VERI-ERROR] module 'bbox_filter_720p' does not have a parameter named EXTENT_MIN_X100_LARGE (VERI-1184) (D:\FPGA\qrsfpga\2\Ti60F225_SC1336_HDMI_Display\example_top.v:1236)
[EFX-0010 VERI-ERROR] module 'bbox_filter_720p' does not have a parameter named EDGE_MIN_AREA_PIX (VERI-1184) (D:\FPGA\qrsfpga\2\Ti60F225_SC1336_HDMI_Display\example_top.v:1238)
[EFX-0010 VERI-ERROR] net 'ccl_raddr_pf[5]' is constantly driven from multiple places (VDB-1000) (D:\FPGA\qrsfpga\2\Ti60F225_SC1336_HDMI_Display\example_top.v:1241)
[EFX-0010 VERI-ERROR] found another driver here (VDB-1001) (D:\FPGA\qrsfpga\2\Ti60F225_SC1336_HDMI_Display\example_top.v:1267)
[EFX-0021 ERROR] Elaboration of module 'example_top' failed. Please check previous error messages.

///////////////////////////////////
// Efinity Synthesis Started 
// Nov 05, 2025 21:47:08
///////////////////////////////////

[EFX-0010 VERI-ERROR] module 'bbox_filter_720p' does not have a parameter named MIN_COMPACTNESS (VERI-1184) (D:\FPGA\qrsfpga\2\Ti60F225_SC1336_HDMI_Display\example_top.v:1223)
[EFX-0010 VERI-ERROR] module 'bbox_filter_720p' does not have a parameter named EXTENT_MIN_X100 (VERI-1184) (D:\FPGA\qrsfpga\2\Ti60F225_SC1336_HDMI_Display\example_top.v:1229)
[EFX-0010 VERI-ERROR] module 'bbox_filter_720p' does not have a parameter named EXTENT_MAX_X100 (VERI-1184) (D:\FPGA\qrsfpga\2\Ti60F225_SC1336_HDMI_Display\example_top.v:1230)
[EFX-0010 VERI-ERROR] module 'bbox_filter_720p' does not have a parameter named MIN_COMPACTNESS_LARGE (VERI-1184) (D:\FPGA\qrsfpga\2\Ti60F225_SC1336_HDMI_Display\example_top.v:1233)
[EFX-0010 VERI-ERROR] module 'bbox_filter_720p' does not have a parameter named MIN_RATIO_X10_LARGE (VERI-1184) (D:\FPGA\qrsfpga\2\Ti60F225_SC1336_HDMI_Display\example_top.v:1234)
[EFX-0010 VERI-ERROR] module 'bbox_filter_720p' does not have a parameter named MAX_RATIO_X10_LARGE (VERI-1184) (D:\FPGA\qrsfpga\2\Ti60F225_SC1336_HDMI_Display\example_top.v:1235)
[EFX-0010 VERI-ERROR] module 'bbox_filter_720p' does not have a parameter named EXTENT_MIN_X100_LARGE (VERI-1184) (D:\FPGA\qrsfpga\2\Ti60F225_SC1336_HDMI_Display\example_top.v:1236)
[EFX-0010 VERI-ERROR] module 'bbox_filter_720p' does not have a parameter named EDGE_MIN_AREA_PIX (VERI-1184) (D:\FPGA\qrsfpga\2\Ti60F225_SC1336_HDMI_Display\example_top.v:1238)
[EFX-0021 ERROR] Elaboration of module 'example_top' failed. Please check previous error messages.

///////////////////////////////////
// Efinity Synthesis Started 
// Nov 05, 2025 21:48:47
///////////////////////////////////


///////////////////////////////////
// Efinity Synthesis Started 
// Nov 05, 2025 22:12:26
///////////////////////////////////


///////////////////////////////////
// Efinity Synthesis Started 
// Nov 05, 2025 22:19:53
///////////////////////////////////


///////////////////////////////////
// Efinity Synthesis Started 
// Nov 05, 2025 22:21:06
///////////////////////////////////


///////////////////////////////////
// Efinity Synthesis Started 
// Nov 05, 2025 22:27:56
///////////////////////////////////


///////////////////////////////////
// Efinity Synthesis Started 
// Nov 05, 2025 22:33:22
///////////////////////////////////


///////////////////////////////////
// Efinity Synthesis Started 
// Nov 05, 2025 22:39:27
///////////////////////////////////


///////////////////////////////////
// Efinity Synthesis Started 
// Nov 05, 2025 22:49:04
///////////////////////////////////


///////////////////////////////////
// Efinity Synthesis Started 
// Nov 05, 2025 22:55:49
///////////////////////////////////


///////////////////////////////////
// Efinity Synthesis Started 
// Nov 06, 2025 09:58:21
///////////////////////////////////


///////////////////////////////////
// Efinity Synthesis Started 
// Nov 06, 2025 10:11:17
///////////////////////////////////


///////////////////////////////////
// Efinity Synthesis Started 
// Nov 06, 2025 10:26:23
///////////////////////////////////

[EFX-0010 VERI-ERROR] syntax error near 'pass_position_t' (VERI-1137) (D:\FPGA\qrsfpga\2\Ti60F225_SC1336_HDMI_Display\src\new\bbox_filter_720p.v:274)
[EFX-0010 VERI-ERROR] 'S_DONE' is already declared (VERI-1116) (D:\FPGA\qrsfpga\2\Ti60F225_SC1336_HDMI_Display\src\new\bbox_filter_720p.v:303)
[EFX-0010 VERI-ERROR] syntax error near 'endcase' (VERI-1137) (D:\FPGA\qrsfpga\2\Ti60F225_SC1336_HDMI_Display\src\new\bbox_filter_720p.v:307)
[EFX-0010 VERI-ERROR] Verilog 2000 keyword 'endcase' used in incorrect context (VERI-2344) (D:\FPGA\qrsfpga\2\Ti60F225_SC1336_HDMI_Display\src\new\bbox_filter_720p.v:307)
[EFX-0010 VERI-ERROR] syntax error near ']' (VERI-1137) (D:\FPGA\qrsfpga\2\Ti60F225_SC1336_HDMI_Display\src\new\bbox_filter_720p.v:312)
[EFX-0010 VERI-ERROR] syntax error near ']' (VERI-1137) (D:\FPGA\qrsfpga\2\Ti60F225_SC1336_HDMI_Display\src\new\bbox_filter_720p.v:313)
[EFX-0010 VERI-ERROR] syntax error near ';' (VERI-1137) (D:\FPGA\qrsfpga\2\Ti60F225_SC1336_HDMI_Display\src\new\bbox_filter_720p.v:314)
[EFX-0010 VERI-ERROR] syntax error near 'begin' (VERI-1137) (D:\FPGA\qrsfpga\2\Ti60F225_SC1336_HDMI_Display\src\new\bbox_filter_720p.v:316)
[EFX-0010 VERI-ERROR] Verilog 2000 keyword 'begin' used in incorrect context (VERI-2344) (D:\FPGA\qrsfpga\2\Ti60F225_SC1336_HDMI_Display\src\new\bbox_filter_720p.v:316)
[EFX-0010 VERI-ERROR] syntax error near ';' (VERI-1137) (D:\FPGA\qrsfpga\2\Ti60F225_SC1336_HDMI_Display\src\new\bbox_filter_720p.v:317)
[EFX-0010 VERI-ERROR] syntax error near 'begin' (VERI-1137) (D:\FPGA\qrsfpga\2\Ti60F225_SC1336_HDMI_Display\src\new\bbox_filter_720p.v:319)
[EFX-0010 VERI-ERROR] Verilog 2000 keyword 'begin' used in incorrect context (VERI-2344) (D:\FPGA\qrsfpga\2\Ti60F225_SC1336_HDMI_Display\src\new\bbox_filter_720p.v:319)
[EFX-0010 VERI-ERROR] syntax error near 'begin' (VERI-1137) (D:\FPGA\qrsfpga\2\Ti60F225_SC1336_HDMI_Display\src\new\bbox_filter_720p.v:320)
[EFX-0010 VERI-ERROR] Verilog 2000 keyword 'begin' used in incorrect context (VERI-2344) (D:\FPGA\qrsfpga\2\Ti60F225_SC1336_HDMI_Display\src\new\bbox_filter_720p.v:320)
[EFX-0010 VERI-ERROR] syntax error near ';' (VERI-1137) (D:\FPGA\qrsfpga\2\Ti60F225_SC1336_HDMI_Display\src\new\bbox_filter_720p.v:321)
[EFX-0010 VERI-ERROR] syntax error near ';' (VERI-1137) (D:\FPGA\qrsfpga\2\Ti60F225_SC1336_HDMI_Display\src\new\bbox_filter_720p.v:323)
[EFX-0010 VERI-ERROR] syntax error near ';' (VERI-1137) (D:\FPGA\qrsfpga\2\Ti60F225_SC1336_HDMI_Display\src\new\bbox_filter_720p.v:325)
[EFX-0010 VERI-ERROR] syntax error near ';' (VERI-1137) (D:\FPGA\qrsfpga\2\Ti60F225_SC1336_HDMI_Display\src\new\bbox_filter_720p.v:327)

///////////////////////////////////
// Efinity Synthesis Started 
// Nov 06, 2025 10:27:31
///////////////////////////////////

[EFX-0010 VERI-ERROR] 'S_DONE' is already declared (VERI-1116) (D:\FPGA\qrsfpga\2\Ti60F225_SC1336_HDMI_Display\src\new\bbox_filter_720p.v:304)
[EFX-0010 VERI-ERROR] syntax error near 'endcase' (VERI-1137) (D:\FPGA\qrsfpga\2\Ti60F225_SC1336_HDMI_Display\src\new\bbox_filter_720p.v:308)
[EFX-0010 VERI-ERROR] Verilog 2000 keyword 'endcase' used in incorrect context (VERI-2344) (D:\FPGA\qrsfpga\2\Ti60F225_SC1336_HDMI_Display\src\new\bbox_filter_720p.v:308)
[EFX-0010 VERI-ERROR] syntax error near ']' (VERI-1137) (D:\FPGA\qrsfpga\2\Ti60F225_SC1336_HDMI_Display\src\new\bbox_filter_720p.v:313)
[EFX-0010 VERI-ERROR] syntax error near ']' (VERI-1137) (D:\FPGA\qrsfpga\2\Ti60F225_SC1336_HDMI_Display\src\new\bbox_filter_720p.v:314)
[EFX-0010 VERI-ERROR] syntax error near ';' (VERI-1137) (D:\FPGA\qrsfpga\2\Ti60F225_SC1336_HDMI_Display\src\new\bbox_filter_720p.v:315)
[EFX-0010 VERI-ERROR] syntax error near 'begin' (VERI-1137) (D:\FPGA\qrsfpga\2\Ti60F225_SC1336_HDMI_Display\src\new\bbox_filter_720p.v:317)
[EFX-0010 VERI-ERROR] Verilog 2000 keyword 'begin' used in incorrect context (VERI-2344) (D:\FPGA\qrsfpga\2\Ti60F225_SC1336_HDMI_Display\src\new\bbox_filter_720p.v:317)
[EFX-0010 VERI-ERROR] syntax error near ';' (VERI-1137) (D:\FPGA\qrsfpga\2\Ti60F225_SC1336_HDMI_Display\src\new\bbox_filter_720p.v:318)
[EFX-0010 VERI-ERROR] syntax error near 'begin' (VERI-1137) (D:\FPGA\qrsfpga\2\Ti60F225_SC1336_HDMI_Display\src\new\bbox_filter_720p.v:320)
[EFX-0010 VERI-ERROR] Verilog 2000 keyword 'begin' used in incorrect context (VERI-2344) (D:\FPGA\qrsfpga\2\Ti60F225_SC1336_HDMI_Display\src\new\bbox_filter_720p.v:320)
[EFX-0010 VERI-ERROR] syntax error near 'begin' (VERI-1137) (D:\FPGA\qrsfpga\2\Ti60F225_SC1336_HDMI_Display\src\new\bbox_filter_720p.v:321)
[EFX-0010 VERI-ERROR] Verilog 2000 keyword 'begin' used in incorrect context (VERI-2344) (D:\FPGA\qrsfpga\2\Ti60F225_SC1336_HDMI_Display\src\new\bbox_filter_720p.v:321)
[EFX-0010 VERI-ERROR] syntax error near ';' (VERI-1137) (D:\FPGA\qrsfpga\2\Ti60F225_SC1336_HDMI_Display\src\new\bbox_filter_720p.v:322)
[EFX-0010 VERI-ERROR] syntax error near ';' (VERI-1137) (D:\FPGA\qrsfpga\2\Ti60F225_SC1336_HDMI_Display\src\new\bbox_filter_720p.v:324)
[EFX-0010 VERI-ERROR] syntax error near ';' (VERI-1137) (D:\FPGA\qrsfpga\2\Ti60F225_SC1336_HDMI_Display\src\new\bbox_filter_720p.v:326)
[EFX-0010 VERI-ERROR] syntax error near ';' (VERI-1137) (D:\FPGA\qrsfpga\2\Ti60F225_SC1336_HDMI_Display\src\new\bbox_filter_720p.v:328)

///////////////////////////////////
// Efinity Synthesis Started 
// Nov 06, 2025 10:29:31
///////////////////////////////////


///////////////////////////////////
// Efinity Synthesis Started 
// Nov 06, 2025 10:39:45
///////////////////////////////////


///////////////////////////////////
// Efinity Synthesis Started 
// Nov 06, 2025 10:39:51
///////////////////////////////////


///////////////////////////////////
// Efinity Synthesis Started 
// Nov 06, 2025 10:53:12
///////////////////////////////////


///////////////////////////////////
// Efinity Synthesis Started 
// Nov 06, 2025 11:14:34
///////////////////////////////////

[EFX-0010 VERI-ERROR] extra comma in parameter association list is not allowed (VERI-1848) (D:\FPGA\qrsfpga\2\Ti60F225_SC1336_HDMI_Display\example_top.v:1220)
[EFX-0010 VERI-ERROR] module 'example_top' is ignored due to previous errors (VERI-1072) (D:\FPGA\qrsfpga\2\Ti60F225_SC1336_HDMI_Display\example_top.v:1311)

///////////////////////////////////
// Efinity Synthesis Started 
// Nov 06, 2025 11:14:58
///////////////////////////////////


///////////////////////////////////
// Efinity Synthesis Started 
// Nov 06, 2025 11:28:16
///////////////////////////////////


///////////////////////////////////
// Efinity Synthesis Started 
// Nov 06, 2025 11:37:35
///////////////////////////////////


///////////////////////////////////
// Efinity Synthesis Started 
// Nov 06, 2025 11:48:21
///////////////////////////////////


///////////////////////////////////
// Efinity Synthesis Started 
// Nov 06, 2025 11:50:21
///////////////////////////////////


///////////////////////////////////
// Efinity Synthesis Started 
// Nov 06, 2025 12:03:20
///////////////////////////////////


///////////////////////////////////
// Efinity Synthesis Started 
// Nov 06, 2025 12:12:54
///////////////////////////////////


///////////////////////////////////
// Efinity Synthesis Started 
// Nov 06, 2025 12:25:11
///////////////////////////////////


///////////////////////////////////
// Efinity Synthesis Started 
// Nov 06, 2025 12:59:38
///////////////////////////////////


///////////////////////////////////
// Efinity Synthesis Started 
// Nov 06, 2025 13:08:04
///////////////////////////////////


///////////////////////////////////
// Efinity Synthesis Started 
// Nov 06, 2025 13:08:40
///////////////////////////////////


///////////////////////////////////
// Efinity Synthesis Started 
// Nov 06, 2025 13:22:29
///////////////////////////////////


///////////////////////////////////
// Efinity Synthesis Started 
// Nov 06, 2025 13:32:25
///////////////////////////////////


///////////////////////////////////
// Efinity Synthesis Started 
// Nov 06, 2025 13:40:58
///////////////////////////////////


///////////////////////////////////
// Efinity Synthesis Started 
// Nov 06, 2025 13:43:38
///////////////////////////////////


///////////////////////////////////
// Efinity Synthesis Started 
// Sep 15, 2026 17:09:08
///////////////////////////////////

