
Efinix Static Timing Analysis Report
Version: 2025.1.110.5.9
Date: Thu Sep 17 18:51:00 2026

Copyright (C) 2013 - 2025 Efinix, Inc. All rights reserved.

Top-level Entity Name: Ti60_Demo

SDC Filename: Ti60_Demo.pt.sdc

Timing Model: C4
	process : typical
	temperature : 0C to 85C
	voltage : 0.95 +/-30mV
	speedgrade : 4
	technology : t16ff
	status : final

---------- Table of Contents (begin) ----------
   1. Clock Frequency Summary
   2. Clock Relationship Summary
   3. Path Details for Max Critical Paths
   4. Path Details for Min Critical Paths
---------- Table of Contents (end) ------------

---------- 1. Clock Frequency Summary (begin) ----------

User target constrained clocks
 Clock Name   Period (ns)  Frequency (MHz)    Waveform        Targets
dsi_byteclk_i    23.809         42.001     {0.000 11.904} {dsi_byteclk_i}
dsi_txcclk_i      5.952        168.011     {2.232 5.208}  {dsi_txcclk_i} 
dsi_serclk_i      5.952        168.011     {0.744 3.720}  {dsi_serclk_i} 
tdqss_clk         2.604        384.025     {0.000 1.302}  {tdqss_clk}    
core_clk          5.208        192.012     {0.000 2.604}  {core_clk}     
tac_clk           2.604        384.025     {0.000 1.302}  {tac_clk}      
twd_clk           2.604        384.025     {0.651 1.953}  {twd_clk}      
clk_sys          10.417         95.997     {0.000 5.208}  {clk_sys}      
clk_pixel        13.441         74.399     {0.000 6.720}  {clk_pixel}    
clk_pixel_10x     1.344        744.048     {0.336 1.008}  {clk_pixel_10x}
clk_lvds_1x      20.833         48.001     {0.000 10.416} {clk_lvds_1x}  
clk_lvds_7x       2.976        336.022     {0.744 2.232}  {clk_lvds_7x}  
clk_27m          62.500         16.000     {0.000 31.250} {clk_27m}      
cmos_pclk        10.000        100.000     {0.000 5.000}  {cmos_pclk}    

Maximum possible analyzed clocks frequency
 Clock Name  Period (ns)  Frequency (MHz)     Edge
 tdqss_clk      2.033        491.884         (R-R)
 core_clk       4.224        236.742         (R-R)
 tac_clk        2.024        494.071         (R-R)
 twd_clk        2.097        476.872         (R-R)
 clk_sys        6.309        158.504         (R-R)
 clk_pixel      6.286        159.084         (R-R)
 cmos_pclk      6.076        164.582         (F-R)

Geomean max period: 3.659

---------- Clock Frequency Summary (end) ---------------

---------- 2. Clock Relationship Summary (begin) ----------

Setup (Max) Clock Relationship
  Launch Clock    Capture Clock   Constraint (ns)     Slack (ns)          Edge
   tdqss_clk        tdqss_clk           2.604           0.571            (R-R)
   tdqss_clk        core_clk            2.604           2.117            (R-R)
   core_clk         tdqss_clk           2.604           1.389            (R-R)
   core_clk         core_clk            5.208           0.984            (R-R)
   core_clk         tac_clk             2.604           2.248            (R-R)
   core_clk         twd_clk             0.541           0.305            (R-R)
   tac_clk          core_clk            2.604           2.106            (R-R)
   tac_clk          tac_clk             2.604           0.580            (R-R)
   twd_clk          twd_clk             2.604           0.507            (R-R)
   clk_sys          clk_sys            10.417           4.108            (R-R)
   clk_pixel        clk_pixel          13.441           7.155            (R-R)
   cmos_pclk        cmos_pclk          10.000           7.263            (R-R)
   cmos_pclk        cmos_pclk           5.000           1.962            (F-R)

Hold (Min) Clock Relationship
  Launch Clock    Capture Clock   Constraint (ns)     Slack (ns)          Edge
   tdqss_clk        tdqss_clk           0.000           0.097            (R-R)
   tdqss_clk        core_clk            0.000           0.153            (R-R)
   core_clk         tdqss_clk           0.000           0.079            (R-R)
   core_clk         core_clk            0.000           0.044            (R-R)
   core_clk         tac_clk             0.000           0.067            (R-R)
   core_clk         twd_clk            -1.883           2.019            (R-R)
   tac_clk          core_clk            0.000           0.162            (R-R)
   tac_clk          tac_clk             0.000           0.033            (R-R)
   twd_clk          twd_clk             0.000           0.027            (R-R)
   clk_sys          clk_sys             0.000           0.027            (R-R)
   clk_pixel        clk_pixel           0.000           0.035            (R-R)
   cmos_pclk        cmos_pclk           0.000           0.014            (R-R)
   cmos_pclk        cmos_pclk          -5.000           5.557            (F-R)

NOTE: Values are in nanoseconds.

---------- Clock Relationship Summary (end) ---------------

---------- 3. Path Details for Max Critical Paths (begin) ----------

################################################################################
Path Detail Report (core_clk vs twd_clk)
################################################################################


++++ Path 1 ++++++++++++++++++++++++++++++++++++++++++++++++++++++++++++++++++++

Path Begin    : ddr3_ctl_axi/u_efx_ddr3_soft_controller/genblk1.inst_ddr3_axi/inst_efx_ddr3/top_mc/controller_main/bram_u2/u_efx_fifo_top/xefx_fifo_ctl/async_clk.waddr_cntr_gry_r[5]~FF|CLK          
Path End      : ddr3_ctl_axi/u_efx_ddr3_soft_controller/genblk1.inst_ddr3_axi/inst_efx_ddr3/top_mc/controller_main/bram_u2/u_efx_fifo_top/xefx_fifo_ctl/async_clk.wr2rd_addr_sync/async_reg[0][5]~FF|D
Launch Clock  : core_clk (RISE)                                                                                                                                                                       
Capture Clock : twd_clk (RISE)                                                                                                                                                                        
Slack         : 0.305 (required time - arrival time)                                                                                                                                                  
Delay         : 0.198                                                                                                                                                                                 

Logic Level             : 0
Non-global nets on path : 1
Global nets on path     : 0

Launch Clock Path Delay        : 1.787
+ Clock To Q + Data Path Delay : 0.314
--------------------------------------
End-of-path arrival time       : 2.101

Constraint                     : 0.541
+ Capture Clock Path Delay     : 1.865
- Clock Uncertainty            : 0.000
--------------------------------------
End-of-path required time      : 2.406

Launch Clock Path
                                                                                    name                                                                                      model name   delay (ns)  cumulative delay (ns) pins on net    location
======================================================================================================================================================================================================================================================
core_clk                                                                                                                                                                        inpad        0.000             0.000               0       (219,164)
core_clk                                                                                                                                                                        inpad        0.110             0.110             831       (219,164)
core_clk                                                                                                                                                                        net          1.677             1.787             831       (219,164)
   Routing elements:
      Manhattan distance of X:182, Y:137
ddr3_ctl_axi/u_efx_ddr3_soft_controller/genblk1.inst_ddr3_axi/inst_efx_ddr3/top_mc/controller_main/bram_u2/u_efx_fifo_top/xefx_fifo_ctl/async_clk.waddr_cntr_gry_r[5]~FF|CLK    ff           0.000             1.787             831       (37,27)  

Data Path
                                                                                         name                                                                                           model name   delay (ns)  cumulative delay (ns) pins on net    location
================================================================================================================================================================================================================================================================
ddr3_ctl_axi/u_efx_ddr3_soft_controller/genblk1.inst_ddr3_axi/inst_efx_ddr3/top_mc/controller_main/bram_u2/u_efx_fifo_top/xefx_fifo_ctl/async_clk.waddr_cntr_gry_r[5]~FF|Q                 ff          0.113             0.113              2         (37,27)
ddr3_ctl_axi/u_efx_ddr3_soft_controller/genblk1.inst_ddr3_axi/inst_efx_ddr3/top_mc/controller_main/bram_u2/u_efx_fifo_top/xefx_fifo_ctl/async_clk.waddr_cntr_gry_r[5]                      net         0.198             0.311              2         (37,27)
   Routing elements:
      Manhattan distance of X:5, Y:0
ddr3_ctl_axi/u_efx_ddr3_soft_controller/genblk1.inst_ddr3_axi/inst_efx_ddr3/top_mc/controller_main/bram_u2/u_efx_fifo_top/xefx_fifo_ctl/async_clk.wr2rd_addr_sync/async_reg[0][5]~FF|D     ff          0.003             0.314              2         (42,27)

Capture Clock Path
                                                                                          name                                                                                            model name   delay (ns)  cumulative delay (ns) pins on net    location
==================================================================================================================================================================================================================================================================
twd_clk                                                                                                                                                                                     inpad        0.000             0.000               0       (219,159)
twd_clk                                                                                                                                                                                     inpad        0.110             0.110             429       (219,159)
twd_clk                                                                                                                                                                                     net          1.755             1.865             429       (219,159)
   Routing elements:
      Manhattan distance of X:177, Y:132
ddr3_ctl_axi/u_efx_ddr3_soft_controller/genblk1.inst_ddr3_axi/inst_efx_ddr3/top_mc/controller_main/bram_u2/u_efx_fifo_top/xefx_fifo_ctl/async_clk.wr2rd_addr_sync/async_reg[0][5]~FF|CLK    ff           0.000             1.865             429       (42,27)  

################################################################################
Path Detail Report (tdqss_clk vs tdqss_clk)
################################################################################


++++ Path 1 ++++++++++++++++++++++++++++++++++++++++++++++++++++++++++++++++++++

Path Begin    : addr[3]~FF|CLK                      
Path End      : addr[3]                             
Launch Clock  : tdqss_clk (RISE)                    
Capture Clock : tdqss_clk (RISE)                    
Slack         : 0.571 (required time - arrival time)
Delay         : 1.037                               

Logic Level             : 0
Non-global nets on path : 1
Global nets on path     : 0

Launch Clock Path Delay        : 1.844
+ Clock To Q + Data Path Delay : 1.150
--------------------------------------
End-of-path arrival time       : 2.994

Constraint                     : 2.604
+ Capture Clock Path Delay     : 1.834
- Clock Uncertainty            : 0.110
- Output Delay                 : 0.763
--------------------------------------
End-of-path required time      : 3.565

Launch Clock Path
     name       model name   delay (ns)  cumulative delay (ns) pins on net    location
========================================================================================
tdqss_clk         inpad        0.000             0.000               0        (110,0) 
tdqss_clk         inpad        0.110             0.110             146        (110,0) 
tdqss_clk         net          1.734             1.844             146        (110,0) 
   Routing elements:
      Manhattan distance of X:67, Y:55
addr[3]~FF|CLK    ff           0.000             1.844             146        (177,55)

Data Path
    name      model name   delay (ns)  cumulative delay (ns) pins on net    location
======================================================================================
addr[3]~FF|Q    ff           0.113             0.113              2         (177,55)
addr[3]         net          0.993             1.106              2         (177,55)
   Routing elements:
      Manhattan distance of X:126, Y:55
addr[3]         outpad       0.044             1.150              2         (51,0)  
addr[3]         outpad       0.000             1.150              0         (51,0)  

Capture Clock Path
        name           model name   delay (ns)  cumulative delay (ns) pins on net    location
===============================================================================================
tdqss_clk                inpad        0.000             0.000               0        (110,0)
tdqss_clk                inpad        0.110             0.110             146        (110,0)
tdqss_clk                net          1.680             1.790             146        (110,0)
   Routing elements:
      Manhattan distance of X:60, Y:0
tdqss_clk~CLKOUT~50~1    outpad       0.044             1.834             146        (50,0) 
tdqss_clk~CLKOUT~50~1    outpad       0.000             1.834               0        (50,0) 

################################################################################
Path Detail Report (tdqss_clk vs core_clk)
################################################################################


++++ Path 1 ++++++++++++++++++++++++++++++++++++++++++++++++++++++++++++++++++++

Path Begin    : ddr3_ctl_axi/u_efx_ddr3_soft_controller/genblk1.inst_ddr3_axi/inst_efx_ddr3/top_mc/ac_fifo/popCC_popPtrGray[5]~FF|CLK              
Path End      : ddr3_ctl_axi/u_efx_ddr3_soft_controller/genblk1.inst_ddr3_axi/inst_efx_ddr3/top_mc/ac_fifo/popToPushGray_buffercc/buffers_0[5]~FF|D
Launch Clock  : tdqss_clk (RISE)                                                                                                                   
Capture Clock : core_clk (RISE)                                                                                                                    
Slack         : 2.117 (required time - arrival time)                                                                                               
Delay         : 0.204                                                                                                                              

Logic Level             : 0
Non-global nets on path : 1
Global nets on path     : 0

Launch Clock Path Delay        : 1.844
+ Clock To Q + Data Path Delay : 0.320
--------------------------------------
End-of-path arrival time       : 2.164

Constraint                     : 2.604
+ Capture Clock Path Delay     : 1.787
- Clock Uncertainty            : 0.110
--------------------------------------
End-of-path required time      : 4.281

Launch Clock Path
                                                        name                                                           model name   delay (ns)  cumulative delay (ns) pins on net    location
===============================================================================================================================================================================================
tdqss_clk                                                                                                                inpad        0.000             0.000               0        (110,0) 
tdqss_clk                                                                                                                inpad        0.110             0.110             146        (110,0) 
tdqss_clk                                                                                                                net          1.734             1.844             146        (110,0) 
   Routing elements:
      Manhattan distance of X:74, Y:53
ddr3_ctl_axi/u_efx_ddr3_soft_controller/genblk1.inst_ddr3_axi/inst_efx_ddr3/top_mc/ac_fifo/popCC_popPtrGray[5]~FF|CLK    ff           0.000             1.844             146        (184,53)

Data Path
                                                               name                                                                  model name   delay (ns)  cumulative delay (ns) pins on net    location
=============================================================================================================================================================================================================
ddr3_ctl_axi/u_efx_ddr3_soft_controller/genblk1.inst_ddr3_axi/inst_efx_ddr3/top_mc/ac_fifo/popCC_popPtrGray[5]~FF|Q                     ff          0.113             0.113              3         (184,53)
ddr3_ctl_axi/u_efx_ddr3_soft_controller/genblk1.inst_ddr3_axi/inst_efx_ddr3/top_mc/ac_fifo/popCC_popPtrGray[5]                          net         0.204             0.317              3         (184,53)
   Routing elements:
      Manhattan distance of X:5, Y:0
ddr3_ctl_axi/u_efx_ddr3_soft_controller/genblk1.inst_ddr3_axi/inst_efx_ddr3/top_mc/ac_fifo/popToPushGray_buffercc/buffers_0[5]~FF|D     ff          0.003             0.320              3         (189,53)

Capture Clock Path
                                                                name                                                                   model name   delay (ns)  cumulative delay (ns) pins on net    location
===============================================================================================================================================================================================================
core_clk                                                                                                                                 inpad        0.000             0.000               0       (219,164)
core_clk                                                                                                                                 inpad        0.110             0.110             831       (219,164)
core_clk                                                                                                                                 net          1.677             1.787             831       (219,164)
   Routing elements:
      Manhattan distance of X:30, Y:111
ddr3_ctl_axi/u_efx_ddr3_soft_controller/genblk1.inst_ddr3_axi/inst_efx_ddr3/top_mc/ac_fifo/popToPushGray_buffercc/buffers_0[5]~FF|CLK    ff           0.000             1.787             831       (189,53) 

################################################################################
Path Detail Report (core_clk vs tdqss_clk)
################################################################################


++++ Path 1 ++++++++++++++++++++++++++++++++++++++++++++++++++++++++++++++++++++

Path Begin    : ddr3_ctl_axi/u_efx_ddr3_soft_controller/genblk1.inst_ddr3_axi/inst_efx_ddr3/top_mc/core_clk_rstn~FF|CLK
Path End      : ddr3_ctl_axi/u_efx_ddr3_soft_controller/genblk1.inst_ddr3_axi/inst_efx_ddr3/top_mc/tdqss_clk_rstn~FF|SR
Launch Clock  : core_clk (RISE)                                                                                        
Capture Clock : tdqss_clk (RISE)                                                                                       
Slack         : 1.389 (required time - arrival time)                                                                   
Delay         : 0.958                                                                                                  

Logic Level             : 0
Non-global nets on path : 1
Global nets on path     : 0

Launch Clock Path Delay        : 1.787
+ Clock To Q + Data Path Delay : 1.162
--------------------------------------
End-of-path arrival time       : 2.949

Constraint                     : 2.604
+ Capture Clock Path Delay     : 1.844
- Clock Uncertainty            : 0.110
--------------------------------------
End-of-path required time      : 4.338

Launch Clock Path
                                                 name                                                    model name   delay (ns)  cumulative delay (ns) pins on net    location
=================================================================================================================================================================================
core_clk                                                                                                   inpad        0.000             0.000               0       (219,164)
core_clk                                                                                                   inpad        0.110             0.110             831       (219,164)
core_clk                                                                                                   net          1.677             1.787             831       (219,164)
   Routing elements:
      Manhattan distance of X:85, Y:107
ddr3_ctl_axi/u_efx_ddr3_soft_controller/genblk1.inst_ddr3_axi/inst_efx_ddr3/top_mc/core_clk_rstn~FF|CLK    ff           0.000             1.787             831       (134,57) 

Data Path
                                                 name                                                    model name   delay (ns)  cumulative delay (ns) pins on net    location
=================================================================================================================================================================================
ddr3_ctl_axi/u_efx_ddr3_soft_controller/genblk1.inst_ddr3_axi/inst_efx_ddr3/top_mc/core_clk_rstn~FF|Q       ff          0.113             0.113             815        (134,57)
ddr3_ctl_axi/u_efx_ddr3_soft_controller/genblk1.inst_ddr3_axi/inst_efx_ddr3/top_mc/core_clk_rstn            net         0.958             1.071             815        (134,57)
   Routing elements:
      Manhattan distance of X:66, Y:12
ddr3_ctl_axi/u_efx_ddr3_soft_controller/genblk1.inst_ddr3_axi/inst_efx_ddr3/top_mc/tdqss_clk_rstn~FF|SR     ff          0.091             1.162             815        (200,69)

Capture Clock Path
                                                  name                                                    model name   delay (ns)  cumulative delay (ns) pins on net    location
==================================================================================================================================================================================
tdqss_clk                                                                                                   inpad        0.000             0.000               0        (110,0) 
tdqss_clk                                                                                                   inpad        0.110             0.110             146        (110,0) 
tdqss_clk                                                                                                   net          1.734             1.844             146        (110,0) 
   Routing elements:
      Manhattan distance of X:90, Y:69
ddr3_ctl_axi/u_efx_ddr3_soft_controller/genblk1.inst_ddr3_axi/inst_efx_ddr3/top_mc/tdqss_clk_rstn~FF|CLK    ff           0.000             1.844             146        (200,69)

################################################################################
Path Detail Report (core_clk vs core_clk)
################################################################################


++++ Path 1 ++++++++++++++++++++++++++++++++++++++++++++++++++++++++++++++++++++

Path Begin    : ddr3_ctl_axi/u_efx_ddr3_soft_controller/genblk1.inst_ddr3_axi/inst_efx_ddr3/top_mc/fifo_ar/ram__D$2|RCLK                   
Path End      : ddr3_ctl_axi/u_efx_ddr3_soft_controller/genblk1.inst_ddr3_axi/inst_efx_ddr3/top_mc/controller_main/arbiter_counter[0]~FF|CE
Launch Clock  : core_clk (RISE)                                                                                                            
Capture Clock : core_clk (RISE)                                                                                                            
Slack         : 0.984 (required time - arrival time)                                                                                       
Delay         : 2.835                                                                                                                      

Logic Level             : 6
Non-global nets on path : 7
Global nets on path     : 0

Launch Clock Path Delay        : 1.787
+ Clock To Q + Data Path Delay : 4.114
--------------------------------------
End-of-path arrival time       : 5.901

Constraint                     : 5.208
+ Capture Clock Path Delay     : 1.787
- Clock Uncertainty            : 0.110
--------------------------------------
End-of-path required time      : 6.885

Launch Clock Path
                                                  name                                                    model name   delay (ns)  cumulative delay (ns) pins on net    location
==================================================================================================================================================================================
core_clk                                                                                                 inpad           0.000             0.000               0       (219,164)
core_clk                                                                                                 inpad           0.110             0.110             831       (219,164)
core_clk                                                                                                 net             1.677             1.787             831       (219,164)
   Routing elements:
      Manhattan distance of X:48, Y:62
ddr3_ctl_axi/u_efx_ddr3_soft_controller/genblk1.inst_ddr3_axi/inst_efx_ddr3/top_mc/fifo_ar/ram__D$2|RCLK ram_8192x20     0.000             1.787             831       (171,102)

Data Path
                                                           name                                                              model name   delay (ns)  cumulative delay (ns) pins on net    location
=====================================================================================================================================================================================================
ddr3_ctl_axi/u_efx_ddr3_soft_controller/genblk1.inst_ddr3_axi/inst_efx_ddr3/top_mc/fifo_ar/ram__D$2|RDATA[13]               ram_8192x20     1.188             1.188              38       (171,102)
ddr3_ctl_axi/u_efx_ddr3_soft_controller/genblk1.inst_ddr3_axi/inst_efx_ddr3/top_mc/w_ar_fifo_rd_data[11]                    net             0.566             1.754              38       (171,102)
   Routing elements:
      Manhattan distance of X:18, Y:13
LUT__28121|in[1]                                                                                                            lut             0.055             1.809              38       (153,89) 
LUT__28121|out                                                                                                              lut             0.000             1.809               4       (153,89) 
n11798                                                                                                                      net             0.258             2.067               4       (153,89) 
   Routing elements:
      Manhattan distance of X:1, Y:5
LUT__28122|in[3]                                                                                                            lut             0.054             2.121               4       (154,84) 
LUT__28122|out                                                                                                              lut             0.000             2.121               2       (154,84) 
n11799                                                                                                                      net             0.205             2.326               2       (154,84) 
   Routing elements:
      Manhattan distance of X:1, Y:1
LUT__28123|in[3]                                                                                                            lut             0.054             2.380               2       (155,83) 
LUT__28123|out                                                                                                              lut             0.000             2.380               5       (155,83) 
n11800                                                                                                                      net             0.484             2.864               5       (155,83) 
   Routing elements:
      Manhattan distance of X:11, Y:2
LUT__28339|in[1]                                                                                                            lut             0.055             2.919               5       (144,85) 
LUT__28339|out                                                                                                              lut             0.000             2.919               4       (144,85) 
ddr3_ctl_axi/u_efx_ddr3_soft_controller/genblk1.inst_ddr3_axi/inst_efx_ddr3/top_mc/controller_main/n3971                    net             0.260             3.179               3       (144,85) 
   Routing elements:
      Manhattan distance of X:1, Y:4
LUT__28340|in[0]                                                                                                            lut             0.054             3.233               4       (143,81) 
LUT__28340|out                                                                                                              lut             0.000             3.233               2       (143,81) 
n12013                                                                                                                      net             0.224             3.457               2       (143,81) 
   Routing elements:
      Manhattan distance of X:3, Y:4
LUT__28341|in[1]                                                                                                            lut             0.054             3.511               2       (140,85) 
LUT__28341|out                                                                                                              lut             0.000             3.511               4       (140,85) 
ceg_net919                                                                                                                  net             0.512             4.023               4       (140,85) 
   Routing elements:
      Manhattan distance of X:0, Y:1
ddr3_ctl_axi/u_efx_ddr3_soft_controller/genblk1.inst_ddr3_axi/inst_efx_ddr3/top_mc/controller_main/arbiter_counter[0]~FF|CE ff              0.091             4.114               4       (140,84) 

Capture Clock Path
                                                            name                                                              model name   delay (ns)  cumulative delay (ns) pins on net    location
======================================================================================================================================================================================================
core_clk                                                                                                                        inpad        0.000             0.000               0       (219,164)
core_clk                                                                                                                        inpad        0.110             0.110             831       (219,164)
core_clk                                                                                                                        net          1.677             1.787             831       (219,164)
   Routing elements:
      Manhattan distance of X:79, Y:80
ddr3_ctl_axi/u_efx_ddr3_soft_controller/genblk1.inst_ddr3_axi/inst_efx_ddr3/top_mc/controller_main/arbiter_counter[0]~FF|CLK    ff           0.000             1.787             831       (140,84) 

################################################################################
Path Detail Report (core_clk vs tac_clk)
################################################################################


++++ Path 1 ++++++++++++++++++++++++++++++++++++++++++++++++++++++++++++++++++++

Path Begin    : ddr3_ctl_axi/u_efx_ddr3_soft_controller/genblk1.inst_ddr3_axi/inst_efx_ddr3/top_mc/controller_main/bram_u0/u_efx_fifo_top/xefx_fifo_ctl/async_clk.waddr_cntr_gry_r[0]~FF|CLK          
Path End      : ddr3_ctl_axi/u_efx_ddr3_soft_controller/genblk1.inst_ddr3_axi/inst_efx_ddr3/top_mc/controller_main/bram_u0/u_efx_fifo_top/xefx_fifo_ctl/async_clk.wr2rd_addr_sync/async_reg[0][0]~FF|D
Launch Clock  : core_clk (RISE)                                                                                                                                                                       
Capture Clock : tac_clk (RISE)                                                                                                                                                                        
Slack         : 2.248 (required time - arrival time)                                                                                                                                                  
Delay         : 0.201                                                                                                                                                                                 

Logic Level             : 0
Non-global nets on path : 1
Global nets on path     : 0

Launch Clock Path Delay        : 1.787
+ Clock To Q + Data Path Delay : 0.317
--------------------------------------
End-of-path arrival time       : 2.104

Constraint                     : 2.604
+ Capture Clock Path Delay     : 1.858
- Clock Uncertainty            : 0.110
--------------------------------------
End-of-path required time      : 4.352

Launch Clock Path
                                                                                    name                                                                                      model name   delay (ns)  cumulative delay (ns) pins on net    location
======================================================================================================================================================================================================================================================
core_clk                                                                                                                                                                        inpad        0.000             0.000               0       (219,164)
core_clk                                                                                                                                                                        inpad        0.110             0.110             831       (219,164)
core_clk                                                                                                                                                                        net          1.677             1.787             831       (219,164)
   Routing elements:
      Manhattan distance of X:50, Y:131
ddr3_ctl_axi/u_efx_ddr3_soft_controller/genblk1.inst_ddr3_axi/inst_efx_ddr3/top_mc/controller_main/bram_u0/u_efx_fifo_top/xefx_fifo_ctl/async_clk.waddr_cntr_gry_r[0]~FF|CLK    ff           0.000             1.787             831       (169,33) 

Data Path
                                                                                         name                                                                                           model name   delay (ns)  cumulative delay (ns) pins on net    location
================================================================================================================================================================================================================================================================
ddr3_ctl_axi/u_efx_ddr3_soft_controller/genblk1.inst_ddr3_axi/inst_efx_ddr3/top_mc/controller_main/bram_u0/u_efx_fifo_top/xefx_fifo_ctl/async_clk.waddr_cntr_gry_r[0]~FF|Q                 ff          0.113             0.113              2         (169,33)
ddr3_ctl_axi/u_efx_ddr3_soft_controller/genblk1.inst_ddr3_axi/inst_efx_ddr3/top_mc/controller_main/bram_u0/u_efx_fifo_top/xefx_fifo_ctl/async_clk.waddr_cntr_gry_r[0]                      net         0.201             0.314              2         (169,33)
   Routing elements:
      Manhattan distance of X:5, Y:0
ddr3_ctl_axi/u_efx_ddr3_soft_controller/genblk1.inst_ddr3_axi/inst_efx_ddr3/top_mc/controller_main/bram_u0/u_efx_fifo_top/xefx_fifo_ctl/async_clk.wr2rd_addr_sync/async_reg[0][0]~FF|D     ff          0.003             0.317              2         (174,33)

Capture Clock Path
                                                                                          name                                                                                            model name   delay (ns)  cumulative delay (ns) pins on net    location
==================================================================================================================================================================================================================================================================
tac_clk                                                                                                                                                                                     inpad        0.000             0.000               0        (111,0) 
tac_clk                                                                                                                                                                                     inpad        0.110             0.110             331        (111,0) 
tac_clk                                                                                                                                                                                     net          1.748             1.858             331        (111,0) 
   Routing elements:
      Manhattan distance of X:63, Y:33
ddr3_ctl_axi/u_efx_ddr3_soft_controller/genblk1.inst_ddr3_axi/inst_efx_ddr3/top_mc/controller_main/bram_u0/u_efx_fifo_top/xefx_fifo_ctl/async_clk.wr2rd_addr_sync/async_reg[0][0]~FF|CLK    ff           0.000             1.858             331        (174,33)

################################################################################
Path Detail Report (core_clk vs clk_sys)
################################################################################


++++ Path 1 ++++++++++++++++++++++++++++++++++++++++++++++++++++++++++++++++++++

Path Begin    : ddr3_ctl_axi/u_efx_ddr3_soft_controller/genblk1.inst_ddr3_axi/inst_efx_ddr3/w_init_done~FF|CLK
Path End      : ddr3_ctl_axi/u_efx_ddr3_soft_controller/genblk1.inst_ddr3_axi/inst_efx_ddr3/logic_rstn~FF|SR  
Launch Clock  : core_clk (RISE)                                                                               
Capture Clock : clk_sys (RISE)                                                                                
Slack         : 3.123 (required time - arrival time)                                                          
Delay         : 1.113                                                                                         

Logic Level             : 0
Non-global nets on path : 1
Global nets on path     : 0

Launch Clock Path Delay        : 1.787
+ Clock To Q + Data Path Delay : 1.317
--------------------------------------
End-of-path arrival time       : 3.104

Constraint                     : 4.390
+ Capture Clock Path Delay     : 1.837
- Clock Uncertainty            : 0.000
--------------------------------------
End-of-path required time      : 6.227

Launch Clock Path
                                             name                                               model name   delay (ns)  cumulative delay (ns) pins on net    location
========================================================================================================================================================================
core_clk                                                                                          inpad        0.000             0.000               0       (219,164)
core_clk                                                                                          inpad        0.110             0.110             831       (219,164)
core_clk                                                                                          net          1.677             1.787             831       (219,164)
   Routing elements:
      Manhattan distance of X:25, Y:83
ddr3_ctl_axi/u_efx_ddr3_soft_controller/genblk1.inst_ddr3_axi/inst_efx_ddr3/w_init_done~FF|CLK    ff           0.000             1.787             831       (194,81) 

Data Path
                                            name                                              model name   delay (ns)  cumulative delay (ns) pins on net    location
======================================================================================================================================================================
ddr3_ctl_axi/u_efx_ddr3_soft_controller/genblk1.inst_ddr3_axi/inst_efx_ddr3/w_init_done~FF|Q     ff          0.113             0.113             132       (194,81) 
ddr3_ctl_axi/u_efx_ddr3_soft_controller/genblk1.inst_ddr3_axi/inst_efx_ddr3/w_init_done          net         1.113             1.226             132       (194,81) 
   Routing elements:
      Manhattan distance of X:6, Y:21
ddr3_ctl_axi/u_efx_ddr3_soft_controller/genblk1.inst_ddr3_axi/inst_efx_ddr3/logic_rstn~FF|SR     ff          0.091             1.317             132       (188,102)

Capture Clock Path
                                            name                                               model name   delay (ns)  cumulative delay (ns) pins on net    location
=======================================================================================================================================================================
clk_sys                                                                                          inpad        0.000             0.000                0      (0,162)  
clk_sys                                                                                          inpad        0.110             0.110             1411      (0,162)  
clk_sys                                                                                          net          1.727             1.837             1411      (0,162)  
   Routing elements:
      Manhattan distance of X:188, Y:60
ddr3_ctl_axi/u_efx_ddr3_soft_controller/genblk1.inst_ddr3_axi/inst_efx_ddr3/logic_rstn~FF|CLK    ff           0.000             1.837             1411      (188,102)

################################################################################
Path Detail Report (tac_clk vs core_clk)
################################################################################


++++ Path 1 ++++++++++++++++++++++++++++++++++++++++++++++++++++++++++++++++++++

Path Begin    : ddr3_ctl_axi/u_efx_ddr3_soft_controller/genblk1.inst_ddr3_axi/inst_efx_ddr3/top_mc/fifo_rdpush/pushCC_pushPtrGray[2]~FF|CLK            
Path End      : ddr3_ctl_axi/u_efx_ddr3_soft_controller/genblk1.inst_ddr3_axi/inst_efx_ddr3/top_mc/fifo_rdpush/pushToPopGray_buffercc/buffers_0[2]~FF|D
Launch Clock  : tac_clk (RISE)                                                                                                                         
Capture Clock : core_clk (RISE)                                                                                                                        
Slack         : 2.106 (required time - arrival time)                                                                                                   
Delay         : 0.201                                                                                                                                  

Logic Level             : 0
Non-global nets on path : 1
Global nets on path     : 0

Launch Clock Path Delay        : 1.858
+ Clock To Q + Data Path Delay : 0.317
--------------------------------------
End-of-path arrival time       : 2.175

Constraint                     : 2.604
+ Capture Clock Path Delay     : 1.787
- Clock Uncertainty            : 0.110
--------------------------------------
End-of-path required time      : 4.281

Launch Clock Path
                                                           name                                                              model name   delay (ns)  cumulative delay (ns) pins on net    location
=====================================================================================================================================================================================================
tac_clk                                                                                                                        inpad        0.000             0.000               0        (111,0) 
tac_clk                                                                                                                        inpad        0.110             0.110             331        (111,0) 
tac_clk                                                                                                                        net          1.748             1.858             331        (111,0) 
   Routing elements:
      Manhattan distance of X:43, Y:19
ddr3_ctl_axi/u_efx_ddr3_soft_controller/genblk1.inst_ddr3_axi/inst_efx_ddr3/top_mc/fifo_rdpush/pushCC_pushPtrGray[2]~FF|CLK    ff           0.000             1.858             331        (154,19)

Data Path
                                                                 name                                                                    model name   delay (ns)  cumulative delay (ns) pins on net    location
=================================================================================================================================================================================================================
ddr3_ctl_axi/u_efx_ddr3_soft_controller/genblk1.inst_ddr3_axi/inst_efx_ddr3/top_mc/fifo_rdpush/pushCC_pushPtrGray[2]~FF|Q                   ff          0.113             0.113              3         (154,19)
ddr3_ctl_axi/u_efx_ddr3_soft_controller/genblk1.inst_ddr3_axi/inst_efx_ddr3/top_mc/fifo_rdpush/pushCC_pushPtrGray[2]                        net         0.201             0.314              3         (154,19)
   Routing elements:
      Manhattan distance of X:5, Y:0
ddr3_ctl_axi/u_efx_ddr3_soft_controller/genblk1.inst_ddr3_axi/inst_efx_ddr3/top_mc/fifo_rdpush/pushToPopGray_buffercc/buffers_0[2]~FF|D     ff          0.003             0.317              3         (159,19)

Capture Clock Path
                                                                  name                                                                     model name   delay (ns)  cumulative delay (ns) pins on net    location
===================================================================================================================================================================================================================
core_clk                                                                                                                                     inpad        0.000             0.000               0       (219,164)
core_clk                                                                                                                                     inpad        0.110             0.110             831       (219,164)
core_clk                                                                                                                                     net          1.677             1.787             831       (219,164)
   Routing elements:
      Manhattan distance of X:60, Y:145
ddr3_ctl_axi/u_efx_ddr3_soft_controller/genblk1.inst_ddr3_axi/inst_efx_ddr3/top_mc/fifo_rdpush/pushToPopGray_buffercc/buffers_0[2]~FF|CLK    ff           0.000             1.787             831       (159,19) 

################################################################################
Path Detail Report (tac_clk vs tac_clk)
################################################################################


++++ Path 1 ++++++++++++++++++++++++++++++++++++++++++++++++++++++++++++++++++++

Path Begin    : i_dqs_lo[1]                                                                                                       
Path End      : ddr3_ctl_axi/u_efx_ddr3_soft_controller/genblk1.inst_ddr3_axi/inst_efx_ddr3/top_mc/controller_main/dq_buf[25]~FF|D
Launch Clock  : tac_clk (RISE)                                                                                                    
Capture Clock : tac_clk (RISE)                                                                                                    
Slack         : 0.580 (required time - arrival time)                                                                              
Delay         : 1.006                                                                                                             

Logic Level             : 2
Non-global nets on path : 2
Global nets on path     : 0

Launch Clock Path Delay        : 1.849
+ Clock To Q + Data Path Delay : 1.009
+ Input Delay                  : 0.914
--------------------------------------
End-of-path arrival time       : 3.772

Constraint                     : 2.604
+ Capture Clock Path Delay     : 1.858
- Clock Uncertainty            : 0.110
--------------------------------------
End-of-path required time      : 4.352

Launch Clock Path
       name          model name   delay (ns)  cumulative delay (ns) pins on net    location
=============================================================================================
tac_clk                inpad        0.000             0.000               0        (111,0)
tac_clk                inpad        0.110             0.110             331        (111,0)
tac_clk                net          1.695             1.805             331        (111,0)
   Routing elements:
      Manhattan distance of X:81, Y:0
tac_clk~CLKOUT~30~1    outpad       0.044             1.849             331        (30,0) 
tac_clk~CLKOUT~30~1    outpad       0.000             1.849               0        (30,0) 

Data Path
                                                       name                                                         model name   delay (ns)  cumulative delay (ns) pins on net    location
============================================================================================================================================================================================
i_dqs_lo[1]                                                                                                           inpad        0.110             0.110               0         (29,0)
i_dqs_lo[1]                                                                                                           inpad        0.000             0.110               3         (29,0)
i_dqs_lo[1]                                                                                                           net          0.427             0.537               3         (29,0)
   Routing elements:
      Manhattan distance of X:12, Y:5
LUT__28490|in[1]                                                                                                      lut          0.054             0.591               3         (41,5)
LUT__28490|out                                                                                                        lut          0.000             0.591              17         (41,5)
n12089                                                                                                                net          0.361             0.952              17         (41,5)
   Routing elements:
      Manhattan distance of X:3, Y:2
LUT__28508|in[0]                                                                                                      lut          0.054             1.006              17         (44,3)
LUT__28508|out                                                                                                        lut          0.000             1.006               2         (44,3)
ddr3_ctl_axi/u_efx_ddr3_soft_controller/genblk1.inst_ddr3_axi/inst_efx_ddr3/top_mc/controller_main/dq_buf[25]~FF|D    ff           0.003             1.009               2         (44,3)

Capture Clock Path
                                                        name                                                          model name   delay (ns)  cumulative delay (ns) pins on net    location
==============================================================================================================================================================================================
tac_clk                                                                                                                 inpad        0.000             0.000               0        (111,0)
tac_clk                                                                                                                 inpad        0.110             0.110             331        (111,0)
tac_clk                                                                                                                 net          1.748             1.858             331        (111,0)
   Routing elements:
      Manhattan distance of X:67, Y:3
ddr3_ctl_axi/u_efx_ddr3_soft_controller/genblk1.inst_ddr3_axi/inst_efx_ddr3/top_mc/controller_main/dq_buf[25]~FF|CLK    ff           0.000             1.858             331        (44,3) 

################################################################################
Path Detail Report (twd_clk vs twd_clk)
################################################################################


++++ Path 1 ++++++++++++++++++++++++++++++++++++++++++++++++++++++++++++++++++++

Path Begin    : ddr3_ctl_axi/u_efx_ddr3_soft_controller/genblk1.inst_ddr3_axi/inst_efx_ddr3/top_mc/fifo_wr/popCC_popPtrGray[4]~FF|CLK
Path End      : ddr3_ctl_axi/u_efx_ddr3_soft_controller/genblk1.inst_ddr3_axi/inst_efx_ddr3/top_mc/fifo_wr/ram__D$d12|RADDR[1]       
Launch Clock  : twd_clk (RISE)                                                                                                       
Capture Clock : twd_clk (RISE)                                                                                                       
Slack         : 0.507 (required time - arrival time)                                                                                 
Delay         : 1.846                                                                                                                

Logic Level             : 5
Non-global nets on path : 6
Global nets on path     : 0

Launch Clock Path Delay        : 1.865
+ Clock To Q + Data Path Delay : 1.987
--------------------------------------
End-of-path arrival time       : 3.852

Constraint                     : 2.604
+ Capture Clock Path Delay     : 1.865
- Clock Uncertainty            : 0.110
--------------------------------------
End-of-path required time      : 4.359

Launch Clock Path
                                                        name                                                           model name   delay (ns)  cumulative delay (ns) pins on net    location
===============================================================================================================================================================================================
twd_clk                                                                                                                  inpad        0.000             0.000               0       (219,159)
twd_clk                                                                                                                  inpad        0.110             0.110             429       (219,159)
twd_clk                                                                                                                  net          1.755             1.865             429       (219,159)
   Routing elements:
      Manhattan distance of X:166, Y:150
ddr3_ctl_axi/u_efx_ddr3_soft_controller/genblk1.inst_ddr3_axi/inst_efx_ddr3/top_mc/fifo_wr/popCC_popPtrGray[4]~FF|CLK    ff           0.000             1.865             429       (53,9)   

Data Path
                                                       name                                                          model name   delay (ns)  cumulative delay (ns) pins on net    location
=============================================================================================================================================================================================
ddr3_ctl_axi/u_efx_ddr3_soft_controller/genblk1.inst_ddr3_axi/inst_efx_ddr3/top_mc/fifo_wr/popCC_popPtrGray[4]~FF|Q ff              0.113             0.113               3        (53,9) 
ddr3_ctl_axi/u_efx_ddr3_soft_controller/genblk1.inst_ddr3_axi/inst_efx_ddr3/top_mc/fifo_wr/popCC_popPtrGray[4]      net             0.536             0.649               3        (53,9) 
   Routing elements:
      Manhattan distance of X:18, Y:24
LUT__27322|in[3]                                                                                                    lut             0.054             0.703               3        (71,33)
LUT__27322|out                                                                                                      lut             0.000             0.703               2        (71,33)
n11609                                                                                                              net             0.167             0.870               2        (71,33)
   Routing elements:
      Manhattan distance of X:0, Y:6
LUT__27323|in[2]                                                                                                    lut             0.054             0.924               2        (71,27)
LUT__27323|out                                                                                                      lut             0.000             0.924               2        (71,27)
n11610                                                                                                              net             0.053             0.977               2        (71,27)
   Routing elements:
      Manhattan distance of X:0, Y:1
LUT__27326|in[0]                                                                                                    lut             0.054             1.031               2        (71,26)
LUT__27326|out                                                                                                      lut             0.000             1.031               3        (71,26)
ddr3_ctl_axi/u_efx_ddr3_soft_controller/genblk1.inst_ddr3_axi/inst_efx_ddr3/top_mc/w_wr_fifo_rd_empty               net             0.053             1.084               2        (71,26)
   Routing elements:
      Manhattan distance of X:0, Y:1
LUT__27410|in[0]                                                                                                    lut             0.054             1.138               3        (71,25)
LUT__27410|out                                                                                                      lut             0.000             1.138              20        (71,25)
ddr3_ctl_axi/u_efx_ddr3_soft_controller/genblk1.inst_ddr3_axi/inst_efx_ddr3/top_mc/fifo_wr/n548                     net             0.267             1.405              20        (71,25)
   Routing elements:
      Manhattan distance of X:10, Y:3
LUT__27414|in[2]                                                                                                    lut             0.054             1.459              20        (61,22)
LUT__27414|out                                                                                                      lut             0.000             1.459               9        (61,22)
ddr3_ctl_axi/u_efx_ddr3_soft_controller/genblk1.inst_ddr3_axi/inst_efx_ddr3/top_mc/fifo_wr/_zz_8[2]                 net             0.500             1.959               9        (61,22)
   Routing elements:
      Manhattan distance of X:11, Y:20
ddr3_ctl_axi/u_efx_ddr3_soft_controller/genblk1.inst_ddr3_axi/inst_efx_ddr3/top_mc/fifo_wr/ram__D$d12|RADDR[1]      ram_8192x20     0.028             1.987               9        (72,42)

Capture Clock Path
                                                   name                                                     model name   delay (ns)  cumulative delay (ns) pins on net    location
====================================================================================================================================================================================
twd_clk                                                                                                    inpad           0.000             0.000               0       (219,159)
twd_clk                                                                                                    inpad           0.110             0.110             429       (219,159)
twd_clk                                                                                                    net             1.755             1.865             429       (219,159)
   Routing elements:
      Manhattan distance of X:147, Y:117
ddr3_ctl_axi/u_efx_ddr3_soft_controller/genblk1.inst_ddr3_axi/inst_efx_ddr3/top_mc/fifo_wr/ram__D$d12|RCLK ram_8192x20     0.000             1.865             429       (72,42)  

################################################################################
Path Detail Report (clk_sys vs core_clk)
################################################################################


++++ Path 1 ++++++++++++++++++++++++++++++++++++++++++++++++++++++++++++++++++++

Path Begin    : rstn_sys~FF|CLK                                                                                                                                            
Path End      : ddr3_ctl_axi/u_efx_ddr3_soft_controller/genblk1.inst_ddr3_axi/inst_efx_ddr3/top_mc/rst_ctrl0/genblk1[3].genblk1.genblk1.inst_sysclk_rstn/r_srst_1P[2]~FF|SR
Launch Clock  : clk_sys (RISE)                                                                                                                                             
Capture Clock : core_clk (RISE)                                                                                                                                            
Slack         : 3.009 (required time - arrival time)                                                                                                                       
Delay         : 1.127                                                                                                                                                      

Logic Level             : 0
Non-global nets on path : 1
Global nets on path     : 0

Launch Clock Path Delay        : 1.837
+ Clock To Q + Data Path Delay : 1.331
--------------------------------------
End-of-path arrival time       : 3.168

Constraint                     : 4.390
+ Capture Clock Path Delay     : 1.787
- Clock Uncertainty            : 0.000
--------------------------------------
End-of-path required time      : 6.177

Launch Clock Path
     name        model name   delay (ns)  cumulative delay (ns) pins on net    location
=========================================================================================
clk_sys            inpad        0.000             0.000                0       (0,162) 
clk_sys            inpad        0.110             0.110             1411       (0,162) 
clk_sys            net          1.727             1.837             1411       (0,162) 
   Routing elements:
      Manhattan distance of X:177, Y:144
rstn_sys~FF|CLK    ff           0.000             1.837             1411       (177,18)

Data Path
                                                                           name                                                                              model name   delay (ns)  cumulative delay (ns) pins on net    location
=====================================================================================================================================================================================================================================
rstn_sys~FF|Q                                                                                                                                                   ff          0.113             0.113             237        (177,18)
rstn_sys                                                                                                                                                        net         1.127             1.240             237        (177,18)
   Routing elements:
      Manhattan distance of X:43, Y:38
ddr3_ctl_axi/u_efx_ddr3_soft_controller/genblk1.inst_ddr3_axi/inst_efx_ddr3/top_mc/rst_ctrl0/genblk1[3].genblk1.genblk1.inst_sysclk_rstn/r_srst_1P[2]~FF|SR     ff          0.091             1.331             237        (134,56)

Capture Clock Path
                                                                            name                                                                              model name   delay (ns)  cumulative delay (ns) pins on net    location
======================================================================================================================================================================================================================================
core_clk                                                                                                                                                        inpad        0.000             0.000               0       (219,164)
core_clk                                                                                                                                                        inpad        0.110             0.110             831       (219,164)
core_clk                                                                                                                                                        net          1.677             1.787             831       (219,164)
   Routing elements:
      Manhattan distance of X:85, Y:108
ddr3_ctl_axi/u_efx_ddr3_soft_controller/genblk1.inst_ddr3_axi/inst_efx_ddr3/top_mc/rst_ctrl0/genblk1[3].genblk1.genblk1.inst_sysclk_rstn/r_srst_1P[2]~FF|CLK    ff           0.000             1.787             831       (134,56) 

################################################################################
Path Detail Report (clk_sys vs clk_sys)
################################################################################


++++ Path 1 ++++++++++++++++++++++++++++++++++++++++++++++++++++++++++++++++++++

Path Begin    : ddr3_ctl_axi/u_efx_ddr3_soft_controller/genblk1.inst_ddr3_axi/inst_efx_ddr3/top_mc/fifo_wr/popToPushGray_buffercc_io_dataOut[6]~FF|CLK
Path End      : ddr3_ctl_axi/u_efx_ddr3_soft_controller/genblk1.inst_ddr3_axi/u_rd_addr_fifo/Data_Num[0]~FF|CE                                        
Launch Clock  : clk_sys (RISE)                                                                                                                        
Capture Clock : clk_sys (RISE)                                                                                                                        
Slack         : 4.108 (required time - arrival time)                                                                                                  
Delay         : 5.995                                                                                                                                 

Logic Level             : 16
Non-global nets on path : 17
Global nets on path     :  0

Launch Clock Path Delay        : 1.837
+ Clock To Q + Data Path Delay : 6.199
--------------------------------------
End-of-path arrival time       : 8.036

Constraint                     : 10.417
+ Capture Clock Path Delay     :  1.837
- Clock Uncertainty            :  0.110
---------------------------------------
End-of-path required time      : 12.144

Launch Clock Path
                                                                 name                                                                   model name   delay (ns)  cumulative delay (ns) pins on net    location
================================================================================================================================================================================================================
clk_sys                                                                                                                                   inpad        0.000             0.000                0       (0,162)
clk_sys                                                                                                                                   inpad        0.110             0.110             1411       (0,162)
clk_sys                                                                                                                                   net          1.727             1.837             1411       (0,162)
   Routing elements:
      Manhattan distance of X:98, Y:112
ddr3_ctl_axi/u_efx_ddr3_soft_controller/genblk1.inst_ddr3_axi/inst_efx_ddr3/top_mc/fifo_wr/popToPushGray_buffercc_io_dataOut[6]~FF|CLK    ff           0.000             1.837             1411       (98,50)

Data Path
                                                                name                                                                  model name   delay (ns)  cumulative delay (ns) pins on net    location
==============================================================================================================================================================================================================
ddr3_ctl_axi/u_efx_ddr3_soft_controller/genblk1.inst_ddr3_axi/inst_efx_ddr3/top_mc/fifo_wr/popToPushGray_buffercc_io_dataOut[6]~FF|Q    ff           0.113             0.113               4       (98,50)  
ddr3_ctl_axi/u_efx_ddr3_soft_controller/genblk1.inst_ddr3_axi/inst_efx_ddr3/top_mc/fifo_wr/popToPushGray_buffercc_io_dataOut[6]         net          0.624             0.737               4       (98,50)  
   Routing elements:
      Manhattan distance of X:21, Y:23
LUT__27477|in[1]                                                                                                                        lut          0.054             0.791               4       (77,27)  
LUT__27477|out                                                                                                                          lut          0.000             0.791               3       (77,27)  
ddr3_ctl_axi/u_efx_ddr3_soft_controller/genblk1.inst_ddr3_axi/inst_efx_ddr3/top_mc/fifo_wr/sub_31/n3                                    net          0.090             0.881               3       (77,27)  
   Routing elements:
      Manhattan distance of X:0, Y:1
LUT__27478|in[0]                                                                                                                        lut          0.054             0.935               3       (77,28)  
LUT__27478|out                                                                                                                          lut          0.000             0.935               3       (77,28)  
ddr3_ctl_axi/u_efx_ddr3_soft_controller/genblk1.inst_ddr3_axi/inst_efx_ddr3/top_mc/fifo_wr/sub_31/n4                                    net          0.090             1.025               3       (77,28)  
   Routing elements:
      Manhattan distance of X:0, Y:1
LUT__27479|in[0]                                                                                                                        lut          0.054             1.079               3       (77,29)  
LUT__27479|out                                                                                                                          lut          0.000             1.079               3       (77,29)  
ddr3_ctl_axi/u_efx_ddr3_soft_controller/genblk1.inst_ddr3_axi/inst_efx_ddr3/top_mc/fifo_wr/sub_31/n5                                    net          0.089             1.168               3       (77,29)  
   Routing elements:
      Manhattan distance of X:0, Y:1
LUT__27480|in[0]                                                                                                                        lut          0.054             1.222               3       (77,30)  
LUT__27480|out                                                                                                                          lut          0.000             1.222               3       (77,30)  
ddr3_ctl_axi/u_efx_ddr3_soft_controller/genblk1.inst_ddr3_axi/inst_efx_ddr3/top_mc/fifo_wr/sub_31/n6                                    net          0.265             1.487               3       (77,30)  
   Routing elements:
      Manhattan distance of X:3, Y:2
LUT__27481|in[0]                                                                                                                        lut          0.054             1.541               3       (74,32)  
LUT__27481|out                                                                                                                          lut          0.000             1.541               3       (74,32)  
ddr3_ctl_axi/u_efx_ddr3_soft_controller/genblk1.inst_ddr3_axi/inst_efx_ddr3/top_mc/fifo_wr/sub_31/n7                                    net          0.161             1.702               3       (74,32)  
   Routing elements:
      Manhattan distance of X:2, Y:0
LUT__27482|in[0]                                                                                                                        lut          0.054             1.756               3       (76,32)  
LUT__27482|out                                                                                                                          lut          0.000             1.756               2       (76,32)  
ddr3_ctl_axi/u_efx_ddr3_soft_controller/genblk1.inst_ddr3_axi/inst_efx_ddr3/top_mc/fifo_wr/sub_31/n8                                    net          0.184             1.940               2       (76,32)  
   Routing elements:
      Manhattan distance of X:1, Y:0
ddr3_ctl_axi/u_efx_ddr3_soft_controller/genblk1.inst_ddr3_axi/inst_efx_ddr3/top_mc/fifo_wr/sub_31/add_2/i1|I1                           adder        0.050             1.990               2       (77,32)  
ddr3_ctl_axi/u_efx_ddr3_soft_controller/genblk1.inst_ddr3_axi/inst_efx_ddr3/top_mc/fifo_wr/sub_31/add_2/i1|CO                           adder        0.000             1.990               2       (77,32)  
ddr3_ctl_axi/u_efx_ddr3_soft_controller/genblk1.inst_ddr3_axi/inst_efx_ddr3/top_mc/fifo_wr/sub_31/add_2/n2                              net          0.000             1.990               2       (77,32)  
   Routing elements:
      Manhattan distance of X:0, Y:1
ddr3_ctl_axi/u_efx_ddr3_soft_controller/genblk1.inst_ddr3_axi/inst_efx_ddr3/top_mc/fifo_wr/sub_31/add_2/i2|CI                           adder        0.021             2.011               2       (77,33)  
ddr3_ctl_axi/u_efx_ddr3_soft_controller/genblk1.inst_ddr3_axi/inst_efx_ddr3/top_mc/fifo_wr/sub_31/add_2/i2|CO                           adder        0.000             2.011               2       (77,33)  
ddr3_ctl_axi/u_efx_ddr3_soft_controller/genblk1.inst_ddr3_axi/inst_efx_ddr3/top_mc/fifo_wr/sub_31/add_2/n4                              net          0.000             2.011               2       (77,33)  
   Routing elements:
      Manhattan distance of X:0, Y:1
ddr3_ctl_axi/u_efx_ddr3_soft_controller/genblk1.inst_ddr3_axi/inst_efx_ddr3/top_mc/fifo_wr/sub_31/add_2/i3|CI                           adder        0.021             2.032               2       (77,34)  
ddr3_ctl_axi/u_efx_ddr3_soft_controller/genblk1.inst_ddr3_axi/inst_efx_ddr3/top_mc/fifo_wr/sub_31/add_2/i3|CO                           adder        0.000             2.032               2       (77,34)  
ddr3_ctl_axi/u_efx_ddr3_soft_controller/genblk1.inst_ddr3_axi/inst_efx_ddr3/top_mc/fifo_wr/sub_31/add_2/n6                              net          0.000             2.032               2       (77,34)  
   Routing elements:
      Manhattan distance of X:0, Y:1
ddr3_ctl_axi/u_efx_ddr3_soft_controller/genblk1.inst_ddr3_axi/inst_efx_ddr3/top_mc/fifo_wr/sub_31/add_2/i4|CI                           adder        0.021             2.053               2       (77,35)  
ddr3_ctl_axi/u_efx_ddr3_soft_controller/genblk1.inst_ddr3_axi/inst_efx_ddr3/top_mc/fifo_wr/sub_31/add_2/i4|CO                           adder        0.000             2.053               2       (77,35)  
ddr3_ctl_axi/u_efx_ddr3_soft_controller/genblk1.inst_ddr3_axi/inst_efx_ddr3/top_mc/fifo_wr/sub_31/add_2/n8                              net          0.000             2.053               2       (77,35)  
   Routing elements:
      Manhattan distance of X:0, Y:1
ddr3_ctl_axi/u_efx_ddr3_soft_controller/genblk1.inst_ddr3_axi/inst_efx_ddr3/top_mc/fifo_wr/sub_31/add_2/i5|CI                           adder        0.084             2.137               2       (77,36)  
ddr3_ctl_axi/u_efx_ddr3_soft_controller/genblk1.inst_ddr3_axi/inst_efx_ddr3/top_mc/fifo_wr/sub_31/add_2/i5|O                            adder        0.000             2.137               2       (77,36)  
ddr3_ctl_axi/u_efx_ddr3_soft_controller/genblk1.inst_ddr3_axi/inst_efx_ddr3/top_mc/fifo_wr_io_pushOccupancy[4]                          net          0.264             2.401               2       (77,36)  
   Routing elements:
      Manhattan distance of X:0, Y:5
LUT__26416|in[1]                                                                                                                        lut          0.054             2.455               2       (77,41)  
LUT__26416|out                                                                                                                          lut          0.000             2.455               2       (77,41)  
n11091                                                                                                                                  net          0.750             3.205               2       (77,41)  
   Routing elements:
      Manhattan distance of X:47, Y:62
LUT__26417|in[1]                                                                                                                        lut          0.054             3.259               2       (124,103)
LUT__26417|out                                                                                                                          lut          0.000             3.259              20       (124,103)
n11092                                                                                                                                  net          0.509             3.768              20       (124,103)
   Routing elements:
      Manhattan distance of X:13, Y:26
LUT__26493|in[1]                                                                                                                        lut          0.054             3.822              20       (137,77) 
LUT__26493|out                                                                                                                          lut          0.000             3.822               6       (137,77) 
n11154                                                                                                                                  net          0.201             4.023               6       (137,77) 
   Routing elements:
      Manhattan distance of X:7, Y:5
LUT__26846|in[2]                                                                                                                        lut          0.054             4.077               6       (130,82) 
LUT__26846|out                                                                                                                          lut          0.000             4.077             190       (130,82) 
ddr3_ctl_axi/u_efx_ddr3_soft_controller/genblk1.inst_ddr3_axi/inst_arburst_fifo/Fifo_Wr_En                                              net          0.998             5.075             190       (130,82) 
   Routing elements:
      Manhattan distance of X:64, Y:0
LUT__26878|in[0]                                                                                                                        lut          0.054             5.129             190       (194,82) 
LUT__26878|out                                                                                                                          lut          0.000             5.129               7       (194,82) 
ceg_net616                                                                                                                              net          0.979             6.108               7       (194,82) 
   Routing elements:
      Manhattan distance of X:2, Y:0
ddr3_ctl_axi/u_efx_ddr3_soft_controller/genblk1.inst_ddr3_axi/u_rd_addr_fifo/Data_Num[0]~FF|CE                                          ff           0.091             6.199               7       (192,82) 

Capture Clock Path
                                             name                                                model name   delay (ns)  cumulative delay (ns) pins on net    location
=========================================================================================================================================================================
clk_sys                                                                                            inpad        0.000             0.000                0       (0,162) 
clk_sys                                                                                            inpad        0.110             0.110             1411       (0,162) 
clk_sys                                                                                            net          1.727             1.837             1411       (0,162) 
   Routing elements:
      Manhattan distance of X:192, Y:80
ddr3_ctl_axi/u_efx_ddr3_soft_controller/genblk1.inst_ddr3_axi/u_rd_addr_fifo/Data_Num[0]~FF|CLK    ff           0.000             1.837             1411       (192,82)

################################################################################
Path Detail Report (clk_pixel vs clk_pixel)
################################################################################


++++ Path 1 ++++++++++++++++++++++++++++++++++++++++++++++++++++++++++++++++++++

Path Begin    : lcd_de~FF|CLK                       
Path End      : sobel_rgb[0]~FF|D                   
Launch Clock  : clk_pixel (RISE)                    
Capture Clock : clk_pixel (RISE)                    
Slack         : 7.155 (required time - arrival time)
Delay         : 6.060                               

Logic Level             : 25
Non-global nets on path : 25
Global nets on path     :  0

Launch Clock Path Delay        : 1.829
+ Clock To Q + Data Path Delay : 6.176
--------------------------------------
End-of-path arrival time       : 8.005

Constraint                     : 13.441
+ Capture Clock Path Delay     :  1.829
- Clock Uncertainty            :  0.110
---------------------------------------
End-of-path required time      : 15.160

Launch Clock Path
    name       model name   delay (ns)  cumulative delay (ns) pins on net    location
=======================================================================================
clk_pixel        inpad        0.000             0.000                0      (0,159)  
clk_pixel        inpad        0.110             0.110             2841      (0,159)  
clk_pixel        net          1.719             1.829             2841      (0,159)  
   Routing elements:
      Manhattan distance of X:105, Y:58
lcd_de~FF|CLK    ff           0.000             1.829             2841      (105,101)

Data Path
            name              model name   delay (ns)  cumulative delay (ns) pins on net    location
======================================================================================================
lcd_de~FF|Q                     ff           0.113             0.113             2690      (105,101)
lcd_de                          net          0.760             0.873             2690      (105,101)
   Routing elements:
      Manhattan distance of X:21, Y:52
LUT__30044|in[0]                lut          0.055             0.928             2690      (126,49) 
LUT__30044|out                  lut          0.000             0.928                2      (126,49) 
lcd_red[5]                      net          0.575             1.503                2      (126,49) 
   Routing elements:
      Manhattan distance of X:16, Y:18
u_sobel_stream/add_3/i4|I0      adder        0.045             1.548                2      (110,67) 
u_sobel_stream/add_3/i4|CO      adder        0.000             1.548                2      (110,67) 
u_sobel_stream/add_3/n8         net          0.000             1.548                2      (110,67) 
   Routing elements:
      Manhattan distance of X:0, Y:1
u_sobel_stream/add_3/i5|CI      adder        0.021             1.569                2      (110,68) 
u_sobel_stream/add_3/i5|CO      adder        0.000             1.569                2      (110,68) 
u_sobel_stream/add_3/n10        net          0.000             1.569                2      (110,68) 
   Routing elements:
      Manhattan distance of X:0, Y:1
u_sobel_stream/add_3/i6|CI      adder        0.084             1.653                2      (110,69) 
u_sobel_stream/add_3/i6|O       adder        0.000             1.653                2      (110,69) 
u_sobel_stream/n7               net          0.296             1.949                2      (110,69) 
   Routing elements:
      Manhattan distance of X:2, Y:0
u_sobel_stream/add_4/i6|I0      adder        0.020             1.969                2      (108,69) 
u_sobel_stream/add_4/i6|CO      adder        0.000             1.969                2      (108,69) 
u_sobel_stream/add_4/n12        net          0.000             1.969                2      (108,69) 
   Routing elements:
      Manhattan distance of X:0, Y:1
u_sobel_stream/add_4/i7|CI      adder        0.084             2.053                2      (108,70) 
u_sobel_stream/add_4/i7|O       adder        0.000             2.053                5      (108,70) 
u_sobel_stream/gray_sum[6]      net          0.568             2.621                4      (108,70) 
   Routing elements:
      Manhattan distance of X:18, Y:6
u_sobel_stream/add_10/i7|I1     adder        0.048             2.669                5      (90,76)  
u_sobel_stream/add_10/i7|CO     adder        0.000             2.669                2      (90,76)  
u_sobel_stream/add_10/n14       net          0.000             2.669                2      (90,76)  
   Routing elements:
      Manhattan distance of X:0, Y:1
u_sobel_stream/add_10/i8|CI     adder        0.084             2.753                2      (90,77)  
u_sobel_stream/add_10/i8|O      adder        0.000             2.753                5      (90,77)  
u_sobel_stream/gx_pos[7]        net          0.616             3.369                5      (90,77)  
   Routing elements:
      Manhattan distance of X:5, Y:0
LUT__29948|in[0]                lut          0.054             3.423                5      (85,77)  
LUT__29948|out                  lut          0.000             3.423                2      (85,77)  
n12883                          net          0.053             3.476                2      (85,77)  
   Routing elements:
      Manhattan distance of X:0, Y:1
LUT__29949|in[2]                lut          0.054             3.530                2      (85,76)  
LUT__29949|out                  lut          0.000             3.530                2      (85,76)  
n12884                          net          0.267             3.797                2      (85,76)  
   Routing elements:
      Manhattan distance of X:0, Y:5
LUT__29958|in[1]                lut          0.054             3.851                2      (85,81)  
LUT__29958|out                  lut          0.000             3.851                5      (85,81)  
n12893                          net          0.292             4.143                5      (85,81)  
   Routing elements:
      Manhattan distance of X:4, Y:1
LUT__30015|in[0]                lut          0.054             4.197                5      (89,82)  
LUT__30015|out                  lut          0.000             4.197                9      (89,82)  
n12938                          net          0.502             4.699                9      (89,82)  
   Routing elements:
      Manhattan distance of X:3, Y:8
LUT__30030|in[2]                lut          0.054             4.753                9      (92,74)  
LUT__30030|out                  lut          0.000             4.753                2      (92,74)  
u_sobel_stream/gx_abs[2]        net          0.293             5.046                2      (92,74)  
   Routing elements:
      Manhattan distance of X:0, Y:6
u_sobel_stream/add_25/i3|I0     adder        0.045             5.091                2      (92,80)  
u_sobel_stream/add_25/i3|CO     adder        0.000             5.091                2      (92,80)  
u_sobel_stream/add_25/n6        net          0.000             5.091                2      (92,80)  
   Routing elements:
      Manhattan distance of X:0, Y:1
u_sobel_stream/add_25/i4|CI     adder        0.021             5.112                2      (92,81)  
u_sobel_stream/add_25/i4|CO     adder        0.000             5.112                2      (92,81)  
u_sobel_stream/add_25/n8        net          0.000             5.112                2      (92,81)  
   Routing elements:
      Manhattan distance of X:0, Y:1
u_sobel_stream/add_25/i5|CI     adder        0.021             5.133                2      (92,82)  
u_sobel_stream/add_25/i5|CO     adder        0.000             5.133                2      (92,82)  
u_sobel_stream/add_25/n10       net          0.000             5.133                2      (92,82)  
   Routing elements:
      Manhattan distance of X:0, Y:1
u_sobel_stream/add_25/i6|CI     adder        0.021             5.154                2      (92,83)  
u_sobel_stream/add_25/i6|CO     adder        0.000             5.154                2      (92,83)  
u_sobel_stream/add_25/n12       net          0.000             5.154                2      (92,83)  
   Routing elements:
      Manhattan distance of X:0, Y:1
u_sobel_stream/add_25/i7|CI     adder        0.021             5.175                2      (92,84)  
u_sobel_stream/add_25/i7|CO     adder        0.000             5.175                2      (92,84)  
u_sobel_stream/add_25/n14       net          0.000             5.175                2      (92,84)  
   Routing elements:
      Manhattan distance of X:0, Y:1
u_sobel_stream/add_25/i8|CI     adder        0.021             5.196                2      (92,85)  
u_sobel_stream/add_25/i8|CO     adder        0.000             5.196                2      (92,85)  
u_sobel_stream/add_25/n16       net          0.000             5.196                2      (92,85)  
   Routing elements:
      Manhattan distance of X:0, Y:1
u_sobel_stream/add_25/i9|CI     adder        0.021             5.217                2      (92,86)  
u_sobel_stream/add_25/i9|CO     adder        0.000             5.217                2      (92,86)  
u_sobel_stream/add_25/n18       net          0.000             5.217                2      (92,86)  
   Routing elements:
      Manhattan distance of X:0, Y:1
u_sobel_stream/add_25/i10|CI    adder        0.084             5.301                2      (92,87)  
u_sobel_stream/add_25/i10|O     adder        0.000             5.301                2      (92,87)  
u_sobel_stream/magnitude[9]     net          0.204             5.505                2      (92,87)  
   Routing elements:
      Manhattan distance of X:0, Y:2
LUT__29983|in[0]                lut          0.054             5.559                2      (92,89)  
LUT__29983|out                  lut          0.000             5.559                2      (92,89)  
n12915                          net          0.173             5.732                2      (92,89)  
   Routing elements:
      Manhattan distance of X:0, Y:1
LUT__29984|in[3]                lut          0.054             5.786                2      (92,90)  
LUT__29984|out                  lut          0.000             5.786                2      (92,90)  
n12916                          net          0.083             5.869                2      (92,90)  
   Routing elements:
      Manhattan distance of X:0, Y:3
LUT__29989|in[0]                lut          0.054             5.923                2      (92,93)  
LUT__29989|out                  lut          0.000             5.923                2      (92,93)  
n12921                          net          0.196             6.119                2      (92,93)  
   Routing elements:
      Manhattan distance of X:6, Y:0
LUT__29991|in[1]                lut          0.054             6.173                2      (98,93)  
LUT__29991|out                  lut          0.000             6.173                2      (98,93)  
sobel_rgb[0]~FF|D               ff           0.003             6.176                2      (98,93)  

Capture Clock Path
       name          model name   delay (ns)  cumulative delay (ns) pins on net    location
=============================================================================================
clk_pixel              inpad        0.000             0.000                0       (0,159)
clk_pixel              inpad        0.110             0.110             2841       (0,159)
clk_pixel              net          1.719             1.829             2841       (0,159)
   Routing elements:
      Manhattan distance of X:98, Y:66
sobel_rgb[0]~FF|CLK    ff           0.000             1.829             2841       (98,93)

################################################################################
Path Detail Report (cmos_pclk vs cmos_pclk)
################################################################################


++++ Path 1 ++++++++++++++++++++++++++++++++++++++++++++++++++++++++++++++++++++

Path Begin    : r_XYCrop_frame_de~FF|CLK                                                        
Path End      : u_axi4_ctrl/Gen_FIFO_W8.u_W0_FIFO_8/u_efx_fifo_top/xefx_fifo_ram/ram__D$12|WE[0]
Launch Clock  : cmos_pclk (RISE)                                                                
Capture Clock : cmos_pclk (RISE)                                                                
Slack         : 7.263 (required time - arrival time)                                            
Delay         : 2.435                                                                           

Logic Level             : 2
Non-global nets on path : 3
Global nets on path     : 0

Launch Clock Path Delay        : 1.811
+ Clock To Q + Data Path Delay : 2.627
--------------------------------------
End-of-path arrival time       : 4.438

Constraint                     : 10.000
+ Capture Clock Path Delay     :  1.811
- Clock Uncertainty            :  0.110
---------------------------------------
End-of-path required time      : 11.701

Launch Clock Path
          name            model name   delay (ns)  cumulative delay (ns) pins on net    location
==================================================================================================
cmos_pclk                   inpad        0.000             0.000               0       (111,323)
cmos_pclk                   inpad        0.110             0.110             137       (111,323)
cmos_pclk                   net          1.701             1.811             137       (111,323)
   Routing elements:
      Manhattan distance of X:16, Y:23
r_XYCrop_frame_de~FF|CLK    ff           0.000             1.811             137       (95,300) 

Data Path
                                      name                                        model name   delay (ns)  cumulative delay (ns) pins on net    location
==========================================================================================================================================================
r_XYCrop_frame_de~FF|Q                                                           ff              0.113             0.113               2        (95,300)
r_XYCrop_frame_de                                                                net             0.134             0.247               2        (95,300)
   Routing elements:
      Manhattan distance of X:0, Y:1
LUT__26361|in[1]                                                                 lut             0.054             0.301               2        (95,299)
LUT__26361|out                                                                   lut             0.000             0.301               3        (95,299)
led_o[3]                                                                         net             1.190             1.491               3        (95,299)
   Routing elements:
      Manhattan distance of X:18, Y:249
LUT__29746|in[2]                                                                 lut             0.054             1.545               3        (77,50) 
LUT__29746|out                                                                   lut             0.000             1.545              23        (77,50) 
u_axi4_ctrl/Gen_FIFO_W8.u_W0_FIFO_8/u_efx_fifo_top/wr_en_int                     net             1.003             2.548              23        (77,50) 
   Routing elements:
      Manhattan distance of X:44, Y:28
u_axi4_ctrl/Gen_FIFO_W8.u_W0_FIFO_8/u_efx_fifo_top/xefx_fifo_ram/ram__D$12|WE[0] ram_8192x20     0.079             2.627              23        (33,22) 

Capture Clock Path
                                     name                                        model name   delay (ns)  cumulative delay (ns) pins on net    location
=========================================================================================================================================================
cmos_pclk                                                                       inpad           0.000             0.000               0       (111,323)
cmos_pclk                                                                       inpad           0.110             0.110             137       (111,323)
cmos_pclk                                                                       net             1.701             1.811             137       (111,323)
   Routing elements:
      Manhattan distance of X:78, Y:301
u_axi4_ctrl/Gen_FIFO_W8.u_W0_FIFO_8/u_efx_fifo_top/xefx_fifo_ram/ram__D$12|WCLK ram_8192x20     0.000             1.811             137       (33,22)  

################################################################################
Path Detail Report (cmos_pclk vs cmos_pclk)
################################################################################


++++ Path 1 ++++++++++++++++++++++++++++++++++++++++++++++++++++++++++++++++++++

Path Begin    : cmos_href                                 
Path End      : u_Sensor_Image_XYCrop/image_ypos[10]~FF|CE
Launch Clock  : cmos_pclk (FALL)                          
Capture Clock : cmos_pclk (RISE)                          
Slack         : 1.962 (required time - arrival time)      
Delay         : 1.655                                     

Logic Level             : 1
Non-global nets on path : 2
Global nets on path     : 0

Launch Clock Path Delay        : 1.802
+ Clock To Q + Data Path Delay : 1.746
+ Input Delay                  : 1.191
--------------------------------------
End-of-path arrival time       : 4.739

Constraint                     : 5.000
+ Capture Clock Path Delay     : 1.811
- Clock Uncertainty            : 0.110
--------------------------------------
End-of-path required time      : 6.701

Launch Clock Path
          name            model name   delay (ns)  cumulative delay (ns) pins on net    location
==================================================================================================
cmos_pclk                   inpad        0.000             0.000               0       (111,323)
cmos_pclk                   inpad        0.110             0.110             137       (111,323)
cmos_pclk                   net          1.648             1.758             137       (111,323)
   Routing elements:
      Manhattan distance of X:105, Y:0
cmos_pclk~CLKOUT~216~322    outpad       0.044             1.802             137       (216,323)
cmos_pclk~CLKOUT~216~322    outpad       0.000             1.802               0       (216,323)

Data Path
                   name                     model name   delay (ns)  cumulative delay (ns) pins on net    location
====================================================================================================================
cmos_href                                     inpad        0.110             0.110               0       (219,321)
cmos_href                                     inpad        0.000             0.110              17       (219,321)
cmos_href                                     net          0.880             0.990              17       (219,321)
   Routing elements:
      Manhattan distance of X:124, Y:8
LUT__29643|in[0]                              lut          0.054             1.044              17       (95,313) 
LUT__29643|out                                lut          0.000             1.044              13       (95,313) 
ceg_net594                                    net          0.611             1.655              13       (95,313) 
   Routing elements:
      Manhattan distance of X:0, Y:2
u_Sensor_Image_XYCrop/image_ypos[10]~FF|CE    ff           0.091             1.746              13       (95,311) 

Capture Clock Path
                   name                      model name   delay (ns)  cumulative delay (ns) pins on net    location
=====================================================================================================================
cmos_pclk                                      inpad        0.000             0.000               0       (111,323)
cmos_pclk                                      inpad        0.110             0.110             137       (111,323)
cmos_pclk                                      net          1.701             1.811             137       (111,323)
   Routing elements:
      Manhattan distance of X:16, Y:12
u_Sensor_Image_XYCrop/image_ypos[10]~FF|CLK    ff           0.000             1.811             137       (95,311) 

---------- Path Details for Max Critical Paths (end) ---------------

---------- 4. Path Details for Min Critical Paths (begin) ----------

################################################################################
Path Detail Report (cmos_pclk vs cmos_pclk)
################################################################################


++++ Path 1 ++++++++++++++++++++++++++++++++++++++++++++++++++++++++++++++++++++

Path Begin    : XYCrop_frame_Gray[1]~FF|CLK         
Path End      : r_XYCrop_frame_Gray[1]~FF|D         
Launch Clock  : cmos_pclk (RISE)                    
Capture Clock : cmos_pclk (RISE)                    
Slack         : 0.014 (arrival time - required time)
Delay         : 0.107                               

Logic Level             : 0
Non-global nets on path : 1
Global nets on path     : 0

Launch Clock Path Delay        : 1.871
+ Clock To Q + Data Path Delay : 0.084
--------------------------------------
End-of-path arrival time       : 1.955

Constraint                     : 0.000
+ Capture Clock Path Delay     : 1.871
+ Clock Uncertainty            : 0.070
--------------------------------------
End-of-path required time      : 1.941

Launch Clock Path
           name              model name   delay (ns)  cumulative delay (ns) pins on net    location
=====================================================================================================
cmos_pclk                      inpad        0.000             0.000               0       (111,323)
cmos_pclk                      inpad        0.070             0.070             137       (111,323)
cmos_pclk                      net          1.801             1.871             137       (111,323)
   Routing elements:
      Manhattan distance of X:74, Y:302
XYCrop_frame_Gray[1]~FF|CLK    ff           0.000             1.871             137       (37,21)  

Data Path
           name              model name   delay (ns)  cumulative delay (ns) pins on net    location
=====================================================================================================
XYCrop_frame_Gray[1]~FF|Q       ff           0.072            0.072              2         (37,21)
XYCrop_frame_Gray[1]            net          0.107            0.179              2         (37,21)
   Routing elements:
      Manhattan distance of X:0, Y:1
r_XYCrop_frame_Gray[1]~FF|D     ff          -0.095            0.084              2         (37,22)

Capture Clock Path
            name               model name   delay (ns)  cumulative delay (ns) pins on net    location
=======================================================================================================
cmos_pclk                        inpad        0.000             0.000               0       (111,323)
cmos_pclk                        inpad        0.070             0.070             137       (111,323)
cmos_pclk                        net          1.801             1.871             137       (111,323)
   Routing elements:
      Manhattan distance of X:74, Y:301
r_XYCrop_frame_Gray[1]~FF|CLK    ff           0.000             1.871             137       (37,22)  

################################################################################
Path Detail Report (tdqss_clk vs tdqss_clk)
################################################################################


++++ Path 1 ++++++++++++++++++++++++++++++++++++++++++++++++++++++++++++++++++++

Path Begin    : ddr3_ctl_axi/u_efx_ddr3_soft_controller/genblk1.inst_ddr3_axi/inst_efx_ddr3/top_mc/ac_fifo/popCC_popPtr[4]~FF|CLK
Path End      : ddr3_ctl_axi/u_efx_ddr3_soft_controller/genblk1.inst_ddr3_axi/inst_efx_ddr3/top_mc/ac_fifo/popCC_popPtr[6]~FF|D  
Launch Clock  : tdqss_clk (RISE)                                                                                                 
Capture Clock : tdqss_clk (RISE)                                                                                                 
Slack         : 0.097 (arrival time - required time)                                                                             
Delay         : 0.095                                                                                                            

Logic Level             : 1
Non-global nets on path : 1
Global nets on path     : 0

Launch Clock Path Delay        : 1.194
+ Clock To Q + Data Path Delay : 0.167
--------------------------------------
End-of-path arrival time       : 1.361

Constraint                     : 0.000
+ Capture Clock Path Delay     : 1.194
+ Clock Uncertainty            : 0.070
--------------------------------------
End-of-path required time      : 1.264

Launch Clock Path
                                                      name                                                         model name   delay (ns)  cumulative delay (ns) pins on net    location
===========================================================================================================================================================================================
tdqss_clk                                                                                                            inpad        0.000             0.000               0        (110,0) 
tdqss_clk                                                                                                            inpad        0.070             0.070             146        (110,0) 
tdqss_clk                                                                                                            net          1.124             1.194             146        (110,0) 
   Routing elements:
      Manhattan distance of X:69, Y:47
ddr3_ctl_axi/u_efx_ddr3_soft_controller/genblk1.inst_ddr3_axi/inst_efx_ddr3/top_mc/ac_fifo/popCC_popPtr[4]~FF|CLK    ff           0.000             1.194             146        (179,47)

Data Path
                                                     name                                                        model name   delay (ns)  cumulative delay (ns) pins on net    location
=========================================================================================================================================================================================
ddr3_ctl_axi/u_efx_ddr3_soft_controller/genblk1.inst_ddr3_axi/inst_efx_ddr3/top_mc/ac_fifo/popCC_popPtr[4]~FF|Q     ff          0.072             0.072              7         (179,47)
ddr3_ctl_axi/u_efx_ddr3_soft_controller/genblk1.inst_ddr3_axi/inst_efx_ddr3/top_mc/ac_fifo/popCC_popPtr[4]          net         0.061             0.133              7         (179,47)
   Routing elements:
      Manhattan distance of X:0, Y:2
LUT__27799|in[1]                                                                                                    lut         0.034             0.167              7         (179,45)
LUT__27799|out                                                                                                      lut         0.000             0.167              3         (179,45)
ddr3_ctl_axi/u_efx_ddr3_soft_controller/genblk1.inst_ddr3_axi/inst_efx_ddr3/top_mc/ac_fifo/popCC_popPtr[6]~FF|D     ff          0.000             0.167              3         (179,45)

Capture Clock Path
                                                      name                                                         model name   delay (ns)  cumulative delay (ns) pins on net    location
===========================================================================================================================================================================================
tdqss_clk                                                                                                            inpad        0.000             0.000               0        (110,0) 
tdqss_clk                                                                                                            inpad        0.070             0.070             146        (110,0) 
tdqss_clk                                                                                                            net          1.124             1.194             146        (110,0) 
   Routing elements:
      Manhattan distance of X:69, Y:45
ddr3_ctl_axi/u_efx_ddr3_soft_controller/genblk1.inst_ddr3_axi/inst_efx_ddr3/top_mc/ac_fifo/popCC_popPtr[6]~FF|CLK    ff           0.000             1.194             146        (179,45)

################################################################################
Path Detail Report (tdqss_clk vs core_clk)
################################################################################


++++ Path 1 ++++++++++++++++++++++++++++++++++++++++++++++++++++++++++++++++++++

Path Begin    : ddr3_ctl_axi/u_efx_ddr3_soft_controller/genblk1.inst_ddr3_axi/inst_efx_ddr3/top_mc/controller_main/bram_u1/u_efx_fifo_top/xefx_fifo_ctl/async_clk.raddr_cntr_gry_r[4]~FF|CLK           
Path End      : ddr3_ctl_axi/u_efx_ddr3_soft_controller/genblk1.inst_ddr3_axi/inst_efx_ddr3/top_mc/controller_main/bram_u1/u_efx_fifo_top/xefx_fifo_ctl/async_clk.xrd2wr_addr_sync/async_reg[0][4]~FF|D
Launch Clock  : tdqss_clk (RISE)                                                                                                                                                                       
Capture Clock : core_clk (RISE)                                                                                                                                                                        
Slack         : 0.153 (arrival time - required time)                                                                                                                                                   
Delay         : 0.114                                                                                                                                                                                  

Logic Level             : 0
Non-global nets on path : 1
Global nets on path     : 0

Launch Clock Path Delay        : 1.194
+ Clock To Q + Data Path Delay : 0.186
--------------------------------------
End-of-path arrival time       : 1.380

Constraint                     : 0.000
+ Capture Clock Path Delay     : 1.157
+ Clock Uncertainty            : 0.070
--------------------------------------
End-of-path required time      : 1.227

Launch Clock Path
                                                                                    name                                                                                      model name   delay (ns)  cumulative delay (ns) pins on net    location
======================================================================================================================================================================================================================================================
tdqss_clk                                                                                                                                                                       inpad        0.000             0.000               0        (110,0) 
tdqss_clk                                                                                                                                                                       inpad        0.070             0.070             146        (110,0) 
tdqss_clk                                                                                                                                                                       net          1.124             1.194             146        (110,0) 
   Routing elements:
      Manhattan distance of X:94, Y:46
ddr3_ctl_axi/u_efx_ddr3_soft_controller/genblk1.inst_ddr3_axi/inst_efx_ddr3/top_mc/controller_main/bram_u1/u_efx_fifo_top/xefx_fifo_ctl/async_clk.raddr_cntr_gry_r[4]~FF|CLK    ff           0.000             1.194             146        (204,46)

Data Path
                                                                                         name                                                                                            model name   delay (ns)  cumulative delay (ns) pins on net    location
=================================================================================================================================================================================================================================================================
ddr3_ctl_axi/u_efx_ddr3_soft_controller/genblk1.inst_ddr3_axi/inst_efx_ddr3/top_mc/controller_main/bram_u1/u_efx_fifo_top/xefx_fifo_ctl/async_clk.raddr_cntr_gry_r[4]~FF|Q                  ff          0.072             0.072              2         (204,46)
ddr3_ctl_axi/u_efx_ddr3_soft_controller/genblk1.inst_ddr3_axi/inst_efx_ddr3/top_mc/controller_main/bram_u1/u_efx_fifo_top/xefx_fifo_ctl/async_clk.raddr_cntr_gry_r[4]                       net         0.114             0.186              2         (204,46)
   Routing elements:
      Manhattan distance of X:5, Y:0
ddr3_ctl_axi/u_efx_ddr3_soft_controller/genblk1.inst_ddr3_axi/inst_efx_ddr3/top_mc/controller_main/bram_u1/u_efx_fifo_top/xefx_fifo_ctl/async_clk.xrd2wr_addr_sync/async_reg[0][4]~FF|D     ff          0.000             0.186              2         (209,46)

Capture Clock Path
                                                                                          name                                                                                             model name   delay (ns)  cumulative delay (ns) pins on net    location
===================================================================================================================================================================================================================================================================
core_clk                                                                                                                                                                                     inpad        0.000             0.000               0       (219,164)
core_clk                                                                                                                                                                                     inpad        0.070             0.070             831       (219,164)
core_clk                                                                                                                                                                                     net          1.087             1.157             831       (219,164)
   Routing elements:
      Manhattan distance of X:10, Y:118
ddr3_ctl_axi/u_efx_ddr3_soft_controller/genblk1.inst_ddr3_axi/inst_efx_ddr3/top_mc/controller_main/bram_u1/u_efx_fifo_top/xefx_fifo_ctl/async_clk.xrd2wr_addr_sync/async_reg[0][4]~FF|CLK    ff           0.000             1.157             831       (209,46) 

################################################################################
Path Detail Report (core_clk vs tdqss_clk)
################################################################################


++++ Path 1 ++++++++++++++++++++++++++++++++++++++++++++++++++++++++++++++++++++

Path Begin    : ddr3_ctl_axi/u_efx_ddr3_soft_controller/genblk1.inst_ddr3_axi/inst_efx_ddr3/top_mc/ac_fifo/pushCC_pushPtrGray[4]~FF|CLK            
Path End      : ddr3_ctl_axi/u_efx_ddr3_soft_controller/genblk1.inst_ddr3_axi/inst_efx_ddr3/top_mc/ac_fifo/pushToPopGray_buffercc/buffers_0[4]~FF|D
Launch Clock  : core_clk (RISE)                                                                                                                    
Capture Clock : tdqss_clk (RISE)                                                                                                                   
Slack         : 0.079 (arrival time - required time)                                                                                               
Delay         : 0.114                                                                                                                              

Logic Level             : 0
Non-global nets on path : 1
Global nets on path     : 0

Launch Clock Path Delay        : 1.157
+ Clock To Q + Data Path Delay : 0.186
--------------------------------------
End-of-path arrival time       : 1.343

Constraint                     : 0.000
+ Capture Clock Path Delay     : 1.194
+ Clock Uncertainty            : 0.070
--------------------------------------
End-of-path required time      : 1.264

Launch Clock Path
                                                         name                                                            model name   delay (ns)  cumulative delay (ns) pins on net    location
=================================================================================================================================================================================================
core_clk                                                                                                                   inpad        0.000             0.000               0       (219,164)
core_clk                                                                                                                   inpad        0.070             0.070             831       (219,164)
core_clk                                                                                                                   net          1.087             1.157             831       (219,164)
   Routing elements:
      Manhattan distance of X:31, Y:102
ddr3_ctl_axi/u_efx_ddr3_soft_controller/genblk1.inst_ddr3_axi/inst_efx_ddr3/top_mc/ac_fifo/pushCC_pushPtrGray[4]~FF|CLK    ff           0.000             1.157             831       (188,62) 

Data Path
                                                               name                                                                  model name   delay (ns)  cumulative delay (ns) pins on net    location
=============================================================================================================================================================================================================
ddr3_ctl_axi/u_efx_ddr3_soft_controller/genblk1.inst_ddr3_axi/inst_efx_ddr3/top_mc/ac_fifo/pushCC_pushPtrGray[4]~FF|Q                   ff          0.072             0.072              3         (188,62)
ddr3_ctl_axi/u_efx_ddr3_soft_controller/genblk1.inst_ddr3_axi/inst_efx_ddr3/top_mc/ac_fifo/pushCC_pushPtrGray[4]                        net         0.114             0.186              3         (188,62)
   Routing elements:
      Manhattan distance of X:5, Y:0
ddr3_ctl_axi/u_efx_ddr3_soft_controller/genblk1.inst_ddr3_axi/inst_efx_ddr3/top_mc/ac_fifo/pushToPopGray_buffercc/buffers_0[4]~FF|D     ff          0.000             0.186              3         (193,62)

Capture Clock Path
                                                                name                                                                   model name   delay (ns)  cumulative delay (ns) pins on net    location
===============================================================================================================================================================================================================
tdqss_clk                                                                                                                                inpad        0.000             0.000               0        (110,0) 
tdqss_clk                                                                                                                                inpad        0.070             0.070             146        (110,0) 
tdqss_clk                                                                                                                                net          1.124             1.194             146        (110,0) 
   Routing elements:
      Manhattan distance of X:83, Y:62
ddr3_ctl_axi/u_efx_ddr3_soft_controller/genblk1.inst_ddr3_axi/inst_efx_ddr3/top_mc/ac_fifo/pushToPopGray_buffercc/buffers_0[4]~FF|CLK    ff           0.000             1.194             146        (193,62)

################################################################################
Path Detail Report (core_clk vs core_clk)
################################################################################


++++ Path 1 ++++++++++++++++++++++++++++++++++++++++++++++++++++++++++++++++++++

Path Begin    : ddr3_ctl_axi/u_efx_ddr3_soft_controller/genblk1.inst_ddr3_axi/inst_efx_ddr3/top_mc/controller_main/bram_u0/u_efx_fifo_top/waddr[3]~FF|CLK           
Path End      : ddr3_ctl_axi/u_efx_ddr3_soft_controller/genblk1.inst_ddr3_axi/inst_efx_ddr3/top_mc/controller_main/bram_u0/u_efx_fifo_top/xefx_fifo_ram/ram|WADDR[8]
Launch Clock  : core_clk (RISE)                                                                                                                                     
Capture Clock : core_clk (RISE)                                                                                                                                     
Slack         : 0.044 (arrival time - required time)                                                                                                                
Delay         : 0.135                                                                                                                                               

Logic Level             : 0
Non-global nets on path : 1
Global nets on path     : 0

Launch Clock Path Delay        : 1.157
+ Clock To Q + Data Path Delay : 0.114
--------------------------------------
End-of-path arrival time       : 1.271

Constraint                     : 0.000
+ Capture Clock Path Delay     : 1.157
+ Clock Uncertainty            : 0.070
--------------------------------------
End-of-path required time      : 1.227

Launch Clock Path
                                                                  name                                                                     model name   delay (ns)  cumulative delay (ns) pins on net    location
===================================================================================================================================================================================================================
core_clk                                                                                                                                     inpad        0.000             0.000               0       (219,164)
core_clk                                                                                                                                     inpad        0.070             0.070             831       (219,164)
core_clk                                                                                                                                     net          1.087             1.157             831       (219,164)
   Routing elements:
      Manhattan distance of X:73, Y:155
ddr3_ctl_axi/u_efx_ddr3_soft_controller/genblk1.inst_ddr3_axi/inst_efx_ddr3/top_mc/controller_main/bram_u0/u_efx_fifo_top/waddr[3]~FF|CLK    ff           0.000             1.157             831       (146,9)  

Data Path
                                                                        name                                                                          model name   delay (ns)  cumulative delay (ns) pins on net    location
==============================================================================================================================================================================================================================
ddr3_ctl_axi/u_efx_ddr3_soft_controller/genblk1.inst_ddr3_axi/inst_efx_ddr3/top_mc/controller_main/bram_u0/u_efx_fifo_top/waddr[3]~FF|Q              ff               0.072            0.072              6         (146,9)
ddr3_ctl_axi/u_efx_ddr3_soft_controller/genblk1.inst_ddr3_axi/inst_efx_ddr3/top_mc/controller_main/bram_u0/u_efx_fifo_top/waddr[3]                   net              0.135            0.207              6         (146,9)
   Routing elements:
      Manhattan distance of X:1, Y:7
ddr3_ctl_axi/u_efx_ddr3_soft_controller/genblk1.inst_ddr3_axi/inst_efx_ddr3/top_mc/controller_main/bram_u0/u_efx_fifo_top/xefx_fifo_ram/ram|WADDR[8] ram_8192x20     -0.093            0.114              6         (147,2)

Capture Clock Path
                                                                      name                                                                        model name   delay (ns)  cumulative delay (ns) pins on net    location
==========================================================================================================================================================================================================================
core_clk                                                                                                                                         inpad           0.000             0.000               0       (219,164)
core_clk                                                                                                                                         inpad           0.070             0.070             831       (219,164)
core_clk                                                                                                                                         net             1.087             1.157             831       (219,164)
   Routing elements:
      Manhattan distance of X:72, Y:162
ddr3_ctl_axi/u_efx_ddr3_soft_controller/genblk1.inst_ddr3_axi/inst_efx_ddr3/top_mc/controller_main/bram_u0/u_efx_fifo_top/xefx_fifo_ram/ram|WCLK ram_8192x20     0.000             1.157             831       (147,2)  

################################################################################
Path Detail Report (core_clk vs tac_clk)
################################################################################


++++ Path 1 ++++++++++++++++++++++++++++++++++++++++++++++++++++++++++++++++++++

Path Begin    : ddr3_ctl_axi/u_efx_ddr3_soft_controller/genblk1.inst_ddr3_axi/inst_efx_ddr3/top_mc/controller_main/bram_u0/u_efx_fifo_top/xefx_fifo_ctl/async_clk.waddr_cntr_gry_r[3]~FF|CLK          
Path End      : ddr3_ctl_axi/u_efx_ddr3_soft_controller/genblk1.inst_ddr3_axi/inst_efx_ddr3/top_mc/controller_main/bram_u0/u_efx_fifo_top/xefx_fifo_ctl/async_clk.wr2rd_addr_sync/async_reg[0][3]~FF|D
Launch Clock  : core_clk (RISE)                                                                                                                                                                       
Capture Clock : tac_clk (RISE)                                                                                                                                                                        
Slack         : 0.067 (arrival time - required time)                                                                                                                                                  
Delay         : 0.111                                                                                                                                                                                 

Logic Level             : 0
Non-global nets on path : 1
Global nets on path     : 0

Launch Clock Path Delay        : 1.157
+ Clock To Q + Data Path Delay : 0.183
--------------------------------------
End-of-path arrival time       : 1.340

Constraint                     : 0.000
+ Capture Clock Path Delay     : 1.203
+ Clock Uncertainty            : 0.070
--------------------------------------
End-of-path required time      : 1.273

Launch Clock Path
                                                                                    name                                                                                      model name   delay (ns)  cumulative delay (ns) pins on net    location
======================================================================================================================================================================================================================================================
core_clk                                                                                                                                                                        inpad        0.000             0.000               0       (219,164)
core_clk                                                                                                                                                                        inpad        0.070             0.070             831       (219,164)
core_clk                                                                                                                                                                        net          1.087             1.157             831       (219,164)
   Routing elements:
      Manhattan distance of X:49, Y:133
ddr3_ctl_axi/u_efx_ddr3_soft_controller/genblk1.inst_ddr3_axi/inst_efx_ddr3/top_mc/controller_main/bram_u0/u_efx_fifo_top/xefx_fifo_ctl/async_clk.waddr_cntr_gry_r[3]~FF|CLK    ff           0.000             1.157             831       (170,31) 

Data Path
                                                                                         name                                                                                           model name   delay (ns)  cumulative delay (ns) pins on net    location
================================================================================================================================================================================================================================================================
ddr3_ctl_axi/u_efx_ddr3_soft_controller/genblk1.inst_ddr3_axi/inst_efx_ddr3/top_mc/controller_main/bram_u0/u_efx_fifo_top/xefx_fifo_ctl/async_clk.waddr_cntr_gry_r[3]~FF|Q                 ff          0.072             0.072              2         (170,31)
ddr3_ctl_axi/u_efx_ddr3_soft_controller/genblk1.inst_ddr3_axi/inst_efx_ddr3/top_mc/controller_main/bram_u0/u_efx_fifo_top/xefx_fifo_ctl/async_clk.waddr_cntr_gry_r[3]                      net         0.111             0.183              2         (170,31)
   Routing elements:
      Manhattan distance of X:0, Y:5
ddr3_ctl_axi/u_efx_ddr3_soft_controller/genblk1.inst_ddr3_axi/inst_efx_ddr3/top_mc/controller_main/bram_u0/u_efx_fifo_top/xefx_fifo_ctl/async_clk.wr2rd_addr_sync/async_reg[0][3]~FF|D     ff          0.000             0.183              2         (170,26)

Capture Clock Path
                                                                                          name                                                                                            model name   delay (ns)  cumulative delay (ns) pins on net    location
==================================================================================================================================================================================================================================================================
tac_clk                                                                                                                                                                                     inpad        0.000             0.000               0        (111,0) 
tac_clk                                                                                                                                                                                     inpad        0.070             0.070             331        (111,0) 
tac_clk                                                                                                                                                                                     net          1.133             1.203             331        (111,0) 
   Routing elements:
      Manhattan distance of X:59, Y:26
ddr3_ctl_axi/u_efx_ddr3_soft_controller/genblk1.inst_ddr3_axi/inst_efx_ddr3/top_mc/controller_main/bram_u0/u_efx_fifo_top/xefx_fifo_ctl/async_clk.wr2rd_addr_sync/async_reg[0][3]~FF|CLK    ff           0.000             1.203             331        (170,26)

################################################################################
Path Detail Report (core_clk vs twd_clk)
################################################################################


++++ Path 1 ++++++++++++++++++++++++++++++++++++++++++++++++++++++++++++++++++++

Path Begin    : ddr3_ctl_axi/u_efx_ddr3_soft_controller/genblk1.inst_ddr3_axi/inst_efx_ddr3/top_mc/controller_main/bram_u2/u_efx_fifo_top/xefx_fifo_ctl/async_clk.waddr_cntr_gry_r[6]~FF|CLK          
Path End      : ddr3_ctl_axi/u_efx_ddr3_soft_controller/genblk1.inst_ddr3_axi/inst_efx_ddr3/top_mc/controller_main/bram_u2/u_efx_fifo_top/xefx_fifo_ctl/async_clk.wr2rd_addr_sync/async_reg[0][6]~FF|D
Launch Clock  : core_clk (RISE)                                                                                                                                                                       
Capture Clock : twd_clk (RISE)                                                                                                                                                                        
Slack         : 2.019 (arrival time - required time)                                                                                                                                                  
Delay         : 0.114                                                                                                                                                                                 

Logic Level             : 0
Non-global nets on path : 1
Global nets on path     : 0

Launch Clock Path Delay        : 1.157
+ Clock To Q + Data Path Delay : 0.186
--------------------------------------
End-of-path arrival time       : 1.343

Constraint                     : -1.883
+ Capture Clock Path Delay     :  1.207
+ Clock Uncertainty            :  0.000
---------------------------------------
End-of-path required time      : -0.676

Launch Clock Path
                                                                                    name                                                                                      model name   delay (ns)  cumulative delay (ns) pins on net    location
======================================================================================================================================================================================================================================================
core_clk                                                                                                                                                                        inpad        0.000             0.000               0       (219,164)
core_clk                                                                                                                                                                        inpad        0.070             0.070             831       (219,164)
core_clk                                                                                                                                                                        net          1.087             1.157             831       (219,164)
   Routing elements:
      Manhattan distance of X:162, Y:137
ddr3_ctl_axi/u_efx_ddr3_soft_controller/genblk1.inst_ddr3_axi/inst_efx_ddr3/top_mc/controller_main/bram_u2/u_efx_fifo_top/xefx_fifo_ctl/async_clk.waddr_cntr_gry_r[6]~FF|CLK    ff           0.000             1.157             831       (57,27)  

Data Path
                                                                                         name                                                                                           model name   delay (ns)  cumulative delay (ns) pins on net    location
================================================================================================================================================================================================================================================================
ddr3_ctl_axi/u_efx_ddr3_soft_controller/genblk1.inst_ddr3_axi/inst_efx_ddr3/top_mc/controller_main/bram_u2/u_efx_fifo_top/xefx_fifo_ctl/async_clk.waddr_cntr_gry_r[6]~FF|Q                 ff          0.072             0.072              2         (57,27)
ddr3_ctl_axi/u_efx_ddr3_soft_controller/genblk1.inst_ddr3_axi/inst_efx_ddr3/top_mc/controller_main/bram_u2/u_efx_fifo_top/xefx_fifo_ctl/async_clk.waddr_cntr_gry_r[6]                      net         0.114             0.186              2         (57,27)
   Routing elements:
      Manhattan distance of X:5, Y:0
ddr3_ctl_axi/u_efx_ddr3_soft_controller/genblk1.inst_ddr3_axi/inst_efx_ddr3/top_mc/controller_main/bram_u2/u_efx_fifo_top/xefx_fifo_ctl/async_clk.wr2rd_addr_sync/async_reg[0][6]~FF|D     ff          0.000             0.186              2         (62,27)

Capture Clock Path
                                                                                          name                                                                                            model name   delay (ns)  cumulative delay (ns) pins on net    location
==================================================================================================================================================================================================================================================================
twd_clk                                                                                                                                                                                     inpad        0.000             0.000               0       (219,159)
twd_clk                                                                                                                                                                                     inpad        0.070             0.070             429       (219,159)
twd_clk                                                                                                                                                                                     net          1.137             1.207             429       (219,159)
   Routing elements:
      Manhattan distance of X:157, Y:132
ddr3_ctl_axi/u_efx_ddr3_soft_controller/genblk1.inst_ddr3_axi/inst_efx_ddr3/top_mc/controller_main/bram_u2/u_efx_fifo_top/xefx_fifo_ctl/async_clk.wr2rd_addr_sync/async_reg[0][6]~FF|CLK    ff           0.000             1.207             429       (62,27)  

################################################################################
Path Detail Report (tac_clk vs core_clk)
################################################################################


++++ Path 1 ++++++++++++++++++++++++++++++++++++++++++++++++++++++++++++++++++++

Path Begin    : ddr3_ctl_axi/u_efx_ddr3_soft_controller/genblk1.inst_ddr3_axi/inst_efx_ddr3/top_mc/fifo_rdpush/pushCC_pushPtrGray[0]~FF|CLK            
Path End      : ddr3_ctl_axi/u_efx_ddr3_soft_controller/genblk1.inst_ddr3_axi/inst_efx_ddr3/top_mc/fifo_rdpush/pushToPopGray_buffercc/buffers_0[0]~FF|D
Launch Clock  : tac_clk (RISE)                                                                                                                         
Capture Clock : core_clk (RISE)                                                                                                                        
Slack         : 0.162 (arrival time - required time)                                                                                                   
Delay         : 0.114                                                                                                                                  

Logic Level             : 0
Non-global nets on path : 1
Global nets on path     : 0

Launch Clock Path Delay        : 1.203
+ Clock To Q + Data Path Delay : 0.186
--------------------------------------
End-of-path arrival time       : 1.389

Constraint                     : 0.000
+ Capture Clock Path Delay     : 1.157
+ Clock Uncertainty            : 0.070
--------------------------------------
End-of-path required time      : 1.227

Launch Clock Path
                                                           name                                                              model name   delay (ns)  cumulative delay (ns) pins on net    location
=====================================================================================================================================================================================================
tac_clk                                                                                                                        inpad        0.000             0.000               0        (111,0) 
tac_clk                                                                                                                        inpad        0.070             0.070             331        (111,0) 
tac_clk                                                                                                                        net          1.133             1.203             331        (111,0) 
   Routing elements:
      Manhattan distance of X:0, Y:33
ddr3_ctl_axi/u_efx_ddr3_soft_controller/genblk1.inst_ddr3_axi/inst_efx_ddr3/top_mc/fifo_rdpush/pushCC_pushPtrGray[0]~FF|CLK    ff           0.000             1.203             331        (111,33)

Data Path
                                                                 name                                                                    model name   delay (ns)  cumulative delay (ns) pins on net    location
=================================================================================================================================================================================================================
ddr3_ctl_axi/u_efx_ddr3_soft_controller/genblk1.inst_ddr3_axi/inst_efx_ddr3/top_mc/fifo_rdpush/pushCC_pushPtrGray[0]~FF|Q                   ff          0.072             0.072              3         (111,33)
ddr3_ctl_axi/u_efx_ddr3_soft_controller/genblk1.inst_ddr3_axi/inst_efx_ddr3/top_mc/fifo_rdpush/pushCC_pushPtrGray[0]                        net         0.114             0.186              3         (111,33)
   Routing elements:
      Manhattan distance of X:5, Y:0
ddr3_ctl_axi/u_efx_ddr3_soft_controller/genblk1.inst_ddr3_axi/inst_efx_ddr3/top_mc/fifo_rdpush/pushToPopGray_buffercc/buffers_0[0]~FF|D     ff          0.000             0.186              3         (116,33)

Capture Clock Path
                                                                  name                                                                     model name   delay (ns)  cumulative delay (ns) pins on net    location
===================================================================================================================================================================================================================
core_clk                                                                                                                                     inpad        0.000             0.000               0       (219,164)
core_clk                                                                                                                                     inpad        0.070             0.070             831       (219,164)
core_clk                                                                                                                                     net          1.087             1.157             831       (219,164)
   Routing elements:
      Manhattan distance of X:103, Y:131
ddr3_ctl_axi/u_efx_ddr3_soft_controller/genblk1.inst_ddr3_axi/inst_efx_ddr3/top_mc/fifo_rdpush/pushToPopGray_buffercc/buffers_0[0]~FF|CLK    ff           0.000             1.157             831       (116,33) 

################################################################################
Path Detail Report (tac_clk vs tac_clk)
################################################################################


++++ Path 1 ++++++++++++++++++++++++++++++++++++++++++++++++++++++++++++++++++++

Path Begin    : ddr3_ctl_axi/u_efx_ddr3_soft_controller/genblk1.inst_ddr3_axi/inst_efx_ddr3/top_mc/w_rd_fifo_wr_data[96]~FF|CLK              
Path End      : ddr3_ctl_axi/u_efx_ddr3_soft_controller/genblk1.inst_ddr3_axi/inst_efx_ddr3/top_mc/fifo_rd/xefx_fifo_ram/ram__D$e12|WDATA[18]
Launch Clock  : tac_clk (RISE)                                                                                                               
Capture Clock : tac_clk (RISE)                                                                                                               
Slack         : 0.033 (arrival time - required time)                                                                                         
Delay         : 0.142                                                                                                                        

Logic Level             : 0
Non-global nets on path : 1
Global nets on path     : 0

Launch Clock Path Delay        : 1.203
+ Clock To Q + Data Path Delay : 0.103
--------------------------------------
End-of-path arrival time       : 1.306

Constraint                     : 0.000
+ Capture Clock Path Delay     : 1.203
+ Clock Uncertainty            : 0.070
--------------------------------------
End-of-path required time      : 1.273

Launch Clock Path
                                                     name                                                        model name   delay (ns)  cumulative delay (ns) pins on net    location
=========================================================================================================================================================================================
tac_clk                                                                                                            inpad        0.000             0.000               0        (111,0) 
tac_clk                                                                                                            inpad        0.070             0.070             331        (111,0) 
tac_clk                                                                                                            net          1.133             1.203             331        (111,0) 
   Routing elements:
      Manhattan distance of X:23, Y:20
ddr3_ctl_axi/u_efx_ddr3_soft_controller/genblk1.inst_ddr3_axi/inst_efx_ddr3/top_mc/w_rd_fifo_wr_data[96]~FF|CLK    ff           0.000             1.203             331        (134,20)

Data Path
                                                            name                                                               model name   delay (ns)  cumulative delay (ns) pins on net    location
=======================================================================================================================================================================================================
ddr3_ctl_axi/u_efx_ddr3_soft_controller/genblk1.inst_ddr3_axi/inst_efx_ddr3/top_mc/w_rd_fifo_wr_data[96]~FF|Q                 ff               0.072            0.072              3         (134,20)
ddr3_ctl_axi/u_efx_ddr3_soft_controller/genblk1.inst_ddr3_axi/inst_efx_ddr3/top_mc/w_rd_fifo_wr_data[96]                      net              0.142            0.214              3         (134,20)
   Routing elements:
      Manhattan distance of X:2, Y:18
ddr3_ctl_axi/u_efx_ddr3_soft_controller/genblk1.inst_ddr3_axi/inst_efx_ddr3/top_mc/fifo_rd/xefx_fifo_ram/ram__D$e12|WDATA[18] ram_8192x20     -0.111            0.103              3         (132,2) 

Capture Clock Path
                                                          name                                                            model name   delay (ns)  cumulative delay (ns) pins on net    location
==================================================================================================================================================================================================
tac_clk                                                                                                                  inpad           0.000             0.000               0        (111,0)
tac_clk                                                                                                                  inpad           0.070             0.070             331        (111,0)
tac_clk                                                                                                                  net             1.133             1.203             331        (111,0)
   Routing elements:
      Manhattan distance of X:21, Y:2
ddr3_ctl_axi/u_efx_ddr3_soft_controller/genblk1.inst_ddr3_axi/inst_efx_ddr3/top_mc/fifo_rd/xefx_fifo_ram/ram__D$e12|WCLK ram_8192x20     0.000             1.203             331        (132,2)

################################################################################
Path Detail Report (twd_clk vs twd_clk)
################################################################################


++++ Path 1 ++++++++++++++++++++++++++++++++++++++++++++++++++++++++++++++++++++

Path Begin    : ddr3_ctl_axi/u_efx_ddr3_soft_controller/genblk1.inst_ddr3_axi/inst_efx_ddr3/top_mc/controller_main/dffrs_2527/i4_2|CLK     
Path End      : ddr3_ctl_axi/u_efx_ddr3_soft_controller/genblk1.inst_ddr3_axi/inst_efx_ddr3/top_mc/controller_main/wr_data_buf_p[4][3]~FF|D
Launch Clock  : twd_clk (RISE)                                                                                                             
Capture Clock : twd_clk (RISE)                                                                                                             
Slack         : 0.027 (arrival time - required time)                                                                                       
Delay         : 0.171                                                                                                                      

Logic Level             : 1
Non-global nets on path : 1
Global nets on path     : 0

Launch Clock Path Delay        : 1.207
+ Clock To Q + Data Path Delay : 0.224
--------------------------------------
End-of-path arrival time       : 1.431

Constraint                     : 0.000
+ Capture Clock Path Delay     : 1.334
+ Clock Uncertainty            : 0.070
--------------------------------------
End-of-path required time      : 1.404

Launch Clock Path
                                                         name                                                           model name   delay (ns)  cumulative delay (ns) pins on net    location
================================================================================================================================================================================================
twd_clk                                                                                                                   inpad        0.000             0.000               0       (219,159)
twd_clk                                                                                                                   inpad        0.070             0.070             429       (219,159)
twd_clk                                                                                                                   net          1.137             1.207             429       (219,159)
   Routing elements:
      Manhattan distance of X:153, Y:141
ddr3_ctl_axi/u_efx_ddr3_soft_controller/genblk1.inst_ddr3_axi/inst_efx_ddr3/top_mc/controller_main/dffrs_2527/i4_2|CLK    srl8         0.000             1.207             429       (66,18)  

Data Path
                                                           name                                                              model name   delay (ns)  cumulative delay (ns) pins on net    location
=====================================================================================================================================================================================================
ddr3_ctl_axi/u_efx_ddr3_soft_controller/genblk1.inst_ddr3_axi/inst_efx_ddr3/top_mc/controller_main/dffrs_2527/i4_2|Q            srl8         0.072            0.072              2         (66,18)
ddr3_ctl_axi/u_efx_ddr3_soft_controller/genblk1.inst_ddr3_axi/inst_efx_ddr3/top_mc/controller_main/dffrs_2527/i4_pre            net          0.136            0.208              2         (66,18)
   Routing elements:
      Manhattan distance of X:12, Y:0
LUT__28093|in[0]                                                                                                                lut          0.035            0.243              2         (78,18)
LUT__28093|out                                                                                                                  lut          0.000            0.243              2         (78,18)
ddr3_ctl_axi/u_efx_ddr3_soft_controller/genblk1.inst_ddr3_axi/inst_efx_ddr3/top_mc/controller_main/wr_data_buf_p[4][3]~FF|D     ff          -0.019            0.224              2         (78,18)

Capture Clock Path
                                                            name                                                               model name   delay (ns)  cumulative delay (ns) pins on net    location
=======================================================================================================================================================================================================
twd_clk                                                                                                                          inpad        0.000             0.000               0       (219,159)
twd_clk                                                                                                                          inpad        0.070             0.070             429       (219,159)
twd_clk                                                                                                                          net          1.264             1.334             429       (219,159)
   Routing elements:
      Manhattan distance of X:141, Y:141
ddr3_ctl_axi/u_efx_ddr3_soft_controller/genblk1.inst_ddr3_axi/inst_efx_ddr3/top_mc/controller_main/wr_data_buf_p[4][3]~FF|CLK    ff           0.000             1.334             429       (78,18)  

################################################################################
Path Detail Report (clk_sys vs clk_sys)
################################################################################


++++ Path 1 ++++++++++++++++++++++++++++++++++++++++++++++++++++++++++++++++++++

Path Begin    : u_axi4_ctrl/rfifo_wdata[61]~FF|CLK                                                    
Path End      : u_axi4_ctrl/Gen_RFIFO_16.u_R0_FIFO_16/u_efx_fifo_top/xefx_fifo_ram/ram__D$f12|WDATA[1]
Launch Clock  : clk_sys (RISE)                                                                        
Capture Clock : clk_sys (RISE)                                                                        
Slack         : 0.027 (arrival time - required time)                                                  
Delay         : 0.136                                                                                 

Logic Level             : 0
Non-global nets on path : 1
Global nets on path     : 0

Launch Clock Path Delay        : 1.189
+ Clock To Q + Data Path Delay : 0.097
--------------------------------------
End-of-path arrival time       : 1.286

Constraint                     : 0.000
+ Capture Clock Path Delay     : 1.189
+ Clock Uncertainty            : 0.070
--------------------------------------
End-of-path required time      : 1.259

Launch Clock Path
               name                 model name   delay (ns)  cumulative delay (ns) pins on net    location
============================================================================================================
clk_sys                               inpad        0.000             0.000                0       (0,162) 
clk_sys                               inpad        0.070             0.070             1411       (0,162) 
clk_sys                               net          1.119             1.189             1411       (0,162) 
   Routing elements:
      Manhattan distance of X:145, Y:139
u_axi4_ctrl/rfifo_wdata[61]~FF|CLK    ff           0.000             1.189             1411       (145,23)

Data Path
                                         name                                           model name   delay (ns)  cumulative delay (ns) pins on net    location
================================================================================================================================================================
u_axi4_ctrl/rfifo_wdata[61]~FF|Q                                                       ff               0.072            0.072              2         (145,23)
u_axi4_ctrl/rfifo_wdata[61]                                                            net              0.136            0.208              2         (145,23)
   Routing elements:
      Manhattan distance of X:2, Y:1
u_axi4_ctrl/Gen_RFIFO_16.u_R0_FIFO_16/u_efx_fifo_top/xefx_fifo_ram/ram__D$f12|WDATA[1] ram_8192x20     -0.111            0.097              2         (147,22)

Capture Clock Path
                                       name                                         model name   delay (ns)  cumulative delay (ns) pins on net    location
============================================================================================================================================================
clk_sys                                                                            inpad           0.000             0.000                0       (0,162) 
clk_sys                                                                            inpad           0.070             0.070             1411       (0,162) 
clk_sys                                                                            net             1.119             1.189             1411       (0,162) 
   Routing elements:
      Manhattan distance of X:147, Y:140
u_axi4_ctrl/Gen_RFIFO_16.u_R0_FIFO_16/u_efx_fifo_top/xefx_fifo_ram/ram__D$f12|WCLK ram_8192x20     0.000             1.189             1411       (147,22)

################################################################################
Path Detail Report (clk_pixel vs clk_pixel)
################################################################################


++++ Path 1 ++++++++++++++++++++++++++++++++++++++++++++++++++++++++++++++++++++

Path Begin    : u_sobel_stream/u_line_delay/dff_6/i33_2|CLK
Path End      : u_sobel_stream/u_line_delay/dff_6/i1_2|D   
Launch Clock  : clk_pixel (RISE)                           
Capture Clock : clk_pixel (RISE)                           
Slack         : 0.035 (arrival time - required time)       
Delay         : 0.033                                      

Logic Level             : 0
Non-global nets on path : 1
Global nets on path     : 0

Launch Clock Path Delay        : 1.184
+ Clock To Q + Data Path Delay : 0.105
--------------------------------------
End-of-path arrival time       : 1.289

Constraint                     : 0.000
+ Capture Clock Path Delay     : 1.184
+ Clock Uncertainty            : 0.070
--------------------------------------
End-of-path required time      : 1.254

Launch Clock Path
                   name                      model name   delay (ns)  cumulative delay (ns) pins on net    location
=====================================================================================================================
clk_pixel                                      inpad        0.000             0.000                0       (0,159) 
clk_pixel                                      inpad        0.070             0.070             2841       (0,159) 
clk_pixel                                      net          1.114             1.184             2841       (0,159) 
   Routing elements:
      Manhattan distance of X:114, Y:83
u_sobel_stream/u_line_delay/dff_6/i33_2|CLK    srl8         0.000             1.184             2841       (114,76)

Data Path
                     name                       model name   delay (ns)  cumulative delay (ns) pins on net    location
========================================================================================================================
u_sobel_stream/u_line_delay/dff_6/i33_2|Q7         srl8        0.072             0.072              2         (114,76)
u_sobel_stream/u_line_delay/shift_ram[2555][0]     net         0.033             0.105              2         (114,76)
   Routing elements:
      Manhattan distance of X:0, Y:1
u_sobel_stream/u_line_delay/dff_6/i1_2|D           srl8        0.000             0.105              2         (114,77)

Capture Clock Path
                   name                     model name   delay (ns)  cumulative delay (ns) pins on net    location
====================================================================================================================
clk_pixel                                     inpad        0.000             0.000                0       (0,159) 
clk_pixel                                     inpad        0.070             0.070             2841       (0,159) 
clk_pixel                                     net          1.114             1.184             2841       (0,159) 
   Routing elements:
      Manhattan distance of X:114, Y:82
u_sobel_stream/u_line_delay/dff_6/i1_2|CLK    srl8         0.000             1.184             2841       (114,77)

################################################################################
Path Detail Report (cmos_pclk vs cmos_pclk)
################################################################################


++++ Path 1 ++++++++++++++++++++++++++++++++++++++++++++++++++++++++++++++++++++

Path Begin    : cmos_data[1]                        
Path End      : XYCrop_frame_Gray[1]~FF|D           
Launch Clock  : cmos_pclk (FALL)                    
Capture Clock : cmos_pclk (RISE)                    
Slack         : 5.557 (arrival time - required time)
Delay         : 0.466                               

Logic Level             : 0
Non-global nets on path : 1
Global nets on path     : 0

Launch Clock Path Delay        : 1.166
+ Clock To Q + Data Path Delay : 0.371
+ Input Delay                  : 0.961
--------------------------------------
End-of-path arrival time       : 2.498

Constraint                     : -5.000
+ Capture Clock Path Delay     :  1.871
+ Clock Uncertainty            :  0.070
---------------------------------------
End-of-path required time      : -3.059

Launch Clock Path
        name          model name   delay (ns)  cumulative delay (ns) pins on net    location
==============================================================================================
cmos_pclk               inpad        0.000             0.000               0       (111,323)
cmos_pclk               inpad        0.070             0.070             137       (111,323)
cmos_pclk               net          1.068             1.138             137       (111,323)
   Routing elements:
      Manhattan distance of X:105, Y:323
cmos_pclk~CLKOUT~6~1    outpad       0.028             1.166             137       (6,0)    
cmos_pclk~CLKOUT~6~1    outpad       0.000             1.166               0       (6,0)    

Data Path
          name             model name   delay (ns)  cumulative delay (ns) pins on net    location
===================================================================================================
cmos_data[1]                 inpad         0.070            0.070              0         (0,4)  
cmos_data[1]                 inpad         0.000            0.070              2         (0,4)  
cmos_data[1]                 net           0.396            0.466              2         (0,4)  
   Routing elements:
      Manhattan distance of X:37, Y:17
XYCrop_frame_Gray[1]~FF|D    ff           -0.095            0.371              2         (37,21)

Capture Clock Path
           name              model name   delay (ns)  cumulative delay (ns) pins on net    location
=====================================================================================================
cmos_pclk                      inpad        0.000             0.000               0       (111,323)
cmos_pclk                      inpad        0.070             0.070             137       (111,323)
cmos_pclk                      net          1.801             1.871             137       (111,323)
   Routing elements:
      Manhattan distance of X:74, Y:302
XYCrop_frame_Gray[1]~FF|CLK    ff           0.000             1.871             137       (37,21)  

---------- Path Details for Min Critical Paths (end) ---------------

