Running: efx_run_map.py Ti60_Demo --family Titanium --device Ti60F225 --project_xml D:\yilingsi_fpga\Efinity_Project\Ti60F225_OV5640_Sobel_Stable\Ti60_Demo.xml --dir D:\yilingsi_fpga\Efinity_Project\Ti60F225_OV5640_Sobel_Stable\ip\W0_FIFO --dir D:\yilingsi_fpga\Efinity_Project\Ti60F225_OV5640_Sobel_Stable\ip\R0_FIFO --dir D:\yilingsi_fpga\Efinity_Project\Ti60F225_OV5640_Sobel_Stable\ip\dsi_tx --dir D:\yilingsi_fpga\Efinity_Project\Ti60F225_OV5640_Sobel_Stable\ip\csi_rx --dir D:\yilingsi_fpga\Efinity_Project\Ti60F225_OV5640_Sobel_Stable\ip\DdrCtrl --dir D:\yilingsi_fpga\Efinity_Project\Ti60F225_OV5640_Sobel_Stable\ip\W0_FIFO_8 --dir D:\yilingsi_fpga\Efinity_Project\Ti60F225_OV5640_Sobel_Stable\ip\W0_FIFO_64 --dir D:\yilingsi_fpga\Efinity_Project\Ti60F225_OV5640_Sobel_Stable\ip\FIFO_W48R24 --dir D:\yilingsi_fpga\Efinity_Project\Ti60F225_OV5640_Sobel_Stable\ip\R0_FIFO_8 --dir D:\yilingsi_fpga\Efinity_Project\Ti60F225_OV5640_Sobel_Stable\ip\R0_FIFO_16 --dir D:\yilingsi_fpga\Efinity_Project\Ti60F225_OV5640_Sobel_Stable\ip\W0_FIFO_32 --dir D:\yilingsi_fpga\Efinity_Project\Ti60F225_OV5640_Sobel_Stable\ip\W0_FIFO_16 --output_dir outflow --opt root=example_top --opt veri_options=verilog_mode=verilog_2k,vhdl_mode=vhdl_2008 work-dir=work_syn write_efx_verilog=on I=ip/W0_FIFO I=ip/R0_FIFO I=ip/dsi_tx I=ip/csi_rx I=ip/DdrCtrl I=ip/W0_FIFO_8 I=ip/W0_FIFO_64 I=ip/FIFO_W48R24 I=ip/R0_FIFO_8 I=ip/R0_FIFO_16 I=ip/W0_FIFO_32 I=ip/W0_FIFO_16
running synthesis
Running: C:/Efinity/2025.1\bin\efx_map.exe --project Ti60_Demo --family Titanium --device Ti60F225 --output-dir outflow --I D:\yilingsi_fpga\Efinity_Project\Ti60F225_OV5640_Sobel_Stable\ip\W0_FIFO --I D:\yilingsi_fpga\Efinity_Project\Ti60F225_OV5640_Sobel_Stable\ip\R0_FIFO --I D:\yilingsi_fpga\Efinity_Project\Ti60F225_OV5640_Sobel_Stable\ip\dsi_tx --I D:\yilingsi_fpga\Efinity_Project\Ti60F225_OV5640_Sobel_Stable\ip\csi_rx --I D:\yilingsi_fpga\Efinity_Project\Ti60F225_OV5640_Sobel_Stable\ip\DdrCtrl --I D:\yilingsi_fpga\Efinity_Project\Ti60F225_OV5640_Sobel_Stable\ip\W0_FIFO_8 --I D:\yilingsi_fpga\Efinity_Project\Ti60F225_OV5640_Sobel_Stable\ip\W0_FIFO_64 --I D:\yilingsi_fpga\Efinity_Project\Ti60F225_OV5640_Sobel_Stable\ip\FIFO_W48R24 --I D:\yilingsi_fpga\Efinity_Project\Ti60F225_OV5640_Sobel_Stable\ip\R0_FIFO_8 --I D:\yilingsi_fpga\Efinity_Project\Ti60F225_OV5640_Sobel_Stable\ip\R0_FIFO_16 --I D:\yilingsi_fpga\Efinity_Project\Ti60F225_OV5640_Sobel_Stable\ip\W0_FIFO_32 --I D:\yilingsi_fpga\Efinity_Project\Ti60F225_OV5640_Sobel_Stable\ip\W0_FIFO_16 --project-xml D:\yilingsi_fpga\Efinity_Project\Ti60F225_OV5640_Sobel_Stable\Ti60_Demo.xml --binary-db outflow\Ti60_Demo.vdb --root=example_top --veri_options=verilog_mode=verilog_2k,vhdl_mode=vhdl_2008 --work-dir=work_syn --write-efx-verilog=outflow\Ti60_Demo.map.v --I=ip/W0_FIFO --I=ip/R0_FIFO --I=ip/dsi_tx --I=ip/csi_rx --I=ip/DdrCtrl --I=ip/W0_FIFO_8 --I=ip/W0_FIFO_64 --I=ip/FIFO_W48R24 --I=ip/R0_FIFO_8 --I=ip/R0_FIFO_16 --I=ip/W0_FIFO_32 --I=ip/W0_FIFO_16
INFO     : Efinix FPGA Synthesis.
INFO     : Version: 2025.1.110.5.9
INFO     : Compiled: Sep 19 2025.
INFO     : 
INFO     : Copyright (C) 2013 - 2025 Efinix, Inc. All rights reserved.

INFO     : Reading project database "D:\yilingsi_fpga\Efinity_Project\Ti60F225_OV5640_Sobel_Stable\Ti60_Demo.xml"
INFO     : Analyzing Verilog file 'C:/Efinity/2025.1/sim_models/maplib/efinix_peri_lib.v' [VERI-1482]
INFO     : C:/Efinity/2025.1/sim_models/maplib/efinix_peri_lib.v(8): compiling module 'EFX_IBUF' [VERI-1018]
INFO     : C:/Efinity/2025.1/sim_models/maplib/efinix_peri_lib.v(16): compiling module 'EFX_OBUF' [VERI-1018]
INFO     : C:/Efinity/2025.1/sim_models/maplib/efinix_peri_lib.v(23): compiling module 'EFX_IO_BUF' [VERI-1018]
INFO     : C:/Efinity/2025.1/sim_models/maplib/efinix_peri_lib.v(33): compiling module 'EFX_CLKOUT' [VERI-1018]
INFO     : C:/Efinity/2025.1/sim_models/maplib/efinix_peri_lib.v(41): compiling module 'EFX_IREG' [VERI-1018]
INFO     : C:/Efinity/2025.1/sim_models/maplib/efinix_peri_lib.v(51): compiling module 'EFX_OREG' [VERI-1018]
INFO     : C:/Efinity/2025.1/sim_models/maplib/efinix_peri_lib.v(60): compiling module 'EFX_IOREG' [VERI-1018]
INFO     : C:/Efinity/2025.1/sim_models/maplib/efinix_peri_lib.v(75): compiling module 'EFX_IDDIO' [VERI-1018]
INFO     : C:/Efinity/2025.1/sim_models/maplib/efinix_peri_lib.v(87): compiling module 'EFX_ODDIO' [VERI-1018]
INFO     : C:/Efinity/2025.1/sim_models/maplib/efinix_peri_lib.v(99): compiling module 'EFX_GPIO_V1' [VERI-1018]
INFO     : C:/Efinity/2025.1/sim_models/maplib/efinix_peri_lib.v(124): compiling module 'EFX_GPIO_V2' [VERI-1018]
INFO     : C:/Efinity/2025.1/sim_models/maplib/efinix_peri_lib.v(149): compiling module 'EFX_GPIO_V3' [VERI-1018]
INFO     : C:/Efinity/2025.1/sim_models/maplib/efinix_peri_lib.v(186): compiling module 'EFX_PLL_V1' [VERI-1018]
INFO     : C:/Efinity/2025.1/sim_models/maplib/efinix_peri_lib.v(205): compiling module 'EFX_PLL_V2' [VERI-1018]
INFO     : C:/Efinity/2025.1/sim_models/maplib/efinix_peri_lib.v(231): compiling module 'EFX_PLL_V3' [VERI-1018]
INFO     : C:/Efinity/2025.1/sim_models/maplib/efinix_peri_lib.v(279): compiling module 'EFX_OSC_V1' [VERI-1018]
INFO     : C:/Efinity/2025.1/sim_models/maplib/efinix_peri_lib.v(285): compiling module 'EFX_OSC_V3' [VERI-1018]
INFO     : C:/Efinity/2025.1/sim_models/maplib/efinix_peri_lib.v(294): compiling module 'EFX_FPLL_V1' [VERI-1018]
INFO     : C:/Efinity/2025.1/sim_models/maplib/efinix_peri_lib.v(348): compiling module 'EFX_JTAG_V1' [VERI-1018]
INFO     : C:/Efinity/2025.1/sim_models/maplib/efinix_peri_lib.v(357): compiling module 'EFX_JTAG_CTRL' [VERI-1018]
INFO     : C:/Efinity/2025.1/sim_models/maplib/efinix_peri_lib.v(364): compiling module 'EFX_LVDS_RX_V1' [VERI-1018]
INFO     : C:/Efinity/2025.1/sim_models/maplib/efinix_peri_lib.v(381): compiling module 'EFX_LVDS_TX_V1' [VERI-1018]
INFO     : C:/Efinity/2025.1/sim_models/maplib/efinix_peri_lib.v(399): compiling module 'EFX_LVDS_RX_V2' [VERI-1018]
INFO     : C:/Efinity/2025.1/sim_models/maplib/efinix_peri_lib.v(426): compiling module 'EFX_LVDS_TX_V2' [VERI-1018]
INFO     : C:/Efinity/2025.1/sim_models/maplib/efinix_peri_lib.v(446): compiling module 'EFX_LVDS_BIDIR_V2' [VERI-1018]
INFO     : Reading project database "D:\yilingsi_fpga\Efinity_Project\Ti60F225_OV5640_Sobel_Stable\Ti60_Demo.xml"
INFO     : ***** Beginning Analysis ... *****
INFO     : default VHDL library search path is now "C:/Efinity/2025.1/sim_models/vhdl/packages/vhdl_2008" [VHDL-1504]
INFO     : Analyzing Verilog file 'C:/Efinity/2025.1/sim_models/maplib/efinix_maplib.v' [VERI-1482]
INFO     : Analyzing Verilog file 'C:/Efinity/2025.1/sim_models/maplib/efinix_peri_lib.v' [VERI-1482]
INFO     : Analyzing Verilog file 'C:/Efinity/2025.1/sim_models/maplib/efinix_maplib.v' [VERI-1482]
INFO     : Analyzing Verilog file 'C:/Efinity/2025.1/sim_models/maplib/efinix_peri_lib.v' [VERI-1482]
INFO     : Analyzing Verilog file 'D:\yilingsi_fpga\Efinity_Project\Ti60F225_OV5640_Sobel_Stable\ip/W0_FIFO\W0_FIFO.sv' [VERI-1482]
INFO     : Analyzing Verilog file 'D:\yilingsi_fpga\Efinity_Project\Ti60F225_OV5640_Sobel_Stable\ip/R0_FIFO\R0_FIFO.sv' [VERI-1482]
INFO     : Analyzing Verilog file 'D:\yilingsi_fpga\Efinity_Project\Ti60F225_OV5640_Sobel_Stable\ip/dsi_tx\dsi_tx.sv' [VERI-1482]
INFO     : D:\yilingsi_fpga\Efinity_Project\Ti60F225_OV5640_Sobel_Stable\ip/dsi_tx\dsi_tx.sv(6312): undeclared symbol '**', assumed default net type '**' [VERI-2561]
INFO     : D:\yilingsi_fpga\Efinity_Project\Ti60F225_OV5640_Sobel_Stable\ip/dsi_tx\dsi_tx.sv(6312): undeclared symbol '**', assumed default net type '**' [VERI-2561]
INFO     : Analyzing Verilog file 'D:\yilingsi_fpga\Efinity_Project\Ti60F225_OV5640_Sobel_Stable\ip/csi_rx\csi_rx.sv' [VERI-1482]
INFO     : Analyzing Verilog file 'D:\yilingsi_fpga\Efinity_Project\Ti60F225_OV5640_Sobel_Stable\ip/DdrCtrl\DdrCtrl.sv' [VERI-1482]
INFO     : D:\yilingsi_fpga\Efinity_Project\Ti60F225_OV5640_Sobel_Stable\ip/DdrCtrl\DdrCtrl.sv(267): analyzing included file 'D:\yilingsi_fpga\Efinity_Project\Ti60F225_OV5640_Sobel_Stable\ip/DdrCtrl/ddr3_controller.vh' [VERI-1328]
INFO     : D:\yilingsi_fpga\Efinity_Project\Ti60F225_OV5640_Sobel_Stable\ip/DdrCtrl\DdrCtrl.sv(267): back to file 'D:\yilingsi_fpga\Efinity_Project\Ti60F225_OV5640_Sobel_Stable\ip/DdrCtrl\DdrCtrl.sv' [VERI-2320]
INFO     : D:\yilingsi_fpga\Efinity_Project\Ti60F225_OV5640_Sobel_Stable\ip/DdrCtrl\DdrCtrl.sv(590): undeclared symbol '**', assumed default net type '**' [VERI-2561]
INFO     : D:\yilingsi_fpga\Efinity_Project\Ti60F225_OV5640_Sobel_Stable\ip/DdrCtrl\DdrCtrl.sv(595): analyzing included file 'D:\yilingsi_fpga\Efinity_Project\Ti60F225_OV5640_Sobel_Stable\ip/DdrCtrl/ddr3_controller.vh' [VERI-1328]
INFO     : D:\yilingsi_fpga\Efinity_Project\Ti60F225_OV5640_Sobel_Stable\ip/DdrCtrl\DdrCtrl.sv(595): back to file 'D:\yilingsi_fpga\Efinity_Project\Ti60F225_OV5640_Sobel_Stable\ip/DdrCtrl\DdrCtrl.sv' [VERI-2320]
INFO     : D:\yilingsi_fpga\Efinity_Project\Ti60F225_OV5640_Sobel_Stable\ip/DdrCtrl\DdrCtrl.sv(1604): analyzing included file 'D:\yilingsi_fpga\Efinity_Project\Ti60F225_OV5640_Sobel_Stable\ip/DdrCtrl/ddr3_controller.vh' [VERI-1328]
INFO     : D:\yilingsi_fpga\Efinity_Project\Ti60F225_OV5640_Sobel_Stable\ip/DdrCtrl\DdrCtrl.sv(1604): back to file 'D:\yilingsi_fpga\Efinity_Project\Ti60F225_OV5640_Sobel_Stable\ip/DdrCtrl\DdrCtrl.sv' [VERI-2320]
INFO     : D:\yilingsi_fpga\Efinity_Project\Ti60F225_OV5640_Sobel_Stable\ip/DdrCtrl\DdrCtrl.sv(1858): analyzing included file 'D:\yilingsi_fpga\Efinity_Project\Ti60F225_OV5640_Sobel_Stable\ip/DdrCtrl/ddr3_controller.vh' [VERI-1328]
INFO     : D:\yilingsi_fpga\Efinity_Project\Ti60F225_OV5640_Sobel_Stable\ip/DdrCtrl\DdrCtrl.sv(1858): back to file 'D:\yilingsi_fpga\Efinity_Project\Ti60F225_OV5640_Sobel_Stable\ip/DdrCtrl\DdrCtrl.sv' [VERI-2320]
INFO     : D:\yilingsi_fpga\Efinity_Project\Ti60F225_OV5640_Sobel_Stable\ip/DdrCtrl\DdrCtrl.sv(2165): analyzing included file 'D:\yilingsi_fpga\Efinity_Project\Ti60F225_OV5640_Sobel_Stable\ip/DdrCtrl/ddr3_controller.vh' [VERI-1328]
INFO     : D:\yilingsi_fpga\Efinity_Project\Ti60F225_OV5640_Sobel_Stable\ip/DdrCtrl\DdrCtrl.sv(2165): back to file 'D:\yilingsi_fpga\Efinity_Project\Ti60F225_OV5640_Sobel_Stable\ip/DdrCtrl\DdrCtrl.sv' [VERI-2320]
INFO     : D:\yilingsi_fpga\Efinity_Project\Ti60F225_OV5640_Sobel_Stable\ip/DdrCtrl\DdrCtrl.sv(2616): analyzing included file 'D:\yilingsi_fpga\Efinity_Project\Ti60F225_OV5640_Sobel_Stable\ip/DdrCtrl/ddr3_controller.vh' [VERI-1328]
INFO     : D:\yilingsi_fpga\Efinity_Project\Ti60F225_OV5640_Sobel_Stable\ip/DdrCtrl\DdrCtrl.sv(2616): back to file 'D:\yilingsi_fpga\Efinity_Project\Ti60F225_OV5640_Sobel_Stable\ip/DdrCtrl\DdrCtrl.sv' [VERI-2320]
INFO     : Analyzing Verilog file 'D:\yilingsi_fpga\Efinity_Project\Ti60F225_OV5640_Sobel_Stable\ip/W0_FIFO_8\W0_FIFO_8.sv' [VERI-1482]
INFO     : Analyzing Verilog file 'D:\yilingsi_fpga\Efinity_Project\Ti60F225_OV5640_Sobel_Stable\ip/W0_FIFO_64\W0_FIFO_64.sv' [VERI-1482]
INFO     : Analyzing Verilog file 'D:\yilingsi_fpga\Efinity_Project\Ti60F225_OV5640_Sobel_Stable\ip/FIFO_W48R24\FIFO_W48R24.sv' [VERI-1482]
INFO     : Analyzing Verilog file 'D:\yilingsi_fpga\Efinity_Project\Ti60F225_OV5640_Sobel_Stable\ip/R0_FIFO_8\R0_FIFO_8.sv' [VERI-1482]
INFO     : Analyzing Verilog file 'D:\yilingsi_fpga\Efinity_Project\Ti60F225_OV5640_Sobel_Stable\ip/R0_FIFO_16\R0_FIFO_16.v' [VERI-1482]
INFO     : Analyzing Verilog file 'D:\yilingsi_fpga\Efinity_Project\Ti60F225_OV5640_Sobel_Stable\ip/W0_FIFO_32\W0_FIFO_32.v' [VERI-1482]
INFO     : Analyzing Verilog file 'D:\yilingsi_fpga\Efinity_Project\Ti60F225_OV5640_Sobel_Stable\ip/W0_FIFO_16\W0_FIFO_16.v' [VERI-1482]
INFO     : Analyzing Verilog file 'D:\yilingsi_fpga\Efinity_Project\Ti60F225_OV5640_Sobel_Stable\example_top.v' [VERI-1482]
INFO     : Analyzing Verilog file 'D:\yilingsi_fpga\Efinity_Project\Ti60F225_OV5640_Sobel_Stable\src\ddr_rw_ctrl.v' [VERI-1482]
INFO     : Analyzing Verilog file 'D:\yilingsi_fpga\Efinity_Project\Ti60F225_OV5640_Sobel_Stable\src\cmos_i2c\i2c_timing_ctrl_16bit.v' [VERI-1482]
INFO     : Analyzing Verilog file 'D:\yilingsi_fpga\Efinity_Project\Ti60F225_OV5640_Sobel_Stable\src\cmos_i2c\CMOS_Capture_RAW_Gray.v' [VERI-1482]
INFO     : Analyzing Verilog file 'D:\yilingsi_fpga\Efinity_Project\Ti60F225_OV5640_Sobel_Stable\src\cmos_i2c\I2C_MT9M001_Gray_Config.v' [VERI-1482]
INFO     : Analyzing Verilog file 'D:\yilingsi_fpga\Efinity_Project\Ti60F225_OV5640_Sobel_Stable\src\lcd_para.v' [VERI-1482]
INFO     : Analyzing Verilog file 'D:\yilingsi_fpga\Efinity_Project\Ti60F225_OV5640_Sobel_Stable\src\lcd_driver.v' [VERI-1482]
INFO     : D:\yilingsi_fpga\Efinity_Project\Ti60F225_OV5640_Sobel_Stable\src\lcd_driver.v(37): analyzing included file 'D:\yilingsi_fpga\Efinity_Project\Ti60F225_OV5640_Sobel_Stable\src/lcd_para.v' [VERI-1328]
INFO     : D:\yilingsi_fpga\Efinity_Project\Ti60F225_OV5640_Sobel_Stable\src\lcd_driver.v(37): back to file 'D:\yilingsi_fpga\Efinity_Project\Ti60F225_OV5640_Sobel_Stable\src\lcd_driver.v' [VERI-2320]
INFO     : Analyzing Verilog file 'D:\yilingsi_fpga\Efinity_Project\Ti60F225_OV5640_Sobel_Stable\src\hdmi_ip\hdmi_tx_ip.v' [VERI-1482]
INFO     : Analyzing Verilog file 'D:\yilingsi_fpga\Efinity_Project\Ti60F225_OV5640_Sobel_Stable\src\hdmi_ip\encode.v' [VERI-1482]
INFO     : Analyzing Verilog file 'D:\yilingsi_fpga\Efinity_Project\Ti60F225_OV5640_Sobel_Stable\src\hdmi_ip\serdes_4b_10to1.v' [VERI-1482]
INFO     : Analyzing Verilog file 'D:\yilingsi_fpga\Efinity_Project\Ti60F225_OV5640_Sobel_Stable\src\cmos_i2c\I2C_SC130GS_12801024_4Lanes_Config.v' [VERI-1482]
INFO     : Analyzing Verilog file 'D:\yilingsi_fpga\Efinity_Project\Ti60F225_OV5640_Sobel_Stable\src\PWMLite.v' [VERI-1482]
INFO     : Analyzing Verilog file 'D:\yilingsi_fpga\Efinity_Project\Ti60F225_OV5640_Sobel_Stable\src\lcd_display.v' [VERI-1482]
INFO     : D:\yilingsi_fpga\Efinity_Project\Ti60F225_OV5640_Sobel_Stable\src\lcd_display.v(48): analyzing included file 'D:\yilingsi_fpga\Efinity_Project\Ti60F225_OV5640_Sobel_Stable\src/lcd_para.v' [VERI-1328]
INFO     : D:\yilingsi_fpga\Efinity_Project\Ti60F225_OV5640_Sobel_Stable\src\lcd_display.v(48): back to file 'D:\yilingsi_fpga\Efinity_Project\Ti60F225_OV5640_Sobel_Stable\src\lcd_display.v' [VERI-2320]
INFO     : Analyzing Verilog file 'D:\yilingsi_fpga\Efinity_Project\Ti60F225_OV5640_Sobel_Stable\src\dsi\dsi_init.v' [VERI-1482]
INFO     : Analyzing Verilog file 'D:\yilingsi_fpga\Efinity_Project\Ti60F225_OV5640_Sobel_Stable\src\Sensor_Image_XYCrop.v' [VERI-1482]
INFO     : Analyzing Verilog file 'D:\yilingsi_fpga\Efinity_Project\Ti60F225_OV5640_Sobel_Stable\src\cmos_i2c\i2c_timing_ctrl_reg16_dat16.v' [VERI-1482]
INFO     : Analyzing Verilog file 'D:\yilingsi_fpga\Efinity_Project\Ti60F225_OV5640_Sobel_Stable\src\cmos_i2c\I2C_AR0135_1280720_Config.v' [VERI-1482]
INFO     : Analyzing Verilog file 'D:\yilingsi_fpga\Efinity_Project\Ti60F225_OV5640_Sobel_Stable\src\axi\AXI4_AWARMux.v' [VERI-1482]
INFO     : Analyzing Verilog file 'D:\yilingsi_fpga\Efinity_Project\Ti60F225_OV5640_Sobel_Stable\src\lvds\LCDDual2LVDS.v' [VERI-1482]
INFO     : Analyzing Verilog file 'D:\yilingsi_fpga\Efinity_Project\Ti60F225_OV5640_Sobel_Stable\src\axi\axi4_ctrl.v' [VERI-1482]
INFO     : Analyzing Verilog file 'D:\yilingsi_fpga\Efinity_Project\Ti60F225_OV5640_Sobel_Stable\src\hdmi_ip\tmds_channel.v' [VERI-1482]
INFO     : Analyzing Verilog file 'D:\yilingsi_fpga\Efinity_Project\Ti60F225_OV5640_Sobel_Stable\src\hdmi_ip\rgb2dvi.v' [VERI-1482]
INFO     : Analyzing Verilog file 'D:\yilingsi_fpga\Efinity_Project\Ti60F225_OV5640_Sobel_Stable\src\cmos_i2c\I2C_OV5640_1280720_Config.v' [VERI-1482]
INFO     : Analyzing Verilog file 'D:\yilingsi_fpga\Efinity_Project\Ti60F225_OV5640_Sobel_Stable\src\sobel\sobel_line_delay.v' [VERI-1482]
INFO     : Analyzing Verilog file 'D:\yilingsi_fpga\Efinity_Project\Ti60F225_OV5640_Sobel_Stable\src\sobel\sobel_stream_720p.v' [VERI-1482]
INFO     : Analysis took 0.482578 seconds.
INFO     : 	Analysis took 0.375 seconds (approximately) in total CPU time.
INFO     : Analysis virtual memory usage: begin = 53.6 MB, end = 65.972 MB, delta = 12.372 MB
INFO     : 	Analysis peak virtual memory usage = 65.972 MB
INFO     : Analysis resident set memory usage: begin = 57.792 MB, end = 73.024 MB, delta = 15.232 MB
INFO     : 	Analysis peak resident set memory usage = 73.024 MB
INFO     : ***** Ending Analysis ... *****
INFO     : ***** Beginning Elaboration ... *****
WARNING  : D:\yilingsi_fpga\Efinity_Project\Ti60F225_OV5640_Sobel_Stable\example_top.v(612): port 'cal_shift_val' remains unconnected for this instance [VERI-1927]
WARNING  : D:\yilingsi_fpga\Efinity_Project\Ti60F225_OV5640_Sobel_Stable\example_top.v(966): port 'axi_awid' remains unconnected for this instance [VERI-1927]
WARNING  : D:\yilingsi_fpga\Efinity_Project\Ti60F225_OV5640_Sobel_Stable\example_top.v(997): port 'lcd_xpos' remains unconnected for this instance [VERI-1927]
WARNING  : D:\yilingsi_fpga\Efinity_Project\Ti60F225_OV5640_Sobel_Stable\example_top.v(1083): port 'TMDS_Clk_p' remains unconnected for this instance [VERI-1927]
INFO     : D:\yilingsi_fpga\Efinity_Project\Ti60F225_OV5640_Sobel_Stable\example_top.v(6): compiling module 'example_top' [VERI-1018]
WARNING  : D:\yilingsi_fpga\Efinity_Project\Ti60F225_OV5640_Sobel_Stable\example_top.v(443): expression size 32 truncated to fit in target size 1 [VERI-1209]
WARNING  : D:\yilingsi_fpga\Efinity_Project\Ti60F225_OV5640_Sobel_Stable\ip/DdrCtrl\DdrCtrl.sv(184): port 'wr_busy' remains unconnected for this instance [VERI-1927]
WARNING  : D:\yilingsi_fpga\Efinity_Project\Ti60F225_OV5640_Sobel_Stable\ip/DdrCtrl\DdrCtrl.sv(184): port 'wr_data' is not connected on this instance [VERI-2435]
INFO     : D:\yilingsi_fpga\Efinity_Project\Ti60F225_OV5640_Sobel_Stable\ip/DdrCtrl\DdrCtrl.sv(49): compiling module 'DdrCtrl' [VERI-1018]
INFO     : D:\yilingsi_fpga\Efinity_Project\Ti60F225_OV5640_Sobel_Stable\ip/DdrCtrl\DdrCtrl.sv(1859): compiling module 'efx_ddr3_soft_controller_f9db9b463f784e0ead4594b0b8e61d81' [VERI-1018]
WARNING  : D:\yilingsi_fpga\Efinity_Project\Ti60F225_OV5640_Sobel_Stable\ip/DdrCtrl\DdrCtrl.sv(2496): port '**' is not connected on this instance [VERI-2435]
INFO     : D:\yilingsi_fpga\Efinity_Project\Ti60F225_OV5640_Sobel_Stable\ip/DdrCtrl\DdrCtrl.sv(2496): compiling module '**' [VERI-1018]
INFO     : D:\yilingsi_fpga\Efinity_Project\Ti60F225_OV5640_Sobel_Stable\ip/DdrCtrl\DdrCtrl.sv(2611): compiling module '**' [VERI-1018]
WARNING  : D:\yilingsi_fpga\Efinity_Project\Ti60F225_OV5640_Sobel_Stable\ip/DdrCtrl\DdrCtrl.sv(2611): expression size ** truncated to fit in target size ** [VERI-1209]
INFO     : C:/Efinity/2025.1/sim_models/maplib/efinix_maplib.v(884): compiling module 'EFX_SRL8' [VERI-1018]
WARNING  : D:\yilingsi_fpga\Efinity_Project\Ti60F225_OV5640_Sobel_Stable\ip/DdrCtrl\DdrCtrl.sv(2496): actual bit length ** differs from formal bit length *** for port '**' [VERI-1330]
INFO     : D:\yilingsi_fpga\Efinity_Project\Ti60F225_OV5640_Sobel_Stable\ip/DdrCtrl\DdrCtrl.sv(2611): compiling module '**' [VERI-1018]
WARNING  : D:\yilingsi_fpga\Efinity_Project\Ti60F225_OV5640_Sobel_Stable\ip/DdrCtrl\DdrCtrl.sv(2611): expression size ** truncated to fit in target size ** [VERI-1209]
INFO     : D:\yilingsi_fpga\Efinity_Project\Ti60F225_OV5640_Sobel_Stable\ip/DdrCtrl\DdrCtrl.sv(2611): compiling module '**' [VERI-1018]
WARNING  : D:\yilingsi_fpga\Efinity_Project\Ti60F225_OV5640_Sobel_Stable\ip/DdrCtrl\DdrCtrl.sv(2611): expression size ** truncated to fit in target size ** [VERI-1209]
WARNING  : D:\yilingsi_fpga\Efinity_Project\Ti60F225_OV5640_Sobel_Stable\ip/DdrCtrl\DdrCtrl.sv(2496): actual bit length ** differs from formal bit length *** for port '**' [VERI-1330]
INFO     : D:\yilingsi_fpga\Efinity_Project\Ti60F225_OV5640_Sobel_Stable\ip/DdrCtrl\DdrCtrl.sv(3274): compiling module '**' [VERI-1018]
INFO     : D:\yilingsi_fpga\Efinity_Project\Ti60F225_OV5640_Sobel_Stable\ip/DdrCtrl\DdrCtrl.sv(1663): compiling module '**' [VERI-1018]
WARNING  : D:\yilingsi_fpga\Efinity_Project\Ti60F225_OV5640_Sobel_Stable\ip/DdrCtrl\DdrCtrl.sv(590): port '**' remains unconnected for this instance [VERI-1927]
INFO     : D:\yilingsi_fpga\Efinity_Project\Ti60F225_OV5640_Sobel_Stable\ip/DdrCtrl\DdrCtrl.sv(590): compiling module '**' [VERI-1018]
INFO     : D:\yilingsi_fpga\Efinity_Project\Ti60F225_OV5640_Sobel_Stable\ip/DdrCtrl\DdrCtrl.sv(1786): compiling module '**' [VERI-1018]
INFO     : D:\yilingsi_fpga\Efinity_Project\Ti60F225_OV5640_Sobel_Stable\ip/DdrCtrl\DdrCtrl.sv(1853): compiling module '**' [VERI-1018]
INFO     : D:\yilingsi_fpga\Efinity_Project\Ti60F225_OV5640_Sobel_Stable\ip/DdrCtrl\DdrCtrl.sv(1786): compiling module '**' [VERI-1018]
INFO     : D:\yilingsi_fpga\Efinity_Project\Ti60F225_OV5640_Sobel_Stable\ip/DdrCtrl\DdrCtrl.sv(1599): compiling module '**' [VERI-1018]
INFO     : D:\yilingsi_fpga\Efinity_Project\Ti60F225_OV5640_Sobel_Stable\ip/DdrCtrl\DdrCtrl.sv(1599): extracting RAM for identifier '**' [VERI-2571]
INFO     : D:\yilingsi_fpga\Efinity_Project\Ti60F225_OV5640_Sobel_Stable\ip/DdrCtrl\DdrCtrl.sv(262): compiling module '**' [VERI-1018]
INFO     : D:\yilingsi_fpga\Efinity_Project\Ti60F225_OV5640_Sobel_Stable\ip/DdrCtrl\DdrCtrl.sv(222): compiling module '**' [VERI-1018]
INFO     : D:\yilingsi_fpga\Efinity_Project\Ti60F225_OV5640_Sobel_Stable\ip/DdrCtrl\DdrCtrl.sv(1599): compiling module '**' [VERI-1018]
INFO     : D:\yilingsi_fpga\Efinity_Project\Ti60F225_OV5640_Sobel_Stable\ip/DdrCtrl\DdrCtrl.sv(1599): extracting RAM for identifier '**' [VERI-2571]
INFO     : D:\yilingsi_fpga\Efinity_Project\Ti60F225_OV5640_Sobel_Stable\ip/DdrCtrl\DdrCtrl.sv(1599): compiling module '**' [VERI-1018]
INFO     : D:\yilingsi_fpga\Efinity_Project\Ti60F225_OV5640_Sobel_Stable\ip/DdrCtrl\DdrCtrl.sv(1599): extracting RAM for identifier '**' [VERI-2571]
INFO     : D:\yilingsi_fpga\Efinity_Project\Ti60F225_OV5640_Sobel_Stable\ip/DdrCtrl\DdrCtrl.sv(3295): compiling module 'efx_fifo_top_f9db9b463f784e0ead4594b0b8e61d81(FAMILY="TITANIUM",BYPASS_RESET_SYNC=1,MODE="FWFT",DEPTH=64,DATA_WIDTH=128,OUTPUT_REG=1,PROGRAMMABLE_FULL="NONE",PROG_FULL_ASSERT=33,PROG_FULL_NEGATE=33,PROGRAMMABLE_EMPTY="NONE",PROG_EMPTY_ASSERT=0,PROG_EMPTY_NEGATE=2)' [VERI-1018]
INFO     : D:\yilingsi_fpga\Efinity_Project\Ti60F225_OV5640_Sobel_Stable\ip/DdrCtrl\DdrCtrl.sv(3615): compiling module 'efx_fifo_ram_f9db9b463f784e0ead4594b0b8e61d81(FAMILY="TITANIUM",WR_DEPTH=64,RD_DEPTH=64,WDATA_WIDTH=128,RDATA_WIDTH=128,WADDR_WIDTH=6,RADDR_WIDTH=6,RAM_MUX_RATIO=1)' [VERI-1018]
INFO     : D:\yilingsi_fpga\Efinity_Project\Ti60F225_OV5640_Sobel_Stable\ip/DdrCtrl\DdrCtrl.sv(3652): extracting RAM for identifier 'ram' [VERI-2571]
INFO     : D:\yilingsi_fpga\Efinity_Project\Ti60F225_OV5640_Sobel_Stable\ip/DdrCtrl\DdrCtrl.sv(4256): compiling module 'efx_fifo_ctl_f9db9b463f784e0ead4594b0b8e61d81(SYNC_CLK=0,MODE="FWFT",WR_DEPTH=64,WADDR_WIDTH=6,RADDR_WIDTH=6,PROG_FULL_ASSERT=33,PROG_FULL_NEGATE=33,PROG_EMPTY_NEGATE=2,OUTPUT_REG=1,OVERFLOW_PROTECT=1,UNDERFLOW_PROTECT=1)' [VERI-1018]
INFO     : D:\yilingsi_fpga\Efinity_Project\Ti60F225_OV5640_Sobel_Stable\ip/DdrCtrl\DdrCtrl.sv(4699): compiling module 'efx_fifo_bin2gray_f9db9b463f784e0ead4594b0b8e61d81(WIDTH=7)' [VERI-1018]
INFO     : D:\yilingsi_fpga\Efinity_Project\Ti60F225_OV5640_Sobel_Stable\ip/DdrCtrl\DdrCtrl.sv(4129): compiling module 'efx_asyncreg_f9db9b463f784e0ead4594b0b8e61d81(WIDTH=7,ACTIVE_LOW=0)' [VERI-1018]
INFO     : D:\yilingsi_fpga\Efinity_Project\Ti60F225_OV5640_Sobel_Stable\ip/DdrCtrl\DdrCtrl.sv(3931): compiling module 'efx_fifo_gray2bin_f9db9b463f784e0ead4594b0b8e61d81(WIDTH=7)' [VERI-1018]
INFO     : D:\yilingsi_fpga\Efinity_Project\Ti60F225_OV5640_Sobel_Stable\ip/DdrCtrl\DdrCtrl.sv(3931): compiling module 'efx_fifo_gray2bin_f9db9b463f784e0ead4594b0b8e61d81(WIDTH=6)' [VERI-1018]
INFO     : D:\yilingsi_fpga\Efinity_Project\Ti60F225_OV5640_Sobel_Stable\ip/DdrCtrl\DdrCtrl.sv(3931): compiling module 'efx_fifo_gray2bin_f9db9b463f784e0ead4594b0b8e61d81' [VERI-1018]
INFO     : D:\yilingsi_fpga\Efinity_Project\Ti60F225_OV5640_Sobel_Stable\ip/DdrCtrl\DdrCtrl.sv(3931): compiling module 'efx_fifo_gray2bin_f9db9b463f784e0ead4594b0b8e61d81(WIDTH=4)' [VERI-1018]
INFO     : D:\yilingsi_fpga\Efinity_Project\Ti60F225_OV5640_Sobel_Stable\ip/DdrCtrl\DdrCtrl.sv(3931): compiling module 'efx_fifo_gray2bin_f9db9b463f784e0ead4594b0b8e61d81(WIDTH=3)' [VERI-1018]
INFO     : D:\yilingsi_fpga\Efinity_Project\Ti60F225_OV5640_Sobel_Stable\ip/DdrCtrl\DdrCtrl.sv(3931): compiling module 'efx_fifo_gray2bin_f9db9b463f784e0ead4594b0b8e61d81(WIDTH=2)' [VERI-1018]
WARNING  : D:\yilingsi_fpga\Efinity_Project\Ti60F225_OV5640_Sobel_Stable\ip/DdrCtrl\DdrCtrl.sv(590): actual bit length ** differs from formal bit length *** for port '**' [VERI-1330]
INFO     : D:\yilingsi_fpga\Efinity_Project\Ti60F225_OV5640_Sobel_Stable\ip/DdrCtrl\DdrCtrl.sv(1599): compiling module '**' [VERI-1018]
INFO     : D:\yilingsi_fpga\Efinity_Project\Ti60F225_OV5640_Sobel_Stable\ip/DdrCtrl\DdrCtrl.sv(1599): extracting RAM for identifier '**' [VERI-2571]
INFO     : D:\yilingsi_fpga\Efinity_Project\Ti60F225_OV5640_Sobel_Stable\ip/DdrCtrl\DdrCtrl.sv(1599): compiling module '**' [VERI-1018]
INFO     : D:\yilingsi_fpga\Efinity_Project\Ti60F225_OV5640_Sobel_Stable\ip/DdrCtrl\DdrCtrl.sv(1599): extracting RAM for identifier '**' [VERI-2571]
WARNING  : D:\yilingsi_fpga\Efinity_Project\Ti60F225_OV5640_Sobel_Stable\ip/DdrCtrl\DdrCtrl.sv(1460): port '**' remains unconnected for this instance [VERI-1927]
INFO     : D:\yilingsi_fpga\Efinity_Project\Ti60F225_OV5640_Sobel_Stable\ip/DdrCtrl\DdrCtrl.sv(1460): compiling module '**' [VERI-1018]
WARNING  : D:\yilingsi_fpga\Efinity_Project\Ti60F225_OV5640_Sobel_Stable\ip/DdrCtrl\DdrCtrl.sv(4817): port '**' remains unconnected for this instance [VERI-1927]
INFO     : D:\yilingsi_fpga\Efinity_Project\Ti60F225_OV5640_Sobel_Stable\ip/DdrCtrl\DdrCtrl.sv(4817): compiling module '**' [VERI-1018]
INFO     : D:\yilingsi_fpga\Efinity_Project\Ti60F225_OV5640_Sobel_Stable\ip/DdrCtrl\DdrCtrl.sv(3295): compiling module 'efx_fifo_top_f9db9b463f784e0ead4594b0b8e61d81(FAMILY="TITANIUM",BYPASS_RESET_SYNC=1,DEPTH=64,DATA_WIDTH=1,PIPELINE_REG=0,OPTIONAL_FLAGS=0,OUTPUT_REG=1,PROGRAMMABLE_FULL="NONE",PROG_FULL_ASSERT=62,PROG_FULL_NEGATE=62,PROGRAMMABLE_EMPTY="NONE",PROG_EMPTY_ASSERT=0,PROG_EMPTY_NEGATE=2)' [VERI-1018]
INFO     : D:\yilingsi_fpga\Efinity_Project\Ti60F225_OV5640_Sobel_Stable\ip/DdrCtrl\DdrCtrl.sv(3615): compiling module 'efx_fifo_ram_f9db9b463f784e0ead4594b0b8e61d81(FAMILY="TITANIUM",WR_DEPTH=64,RD_DEPTH=64,WDATA_WIDTH=1,RDATA_WIDTH=1,WADDR_WIDTH=6,RADDR_WIDTH=6,RAM_MUX_RATIO=1)' [VERI-1018]
INFO     : D:\yilingsi_fpga\Efinity_Project\Ti60F225_OV5640_Sobel_Stable\ip/DdrCtrl\DdrCtrl.sv(3652): extracting RAM for identifier 'ram' [VERI-2571]
INFO     : D:\yilingsi_fpga\Efinity_Project\Ti60F225_OV5640_Sobel_Stable\ip/DdrCtrl\DdrCtrl.sv(4256): compiling module 'efx_fifo_ctl_f9db9b463f784e0ead4594b0b8e61d81(SYNC_CLK=0,WR_DEPTH=64,WADDR_WIDTH=6,RADDR_WIDTH=6,PIPELINE_REG=0,ALMOST_FLAG=0,PROG_FULL_ASSERT=62,PROG_FULL_NEGATE=62,PROG_EMPTY_NEGATE=2,OUTPUT_REG=1,HANDSHAKE_FLAG=0,OVERFLOW_PROTECT=1,UNDERFLOW_PROTECT=1)' [VERI-1018]
WARNING  : D:\yilingsi_fpga\Efinity_Project\Ti60F225_OV5640_Sobel_Stable\ip/DdrCtrl\DdrCtrl.sv(4817): actual bit length ** differs from formal bit length *** for port '**' [VERI-1330]
WARNING  : D:\yilingsi_fpga\Efinity_Project\Ti60F225_OV5640_Sobel_Stable\ip/DdrCtrl\DdrCtrl.sv(4817): input port '**' is not connected on this instance [VDB-1013]
INFO     : D:\yilingsi_fpga\Efinity_Project\Ti60F225_OV5640_Sobel_Stable\ip/DdrCtrl\DdrCtrl.sv(2160): compiling module '**' [VERI-1018]
INFO     : D:\yilingsi_fpga\Efinity_Project\Ti60F225_OV5640_Sobel_Stable\ip/DdrCtrl\DdrCtrl.sv(2160): extracting RAM for identifier '**' [VERI-2571]
WARNING  : D:\yilingsi_fpga\Efinity_Project\Ti60F225_OV5640_Sobel_Stable\ip/DdrCtrl\DdrCtrl.sv(1460): expression size ** truncated to fit in target size ** [VERI-1209]
WARNING  : D:\yilingsi_fpga\Efinity_Project\Ti60F225_OV5640_Sobel_Stable\ip/DdrCtrl\DdrCtrl.sv(1460): net '**' does not have a driver [VDB-1002]
WARNING  : D:\yilingsi_fpga\Efinity_Project\Ti60F225_OV5640_Sobel_Stable\ip/DdrCtrl\DdrCtrl.sv(590): net '**' does not have a driver [VDB-1002]
WARNING  : D:\yilingsi_fpga\Efinity_Project\Ti60F225_OV5640_Sobel_Stable\ip/DdrCtrl\DdrCtrl.sv(590): input port '**' is not connected on this instance [VDB-1013]
INFO     : D:\yilingsi_fpga\Efinity_Project\Ti60F225_OV5640_Sobel_Stable\ip/DdrCtrl\DdrCtrl.sv(1786): compiling module '**' [VERI-1018]
INFO     : D:\yilingsi_fpga\Efinity_Project\Ti60F225_OV5640_Sobel_Stable\ip/DdrCtrl\DdrCtrl.sv(1853): compiling module '**' [VERI-1018]
INFO     : D:\yilingsi_fpga\Efinity_Project\Ti60F225_OV5640_Sobel_Stable\ip/DdrCtrl\DdrCtrl.sv(1726): compiling module '**' [VERI-1018]
WARNING  : D:\yilingsi_fpga\Efinity_Project\Ti60F225_OV5640_Sobel_Stable\ip/DdrCtrl\DdrCtrl.sv(2496): input port '**' is not connected on this instance [VDB-1013]
WARNING  : D:\yilingsi_fpga\Efinity_Project\Ti60F225_OV5640_Sobel_Stable\ip/DdrCtrl\DdrCtrl.sv(117): input port 'wr_data[127]' is not connected on this instance [VDB-1013]
WARNING  : D:\yilingsi_fpga\Efinity_Project\Ti60F225_OV5640_Sobel_Stable\example_top.v(579): actual bit length 4 differs from formal bit length 8 for port 'axi_aid' [VERI-1330]
WARNING  : D:\yilingsi_fpga\Efinity_Project\Ti60F225_OV5640_Sobel_Stable\example_top.v(586): actual bit length 4 differs from formal bit length 8 for port 'axi_wid' [VERI-1330]
WARNING  : D:\yilingsi_fpga\Efinity_Project\Ti60F225_OV5640_Sobel_Stable\example_top.v(595): actual bit length 4 differs from formal bit length 8 for port 'axi_bid' [VERI-1330]
WARNING  : D:\yilingsi_fpga\Efinity_Project\Ti60F225_OV5640_Sobel_Stable\example_top.v(601): actual bit length 4 differs from formal bit length 8 for port 'axi_rid' [VERI-1330]
INFO     : D:\yilingsi_fpga\Efinity_Project\Ti60F225_OV5640_Sobel_Stable\src\axi\AXI4_AWARMux.v(11): compiling module 'AXI4_AWARMux(AID_LEN=4)' [VERI-1018]
WARNING  : D:\yilingsi_fpga\Efinity_Project\Ti60F225_OV5640_Sobel_Stable\src\axi\AXI4_AWARMux.v(90): expression size 2 truncated to fit in target size 1 [VERI-1209]
INFO     : D:\yilingsi_fpga\Efinity_Project\Ti60F225_OV5640_Sobel_Stable\src\cmos_i2c\i2c_timing_ctrl_16bit.v(32): compiling module 'i2c_timing_ctrl_16bit(CLK_FREQ=96000000,I2C_FREQ=50000)' [VERI-1018]
INFO     : D:\yilingsi_fpga\Efinity_Project\Ti60F225_OV5640_Sobel_Stable\src\cmos_i2c\I2C_OV5640_1280720_Config.v(17): compiling module 'I2C_OV5640_1280720_Config' [VERI-1018]
WARNING  : D:\yilingsi_fpga\Efinity_Project\Ti60F225_OV5640_Sobel_Stable\example_top.v(713): expression size 3 truncated to fit in target size 2 [VERI-1209]
WARNING  : D:\yilingsi_fpga\Efinity_Project\Ti60F225_OV5640_Sobel_Stable\example_top.v(714): expression size 5 truncated to fit in target size 4 [VERI-1209]
INFO     : D:\yilingsi_fpga\Efinity_Project\Ti60F225_OV5640_Sobel_Stable\src\PWMLite.v(10): compiling module 'PWMLite' [VERI-1018]
WARNING  : D:\yilingsi_fpga\Efinity_Project\Ti60F225_OV5640_Sobel_Stable\src\PWMLite.v(22): expression size 8 truncated to fit in target size 7 [VERI-1209]
INFO     : D:\yilingsi_fpga\Efinity_Project\Ti60F225_OV5640_Sobel_Stable\src\Sensor_Image_XYCrop.v(32): compiling module 'Sensor_Image_XYCrop(IMAGE_HSIZE_SOURCE=2560,IMAGE_VSIZE_SOURCE=720,IMAGE_HSIZE_TARGET=2560,IMAGE_YSIZE_TARGET=720,PIXEL_DATA_WIDTH=8)' [VERI-1018]
WARNING  : D:\yilingsi_fpga\Efinity_Project\Ti60F225_OV5640_Sobel_Stable\example_top.v(867): actual bit length 64 differs from formal bit length 8 for port 'image_out_data' [VERI-1330]
INFO     : D:\yilingsi_fpga\Efinity_Project\Ti60F225_OV5640_Sobel_Stable\src\axi\axi4_ctrl.v(2): compiling module 'axi4_ctrl(C_ID_LEN=4,C_RD_END_ADDR=1843200,C_W_WIDTH=8,C_R_WIDTH=16)' [VERI-1018]
WARNING  : D:\yilingsi_fpga\Efinity_Project\Ti60F225_OV5640_Sobel_Stable\src\axi\axi4_ctrl.v(91): expression size 32 truncated to fit in target size 16 [VERI-1209]
WARNING  : D:\yilingsi_fpga\Efinity_Project\Ti60F225_OV5640_Sobel_Stable\src\axi\axi4_ctrl.v(113): expression size 3 truncated to fit in target size 2 [VERI-1209]
WARNING  : D:\yilingsi_fpga\Efinity_Project\Ti60F225_OV5640_Sobel_Stable\src\axi\axi4_ctrl.v(114): expression size 3 truncated to fit in target size 2 [VERI-1209]
WARNING  : D:\yilingsi_fpga\Efinity_Project\Ti60F225_OV5640_Sobel_Stable\src\axi\axi4_ctrl.v(196): expression size 3 truncated to fit in target size 2 [VERI-1209]
WARNING  : D:\yilingsi_fpga\Efinity_Project\Ti60F225_OV5640_Sobel_Stable\src\axi\axi4_ctrl.v(238): expression size 2 truncated to fit in target size 1 [VERI-1209]
WARNING  : D:\yilingsi_fpga\Efinity_Project\Ti60F225_OV5640_Sobel_Stable\src\axi\axi4_ctrl.v(257): expression size 23 truncated to fit in target size 22 [VERI-1209]
WARNING  : D:\yilingsi_fpga\Efinity_Project\Ti60F225_OV5640_Sobel_Stable\ip/W0_FIFO_8\W0_FIFO_8.sv(116): port 'a_wr_rst_i' remains unconnected for this instance [VERI-1927]
INFO     : D:\yilingsi_fpga\Efinity_Project\Ti60F225_OV5640_Sobel_Stable\ip/W0_FIFO_8\W0_FIFO_8.sv(49): compiling module 'W0_FIFO_8' [VERI-1018]
INFO     : D:\yilingsi_fpga\Efinity_Project\Ti60F225_OV5640_Sobel_Stable\ip/W0_FIFO_8\W0_FIFO_8.sv(316): compiling module 'efx_fifo_top_e28a7d4c8cc34a9cb9a97c74b3f9b99f(FAMILY="TITANIUM",SYNC_STAGE=3,MODE="FWFT",DEPTH=8192,DATA_WIDTH=8,PROGRAMMABLE_FULL="NONE",PROG_FULL_ASSERT=128,PROG_FULL_NEGATE=128,PROGRAMMABLE_EMPTY="STATIC_SINGLE",PROG_EMPTY_ASSERT=127,PROG_EMPTY_NEGATE=128,ASYM_WIDTH_RATIO=8)' [VERI-1018]
INFO     : D:\yilingsi_fpga\Efinity_Project\Ti60F225_OV5640_Sobel_Stable\ip/W0_FIFO_8\W0_FIFO_8.sv(1376): compiling module 'efx_resetsync_e28a7d4c8cc34a9cb9a97c74b3f9b99f(ACTIVE_LOW=0)' [VERI-1018]
INFO     : D:\yilingsi_fpga\Efinity_Project\Ti60F225_OV5640_Sobel_Stable\ip/W0_FIFO_8\W0_FIFO_8.sv(1421): compiling module 'efx_asyncreg_e28a7d4c8cc34a9cb9a97c74b3f9b99f(WIDTH=1,ACTIVE_LOW=0,RST_VALUE=1)' [VERI-1018]
INFO     : D:\yilingsi_fpga\Efinity_Project\Ti60F225_OV5640_Sobel_Stable\ip/W0_FIFO_8\W0_FIFO_8.sv(636): compiling module 'efx_fifo_ram_e28a7d4c8cc34a9cb9a97c74b3f9b99f(FAMILY="TITANIUM",WR_DEPTH=8192,RDATA_WIDTH=128,WADDR_WIDTH=13,OUTPUT_REG=0,RAM_MUX_RATIO=16)' [VERI-1018]
INFO     : D:\yilingsi_fpga\Efinity_Project\Ti60F225_OV5640_Sobel_Stable\ip/W0_FIFO_8\W0_FIFO_8.sv(673): extracting RAM for identifier 'ram' [VERI-2571]
INFO     : D:\yilingsi_fpga\Efinity_Project\Ti60F225_OV5640_Sobel_Stable\ip/W0_FIFO_8\W0_FIFO_8.sv(948): compiling module 'efx_fifo_ctl_e28a7d4c8cc34a9cb9a97c74b3f9b99f(SYNC_CLK=0,SYNC_STAGE=3,MODE="FWFT",WR_DEPTH=8192,WADDR_WIDTH=13,ASYM_WIDTH_RATIO=8,RAM_MUX_RATIO=16,PROG_FULL_ASSERT=128,PROG_FULL_NEGATE=128,PROGRAMMABLE_EMPTY="STATIC_SINGLE",PROG_EMPTY_ASSERT=127,PROG_EMPTY_NEGATE=128,OVERFLOW_PROTECT=1,UNDERFLOW_PROTECT=1)' [VERI-1018]
WARNING  : D:\yilingsi_fpga\Efinity_Project\Ti60F225_OV5640_Sobel_Stable\ip/W0_FIFO_8\W0_FIFO_8.sv(1251): expression size 32 truncated to fit in target size 14 [VERI-1209]
WARNING  : D:\yilingsi_fpga\Efinity_Project\Ti60F225_OV5640_Sobel_Stable\ip/W0_FIFO_8\W0_FIFO_8.sv(1252): expression size 32 truncated to fit in target size 10 [VERI-1209]
INFO     : D:\yilingsi_fpga\Efinity_Project\Ti60F225_OV5640_Sobel_Stable\ip/W0_FIFO_8\W0_FIFO_8.sv(227): compiling module 'efx_fifo_bin2gray_e28a7d4c8cc34a9cb9a97c74b3f9b99f(WIDTH=10)' [VERI-1018]
INFO     : D:\yilingsi_fpga\Efinity_Project\Ti60F225_OV5640_Sobel_Stable\ip/W0_FIFO_8\W0_FIFO_8.sv(1421): compiling module 'efx_asyncreg_e28a7d4c8cc34a9cb9a97c74b3f9b99f(ASYNC_STAGE=3,WIDTH=10,ACTIVE_LOW=0)' [VERI-1018]
INFO     : D:\yilingsi_fpga\Efinity_Project\Ti60F225_OV5640_Sobel_Stable\ip/W0_FIFO_8\W0_FIFO_8.sv(139): compiling module 'efx_fifo_gray2bin_e28a7d4c8cc34a9cb9a97c74b3f9b99f(WIDTH=10)' [VERI-1018]
INFO     : D:\yilingsi_fpga\Efinity_Project\Ti60F225_OV5640_Sobel_Stable\ip/W0_FIFO_8\W0_FIFO_8.sv(139): compiling module 'efx_fifo_gray2bin_e28a7d4c8cc34a9cb9a97c74b3f9b99f(WIDTH=9)' [VERI-1018]
INFO     : D:\yilingsi_fpga\Efinity_Project\Ti60F225_OV5640_Sobel_Stable\ip/W0_FIFO_8\W0_FIFO_8.sv(139): compiling module 'efx_fifo_gray2bin_e28a7d4c8cc34a9cb9a97c74b3f9b99f(WIDTH=8)' [VERI-1018]
INFO     : D:\yilingsi_fpga\Efinity_Project\Ti60F225_OV5640_Sobel_Stable\ip/W0_FIFO_8\W0_FIFO_8.sv(139): compiling module 'efx_fifo_gray2bin_e28a7d4c8cc34a9cb9a97c74b3f9b99f(WIDTH=7)' [VERI-1018]
INFO     : D:\yilingsi_fpga\Efinity_Project\Ti60F225_OV5640_Sobel_Stable\ip/W0_FIFO_8\W0_FIFO_8.sv(139): compiling module 'efx_fifo_gray2bin_e28a7d4c8cc34a9cb9a97c74b3f9b99f(WIDTH=6)' [VERI-1018]
INFO     : D:\yilingsi_fpga\Efinity_Project\Ti60F225_OV5640_Sobel_Stable\ip/W0_FIFO_8\W0_FIFO_8.sv(139): compiling module 'efx_fifo_gray2bin_e28a7d4c8cc34a9cb9a97c74b3f9b99f' [VERI-1018]
INFO     : D:\yilingsi_fpga\Efinity_Project\Ti60F225_OV5640_Sobel_Stable\ip/W0_FIFO_8\W0_FIFO_8.sv(139): compiling module 'efx_fifo_gray2bin_e28a7d4c8cc34a9cb9a97c74b3f9b99f(WIDTH=4)' [VERI-1018]
INFO     : D:\yilingsi_fpga\Efinity_Project\Ti60F225_OV5640_Sobel_Stable\ip/W0_FIFO_8\W0_FIFO_8.sv(139): compiling module 'efx_fifo_gray2bin_e28a7d4c8cc34a9cb9a97c74b3f9b99f(WIDTH=3)' [VERI-1018]
INFO     : D:\yilingsi_fpga\Efinity_Project\Ti60F225_OV5640_Sobel_Stable\ip/W0_FIFO_8\W0_FIFO_8.sv(139): compiling module 'efx_fifo_gray2bin_e28a7d4c8cc34a9cb9a97c74b3f9b99f(WIDTH=2)' [VERI-1018]
INFO     : D:\yilingsi_fpga\Efinity_Project\Ti60F225_OV5640_Sobel_Stable\ip/W0_FIFO_8\W0_FIFO_8.sv(227): compiling module 'efx_fifo_bin2gray_e28a7d4c8cc34a9cb9a97c74b3f9b99f(WIDTH=14)' [VERI-1018]
INFO     : D:\yilingsi_fpga\Efinity_Project\Ti60F225_OV5640_Sobel_Stable\ip/W0_FIFO_8\W0_FIFO_8.sv(1421): compiling module 'efx_asyncreg_e28a7d4c8cc34a9cb9a97c74b3f9b99f(ASYNC_STAGE=3,WIDTH=14,ACTIVE_LOW=0)' [VERI-1018]
INFO     : D:\yilingsi_fpga\Efinity_Project\Ti60F225_OV5640_Sobel_Stable\ip/W0_FIFO_8\W0_FIFO_8.sv(139): compiling module 'efx_fifo_gray2bin_e28a7d4c8cc34a9cb9a97c74b3f9b99f(WIDTH=14)' [VERI-1018]
INFO     : D:\yilingsi_fpga\Efinity_Project\Ti60F225_OV5640_Sobel_Stable\ip/W0_FIFO_8\W0_FIFO_8.sv(139): compiling module 'efx_fifo_gray2bin_e28a7d4c8cc34a9cb9a97c74b3f9b99f(WIDTH=13)' [VERI-1018]
INFO     : D:\yilingsi_fpga\Efinity_Project\Ti60F225_OV5640_Sobel_Stable\ip/W0_FIFO_8\W0_FIFO_8.sv(139): compiling module 'efx_fifo_gray2bin_e28a7d4c8cc34a9cb9a97c74b3f9b99f(WIDTH=12)' [VERI-1018]
INFO     : D:\yilingsi_fpga\Efinity_Project\Ti60F225_OV5640_Sobel_Stable\ip/W0_FIFO_8\W0_FIFO_8.sv(139): compiling module 'efx_fifo_gray2bin_e28a7d4c8cc34a9cb9a97c74b3f9b99f(WIDTH=11)' [VERI-1018]
WARNING  : D:\yilingsi_fpga\Efinity_Project\Ti60F225_OV5640_Sobel_Stable\ip/W0_FIFO_8\W0_FIFO_8.sv(95): input port 'a_wr_rst_i' is not connected on this instance [VDB-1013]
WARNING  : D:\yilingsi_fpga\Efinity_Project\Ti60F225_OV5640_Sobel_Stable\ip/R0_FIFO_16\R0_FIFO_16.v(108): port 'a_wr_rst_i' remains unconnected for this instance [VERI-1927]
INFO     : D:\yilingsi_fpga\Efinity_Project\Ti60F225_OV5640_Sobel_Stable\ip/R0_FIFO_16\R0_FIFO_16.v(49): compiling module 'R0_FIFO_16' [VERI-1018]
INFO     : D:\yilingsi_fpga\Efinity_Project\Ti60F225_OV5640_Sobel_Stable\ip/R0_FIFO_16\R0_FIFO_16.v(389): compiling module 'efx_fifo_top_999a6bd87d6240e6b5110248e73f14b9(FAMILY="TITANIUM",SYNC_STAGE=3,MODE="FWFT",DATA_WIDTH=128,PROGRAMMABLE_FULL="STATIC_SINGLE",PROG_FULL_ASSERT=256,PROG_FULL_NEGATE=256,PROGRAMMABLE_EMPTY="NONE",PROG_EMPTY_ASSERT=0,PROG_EMPTY_NEGATE=2,ASYM_WIDTH_RATIO=1)' [VERI-1018]
INFO     : D:\yilingsi_fpga\Efinity_Project\Ti60F225_OV5640_Sobel_Stable\ip/R0_FIFO_16\R0_FIFO_16.v(679): compiling module 'efx_fifo_ram_999a6bd87d6240e6b5110248e73f14b9(FAMILY="TITANIUM",MODE="FWFT",RD_DEPTH=4096,WDATA_WIDTH=128,RDATA_WIDTH=16,RADDR_WIDTH=12,OUTPUT_REG=0,RAM_MUX_RATIO=8)' [VERI-1018]
INFO     : D:\yilingsi_fpga\Efinity_Project\Ti60F225_OV5640_Sobel_Stable\ip/R0_FIFO_16\R0_FIFO_16.v(715): extracting RAM for identifier 'ram' [VERI-2571]
INFO     : D:\yilingsi_fpga\Efinity_Project\Ti60F225_OV5640_Sobel_Stable\ip/R0_FIFO_16\R0_FIFO_16.v(914): compiling module 'efx_fifo_ctl_999a6bd87d6240e6b5110248e73f14b9(FAMILY="TITANIUM",SYNC_CLK=0,SYNC_STAGE=3,MODE="FWFT",RADDR_WIDTH=12,ASYM_WIDTH_RATIO=1,RAM_MUX_RATIO=8,PROGRAMMABLE_FULL="STATIC_SINGLE",PROG_FULL_ASSERT=256,PROG_FULL_NEGATE=256,PROG_EMPTY_NEGATE=2)' [VERI-1018]
WARNING  : D:\yilingsi_fpga\Efinity_Project\Ti60F225_OV5640_Sobel_Stable\ip/R0_FIFO_16\R0_FIFO_16.v(1184): expression size 32 truncated to fit in target size 10 [VERI-1209]
WARNING  : D:\yilingsi_fpga\Efinity_Project\Ti60F225_OV5640_Sobel_Stable\ip/R0_FIFO_16\R0_FIFO_16.v(1185): expression size 32 truncated to fit in target size 13 [VERI-1209]
INFO     : D:\yilingsi_fpga\Efinity_Project\Ti60F225_OV5640_Sobel_Stable\ip/R0_FIFO_16\R0_FIFO_16.v(300): compiling module 'efx_fifo_bin2gray_999a6bd87d6240e6b5110248e73f14b9(WIDTH=13)' [VERI-1018]
INFO     : D:\yilingsi_fpga\Efinity_Project\Ti60F225_OV5640_Sobel_Stable\ip/R0_FIFO_16\R0_FIFO_16.v(129): compiling module 'efx_fifo_datasync_999a6bd87d6240e6b5110248e73f14b9(STAGE=3,WIDTH=13)' [VERI-1018]
INFO     : D:\yilingsi_fpga\Efinity_Project\Ti60F225_OV5640_Sobel_Stable\ip/R0_FIFO_16\R0_FIFO_16.v(212): compiling module 'efx_fifo_gray2bin_999a6bd87d6240e6b5110248e73f14b9(WIDTH=13)' [VERI-1018]
INFO     : D:\yilingsi_fpga\Efinity_Project\Ti60F225_OV5640_Sobel_Stable\ip/R0_FIFO_16\R0_FIFO_16.v(212): compiling module 'efx_fifo_gray2bin_999a6bd87d6240e6b5110248e73f14b9(WIDTH=12)' [VERI-1018]
INFO     : D:\yilingsi_fpga\Efinity_Project\Ti60F225_OV5640_Sobel_Stable\ip/R0_FIFO_16\R0_FIFO_16.v(212): compiling module 'efx_fifo_gray2bin_999a6bd87d6240e6b5110248e73f14b9(WIDTH=11)' [VERI-1018]
INFO     : D:\yilingsi_fpga\Efinity_Project\Ti60F225_OV5640_Sobel_Stable\ip/R0_FIFO_16\R0_FIFO_16.v(212): compiling module 'efx_fifo_gray2bin_999a6bd87d6240e6b5110248e73f14b9(WIDTH=10)' [VERI-1018]
INFO     : D:\yilingsi_fpga\Efinity_Project\Ti60F225_OV5640_Sobel_Stable\ip/R0_FIFO_16\R0_FIFO_16.v(212): compiling module 'efx_fifo_gray2bin_999a6bd87d6240e6b5110248e73f14b9(WIDTH=9)' [VERI-1018]
INFO     : D:\yilingsi_fpga\Efinity_Project\Ti60F225_OV5640_Sobel_Stable\ip/R0_FIFO_16\R0_FIFO_16.v(212): compiling module 'efx_fifo_gray2bin_999a6bd87d6240e6b5110248e73f14b9(WIDTH=8)' [VERI-1018]
INFO     : D:\yilingsi_fpga\Efinity_Project\Ti60F225_OV5640_Sobel_Stable\ip/R0_FIFO_16\R0_FIFO_16.v(212): compiling module 'efx_fifo_gray2bin_999a6bd87d6240e6b5110248e73f14b9(WIDTH=7)' [VERI-1018]
INFO     : D:\yilingsi_fpga\Efinity_Project\Ti60F225_OV5640_Sobel_Stable\ip/R0_FIFO_16\R0_FIFO_16.v(212): compiling module 'efx_fifo_gray2bin_999a6bd87d6240e6b5110248e73f14b9(WIDTH=6)' [VERI-1018]
INFO     : D:\yilingsi_fpga\Efinity_Project\Ti60F225_OV5640_Sobel_Stable\ip/R0_FIFO_16\R0_FIFO_16.v(212): compiling module 'efx_fifo_gray2bin_999a6bd87d6240e6b5110248e73f14b9' [VERI-1018]
INFO     : D:\yilingsi_fpga\Efinity_Project\Ti60F225_OV5640_Sobel_Stable\ip/R0_FIFO_16\R0_FIFO_16.v(212): compiling module 'efx_fifo_gray2bin_999a6bd87d6240e6b5110248e73f14b9(WIDTH=4)' [VERI-1018]
INFO     : D:\yilingsi_fpga\Efinity_Project\Ti60F225_OV5640_Sobel_Stable\ip/R0_FIFO_16\R0_FIFO_16.v(212): compiling module 'efx_fifo_gray2bin_999a6bd87d6240e6b5110248e73f14b9(WIDTH=3)' [VERI-1018]
INFO     : D:\yilingsi_fpga\Efinity_Project\Ti60F225_OV5640_Sobel_Stable\ip/R0_FIFO_16\R0_FIFO_16.v(212): compiling module 'efx_fifo_gray2bin_999a6bd87d6240e6b5110248e73f14b9(WIDTH=2)' [VERI-1018]
INFO     : D:\yilingsi_fpga\Efinity_Project\Ti60F225_OV5640_Sobel_Stable\ip/R0_FIFO_16\R0_FIFO_16.v(300): compiling module 'efx_fifo_bin2gray_999a6bd87d6240e6b5110248e73f14b9(WIDTH=10)' [VERI-1018]
INFO     : D:\yilingsi_fpga\Efinity_Project\Ti60F225_OV5640_Sobel_Stable\ip/R0_FIFO_16\R0_FIFO_16.v(129): compiling module 'efx_fifo_datasync_999a6bd87d6240e6b5110248e73f14b9(STAGE=3,WIDTH=10)' [VERI-1018]
WARNING  : D:\yilingsi_fpga\Efinity_Project\Ti60F225_OV5640_Sobel_Stable\ip/R0_FIFO_16\R0_FIFO_16.v(104): actual bit length 9 differs from formal bit length 10 for port 'wr_datacount_o' [VERI-1330]
WARNING  : D:\yilingsi_fpga\Efinity_Project\Ti60F225_OV5640_Sobel_Stable\ip/R0_FIFO_16\R0_FIFO_16.v(106): actual bit length 12 differs from formal bit length 13 for port 'rd_datacount_o' [VERI-1330]
WARNING  : D:\yilingsi_fpga\Efinity_Project\Ti60F225_OV5640_Sobel_Stable\ip/R0_FIFO_16\R0_FIFO_16.v(88): input port 'a_wr_rst_i' is not connected on this instance [VDB-1013]
WARNING  : D:\yilingsi_fpga\Efinity_Project\Ti60F225_OV5640_Sobel_Stable\src\axi\axi4_ctrl.v(464): expression size 17 truncated to fit in target size 16 [VERI-1209]
WARNING  : D:\yilingsi_fpga\Efinity_Project\Ti60F225_OV5640_Sobel_Stable\src\axi\axi4_ctrl.v(574): expression size 23 truncated to fit in target size 22 [VERI-1209]
WARNING  : D:\yilingsi_fpga\Efinity_Project\Ti60F225_OV5640_Sobel_Stable\example_top.v(938): actual bit length 32 differs from formal bit length 4 for port 'axi_bid' [VERI-1330]
WARNING  : D:\yilingsi_fpga\Efinity_Project\Ti60F225_OV5640_Sobel_Stable\example_top.v(939): actual bit length 32 differs from formal bit length 2 for port 'axi_bresp' [VERI-1330]
WARNING  : D:\yilingsi_fpga\Efinity_Project\Ti60F225_OV5640_Sobel_Stable\example_top.v(940): actual bit length 32 differs from formal bit length 1 for port 'axi_bvalid' [VERI-1330]
WARNING  : D:\yilingsi_fpga\Efinity_Project\Ti60F225_OV5640_Sobel_Stable\example_top.v(950): actual bit length 32 differs from formal bit length 2 for port 'axi_rresp' [VERI-1330]
WARNING  : D:\yilingsi_fpga\Efinity_Project\Ti60F225_OV5640_Sobel_Stable\example_top.v(958): actual bit length 64 differs from formal bit length 8 for port 'wframe_data' [VERI-1330]
WARNING  : D:\yilingsi_fpga\Efinity_Project\Ti60F225_OV5640_Sobel_Stable\example_top.v(965): actual bit length 8 differs from formal bit length 32 for port 'tp_o' [VERI-1330]
WARNING  : D:\yilingsi_fpga\Efinity_Project\Ti60F225_OV5640_Sobel_Stable\example_top.v(967): expression size 8 truncated to fit in target size 4 [VERI-1209]
INFO     : D:\yilingsi_fpga\Efinity_Project\Ti60F225_OV5640_Sobel_Stable\src\lcd_driver.v(39): compiling module 'lcd_driver' [VERI-1018]
WARNING  : D:\yilingsi_fpga\Efinity_Project\Ti60F225_OV5640_Sobel_Stable\src\lcd_driver.v(145): expression size 14 truncated to fit in target size 12 [VERI-1209]
WARNING  : D:\yilingsi_fpga\Efinity_Project\Ti60F225_OV5640_Sobel_Stable\example_top.v(996): actual bit length 24 differs from formal bit length 48 for port 'lcd_data' [VERI-1330]
INFO     : D:\yilingsi_fpga\Efinity_Project\Ti60F225_OV5640_Sobel_Stable\src\sobel\sobel_stream_720p.v(4): compiling module 'sobel_stream_720p' [VERI-1018]
INFO     : D:\yilingsi_fpga\Efinity_Project\Ti60F225_OV5640_Sobel_Stable\src\sobel\sobel_line_delay.v(2): compiling module 'sobel_line_delay' [VERI-1018]
INFO     : D:\yilingsi_fpga\Efinity_Project\Ti60F225_OV5640_Sobel_Stable\src\hdmi_ip\rgb2dvi.v(7): compiling module 'rgb2dvi(ENABLE_OSERDES=0)' [VERI-1018]
INFO     : D:\yilingsi_fpga\Efinity_Project\Ti60F225_OV5640_Sobel_Stable\src\hdmi_ip\tmds_channel.v(4): compiling module 'tmds_channel' [VERI-1018]
WARNING  : D:\yilingsi_fpga\Efinity_Project\Ti60F225_OV5640_Sobel_Stable\src\hdmi_ip\rgb2dvi.v(50): actual bit length 32 differs from formal bit length 4 for port 'data_island_data' [VERI-1330]
WARNING  : D:\yilingsi_fpga\Efinity_Project\Ti60F225_OV5640_Sobel_Stable\src\hdmi_ip\rgb2dvi.v(52): actual bit length 4 differs from formal bit length 3 for port 'mode' [VERI-1330]
WARNING  : D:\yilingsi_fpga\Efinity_Project\Ti60F225_OV5640_Sobel_Stable\src\hdmi_ip\rgb2dvi.v(58): actual bit length 32 differs from formal bit length 4 for port 'data_island_data' [VERI-1330]
WARNING  : D:\yilingsi_fpga\Efinity_Project\Ti60F225_OV5640_Sobel_Stable\src\hdmi_ip\rgb2dvi.v(60): actual bit length 4 differs from formal bit length 3 for port 'mode' [VERI-1330]
WARNING  : D:\yilingsi_fpga\Efinity_Project\Ti60F225_OV5640_Sobel_Stable\src\hdmi_ip\rgb2dvi.v(66): actual bit length 32 differs from formal bit length 4 for port 'data_island_data' [VERI-1330]
WARNING  : D:\yilingsi_fpga\Efinity_Project\Ti60F225_OV5640_Sobel_Stable\src\hdmi_ip\rgb2dvi.v(68): actual bit length 4 differs from formal bit length 3 for port 'mode' [VERI-1330]
WARNING  : D:\yilingsi_fpga\Efinity_Project\Ti60F225_OV5640_Sobel_Stable\example_top.v(1065): actual bit length 32 differs from formal bit length 1 for port 'oe_i' [VERI-1330]
WARNING  : D:\yilingsi_fpga\Efinity_Project\Ti60F225_OV5640_Sobel_Stable\example_top.v(428): net 'w_dev_index_o[7]' does not have a driver [VDB-1002]
WARNING  : D:\yilingsi_fpga\Efinity_Project\Ti60F225_OV5640_Sobel_Stable\example_top.v(429): net 'w_dev_cmd_o[7]' does not have a driver [VDB-1002]
WARNING  : D:\yilingsi_fpga\Efinity_Project\Ti60F225_OV5640_Sobel_Stable\example_top.v(430): net 'w_dev_wdata_o[31]' does not have a driver [VDB-1002]
WARNING  : D:\yilingsi_fpga\Efinity_Project\Ti60F225_OV5640_Sobel_Stable\example_top.v(431): net 'w_dev_wvalid_o' does not have a driver [VDB-1002]
WARNING  : D:\yilingsi_fpga\Efinity_Project\Ti60F225_OV5640_Sobel_Stable\example_top.v(435): net 'w_spi_ssn_o' does not have a driver [VDB-1002]
WARNING  : D:\yilingsi_fpga\Efinity_Project\Ti60F225_OV5640_Sobel_Stable\example_top.v(436): net 'w_spi_data_o[3]' does not have a driver [VDB-1002]
WARNING  : D:\yilingsi_fpga\Efinity_Project\Ti60F225_OV5640_Sobel_Stable\example_top.v(453): net 'w_lcd_b_o[7]' does not have a driver [VDB-1002]
WARNING  : D:\yilingsi_fpga\Efinity_Project\Ti60F225_OV5640_Sobel_Stable\example_top.v(1058): input port 'SerialClk' is not connected on this instance [VDB-1013]
INFO     : Elaboration took 0.327269 seconds.
INFO     : 	Elaboration took 0.265625 seconds (approximately) in total CPU time.
INFO     : Elaboration virtual memory usage: begin = 65.972 MB, end = 277.652 MB, delta = 211.68 MB
INFO     : 	Elaboration peak virtual memory usage = 277.652 MB
INFO     : Elaboration resident set memory usage: begin = 73.056 MB, end = 285.276 MB, delta = 212.22 MB
INFO     : 	Elaboration peak resident set memory usage = 285.276 MB
INFO     : ***** Ending Elaboration ... *****
INFO     : ... Setting Synthesis Option: mode=speed
INFO     : ***** Beginning Reading Mapping Library ... *****
INFO     : Analyzing Verilog file 'C:/Efinity/2025.1/sim_models/maplib/efinix_maplib.v' [VERI-1482]
INFO     : C:/Efinity/2025.1/sim_models/maplib/efinix_maplib.v(8): compiling module 'EFX_ADD' [VERI-1018]
INFO     : C:/Efinity/2025.1/sim_models/maplib/efinix_maplib.v(21): compiling module 'EFX_FF' [VERI-1018]
INFO     : C:/Efinity/2025.1/sim_models/maplib/efinix_maplib.v(38): compiling module 'EFX_COMB4' [VERI-1018]
INFO     : C:/Efinity/2025.1/sim_models/maplib/efinix_maplib.v(48): compiling module 'EFX_GBUFCE' [VERI-1018]
INFO     : C:/Efinity/2025.1/sim_models/maplib/efinix_maplib.v(57): compiling module 'EFX_LUT4' [VERI-1018]
INFO     : C:/Efinity/2025.1/sim_models/maplib/efinix_maplib.v(65): compiling module 'EFX_MULT' [VERI-1018]
INFO     : C:/Efinity/2025.1/sim_models/maplib/efinix_maplib.v(100): compiling module 'EFX_DSP48' [VERI-1018]
INFO     : C:/Efinity/2025.1/sim_models/maplib/efinix_maplib.v(156): compiling module 'EFX_DSP24' [VERI-1018]
INFO     : C:/Efinity/2025.1/sim_models/maplib/efinix_maplib.v(209): compiling module 'EFX_DSP12' [VERI-1018]
INFO     : C:/Efinity/2025.1/sim_models/maplib/efinix_maplib.v(262): compiling module 'EFX_RAM_4K' [VERI-1018]
INFO     : C:/Efinity/2025.1/sim_models/maplib/efinix_maplib.v(322): compiling module 'EFX_RAM_5K' [VERI-1018]
INFO     : C:/Efinity/2025.1/sim_models/maplib/efinix_maplib.v(394): compiling module 'EFX_DPRAM_5K' [VERI-1018]
INFO     : C:/Efinity/2025.1/sim_models/maplib/efinix_maplib.v(499): compiling module 'RAMB5' [VERI-1018]
INFO     : C:/Efinity/2025.1/sim_models/maplib/efinix_maplib.v(561): compiling module 'EFX_RAM_10K' [VERI-1018]
INFO     : C:/Efinity/2025.1/sim_models/maplib/efinix_maplib.v(653): compiling module 'EFX_RAM10' [VERI-1018]
INFO     : C:/Efinity/2025.1/sim_models/maplib/efinix_maplib.v(754): compiling module 'EFX_DPRAM10' [VERI-1018]
INFO     : C:/Efinity/2025.1/sim_models/maplib/efinix_maplib.v(884): compiling module 'EFX_SRL8' [VERI-1018]
INFO     : Reading Mapping Library took 0.0111523 seconds.
INFO     : 	Reading Mapping Library took 0.015625 seconds (approximately) in total CPU time.
INFO     : Reading Mapping Library virtual memory usage: begin = 362.808 MB, end = 362.808 MB, delta = 0 MB
INFO     : 	Reading Mapping Library peak virtual memory usage = 362.808 MB
INFO     : Reading Mapping Library resident set memory usage: begin = 370.94 MB, end = 370.944 MB, delta = 0.004 MB
INFO     : 	Reading Mapping Library peak resident set memory usage = 370.944 MB
INFO     : ***** Ending Reading Mapping Library ... *****
INFO     : ... Pre-synthesis checks begin
WARNING  : The primary output port 'csi_ctl0_o' wire 'csi_ctl0_o' is not driven. [EFX-0256]
WARNING  : The primary output port 'csi_ctl1_o' wire 'csi_ctl1_o' is not driven. [EFX-0256]
WARNING  : The primary output port 'csi_scl_o' wire 'csi_scl_o' is not driven. [EFX-0256]
WARNING  : The primary output port 'csi_scl_oe' wire 'csi_scl_oe' is not driven. [EFX-0256]
WARNING  : The primary output port 'csi_sda_o' wire 'csi_sda_o' is not driven. [EFX-0256]
WARNING  : The primary output port 'csi_sda_oe' wire 'csi_sda_oe' is not driven. [EFX-0256]
WARNING  : The primary output port 'csi_rxc_hs_en_o' wire 'csi_rxc_hs_en_o' is not driven. [EFX-0256]
WARNING  : The primary output port 'csi_rxc_hs_term_en_o' wire 'csi_rxc_hs_term_en_o' is not driven. [EFX-0256]
WARNING  : The primary output port 'csi_rxd0_rst_o' wire 'csi_rxd0_rst_o' is not driven. [EFX-0256]
WARNING  : The primary output port 'csi_rxd0_hs_en_o' wire 'csi_rxd0_hs_en_o' is not driven. [EFX-0256]
WARNING  : The primary output port 'csi_rxd0_hs_term_en_o' wire 'csi_rxd0_hs_term_en_o' is not driven. [EFX-0256]
WARNING  : The primary output port 'csi_rxd1_rst_o' wire 'csi_rxd1_rst_o' is not driven. [EFX-0256]
WARNING  : The primary output port 'csi_rxd1_hs_en_o' wire 'csi_rxd1_hs_en_o' is not driven. [EFX-0256]
WARNING  : The primary output port 'csi_rxd1_hs_term_en_o' wire 'csi_rxd1_hs_term_en_o' is not driven. [EFX-0256]
WARNING  : The primary output port 'csi_rxd2_rst_o' wire 'csi_rxd2_rst_o' is not driven. [EFX-0256]
WARNING  : The primary output port 'csi_rxd2_hs_en_o' wire 'csi_rxd2_hs_en_o' is not driven. [EFX-0256]
WARNING  : The primary output port 'csi_rxd2_hs_term_en_o' wire 'csi_rxd2_hs_term_en_o' is not driven. [EFX-0256]
WARNING  : The primary output port 'csi_rxd3_rst_o' wire 'csi_rxd3_rst_o' is not driven. [EFX-0256]
WARNING  : The primary output port 'csi_rxd3_hs_en_o' wire 'csi_rxd3_hs_en_o' is not driven. [EFX-0256]
WARNING  : The primary output port 'csi_rxd3_hs_term_en_o' wire 'csi_rxd3_hs_term_en_o' is not driven. [EFX-0256]
WARNING  : The primary output port 'dsi_txc_rst_o' wire 'dsi_txc_rst_o' is not driven. [EFX-0256]
WARNING  : The primary output port 'dsi_txc_lp_p_oe' wire 'dsi_txc_lp_p_oe' is not driven. [EFX-0256]
WARNING  : The primary output port 'dsi_txc_lp_p_o' wire 'dsi_txc_lp_p_o' is not driven. [EFX-0256]
WARNING  : The primary output port 'dsi_txc_lp_n_oe' wire 'dsi_txc_lp_n_oe' is not driven. [EFX-0256]
WARNING  : The primary output port 'dsi_txc_lp_n_o' wire 'dsi_txc_lp_n_o' is not driven. [EFX-0256]
WARNING  : The primary output port 'dsi_txc_hs_oe' wire 'dsi_txc_hs_oe' is not driven. [EFX-0256]
WARNING  : The primary output port 'dsi_txc_hs_o[7]' wire 'dsi_txc_hs_o[7]' is not driven. [EFX-0256]
WARNING  : The primary output port 'dsi_txc_hs_o[6]' wire 'dsi_txc_hs_o[6]' is not driven. [EFX-0256]
WARNING  : The primary output port 'dsi_txc_hs_o[5]' wire 'dsi_txc_hs_o[5]' is not driven. [EFX-0256]
WARNING  : The primary output port 'dsi_txc_hs_o[4]' wire 'dsi_txc_hs_o[4]' is not driven. [EFX-0256]
WARNING  : The primary output port 'dsi_txc_hs_o[3]' wire 'dsi_txc_hs_o[3]' is not driven. [EFX-0256]
WARNING  : The primary output port 'dsi_txc_hs_o[2]' wire 'dsi_txc_hs_o[2]' is not driven. [EFX-0256]
WARNING  : The primary output port 'dsi_txc_hs_o[1]' wire 'dsi_txc_hs_o[1]' is not driven. [EFX-0256]
WARNING  : The primary output port 'dsi_txc_hs_o[0]' wire 'dsi_txc_hs_o[0]' is not driven. [EFX-0256]
WARNING  : The primary output port 'dsi_txd0_rst_o' wire 'dsi_txd0_rst_o' is not driven. [EFX-0256]
WARNING  : The primary output port 'dsi_txd0_hs_oe' wire 'dsi_txd0_hs_oe' is not driven. [EFX-0256]
WARNING  : The primary output port 'dsi_txd0_hs_o[7]' wire 'dsi_txd0_hs_o[7]' is not driven. [EFX-0256]
WARNING  : The primary output port 'dsi_txd0_hs_o[6]' wire 'dsi_txd0_hs_o[6]' is not driven. [EFX-0256]
WARNING  : The primary output port 'dsi_txd0_hs_o[5]' wire 'dsi_txd0_hs_o[5]' is not driven. [EFX-0256]
WARNING  : The primary output port 'dsi_txd0_hs_o[4]' wire 'dsi_txd0_hs_o[4]' is not driven. [EFX-0256]
WARNING  : The primary output port 'dsi_txd0_hs_o[3]' wire 'dsi_txd0_hs_o[3]' is not driven. [EFX-0256]
WARNING  : The primary output port 'dsi_txd0_hs_o[2]' wire 'dsi_txd0_hs_o[2]' is not driven. [EFX-0256]
WARNING  : The primary output port 'dsi_txd0_hs_o[1]' wire 'dsi_txd0_hs_o[1]' is not driven. [EFX-0256]
WARNING  : The primary output port 'dsi_txd0_hs_o[0]' wire 'dsi_txd0_hs_o[0]' is not driven. [EFX-0256]
WARNING  : The primary output port 'dsi_txd0_lp_p_oe' wire 'dsi_txd0_lp_p_oe' is not driven. [EFX-0256]
WARNING  : The primary output port 'dsi_txd0_lp_p_o' wire 'dsi_txd0_lp_p_o' is not driven. [EFX-0256]
WARNING  : The primary output port 'dsi_txd0_lp_n_oe' wire 'dsi_txd0_lp_n_oe' is not driven. [EFX-0256]
WARNING  : The primary output port 'dsi_txd0_lp_n_o' wire 'dsi_txd0_lp_n_o' is not driven. [EFX-0256]
WARNING  : The primary output port 'dsi_txd1_rst_o' wire 'dsi_txd1_rst_o' is not driven. [EFX-0256]
WARNING  : The primary output port 'dsi_txd1_lp_p_oe' wire 'dsi_txd1_lp_p_oe' is not driven. [EFX-0256]
WARNING  : The primary output port 'dsi_txd1_lp_p_o' wire 'dsi_txd1_lp_p_o' is not driven. [EFX-0256]
WARNING  : The primary output port 'dsi_txd1_lp_n_oe' wire 'dsi_txd1_lp_n_oe' is not driven. [EFX-0256]
WARNING  : The primary output port 'dsi_txd1_lp_n_o' wire 'dsi_txd1_lp_n_o' is not driven. [EFX-0256]
WARNING  : The primary output port 'dsi_txd1_hs_oe' wire 'dsi_txd1_hs_oe' is not driven. [EFX-0256]
WARNING  : The primary output port 'dsi_txd1_hs_o[7]' wire 'dsi_txd1_hs_o[7]' is not driven. [EFX-0256]
WARNING  : The primary output port 'dsi_txd1_hs_o[6]' wire 'dsi_txd1_hs_o[6]' is not driven. [EFX-0256]
WARNING  : The primary output port 'dsi_txd1_hs_o[5]' wire 'dsi_txd1_hs_o[5]' is not driven. [EFX-0256]
WARNING  : The primary output port 'dsi_txd1_hs_o[4]' wire 'dsi_txd1_hs_o[4]' is not driven. [EFX-0256]
WARNING  : The primary output port 'dsi_txd1_hs_o[3]' wire 'dsi_txd1_hs_o[3]' is not driven. [EFX-0256]
WARNING  : The primary output port 'dsi_txd1_hs_o[2]' wire 'dsi_txd1_hs_o[2]' is not driven. [EFX-0256]
WARNING  : The primary output port 'dsi_txd1_hs_o[1]' wire 'dsi_txd1_hs_o[1]' is not driven. [EFX-0256]
WARNING  : The primary output port 'dsi_txd1_hs_o[0]' wire 'dsi_txd1_hs_o[0]' is not driven. [EFX-0256]
WARNING  : The primary output port 'dsi_txd2_rst_o' wire 'dsi_txd2_rst_o' is not driven. [EFX-0256]
WARNING  : The primary output port 'dsi_txd2_lp_p_oe' wire 'dsi_txd2_lp_p_oe' is not driven. [EFX-0256]
WARNING  : The primary output port 'dsi_txd2_lp_p_o' wire 'dsi_txd2_lp_p_o' is not driven. [EFX-0256]
WARNING  : The primary output port 'dsi_txd2_lp_n_oe' wire 'dsi_txd2_lp_n_oe' is not driven. [EFX-0256]
WARNING  : The primary output port 'dsi_txd2_lp_n_o' wire 'dsi_txd2_lp_n_o' is not driven. [EFX-0256]
WARNING  : The primary output port 'dsi_txd2_hs_oe' wire 'dsi_txd2_hs_oe' is not driven. [EFX-0256]
WARNING  : The primary output port 'dsi_txd2_hs_o[7]' wire 'dsi_txd2_hs_o[7]' is not driven. [EFX-0256]
WARNING  : The primary output port 'dsi_txd2_hs_o[6]' wire 'dsi_txd2_hs_o[6]' is not driven. [EFX-0256]
WARNING  : The primary output port 'dsi_txd2_hs_o[5]' wire 'dsi_txd2_hs_o[5]' is not driven. [EFX-0256]
WARNING  : The primary output port 'dsi_txd2_hs_o[4]' wire 'dsi_txd2_hs_o[4]' is not driven. [EFX-0256]
WARNING  : The primary output port 'dsi_txd2_hs_o[3]' wire 'dsi_txd2_hs_o[3]' is not driven. [EFX-0256]
WARNING  : The primary output port 'dsi_txd2_hs_o[2]' wire 'dsi_txd2_hs_o[2]' is not driven. [EFX-0256]
WARNING  : The primary output port 'dsi_txd2_hs_o[1]' wire 'dsi_txd2_hs_o[1]' is not driven. [EFX-0256]
WARNING  : The primary output port 'dsi_txd2_hs_o[0]' wire 'dsi_txd2_hs_o[0]' is not driven. [EFX-0256]
WARNING  : The primary output port 'dsi_txd3_rst_o' wire 'dsi_txd3_rst_o' is not driven. [EFX-0256]
WARNING  : The primary output port 'dsi_txd3_lp_p_oe' wire 'dsi_txd3_lp_p_oe' is not driven. [EFX-0256]
WARNING  : The primary output port 'dsi_txd3_lp_p_o' wire 'dsi_txd3_lp_p_o' is not driven. [EFX-0256]
WARNING  : The primary output port 'dsi_txd3_lp_n_oe' wire 'dsi_txd3_lp_n_oe' is not driven. [EFX-0256]
WARNING  : The primary output port 'dsi_txd3_lp_n_o' wire 'dsi_txd3_lp_n_o' is not driven. [EFX-0256]
WARNING  : The primary output port 'dsi_txd3_hs_oe' wire 'dsi_txd3_hs_oe' is not driven. [EFX-0256]
WARNING  : The primary output port 'dsi_txd3_hs_o[7]' wire 'dsi_txd3_hs_o[7]' is not driven. [EFX-0256]
WARNING  : The primary output port 'dsi_txd3_hs_o[6]' wire 'dsi_txd3_hs_o[6]' is not driven. [EFX-0256]
WARNING  : The primary output port 'dsi_txd3_hs_o[5]' wire 'dsi_txd3_hs_o[5]' is not driven. [EFX-0256]
WARNING  : The primary output port 'dsi_txd3_hs_o[4]' wire 'dsi_txd3_hs_o[4]' is not driven. [EFX-0256]
WARNING  : The primary output port 'dsi_txd3_hs_o[3]' wire 'dsi_txd3_hs_o[3]' is not driven. [EFX-0256]
WARNING  : The primary output port 'dsi_txd3_hs_o[2]' wire 'dsi_txd3_hs_o[2]' is not driven. [EFX-0256]
WARNING  : The primary output port 'dsi_txd3_hs_o[1]' wire 'dsi_txd3_hs_o[1]' is not driven. [EFX-0256]
WARNING  : The primary output port 'dsi_txd3_hs_o[0]' wire 'dsi_txd3_hs_o[0]' is not driven. [EFX-0256]
WARNING  : The primary output port 'uart_tx_o' wire 'uart_tx_o' is not driven. [EFX-0256]
WARNING  : The primary output port 'led_o[4]' wire 'led_o[4]' is not driven. [EFX-0256]
WARNING  : The primary output port 'lvds_txc_oe' wire 'lvds_txc_oe' is not driven. [EFX-0256]
WARNING  : The primary output port 'lvds_txc_o[6]' wire 'lvds_txc_o[6]' is not driven. [EFX-0256]
WARNING  : The primary output port 'lvds_txc_o[5]' wire 'lvds_txc_o[5]' is not driven. [EFX-0256]
WARNING  : The primary output port 'lvds_txc_o[4]' wire 'lvds_txc_o[4]' is not driven. [EFX-0256]
WARNING  : The primary output port 'lvds_txc_o[3]' wire 'lvds_txc_o[3]' is not driven. [EFX-0256]
WARNING  : The primary output port 'lvds_txc_o[2]' wire 'lvds_txc_o[2]' is not driven. [EFX-0256]
WARNING  : The primary output port 'lvds_txc_o[1]' wire 'lvds_txc_o[1]' is not driven. [EFX-0256]
WARNING  : The primary output port 'lvds_txc_o[0]' wire 'lvds_txc_o[0]' is not driven. [EFX-0256]
WARNING  : The primary output port 'lvds_txc_rst_o' wire 'lvds_txc_rst_o' is not driven. [EFX-0256]
WARNING  : The primary output port 'lvds_txd0_oe' wire 'lvds_txd0_oe' is not driven. [EFX-0256]
WARNING  : The primary output port 'lvds_txd0_o[6]' wire 'lvds_txd0_o[6]' is not driven. [EFX-0256]
WARNING  : The primary output port 'lvds_txd0_o[5]' wire 'lvds_txd0_o[5]' is not driven. [EFX-0256]
WARNING  : The primary output port 'lvds_txd0_o[4]' wire 'lvds_txd0_o[4]' is not driven. [EFX-0256]
WARNING  : The primary output port 'lvds_txd0_o[3]' wire 'lvds_txd0_o[3]' is not driven. [EFX-0256]
WARNING  : The primary output port 'lvds_txd0_o[2]' wire 'lvds_txd0_o[2]' is not driven. [EFX-0256]
WARNING  : The primary output port 'lvds_txd0_o[1]' wire 'lvds_txd0_o[1]' is not driven. [EFX-0256]
WARNING  : The primary output port 'lvds_txd0_o[0]' wire 'lvds_txd0_o[0]' is not driven. [EFX-0256]
WARNING  : The primary output port 'lvds_txd0_rst_o' wire 'lvds_txd0_rst_o' is not driven. [EFX-0256]
WARNING  : The primary output port 'lvds_txd1_oe' wire 'lvds_txd1_oe' is not driven. [EFX-0256]
WARNING  : The primary output port 'lvds_txd1_o[6]' wire 'lvds_txd1_o[6]' is not driven. [EFX-0256]
WARNING  : The primary output port 'lvds_txd1_o[5]' wire 'lvds_txd1_o[5]' is not driven. [EFX-0256]
WARNING  : The primary output port 'lvds_txd1_o[4]' wire 'lvds_txd1_o[4]' is not driven. [EFX-0256]
WARNING  : The primary output port 'lvds_txd1_o[3]' wire 'lvds_txd1_o[3]' is not driven. [EFX-0256]
WARNING  : The primary output port 'lvds_txd1_o[2]' wire 'lvds_txd1_o[2]' is not driven. [EFX-0256]
WARNING  : The primary output port 'lvds_txd1_o[1]' wire 'lvds_txd1_o[1]' is not driven. [EFX-0256]
WARNING  : The primary output port 'lvds_txd1_o[0]' wire 'lvds_txd1_o[0]' is not driven. [EFX-0256]
WARNING  : The primary output port 'lvds_txd1_rst_o' wire 'lvds_txd1_rst_o' is not driven. [EFX-0256]
WARNING  : The primary output port 'lvds_txd2_oe' wire 'lvds_txd2_oe' is not driven. [EFX-0256]
WARNING  : The primary output port 'lvds_txd2_o[6]' wire 'lvds_txd2_o[6]' is not driven. [EFX-0256]
WARNING  : The primary output port 'lvds_txd2_o[5]' wire 'lvds_txd2_o[5]' is not driven. [EFX-0256]
WARNING  : The primary output port 'lvds_txd2_o[4]' wire 'lvds_txd2_o[4]' is not driven. [EFX-0256]
WARNING  : The primary output port 'lvds_txd2_o[3]' wire 'lvds_txd2_o[3]' is not driven. [EFX-0256]
WARNING  : The primary output port 'lvds_txd2_o[2]' wire 'lvds_txd2_o[2]' is not driven. [EFX-0256]
WARNING  : The primary output port 'lvds_txd2_o[1]' wire 'lvds_txd2_o[1]' is not driven. [EFX-0256]
WARNING  : The primary output port 'lvds_txd2_o[0]' wire 'lvds_txd2_o[0]' is not driven. [EFX-0256]
WARNING  : The primary output port 'lvds_txd2_rst_o' wire 'lvds_txd2_rst_o' is not driven. [EFX-0256]
WARNING  : The primary output port 'lvds_txd3_oe' wire 'lvds_txd3_oe' is not driven. [EFX-0256]
WARNING  : The primary output port 'lvds_txd3_o[6]' wire 'lvds_txd3_o[6]' is not driven. [EFX-0256]
WARNING  : The primary output port 'lvds_txd3_o[5]' wire 'lvds_txd3_o[5]' is not driven. [EFX-0256]
WARNING  : The primary output port 'lvds_txd3_o[4]' wire 'lvds_txd3_o[4]' is not driven. [EFX-0256]
WARNING  : The primary output port 'lvds_txd3_o[3]' wire 'lvds_txd3_o[3]' is not driven. [EFX-0256]
WARNING  : The primary output port 'lvds_txd3_o[2]' wire 'lvds_txd3_o[2]' is not driven. [EFX-0256]
WARNING  : The primary output port 'lvds_txd3_o[1]' wire 'lvds_txd3_o[1]' is not driven. [EFX-0256]
WARNING  : The primary output port 'lvds_txd3_o[0]' wire 'lvds_txd3_o[0]' is not driven. [EFX-0256]
WARNING  : The primary output port 'lvds_txd3_rst_o' wire 'lvds_txd3_rst_o' is not driven. [EFX-0256]
WARNING  : The primary output port 'lcd_tp_sda_o' wire 'lcd_tp_sda_o' is not driven. [EFX-0256]
WARNING  : The primary output port 'lcd_tp_sda_oe' wire 'lcd_tp_sda_oe' is not driven. [EFX-0256]
WARNING  : The primary output port 'lcd_tp_scl_o' wire 'lcd_tp_scl_o' is not driven. [EFX-0256]
WARNING  : The primary output port 'lcd_tp_scl_oe' wire 'lcd_tp_scl_oe' is not driven. [EFX-0256]
WARNING  : The primary output port 'lcd_tp_int_o' wire 'lcd_tp_int_o' is not driven. [EFX-0256]
WARNING  : The primary output port 'lcd_tp_int_oe' wire 'lcd_tp_int_oe' is not driven. [EFX-0256]
WARNING  : The primary output port 'lcd_tp_rst_o' wire 'lcd_tp_rst_o' is not driven. [EFX-0256]
WARNING  : The primary output port 'lcd_pwm_o' wire 'lcd_pwm_o' is not driven. [EFX-0256]
WARNING  : The primary output port 'lcd_blen_o' wire 'lcd_blen_o' is not driven. [EFX-0256]
WARNING  : The primary output port 'lcd_vs_o' wire 'lcd_vs_o' is not driven. [EFX-0256]
WARNING  : The primary output port 'lcd_hs_o' wire 'lcd_hs_o' is not driven. [EFX-0256]
WARNING  : The primary output port 'lcd_de_o' wire 'lcd_de_o' is not driven. [EFX-0256]
WARNING  : Removing redundant signal : Shift_Q7_Out[4][7]. (D:\yilingsi_fpga\Efinity_Project\Ti60F225_OV5640_Sobel_Stable\ip/DdrCtrl\DdrCtrl.sv:2611) [EFX-0200]
WARNING  : Removing redundant signal : Shift_Q7_Out[4][6]. (D:\yilingsi_fpga\Efinity_Project\Ti60F225_OV5640_Sobel_Stable\ip/DdrCtrl\DdrCtrl.sv:2611) [EFX-0200]
WARNING  : Removing redundant signal : Shift_Q7_Out[4][5]. (D:\yilingsi_fpga\Efinity_Project\Ti60F225_OV5640_Sobel_Stable\ip/DdrCtrl\DdrCtrl.sv:2611) [EFX-0200]
WARNING  : Removing redundant signal : Shift_Q7_Out[4][4]. (D:\yilingsi_fpga\Efinity_Project\Ti60F225_OV5640_Sobel_Stable\ip/DdrCtrl\DdrCtrl.sv:2611) [EFX-0200]
WARNING  : Removing redundant signal : Shift_Q7_Out[4][3]. (D:\yilingsi_fpga\Efinity_Project\Ti60F225_OV5640_Sobel_Stable\ip/DdrCtrl\DdrCtrl.sv:2611) [EFX-0200]
WARNING  : Removing redundant signal : Shift_Q7_Out[4][2]. (D:\yilingsi_fpga\Efinity_Project\Ti60F225_OV5640_Sobel_Stable\ip/DdrCtrl\DdrCtrl.sv:2611) [EFX-0200]
WARNING  : Removing redundant signal : Shift_Q7_Out[4][1]. (D:\yilingsi_fpga\Efinity_Project\Ti60F225_OV5640_Sobel_Stable\ip/DdrCtrl\DdrCtrl.sv:2611) [EFX-0200]
WARNING  : Removing redundant signal : Shift_Q7_Out[4][0]. (D:\yilingsi_fpga\Efinity_Project\Ti60F225_OV5640_Sobel_Stable\ip/DdrCtrl\DdrCtrl.sv:2611) [EFX-0200]
WARNING  : Removing redundant signal : Shift_Out[7]. (D:\yilingsi_fpga\Efinity_Project\Ti60F225_OV5640_Sobel_Stable\ip/DdrCtrl\DdrCtrl.sv:2611) [EFX-0200]
WARNING  : Removing redundant signal : Shift_Out[6]. (D:\yilingsi_fpga\Efinity_Project\Ti60F225_OV5640_Sobel_Stable\ip/DdrCtrl\DdrCtrl.sv:2611) [EFX-0200]
WARNING  : Removing redundant signal : Shift_Out[5]. (D:\yilingsi_fpga\Efinity_Project\Ti60F225_OV5640_Sobel_Stable\ip/DdrCtrl\DdrCtrl.sv:2611) [EFX-0200]
WARNING  : Removing redundant signal : Shift_Out[4]. (D:\yilingsi_fpga\Efinity_Project\Ti60F225_OV5640_Sobel_Stable\ip/DdrCtrl\DdrCtrl.sv:2611) [EFX-0200]
WARNING  : Removing redundant signal : Shift_Out[3]. (D:\yilingsi_fpga\Efinity_Project\Ti60F225_OV5640_Sobel_Stable\ip/DdrCtrl\DdrCtrl.sv:2611) [EFX-0200]
WARNING  : Removing redundant signal : Shift_Out[2]. (D:\yilingsi_fpga\Efinity_Project\Ti60F225_OV5640_Sobel_Stable\ip/DdrCtrl\DdrCtrl.sv:2611) [EFX-0200]
WARNING  : Removing redundant signal : Shift_Out[1]. (D:\yilingsi_fpga\Efinity_Project\Ti60F225_OV5640_Sobel_Stable\ip/DdrCtrl\DdrCtrl.sv:2611) [EFX-0200]
WARNING  : Removing redundant signal : Shift_Out[0]. (D:\yilingsi_fpga\Efinity_Project\Ti60F225_OV5640_Sobel_Stable\ip/DdrCtrl\DdrCtrl.sv:2611) [EFX-0200]
WARNING  : Removing redundant signal : Shift_Q7_Out[4][31]. (D:\yilingsi_fpga\Efinity_Project\Ti60F225_OV5640_Sobel_Stable\ip/DdrCtrl\DdrCtrl.sv:2611) [EFX-0200]
WARNING  : Removing redundant signal : Shift_Q7_Out[4][30]. (D:\yilingsi_fpga\Efinity_Project\Ti60F225_OV5640_Sobel_Stable\ip/DdrCtrl\DdrCtrl.sv:2611) [EFX-0200]
WARNING  : Removing redundant signal : Shift_Q7_Out[4][29]. (D:\yilingsi_fpga\Efinity_Project\Ti60F225_OV5640_Sobel_Stable\ip/DdrCtrl\DdrCtrl.sv:2611) [EFX-0200]
WARNING  : Removing redundant signal : Shift_Q7_Out[4][28]. (D:\yilingsi_fpga\Efinity_Project\Ti60F225_OV5640_Sobel_Stable\ip/DdrCtrl\DdrCtrl.sv:2611) [EFX-0200]
WARNING  : (The above message was generated too many times, subsequent similar messages will be muted.) [EFX-0200]
INFO     : ... Memory 'ram' is not initialized, assuming empty initial contents. (D:\yilingsi_fpga\Efinity_Project\Ti60F225_OV5640_Sobel_Stable\ip/DdrCtrl\DdrCtrl.sv:1599) [EFX-0677]
INFO     : ... Memory 'ram' is not initialized, assuming empty initial contents. (D:\yilingsi_fpga\Efinity_Project\Ti60F225_OV5640_Sobel_Stable\ip/DdrCtrl\DdrCtrl.sv:1599) [EFX-0677]
INFO     : ... Memory 'ram' is not initialized, assuming empty initial contents. (D:\yilingsi_fpga\Efinity_Project\Ti60F225_OV5640_Sobel_Stable\ip/DdrCtrl\DdrCtrl.sv:1599) [EFX-0677]
INFO     : ... Memory 'ram' is not initialized, assuming empty initial contents. (D:\yilingsi_fpga\Efinity_Project\Ti60F225_OV5640_Sobel_Stable\ip/DdrCtrl\DdrCtrl.sv:3652) [EFX-0677]
INFO     : ... Memory 'ram' is not initialized, assuming empty initial contents. (D:\yilingsi_fpga\Efinity_Project\Ti60F225_OV5640_Sobel_Stable\ip/DdrCtrl\DdrCtrl.sv:1599) [EFX-0677]
INFO     : ... Memory 'ram' is not initialized, assuming empty initial contents. (D:\yilingsi_fpga\Efinity_Project\Ti60F225_OV5640_Sobel_Stable\ip/DdrCtrl\DdrCtrl.sv:1599) [EFX-0677]
INFO     : ... Memory 'ram' is not initialized, assuming empty initial contents. (D:\yilingsi_fpga\Efinity_Project\Ti60F225_OV5640_Sobel_Stable\ip/DdrCtrl\DdrCtrl.sv:3652) [EFX-0677]
WARNING  : Re-wiring to GND non-driven net 'u_efx_fifo_top.a_rst_i'. (D:\yilingsi_fpga\Efinity_Project\Ti60F225_OV5640_Sobel_Stable\ip/DdrCtrl\DdrCtrl.sv:4817) [EFX-0201]
WARNING  : Re-wiring to GND non-driven net 'u_efx_fifo_top.clk_i'. (D:\yilingsi_fpga\Efinity_Project\Ti60F225_OV5640_Sobel_Stable\ip/DdrCtrl\DdrCtrl.sv:4817) [EFX-0201]
INFO     : Module Instance 'bram_u2' input pin 'wr_en_i' is tied to constant (=1). [EFX-0266]
INFO     : Module Instance 'bram_u2' input pin 'rd_en_i' is tied to constant (=1). [EFX-0266]
INFO     : Module Instance 'bram_u1' input pin 'wr_en_i' is tied to constant (=1). [EFX-0266]
INFO     : Module Instance 'bram_u1' input pin 'rd_en_i' is tied to constant (=1). [EFX-0266]
INFO     : Module Instance 'bram_u0' input pin 'wr_en_i' is tied to constant (=1). [EFX-0266]
INFO     : Module Instance 'bram_u0' input pin 'rd_en_i' is tied to constant (=1). [EFX-0266]
INFO     : Module Instance 'map_ram' input pin 'wclk' is tied to constant (=0). [EFX-0266]
INFO     : Module Instance 'map_ram' input pin 'wdata[0]' is tied to constant (=0). [EFX-0266]
INFO     : Module Instance 'map_ram' input pin 'wdata[1]' is tied to constant (=0). [EFX-0266]
INFO     : Module Instance 'map_ram' input pin 'wdata[2]' is tied to constant (=0). [EFX-0266]
INFO     : Module Instance 'map_ram' input pin 'wdata[3]' is tied to constant (=0). [EFX-0266]
INFO     : Module Instance 'map_ram' input pin 'wdata[4]' is tied to constant (=0). [EFX-0266]
INFO     : Module Instance 'map_ram' input pin 'wdata[5]' is tied to constant (=0). [EFX-0266]
INFO     : Module Instance 'map_ram' input pin 'wdata[6]' is tied to constant (=0). [EFX-0266]
INFO     : Module Instance 'map_ram' input pin 'wdata[7]' is tied to constant (=0). [EFX-0266]
INFO     : Module Instance 'map_ram' input pin 'wdata[8]' is tied to constant (=0). [EFX-0266]
INFO     : Module Instance 'map_ram' input pin 'wdata[9]' is tied to constant (=0). [EFX-0266]
INFO     : Module Instance 'map_ram' input pin 'wdata[10]' is tied to constant (=0). [EFX-0266]
INFO     : Module Instance 'map_ram' input pin 'wdata[11]' is tied to constant (=0). [EFX-0266]
INFO     : Module Instance 'map_ram' input pin 'wdata[12]' is tied to constant (=0). [EFX-0266]
INFO     : Module Instance 'map_ram' input pin 'wdata[13]' is tied to constant (=0). [EFX-0266]
INFO     : Module Instance 'map_ram' input pin 'wdata[14]' is tied to constant (=0). [EFX-0266]
INFO     : Module Instance 'map_ram' input pin 'wdata[15]' is tied to constant (=0). [EFX-0266]
INFO     : Module Instance 'map_ram' input pin 'wdata[16]' is tied to constant (=0). [EFX-0266]
INFO     : Module Instance 'map_ram' input pin 'wdata[17]' is tied to constant (=0). [EFX-0266]
INFO     : Module Instance 'map_ram' input pin 'wdata[18]' is tied to constant (=0). [EFX-0266]
INFO     : Module Instance 'map_ram' input pin 'wdata[19]' is tied to constant (=0). [EFX-0266]
INFO     : Module Instance 'map_ram' input pin 'wdata[20]' is tied to constant (=0). [EFX-0266]
INFO     : Module Instance 'map_ram' input pin 'wdata[21]' is tied to constant (=0). [EFX-0266]
INFO     : Module Instance 'map_ram' input pin 'wdata[22]' is tied to constant (=0). [EFX-0266]
INFO     : Module Instance 'map_ram' input pin 'wdata[23]' is tied to constant (=0). [EFX-0266]
INFO     : Module Instance 'map_ram' input pin 'wdata[24]' is tied to constant (=0). [EFX-0266]
INFO     : Module Instance 'map_ram' input pin 'wdata[25]' is tied to constant (=0). [EFX-0266]
INFO     : Module Instance 'map_ram' input pin 'wdata[26]' is tied to constant (=0). [EFX-0266]
INFO     : Module Instance 'map_ram' input pin 'wdata[27]' is tied to constant (=0). [EFX-0266]
INFO     : Module Instance 'map_ram' input pin 'wdata[28]' is tied to constant (=0). [EFX-0266]
INFO     : Module Instance 'map_ram' input pin 'wdata[29]' is tied to constant (=0). [EFX-0266]
INFO     : Module Instance 'map_ram' input pin 'wdata[30]' is tied to constant (=0). [EFX-0266]
INFO     : Module Instance 'map_ram' input pin 'wdata[31]' is tied to constant (=0). [EFX-0266]
INFO     : Module Instance 'map_ram' input pin 'wdata[32]' is tied to constant (=0). [EFX-0266]
INFO     : Module Instance 'map_ram' input pin 'wdata[33]' is tied to constant (=0). [EFX-0266]
INFO     : Module Instance 'map_ram' input pin 'wdata[34]' is tied to constant (=0). [EFX-0266]
INFO     : Module Instance 'map_ram' input pin 'wdata[35]' is tied to constant (=0). [EFX-0266]
INFO     : Module Instance 'map_ram' input pin 'wdata[36]' is tied to constant (=0). [EFX-0266]
INFO     : Module Instance 'map_ram' input pin 'wdata[37]' is tied to constant (=0). [EFX-0266]
INFO     : Module Instance 'map_ram' input pin 'wdata[38]' is tied to constant (=0). [EFX-0266]
INFO     : Module Instance 'map_ram' input pin 'wdata[39]' is tied to constant (=0). [EFX-0266]
INFO     : Module Instance 'map_ram' input pin 'wdata[40]' is tied to constant (=0). [EFX-0266]
INFO     : Module Instance 'map_ram' input pin 'wdata[41]' is tied to constant (=0). [EFX-0266]
INFO     : Module Instance 'map_ram' input pin 'wdata[42]' is tied to constant (=0). [EFX-0266]
INFO     : Module Instance 'map_ram' input pin 'wdata[43]' is tied to constant (=0). [EFX-0266]
INFO     : Module Instance 'map_ram' input pin 'wdata[44]' is tied to constant (=0). [EFX-0266]
INFO     : Module Instance 'map_ram' input pin 'wdata[45]' is tied to constant (=0). [EFX-0266]
INFO     : Module Instance 'map_ram' input pin 'wdata[46]' is tied to constant (=0). [EFX-0266]
INFO     : Module Instance 'map_ram' input pin 'wdata[47]' is tied to constant (=0). [EFX-0266]
INFO     : Module Instance 'map_ram' input pin 'wdata[48]' is tied to constant (=0). [EFX-0266]
INFO     : Module Instance 'map_ram' input pin 'wdata[49]' is tied to constant (=0). [EFX-0266]
INFO     : Module Instance 'map_ram' input pin 'wdata[50]' is tied to constant (=0). [EFX-0266]
INFO     : Module Instance 'map_ram' input pin 'wdata[51]' is tied to constant (=0). [EFX-0266]
INFO     : Module Instance 'map_ram' input pin 'wdata[52]' is tied to constant (=0). [EFX-0266]
INFO     : Module Instance 'map_ram' input pin 'wdata[53]' is tied to constant (=0). [EFX-0266]
INFO     : Module Instance 'map_ram' input pin 'wdata[54]' is tied to constant (=0). [EFX-0266]
INFO     : Module Instance 'map_ram' input pin 'wdata[55]' is tied to constant (=0). [EFX-0266]
INFO     : Module Instance 'map_ram' input pin 'wdata[56]' is tied to constant (=0). [EFX-0266]
INFO     : Module Instance 'map_ram' input pin 'wdata[57]' is tied to constant (=0). [EFX-0266]
INFO     : Module Instance 'map_ram' input pin 'wdata[58]' is tied to constant (=0). [EFX-0266]
INFO     : Module Instance 'map_ram' input pin 'wdata[59]' is tied to constant (=0). [EFX-0266]
INFO     : Module Instance 'map_ram' input pin 'wdata[60]' is tied to constant (=0). [EFX-0266]
INFO     : Module Instance 'map_ram' input pin 'wdata[61]' is tied to constant (=0). [EFX-0266]
INFO     : Module Instance 'map_ram' input pin 'wdata[62]' is tied to constant (=0). [EFX-0266]
INFO     : Module Instance 'map_ram' input pin 'wdata[63]' is tied to constant (=0). [EFX-0266]
INFO     : Module Instance 'map_ram' input pin 'wdata[64]' is tied to constant (=0). [EFX-0266]
INFO     : Module Instance 'map_ram' input pin 'wdata[65]' is tied to constant (=0). [EFX-0266]
INFO     : Module Instance 'map_ram' input pin 'wdata[66]' is tied to constant (=0). [EFX-0266]
INFO     : Module Instance 'map_ram' input pin 'wdata[67]' is tied to constant (=0). [EFX-0266]
INFO     : Module Instance 'map_ram' input pin 'wdata[68]' is tied to constant (=0). [EFX-0266]
INFO     : Module Instance 'map_ram' input pin 'wdata[69]' is tied to constant (=0). [EFX-0266]
INFO     : Module Instance 'map_ram' input pin 'wdata[70]' is tied to constant (=0). [EFX-0266]
INFO     : Module Instance 'map_ram' input pin 'wdata[71]' is tied to constant (=0). [EFX-0266]
INFO     : Module Instance 'map_ram' input pin 'waddr[0]' is tied to constant (=0). [EFX-0266]
INFO     : Module Instance 'map_ram' input pin 'waddr[1]' is tied to constant (=0). [EFX-0266]
INFO     : Module Instance 'map_ram' input pin 'waddr[2]' is tied to constant (=0). [EFX-0266]
INFO     : Module Instance 'map_ram' input pin 'waddr[3]' is tied to constant (=0). [EFX-0266]
INFO     : Module Instance 'map_ram' input pin 'waddr[4]' is tied to constant (=0). [EFX-0266]
INFO     : Module Instance 'map_ram' input pin 'waddr[5]' is tied to constant (=0). [EFX-0266]
INFO     : Module Instance 'map_ram' input pin 'waddr[6]' is tied to constant (=0). [EFX-0266]
INFO     : Module Instance 'map_ram' input pin 'waddr[7]' is tied to constant (=0). [EFX-0266]
INFO     : Module Instance 'map_ram' input pin 'waddr[8]' is tied to constant (=0). [EFX-0266]
INFO     : Module Instance 'map_ram' input pin 'we' is tied to constant (=0). [EFX-0266]
INFO     : Module Instance 'map_ram' input pin 're' is tied to constant (=1). [EFX-0266]
WARNING  : Re-wiring to GND non-driven net 'r_rd_fifo_wr_en_p[31]'. (D:\yilingsi_fpga\Efinity_Project\Ti60F225_OV5640_Sobel_Stable\ip/DdrCtrl\DdrCtrl.sv:1460) [EFX-0201]
WARNING  : Re-wiring to GND non-driven net 'r_rd_fifo_wr_en_p[30]'. (D:\yilingsi_fpga\Efinity_Project\Ti60F225_OV5640_Sobel_Stable\ip/DdrCtrl\DdrCtrl.sv:1460) [EFX-0201]
WARNING  : Re-wiring to GND non-driven net 'r_rd_fifo_wr_en_p[29]'. (D:\yilingsi_fpga\Efinity_Project\Ti60F225_OV5640_Sobel_Stable\ip/DdrCtrl\DdrCtrl.sv:1460) [EFX-0201]
WARNING  : Re-wiring to GND non-driven net 'r_rd_fifo_wr_en_p[28]'. (D:\yilingsi_fpga\Efinity_Project\Ti60F225_OV5640_Sobel_Stable\ip/DdrCtrl\DdrCtrl.sv:1460) [EFX-0201]
WARNING  : Re-wiring to GND non-driven net 'r_rd_fifo_wr_en_p[27]'. (D:\yilingsi_fpga\Efinity_Project\Ti60F225_OV5640_Sobel_Stable\ip/DdrCtrl\DdrCtrl.sv:1460) [EFX-0201]
WARNING  : Re-wiring to GND non-driven net 'r_rd_fifo_wr_en_p[26]'. (D:\yilingsi_fpga\Efinity_Project\Ti60F225_OV5640_Sobel_Stable\ip/DdrCtrl\DdrCtrl.sv:1460) [EFX-0201]
WARNING  : Re-wiring to GND non-driven net 'r_rd_fifo_wr_en_p[25]'. (D:\yilingsi_fpga\Efinity_Project\Ti60F225_OV5640_Sobel_Stable\ip/DdrCtrl\DdrCtrl.sv:1460) [EFX-0201]
WARNING  : Re-wiring to GND non-driven net 'r_rd_fifo_wr_en_p[24]'. (D:\yilingsi_fpga\Efinity_Project\Ti60F225_OV5640_Sobel_Stable\ip/DdrCtrl\DdrCtrl.sv:1460) [EFX-0201]
WARNING  : (The above message was generated too many times, subsequent similar messages will be muted.) [EFX-0201]
INFO     : Module Instance 'fifo_rdpush' input pin 'io_push_payload[0]' is tied to constant (=1). [EFX-0266]
INFO     : Module Instance 'fifo_rdpush' input pin 'io_pop_ready' is tied to constant (=1). [EFX-0266]
INFO     : Module Instance 'fifo_ack' input pin 'io_pop_ready' is tied to constant (=1). [EFX-0266]
INFO     : Module Instance 'mux0' input pin 'b_rd_en' is tied to constant (=1). [EFX-0266]
INFO     : Module Instance 'phase_u0' input pin 'pll_sel[0]' is tied to constant (=0). [EFX-0266]
INFO     : Module Instance 'phase_u0' input pin 'pll_sel[1]' is tied to constant (=0). [EFX-0266]
INFO     : Module Instance 'phase_u0' input pin 'pll_sel[2]' is tied to constant (=1). [EFX-0266]
INFO     : Module Instance 'phase_u0' input pin 'pll_sel[3]' is tied to constant (=0). [EFX-0266]
INFO     : Module Instance 'phase_u0' input pin 'pll_sel[4]' is tied to constant (=0). [EFX-0266]
INFO     : (The above message was generated too many times, subsequent similar messages will be muted.) [EFX-0266]
INFO     : Module Instance 'inst_arburst_fifo' input pin 'I_Wr_Data[2]' is tied to constant (=0). [EFX-0266]
INFO     : ... Memory 'ram' is not initialized, assuming empty initial contents. (D:\yilingsi_fpga\Efinity_Project\Ti60F225_OV5640_Sobel_Stable\ip/W0_FIFO_8\W0_FIFO_8.sv:673) [EFX-0677]
INFO     : ... Memory 'ram' is not initialized, assuming empty initial contents. (D:\yilingsi_fpga\Efinity_Project\Ti60F225_OV5640_Sobel_Stable\ip/R0_FIFO_16\R0_FIFO_16.v:715) [EFX-0677]
INFO     : ... Pre-synthesis checks end (Real time : 0s)
INFO     : ... NameSpace init begin
INFO     : ... NameSpace init end (Real time : 0s)
INFO     : ... Mapping design "example_top"
INFO     : ... Hierarchical pre-synthesis "Ddr_Ctrl_Sc_Fifo_f9db9b463f784e0ead4594b0b8e61d81(DATA_WIDTH=8,DATA_DEPTH=32)" begin
INFO     : ... Hierarchical pre-synthesis "Ddr_Ctrl_Sc_Fifo_f9db9b463f784e0ead4594b0b8e61d81(DATA_WIDTH=8,DATA_DEPTH=32)" end (Real time : 0s)
INFO     : ... Hierarchical pre-synthesis "Ddr_Ctrl_Sc_Fifo_f9db9b463f784e0ead4594b0b8e61d81(DATA_DEPTH=32)" begin
INFO     : ... Hierarchical pre-synthesis "Ddr_Ctrl_Sc_Fifo_f9db9b463f784e0ead4594b0b8e61d81(DATA_DEPTH=32)" end (Real time : 0s)
INFO     : ... Hierarchical pre-synthesis "Ddr_Ctrl_Sc_Fifo_f9db9b463f784e0ead4594b0b8e61d81(DATA_WIDTH=48,DATA_DEPTH=32)" begin
INFO     : ... Hierarchical pre-synthesis "Ddr_Ctrl_Sc_Fifo_f9db9b463f784e0ead4594b0b8e61d81(DATA_WIDTH=48,DATA_DEPTH=32)" end (Real time : 0s)
INFO     : ... Hierarchical pre-synthesis "native_mux_f9db9b463f784e0ead4594b0b8e61d81" begin
INFO     : ... Hierarchical pre-synthesis "native_mux_f9db9b463f784e0ead4594b0b8e61d81" end (Real time : 0s)
INFO     : ... Hierarchical pre-synthesis "reset_sub_f9db9b463f784e0ead4594b0b8e61d81(OUT_RST_ACTIVE="LOW",CYCLE=4)" begin
INFO     : ... Hierarchical pre-synthesis "reset_sub_f9db9b463f784e0ead4594b0b8e61d81(OUT_RST_ACTIVE="LOW",CYCLE=4)" end (Real time : 0s)
INFO     : ... Hierarchical pre-synthesis "reset_ctrl_f9db9b463f784e0ead4594b0b8e61d81(NUM_RST=4,CYCLE=4,IN_RST_ACTIVE=4'b0,OUT_RST_ACTIVE=4'b0)" begin
INFO     : ... Hierarchical pre-synthesis "reset_ctrl_f9db9b463f784e0ead4594b0b8e61d81(NUM_RST=4,CYCLE=4,IN_RST_ACTIVE=4'b0,OUT_RST_ACTIVE=4'b0)" end (Real time : 0s)
INFO     : ... Hierarchical pre-synthesis "reset_ctrl_f9db9b463f784e0ead4594b0b8e61d81(CYCLE=4,IN_RST_ACTIVE=4'b0,OUT_RST_ACTIVE=4'b0)" begin
INFO     : ... Hierarchical pre-synthesis "reset_ctrl_f9db9b463f784e0ead4594b0b8e61d81(CYCLE=4,IN_RST_ACTIVE=4'b0,OUT_RST_ACTIVE=4'b0)" end (Real time : 0s)
INFO     : ... Hierarchical pre-synthesis "buffercc_f9db9b463f784e0ead4594b0b8e61d81" begin
INFO     : ... Hierarchical pre-synthesis "buffercc_f9db9b463f784e0ead4594b0b8e61d81" end (Real time : 0s)
INFO     : ... Hierarchical pre-synthesis "buffercc_1_f9db9b463f784e0ead4594b0b8e61d81" begin
INFO     : ... Hierarchical pre-synthesis "buffercc_1_f9db9b463f784e0ead4594b0b8e61d81" end (Real time : 0s)
INFO     : ... Hierarchical pre-synthesis "streamfifocc64_f9db9b463f784e0ead4594b0b8e61d81(DATA_WIDTH=32)" begin
INFO     : ... Hierarchical pre-synthesis "streamfifocc64_f9db9b463f784e0ead4594b0b8e61d81(DATA_WIDTH=32)" end (Real time : 0s)
INFO     : ... Hierarchical pre-synthesis "streamfifocc64_f9db9b463f784e0ead4594b0b8e61d81(DATA_WIDTH=144)" begin
INFO     : ... Hierarchical pre-synthesis "streamfifocc64_f9db9b463f784e0ead4594b0b8e61d81(DATA_WIDTH=144)" end (Real time : 0s)
INFO     : ... Hierarchical pre-synthesis "streamfifocc64_f9db9b463f784e0ead4594b0b8e61d81(DATA_WIDTH=1)" begin
INFO     : ... Hierarchical pre-synthesis "streamfifocc64_f9db9b463f784e0ead4594b0b8e61d81(DATA_WIDTH=1)" end (Real time : 0s)
INFO     : ... Hierarchical pre-synthesis "efx_fifo_ram_f9db9b463f784e0ead4594b0b8e61d81(FAMILY="TITANIUM",WR_DEPTH=64,RD_DEPTH=64,WDATA_WIDTH=128,RDATA_WIDTH=128,WADDR_WIDTH=6,RADDR_WIDTH=6,RAM_MUX_RATIO=1)" begin
INFO     : ... Hierarchical pre-synthesis "efx_fifo_ram_f9db9b463f784e0ead4594b0b8e61d81(FAMILY="TITANIUM",WR_DEPTH=64,RD_DEPTH=64,WDATA_WIDTH=128,RDATA_WIDTH=128,WADDR_WIDTH=6,RADDR_WIDTH=6,RAM_MUX_RATIO=1)" end (Real time : 0s)
INFO     : ... Hierarchical pre-synthesis "efx_fifo_bin2gray_f9db9b463f784e0ead4594b0b8e61d81(WIDTH=7)" begin
INFO     : ... Hierarchical pre-synthesis "efx_fifo_bin2gray_f9db9b463f784e0ead4594b0b8e61d81(WIDTH=7)" end (Real time : 0s)
INFO     : ... Hierarchical pre-synthesis "efx_asyncreg_f9db9b463f784e0ead4594b0b8e61d81(WIDTH=7,ACTIVE_LOW=0)" begin
INFO     : ... Hierarchical pre-synthesis "efx_asyncreg_f9db9b463f784e0ead4594b0b8e61d81(WIDTH=7,ACTIVE_LOW=0)" end (Real time : 0s)
INFO     : ... Hierarchical pre-synthesis "efx_fifo_gray2bin_f9db9b463f784e0ead4594b0b8e61d81(WIDTH=2)" begin
INFO     : ... Hierarchical pre-synthesis "efx_fifo_gray2bin_f9db9b463f784e0ead4594b0b8e61d81(WIDTH=2)" end (Real time : 0s)
INFO     : ... Hierarchical pre-synthesis "efx_fifo_gray2bin_f9db9b463f784e0ead4594b0b8e61d81(WIDTH=3)" begin
INFO     : ... Hierarchical pre-synthesis "efx_fifo_gray2bin_f9db9b463f784e0ead4594b0b8e61d81(WIDTH=3)" end (Real time : 0s)
INFO     : ... Hierarchical pre-synthesis "efx_fifo_gray2bin_f9db9b463f784e0ead4594b0b8e61d81(WIDTH=4)" begin
INFO     : ... Hierarchical pre-synthesis "efx_fifo_gray2bin_f9db9b463f784e0ead4594b0b8e61d81(WIDTH=4)" end (Real time : 0s)
INFO     : ... Hierarchical pre-synthesis "efx_fifo_gray2bin_f9db9b463f784e0ead4594b0b8e61d81" begin
INFO     : ... Hierarchical pre-synthesis "efx_fifo_gray2bin_f9db9b463f784e0ead4594b0b8e61d81" end (Real time : 0s)
INFO     : ... Hierarchical pre-synthesis "efx_fifo_gray2bin_f9db9b463f784e0ead4594b0b8e61d81(WIDTH=6)" begin
INFO     : ... Hierarchical pre-synthesis "efx_fifo_gray2bin_f9db9b463f784e0ead4594b0b8e61d81(WIDTH=6)" end (Real time : 0s)
INFO     : ... Hierarchical pre-synthesis "efx_fifo_gray2bin_f9db9b463f784e0ead4594b0b8e61d81(WIDTH=7)" begin
INFO     : ... Hierarchical pre-synthesis "efx_fifo_gray2bin_f9db9b463f784e0ead4594b0b8e61d81(WIDTH=7)" end (Real time : 0s)
INFO     : ... Hierarchical pre-synthesis "efx_fifo_ctl_f9db9b463f784e0ead4594b0b8e61d81(SYNC_CLK=0,MODE="FWFT",WR_DEPTH=64,WADDR_WIDTH=6,RADDR_WIDTH=6,PROG_FULL_ASSERT=33,PROG_FULL_NEGATE=33,PROG_EMPTY_NEGATE=2,OUTPUT_REG=1,OVERFLOW_PROTECT=1,UNDERFLOW_PROTECT=1)" begin
INFO     : ... Hierarchical pre-synthesis "efx_fifo_ctl_f9db9b463f784e0ead4594b0b8e61d81(SYNC_CLK=0,MODE="FWFT",WR_DEPTH=64,WADDR_WIDTH=6,RADDR_WIDTH=6,PROG_FULL_ASSERT=33,PROG_FULL_NEGATE=33,PROG_EMPTY_NEGATE=2,OUTPUT_REG=1,OVERFLOW_PROTECT=1,UNDERFLOW_PROTECT=1)" end (Real time : 0s)
INFO     : ... Hierarchical pre-synthesis "efx_fifo_top_f9db9b463f784e0ead4594b0b8e61d81(FAMILY="TITANIUM",BYPASS_RESET_SYNC=1,MODE="FWFT",DEPTH=64,DATA_WIDTH=128,OUTPUT_REG=1,PROGRAMMABLE_FULL="NONE",PROG_FULL_ASSERT=33,PROG_FULL_NEGATE=33,PROGRAMMABLE_EMPTY="NONE",PROG_EMPTY_ASSERT=0,PROG_EMPTY_NEGATE=2)" begin
INFO     : ... Hierarchical pre-synthesis "efx_fifo_top_f9db9b463f784e0ead4594b0b8e61d81(FAMILY="TITANIUM",BYPASS_RESET_SYNC=1,MODE="FWFT",DEPTH=64,DATA_WIDTH=128,OUTPUT_REG=1,PROGRAMMABLE_FULL="NONE",PROG_FULL_ASSERT=33,PROG_FULL_NEGATE=33,PROGRAMMABLE_EMPTY="NONE",PROG_EMPTY_ASSERT=0,PROG_EMPTY_NEGATE=2)" end (Real time : 0s)
INFO     : ... Hierarchical pre-synthesis "streamfifocc64_f9db9b463f784e0ead4594b0b8e61d81(DATA_WIDTH=2)" begin
INFO     : ... Hierarchical pre-synthesis "streamfifocc64_f9db9b463f784e0ead4594b0b8e61d81(DATA_WIDTH=2)" end (Real time : 0s)
INFO     : ... Hierarchical pre-synthesis "streamfifocc64_f9db9b463f784e0ead4594b0b8e61d81(DATA_WIDTH=52)" begin
INFO     : ... Hierarchical pre-synthesis "streamfifocc64_f9db9b463f784e0ead4594b0b8e61d81(DATA_WIDTH=52)" end (Real time : 0s)
INFO     : ... Hierarchical pre-synthesis "efx_fifo_ram_f9db9b463f784e0ead4594b0b8e61d81(FAMILY="TITANIUM",WR_DEPTH=64,RD_DEPTH=64,WDATA_WIDTH=1,RDATA_WIDTH=1,WADDR_WIDTH=6,RADDR_WIDTH=6,RAM_MUX_RATIO=1)" begin
INFO     : ... Hierarchical pre-synthesis "efx_fifo_ram_f9db9b463f784e0ead4594b0b8e61d81(FAMILY="TITANIUM",WR_DEPTH=64,RD_DEPTH=64,WDATA_WIDTH=1,RDATA_WIDTH=1,WADDR_WIDTH=6,RADDR_WIDTH=6,RAM_MUX_RATIO=1)" end (Real time : 0s)
INFO     : ... Hierarchical pre-synthesis "efx_fifo_ctl_f9db9b463f784e0ead4594b0b8e61d81(SYNC_CLK=0,WR_DEPTH=64,WADDR_WIDTH=6,RADDR_WIDTH=6,PIPELINE_REG=0,ALMOST_FLAG=0,PROG_FULL_ASSERT=62,PROG_FULL_NEGATE=62,PROG_EMPTY_NEGATE=2,OUTPUT_REG=1,HANDSHAKE_FLAG=0,OVERFLOW_PROTECT=1,UNDERFLOW_PROTECT=1)" begin
INFO     : ... Hierarchical pre-synthesis "efx_fifo_ctl_f9db9b463f784e0ead4594b0b8e61d81(SYNC_CLK=0,WR_DEPTH=64,WADDR_WIDTH=6,RADDR_WIDTH=6,PIPELINE_REG=0,ALMOST_FLAG=0,PROG_FULL_ASSERT=62,PROG_FULL_NEGATE=62,PROG_EMPTY_NEGATE=2,OUTPUT_REG=1,HANDSHAKE_FLAG=0,OVERFLOW_PROTECT=1,UNDERFLOW_PROTECT=1)" end (Real time : 0s)
INFO     : ... Hierarchical pre-synthesis "efx_fifo_top_f9db9b463f784e0ead4594b0b8e61d81(FAMILY="TITANIUM",BYPASS_RESET_SYNC=1,DEPTH=64,DATA_WIDTH=1,PIPELINE_REG=0,OPTIONAL_FLAGS=0,OUTPUT_REG=1,PROGRAMMABLE_FULL="NONE",PROG_FULL_ASSERT=62,PROG_FULL_NEGATE=62,PROGRAMMABLE_EMPTY="NONE",PROG_EMPTY_ASSERT=0,PROG_EMPTY_NEGATE=2)" begin
INFO     : ... Hierarchical pre-synthesis "efx_fifo_top_f9db9b463f784e0ead4594b0b8e61d81(FAMILY="TITANIUM",BYPASS_RESET_SYNC=1,DEPTH=64,DATA_WIDTH=1,PIPELINE_REG=0,OPTIONAL_FLAGS=0,OUTPUT_REG=1,PROGRAMMABLE_FULL="NONE",PROG_FULL_ASSERT=62,PROG_FULL_NEGATE=62,PROGRAMMABLE_EMPTY="NONE",PROG_EMPTY_ASSERT=0,PROG_EMPTY_NEGATE=2)" end (Real time : 0s)
INFO     : ... Hierarchical pre-synthesis "bram_wrapper_fifo_f9db9b463f784e0ead4594b0b8e61d81" begin
INFO     : ... Hierarchical pre-synthesis "bram_wrapper_fifo_f9db9b463f784e0ead4594b0b8e61d81" end (Real time : 0s)
INFO     : ... Hierarchical pre-synthesis "user_dual_port_ram_f9db9b463f784e0ead4594b0b8e61d81(DATA_WIDTH=72,OUTPUT_REG="FALSE",RAM_INIT_FILE="ddr3_controller.bin")" begin
INFO     : ... Hierarchical pre-synthesis "user_dual_port_ram_f9db9b463f784e0ead4594b0b8e61d81(DATA_WIDTH=72,OUTPUT_REG="FALSE",RAM_INIT_FILE="ddr3_controller.bin")" end (Real time : 0s)
INFO     : ... Hierarchical pre-synthesis "ddr_3_controller_f9db9b463f784e0ead4594b0b8e61d81" begin
INFO     : ... Hierarchical pre-synthesis "ddr_3_controller_f9db9b463f784e0ead4594b0b8e61d81" end (Real time : 1s)
INFO     : ... Hierarchical pre-synthesis "controller_top_f9db9b463f784e0ead4594b0b8e61d81" begin
INFO     : ... Hierarchical pre-synthesis "controller_top_f9db9b463f784e0ead4594b0b8e61d81" end (Real time : 0s)
INFO     : ... Hierarchical pre-synthesis "reset_sub_f9db9b463f784e0ead4594b0b8e61d81(OUT_RST_ACTIVE="LOW",CYCLE=5)" begin
INFO     : ... Hierarchical pre-synthesis "reset_sub_f9db9b463f784e0ead4594b0b8e61d81(OUT_RST_ACTIVE="LOW",CYCLE=5)" end (Real time : 0s)
INFO     : ... Hierarchical pre-synthesis "reset_ctrl_f9db9b463f784e0ead4594b0b8e61d81(NUM_RST=2,CYCLE=5,IN_RST_ACTIVE=2'b0,OUT_RST_ACTIVE=2'b0)" begin
INFO     : ... Hierarchical pre-synthesis "reset_ctrl_f9db9b463f784e0ead4594b0b8e61d81(NUM_RST=2,CYCLE=5,IN_RST_ACTIVE=2'b0,OUT_RST_ACTIVE=2'b0)" end (Real time : 0s)
INFO     : ... Hierarchical pre-synthesis "phase_shift_f9db9b463f784e0ead4594b0b8e61d81" begin
INFO     : ... Hierarchical pre-synthesis "phase_shift_f9db9b463f784e0ead4594b0b8e61d81" end (Real time : 0s)
INFO     : ... Hierarchical pre-synthesis "top_f9db9b463f784e0ead4594b0b8e61d81" begin
INFO     : ... Hierarchical pre-synthesis "top_f9db9b463f784e0ead4594b0b8e61d81" end (Real time : 0s)
INFO     : ... Hierarchical pre-synthesis "efx_ddr3_axi_f9db9b463f784e0ead4594b0b8e61d81" begin
INFO     : ... Hierarchical pre-synthesis "efx_ddr3_axi_f9db9b463f784e0ead4594b0b8e61d81" end (Real time : 0s)
INFO     : ... Hierarchical pre-synthesis "efx_ddr3_soft_controller_f9db9b463f784e0ead4594b0b8e61d81" begin
INFO     : ... Hierarchical pre-synthesis "efx_ddr3_soft_controller_f9db9b463f784e0ead4594b0b8e61d81" end (Real time : 0s)
INFO     : ... Hierarchical pre-synthesis "DdrCtrl" begin
INFO     : ... Hierarchical pre-synthesis "DdrCtrl" end (Real time : 0s)
INFO     : ... Hierarchical pre-synthesis "AXI4_AWARMux(AID_LEN=4)" begin
INFO     : ... Hierarchical pre-synthesis "AXI4_AWARMux(AID_LEN=4)" end (Real time : 0s)
INFO     : ... Hierarchical pre-synthesis "i2c_timing_ctrl_16bit(CLK_FREQ=96000000,I2C_FREQ=50000)" begin
INFO     : ... Hierarchical pre-synthesis "i2c_timing_ctrl_16bit(CLK_FREQ=96000000,I2C_FREQ=50000)" end (Real time : 0s)
INFO     : ... Hierarchical pre-synthesis "I2C_OV5640_1280720_Config" begin
INFO     : ... Wide MUX mapping to ram-net, output: 'LUT_DATA' select size : 8 output width: 24
INFO     : ... Hierarchical pre-synthesis "I2C_OV5640_1280720_Config" end (Real time : 0s)
INFO     : ... Hierarchical pre-synthesis "PWMLite" begin
INFO     : ... Hierarchical pre-synthesis "PWMLite" end (Real time : 0s)
INFO     : ... Hierarchical pre-synthesis "Sensor_Image_XYCrop(IMAGE_HSIZE_SOURCE=2560,IMAGE_VSIZE_SOURCE=720,IMAGE_HSIZE_TARGET=2560,IMAGE_YSIZE_TARGET=720,PIXEL_DATA_WIDTH=8)" begin
INFO     : ... Hierarchical pre-synthesis "Sensor_Image_XYCrop(IMAGE_HSIZE_SOURCE=2560,IMAGE_VSIZE_SOURCE=720,IMAGE_HSIZE_TARGET=2560,IMAGE_YSIZE_TARGET=720,PIXEL_DATA_WIDTH=8)" end (Real time : 0s)
INFO     : ... Hierarchical pre-synthesis "efx_asyncreg_e28a7d4c8cc34a9cb9a97c74b3f9b99f(WIDTH=1,ACTIVE_LOW=0,RST_VALUE=1)" begin
INFO     : ... Hierarchical pre-synthesis "efx_asyncreg_e28a7d4c8cc34a9cb9a97c74b3f9b99f(WIDTH=1,ACTIVE_LOW=0,RST_VALUE=1)" end (Real time : 0s)
INFO     : ... Hierarchical pre-synthesis "efx_resetsync_e28a7d4c8cc34a9cb9a97c74b3f9b99f(ACTIVE_LOW=0)" begin
INFO     : ... Hierarchical pre-synthesis "efx_resetsync_e28a7d4c8cc34a9cb9a97c74b3f9b99f(ACTIVE_LOW=0)" end (Real time : 0s)
INFO     : ... Hierarchical pre-synthesis "efx_fifo_ram_e28a7d4c8cc34a9cb9a97c74b3f9b99f(FAMILY="TITANIUM",WR_DEPTH=8192,RDATA_WIDTH=128,WADDR_WIDTH=13,OUTPUT_REG=0,RAM_MUX_RATIO=16)" begin
INFO     : ... Hierarchical pre-synthesis "efx_fifo_ram_e28a7d4c8cc34a9cb9a97c74b3f9b99f(FAMILY="TITANIUM",WR_DEPTH=8192,RDATA_WIDTH=128,WADDR_WIDTH=13,OUTPUT_REG=0,RAM_MUX_RATIO=16)" end (Real time : 0s)
INFO     : ... Hierarchical pre-synthesis "efx_fifo_bin2gray_e28a7d4c8cc34a9cb9a97c74b3f9b99f(WIDTH=10)" begin
INFO     : ... Hierarchical pre-synthesis "efx_fifo_bin2gray_e28a7d4c8cc34a9cb9a97c74b3f9b99f(WIDTH=10)" end (Real time : 0s)
INFO     : ... Hierarchical pre-synthesis "efx_asyncreg_e28a7d4c8cc34a9cb9a97c74b3f9b99f(ASYNC_STAGE=3,WIDTH=10,ACTIVE_LOW=0)" begin
INFO     : ... Hierarchical pre-synthesis "efx_asyncreg_e28a7d4c8cc34a9cb9a97c74b3f9b99f(ASYNC_STAGE=3,WIDTH=10,ACTIVE_LOW=0)" end (Real time : 0s)
INFO     : ... Hierarchical pre-synthesis "efx_fifo_gray2bin_e28a7d4c8cc34a9cb9a97c74b3f9b99f(WIDTH=2)" begin
INFO     : ... Hierarchical pre-synthesis "efx_fifo_gray2bin_e28a7d4c8cc34a9cb9a97c74b3f9b99f(WIDTH=2)" end (Real time : 0s)
INFO     : ... Hierarchical pre-synthesis "efx_fifo_gray2bin_e28a7d4c8cc34a9cb9a97c74b3f9b99f(WIDTH=3)" begin
INFO     : ... Hierarchical pre-synthesis "efx_fifo_gray2bin_e28a7d4c8cc34a9cb9a97c74b3f9b99f(WIDTH=3)" end (Real time : 0s)
INFO     : ... Hierarchical pre-synthesis "efx_fifo_gray2bin_e28a7d4c8cc34a9cb9a97c74b3f9b99f(WIDTH=4)" begin
INFO     : ... Hierarchical pre-synthesis "efx_fifo_gray2bin_e28a7d4c8cc34a9cb9a97c74b3f9b99f(WIDTH=4)" end (Real time : 0s)
INFO     : ... Hierarchical pre-synthesis "efx_fifo_gray2bin_e28a7d4c8cc34a9cb9a97c74b3f9b99f" begin
INFO     : ... Hierarchical pre-synthesis "efx_fifo_gray2bin_e28a7d4c8cc34a9cb9a97c74b3f9b99f" end (Real time : 0s)
INFO     : ... Hierarchical pre-synthesis "efx_fifo_gray2bin_e28a7d4c8cc34a9cb9a97c74b3f9b99f(WIDTH=6)" begin
INFO     : ... Hierarchical pre-synthesis "efx_fifo_gray2bin_e28a7d4c8cc34a9cb9a97c74b3f9b99f(WIDTH=6)" end (Real time : 0s)
INFO     : ... Hierarchical pre-synthesis "efx_fifo_gray2bin_e28a7d4c8cc34a9cb9a97c74b3f9b99f(WIDTH=7)" begin
INFO     : ... Hierarchical pre-synthesis "efx_fifo_gray2bin_e28a7d4c8cc34a9cb9a97c74b3f9b99f(WIDTH=7)" end (Real time : 0s)
INFO     : ... Hierarchical pre-synthesis "efx_fifo_gray2bin_e28a7d4c8cc34a9cb9a97c74b3f9b99f(WIDTH=8)" begin
INFO     : ... Hierarchical pre-synthesis "efx_fifo_gray2bin_e28a7d4c8cc34a9cb9a97c74b3f9b99f(WIDTH=8)" end (Real time : 0s)
INFO     : ... Hierarchical pre-synthesis "efx_fifo_gray2bin_e28a7d4c8cc34a9cb9a97c74b3f9b99f(WIDTH=9)" begin
INFO     : ... Hierarchical pre-synthesis "efx_fifo_gray2bin_e28a7d4c8cc34a9cb9a97c74b3f9b99f(WIDTH=9)" end (Real time : 0s)
INFO     : ... Hierarchical pre-synthesis "efx_fifo_gray2bin_e28a7d4c8cc34a9cb9a97c74b3f9b99f(WIDTH=10)" begin
INFO     : ... Hierarchical pre-synthesis "efx_fifo_gray2bin_e28a7d4c8cc34a9cb9a97c74b3f9b99f(WIDTH=10)" end (Real time : 0s)
INFO     : ... Hierarchical pre-synthesis "efx_fifo_bin2gray_e28a7d4c8cc34a9cb9a97c74b3f9b99f(WIDTH=14)" begin
INFO     : ... Hierarchical pre-synthesis "efx_fifo_bin2gray_e28a7d4c8cc34a9cb9a97c74b3f9b99f(WIDTH=14)" end (Real time : 0s)
INFO     : ... Hierarchical pre-synthesis "efx_asyncreg_e28a7d4c8cc34a9cb9a97c74b3f9b99f(ASYNC_STAGE=3,WIDTH=14,ACTIVE_LOW=0)" begin
INFO     : ... Hierarchical pre-synthesis "efx_asyncreg_e28a7d4c8cc34a9cb9a97c74b3f9b99f(ASYNC_STAGE=3,WIDTH=14,ACTIVE_LOW=0)" end (Real time : 0s)
INFO     : ... Hierarchical pre-synthesis "efx_fifo_gray2bin_e28a7d4c8cc34a9cb9a97c74b3f9b99f(WIDTH=11)" begin
INFO     : ... Hierarchical pre-synthesis "efx_fifo_gray2bin_e28a7d4c8cc34a9cb9a97c74b3f9b99f(WIDTH=11)" end (Real time : 0s)
INFO     : ... Hierarchical pre-synthesis "efx_fifo_gray2bin_e28a7d4c8cc34a9cb9a97c74b3f9b99f(WIDTH=12)" begin
INFO     : ... Hierarchical pre-synthesis "efx_fifo_gray2bin_e28a7d4c8cc34a9cb9a97c74b3f9b99f(WIDTH=12)" end (Real time : 0s)
INFO     : ... Hierarchical pre-synthesis "efx_fifo_gray2bin_e28a7d4c8cc34a9cb9a97c74b3f9b99f(WIDTH=13)" begin
INFO     : ... Hierarchical pre-synthesis "efx_fifo_gray2bin_e28a7d4c8cc34a9cb9a97c74b3f9b99f(WIDTH=13)" end (Real time : 0s)
INFO     : ... Hierarchical pre-synthesis "efx_fifo_gray2bin_e28a7d4c8cc34a9cb9a97c74b3f9b99f(WIDTH=14)" begin
INFO     : ... Hierarchical pre-synthesis "efx_fifo_gray2bin_e28a7d4c8cc34a9cb9a97c74b3f9b99f(WIDTH=14)" end (Real time : 0s)
INFO     : ... Hierarchical pre-synthesis "efx_fifo_ctl_e28a7d4c8cc34a9cb9a97c74b3f9b99f(SYNC_CLK=0,SYNC_STAGE=3,MODE="FWFT",WR_DEPTH=8192,WADDR_WIDTH=13,ASYM_WIDTH_RATIO=8,RAM_MUX_RATIO=16,PROG_FULL_ASSERT=128,PROG_FULL_NEGATE=128,PROGRAMMABLE_EMPTY="STATIC_SINGLE",PROG_EMPTY_ASSERT=127,PROG_EMPTY_NEGATE=128,OVERFLOW_PROTECT=1,UNDERFLOW_PROTECT=1)" begin
INFO     : ... Hierarchical pre-synthesis "efx_fifo_ctl_e28a7d4c8cc34a9cb9a97c74b3f9b99f(SYNC_CLK=0,SYNC_STAGE=3,MODE="FWFT",WR_DEPTH=8192,WADDR_WIDTH=13,ASYM_WIDTH_RATIO=8,RAM_MUX_RATIO=16,PROG_FULL_ASSERT=128,PROG_FULL_NEGATE=128,PROGRAMMABLE_EMPTY="STATIC_SINGLE",PROG_EMPTY_ASSERT=127,PROG_EMPTY_NEGATE=128,OVERFLOW_PROTECT=1,UNDERFLOW_PROTECT=1)" end (Real time : 0s)
INFO     : ... Hierarchical pre-synthesis "efx_fifo_top_e28a7d4c8cc34a9cb9a97c74b3f9b99f(FAMILY="TITANIUM",SYNC_STAGE=3,MODE="FWFT",DEPTH=8192,DATA_WIDTH=8,PROGRAMMABLE_FULL="NONE",PROG_FULL_ASSERT=128,PROG_FULL_NEGATE=128,PROGRAMMABLE_EMPTY="STATIC_SINGLE",PROG_EMPTY_ASSERT=127,PROG_EMPTY_NEGATE=128,ASYM_WIDTH_RATIO=8)" begin
INFO     : ... Hierarchical pre-synthesis "efx_fifo_top_e28a7d4c8cc34a9cb9a97c74b3f9b99f(FAMILY="TITANIUM",SYNC_STAGE=3,MODE="FWFT",DEPTH=8192,DATA_WIDTH=8,PROGRAMMABLE_FULL="NONE",PROG_FULL_ASSERT=128,PROG_FULL_NEGATE=128,PROGRAMMABLE_EMPTY="STATIC_SINGLE",PROG_EMPTY_ASSERT=127,PROG_EMPTY_NEGATE=128,ASYM_WIDTH_RATIO=8)" end (Real time : 0s)
INFO     : ... Hierarchical pre-synthesis "W0_FIFO_8" begin
INFO     : ... Hierarchical pre-synthesis "W0_FIFO_8" end (Real time : 0s)
INFO     : ... Hierarchical pre-synthesis "efx_fifo_ram_999a6bd87d6240e6b5110248e73f14b9(FAMILY="TITANIUM",MODE="FWFT",RD_DEPTH=4096,WDATA_WIDTH=128,RDATA_WIDTH=16,RADDR_WIDTH=12,OUTPUT_REG=0,RAM_MUX_RATIO=8)" begin
INFO     : ... Hierarchical pre-synthesis "efx_fifo_ram_999a6bd87d6240e6b5110248e73f14b9(FAMILY="TITANIUM",MODE="FWFT",RD_DEPTH=4096,WDATA_WIDTH=128,RDATA_WIDTH=16,RADDR_WIDTH=12,OUTPUT_REG=0,RAM_MUX_RATIO=8)" end (Real time : 0s)
INFO     : ... Hierarchical pre-synthesis "efx_fifo_bin2gray_999a6bd87d6240e6b5110248e73f14b9(WIDTH=13)" begin
INFO     : ... Hierarchical pre-synthesis "efx_fifo_bin2gray_999a6bd87d6240e6b5110248e73f14b9(WIDTH=13)" end (Real time : 0s)
INFO     : ... Hierarchical pre-synthesis "efx_fifo_datasync_999a6bd87d6240e6b5110248e73f14b9(STAGE=3,WIDTH=13)" begin
INFO     : ... Hierarchical pre-synthesis "efx_fifo_datasync_999a6bd87d6240e6b5110248e73f14b9(STAGE=3,WIDTH=13)" end (Real time : 0s)
INFO     : ... Hierarchical pre-synthesis "efx_fifo_gray2bin_999a6bd87d6240e6b5110248e73f14b9(WIDTH=2)" begin
INFO     : ... Hierarchical pre-synthesis "efx_fifo_gray2bin_999a6bd87d6240e6b5110248e73f14b9(WIDTH=2)" end (Real time : 0s)
INFO     : ... Hierarchical pre-synthesis "efx_fifo_gray2bin_999a6bd87d6240e6b5110248e73f14b9(WIDTH=3)" begin
INFO     : ... Hierarchical pre-synthesis "efx_fifo_gray2bin_999a6bd87d6240e6b5110248e73f14b9(WIDTH=3)" end (Real time : 0s)
INFO     : ... Hierarchical pre-synthesis "efx_fifo_gray2bin_999a6bd87d6240e6b5110248e73f14b9(WIDTH=4)" begin
INFO     : ... Hierarchical pre-synthesis "efx_fifo_gray2bin_999a6bd87d6240e6b5110248e73f14b9(WIDTH=4)" end (Real time : 0s)
INFO     : ... Hierarchical pre-synthesis "efx_fifo_gray2bin_999a6bd87d6240e6b5110248e73f14b9" begin
INFO     : ... Hierarchical pre-synthesis "efx_fifo_gray2bin_999a6bd87d6240e6b5110248e73f14b9" end (Real time : 0s)
INFO     : ... Hierarchical pre-synthesis "efx_fifo_gray2bin_999a6bd87d6240e6b5110248e73f14b9(WIDTH=6)" begin
INFO     : ... Hierarchical pre-synthesis "efx_fifo_gray2bin_999a6bd87d6240e6b5110248e73f14b9(WIDTH=6)" end (Real time : 0s)
INFO     : ... Hierarchical pre-synthesis "efx_fifo_gray2bin_999a6bd87d6240e6b5110248e73f14b9(WIDTH=7)" begin
INFO     : ... Hierarchical pre-synthesis "efx_fifo_gray2bin_999a6bd87d6240e6b5110248e73f14b9(WIDTH=7)" end (Real time : 0s)
INFO     : ... Hierarchical pre-synthesis "efx_fifo_gray2bin_999a6bd87d6240e6b5110248e73f14b9(WIDTH=8)" begin
INFO     : ... Hierarchical pre-synthesis "efx_fifo_gray2bin_999a6bd87d6240e6b5110248e73f14b9(WIDTH=8)" end (Real time : 0s)
INFO     : ... Hierarchical pre-synthesis "efx_fifo_gray2bin_999a6bd87d6240e6b5110248e73f14b9(WIDTH=9)" begin
INFO     : ... Hierarchical pre-synthesis "efx_fifo_gray2bin_999a6bd87d6240e6b5110248e73f14b9(WIDTH=9)" end (Real time : 0s)
INFO     : ... Hierarchical pre-synthesis "efx_fifo_gray2bin_999a6bd87d6240e6b5110248e73f14b9(WIDTH=10)" begin
INFO     : ... Hierarchical pre-synthesis "efx_fifo_gray2bin_999a6bd87d6240e6b5110248e73f14b9(WIDTH=10)" end (Real time : 0s)
INFO     : ... Hierarchical pre-synthesis "efx_fifo_gray2bin_999a6bd87d6240e6b5110248e73f14b9(WIDTH=11)" begin
INFO     : ... Hierarchical pre-synthesis "efx_fifo_gray2bin_999a6bd87d6240e6b5110248e73f14b9(WIDTH=11)" end (Real time : 0s)
INFO     : ... Hierarchical pre-synthesis "efx_fifo_gray2bin_999a6bd87d6240e6b5110248e73f14b9(WIDTH=12)" begin
INFO     : ... Hierarchical pre-synthesis "efx_fifo_gray2bin_999a6bd87d6240e6b5110248e73f14b9(WIDTH=12)" end (Real time : 0s)
INFO     : ... Hierarchical pre-synthesis "efx_fifo_gray2bin_999a6bd87d6240e6b5110248e73f14b9(WIDTH=13)" begin
INFO     : ... Hierarchical pre-synthesis "efx_fifo_gray2bin_999a6bd87d6240e6b5110248e73f14b9(WIDTH=13)" end (Real time : 0s)
INFO     : ... Hierarchical pre-synthesis "efx_fifo_bin2gray_999a6bd87d6240e6b5110248e73f14b9(WIDTH=10)" begin
INFO     : ... Hierarchical pre-synthesis "efx_fifo_bin2gray_999a6bd87d6240e6b5110248e73f14b9(WIDTH=10)" end (Real time : 0s)
INFO     : ... Hierarchical pre-synthesis "efx_fifo_datasync_999a6bd87d6240e6b5110248e73f14b9(STAGE=3,WIDTH=10)" begin
INFO     : ... Hierarchical pre-synthesis "efx_fifo_datasync_999a6bd87d6240e6b5110248e73f14b9(STAGE=3,WIDTH=10)" end (Real time : 0s)
INFO     : ... Hierarchical pre-synthesis "efx_fifo_ctl_999a6bd87d6240e6b5110248e73f14b9(FAMILY="TITANIUM",SYNC_CLK=0,SYNC_STAGE=3,MODE="FWFT",RADDR_WIDTH=12,ASYM_WIDTH_RATIO=1,RAM_MUX_RATIO=8,PROGRAMMABLE_FULL="STATIC_SINGLE",PROG_FULL_ASSERT=256,PROG_FULL_NEGATE=256,PROG_EMPTY_NEGATE=2)" begin
INFO     : ... Hierarchical pre-synthesis "efx_fifo_ctl_999a6bd87d6240e6b5110248e73f14b9(FAMILY="TITANIUM",SYNC_CLK=0,SYNC_STAGE=3,MODE="FWFT",RADDR_WIDTH=12,ASYM_WIDTH_RATIO=1,RAM_MUX_RATIO=8,PROGRAMMABLE_FULL="STATIC_SINGLE",PROG_FULL_ASSERT=256,PROG_FULL_NEGATE=256,PROG_EMPTY_NEGATE=2)" end (Real time : 0s)
INFO     : ... Hierarchical pre-synthesis "efx_fifo_top_999a6bd87d6240e6b5110248e73f14b9(FAMILY="TITANIUM",SYNC_STAGE=3,MODE="FWFT",DATA_WIDTH=128,PROGRAMMABLE_FULL="STATIC_SINGLE",PROG_FULL_ASSERT=256,PROG_FULL_NEGATE=256,PROGRAMMABLE_EMPTY="NONE",PROG_EMPTY_ASSERT=0,PROG_EMPTY_NEGATE=2,ASYM_WIDTH_RATIO=1)" begin
INFO     : ... Hierarchical pre-synthesis "efx_fifo_top_999a6bd87d6240e6b5110248e73f14b9(FAMILY="TITANIUM",SYNC_STAGE=3,MODE="FWFT",DATA_WIDTH=128,PROGRAMMABLE_FULL="STATIC_SINGLE",PROG_FULL_ASSERT=256,PROG_FULL_NEGATE=256,PROGRAMMABLE_EMPTY="NONE",PROG_EMPTY_ASSERT=0,PROG_EMPTY_NEGATE=2,ASYM_WIDTH_RATIO=1)" end (Real time : 0s)
INFO     : ... Hierarchical pre-synthesis "R0_FIFO_16" begin
INFO     : ... Hierarchical pre-synthesis "R0_FIFO_16" end (Real time : 0s)
INFO     : ... Hierarchical pre-synthesis "axi4_ctrl(C_ID_LEN=4,C_RD_END_ADDR=1843200,C_W_WIDTH=8,C_R_WIDTH=16)" begin
INFO     : ... Hierarchical pre-synthesis "axi4_ctrl(C_ID_LEN=4,C_RD_END_ADDR=1843200,C_W_WIDTH=8,C_R_WIDTH=16)" end (Real time : 0s)
INFO     : ... Hierarchical pre-synthesis "lcd_driver" begin
INFO     : ... Hierarchical pre-synthesis "lcd_driver" end (Real time : 0s)
INFO     : ... Hierarchical pre-synthesis "sobel_line_delay" begin
INFO     : ... Hierarchical pre-synthesis "sobel_line_delay" end (Real time : 1s)
INFO     : ... Hierarchical pre-synthesis "sobel_stream_720p" begin
INFO     : ... Hierarchical pre-synthesis "sobel_stream_720p" end (Real time : 0s)
INFO     : ... Hierarchical pre-synthesis "tmds_channel" begin
INFO     : ... Hierarchical pre-synthesis "tmds_channel" end (Real time : 0s)
INFO     : ... Hierarchical pre-synthesis "rgb2dvi(ENABLE_OSERDES=0)" begin
INFO     : ... Hierarchical pre-synthesis "rgb2dvi(ENABLE_OSERDES=0)" end (Real time : 0s)
INFO     : ... Hierarchical pre-synthesis "example_top" begin
INFO     : ... Clock Enable Synthesis Performed on 882 flops.
INFO     : Cannot infer shift registers from 'ddr3_ctl_axi/u_efx_ddr3_soft_controller/genblk1.inst_ddr3_axi/inst_efx_ddr3/top_mc/controller_main/r_rd_fifo_wr_en_p[0]' (D:\yilingsi_fpga\Efinity_Project\Ti60F225_OV5640_Sobel_Stable\ip/DdrCtrl\DdrCtrl.sv:1460) to 'ddr3_ctl_axi/u_efx_ddr3_soft_controller/genblk1.inst_ddr3_axi/inst_efx_ddr3/top_mc/controller_main/r_rd_fifo_wr_en_p[17]' (D:\yilingsi_fpga\Efinity_Project\Ti60F225_OV5640_Sobel_Stable\ip/DdrCtrl\DdrCtrl.sv:1460). Shift registers with both dynamic address and reset not supported. [EFX-0688]
INFO     : ... Hierarchical pre-synthesis "example_top" end (Real time : 2s)
INFO     : ... Flat optimizations begin
INFO     : ... Flat optimizations end (Real time : 0s)
INFO     : ... Flat synthesis begin
INFO     : ... Flat synthesis end (Real time : 0s)
INFO     : ... Flat optimizations begin
INFO     : ... Flat optimizations end (Real time : 0s)
INFO     : ... Check and break combinational loops begin
INFO     : ... Check and break combinational loops end (Real time : 0s)
INFO     : ... Setup for logic synthesis begin
INFO     : ... Setup for logic synthesis end (Real time : 0s)
INFO     : ... LUT mapping begin
INFO     : ... LS, strategy: 3, nd: 3721, ed: 11586, lv: 7, pw: 9426.33
INFO     : ... LUT mapping end (Real time : 7s)
INFO     : ... Post-synthesis Verific netlist creation begin
INFO     : ... Post-synthesis Verific netlist creation end (Real time : 0s)
INFO     : ***** Beginning VDB Netlist Checker ... *****
WARNING  : D:\yilingsi_fpga\Efinity_Project\Ti60F225_OV5640_Sobel_Stable\example_top.v(11): Input/inout port clk_24m is unconnected and will be removed. [VDB-8003]
WARNING  : D:\yilingsi_fpga\Efinity_Project\Ti60F225_OV5640_Sobel_Stable\example_top.v(12): Input/inout port clk_25m is unconnected and will be removed. [VDB-8003]
WARNING  : D:\yilingsi_fpga\Efinity_Project\Ti60F225_OV5640_Sobel_Stable\example_top.v(21): Input/inout port clk_pixel_2x is unconnected and will be removed. [VDB-8003]
WARNING  : D:\yilingsi_fpga\Efinity_Project\Ti60F225_OV5640_Sobel_Stable\example_top.v(22): Input/inout port clk_pixel_10x is unconnected and will be removed. [VDB-8003]
WARNING  : D:\yilingsi_fpga\Efinity_Project\Ti60F225_OV5640_Sobel_Stable\example_top.v(30): Input/inout port dsi_refclk_i is unconnected and will be removed. [VDB-8003]
WARNING  : D:\yilingsi_fpga\Efinity_Project\Ti60F225_OV5640_Sobel_Stable\example_top.v(31): Input/inout port dsi_byteclk_i is unconnected and will be removed. [VDB-8003]
WARNING  : D:\yilingsi_fpga\Efinity_Project\Ti60F225_OV5640_Sobel_Stable\example_top.v(32): Input/inout port dsi_serclk_i is unconnected and will be removed. [VDB-8003]
WARNING  : D:\yilingsi_fpga\Efinity_Project\Ti60F225_OV5640_Sobel_Stable\example_top.v(33): Input/inout port dsi_txcclk_i is unconnected and will be removed. [VDB-8003]
WARNING  : D:\yilingsi_fpga\Efinity_Project\Ti60F225_OV5640_Sobel_Stable\example_top.v(60): Input/inout port clk_lvds_1x is unconnected and will be removed. [VDB-8003]
WARNING  : D:\yilingsi_fpga\Efinity_Project\Ti60F225_OV5640_Sobel_Stable\example_top.v(61): Input/inout port clk_lvds_7x is unconnected and will be removed. [VDB-8003]
WARNING  : D:\yilingsi_fpga\Efinity_Project\Ti60F225_OV5640_Sobel_Stable\example_top.v(62): Input/inout port clk_27m is unconnected and will be removed. [VDB-8003]
WARNING  : D:\yilingsi_fpga\Efinity_Project\Ti60F225_OV5640_Sobel_Stable\example_top.v(63): Input/inout port clk_54m is unconnected and will be removed. [VDB-8003]
WARNING  : D:\yilingsi_fpga\Efinity_Project\Ti60F225_OV5640_Sobel_Stable\example_top.v(97): Input/inout port i_dqs_n_hi[1] is unconnected and will be removed. [VDB-8003]
WARNING  : D:\yilingsi_fpga\Efinity_Project\Ti60F225_OV5640_Sobel_Stable\example_top.v(98): Input/inout port i_dqs_n_lo[1] is unconnected and will be removed. [VDB-8003]
WARNING  : D:\yilingsi_fpga\Efinity_Project\Ti60F225_OV5640_Sobel_Stable\example_top.v(121): Input/inout port csi_ctl0_i is unconnected and will be removed. [VDB-8003]
WARNING  : D:\yilingsi_fpga\Efinity_Project\Ti60F225_OV5640_Sobel_Stable\example_top.v(125): Input/inout port csi_ctl1_i is unconnected and will be removed. [VDB-8003]
WARNING  : D:\yilingsi_fpga\Efinity_Project\Ti60F225_OV5640_Sobel_Stable\example_top.v(129): Input/inout port csi_scl_i is unconnected and will be removed. [VDB-8003]
WARNING  : D:\yilingsi_fpga\Efinity_Project\Ti60F225_OV5640_Sobel_Stable\example_top.v(133): Input/inout port csi_sda_i is unconnected and will be removed. [VDB-8003]
WARNING  : D:\yilingsi_fpga\Efinity_Project\Ti60F225_OV5640_Sobel_Stable\example_top.v(136): Input/inout port csi_rxc_lp_p_i is unconnected and will be removed. [VDB-8003]
WARNING  : D:\yilingsi_fpga\Efinity_Project\Ti60F225_OV5640_Sobel_Stable\example_top.v(137): Input/inout port csi_rxc_lp_n_i is unconnected and will be removed. [VDB-8003]
WARNING  : D:\yilingsi_fpga\Efinity_Project\Ti60F225_OV5640_Sobel_Stable\example_top.v(140): Input/inout port csi_rxc_i is unconnected and will be removed. [VDB-8003]
WARNING  : D:\yilingsi_fpga\Efinity_Project\Ti60F225_OV5640_Sobel_Stable\example_top.v(147): Input/inout port csi_rxd0_lp_p_i is unconnected and will be removed. [VDB-8003]
WARNING  : D:\yilingsi_fpga\Efinity_Project\Ti60F225_OV5640_Sobel_Stable\example_top.v(148): Input/inout port csi_rxd0_lp_n_i is unconnected and will be removed. [VDB-8003]
WARNING  : D:\yilingsi_fpga\Efinity_Project\Ti60F225_OV5640_Sobel_Stable\example_top.v(149): Input/inout port csi_rxd0_hs_i[7] is unconnected and will be removed. [VDB-8003]
WARNING  : D:\yilingsi_fpga\Efinity_Project\Ti60F225_OV5640_Sobel_Stable\example_top.v(156): Input/inout port csi_rxd1_lp_n_i is unconnected and will be removed. [VDB-8003]
WARNING  : D:\yilingsi_fpga\Efinity_Project\Ti60F225_OV5640_Sobel_Stable\example_top.v(157): Input/inout port csi_rxd1_lp_p_i is unconnected and will be removed. [VDB-8003]
WARNING  : D:\yilingsi_fpga\Efinity_Project\Ti60F225_OV5640_Sobel_Stable\example_top.v(158): Input/inout port csi_rxd1_hs_i[7] is unconnected and will be removed. [VDB-8003]
WARNING  : D:\yilingsi_fpga\Efinity_Project\Ti60F225_OV5640_Sobel_Stable\example_top.v(165): Input/inout port csi_rxd2_lp_p_i is unconnected and will be removed. [VDB-8003]
WARNING  : D:\yilingsi_fpga\Efinity_Project\Ti60F225_OV5640_Sobel_Stable\example_top.v(166): Input/inout port csi_rxd2_lp_n_i is unconnected and will be removed. [VDB-8003]
WARNING  : D:\yilingsi_fpga\Efinity_Project\Ti60F225_OV5640_Sobel_Stable\example_top.v(167): Input/inout port csi_rxd2_hs_i[7] is unconnected and will be removed. [VDB-8003]
WARNING  : D:\yilingsi_fpga\Efinity_Project\Ti60F225_OV5640_Sobel_Stable\example_top.v(174): Input/inout port csi_rxd3_lp_p_i is unconnected and will be removed. [VDB-8003]
WARNING  : D:\yilingsi_fpga\Efinity_Project\Ti60F225_OV5640_Sobel_Stable\example_top.v(175): Input/inout port csi_rxd3_lp_n_i is unconnected and will be removed. [VDB-8003]
WARNING  : D:\yilingsi_fpga\Efinity_Project\Ti60F225_OV5640_Sobel_Stable\example_top.v(176): Input/inout port csi_rxd3_hs_i[7] is unconnected and will be removed. [VDB-8003]
WARNING  : D:\yilingsi_fpga\Efinity_Project\Ti60F225_OV5640_Sobel_Stable\example_top.v(235): Input/inout port dsi_txd0_lp_p_i is unconnected and will be removed. [VDB-8003]
WARNING  : D:\yilingsi_fpga\Efinity_Project\Ti60F225_OV5640_Sobel_Stable\example_top.v(236): Input/inout port dsi_txd0_lp_n_i is unconnected and will be removed. [VDB-8003]
WARNING  : D:\yilingsi_fpga\Efinity_Project\Ti60F225_OV5640_Sobel_Stable\example_top.v(237): Input/inout port dsi_txd1_lp_p_i is unconnected and will be removed. [VDB-8003]
WARNING  : D:\yilingsi_fpga\Efinity_Project\Ti60F225_OV5640_Sobel_Stable\example_top.v(238): Input/inout port dsi_txd1_lp_n_i is unconnected and will be removed. [VDB-8003]
WARNING  : D:\yilingsi_fpga\Efinity_Project\Ti60F225_OV5640_Sobel_Stable\example_top.v(239): Input/inout port dsi_txd2_lp_p_i is unconnected and will be removed. [VDB-8003]
WARNING  : D:\yilingsi_fpga\Efinity_Project\Ti60F225_OV5640_Sobel_Stable\example_top.v(240): Input/inout port dsi_txd2_lp_n_i is unconnected and will be removed. [VDB-8003]
WARNING  : D:\yilingsi_fpga\Efinity_Project\Ti60F225_OV5640_Sobel_Stable\example_top.v(241): Input/inout port dsi_txd3_lp_p_i is unconnected and will be removed. [VDB-8003]
WARNING  : D:\yilingsi_fpga\Efinity_Project\Ti60F225_OV5640_Sobel_Stable\example_top.v(242): Input/inout port dsi_txd3_lp_n_i is unconnected and will be removed. [VDB-8003]
WARNING  : D:\yilingsi_fpga\Efinity_Project\Ti60F225_OV5640_Sobel_Stable\example_top.v(247): Input/inout port uart_rx_i is unconnected and will be removed. [VDB-8003]
WARNING  : D:\yilingsi_fpga\Efinity_Project\Ti60F225_OV5640_Sobel_Stable\example_top.v(257): Input/inout port cmos_sdat_IN is unconnected and will be removed. [VDB-8003]
WARNING  : D:\yilingsi_fpga\Efinity_Project\Ti60F225_OV5640_Sobel_Stable\example_top.v(269): Input/inout port cmos_ctl1_i is unconnected and will be removed. [VDB-8003]
WARNING  : D:\yilingsi_fpga\Efinity_Project\Ti60F225_OV5640_Sobel_Stable\example_top.v(272): Input/inout port cmos_ctl2_i is unconnected and will be removed. [VDB-8003]
WARNING  : D:\yilingsi_fpga\Efinity_Project\Ti60F225_OV5640_Sobel_Stable\example_top.v(275): Input/inout port cmos_ctl3_i is unconnected and will be removed. [VDB-8003]
WARNING  : D:\yilingsi_fpga\Efinity_Project\Ti60F225_OV5640_Sobel_Stable\example_top.v(323): Input/inout port lcd_tp_sda_i is unconnected and will be removed. [VDB-8003]
WARNING  : D:\yilingsi_fpga\Efinity_Project\Ti60F225_OV5640_Sobel_Stable\example_top.v(327): Input/inout port lcd_tp_scl_i is unconnected and will be removed. [VDB-8003]
WARNING  : D:\yilingsi_fpga\Efinity_Project\Ti60F225_OV5640_Sobel_Stable\example_top.v(331): Input/inout port lcd_tp_int_i is unconnected and will be removed. [VDB-8003]
WARNING  : D:\yilingsi_fpga\Efinity_Project\Ti60F225_OV5640_Sobel_Stable\example_top.v(351): Input/inout port lcd_b7_0_i[7] is unconnected and will be removed. [VDB-8003]
WARNING  : D:\yilingsi_fpga\Efinity_Project\Ti60F225_OV5640_Sobel_Stable\example_top.v(352): Input/inout port lcd_g7_0_i[7] is unconnected and will be removed. [VDB-8003]
WARNING  : D:\yilingsi_fpga\Efinity_Project\Ti60F225_OV5640_Sobel_Stable\example_top.v(353): Input/inout port lcd_r7_0_i[7] is unconnected and will be removed. [VDB-8003]
WARNING  : Found 103 warnings in the post-synthesis netlist.
INFO     : VDB Netlist Checker took 0.012796 seconds.
INFO     : 	VDB Netlist Checker took 0.03125 seconds (approximately) in total CPU time.
INFO     : VDB Netlist Checker virtual memory usage: begin = 409.628 MB, end = 409.66 MB, delta = 0.032 MB
INFO     : 	VDB Netlist Checker peak virtual memory usage = 411.268 MB
INFO     : VDB Netlist Checker resident set memory usage: begin = 421.636 MB, end = 421.752 MB, delta = 0.116 MB
INFO     : 	VDB Netlist Checker peak resident set memory usage = 422.376 MB
INFO     : ***** Ending VDB Netlist Checker ... *****
INFO     : Resource Summary 
INFO     : =============================== 
INFO     : EFX_ADD         : 	876
INFO     : EFX_LUT4        : 	3776
INFO     : EFX_FF          : 	2806
INFO     : EFX_SRL8        : 	3136
INFO     : EFX_RAM10       : 	46
INFO     : =============================== 
INFO     : ... Post-Map Verilog Writer begin
INFO     : Writing netlist 'example_top' to Verilog file 'outflow\Ti60_Demo.map.v' [VDB-1030]
INFO     : ... Post-Map Verilog Writer end (Real time : 0s)
INFO     : The entire flow of EFX_MAP took 14.3722 seconds.
INFO     : 	The entire flow of EFX_MAP took 15.375 seconds (approximately) in total CPU time.
INFO     : The entire flow of EFX_MAP virtual memory usage: begin = 18.004 MB, end = 272.26 MB, delta = 254.256 MB
INFO     : 	The entire flow of EFX_MAP peak virtual memory usage = 411.268 MB
INFO     : The entire flow of EFX_MAP resident set memory usage: begin = 16.924 MB, end = 286.124 MB, delta = 269.2 MB
INFO     : 	The entire flow of EFX_MAP peak resident set memory usage = 422.756 MB
Stage completed: map
Running: efx_run_pt_unified.py Ti60_Demo Titanium Ti60F225 --output_dir outflow --timing_model C4 --project_xml Ti60_Demo.xml
Running: C:/Efinity/2025.1\python311\bin\python.exe C:\Efinity\2025.1\scripts\efx_run_pt_unified.py Ti60_Demo Titanium Ti60F225 --output_dir outflow --timing_model C4 --project_xml Ti60_Demo.xml
Load design file Ti60_Demo.peri.xml
INFO: Design check issue : id:1 name:hdmi_txd0 type:lvds_tx sev:SeverityType.warning rule:lvds_rule_tx_distance msg:These HSIO GPIO must be placed at least 1 pair away from LVDS hdmi_txd0 in order to avoid noise coupling from GPIO to LVDS: GPIOT_N_16,GPIOT_P_16
INFO: Design check issue : id:2 name:lvds_txd2 type:lvds_tx sev:SeverityType.warning rule:lvds_rule_tx_distance msg:These HSIO GPIO must be placed at least 1 pair away from LVDS lvds_txd2 in order to avoid noise coupling from GPIO to LVDS: GPIOT_N_06,GPIOT_P_06
INFO: Design check issue : id:3 name:dsi_txd3 type:mipi_tx_lane sev:SeverityType.warning rule:mipi_ln_rule_tx_distance msg:These HSIO GPIO must be placed at least 1 pair away from MIPI Lane dsi_txd3 in order to avoid noise coupling from GPIO to MIPI Lane: GPIOR_N_09,GPIOR_P_09
INFO: Design check issue : id:1 name:hdmi_txd0 type:lvds_tx sev:SeverityType.warning rule:lvds_rule_tx_distance msg:These HSIO GPIO must be placed at least 1 pair away from LVDS hdmi_txd0 in order to avoid noise coupling from GPIO to LVDS: GPIOT_N_16,GPIOT_P_16
INFO: Design check issue : id:2 name:lvds_txd2 type:lvds_tx sev:SeverityType.warning rule:lvds_rule_tx_distance msg:These HSIO GPIO must be placed at least 1 pair away from LVDS lvds_txd2 in order to avoid noise coupling from GPIO to LVDS: GPIOT_N_06,GPIOT_P_06
INFO: Design check issue : id:3 name:dsi_txd3 type:mipi_tx_lane sev:SeverityType.warning rule:mipi_ln_rule_tx_distance msg:These HSIO GPIO must be placed at least 1 pair away from MIPI Lane dsi_txd3 in order to avoid noise coupling from GPIO to MIPI Lane: GPIOR_N_09,GPIOR_P_09
Writing out summary report file
Writing out pinout file
Writing out interface config file
Writing out timing related file
Writing out verilog template file
Writing out option register file
Writing out boundary scan description file
Writing out LPF
Stage completed: interface
Running: efx_run_pnr.py Ti60_Demo --prj --family Titanium --device Ti60F225 --timing_model C4 --sim --dir D:\yilingsi_fpga\Efinity_Project\Ti60F225_OV5640_Sobel_Stable\ip\W0_FIFO --dir D:\yilingsi_fpga\Efinity_Project\Ti60F225_OV5640_Sobel_Stable\ip\R0_FIFO --dir D:\yilingsi_fpga\Efinity_Project\Ti60F225_OV5640_Sobel_Stable\ip\dsi_tx --dir D:\yilingsi_fpga\Efinity_Project\Ti60F225_OV5640_Sobel_Stable\ip\csi_rx --dir D:\yilingsi_fpga\Efinity_Project\Ti60F225_OV5640_Sobel_Stable\ip\DdrCtrl --dir D:\yilingsi_fpga\Efinity_Project\Ti60F225_OV5640_Sobel_Stable\ip\W0_FIFO_8 --dir D:\yilingsi_fpga\Efinity_Project\Ti60F225_OV5640_Sobel_Stable\ip\W0_FIFO_64 --dir D:\yilingsi_fpga\Efinity_Project\Ti60F225_OV5640_Sobel_Stable\ip\FIFO_W48R24 --dir D:\yilingsi_fpga\Efinity_Project\Ti60F225_OV5640_Sobel_Stable\ip\R0_FIFO_8 --dir D:\yilingsi_fpga\Efinity_Project\Ti60F225_OV5640_Sobel_Stable\ip\R0_FIFO_16 --dir D:\yilingsi_fpga\Efinity_Project\Ti60F225_OV5640_Sobel_Stable\ip\W0_FIFO_32 --dir D:\yilingsi_fpga\Efinity_Project\Ti60F225_OV5640_Sobel_Stable\ip\W0_FIFO_16 --output_dir outflow --opt sdc_file=Ti60_Demo.pt.sdc --opt work_dir=work_pnr optimization_level=TIMING_1 seed=1 placer_effort_level=3 max_threads=32
Running: C:/Efinity/2025.1\bin\efx_pnr.exe --circuit Ti60_Demo --family Titanium --device Ti60F225 --operating_conditions C4 --vdb_file outflow\Ti60_Demo.vdb --use_vdb_file on --output_dir outflow --place_file outflow\Ti60_Demo.place --route_file outflow\Ti60_Demo.route --sync_file outflow\Ti60_Demo.interface.csv --generate_prevpr_netlist on --sdc_file=Ti60_Demo.pt.sdc --work_dir=work_pnr --optimization_level=TIMING_1 --seed=1 --placer_effort_level=3 --max_threads=32
           
           Efinix FPGA Placement and Routing.
           Version: 2025.1.110.5.9 
           Compiled: Sep 19 2025.
           
           Copyright (C) 2013 - 2025 Efinix, Inc. All rights reserved.

           
           The Tool Is Based on VPR of University of Toronto,
           a free open source code under MIT license.
           
           ***** Beginning stage netlist pre-processing ... *****
INFO     : Successfully Read in Verific binary Netlist dump file "outflow\Ti60_Demo.vdb".
INFO     : ***** Beginning VDB Netlist Checker ... *****
WARNING  : D:\yilingsi_fpga\Efinity_Project\Ti60F225_OV5640_Sobel_Stable\example_top.v(11): Input/inout port clk_24m is unconnected and will be removed. [VDB-8003]
WARNING  : D:\yilingsi_fpga\Efinity_Project\Ti60F225_OV5640_Sobel_Stable\example_top.v(12): Input/inout port clk_25m is unconnected and will be removed. [VDB-8003]
WARNING  : D:\yilingsi_fpga\Efinity_Project\Ti60F225_OV5640_Sobel_Stable\example_top.v(21): Input/inout port clk_pixel_2x is unconnected and will be removed. [VDB-8003]
WARNING  : D:\yilingsi_fpga\Efinity_Project\Ti60F225_OV5640_Sobel_Stable\example_top.v(22): Input/inout port clk_pixel_10x is unconnected and will be removed. [VDB-8003]
WARNING  : D:\yilingsi_fpga\Efinity_Project\Ti60F225_OV5640_Sobel_Stable\example_top.v(30): Input/inout port dsi_refclk_i is unconnected and will be removed. [VDB-8003]
WARNING  : D:\yilingsi_fpga\Efinity_Project\Ti60F225_OV5640_Sobel_Stable\example_top.v(31): Input/inout port dsi_byteclk_i is unconnected and will be removed. [VDB-8003]
WARNING  : D:\yilingsi_fpga\Efinity_Project\Ti60F225_OV5640_Sobel_Stable\example_top.v(32): Input/inout port dsi_serclk_i is unconnected and will be removed. [VDB-8003]
WARNING  : D:\yilingsi_fpga\Efinity_Project\Ti60F225_OV5640_Sobel_Stable\example_top.v(33): Input/inout port dsi_txcclk_i is unconnected and will be removed. [VDB-8003]
WARNING  : D:\yilingsi_fpga\Efinity_Project\Ti60F225_OV5640_Sobel_Stable\example_top.v(60): Input/inout port clk_lvds_1x is unconnected and will be removed. [VDB-8003]
WARNING  : D:\yilingsi_fpga\Efinity_Project\Ti60F225_OV5640_Sobel_Stable\example_top.v(61): Input/inout port clk_lvds_7x is unconnected and will be removed. [VDB-8003]
WARNING  : D:\yilingsi_fpga\Efinity_Project\Ti60F225_OV5640_Sobel_Stable\example_top.v(62): Input/inout port clk_27m is unconnected and will be removed. [VDB-8003]
WARNING  : D:\yilingsi_fpga\Efinity_Project\Ti60F225_OV5640_Sobel_Stable\example_top.v(63): Input/inout port clk_54m is unconnected and will be removed. [VDB-8003]
WARNING  : D:\yilingsi_fpga\Efinity_Project\Ti60F225_OV5640_Sobel_Stable\example_top.v(97): Input/inout port i_dqs_n_hi[1] is unconnected and will be removed. [VDB-8003]
WARNING  : D:\yilingsi_fpga\Efinity_Project\Ti60F225_OV5640_Sobel_Stable\example_top.v(98): Input/inout port i_dqs_n_lo[1] is unconnected and will be removed. [VDB-8003]
WARNING  : D:\yilingsi_fpga\Efinity_Project\Ti60F225_OV5640_Sobel_Stable\example_top.v(121): Input/inout port csi_ctl0_i is unconnected and will be removed. [VDB-8003]
WARNING  : D:\yilingsi_fpga\Efinity_Project\Ti60F225_OV5640_Sobel_Stable\example_top.v(125): Input/inout port csi_ctl1_i is unconnected and will be removed. [VDB-8003]
WARNING  : D:\yilingsi_fpga\Efinity_Project\Ti60F225_OV5640_Sobel_Stable\example_top.v(129): Input/inout port csi_scl_i is unconnected and will be removed. [VDB-8003]
WARNING  : D:\yilingsi_fpga\Efinity_Project\Ti60F225_OV5640_Sobel_Stable\example_top.v(133): Input/inout port csi_sda_i is unconnected and will be removed. [VDB-8003]
WARNING  : D:\yilingsi_fpga\Efinity_Project\Ti60F225_OV5640_Sobel_Stable\example_top.v(136): Input/inout port csi_rxc_lp_p_i is unconnected and will be removed. [VDB-8003]
WARNING  : D:\yilingsi_fpga\Efinity_Project\Ti60F225_OV5640_Sobel_Stable\example_top.v(137): Input/inout port csi_rxc_lp_n_i is unconnected and will be removed. [VDB-8003]
WARNING  : D:\yilingsi_fpga\Efinity_Project\Ti60F225_OV5640_Sobel_Stable\example_top.v(140): Input/inout port csi_rxc_i is unconnected and will be removed. [VDB-8003]
WARNING  : D:\yilingsi_fpga\Efinity_Project\Ti60F225_OV5640_Sobel_Stable\example_top.v(147): Input/inout port csi_rxd0_lp_p_i is unconnected and will be removed. [VDB-8003]
WARNING  : D:\yilingsi_fpga\Efinity_Project\Ti60F225_OV5640_Sobel_Stable\example_top.v(148): Input/inout port csi_rxd0_lp_n_i is unconnected and will be removed. [VDB-8003]
WARNING  : D:\yilingsi_fpga\Efinity_Project\Ti60F225_OV5640_Sobel_Stable\example_top.v(149): Input/inout port csi_rxd0_hs_i[7] is unconnected and will be removed. [VDB-8003]
WARNING  : D:\yilingsi_fpga\Efinity_Project\Ti60F225_OV5640_Sobel_Stable\example_top.v(156): Input/inout port csi_rxd1_lp_n_i is unconnected and will be removed. [VDB-8003]
WARNING  : D:\yilingsi_fpga\Efinity_Project\Ti60F225_OV5640_Sobel_Stable\example_top.v(157): Input/inout port csi_rxd1_lp_p_i is unconnected and will be removed. [VDB-8003]
WARNING  : D:\yilingsi_fpga\Efinity_Project\Ti60F225_OV5640_Sobel_Stable\example_top.v(158): Input/inout port csi_rxd1_hs_i[7] is unconnected and will be removed. [VDB-8003]
WARNING  : D:\yilingsi_fpga\Efinity_Project\Ti60F225_OV5640_Sobel_Stable\example_top.v(165): Input/inout port csi_rxd2_lp_p_i is unconnected and will be removed. [VDB-8003]
WARNING  : D:\yilingsi_fpga\Efinity_Project\Ti60F225_OV5640_Sobel_Stable\example_top.v(166): Input/inout port csi_rxd2_lp_n_i is unconnected and will be removed. [VDB-8003]
WARNING  : D:\yilingsi_fpga\Efinity_Project\Ti60F225_OV5640_Sobel_Stable\example_top.v(167): Input/inout port csi_rxd2_hs_i[7] is unconnected and will be removed. [VDB-8003]
WARNING  : D:\yilingsi_fpga\Efinity_Project\Ti60F225_OV5640_Sobel_Stable\example_top.v(174): Input/inout port csi_rxd3_lp_p_i is unconnected and will be removed. [VDB-8003]
WARNING  : D:\yilingsi_fpga\Efinity_Project\Ti60F225_OV5640_Sobel_Stable\example_top.v(175): Input/inout port csi_rxd3_lp_n_i is unconnected and will be removed. [VDB-8003]
WARNING  : D:\yilingsi_fpga\Efinity_Project\Ti60F225_OV5640_Sobel_Stable\example_top.v(176): Input/inout port csi_rxd3_hs_i[7] is unconnected and will be removed. [VDB-8003]
WARNING  : D:\yilingsi_fpga\Efinity_Project\Ti60F225_OV5640_Sobel_Stable\example_top.v(235): Input/inout port dsi_txd0_lp_p_i is unconnected and will be removed. [VDB-8003]
WARNING  : D:\yilingsi_fpga\Efinity_Project\Ti60F225_OV5640_Sobel_Stable\example_top.v(236): Input/inout port dsi_txd0_lp_n_i is unconnected and will be removed. [VDB-8003]
WARNING  : D:\yilingsi_fpga\Efinity_Project\Ti60F225_OV5640_Sobel_Stable\example_top.v(237): Input/inout port dsi_txd1_lp_p_i is unconnected and will be removed. [VDB-8003]
WARNING  : D:\yilingsi_fpga\Efinity_Project\Ti60F225_OV5640_Sobel_Stable\example_top.v(238): Input/inout port dsi_txd1_lp_n_i is unconnected and will be removed. [VDB-8003]
WARNING  : D:\yilingsi_fpga\Efinity_Project\Ti60F225_OV5640_Sobel_Stable\example_top.v(239): Input/inout port dsi_txd2_lp_p_i is unconnected and will be removed. [VDB-8003]
WARNING  : D:\yilingsi_fpga\Efinity_Project\Ti60F225_OV5640_Sobel_Stable\example_top.v(240): Input/inout port dsi_txd2_lp_n_i is unconnected and will be removed. [VDB-8003]
WARNING  : D:\yilingsi_fpga\Efinity_Project\Ti60F225_OV5640_Sobel_Stable\example_top.v(241): Input/inout port dsi_txd3_lp_p_i is unconnected and will be removed. [VDB-8003]
WARNING  : D:\yilingsi_fpga\Efinity_Project\Ti60F225_OV5640_Sobel_Stable\example_top.v(242): Input/inout port dsi_txd3_lp_n_i is unconnected and will be removed. [VDB-8003]
WARNING  : D:\yilingsi_fpga\Efinity_Project\Ti60F225_OV5640_Sobel_Stable\example_top.v(247): Input/inout port uart_rx_i is unconnected and will be removed. [VDB-8003]
WARNING  : D:\yilingsi_fpga\Efinity_Project\Ti60F225_OV5640_Sobel_Stable\example_top.v(257): Input/inout port cmos_sdat_IN is unconnected and will be removed. [VDB-8003]
WARNING  : D:\yilingsi_fpga\Efinity_Project\Ti60F225_OV5640_Sobel_Stable\example_top.v(269): Input/inout port cmos_ctl1_i is unconnected and will be removed. [VDB-8003]
WARNING  : D:\yilingsi_fpga\Efinity_Project\Ti60F225_OV5640_Sobel_Stable\example_top.v(272): Input/inout port cmos_ctl2_i is unconnected and will be removed. [VDB-8003]
WARNING  : D:\yilingsi_fpga\Efinity_Project\Ti60F225_OV5640_Sobel_Stable\example_top.v(275): Input/inout port cmos_ctl3_i is unconnected and will be removed. [VDB-8003]
WARNING  : D:\yilingsi_fpga\Efinity_Project\Ti60F225_OV5640_Sobel_Stable\example_top.v(323): Input/inout port lcd_tp_sda_i is unconnected and will be removed. [VDB-8003]
WARNING  : D:\yilingsi_fpga\Efinity_Project\Ti60F225_OV5640_Sobel_Stable\example_top.v(327): Input/inout port lcd_tp_scl_i is unconnected and will be removed. [VDB-8003]
WARNING  : D:\yilingsi_fpga\Efinity_Project\Ti60F225_OV5640_Sobel_Stable\example_top.v(331): Input/inout port lcd_tp_int_i is unconnected and will be removed. [VDB-8003]
WARNING  : D:\yilingsi_fpga\Efinity_Project\Ti60F225_OV5640_Sobel_Stable\example_top.v(351): Input/inout port lcd_b7_0_i[7] is unconnected and will be removed. [VDB-8003]
WARNING  : D:\yilingsi_fpga\Efinity_Project\Ti60F225_OV5640_Sobel_Stable\example_top.v(352): Input/inout port lcd_g7_0_i[7] is unconnected and will be removed. [VDB-8003]
WARNING  : D:\yilingsi_fpga\Efinity_Project\Ti60F225_OV5640_Sobel_Stable\example_top.v(353): Input/inout port lcd_r7_0_i[7] is unconnected and will be removed. [VDB-8003]
WARNING  : Found 103 warnings in the post-synthesis netlist.
INFO     : VDB Netlist Checker took 0.012294 seconds.
INFO     : 	VDB Netlist Checker took 0 seconds (approximately) in total CPU time.
INFO     : VDB Netlist Checker virtual memory usage: begin = 121.36 MB, end = 121.964 MB, delta = 0.604 MB
INFO     : 	VDB Netlist Checker peak virtual memory usage = 121.972 MB
INFO     : VDB Netlist Checker resident set memory usage: begin = 131.244 MB, end = 132.284 MB, delta = 1.04 MB
INFO     : 	VDB Netlist Checker peak resident set memory usage = 132.284 MB
INFO     : ***** Ending VDB Netlist Checker ... *****
INFO     : Writing netlist 'example_top' to Verilog file 'outflow\Ti60_Demo.prevpr.v' [VDB-1030]
INFO     : Reading core interface constraints file "outflow\Ti60_Demo.interface.csv"
INFO     : Successfully read core interface constraints file "outflow\Ti60_Demo.interface.csv"
INFO     : Net clk_lvds_1x promoted to global due to interface constraints.
INFO     : Net clk_pixel_10x promoted to global due to interface constraints.
INFO     : Net clk_lvds_7x promoted to global due to interface constraints.
INFO     : Net clk_27m promoted to global due to interface constraints.
INFO     : Net dsi_serclk_i promoted to global due to interface constraints.
INFO     : Net dsi_byteclk_i promoted to global due to interface constraints.
INFO     : Net dsi_txcclk_i promoted to global due to interface constraints.
INFO     : Found 0 constant generator nets.
INFO     : Pass 0: Swept away 0 nets with no fanout.
INFO     : logical_block #0(clk_24m) has no fanout.
INFO     : Removing input.
INFO     : logical_block #1(clk_25m) has no fanout.
INFO     : Removing input.
INFO     : logical_block #5(clk_pixel_2x) has no fanout.
INFO     : Removing input.
INFO     : logical_block #9(dsi_refclk_i) has no fanout.
INFO     : Removing input.
INFO     : logical_block #33(clk_54m) has no fanout.
INFO     : Removing input.
INFO     : logical_block #149(i_dqs_n_hi[1]) has no fanout.
INFO     : Removing input.
INFO     : logical_block #150(i_dqs_n_hi[0]) has no fanout.
INFO     : Removing input.
INFO     : logical_block #151(i_dqs_n_lo[1]) has no fanout.
INFO     : Removing input.
INFO     : logical_block #152(i_dqs_n_lo[0]) has no fanout.
INFO     : Removing input.
INFO     : logical_block #171(csi_ctl0_i) has no fanout.
INFO     : Removing input.
INFO     : logical_block #174(csi_ctl1_i) has no fanout.
INFO     : Removing input.
INFO     : logical_block #177(csi_scl_i) has no fanout.
INFO     : Removing input.
INFO     : logical_block #180(csi_sda_i) has no fanout.
INFO     : Removing input.
INFO     : logical_block #181(csi_rxc_lp_p_i) has no fanout.
INFO     : Removing input.
INFO     : logical_block #182(csi_rxc_lp_n_i) has no fanout.
INFO     : Removing input.
INFO     : logical_block #185(csi_rxc_i) has no fanout.
INFO     : Removing input.
INFO     : logical_block #189(csi_rxd0_lp_p_i) has no fanout.
INFO     : Removing input.
INFO     : logical_block #190(csi_rxd0_lp_n_i) has no fanout.
INFO     : Removing input.
INFO     : logical_block #191(csi_rxd0_hs_i[7]) has no fanout.
INFO     : Removing input.
INFO     : logical_block #192(csi_rxd0_hs_i[6]) has no fanout.
INFO     : Removing input.
INFO     : logical_block #193(csi_rxd0_hs_i[5]) has no fanout.
INFO     : Removing input.
INFO     : logical_block #194(csi_rxd0_hs_i[4]) has no fanout.
INFO     : Removing input.
INFO     : logical_block #195(csi_rxd0_hs_i[3]) has no fanout.
INFO     : Removing input.
INFO     : logical_block #196(csi_rxd0_hs_i[2]) has no fanout.
INFO     : Removing input.
INFO     : logical_block #197(csi_rxd0_hs_i[1]) has no fanout.
INFO     : Removing input.
INFO     : logical_block #198(csi_rxd0_hs_i[0]) has no fanout.
INFO     : Removing input.
INFO     : logical_block #202(csi_rxd1_lp_n_i) has no fanout.
INFO     : Removing input.
INFO     : logical_block #203(csi_rxd1_lp_p_i) has no fanout.
INFO     : Removing input.
INFO     : logical_block #204(csi_rxd1_hs_i[7]) has no fanout.
INFO     : Removing input.
INFO     : logical_block #205(csi_rxd1_hs_i[6]) has no fanout.
INFO     : Removing input.
INFO     : logical_block #206(csi_rxd1_hs_i[5]) has no fanout.
INFO     : Removing input.
INFO     : logical_block #207(csi_rxd1_hs_i[4]) has no fanout.
INFO     : Removing input.
INFO     : logical_block #208(csi_rxd1_hs_i[3]) has no fanout.
INFO     : Removing input.
INFO     : logical_block #209(csi_rxd1_hs_i[2]) has no fanout.
INFO     : Removing input.
INFO     : logical_block #210(csi_rxd1_hs_i[1]) has no fanout.
INFO     : Removing input.
INFO     : logical_block #211(csi_rxd1_hs_i[0]) has no fanout.
INFO     : Removing input.
INFO     : logical_block #215(csi_rxd2_lp_p_i) has no fanout.
INFO     : Removing input.
INFO     : logical_block #216(csi_rxd2_lp_n_i) has no fanout.
INFO     : Removing input.
INFO     : logical_block #217(csi_rxd2_hs_i[7]) has no fanout.
INFO     : Removing input.
INFO     : logical_block #218(csi_rxd2_hs_i[6]) has no fanout.
INFO     : Removing input.
INFO     : logical_block #219(csi_rxd2_hs_i[5]) has no fanout.
INFO     : Removing input.
INFO     : logical_block #220(csi_rxd2_hs_i[4]) has no fanout.
INFO     : Removing input.
INFO     : logical_block #221(csi_rxd2_hs_i[3]) has no fanout.
INFO     : Removing input.
INFO     : logical_block #222(csi_rxd2_hs_i[2]) has no fanout.
INFO     : Removing input.
INFO     : logical_block #223(csi_rxd2_hs_i[1]) has no fanout.
INFO     : Removing input.
INFO     : logical_block #224(csi_rxd2_hs_i[0]) has no fanout.
INFO     : Removing input.
INFO     : logical_block #228(csi_rxd3_lp_p_i) has no fanout.
INFO     : Removing input.
INFO     : logical_block #229(csi_rxd3_lp_n_i) has no fanout.
INFO     : Removing input.
INFO     : logical_block #230(csi_rxd3_hs_i[7]) has no fanout.
INFO     : Removing input.
INFO     : logical_block #231(csi_rxd3_hs_i[6]) has no fanout.
INFO     : Removing input.
INFO     : logical_block #232(csi_rxd3_hs_i[5]) has no fanout.
INFO     : Removing input.
INFO     : logical_block #233(csi_rxd3_hs_i[4]) has no fanout.
INFO     : Removing input.
INFO     : logical_block #234(csi_rxd3_hs_i[3]) has no fanout.
INFO     : Removing input.
INFO     : logical_block #235(csi_rxd3_hs_i[2]) has no fanout.
INFO     : Removing input.
INFO     : logical_block #236(csi_rxd3_hs_i[1]) has no fanout.
INFO     : Removing input.
INFO     : logical_block #237(csi_rxd3_hs_i[0]) has no fanout.
INFO     : Removing input.
INFO     : logical_block #310(dsi_txd0_lp_p_i) has no fanout.
INFO     : Removing input.
INFO     : logical_block #311(dsi_txd0_lp_n_i) has no fanout.
INFO     : Removing input.
INFO     : logical_block #312(dsi_txd1_lp_p_i) has no fanout.
INFO     : Removing input.
INFO     : logical_block #313(dsi_txd1_lp_n_i) has no fanout.
INFO     : Removing input.
INFO     : logical_block #314(dsi_txd2_lp_p_i) has no fanout.
INFO     : Removing input.
INFO     : logical_block #315(dsi_txd2_lp_n_i) has no fanout.
INFO     : Removing input.
INFO     : logical_block #316(dsi_txd3_lp_p_i) has no fanout.
INFO     : Removing input.
INFO     : logical_block #317(dsi_txd3_lp_n_i) has no fanout.
INFO     : Removing input.
INFO     : logical_block #318(uart_rx_i) has no fanout.
INFO     : Removing input.
INFO     : logical_block #327(cmos_sdat_IN) has no fanout.
INFO     : Removing input.
INFO     : logical_block #343(cmos_ctl1_i) has no fanout.
INFO     : Removing input.
INFO     : logical_block #346(cmos_ctl2_i) has no fanout.
INFO     : Removing input.
INFO     : logical_block #349(cmos_ctl3_i) has no fanout.
INFO     : Removing input.
INFO     : logical_block #445(lcd_tp_sda_i) has no fanout.
INFO     : Removing input.
INFO     : logical_block #448(lcd_tp_scl_i) has no fanout.
INFO     : Removing input.
INFO     : logical_block #451(lcd_tp_int_i) has no fanout.
INFO     : Removing input.
INFO     : logical_block #506(lcd_b7_0_i[7]) has no fanout.
INFO     : Removing input.
INFO     : logical_block #507(lcd_b7_0_i[6]) has no fanout.
INFO     : Removing input.
INFO     : logical_block #508(lcd_b7_0_i[5]) has no fanout.
INFO     : Removing input.
INFO     : logical_block #509(lcd_b7_0_i[4]) has no fanout.
INFO     : Removing input.
INFO     : logical_block #510(lcd_b7_0_i[3]) has no fanout.
INFO     : Removing input.
INFO     : logical_block #511(lcd_b7_0_i[2]) has no fanout.
INFO     : Removing input.
INFO     : logical_block #512(lcd_b7_0_i[1]) has no fanout.
INFO     : Removing input.
INFO     : logical_block #513(lcd_b7_0_i[0]) has no fanout.
INFO     : Removing input.
INFO     : logical_block #514(lcd_g7_0_i[7]) has no fanout.
INFO     : Removing input.
INFO     : logical_block #515(lcd_g7_0_i[6]) has no fanout.
INFO     : Removing input.
INFO     : logical_block #516(lcd_g7_0_i[5]) has no fanout.
INFO     : Removing input.
INFO     : logical_block #517(lcd_g7_0_i[4]) has no fanout.
INFO     : Removing input.
INFO     : logical_block #518(lcd_g7_0_i[3]) has no fanout.
INFO     : Removing input.
INFO     : logical_block #519(lcd_g7_0_i[2]) has no fanout.
INFO     : Removing input.
INFO     : logical_block #520(lcd_g7_0_i[1]) has no fanout.
INFO     : Removing input.
INFO     : logical_block #521(lcd_g7_0_i[0]) has no fanout.
INFO     : Removing input.
INFO     : logical_block #522(lcd_r7_0_i[7]) has no fanout.
INFO     : Removing input.
INFO     : logical_block #523(lcd_r7_0_i[6]) has no fanout.
INFO     : Removing input.
INFO     : logical_block #524(lcd_r7_0_i[5]) has no fanout.
INFO     : Removing input.
INFO     : logical_block #525(lcd_r7_0_i[4]) has no fanout.
INFO     : Removing input.
INFO     : logical_block #526(lcd_r7_0_i[3]) has no fanout.
INFO     : Removing input.
INFO     : logical_block #527(lcd_r7_0_i[2]) has no fanout.
INFO     : Removing input.
INFO     : logical_block #528(lcd_r7_0_i[1]) has no fanout.
INFO     : Removing input.
INFO     : logical_block #529(lcd_r7_0_i[0]) has no fanout.
INFO     : Removing input.
INFO     : Pass 0: Swept away 96 blocks with no fanout.
INFO     : Pass 1: Swept away 0 nets with no fanout.
INFO     : Pass 1: Swept away 0 blocks with no fanout.
INFO     : Swept away 0 nets and 96 blocks in total.
INFO     : Removed 0 LUT buffers
INFO     : Sweept away 96 nodes
INFO     : Successfully created VPR logical netlist from Verific binary DataBase file "outflow\Ti60_Demo.vdb".
INFO     : Netlist pre-processing took 0.399753 seconds.
INFO     : 	Netlist pre-processing took 0.21875 seconds (approximately) in total CPU time.
INFO     : Netlist pre-processing virtual memory usage: begin = 121.36 MB, end = 527.228 MB, delta = 405.868 MB
INFO     : 	Netlist pre-processing peak virtual memory usage = 528.26 MB
INFO     : Netlist pre-processing resident set memory usage: begin = 130.864 MB, end = 539.14 MB, delta = 408.276 MB
INFO     : 	Netlist pre-processing peak resident set memory usage = 539.888 MB
           ***** Ending stage netlist pre-processing *****
           
INFO     : Load Global Network took 0.368733 seconds.
INFO     : 	Load Global Network took 0.15625 seconds (approximately) in total CPU time.
INFO     : Load Global Network virtual memory usage: begin = 527.228 MB, end = 527.228 MB, delta = 0 MB
INFO     : 	Load Global Network peak virtual memory usage = 528.26 MB
INFO     : Load Global Network resident set memory usage: begin = 539.224 MB, end = 539.848 MB, delta = 0.624 MB
INFO     : 	Load Global Network peak resident set memory usage = 539.888 MB
INFO     : Reading C:/Efinity/2025.1/arch/.\rr_pb_hier_mapping.xml
           ***** Beginning stage pre-packing ... *****
           ***** Ending stage pre-packing *****
           
           ***** Beginning stage packing ... *****
INFO     : Generate proto netlist for file "work_pnr\Ti60_Demo.net_proto" took 0.019 seconds
INFO     : Creating IO constraints file 'work_pnr\Ti60_Demo.io_place'
INFO     : Packing took 0.0498989 seconds.
INFO     : 	Packing took 0.046875 seconds (approximately) in total CPU time.
INFO     : Packing virtual memory usage: begin = 528.26 MB, end = 528.26 MB, delta = 0 MB
INFO     : 	Packing peak virtual memory usage = 528.26 MB
INFO     : Packing resident set memory usage: begin = 541.288 MB, end = 541.628 MB, delta = 0.34 MB
INFO     : 	Packing peak resident set memory usage = 541.628 MB
           ***** Ending stage packing *****
           
INFO     : Read proto netlist file work_pnr\Ti60_Demo.net_proto
INFO     : Read proto netlist for file "work_pnr\Ti60_Demo.net_proto" took 0.006 seconds
INFO     : Setup net and block data structure took 0.068 seconds
INFO     : Reading core interface constraints file "outflow\Ti60_Demo.interface.csv"
INFO     : Successfully read core interface constraints file "outflow\Ti60_Demo.interface.csv"
WARNING  : Found 103 warnings in the post-synthesis netlist.
INFO     : Reading core interface constraints file "outflow\Ti60_Demo.interface.csv"
INFO     : Successfully read core interface constraints file "outflow\Ti60_Demo.interface.csv"
           ***** Beginning stage packed netlist loading ... *****
INFO     : Read proto netlist file work_pnr\Ti60_Demo.net_proto
INFO     : Read proto netlist for file "work_pnr\Ti60_Demo.net_proto" took 0.006 seconds
INFO     : Setup net and block data structure took 0.065 seconds
INFO     : Packed netlist loading took 0.0728708 seconds.
INFO     : 	Packed netlist loading took 0.046875 seconds (approximately) in total CPU time.
INFO     : Packed netlist loading virtual memory usage: begin = 529.784 MB, end = 529.784 MB, delta = 0 MB
INFO     : 	Packed netlist loading peak virtual memory usage = 529.784 MB
INFO     : Packed netlist loading resident set memory usage: begin = 544.44 MB, end = 544.464 MB, delta = 0.024 MB
INFO     : 	Packed netlist loading peak resident set memory usage = 544.464 MB
           ***** Ending stage packed netlist loading *****
           
           ***** Beginning stage pre-placement ... *****
           
           ***** Ending stage pre-placement *****
           
WARNING  : [SDC D:/yilingsi_fpga/Efinity_Project/Ti60F225_OV5640_Sobel_Stable/Ti60_Demo.pt.sdc:14] No valid object(s) found for 'dsi_refclk_i'
WARNING  : [SDC D:/yilingsi_fpga/Efinity_Project/Ti60F225_OV5640_Sobel_Stable/Ti60_Demo.pt.sdc:14] No valid pin(s) found for clock
WARNING  : [SDC D:/yilingsi_fpga/Efinity_Project/Ti60F225_OV5640_Sobel_Stable/Ti60_Demo.pt.sdc:14] Unable to run 'create_clock' constraint due to warnings found
WARNING  : [SDC D:/yilingsi_fpga/Efinity_Project/Ti60F225_OV5640_Sobel_Stable/Ti60_Demo.pt.sdc:24] No valid object(s) found for 'clk_pixel_2x'
WARNING  : [SDC D:/yilingsi_fpga/Efinity_Project/Ti60F225_OV5640_Sobel_Stable/Ti60_Demo.pt.sdc:24] No valid pin(s) found for clock
WARNING  : [SDC D:/yilingsi_fpga/Efinity_Project/Ti60F225_OV5640_Sobel_Stable/Ti60_Demo.pt.sdc:24] Unable to run 'create_clock' constraint due to warnings found
WARNING  : [SDC D:/yilingsi_fpga/Efinity_Project/Ti60F225_OV5640_Sobel_Stable/Ti60_Demo.pt.sdc:29] No valid object(s) found for 'clk_54m'
WARNING  : [SDC D:/yilingsi_fpga/Efinity_Project/Ti60F225_OV5640_Sobel_Stable/Ti60_Demo.pt.sdc:29] No valid pin(s) found for clock
WARNING  : [SDC D:/yilingsi_fpga/Efinity_Project/Ti60F225_OV5640_Sobel_Stable/Ti60_Demo.pt.sdc:29] Unable to run 'create_clock' constraint due to warnings found
WARNING  : No ports matched 'csi_rxc_i'
WARNING  : [SDC D:/yilingsi_fpga/Efinity_Project/Ti60F225_OV5640_Sobel_Stable/Ti60_Demo.pt.sdc:33] No valid pin(s) found for clock
WARNING  : [SDC D:/yilingsi_fpga/Efinity_Project/Ti60F225_OV5640_Sobel_Stable/Ti60_Demo.pt.sdc:33] Unable to run 'create_clock' constraint due to warnings found
WARNING  : [SDC D:/yilingsi_fpga/Efinity_Project/Ti60F225_OV5640_Sobel_Stable/Ti60_Demo.pt.sdc:35] set_clock_groups: Defaulting to -exclusive since none of the required option was specified
WARNING  : No clocks matched 'csi_rxc_i'
WARNING  : No clocks matched 'csi_rxc_i'
WARNING  : No ports matched 'i_dqs_n_lo[0]'
WARNING  : No ports matched 'i_dqs_n_hi[0]'
WARNING  : [SDC D:/yilingsi_fpga/Efinity_Project/Ti60F225_OV5640_Sobel_Stable/Ti60_Demo.pt.sdc:341] set_input_delay: No valid input port(s) found
WARNING  : [SDC D:/yilingsi_fpga/Efinity_Project/Ti60F225_OV5640_Sobel_Stable/Ti60_Demo.pt.sdc:341] Unable to run 'set_input_delay' constraint due to warnings found
WARNING  : No ports matched 'i_dqs_n_hi[0]'
WARNING  : No ports matched 'i_dqs_n_lo[0]'
WARNING  : [SDC D:/yilingsi_fpga/Efinity_Project/Ti60F225_OV5640_Sobel_Stable/Ti60_Demo.pt.sdc:342] set_input_delay: No valid input port(s) found
WARNING  : [SDC D:/yilingsi_fpga/Efinity_Project/Ti60F225_OV5640_Sobel_Stable/Ti60_Demo.pt.sdc:342] Unable to run 'set_input_delay' constraint due to warnings found
WARNING  : No ports matched 'i_dqs_n_hi[1]'
WARNING  : No ports matched 'i_dqs_n_lo[1]'
WARNING  : [SDC D:/yilingsi_fpga/Efinity_Project/Ti60F225_OV5640_Sobel_Stable/Ti60_Demo.pt.sdc:347] set_input_delay: No valid input port(s) found
WARNING  : [SDC D:/yilingsi_fpga/Efinity_Project/Ti60F225_OV5640_Sobel_Stable/Ti60_Demo.pt.sdc:347] Unable to run 'set_input_delay' constraint due to warnings found
WARNING  : No ports matched 'i_dqs_n_lo[1]'
WARNING  : No ports matched 'i_dqs_n_hi[1]'
WARNING  : [SDC D:/yilingsi_fpga/Efinity_Project/Ti60F225_OV5640_Sobel_Stable/Ti60_Demo.pt.sdc:348] set_input_delay: No valid input port(s) found
WARNING  : [SDC D:/yilingsi_fpga/Efinity_Project/Ti60F225_OV5640_Sobel_Stable/Ti60_Demo.pt.sdc:348] Unable to run 'set_input_delay' constraint due to warnings found
WARNING  : No ports matched 'csi_rxc_i~CLKOUT~218~278'
WARNING  : No ports matched 'csi_rxd0_fifo_rd_o'
WARNING  : [SDC D:/yilingsi_fpga/Efinity_Project/Ti60F225_OV5640_Sobel_Stable/Ti60_Demo.pt.sdc:576] No clocks matched 'csi_rxc_i'
WARNING  : [SDC D:/yilingsi_fpga/Efinity_Project/Ti60F225_OV5640_Sobel_Stable/Ti60_Demo.pt.sdc:576] set_output_delay: No valid clock found for -clock
WARNING  : [SDC D:/yilingsi_fpga/Efinity_Project/Ti60F225_OV5640_Sobel_Stable/Ti60_Demo.pt.sdc:576] Unable to run 'set_output_delay' constraint due to warnings found
WARNING  : No ports matched 'csi_rxc_i~CLKOUT~218~278'
WARNING  : No ports matched 'csi_rxd0_fifo_rd_o'
WARNING  : [SDC D:/yilingsi_fpga/Efinity_Project/Ti60F225_OV5640_Sobel_Stable/Ti60_Demo.pt.sdc:577] No clocks matched 'csi_rxc_i'
WARNING  : [SDC D:/yilingsi_fpga/Efinity_Project/Ti60F225_OV5640_Sobel_Stable/Ti60_Demo.pt.sdc:577] set_output_delay: No valid clock found for -clock
WARNING  : [SDC D:/yilingsi_fpga/Efinity_Project/Ti60F225_OV5640_Sobel_Stable/Ti60_Demo.pt.sdc:577] Unable to run 'set_output_delay' constraint due to warnings found
WARNING  : No ports matched 'csi_rxc_i~CLKOUT~218~278'
WARNING  : [SDC D:/yilingsi_fpga/Efinity_Project/Ti60F225_OV5640_Sobel_Stable/Ti60_Demo.pt.sdc:578] No clocks matched 'csi_rxc_i'
WARNING  : [SDC D:/yilingsi_fpga/Efinity_Project/Ti60F225_OV5640_Sobel_Stable/Ti60_Demo.pt.sdc:578] set_output_delay: No valid clock found for -clock
WARNING  : [SDC D:/yilingsi_fpga/Efinity_Project/Ti60F225_OV5640_Sobel_Stable/Ti60_Demo.pt.sdc:578] Unable to run 'set_output_delay' constraint due to warnings found
WARNING  : No ports matched 'csi_rxc_i~CLKOUT~218~278'
WARNING  : [SDC D:/yilingsi_fpga/Efinity_Project/Ti60F225_OV5640_Sobel_Stable/Ti60_Demo.pt.sdc:579] No clocks matched 'csi_rxc_i'
WARNING  : [SDC D:/yilingsi_fpga/Efinity_Project/Ti60F225_OV5640_Sobel_Stable/Ti60_Demo.pt.sdc:579] set_output_delay: No valid clock found for -clock
WARNING  : [SDC D:/yilingsi_fpga/Efinity_Project/Ti60F225_OV5640_Sobel_Stable/Ti60_Demo.pt.sdc:579] Unable to run 'set_output_delay' constraint due to warnings found
WARNING  : No ports matched 'csi_rxc_i~CLKOUT~218~278'
WARNING  : No ports matched 'csi_rxd0_fifo_empty_i'
WARNING  : [SDC D:/yilingsi_fpga/Efinity_Project/Ti60F225_OV5640_Sobel_Stable/Ti60_Demo.pt.sdc:580] No clocks matched 'csi_rxc_i'
WARNING  : [SDC D:/yilingsi_fpga/Efinity_Project/Ti60F225_OV5640_Sobel_Stable/Ti60_Demo.pt.sdc:580] set_input_delay: No valid clock found for -clock
WARNING  : [SDC D:/yilingsi_fpga/Efinity_Project/Ti60F225_OV5640_Sobel_Stable/Ti60_Demo.pt.sdc:580] Unable to run 'set_input_delay' constraint due to warnings found
WARNING  : No ports matched 'csi_rxc_i~CLKOUT~218~278'
WARNING  : No ports matched 'csi_rxd0_fifo_empty_i'
WARNING  : [SDC D:/yilingsi_fpga/Efinity_Project/Ti60F225_OV5640_Sobel_Stable/Ti60_Demo.pt.sdc:581] No clocks matched 'csi_rxc_i'
WARNING  : [SDC D:/yilingsi_fpga/Efinity_Project/Ti60F225_OV5640_Sobel_Stable/Ti60_Demo.pt.sdc:581] set_input_delay: No valid clock found for -clock
WARNING  : [SDC D:/yilingsi_fpga/Efinity_Project/Ti60F225_OV5640_Sobel_Stable/Ti60_Demo.pt.sdc:581] Unable to run 'set_input_delay' constraint due to warnings found
WARNING  : No ports matched 'csi_rxc_i~CLKOUT~218~278'
WARNING  : No ports matched 'csi_rxd0_hs_i[*]'
WARNING  : [SDC D:/yilingsi_fpga/Efinity_Project/Ti60F225_OV5640_Sobel_Stable/Ti60_Demo.pt.sdc:582] No clocks matched 'csi_rxc_i'
WARNING  : [SDC D:/yilingsi_fpga/Efinity_Project/Ti60F225_OV5640_Sobel_Stable/Ti60_Demo.pt.sdc:582] set_input_delay: No valid clock found for -clock
WARNING  : [SDC D:/yilingsi_fpga/Efinity_Project/Ti60F225_OV5640_Sobel_Stable/Ti60_Demo.pt.sdc:582] Unable to run 'set_input_delay' constraint due to warnings found
WARNING  : No ports matched 'csi_rxc_i~CLKOUT~218~278'
WARNING  : No ports matched 'csi_rxd0_hs_i[*]'
WARNING  : [SDC D:/yilingsi_fpga/Efinity_Project/Ti60F225_OV5640_Sobel_Stable/Ti60_Demo.pt.sdc:583] No clocks matched 'csi_rxc_i'
WARNING  : [SDC D:/yilingsi_fpga/Efinity_Project/Ti60F225_OV5640_Sobel_Stable/Ti60_Demo.pt.sdc:583] set_input_delay: No valid clock found for -clock
WARNING  : [SDC D:/yilingsi_fpga/Efinity_Project/Ti60F225_OV5640_Sobel_Stable/Ti60_Demo.pt.sdc:583] Unable to run 'set_input_delay' constraint due to warnings found
WARNING  : No ports matched 'csi_rxc_i~CLKOUT~218~294'
WARNING  : No ports matched 'csi_rxd1_fifo_rd_o'
WARNING  : [SDC D:/yilingsi_fpga/Efinity_Project/Ti60F225_OV5640_Sobel_Stable/Ti60_Demo.pt.sdc:584] No clocks matched 'csi_rxc_i'
WARNING  : [SDC D:/yilingsi_fpga/Efinity_Project/Ti60F225_OV5640_Sobel_Stable/Ti60_Demo.pt.sdc:584] set_output_delay: No valid clock found for -clock
WARNING  : [SDC D:/yilingsi_fpga/Efinity_Project/Ti60F225_OV5640_Sobel_Stable/Ti60_Demo.pt.sdc:584] Unable to run 'set_output_delay' constraint due to warnings found
WARNING  : No ports matched 'csi_rxc_i~CLKOUT~218~294'
WARNING  : No ports matched 'csi_rxd1_fifo_rd_o'
WARNING  : [SDC D:/yilingsi_fpga/Efinity_Project/Ti60F225_OV5640_Sobel_Stable/Ti60_Demo.pt.sdc:585] No clocks matched 'csi_rxc_i'
WARNING  : [SDC D:/yilingsi_fpga/Efinity_Project/Ti60F225_OV5640_Sobel_Stable/Ti60_Demo.pt.sdc:585] set_output_delay: No valid clock found for -clock
WARNING  : [SDC D:/yilingsi_fpga/Efinity_Project/Ti60F225_OV5640_Sobel_Stable/Ti60_Demo.pt.sdc:585] Unable to run 'set_output_delay' constraint due to warnings found
WARNING  : No ports matched 'csi_rxc_i~CLKOUT~218~294'
WARNING  : [SDC D:/yilingsi_fpga/Efinity_Project/Ti60F225_OV5640_Sobel_Stable/Ti60_Demo.pt.sdc:586] No clocks matched 'csi_rxc_i'
WARNING  : [SDC D:/yilingsi_fpga/Efinity_Project/Ti60F225_OV5640_Sobel_Stable/Ti60_Demo.pt.sdc:586] set_output_delay: No valid clock found for -clock
WARNING  : [SDC D:/yilingsi_fpga/Efinity_Project/Ti60F225_OV5640_Sobel_Stable/Ti60_Demo.pt.sdc:586] Unable to run 'set_output_delay' constraint due to warnings found
WARNING  : No ports matched 'csi_rxc_i~CLKOUT~218~294'
WARNING  : [SDC D:/yilingsi_fpga/Efinity_Project/Ti60F225_OV5640_Sobel_Stable/Ti60_Demo.pt.sdc:587] No clocks matched 'csi_rxc_i'
WARNING  : [SDC D:/yilingsi_fpga/Efinity_Project/Ti60F225_OV5640_Sobel_Stable/Ti60_Demo.pt.sdc:587] set_output_delay: No valid clock found for -clock
WARNING  : [SDC D:/yilingsi_fpga/Efinity_Project/Ti60F225_OV5640_Sobel_Stable/Ti60_Demo.pt.sdc:587] Unable to run 'set_output_delay' constraint due to warnings found
WARNING  : No ports matched 'csi_rxc_i~CLKOUT~218~294'
WARNING  : No ports matched 'csi_rxd1_fifo_empty_i'
WARNING  : [SDC D:/yilingsi_fpga/Efinity_Project/Ti60F225_OV5640_Sobel_Stable/Ti60_Demo.pt.sdc:588] No clocks matched 'csi_rxc_i'
WARNING  : [SDC D:/yilingsi_fpga/Efinity_Project/Ti60F225_OV5640_Sobel_Stable/Ti60_Demo.pt.sdc:588] set_input_delay: No valid clock found for -clock
WARNING  : [SDC D:/yilingsi_fpga/Efinity_Project/Ti60F225_OV5640_Sobel_Stable/Ti60_Demo.pt.sdc:588] Unable to run 'set_input_delay' constraint due to warnings found
WARNING  : No ports matched 'csi_rxc_i~CLKOUT~218~294'
WARNING  : No ports matched 'csi_rxd1_fifo_empty_i'
WARNING  : [SDC D:/yilingsi_fpga/Efinity_Project/Ti60F225_OV5640_Sobel_Stable/Ti60_Demo.pt.sdc:589] No clocks matched 'csi_rxc_i'
WARNING  : [SDC D:/yilingsi_fpga/Efinity_Project/Ti60F225_OV5640_Sobel_Stable/Ti60_Demo.pt.sdc:589] set_input_delay: No valid clock found for -clock
WARNING  : [SDC D:/yilingsi_fpga/Efinity_Project/Ti60F225_OV5640_Sobel_Stable/Ti60_Demo.pt.sdc:589] Unable to run 'set_input_delay' constraint due to warnings found
WARNING  : No ports matched 'csi_rxc_i~CLKOUT~218~294'
WARNING  : No ports matched 'csi_rxd1_hs_i[*]'
WARNING  : [SDC D:/yilingsi_fpga/Efinity_Project/Ti60F225_OV5640_Sobel_Stable/Ti60_Demo.pt.sdc:590] No clocks matched 'csi_rxc_i'
WARNING  : [SDC D:/yilingsi_fpga/Efinity_Project/Ti60F225_OV5640_Sobel_Stable/Ti60_Demo.pt.sdc:590] set_input_delay: No valid clock found for -clock
WARNING  : [SDC D:/yilingsi_fpga/Efinity_Project/Ti60F225_OV5640_Sobel_Stable/Ti60_Demo.pt.sdc:590] Unable to run 'set_input_delay' constraint due to warnings found
WARNING  : No ports matched 'csi_rxc_i~CLKOUT~218~294'
WARNING  : No ports matched 'csi_rxd1_hs_i[*]'
WARNING  : [SDC D:/yilingsi_fpga/Efinity_Project/Ti60F225_OV5640_Sobel_Stable/Ti60_Demo.pt.sdc:591] No clocks matched 'csi_rxc_i'
WARNING  : [SDC D:/yilingsi_fpga/Efinity_Project/Ti60F225_OV5640_Sobel_Stable/Ti60_Demo.pt.sdc:591] set_input_delay: No valid clock found for -clock
WARNING  : [SDC D:/yilingsi_fpga/Efinity_Project/Ti60F225_OV5640_Sobel_Stable/Ti60_Demo.pt.sdc:591] Unable to run 'set_input_delay' constraint due to warnings found
WARNING  : No ports matched 'csi_rxc_i~CLKOUT~218~245'
WARNING  : No ports matched 'csi_rxd2_fifo_rd_o'
WARNING  : [SDC D:/yilingsi_fpga/Efinity_Project/Ti60F225_OV5640_Sobel_Stable/Ti60_Demo.pt.sdc:592] No clocks matched 'csi_rxc_i'
WARNING  : [SDC D:/yilingsi_fpga/Efinity_Project/Ti60F225_OV5640_Sobel_Stable/Ti60_Demo.pt.sdc:592] set_output_delay: No valid clock found for -clock
WARNING  : [SDC D:/yilingsi_fpga/Efinity_Project/Ti60F225_OV5640_Sobel_Stable/Ti60_Demo.pt.sdc:592] Unable to run 'set_output_delay' constraint due to warnings found
WARNING  : No ports matched 'csi_rxc_i~CLKOUT~218~245'
WARNING  : No ports matched 'csi_rxd2_fifo_rd_o'
WARNING  : [SDC D:/yilingsi_fpga/Efinity_Project/Ti60F225_OV5640_Sobel_Stable/Ti60_Demo.pt.sdc:593] No clocks matched 'csi_rxc_i'
WARNING  : [SDC D:/yilingsi_fpga/Efinity_Project/Ti60F225_OV5640_Sobel_Stable/Ti60_Demo.pt.sdc:593] set_output_delay: No valid clock found for -clock
WARNING  : [SDC D:/yilingsi_fpga/Efinity_Project/Ti60F225_OV5640_Sobel_Stable/Ti60_Demo.pt.sdc:593] Unable to run 'set_output_delay' constraint due to warnings found
WARNING  : No ports matched 'csi_rxc_i~CLKOUT~218~245'
WARNING  : [SDC D:/yilingsi_fpga/Efinity_Project/Ti60F225_OV5640_Sobel_Stable/Ti60_Demo.pt.sdc:594] No clocks matched 'csi_rxc_i'
WARNING  : [SDC D:/yilingsi_fpga/Efinity_Project/Ti60F225_OV5640_Sobel_Stable/Ti60_Demo.pt.sdc:594] set_output_delay: No valid clock found for -clock
WARNING  : [SDC D:/yilingsi_fpga/Efinity_Project/Ti60F225_OV5640_Sobel_Stable/Ti60_Demo.pt.sdc:594] Unable to run 'set_output_delay' constraint due to warnings found
WARNING  : No ports matched 'csi_rxc_i~CLKOUT~218~245'
WARNING  : [SDC D:/yilingsi_fpga/Efinity_Project/Ti60F225_OV5640_Sobel_Stable/Ti60_Demo.pt.sdc:595] No clocks matched 'csi_rxc_i'
WARNING  : [SDC D:/yilingsi_fpga/Efinity_Project/Ti60F225_OV5640_Sobel_Stable/Ti60_Demo.pt.sdc:595] set_output_delay: No valid clock found for -clock
WARNING  : [SDC D:/yilingsi_fpga/Efinity_Project/Ti60F225_OV5640_Sobel_Stable/Ti60_Demo.pt.sdc:595] Unable to run 'set_output_delay' constraint due to warnings found
WARNING  : No ports matched 'csi_rxc_i~CLKOUT~218~245'
WARNING  : No ports matched 'csi_rxd2_fifo_empty_i'
WARNING  : [SDC D:/yilingsi_fpga/Efinity_Project/Ti60F225_OV5640_Sobel_Stable/Ti60_Demo.pt.sdc:596] No clocks matched 'csi_rxc_i'
WARNING  : [SDC D:/yilingsi_fpga/Efinity_Project/Ti60F225_OV5640_Sobel_Stable/Ti60_Demo.pt.sdc:596] set_input_delay: No valid clock found for -clock
WARNING  : [SDC D:/yilingsi_fpga/Efinity_Project/Ti60F225_OV5640_Sobel_Stable/Ti60_Demo.pt.sdc:596] Unable to run 'set_input_delay' constraint due to warnings found
WARNING  : No ports matched 'csi_rxc_i~CLKOUT~218~245'
WARNING  : No ports matched 'csi_rxd2_fifo_empty_i'
WARNING  : [SDC D:/yilingsi_fpga/Efinity_Project/Ti60F225_OV5640_Sobel_Stable/Ti60_Demo.pt.sdc:597] No clocks matched 'csi_rxc_i'
WARNING  : [SDC D:/yilingsi_fpga/Efinity_Project/Ti60F225_OV5640_Sobel_Stable/Ti60_Demo.pt.sdc:597] set_input_delay: No valid clock found for -clock
WARNING  : [SDC D:/yilingsi_fpga/Efinity_Project/Ti60F225_OV5640_Sobel_Stable/Ti60_Demo.pt.sdc:597] Unable to run 'set_input_delay' constraint due to warnings found
WARNING  : No ports matched 'csi_rxc_i~CLKOUT~218~245'
WARNING  : No ports matched 'csi_rxd2_hs_i[*]'
WARNING  : [SDC D:/yilingsi_fpga/Efinity_Project/Ti60F225_OV5640_Sobel_Stable/Ti60_Demo.pt.sdc:598] No clocks matched 'csi_rxc_i'
WARNING  : [SDC D:/yilingsi_fpga/Efinity_Project/Ti60F225_OV5640_Sobel_Stable/Ti60_Demo.pt.sdc:598] set_input_delay: No valid clock found for -clock
WARNING  : [SDC D:/yilingsi_fpga/Efinity_Project/Ti60F225_OV5640_Sobel_Stable/Ti60_Demo.pt.sdc:598] Unable to run 'set_input_delay' constraint due to warnings found
WARNING  : No ports matched 'csi_rxc_i~CLKOUT~218~245'
WARNING  : No ports matched 'csi_rxd2_hs_i[*]'
WARNING  : [SDC D:/yilingsi_fpga/Efinity_Project/Ti60F225_OV5640_Sobel_Stable/Ti60_Demo.pt.sdc:599] No clocks matched 'csi_rxc_i'
WARNING  : [SDC D:/yilingsi_fpga/Efinity_Project/Ti60F225_OV5640_Sobel_Stable/Ti60_Demo.pt.sdc:599] set_input_delay: No valid clock found for -clock
WARNING  : [SDC D:/yilingsi_fpga/Efinity_Project/Ti60F225_OV5640_Sobel_Stable/Ti60_Demo.pt.sdc:599] Unable to run 'set_input_delay' constraint due to warnings found
WARNING  : No ports matched 'csi_rxc_i~CLKOUT~218~255'
WARNING  : No ports matched 'csi_rxd3_fifo_rd_o'
WARNING  : [SDC D:/yilingsi_fpga/Efinity_Project/Ti60F225_OV5640_Sobel_Stable/Ti60_Demo.pt.sdc:600] No clocks matched 'csi_rxc_i'
WARNING  : [SDC D:/yilingsi_fpga/Efinity_Project/Ti60F225_OV5640_Sobel_Stable/Ti60_Demo.pt.sdc:600] set_output_delay: No valid clock found for -clock
WARNING  : [SDC D:/yilingsi_fpga/Efinity_Project/Ti60F225_OV5640_Sobel_Stable/Ti60_Demo.pt.sdc:600] Unable to run 'set_output_delay' constraint due to warnings found
WARNING  : No ports matched 'csi_rxc_i~CLKOUT~218~255'
WARNING  : No ports matched 'csi_rxd3_fifo_rd_o'
WARNING  : [SDC D:/yilingsi_fpga/Efinity_Project/Ti60F225_OV5640_Sobel_Stable/Ti60_Demo.pt.sdc:601] No clocks matched 'csi_rxc_i'
WARNING  : [SDC D:/yilingsi_fpga/Efinity_Project/Ti60F225_OV5640_Sobel_Stable/Ti60_Demo.pt.sdc:601] set_output_delay: No valid clock found for -clock
WARNING  : [SDC D:/yilingsi_fpga/Efinity_Project/Ti60F225_OV5640_Sobel_Stable/Ti60_Demo.pt.sdc:601] Unable to run 'set_output_delay' constraint due to warnings found
WARNING  : No ports matched 'csi_rxc_i~CLKOUT~218~255'
WARNING  : [SDC D:/yilingsi_fpga/Efinity_Project/Ti60F225_OV5640_Sobel_Stable/Ti60_Demo.pt.sdc:602] No clocks matched 'csi_rxc_i'
WARNING  : [SDC D:/yilingsi_fpga/Efinity_Project/Ti60F225_OV5640_Sobel_Stable/Ti60_Demo.pt.sdc:602] set_output_delay: No valid clock found for -clock
WARNING  : [SDC D:/yilingsi_fpga/Efinity_Project/Ti60F225_OV5640_Sobel_Stable/Ti60_Demo.pt.sdc:602] Unable to run 'set_output_delay' constraint due to warnings found
WARNING  : No ports matched 'csi_rxc_i~CLKOUT~218~255'
WARNING  : [SDC D:/yilingsi_fpga/Efinity_Project/Ti60F225_OV5640_Sobel_Stable/Ti60_Demo.pt.sdc:603] No clocks matched 'csi_rxc_i'
WARNING  : [SDC D:/yilingsi_fpga/Efinity_Project/Ti60F225_OV5640_Sobel_Stable/Ti60_Demo.pt.sdc:603] set_output_delay: No valid clock found for -clock
WARNING  : [SDC D:/yilingsi_fpga/Efinity_Project/Ti60F225_OV5640_Sobel_Stable/Ti60_Demo.pt.sdc:603] Unable to run 'set_output_delay' constraint due to warnings found
WARNING  : No ports matched 'csi_rxc_i~CLKOUT~218~255'
WARNING  : No ports matched 'csi_rxd3_fifo_empty_i'
WARNING  : [SDC D:/yilingsi_fpga/Efinity_Project/Ti60F225_OV5640_Sobel_Stable/Ti60_Demo.pt.sdc:604] No clocks matched 'csi_rxc_i'
WARNING  : [SDC D:/yilingsi_fpga/Efinity_Project/Ti60F225_OV5640_Sobel_Stable/Ti60_Demo.pt.sdc:604] set_input_delay: No valid clock found for -clock
WARNING  : [SDC D:/yilingsi_fpga/Efinity_Project/Ti60F225_OV5640_Sobel_Stable/Ti60_Demo.pt.sdc:604] Unable to run 'set_input_delay' constraint due to warnings found
WARNING  : No ports matched 'csi_rxc_i~CLKOUT~218~255'
WARNING  : No ports matched 'csi_rxd3_fifo_empty_i'
WARNING  : [SDC D:/yilingsi_fpga/Efinity_Project/Ti60F225_OV5640_Sobel_Stable/Ti60_Demo.pt.sdc:605] No clocks matched 'csi_rxc_i'
WARNING  : [SDC D:/yilingsi_fpga/Efinity_Project/Ti60F225_OV5640_Sobel_Stable/Ti60_Demo.pt.sdc:605] set_input_delay: No valid clock found for -clock
WARNING  : [SDC D:/yilingsi_fpga/Efinity_Project/Ti60F225_OV5640_Sobel_Stable/Ti60_Demo.pt.sdc:605] Unable to run 'set_input_delay' constraint due to warnings found
WARNING  : No ports matched 'csi_rxc_i~CLKOUT~218~255'
WARNING  : No ports matched 'csi_rxd3_hs_i[*]'
WARNING  : [SDC D:/yilingsi_fpga/Efinity_Project/Ti60F225_OV5640_Sobel_Stable/Ti60_Demo.pt.sdc:606] No clocks matched 'csi_rxc_i'
WARNING  : [SDC D:/yilingsi_fpga/Efinity_Project/Ti60F225_OV5640_Sobel_Stable/Ti60_Demo.pt.sdc:606] set_input_delay: No valid clock found for -clock
WARNING  : [SDC D:/yilingsi_fpga/Efinity_Project/Ti60F225_OV5640_Sobel_Stable/Ti60_Demo.pt.sdc:606] Unable to run 'set_input_delay' constraint due to warnings found
WARNING  : No ports matched 'csi_rxc_i~CLKOUT~218~255'
WARNING  : No ports matched 'csi_rxd3_hs_i[*]'
WARNING  : [SDC D:/yilingsi_fpga/Efinity_Project/Ti60F225_OV5640_Sobel_Stable/Ti60_Demo.pt.sdc:607] No clocks matched 'csi_rxc_i'
WARNING  : [SDC D:/yilingsi_fpga/Efinity_Project/Ti60F225_OV5640_Sobel_Stable/Ti60_Demo.pt.sdc:607] set_input_delay: No valid clock found for -clock
WARNING  : [SDC D:/yilingsi_fpga/Efinity_Project/Ti60F225_OV5640_Sobel_Stable/Ti60_Demo.pt.sdc:607] Unable to run 'set_input_delay' constraint due to warnings found
INFO     : SDC file 'Ti60_Demo.pt.sdc' parsed successfully.
INFO     : 14 clocks (including virtual clocks), 46 inputs and 232 outputs were constrained.
INFO     : Reading core interface constraints file "outflow\Ti60_Demo.interface.csv"
INFO     : Successfully read core interface constraints file "outflow\Ti60_Demo.interface.csv"
INFO     : Writing IO placement constraints to "outflow\Ti60_Demo.interface.io"
INFO     : Reading placement constraints from 'outflow\Ti60_Demo.interface.io'.
INFO     : Reading placement constraints from 'work_pnr\Ti60_Demo.io_place'.
INFO     : Reading core interface constraints file "outflow\Ti60_Demo.interface.csv"
INFO     : Successfully read core interface constraints file "outflow\Ti60_Demo.interface.csv"
INFO     : Found 184 synchronizers as follows: 
INFO     : 	Synchronizer 0: 
INFO     :  u_axi4_ctrl/Gen_RFIFO_16.u_R0_FIFO_16/u_efx_fifo_top/xefx_fifo_ctl/genblk7.wr2rd_addr_sync/dff_5/i29_2
INFO     : 	Synchronizer 1: 
INFO     :  u_axi4_ctrl/Gen_RFIFO_16.u_R0_FIFO_16/u_efx_fifo_top/xefx_fifo_ctl/genblk7.wr2rd_addr_sync/dff_5/i28_2
INFO     : 	Synchronizer 2: 
INFO     :  u_axi4_ctrl/Gen_RFIFO_16.u_R0_FIFO_16/u_efx_fifo_top/xefx_fifo_ctl/genblk7.wr2rd_addr_sync/dff_5/i27_2
INFO     : 	Synchronizer 3: 
INFO     :  u_axi4_ctrl/Gen_RFIFO_16.u_R0_FIFO_16/u_efx_fifo_top/xefx_fifo_ctl/genblk7.wr2rd_addr_sync/dff_5/i26_2
INFO     : 	Synchronizer 4: 
INFO     :  u_axi4_ctrl/Gen_RFIFO_16.u_R0_FIFO_16/u_efx_fifo_top/xefx_fifo_ctl/genblk7.wr2rd_addr_sync/dff_5/i25_2
INFO     : 	Synchronizer 5: 
INFO     :  u_axi4_ctrl/Gen_RFIFO_16.u_R0_FIFO_16/u_efx_fifo_top/xefx_fifo_ctl/genblk7.xrd2wr_addr_sync/dff_5/i36_2
INFO     : 	Synchronizer 6: 
INFO     :  u_axi4_ctrl/Gen_FIFO_W8.u_W0_FIFO_8/u_efx_fifo_top/xefx_fifo_ctl/async_clk.wr2rd_addr_sync/async_reg[0][7]~FF
INFO     :  u_axi4_ctrl/Gen_FIFO_W8.u_W0_FIFO_8/u_efx_fifo_top/xefx_fifo_ctl/async_clk.wr2rd_addr_sync/async_reg[1][7]~FF
INFO     :  u_axi4_ctrl/Gen_FIFO_W8.u_W0_FIFO_8/u_efx_fifo_top/xefx_fifo_ctl/async_clk.waddr_cntr_gry_sync[7]~FF
INFO     : 	Synchronizer 7: 
INFO     :  u_axi4_ctrl/Gen_FIFO_W8.u_W0_FIFO_8/u_efx_fifo_top/xefx_fifo_ctl/async_clk.wr2rd_addr_sync/async_reg[0][13]~FF
INFO     :  u_axi4_ctrl/Gen_FIFO_W8.u_W0_FIFO_8/u_efx_fifo_top/xefx_fifo_ctl/async_clk.wr2rd_addr_sync/async_reg[1][13]~FF
INFO     :  u_axi4_ctrl/Gen_FIFO_W8.u_W0_FIFO_8/u_efx_fifo_top/xefx_fifo_ctl/async_clk.waddr_cntr_gry_sync[13]~FF
INFO     : 	Synchronizer 8: 
INFO     :  u_axi4_ctrl/Gen_FIFO_W8.u_W0_FIFO_8/u_efx_fifo_top/xefx_fifo_ctl/async_clk.wr2rd_addr_sync/async_reg[0][12]~FF
INFO     :  u_axi4_ctrl/Gen_FIFO_W8.u_W0_FIFO_8/u_efx_fifo_top/xefx_fifo_ctl/async_clk.wr2rd_addr_sync/async_reg[1][12]~FF
INFO     :  u_axi4_ctrl/Gen_FIFO_W8.u_W0_FIFO_8/u_efx_fifo_top/xefx_fifo_ctl/async_clk.waddr_cntr_gry_sync[12]~FF
INFO     : 	Synchronizer 9: 
INFO     :  u_axi4_ctrl/Gen_FIFO_W8.u_W0_FIFO_8/u_efx_fifo_top/xefx_fifo_ctl/async_clk.wr2rd_addr_sync/async_reg[0][11]~FF
INFO     :  u_axi4_ctrl/Gen_FIFO_W8.u_W0_FIFO_8/u_efx_fifo_top/xefx_fifo_ctl/async_clk.wr2rd_addr_sync/async_reg[1][11]~FF
INFO     :  u_axi4_ctrl/Gen_FIFO_W8.u_W0_FIFO_8/u_efx_fifo_top/xefx_fifo_ctl/async_clk.waddr_cntr_gry_sync[11]~FF
INFO     : 	Synchronizer 10: 
INFO     :  u_axi4_ctrl/Gen_FIFO_W8.u_W0_FIFO_8/u_efx_fifo_top/xefx_fifo_ctl/async_clk.wr2rd_addr_sync/async_reg[0][10]~FF
INFO     :  u_axi4_ctrl/Gen_FIFO_W8.u_W0_FIFO_8/u_efx_fifo_top/xefx_fifo_ctl/async_clk.wr2rd_addr_sync/async_reg[1][10]~FF
INFO     :  u_axi4_ctrl/Gen_FIFO_W8.u_W0_FIFO_8/u_efx_fifo_top/xefx_fifo_ctl/async_clk.waddr_cntr_gry_sync[10]~FF
INFO     : 	Synchronizer 11: 
INFO     :  u_axi4_ctrl/Gen_FIFO_W8.u_W0_FIFO_8/u_efx_fifo_top/xefx_fifo_ctl/async_clk.wr2rd_addr_sync/async_reg[0][9]~FF
INFO     :  u_axi4_ctrl/Gen_FIFO_W8.u_W0_FIFO_8/u_efx_fifo_top/xefx_fifo_ctl/async_clk.wr2rd_addr_sync/async_reg[1][9]~FF
INFO     :  u_axi4_ctrl/Gen_FIFO_W8.u_W0_FIFO_8/u_efx_fifo_top/xefx_fifo_ctl/async_clk.waddr_cntr_gry_sync[9]~FF
INFO     : 	Synchronizer 12: 
INFO     :  u_axi4_ctrl/Gen_FIFO_W8.u_W0_FIFO_8/u_efx_fifo_top/xefx_fifo_ctl/async_clk.wr2rd_addr_sync/async_reg[0][8]~FF
INFO     :  u_axi4_ctrl/Gen_FIFO_W8.u_W0_FIFO_8/u_efx_fifo_top/xefx_fifo_ctl/async_clk.wr2rd_addr_sync/async_reg[1][8]~FF
INFO     :  u_axi4_ctrl/Gen_FIFO_W8.u_W0_FIFO_8/u_efx_fifo_top/xefx_fifo_ctl/async_clk.waddr_cntr_gry_sync[8]~FF
INFO     : 	Synchronizer 13: 
INFO     :  u_axi4_ctrl/Gen_FIFO_W8.u_W0_FIFO_8/u_efx_fifo_top/xefx_fifo_ctl/async_clk.wr2rd_addr_sync/async_reg[0][4]~FF
INFO     :  u_axi4_ctrl/Gen_FIFO_W8.u_W0_FIFO_8/u_efx_fifo_top/xefx_fifo_ctl/async_clk.wr2rd_addr_sync/async_reg[1][4]~FF
INFO     :  u_axi4_ctrl/Gen_FIFO_W8.u_W0_FIFO_8/u_efx_fifo_top/xefx_fifo_ctl/async_clk.waddr_cntr_gry_sync[4]~FF
INFO     : 	Synchronizer 14: 
INFO     :  u_axi4_ctrl/Gen_FIFO_W8.u_W0_FIFO_8/u_efx_fifo_top/xefx_fifo_ctl/async_clk.wr2rd_addr_sync/async_reg[0][5]~FF
INFO     :  u_axi4_ctrl/Gen_FIFO_W8.u_W0_FIFO_8/u_efx_fifo_top/xefx_fifo_ctl/async_clk.wr2rd_addr_sync/async_reg[1][5]~FF
INFO     :  u_axi4_ctrl/Gen_FIFO_W8.u_W0_FIFO_8/u_efx_fifo_top/xefx_fifo_ctl/async_clk.waddr_cntr_gry_sync[5]~FF
INFO     : 	Synchronizer 15: 
INFO     :  u_axi4_ctrl/Gen_FIFO_W8.u_W0_FIFO_8/u_efx_fifo_top/xefx_fifo_ctl/async_clk.wr2rd_addr_sync/async_reg[0][6]~FF
INFO     :  u_axi4_ctrl/Gen_FIFO_W8.u_W0_FIFO_8/u_efx_fifo_top/xefx_fifo_ctl/async_clk.wr2rd_addr_sync/async_reg[1][6]~FF
INFO     :  u_axi4_ctrl/Gen_FIFO_W8.u_W0_FIFO_8/u_efx_fifo_top/xefx_fifo_ctl/async_clk.waddr_cntr_gry_sync[6]~FF
INFO     : 	Synchronizer 16: 
INFO     :  u_axi4_ctrl/Gen_FIFO_W8.u_W0_FIFO_8/u_efx_fifo_top/xefx_fifo_ctl/async_clk.xrd2wr_addr_sync/async_reg[0][7]~FF
INFO     :  u_axi4_ctrl/Gen_FIFO_W8.u_W0_FIFO_8/u_efx_fifo_top/xefx_fifo_ctl/async_clk.xrd2wr_addr_sync/async_reg[1][7]~FF
INFO     :  u_axi4_ctrl/Gen_FIFO_W8.u_W0_FIFO_8/u_efx_fifo_top/xefx_fifo_ctl/async_clk.raddr_cntr_gry_sync[7]~FF
INFO     : 	Synchronizer 17: 
INFO     :  u_axi4_ctrl/Gen_FIFO_W8.u_W0_FIFO_8/u_efx_fifo_top/xefx_fifo_ctl/async_clk.xrd2wr_addr_sync/async_reg[0][1]~FF
INFO     :  u_axi4_ctrl/Gen_FIFO_W8.u_W0_FIFO_8/u_efx_fifo_top/xefx_fifo_ctl/async_clk.xrd2wr_addr_sync/async_reg[1][1]~FF
INFO     :  u_axi4_ctrl/Gen_FIFO_W8.u_W0_FIFO_8/u_efx_fifo_top/xefx_fifo_ctl/async_clk.raddr_cntr_gry_sync[1]~FF
INFO     : 	Synchronizer 18: 
INFO     :  u_axi4_ctrl/Gen_FIFO_W8.u_W0_FIFO_8/u_efx_fifo_top/xefx_fifo_ctl/async_clk.xrd2wr_addr_sync/async_reg[0][9]~FF
INFO     :  u_axi4_ctrl/Gen_FIFO_W8.u_W0_FIFO_8/u_efx_fifo_top/xefx_fifo_ctl/async_clk.xrd2wr_addr_sync/async_reg[1][9]~FF
INFO     :  u_axi4_ctrl/Gen_FIFO_W8.u_W0_FIFO_8/u_efx_fifo_top/xefx_fifo_ctl/async_clk.raddr_cntr_gry_sync[9]~FF
INFO     : 	Synchronizer 19: 
INFO     :  u_axi4_ctrl/Gen_FIFO_W8.u_W0_FIFO_8/u_efx_fifo_top/xefx_fifo_ctl/async_clk.xrd2wr_addr_sync/async_reg[0][8]~FF
INFO     :  u_axi4_ctrl/Gen_FIFO_W8.u_W0_FIFO_8/u_efx_fifo_top/xefx_fifo_ctl/async_clk.xrd2wr_addr_sync/async_reg[1][8]~FF
INFO     :  u_axi4_ctrl/Gen_FIFO_W8.u_W0_FIFO_8/u_efx_fifo_top/xefx_fifo_ctl/async_clk.raddr_cntr_gry_sync[8]~FF
INFO     : 	Synchronizer 20: 
INFO     :  u_axi4_ctrl/Gen_FIFO_W8.u_W0_FIFO_8/u_efx_fifo_top/xefx_fifo_ctl/async_clk.xrd2wr_addr_sync/async_reg[0][3]~FF
INFO     :  u_axi4_ctrl/Gen_FIFO_W8.u_W0_FIFO_8/u_efx_fifo_top/xefx_fifo_ctl/async_clk.xrd2wr_addr_sync/async_reg[1][3]~FF
INFO     :  u_axi4_ctrl/Gen_FIFO_W8.u_W0_FIFO_8/u_efx_fifo_top/xefx_fifo_ctl/async_clk.raddr_cntr_gry_sync[3]~FF
INFO     : 	Synchronizer 21: 
INFO     :  u_axi4_ctrl/Gen_FIFO_W8.u_W0_FIFO_8/u_efx_fifo_top/xefx_fifo_ctl/async_clk.xrd2wr_addr_sync/async_reg[0][0]~FF
INFO     :  u_axi4_ctrl/Gen_FIFO_W8.u_W0_FIFO_8/u_efx_fifo_top/xefx_fifo_ctl/async_clk.xrd2wr_addr_sync/async_reg[1][0]~FF
INFO     :  u_axi4_ctrl/Gen_FIFO_W8.u_W0_FIFO_8/u_efx_fifo_top/xefx_fifo_ctl/async_clk.raddr_cntr_gry_sync[0]~FF
INFO     : 	Synchronizer 22: 
INFO     :  u_axi4_ctrl/Gen_FIFO_W8.u_W0_FIFO_8/u_efx_fifo_top/xefx_fifo_ctl/async_clk.xrd2wr_addr_sync/async_reg[0][4]~FF
INFO     :  u_axi4_ctrl/Gen_FIFO_W8.u_W0_FIFO_8/u_efx_fifo_top/xefx_fifo_ctl/async_clk.xrd2wr_addr_sync/async_reg[1][4]~FF
INFO     :  u_axi4_ctrl/Gen_FIFO_W8.u_W0_FIFO_8/u_efx_fifo_top/xefx_fifo_ctl/async_clk.raddr_cntr_gry_sync[4]~FF
INFO     : 	Synchronizer 23: 
INFO     :  u_axi4_ctrl/Gen_FIFO_W8.u_W0_FIFO_8/u_efx_fifo_top/xefx_fifo_ctl/async_clk.xrd2wr_addr_sync/async_reg[0][5]~FF
INFO     :  u_axi4_ctrl/Gen_FIFO_W8.u_W0_FIFO_8/u_efx_fifo_top/xefx_fifo_ctl/async_clk.xrd2wr_addr_sync/async_reg[1][5]~FF
INFO     :  u_axi4_ctrl/Gen_FIFO_W8.u_W0_FIFO_8/u_efx_fifo_top/xefx_fifo_ctl/async_clk.raddr_cntr_gry_sync[5]~FF
INFO     : 	Synchronizer 24: 
INFO     :  u_axi4_ctrl/Gen_FIFO_W8.u_W0_FIFO_8/u_efx_fifo_top/xefx_fifo_ctl/async_clk.xrd2wr_addr_sync/async_reg[0][6]~FF
INFO     :  u_axi4_ctrl/Gen_FIFO_W8.u_W0_FIFO_8/u_efx_fifo_top/xefx_fifo_ctl/async_clk.xrd2wr_addr_sync/async_reg[1][6]~FF
INFO     :  u_axi4_ctrl/Gen_FIFO_W8.u_W0_FIFO_8/u_efx_fifo_top/xefx_fifo_ctl/async_clk.raddr_cntr_gry_sync[6]~FF
INFO     : 	Synchronizer 25: 
INFO     :  ddr3_ctl_axi/u_efx_ddr3_soft_controller/genblk1.inst_ddr3_axi/inst_efx_ddr3/top_mc/controller_main/bram_u0/u_efx_fifo_top/xefx_fifo_ctl/async_clk.wr2rd_addr_sync/async_reg[0][6]~FF
INFO     :  ddr3_ctl_axi/u_efx_ddr3_soft_controller/genblk1.inst_ddr3_axi/inst_efx_ddr3/top_mc/controller_main/bram_u0/u_efx_fifo_top/xefx_fifo_ctl/async_clk.waddr_cntr_gry_sync[6]~FF
INFO     : 	Synchronizer 26: 
INFO     :  ddr3_ctl_axi/u_efx_ddr3_soft_controller/genblk1.inst_ddr3_axi/inst_efx_ddr3/top_mc/controller_main/bram_u0/u_efx_fifo_top/xefx_fifo_ctl/async_clk.wr2rd_addr_sync/async_reg[0][1]~FF
INFO     :  ddr3_ctl_axi/u_efx_ddr3_soft_controller/genblk1.inst_ddr3_axi/inst_efx_ddr3/top_mc/controller_main/bram_u0/u_efx_fifo_top/xefx_fifo_ctl/async_clk.waddr_cntr_gry_sync[1]~FF
INFO     : 	Synchronizer 27: 
INFO     :  ddr3_ctl_axi/u_efx_ddr3_soft_controller/genblk1.inst_ddr3_axi/inst_efx_ddr3/top_mc/controller_main/bram_u0/u_efx_fifo_top/xefx_fifo_ctl/async_clk.wr2rd_addr_sync/async_reg[0][2]~FF
INFO     :  ddr3_ctl_axi/u_efx_ddr3_soft_controller/genblk1.inst_ddr3_axi/inst_efx_ddr3/top_mc/controller_main/bram_u0/u_efx_fifo_top/xefx_fifo_ctl/async_clk.waddr_cntr_gry_sync[2]~FF
INFO     : 	Synchronizer 28: 
INFO     :  ddr3_ctl_axi/u_efx_ddr3_soft_controller/genblk1.inst_ddr3_axi/inst_efx_ddr3/top_mc/controller_main/bram_u0/u_efx_fifo_top/xefx_fifo_ctl/async_clk.wr2rd_addr_sync/async_reg[0][0]~FF
INFO     :  ddr3_ctl_axi/u_efx_ddr3_soft_controller/genblk1.inst_ddr3_axi/inst_efx_ddr3/top_mc/controller_main/bram_u0/u_efx_fifo_top/xefx_fifo_ctl/async_clk.waddr_cntr_gry_sync[0]~FF
INFO     : 	Synchronizer 29: 
INFO     :  ddr3_ctl_axi/u_efx_ddr3_soft_controller/genblk1.inst_ddr3_axi/inst_efx_ddr3/top_mc/controller_main/bram_u0/u_efx_fifo_top/xefx_fifo_ctl/async_clk.wr2rd_addr_sync/async_reg[0][3]~FF
INFO     :  ddr3_ctl_axi/u_efx_ddr3_soft_controller/genblk1.inst_ddr3_axi/inst_efx_ddr3/top_mc/controller_main/bram_u0/u_efx_fifo_top/xefx_fifo_ctl/async_clk.waddr_cntr_gry_sync[3]~FF
INFO     : 	Synchronizer 30: 
INFO     :  ddr3_ctl_axi/u_efx_ddr3_soft_controller/genblk1.inst_ddr3_axi/inst_efx_ddr3/top_mc/controller_main/bram_u0/u_efx_fifo_top/xefx_fifo_ctl/async_clk.wr2rd_addr_sync/async_reg[0][4]~FF
INFO     :  ddr3_ctl_axi/u_efx_ddr3_soft_controller/genblk1.inst_ddr3_axi/inst_efx_ddr3/top_mc/controller_main/bram_u0/u_efx_fifo_top/xefx_fifo_ctl/async_clk.waddr_cntr_gry_sync[4]~FF
INFO     : 	Synchronizer 31: 
INFO     :  ddr3_ctl_axi/u_efx_ddr3_soft_controller/genblk1.inst_ddr3_axi/inst_efx_ddr3/top_mc/controller_main/bram_u0/u_efx_fifo_top/xefx_fifo_ctl/async_clk.wr2rd_addr_sync/async_reg[0][5]~FF
INFO     :  ddr3_ctl_axi/u_efx_ddr3_soft_controller/genblk1.inst_ddr3_axi/inst_efx_ddr3/top_mc/controller_main/bram_u0/u_efx_fifo_top/xefx_fifo_ctl/async_clk.waddr_cntr_gry_sync[5]~FF
INFO     : 	Synchronizer 32: 
INFO     :  ddr3_ctl_axi/u_efx_ddr3_soft_controller/genblk1.inst_ddr3_axi/inst_efx_ddr3/top_mc/controller_main/bram_u0/u_efx_fifo_top/xefx_fifo_ctl/async_clk.xrd2wr_addr_sync/async_reg[0][6]~FF
INFO     :  ddr3_ctl_axi/u_efx_ddr3_soft_controller/genblk1.inst_ddr3_axi/inst_efx_ddr3/top_mc/controller_main/bram_u0/u_efx_fifo_top/xefx_fifo_ctl/async_clk.raddr_cntr_gry_sync[6]~FF
INFO     : 	Synchronizer 33: 
INFO     :  ddr3_ctl_axi/u_efx_ddr3_soft_controller/genblk1.inst_ddr3_axi/inst_efx_ddr3/top_mc/controller_main/bram_u0/u_efx_fifo_top/xefx_fifo_ctl/async_clk.xrd2wr_addr_sync/async_reg[0][1]~FF
INFO     :  ddr3_ctl_axi/u_efx_ddr3_soft_controller/genblk1.inst_ddr3_axi/inst_efx_ddr3/top_mc/controller_main/bram_u0/u_efx_fifo_top/xefx_fifo_ctl/async_clk.raddr_cntr_gry_sync[1]~FF
INFO     : 	Synchronizer 34: 
INFO     :  ddr3_ctl_axi/u_efx_ddr3_soft_controller/genblk1.inst_ddr3_axi/inst_efx_ddr3/top_mc/fifo_rdpush/pushToPopGray_buffercc/buffers_0[0]~FF
INFO     :  ddr3_ctl_axi/u_efx_ddr3_soft_controller/genblk1.inst_ddr3_axi/inst_efx_ddr3/top_mc/fifo_rdpush/pushToPopGray_buffercc_io_dataOut[0]~FF
INFO     : 	Synchronizer 35: 
INFO     :  u_axi4_ctrl/Gen_FIFO_W8.u_W0_FIFO_8/u_efx_fifo_top/xefx_fifo_ctl/async_clk.xrd2wr_addr_sync/async_reg[0][2]~FF
INFO     :  u_axi4_ctrl/Gen_FIFO_W8.u_W0_FIFO_8/u_efx_fifo_top/xefx_fifo_ctl/async_clk.xrd2wr_addr_sync/async_reg[1][2]~FF
INFO     :  u_axi4_ctrl/Gen_FIFO_W8.u_W0_FIFO_8/u_efx_fifo_top/xefx_fifo_ctl/async_clk.raddr_cntr_gry_sync[2]~FF
INFO     : 	Synchronizer 36: 
INFO     :  ddr3_ctl_axi/u_efx_ddr3_soft_controller/genblk1.inst_ddr3_axi/inst_efx_ddr3/top_mc/controller_main/bram_u2/u_efx_fifo_top/xefx_fifo_ctl/async_clk.xrd2wr_addr_sync/async_reg[0][2]~FF
INFO     :  ddr3_ctl_axi/u_efx_ddr3_soft_controller/genblk1.inst_ddr3_axi/inst_efx_ddr3/top_mc/controller_main/bram_u2/u_efx_fifo_top/xefx_fifo_ctl/async_clk.raddr_cntr_gry_sync[2]~FF
INFO     : 	Synchronizer 37: 
INFO     :  ddr3_ctl_axi/u_efx_ddr3_soft_controller/genblk1.inst_ddr3_axi/inst_efx_ddr3/top_mc/controller_main/bram_u2/u_efx_fifo_top/xefx_fifo_ctl/async_clk.xrd2wr_addr_sync/async_reg[0][0]~FF
INFO     :  ddr3_ctl_axi/u_efx_ddr3_soft_controller/genblk1.inst_ddr3_axi/inst_efx_ddr3/top_mc/controller_main/bram_u2/u_efx_fifo_top/xefx_fifo_ctl/async_clk.raddr_cntr_gry_sync[0]~FF
INFO     : 	Synchronizer 38: 
INFO     :  ddr3_ctl_axi/u_efx_ddr3_soft_controller/genblk1.inst_ddr3_axi/inst_efx_ddr3/top_mc/controller_main/bram_u2/u_efx_fifo_top/xefx_fifo_ctl/async_clk.xrd2wr_addr_sync/async_reg[0][3]~FF
INFO     :  ddr3_ctl_axi/u_efx_ddr3_soft_controller/genblk1.inst_ddr3_axi/inst_efx_ddr3/top_mc/controller_main/bram_u2/u_efx_fifo_top/xefx_fifo_ctl/async_clk.raddr_cntr_gry_sync[3]~FF
INFO     : 	Synchronizer 39: 
INFO     :  ddr3_ctl_axi/u_efx_ddr3_soft_controller/genblk1.inst_ddr3_axi/inst_efx_ddr3/top_mc/fifo_rdpush/popToPushGray_buffercc/buffers_0[1]~FF
INFO     :  ddr3_ctl_axi/u_efx_ddr3_soft_controller/genblk1.inst_ddr3_axi/inst_efx_ddr3/top_mc/fifo_rdpush/popToPushGray_buffercc_io_dataOut[1]~FF
INFO     : 	Synchronizer 40: 
INFO     :  ddr3_ctl_axi/u_efx_ddr3_soft_controller/genblk1.inst_ddr3_axi/inst_efx_ddr3/top_mc/controller_main/bram_u2/u_efx_fifo_top/xefx_fifo_ctl/async_clk.xrd2wr_addr_sync/async_reg[0][5]~FF
INFO     :  ddr3_ctl_axi/u_efx_ddr3_soft_controller/genblk1.inst_ddr3_axi/inst_efx_ddr3/top_mc/controller_main/bram_u2/u_efx_fifo_top/xefx_fifo_ctl/async_clk.raddr_cntr_gry_sync[5]~FF
INFO     : 	Synchronizer 41: 
INFO     :  ddr3_ctl_axi/u_efx_ddr3_soft_controller/genblk1.inst_ddr3_axi/inst_efx_ddr3/top_mc/fifo_rdpush/popToPushGray_buffercc/buffers_0[4]~FF
INFO     :  ddr3_ctl_axi/u_efx_ddr3_soft_controller/genblk1.inst_ddr3_axi/inst_efx_ddr3/top_mc/fifo_rdpush/popToPushGray_buffercc_io_dataOut[4]~FF
INFO     : 	Synchronizer 42: 
INFO     :  ddr3_ctl_axi/u_efx_ddr3_soft_controller/genblk1.inst_ddr3_axi/inst_efx_ddr3/top_mc/fifo_rdpush/popToPushGray_buffercc/buffers_0[2]~FF
INFO     :  ddr3_ctl_axi/u_efx_ddr3_soft_controller/genblk1.inst_ddr3_axi/inst_efx_ddr3/top_mc/fifo_rdpush/popToPushGray_buffercc_io_dataOut[2]~FF
INFO     : 	Synchronizer 43: 
INFO     :  ddr3_ctl_axi/u_efx_ddr3_soft_controller/genblk1.inst_ddr3_axi/inst_efx_ddr3/top_mc/fifo_rdpush/popToPushGray_buffercc/buffers_0[5]~FF
INFO     :  ddr3_ctl_axi/u_efx_ddr3_soft_controller/genblk1.inst_ddr3_axi/inst_efx_ddr3/top_mc/fifo_rdpush/popToPushGray_buffercc_io_dataOut[5]~FF
INFO     : 	Synchronizer 44: 
INFO     :  ddr3_ctl_axi/u_efx_ddr3_soft_controller/genblk1.inst_ddr3_axi/inst_efx_ddr3/top_mc/fifo_rdpush/popToPushGray_buffercc/buffers_0[6]~FF
INFO     :  ddr3_ctl_axi/u_efx_ddr3_soft_controller/genblk1.inst_ddr3_axi/inst_efx_ddr3/top_mc/fifo_rdpush/popToPushGray_buffercc_io_dataOut[6]~FF
INFO     : 	Synchronizer 45: 
INFO     :  ddr3_ctl_axi/u_efx_ddr3_soft_controller/genblk1.inst_ddr3_axi/inst_efx_ddr3/top_mc/fifo_rdpush/popToPushGray_buffercc/buffers_0[3]~FF
INFO     :  ddr3_ctl_axi/u_efx_ddr3_soft_controller/genblk1.inst_ddr3_axi/inst_efx_ddr3/top_mc/fifo_rdpush/popToPushGray_buffercc_io_dataOut[3]~FF
INFO     : 	Synchronizer 46: 
INFO     :  u_axi4_ctrl/Gen_RFIFO_16.u_R0_FIFO_16/u_efx_fifo_top/genblk2.rd_rst[0]~FF
INFO     :  u_axi4_ctrl/Gen_RFIFO_16.u_R0_FIFO_16/u_efx_fifo_top/genblk2.rd_rst[1]~FF
INFO     : 	Synchronizer 47: 
INFO     :  ddr3_ctl_axi/u_efx_ddr3_soft_controller/genblk1.inst_ddr3_axi/inst_efx_ddr3/top_mc/controller_main/bram_u0/u_efx_fifo_top/xefx_fifo_ctl/async_clk.xrd2wr_addr_sync/async_reg[0][4]~FF
INFO     :  ddr3_ctl_axi/u_efx_ddr3_soft_controller/genblk1.inst_ddr3_axi/inst_efx_ddr3/top_mc/controller_main/bram_u0/u_efx_fifo_top/xefx_fifo_ctl/async_clk.raddr_cntr_gry_sync[4]~FF
INFO     : 	Synchronizer 48: 
INFO     :  ddr3_ctl_axi/u_efx_ddr3_soft_controller/genblk1.inst_ddr3_axi/inst_efx_ddr3/top_mc/controller_main/bram_u0/u_efx_fifo_top/xefx_fifo_ctl/async_clk.xrd2wr_addr_sync/async_reg[0][5]~FF
INFO     :  ddr3_ctl_axi/u_efx_ddr3_soft_controller/genblk1.inst_ddr3_axi/inst_efx_ddr3/top_mc/controller_main/bram_u0/u_efx_fifo_top/xefx_fifo_ctl/async_clk.raddr_cntr_gry_sync[5]~FF
INFO     : 	Synchronizer 49: 
INFO     :  ddr3_ctl_axi/u_efx_ddr3_soft_controller/genblk1.inst_ddr3_axi/inst_efx_ddr3/top_mc/fifo_wr/popToPushGray_buffercc/buffers_0[6]~FF
INFO     :  ddr3_ctl_axi/u_efx_ddr3_soft_controller/genblk1.inst_ddr3_axi/inst_efx_ddr3/top_mc/fifo_wr/popToPushGray_buffercc_io_dataOut[6]~FF
INFO     : 	Synchronizer 50: 
INFO     :  ddr3_ctl_axi/u_efx_ddr3_soft_controller/genblk1.inst_ddr3_axi/inst_efx_ddr3/top_mc/fifo_rd/xefx_fifo_ctl/async_clk.xrd2wr_addr_sync/async_reg[0][5]~FF
INFO     :  ddr3_ctl_axi/u_efx_ddr3_soft_controller/genblk1.inst_ddr3_axi/inst_efx_ddr3/top_mc/fifo_rd/xefx_fifo_ctl/async_clk.raddr_cntr_gry_sync[5]~FF
INFO     : 	Synchronizer 51: 
INFO     :  ddr3_ctl_axi/u_efx_ddr3_soft_controller/genblk1.inst_ddr3_axi/inst_efx_ddr3/top_mc/fifo_wr/popToPushGray_buffercc/buffers_0[5]~FF
INFO     :  ddr3_ctl_axi/u_efx_ddr3_soft_controller/genblk1.inst_ddr3_axi/inst_efx_ddr3/top_mc/fifo_wr/popToPushGray_buffercc_io_dataOut[5]~FF
INFO     : 	Synchronizer 52: 
INFO     :  ddr3_ctl_axi/u_efx_ddr3_soft_controller/genblk1.inst_ddr3_axi/inst_efx_ddr3/top_mc/fifo_wr/popToPushGray_buffercc/buffers_0[4]~FF
INFO     :  ddr3_ctl_axi/u_efx_ddr3_soft_controller/genblk1.inst_ddr3_axi/inst_efx_ddr3/top_mc/fifo_wr/popToPushGray_buffercc_io_dataOut[4]~FF
INFO     : 	Synchronizer 53: 
INFO     :  ddr3_ctl_axi/u_efx_ddr3_soft_controller/genblk1.inst_ddr3_axi/inst_efx_ddr3/top_mc/fifo_wr/popToPushGray_buffercc/buffers_0[3]~FF
INFO     :  ddr3_ctl_axi/u_efx_ddr3_soft_controller/genblk1.inst_ddr3_axi/inst_efx_ddr3/top_mc/fifo_wr/popToPushGray_buffercc_io_dataOut[3]~FF
INFO     : 	Synchronizer 54: 
INFO     :  ddr3_ctl_axi/u_efx_ddr3_soft_controller/genblk1.inst_ddr3_axi/inst_efx_ddr3/top_mc/fifo_wr/popToPushGray_buffercc/buffers_0[2]~FF
INFO     :  ddr3_ctl_axi/u_efx_ddr3_soft_controller/genblk1.inst_ddr3_axi/inst_efx_ddr3/top_mc/fifo_wr/popToPushGray_buffercc_io_dataOut[2]~FF
INFO     : 	Synchronizer 55: 
INFO     :  ddr3_ctl_axi/u_efx_ddr3_soft_controller/genblk1.inst_ddr3_axi/inst_efx_ddr3/top_mc/fifo_wr/popToPushGray_buffercc/buffers_0[1]~FF
INFO     :  ddr3_ctl_axi/u_efx_ddr3_soft_controller/genblk1.inst_ddr3_axi/inst_efx_ddr3/top_mc/fifo_wr/popToPushGray_buffercc_io_dataOut[1]~FF
INFO     : 	Synchronizer 56: 
INFO     :  ddr3_ctl_axi/u_efx_ddr3_soft_controller/genblk1.inst_ddr3_axi/inst_efx_ddr3/top_mc/fifo_wr/popToPushGray_buffercc/buffers_0[0]~FF
INFO     :  ddr3_ctl_axi/u_efx_ddr3_soft_controller/genblk1.inst_ddr3_axi/inst_efx_ddr3/top_mc/fifo_wr/popToPushGray_buffercc_io_dataOut[0]~FF
INFO     : 	Synchronizer 57: 
INFO     :  ddr3_ctl_axi/u_efx_ddr3_soft_controller/genblk1.inst_ddr3_axi/inst_efx_ddr3/top_mc/ac_fifo/pushToPopGray_buffercc/buffers_0[6]~FF
INFO     :  ddr3_ctl_axi/u_efx_ddr3_soft_controller/genblk1.inst_ddr3_axi/inst_efx_ddr3/top_mc/ac_fifo/pushToPopGray_buffercc_io_dataOut[6]~FF
INFO     : 	Synchronizer 58: 
INFO     :  ddr3_ctl_axi/u_efx_ddr3_soft_controller/genblk1.inst_ddr3_axi/inst_efx_ddr3/top_mc/fifo_ack/popToPushGray_buffercc/buffers_0[4]~FF
INFO     :  ddr3_ctl_axi/u_efx_ddr3_soft_controller/genblk1.inst_ddr3_axi/inst_efx_ddr3/top_mc/fifo_ack/popToPushGray_buffercc_io_dataOut[4]~FF
INFO     : 	Synchronizer 59: 
INFO     :  ddr3_ctl_axi/u_efx_ddr3_soft_controller/genblk1.inst_ddr3_axi/inst_efx_ddr3/top_mc/fifo_ack/popToPushGray_buffercc/buffers_0[1]~FF
INFO     :  ddr3_ctl_axi/u_efx_ddr3_soft_controller/genblk1.inst_ddr3_axi/inst_efx_ddr3/top_mc/fifo_ack/popToPushGray_buffercc_io_dataOut[1]~FF
INFO     : 	Synchronizer 60: 
INFO     :  ddr3_ctl_axi/u_efx_ddr3_soft_controller/genblk1.inst_ddr3_axi/inst_efx_ddr3/top_mc/fifo_ack/pushToPopGray_buffercc/buffers_0[5]~FF
INFO     :  ddr3_ctl_axi/u_efx_ddr3_soft_controller/genblk1.inst_ddr3_axi/inst_efx_ddr3/top_mc/fifo_ack/pushToPopGray_buffercc_io_dataOut[5]~FF
INFO     : 	Synchronizer 61: 
INFO     :  ddr3_ctl_axi/u_efx_ddr3_soft_controller/genblk1.inst_ddr3_axi/inst_efx_ddr3/top_mc/fifo_ar/pushToPopGray_buffercc/buffers_0[6]~FF
INFO     :  ddr3_ctl_axi/u_efx_ddr3_soft_controller/genblk1.inst_ddr3_axi/inst_efx_ddr3/top_mc/fifo_ar/pushToPopGray_buffercc_io_dataOut[6]~FF
INFO     : 	Synchronizer 62: 
INFO     :  ddr3_ctl_axi/u_efx_ddr3_soft_controller/genblk1.inst_ddr3_axi/inst_efx_ddr3/top_mc/fifo_rdpush/popToPushGray_buffercc/buffers_0[0]~FF
INFO     :  ddr3_ctl_axi/u_efx_ddr3_soft_controller/genblk1.inst_ddr3_axi/inst_efx_ddr3/top_mc/fifo_rdpush/popToPushGray_buffercc_io_dataOut[0]~FF
INFO     : 	Synchronizer 63: 
INFO     :  ddr3_ctl_axi/u_efx_ddr3_soft_controller/genblk1.inst_ddr3_axi/inst_efx_ddr3/top_mc/fifo_ack/popToPushGray_buffercc/buffers_0[5]~FF
INFO     :  ddr3_ctl_axi/u_efx_ddr3_soft_controller/genblk1.inst_ddr3_axi/inst_efx_ddr3/top_mc/fifo_ack/popToPushGray_buffercc_io_dataOut[5]~FF
INFO     : 	Synchronizer 64: 
INFO     :  ddr3_ctl_axi/u_efx_ddr3_soft_controller/genblk1.inst_ddr3_axi/inst_efx_ddr3/top_mc/controller_main/bram_u1/u_efx_fifo_top/xefx_fifo_ctl/async_clk.xrd2wr_addr_sync/async_reg[0][2]~FF
INFO     :  ddr3_ctl_axi/u_efx_ddr3_soft_controller/genblk1.inst_ddr3_axi/inst_efx_ddr3/top_mc/controller_main/bram_u1/u_efx_fifo_top/xefx_fifo_ctl/async_clk.raddr_cntr_gry_sync[2]~FF
INFO     : 	Synchronizer 65: 
INFO     :  u_axi4_ctrl/Gen_RFIFO_16.u_R0_FIFO_16/u_efx_fifo_top/xefx_fifo_ctl/genblk7.wr2rd_addr_sync/dff_5/i24_2
INFO     : 	Synchronizer 66: 
INFO     :  ddr3_ctl_axi/u_efx_ddr3_soft_controller/genblk1.inst_ddr3_axi/inst_efx_ddr3/top_mc/fifo_aw/pushToPopGray_buffercc/buffers_0[6]~FF
INFO     :  ddr3_ctl_axi/u_efx_ddr3_soft_controller/genblk1.inst_ddr3_axi/inst_efx_ddr3/top_mc/fifo_aw/pushToPopGray_buffercc_io_dataOut[6]~FF
INFO     : 	Synchronizer 67: 
INFO     :  ddr3_ctl_axi/u_efx_ddr3_soft_controller/genblk1.inst_ddr3_axi/inst_efx_ddr3/top_mc/fifo_rd/xefx_fifo_ctl/async_clk.xrd2wr_addr_sync/async_reg[0][2]~FF
INFO     :  ddr3_ctl_axi/u_efx_ddr3_soft_controller/genblk1.inst_ddr3_axi/inst_efx_ddr3/top_mc/fifo_rd/xefx_fifo_ctl/async_clk.raddr_cntr_gry_sync[2]~FF
INFO     : 	Synchronizer 68: 
INFO     :  ddr3_ctl_axi/u_efx_ddr3_soft_controller/genblk1.inst_ddr3_axi/inst_efx_ddr3/top_mc/controller_main/bram_u1/u_efx_fifo_top/xefx_fifo_ctl/async_clk.xrd2wr_addr_sync/async_reg[0][0]~FF
INFO     :  ddr3_ctl_axi/u_efx_ddr3_soft_controller/genblk1.inst_ddr3_axi/inst_efx_ddr3/top_mc/controller_main/bram_u1/u_efx_fifo_top/xefx_fifo_ctl/async_clk.raddr_cntr_gry_sync[0]~FF
INFO     : 	Synchronizer 69: 
INFO     :  u_axi4_ctrl/Gen_RFIFO_16.u_R0_FIFO_16/u_efx_fifo_top/xefx_fifo_ctl/genblk7.wr2rd_addr_sync/dff_5/i23_2
INFO     : 	Synchronizer 70: 
INFO     :  ddr3_ctl_axi/u_efx_ddr3_soft_controller/genblk1.inst_ddr3_axi/inst_efx_ddr3/top_mc/fifo_aw/pushToPopGray_buffercc/buffers_0[5]~FF
INFO     :  ddr3_ctl_axi/u_efx_ddr3_soft_controller/genblk1.inst_ddr3_axi/inst_efx_ddr3/top_mc/fifo_aw/pushToPopGray_buffercc_io_dataOut[5]~FF
INFO     : 	Synchronizer 71: 
INFO     :  ddr3_ctl_axi/u_efx_ddr3_soft_controller/genblk1.inst_ddr3_axi/inst_efx_ddr3/top_mc/fifo_rd/xefx_fifo_ctl/async_clk.xrd2wr_addr_sync/async_reg[0][0]~FF
INFO     :  ddr3_ctl_axi/u_efx_ddr3_soft_controller/genblk1.inst_ddr3_axi/inst_efx_ddr3/top_mc/fifo_rd/xefx_fifo_ctl/async_clk.raddr_cntr_gry_sync[0]~FF
INFO     : 	Synchronizer 72: 
INFO     :  ddr3_ctl_axi/u_efx_ddr3_soft_controller/genblk1.inst_ddr3_axi/inst_efx_ddr3/top_mc/controller_main/bram_u1/u_efx_fifo_top/xefx_fifo_ctl/async_clk.xrd2wr_addr_sync/async_reg[0][3]~FF
INFO     :  ddr3_ctl_axi/u_efx_ddr3_soft_controller/genblk1.inst_ddr3_axi/inst_efx_ddr3/top_mc/controller_main/bram_u1/u_efx_fifo_top/xefx_fifo_ctl/async_clk.raddr_cntr_gry_sync[3]~FF
INFO     : 	Synchronizer 73: 
INFO     :  u_axi4_ctrl/Gen_RFIFO_16.u_R0_FIFO_16/u_efx_fifo_top/xefx_fifo_ctl/genblk7.wr2rd_addr_sync/dff_5/i22_2
INFO     : 	Synchronizer 74: 
INFO     :  ddr3_ctl_axi/u_efx_ddr3_soft_controller/genblk1.inst_ddr3_axi/inst_efx_ddr3/top_mc/fifo_aw/pushToPopGray_buffercc/buffers_0[4]~FF
INFO     :  ddr3_ctl_axi/u_efx_ddr3_soft_controller/genblk1.inst_ddr3_axi/inst_efx_ddr3/top_mc/fifo_aw/pushToPopGray_buffercc_io_dataOut[4]~FF
INFO     : 	Synchronizer 75: 
INFO     :  ddr3_ctl_axi/u_efx_ddr3_soft_controller/genblk1.inst_ddr3_axi/inst_efx_ddr3/top_mc/fifo_ack/popToPushGray_buffercc/buffers_0[6]~FF
INFO     :  ddr3_ctl_axi/u_efx_ddr3_soft_controller/genblk1.inst_ddr3_axi/inst_efx_ddr3/top_mc/fifo_ack/popToPushGray_buffercc_io_dataOut[6]~FF
INFO     : 	Synchronizer 76: 
INFO     :  ddr3_ctl_axi/u_efx_ddr3_soft_controller/genblk1.inst_ddr3_axi/inst_efx_ddr3/top_mc/fifo_rd/xefx_fifo_ctl/async_clk.xrd2wr_addr_sync/async_reg[0][3]~FF
INFO     :  ddr3_ctl_axi/u_efx_ddr3_soft_controller/genblk1.inst_ddr3_axi/inst_efx_ddr3/top_mc/fifo_rd/xefx_fifo_ctl/async_clk.raddr_cntr_gry_sync[3]~FF
INFO     : 	Synchronizer 77: 
INFO     :  ddr3_ctl_axi/u_efx_ddr3_soft_controller/genblk1.inst_ddr3_axi/inst_efx_ddr3/top_mc/controller_main/bram_u1/u_efx_fifo_top/xefx_fifo_ctl/async_clk.xrd2wr_addr_sync/async_reg[0][4]~FF
INFO     :  ddr3_ctl_axi/u_efx_ddr3_soft_controller/genblk1.inst_ddr3_axi/inst_efx_ddr3/top_mc/controller_main/bram_u1/u_efx_fifo_top/xefx_fifo_ctl/async_clk.raddr_cntr_gry_sync[4]~FF
INFO     : 	Synchronizer 78: 
INFO     :  u_axi4_ctrl/Gen_RFIFO_16.u_R0_FIFO_16/u_efx_fifo_top/xefx_fifo_ctl/genblk7.wr2rd_addr_sync/dff_5/i21_2
INFO     : 	Synchronizer 79: 
INFO     :  ddr3_ctl_axi/u_efx_ddr3_soft_controller/genblk1.inst_ddr3_axi/inst_efx_ddr3/top_mc/fifo_aw/pushToPopGray_buffercc/buffers_0[3]~FF
INFO     :  ddr3_ctl_axi/u_efx_ddr3_soft_controller/genblk1.inst_ddr3_axi/inst_efx_ddr3/top_mc/fifo_aw/pushToPopGray_buffercc_io_dataOut[3]~FF
INFO     : 	Synchronizer 80: 
INFO     :  ddr3_ctl_axi/u_efx_ddr3_soft_controller/genblk1.inst_ddr3_axi/inst_efx_ddr3/top_mc/fifo_rd/xefx_fifo_ctl/async_clk.xrd2wr_addr_sync/async_reg[0][4]~FF
INFO     :  ddr3_ctl_axi/u_efx_ddr3_soft_controller/genblk1.inst_ddr3_axi/inst_efx_ddr3/top_mc/fifo_rd/xefx_fifo_ctl/async_clk.raddr_cntr_gry_sync[4]~FF
INFO     : 	Synchronizer 81: 
INFO     :  ddr3_ctl_axi/u_efx_ddr3_soft_controller/genblk1.inst_ddr3_axi/inst_efx_ddr3/top_mc/controller_main/bram_u1/u_efx_fifo_top/xefx_fifo_ctl/async_clk.xrd2wr_addr_sync/async_reg[0][5]~FF
INFO     :  ddr3_ctl_axi/u_efx_ddr3_soft_controller/genblk1.inst_ddr3_axi/inst_efx_ddr3/top_mc/controller_main/bram_u1/u_efx_fifo_top/xefx_fifo_ctl/async_clk.raddr_cntr_gry_sync[5]~FF
INFO     : 	Synchronizer 82: 
INFO     :  ddr3_ctl_axi/u_efx_ddr3_soft_controller/genblk1.inst_ddr3_axi/inst_efx_ddr3/top_mc/fifo_aw/pushToPopGray_buffercc/buffers_0[2]~FF
INFO     :  ddr3_ctl_axi/u_efx_ddr3_soft_controller/genblk1.inst_ddr3_axi/inst_efx_ddr3/top_mc/fifo_aw/pushToPopGray_buffercc_io_dataOut[2]~FF
INFO     : 	Synchronizer 83: 
INFO     :  u_axi4_ctrl/Gen_RFIFO_16.u_R0_FIFO_16/u_efx_fifo_top/xefx_fifo_ctl/genblk7.xrd2wr_addr_sync/dff_5/i38_2
INFO     : 	Synchronizer 84: 
INFO     :  ddr3_ctl_axi/u_efx_ddr3_soft_controller/genblk1.inst_ddr3_axi/inst_efx_ddr3/top_mc/fifo_aw/pushToPopGray_buffercc/buffers_0[1]~FF
INFO     :  ddr3_ctl_axi/u_efx_ddr3_soft_controller/genblk1.inst_ddr3_axi/inst_efx_ddr3/top_mc/fifo_aw/pushToPopGray_buffercc_io_dataOut[1]~FF
INFO     : 	Synchronizer 85: 
INFO     :  u_axi4_ctrl/Gen_RFIFO_16.u_R0_FIFO_16/u_efx_fifo_top/xefx_fifo_ctl/genblk7.xrd2wr_addr_sync/dff_5/i37_2
INFO     : 	Synchronizer 86: 
INFO     :  u_axi4_ctrl/Gen_RFIFO_16.u_R0_FIFO_16/u_efx_fifo_top/xefx_fifo_ctl/genblk7.wr2rd_addr_sync/dff_5/i30_2
INFO     : 	Synchronizer 87: 
INFO     :  u_axi4_ctrl/Gen_RFIFO_16.u_R0_FIFO_16/u_efx_fifo_top/xefx_fifo_ctl/genblk7.xrd2wr_addr_sync/dff_5/i35_2
INFO     : 	Synchronizer 88: 
INFO     :  ddr3_ctl_axi/u_efx_ddr3_soft_controller/genblk1.inst_ddr3_axi/inst_efx_ddr3/top_mc/fifo_aw/pushToPopGray_buffercc/buffers_0[0]~FF
INFO     :  ddr3_ctl_axi/u_efx_ddr3_soft_controller/genblk1.inst_ddr3_axi/inst_efx_ddr3/top_mc/fifo_aw/pushToPopGray_buffercc_io_dataOut[0]~FF
INFO     : 	Synchronizer 89: 
INFO     :  u_axi4_ctrl/Gen_RFIFO_16.u_R0_FIFO_16/u_efx_fifo_top/xefx_fifo_ctl/genblk7.xrd2wr_addr_sync/dff_5/i34_2
INFO     : 	Synchronizer 90: 
INFO     :  u_axi4_ctrl/Gen_RFIFO_16.u_R0_FIFO_16/u_efx_fifo_top/genblk2.wr_rst[0]~FF
INFO     :  u_axi4_ctrl/Gen_RFIFO_16.u_R0_FIFO_16/u_efx_fifo_top/genblk2.wr_rst[1]~FF
INFO     : 	Synchronizer 91: 
INFO     :  ddr3_ctl_axi/u_efx_ddr3_soft_controller/genblk1.inst_ddr3_axi/inst_efx_ddr3/top_mc/controller_main/bram_u0/u_efx_fifo_top/xefx_fifo_ctl/async_clk.xrd2wr_addr_sync/async_reg[0][3]~FF
INFO     :  ddr3_ctl_axi/u_efx_ddr3_soft_controller/genblk1.inst_ddr3_axi/inst_efx_ddr3/top_mc/controller_main/bram_u0/u_efx_fifo_top/xefx_fifo_ctl/async_clk.raddr_cntr_gry_sync[3]~FF
INFO     : 	Synchronizer 92: 
INFO     :  ddr3_ctl_axi/u_efx_ddr3_soft_controller/genblk1.inst_ddr3_axi/inst_efx_ddr3/top_mc/fifo_wr/pushToPopGray_buffercc/buffers_0[0]~FF
INFO     :  ddr3_ctl_axi/u_efx_ddr3_soft_controller/genblk1.inst_ddr3_axi/inst_efx_ddr3/top_mc/fifo_wr/pushToPopGray_buffercc_io_dataOut[0]~FF
INFO     : 	Synchronizer 93: 
INFO     :  ddr3_ctl_axi/u_efx_ddr3_soft_controller/genblk1.inst_ddr3_axi/inst_efx_ddr3/top_mc/fifo_rdpush/pushToPopGray_buffercc/buffers_0[5]~FF
INFO     :  ddr3_ctl_axi/u_efx_ddr3_soft_controller/genblk1.inst_ddr3_axi/inst_efx_ddr3/top_mc/fifo_rdpush/pushToPopGray_buffercc_io_dataOut[5]~FF
INFO     : 	Synchronizer 94: 
INFO     :  ddr3_ctl_axi/u_efx_ddr3_soft_controller/genblk1.inst_ddr3_axi/inst_efx_ddr3/top_mc/fifo_aw/popToPushGray_buffercc/buffers_0[0]~FF
INFO     :  ddr3_ctl_axi/u_efx_ddr3_soft_controller/genblk1.inst_ddr3_axi/inst_efx_ddr3/top_mc/fifo_aw/popToPushGray_buffercc_io_dataOut[0]~FF
INFO     : 	Synchronizer 95: 
INFO     :  ddr3_ctl_axi/u_efx_ddr3_soft_controller/genblk1.inst_ddr3_axi/inst_efx_ddr3/top_mc/controller_main/bram_u0/u_efx_fifo_top/xefx_fifo_ctl/async_clk.xrd2wr_addr_sync/async_reg[0][0]~FF
INFO     :  ddr3_ctl_axi/u_efx_ddr3_soft_controller/genblk1.inst_ddr3_axi/inst_efx_ddr3/top_mc/controller_main/bram_u0/u_efx_fifo_top/xefx_fifo_ctl/async_clk.raddr_cntr_gry_sync[0]~FF
INFO     : 	Synchronizer 96: 
INFO     :  ddr3_ctl_axi/u_efx_ddr3_soft_controller/genblk1.inst_ddr3_axi/inst_efx_ddr3/top_mc/fifo_rdpush/pushToPopGray_buffercc/buffers_0[6]~FF
INFO     :  ddr3_ctl_axi/u_efx_ddr3_soft_controller/genblk1.inst_ddr3_axi/inst_efx_ddr3/top_mc/fifo_rdpush/pushToPopGray_buffercc_io_dataOut[6]~FF
INFO     : 	Synchronizer 97: 
INFO     :  ddr3_ctl_axi/u_efx_ddr3_soft_controller/genblk1.inst_ddr3_axi/inst_efx_ddr3/top_mc/controller_main/bram_u0/u_efx_fifo_top/xefx_fifo_ctl/async_clk.xrd2wr_addr_sync/async_reg[0][2]~FF
INFO     :  ddr3_ctl_axi/u_efx_ddr3_soft_controller/genblk1.inst_ddr3_axi/inst_efx_ddr3/top_mc/controller_main/bram_u0/u_efx_fifo_top/xefx_fifo_ctl/async_clk.raddr_cntr_gry_sync[2]~FF
INFO     : 	Synchronizer 98: 
INFO     :  ddr3_ctl_axi/u_efx_ddr3_soft_controller/genblk1.inst_ddr3_axi/inst_efx_ddr3/top_mc/fifo_wr/pushToPopGray_buffercc/buffers_0[1]~FF
INFO     :  ddr3_ctl_axi/u_efx_ddr3_soft_controller/genblk1.inst_ddr3_axi/inst_efx_ddr3/top_mc/fifo_wr/pushToPopGray_buffercc_io_dataOut[1]~FF
INFO     : 	Synchronizer 99: 
INFO     :  ddr3_ctl_axi/u_efx_ddr3_soft_controller/genblk1.inst_ddr3_axi/inst_efx_ddr3/top_mc/fifo_aw/popToPushGray_buffercc/buffers_0[1]~FF
INFO     :  ddr3_ctl_axi/u_efx_ddr3_soft_controller/genblk1.inst_ddr3_axi/inst_efx_ddr3/top_mc/fifo_aw/popToPushGray_buffercc_io_dataOut[1]~FF
INFO     : 	Synchronizer 100: 
INFO     :  ddr3_ctl_axi/u_efx_ddr3_soft_controller/genblk1.inst_ddr3_axi/inst_efx_ddr3/top_mc/fifo_wr/pushToPopGray_buffercc/buffers_0[2]~FF
INFO     :  ddr3_ctl_axi/u_efx_ddr3_soft_controller/genblk1.inst_ddr3_axi/inst_efx_ddr3/top_mc/fifo_wr/pushToPopGray_buffercc_io_dataOut[2]~FF
INFO     : 	Synchronizer 101: 
INFO     :  ddr3_ctl_axi/u_efx_ddr3_soft_controller/genblk1.inst_ddr3_axi/inst_efx_ddr3/top_mc/fifo_aw/popToPushGray_buffercc/buffers_0[2]~FF
INFO     :  ddr3_ctl_axi/u_efx_ddr3_soft_controller/genblk1.inst_ddr3_axi/inst_efx_ddr3/top_mc/fifo_aw/popToPushGray_buffercc_io_dataOut[2]~FF
INFO     : 	Synchronizer 102: 
INFO     :  ddr3_ctl_axi/u_efx_ddr3_soft_controller/genblk1.inst_ddr3_axi/inst_efx_ddr3/top_mc/fifo_wr/pushToPopGray_buffercc/buffers_0[3]~FF
INFO     :  ddr3_ctl_axi/u_efx_ddr3_soft_controller/genblk1.inst_ddr3_axi/inst_efx_ddr3/top_mc/fifo_wr/pushToPopGray_buffercc_io_dataOut[3]~FF
INFO     : 	Synchronizer 103: 
INFO     :  ddr3_ctl_axi/u_efx_ddr3_soft_controller/genblk1.inst_ddr3_axi/inst_efx_ddr3/top_mc/fifo_ar/popToPushGray_buffercc/buffers_0[0]~FF
INFO     :  ddr3_ctl_axi/u_efx_ddr3_soft_controller/genblk1.inst_ddr3_axi/inst_efx_ddr3/top_mc/fifo_ar/popToPushGray_buffercc_io_dataOut[0]~FF
INFO     : 	Synchronizer 104: 
INFO     :  ddr3_ctl_axi/u_efx_ddr3_soft_controller/genblk1.inst_ddr3_axi/inst_efx_ddr3/top_mc/fifo_aw/popToPushGray_buffercc/buffers_0[3]~FF
INFO     :  ddr3_ctl_axi/u_efx_ddr3_soft_controller/genblk1.inst_ddr3_axi/inst_efx_ddr3/top_mc/fifo_aw/popToPushGray_buffercc_io_dataOut[3]~FF
INFO     : 	Synchronizer 105: 
INFO     :  ddr3_ctl_axi/u_efx_ddr3_soft_controller/genblk1.inst_ddr3_axi/inst_efx_ddr3/top_mc/fifo_wr/pushToPopGray_buffercc/buffers_0[4]~FF
INFO     :  ddr3_ctl_axi/u_efx_ddr3_soft_controller/genblk1.inst_ddr3_axi/inst_efx_ddr3/top_mc/fifo_wr/pushToPopGray_buffercc_io_dataOut[4]~FF
INFO     : 	Synchronizer 106: 
INFO     :  ddr3_ctl_axi/u_efx_ddr3_soft_controller/genblk1.inst_ddr3_axi/inst_efx_ddr3/top_mc/fifo_aw/popToPushGray_buffercc/buffers_0[4]~FF
INFO     :  ddr3_ctl_axi/u_efx_ddr3_soft_controller/genblk1.inst_ddr3_axi/inst_efx_ddr3/top_mc/fifo_aw/popToPushGray_buffercc_io_dataOut[4]~FF
INFO     : 	Synchronizer 107: 
INFO     :  ddr3_ctl_axi/u_efx_ddr3_soft_controller/genblk1.inst_ddr3_axi/inst_efx_ddr3/top_mc/fifo_wr/pushToPopGray_buffercc/buffers_0[5]~FF
INFO     :  ddr3_ctl_axi/u_efx_ddr3_soft_controller/genblk1.inst_ddr3_axi/inst_efx_ddr3/top_mc/fifo_wr/pushToPopGray_buffercc_io_dataOut[5]~FF
INFO     : 	Synchronizer 108: 
INFO     :  ddr3_ctl_axi/u_efx_ddr3_soft_controller/genblk1.inst_ddr3_axi/inst_efx_ddr3/top_mc/fifo_aw/popToPushGray_buffercc/buffers_0[5]~FF
INFO     :  ddr3_ctl_axi/u_efx_ddr3_soft_controller/genblk1.inst_ddr3_axi/inst_efx_ddr3/top_mc/fifo_aw/popToPushGray_buffercc_io_dataOut[5]~FF
INFO     : 	Synchronizer 109: 
INFO     :  ddr3_ctl_axi/u_efx_ddr3_soft_controller/genblk1.inst_ddr3_axi/inst_efx_ddr3/top_mc/fifo_wr/pushToPopGray_buffercc/buffers_0[6]~FF
INFO     :  ddr3_ctl_axi/u_efx_ddr3_soft_controller/genblk1.inst_ddr3_axi/inst_efx_ddr3/top_mc/fifo_wr/pushToPopGray_buffercc_io_dataOut[6]~FF
INFO     : 	Synchronizer 110: 
INFO     :  ddr3_ctl_axi/u_efx_ddr3_soft_controller/genblk1.inst_ddr3_axi/inst_efx_ddr3/top_mc/fifo_ar/popToPushGray_buffercc/buffers_0[1]~FF
INFO     :  ddr3_ctl_axi/u_efx_ddr3_soft_controller/genblk1.inst_ddr3_axi/inst_efx_ddr3/top_mc/fifo_ar/popToPushGray_buffercc_io_dataOut[1]~FF
INFO     : 	Synchronizer 111: 
INFO     :  u_axi4_ctrl/Gen_RFIFO_16.u_R0_FIFO_16/u_efx_fifo_top/xefx_fifo_ctl/genblk7.xrd2wr_addr_sync/dff_5/i39_2
INFO     : 	Synchronizer 112: 
INFO     :  ddr3_ctl_axi/u_efx_ddr3_soft_controller/genblk1.inst_ddr3_axi/inst_efx_ddr3/top_mc/fifo_aw/popToPushGray_buffercc/buffers_0[6]~FF
INFO     :  ddr3_ctl_axi/u_efx_ddr3_soft_controller/genblk1.inst_ddr3_axi/inst_efx_ddr3/top_mc/fifo_aw/popToPushGray_buffercc_io_dataOut[6]~FF
INFO     : 	Synchronizer 113: 
INFO     :  ddr3_ctl_axi/u_efx_ddr3_soft_controller/genblk1.inst_ddr3_axi/inst_efx_ddr3/top_mc/fifo_ar/popToPushGray_buffercc/buffers_0[2]~FF
INFO     :  ddr3_ctl_axi/u_efx_ddr3_soft_controller/genblk1.inst_ddr3_axi/inst_efx_ddr3/top_mc/fifo_ar/popToPushGray_buffercc_io_dataOut[2]~FF
INFO     : 	Synchronizer 114: 
INFO     :  u_axi4_ctrl/Gen_RFIFO_16.u_R0_FIFO_16/u_efx_fifo_top/xefx_fifo_ctl/genblk7.xrd2wr_addr_sync/dff_5/i30_2
INFO     : 	Synchronizer 115: 
INFO     :  ddr3_ctl_axi/u_efx_ddr3_soft_controller/genblk1.inst_ddr3_axi/inst_efx_ddr3/top_mc/fifo_ar/popToPushGray_buffercc/buffers_0[3]~FF
INFO     :  ddr3_ctl_axi/u_efx_ddr3_soft_controller/genblk1.inst_ddr3_axi/inst_efx_ddr3/top_mc/fifo_ar/popToPushGray_buffercc_io_dataOut[3]~FF
INFO     : 	Synchronizer 116: 
INFO     :  u_axi4_ctrl/Gen_RFIFO_16.u_R0_FIFO_16/u_efx_fifo_top/xefx_fifo_ctl/genblk7.xrd2wr_addr_sync/dff_5/i31_2
INFO     : 	Synchronizer 117: 
INFO     :  ddr3_ctl_axi/u_efx_ddr3_soft_controller/genblk1.inst_ddr3_axi/inst_efx_ddr3/top_mc/fifo_ar/popToPushGray_buffercc/buffers_0[4]~FF
INFO     :  ddr3_ctl_axi/u_efx_ddr3_soft_controller/genblk1.inst_ddr3_axi/inst_efx_ddr3/top_mc/fifo_ar/popToPushGray_buffercc_io_dataOut[4]~FF
INFO     : 	Synchronizer 118: 
INFO     :  u_axi4_ctrl/Gen_RFIFO_16.u_R0_FIFO_16/u_efx_fifo_top/xefx_fifo_ctl/genblk7.xrd2wr_addr_sync/dff_5/i32_2
INFO     : 	Synchronizer 119: 
INFO     :  u_axi4_ctrl/Gen_RFIFO_16.u_R0_FIFO_16/u_efx_fifo_top/xefx_fifo_ctl/genblk7.xrd2wr_addr_sync/dff_5/i33_2
INFO     : 	Synchronizer 120: 
INFO     :  ddr3_ctl_axi/u_efx_ddr3_soft_controller/genblk1.inst_ddr3_axi/inst_efx_ddr3/top_mc/fifo_rdpush/pushToPopGray_buffercc/buffers_0[1]~FF
INFO     :  ddr3_ctl_axi/u_efx_ddr3_soft_controller/genblk1.inst_ddr3_axi/inst_efx_ddr3/top_mc/fifo_rdpush/pushToPopGray_buffercc_io_dataOut[1]~FF
INFO     : 	Synchronizer 121: 
INFO     :  ddr3_ctl_axi/u_efx_ddr3_soft_controller/genblk1.inst_ddr3_axi/inst_efx_ddr3/top_mc/fifo_ack/pushToPopGray_buffercc/buffers_0[6]~FF
INFO     :  ddr3_ctl_axi/u_efx_ddr3_soft_controller/genblk1.inst_ddr3_axi/inst_efx_ddr3/top_mc/fifo_ack/pushToPopGray_buffercc_io_dataOut[6]~FF
INFO     : 	Synchronizer 122: 
INFO     :  ddr3_ctl_axi/u_efx_ddr3_soft_controller/genblk1.inst_ddr3_axi/inst_efx_ddr3/top_mc/fifo_rdpush/pushToPopGray_buffercc/buffers_0[2]~FF
INFO     :  ddr3_ctl_axi/u_efx_ddr3_soft_controller/genblk1.inst_ddr3_axi/inst_efx_ddr3/top_mc/fifo_rdpush/pushToPopGray_buffercc_io_dataOut[2]~FF
INFO     : 	Synchronizer 123: 
INFO     :  ddr3_ctl_axi/u_efx_ddr3_soft_controller/genblk1.inst_ddr3_axi/inst_efx_ddr3/top_mc/fifo_rdpush/pushToPopGray_buffercc/buffers_0[3]~FF
INFO     :  ddr3_ctl_axi/u_efx_ddr3_soft_controller/genblk1.inst_ddr3_axi/inst_efx_ddr3/top_mc/fifo_rdpush/pushToPopGray_buffercc_io_dataOut[3]~FF
INFO     : 	Synchronizer 124: 
INFO     :  ddr3_ctl_axi/u_efx_ddr3_soft_controller/genblk1.inst_ddr3_axi/inst_efx_ddr3/top_mc/controller_main/bram_u2/u_efx_fifo_top/xefx_fifo_ctl/async_clk.wr2rd_addr_sync/async_reg[0][1]~FF
INFO     :  ddr3_ctl_axi/u_efx_ddr3_soft_controller/genblk1.inst_ddr3_axi/inst_efx_ddr3/top_mc/controller_main/bram_u2/u_efx_fifo_top/xefx_fifo_ctl/async_clk.waddr_cntr_gry_sync[1]~FF
INFO     : 	Synchronizer 125: 
INFO     :  ddr3_ctl_axi/u_efx_ddr3_soft_controller/genblk1.inst_ddr3_axi/inst_efx_ddr3/top_mc/fifo_rdpush/pushToPopGray_buffercc/buffers_0[4]~FF
INFO     :  ddr3_ctl_axi/u_efx_ddr3_soft_controller/genblk1.inst_ddr3_axi/inst_efx_ddr3/top_mc/fifo_rdpush/pushToPopGray_buffercc_io_dataOut[4]~FF
INFO     : 	Synchronizer 126: 
INFO     :  ddr3_ctl_axi/u_efx_ddr3_soft_controller/genblk1.inst_ddr3_axi/inst_efx_ddr3/top_mc/controller_main/bram_u2/u_efx_fifo_top/xefx_fifo_ctl/async_clk.wr2rd_addr_sync/async_reg[0][6]~FF
INFO     :  ddr3_ctl_axi/u_efx_ddr3_soft_controller/genblk1.inst_ddr3_axi/inst_efx_ddr3/top_mc/controller_main/bram_u2/u_efx_fifo_top/xefx_fifo_ctl/async_clk.waddr_cntr_gry_sync[6]~FF
INFO     : 	Synchronizer 127: 
INFO     :  ddr3_ctl_axi/u_efx_ddr3_soft_controller/genblk1.inst_ddr3_axi/inst_efx_ddr3/top_mc/ac_fifo/pushToPopGray_buffercc/buffers_0[3]~FF
INFO     :  ddr3_ctl_axi/u_efx_ddr3_soft_controller/genblk1.inst_ddr3_axi/inst_efx_ddr3/top_mc/ac_fifo/pushToPopGray_buffercc_io_dataOut[3]~FF
INFO     : 	Synchronizer 128: 
INFO     :  ddr3_ctl_axi/u_efx_ddr3_soft_controller/genblk1.inst_ddr3_axi/inst_efx_ddr3/top_mc/ac_fifo/pushToPopGray_buffercc/buffers_0[4]~FF
INFO     :  ddr3_ctl_axi/u_efx_ddr3_soft_controller/genblk1.inst_ddr3_axi/inst_efx_ddr3/top_mc/ac_fifo/pushToPopGray_buffercc_io_dataOut[4]~FF
INFO     : 	Synchronizer 129: 
INFO     :  ddr3_ctl_axi/u_efx_ddr3_soft_controller/genblk1.inst_ddr3_axi/inst_efx_ddr3/top_mc/ac_fifo/pushToPopGray_buffercc/buffers_0[5]~FF
INFO     :  ddr3_ctl_axi/u_efx_ddr3_soft_controller/genblk1.inst_ddr3_axi/inst_efx_ddr3/top_mc/ac_fifo/pushToPopGray_buffercc_io_dataOut[5]~FF
INFO     : 	Synchronizer 130: 
INFO     :  ddr3_ctl_axi/u_efx_ddr3_soft_controller/genblk1.inst_ddr3_axi/inst_efx_ddr3/top_mc/fifo_ack/popToPushGray_buffercc/buffers_0[3]~FF
INFO     :  ddr3_ctl_axi/u_efx_ddr3_soft_controller/genblk1.inst_ddr3_axi/inst_efx_ddr3/top_mc/fifo_ack/popToPushGray_buffercc_io_dataOut[3]~FF
INFO     : 	Synchronizer 131: 
INFO     :  ddr3_ctl_axi/u_efx_ddr3_soft_controller/genblk1.inst_ddr3_axi/inst_efx_ddr3/top_mc/fifo_rd/xefx_fifo_ctl/async_clk.wr2rd_addr_sync/async_reg[0][0]~FF
INFO     :  ddr3_ctl_axi/u_efx_ddr3_soft_controller/genblk1.inst_ddr3_axi/inst_efx_ddr3/top_mc/fifo_rd/xefx_fifo_ctl/async_clk.waddr_cntr_gry_sync[0]~FF
INFO     : 	Synchronizer 132: 
INFO     :  ddr3_ctl_axi/u_efx_ddr3_soft_controller/genblk1.inst_ddr3_axi/inst_efx_ddr3/top_mc/controller_main/bram_u1/u_efx_fifo_top/xefx_fifo_ctl/async_clk.wr2rd_addr_sync/async_reg[0][3]~FF
INFO     :  ddr3_ctl_axi/u_efx_ddr3_soft_controller/genblk1.inst_ddr3_axi/inst_efx_ddr3/top_mc/controller_main/bram_u1/u_efx_fifo_top/xefx_fifo_ctl/async_clk.waddr_cntr_gry_sync[3]~FF
INFO     : 	Synchronizer 133: 
INFO     :  ddr3_ctl_axi/u_efx_ddr3_soft_controller/genblk1.inst_ddr3_axi/inst_efx_ddr3/top_mc/fifo_rd/xefx_fifo_ctl/async_clk.wr2rd_addr_sync/async_reg[0][2]~FF
INFO     :  ddr3_ctl_axi/u_efx_ddr3_soft_controller/genblk1.inst_ddr3_axi/inst_efx_ddr3/top_mc/fifo_rd/xefx_fifo_ctl/async_clk.waddr_cntr_gry_sync[2]~FF
INFO     : 	Synchronizer 134: 
INFO     :  ddr3_ctl_axi/u_efx_ddr3_soft_controller/genblk1.inst_ddr3_axi/inst_efx_ddr3/top_mc/controller_main/bram_u1/u_efx_fifo_top/xefx_fifo_ctl/async_clk.wr2rd_addr_sync/async_reg[0][0]~FF
INFO     :  ddr3_ctl_axi/u_efx_ddr3_soft_controller/genblk1.inst_ddr3_axi/inst_efx_ddr3/top_mc/controller_main/bram_u1/u_efx_fifo_top/xefx_fifo_ctl/async_clk.waddr_cntr_gry_sync[0]~FF
INFO     : 	Synchronizer 135: 
INFO     :  ddr3_ctl_axi/u_efx_ddr3_soft_controller/genblk1.inst_ddr3_axi/inst_efx_ddr3/top_mc/fifo_ack/popToPushGray_buffercc/buffers_0[2]~FF
INFO     :  ddr3_ctl_axi/u_efx_ddr3_soft_controller/genblk1.inst_ddr3_axi/inst_efx_ddr3/top_mc/fifo_ack/popToPushGray_buffercc_io_dataOut[2]~FF
INFO     : 	Synchronizer 136: 
INFO     :  ddr3_ctl_axi/u_efx_ddr3_soft_controller/genblk1.inst_ddr3_axi/inst_efx_ddr3/top_mc/fifo_ar/popToPushGray_buffercc/buffers_0[5]~FF
INFO     :  ddr3_ctl_axi/u_efx_ddr3_soft_controller/genblk1.inst_ddr3_axi/inst_efx_ddr3/top_mc/fifo_ar/popToPushGray_buffercc_io_dataOut[5]~FF
INFO     : 	Synchronizer 137: 
INFO     :  ddr3_ctl_axi/u_efx_ddr3_soft_controller/genblk1.inst_ddr3_axi/inst_efx_ddr3/top_mc/fifo_ack/popToPushGray_buffercc/buffers_0[0]~FF
INFO     :  ddr3_ctl_axi/u_efx_ddr3_soft_controller/genblk1.inst_ddr3_axi/inst_efx_ddr3/top_mc/fifo_ack/popToPushGray_buffercc_io_dataOut[0]~FF
INFO     : 	Synchronizer 138: 
INFO     :  ddr3_ctl_axi/u_efx_ddr3_soft_controller/genblk1.inst_ddr3_axi/inst_efx_ddr3/top_mc/controller_main/bram_u2/u_efx_fifo_top/xefx_fifo_ctl/async_clk.xrd2wr_addr_sync/async_reg[0][1]~FF
INFO     :  ddr3_ctl_axi/u_efx_ddr3_soft_controller/genblk1.inst_ddr3_axi/inst_efx_ddr3/top_mc/controller_main/bram_u2/u_efx_fifo_top/xefx_fifo_ctl/async_clk.raddr_cntr_gry_sync[1]~FF
INFO     : 	Synchronizer 139: 
INFO     :  ddr3_ctl_axi/u_efx_ddr3_soft_controller/genblk1.inst_ddr3_axi/inst_efx_ddr3/top_mc/fifo_rd/xefx_fifo_ctl/async_clk.wr2rd_addr_sync/async_reg[0][1]~FF
INFO     :  ddr3_ctl_axi/u_efx_ddr3_soft_controller/genblk1.inst_ddr3_axi/inst_efx_ddr3/top_mc/fifo_rd/xefx_fifo_ctl/async_clk.waddr_cntr_gry_sync[1]~FF
INFO     : 	Synchronizer 140: 
INFO     :  ddr3_ctl_axi/u_efx_ddr3_soft_controller/genblk1.inst_ddr3_axi/inst_efx_ddr3/top_mc/controller_main/bram_u2/u_efx_fifo_top/xefx_fifo_ctl/async_clk.xrd2wr_addr_sync/async_reg[0][6]~FF
INFO     :  ddr3_ctl_axi/u_efx_ddr3_soft_controller/genblk1.inst_ddr3_axi/inst_efx_ddr3/top_mc/controller_main/bram_u2/u_efx_fifo_top/xefx_fifo_ctl/async_clk.raddr_cntr_gry_sync[6]~FF
INFO     : 	Synchronizer 141: 
INFO     :  ddr3_ctl_axi/u_efx_ddr3_soft_controller/genblk1.inst_ddr3_axi/inst_efx_ddr3/top_mc/fifo_rd/xefx_fifo_ctl/async_clk.wr2rd_addr_sync/async_reg[0][6]~FF
INFO     :  ddr3_ctl_axi/u_efx_ddr3_soft_controller/genblk1.inst_ddr3_axi/inst_efx_ddr3/top_mc/fifo_rd/xefx_fifo_ctl/async_clk.waddr_cntr_gry_sync[6]~FF
INFO     : 	Synchronizer 142: 
INFO     :  ddr3_ctl_axi/u_efx_ddr3_soft_controller/genblk1.inst_ddr3_axi/inst_efx_ddr3/top_mc/controller_main/bram_u1/u_efx_fifo_top/xefx_fifo_ctl/async_clk.wr2rd_addr_sync/async_reg[0][1]~FF
INFO     :  ddr3_ctl_axi/u_efx_ddr3_soft_controller/genblk1.inst_ddr3_axi/inst_efx_ddr3/top_mc/controller_main/bram_u1/u_efx_fifo_top/xefx_fifo_ctl/async_clk.waddr_cntr_gry_sync[1]~FF
INFO     : 	Synchronizer 143: 
INFO     :  ddr3_ctl_axi/u_efx_ddr3_soft_controller/genblk1.inst_ddr3_axi/inst_efx_ddr3/top_mc/controller_main/bram_u2/u_efx_fifo_top/xefx_fifo_ctl/async_clk.wr2rd_addr_sync/async_reg[0][5]~FF
INFO     :  ddr3_ctl_axi/u_efx_ddr3_soft_controller/genblk1.inst_ddr3_axi/inst_efx_ddr3/top_mc/controller_main/bram_u2/u_efx_fifo_top/xefx_fifo_ctl/async_clk.waddr_cntr_gry_sync[5]~FF
INFO     : 	Synchronizer 144: 
INFO     :  ddr3_ctl_axi/u_efx_ddr3_soft_controller/genblk1.inst_ddr3_axi/inst_efx_ddr3/top_mc/controller_main/bram_u1/u_efx_fifo_top/xefx_fifo_ctl/async_clk.wr2rd_addr_sync/async_reg[0][6]~FF
INFO     :  ddr3_ctl_axi/u_efx_ddr3_soft_controller/genblk1.inst_ddr3_axi/inst_efx_ddr3/top_mc/controller_main/bram_u1/u_efx_fifo_top/xefx_fifo_ctl/async_clk.waddr_cntr_gry_sync[6]~FF
INFO     : 	Synchronizer 145: 
INFO     :  ddr3_ctl_axi/u_efx_ddr3_soft_controller/genblk1.inst_ddr3_axi/inst_efx_ddr3/top_mc/fifo_ar/pushToPopGray_buffercc/buffers_0[0]~FF
INFO     :  ddr3_ctl_axi/u_efx_ddr3_soft_controller/genblk1.inst_ddr3_axi/inst_efx_ddr3/top_mc/fifo_ar/pushToPopGray_buffercc_io_dataOut[0]~FF
INFO     : 	Synchronizer 146: 
INFO     :  ddr3_ctl_axi/u_efx_ddr3_soft_controller/genblk1.inst_ddr3_axi/inst_efx_ddr3/top_mc/controller_main/bram_u2/u_efx_fifo_top/xefx_fifo_ctl/async_clk.wr2rd_addr_sync/async_reg[0][4]~FF
INFO     :  ddr3_ctl_axi/u_efx_ddr3_soft_controller/genblk1.inst_ddr3_axi/inst_efx_ddr3/top_mc/controller_main/bram_u2/u_efx_fifo_top/xefx_fifo_ctl/async_clk.waddr_cntr_gry_sync[4]~FF
INFO     : 	Synchronizer 147: 
INFO     :  ddr3_ctl_axi/u_efx_ddr3_soft_controller/genblk1.inst_ddr3_axi/inst_efx_ddr3/top_mc/fifo_ack/pushToPopGray_buffercc/buffers_0[0]~FF
INFO     :  ddr3_ctl_axi/u_efx_ddr3_soft_controller/genblk1.inst_ddr3_axi/inst_efx_ddr3/top_mc/fifo_ack/pushToPopGray_buffercc_io_dataOut[0]~FF
INFO     : 	Synchronizer 148: 
INFO     :  ddr3_ctl_axi/u_efx_ddr3_soft_controller/genblk1.inst_ddr3_axi/inst_efx_ddr3/top_mc/controller_main/bram_u2/u_efx_fifo_top/xefx_fifo_ctl/async_clk.wr2rd_addr_sync/async_reg[0][3]~FF
INFO     :  ddr3_ctl_axi/u_efx_ddr3_soft_controller/genblk1.inst_ddr3_axi/inst_efx_ddr3/top_mc/controller_main/bram_u2/u_efx_fifo_top/xefx_fifo_ctl/async_clk.waddr_cntr_gry_sync[3]~FF
INFO     : 	Synchronizer 149: 
INFO     :  ddr3_ctl_axi/u_efx_ddr3_soft_controller/genblk1.inst_ddr3_axi/inst_efx_ddr3/top_mc/controller_main/bram_u2/u_efx_fifo_top/xefx_fifo_ctl/async_clk.wr2rd_addr_sync/async_reg[0][0]~FF
INFO     :  ddr3_ctl_axi/u_efx_ddr3_soft_controller/genblk1.inst_ddr3_axi/inst_efx_ddr3/top_mc/controller_main/bram_u2/u_efx_fifo_top/xefx_fifo_ctl/async_clk.waddr_cntr_gry_sync[0]~FF
INFO     : 	Synchronizer 150: 
INFO     :  ddr3_ctl_axi/u_efx_ddr3_soft_controller/genblk1.inst_ddr3_axi/inst_efx_ddr3/top_mc/fifo_ar/pushToPopGray_buffercc/buffers_0[1]~FF
INFO     :  ddr3_ctl_axi/u_efx_ddr3_soft_controller/genblk1.inst_ddr3_axi/inst_efx_ddr3/top_mc/fifo_ar/pushToPopGray_buffercc_io_dataOut[1]~FF
INFO     : 	Synchronizer 151: 
INFO     :  ddr3_ctl_axi/u_efx_ddr3_soft_controller/genblk1.inst_ddr3_axi/inst_efx_ddr3/top_mc/controller_main/bram_u2/u_efx_fifo_top/xefx_fifo_ctl/async_clk.wr2rd_addr_sync/async_reg[0][2]~FF
INFO     :  ddr3_ctl_axi/u_efx_ddr3_soft_controller/genblk1.inst_ddr3_axi/inst_efx_ddr3/top_mc/controller_main/bram_u2/u_efx_fifo_top/xefx_fifo_ctl/async_clk.waddr_cntr_gry_sync[2]~FF
INFO     : 	Synchronizer 152: 
INFO     :  ddr3_ctl_axi/u_efx_ddr3_soft_controller/genblk1.inst_ddr3_axi/inst_efx_ddr3/top_mc/fifo_ack/pushToPopGray_buffercc/buffers_0[1]~FF
INFO     :  ddr3_ctl_axi/u_efx_ddr3_soft_controller/genblk1.inst_ddr3_axi/inst_efx_ddr3/top_mc/fifo_ack/pushToPopGray_buffercc_io_dataOut[1]~FF
INFO     : 	Synchronizer 153: 
INFO     :  ddr3_ctl_axi/u_efx_ddr3_soft_controller/genblk1.inst_ddr3_axi/inst_efx_ddr3/top_mc/fifo_ar/pushToPopGray_buffercc/buffers_0[2]~FF
INFO     :  ddr3_ctl_axi/u_efx_ddr3_soft_controller/genblk1.inst_ddr3_axi/inst_efx_ddr3/top_mc/fifo_ar/pushToPopGray_buffercc_io_dataOut[2]~FF
INFO     : 	Synchronizer 154: 
INFO     :  ddr3_ctl_axi/u_efx_ddr3_soft_controller/genblk1.inst_ddr3_axi/inst_efx_ddr3/top_mc/fifo_ack/pushToPopGray_buffercc/buffers_0[2]~FF
INFO     :  ddr3_ctl_axi/u_efx_ddr3_soft_controller/genblk1.inst_ddr3_axi/inst_efx_ddr3/top_mc/fifo_ack/pushToPopGray_buffercc_io_dataOut[2]~FF
INFO     : 	Synchronizer 155: 
INFO     :  ddr3_ctl_axi/u_efx_ddr3_soft_controller/genblk1.inst_ddr3_axi/inst_efx_ddr3/top_mc/fifo_ar/pushToPopGray_buffercc/buffers_0[3]~FF
INFO     :  ddr3_ctl_axi/u_efx_ddr3_soft_controller/genblk1.inst_ddr3_axi/inst_efx_ddr3/top_mc/fifo_ar/pushToPopGray_buffercc_io_dataOut[3]~FF
INFO     : 	Synchronizer 156: 
INFO     :  ddr3_ctl_axi/u_efx_ddr3_soft_controller/genblk1.inst_ddr3_axi/inst_efx_ddr3/top_mc/fifo_ack/pushToPopGray_buffercc/buffers_0[3]~FF
INFO     :  ddr3_ctl_axi/u_efx_ddr3_soft_controller/genblk1.inst_ddr3_axi/inst_efx_ddr3/top_mc/fifo_ack/pushToPopGray_buffercc_io_dataOut[3]~FF
INFO     : 	Synchronizer 157: 
INFO     :  ddr3_ctl_axi/u_efx_ddr3_soft_controller/genblk1.inst_ddr3_axi/inst_efx_ddr3/top_mc/fifo_ar/pushToPopGray_buffercc/buffers_0[4]~FF
INFO     :  ddr3_ctl_axi/u_efx_ddr3_soft_controller/genblk1.inst_ddr3_axi/inst_efx_ddr3/top_mc/fifo_ar/pushToPopGray_buffercc_io_dataOut[4]~FF
INFO     : 	Synchronizer 158: 
INFO     :  ddr3_ctl_axi/u_efx_ddr3_soft_controller/genblk1.inst_ddr3_axi/inst_efx_ddr3/top_mc/fifo_ack/pushToPopGray_buffercc/buffers_0[4]~FF
INFO     :  ddr3_ctl_axi/u_efx_ddr3_soft_controller/genblk1.inst_ddr3_axi/inst_efx_ddr3/top_mc/fifo_ack/pushToPopGray_buffercc_io_dataOut[4]~FF
INFO     : 	Synchronizer 159: 
INFO     :  ddr3_ctl_axi/u_efx_ddr3_soft_controller/genblk1.inst_ddr3_axi/inst_efx_ddr3/top_mc/fifo_ar/pushToPopGray_buffercc/buffers_0[5]~FF
INFO     :  ddr3_ctl_axi/u_efx_ddr3_soft_controller/genblk1.inst_ddr3_axi/inst_efx_ddr3/top_mc/fifo_ar/pushToPopGray_buffercc_io_dataOut[5]~FF
INFO     : 	Synchronizer 160: 
INFO     :  ddr3_ctl_axi/u_efx_ddr3_soft_controller/genblk1.inst_ddr3_axi/inst_efx_ddr3/top_mc/ac_fifo/popToPushGray_buffercc/buffers_0[0]~FF
INFO     :  ddr3_ctl_axi/u_efx_ddr3_soft_controller/genblk1.inst_ddr3_axi/inst_efx_ddr3/top_mc/ac_fifo/popToPushGray_buffercc_io_dataOut[0]~FF
INFO     : 	Synchronizer 161: 
INFO     :  ddr3_ctl_axi/u_efx_ddr3_soft_controller/genblk1.inst_ddr3_axi/inst_efx_ddr3/top_mc/ac_fifo/popToPushGray_buffercc/buffers_0[1]~FF
INFO     :  ddr3_ctl_axi/u_efx_ddr3_soft_controller/genblk1.inst_ddr3_axi/inst_efx_ddr3/top_mc/ac_fifo/popToPushGray_buffercc_io_dataOut[1]~FF
INFO     : 	Synchronizer 162: 
INFO     :  ddr3_ctl_axi/u_efx_ddr3_soft_controller/genblk1.inst_ddr3_axi/inst_efx_ddr3/top_mc/ac_fifo/popToPushGray_buffercc/buffers_0[2]~FF
INFO     :  ddr3_ctl_axi/u_efx_ddr3_soft_controller/genblk1.inst_ddr3_axi/inst_efx_ddr3/top_mc/ac_fifo/popToPushGray_buffercc_io_dataOut[2]~FF
INFO     : 	Synchronizer 163: 
INFO     :  ddr3_ctl_axi/u_efx_ddr3_soft_controller/genblk1.inst_ddr3_axi/inst_efx_ddr3/top_mc/ac_fifo/popToPushGray_buffercc/buffers_0[3]~FF
INFO     :  ddr3_ctl_axi/u_efx_ddr3_soft_controller/genblk1.inst_ddr3_axi/inst_efx_ddr3/top_mc/ac_fifo/popToPushGray_buffercc_io_dataOut[3]~FF
INFO     : 	Synchronizer 164: 
INFO     :  u_axi4_ctrl/Gen_FIFO_W8.u_W0_FIFO_8/u_efx_fifo_top/genblk2.genblk1.efx_resetsync_rd_rst/active_high.efx_resetsync_active_high/async_reg[0][0]~FF
INFO     :  u_axi4_ctrl/Gen_FIFO_W8.u_W0_FIFO_8/u_efx_fifo_top/rd_rst_int~FF
INFO     : 	Synchronizer 165: 
INFO     :  ddr3_ctl_axi/u_efx_ddr3_soft_controller/genblk1.inst_ddr3_axi/inst_efx_ddr3/top_mc/ac_fifo/popToPushGray_buffercc/buffers_0[4]~FF
INFO     :  ddr3_ctl_axi/u_efx_ddr3_soft_controller/genblk1.inst_ddr3_axi/inst_efx_ddr3/top_mc/ac_fifo/popToPushGray_buffercc_io_dataOut[4]~FF
INFO     : 	Synchronizer 166: 
INFO     :  ddr3_ctl_axi/u_efx_ddr3_soft_controller/genblk1.inst_ddr3_axi/inst_efx_ddr3/top_mc/ac_fifo/popToPushGray_buffercc/buffers_0[5]~FF
INFO     :  ddr3_ctl_axi/u_efx_ddr3_soft_controller/genblk1.inst_ddr3_axi/inst_efx_ddr3/top_mc/ac_fifo/popToPushGray_buffercc_io_dataOut[5]~FF
INFO     : 	Synchronizer 167: 
INFO     :  u_axi4_ctrl/Gen_FIFO_W8.u_W0_FIFO_8/u_efx_fifo_top/genblk2.genblk1.efx_resetsync_wr_rst/active_high.efx_resetsync_active_high/async_reg[0][0]~FF
INFO     :  u_axi4_ctrl/Gen_FIFO_W8.u_W0_FIFO_8/u_efx_fifo_top/wr_rst_int~FF
INFO     : 	Synchronizer 168: 
INFO     :  ddr3_ctl_axi/u_efx_ddr3_soft_controller/genblk1.inst_ddr3_axi/inst_efx_ddr3/top_mc/ac_fifo/popToPushGray_buffercc/buffers_0[6]~FF
INFO     :  ddr3_ctl_axi/u_efx_ddr3_soft_controller/genblk1.inst_ddr3_axi/inst_efx_ddr3/top_mc/ac_fifo/popToPushGray_buffercc_io_dataOut[6]~FF
INFO     : 	Synchronizer 169: 
INFO     :  ddr3_ctl_axi/u_efx_ddr3_soft_controller/genblk1.inst_ddr3_axi/inst_efx_ddr3/top_mc/ac_fifo/pushToPopGray_buffercc/buffers_0[0]~FF
INFO     :  ddr3_ctl_axi/u_efx_ddr3_soft_controller/genblk1.inst_ddr3_axi/inst_efx_ddr3/top_mc/ac_fifo/pushToPopGray_buffercc_io_dataOut[0]~FF
INFO     : 	Synchronizer 170: 
INFO     :  ddr3_ctl_axi/u_efx_ddr3_soft_controller/genblk1.inst_ddr3_axi/inst_efx_ddr3/top_mc/ac_fifo/pushToPopGray_buffercc/buffers_0[1]~FF
INFO     :  ddr3_ctl_axi/u_efx_ddr3_soft_controller/genblk1.inst_ddr3_axi/inst_efx_ddr3/top_mc/ac_fifo/pushToPopGray_buffercc_io_dataOut[1]~FF
INFO     : 	Synchronizer 171: 
INFO     :  ddr3_ctl_axi/u_efx_ddr3_soft_controller/genblk1.inst_ddr3_axi/inst_efx_ddr3/top_mc/ac_fifo/pushToPopGray_buffercc/buffers_0[2]~FF
INFO     :  ddr3_ctl_axi/u_efx_ddr3_soft_controller/genblk1.inst_ddr3_axi/inst_efx_ddr3/top_mc/ac_fifo/pushToPopGray_buffercc_io_dataOut[2]~FF
INFO     : 	Synchronizer 172: 
INFO     :  ddr3_ctl_axi/u_efx_ddr3_soft_controller/genblk1.inst_ddr3_axi/inst_efx_ddr3/top_mc/controller_main/bram_u2/u_efx_fifo_top/xefx_fifo_ctl/async_clk.xrd2wr_addr_sync/async_reg[0][4]~FF
INFO     :  ddr3_ctl_axi/u_efx_ddr3_soft_controller/genblk1.inst_ddr3_axi/inst_efx_ddr3/top_mc/controller_main/bram_u2/u_efx_fifo_top/xefx_fifo_ctl/async_clk.raddr_cntr_gry_sync[4]~FF
INFO     : 	Synchronizer 173: 
INFO     :  ddr3_ctl_axi/u_efx_ddr3_soft_controller/genblk1.inst_ddr3_axi/inst_efx_ddr3/top_mc/fifo_ar/popToPushGray_buffercc/buffers_0[6]~FF
INFO     :  ddr3_ctl_axi/u_efx_ddr3_soft_controller/genblk1.inst_ddr3_axi/inst_efx_ddr3/top_mc/fifo_ar/popToPushGray_buffercc_io_dataOut[6]~FF
INFO     : 	Synchronizer 174: 
INFO     :  ddr3_ctl_axi/u_efx_ddr3_soft_controller/genblk1.inst_ddr3_axi/inst_efx_ddr3/top_mc/fifo_rd/xefx_fifo_ctl/async_clk.xrd2wr_addr_sync/async_reg[0][1]~FF
INFO     :  ddr3_ctl_axi/u_efx_ddr3_soft_controller/genblk1.inst_ddr3_axi/inst_efx_ddr3/top_mc/fifo_rd/xefx_fifo_ctl/async_clk.raddr_cntr_gry_sync[1]~FF
INFO     : 	Synchronizer 175: 
INFO     :  ddr3_ctl_axi/u_efx_ddr3_soft_controller/genblk1.inst_ddr3_axi/inst_efx_ddr3/top_mc/fifo_rd/xefx_fifo_ctl/async_clk.xrd2wr_addr_sync/async_reg[0][6]~FF
INFO     :  ddr3_ctl_axi/u_efx_ddr3_soft_controller/genblk1.inst_ddr3_axi/inst_efx_ddr3/top_mc/fifo_rd/xefx_fifo_ctl/async_clk.raddr_cntr_gry_sync[6]~FF
INFO     : 	Synchronizer 176: 
INFO     :  ddr3_ctl_axi/u_efx_ddr3_soft_controller/genblk1.inst_ddr3_axi/inst_efx_ddr3/top_mc/controller_main/bram_u1/u_efx_fifo_top/xefx_fifo_ctl/async_clk.xrd2wr_addr_sync/async_reg[0][1]~FF
INFO     :  ddr3_ctl_axi/u_efx_ddr3_soft_controller/genblk1.inst_ddr3_axi/inst_efx_ddr3/top_mc/controller_main/bram_u1/u_efx_fifo_top/xefx_fifo_ctl/async_clk.raddr_cntr_gry_sync[1]~FF
INFO     : 	Synchronizer 177: 
INFO     :  ddr3_ctl_axi/u_efx_ddr3_soft_controller/genblk1.inst_ddr3_axi/inst_efx_ddr3/top_mc/fifo_rd/xefx_fifo_ctl/async_clk.wr2rd_addr_sync/async_reg[0][5]~FF
INFO     :  ddr3_ctl_axi/u_efx_ddr3_soft_controller/genblk1.inst_ddr3_axi/inst_efx_ddr3/top_mc/fifo_rd/xefx_fifo_ctl/async_clk.waddr_cntr_gry_sync[5]~FF
INFO     : 	Synchronizer 178: 
INFO     :  ddr3_ctl_axi/u_efx_ddr3_soft_controller/genblk1.inst_ddr3_axi/inst_efx_ddr3/top_mc/controller_main/bram_u1/u_efx_fifo_top/xefx_fifo_ctl/async_clk.xrd2wr_addr_sync/async_reg[0][6]~FF
INFO     :  ddr3_ctl_axi/u_efx_ddr3_soft_controller/genblk1.inst_ddr3_axi/inst_efx_ddr3/top_mc/controller_main/bram_u1/u_efx_fifo_top/xefx_fifo_ctl/async_clk.raddr_cntr_gry_sync[6]~FF
INFO     : 	Synchronizer 179: 
INFO     :  ddr3_ctl_axi/u_efx_ddr3_soft_controller/genblk1.inst_ddr3_axi/inst_efx_ddr3/top_mc/fifo_rd/xefx_fifo_ctl/async_clk.wr2rd_addr_sync/async_reg[0][4]~FF
INFO     :  ddr3_ctl_axi/u_efx_ddr3_soft_controller/genblk1.inst_ddr3_axi/inst_efx_ddr3/top_mc/fifo_rd/xefx_fifo_ctl/async_clk.waddr_cntr_gry_sync[4]~FF
INFO     : 	Synchronizer 180: 
INFO     :  ddr3_ctl_axi/u_efx_ddr3_soft_controller/genblk1.inst_ddr3_axi/inst_efx_ddr3/top_mc/controller_main/bram_u1/u_efx_fifo_top/xefx_fifo_ctl/async_clk.wr2rd_addr_sync/async_reg[0][5]~FF
INFO     :  ddr3_ctl_axi/u_efx_ddr3_soft_controller/genblk1.inst_ddr3_axi/inst_efx_ddr3/top_mc/controller_main/bram_u1/u_efx_fifo_top/xefx_fifo_ctl/async_clk.waddr_cntr_gry_sync[5]~FF
INFO     : 	Synchronizer 181: 
INFO     :  ddr3_ctl_axi/u_efx_ddr3_soft_controller/genblk1.inst_ddr3_axi/inst_efx_ddr3/top_mc/fifo_rd/xefx_fifo_ctl/async_clk.wr2rd_addr_sync/async_reg[0][3]~FF
INFO     :  ddr3_ctl_axi/u_efx_ddr3_soft_controller/genblk1.inst_ddr3_axi/inst_efx_ddr3/top_mc/fifo_rd/xefx_fifo_ctl/async_clk.waddr_cntr_gry_sync[3]~FF
INFO     : 	Synchronizer 182: 
INFO     :  ddr3_ctl_axi/u_efx_ddr3_soft_controller/genblk1.inst_ddr3_axi/inst_efx_ddr3/top_mc/controller_main/bram_u1/u_efx_fifo_top/xefx_fifo_ctl/async_clk.wr2rd_addr_sync/async_reg[0][4]~FF
INFO     :  ddr3_ctl_axi/u_efx_ddr3_soft_controller/genblk1.inst_ddr3_axi/inst_efx_ddr3/top_mc/controller_main/bram_u1/u_efx_fifo_top/xefx_fifo_ctl/async_clk.waddr_cntr_gry_sync[4]~FF
INFO     : 	Synchronizer 183: 
INFO     :  ddr3_ctl_axi/u_efx_ddr3_soft_controller/genblk1.inst_ddr3_axi/inst_efx_ddr3/top_mc/controller_main/bram_u1/u_efx_fifo_top/xefx_fifo_ctl/async_clk.wr2rd_addr_sync/async_reg[0][2]~FF
INFO     :  ddr3_ctl_axi/u_efx_ddr3_soft_controller/genblk1.inst_ddr3_axi/inst_efx_ddr3/top_mc/controller_main/bram_u1/u_efx_fifo_top/xefx_fifo_ctl/async_clk.waddr_cntr_gry_sync[2]~FF
INFO     : Using optimization level TIMING_1 in qplacer to set options
INFO     : Starting Global Placer with 32 threads ...
            ----------     -------  --------------     -------
             Iteration       WHPWL Worst Slack (ps) Convergence
            ----------     -------  --------------     -------
INFO     :           1      925888             246         3.7%
INFO     :           2      585101             246         7.2%
INFO     :           3      447615             246        10.8%
INFO     :           4      332491             246        18.4%
INFO     :           5      274988             246        26.9%
INFO     :           6      239648             246        33.7%
INFO     :           7      220175             246        40.1%
INFO     :           8      206677             246        44.4%
INFO     :           9      199371             172        50.1%
INFO     :          10      192488             246        55.1%
INFO     :          11      188308             246        60.3%
INFO     :          12      183498             172        66.5%
INFO     :          13      182826             198        70.7%
INFO     :          14      182029             111        72.0%
INFO     :          15      179963             198        73.4%
INFO     :          16      179274             114        74.1%
INFO     :          17      178967             114        75.2%
INFO     :          18      179560             198        76.9%
INFO     :          19      179405             181        77.7%
INFO     :          20      177556             190        80.1%
INFO     :          21      177414             181        80.9%
INFO     :          22      175544             198        83.0%
INFO     :          23      175842             198        83.9%
INFO     :          24      175002             114        85.6%
INFO     :          25      174701             198        87.1%
INFO     :          26      174761             190        87.9%
INFO     :          27      174461             190        88.6%
INFO     :          28      174674             190        89.6%
INFO     :          29      174666             114        90.3%
INFO     :          30      174413             111        91.2%
INFO     :          31      174704             111        91.7%
INFO     :          32      174338             190        92.7%
INFO     :          33      174135             114        93.8%
INFO     :          34      174665              97        94.4%
INFO     :          35      174937             111        95.2%
INFO     :          36      169371              97        97.3%
INFO     :          37      169878              97        97.8%
INFO     :          38      170590              97        99.0%
INFO     :          39      170826              97        99.1%
INFO     :          40      171037              90        99.3%
INFO     :          41      171370              58        99.4%
INFO     :          42      171568              58        99.7%
INFO     : Starting Annealer
            ----------     -------  --------------     -------
             Iteration       WHPWL  Delay Max (ps)     R Limit
            ----------     -------  --------------     -------
INFO     :           0       74039             444        30.0
INFO     :           1       98495            2666        90.0
INFO     :           2      114764            2922        90.0
INFO     :           3       99588             403        90.0
INFO     :           4       89035             403        24.0
INFO     :           5       81918             350        22.4
INFO     :           6       76280             343        21.0
INFO     :           7       72734             343        19.5
INFO     :           8       71073             314        18.2
INFO     :           9       69439             314        16.8
INFO     :          10       68597             314        15.6
INFO     :          11       66497             304        14.3
INFO     :          12       66019             304        13.2
INFO     :          13       65288             304        12.2
INFO     :          14       64508             304        11.2
INFO     :          15       63725             304        10.3
INFO     :          16       63489             304         9.5
INFO     :          17       63010             304         8.7
INFO     :          18       62113             304         8.0
INFO     :          19       61452             304         7.3
INFO     :          20       61091             304         6.7
INFO     :          21       60517             304         6.1
INFO     :          22       60307             304         5.6
INFO     :          23       60118             304         5.2
INFO     :          24       59556             304         4.7
INFO     :          25       59182             304         4.3
INFO     :          26       58843             304         4.0
INFO     :          27       58758             304         3.6
INFO     :          28       58501             304         3.3
INFO     :          29       58303             304         3.0
INFO     :          30       58211             304         2.8
INFO     :          31       58310             304         2.5
INFO     :          32       57938             304         2.3
INFO     :          33       57836             304         2.1
INFO     :          34       57933             304         2.0
INFO     :          35       57926             304         1.8
INFO     :          36       57882             304         1.6
INFO     :          37       57933             304         1.5
INFO     :          38       57745             304         1.4
INFO     :          39       57533             304         1.3
INFO     :          40       57610             304         1.1
INFO     :          41       57510             304         1.0
INFO     : Counted delay computer calls: 101089
Placement successful: 9121 cells are placed
INFO     : Peak congestion smeared over 1/4 of the chip is 0.274801 at 150,64
INFO     : Congestion-weighted HPWL per net: 11.8338
INFO     : Post-placement cluster-level checks is successful
INFO     : Checks is successful
INFO     : Placement took 19.373 seconds.
INFO     : 	Placement took 38.4062 seconds (approximately) in total CPU time.
INFO     : Placement virtual memory usage: begin = 133.424 MB, end = 290.324 MB, delta = 156.9 MB
INFO     : 	Placement peak virtual memory usage = 569.16 MB
INFO     : Placement resident set memory usage: begin = 151.632 MB, end = 300.52 MB, delta = 148.888 MB
INFO     : 	Placement peak resident set memory usage = 587.456 MB
INFO     : Post-placement primitive-level checks is successful
WARNING  : [SDC D:/yilingsi_fpga/Efinity_Project/Ti60F225_OV5640_Sobel_Stable/Ti60_Demo.pt.sdc:14] No valid object(s) found for 'dsi_refclk_i'
WARNING  : [SDC D:/yilingsi_fpga/Efinity_Project/Ti60F225_OV5640_Sobel_Stable/Ti60_Demo.pt.sdc:14] No valid pin(s) found for clock
WARNING  : [SDC D:/yilingsi_fpga/Efinity_Project/Ti60F225_OV5640_Sobel_Stable/Ti60_Demo.pt.sdc:14] Unable to run 'create_clock' constraint due to warnings found
WARNING  : [SDC D:/yilingsi_fpga/Efinity_Project/Ti60F225_OV5640_Sobel_Stable/Ti60_Demo.pt.sdc:24] No valid object(s) found for 'clk_pixel_2x'
WARNING  : [SDC D:/yilingsi_fpga/Efinity_Project/Ti60F225_OV5640_Sobel_Stable/Ti60_Demo.pt.sdc:24] No valid pin(s) found for clock
WARNING  : [SDC D:/yilingsi_fpga/Efinity_Project/Ti60F225_OV5640_Sobel_Stable/Ti60_Demo.pt.sdc:24] Unable to run 'create_clock' constraint due to warnings found
WARNING  : [SDC D:/yilingsi_fpga/Efinity_Project/Ti60F225_OV5640_Sobel_Stable/Ti60_Demo.pt.sdc:29] No valid object(s) found for 'clk_54m'
WARNING  : [SDC D:/yilingsi_fpga/Efinity_Project/Ti60F225_OV5640_Sobel_Stable/Ti60_Demo.pt.sdc:29] No valid pin(s) found for clock
WARNING  : [SDC D:/yilingsi_fpga/Efinity_Project/Ti60F225_OV5640_Sobel_Stable/Ti60_Demo.pt.sdc:29] Unable to run 'create_clock' constraint due to warnings found
WARNING  : No ports matched 'csi_rxc_i'
WARNING  : [SDC D:/yilingsi_fpga/Efinity_Project/Ti60F225_OV5640_Sobel_Stable/Ti60_Demo.pt.sdc:33] No valid pin(s) found for clock
WARNING  : [SDC D:/yilingsi_fpga/Efinity_Project/Ti60F225_OV5640_Sobel_Stable/Ti60_Demo.pt.sdc:33] Unable to run 'create_clock' constraint due to warnings found
WARNING  : [SDC D:/yilingsi_fpga/Efinity_Project/Ti60F225_OV5640_Sobel_Stable/Ti60_Demo.pt.sdc:35] set_clock_groups: Defaulting to -exclusive since none of the required option was specified
WARNING  : No clocks matched 'csi_rxc_i'
WARNING  : No clocks matched 'csi_rxc_i'
WARNING  : No ports matched 'i_dqs_n_hi[0]'
WARNING  : No ports matched 'i_dqs_n_lo[0]'
WARNING  : [SDC D:/yilingsi_fpga/Efinity_Project/Ti60F225_OV5640_Sobel_Stable/Ti60_Demo.pt.sdc:341] set_input_delay: No valid input port(s) found
WARNING  : [SDC D:/yilingsi_fpga/Efinity_Project/Ti60F225_OV5640_Sobel_Stable/Ti60_Demo.pt.sdc:341] Unable to run 'set_input_delay' constraint due to warnings found
WARNING  : No ports matched 'i_dqs_n_hi[0]'
WARNING  : No ports matched 'i_dqs_n_lo[0]'
WARNING  : [SDC D:/yilingsi_fpga/Efinity_Project/Ti60F225_OV5640_Sobel_Stable/Ti60_Demo.pt.sdc:342] set_input_delay: No valid input port(s) found
WARNING  : [SDC D:/yilingsi_fpga/Efinity_Project/Ti60F225_OV5640_Sobel_Stable/Ti60_Demo.pt.sdc:342] Unable to run 'set_input_delay' constraint due to warnings found
WARNING  : No ports matched 'i_dqs_n_lo[1]'
WARNING  : No ports matched 'i_dqs_n_hi[1]'
WARNING  : [SDC D:/yilingsi_fpga/Efinity_Project/Ti60F225_OV5640_Sobel_Stable/Ti60_Demo.pt.sdc:347] set_input_delay: No valid input port(s) found
WARNING  : [SDC D:/yilingsi_fpga/Efinity_Project/Ti60F225_OV5640_Sobel_Stable/Ti60_Demo.pt.sdc:347] Unable to run 'set_input_delay' constraint due to warnings found
WARNING  : No ports matched 'i_dqs_n_hi[1]'
WARNING  : No ports matched 'i_dqs_n_lo[1]'
WARNING  : [SDC D:/yilingsi_fpga/Efinity_Project/Ti60F225_OV5640_Sobel_Stable/Ti60_Demo.pt.sdc:348] set_input_delay: No valid input port(s) found
WARNING  : [SDC D:/yilingsi_fpga/Efinity_Project/Ti60F225_OV5640_Sobel_Stable/Ti60_Demo.pt.sdc:348] Unable to run 'set_input_delay' constraint due to warnings found
WARNING  : No ports matched 'csi_rxc_i~CLKOUT~218~278'
WARNING  : No ports matched 'csi_rxd0_fifo_rd_o'
WARNING  : [SDC D:/yilingsi_fpga/Efinity_Project/Ti60F225_OV5640_Sobel_Stable/Ti60_Demo.pt.sdc:576] No clocks matched 'csi_rxc_i'
WARNING  : [SDC D:/yilingsi_fpga/Efinity_Project/Ti60F225_OV5640_Sobel_Stable/Ti60_Demo.pt.sdc:576] set_output_delay: No valid clock found for -clock
WARNING  : [SDC D:/yilingsi_fpga/Efinity_Project/Ti60F225_OV5640_Sobel_Stable/Ti60_Demo.pt.sdc:576] Unable to run 'set_output_delay' constraint due to warnings found
WARNING  : No ports matched 'csi_rxc_i~CLKOUT~218~278'
WARNING  : No ports matched 'csi_rxd0_fifo_rd_o'
WARNING  : [SDC D:/yilingsi_fpga/Efinity_Project/Ti60F225_OV5640_Sobel_Stable/Ti60_Demo.pt.sdc:577] No clocks matched 'csi_rxc_i'
WARNING  : [SDC D:/yilingsi_fpga/Efinity_Project/Ti60F225_OV5640_Sobel_Stable/Ti60_Demo.pt.sdc:577] set_output_delay: No valid clock found for -clock
WARNING  : [SDC D:/yilingsi_fpga/Efinity_Project/Ti60F225_OV5640_Sobel_Stable/Ti60_Demo.pt.sdc:577] Unable to run 'set_output_delay' constraint due to warnings found
WARNING  : No ports matched 'csi_rxc_i~CLKOUT~218~278'
WARNING  : [SDC D:/yilingsi_fpga/Efinity_Project/Ti60F225_OV5640_Sobel_Stable/Ti60_Demo.pt.sdc:578] No clocks matched 'csi_rxc_i'
WARNING  : [SDC D:/yilingsi_fpga/Efinity_Project/Ti60F225_OV5640_Sobel_Stable/Ti60_Demo.pt.sdc:578] set_output_delay: No valid clock found for -clock
WARNING  : [SDC D:/yilingsi_fpga/Efinity_Project/Ti60F225_OV5640_Sobel_Stable/Ti60_Demo.pt.sdc:578] Unable to run 'set_output_delay' constraint due to warnings found
WARNING  : No ports matched 'csi_rxc_i~CLKOUT~218~278'
WARNING  : [SDC D:/yilingsi_fpga/Efinity_Project/Ti60F225_OV5640_Sobel_Stable/Ti60_Demo.pt.sdc:579] No clocks matched 'csi_rxc_i'
WARNING  : [SDC D:/yilingsi_fpga/Efinity_Project/Ti60F225_OV5640_Sobel_Stable/Ti60_Demo.pt.sdc:579] set_output_delay: No valid clock found for -clock
WARNING  : [SDC D:/yilingsi_fpga/Efinity_Project/Ti60F225_OV5640_Sobel_Stable/Ti60_Demo.pt.sdc:579] Unable to run 'set_output_delay' constraint due to warnings found
WARNING  : No ports matched 'csi_rxc_i~CLKOUT~218~278'
WARNING  : No ports matched 'csi_rxd0_fifo_empty_i'
WARNING  : [SDC D:/yilingsi_fpga/Efinity_Project/Ti60F225_OV5640_Sobel_Stable/Ti60_Demo.pt.sdc:580] No clocks matched 'csi_rxc_i'
WARNING  : [SDC D:/yilingsi_fpga/Efinity_Project/Ti60F225_OV5640_Sobel_Stable/Ti60_Demo.pt.sdc:580] set_input_delay: No valid clock found for -clock
WARNING  : [SDC D:/yilingsi_fpga/Efinity_Project/Ti60F225_OV5640_Sobel_Stable/Ti60_Demo.pt.sdc:580] Unable to run 'set_input_delay' constraint due to warnings found
WARNING  : No ports matched 'csi_rxc_i~CLKOUT~218~278'
WARNING  : No ports matched 'csi_rxd0_fifo_empty_i'
WARNING  : [SDC D:/yilingsi_fpga/Efinity_Project/Ti60F225_OV5640_Sobel_Stable/Ti60_Demo.pt.sdc:581] No clocks matched 'csi_rxc_i'
WARNING  : [SDC D:/yilingsi_fpga/Efinity_Project/Ti60F225_OV5640_Sobel_Stable/Ti60_Demo.pt.sdc:581] set_input_delay: No valid clock found for -clock
WARNING  : [SDC D:/yilingsi_fpga/Efinity_Project/Ti60F225_OV5640_Sobel_Stable/Ti60_Demo.pt.sdc:581] Unable to run 'set_input_delay' constraint due to warnings found
WARNING  : No ports matched 'csi_rxc_i~CLKOUT~218~278'
WARNING  : No ports matched 'csi_rxd0_hs_i[*]'
WARNING  : [SDC D:/yilingsi_fpga/Efinity_Project/Ti60F225_OV5640_Sobel_Stable/Ti60_Demo.pt.sdc:582] No clocks matched 'csi_rxc_i'
WARNING  : [SDC D:/yilingsi_fpga/Efinity_Project/Ti60F225_OV5640_Sobel_Stable/Ti60_Demo.pt.sdc:582] set_input_delay: No valid clock found for -clock
WARNING  : [SDC D:/yilingsi_fpga/Efinity_Project/Ti60F225_OV5640_Sobel_Stable/Ti60_Demo.pt.sdc:582] Unable to run 'set_input_delay' constraint due to warnings found
WARNING  : No ports matched 'csi_rxc_i~CLKOUT~218~278'
WARNING  : No ports matched 'csi_rxd0_hs_i[*]'
WARNING  : [SDC D:/yilingsi_fpga/Efinity_Project/Ti60F225_OV5640_Sobel_Stable/Ti60_Demo.pt.sdc:583] No clocks matched 'csi_rxc_i'
WARNING  : [SDC D:/yilingsi_fpga/Efinity_Project/Ti60F225_OV5640_Sobel_Stable/Ti60_Demo.pt.sdc:583] set_input_delay: No valid clock found for -clock
WARNING  : [SDC D:/yilingsi_fpga/Efinity_Project/Ti60F225_OV5640_Sobel_Stable/Ti60_Demo.pt.sdc:583] Unable to run 'set_input_delay' constraint due to warnings found
WARNING  : No ports matched 'csi_rxc_i~CLKOUT~218~294'
WARNING  : No ports matched 'csi_rxd1_fifo_rd_o'
WARNING  : [SDC D:/yilingsi_fpga/Efinity_Project/Ti60F225_OV5640_Sobel_Stable/Ti60_Demo.pt.sdc:584] No clocks matched 'csi_rxc_i'
WARNING  : [SDC D:/yilingsi_fpga/Efinity_Project/Ti60F225_OV5640_Sobel_Stable/Ti60_Demo.pt.sdc:584] set_output_delay: No valid clock found for -clock
WARNING  : [SDC D:/yilingsi_fpga/Efinity_Project/Ti60F225_OV5640_Sobel_Stable/Ti60_Demo.pt.sdc:584] Unable to run 'set_output_delay' constraint due to warnings found
WARNING  : No ports matched 'csi_rxc_i~CLKOUT~218~294'
WARNING  : No ports matched 'csi_rxd1_fifo_rd_o'
WARNING  : [SDC D:/yilingsi_fpga/Efinity_Project/Ti60F225_OV5640_Sobel_Stable/Ti60_Demo.pt.sdc:585] No clocks matched 'csi_rxc_i'
WARNING  : [SDC D:/yilingsi_fpga/Efinity_Project/Ti60F225_OV5640_Sobel_Stable/Ti60_Demo.pt.sdc:585] set_output_delay: No valid clock found for -clock
WARNING  : [SDC D:/yilingsi_fpga/Efinity_Project/Ti60F225_OV5640_Sobel_Stable/Ti60_Demo.pt.sdc:585] Unable to run 'set_output_delay' constraint due to warnings found
WARNING  : No ports matched 'csi_rxc_i~CLKOUT~218~294'
WARNING  : [SDC D:/yilingsi_fpga/Efinity_Project/Ti60F225_OV5640_Sobel_Stable/Ti60_Demo.pt.sdc:586] No clocks matched 'csi_rxc_i'
WARNING  : [SDC D:/yilingsi_fpga/Efinity_Project/Ti60F225_OV5640_Sobel_Stable/Ti60_Demo.pt.sdc:586] set_output_delay: No valid clock found for -clock
WARNING  : [SDC D:/yilingsi_fpga/Efinity_Project/Ti60F225_OV5640_Sobel_Stable/Ti60_Demo.pt.sdc:586] Unable to run 'set_output_delay' constraint due to warnings found
WARNING  : No ports matched 'csi_rxc_i~CLKOUT~218~294'
WARNING  : [SDC D:/yilingsi_fpga/Efinity_Project/Ti60F225_OV5640_Sobel_Stable/Ti60_Demo.pt.sdc:587] No clocks matched 'csi_rxc_i'
WARNING  : [SDC D:/yilingsi_fpga/Efinity_Project/Ti60F225_OV5640_Sobel_Stable/Ti60_Demo.pt.sdc:587] set_output_delay: No valid clock found for -clock
WARNING  : [SDC D:/yilingsi_fpga/Efinity_Project/Ti60F225_OV5640_Sobel_Stable/Ti60_Demo.pt.sdc:587] Unable to run 'set_output_delay' constraint due to warnings found
WARNING  : No ports matched 'csi_rxc_i~CLKOUT~218~294'
WARNING  : No ports matched 'csi_rxd1_fifo_empty_i'
WARNING  : [SDC D:/yilingsi_fpga/Efinity_Project/Ti60F225_OV5640_Sobel_Stable/Ti60_Demo.pt.sdc:588] No clocks matched 'csi_rxc_i'
WARNING  : [SDC D:/yilingsi_fpga/Efinity_Project/Ti60F225_OV5640_Sobel_Stable/Ti60_Demo.pt.sdc:588] set_input_delay: No valid clock found for -clock
WARNING  : [SDC D:/yilingsi_fpga/Efinity_Project/Ti60F225_OV5640_Sobel_Stable/Ti60_Demo.pt.sdc:588] Unable to run 'set_input_delay' constraint due to warnings found
WARNING  : No ports matched 'csi_rxc_i~CLKOUT~218~294'
WARNING  : No ports matched 'csi_rxd1_fifo_empty_i'
WARNING  : [SDC D:/yilingsi_fpga/Efinity_Project/Ti60F225_OV5640_Sobel_Stable/Ti60_Demo.pt.sdc:589] No clocks matched 'csi_rxc_i'
WARNING  : [SDC D:/yilingsi_fpga/Efinity_Project/Ti60F225_OV5640_Sobel_Stable/Ti60_Demo.pt.sdc:589] set_input_delay: No valid clock found for -clock
WARNING  : [SDC D:/yilingsi_fpga/Efinity_Project/Ti60F225_OV5640_Sobel_Stable/Ti60_Demo.pt.sdc:589] Unable to run 'set_input_delay' constraint due to warnings found
WARNING  : No ports matched 'csi_rxc_i~CLKOUT~218~294'
WARNING  : No ports matched 'csi_rxd1_hs_i[*]'
WARNING  : [SDC D:/yilingsi_fpga/Efinity_Project/Ti60F225_OV5640_Sobel_Stable/Ti60_Demo.pt.sdc:590] No clocks matched 'csi_rxc_i'
WARNING  : [SDC D:/yilingsi_fpga/Efinity_Project/Ti60F225_OV5640_Sobel_Stable/Ti60_Demo.pt.sdc:590] set_input_delay: No valid clock found for -clock
WARNING  : [SDC D:/yilingsi_fpga/Efinity_Project/Ti60F225_OV5640_Sobel_Stable/Ti60_Demo.pt.sdc:590] Unable to run 'set_input_delay' constraint due to warnings found
WARNING  : No ports matched 'csi_rxc_i~CLKOUT~218~294'
WARNING  : No ports matched 'csi_rxd1_hs_i[*]'
WARNING  : [SDC D:/yilingsi_fpga/Efinity_Project/Ti60F225_OV5640_Sobel_Stable/Ti60_Demo.pt.sdc:591] No clocks matched 'csi_rxc_i'
WARNING  : [SDC D:/yilingsi_fpga/Efinity_Project/Ti60F225_OV5640_Sobel_Stable/Ti60_Demo.pt.sdc:591] set_input_delay: No valid clock found for -clock
WARNING  : [SDC D:/yilingsi_fpga/Efinity_Project/Ti60F225_OV5640_Sobel_Stable/Ti60_Demo.pt.sdc:591] Unable to run 'set_input_delay' constraint due to warnings found
WARNING  : No ports matched 'csi_rxc_i~CLKOUT~218~245'
WARNING  : No ports matched 'csi_rxd2_fifo_rd_o'
WARNING  : [SDC D:/yilingsi_fpga/Efinity_Project/Ti60F225_OV5640_Sobel_Stable/Ti60_Demo.pt.sdc:592] No clocks matched 'csi_rxc_i'
WARNING  : [SDC D:/yilingsi_fpga/Efinity_Project/Ti60F225_OV5640_Sobel_Stable/Ti60_Demo.pt.sdc:592] set_output_delay: No valid clock found for -clock
WARNING  : [SDC D:/yilingsi_fpga/Efinity_Project/Ti60F225_OV5640_Sobel_Stable/Ti60_Demo.pt.sdc:592] Unable to run 'set_output_delay' constraint due to warnings found
WARNING  : No ports matched 'csi_rxc_i~CLKOUT~218~245'
WARNING  : No ports matched 'csi_rxd2_fifo_rd_o'
WARNING  : [SDC D:/yilingsi_fpga/Efinity_Project/Ti60F225_OV5640_Sobel_Stable/Ti60_Demo.pt.sdc:593] No clocks matched 'csi_rxc_i'
WARNING  : [SDC D:/yilingsi_fpga/Efinity_Project/Ti60F225_OV5640_Sobel_Stable/Ti60_Demo.pt.sdc:593] set_output_delay: No valid clock found for -clock
WARNING  : [SDC D:/yilingsi_fpga/Efinity_Project/Ti60F225_OV5640_Sobel_Stable/Ti60_Demo.pt.sdc:593] Unable to run 'set_output_delay' constraint due to warnings found
WARNING  : No ports matched 'csi_rxc_i~CLKOUT~218~245'
WARNING  : [SDC D:/yilingsi_fpga/Efinity_Project/Ti60F225_OV5640_Sobel_Stable/Ti60_Demo.pt.sdc:594] No clocks matched 'csi_rxc_i'
WARNING  : [SDC D:/yilingsi_fpga/Efinity_Project/Ti60F225_OV5640_Sobel_Stable/Ti60_Demo.pt.sdc:594] set_output_delay: No valid clock found for -clock
WARNING  : [SDC D:/yilingsi_fpga/Efinity_Project/Ti60F225_OV5640_Sobel_Stable/Ti60_Demo.pt.sdc:594] Unable to run 'set_output_delay' constraint due to warnings found
WARNING  : No ports matched 'csi_rxc_i~CLKOUT~218~245'
WARNING  : [SDC D:/yilingsi_fpga/Efinity_Project/Ti60F225_OV5640_Sobel_Stable/Ti60_Demo.pt.sdc:595] No clocks matched 'csi_rxc_i'
WARNING  : [SDC D:/yilingsi_fpga/Efinity_Project/Ti60F225_OV5640_Sobel_Stable/Ti60_Demo.pt.sdc:595] set_output_delay: No valid clock found for -clock
WARNING  : [SDC D:/yilingsi_fpga/Efinity_Project/Ti60F225_OV5640_Sobel_Stable/Ti60_Demo.pt.sdc:595] Unable to run 'set_output_delay' constraint due to warnings found
WARNING  : No ports matched 'csi_rxc_i~CLKOUT~218~245'
WARNING  : No ports matched 'csi_rxd2_fifo_empty_i'
WARNING  : [SDC D:/yilingsi_fpga/Efinity_Project/Ti60F225_OV5640_Sobel_Stable/Ti60_Demo.pt.sdc:596] No clocks matched 'csi_rxc_i'
WARNING  : [SDC D:/yilingsi_fpga/Efinity_Project/Ti60F225_OV5640_Sobel_Stable/Ti60_Demo.pt.sdc:596] set_input_delay: No valid clock found for -clock
WARNING  : [SDC D:/yilingsi_fpga/Efinity_Project/Ti60F225_OV5640_Sobel_Stable/Ti60_Demo.pt.sdc:596] Unable to run 'set_input_delay' constraint due to warnings found
WARNING  : No ports matched 'csi_rxc_i~CLKOUT~218~245'
WARNING  : No ports matched 'csi_rxd2_fifo_empty_i'
WARNING  : [SDC D:/yilingsi_fpga/Efinity_Project/Ti60F225_OV5640_Sobel_Stable/Ti60_Demo.pt.sdc:597] No clocks matched 'csi_rxc_i'
WARNING  : [SDC D:/yilingsi_fpga/Efinity_Project/Ti60F225_OV5640_Sobel_Stable/Ti60_Demo.pt.sdc:597] set_input_delay: No valid clock found for -clock
WARNING  : [SDC D:/yilingsi_fpga/Efinity_Project/Ti60F225_OV5640_Sobel_Stable/Ti60_Demo.pt.sdc:597] Unable to run 'set_input_delay' constraint due to warnings found
WARNING  : No ports matched 'csi_rxc_i~CLKOUT~218~245'
WARNING  : No ports matched 'csi_rxd2_hs_i[*]'
WARNING  : [SDC D:/yilingsi_fpga/Efinity_Project/Ti60F225_OV5640_Sobel_Stable/Ti60_Demo.pt.sdc:598] No clocks matched 'csi_rxc_i'
WARNING  : [SDC D:/yilingsi_fpga/Efinity_Project/Ti60F225_OV5640_Sobel_Stable/Ti60_Demo.pt.sdc:598] set_input_delay: No valid clock found for -clock
WARNING  : [SDC D:/yilingsi_fpga/Efinity_Project/Ti60F225_OV5640_Sobel_Stable/Ti60_Demo.pt.sdc:598] Unable to run 'set_input_delay' constraint due to warnings found
WARNING  : No ports matched 'csi_rxc_i~CLKOUT~218~245'
WARNING  : No ports matched 'csi_rxd2_hs_i[*]'
WARNING  : [SDC D:/yilingsi_fpga/Efinity_Project/Ti60F225_OV5640_Sobel_Stable/Ti60_Demo.pt.sdc:599] No clocks matched 'csi_rxc_i'
WARNING  : [SDC D:/yilingsi_fpga/Efinity_Project/Ti60F225_OV5640_Sobel_Stable/Ti60_Demo.pt.sdc:599] set_input_delay: No valid clock found for -clock
WARNING  : [SDC D:/yilingsi_fpga/Efinity_Project/Ti60F225_OV5640_Sobel_Stable/Ti60_Demo.pt.sdc:599] Unable to run 'set_input_delay' constraint due to warnings found
WARNING  : No ports matched 'csi_rxc_i~CLKOUT~218~255'
WARNING  : No ports matched 'csi_rxd3_fifo_rd_o'
WARNING  : [SDC D:/yilingsi_fpga/Efinity_Project/Ti60F225_OV5640_Sobel_Stable/Ti60_Demo.pt.sdc:600] No clocks matched 'csi_rxc_i'
WARNING  : [SDC D:/yilingsi_fpga/Efinity_Project/Ti60F225_OV5640_Sobel_Stable/Ti60_Demo.pt.sdc:600] set_output_delay: No valid clock found for -clock
WARNING  : [SDC D:/yilingsi_fpga/Efinity_Project/Ti60F225_OV5640_Sobel_Stable/Ti60_Demo.pt.sdc:600] Unable to run 'set_output_delay' constraint due to warnings found
WARNING  : No ports matched 'csi_rxc_i~CLKOUT~218~255'
WARNING  : No ports matched 'csi_rxd3_fifo_rd_o'
WARNING  : [SDC D:/yilingsi_fpga/Efinity_Project/Ti60F225_OV5640_Sobel_Stable/Ti60_Demo.pt.sdc:601] No clocks matched 'csi_rxc_i'
WARNING  : [SDC D:/yilingsi_fpga/Efinity_Project/Ti60F225_OV5640_Sobel_Stable/Ti60_Demo.pt.sdc:601] set_output_delay: No valid clock found for -clock
WARNING  : [SDC D:/yilingsi_fpga/Efinity_Project/Ti60F225_OV5640_Sobel_Stable/Ti60_Demo.pt.sdc:601] Unable to run 'set_output_delay' constraint due to warnings found
WARNING  : No ports matched 'csi_rxc_i~CLKOUT~218~255'
WARNING  : [SDC D:/yilingsi_fpga/Efinity_Project/Ti60F225_OV5640_Sobel_Stable/Ti60_Demo.pt.sdc:602] No clocks matched 'csi_rxc_i'
WARNING  : [SDC D:/yilingsi_fpga/Efinity_Project/Ti60F225_OV5640_Sobel_Stable/Ti60_Demo.pt.sdc:602] set_output_delay: No valid clock found for -clock
WARNING  : [SDC D:/yilingsi_fpga/Efinity_Project/Ti60F225_OV5640_Sobel_Stable/Ti60_Demo.pt.sdc:602] Unable to run 'set_output_delay' constraint due to warnings found
WARNING  : No ports matched 'csi_rxc_i~CLKOUT~218~255'
WARNING  : [SDC D:/yilingsi_fpga/Efinity_Project/Ti60F225_OV5640_Sobel_Stable/Ti60_Demo.pt.sdc:603] No clocks matched 'csi_rxc_i'
WARNING  : [SDC D:/yilingsi_fpga/Efinity_Project/Ti60F225_OV5640_Sobel_Stable/Ti60_Demo.pt.sdc:603] set_output_delay: No valid clock found for -clock
WARNING  : [SDC D:/yilingsi_fpga/Efinity_Project/Ti60F225_OV5640_Sobel_Stable/Ti60_Demo.pt.sdc:603] Unable to run 'set_output_delay' constraint due to warnings found
WARNING  : No ports matched 'csi_rxc_i~CLKOUT~218~255'
WARNING  : No ports matched 'csi_rxd3_fifo_empty_i'
WARNING  : [SDC D:/yilingsi_fpga/Efinity_Project/Ti60F225_OV5640_Sobel_Stable/Ti60_Demo.pt.sdc:604] No clocks matched 'csi_rxc_i'
WARNING  : [SDC D:/yilingsi_fpga/Efinity_Project/Ti60F225_OV5640_Sobel_Stable/Ti60_Demo.pt.sdc:604] set_input_delay: No valid clock found for -clock
WARNING  : [SDC D:/yilingsi_fpga/Efinity_Project/Ti60F225_OV5640_Sobel_Stable/Ti60_Demo.pt.sdc:604] Unable to run 'set_input_delay' constraint due to warnings found
WARNING  : No ports matched 'csi_rxc_i~CLKOUT~218~255'
WARNING  : No ports matched 'csi_rxd3_fifo_empty_i'
WARNING  : [SDC D:/yilingsi_fpga/Efinity_Project/Ti60F225_OV5640_Sobel_Stable/Ti60_Demo.pt.sdc:605] No clocks matched 'csi_rxc_i'
WARNING  : [SDC D:/yilingsi_fpga/Efinity_Project/Ti60F225_OV5640_Sobel_Stable/Ti60_Demo.pt.sdc:605] set_input_delay: No valid clock found for -clock
WARNING  : [SDC D:/yilingsi_fpga/Efinity_Project/Ti60F225_OV5640_Sobel_Stable/Ti60_Demo.pt.sdc:605] Unable to run 'set_input_delay' constraint due to warnings found
WARNING  : No ports matched 'csi_rxc_i~CLKOUT~218~255'
WARNING  : No ports matched 'csi_rxd3_hs_i[*]'
WARNING  : [SDC D:/yilingsi_fpga/Efinity_Project/Ti60F225_OV5640_Sobel_Stable/Ti60_Demo.pt.sdc:606] No clocks matched 'csi_rxc_i'
WARNING  : [SDC D:/yilingsi_fpga/Efinity_Project/Ti60F225_OV5640_Sobel_Stable/Ti60_Demo.pt.sdc:606] set_input_delay: No valid clock found for -clock
WARNING  : [SDC D:/yilingsi_fpga/Efinity_Project/Ti60F225_OV5640_Sobel_Stable/Ti60_Demo.pt.sdc:606] Unable to run 'set_input_delay' constraint due to warnings found
WARNING  : No ports matched 'csi_rxc_i~CLKOUT~218~255'
WARNING  : No ports matched 'csi_rxd3_hs_i[*]'
WARNING  : [SDC D:/yilingsi_fpga/Efinity_Project/Ti60F225_OV5640_Sobel_Stable/Ti60_Demo.pt.sdc:607] No clocks matched 'csi_rxc_i'
WARNING  : [SDC D:/yilingsi_fpga/Efinity_Project/Ti60F225_OV5640_Sobel_Stable/Ti60_Demo.pt.sdc:607] set_input_delay: No valid clock found for -clock
WARNING  : [SDC D:/yilingsi_fpga/Efinity_Project/Ti60F225_OV5640_Sobel_Stable/Ti60_Demo.pt.sdc:607] Unable to run 'set_input_delay' constraint due to warnings found
INFO     : ~~~~~~~~~~~~~~~~~~~~~~~~~~~~~~~~~~~~~~~~~~~~~~~~~~~~~~~~~~~~~~~~~~~~~~~~~~~~~~~~
INFO     : Router Setup
INFO     : ~~~~~~~~~~~~~~~~~~~~~~~~~~~~~~~~~~~~~~~~~~~~~~~~~~~~~~~~~~~~~~~~~~~~~~~~~~~~~~~~
INFO     : [Setup Parallel Routing Scheduler]
INFO     : ~~~~~~~~~~~~~~~~~~~~~~~~~~~~~~~~~~~~~~~~~~~~~~~~~~~~~~~~~~~~~~~~~~~~~~~~~~~~~~~~
INFO     : Route Circuit with 32 threads
INFO     : ~~~~~~~~~~~~~~~~~~~~~~~~~~~~~~~~~~~~~~~~~~~~~~~~~~~~~~~~~~~~~~~~~~~~~~~~~~~~~~~~
INFO     : Beneficial skew enabled! Optimizing clock skews ... 
INFO     : Non-legalized beneficial skew improved geomean CPD by 0.00% (from 2966ps to 2966ps)
INFO     : CSS improved CPD of clock tdqss_clk by 0.00% (from 1955ps to 1955ps)
INFO     : CSS improved CPD of clock core_clk by 0.00% (from 3820ps to 3820ps)
INFO     : CSS improved CPD of clock tac_clk by 0.00% (from 1836ps to 1836ps)
INFO     : CSS improved CPD of clock twd_clk by -3.00% (from 1901ps to 1958ps)
INFO     : CSS improved CPD of clock clk_sys by 0.00% (from 5402ps to 5402ps)
INFO     : CSS improved CPD of clock clk_pixel by 0.00% (from 4910ps to 4910ps)
INFO     : CSS improved CPD of clock cmos_pclk by 0.00% (from 2927ps to 2927ps)
INFO     : Discretized beneficial skew improved geomean CPD by -0.44% (from 2966ps to 2979ps in 4 iterations and 0.2 sec)
INFO     : ~~~~~~~~~~~~~~~~~~~~~~~~~~~~~~~~~~~~~~~~~~~~~~~~~~~~~~~~~~~~~~~~~~~~~~~~~~~~~~~~
INFO     : Overridding delay budgets for 364 synchronizer-related pins

INFO     : Iter  1: overlap=11249   heapops=1668996    (0%) cpd=236   frr=1.00  msec=666
INFO     : [Setup Delay Budgets | 109.4 ms]
INFO     : ~~~~~~~~~~~~~~~~~~~~~~~~~~~~~~~~~~~~~~~~~~~~~~~~~~~~~~~~~~~~~~~~~~~~~~~~~~~~~~~~
INFO     : Hold Fixing
INFO     : ~~~~~~~~~~~~~~~~~~~~~~~~~~~~~~~~~~~~~~~~~~~~~~~~~~~~~~~~~~~~~~~~~~~~~~~~~~~~~~~~
INFO     : Total min wire delay:   2545879
INFO     : Hold fix wire delay:        324
INFO     : Hold fix delay ratio:     0.01%
INFO     : Pins requiring hold fix:  0.01%
INFO     : ~~~~~~~~~~~~~~~~~~~~~~~~~~~~~~~~~~~~~~~~~~~~~~~~~~~~~~~~~~~~~~~~~~~~~~~~~~~~~~~~
INFO     : Iter  2: overlap=4699    heapops=1180210    (37%) cpd=246   frr=1.04  msec=200
INFO     : Iter  3: overlap=2807    heapops=844810     (51%) cpd=246   frr=1.04  msec=161
INFO     : Iter  4: overlap=1645    heapops=694896     (57%) cpd=246   frr=1.04  msec=142
INFO     : Iter  5: overlap=805     heapops=458455     (66%) cpd=246   frr=1.04  msec=117
INFO     : Iter  6: overlap=377     heapops=342695     (73%) cpd=246   frr=1.04  msec=105
INFO     : [Rebuild Parallel Routing Scheduler]
INFO     : Iter  7: overlap=149     heapops=195999     (77%) cpd=246   frr=1.04  msec=98
INFO     : Iter  8: overlap=36      heapops=128727     (79%) cpd=246   frr=1.04  msec=80
INFO     : Iter  9: overlap=12      heapops=63015      (81%) cpd=246   frr=1.04  msec=65
INFO     : Iter 10: overlap=1       heapops=52310      (81%) cpd=246   frr=1.04  msec=64
INFO     : ~~~~~~~~~~~~~~~~~~~~~~~~~~~~~~~~~~~~~~~~~~~~~~~~~~~~~~~~~~~~~~~~~~~~~~~~~~~~~~~~
INFO     : Beneficial skew enabled! Optimizing clock skews ... 
INFO     : Non-legalized beneficial skew improved geomean CPD by 0.00% (from 3191ps to 3191ps)
INFO     : CSS improved CPD of clock tdqss_clk by 0.00% (from 1923ps to 1923ps)
INFO     : CSS improved CPD of clock core_clk by 0.00% (from 4114ps to 4114ps)
INFO     : CSS improved CPD of clock tac_clk by 0.00% (from 1914ps to 1914ps)
INFO     : CSS improved CPD of clock twd_clk by 0.00% (from 1987ps to 1987ps)
INFO     : CSS improved CPD of clock clk_sys by 0.00% (from 6199ps to 6199ps)
INFO     : CSS improved CPD of clock clk_pixel by 0.00% (from 6176ps to 6176ps)
INFO     : CSS improved CPD of clock cmos_pclk by 0.00% (from 2928ps to 2928ps)
INFO     : Discretized beneficial skew improved geomean CPD by 0.00% (from 3191ps to 3191ps in 1 iterations and 0.2 sec)
INFO     : ~~~~~~~~~~~~~~~~~~~~~~~~~~~~~~~~~~~~~~~~~~~~~~~~~~~~~~~~~~~~~~~~~~~~~~~~~~~~~~~~
INFO     : Iter 11: overlap=0       heapops=46433      (81%) cpd=246   frr=1.04  msec=304
INFO     : ~~~~~~~~~~~~~~~~~~~~~~~~~~~~~~~~~~~~~~~~~~~~~~~~~~~~~~~~~~~~~~~~~~~~~~~~~~~~~~~~
INFO     : Routing Result
INFO     : ~~~~~~~~~~~~~~~~~~~~~~~~~~~~~~~~~~~~~~~~~~~~~~~~~~~~~~~~~~~~~~~~~~~~~~~~~~~~~~~~
INFO     : Routing Succeeded in 2.20 seconds taking 11 iterations! 
INFO     : 
INFO     : First iteration critical path delay = 0.236 ns 
INFO     : Last iteration critical path delay  = 0.246 ns (ratio = 1.04)
INFO     : Max Routing Heap Size = 3,142
INFO     : Routing trace written to file 'outflow\Ti60_Demo.troutingtraces' 
INFO     : ~~~~~~~~~~~~~~~~~~~~~~~~~~~~~~~~~~~~~~~~~~~~~~~~~~~~~~~~~~~~~~~~~~~~~~~~~~~~~~~~
INFO     : Routing took 7.37413 seconds.
INFO     : 	Routing took 19.7969 seconds (approximately) in total CPU time.
INFO     : Routing virtual memory usage: begin = 178.604 MB, end = 278.276 MB, delta = 99.672 MB
INFO     : 	Routing peak virtual memory usage = 569.16 MB
INFO     : Routing resident set memory usage: begin = 196.808 MB, end = 289.152 MB, delta = 92.344 MB
INFO     : 	Routing peak resident set memory usage = 587.456 MB
           ***** Beginning stage final timing analysis ... *****
WARNING  : [SDC D:/yilingsi_fpga/Efinity_Project/Ti60F225_OV5640_Sobel_Stable/Ti60_Demo.pt.sdc:14] No valid object(s) found for 'dsi_refclk_i'
WARNING  : [SDC D:/yilingsi_fpga/Efinity_Project/Ti60F225_OV5640_Sobel_Stable/Ti60_Demo.pt.sdc:14] No valid pin(s) found for clock
WARNING  : [SDC D:/yilingsi_fpga/Efinity_Project/Ti60F225_OV5640_Sobel_Stable/Ti60_Demo.pt.sdc:14] Unable to run 'create_clock' constraint due to warnings found
WARNING  : [SDC D:/yilingsi_fpga/Efinity_Project/Ti60F225_OV5640_Sobel_Stable/Ti60_Demo.pt.sdc:24] No valid object(s) found for 'clk_pixel_2x'
WARNING  : [SDC D:/yilingsi_fpga/Efinity_Project/Ti60F225_OV5640_Sobel_Stable/Ti60_Demo.pt.sdc:24] No valid pin(s) found for clock
WARNING  : [SDC D:/yilingsi_fpga/Efinity_Project/Ti60F225_OV5640_Sobel_Stable/Ti60_Demo.pt.sdc:24] Unable to run 'create_clock' constraint due to warnings found
WARNING  : [SDC D:/yilingsi_fpga/Efinity_Project/Ti60F225_OV5640_Sobel_Stable/Ti60_Demo.pt.sdc:29] No valid object(s) found for 'clk_54m'
WARNING  : [SDC D:/yilingsi_fpga/Efinity_Project/Ti60F225_OV5640_Sobel_Stable/Ti60_Demo.pt.sdc:29] No valid pin(s) found for clock
WARNING  : [SDC D:/yilingsi_fpga/Efinity_Project/Ti60F225_OV5640_Sobel_Stable/Ti60_Demo.pt.sdc:29] Unable to run 'create_clock' constraint due to warnings found
WARNING  : No ports matched 'csi_rxc_i'
WARNING  : [SDC D:/yilingsi_fpga/Efinity_Project/Ti60F225_OV5640_Sobel_Stable/Ti60_Demo.pt.sdc:33] No valid pin(s) found for clock
WARNING  : [SDC D:/yilingsi_fpga/Efinity_Project/Ti60F225_OV5640_Sobel_Stable/Ti60_Demo.pt.sdc:33] Unable to run 'create_clock' constraint due to warnings found
WARNING  : [SDC D:/yilingsi_fpga/Efinity_Project/Ti60F225_OV5640_Sobel_Stable/Ti60_Demo.pt.sdc:35] set_clock_groups: Defaulting to -exclusive since none of the required option was specified
WARNING  : No clocks matched 'csi_rxc_i'
WARNING  : No clocks matched 'csi_rxc_i'
WARNING  : No ports matched 'i_dqs_n_hi[0]'
WARNING  : No ports matched 'i_dqs_n_lo[0]'
WARNING  : [SDC D:/yilingsi_fpga/Efinity_Project/Ti60F225_OV5640_Sobel_Stable/Ti60_Demo.pt.sdc:341] set_input_delay: No valid input port(s) found
WARNING  : [SDC D:/yilingsi_fpga/Efinity_Project/Ti60F225_OV5640_Sobel_Stable/Ti60_Demo.pt.sdc:341] Unable to run 'set_input_delay' constraint due to warnings found
WARNING  : No ports matched 'i_dqs_n_hi[0]'
WARNING  : No ports matched 'i_dqs_n_lo[0]'
WARNING  : [SDC D:/yilingsi_fpga/Efinity_Project/Ti60F225_OV5640_Sobel_Stable/Ti60_Demo.pt.sdc:342] set_input_delay: No valid input port(s) found
WARNING  : [SDC D:/yilingsi_fpga/Efinity_Project/Ti60F225_OV5640_Sobel_Stable/Ti60_Demo.pt.sdc:342] Unable to run 'set_input_delay' constraint due to warnings found
WARNING  : No ports matched 'i_dqs_n_lo[1]'
WARNING  : No ports matched 'i_dqs_n_hi[1]'
WARNING  : [SDC D:/yilingsi_fpga/Efinity_Project/Ti60F225_OV5640_Sobel_Stable/Ti60_Demo.pt.sdc:347] set_input_delay: No valid input port(s) found
WARNING  : [SDC D:/yilingsi_fpga/Efinity_Project/Ti60F225_OV5640_Sobel_Stable/Ti60_Demo.pt.sdc:347] Unable to run 'set_input_delay' constraint due to warnings found
WARNING  : No ports matched 'i_dqs_n_hi[1]'
WARNING  : No ports matched 'i_dqs_n_lo[1]'
WARNING  : [SDC D:/yilingsi_fpga/Efinity_Project/Ti60F225_OV5640_Sobel_Stable/Ti60_Demo.pt.sdc:348] set_input_delay: No valid input port(s) found
WARNING  : [SDC D:/yilingsi_fpga/Efinity_Project/Ti60F225_OV5640_Sobel_Stable/Ti60_Demo.pt.sdc:348] Unable to run 'set_input_delay' constraint due to warnings found
WARNING  : No ports matched 'csi_rxc_i~CLKOUT~218~278'
WARNING  : No ports matched 'csi_rxd0_fifo_rd_o'
WARNING  : [SDC D:/yilingsi_fpga/Efinity_Project/Ti60F225_OV5640_Sobel_Stable/Ti60_Demo.pt.sdc:576] No clocks matched 'csi_rxc_i'
WARNING  : [SDC D:/yilingsi_fpga/Efinity_Project/Ti60F225_OV5640_Sobel_Stable/Ti60_Demo.pt.sdc:576] set_output_delay: No valid clock found for -clock
WARNING  : [SDC D:/yilingsi_fpga/Efinity_Project/Ti60F225_OV5640_Sobel_Stable/Ti60_Demo.pt.sdc:576] Unable to run 'set_output_delay' constraint due to warnings found
WARNING  : No ports matched 'csi_rxc_i~CLKOUT~218~278'
WARNING  : No ports matched 'csi_rxd0_fifo_rd_o'
WARNING  : [SDC D:/yilingsi_fpga/Efinity_Project/Ti60F225_OV5640_Sobel_Stable/Ti60_Demo.pt.sdc:577] No clocks matched 'csi_rxc_i'
WARNING  : [SDC D:/yilingsi_fpga/Efinity_Project/Ti60F225_OV5640_Sobel_Stable/Ti60_Demo.pt.sdc:577] set_output_delay: No valid clock found for -clock
WARNING  : [SDC D:/yilingsi_fpga/Efinity_Project/Ti60F225_OV5640_Sobel_Stable/Ti60_Demo.pt.sdc:577] Unable to run 'set_output_delay' constraint due to warnings found
WARNING  : No ports matched 'csi_rxc_i~CLKOUT~218~278'
WARNING  : [SDC D:/yilingsi_fpga/Efinity_Project/Ti60F225_OV5640_Sobel_Stable/Ti60_Demo.pt.sdc:578] No clocks matched 'csi_rxc_i'
WARNING  : [SDC D:/yilingsi_fpga/Efinity_Project/Ti60F225_OV5640_Sobel_Stable/Ti60_Demo.pt.sdc:578] set_output_delay: No valid clock found for -clock
WARNING  : [SDC D:/yilingsi_fpga/Efinity_Project/Ti60F225_OV5640_Sobel_Stable/Ti60_Demo.pt.sdc:578] Unable to run 'set_output_delay' constraint due to warnings found
WARNING  : No ports matched 'csi_rxc_i~CLKOUT~218~278'
WARNING  : [SDC D:/yilingsi_fpga/Efinity_Project/Ti60F225_OV5640_Sobel_Stable/Ti60_Demo.pt.sdc:579] No clocks matched 'csi_rxc_i'
WARNING  : [SDC D:/yilingsi_fpga/Efinity_Project/Ti60F225_OV5640_Sobel_Stable/Ti60_Demo.pt.sdc:579] set_output_delay: No valid clock found for -clock
WARNING  : [SDC D:/yilingsi_fpga/Efinity_Project/Ti60F225_OV5640_Sobel_Stable/Ti60_Demo.pt.sdc:579] Unable to run 'set_output_delay' constraint due to warnings found
WARNING  : No ports matched 'csi_rxc_i~CLKOUT~218~278'
WARNING  : No ports matched 'csi_rxd0_fifo_empty_i'
WARNING  : [SDC D:/yilingsi_fpga/Efinity_Project/Ti60F225_OV5640_Sobel_Stable/Ti60_Demo.pt.sdc:580] No clocks matched 'csi_rxc_i'
WARNING  : [SDC D:/yilingsi_fpga/Efinity_Project/Ti60F225_OV5640_Sobel_Stable/Ti60_Demo.pt.sdc:580] set_input_delay: No valid clock found for -clock
WARNING  : [SDC D:/yilingsi_fpga/Efinity_Project/Ti60F225_OV5640_Sobel_Stable/Ti60_Demo.pt.sdc:580] Unable to run 'set_input_delay' constraint due to warnings found
WARNING  : No ports matched 'csi_rxc_i~CLKOUT~218~278'
WARNING  : No ports matched 'csi_rxd0_fifo_empty_i'
WARNING  : [SDC D:/yilingsi_fpga/Efinity_Project/Ti60F225_OV5640_Sobel_Stable/Ti60_Demo.pt.sdc:581] No clocks matched 'csi_rxc_i'
WARNING  : [SDC D:/yilingsi_fpga/Efinity_Project/Ti60F225_OV5640_Sobel_Stable/Ti60_Demo.pt.sdc:581] set_input_delay: No valid clock found for -clock
WARNING  : [SDC D:/yilingsi_fpga/Efinity_Project/Ti60F225_OV5640_Sobel_Stable/Ti60_Demo.pt.sdc:581] Unable to run 'set_input_delay' constraint due to warnings found
WARNING  : No ports matched 'csi_rxc_i~CLKOUT~218~278'
WARNING  : No ports matched 'csi_rxd0_hs_i[*]'
WARNING  : [SDC D:/yilingsi_fpga/Efinity_Project/Ti60F225_OV5640_Sobel_Stable/Ti60_Demo.pt.sdc:582] No clocks matched 'csi_rxc_i'
WARNING  : [SDC D:/yilingsi_fpga/Efinity_Project/Ti60F225_OV5640_Sobel_Stable/Ti60_Demo.pt.sdc:582] set_input_delay: No valid clock found for -clock
WARNING  : [SDC D:/yilingsi_fpga/Efinity_Project/Ti60F225_OV5640_Sobel_Stable/Ti60_Demo.pt.sdc:582] Unable to run 'set_input_delay' constraint due to warnings found
WARNING  : No ports matched 'csi_rxc_i~CLKOUT~218~278'
WARNING  : No ports matched 'csi_rxd0_hs_i[*]'
WARNING  : [SDC D:/yilingsi_fpga/Efinity_Project/Ti60F225_OV5640_Sobel_Stable/Ti60_Demo.pt.sdc:583] No clocks matched 'csi_rxc_i'
WARNING  : [SDC D:/yilingsi_fpga/Efinity_Project/Ti60F225_OV5640_Sobel_Stable/Ti60_Demo.pt.sdc:583] set_input_delay: No valid clock found for -clock
WARNING  : [SDC D:/yilingsi_fpga/Efinity_Project/Ti60F225_OV5640_Sobel_Stable/Ti60_Demo.pt.sdc:583] Unable to run 'set_input_delay' constraint due to warnings found
WARNING  : No ports matched 'csi_rxc_i~CLKOUT~218~294'
WARNING  : No ports matched 'csi_rxd1_fifo_rd_o'
WARNING  : [SDC D:/yilingsi_fpga/Efinity_Project/Ti60F225_OV5640_Sobel_Stable/Ti60_Demo.pt.sdc:584] No clocks matched 'csi_rxc_i'
WARNING  : [SDC D:/yilingsi_fpga/Efinity_Project/Ti60F225_OV5640_Sobel_Stable/Ti60_Demo.pt.sdc:584] set_output_delay: No valid clock found for -clock
WARNING  : [SDC D:/yilingsi_fpga/Efinity_Project/Ti60F225_OV5640_Sobel_Stable/Ti60_Demo.pt.sdc:584] Unable to run 'set_output_delay' constraint due to warnings found
WARNING  : No ports matched 'csi_rxc_i~CLKOUT~218~294'
WARNING  : No ports matched 'csi_rxd1_fifo_rd_o'
WARNING  : [SDC D:/yilingsi_fpga/Efinity_Project/Ti60F225_OV5640_Sobel_Stable/Ti60_Demo.pt.sdc:585] No clocks matched 'csi_rxc_i'
WARNING  : [SDC D:/yilingsi_fpga/Efinity_Project/Ti60F225_OV5640_Sobel_Stable/Ti60_Demo.pt.sdc:585] set_output_delay: No valid clock found for -clock
WARNING  : [SDC D:/yilingsi_fpga/Efinity_Project/Ti60F225_OV5640_Sobel_Stable/Ti60_Demo.pt.sdc:585] Unable to run 'set_output_delay' constraint due to warnings found
WARNING  : No ports matched 'csi_rxc_i~CLKOUT~218~294'
WARNING  : [SDC D:/yilingsi_fpga/Efinity_Project/Ti60F225_OV5640_Sobel_Stable/Ti60_Demo.pt.sdc:586] No clocks matched 'csi_rxc_i'
WARNING  : [SDC D:/yilingsi_fpga/Efinity_Project/Ti60F225_OV5640_Sobel_Stable/Ti60_Demo.pt.sdc:586] set_output_delay: No valid clock found for -clock
WARNING  : [SDC D:/yilingsi_fpga/Efinity_Project/Ti60F225_OV5640_Sobel_Stable/Ti60_Demo.pt.sdc:586] Unable to run 'set_output_delay' constraint due to warnings found
WARNING  : No ports matched 'csi_rxc_i~CLKOUT~218~294'
WARNING  : [SDC D:/yilingsi_fpga/Efinity_Project/Ti60F225_OV5640_Sobel_Stable/Ti60_Demo.pt.sdc:587] No clocks matched 'csi_rxc_i'
WARNING  : [SDC D:/yilingsi_fpga/Efinity_Project/Ti60F225_OV5640_Sobel_Stable/Ti60_Demo.pt.sdc:587] set_output_delay: No valid clock found for -clock
WARNING  : [SDC D:/yilingsi_fpga/Efinity_Project/Ti60F225_OV5640_Sobel_Stable/Ti60_Demo.pt.sdc:587] Unable to run 'set_output_delay' constraint due to warnings found
WARNING  : No ports matched 'csi_rxc_i~CLKOUT~218~294'
WARNING  : No ports matched 'csi_rxd1_fifo_empty_i'
WARNING  : [SDC D:/yilingsi_fpga/Efinity_Project/Ti60F225_OV5640_Sobel_Stable/Ti60_Demo.pt.sdc:588] No clocks matched 'csi_rxc_i'
WARNING  : [SDC D:/yilingsi_fpga/Efinity_Project/Ti60F225_OV5640_Sobel_Stable/Ti60_Demo.pt.sdc:588] set_input_delay: No valid clock found for -clock
WARNING  : [SDC D:/yilingsi_fpga/Efinity_Project/Ti60F225_OV5640_Sobel_Stable/Ti60_Demo.pt.sdc:588] Unable to run 'set_input_delay' constraint due to warnings found
WARNING  : No ports matched 'csi_rxc_i~CLKOUT~218~294'
WARNING  : No ports matched 'csi_rxd1_fifo_empty_i'
WARNING  : [SDC D:/yilingsi_fpga/Efinity_Project/Ti60F225_OV5640_Sobel_Stable/Ti60_Demo.pt.sdc:589] No clocks matched 'csi_rxc_i'
WARNING  : [SDC D:/yilingsi_fpga/Efinity_Project/Ti60F225_OV5640_Sobel_Stable/Ti60_Demo.pt.sdc:589] set_input_delay: No valid clock found for -clock
WARNING  : [SDC D:/yilingsi_fpga/Efinity_Project/Ti60F225_OV5640_Sobel_Stable/Ti60_Demo.pt.sdc:589] Unable to run 'set_input_delay' constraint due to warnings found
WARNING  : No ports matched 'csi_rxc_i~CLKOUT~218~294'
WARNING  : No ports matched 'csi_rxd1_hs_i[*]'
WARNING  : [SDC D:/yilingsi_fpga/Efinity_Project/Ti60F225_OV5640_Sobel_Stable/Ti60_Demo.pt.sdc:590] No clocks matched 'csi_rxc_i'
WARNING  : [SDC D:/yilingsi_fpga/Efinity_Project/Ti60F225_OV5640_Sobel_Stable/Ti60_Demo.pt.sdc:590] set_input_delay: No valid clock found for -clock
WARNING  : [SDC D:/yilingsi_fpga/Efinity_Project/Ti60F225_OV5640_Sobel_Stable/Ti60_Demo.pt.sdc:590] Unable to run 'set_input_delay' constraint due to warnings found
WARNING  : No ports matched 'csi_rxc_i~CLKOUT~218~294'
WARNING  : No ports matched 'csi_rxd1_hs_i[*]'
WARNING  : [SDC D:/yilingsi_fpga/Efinity_Project/Ti60F225_OV5640_Sobel_Stable/Ti60_Demo.pt.sdc:591] No clocks matched 'csi_rxc_i'
WARNING  : [SDC D:/yilingsi_fpga/Efinity_Project/Ti60F225_OV5640_Sobel_Stable/Ti60_Demo.pt.sdc:591] set_input_delay: No valid clock found for -clock
WARNING  : [SDC D:/yilingsi_fpga/Efinity_Project/Ti60F225_OV5640_Sobel_Stable/Ti60_Demo.pt.sdc:591] Unable to run 'set_input_delay' constraint due to warnings found
WARNING  : No ports matched 'csi_rxc_i~CLKOUT~218~245'
WARNING  : No ports matched 'csi_rxd2_fifo_rd_o'
WARNING  : [SDC D:/yilingsi_fpga/Efinity_Project/Ti60F225_OV5640_Sobel_Stable/Ti60_Demo.pt.sdc:592] No clocks matched 'csi_rxc_i'
WARNING  : [SDC D:/yilingsi_fpga/Efinity_Project/Ti60F225_OV5640_Sobel_Stable/Ti60_Demo.pt.sdc:592] set_output_delay: No valid clock found for -clock
WARNING  : [SDC D:/yilingsi_fpga/Efinity_Project/Ti60F225_OV5640_Sobel_Stable/Ti60_Demo.pt.sdc:592] Unable to run 'set_output_delay' constraint due to warnings found
WARNING  : No ports matched 'csi_rxc_i~CLKOUT~218~245'
WARNING  : No ports matched 'csi_rxd2_fifo_rd_o'
WARNING  : [SDC D:/yilingsi_fpga/Efinity_Project/Ti60F225_OV5640_Sobel_Stable/Ti60_Demo.pt.sdc:593] No clocks matched 'csi_rxc_i'
WARNING  : [SDC D:/yilingsi_fpga/Efinity_Project/Ti60F225_OV5640_Sobel_Stable/Ti60_Demo.pt.sdc:593] set_output_delay: No valid clock found for -clock
WARNING  : [SDC D:/yilingsi_fpga/Efinity_Project/Ti60F225_OV5640_Sobel_Stable/Ti60_Demo.pt.sdc:593] Unable to run 'set_output_delay' constraint due to warnings found
WARNING  : No ports matched 'csi_rxc_i~CLKOUT~218~245'
WARNING  : [SDC D:/yilingsi_fpga/Efinity_Project/Ti60F225_OV5640_Sobel_Stable/Ti60_Demo.pt.sdc:594] No clocks matched 'csi_rxc_i'
WARNING  : [SDC D:/yilingsi_fpga/Efinity_Project/Ti60F225_OV5640_Sobel_Stable/Ti60_Demo.pt.sdc:594] set_output_delay: No valid clock found for -clock
WARNING  : [SDC D:/yilingsi_fpga/Efinity_Project/Ti60F225_OV5640_Sobel_Stable/Ti60_Demo.pt.sdc:594] Unable to run 'set_output_delay' constraint due to warnings found
WARNING  : No ports matched 'csi_rxc_i~CLKOUT~218~245'
WARNING  : [SDC D:/yilingsi_fpga/Efinity_Project/Ti60F225_OV5640_Sobel_Stable/Ti60_Demo.pt.sdc:595] No clocks matched 'csi_rxc_i'
WARNING  : [SDC D:/yilingsi_fpga/Efinity_Project/Ti60F225_OV5640_Sobel_Stable/Ti60_Demo.pt.sdc:595] set_output_delay: No valid clock found for -clock
WARNING  : [SDC D:/yilingsi_fpga/Efinity_Project/Ti60F225_OV5640_Sobel_Stable/Ti60_Demo.pt.sdc:595] Unable to run 'set_output_delay' constraint due to warnings found
WARNING  : No ports matched 'csi_rxc_i~CLKOUT~218~245'
WARNING  : No ports matched 'csi_rxd2_fifo_empty_i'
WARNING  : [SDC D:/yilingsi_fpga/Efinity_Project/Ti60F225_OV5640_Sobel_Stable/Ti60_Demo.pt.sdc:596] No clocks matched 'csi_rxc_i'
WARNING  : [SDC D:/yilingsi_fpga/Efinity_Project/Ti60F225_OV5640_Sobel_Stable/Ti60_Demo.pt.sdc:596] set_input_delay: No valid clock found for -clock
WARNING  : [SDC D:/yilingsi_fpga/Efinity_Project/Ti60F225_OV5640_Sobel_Stable/Ti60_Demo.pt.sdc:596] Unable to run 'set_input_delay' constraint due to warnings found
WARNING  : No ports matched 'csi_rxc_i~CLKOUT~218~245'
WARNING  : No ports matched 'csi_rxd2_fifo_empty_i'
WARNING  : [SDC D:/yilingsi_fpga/Efinity_Project/Ti60F225_OV5640_Sobel_Stable/Ti60_Demo.pt.sdc:597] No clocks matched 'csi_rxc_i'
WARNING  : [SDC D:/yilingsi_fpga/Efinity_Project/Ti60F225_OV5640_Sobel_Stable/Ti60_Demo.pt.sdc:597] set_input_delay: No valid clock found for -clock
WARNING  : [SDC D:/yilingsi_fpga/Efinity_Project/Ti60F225_OV5640_Sobel_Stable/Ti60_Demo.pt.sdc:597] Unable to run 'set_input_delay' constraint due to warnings found
WARNING  : No ports matched 'csi_rxc_i~CLKOUT~218~245'
WARNING  : No ports matched 'csi_rxd2_hs_i[*]'
WARNING  : [SDC D:/yilingsi_fpga/Efinity_Project/Ti60F225_OV5640_Sobel_Stable/Ti60_Demo.pt.sdc:598] No clocks matched 'csi_rxc_i'
WARNING  : [SDC D:/yilingsi_fpga/Efinity_Project/Ti60F225_OV5640_Sobel_Stable/Ti60_Demo.pt.sdc:598] set_input_delay: No valid clock found for -clock
WARNING  : [SDC D:/yilingsi_fpga/Efinity_Project/Ti60F225_OV5640_Sobel_Stable/Ti60_Demo.pt.sdc:598] Unable to run 'set_input_delay' constraint due to warnings found
WARNING  : No ports matched 'csi_rxc_i~CLKOUT~218~245'
WARNING  : No ports matched 'csi_rxd2_hs_i[*]'
WARNING  : [SDC D:/yilingsi_fpga/Efinity_Project/Ti60F225_OV5640_Sobel_Stable/Ti60_Demo.pt.sdc:599] No clocks matched 'csi_rxc_i'
WARNING  : [SDC D:/yilingsi_fpga/Efinity_Project/Ti60F225_OV5640_Sobel_Stable/Ti60_Demo.pt.sdc:599] set_input_delay: No valid clock found for -clock
WARNING  : [SDC D:/yilingsi_fpga/Efinity_Project/Ti60F225_OV5640_Sobel_Stable/Ti60_Demo.pt.sdc:599] Unable to run 'set_input_delay' constraint due to warnings found
WARNING  : No ports matched 'csi_rxc_i~CLKOUT~218~255'
WARNING  : No ports matched 'csi_rxd3_fifo_rd_o'
WARNING  : [SDC D:/yilingsi_fpga/Efinity_Project/Ti60F225_OV5640_Sobel_Stable/Ti60_Demo.pt.sdc:600] No clocks matched 'csi_rxc_i'
WARNING  : [SDC D:/yilingsi_fpga/Efinity_Project/Ti60F225_OV5640_Sobel_Stable/Ti60_Demo.pt.sdc:600] set_output_delay: No valid clock found for -clock
WARNING  : [SDC D:/yilingsi_fpga/Efinity_Project/Ti60F225_OV5640_Sobel_Stable/Ti60_Demo.pt.sdc:600] Unable to run 'set_output_delay' constraint due to warnings found
WARNING  : No ports matched 'csi_rxc_i~CLKOUT~218~255'
WARNING  : No ports matched 'csi_rxd3_fifo_rd_o'
WARNING  : [SDC D:/yilingsi_fpga/Efinity_Project/Ti60F225_OV5640_Sobel_Stable/Ti60_Demo.pt.sdc:601] No clocks matched 'csi_rxc_i'
WARNING  : [SDC D:/yilingsi_fpga/Efinity_Project/Ti60F225_OV5640_Sobel_Stable/Ti60_Demo.pt.sdc:601] set_output_delay: No valid clock found for -clock
WARNING  : [SDC D:/yilingsi_fpga/Efinity_Project/Ti60F225_OV5640_Sobel_Stable/Ti60_Demo.pt.sdc:601] Unable to run 'set_output_delay' constraint due to warnings found
WARNING  : No ports matched 'csi_rxc_i~CLKOUT~218~255'
WARNING  : [SDC D:/yilingsi_fpga/Efinity_Project/Ti60F225_OV5640_Sobel_Stable/Ti60_Demo.pt.sdc:602] No clocks matched 'csi_rxc_i'
WARNING  : [SDC D:/yilingsi_fpga/Efinity_Project/Ti60F225_OV5640_Sobel_Stable/Ti60_Demo.pt.sdc:602] set_output_delay: No valid clock found for -clock
WARNING  : [SDC D:/yilingsi_fpga/Efinity_Project/Ti60F225_OV5640_Sobel_Stable/Ti60_Demo.pt.sdc:602] Unable to run 'set_output_delay' constraint due to warnings found
WARNING  : No ports matched 'csi_rxc_i~CLKOUT~218~255'
WARNING  : [SDC D:/yilingsi_fpga/Efinity_Project/Ti60F225_OV5640_Sobel_Stable/Ti60_Demo.pt.sdc:603] No clocks matched 'csi_rxc_i'
WARNING  : [SDC D:/yilingsi_fpga/Efinity_Project/Ti60F225_OV5640_Sobel_Stable/Ti60_Demo.pt.sdc:603] set_output_delay: No valid clock found for -clock
WARNING  : [SDC D:/yilingsi_fpga/Efinity_Project/Ti60F225_OV5640_Sobel_Stable/Ti60_Demo.pt.sdc:603] Unable to run 'set_output_delay' constraint due to warnings found
WARNING  : No ports matched 'csi_rxc_i~CLKOUT~218~255'
WARNING  : No ports matched 'csi_rxd3_fifo_empty_i'
WARNING  : [SDC D:/yilingsi_fpga/Efinity_Project/Ti60F225_OV5640_Sobel_Stable/Ti60_Demo.pt.sdc:604] No clocks matched 'csi_rxc_i'
WARNING  : [SDC D:/yilingsi_fpga/Efinity_Project/Ti60F225_OV5640_Sobel_Stable/Ti60_Demo.pt.sdc:604] set_input_delay: No valid clock found for -clock
WARNING  : [SDC D:/yilingsi_fpga/Efinity_Project/Ti60F225_OV5640_Sobel_Stable/Ti60_Demo.pt.sdc:604] Unable to run 'set_input_delay' constraint due to warnings found
WARNING  : No ports matched 'csi_rxc_i~CLKOUT~218~255'
WARNING  : No ports matched 'csi_rxd3_fifo_empty_i'
WARNING  : [SDC D:/yilingsi_fpga/Efinity_Project/Ti60F225_OV5640_Sobel_Stable/Ti60_Demo.pt.sdc:605] No clocks matched 'csi_rxc_i'
WARNING  : [SDC D:/yilingsi_fpga/Efinity_Project/Ti60F225_OV5640_Sobel_Stable/Ti60_Demo.pt.sdc:605] set_input_delay: No valid clock found for -clock
WARNING  : [SDC D:/yilingsi_fpga/Efinity_Project/Ti60F225_OV5640_Sobel_Stable/Ti60_Demo.pt.sdc:605] Unable to run 'set_input_delay' constraint due to warnings found
WARNING  : No ports matched 'csi_rxc_i~CLKOUT~218~255'
WARNING  : No ports matched 'csi_rxd3_hs_i[*]'
WARNING  : [SDC D:/yilingsi_fpga/Efinity_Project/Ti60F225_OV5640_Sobel_Stable/Ti60_Demo.pt.sdc:606] No clocks matched 'csi_rxc_i'
WARNING  : [SDC D:/yilingsi_fpga/Efinity_Project/Ti60F225_OV5640_Sobel_Stable/Ti60_Demo.pt.sdc:606] set_input_delay: No valid clock found for -clock
WARNING  : [SDC D:/yilingsi_fpga/Efinity_Project/Ti60F225_OV5640_Sobel_Stable/Ti60_Demo.pt.sdc:606] Unable to run 'set_input_delay' constraint due to warnings found
WARNING  : No ports matched 'csi_rxc_i~CLKOUT~218~255'
WARNING  : No ports matched 'csi_rxd3_hs_i[*]'
WARNING  : [SDC D:/yilingsi_fpga/Efinity_Project/Ti60F225_OV5640_Sobel_Stable/Ti60_Demo.pt.sdc:607] No clocks matched 'csi_rxc_i'
WARNING  : [SDC D:/yilingsi_fpga/Efinity_Project/Ti60F225_OV5640_Sobel_Stable/Ti60_Demo.pt.sdc:607] set_input_delay: No valid clock found for -clock
WARNING  : [SDC D:/yilingsi_fpga/Efinity_Project/Ti60F225_OV5640_Sobel_Stable/Ti60_Demo.pt.sdc:607] Unable to run 'set_input_delay' constraint due to warnings found
Maximum possible analyzed clocks frequency
 Clock Name  Period (ns)  Frequency (MHz)     Edge
 tdqss_clk      2.033        491.884         (R-R)
 core_clk       4.224        236.742         (R-R)
 tac_clk        2.024        494.071         (R-R)
 twd_clk        2.097        476.872         (R-R)
 clk_sys        6.309        158.504         (R-R)
 clk_pixel      6.286        159.084         (R-R)
 cmos_pclk      6.076        164.582         (F-R)

Geomean max period: 3.659

Setup (Max) Clock Relationship
  Launch Clock    Capture Clock   Constraint (ns)     Slack (ns)          Edge
   tdqss_clk        tdqss_clk           2.604           0.571            (R-R)
   tdqss_clk        core_clk            2.604           2.117            (R-R)
   core_clk         tdqss_clk           2.604           1.389            (R-R)
   core_clk         core_clk            5.208           0.984            (R-R)
   core_clk         tac_clk             2.604           2.248            (R-R)
   core_clk         twd_clk             0.541           0.305            (R-R)
   tac_clk          core_clk            2.604           2.106            (R-R)
   tac_clk          tac_clk             2.604           0.580            (R-R)
   twd_clk          twd_clk             2.604           0.507            (R-R)
   clk_sys          clk_sys            10.417           4.108            (R-R)
   clk_pixel        clk_pixel          13.441           7.155            (R-R)
   cmos_pclk        cmos_pclk          10.000           7.263            (R-R)
   cmos_pclk        cmos_pclk           5.000           1.962            (F-R)

Hold (Min) Clock Relationship
  Launch Clock    Capture Clock   Constraint (ns)     Slack (ns)          Edge
   tdqss_clk        tdqss_clk           0.000           0.097            (R-R)
   tdqss_clk        core_clk            0.000           0.153            (R-R)
   core_clk         tdqss_clk           0.000           0.079            (R-R)
   core_clk         core_clk            0.000           0.044            (R-R)
   core_clk         tac_clk             0.000           0.067            (R-R)
   core_clk         twd_clk            -1.883           2.019            (R-R)
   tac_clk          core_clk            0.000           0.162            (R-R)
   tac_clk          tac_clk             0.000           0.033            (R-R)
   twd_clk          twd_clk             0.000           0.027            (R-R)
   clk_sys          clk_sys             0.000           0.027            (R-R)
   clk_pixel        clk_pixel           0.000           0.035            (R-R)
   cmos_pclk        cmos_pclk           0.000           0.014            (R-R)
   cmos_pclk        cmos_pclk          -5.000           5.557            (F-R)

INFO     : Write Timing Report to "outflow\Ti60_Demo.timing.rpt" ...
INFO     : final timing analysis took 7.99277 seconds.
INFO     : 	final timing analysis took 7.40625 seconds (approximately) in total CPU time.
INFO     : final timing analysis virtual memory usage: begin = 319.18 MB, end = 360.984 MB, delta = 41.804 MB
INFO     : 	final timing analysis peak virtual memory usage = 569.16 MB
INFO     : final timing analysis resident set memory usage: begin = 328.548 MB, end = 367.716 MB, delta = 39.168 MB
INFO     : 	final timing analysis peak resident set memory usage = 587.456 MB
           ***** Ending stage final timing analysis *****
           
           ***** Beginning stage netlist pre-processing ... *****
INFO     : Successfully Read in Verific binary Netlist dump file "outflow\Ti60_Demo.vdb".
INFO     : ***** Beginning VDB Netlist Checker ... *****
WARNING  : D:\yilingsi_fpga\Efinity_Project\Ti60F225_OV5640_Sobel_Stable\example_top.v(11): Input/inout port clk_24m is unconnected and will be removed. [VDB-8003]
WARNING  : D:\yilingsi_fpga\Efinity_Project\Ti60F225_OV5640_Sobel_Stable\example_top.v(12): Input/inout port clk_25m is unconnected and will be removed. [VDB-8003]
WARNING  : D:\yilingsi_fpga\Efinity_Project\Ti60F225_OV5640_Sobel_Stable\example_top.v(21): Input/inout port clk_pixel_2x is unconnected and will be removed. [VDB-8003]
WARNING  : D:\yilingsi_fpga\Efinity_Project\Ti60F225_OV5640_Sobel_Stable\example_top.v(22): Input/inout port clk_pixel_10x is unconnected and will be removed. [VDB-8003]
WARNING  : D:\yilingsi_fpga\Efinity_Project\Ti60F225_OV5640_Sobel_Stable\example_top.v(30): Input/inout port dsi_refclk_i is unconnected and will be removed. [VDB-8003]
WARNING  : D:\yilingsi_fpga\Efinity_Project\Ti60F225_OV5640_Sobel_Stable\example_top.v(31): Input/inout port dsi_byteclk_i is unconnected and will be removed. [VDB-8003]
WARNING  : D:\yilingsi_fpga\Efinity_Project\Ti60F225_OV5640_Sobel_Stable\example_top.v(32): Input/inout port dsi_serclk_i is unconnected and will be removed. [VDB-8003]
WARNING  : D:\yilingsi_fpga\Efinity_Project\Ti60F225_OV5640_Sobel_Stable\example_top.v(33): Input/inout port dsi_txcclk_i is unconnected and will be removed. [VDB-8003]
WARNING  : D:\yilingsi_fpga\Efinity_Project\Ti60F225_OV5640_Sobel_Stable\example_top.v(60): Input/inout port clk_lvds_1x is unconnected and will be removed. [VDB-8003]
WARNING  : D:\yilingsi_fpga\Efinity_Project\Ti60F225_OV5640_Sobel_Stable\example_top.v(61): Input/inout port clk_lvds_7x is unconnected and will be removed. [VDB-8003]
WARNING  : D:\yilingsi_fpga\Efinity_Project\Ti60F225_OV5640_Sobel_Stable\example_top.v(62): Input/inout port clk_27m is unconnected and will be removed. [VDB-8003]
WARNING  : D:\yilingsi_fpga\Efinity_Project\Ti60F225_OV5640_Sobel_Stable\example_top.v(63): Input/inout port clk_54m is unconnected and will be removed. [VDB-8003]
WARNING  : D:\yilingsi_fpga\Efinity_Project\Ti60F225_OV5640_Sobel_Stable\example_top.v(97): Input/inout port i_dqs_n_hi[1] is unconnected and will be removed. [VDB-8003]
WARNING  : D:\yilingsi_fpga\Efinity_Project\Ti60F225_OV5640_Sobel_Stable\example_top.v(98): Input/inout port i_dqs_n_lo[1] is unconnected and will be removed. [VDB-8003]
WARNING  : D:\yilingsi_fpga\Efinity_Project\Ti60F225_OV5640_Sobel_Stable\example_top.v(121): Input/inout port csi_ctl0_i is unconnected and will be removed. [VDB-8003]
WARNING  : D:\yilingsi_fpga\Efinity_Project\Ti60F225_OV5640_Sobel_Stable\example_top.v(125): Input/inout port csi_ctl1_i is unconnected and will be removed. [VDB-8003]
WARNING  : D:\yilingsi_fpga\Efinity_Project\Ti60F225_OV5640_Sobel_Stable\example_top.v(129): Input/inout port csi_scl_i is unconnected and will be removed. [VDB-8003]
WARNING  : D:\yilingsi_fpga\Efinity_Project\Ti60F225_OV5640_Sobel_Stable\example_top.v(133): Input/inout port csi_sda_i is unconnected and will be removed. [VDB-8003]
WARNING  : D:\yilingsi_fpga\Efinity_Project\Ti60F225_OV5640_Sobel_Stable\example_top.v(136): Input/inout port csi_rxc_lp_p_i is unconnected and will be removed. [VDB-8003]
WARNING  : D:\yilingsi_fpga\Efinity_Project\Ti60F225_OV5640_Sobel_Stable\example_top.v(137): Input/inout port csi_rxc_lp_n_i is unconnected and will be removed. [VDB-8003]
WARNING  : D:\yilingsi_fpga\Efinity_Project\Ti60F225_OV5640_Sobel_Stable\example_top.v(140): Input/inout port csi_rxc_i is unconnected and will be removed. [VDB-8003]
WARNING  : D:\yilingsi_fpga\Efinity_Project\Ti60F225_OV5640_Sobel_Stable\example_top.v(147): Input/inout port csi_rxd0_lp_p_i is unconnected and will be removed. [VDB-8003]
WARNING  : D:\yilingsi_fpga\Efinity_Project\Ti60F225_OV5640_Sobel_Stable\example_top.v(148): Input/inout port csi_rxd0_lp_n_i is unconnected and will be removed. [VDB-8003]
WARNING  : D:\yilingsi_fpga\Efinity_Project\Ti60F225_OV5640_Sobel_Stable\example_top.v(149): Input/inout port csi_rxd0_hs_i[7] is unconnected and will be removed. [VDB-8003]
WARNING  : D:\yilingsi_fpga\Efinity_Project\Ti60F225_OV5640_Sobel_Stable\example_top.v(156): Input/inout port csi_rxd1_lp_n_i is unconnected and will be removed. [VDB-8003]
WARNING  : D:\yilingsi_fpga\Efinity_Project\Ti60F225_OV5640_Sobel_Stable\example_top.v(157): Input/inout port csi_rxd1_lp_p_i is unconnected and will be removed. [VDB-8003]
WARNING  : D:\yilingsi_fpga\Efinity_Project\Ti60F225_OV5640_Sobel_Stable\example_top.v(158): Input/inout port csi_rxd1_hs_i[7] is unconnected and will be removed. [VDB-8003]
WARNING  : D:\yilingsi_fpga\Efinity_Project\Ti60F225_OV5640_Sobel_Stable\example_top.v(165): Input/inout port csi_rxd2_lp_p_i is unconnected and will be removed. [VDB-8003]
WARNING  : D:\yilingsi_fpga\Efinity_Project\Ti60F225_OV5640_Sobel_Stable\example_top.v(166): Input/inout port csi_rxd2_lp_n_i is unconnected and will be removed. [VDB-8003]
WARNING  : D:\yilingsi_fpga\Efinity_Project\Ti60F225_OV5640_Sobel_Stable\example_top.v(167): Input/inout port csi_rxd2_hs_i[7] is unconnected and will be removed. [VDB-8003]
WARNING  : D:\yilingsi_fpga\Efinity_Project\Ti60F225_OV5640_Sobel_Stable\example_top.v(174): Input/inout port csi_rxd3_lp_p_i is unconnected and will be removed. [VDB-8003]
WARNING  : D:\yilingsi_fpga\Efinity_Project\Ti60F225_OV5640_Sobel_Stable\example_top.v(175): Input/inout port csi_rxd3_lp_n_i is unconnected and will be removed. [VDB-8003]
WARNING  : D:\yilingsi_fpga\Efinity_Project\Ti60F225_OV5640_Sobel_Stable\example_top.v(176): Input/inout port csi_rxd3_hs_i[7] is unconnected and will be removed. [VDB-8003]
WARNING  : D:\yilingsi_fpga\Efinity_Project\Ti60F225_OV5640_Sobel_Stable\example_top.v(235): Input/inout port dsi_txd0_lp_p_i is unconnected and will be removed. [VDB-8003]
WARNING  : D:\yilingsi_fpga\Efinity_Project\Ti60F225_OV5640_Sobel_Stable\example_top.v(236): Input/inout port dsi_txd0_lp_n_i is unconnected and will be removed. [VDB-8003]
WARNING  : D:\yilingsi_fpga\Efinity_Project\Ti60F225_OV5640_Sobel_Stable\example_top.v(237): Input/inout port dsi_txd1_lp_p_i is unconnected and will be removed. [VDB-8003]
WARNING  : D:\yilingsi_fpga\Efinity_Project\Ti60F225_OV5640_Sobel_Stable\example_top.v(238): Input/inout port dsi_txd1_lp_n_i is unconnected and will be removed. [VDB-8003]
WARNING  : D:\yilingsi_fpga\Efinity_Project\Ti60F225_OV5640_Sobel_Stable\example_top.v(239): Input/inout port dsi_txd2_lp_p_i is unconnected and will be removed. [VDB-8003]
WARNING  : D:\yilingsi_fpga\Efinity_Project\Ti60F225_OV5640_Sobel_Stable\example_top.v(240): Input/inout port dsi_txd2_lp_n_i is unconnected and will be removed. [VDB-8003]
WARNING  : D:\yilingsi_fpga\Efinity_Project\Ti60F225_OV5640_Sobel_Stable\example_top.v(241): Input/inout port dsi_txd3_lp_p_i is unconnected and will be removed. [VDB-8003]
WARNING  : D:\yilingsi_fpga\Efinity_Project\Ti60F225_OV5640_Sobel_Stable\example_top.v(242): Input/inout port dsi_txd3_lp_n_i is unconnected and will be removed. [VDB-8003]
WARNING  : D:\yilingsi_fpga\Efinity_Project\Ti60F225_OV5640_Sobel_Stable\example_top.v(247): Input/inout port uart_rx_i is unconnected and will be removed. [VDB-8003]
WARNING  : D:\yilingsi_fpga\Efinity_Project\Ti60F225_OV5640_Sobel_Stable\example_top.v(257): Input/inout port cmos_sdat_IN is unconnected and will be removed. [VDB-8003]
WARNING  : D:\yilingsi_fpga\Efinity_Project\Ti60F225_OV5640_Sobel_Stable\example_top.v(269): Input/inout port cmos_ctl1_i is unconnected and will be removed. [VDB-8003]
WARNING  : D:\yilingsi_fpga\Efinity_Project\Ti60F225_OV5640_Sobel_Stable\example_top.v(272): Input/inout port cmos_ctl2_i is unconnected and will be removed. [VDB-8003]
WARNING  : D:\yilingsi_fpga\Efinity_Project\Ti60F225_OV5640_Sobel_Stable\example_top.v(275): Input/inout port cmos_ctl3_i is unconnected and will be removed. [VDB-8003]
WARNING  : D:\yilingsi_fpga\Efinity_Project\Ti60F225_OV5640_Sobel_Stable\example_top.v(323): Input/inout port lcd_tp_sda_i is unconnected and will be removed. [VDB-8003]
WARNING  : D:\yilingsi_fpga\Efinity_Project\Ti60F225_OV5640_Sobel_Stable\example_top.v(327): Input/inout port lcd_tp_scl_i is unconnected and will be removed. [VDB-8003]
WARNING  : D:\yilingsi_fpga\Efinity_Project\Ti60F225_OV5640_Sobel_Stable\example_top.v(331): Input/inout port lcd_tp_int_i is unconnected and will be removed. [VDB-8003]
WARNING  : D:\yilingsi_fpga\Efinity_Project\Ti60F225_OV5640_Sobel_Stable\example_top.v(351): Input/inout port lcd_b7_0_i[7] is unconnected and will be removed. [VDB-8003]
WARNING  : D:\yilingsi_fpga\Efinity_Project\Ti60F225_OV5640_Sobel_Stable\example_top.v(352): Input/inout port lcd_g7_0_i[7] is unconnected and will be removed. [VDB-8003]
WARNING  : D:\yilingsi_fpga\Efinity_Project\Ti60F225_OV5640_Sobel_Stable\example_top.v(353): Input/inout port lcd_r7_0_i[7] is unconnected and will be removed. [VDB-8003]
WARNING  : Found 103 warnings in the post-synthesis netlist.
INFO     : VDB Netlist Checker took 0.0131035 seconds.
INFO     : 	VDB Netlist Checker took 0 seconds (approximately) in total CPU time.
INFO     : VDB Netlist Checker virtual memory usage: begin = 339.104 MB, end = 339.216 MB, delta = 0.112 MB
INFO     : 	VDB Netlist Checker peak virtual memory usage = 569.16 MB
INFO     : VDB Netlist Checker resident set memory usage: begin = 350.936 MB, end = 351.048 MB, delta = 0.112 MB
INFO     : 	VDB Netlist Checker peak resident set memory usage = 587.456 MB
INFO     : ***** Ending VDB Netlist Checker ... *****
INFO     : Writing netlist 'example_top' to Verilog file 'outflow\Ti60_Demo.prevpr.v' [VDB-1030]
INFO     : Reading core interface constraints file "outflow\Ti60_Demo.interface.csv"
INFO     : Successfully read core interface constraints file "outflow\Ti60_Demo.interface.csv"
INFO     : Net clk_lvds_1x promoted to global due to interface constraints.
INFO     : Net clk_pixel_10x promoted to global due to interface constraints.
INFO     : Net clk_lvds_7x promoted to global due to interface constraints.
INFO     : Net clk_27m promoted to global due to interface constraints.
INFO     : Net dsi_serclk_i promoted to global due to interface constraints.
INFO     : Net dsi_byteclk_i promoted to global due to interface constraints.
INFO     : Net dsi_txcclk_i promoted to global due to interface constraints.
INFO     : Found 0 constant generator nets.
INFO     : Pass 0: Swept away 0 nets with no fanout.
INFO     : logical_block #0(clk_24m) has no fanout.
INFO     : Removing input.
INFO     : logical_block #1(clk_25m) has no fanout.
INFO     : Removing input.
INFO     : logical_block #5(clk_pixel_2x) has no fanout.
INFO     : Removing input.
INFO     : logical_block #9(dsi_refclk_i) has no fanout.
INFO     : Removing input.
INFO     : logical_block #33(clk_54m) has no fanout.
INFO     : Removing input.
INFO     : logical_block #149(i_dqs_n_hi[1]) has no fanout.
INFO     : Removing input.
INFO     : logical_block #150(i_dqs_n_hi[0]) has no fanout.
INFO     : Removing input.
INFO     : logical_block #151(i_dqs_n_lo[1]) has no fanout.
INFO     : Removing input.
INFO     : logical_block #152(i_dqs_n_lo[0]) has no fanout.
INFO     : Removing input.
INFO     : logical_block #171(csi_ctl0_i) has no fanout.
INFO     : Removing input.
INFO     : logical_block #174(csi_ctl1_i) has no fanout.
INFO     : Removing input.
INFO     : logical_block #177(csi_scl_i) has no fanout.
INFO     : Removing input.
INFO     : logical_block #180(csi_sda_i) has no fanout.
INFO     : Removing input.
INFO     : logical_block #181(csi_rxc_lp_p_i) has no fanout.
INFO     : Removing input.
INFO     : logical_block #182(csi_rxc_lp_n_i) has no fanout.
INFO     : Removing input.
INFO     : logical_block #185(csi_rxc_i) has no fanout.
INFO     : Removing input.
INFO     : logical_block #189(csi_rxd0_lp_p_i) has no fanout.
INFO     : Removing input.
INFO     : logical_block #190(csi_rxd0_lp_n_i) has no fanout.
INFO     : Removing input.
INFO     : logical_block #191(csi_rxd0_hs_i[7]) has no fanout.
INFO     : Removing input.
INFO     : logical_block #192(csi_rxd0_hs_i[6]) has no fanout.
INFO     : Removing input.
INFO     : logical_block #193(csi_rxd0_hs_i[5]) has no fanout.
INFO     : Removing input.
INFO     : logical_block #194(csi_rxd0_hs_i[4]) has no fanout.
INFO     : Removing input.
INFO     : logical_block #195(csi_rxd0_hs_i[3]) has no fanout.
INFO     : Removing input.
INFO     : logical_block #196(csi_rxd0_hs_i[2]) has no fanout.
INFO     : Removing input.
INFO     : logical_block #197(csi_rxd0_hs_i[1]) has no fanout.
INFO     : Removing input.
INFO     : logical_block #198(csi_rxd0_hs_i[0]) has no fanout.
INFO     : Removing input.
INFO     : logical_block #202(csi_rxd1_lp_n_i) has no fanout.
INFO     : Removing input.
INFO     : logical_block #203(csi_rxd1_lp_p_i) has no fanout.
INFO     : Removing input.
INFO     : logical_block #204(csi_rxd1_hs_i[7]) has no fanout.
INFO     : Removing input.
INFO     : logical_block #205(csi_rxd1_hs_i[6]) has no fanout.
INFO     : Removing input.
INFO     : logical_block #206(csi_rxd1_hs_i[5]) has no fanout.
INFO     : Removing input.
INFO     : logical_block #207(csi_rxd1_hs_i[4]) has no fanout.
INFO     : Removing input.
INFO     : logical_block #208(csi_rxd1_hs_i[3]) has no fanout.
INFO     : Removing input.
INFO     : logical_block #209(csi_rxd1_hs_i[2]) has no fanout.
INFO     : Removing input.
INFO     : logical_block #210(csi_rxd1_hs_i[1]) has no fanout.
INFO     : Removing input.
INFO     : logical_block #211(csi_rxd1_hs_i[0]) has no fanout.
INFO     : Removing input.
INFO     : logical_block #215(csi_rxd2_lp_p_i) has no fanout.
INFO     : Removing input.
INFO     : logical_block #216(csi_rxd2_lp_n_i) has no fanout.
INFO     : Removing input.
INFO     : logical_block #217(csi_rxd2_hs_i[7]) has no fanout.
INFO     : Removing input.
INFO     : logical_block #218(csi_rxd2_hs_i[6]) has no fanout.
INFO     : Removing input.
INFO     : logical_block #219(csi_rxd2_hs_i[5]) has no fanout.
INFO     : Removing input.
INFO     : logical_block #220(csi_rxd2_hs_i[4]) has no fanout.
INFO     : Removing input.
INFO     : logical_block #221(csi_rxd2_hs_i[3]) has no fanout.
INFO     : Removing input.
INFO     : logical_block #222(csi_rxd2_hs_i[2]) has no fanout.
INFO     : Removing input.
INFO     : logical_block #223(csi_rxd2_hs_i[1]) has no fanout.
INFO     : Removing input.
INFO     : logical_block #224(csi_rxd2_hs_i[0]) has no fanout.
INFO     : Removing input.
INFO     : logical_block #228(csi_rxd3_lp_p_i) has no fanout.
INFO     : Removing input.
INFO     : logical_block #229(csi_rxd3_lp_n_i) has no fanout.
INFO     : Removing input.
INFO     : logical_block #230(csi_rxd3_hs_i[7]) has no fanout.
INFO     : Removing input.
INFO     : logical_block #231(csi_rxd3_hs_i[6]) has no fanout.
INFO     : Removing input.
INFO     : logical_block #232(csi_rxd3_hs_i[5]) has no fanout.
INFO     : Removing input.
INFO     : logical_block #233(csi_rxd3_hs_i[4]) has no fanout.
INFO     : Removing input.
INFO     : logical_block #234(csi_rxd3_hs_i[3]) has no fanout.
INFO     : Removing input.
INFO     : logical_block #235(csi_rxd3_hs_i[2]) has no fanout.
INFO     : Removing input.
INFO     : logical_block #236(csi_rxd3_hs_i[1]) has no fanout.
INFO     : Removing input.
INFO     : logical_block #237(csi_rxd3_hs_i[0]) has no fanout.
INFO     : Removing input.
INFO     : logical_block #310(dsi_txd0_lp_p_i) has no fanout.
INFO     : Removing input.
INFO     : logical_block #311(dsi_txd0_lp_n_i) has no fanout.
INFO     : Removing input.
INFO     : logical_block #312(dsi_txd1_lp_p_i) has no fanout.
INFO     : Removing input.
INFO     : logical_block #313(dsi_txd1_lp_n_i) has no fanout.
INFO     : Removing input.
INFO     : logical_block #314(dsi_txd2_lp_p_i) has no fanout.
INFO     : Removing input.
INFO     : logical_block #315(dsi_txd2_lp_n_i) has no fanout.
INFO     : Removing input.
INFO     : logical_block #316(dsi_txd3_lp_p_i) has no fanout.
INFO     : Removing input.
INFO     : logical_block #317(dsi_txd3_lp_n_i) has no fanout.
INFO     : Removing input.
INFO     : logical_block #318(uart_rx_i) has no fanout.
INFO     : Removing input.
INFO     : logical_block #327(cmos_sdat_IN) has no fanout.
INFO     : Removing input.
INFO     : logical_block #343(cmos_ctl1_i) has no fanout.
INFO     : Removing input.
INFO     : logical_block #346(cmos_ctl2_i) has no fanout.
INFO     : Removing input.
INFO     : logical_block #349(cmos_ctl3_i) has no fanout.
INFO     : Removing input.
INFO     : logical_block #445(lcd_tp_sda_i) has no fanout.
INFO     : Removing input.
INFO     : logical_block #448(lcd_tp_scl_i) has no fanout.
INFO     : Removing input.
INFO     : logical_block #451(lcd_tp_int_i) has no fanout.
INFO     : Removing input.
INFO     : logical_block #506(lcd_b7_0_i[7]) has no fanout.
INFO     : Removing input.
INFO     : logical_block #507(lcd_b7_0_i[6]) has no fanout.
INFO     : Removing input.
INFO     : logical_block #508(lcd_b7_0_i[5]) has no fanout.
INFO     : Removing input.
INFO     : logical_block #509(lcd_b7_0_i[4]) has no fanout.
INFO     : Removing input.
INFO     : logical_block #510(lcd_b7_0_i[3]) has no fanout.
INFO     : Removing input.
INFO     : logical_block #511(lcd_b7_0_i[2]) has no fanout.
INFO     : Removing input.
INFO     : logical_block #512(lcd_b7_0_i[1]) has no fanout.
INFO     : Removing input.
INFO     : logical_block #513(lcd_b7_0_i[0]) has no fanout.
INFO     : Removing input.
INFO     : logical_block #514(lcd_g7_0_i[7]) has no fanout.
INFO     : Removing input.
INFO     : logical_block #515(lcd_g7_0_i[6]) has no fanout.
INFO     : Removing input.
INFO     : logical_block #516(lcd_g7_0_i[5]) has no fanout.
INFO     : Removing input.
INFO     : logical_block #517(lcd_g7_0_i[4]) has no fanout.
INFO     : Removing input.
INFO     : logical_block #518(lcd_g7_0_i[3]) has no fanout.
INFO     : Removing input.
INFO     : logical_block #519(lcd_g7_0_i[2]) has no fanout.
INFO     : Removing input.
INFO     : logical_block #520(lcd_g7_0_i[1]) has no fanout.
INFO     : Removing input.
INFO     : logical_block #521(lcd_g7_0_i[0]) has no fanout.
INFO     : Removing input.
INFO     : logical_block #522(lcd_r7_0_i[7]) has no fanout.
INFO     : Removing input.
INFO     : logical_block #523(lcd_r7_0_i[6]) has no fanout.
INFO     : Removing input.
INFO     : logical_block #524(lcd_r7_0_i[5]) has no fanout.
INFO     : Removing input.
INFO     : logical_block #525(lcd_r7_0_i[4]) has no fanout.
INFO     : Removing input.
INFO     : logical_block #526(lcd_r7_0_i[3]) has no fanout.
INFO     : Removing input.
INFO     : logical_block #527(lcd_r7_0_i[2]) has no fanout.
INFO     : Removing input.
INFO     : logical_block #528(lcd_r7_0_i[1]) has no fanout.
INFO     : Removing input.
INFO     : logical_block #529(lcd_r7_0_i[0]) has no fanout.
INFO     : Removing input.
INFO     : Pass 0: Swept away 96 blocks with no fanout.
INFO     : Pass 1: Swept away 0 nets with no fanout.
INFO     : Pass 1: Swept away 0 blocks with no fanout.
INFO     : Swept away 0 nets and 96 blocks in total.
INFO     : Removed 0 LUT buffers
INFO     : Sweept away 96 nodes
INFO     : Successfully created VPR logical netlist from Verific binary DataBase file "outflow\Ti60_Demo.vdb".
INFO     : Netlist pre-processing took 0.469285 seconds.
INFO     : 	Netlist pre-processing took 0.28125 seconds (approximately) in total CPU time.
INFO     : Netlist pre-processing virtual memory usage: begin = 325.968 MB, end = 743.764 MB, delta = 417.796 MB
INFO     : 	Netlist pre-processing peak virtual memory usage = 743.764 MB
INFO     : Netlist pre-processing resident set memory usage: begin = 337.884 MB, end = 755.22 MB, delta = 417.336 MB
INFO     : 	Netlist pre-processing peak resident set memory usage = 755.22 MB
           ***** Ending stage netlist pre-processing *****
           
           ***** Beginning stage packed netlist loading ... *****
INFO     : Load Global Network took 0.37876 seconds.
INFO     : 	Load Global Network took 0.171875 seconds (approximately) in total CPU time.
INFO     : Load Global Network virtual memory usage: begin = 743.764 MB, end = 743.764 MB, delta = 0 MB
INFO     : 	Load Global Network peak virtual memory usage = 743.764 MB
INFO     : Load Global Network resident set memory usage: begin = 755.224 MB, end = 755.336 MB, delta = 0.112 MB
INFO     : 	Load Global Network peak resident set memory usage = 755.336 MB
INFO     : Reading C:/Efinity/2025.1/arch/.\rr_pb_hier_mapping.xml
INFO     : Read proto netlist file work_pnr\Ti60_Demo.net_proto
INFO     : Read proto netlist for file "work_pnr\Ti60_Demo.net_proto" took 0.008 seconds
INFO     : Setup net and block data structure took 0.07 seconds
INFO     : Reading core interface constraints file "outflow\Ti60_Demo.interface.csv"
INFO     : Successfully read core interface constraints file "outflow\Ti60_Demo.interface.csv"
INFO     : Packed netlist loading took 0.604596 seconds.
INFO     : 	Packed netlist loading took 0.375 seconds (approximately) in total CPU time.
INFO     : Packed netlist loading virtual memory usage: begin = 743.764 MB, end = 743.764 MB, delta = 0 MB
INFO     : 	Packed netlist loading peak virtual memory usage = 743.764 MB
INFO     : Packed netlist loading resident set memory usage: begin = 755.22 MB, end = 756.184 MB, delta = 0.964 MB
INFO     : 	Packed netlist loading peak resident set memory usage = 756.184 MB
           ***** Ending stage packed netlist loading *****
           
INFO     : Run checks after load placement.
INFO     : Reading core interface constraints file "outflow\Ti60_Demo.interface.csv"
INFO     : Successfully read core interface constraints file "outflow\Ti60_Demo.interface.csv"
INFO     : Successfully loaded placement data from "outflow\Ti60_Demo.place".
           ***** Beginning stage bitstream generation ... *****
INFO     : Reading core interface constraints file "outflow\Ti60_Demo.interface.csv"
INFO     : Successfully read core interface constraints file "outflow\Ti60_Demo.interface.csv"
INFO     : Finished writing bitstream file work_pnr\Ti60_Demo.lbf.
INFO     : Bitstream generation took 1.28343 seconds.
INFO     : 	Bitstream generation took 1.04688 seconds (approximately) in total CPU time.
INFO     : Bitstream generation virtual memory usage: begin = 359.148 MB, end = 455.796 MB, delta = 96.648 MB
INFO     : 	Bitstream generation peak virtual memory usage = 743.764 MB
INFO     : Bitstream generation resident set memory usage: begin = 371.772 MB, end = 469.124 MB, delta = 97.352 MB
INFO     : 	Bitstream generation peak resident set memory usage = 756.38 MB
           ***** Ending stage bitstream generation *****
           
INFO     : The entire flow of EFX_PNR took 43.0757 seconds.
INFO     : 	The entire flow of EFX_PNR took 72.2031 seconds (approximately) in total CPU time.
INFO     : The entire flow of EFX_PNR virtual memory usage: begin = 19.796 MB, end = 455.796 MB, delta = 436 MB
INFO     : 	The entire flow of EFX_PNR peak virtual memory usage = 743.764 MB
INFO     : The entire flow of EFX_PNR resident set memory usage: begin = 21.276 MB, end = 469.148 MB, delta = 447.872 MB
INFO     : 	The entire flow of EFX_PNR peak resident set memory usage = 756.38 MB
Stage completed: pnr
Running: efx_run_pgm.py Ti60_Demo --family Titanium --device Ti60F225 --output_dir outflow --opt mode=active width=4 enable_roms=on spi_low_power_mode=off io_weak_pullup=on oscillator_clock_divider=DIV4 enable_crc_check=on bitstream_compression=on active_capture_clk_edge=negedge release_tri_then_reset=on enable_external_master_clock=off jtag_usercode=0xFFFFFFFF four_byte_addressing=off
C:/Efinity/2025.1\bin\efx_pgm.exe --interface_designer_settings outflow\Ti60_Demo_or.ini --periph outflow\Ti60_Demo.lpf --family Titanium --device Ti60F225 --source D:\yilingsi_fpga\Efinity_Project\Ti60F225_OV5640_Sobel_Stable\work_pnr\Ti60_Demo.lbf --dest outflow\Ti60_Demo.hex --mode=active --width=4 --enable_roms=on --spi_low_power_mode=off --io_weak_pullup=on --oscillator_clock_divider=DIV4 --enable_crc_check=on --bitstream_compression=on --active_capture_clk_edge=negedge --release_tri_then_reset=on --enable_external_master_clock=off --jtag_usercode=0xFFFFFFFF --four_byte_addressing=off
INFO     : Efinix FPGA Bitstream Generator.
INFO     : Version: 2025.1.110.5.9 
INFO     : Copyright (C) 2013 - 2025 Efinix, Inc. All rights reserved.
INFO     : Compiled: May  7 2025.
INFO     : Using source file "D:\yilingsi_fpga\Efinity_Project\Ti60F225_OV5640_Sobel_Stable\work_pnr\Ti60_Demo.lbf"
INFO     : Generating HEX programming file for device "Ti60F225", family "Titanium"
INFO     : Using periphery source file "outflow\Ti60_Demo.lpf"
INFO     : Generating bit file: "outflow\Ti60_Demo.bit"
INFO     : HEX Generation Options Summary:
INFO     : 	Listing options specified to bitstream generation:
INFO     : 	enable_crc_check                         = on
INFO     : 	bitstream_compression                    = on
INFO     : 	oscillator_clock_divider                 = DIV4
INFO     : 	enable_external_master_clock             = off
INFO     : 	spi_low_power_mode                       = off
INFO     : 	active_capture_clk_edge                  = negedge
INFO     : 	enable_remote_update                     = off
INFO     : 	release_tri_then_reset                   = on
INFO     : 	enable_seu_crc_check                     = off
INFO     : 	seu_mode                                 = automatic
INFO     : 	seu_wait_interval                        = 0xFFFFFF
INFO     : 	jtag_usercode                            = 0xFFFFFFFF
INFO     : 	io_weak_pullup                           = on
INFO     : Finished generating "outflow\Ti60_Demo.hex"
INFO     : Efinix Bitstream Generator took 1.30605 seconds.
INFO     : 	Efinix Bitstream Generator took 0.9375 seconds (approximately) in total CPU time.
INFO     : Efinix Bitstream Generator virtual memory usage: begin = 2.58 MB, end = 9.64 MB, delta = 7.06 MB
INFO     : 	Efinix Bitstream Generator peak virtual memory usage = 167.516 MB
INFO     : Efinix Bitstream Generator resident set memory usage: begin = 9.28 MB, end = 19.696 MB, delta = 10.416 MB
INFO     : 	Efinix Bitstream Generator peak resident set memory usage = 172.364 MB
Stage completed: pgm
Running: export_bitstream.py hex_to_bin outflow\Ti60_Demo.bit outflow\Ti60_Demo.bit.bin
Stage completed: export_bitstream
Running: export_bitstream.py hex_to_bin outflow\Ti60_Demo.hex outflow\Ti60_Demo.hex.bin
Stage completed: export_bitstream
