Efinity Synthesis report for project Ti60_Demo
Version: 2025.1.110.5.9
Generated at: Sep 17, 2026 18:49:59
Copyright (C) 2013 - 2025  All rights reserved.

Top-level Entity Name : example_top

family : Titanium
device : Ti60F225
project : Ti60_Demo
project-xml : D:\yilingsi_fpga\Efinity_Project\Ti60F225_OV5640_Sobel_Stable\Ti60_Demo.xml
root : example_top
I,include : D:\yilingsi_fpga\Efinity_Project\Ti60F225_OV5640_Sobel_Stable\ip\W0_FIFO
I,include : D:\yilingsi_fpga\Efinity_Project\Ti60F225_OV5640_Sobel_Stable\ip\R0_FIFO
I,include : D:\yilingsi_fpga\Efinity_Project\Ti60F225_OV5640_Sobel_Stable\ip\dsi_tx
I,include : D:\yilingsi_fpga\Efinity_Project\Ti60F225_OV5640_Sobel_Stable\ip\csi_rx
I,include : D:\yilingsi_fpga\Efinity_Project\Ti60F225_OV5640_Sobel_Stable\ip\DdrCtrl
I,include : D:\yilingsi_fpga\Efinity_Project\Ti60F225_OV5640_Sobel_Stable\ip\W0_FIFO_8
I,include : D:\yilingsi_fpga\Efinity_Project\Ti60F225_OV5640_Sobel_Stable\ip\W0_FIFO_64
I,include : D:\yilingsi_fpga\Efinity_Project\Ti60F225_OV5640_Sobel_Stable\ip\FIFO_W48R24
I,include : D:\yilingsi_fpga\Efinity_Project\Ti60F225_OV5640_Sobel_Stable\ip\R0_FIFO_8
I,include : D:\yilingsi_fpga\Efinity_Project\Ti60F225_OV5640_Sobel_Stable\ip\R0_FIFO_16
I,include : D:\yilingsi_fpga\Efinity_Project\Ti60F225_OV5640_Sobel_Stable\ip\W0_FIFO_32
I,include : D:\yilingsi_fpga\Efinity_Project\Ti60F225_OV5640_Sobel_Stable\ip\W0_FIFO_16
I,include : ip/W0_FIFO
I,include : ip/R0_FIFO
I,include : ip/dsi_tx
I,include : ip/csi_rx
I,include : ip/DdrCtrl
I,include : ip/W0_FIFO_8
I,include : ip/W0_FIFO_64
I,include : ip/FIFO_W48R24
I,include : ip/R0_FIFO_8
I,include : ip/R0_FIFO_16
I,include : ip/W0_FIFO_32
I,include : ip/W0_FIFO_16
I,include : ip/W0_FIFO_16
output-dir : outflow
work-dir : work_syn
write-efx-verilog : outflow\Ti60_Demo.map.v
binary-db : outflow\Ti60_Demo.vdb
insert-ios : 0
insert-gclk : 0
max-carry-cascade : 320
max-dsp-cascade : 16
max_mult : -1
max_ram : -1
seq_opt : 0
mode : speed
veri_options : verilog_mode=verilog_2k,vhdl_mode=vhdl_2008
num_srl : -1
retiming : 0

File List:

D:\yilingsi_fpga\Efinity_Project\Ti60F225_OV5640_Sobel_Stable\ip/W0_FIFO\W0_FIFO.sv
D:\yilingsi_fpga\Efinity_Project\Ti60F225_OV5640_Sobel_Stable\ip/R0_FIFO\R0_FIFO.sv
D:\yilingsi_fpga\Efinity_Project\Ti60F225_OV5640_Sobel_Stable\ip/dsi_tx\dsi_tx.sv
D:\yilingsi_fpga\Efinity_Project\Ti60F225_OV5640_Sobel_Stable\ip/csi_rx\csi_rx.sv
D:\yilingsi_fpga\Efinity_Project\Ti60F225_OV5640_Sobel_Stable\ip/DdrCtrl\DdrCtrl.sv
D:\yilingsi_fpga\Efinity_Project\Ti60F225_OV5640_Sobel_Stable\ip/W0_FIFO_8\W0_FIFO_8.sv
D:\yilingsi_fpga\Efinity_Project\Ti60F225_OV5640_Sobel_Stable\ip/W0_FIFO_64\W0_FIFO_64.sv
D:\yilingsi_fpga\Efinity_Project\Ti60F225_OV5640_Sobel_Stable\ip/FIFO_W48R24\FIFO_W48R24.sv
D:\yilingsi_fpga\Efinity_Project\Ti60F225_OV5640_Sobel_Stable\ip/R0_FIFO_8\R0_FIFO_8.sv
D:\yilingsi_fpga\Efinity_Project\Ti60F225_OV5640_Sobel_Stable\ip/R0_FIFO_16\R0_FIFO_16.v
D:\yilingsi_fpga\Efinity_Project\Ti60F225_OV5640_Sobel_Stable\ip/W0_FIFO_32\W0_FIFO_32.v
D:\yilingsi_fpga\Efinity_Project\Ti60F225_OV5640_Sobel_Stable\ip/W0_FIFO_16\W0_FIFO_16.v
D:\yilingsi_fpga\Efinity_Project\Ti60F225_OV5640_Sobel_Stable\example_top.v
D:\yilingsi_fpga\Efinity_Project\Ti60F225_OV5640_Sobel_Stable\src\ddr_rw_ctrl.v
D:\yilingsi_fpga\Efinity_Project\Ti60F225_OV5640_Sobel_Stable\src\cmos_i2c\i2c_timing_ctrl_16bit.v
D:\yilingsi_fpga\Efinity_Project\Ti60F225_OV5640_Sobel_Stable\src\cmos_i2c\CMOS_Capture_RAW_Gray.v
D:\yilingsi_fpga\Efinity_Project\Ti60F225_OV5640_Sobel_Stable\src\cmos_i2c\I2C_MT9M001_Gray_Config.v
D:\yilingsi_fpga\Efinity_Project\Ti60F225_OV5640_Sobel_Stable\src\lcd_para.v
D:\yilingsi_fpga\Efinity_Project\Ti60F225_OV5640_Sobel_Stable\src\lcd_driver.v
D:\yilingsi_fpga\Efinity_Project\Ti60F225_OV5640_Sobel_Stable\src\hdmi_ip\hdmi_tx_ip.v
D:\yilingsi_fpga\Efinity_Project\Ti60F225_OV5640_Sobel_Stable\src\hdmi_ip\encode.v
D:\yilingsi_fpga\Efinity_Project\Ti60F225_OV5640_Sobel_Stable\src\hdmi_ip\serdes_4b_10to1.v
D:\yilingsi_fpga\Efinity_Project\Ti60F225_OV5640_Sobel_Stable\src\cmos_i2c\I2C_SC130GS_12801024_4Lanes_Config.v
D:\yilingsi_fpga\Efinity_Project\Ti60F225_OV5640_Sobel_Stable\src\PWMLite.v
D:\yilingsi_fpga\Efinity_Project\Ti60F225_OV5640_Sobel_Stable\src\lcd_display.v
D:\yilingsi_fpga\Efinity_Project\Ti60F225_OV5640_Sobel_Stable\src\dsi\dsi_init.v
D:\yilingsi_fpga\Efinity_Project\Ti60F225_OV5640_Sobel_Stable\src\Sensor_Image_XYCrop.v
D:\yilingsi_fpga\Efinity_Project\Ti60F225_OV5640_Sobel_Stable\src\cmos_i2c\i2c_timing_ctrl_reg16_dat16.v
D:\yilingsi_fpga\Efinity_Project\Ti60F225_OV5640_Sobel_Stable\src\cmos_i2c\I2C_AR0135_1280720_Config.v
D:\yilingsi_fpga\Efinity_Project\Ti60F225_OV5640_Sobel_Stable\src\axi\AXI4_AWARMux.v
D:\yilingsi_fpga\Efinity_Project\Ti60F225_OV5640_Sobel_Stable\src\lvds\LCDDual2LVDS.v
D:\yilingsi_fpga\Efinity_Project\Ti60F225_OV5640_Sobel_Stable\src\axi\axi4_ctrl.v
D:\yilingsi_fpga\Efinity_Project\Ti60F225_OV5640_Sobel_Stable\src\hdmi_ip\tmds_channel.v
D:\yilingsi_fpga\Efinity_Project\Ti60F225_OV5640_Sobel_Stable\src\hdmi_ip\rgb2dvi.v
D:\yilingsi_fpga\Efinity_Project\Ti60F225_OV5640_Sobel_Stable\src\cmos_i2c\I2C_OV5640_1280720_Config.v
D:\yilingsi_fpga\Efinity_Project\Ti60F225_OV5640_Sobel_Stable\src\sobel\sobel_line_delay.v
D:\yilingsi_fpga\Efinity_Project\Ti60F225_OV5640_Sobel_Stable\src\sobel\sobel_stream_720p.v

### ### Report Section Start ### ###

"MEM|SYN-0677" : ... Memory 'ram' is not initialized, assuming empty initial contents. (D:\yilingsi_fpga\Efinity_Project\Ti60F225_OV5640_Sobel_Stable\ip/DdrCtrl\DdrCtrl.sv:1599)
"MEM|SYN-0677" : ... Memory 'ram' is not initialized, assuming empty initial contents. (D:\yilingsi_fpga\Efinity_Project\Ti60F225_OV5640_Sobel_Stable\ip/DdrCtrl\DdrCtrl.sv:1599)
"MEM|SYN-0677" : ... Memory 'ram' is not initialized, assuming empty initial contents. (D:\yilingsi_fpga\Efinity_Project\Ti60F225_OV5640_Sobel_Stable\ip/DdrCtrl\DdrCtrl.sv:1599)
"MEM|SYN-0677" : ... Memory 'ram' is not initialized, assuming empty initial contents. (D:\yilingsi_fpga\Efinity_Project\Ti60F225_OV5640_Sobel_Stable\ip/DdrCtrl\DdrCtrl.sv:3652)
"MEM|SYN-0677" : ... Memory 'ram' is not initialized, assuming empty initial contents. (D:\yilingsi_fpga\Efinity_Project\Ti60F225_OV5640_Sobel_Stable\ip/DdrCtrl\DdrCtrl.sv:1599)
"MEM|SYN-0677" : ... Memory 'ram' is not initialized, assuming empty initial contents. (D:\yilingsi_fpga\Efinity_Project\Ti60F225_OV5640_Sobel_Stable\ip/DdrCtrl\DdrCtrl.sv:1599)
"MEM|SYN-0677" : ... Memory 'ram' is not initialized, assuming empty initial contents. (D:\yilingsi_fpga\Efinity_Project\Ti60F225_OV5640_Sobel_Stable\ip/DdrCtrl\DdrCtrl.sv:3652)
"MEM|SYN-0677" : ... Memory 'ram' is not initialized, assuming empty initial contents. (D:\yilingsi_fpga\Efinity_Project\Ti60F225_OV5640_Sobel_Stable\ip/W0_FIFO_8\W0_FIFO_8.sv:673)
"MEM|SYN-0677" : ... Memory 'ram' is not initialized, assuming empty initial contents. (D:\yilingsi_fpga\Efinity_Project\Ti60F225_OV5640_Sobel_Stable\ip/R0_FIFO_16\R0_FIFO_16.v:715)

### ### EFX_FF CE enables (begin) ### ### ###
Total number of enable signals: 117
Total number of FFs with enable signals: 1027
CE signal <ceg_net2>, number of controlling flip flops: 11
CE signal <ceg_net4>, number of controlling flip flops: 10
CE signal <ceg_net7>, number of controlling flip flops: 29
CE signal <ceg_net10>, number of controlling flip flops: 29
CE signal <ceg_net12>, number of controlling flip flops: 45
CE signal <ddr3_ctl_axi/u_efx_ddr3_soft_controller/genblk1.inst_ddr3_axi/equal_77/n7>, number of controlling flip flops: 10
CE signal <ddr3_ctl_axi/u_efx_ddr3_soft_controller/genblk1.inst_ddr3_axi/n1230>, number of controlling flip flops: 2
CE signal <ceg_net15>, number of controlling flip flops: 9
CE signal <ceg_net817>, number of controlling flip flops: 16
CE signal <ceg_net610>, number of controlling flip flops: 16
CE signal <w_ddr3_rvalid>, number of controlling flip flops: 16
CE signal <ddr3_ctl_axi/u_efx_ddr3_soft_controller/genblk1.inst_ddr3_axi/inst_arburst_fifo/Fifo_Wr_En>, number of controlling flip flops: 4
CE signal <ceg_net613>, number of controlling flip flops: 6
CE signal <ceg_net616>, number of controlling flip flops: 6
CE signal <ddr3_ctl_axi/u_efx_ddr3_soft_controller/genblk1.inst_ddr3_axi/u_wr_addr_fifo/Fifo_Wr_En>, number of controlling flip flops: 2
CE signal <ceg_net619>, number of controlling flip flops: 6
CE signal <ceg_net622>, number of controlling flip flops: 6
CE signal <ceg_net625>, number of controlling flip flops: 6
CE signal <ddr3_ctl_axi/u_efx_ddr3_soft_controller/genblk1.inst_ddr3_axi/inst_respon_fifo/Fifo_Wr_En>, number of controlling flip flops: 1
CE signal <ceg_net628>, number of controlling flip flops: 6
CE signal <ceg_net631>, number of controlling flip flops: 6
CE signal <ddr3_ctl_axi/u_efx_ddr3_soft_controller/genblk1.inst_ddr3_axi/inst_rd_last_fifo/Fifo_Wr_En>, number of controlling flip flops: 1
CE signal <ceg_net634>, number of controlling flip flops: 6
CE signal <ddr3_ctl_axi/u_efx_ddr3_soft_controller/genblk1.inst_ddr3_axi/inst_respon_len_fifo/Fifo_Wr_En>, number of controlling flip flops: 1
CE signal <ceg_net637>, number of controlling flip flops: 6
CE signal <ceg_net1039>, number of controlling flip flops: 2
CE signal <ceg_net819>, number of controlling flip flops: 2
CE signal <ceg_net59>, number of controlling flip flops: 2
CE signal <ddr3_ctl_axi/u_efx_ddr3_soft_controller/genblk1.inst_ddr3_axi/inst_efx_ddr3/n11146>, number of controlling flip flops: 15
CE signal <ceg_net820>, number of controlling flip flops: 32
CE signal <ceg_net1040>, number of controlling flip flops: 32
CE signal <ceg_net822>, number of controlling flip flops: 1
CE signal <ceg_net823>, number of controlling flip flops: 1
CE signal <ceg_net67>, number of controlling flip flops: 1
CE signal <ceg_net882>, number of controlling flip flops: 3
CE signal <ddr3_ctl_axi/u_efx_ddr3_soft_controller/genblk1.inst_ddr3_axi/inst_efx_ddr3/n12017>, number of controlling flip flops: 8
CE signal <ceg_net642>, number of controlling flip flops: 3
CE signal <ceg_net564>, number of controlling flip flops: 4
CE signal <ceg_net885>, number of controlling flip flops: 4
CE signal <ddr3_ctl_axi/u_efx_ddr3_soft_controller/genblk1.inst_ddr3_axi/inst_efx_ddr3/n11875>, number of controlling flip flops: 4
CE signal <ddr3_ctl_axi/u_efx_ddr3_soft_controller/genblk1.inst_ddr3_axi/inst_efx_ddr3/n11204>, number of controlling flip flops: 11
CE signal <ceg_net683>, number of controlling flip flops: 4
CE signal <ddr3_ctl_axi/u_efx_ddr3_soft_controller/genblk1.inst_ddr3_axi/inst_efx_ddr3/top_mc/fifo_ar/_zz_16>, number of controlling flip flops: 13
CE signal <ddr3_ctl_axi/u_efx_ddr3_soft_controller/genblk1.inst_ddr3_axi/inst_efx_ddr3/top_mc/fifo_ar/n212>, number of controlling flip flops: 13
CE signal <ddr3_ctl_axi/u_efx_ddr3_soft_controller/genblk1.inst_ddr3_axi/inst_efx_ddr3/top_mc/fifo_aw/_zz_16>, number of controlling flip flops: 13
CE signal <ddr3_ctl_axi/u_efx_ddr3_soft_controller/genblk1.inst_ddr3_axi/inst_efx_ddr3/top_mc/fifo_aw/n212>, number of controlling flip flops: 13
CE signal <ddr3_ctl_axi/u_efx_ddr3_soft_controller/genblk1.inst_ddr3_axi/inst_efx_ddr3/top_mc/fifo_wr/_zz_16>, number of controlling flip flops: 13
CE signal <ddr3_ctl_axi/u_efx_ddr3_soft_controller/genblk1.inst_ddr3_axi/inst_efx_ddr3/top_mc/fifo_wr/n548>, number of controlling flip flops: 13
CE signal <ddr3_ctl_axi/u_efx_ddr3_soft_controller/genblk1.inst_ddr3_axi/inst_efx_ddr3/top_mc/fifo_rdpush/_zz_16>, number of controlling flip flops: 13
CE signal <ddr3_ctl_axi/u_efx_ddr3_soft_controller/genblk1.inst_ddr3_axi/inst_efx_ddr3/top_mc/fifo_rdpush/io_pop_valid>, number of controlling flip flops: 13
CE signal <ddr3_ctl_axi/u_efx_ddr3_soft_controller/genblk1.inst_ddr3_axi/inst_efx_ddr3/top_mc/fifo_rd/wr_en_int>, number of controlling flip flops: 7
CE signal <ddr3_ctl_axi/u_efx_ddr3_soft_controller/genblk1.inst_ddr3_axi/inst_efx_ddr3/top_mc/fifo_ack/_zz_16>, number of controlling flip flops: 13
CE signal <ddr3_ctl_axi/u_efx_ddr3_soft_controller/genblk1.inst_ddr3_axi/inst_efx_ddr3/top_mc/w_ack_rd_valid>, number of controlling flip flops: 13
CE signal <ddr3_ctl_axi/u_efx_ddr3_soft_controller/genblk1.inst_ddr3_axi/inst_efx_ddr3/top_mc/ac_fifo/_zz_16>, number of controlling flip flops: 13
CE signal <ddr3_ctl_axi/u_efx_ddr3_soft_controller/genblk1.inst_ddr3_axi/inst_efx_ddr3/top_mc/ac_fifo/n272>, number of controlling flip flops: 13
CE signal <ceg_net247>, number of controlling flip flops: 1
CE signal <ddr3_ctl_axi/u_efx_ddr3_soft_controller/genblk1.inst_ddr3_axi/inst_efx_ddr3/top_mc/controller_main/bram_u2/full_o>, number of controlling flip flops: 7
CE signal <ddr3_ctl_axi/u_efx_ddr3_soft_controller/genblk1.inst_ddr3_axi/inst_efx_ddr3/top_mc/controller_main/n777>, number of controlling flip flops: 2
CE signal <ceg_net250>, number of controlling flip flops: 2
CE signal <ddr3_ctl_axi/u_efx_ddr3_soft_controller/genblk1.inst_ddr3_axi/inst_efx_ddr3/top_mc/controller_main/n6770>, number of controlling flip flops: 2
CE signal <ddr3_ctl_axi/u_efx_ddr3_soft_controller/genblk1.inst_ddr3_axi/inst_efx_ddr3/w_init_done>, number of controlling flip flops: 60
CE signal <ceg_net919>, number of controlling flip flops: 3
CE signal <ddr3_ctl_axi/u_efx_ddr3_soft_controller/genblk1.inst_ddr3_axi/inst_efx_ddr3/top_mc/controller_main/n6868>, number of controlling flip flops: 1
CE signal <ceg_net648>, number of controlling flip flops: 1
CE signal <ceg_net650>, number of controlling flip flops: 8
CE signal <ceg_net652>, number of controlling flip flops: 1
CE signal <ddr3_ctl_axi/u_efx_ddr3_soft_controller/genblk1.inst_ddr3_axi/inst_efx_ddr3/top_mc/controller_main/n6863>, number of controlling flip flops: 1
CE signal <ddr3_ctl_axi/u_efx_ddr3_soft_controller/genblk1.inst_ddr3_axi/inst_efx_ddr3/top_mc/controller_main/n6860>, number of controlling flip flops: 1
CE signal <ceg_net653>, number of controlling flip flops: 1
CE signal <ceg_net829>, number of controlling flip flops: 16
CE signal <ceg_net275>, number of controlling flip flops: 17
CE signal <ddr3_ctl_axi/u_efx_ddr3_soft_controller/genblk1.inst_ddr3_axi/inst_efx_ddr3/top_mc/controller_main/n6867>, number of controlling flip flops: 1
CE signal <ceg_net277>, number of controlling flip flops: 2
CE signal <ddr3_ctl_axi/u_efx_ddr3_soft_controller/genblk1.inst_ddr3_axi/inst_efx_ddr3/top_mc/controller_main/n6771>, number of controlling flip flops: 1
CE signal <ddr3_ctl_axi/u_efx_ddr3_soft_controller/genblk1.inst_ddr3_axi/inst_efx_ddr3/top_mc/controller_main/r_ref_rst>, number of controlling flip flops: 1
CE signal <ddr3_ctl_axi/u_efx_ddr3_soft_controller/genblk1.inst_ddr3_axi/inst_efx_ddr3/top_mc/controller_main/dqs_state[1]>, number of controlling flip flops: 1
CE signal <ceg_net280>, number of controlling flip flops: 14
CE signal <ddr3_ctl_axi/u_efx_ddr3_soft_controller/genblk1.inst_ddr3_axi/inst_efx_ddr3/top_mc/controller_main/bram_u1/full_o>, number of controlling flip flops: 7
CE signal <ddr3_ctl_axi/u_efx_ddr3_soft_controller/genblk1.inst_ddr3_axi/inst_efx_ddr3/top_mc/controller_main/bram_u0/full_o>, number of controlling flip flops: 7
CE signal <ddr3_ctl_axi/u_efx_ddr3_soft_controller/genblk1.inst_ddr3_axi/inst_efx_ddr3/top_mc/controller_main/n2454>, number of controlling flip flops: 3
CE signal <ceg_net834>, number of controlling flip flops: 16
CE signal <ceg_net836>, number of controlling flip flops: 16
CE signal <ceg_net838>, number of controlling flip flops: 16
CE signal <ceg_net840>, number of controlling flip flops: 16
CE signal <ceg_net842>, number of controlling flip flops: 16
CE signal <ceg_net844>, number of controlling flip flops: 16
CE signal <ceg_net846>, number of controlling flip flops: 16
CE signal <ceg_net308>, number of controlling flip flops: 1
CE signal <ceg_net1041>, number of controlling flip flops: 1
CE signal <ceg_net1042>, number of controlling flip flops: 1
CE signal <axi4_awar_mux/n45>, number of controlling flip flops: 1
CE signal <u_i2c_timing_ctrl_16bit/i2c_transfer_en>, number of controlling flip flops: 4
CE signal <u_i2c_timing_ctrl_16bit/n525>, number of controlling flip flops: 8
CE signal <ceg_net686>, number of controlling flip flops: 4
CE signal <ceg_net928>, number of controlling flip flops: 8
CE signal <u_i2c_timing_ctrl_16bit/n7>, number of controlling flip flops: 27
CE signal <ceg_net1075>, number of controlling flip flops: 1
CE signal <ceg_net594>, number of controlling flip flops: 12
CE signal <u_axi4_ctrl/r_rframe_inc>, number of controlling flip flops: 2
CE signal <u_axi4_ctrl/n1583>, number of controlling flip flops: 2
CE signal <ceg_net597>, number of controlling flip flops: 1
CE signal <rstn_sys>, number of controlling flip flops: 8
CE signal <ceg_net599>, number of controlling flip flops: 1
CE signal <ceg_net602>, number of controlling flip flops: 1
CE signal <ceg_net605>, number of controlling flip flops: 1
CE signal <u_axi4_ctrl/r_wframe_inc>, number of controlling flip flops: 1
CE signal <u_axi4_ctrl/n1585>, number of controlling flip flops: 1
CE signal <u_axi4_ctrl/equal_68/n7>, number of controlling flip flops: 1
CE signal <u_axi4_ctrl/Gen_FIFO_W8.u_W0_FIFO_8/u_efx_fifo_top/wr_en_int>, number of controlling flip flops: 14
CE signal <ceg_net608>, number of controlling flip flops: 1
CE signal <u_axi4_ctrl/Gen_RFIFO_16.u_R0_FIFO_16/u_efx_fifo_top/wr_en_int>, number of controlling flip flops: 10
CE signal <u_axi4_ctrl/Gen_RFIFO_16.u_R0_FIFO_16/u_efx_fifo_top/rd_en_int>, number of controlling flip flops: 23
CE signal <u_axi4_ctrl/n793>, number of controlling flip flops: 11
CE signal <u_lcd_driver/equal_17/n27>, number of controlling flip flops: 12
CE signal <rstn_pixel>, number of controlling flip flops: 1
CE signal <u_lcd_driver/n434>, number of controlling flip flops: 1
CE signal <lcd_de>, number of controlling flip flops: 46
### ### EFX_FF CE enables (end) ### ### ###

### ### EFX_FF SR set/reset (begin) ### ### ###
Total number of set/reset signals: 30
Total number of FFs with set/reset signals: 2600
SR signal <w_pll_lock>, number of controlling flip flops: 2
SR signal <rstn_sys>, number of controlling flip flops: 217
SR signal <rstn_pixel>, number of controlling flip flops: 97
SR signal <w_ddr3_cal_done>, number of controlling flip flops: 177
SR signal <ddr3_ctl_axi/u_efx_ddr3_soft_controller/genblk1.inst_ddr3_axi/inst_arburst_fifo/n332>, number of controlling flip flops: 1
SR signal <ddr3_ctl_axi/u_efx_ddr3_soft_controller/genblk1.inst_ddr3_axi/u_rd_addr_fifo/n860>, number of controlling flip flops: 1
SR signal <ddr3_ctl_axi/u_efx_ddr3_soft_controller/genblk1.inst_ddr3_axi/u_wr_addr_fifo/n1212>, number of controlling flip flops: 1
SR signal <ddr3_ctl_axi/u_efx_ddr3_soft_controller/genblk1.inst_ddr3_axi/inst_awid_fifo/n332>, number of controlling flip flops: 1
SR signal <ddr3_ctl_axi/u_efx_ddr3_soft_controller/genblk1.inst_ddr3_axi/inst_arid_fifo/n332>, number of controlling flip flops: 1
SR signal <ddr3_ctl_axi/u_efx_ddr3_soft_controller/genblk1.inst_ddr3_axi/inst_respon_fifo/n332>, number of controlling flip flops: 1
SR signal <ddr3_ctl_axi/u_efx_ddr3_soft_controller/genblk1.inst_ddr3_axi/inst_rd_brust_fifo/n332>, number of controlling flip flops: 1
SR signal <ddr3_ctl_axi/u_efx_ddr3_soft_controller/genblk1.inst_ddr3_axi/inst_rd_last_fifo/n332>, number of controlling flip flops: 1
SR signal <ddr3_ctl_axi/u_efx_ddr3_soft_controller/genblk1.inst_ddr3_axi/inst_respon_len_fifo/n332>, number of controlling flip flops: 1
SR signal <ddr3_ctl_axi/u_efx_ddr3_soft_controller/genblk1.inst_ddr3_axi/inst_efx_ddr3/logic_rstn>, number of controlling flip flops: 227
SR signal <ddr3_ctl_axi/u_efx_ddr3_soft_controller/genblk1.inst_ddr3_axi/inst_efx_ddr3/w_init_done>, number of controlling flip flops: 5
SR signal <ddr3_ctl_axi/u_efx_ddr3_soft_controller/genblk1.inst_ddr3_axi/inst_efx_ddr3/top_mc/core_clk_rstn>, number of controlling flip flops: 814
SR signal <ddr3_ctl_axi/u_efx_ddr3_soft_controller/genblk1.inst_ddr3_axi/inst_efx_ddr3/top_mc/clk_rstn>, number of controlling flip flops: 144
SR signal <ddr3_ctl_axi/u_efx_ddr3_soft_controller/genblk1.inst_ddr3_axi/inst_efx_ddr3/top_mc/tdqss_clk_rstn>, number of controlling flip flops: 104
SR signal <ddr3_ctl_axi/u_efx_ddr3_soft_controller/genblk1.inst_ddr3_axi/inst_efx_ddr3/top_mc/twd_clk_rstn>, number of controlling flip flops: 252
SR signal <ddr3_ctl_axi/u_efx_ddr3_soft_controller/genblk1.inst_ddr3_axi/inst_efx_ddr3/top_mc/tac_clk_rstn>, number of controlling flip flops: 289
SR signal <axi4_awar_mux/n133>, number of controlling flip flops: 2
SR signal <u_axi4_ctrl/r_w_rst>, number of controlling flip flops: 4
SR signal <u_axi4_ctrl/n1326>, number of controlling flip flops: 5
SR signal <u_axi4_ctrl/r_rfifo_rst>, number of controlling flip flops: 31
SR signal <u_axi4_ctrl/Gen_FIFO_W8.u_W0_FIFO_8/u_efx_fifo_top/wr_rst_int>, number of controlling flip flops: 64
SR signal <u_axi4_ctrl/Gen_FIFO_W8.u_W0_FIFO_8/u_efx_fifo_top/rd_rst_int>, number of controlling flip flops: 60
SR signal <u_axi4_ctrl/w_rfifo_rst>, number of controlling flip flops: 4
SR signal <u_axi4_ctrl/Gen_RFIFO_16.u_R0_FIFO_16/u_efx_fifo_top/genblk2.rd_rst[1]>, number of controlling flip flops: 44
SR signal <u_axi4_ctrl/Gen_RFIFO_16.u_R0_FIFO_16/u_efx_fifo_top/genblk2.wr_rst[1]>, number of controlling flip flops: 30
SR signal <sobel_de>, number of controlling flip flops: 19
### ### EFX_FF SR set/reset (end) ### ### ###

### ### Memory Trimming Report (begin) ### ### ### 
Memory instance 'ddr3_ctl_axi/u_efx_ddr3_soft_controller/genblk1.inst_ddr3_axi/inst_efx_ddr3/top_mc/fifo_ack/ram' WE[1] tied off to 0.
Memory instance 'ddr3_ctl_axi/u_efx_ddr3_soft_controller/genblk1.inst_ddr3_axi/inst_efx_ddr3/top_mc/controller_main/bram_u2/u_efx_fifo_top/xefx_fifo_ram/ram' WE[1] tied off to 1.
Memory instance 'ddr3_ctl_axi/u_efx_ddr3_soft_controller/genblk1.inst_ddr3_axi/inst_efx_ddr3/top_mc/controller_main/bram_u1/u_efx_fifo_top/xefx_fifo_ram/ram' WE[1] tied off to 1.
Memory instance 'ddr3_ctl_axi/u_efx_ddr3_soft_controller/genblk1.inst_ddr3_axi/inst_efx_ddr3/top_mc/controller_main/bram_u0/u_efx_fifo_top/xefx_fifo_ram/ram' WE[1] tied off to 1.
Memory instance 'u_axi4_ctrl/Gen_FIFO_W8.u_W0_FIFO_8/u_efx_fifo_top/xefx_fifo_ram/ram__D$g1' WE[1] tied off to 0.
Memory instance 'u_axi4_ctrl/Gen_FIFO_W8.u_W0_FIFO_8/u_efx_fifo_top/xefx_fifo_ram/ram__D$b12' WE[1] tied off to 0.
Memory instance 'u_axi4_ctrl/Gen_FIFO_W8.u_W0_FIFO_8/u_efx_fifo_top/xefx_fifo_ram/ram__D$12' WE[1] tied off to 0.
Memory instance 'u_axi4_ctrl/Gen_FIFO_W8.u_W0_FIFO_8/u_efx_fifo_top/xefx_fifo_ram/ram__D$2' WE[1] tied off to 0.
Memory instance 'u_axi4_ctrl/Gen_FIFO_W8.u_W0_FIFO_8/u_efx_fifo_top/xefx_fifo_ram/ram__D$c12' WE[1] tied off to 0.
Memory instance 'u_axi4_ctrl/Gen_FIFO_W8.u_W0_FIFO_8/u_efx_fifo_top/xefx_fifo_ram/ram__D$d12' WE[1] tied off to 0.
Memory instance 'u_axi4_ctrl/Gen_FIFO_W8.u_W0_FIFO_8/u_efx_fifo_top/xefx_fifo_ram/ram__D$e12' WE[1] tied off to 0.
Memory instance 'u_axi4_ctrl/Gen_FIFO_W8.u_W0_FIFO_8/u_efx_fifo_top/xefx_fifo_ram/ram__D$f12' WE[1] tied off to 0.
### ### Memory Trimming Report (end) ### ### ### 

### ### Sequential Elements Trimming Report (begin) ### ### ### 
FF|OPT : Flip-flop optimization by equivalence checking
@ "D:\yilingsi_fpga\Efinity_Project\Ti60F225_OV5640_Sobel_Stable\ip/DdrCtrl\DdrCtrl.sv (1599)" removed instance : ddr3_ctl_axi/u_efx_ddr3_soft_controller/genblk1.inst_ddr3_axi/inst_efx_ddr3/top_mc/fifo_rdpush/dff_63/i7
@ "D:\yilingsi_fpga\Efinity_Project\Ti60F225_OV5640_Sobel_Stable\ip/DdrCtrl\DdrCtrl.sv (1599)" representative instance : ddr3_ctl_axi/u_efx_ddr3_soft_controller/genblk1.inst_ddr3_axi/inst_efx_ddr3/top_mc/fifo_rdpush/dff_62/i7
FF|OPT : Flip-flop optimization by equivalence checking
@ "D:\yilingsi_fpga\Efinity_Project\Ti60F225_OV5640_Sobel_Stable\ip/DdrCtrl\DdrCtrl.sv (1599)" removed instance : ddr3_ctl_axi/u_efx_ddr3_soft_controller/genblk1.inst_ddr3_axi/inst_efx_ddr3/top_mc/fifo_ack/dff_63/i7
@ "D:\yilingsi_fpga\Efinity_Project\Ti60F225_OV5640_Sobel_Stable\ip/DdrCtrl\DdrCtrl.sv (1599)" representative instance : ddr3_ctl_axi/u_efx_ddr3_soft_controller/genblk1.inst_ddr3_axi/inst_efx_ddr3/top_mc/fifo_ack/dff_62/i7
FF|OPT : Flip-flop optimization by equivalence checking
@ "D:\yilingsi_fpga\Efinity_Project\Ti60F225_OV5640_Sobel_Stable\ip/DdrCtrl\DdrCtrl.sv (1599)" removed instance : ddr3_ctl_axi/u_efx_ddr3_soft_controller/genblk1.inst_ddr3_axi/inst_efx_ddr3/top_mc/fifo_ack/dff_55/i7
@ "D:\yilingsi_fpga\Efinity_Project\Ti60F225_OV5640_Sobel_Stable\ip/DdrCtrl\DdrCtrl.sv (1599)" representative instance : ddr3_ctl_axi/u_efx_ddr3_soft_controller/genblk1.inst_ddr3_axi/inst_efx_ddr3/top_mc/fifo_ack/dff_54/i7
FF|OPT : Flip-flop optimization by equivalence checking
@ "D:\yilingsi_fpga\Efinity_Project\Ti60F225_OV5640_Sobel_Stable\ip/DdrCtrl\DdrCtrl.sv (1599)" removed instance : ddr3_ctl_axi/u_efx_ddr3_soft_controller/genblk1.inst_ddr3_axi/inst_efx_ddr3/top_mc/fifo_wr/dff_63/i7
@ "D:\yilingsi_fpga\Efinity_Project\Ti60F225_OV5640_Sobel_Stable\ip/DdrCtrl\DdrCtrl.sv (1599)" representative instance : ddr3_ctl_axi/u_efx_ddr3_soft_controller/genblk1.inst_ddr3_axi/inst_efx_ddr3/top_mc/fifo_wr/dff_62/i7
FF|OPT : Flip-flop optimization by equivalence checking
@ "D:\yilingsi_fpga\Efinity_Project\Ti60F225_OV5640_Sobel_Stable\src\Sensor_Image_XYCrop.v (79)" removed instance : u_Sensor_Image_XYCrop/i8
@ "D:\yilingsi_fpga\Efinity_Project\Ti60F225_OV5640_Sobel_Stable\src\Sensor_Image_XYCrop.v (79)" representative instance : u_Sensor_Image_XYCrop/i10
FF|OPT : Flip-flop optimization by equivalence checking
@ "D:\yilingsi_fpga\Efinity_Project\Ti60F225_OV5640_Sobel_Stable\ip/DdrCtrl\DdrCtrl.sv (1599)" removed instance : ddr3_ctl_axi/u_efx_ddr3_soft_controller/genblk1.inst_ddr3_axi/inst_efx_ddr3/top_mc/fifo_aw/dff_55/i7
@ "D:\yilingsi_fpga\Efinity_Project\Ti60F225_OV5640_Sobel_Stable\ip/DdrCtrl\DdrCtrl.sv (1599)" representative instance : ddr3_ctl_axi/u_efx_ddr3_soft_controller/genblk1.inst_ddr3_axi/inst_efx_ddr3/top_mc/fifo_aw/dff_54/i7
FF|OPT : Flip-flop optimization by equivalence checking
@ "D:\yilingsi_fpga\Efinity_Project\Ti60F225_OV5640_Sobel_Stable\ip/DdrCtrl\DdrCtrl.sv (1599)" removed instance : ddr3_ctl_axi/u_efx_ddr3_soft_controller/genblk1.inst_ddr3_axi/inst_efx_ddr3/top_mc/fifo_ar/dff_55/i7
@ "D:\yilingsi_fpga\Efinity_Project\Ti60F225_OV5640_Sobel_Stable\ip/DdrCtrl\DdrCtrl.sv (1599)" representative instance : ddr3_ctl_axi/u_efx_ddr3_soft_controller/genblk1.inst_ddr3_axi/inst_efx_ddr3/top_mc/fifo_ar/dff_54/i7
FF|OPT : Flip-flop optimization by equivalence checking
@ "D:\yilingsi_fpga\Efinity_Project\Ti60F225_OV5640_Sobel_Stable\ip/DdrCtrl\DdrCtrl.sv (1599)" removed instance : ddr3_ctl_axi/u_efx_ddr3_soft_controller/genblk1.inst_ddr3_axi/inst_efx_ddr3/top_mc/fifo_aw/dff_63/i7
@ "D:\yilingsi_fpga\Efinity_Project\Ti60F225_OV5640_Sobel_Stable\ip/DdrCtrl\DdrCtrl.sv (1599)" representative instance : ddr3_ctl_axi/u_efx_ddr3_soft_controller/genblk1.inst_ddr3_axi/inst_efx_ddr3/top_mc/fifo_aw/dff_62/i7
FF|OPT : Flip-flop optimization by equivalence checking
@ "D:\yilingsi_fpga\Efinity_Project\Ti60F225_OV5640_Sobel_Stable\ip/DdrCtrl\DdrCtrl.sv (1599)" removed instance : ddr3_ctl_axi/u_efx_ddr3_soft_controller/genblk1.inst_ddr3_axi/inst_efx_ddr3/top_mc/fifo_wr/dff_55/i7
@ "D:\yilingsi_fpga\Efinity_Project\Ti60F225_OV5640_Sobel_Stable\ip/DdrCtrl\DdrCtrl.sv (1599)" representative instance : ddr3_ctl_axi/u_efx_ddr3_soft_controller/genblk1.inst_ddr3_axi/inst_efx_ddr3/top_mc/fifo_wr/dff_54/i7
FF|OPT : Flip-flop optimization by equivalence checking
@ "D:\yilingsi_fpga\Efinity_Project\Ti60F225_OV5640_Sobel_Stable\ip/DdrCtrl\DdrCtrl.sv (1599)" removed instance : ddr3_ctl_axi/u_efx_ddr3_soft_controller/genblk1.inst_ddr3_axi/inst_efx_ddr3/top_mc/fifo_ar/dff_63/i7
@ "D:\yilingsi_fpga\Efinity_Project\Ti60F225_OV5640_Sobel_Stable\ip/DdrCtrl\DdrCtrl.sv (1599)" representative instance : ddr3_ctl_axi/u_efx_ddr3_soft_controller/genblk1.inst_ddr3_axi/inst_efx_ddr3/top_mc/fifo_ar/dff_62/i7
FF|OPT : Flip-flop optimization by equivalence checking
@ "D:\yilingsi_fpga\Efinity_Project\Ti60F225_OV5640_Sobel_Stable\ip/DdrCtrl\DdrCtrl.sv (1599)" removed instance : ddr3_ctl_axi/u_efx_ddr3_soft_controller/genblk1.inst_ddr3_axi/inst_efx_ddr3/top_mc/fifo_rdpush/dff_55/i7
@ "D:\yilingsi_fpga\Efinity_Project\Ti60F225_OV5640_Sobel_Stable\ip/DdrCtrl\DdrCtrl.sv (1599)" representative instance : ddr3_ctl_axi/u_efx_ddr3_soft_controller/genblk1.inst_ddr3_axi/inst_efx_ddr3/top_mc/fifo_rdpush/dff_54/i7
FF|OPT : Flip-flop optimization by equivalence checking
@ "D:\yilingsi_fpga\Efinity_Project\Ti60F225_OV5640_Sobel_Stable\example_top.v (804)" removed instance : i107
@ "D:\yilingsi_fpga\Efinity_Project\Ti60F225_OV5640_Sobel_Stable\ip/DdrCtrl\DdrCtrl.sv (1853)" representative instance : ddr3_ctl_axi/u_efx_ddr3_soft_controller/genblk1.inst_ddr3_axi/inst_efx_ddr3/top_mc/rst_ctrl0/genblk1[2].genblk1.genblk1.inst_sysclk_rstn/dffrs_24/i1
FF|OPT : Flip-flop optimization by equivalence checking
@ "D:\yilingsi_fpga\Efinity_Project\Ti60F225_OV5640_Sobel_Stable\ip/DdrCtrl\DdrCtrl.sv (3274)" removed instance : ddr3_ctl_axi/u_efx_ddr3_soft_controller/genblk1.inst_ddr3_axi/inst_efx_ddr3/dff_734/i6
@ "D:\yilingsi_fpga\Efinity_Project\Ti60F225_OV5640_Sobel_Stable\ip/DdrCtrl\DdrCtrl.sv (3274)" representative instance : ddr3_ctl_axi/u_efx_ddr3_soft_controller/genblk1.inst_ddr3_axi/inst_efx_ddr3/dff_734/i3
FF|OPT : Flip-flop optimization by equivalence checking
@ "D:\yilingsi_fpga\Efinity_Project\Ti60F225_OV5640_Sobel_Stable\ip/DdrCtrl\DdrCtrl.sv (3274)" removed instance : ddr3_ctl_axi/u_efx_ddr3_soft_controller/genblk1.inst_ddr3_axi/inst_efx_ddr3/dff_734/i7
@ "D:\yilingsi_fpga\Efinity_Project\Ti60F225_OV5640_Sobel_Stable\ip/DdrCtrl\DdrCtrl.sv (3274)" representative instance : ddr3_ctl_axi/u_efx_ddr3_soft_controller/genblk1.inst_ddr3_axi/inst_efx_ddr3/dff_734/i5
FF|OPT : Flip-flop optimization by equivalence checking
@ "D:\yilingsi_fpga\Efinity_Project\Ti60F225_OV5640_Sobel_Stable\ip/DdrCtrl\DdrCtrl.sv (3274)" removed instance : ddr3_ctl_axi/u_efx_ddr3_soft_controller/genblk1.inst_ddr3_axi/inst_efx_ddr3/dff_734/i9
@ "D:\yilingsi_fpga\Efinity_Project\Ti60F225_OV5640_Sobel_Stable\ip/DdrCtrl\DdrCtrl.sv (3274)" representative instance : ddr3_ctl_axi/u_efx_ddr3_soft_controller/genblk1.inst_ddr3_axi/inst_efx_ddr3/dff_734/i2
FF|OPT : Flip-flop optimization by equivalence checking
@ "D:\yilingsi_fpga\Efinity_Project\Ti60F225_OV5640_Sobel_Stable\ip/DdrCtrl\DdrCtrl.sv (3274)" removed instance : ddr3_ctl_axi/u_efx_ddr3_soft_controller/genblk1.inst_ddr3_axi/inst_efx_ddr3/dff_734/i10
@ "D:\yilingsi_fpga\Efinity_Project\Ti60F225_OV5640_Sobel_Stable\ip/DdrCtrl\DdrCtrl.sv (3274)" representative instance : ddr3_ctl_axi/u_efx_ddr3_soft_controller/genblk1.inst_ddr3_axi/inst_efx_ddr3/dff_734/i5
FF|OPT : Flip-flop optimization by equivalence checking
@ "D:\yilingsi_fpga\Efinity_Project\Ti60F225_OV5640_Sobel_Stable\ip/DdrCtrl\DdrCtrl.sv (3274)" removed instance : ddr3_ctl_axi/u_efx_ddr3_soft_controller/genblk1.inst_ddr3_axi/inst_efx_ddr3/dff_734/i11
@ "D:\yilingsi_fpga\Efinity_Project\Ti60F225_OV5640_Sobel_Stable\ip/DdrCtrl\DdrCtrl.sv (3274)" representative instance : ddr3_ctl_axi/u_efx_ddr3_soft_controller/genblk1.inst_ddr3_axi/inst_efx_ddr3/dff_734/i2
FF|OPT : Flip-flop optimization by equivalence checking
@ "D:\yilingsi_fpga\Efinity_Project\Ti60F225_OV5640_Sobel_Stable\ip/DdrCtrl\DdrCtrl.sv (3274)" removed instance : ddr3_ctl_axi/u_efx_ddr3_soft_controller/genblk1.inst_ddr3_axi/inst_efx_ddr3/dff_734/i12
@ "D:\yilingsi_fpga\Efinity_Project\Ti60F225_OV5640_Sobel_Stable\ip/DdrCtrl\DdrCtrl.sv (3274)" representative instance : ddr3_ctl_axi/u_efx_ddr3_soft_controller/genblk1.inst_ddr3_axi/inst_efx_ddr3/dff_734/i4
FF|OPT : Flip-flop optimization by equivalence checking
@ "D:\yilingsi_fpga\Efinity_Project\Ti60F225_OV5640_Sobel_Stable\ip/DdrCtrl\DdrCtrl.sv (3274)" removed instance : ddr3_ctl_axi/u_efx_ddr3_soft_controller/genblk1.inst_ddr3_axi/inst_efx_ddr3/dff_734/i13
@ "D:\yilingsi_fpga\Efinity_Project\Ti60F225_OV5640_Sobel_Stable\ip/DdrCtrl\DdrCtrl.sv (3274)" representative instance : ddr3_ctl_axi/u_efx_ddr3_soft_controller/genblk1.inst_ddr3_axi/inst_efx_ddr3/dff_734/i1
FF|OPT : Flip-flop optimization by equivalence checking
@ "D:\yilingsi_fpga\Efinity_Project\Ti60F225_OV5640_Sobel_Stable\ip/DdrCtrl\DdrCtrl.sv (3274)" removed instance : ddr3_ctl_axi/u_efx_ddr3_soft_controller/genblk1.inst_ddr3_axi/inst_efx_ddr3/dff_734/i14
@ "D:\yilingsi_fpga\Efinity_Project\Ti60F225_OV5640_Sobel_Stable\ip/DdrCtrl\DdrCtrl.sv (3274)" representative instance : ddr3_ctl_axi/u_efx_ddr3_soft_controller/genblk1.inst_ddr3_axi/inst_efx_ddr3/dff_734/i5
FF|OPT : Flip-flop optimization by equivalence checking
@ "D:\yilingsi_fpga\Efinity_Project\Ti60F225_OV5640_Sobel_Stable\ip/DdrCtrl\DdrCtrl.sv (3274)" removed instance : ddr3_ctl_axi/u_efx_ddr3_soft_controller/genblk1.inst_ddr3_axi/inst_efx_ddr3/dff_734/i15
@ "D:\yilingsi_fpga\Efinity_Project\Ti60F225_OV5640_Sobel_Stable\ip/DdrCtrl\DdrCtrl.sv (3274)" representative instance : ddr3_ctl_axi/u_efx_ddr3_soft_controller/genblk1.inst_ddr3_axi/inst_efx_ddr3/dff_734/i3
FF|OPT : Flip-flop optimization by equivalence checking
@ "D:\yilingsi_fpga\Efinity_Project\Ti60F225_OV5640_Sobel_Stable\ip/DdrCtrl\DdrCtrl.sv (3274)" removed instance : ddr3_ctl_axi/u_efx_ddr3_soft_controller/genblk1.inst_ddr3_axi/inst_efx_ddr3/dff_734/i16
@ "D:\yilingsi_fpga\Efinity_Project\Ti60F225_OV5640_Sobel_Stable\ip/DdrCtrl\DdrCtrl.sv (3274)" representative instance : ddr3_ctl_axi/u_efx_ddr3_soft_controller/genblk1.inst_ddr3_axi/inst_efx_ddr3/dff_734/i8
FF|OPT : Flip-flop optimization by equivalence checking
@ "D:\yilingsi_fpga\Efinity_Project\Ti60F225_OV5640_Sobel_Stable\ip/DdrCtrl\DdrCtrl.sv (3274)" removed instance : ddr3_ctl_axi/u_efx_ddr3_soft_controller/genblk1.inst_ddr3_axi/inst_efx_ddr3/dff_734/i86
@ "D:\yilingsi_fpga\Efinity_Project\Ti60F225_OV5640_Sobel_Stable\ip/DdrCtrl\DdrCtrl.sv (3274)" representative instance : ddr3_ctl_axi/u_efx_ddr3_soft_controller/genblk1.inst_ddr3_axi/inst_efx_ddr3/dff_734/i8
FF|OPT : Flip-flop optimization by equivalence checking
@ "D:\yilingsi_fpga\Efinity_Project\Ti60F225_OV5640_Sobel_Stable\ip/DdrCtrl\DdrCtrl.sv (3274)" removed instance : ddr3_ctl_axi/u_efx_ddr3_soft_controller/genblk1.inst_ddr3_axi/inst_efx_ddr3/dff_734/i88
@ "D:\yilingsi_fpga\Efinity_Project\Ti60F225_OV5640_Sobel_Stable\ip/DdrCtrl\DdrCtrl.sv (3274)" representative instance : ddr3_ctl_axi/u_efx_ddr3_soft_controller/genblk1.inst_ddr3_axi/inst_efx_ddr3/dff_734/i3
FF|OPT : Flip-flop optimization by equivalence checking
@ "D:\yilingsi_fpga\Efinity_Project\Ti60F225_OV5640_Sobel_Stable\ip/DdrCtrl\DdrCtrl.sv (3274)" removed instance : ddr3_ctl_axi/u_efx_ddr3_soft_controller/genblk1.inst_ddr3_axi/inst_efx_ddr3/dff_734/i90
@ "D:\yilingsi_fpga\Efinity_Project\Ti60F225_OV5640_Sobel_Stable\ip/DdrCtrl\DdrCtrl.sv (3274)" representative instance : ddr3_ctl_axi/u_efx_ddr3_soft_controller/genblk1.inst_ddr3_axi/inst_efx_ddr3/dff_734/i8
FF|OPT : Flip-flop optimization by equivalence checking
@ "D:\yilingsi_fpga\Efinity_Project\Ti60F225_OV5640_Sobel_Stable\ip/DdrCtrl\DdrCtrl.sv (3274)" removed instance : ddr3_ctl_axi/u_efx_ddr3_soft_controller/genblk1.inst_ddr3_axi/inst_efx_ddr3/dff_734/i92
@ "D:\yilingsi_fpga\Efinity_Project\Ti60F225_OV5640_Sobel_Stable\ip/DdrCtrl\DdrCtrl.sv (3274)" representative instance : ddr3_ctl_axi/u_efx_ddr3_soft_controller/genblk1.inst_ddr3_axi/inst_efx_ddr3/dff_734/i1
FF|OPT : Flip-flop optimization by equivalence checking
@ "D:\yilingsi_fpga\Efinity_Project\Ti60F225_OV5640_Sobel_Stable\ip/DdrCtrl\DdrCtrl.sv (3274)" removed instance : ddr3_ctl_axi/u_efx_ddr3_soft_controller/genblk1.inst_ddr3_axi/inst_efx_ddr3/dff_734/i94
@ "D:\yilingsi_fpga\Efinity_Project\Ti60F225_OV5640_Sobel_Stable\ip/DdrCtrl\DdrCtrl.sv (3274)" representative instance : ddr3_ctl_axi/u_efx_ddr3_soft_controller/genblk1.inst_ddr3_axi/inst_efx_ddr3/dff_734/i4
FF|OPT : Flip-flop optimization by equivalence checking
@ "D:\yilingsi_fpga\Efinity_Project\Ti60F225_OV5640_Sobel_Stable\ip/DdrCtrl\DdrCtrl.sv (3274)" removed instance : ddr3_ctl_axi/u_efx_ddr3_soft_controller/genblk1.inst_ddr3_axi/inst_efx_ddr3/dff_734/i96
@ "D:\yilingsi_fpga\Efinity_Project\Ti60F225_OV5640_Sobel_Stable\ip/DdrCtrl\DdrCtrl.sv (3274)" representative instance : ddr3_ctl_axi/u_efx_ddr3_soft_controller/genblk1.inst_ddr3_axi/inst_efx_ddr3/dff_734/i3
FF|OPT : Flip-flop optimization by equivalence checking
@ "D:\yilingsi_fpga\Efinity_Project\Ti60F225_OV5640_Sobel_Stable\ip/DdrCtrl\DdrCtrl.sv (3274)" removed instance : ddr3_ctl_axi/u_efx_ddr3_soft_controller/genblk1.inst_ddr3_axi/inst_efx_ddr3/dff_734/i98
@ "D:\yilingsi_fpga\Efinity_Project\Ti60F225_OV5640_Sobel_Stable\ip/DdrCtrl\DdrCtrl.sv (3274)" representative instance : ddr3_ctl_axi/u_efx_ddr3_soft_controller/genblk1.inst_ddr3_axi/inst_efx_ddr3/dff_734/i89
FF|OPT : Flip-flop optimization by equivalence checking
@ "D:\yilingsi_fpga\Efinity_Project\Ti60F225_OV5640_Sobel_Stable\ip/DdrCtrl\DdrCtrl.sv (3274)" removed instance : ddr3_ctl_axi/u_efx_ddr3_soft_controller/genblk1.inst_ddr3_axi/inst_efx_ddr3/dff_734/i99
@ "D:\yilingsi_fpga\Efinity_Project\Ti60F225_OV5640_Sobel_Stable\ip/DdrCtrl\DdrCtrl.sv (3274)" representative instance : ddr3_ctl_axi/u_efx_ddr3_soft_controller/genblk1.inst_ddr3_axi/inst_efx_ddr3/dff_734/i91
FF|OPT : Flip-flop optimization by equivalence checking
@ "D:\yilingsi_fpga\Efinity_Project\Ti60F225_OV5640_Sobel_Stable\ip/DdrCtrl\DdrCtrl.sv (3274)" removed instance : ddr3_ctl_axi/u_efx_ddr3_soft_controller/genblk1.inst_ddr3_axi/inst_efx_ddr3/dff_734/i101
@ "D:\yilingsi_fpga\Efinity_Project\Ti60F225_OV5640_Sobel_Stable\ip/DdrCtrl\DdrCtrl.sv (3274)" representative instance : ddr3_ctl_axi/u_efx_ddr3_soft_controller/genblk1.inst_ddr3_axi/inst_efx_ddr3/dff_734/i95
FF|OPT : Flip-flop optimization by equivalence checking
@ "D:\yilingsi_fpga\Efinity_Project\Ti60F225_OV5640_Sobel_Stable\ip/DdrCtrl\DdrCtrl.sv (3274)" removed instance : ddr3_ctl_axi/u_efx_ddr3_soft_controller/genblk1.inst_ddr3_axi/inst_efx_ddr3/dff_734/i102
@ "D:\yilingsi_fpga\Efinity_Project\Ti60F225_OV5640_Sobel_Stable\ip/DdrCtrl\DdrCtrl.sv (3274)" representative instance : ddr3_ctl_axi/u_efx_ddr3_soft_controller/genblk1.inst_ddr3_axi/inst_efx_ddr3/dff_734/i89
FF|OPT : Flip-flop optimization by equivalence checking
@ "D:\yilingsi_fpga\Efinity_Project\Ti60F225_OV5640_Sobel_Stable\ip/DdrCtrl\DdrCtrl.sv (3274)" removed instance : ddr3_ctl_axi/u_efx_ddr3_soft_controller/genblk1.inst_ddr3_axi/inst_efx_ddr3/dff_734/i103
@ "D:\yilingsi_fpga\Efinity_Project\Ti60F225_OV5640_Sobel_Stable\ip/DdrCtrl\DdrCtrl.sv (3274)" representative instance : ddr3_ctl_axi/u_efx_ddr3_soft_controller/genblk1.inst_ddr3_axi/inst_efx_ddr3/dff_734/i91
FF|OPT : Flip-flop optimization by equivalence checking
@ "D:\yilingsi_fpga\Efinity_Project\Ti60F225_OV5640_Sobel_Stable\ip/DdrCtrl\DdrCtrl.sv (3274)" removed instance : ddr3_ctl_axi/u_efx_ddr3_soft_controller/genblk1.inst_ddr3_axi/inst_efx_ddr3/dff_734/i104
@ "D:\yilingsi_fpga\Efinity_Project\Ti60F225_OV5640_Sobel_Stable\ip/DdrCtrl\DdrCtrl.sv (3274)" representative instance : ddr3_ctl_axi/u_efx_ddr3_soft_controller/genblk1.inst_ddr3_axi/inst_efx_ddr3/dff_734/i95
FF|OPT : Flip-flop optimization by equivalence checking
@ "D:\yilingsi_fpga\Efinity_Project\Ti60F225_OV5640_Sobel_Stable\ip/DdrCtrl\DdrCtrl.sv (1460)" removed instance : ddr3_ctl_axi/u_efx_ddr3_soft_controller/genblk1.inst_ddr3_axi/inst_efx_ddr3/top_mc/controller_main/dffrs_2527/i100_rst_0
@ "D:\yilingsi_fpga\Efinity_Project\Ti60F225_OV5640_Sobel_Stable\ip/DdrCtrl\DdrCtrl.sv (1460)" representative instance : ddr3_ctl_axi/u_efx_ddr3_soft_controller/genblk1.inst_ddr3_axi/inst_efx_ddr3/top_mc/controller_main/dffrs_2527/i10_rst_0
FF|OPT : Flip-flop optimization by equivalence checking
@ "D:\yilingsi_fpga\Efinity_Project\Ti60F225_OV5640_Sobel_Stable\ip/DdrCtrl\DdrCtrl.sv (1460)" removed instance : ddr3_ctl_axi/u_efx_ddr3_soft_controller/genblk1.inst_ddr3_axi/inst_efx_ddr3/top_mc/controller_main/dffrs_2527/i100_rst_1
@ "D:\yilingsi_fpga\Efinity_Project\Ti60F225_OV5640_Sobel_Stable\ip/DdrCtrl\DdrCtrl.sv (1460)" representative instance : ddr3_ctl_axi/u_efx_ddr3_soft_controller/genblk1.inst_ddr3_axi/inst_efx_ddr3/top_mc/controller_main/dffrs_2527/i10_rst_1
FF|OPT : Flip-flop optimization by equivalence checking
@ "D:\yilingsi_fpga\Efinity_Project\Ti60F225_OV5640_Sobel_Stable\ip/DdrCtrl\DdrCtrl.sv (1460)" removed instance : ddr3_ctl_axi/u_efx_ddr3_soft_controller/genblk1.inst_ddr3_axi/inst_efx_ddr3/top_mc/controller_main/dffrs_2527/i100_rst_2
@ "D:\yilingsi_fpga\Efinity_Project\Ti60F225_OV5640_Sobel_Stable\ip/DdrCtrl\DdrCtrl.sv (1460)" representative instance : ddr3_ctl_axi/u_efx_ddr3_soft_controller/genblk1.inst_ddr3_axi/inst_efx_ddr3/top_mc/controller_main/dffrs_2527/i10_rst_2
FF|OPT : Flip-flop optimization by equivalence checking
@ "D:\yilingsi_fpga\Efinity_Project\Ti60F225_OV5640_Sobel_Stable\ip/DdrCtrl\DdrCtrl.sv (1460)" removed instance : ddr3_ctl_axi/u_efx_ddr3_soft_controller/genblk1.inst_ddr3_axi/inst_efx_ddr3/top_mc/controller_main/dffrs_2527/i100_rst_3
@ "D:\yilingsi_fpga\Efinity_Project\Ti60F225_OV5640_Sobel_Stable\ip/DdrCtrl\DdrCtrl.sv (1460)" representative instance : ddr3_ctl_axi/u_efx_ddr3_soft_controller/genblk1.inst_ddr3_axi/inst_efx_ddr3/top_mc/controller_main/dffrs_2527/i10_rst_3
FF|OPT : Flip-flop optimization by equivalence checking
@ "D:\yilingsi_fpga\Efinity_Project\Ti60F225_OV5640_Sobel_Stable\ip/DdrCtrl\DdrCtrl.sv (1460)" removed instance : ddr3_ctl_axi/u_efx_ddr3_soft_controller/genblk1.inst_ddr3_axi/inst_efx_ddr3/top_mc/controller_main/dffrs_2527/i99_rst_0
@ "D:\yilingsi_fpga\Efinity_Project\Ti60F225_OV5640_Sobel_Stable\ip/DdrCtrl\DdrCtrl.sv (1460)" representative instance : ddr3_ctl_axi/u_efx_ddr3_soft_controller/genblk1.inst_ddr3_axi/inst_efx_ddr3/top_mc/controller_main/dffrs_2527/i10_rst_0
FF|OPT : Flip-flop optimization by equivalence checking
@ "D:\yilingsi_fpga\Efinity_Project\Ti60F225_OV5640_Sobel_Stable\ip/DdrCtrl\DdrCtrl.sv (1460)" removed instance : ddr3_ctl_axi/u_efx_ddr3_soft_controller/genblk1.inst_ddr3_axi/inst_efx_ddr3/top_mc/controller_main/dffrs_2527/i99_rst_1
@ "D:\yilingsi_fpga\Efinity_Project\Ti60F225_OV5640_Sobel_Stable\ip/DdrCtrl\DdrCtrl.sv (1460)" representative instance : ddr3_ctl_axi/u_efx_ddr3_soft_controller/genblk1.inst_ddr3_axi/inst_efx_ddr3/top_mc/controller_main/dffrs_2527/i10_rst_1
FF|OPT : Flip-flop optimization by equivalence checking
@ "D:\yilingsi_fpga\Efinity_Project\Ti60F225_OV5640_Sobel_Stable\ip/DdrCtrl\DdrCtrl.sv (1460)" removed instance : ddr3_ctl_axi/u_efx_ddr3_soft_controller/genblk1.inst_ddr3_axi/inst_efx_ddr3/top_mc/controller_main/dffrs_2527/i99_rst_2
@ "D:\yilingsi_fpga\Efinity_Project\Ti60F225_OV5640_Sobel_Stable\ip/DdrCtrl\DdrCtrl.sv (1460)" representative instance : ddr3_ctl_axi/u_efx_ddr3_soft_controller/genblk1.inst_ddr3_axi/inst_efx_ddr3/top_mc/controller_main/dffrs_2527/i10_rst_2
FF|OPT : Flip-flop optimization by equivalence checking
@ "D:\yilingsi_fpga\Efinity_Project\Ti60F225_OV5640_Sobel_Stable\ip/DdrCtrl\DdrCtrl.sv (1460)" removed instance : ddr3_ctl_axi/u_efx_ddr3_soft_controller/genblk1.inst_ddr3_axi/inst_efx_ddr3/top_mc/controller_main/dffrs_2527/i99_rst_3
@ "D:\yilingsi_fpga\Efinity_Project\Ti60F225_OV5640_Sobel_Stable\ip/DdrCtrl\DdrCtrl.sv (1460)" representative instance : ddr3_ctl_axi/u_efx_ddr3_soft_controller/genblk1.inst_ddr3_axi/inst_efx_ddr3/top_mc/controller_main/dffrs_2527/i10_rst_3
FF|OPT : Flip-flop optimization by equivalence checking
@ "D:\yilingsi_fpga\Efinity_Project\Ti60F225_OV5640_Sobel_Stable\ip/DdrCtrl\DdrCtrl.sv (1460)" removed instance : ddr3_ctl_axi/u_efx_ddr3_soft_controller/genblk1.inst_ddr3_axi/inst_efx_ddr3/top_mc/controller_main/dffrs_2527/i98_rst_0
@ "D:\yilingsi_fpga\Efinity_Project\Ti60F225_OV5640_Sobel_Stable\ip/DdrCtrl\DdrCtrl.sv (1460)" representative instance : ddr3_ctl_axi/u_efx_ddr3_soft_controller/genblk1.inst_ddr3_axi/inst_efx_ddr3/top_mc/controller_main/dffrs_2527/i10_rst_0
FF|OPT : Flip-flop optimization by equivalence checking
@ "D:\yilingsi_fpga\Efinity_Project\Ti60F225_OV5640_Sobel_Stable\ip/DdrCtrl\DdrCtrl.sv (1460)" removed instance : ddr3_ctl_axi/u_efx_ddr3_soft_controller/genblk1.inst_ddr3_axi/inst_efx_ddr3/top_mc/controller_main/dffrs_2527/i98_rst_1
@ "D:\yilingsi_fpga\Efinity_Project\Ti60F225_OV5640_Sobel_Stable\ip/DdrCtrl\DdrCtrl.sv (1460)" representative instance : ddr3_ctl_axi/u_efx_ddr3_soft_controller/genblk1.inst_ddr3_axi/inst_efx_ddr3/top_mc/controller_main/dffrs_2527/i10_rst_1
FF|OPT : Flip-flop optimization by equivalence checking
@ "D:\yilingsi_fpga\Efinity_Project\Ti60F225_OV5640_Sobel_Stable\ip/DdrCtrl\DdrCtrl.sv (1460)" removed instance : ddr3_ctl_axi/u_efx_ddr3_soft_controller/genblk1.inst_ddr3_axi/inst_efx_ddr3/top_mc/controller_main/dffrs_2527/i98_rst_2
@ "D:\yilingsi_fpga\Efinity_Project\Ti60F225_OV5640_Sobel_Stable\ip/DdrCtrl\DdrCtrl.sv (1460)" representative instance : ddr3_ctl_axi/u_efx_ddr3_soft_controller/genblk1.inst_ddr3_axi/inst_efx_ddr3/top_mc/controller_main/dffrs_2527/i10_rst_2
FF|OPT : Flip-flop optimization by equivalence checking
@ "D:\yilingsi_fpga\Efinity_Project\Ti60F225_OV5640_Sobel_Stable\ip/DdrCtrl\DdrCtrl.sv (1460)" removed instance : ddr3_ctl_axi/u_efx_ddr3_soft_controller/genblk1.inst_ddr3_axi/inst_efx_ddr3/top_mc/controller_main/dffrs_2527/i98_rst_3
@ "D:\yilingsi_fpga\Efinity_Project\Ti60F225_OV5640_Sobel_Stable\ip/DdrCtrl\DdrCtrl.sv (1460)" representative instance : ddr3_ctl_axi/u_efx_ddr3_soft_controller/genblk1.inst_ddr3_axi/inst_efx_ddr3/top_mc/controller_main/dffrs_2527/i10_rst_3
FF|OPT : Flip-flop optimization by equivalence checking
@ "D:\yilingsi_fpga\Efinity_Project\Ti60F225_OV5640_Sobel_Stable\ip/DdrCtrl\DdrCtrl.sv (1460)" removed instance : ddr3_ctl_axi/u_efx_ddr3_soft_controller/genblk1.inst_ddr3_axi/inst_efx_ddr3/top_mc/controller_main/dffrs_2527/i97_rst_0
@ "D:\yilingsi_fpga\Efinity_Project\Ti60F225_OV5640_Sobel_Stable\ip/DdrCtrl\DdrCtrl.sv (1460)" representative instance : ddr3_ctl_axi/u_efx_ddr3_soft_controller/genblk1.inst_ddr3_axi/inst_efx_ddr3/top_mc/controller_main/dffrs_2527/i10_rst_0
FF|OPT : Flip-flop optimization by equivalence checking
@ "D:\yilingsi_fpga\Efinity_Project\Ti60F225_OV5640_Sobel_Stable\ip/DdrCtrl\DdrCtrl.sv (1460)" removed instance : ddr3_ctl_axi/u_efx_ddr3_soft_controller/genblk1.inst_ddr3_axi/inst_efx_ddr3/top_mc/controller_main/dffrs_2527/i97_rst_1
@ "D:\yilingsi_fpga\Efinity_Project\Ti60F225_OV5640_Sobel_Stable\ip/DdrCtrl\DdrCtrl.sv (1460)" representative instance : ddr3_ctl_axi/u_efx_ddr3_soft_controller/genblk1.inst_ddr3_axi/inst_efx_ddr3/top_mc/controller_main/dffrs_2527/i10_rst_1
FF|OPT : Flip-flop optimization by equivalence checking
@ "D:\yilingsi_fpga\Efinity_Project\Ti60F225_OV5640_Sobel_Stable\ip/DdrCtrl\DdrCtrl.sv (1460)" removed instance : ddr3_ctl_axi/u_efx_ddr3_soft_controller/genblk1.inst_ddr3_axi/inst_efx_ddr3/top_mc/controller_main/dffrs_2527/i97_rst_2
@ "D:\yilingsi_fpga\Efinity_Project\Ti60F225_OV5640_Sobel_Stable\ip/DdrCtrl\DdrCtrl.sv (1460)" representative instance : ddr3_ctl_axi/u_efx_ddr3_soft_controller/genblk1.inst_ddr3_axi/inst_efx_ddr3/top_mc/controller_main/dffrs_2527/i10_rst_2
FF|OPT : Flip-flop optimization by equivalence checking
@ "D:\yilingsi_fpga\Efinity_Project\Ti60F225_OV5640_Sobel_Stable\ip/DdrCtrl\DdrCtrl.sv (1460)" removed instance : ddr3_ctl_axi/u_efx_ddr3_soft_controller/genblk1.inst_ddr3_axi/inst_efx_ddr3/top_mc/controller_main/dffrs_2527/i97_rst_3
@ "D:\yilingsi_fpga\Efinity_Project\Ti60F225_OV5640_Sobel_Stable\ip/DdrCtrl\DdrCtrl.sv (1460)" representative instance : ddr3_ctl_axi/u_efx_ddr3_soft_controller/genblk1.inst_ddr3_axi/inst_efx_ddr3/top_mc/controller_main/dffrs_2527/i10_rst_3
FF|OPT : Flip-flop optimization by equivalence checking
@ "D:\yilingsi_fpga\Efinity_Project\Ti60F225_OV5640_Sobel_Stable\ip/DdrCtrl\DdrCtrl.sv (1460)" removed instance : ddr3_ctl_axi/u_efx_ddr3_soft_controller/genblk1.inst_ddr3_axi/inst_efx_ddr3/top_mc/controller_main/dffrs_2527/i96_rst_0
@ "D:\yilingsi_fpga\Efinity_Project\Ti60F225_OV5640_Sobel_Stable\ip/DdrCtrl\DdrCtrl.sv (1460)" representative instance : ddr3_ctl_axi/u_efx_ddr3_soft_controller/genblk1.inst_ddr3_axi/inst_efx_ddr3/top_mc/controller_main/dffrs_2527/i10_rst_0
FF|OPT : Flip-flop optimization by equivalence checking
@ "D:\yilingsi_fpga\Efinity_Project\Ti60F225_OV5640_Sobel_Stable\ip/DdrCtrl\DdrCtrl.sv (1460)" removed instance : ddr3_ctl_axi/u_efx_ddr3_soft_controller/genblk1.inst_ddr3_axi/inst_efx_ddr3/top_mc/controller_main/dffrs_2527/i96_rst_1
@ "D:\yilingsi_fpga\Efinity_Project\Ti60F225_OV5640_Sobel_Stable\ip/DdrCtrl\DdrCtrl.sv (1460)" representative instance : ddr3_ctl_axi/u_efx_ddr3_soft_controller/genblk1.inst_ddr3_axi/inst_efx_ddr3/top_mc/controller_main/dffrs_2527/i10_rst_1
FF|OPT : Flip-flop optimization by equivalence checking
@ "D:\yilingsi_fpga\Efinity_Project\Ti60F225_OV5640_Sobel_Stable\ip/DdrCtrl\DdrCtrl.sv (1460)" removed instance : ddr3_ctl_axi/u_efx_ddr3_soft_controller/genblk1.inst_ddr3_axi/inst_efx_ddr3/top_mc/controller_main/dffrs_2527/i96_rst_2
@ "D:\yilingsi_fpga\Efinity_Project\Ti60F225_OV5640_Sobel_Stable\ip/DdrCtrl\DdrCtrl.sv (1460)" representative instance : ddr3_ctl_axi/u_efx_ddr3_soft_controller/genblk1.inst_ddr3_axi/inst_efx_ddr3/top_mc/controller_main/dffrs_2527/i10_rst_2
FF|OPT : Flip-flop optimization by equivalence checking
@ "D:\yilingsi_fpga\Efinity_Project\Ti60F225_OV5640_Sobel_Stable\ip/DdrCtrl\DdrCtrl.sv (1460)" removed instance : ddr3_ctl_axi/u_efx_ddr3_soft_controller/genblk1.inst_ddr3_axi/inst_efx_ddr3/top_mc/controller_main/dffrs_2527/i96_rst_3
@ "D:\yilingsi_fpga\Efinity_Project\Ti60F225_OV5640_Sobel_Stable\ip/DdrCtrl\DdrCtrl.sv (1460)" representative instance : ddr3_ctl_axi/u_efx_ddr3_soft_controller/genblk1.inst_ddr3_axi/inst_efx_ddr3/top_mc/controller_main/dffrs_2527/i10_rst_3
FF|OPT : Flip-flop optimization by equivalence checking
@ "D:\yilingsi_fpga\Efinity_Project\Ti60F225_OV5640_Sobel_Stable\ip/DdrCtrl\DdrCtrl.sv (1460)" removed instance : ddr3_ctl_axi/u_efx_ddr3_soft_controller/genblk1.inst_ddr3_axi/inst_efx_ddr3/top_mc/controller_main/dffrs_2527/i95_rst_0
@ "D:\yilingsi_fpga\Efinity_Project\Ti60F225_OV5640_Sobel_Stable\ip/DdrCtrl\DdrCtrl.sv (1460)" representative instance : ddr3_ctl_axi/u_efx_ddr3_soft_controller/genblk1.inst_ddr3_axi/inst_efx_ddr3/top_mc/controller_main/dffrs_2527/i10_rst_0
FF|OPT : Flip-flop optimization by equivalence checking
@ "D:\yilingsi_fpga\Efinity_Project\Ti60F225_OV5640_Sobel_Stable\ip/DdrCtrl\DdrCtrl.sv (1460)" removed instance : ddr3_ctl_axi/u_efx_ddr3_soft_controller/genblk1.inst_ddr3_axi/inst_efx_ddr3/top_mc/controller_main/dffrs_2527/i95_rst_1
@ "D:\yilingsi_fpga\Efinity_Project\Ti60F225_OV5640_Sobel_Stable\ip/DdrCtrl\DdrCtrl.sv (1460)" representative instance : ddr3_ctl_axi/u_efx_ddr3_soft_controller/genblk1.inst_ddr3_axi/inst_efx_ddr3/top_mc/controller_main/dffrs_2527/i10_rst_1
FF|OPT : Flip-flop optimization by equivalence checking
@ "D:\yilingsi_fpga\Efinity_Project\Ti60F225_OV5640_Sobel_Stable\ip/DdrCtrl\DdrCtrl.sv (1460)" removed instance : ddr3_ctl_axi/u_efx_ddr3_soft_controller/genblk1.inst_ddr3_axi/inst_efx_ddr3/top_mc/controller_main/dffrs_2527/i95_rst_2
@ "D:\yilingsi_fpga\Efinity_Project\Ti60F225_OV5640_Sobel_Stable\ip/DdrCtrl\DdrCtrl.sv (1460)" representative instance : ddr3_ctl_axi/u_efx_ddr3_soft_controller/genblk1.inst_ddr3_axi/inst_efx_ddr3/top_mc/controller_main/dffrs_2527/i10_rst_2
FF|OPT : Flip-flop optimization by equivalence checking
@ "D:\yilingsi_fpga\Efinity_Project\Ti60F225_OV5640_Sobel_Stable\ip/DdrCtrl\DdrCtrl.sv (1460)" removed instance : ddr3_ctl_axi/u_efx_ddr3_soft_controller/genblk1.inst_ddr3_axi/inst_efx_ddr3/top_mc/controller_main/dffrs_2527/i95_rst_3
@ "D:\yilingsi_fpga\Efinity_Project\Ti60F225_OV5640_Sobel_Stable\ip/DdrCtrl\DdrCtrl.sv (1460)" representative instance : ddr3_ctl_axi/u_efx_ddr3_soft_controller/genblk1.inst_ddr3_axi/inst_efx_ddr3/top_mc/controller_main/dffrs_2527/i10_rst_3
FF|OPT : Flip-flop optimization by equivalence checking
@ "D:\yilingsi_fpga\Efinity_Project\Ti60F225_OV5640_Sobel_Stable\ip/DdrCtrl\DdrCtrl.sv (1460)" removed instance : ddr3_ctl_axi/u_efx_ddr3_soft_controller/genblk1.inst_ddr3_axi/inst_efx_ddr3/top_mc/controller_main/dffrs_2527/i94_rst_0
@ "D:\yilingsi_fpga\Efinity_Project\Ti60F225_OV5640_Sobel_Stable\ip/DdrCtrl\DdrCtrl.sv (1460)" representative instance : ddr3_ctl_axi/u_efx_ddr3_soft_controller/genblk1.inst_ddr3_axi/inst_efx_ddr3/top_mc/controller_main/dffrs_2527/i10_rst_0
FF|OPT : Flip-flop optimization by equivalence checking
@ "D:\yilingsi_fpga\Efinity_Project\Ti60F225_OV5640_Sobel_Stable\ip/DdrCtrl\DdrCtrl.sv (1460)" removed instance : ddr3_ctl_axi/u_efx_ddr3_soft_controller/genblk1.inst_ddr3_axi/inst_efx_ddr3/top_mc/controller_main/dffrs_2527/i94_rst_1
@ "D:\yilingsi_fpga\Efinity_Project\Ti60F225_OV5640_Sobel_Stable\ip/DdrCtrl\DdrCtrl.sv (1460)" representative instance : ddr3_ctl_axi/u_efx_ddr3_soft_controller/genblk1.inst_ddr3_axi/inst_efx_ddr3/top_mc/controller_main/dffrs_2527/i10_rst_1
FF|OPT : Flip-flop optimization by equivalence checking
@ "D:\yilingsi_fpga\Efinity_Project\Ti60F225_OV5640_Sobel_Stable\ip/DdrCtrl\DdrCtrl.sv (1460)" removed instance : ddr3_ctl_axi/u_efx_ddr3_soft_controller/genblk1.inst_ddr3_axi/inst_efx_ddr3/top_mc/controller_main/dffrs_2527/i94_rst_2
@ "D:\yilingsi_fpga\Efinity_Project\Ti60F225_OV5640_Sobel_Stable\ip/DdrCtrl\DdrCtrl.sv (1460)" representative instance : ddr3_ctl_axi/u_efx_ddr3_soft_controller/genblk1.inst_ddr3_axi/inst_efx_ddr3/top_mc/controller_main/dffrs_2527/i10_rst_2
FF|OPT : Flip-flop optimization by equivalence checking
@ "D:\yilingsi_fpga\Efinity_Project\Ti60F225_OV5640_Sobel_Stable\ip/DdrCtrl\DdrCtrl.sv (1460)" removed instance : ddr3_ctl_axi/u_efx_ddr3_soft_controller/genblk1.inst_ddr3_axi/inst_efx_ddr3/top_mc/controller_main/dffrs_2527/i94_rst_3
@ "D:\yilingsi_fpga\Efinity_Project\Ti60F225_OV5640_Sobel_Stable\ip/DdrCtrl\DdrCtrl.sv (1460)" representative instance : ddr3_ctl_axi/u_efx_ddr3_soft_controller/genblk1.inst_ddr3_axi/inst_efx_ddr3/top_mc/controller_main/dffrs_2527/i10_rst_3
FF|OPT : Flip-flop optimization by equivalence checking
@ "D:\yilingsi_fpga\Efinity_Project\Ti60F225_OV5640_Sobel_Stable\ip/DdrCtrl\DdrCtrl.sv (1460)" removed instance : ddr3_ctl_axi/u_efx_ddr3_soft_controller/genblk1.inst_ddr3_axi/inst_efx_ddr3/top_mc/controller_main/dffrs_2527/i93_rst_0
@ "D:\yilingsi_fpga\Efinity_Project\Ti60F225_OV5640_Sobel_Stable\ip/DdrCtrl\DdrCtrl.sv (1460)" representative instance : ddr3_ctl_axi/u_efx_ddr3_soft_controller/genblk1.inst_ddr3_axi/inst_efx_ddr3/top_mc/controller_main/dffrs_2527/i10_rst_0
FF|OPT : Flip-flop optimization by equivalence checking
@ "D:\yilingsi_fpga\Efinity_Project\Ti60F225_OV5640_Sobel_Stable\ip/DdrCtrl\DdrCtrl.sv (1460)" removed instance : ddr3_ctl_axi/u_efx_ddr3_soft_controller/genblk1.inst_ddr3_axi/inst_efx_ddr3/top_mc/controller_main/dffrs_2527/i93_rst_1
@ "D:\yilingsi_fpga\Efinity_Project\Ti60F225_OV5640_Sobel_Stable\ip/DdrCtrl\DdrCtrl.sv (1460)" representative instance : ddr3_ctl_axi/u_efx_ddr3_soft_controller/genblk1.inst_ddr3_axi/inst_efx_ddr3/top_mc/controller_main/dffrs_2527/i10_rst_1
FF|OPT : Flip-flop optimization by equivalence checking
@ "D:\yilingsi_fpga\Efinity_Project\Ti60F225_OV5640_Sobel_Stable\ip/DdrCtrl\DdrCtrl.sv (1460)" removed instance : ddr3_ctl_axi/u_efx_ddr3_soft_controller/genblk1.inst_ddr3_axi/inst_efx_ddr3/top_mc/controller_main/dffrs_2527/i93_rst_2
@ "D:\yilingsi_fpga\Efinity_Project\Ti60F225_OV5640_Sobel_Stable\ip/DdrCtrl\DdrCtrl.sv (1460)" representative instance : ddr3_ctl_axi/u_efx_ddr3_soft_controller/genblk1.inst_ddr3_axi/inst_efx_ddr3/top_mc/controller_main/dffrs_2527/i10_rst_2
FF|OPT : Flip-flop optimization by equivalence checking
@ "D:\yilingsi_fpga\Efinity_Project\Ti60F225_OV5640_Sobel_Stable\ip/DdrCtrl\DdrCtrl.sv (1460)" removed instance : ddr3_ctl_axi/u_efx_ddr3_soft_controller/genblk1.inst_ddr3_axi/inst_efx_ddr3/top_mc/controller_main/dffrs_2527/i93_rst_3
@ "D:\yilingsi_fpga\Efinity_Project\Ti60F225_OV5640_Sobel_Stable\ip/DdrCtrl\DdrCtrl.sv (1460)" representative instance : ddr3_ctl_axi/u_efx_ddr3_soft_controller/genblk1.inst_ddr3_axi/inst_efx_ddr3/top_mc/controller_main/dffrs_2527/i10_rst_3
FF|OPT : Flip-flop optimization by equivalence checking
@ "D:\yilingsi_fpga\Efinity_Project\Ti60F225_OV5640_Sobel_Stable\ip/DdrCtrl\DdrCtrl.sv (1460)" removed instance : ddr3_ctl_axi/u_efx_ddr3_soft_controller/genblk1.inst_ddr3_axi/inst_efx_ddr3/top_mc/controller_main/dffrs_2527/i92_rst_0
@ "D:\yilingsi_fpga\Efinity_Project\Ti60F225_OV5640_Sobel_Stable\ip/DdrCtrl\DdrCtrl.sv (1460)" representative instance : ddr3_ctl_axi/u_efx_ddr3_soft_controller/genblk1.inst_ddr3_axi/inst_efx_ddr3/top_mc/controller_main/dffrs_2527/i10_rst_0
FF|OPT : Flip-flop optimization by equivalence checking
@ "D:\yilingsi_fpga\Efinity_Project\Ti60F225_OV5640_Sobel_Stable\ip/DdrCtrl\DdrCtrl.sv (1460)" removed instance : ddr3_ctl_axi/u_efx_ddr3_soft_controller/genblk1.inst_ddr3_axi/inst_efx_ddr3/top_mc/controller_main/dffrs_2527/i92_rst_1
@ "D:\yilingsi_fpga\Efinity_Project\Ti60F225_OV5640_Sobel_Stable\ip/DdrCtrl\DdrCtrl.sv (1460)" representative instance : ddr3_ctl_axi/u_efx_ddr3_soft_controller/genblk1.inst_ddr3_axi/inst_efx_ddr3/top_mc/controller_main/dffrs_2527/i10_rst_1
FF|OPT : Flip-flop optimization by equivalence checking
@ "D:\yilingsi_fpga\Efinity_Project\Ti60F225_OV5640_Sobel_Stable\ip/DdrCtrl\DdrCtrl.sv (1460)" removed instance : ddr3_ctl_axi/u_efx_ddr3_soft_controller/genblk1.inst_ddr3_axi/inst_efx_ddr3/top_mc/controller_main/dffrs_2527/i92_rst_2
@ "D:\yilingsi_fpga\Efinity_Project\Ti60F225_OV5640_Sobel_Stable\ip/DdrCtrl\DdrCtrl.sv (1460)" representative instance : ddr3_ctl_axi/u_efx_ddr3_soft_controller/genblk1.inst_ddr3_axi/inst_efx_ddr3/top_mc/controller_main/dffrs_2527/i10_rst_2
FF|OPT : Flip-flop optimization by equivalence checking
@ "D:\yilingsi_fpga\Efinity_Project\Ti60F225_OV5640_Sobel_Stable\ip/DdrCtrl\DdrCtrl.sv (1460)" removed instance : ddr3_ctl_axi/u_efx_ddr3_soft_controller/genblk1.inst_ddr3_axi/inst_efx_ddr3/top_mc/controller_main/dffrs_2527/i92_rst_3
@ "D:\yilingsi_fpga\Efinity_Project\Ti60F225_OV5640_Sobel_Stable\ip/DdrCtrl\DdrCtrl.sv (1460)" representative instance : ddr3_ctl_axi/u_efx_ddr3_soft_controller/genblk1.inst_ddr3_axi/inst_efx_ddr3/top_mc/controller_main/dffrs_2527/i10_rst_3
FF|OPT : Flip-flop optimization by equivalence checking
@ "D:\yilingsi_fpga\Efinity_Project\Ti60F225_OV5640_Sobel_Stable\ip/DdrCtrl\DdrCtrl.sv (1460)" removed instance : ddr3_ctl_axi/u_efx_ddr3_soft_controller/genblk1.inst_ddr3_axi/inst_efx_ddr3/top_mc/controller_main/dffrs_2527/i91_rst_0
@ "D:\yilingsi_fpga\Efinity_Project\Ti60F225_OV5640_Sobel_Stable\ip/DdrCtrl\DdrCtrl.sv (1460)" representative instance : ddr3_ctl_axi/u_efx_ddr3_soft_controller/genblk1.inst_ddr3_axi/inst_efx_ddr3/top_mc/controller_main/dffrs_2527/i10_rst_0
FF|OPT : Flip-flop optimization by equivalence checking
@ "D:\yilingsi_fpga\Efinity_Project\Ti60F225_OV5640_Sobel_Stable\ip/DdrCtrl\DdrCtrl.sv (1460)" removed instance : ddr3_ctl_axi/u_efx_ddr3_soft_controller/genblk1.inst_ddr3_axi/inst_efx_ddr3/top_mc/controller_main/dffrs_2527/i91_rst_1
@ "D:\yilingsi_fpga\Efinity_Project\Ti60F225_OV5640_Sobel_Stable\ip/DdrCtrl\DdrCtrl.sv (1460)" representative instance : ddr3_ctl_axi/u_efx_ddr3_soft_controller/genblk1.inst_ddr3_axi/inst_efx_ddr3/top_mc/controller_main/dffrs_2527/i10_rst_1
FF|OPT : Flip-flop optimization by equivalence checking
@ "D:\yilingsi_fpga\Efinity_Project\Ti60F225_OV5640_Sobel_Stable\ip/DdrCtrl\DdrCtrl.sv (1460)" removed instance : ddr3_ctl_axi/u_efx_ddr3_soft_controller/genblk1.inst_ddr3_axi/inst_efx_ddr3/top_mc/controller_main/dffrs_2527/i91_rst_2
@ "D:\yilingsi_fpga\Efinity_Project\Ti60F225_OV5640_Sobel_Stable\ip/DdrCtrl\DdrCtrl.sv (1460)" representative instance : ddr3_ctl_axi/u_efx_ddr3_soft_controller/genblk1.inst_ddr3_axi/inst_efx_ddr3/top_mc/controller_main/dffrs_2527/i10_rst_2
FF|OPT : Flip-flop optimization by equivalence checking
@ "D:\yilingsi_fpga\Efinity_Project\Ti60F225_OV5640_Sobel_Stable\ip/DdrCtrl\DdrCtrl.sv (1460)" removed instance : ddr3_ctl_axi/u_efx_ddr3_soft_controller/genblk1.inst_ddr3_axi/inst_efx_ddr3/top_mc/controller_main/dffrs_2527/i91_rst_3
@ "D:\yilingsi_fpga\Efinity_Project\Ti60F225_OV5640_Sobel_Stable\ip/DdrCtrl\DdrCtrl.sv (1460)" representative instance : ddr3_ctl_axi/u_efx_ddr3_soft_controller/genblk1.inst_ddr3_axi/inst_efx_ddr3/top_mc/controller_main/dffrs_2527/i10_rst_3
FF|OPT : Flip-flop optimization by equivalence checking
@ "D:\yilingsi_fpga\Efinity_Project\Ti60F225_OV5640_Sobel_Stable\ip/DdrCtrl\DdrCtrl.sv (1460)" removed instance : ddr3_ctl_axi/u_efx_ddr3_soft_controller/genblk1.inst_ddr3_axi/inst_efx_ddr3/top_mc/controller_main/dffrs_2527/i9_rst_0
@ "D:\yilingsi_fpga\Efinity_Project\Ti60F225_OV5640_Sobel_Stable\ip/DdrCtrl\DdrCtrl.sv (1460)" representative instance : ddr3_ctl_axi/u_efx_ddr3_soft_controller/genblk1.inst_ddr3_axi/inst_efx_ddr3/top_mc/controller_main/dffrs_2527/i10_rst_0
FF|OPT : Flip-flop optimization by equivalence checking
@ "D:\yilingsi_fpga\Efinity_Project\Ti60F225_OV5640_Sobel_Stable\ip/DdrCtrl\DdrCtrl.sv (1460)" removed instance : ddr3_ctl_axi/u_efx_ddr3_soft_controller/genblk1.inst_ddr3_axi/inst_efx_ddr3/top_mc/controller_main/dffrs_2527/i9_rst_1
@ "D:\yilingsi_fpga\Efinity_Project\Ti60F225_OV5640_Sobel_Stable\ip/DdrCtrl\DdrCtrl.sv (1460)" representative instance : ddr3_ctl_axi/u_efx_ddr3_soft_controller/genblk1.inst_ddr3_axi/inst_efx_ddr3/top_mc/controller_main/dffrs_2527/i10_rst_1
FF|OPT : Flip-flop optimization by equivalence checking
@ "D:\yilingsi_fpga\Efinity_Project\Ti60F225_OV5640_Sobel_Stable\ip/DdrCtrl\DdrCtrl.sv (1460)" removed instance : ddr3_ctl_axi/u_efx_ddr3_soft_controller/genblk1.inst_ddr3_axi/inst_efx_ddr3/top_mc/controller_main/dffrs_2527/i9_rst_2
@ "D:\yilingsi_fpga\Efinity_Project\Ti60F225_OV5640_Sobel_Stable\ip/DdrCtrl\DdrCtrl.sv (1460)" representative instance : ddr3_ctl_axi/u_efx_ddr3_soft_controller/genblk1.inst_ddr3_axi/inst_efx_ddr3/top_mc/controller_main/dffrs_2527/i10_rst_2
FF|OPT : Flip-flop optimization by equivalence checking
@ "D:\yilingsi_fpga\Efinity_Project\Ti60F225_OV5640_Sobel_Stable\ip/DdrCtrl\DdrCtrl.sv (1460)" removed instance : ddr3_ctl_axi/u_efx_ddr3_soft_controller/genblk1.inst_ddr3_axi/inst_efx_ddr3/top_mc/controller_main/dffrs_2527/i9_rst_3
@ "D:\yilingsi_fpga\Efinity_Project\Ti60F225_OV5640_Sobel_Stable\ip/DdrCtrl\DdrCtrl.sv (1460)" representative instance : ddr3_ctl_axi/u_efx_ddr3_soft_controller/genblk1.inst_ddr3_axi/inst_efx_ddr3/top_mc/controller_main/dffrs_2527/i10_rst_3
FF|OPT : Flip-flop optimization by equivalence checking
@ "D:\yilingsi_fpga\Efinity_Project\Ti60F225_OV5640_Sobel_Stable\ip/DdrCtrl\DdrCtrl.sv (1460)" removed instance : ddr3_ctl_axi/u_efx_ddr3_soft_controller/genblk1.inst_ddr3_axi/inst_efx_ddr3/top_mc/controller_main/dffrs_2527/i90_rst_0
@ "D:\yilingsi_fpga\Efinity_Project\Ti60F225_OV5640_Sobel_Stable\ip/DdrCtrl\DdrCtrl.sv (1460)" representative instance : ddr3_ctl_axi/u_efx_ddr3_soft_controller/genblk1.inst_ddr3_axi/inst_efx_ddr3/top_mc/controller_main/dffrs_2527/i10_rst_0
FF|OPT : Flip-flop optimization by equivalence checking
@ "D:\yilingsi_fpga\Efinity_Project\Ti60F225_OV5640_Sobel_Stable\ip/DdrCtrl\DdrCtrl.sv (1460)" removed instance : ddr3_ctl_axi/u_efx_ddr3_soft_controller/genblk1.inst_ddr3_axi/inst_efx_ddr3/top_mc/controller_main/dffrs_2527/i90_rst_1
@ "D:\yilingsi_fpga\Efinity_Project\Ti60F225_OV5640_Sobel_Stable\ip/DdrCtrl\DdrCtrl.sv (1460)" representative instance : ddr3_ctl_axi/u_efx_ddr3_soft_controller/genblk1.inst_ddr3_axi/inst_efx_ddr3/top_mc/controller_main/dffrs_2527/i10_rst_1
FF|OPT : Flip-flop optimization by equivalence checking
@ "D:\yilingsi_fpga\Efinity_Project\Ti60F225_OV5640_Sobel_Stable\ip/DdrCtrl\DdrCtrl.sv (1460)" removed instance : ddr3_ctl_axi/u_efx_ddr3_soft_controller/genblk1.inst_ddr3_axi/inst_efx_ddr3/top_mc/controller_main/dffrs_2527/i90_rst_2
@ "D:\yilingsi_fpga\Efinity_Project\Ti60F225_OV5640_Sobel_Stable\ip/DdrCtrl\DdrCtrl.sv (1460)" representative instance : ddr3_ctl_axi/u_efx_ddr3_soft_controller/genblk1.inst_ddr3_axi/inst_efx_ddr3/top_mc/controller_main/dffrs_2527/i10_rst_2
FF|OPT : Flip-flop optimization by equivalence checking
@ "D:\yilingsi_fpga\Efinity_Project\Ti60F225_OV5640_Sobel_Stable\ip/DdrCtrl\DdrCtrl.sv (1460)" removed instance : ddr3_ctl_axi/u_efx_ddr3_soft_controller/genblk1.inst_ddr3_axi/inst_efx_ddr3/top_mc/controller_main/dffrs_2527/i90_rst_3
@ "D:\yilingsi_fpga\Efinity_Project\Ti60F225_OV5640_Sobel_Stable\ip/DdrCtrl\DdrCtrl.sv (1460)" representative instance : ddr3_ctl_axi/u_efx_ddr3_soft_controller/genblk1.inst_ddr3_axi/inst_efx_ddr3/top_mc/controller_main/dffrs_2527/i10_rst_3
FF|OPT : Flip-flop optimization by equivalence checking
@ "D:\yilingsi_fpga\Efinity_Project\Ti60F225_OV5640_Sobel_Stable\ip/DdrCtrl\DdrCtrl.sv (1460)" removed instance : ddr3_ctl_axi/u_efx_ddr3_soft_controller/genblk1.inst_ddr3_axi/inst_efx_ddr3/top_mc/controller_main/dffrs_2527/i89_rst_0
@ "D:\yilingsi_fpga\Efinity_Project\Ti60F225_OV5640_Sobel_Stable\ip/DdrCtrl\DdrCtrl.sv (1460)" representative instance : ddr3_ctl_axi/u_efx_ddr3_soft_controller/genblk1.inst_ddr3_axi/inst_efx_ddr3/top_mc/controller_main/dffrs_2527/i10_rst_0
FF|OPT : Flip-flop optimization by equivalence checking
@ "D:\yilingsi_fpga\Efinity_Project\Ti60F225_OV5640_Sobel_Stable\ip/DdrCtrl\DdrCtrl.sv (1460)" removed instance : ddr3_ctl_axi/u_efx_ddr3_soft_controller/genblk1.inst_ddr3_axi/inst_efx_ddr3/top_mc/controller_main/dffrs_2527/i89_rst_1
@ "D:\yilingsi_fpga\Efinity_Project\Ti60F225_OV5640_Sobel_Stable\ip/DdrCtrl\DdrCtrl.sv (1460)" representative instance : ddr3_ctl_axi/u_efx_ddr3_soft_controller/genblk1.inst_ddr3_axi/inst_efx_ddr3/top_mc/controller_main/dffrs_2527/i10_rst_1
FF|OPT : Flip-flop optimization by equivalence checking
@ "D:\yilingsi_fpga\Efinity_Project\Ti60F225_OV5640_Sobel_Stable\ip/DdrCtrl\DdrCtrl.sv (1460)" removed instance : ddr3_ctl_axi/u_efx_ddr3_soft_controller/genblk1.inst_ddr3_axi/inst_efx_ddr3/top_mc/controller_main/dffrs_2527/i89_rst_2
@ "D:\yilingsi_fpga\Efinity_Project\Ti60F225_OV5640_Sobel_Stable\ip/DdrCtrl\DdrCtrl.sv (1460)" representative instance : ddr3_ctl_axi/u_efx_ddr3_soft_controller/genblk1.inst_ddr3_axi/inst_efx_ddr3/top_mc/controller_main/dffrs_2527/i10_rst_2
FF|OPT : Flip-flop optimization by equivalence checking
@ "D:\yilingsi_fpga\Efinity_Project\Ti60F225_OV5640_Sobel_Stable\ip/DdrCtrl\DdrCtrl.sv (1460)" removed instance : ddr3_ctl_axi/u_efx_ddr3_soft_controller/genblk1.inst_ddr3_axi/inst_efx_ddr3/top_mc/controller_main/dffrs_2527/i89_rst_3
@ "D:\yilingsi_fpga\Efinity_Project\Ti60F225_OV5640_Sobel_Stable\ip/DdrCtrl\DdrCtrl.sv (1460)" representative instance : ddr3_ctl_axi/u_efx_ddr3_soft_controller/genblk1.inst_ddr3_axi/inst_efx_ddr3/top_mc/controller_main/dffrs_2527/i10_rst_3
FF|OPT : Flip-flop optimization by equivalence checking
@ "D:\yilingsi_fpga\Efinity_Project\Ti60F225_OV5640_Sobel_Stable\ip/DdrCtrl\DdrCtrl.sv (1460)" removed instance : ddr3_ctl_axi/u_efx_ddr3_soft_controller/genblk1.inst_ddr3_axi/inst_efx_ddr3/top_mc/controller_main/dffrs_2527/i88_rst_0
@ "D:\yilingsi_fpga\Efinity_Project\Ti60F225_OV5640_Sobel_Stable\ip/DdrCtrl\DdrCtrl.sv (1460)" representative instance : ddr3_ctl_axi/u_efx_ddr3_soft_controller/genblk1.inst_ddr3_axi/inst_efx_ddr3/top_mc/controller_main/dffrs_2527/i10_rst_0
FF|OPT : Flip-flop optimization by equivalence checking
@ "D:\yilingsi_fpga\Efinity_Project\Ti60F225_OV5640_Sobel_Stable\ip/DdrCtrl\DdrCtrl.sv (1460)" removed instance : ddr3_ctl_axi/u_efx_ddr3_soft_controller/genblk1.inst_ddr3_axi/inst_efx_ddr3/top_mc/controller_main/dffrs_2527/i88_rst_1
@ "D:\yilingsi_fpga\Efinity_Project\Ti60F225_OV5640_Sobel_Stable\ip/DdrCtrl\DdrCtrl.sv (1460)" representative instance : ddr3_ctl_axi/u_efx_ddr3_soft_controller/genblk1.inst_ddr3_axi/inst_efx_ddr3/top_mc/controller_main/dffrs_2527/i10_rst_1
FF|OPT : Flip-flop optimization by equivalence checking
@ "D:\yilingsi_fpga\Efinity_Project\Ti60F225_OV5640_Sobel_Stable\ip/DdrCtrl\DdrCtrl.sv (1460)" removed instance : ddr3_ctl_axi/u_efx_ddr3_soft_controller/genblk1.inst_ddr3_axi/inst_efx_ddr3/top_mc/controller_main/dffrs_2527/i88_rst_2
@ "D:\yilingsi_fpga\Efinity_Project\Ti60F225_OV5640_Sobel_Stable\ip/DdrCtrl\DdrCtrl.sv (1460)" representative instance : ddr3_ctl_axi/u_efx_ddr3_soft_controller/genblk1.inst_ddr3_axi/inst_efx_ddr3/top_mc/controller_main/dffrs_2527/i10_rst_2
FF|OPT : Flip-flop optimization by equivalence checking
@ "D:\yilingsi_fpga\Efinity_Project\Ti60F225_OV5640_Sobel_Stable\ip/DdrCtrl\DdrCtrl.sv (1460)" removed instance : ddr3_ctl_axi/u_efx_ddr3_soft_controller/genblk1.inst_ddr3_axi/inst_efx_ddr3/top_mc/controller_main/dffrs_2527/i88_rst_3
@ "D:\yilingsi_fpga\Efinity_Project\Ti60F225_OV5640_Sobel_Stable\ip/DdrCtrl\DdrCtrl.sv (1460)" representative instance : ddr3_ctl_axi/u_efx_ddr3_soft_controller/genblk1.inst_ddr3_axi/inst_efx_ddr3/top_mc/controller_main/dffrs_2527/i10_rst_3
FF|OPT : Flip-flop optimization by equivalence checking
@ "D:\yilingsi_fpga\Efinity_Project\Ti60F225_OV5640_Sobel_Stable\ip/DdrCtrl\DdrCtrl.sv (1460)" removed instance : ddr3_ctl_axi/u_efx_ddr3_soft_controller/genblk1.inst_ddr3_axi/inst_efx_ddr3/top_mc/controller_main/dffrs_2527/i87_rst_0
@ "D:\yilingsi_fpga\Efinity_Project\Ti60F225_OV5640_Sobel_Stable\ip/DdrCtrl\DdrCtrl.sv (1460)" representative instance : ddr3_ctl_axi/u_efx_ddr3_soft_controller/genblk1.inst_ddr3_axi/inst_efx_ddr3/top_mc/controller_main/dffrs_2527/i10_rst_0
FF|OPT : Flip-flop optimization by equivalence checking
@ "D:\yilingsi_fpga\Efinity_Project\Ti60F225_OV5640_Sobel_Stable\ip/DdrCtrl\DdrCtrl.sv (1460)" removed instance : ddr3_ctl_axi/u_efx_ddr3_soft_controller/genblk1.inst_ddr3_axi/inst_efx_ddr3/top_mc/controller_main/dffrs_2527/i87_rst_1
@ "D:\yilingsi_fpga\Efinity_Project\Ti60F225_OV5640_Sobel_Stable\ip/DdrCtrl\DdrCtrl.sv (1460)" representative instance : ddr3_ctl_axi/u_efx_ddr3_soft_controller/genblk1.inst_ddr3_axi/inst_efx_ddr3/top_mc/controller_main/dffrs_2527/i10_rst_1
FF|OPT : Flip-flop optimization by equivalence checking
@ "D:\yilingsi_fpga\Efinity_Project\Ti60F225_OV5640_Sobel_Stable\ip/DdrCtrl\DdrCtrl.sv (1460)" removed instance : ddr3_ctl_axi/u_efx_ddr3_soft_controller/genblk1.inst_ddr3_axi/inst_efx_ddr3/top_mc/controller_main/dffrs_2527/i87_rst_2
@ "D:\yilingsi_fpga\Efinity_Project\Ti60F225_OV5640_Sobel_Stable\ip/DdrCtrl\DdrCtrl.sv (1460)" representative instance : ddr3_ctl_axi/u_efx_ddr3_soft_controller/genblk1.inst_ddr3_axi/inst_efx_ddr3/top_mc/controller_main/dffrs_2527/i10_rst_2
FF|OPT : Flip-flop optimization by equivalence checking
@ "D:\yilingsi_fpga\Efinity_Project\Ti60F225_OV5640_Sobel_Stable\ip/DdrCtrl\DdrCtrl.sv (1460)" removed instance : ddr3_ctl_axi/u_efx_ddr3_soft_controller/genblk1.inst_ddr3_axi/inst_efx_ddr3/top_mc/controller_main/dffrs_2527/i87_rst_3
@ "D:\yilingsi_fpga\Efinity_Project\Ti60F225_OV5640_Sobel_Stable\ip/DdrCtrl\DdrCtrl.sv (1460)" representative instance : ddr3_ctl_axi/u_efx_ddr3_soft_controller/genblk1.inst_ddr3_axi/inst_efx_ddr3/top_mc/controller_main/dffrs_2527/i10_rst_3
FF|OPT : Flip-flop optimization by equivalence checking
@ "D:\yilingsi_fpga\Efinity_Project\Ti60F225_OV5640_Sobel_Stable\ip/DdrCtrl\DdrCtrl.sv (1460)" removed instance : ddr3_ctl_axi/u_efx_ddr3_soft_controller/genblk1.inst_ddr3_axi/inst_efx_ddr3/top_mc/controller_main/dffrs_2527/i86_rst_0
@ "D:\yilingsi_fpga\Efinity_Project\Ti60F225_OV5640_Sobel_Stable\ip/DdrCtrl\DdrCtrl.sv (1460)" representative instance : ddr3_ctl_axi/u_efx_ddr3_soft_controller/genblk1.inst_ddr3_axi/inst_efx_ddr3/top_mc/controller_main/dffrs_2527/i10_rst_0
FF|OPT : Flip-flop optimization by equivalence checking
@ "D:\yilingsi_fpga\Efinity_Project\Ti60F225_OV5640_Sobel_Stable\ip/DdrCtrl\DdrCtrl.sv (1460)" removed instance : ddr3_ctl_axi/u_efx_ddr3_soft_controller/genblk1.inst_ddr3_axi/inst_efx_ddr3/top_mc/controller_main/dffrs_2527/i86_rst_1
@ "D:\yilingsi_fpga\Efinity_Project\Ti60F225_OV5640_Sobel_Stable\ip/DdrCtrl\DdrCtrl.sv (1460)" representative instance : ddr3_ctl_axi/u_efx_ddr3_soft_controller/genblk1.inst_ddr3_axi/inst_efx_ddr3/top_mc/controller_main/dffrs_2527/i10_rst_1
FF|OPT : Flip-flop optimization by equivalence checking
@ "D:\yilingsi_fpga\Efinity_Project\Ti60F225_OV5640_Sobel_Stable\ip/DdrCtrl\DdrCtrl.sv (1460)" removed instance : ddr3_ctl_axi/u_efx_ddr3_soft_controller/genblk1.inst_ddr3_axi/inst_efx_ddr3/top_mc/controller_main/dffrs_2527/i86_rst_2
@ "D:\yilingsi_fpga\Efinity_Project\Ti60F225_OV5640_Sobel_Stable\ip/DdrCtrl\DdrCtrl.sv (1460)" representative instance : ddr3_ctl_axi/u_efx_ddr3_soft_controller/genblk1.inst_ddr3_axi/inst_efx_ddr3/top_mc/controller_main/dffrs_2527/i10_rst_2
FF|OPT : Flip-flop optimization by equivalence checking
@ "D:\yilingsi_fpga\Efinity_Project\Ti60F225_OV5640_Sobel_Stable\ip/DdrCtrl\DdrCtrl.sv (1460)" removed instance : ddr3_ctl_axi/u_efx_ddr3_soft_controller/genblk1.inst_ddr3_axi/inst_efx_ddr3/top_mc/controller_main/dffrs_2527/i86_rst_3
@ "D:\yilingsi_fpga\Efinity_Project\Ti60F225_OV5640_Sobel_Stable\ip/DdrCtrl\DdrCtrl.sv (1460)" representative instance : ddr3_ctl_axi/u_efx_ddr3_soft_controller/genblk1.inst_ddr3_axi/inst_efx_ddr3/top_mc/controller_main/dffrs_2527/i10_rst_3
FF|OPT : Flip-flop optimization by equivalence checking
@ "D:\yilingsi_fpga\Efinity_Project\Ti60F225_OV5640_Sobel_Stable\ip/DdrCtrl\DdrCtrl.sv (1460)" removed instance : ddr3_ctl_axi/u_efx_ddr3_soft_controller/genblk1.inst_ddr3_axi/inst_efx_ddr3/top_mc/controller_main/dffrs_2527/i85_rst_0
@ "D:\yilingsi_fpga\Efinity_Project\Ti60F225_OV5640_Sobel_Stable\ip/DdrCtrl\DdrCtrl.sv (1460)" representative instance : ddr3_ctl_axi/u_efx_ddr3_soft_controller/genblk1.inst_ddr3_axi/inst_efx_ddr3/top_mc/controller_main/dffrs_2527/i10_rst_0
FF|OPT : Flip-flop optimization by equivalence checking
@ "D:\yilingsi_fpga\Efinity_Project\Ti60F225_OV5640_Sobel_Stable\ip/DdrCtrl\DdrCtrl.sv (1460)" removed instance : ddr3_ctl_axi/u_efx_ddr3_soft_controller/genblk1.inst_ddr3_axi/inst_efx_ddr3/top_mc/controller_main/dffrs_2527/i85_rst_1
@ "D:\yilingsi_fpga\Efinity_Project\Ti60F225_OV5640_Sobel_Stable\ip/DdrCtrl\DdrCtrl.sv (1460)" representative instance : ddr3_ctl_axi/u_efx_ddr3_soft_controller/genblk1.inst_ddr3_axi/inst_efx_ddr3/top_mc/controller_main/dffrs_2527/i10_rst_1
FF|OPT : Flip-flop optimization by equivalence checking
@ "D:\yilingsi_fpga\Efinity_Project\Ti60F225_OV5640_Sobel_Stable\ip/DdrCtrl\DdrCtrl.sv (1460)" removed instance : ddr3_ctl_axi/u_efx_ddr3_soft_controller/genblk1.inst_ddr3_axi/inst_efx_ddr3/top_mc/controller_main/dffrs_2527/i85_rst_2
@ "D:\yilingsi_fpga\Efinity_Project\Ti60F225_OV5640_Sobel_Stable\ip/DdrCtrl\DdrCtrl.sv (1460)" representative instance : ddr3_ctl_axi/u_efx_ddr3_soft_controller/genblk1.inst_ddr3_axi/inst_efx_ddr3/top_mc/controller_main/dffrs_2527/i10_rst_2
FF|OPT : Flip-flop optimization by equivalence checking
@ "D:\yilingsi_fpga\Efinity_Project\Ti60F225_OV5640_Sobel_Stable\ip/DdrCtrl\DdrCtrl.sv (1460)" removed instance : ddr3_ctl_axi/u_efx_ddr3_soft_controller/genblk1.inst_ddr3_axi/inst_efx_ddr3/top_mc/controller_main/dffrs_2527/i85_rst_3
@ "D:\yilingsi_fpga\Efinity_Project\Ti60F225_OV5640_Sobel_Stable\ip/DdrCtrl\DdrCtrl.sv (1460)" representative instance : ddr3_ctl_axi/u_efx_ddr3_soft_controller/genblk1.inst_ddr3_axi/inst_efx_ddr3/top_mc/controller_main/dffrs_2527/i10_rst_3
FF|OPT : Flip-flop optimization by equivalence checking
@ "D:\yilingsi_fpga\Efinity_Project\Ti60F225_OV5640_Sobel_Stable\ip/DdrCtrl\DdrCtrl.sv (3274)" removed instance : ddr3_ctl_axi/u_efx_ddr3_soft_controller/genblk1.inst_ddr3_axi/inst_efx_ddr3/dff_734/i65
@ "D:\yilingsi_fpga\Efinity_Project\Ti60F225_OV5640_Sobel_Stable\ip/DdrCtrl\DdrCtrl.sv (3274)" representative instance : ddr3_ctl_axi/u_efx_ddr3_soft_controller/genblk1.inst_ddr3_axi/inst_efx_ddr3/dff_734/i3
FF|OPT : Flip-flop optimization by equivalence checking
@ "D:\yilingsi_fpga\Efinity_Project\Ti60F225_OV5640_Sobel_Stable\ip/DdrCtrl\DdrCtrl.sv (3274)" removed instance : ddr3_ctl_axi/u_efx_ddr3_soft_controller/genblk1.inst_ddr3_axi/inst_efx_ddr3/dff_734/i66
@ "D:\yilingsi_fpga\Efinity_Project\Ti60F225_OV5640_Sobel_Stable\ip/DdrCtrl\DdrCtrl.sv (3274)" representative instance : ddr3_ctl_axi/u_efx_ddr3_soft_controller/genblk1.inst_ddr3_axi/inst_efx_ddr3/dff_734/i1
FF|OPT : Flip-flop optimization by equivalence checking
@ "D:\yilingsi_fpga\Efinity_Project\Ti60F225_OV5640_Sobel_Stable\ip/DdrCtrl\DdrCtrl.sv (3274)" removed instance : ddr3_ctl_axi/u_efx_ddr3_soft_controller/genblk1.inst_ddr3_axi/inst_efx_ddr3/dff_734/i67
@ "D:\yilingsi_fpga\Efinity_Project\Ti60F225_OV5640_Sobel_Stable\ip/DdrCtrl\DdrCtrl.sv (3274)" representative instance : ddr3_ctl_axi/u_efx_ddr3_soft_controller/genblk1.inst_ddr3_axi/inst_efx_ddr3/dff_734/i89
FF|OPT : Flip-flop optimization by equivalence checking
@ "D:\yilingsi_fpga\Efinity_Project\Ti60F225_OV5640_Sobel_Stable\ip/DdrCtrl\DdrCtrl.sv (3274)" removed instance : ddr3_ctl_axi/u_efx_ddr3_soft_controller/genblk1.inst_ddr3_axi/inst_efx_ddr3/dff_734/i68
@ "D:\yilingsi_fpga\Efinity_Project\Ti60F225_OV5640_Sobel_Stable\ip/DdrCtrl\DdrCtrl.sv (3274)" representative instance : ddr3_ctl_axi/u_efx_ddr3_soft_controller/genblk1.inst_ddr3_axi/inst_efx_ddr3/dff_734/i1
FF|OPT : Flip-flop optimization by equivalence checking
@ "D:\yilingsi_fpga\Efinity_Project\Ti60F225_OV5640_Sobel_Stable\ip/DdrCtrl\DdrCtrl.sv (3274)" removed instance : ddr3_ctl_axi/u_efx_ddr3_soft_controller/genblk1.inst_ddr3_axi/inst_efx_ddr3/dff_734/i69
@ "D:\yilingsi_fpga\Efinity_Project\Ti60F225_OV5640_Sobel_Stable\ip/DdrCtrl\DdrCtrl.sv (3274)" representative instance : ddr3_ctl_axi/u_efx_ddr3_soft_controller/genblk1.inst_ddr3_axi/inst_efx_ddr3/dff_734/i5
FF|OPT : Flip-flop optimization by equivalence checking
@ "D:\yilingsi_fpga\Efinity_Project\Ti60F225_OV5640_Sobel_Stable\ip/DdrCtrl\DdrCtrl.sv (3274)" removed instance : ddr3_ctl_axi/u_efx_ddr3_soft_controller/genblk1.inst_ddr3_axi/inst_efx_ddr3/dff_734/i70
@ "D:\yilingsi_fpga\Efinity_Project\Ti60F225_OV5640_Sobel_Stable\ip/DdrCtrl\DdrCtrl.sv (3274)" representative instance : ddr3_ctl_axi/u_efx_ddr3_soft_controller/genblk1.inst_ddr3_axi/inst_efx_ddr3/dff_734/i5
FF|OPT : Flip-flop optimization by equivalence checking
@ "D:\yilingsi_fpga\Efinity_Project\Ti60F225_OV5640_Sobel_Stable\ip/DdrCtrl\DdrCtrl.sv (3274)" removed instance : ddr3_ctl_axi/u_efx_ddr3_soft_controller/genblk1.inst_ddr3_axi/inst_efx_ddr3/dff_734/i71
@ "D:\yilingsi_fpga\Efinity_Project\Ti60F225_OV5640_Sobel_Stable\ip/DdrCtrl\DdrCtrl.sv (3274)" representative instance : ddr3_ctl_axi/u_efx_ddr3_soft_controller/genblk1.inst_ddr3_axi/inst_efx_ddr3/dff_734/i93
FF|OPT : Flip-flop optimization by equivalence checking
@ "D:\yilingsi_fpga\Efinity_Project\Ti60F225_OV5640_Sobel_Stable\ip/DdrCtrl\DdrCtrl.sv (3274)" removed instance : ddr3_ctl_axi/u_efx_ddr3_soft_controller/genblk1.inst_ddr3_axi/inst_efx_ddr3/dff_734/i72
@ "D:\yilingsi_fpga\Efinity_Project\Ti60F225_OV5640_Sobel_Stable\ip/DdrCtrl\DdrCtrl.sv (3274)" representative instance : ddr3_ctl_axi/u_efx_ddr3_soft_controller/genblk1.inst_ddr3_axi/inst_efx_ddr3/dff_734/i2
FF|OPT : Flip-flop optimization by equivalence checking
@ "D:\yilingsi_fpga\Efinity_Project\Ti60F225_OV5640_Sobel_Stable\ip/DdrCtrl\DdrCtrl.sv (3274)" removed instance : ddr3_ctl_axi/u_efx_ddr3_soft_controller/genblk1.inst_ddr3_axi/inst_efx_ddr3/dff_734/i73
@ "D:\yilingsi_fpga\Efinity_Project\Ti60F225_OV5640_Sobel_Stable\ip/DdrCtrl\DdrCtrl.sv (3274)" representative instance : ddr3_ctl_axi/u_efx_ddr3_soft_controller/genblk1.inst_ddr3_axi/inst_efx_ddr3/dff_734/i3
FF|OPT : Flip-flop optimization by equivalence checking
@ "D:\yilingsi_fpga\Efinity_Project\Ti60F225_OV5640_Sobel_Stable\ip/DdrCtrl\DdrCtrl.sv (3274)" removed instance : ddr3_ctl_axi/u_efx_ddr3_soft_controller/genblk1.inst_ddr3_axi/inst_efx_ddr3/dff_734/i74
@ "D:\yilingsi_fpga\Efinity_Project\Ti60F225_OV5640_Sobel_Stable\ip/DdrCtrl\DdrCtrl.sv (3274)" representative instance : ddr3_ctl_axi/u_efx_ddr3_soft_controller/genblk1.inst_ddr3_axi/inst_efx_ddr3/dff_734/i3
FF|OPT : Flip-flop optimization by equivalence checking
@ "D:\yilingsi_fpga\Efinity_Project\Ti60F225_OV5640_Sobel_Stable\ip/DdrCtrl\DdrCtrl.sv (3274)" removed instance : ddr3_ctl_axi/u_efx_ddr3_soft_controller/genblk1.inst_ddr3_axi/inst_efx_ddr3/dff_734/i75
@ "D:\yilingsi_fpga\Efinity_Project\Ti60F225_OV5640_Sobel_Stable\ip/DdrCtrl\DdrCtrl.sv (3274)" representative instance : ddr3_ctl_axi/u_efx_ddr3_soft_controller/genblk1.inst_ddr3_axi/inst_efx_ddr3/dff_734/i89
FF|OPT : Flip-flop optimization by equivalence checking
@ "D:\yilingsi_fpga\Efinity_Project\Ti60F225_OV5640_Sobel_Stable\ip/DdrCtrl\DdrCtrl.sv (3274)" removed instance : ddr3_ctl_axi/u_efx_ddr3_soft_controller/genblk1.inst_ddr3_axi/inst_efx_ddr3/dff_734/i76
@ "D:\yilingsi_fpga\Efinity_Project\Ti60F225_OV5640_Sobel_Stable\ip/DdrCtrl\DdrCtrl.sv (3274)" representative instance : ddr3_ctl_axi/u_efx_ddr3_soft_controller/genblk1.inst_ddr3_axi/inst_efx_ddr3/dff_734/i1
FF|OPT : Flip-flop optimization by equivalence checking
@ "D:\yilingsi_fpga\Efinity_Project\Ti60F225_OV5640_Sobel_Stable\ip/DdrCtrl\DdrCtrl.sv (3274)" removed instance : ddr3_ctl_axi/u_efx_ddr3_soft_controller/genblk1.inst_ddr3_axi/inst_efx_ddr3/dff_734/i77
@ "D:\yilingsi_fpga\Efinity_Project\Ti60F225_OV5640_Sobel_Stable\ip/DdrCtrl\DdrCtrl.sv (3274)" representative instance : ddr3_ctl_axi/u_efx_ddr3_soft_controller/genblk1.inst_ddr3_axi/inst_efx_ddr3/dff_734/i2
FF|OPT : Flip-flop optimization by equivalence checking
@ "D:\yilingsi_fpga\Efinity_Project\Ti60F225_OV5640_Sobel_Stable\ip/DdrCtrl\DdrCtrl.sv (3274)" removed instance : ddr3_ctl_axi/u_efx_ddr3_soft_controller/genblk1.inst_ddr3_axi/inst_efx_ddr3/dff_734/i78
@ "D:\yilingsi_fpga\Efinity_Project\Ti60F225_OV5640_Sobel_Stable\ip/DdrCtrl\DdrCtrl.sv (3274)" representative instance : ddr3_ctl_axi/u_efx_ddr3_soft_controller/genblk1.inst_ddr3_axi/inst_efx_ddr3/dff_734/i5
FF|OPT : Flip-flop optimization by equivalence checking
@ "D:\yilingsi_fpga\Efinity_Project\Ti60F225_OV5640_Sobel_Stable\ip/DdrCtrl\DdrCtrl.sv (3274)" removed instance : ddr3_ctl_axi/u_efx_ddr3_soft_controller/genblk1.inst_ddr3_axi/inst_efx_ddr3/dff_734/i79
@ "D:\yilingsi_fpga\Efinity_Project\Ti60F225_OV5640_Sobel_Stable\ip/DdrCtrl\DdrCtrl.sv (3274)" representative instance : ddr3_ctl_axi/u_efx_ddr3_soft_controller/genblk1.inst_ddr3_axi/inst_efx_ddr3/dff_734/i89
FF|OPT : Flip-flop optimization by equivalence checking
@ "D:\yilingsi_fpga\Efinity_Project\Ti60F225_OV5640_Sobel_Stable\ip/DdrCtrl\DdrCtrl.sv (3274)" removed instance : ddr3_ctl_axi/u_efx_ddr3_soft_controller/genblk1.inst_ddr3_axi/inst_efx_ddr3/dff_734/i80
@ "D:\yilingsi_fpga\Efinity_Project\Ti60F225_OV5640_Sobel_Stable\ip/DdrCtrl\DdrCtrl.sv (3274)" representative instance : ddr3_ctl_axi/u_efx_ddr3_soft_controller/genblk1.inst_ddr3_axi/inst_efx_ddr3/dff_734/i3
FF|OPT : Flip-flop optimization by equivalence checking
@ "D:\yilingsi_fpga\Efinity_Project\Ti60F225_OV5640_Sobel_Stable\ip/DdrCtrl\DdrCtrl.sv (3274)" removed instance : ddr3_ctl_axi/u_efx_ddr3_soft_controller/genblk1.inst_ddr3_axi/inst_efx_ddr3/dff_734/i82
@ "D:\yilingsi_fpga\Efinity_Project\Ti60F225_OV5640_Sobel_Stable\ip/DdrCtrl\DdrCtrl.sv (3274)" representative instance : ddr3_ctl_axi/u_efx_ddr3_soft_controller/genblk1.inst_ddr3_axi/inst_efx_ddr3/dff_734/i4
FF|OPT : Flip-flop optimization by equivalence checking
@ "D:\yilingsi_fpga\Efinity_Project\Ti60F225_OV5640_Sobel_Stable\ip/DdrCtrl\DdrCtrl.sv (3274)" removed instance : ddr3_ctl_axi/u_efx_ddr3_soft_controller/genblk1.inst_ddr3_axi/inst_efx_ddr3/dff_734/i83
@ "D:\yilingsi_fpga\Efinity_Project\Ti60F225_OV5640_Sobel_Stable\ip/DdrCtrl\DdrCtrl.sv (3274)" representative instance : ddr3_ctl_axi/u_efx_ddr3_soft_controller/genblk1.inst_ddr3_axi/inst_efx_ddr3/dff_734/i95
FF|OPT : Flip-flop optimization by equivalence checking
@ "D:\yilingsi_fpga\Efinity_Project\Ti60F225_OV5640_Sobel_Stable\ip/DdrCtrl\DdrCtrl.sv (3274)" removed instance : ddr3_ctl_axi/u_efx_ddr3_soft_controller/genblk1.inst_ddr3_axi/inst_efx_ddr3/dff_734/i84
@ "D:\yilingsi_fpga\Efinity_Project\Ti60F225_OV5640_Sobel_Stable\ip/DdrCtrl\DdrCtrl.sv (3274)" representative instance : ddr3_ctl_axi/u_efx_ddr3_soft_controller/genblk1.inst_ddr3_axi/inst_efx_ddr3/dff_734/i1
FF|OPT : Flip-flop optimization by equivalence checking
@ "D:\yilingsi_fpga\Efinity_Project\Ti60F225_OV5640_Sobel_Stable\ip/DdrCtrl\DdrCtrl.sv (1460)" removed instance : ddr3_ctl_axi/u_efx_ddr3_soft_controller/genblk1.inst_ddr3_axi/inst_efx_ddr3/top_mc/controller_main/dffrs_2527/i84_rst_0
@ "D:\yilingsi_fpga\Efinity_Project\Ti60F225_OV5640_Sobel_Stable\ip/DdrCtrl\DdrCtrl.sv (1460)" representative instance : ddr3_ctl_axi/u_efx_ddr3_soft_controller/genblk1.inst_ddr3_axi/inst_efx_ddr3/top_mc/controller_main/dffrs_2527/i10_rst_0
FF|OPT : Flip-flop optimization by equivalence checking
@ "D:\yilingsi_fpga\Efinity_Project\Ti60F225_OV5640_Sobel_Stable\ip/DdrCtrl\DdrCtrl.sv (1460)" removed instance : ddr3_ctl_axi/u_efx_ddr3_soft_controller/genblk1.inst_ddr3_axi/inst_efx_ddr3/top_mc/controller_main/dffrs_2527/i84_rst_1
@ "D:\yilingsi_fpga\Efinity_Project\Ti60F225_OV5640_Sobel_Stable\ip/DdrCtrl\DdrCtrl.sv (1460)" representative instance : ddr3_ctl_axi/u_efx_ddr3_soft_controller/genblk1.inst_ddr3_axi/inst_efx_ddr3/top_mc/controller_main/dffrs_2527/i10_rst_1
FF|OPT : Flip-flop optimization by equivalence checking
@ "D:\yilingsi_fpga\Efinity_Project\Ti60F225_OV5640_Sobel_Stable\ip/DdrCtrl\DdrCtrl.sv (1460)" removed instance : ddr3_ctl_axi/u_efx_ddr3_soft_controller/genblk1.inst_ddr3_axi/inst_efx_ddr3/top_mc/controller_main/dffrs_2527/i84_rst_2
@ "D:\yilingsi_fpga\Efinity_Project\Ti60F225_OV5640_Sobel_Stable\ip/DdrCtrl\DdrCtrl.sv (1460)" representative instance : ddr3_ctl_axi/u_efx_ddr3_soft_controller/genblk1.inst_ddr3_axi/inst_efx_ddr3/top_mc/controller_main/dffrs_2527/i10_rst_2
FF|OPT : Flip-flop optimization by equivalence checking
@ "D:\yilingsi_fpga\Efinity_Project\Ti60F225_OV5640_Sobel_Stable\ip/DdrCtrl\DdrCtrl.sv (1460)" removed instance : ddr3_ctl_axi/u_efx_ddr3_soft_controller/genblk1.inst_ddr3_axi/inst_efx_ddr3/top_mc/controller_main/dffrs_2527/i84_rst_3
@ "D:\yilingsi_fpga\Efinity_Project\Ti60F225_OV5640_Sobel_Stable\ip/DdrCtrl\DdrCtrl.sv (1460)" representative instance : ddr3_ctl_axi/u_efx_ddr3_soft_controller/genblk1.inst_ddr3_axi/inst_efx_ddr3/top_mc/controller_main/dffrs_2527/i10_rst_3
FF|OPT : Flip-flop optimization by equivalence checking
@ "D:\yilingsi_fpga\Efinity_Project\Ti60F225_OV5640_Sobel_Stable\ip/DdrCtrl\DdrCtrl.sv (1460)" removed instance : ddr3_ctl_axi/u_efx_ddr3_soft_controller/genblk1.inst_ddr3_axi/inst_efx_ddr3/top_mc/controller_main/dffrs_2527/i83_rst_0
@ "D:\yilingsi_fpga\Efinity_Project\Ti60F225_OV5640_Sobel_Stable\ip/DdrCtrl\DdrCtrl.sv (1460)" representative instance : ddr3_ctl_axi/u_efx_ddr3_soft_controller/genblk1.inst_ddr3_axi/inst_efx_ddr3/top_mc/controller_main/dffrs_2527/i10_rst_0
FF|OPT : Flip-flop optimization by equivalence checking
@ "D:\yilingsi_fpga\Efinity_Project\Ti60F225_OV5640_Sobel_Stable\ip/DdrCtrl\DdrCtrl.sv (1460)" removed instance : ddr3_ctl_axi/u_efx_ddr3_soft_controller/genblk1.inst_ddr3_axi/inst_efx_ddr3/top_mc/controller_main/dffrs_2527/i83_rst_1
@ "D:\yilingsi_fpga\Efinity_Project\Ti60F225_OV5640_Sobel_Stable\ip/DdrCtrl\DdrCtrl.sv (1460)" representative instance : ddr3_ctl_axi/u_efx_ddr3_soft_controller/genblk1.inst_ddr3_axi/inst_efx_ddr3/top_mc/controller_main/dffrs_2527/i10_rst_1
FF|OPT : Flip-flop optimization by equivalence checking
@ "D:\yilingsi_fpga\Efinity_Project\Ti60F225_OV5640_Sobel_Stable\ip/DdrCtrl\DdrCtrl.sv (1460)" removed instance : ddr3_ctl_axi/u_efx_ddr3_soft_controller/genblk1.inst_ddr3_axi/inst_efx_ddr3/top_mc/controller_main/dffrs_2527/i83_rst_2
@ "D:\yilingsi_fpga\Efinity_Project\Ti60F225_OV5640_Sobel_Stable\ip/DdrCtrl\DdrCtrl.sv (1460)" representative instance : ddr3_ctl_axi/u_efx_ddr3_soft_controller/genblk1.inst_ddr3_axi/inst_efx_ddr3/top_mc/controller_main/dffrs_2527/i10_rst_2
FF|OPT : Flip-flop optimization by equivalence checking
@ "D:\yilingsi_fpga\Efinity_Project\Ti60F225_OV5640_Sobel_Stable\ip/DdrCtrl\DdrCtrl.sv (1460)" removed instance : ddr3_ctl_axi/u_efx_ddr3_soft_controller/genblk1.inst_ddr3_axi/inst_efx_ddr3/top_mc/controller_main/dffrs_2527/i83_rst_3
@ "D:\yilingsi_fpga\Efinity_Project\Ti60F225_OV5640_Sobel_Stable\ip/DdrCtrl\DdrCtrl.sv (1460)" representative instance : ddr3_ctl_axi/u_efx_ddr3_soft_controller/genblk1.inst_ddr3_axi/inst_efx_ddr3/top_mc/controller_main/dffrs_2527/i10_rst_3
FF|OPT : Flip-flop optimization by equivalence checking
@ "D:\yilingsi_fpga\Efinity_Project\Ti60F225_OV5640_Sobel_Stable\ip/DdrCtrl\DdrCtrl.sv (1460)" removed instance : ddr3_ctl_axi/u_efx_ddr3_soft_controller/genblk1.inst_ddr3_axi/inst_efx_ddr3/top_mc/controller_main/dffrs_2527/i82_rst_0
@ "D:\yilingsi_fpga\Efinity_Project\Ti60F225_OV5640_Sobel_Stable\ip/DdrCtrl\DdrCtrl.sv (1460)" representative instance : ddr3_ctl_axi/u_efx_ddr3_soft_controller/genblk1.inst_ddr3_axi/inst_efx_ddr3/top_mc/controller_main/dffrs_2527/i10_rst_0
FF|OPT : Flip-flop optimization by equivalence checking
@ "D:\yilingsi_fpga\Efinity_Project\Ti60F225_OV5640_Sobel_Stable\ip/DdrCtrl\DdrCtrl.sv (1460)" removed instance : ddr3_ctl_axi/u_efx_ddr3_soft_controller/genblk1.inst_ddr3_axi/inst_efx_ddr3/top_mc/controller_main/dffrs_2527/i82_rst_1
@ "D:\yilingsi_fpga\Efinity_Project\Ti60F225_OV5640_Sobel_Stable\ip/DdrCtrl\DdrCtrl.sv (1460)" representative instance : ddr3_ctl_axi/u_efx_ddr3_soft_controller/genblk1.inst_ddr3_axi/inst_efx_ddr3/top_mc/controller_main/dffrs_2527/i10_rst_1
FF|OPT : Flip-flop optimization by equivalence checking
@ "D:\yilingsi_fpga\Efinity_Project\Ti60F225_OV5640_Sobel_Stable\ip/DdrCtrl\DdrCtrl.sv (1460)" removed instance : ddr3_ctl_axi/u_efx_ddr3_soft_controller/genblk1.inst_ddr3_axi/inst_efx_ddr3/top_mc/controller_main/dffrs_2527/i82_rst_2
@ "D:\yilingsi_fpga\Efinity_Project\Ti60F225_OV5640_Sobel_Stable\ip/DdrCtrl\DdrCtrl.sv (1460)" representative instance : ddr3_ctl_axi/u_efx_ddr3_soft_controller/genblk1.inst_ddr3_axi/inst_efx_ddr3/top_mc/controller_main/dffrs_2527/i10_rst_2
FF|OPT : Flip-flop optimization by equivalence checking
@ "D:\yilingsi_fpga\Efinity_Project\Ti60F225_OV5640_Sobel_Stable\ip/DdrCtrl\DdrCtrl.sv (1460)" removed instance : ddr3_ctl_axi/u_efx_ddr3_soft_controller/genblk1.inst_ddr3_axi/inst_efx_ddr3/top_mc/controller_main/dffrs_2527/i82_rst_3
@ "D:\yilingsi_fpga\Efinity_Project\Ti60F225_OV5640_Sobel_Stable\ip/DdrCtrl\DdrCtrl.sv (1460)" representative instance : ddr3_ctl_axi/u_efx_ddr3_soft_controller/genblk1.inst_ddr3_axi/inst_efx_ddr3/top_mc/controller_main/dffrs_2527/i10_rst_3
FF|OPT : Flip-flop optimization by equivalence checking
@ "D:\yilingsi_fpga\Efinity_Project\Ti60F225_OV5640_Sobel_Stable\ip/DdrCtrl\DdrCtrl.sv (1460)" removed instance : ddr3_ctl_axi/u_efx_ddr3_soft_controller/genblk1.inst_ddr3_axi/inst_efx_ddr3/top_mc/controller_main/dffrs_2527/i81_rst_0
@ "D:\yilingsi_fpga\Efinity_Project\Ti60F225_OV5640_Sobel_Stable\ip/DdrCtrl\DdrCtrl.sv (1460)" representative instance : ddr3_ctl_axi/u_efx_ddr3_soft_controller/genblk1.inst_ddr3_axi/inst_efx_ddr3/top_mc/controller_main/dffrs_2527/i10_rst_0
FF|OPT : Flip-flop optimization by equivalence checking
@ "D:\yilingsi_fpga\Efinity_Project\Ti60F225_OV5640_Sobel_Stable\ip/DdrCtrl\DdrCtrl.sv (1460)" removed instance : ddr3_ctl_axi/u_efx_ddr3_soft_controller/genblk1.inst_ddr3_axi/inst_efx_ddr3/top_mc/controller_main/dffrs_2527/i81_rst_1
@ "D:\yilingsi_fpga\Efinity_Project\Ti60F225_OV5640_Sobel_Stable\ip/DdrCtrl\DdrCtrl.sv (1460)" representative instance : ddr3_ctl_axi/u_efx_ddr3_soft_controller/genblk1.inst_ddr3_axi/inst_efx_ddr3/top_mc/controller_main/dffrs_2527/i10_rst_1
FF|OPT : Flip-flop optimization by equivalence checking
@ "D:\yilingsi_fpga\Efinity_Project\Ti60F225_OV5640_Sobel_Stable\ip/DdrCtrl\DdrCtrl.sv (1460)" removed instance : ddr3_ctl_axi/u_efx_ddr3_soft_controller/genblk1.inst_ddr3_axi/inst_efx_ddr3/top_mc/controller_main/dffrs_2527/i81_rst_2
@ "D:\yilingsi_fpga\Efinity_Project\Ti60F225_OV5640_Sobel_Stable\ip/DdrCtrl\DdrCtrl.sv (1460)" representative instance : ddr3_ctl_axi/u_efx_ddr3_soft_controller/genblk1.inst_ddr3_axi/inst_efx_ddr3/top_mc/controller_main/dffrs_2527/i10_rst_2
FF|OPT : Flip-flop optimization by equivalence checking
@ "D:\yilingsi_fpga\Efinity_Project\Ti60F225_OV5640_Sobel_Stable\ip/DdrCtrl\DdrCtrl.sv (1460)" removed instance : ddr3_ctl_axi/u_efx_ddr3_soft_controller/genblk1.inst_ddr3_axi/inst_efx_ddr3/top_mc/controller_main/dffrs_2527/i81_rst_3
@ "D:\yilingsi_fpga\Efinity_Project\Ti60F225_OV5640_Sobel_Stable\ip/DdrCtrl\DdrCtrl.sv (1460)" representative instance : ddr3_ctl_axi/u_efx_ddr3_soft_controller/genblk1.inst_ddr3_axi/inst_efx_ddr3/top_mc/controller_main/dffrs_2527/i10_rst_3
FF|OPT : Flip-flop optimization by equivalence checking
@ "D:\yilingsi_fpga\Efinity_Project\Ti60F225_OV5640_Sobel_Stable\ip/DdrCtrl\DdrCtrl.sv (1460)" removed instance : ddr3_ctl_axi/u_efx_ddr3_soft_controller/genblk1.inst_ddr3_axi/inst_efx_ddr3/top_mc/controller_main/dffrs_2527/i8_rst_0
@ "D:\yilingsi_fpga\Efinity_Project\Ti60F225_OV5640_Sobel_Stable\ip/DdrCtrl\DdrCtrl.sv (1460)" representative instance : ddr3_ctl_axi/u_efx_ddr3_soft_controller/genblk1.inst_ddr3_axi/inst_efx_ddr3/top_mc/controller_main/dffrs_2527/i10_rst_0
FF|OPT : Flip-flop optimization by equivalence checking
@ "D:\yilingsi_fpga\Efinity_Project\Ti60F225_OV5640_Sobel_Stable\ip/DdrCtrl\DdrCtrl.sv (1460)" removed instance : ddr3_ctl_axi/u_efx_ddr3_soft_controller/genblk1.inst_ddr3_axi/inst_efx_ddr3/top_mc/controller_main/dffrs_2527/i8_rst_1
@ "D:\yilingsi_fpga\Efinity_Project\Ti60F225_OV5640_Sobel_Stable\ip/DdrCtrl\DdrCtrl.sv (1460)" representative instance : ddr3_ctl_axi/u_efx_ddr3_soft_controller/genblk1.inst_ddr3_axi/inst_efx_ddr3/top_mc/controller_main/dffrs_2527/i10_rst_1
FF|OPT : Flip-flop optimization by equivalence checking
@ "D:\yilingsi_fpga\Efinity_Project\Ti60F225_OV5640_Sobel_Stable\ip/DdrCtrl\DdrCtrl.sv (1460)" removed instance : ddr3_ctl_axi/u_efx_ddr3_soft_controller/genblk1.inst_ddr3_axi/inst_efx_ddr3/top_mc/controller_main/dffrs_2527/i8_rst_2
@ "D:\yilingsi_fpga\Efinity_Project\Ti60F225_OV5640_Sobel_Stable\ip/DdrCtrl\DdrCtrl.sv (1460)" representative instance : ddr3_ctl_axi/u_efx_ddr3_soft_controller/genblk1.inst_ddr3_axi/inst_efx_ddr3/top_mc/controller_main/dffrs_2527/i10_rst_2
FF|OPT : Flip-flop optimization by equivalence checking
@ "D:\yilingsi_fpga\Efinity_Project\Ti60F225_OV5640_Sobel_Stable\ip/DdrCtrl\DdrCtrl.sv (1460)" removed instance : ddr3_ctl_axi/u_efx_ddr3_soft_controller/genblk1.inst_ddr3_axi/inst_efx_ddr3/top_mc/controller_main/dffrs_2527/i8_rst_3
@ "D:\yilingsi_fpga\Efinity_Project\Ti60F225_OV5640_Sobel_Stable\ip/DdrCtrl\DdrCtrl.sv (1460)" representative instance : ddr3_ctl_axi/u_efx_ddr3_soft_controller/genblk1.inst_ddr3_axi/inst_efx_ddr3/top_mc/controller_main/dffrs_2527/i10_rst_3
FF|OPT : Flip-flop optimization by equivalence checking
@ "D:\yilingsi_fpga\Efinity_Project\Ti60F225_OV5640_Sobel_Stable\ip/DdrCtrl\DdrCtrl.sv (1460)" removed instance : ddr3_ctl_axi/u_efx_ddr3_soft_controller/genblk1.inst_ddr3_axi/inst_efx_ddr3/top_mc/controller_main/dffrs_2527/i80_rst_0
@ "D:\yilingsi_fpga\Efinity_Project\Ti60F225_OV5640_Sobel_Stable\ip/DdrCtrl\DdrCtrl.sv (1460)" representative instance : ddr3_ctl_axi/u_efx_ddr3_soft_controller/genblk1.inst_ddr3_axi/inst_efx_ddr3/top_mc/controller_main/dffrs_2527/i10_rst_0
FF|OPT : Flip-flop optimization by equivalence checking
@ "D:\yilingsi_fpga\Efinity_Project\Ti60F225_OV5640_Sobel_Stable\ip/DdrCtrl\DdrCtrl.sv (1460)" removed instance : ddr3_ctl_axi/u_efx_ddr3_soft_controller/genblk1.inst_ddr3_axi/inst_efx_ddr3/top_mc/controller_main/dffrs_2527/i80_rst_1
@ "D:\yilingsi_fpga\Efinity_Project\Ti60F225_OV5640_Sobel_Stable\ip/DdrCtrl\DdrCtrl.sv (1460)" representative instance : ddr3_ctl_axi/u_efx_ddr3_soft_controller/genblk1.inst_ddr3_axi/inst_efx_ddr3/top_mc/controller_main/dffrs_2527/i10_rst_1
FF|OPT : Flip-flop optimization by equivalence checking
@ "D:\yilingsi_fpga\Efinity_Project\Ti60F225_OV5640_Sobel_Stable\ip/DdrCtrl\DdrCtrl.sv (1460)" removed instance : ddr3_ctl_axi/u_efx_ddr3_soft_controller/genblk1.inst_ddr3_axi/inst_efx_ddr3/top_mc/controller_main/dffrs_2527/i80_rst_2
@ "D:\yilingsi_fpga\Efinity_Project\Ti60F225_OV5640_Sobel_Stable\ip/DdrCtrl\DdrCtrl.sv (1460)" representative instance : ddr3_ctl_axi/u_efx_ddr3_soft_controller/genblk1.inst_ddr3_axi/inst_efx_ddr3/top_mc/controller_main/dffrs_2527/i10_rst_2
FF|OPT : Flip-flop optimization by equivalence checking
@ "D:\yilingsi_fpga\Efinity_Project\Ti60F225_OV5640_Sobel_Stable\ip/DdrCtrl\DdrCtrl.sv (1460)" removed instance : ddr3_ctl_axi/u_efx_ddr3_soft_controller/genblk1.inst_ddr3_axi/inst_efx_ddr3/top_mc/controller_main/dffrs_2527/i80_rst_3
@ "D:\yilingsi_fpga\Efinity_Project\Ti60F225_OV5640_Sobel_Stable\ip/DdrCtrl\DdrCtrl.sv (1460)" representative instance : ddr3_ctl_axi/u_efx_ddr3_soft_controller/genblk1.inst_ddr3_axi/inst_efx_ddr3/top_mc/controller_main/dffrs_2527/i10_rst_3
FF|OPT : Flip-flop optimization by equivalence checking
@ "D:\yilingsi_fpga\Efinity_Project\Ti60F225_OV5640_Sobel_Stable\ip/DdrCtrl\DdrCtrl.sv (1460)" removed instance : ddr3_ctl_axi/u_efx_ddr3_soft_controller/genblk1.inst_ddr3_axi/inst_efx_ddr3/top_mc/controller_main/dffrs_2527/i79_rst_0
@ "D:\yilingsi_fpga\Efinity_Project\Ti60F225_OV5640_Sobel_Stable\ip/DdrCtrl\DdrCtrl.sv (1460)" representative instance : ddr3_ctl_axi/u_efx_ddr3_soft_controller/genblk1.inst_ddr3_axi/inst_efx_ddr3/top_mc/controller_main/dffrs_2527/i10_rst_0
FF|OPT : Flip-flop optimization by equivalence checking
@ "D:\yilingsi_fpga\Efinity_Project\Ti60F225_OV5640_Sobel_Stable\ip/DdrCtrl\DdrCtrl.sv (1460)" removed instance : ddr3_ctl_axi/u_efx_ddr3_soft_controller/genblk1.inst_ddr3_axi/inst_efx_ddr3/top_mc/controller_main/dffrs_2527/i79_rst_1
@ "D:\yilingsi_fpga\Efinity_Project\Ti60F225_OV5640_Sobel_Stable\ip/DdrCtrl\DdrCtrl.sv (1460)" representative instance : ddr3_ctl_axi/u_efx_ddr3_soft_controller/genblk1.inst_ddr3_axi/inst_efx_ddr3/top_mc/controller_main/dffrs_2527/i10_rst_1
FF|OPT : Flip-flop optimization by equivalence checking
@ "D:\yilingsi_fpga\Efinity_Project\Ti60F225_OV5640_Sobel_Stable\ip/DdrCtrl\DdrCtrl.sv (1460)" removed instance : ddr3_ctl_axi/u_efx_ddr3_soft_controller/genblk1.inst_ddr3_axi/inst_efx_ddr3/top_mc/controller_main/dffrs_2527/i79_rst_2
@ "D:\yilingsi_fpga\Efinity_Project\Ti60F225_OV5640_Sobel_Stable\ip/DdrCtrl\DdrCtrl.sv (1460)" representative instance : ddr3_ctl_axi/u_efx_ddr3_soft_controller/genblk1.inst_ddr3_axi/inst_efx_ddr3/top_mc/controller_main/dffrs_2527/i10_rst_2
FF|OPT : Flip-flop optimization by equivalence checking
@ "D:\yilingsi_fpga\Efinity_Project\Ti60F225_OV5640_Sobel_Stable\ip/DdrCtrl\DdrCtrl.sv (1460)" removed instance : ddr3_ctl_axi/u_efx_ddr3_soft_controller/genblk1.inst_ddr3_axi/inst_efx_ddr3/top_mc/controller_main/dffrs_2527/i79_rst_3
@ "D:\yilingsi_fpga\Efinity_Project\Ti60F225_OV5640_Sobel_Stable\ip/DdrCtrl\DdrCtrl.sv (1460)" representative instance : ddr3_ctl_axi/u_efx_ddr3_soft_controller/genblk1.inst_ddr3_axi/inst_efx_ddr3/top_mc/controller_main/dffrs_2527/i10_rst_3
FF|OPT : Flip-flop optimization by equivalence checking
@ "D:\yilingsi_fpga\Efinity_Project\Ti60F225_OV5640_Sobel_Stable\ip/DdrCtrl\DdrCtrl.sv (1460)" removed instance : ddr3_ctl_axi/u_efx_ddr3_soft_controller/genblk1.inst_ddr3_axi/inst_efx_ddr3/top_mc/controller_main/dffrs_2527/i78_rst_0
@ "D:\yilingsi_fpga\Efinity_Project\Ti60F225_OV5640_Sobel_Stable\ip/DdrCtrl\DdrCtrl.sv (1460)" representative instance : ddr3_ctl_axi/u_efx_ddr3_soft_controller/genblk1.inst_ddr3_axi/inst_efx_ddr3/top_mc/controller_main/dffrs_2527/i10_rst_0
FF|OPT : Flip-flop optimization by equivalence checking
@ "D:\yilingsi_fpga\Efinity_Project\Ti60F225_OV5640_Sobel_Stable\ip/DdrCtrl\DdrCtrl.sv (1460)" removed instance : ddr3_ctl_axi/u_efx_ddr3_soft_controller/genblk1.inst_ddr3_axi/inst_efx_ddr3/top_mc/controller_main/dffrs_2527/i78_rst_1
@ "D:\yilingsi_fpga\Efinity_Project\Ti60F225_OV5640_Sobel_Stable\ip/DdrCtrl\DdrCtrl.sv (1460)" representative instance : ddr3_ctl_axi/u_efx_ddr3_soft_controller/genblk1.inst_ddr3_axi/inst_efx_ddr3/top_mc/controller_main/dffrs_2527/i10_rst_1
FF|OPT : Flip-flop optimization by equivalence checking
@ "D:\yilingsi_fpga\Efinity_Project\Ti60F225_OV5640_Sobel_Stable\ip/DdrCtrl\DdrCtrl.sv (1460)" removed instance : ddr3_ctl_axi/u_efx_ddr3_soft_controller/genblk1.inst_ddr3_axi/inst_efx_ddr3/top_mc/controller_main/dffrs_2527/i78_rst_2
@ "D:\yilingsi_fpga\Efinity_Project\Ti60F225_OV5640_Sobel_Stable\ip/DdrCtrl\DdrCtrl.sv (1460)" representative instance : ddr3_ctl_axi/u_efx_ddr3_soft_controller/genblk1.inst_ddr3_axi/inst_efx_ddr3/top_mc/controller_main/dffrs_2527/i10_rst_2
FF|OPT : Flip-flop optimization by equivalence checking
@ "D:\yilingsi_fpga\Efinity_Project\Ti60F225_OV5640_Sobel_Stable\ip/DdrCtrl\DdrCtrl.sv (1460)" removed instance : ddr3_ctl_axi/u_efx_ddr3_soft_controller/genblk1.inst_ddr3_axi/inst_efx_ddr3/top_mc/controller_main/dffrs_2527/i78_rst_3
@ "D:\yilingsi_fpga\Efinity_Project\Ti60F225_OV5640_Sobel_Stable\ip/DdrCtrl\DdrCtrl.sv (1460)" representative instance : ddr3_ctl_axi/u_efx_ddr3_soft_controller/genblk1.inst_ddr3_axi/inst_efx_ddr3/top_mc/controller_main/dffrs_2527/i10_rst_3
FF|OPT : Flip-flop optimization by equivalence checking
@ "D:\yilingsi_fpga\Efinity_Project\Ti60F225_OV5640_Sobel_Stable\ip/DdrCtrl\DdrCtrl.sv (1460)" removed instance : ddr3_ctl_axi/u_efx_ddr3_soft_controller/genblk1.inst_ddr3_axi/inst_efx_ddr3/top_mc/controller_main/dffrs_2527/i77_rst_0
@ "D:\yilingsi_fpga\Efinity_Project\Ti60F225_OV5640_Sobel_Stable\ip/DdrCtrl\DdrCtrl.sv (1460)" representative instance : ddr3_ctl_axi/u_efx_ddr3_soft_controller/genblk1.inst_ddr3_axi/inst_efx_ddr3/top_mc/controller_main/dffrs_2527/i10_rst_0
FF|OPT : Flip-flop optimization by equivalence checking
@ "D:\yilingsi_fpga\Efinity_Project\Ti60F225_OV5640_Sobel_Stable\ip/DdrCtrl\DdrCtrl.sv (1460)" removed instance : ddr3_ctl_axi/u_efx_ddr3_soft_controller/genblk1.inst_ddr3_axi/inst_efx_ddr3/top_mc/controller_main/dffrs_2527/i77_rst_1
@ "D:\yilingsi_fpga\Efinity_Project\Ti60F225_OV5640_Sobel_Stable\ip/DdrCtrl\DdrCtrl.sv (1460)" representative instance : ddr3_ctl_axi/u_efx_ddr3_soft_controller/genblk1.inst_ddr3_axi/inst_efx_ddr3/top_mc/controller_main/dffrs_2527/i10_rst_1
FF|OPT : Flip-flop optimization by equivalence checking
@ "D:\yilingsi_fpga\Efinity_Project\Ti60F225_OV5640_Sobel_Stable\ip/DdrCtrl\DdrCtrl.sv (1460)" removed instance : ddr3_ctl_axi/u_efx_ddr3_soft_controller/genblk1.inst_ddr3_axi/inst_efx_ddr3/top_mc/controller_main/dffrs_2527/i77_rst_2
@ "D:\yilingsi_fpga\Efinity_Project\Ti60F225_OV5640_Sobel_Stable\ip/DdrCtrl\DdrCtrl.sv (1460)" representative instance : ddr3_ctl_axi/u_efx_ddr3_soft_controller/genblk1.inst_ddr3_axi/inst_efx_ddr3/top_mc/controller_main/dffrs_2527/i10_rst_2
FF|OPT : Flip-flop optimization by equivalence checking
@ "D:\yilingsi_fpga\Efinity_Project\Ti60F225_OV5640_Sobel_Stable\ip/DdrCtrl\DdrCtrl.sv (1460)" removed instance : ddr3_ctl_axi/u_efx_ddr3_soft_controller/genblk1.inst_ddr3_axi/inst_efx_ddr3/top_mc/controller_main/dffrs_2527/i77_rst_3
@ "D:\yilingsi_fpga\Efinity_Project\Ti60F225_OV5640_Sobel_Stable\ip/DdrCtrl\DdrCtrl.sv (1460)" representative instance : ddr3_ctl_axi/u_efx_ddr3_soft_controller/genblk1.inst_ddr3_axi/inst_efx_ddr3/top_mc/controller_main/dffrs_2527/i10_rst_3
FF|OPT : Flip-flop optimization by equivalence checking
@ "D:\yilingsi_fpga\Efinity_Project\Ti60F225_OV5640_Sobel_Stable\ip/DdrCtrl\DdrCtrl.sv (1460)" removed instance : ddr3_ctl_axi/u_efx_ddr3_soft_controller/genblk1.inst_ddr3_axi/inst_efx_ddr3/top_mc/controller_main/dffrs_2527/i76_rst_0
@ "D:\yilingsi_fpga\Efinity_Project\Ti60F225_OV5640_Sobel_Stable\ip/DdrCtrl\DdrCtrl.sv (1460)" representative instance : ddr3_ctl_axi/u_efx_ddr3_soft_controller/genblk1.inst_ddr3_axi/inst_efx_ddr3/top_mc/controller_main/dffrs_2527/i10_rst_0
FF|OPT : Flip-flop optimization by equivalence checking
@ "D:\yilingsi_fpga\Efinity_Project\Ti60F225_OV5640_Sobel_Stable\ip/DdrCtrl\DdrCtrl.sv (1460)" removed instance : ddr3_ctl_axi/u_efx_ddr3_soft_controller/genblk1.inst_ddr3_axi/inst_efx_ddr3/top_mc/controller_main/dffrs_2527/i76_rst_1
@ "D:\yilingsi_fpga\Efinity_Project\Ti60F225_OV5640_Sobel_Stable\ip/DdrCtrl\DdrCtrl.sv (1460)" representative instance : ddr3_ctl_axi/u_efx_ddr3_soft_controller/genblk1.inst_ddr3_axi/inst_efx_ddr3/top_mc/controller_main/dffrs_2527/i10_rst_1
FF|OPT : Flip-flop optimization by equivalence checking
@ "D:\yilingsi_fpga\Efinity_Project\Ti60F225_OV5640_Sobel_Stable\ip/DdrCtrl\DdrCtrl.sv (1460)" removed instance : ddr3_ctl_axi/u_efx_ddr3_soft_controller/genblk1.inst_ddr3_axi/inst_efx_ddr3/top_mc/controller_main/dffrs_2527/i76_rst_2
@ "D:\yilingsi_fpga\Efinity_Project\Ti60F225_OV5640_Sobel_Stable\ip/DdrCtrl\DdrCtrl.sv (1460)" representative instance : ddr3_ctl_axi/u_efx_ddr3_soft_controller/genblk1.inst_ddr3_axi/inst_efx_ddr3/top_mc/controller_main/dffrs_2527/i10_rst_2
FF|OPT : Flip-flop optimization by equivalence checking
@ "D:\yilingsi_fpga\Efinity_Project\Ti60F225_OV5640_Sobel_Stable\ip/DdrCtrl\DdrCtrl.sv (1460)" removed instance : ddr3_ctl_axi/u_efx_ddr3_soft_controller/genblk1.inst_ddr3_axi/inst_efx_ddr3/top_mc/controller_main/dffrs_2527/i76_rst_3
@ "D:\yilingsi_fpga\Efinity_Project\Ti60F225_OV5640_Sobel_Stable\ip/DdrCtrl\DdrCtrl.sv (1460)" representative instance : ddr3_ctl_axi/u_efx_ddr3_soft_controller/genblk1.inst_ddr3_axi/inst_efx_ddr3/top_mc/controller_main/dffrs_2527/i10_rst_3
FF|OPT : Flip-flop optimization by equivalence checking
@ "D:\yilingsi_fpga\Efinity_Project\Ti60F225_OV5640_Sobel_Stable\ip/DdrCtrl\DdrCtrl.sv (1460)" removed instance : ddr3_ctl_axi/u_efx_ddr3_soft_controller/genblk1.inst_ddr3_axi/inst_efx_ddr3/top_mc/controller_main/dffrs_2527/i75_rst_0
@ "D:\yilingsi_fpga\Efinity_Project\Ti60F225_OV5640_Sobel_Stable\ip/DdrCtrl\DdrCtrl.sv (1460)" representative instance : ddr3_ctl_axi/u_efx_ddr3_soft_controller/genblk1.inst_ddr3_axi/inst_efx_ddr3/top_mc/controller_main/dffrs_2527/i10_rst_0
FF|OPT : Flip-flop optimization by equivalence checking
@ "D:\yilingsi_fpga\Efinity_Project\Ti60F225_OV5640_Sobel_Stable\ip/DdrCtrl\DdrCtrl.sv (1460)" removed instance : ddr3_ctl_axi/u_efx_ddr3_soft_controller/genblk1.inst_ddr3_axi/inst_efx_ddr3/top_mc/controller_main/dffrs_2527/i75_rst_1
@ "D:\yilingsi_fpga\Efinity_Project\Ti60F225_OV5640_Sobel_Stable\ip/DdrCtrl\DdrCtrl.sv (1460)" representative instance : ddr3_ctl_axi/u_efx_ddr3_soft_controller/genblk1.inst_ddr3_axi/inst_efx_ddr3/top_mc/controller_main/dffrs_2527/i10_rst_1
FF|OPT : Flip-flop optimization by equivalence checking
@ "D:\yilingsi_fpga\Efinity_Project\Ti60F225_OV5640_Sobel_Stable\ip/DdrCtrl\DdrCtrl.sv (1460)" removed instance : ddr3_ctl_axi/u_efx_ddr3_soft_controller/genblk1.inst_ddr3_axi/inst_efx_ddr3/top_mc/controller_main/dffrs_2527/i75_rst_2
@ "D:\yilingsi_fpga\Efinity_Project\Ti60F225_OV5640_Sobel_Stable\ip/DdrCtrl\DdrCtrl.sv (1460)" representative instance : ddr3_ctl_axi/u_efx_ddr3_soft_controller/genblk1.inst_ddr3_axi/inst_efx_ddr3/top_mc/controller_main/dffrs_2527/i10_rst_2
FF|OPT : Flip-flop optimization by equivalence checking
@ "D:\yilingsi_fpga\Efinity_Project\Ti60F225_OV5640_Sobel_Stable\ip/DdrCtrl\DdrCtrl.sv (1460)" removed instance : ddr3_ctl_axi/u_efx_ddr3_soft_controller/genblk1.inst_ddr3_axi/inst_efx_ddr3/top_mc/controller_main/dffrs_2527/i75_rst_3
@ "D:\yilingsi_fpga\Efinity_Project\Ti60F225_OV5640_Sobel_Stable\ip/DdrCtrl\DdrCtrl.sv (1460)" representative instance : ddr3_ctl_axi/u_efx_ddr3_soft_controller/genblk1.inst_ddr3_axi/inst_efx_ddr3/top_mc/controller_main/dffrs_2527/i10_rst_3
FF|OPT : Flip-flop optimization by equivalence checking
@ "D:\yilingsi_fpga\Efinity_Project\Ti60F225_OV5640_Sobel_Stable\ip/DdrCtrl\DdrCtrl.sv (1460)" removed instance : ddr3_ctl_axi/u_efx_ddr3_soft_controller/genblk1.inst_ddr3_axi/inst_efx_ddr3/top_mc/controller_main/dffrs_2527/i74_rst_0
@ "D:\yilingsi_fpga\Efinity_Project\Ti60F225_OV5640_Sobel_Stable\ip/DdrCtrl\DdrCtrl.sv (1460)" representative instance : ddr3_ctl_axi/u_efx_ddr3_soft_controller/genblk1.inst_ddr3_axi/inst_efx_ddr3/top_mc/controller_main/dffrs_2527/i10_rst_0
FF|OPT : Flip-flop optimization by equivalence checking
@ "D:\yilingsi_fpga\Efinity_Project\Ti60F225_OV5640_Sobel_Stable\ip/DdrCtrl\DdrCtrl.sv (1460)" removed instance : ddr3_ctl_axi/u_efx_ddr3_soft_controller/genblk1.inst_ddr3_axi/inst_efx_ddr3/top_mc/controller_main/dffrs_2527/i74_rst_1
@ "D:\yilingsi_fpga\Efinity_Project\Ti60F225_OV5640_Sobel_Stable\ip/DdrCtrl\DdrCtrl.sv (1460)" representative instance : ddr3_ctl_axi/u_efx_ddr3_soft_controller/genblk1.inst_ddr3_axi/inst_efx_ddr3/top_mc/controller_main/dffrs_2527/i10_rst_1
FF|OPT : Flip-flop optimization by equivalence checking
@ "D:\yilingsi_fpga\Efinity_Project\Ti60F225_OV5640_Sobel_Stable\ip/DdrCtrl\DdrCtrl.sv (1460)" removed instance : ddr3_ctl_axi/u_efx_ddr3_soft_controller/genblk1.inst_ddr3_axi/inst_efx_ddr3/top_mc/controller_main/dffrs_2527/i74_rst_2
@ "D:\yilingsi_fpga\Efinity_Project\Ti60F225_OV5640_Sobel_Stable\ip/DdrCtrl\DdrCtrl.sv (1460)" representative instance : ddr3_ctl_axi/u_efx_ddr3_soft_controller/genblk1.inst_ddr3_axi/inst_efx_ddr3/top_mc/controller_main/dffrs_2527/i10_rst_2
FF|OPT : Flip-flop optimization by equivalence checking
@ "D:\yilingsi_fpga\Efinity_Project\Ti60F225_OV5640_Sobel_Stable\ip/DdrCtrl\DdrCtrl.sv (1460)" removed instance : ddr3_ctl_axi/u_efx_ddr3_soft_controller/genblk1.inst_ddr3_axi/inst_efx_ddr3/top_mc/controller_main/dffrs_2527/i74_rst_3
@ "D:\yilingsi_fpga\Efinity_Project\Ti60F225_OV5640_Sobel_Stable\ip/DdrCtrl\DdrCtrl.sv (1460)" representative instance : ddr3_ctl_axi/u_efx_ddr3_soft_controller/genblk1.inst_ddr3_axi/inst_efx_ddr3/top_mc/controller_main/dffrs_2527/i10_rst_3
FF|OPT : Flip-flop optimization by equivalence checking
@ "D:\yilingsi_fpga\Efinity_Project\Ti60F225_OV5640_Sobel_Stable\ip/DdrCtrl\DdrCtrl.sv (1460)" removed instance : ddr3_ctl_axi/u_efx_ddr3_soft_controller/genblk1.inst_ddr3_axi/inst_efx_ddr3/top_mc/controller_main/dffrs_2527/i73_rst_0
@ "D:\yilingsi_fpga\Efinity_Project\Ti60F225_OV5640_Sobel_Stable\ip/DdrCtrl\DdrCtrl.sv (1460)" representative instance : ddr3_ctl_axi/u_efx_ddr3_soft_controller/genblk1.inst_ddr3_axi/inst_efx_ddr3/top_mc/controller_main/dffrs_2527/i10_rst_0
FF|OPT : Flip-flop optimization by equivalence checking
@ "D:\yilingsi_fpga\Efinity_Project\Ti60F225_OV5640_Sobel_Stable\ip/DdrCtrl\DdrCtrl.sv (1460)" removed instance : ddr3_ctl_axi/u_efx_ddr3_soft_controller/genblk1.inst_ddr3_axi/inst_efx_ddr3/top_mc/controller_main/dffrs_2527/i73_rst_1
@ "D:\yilingsi_fpga\Efinity_Project\Ti60F225_OV5640_Sobel_Stable\ip/DdrCtrl\DdrCtrl.sv (1460)" representative instance : ddr3_ctl_axi/u_efx_ddr3_soft_controller/genblk1.inst_ddr3_axi/inst_efx_ddr3/top_mc/controller_main/dffrs_2527/i10_rst_1
FF|OPT : Flip-flop optimization by equivalence checking
@ "D:\yilingsi_fpga\Efinity_Project\Ti60F225_OV5640_Sobel_Stable\ip/DdrCtrl\DdrCtrl.sv (1460)" removed instance : ddr3_ctl_axi/u_efx_ddr3_soft_controller/genblk1.inst_ddr3_axi/inst_efx_ddr3/top_mc/controller_main/dffrs_2527/i73_rst_2
@ "D:\yilingsi_fpga\Efinity_Project\Ti60F225_OV5640_Sobel_Stable\ip/DdrCtrl\DdrCtrl.sv (1460)" representative instance : ddr3_ctl_axi/u_efx_ddr3_soft_controller/genblk1.inst_ddr3_axi/inst_efx_ddr3/top_mc/controller_main/dffrs_2527/i10_rst_2
FF|OPT : Flip-flop optimization by equivalence checking
@ "D:\yilingsi_fpga\Efinity_Project\Ti60F225_OV5640_Sobel_Stable\ip/DdrCtrl\DdrCtrl.sv (1460)" removed instance : ddr3_ctl_axi/u_efx_ddr3_soft_controller/genblk1.inst_ddr3_axi/inst_efx_ddr3/top_mc/controller_main/dffrs_2527/i73_rst_3
@ "D:\yilingsi_fpga\Efinity_Project\Ti60F225_OV5640_Sobel_Stable\ip/DdrCtrl\DdrCtrl.sv (1460)" representative instance : ddr3_ctl_axi/u_efx_ddr3_soft_controller/genblk1.inst_ddr3_axi/inst_efx_ddr3/top_mc/controller_main/dffrs_2527/i10_rst_3
FF|OPT : Flip-flop optimization by equivalence checking
@ "D:\yilingsi_fpga\Efinity_Project\Ti60F225_OV5640_Sobel_Stable\ip/DdrCtrl\DdrCtrl.sv (1460)" removed instance : ddr3_ctl_axi/u_efx_ddr3_soft_controller/genblk1.inst_ddr3_axi/inst_efx_ddr3/top_mc/controller_main/dffrs_2527/i72_rst_0
@ "D:\yilingsi_fpga\Efinity_Project\Ti60F225_OV5640_Sobel_Stable\ip/DdrCtrl\DdrCtrl.sv (1460)" representative instance : ddr3_ctl_axi/u_efx_ddr3_soft_controller/genblk1.inst_ddr3_axi/inst_efx_ddr3/top_mc/controller_main/dffrs_2527/i10_rst_0
FF|OPT : Flip-flop optimization by equivalence checking
@ "D:\yilingsi_fpga\Efinity_Project\Ti60F225_OV5640_Sobel_Stable\ip/DdrCtrl\DdrCtrl.sv (1460)" removed instance : ddr3_ctl_axi/u_efx_ddr3_soft_controller/genblk1.inst_ddr3_axi/inst_efx_ddr3/top_mc/controller_main/dffrs_2527/i72_rst_1
@ "D:\yilingsi_fpga\Efinity_Project\Ti60F225_OV5640_Sobel_Stable\ip/DdrCtrl\DdrCtrl.sv (1460)" representative instance : ddr3_ctl_axi/u_efx_ddr3_soft_controller/genblk1.inst_ddr3_axi/inst_efx_ddr3/top_mc/controller_main/dffrs_2527/i10_rst_1
FF|OPT : Flip-flop optimization by equivalence checking
@ "D:\yilingsi_fpga\Efinity_Project\Ti60F225_OV5640_Sobel_Stable\ip/DdrCtrl\DdrCtrl.sv (1460)" removed instance : ddr3_ctl_axi/u_efx_ddr3_soft_controller/genblk1.inst_ddr3_axi/inst_efx_ddr3/top_mc/controller_main/dffrs_2527/i72_rst_2
@ "D:\yilingsi_fpga\Efinity_Project\Ti60F225_OV5640_Sobel_Stable\ip/DdrCtrl\DdrCtrl.sv (1460)" representative instance : ddr3_ctl_axi/u_efx_ddr3_soft_controller/genblk1.inst_ddr3_axi/inst_efx_ddr3/top_mc/controller_main/dffrs_2527/i10_rst_2
FF|OPT : Flip-flop optimization by equivalence checking
@ "D:\yilingsi_fpga\Efinity_Project\Ti60F225_OV5640_Sobel_Stable\ip/DdrCtrl\DdrCtrl.sv (1460)" removed instance : ddr3_ctl_axi/u_efx_ddr3_soft_controller/genblk1.inst_ddr3_axi/inst_efx_ddr3/top_mc/controller_main/dffrs_2527/i72_rst_3
@ "D:\yilingsi_fpga\Efinity_Project\Ti60F225_OV5640_Sobel_Stable\ip/DdrCtrl\DdrCtrl.sv (1460)" representative instance : ddr3_ctl_axi/u_efx_ddr3_soft_controller/genblk1.inst_ddr3_axi/inst_efx_ddr3/top_mc/controller_main/dffrs_2527/i10_rst_3
FF|OPT : Flip-flop optimization by equivalence checking
@ "D:\yilingsi_fpga\Efinity_Project\Ti60F225_OV5640_Sobel_Stable\ip/DdrCtrl\DdrCtrl.sv (1460)" removed instance : ddr3_ctl_axi/u_efx_ddr3_soft_controller/genblk1.inst_ddr3_axi/inst_efx_ddr3/top_mc/controller_main/dffrs_2527/i71_rst_0
@ "D:\yilingsi_fpga\Efinity_Project\Ti60F225_OV5640_Sobel_Stable\ip/DdrCtrl\DdrCtrl.sv (1460)" representative instance : ddr3_ctl_axi/u_efx_ddr3_soft_controller/genblk1.inst_ddr3_axi/inst_efx_ddr3/top_mc/controller_main/dffrs_2527/i10_rst_0
FF|OPT : Flip-flop optimization by equivalence checking
@ "D:\yilingsi_fpga\Efinity_Project\Ti60F225_OV5640_Sobel_Stable\ip/DdrCtrl\DdrCtrl.sv (1460)" removed instance : ddr3_ctl_axi/u_efx_ddr3_soft_controller/genblk1.inst_ddr3_axi/inst_efx_ddr3/top_mc/controller_main/dffrs_2527/i71_rst_1
@ "D:\yilingsi_fpga\Efinity_Project\Ti60F225_OV5640_Sobel_Stable\ip/DdrCtrl\DdrCtrl.sv (1460)" representative instance : ddr3_ctl_axi/u_efx_ddr3_soft_controller/genblk1.inst_ddr3_axi/inst_efx_ddr3/top_mc/controller_main/dffrs_2527/i10_rst_1
FF|OPT : Flip-flop optimization by equivalence checking
@ "D:\yilingsi_fpga\Efinity_Project\Ti60F225_OV5640_Sobel_Stable\ip/DdrCtrl\DdrCtrl.sv (1460)" removed instance : ddr3_ctl_axi/u_efx_ddr3_soft_controller/genblk1.inst_ddr3_axi/inst_efx_ddr3/top_mc/controller_main/dffrs_2527/i71_rst_2
@ "D:\yilingsi_fpga\Efinity_Project\Ti60F225_OV5640_Sobel_Stable\ip/DdrCtrl\DdrCtrl.sv (1460)" representative instance : ddr3_ctl_axi/u_efx_ddr3_soft_controller/genblk1.inst_ddr3_axi/inst_efx_ddr3/top_mc/controller_main/dffrs_2527/i10_rst_2
FF|OPT : Flip-flop optimization by equivalence checking
@ "D:\yilingsi_fpga\Efinity_Project\Ti60F225_OV5640_Sobel_Stable\ip/DdrCtrl\DdrCtrl.sv (1460)" removed instance : ddr3_ctl_axi/u_efx_ddr3_soft_controller/genblk1.inst_ddr3_axi/inst_efx_ddr3/top_mc/controller_main/dffrs_2527/i71_rst_3
@ "D:\yilingsi_fpga\Efinity_Project\Ti60F225_OV5640_Sobel_Stable\ip/DdrCtrl\DdrCtrl.sv (1460)" representative instance : ddr3_ctl_axi/u_efx_ddr3_soft_controller/genblk1.inst_ddr3_axi/inst_efx_ddr3/top_mc/controller_main/dffrs_2527/i10_rst_3
FF|OPT : Flip-flop optimization by equivalence checking
@ "D:\yilingsi_fpga\Efinity_Project\Ti60F225_OV5640_Sobel_Stable\ip/DdrCtrl\DdrCtrl.sv (1460)" removed instance : ddr3_ctl_axi/u_efx_ddr3_soft_controller/genblk1.inst_ddr3_axi/inst_efx_ddr3/top_mc/controller_main/dffrs_2527/i7_rst_0
@ "D:\yilingsi_fpga\Efinity_Project\Ti60F225_OV5640_Sobel_Stable\ip/DdrCtrl\DdrCtrl.sv (1460)" representative instance : ddr3_ctl_axi/u_efx_ddr3_soft_controller/genblk1.inst_ddr3_axi/inst_efx_ddr3/top_mc/controller_main/dffrs_2527/i10_rst_0
FF|OPT : Flip-flop optimization by equivalence checking
@ "D:\yilingsi_fpga\Efinity_Project\Ti60F225_OV5640_Sobel_Stable\ip/DdrCtrl\DdrCtrl.sv (1460)" removed instance : ddr3_ctl_axi/u_efx_ddr3_soft_controller/genblk1.inst_ddr3_axi/inst_efx_ddr3/top_mc/controller_main/dffrs_2527/i7_rst_1
@ "D:\yilingsi_fpga\Efinity_Project\Ti60F225_OV5640_Sobel_Stable\ip/DdrCtrl\DdrCtrl.sv (1460)" representative instance : ddr3_ctl_axi/u_efx_ddr3_soft_controller/genblk1.inst_ddr3_axi/inst_efx_ddr3/top_mc/controller_main/dffrs_2527/i10_rst_1
FF|OPT : Flip-flop optimization by equivalence checking
@ "D:\yilingsi_fpga\Efinity_Project\Ti60F225_OV5640_Sobel_Stable\ip/DdrCtrl\DdrCtrl.sv (1460)" removed instance : ddr3_ctl_axi/u_efx_ddr3_soft_controller/genblk1.inst_ddr3_axi/inst_efx_ddr3/top_mc/controller_main/dffrs_2527/i7_rst_2
@ "D:\yilingsi_fpga\Efinity_Project\Ti60F225_OV5640_Sobel_Stable\ip/DdrCtrl\DdrCtrl.sv (1460)" representative instance : ddr3_ctl_axi/u_efx_ddr3_soft_controller/genblk1.inst_ddr3_axi/inst_efx_ddr3/top_mc/controller_main/dffrs_2527/i10_rst_2
FF|OPT : Flip-flop optimization by equivalence checking
@ "D:\yilingsi_fpga\Efinity_Project\Ti60F225_OV5640_Sobel_Stable\ip/DdrCtrl\DdrCtrl.sv (1460)" removed instance : ddr3_ctl_axi/u_efx_ddr3_soft_controller/genblk1.inst_ddr3_axi/inst_efx_ddr3/top_mc/controller_main/dffrs_2527/i7_rst_3
@ "D:\yilingsi_fpga\Efinity_Project\Ti60F225_OV5640_Sobel_Stable\ip/DdrCtrl\DdrCtrl.sv (1460)" representative instance : ddr3_ctl_axi/u_efx_ddr3_soft_controller/genblk1.inst_ddr3_axi/inst_efx_ddr3/top_mc/controller_main/dffrs_2527/i10_rst_3
FF|OPT : Flip-flop optimization by equivalence checking
@ "D:\yilingsi_fpga\Efinity_Project\Ti60F225_OV5640_Sobel_Stable\ip/DdrCtrl\DdrCtrl.sv (1460)" removed instance : ddr3_ctl_axi/u_efx_ddr3_soft_controller/genblk1.inst_ddr3_axi/inst_efx_ddr3/top_mc/controller_main/dffrs_2527/i70_rst_0
@ "D:\yilingsi_fpga\Efinity_Project\Ti60F225_OV5640_Sobel_Stable\ip/DdrCtrl\DdrCtrl.sv (1460)" representative instance : ddr3_ctl_axi/u_efx_ddr3_soft_controller/genblk1.inst_ddr3_axi/inst_efx_ddr3/top_mc/controller_main/dffrs_2527/i10_rst_0
FF|OPT : Flip-flop optimization by equivalence checking
@ "D:\yilingsi_fpga\Efinity_Project\Ti60F225_OV5640_Sobel_Stable\ip/DdrCtrl\DdrCtrl.sv (1460)" removed instance : ddr3_ctl_axi/u_efx_ddr3_soft_controller/genblk1.inst_ddr3_axi/inst_efx_ddr3/top_mc/controller_main/dffrs_2527/i70_rst_1
@ "D:\yilingsi_fpga\Efinity_Project\Ti60F225_OV5640_Sobel_Stable\ip/DdrCtrl\DdrCtrl.sv (1460)" representative instance : ddr3_ctl_axi/u_efx_ddr3_soft_controller/genblk1.inst_ddr3_axi/inst_efx_ddr3/top_mc/controller_main/dffrs_2527/i10_rst_1
FF|OPT : Flip-flop optimization by equivalence checking
@ "D:\yilingsi_fpga\Efinity_Project\Ti60F225_OV5640_Sobel_Stable\ip/DdrCtrl\DdrCtrl.sv (1460)" removed instance : ddr3_ctl_axi/u_efx_ddr3_soft_controller/genblk1.inst_ddr3_axi/inst_efx_ddr3/top_mc/controller_main/dffrs_2527/i70_rst_2
@ "D:\yilingsi_fpga\Efinity_Project\Ti60F225_OV5640_Sobel_Stable\ip/DdrCtrl\DdrCtrl.sv (1460)" representative instance : ddr3_ctl_axi/u_efx_ddr3_soft_controller/genblk1.inst_ddr3_axi/inst_efx_ddr3/top_mc/controller_main/dffrs_2527/i10_rst_2
FF|OPT : Flip-flop optimization by equivalence checking
@ "D:\yilingsi_fpga\Efinity_Project\Ti60F225_OV5640_Sobel_Stable\ip/DdrCtrl\DdrCtrl.sv (1460)" removed instance : ddr3_ctl_axi/u_efx_ddr3_soft_controller/genblk1.inst_ddr3_axi/inst_efx_ddr3/top_mc/controller_main/dffrs_2527/i70_rst_3
@ "D:\yilingsi_fpga\Efinity_Project\Ti60F225_OV5640_Sobel_Stable\ip/DdrCtrl\DdrCtrl.sv (1460)" representative instance : ddr3_ctl_axi/u_efx_ddr3_soft_controller/genblk1.inst_ddr3_axi/inst_efx_ddr3/top_mc/controller_main/dffrs_2527/i10_rst_3
FF|OPT : Flip-flop optimization by equivalence checking
@ "D:\yilingsi_fpga\Efinity_Project\Ti60F225_OV5640_Sobel_Stable\ip/DdrCtrl\DdrCtrl.sv (1460)" removed instance : ddr3_ctl_axi/u_efx_ddr3_soft_controller/genblk1.inst_ddr3_axi/inst_efx_ddr3/top_mc/controller_main/dffrs_2527/i69_rst_0
@ "D:\yilingsi_fpga\Efinity_Project\Ti60F225_OV5640_Sobel_Stable\ip/DdrCtrl\DdrCtrl.sv (1460)" representative instance : ddr3_ctl_axi/u_efx_ddr3_soft_controller/genblk1.inst_ddr3_axi/inst_efx_ddr3/top_mc/controller_main/dffrs_2527/i10_rst_0
FF|OPT : Flip-flop optimization by equivalence checking
@ "D:\yilingsi_fpga\Efinity_Project\Ti60F225_OV5640_Sobel_Stable\ip/DdrCtrl\DdrCtrl.sv (1460)" removed instance : ddr3_ctl_axi/u_efx_ddr3_soft_controller/genblk1.inst_ddr3_axi/inst_efx_ddr3/top_mc/controller_main/dffrs_2527/i69_rst_1
@ "D:\yilingsi_fpga\Efinity_Project\Ti60F225_OV5640_Sobel_Stable\ip/DdrCtrl\DdrCtrl.sv (1460)" representative instance : ddr3_ctl_axi/u_efx_ddr3_soft_controller/genblk1.inst_ddr3_axi/inst_efx_ddr3/top_mc/controller_main/dffrs_2527/i10_rst_1
FF|OPT : Flip-flop optimization by equivalence checking
@ "D:\yilingsi_fpga\Efinity_Project\Ti60F225_OV5640_Sobel_Stable\ip/DdrCtrl\DdrCtrl.sv (1460)" removed instance : ddr3_ctl_axi/u_efx_ddr3_soft_controller/genblk1.inst_ddr3_axi/inst_efx_ddr3/top_mc/controller_main/dffrs_2527/i69_rst_2
@ "D:\yilingsi_fpga\Efinity_Project\Ti60F225_OV5640_Sobel_Stable\ip/DdrCtrl\DdrCtrl.sv (1460)" representative instance : ddr3_ctl_axi/u_efx_ddr3_soft_controller/genblk1.inst_ddr3_axi/inst_efx_ddr3/top_mc/controller_main/dffrs_2527/i10_rst_2
FF|OPT : Flip-flop optimization by equivalence checking
@ "D:\yilingsi_fpga\Efinity_Project\Ti60F225_OV5640_Sobel_Stable\ip/DdrCtrl\DdrCtrl.sv (1460)" removed instance : ddr3_ctl_axi/u_efx_ddr3_soft_controller/genblk1.inst_ddr3_axi/inst_efx_ddr3/top_mc/controller_main/dffrs_2527/i69_rst_3
@ "D:\yilingsi_fpga\Efinity_Project\Ti60F225_OV5640_Sobel_Stable\ip/DdrCtrl\DdrCtrl.sv (1460)" representative instance : ddr3_ctl_axi/u_efx_ddr3_soft_controller/genblk1.inst_ddr3_axi/inst_efx_ddr3/top_mc/controller_main/dffrs_2527/i10_rst_3
FF|OPT : Flip-flop optimization by equivalence checking
@ "D:\yilingsi_fpga\Efinity_Project\Ti60F225_OV5640_Sobel_Stable\ip/DdrCtrl\DdrCtrl.sv (1460)" removed instance : ddr3_ctl_axi/u_efx_ddr3_soft_controller/genblk1.inst_ddr3_axi/inst_efx_ddr3/top_mc/controller_main/dffrs_2527/i68_rst_0
@ "D:\yilingsi_fpga\Efinity_Project\Ti60F225_OV5640_Sobel_Stable\ip/DdrCtrl\DdrCtrl.sv (1460)" representative instance : ddr3_ctl_axi/u_efx_ddr3_soft_controller/genblk1.inst_ddr3_axi/inst_efx_ddr3/top_mc/controller_main/dffrs_2527/i10_rst_0
FF|OPT : Flip-flop optimization by equivalence checking
@ "D:\yilingsi_fpga\Efinity_Project\Ti60F225_OV5640_Sobel_Stable\ip/DdrCtrl\DdrCtrl.sv (1460)" removed instance : ddr3_ctl_axi/u_efx_ddr3_soft_controller/genblk1.inst_ddr3_axi/inst_efx_ddr3/top_mc/controller_main/dffrs_2527/i68_rst_1
@ "D:\yilingsi_fpga\Efinity_Project\Ti60F225_OV5640_Sobel_Stable\ip/DdrCtrl\DdrCtrl.sv (1460)" representative instance : ddr3_ctl_axi/u_efx_ddr3_soft_controller/genblk1.inst_ddr3_axi/inst_efx_ddr3/top_mc/controller_main/dffrs_2527/i10_rst_1
FF|OPT : Flip-flop optimization by equivalence checking
@ "D:\yilingsi_fpga\Efinity_Project\Ti60F225_OV5640_Sobel_Stable\ip/DdrCtrl\DdrCtrl.sv (1460)" removed instance : ddr3_ctl_axi/u_efx_ddr3_soft_controller/genblk1.inst_ddr3_axi/inst_efx_ddr3/top_mc/controller_main/dffrs_2527/i68_rst_2
@ "D:\yilingsi_fpga\Efinity_Project\Ti60F225_OV5640_Sobel_Stable\ip/DdrCtrl\DdrCtrl.sv (1460)" representative instance : ddr3_ctl_axi/u_efx_ddr3_soft_controller/genblk1.inst_ddr3_axi/inst_efx_ddr3/top_mc/controller_main/dffrs_2527/i10_rst_2
FF|OPT : Flip-flop optimization by equivalence checking
@ "D:\yilingsi_fpga\Efinity_Project\Ti60F225_OV5640_Sobel_Stable\ip/DdrCtrl\DdrCtrl.sv (1460)" removed instance : ddr3_ctl_axi/u_efx_ddr3_soft_controller/genblk1.inst_ddr3_axi/inst_efx_ddr3/top_mc/controller_main/dffrs_2527/i68_rst_3
@ "D:\yilingsi_fpga\Efinity_Project\Ti60F225_OV5640_Sobel_Stable\ip/DdrCtrl\DdrCtrl.sv (1460)" representative instance : ddr3_ctl_axi/u_efx_ddr3_soft_controller/genblk1.inst_ddr3_axi/inst_efx_ddr3/top_mc/controller_main/dffrs_2527/i10_rst_3
FF|OPT : Flip-flop optimization by equivalence checking
@ "D:\yilingsi_fpga\Efinity_Project\Ti60F225_OV5640_Sobel_Stable\ip/DdrCtrl\DdrCtrl.sv (1460)" removed instance : ddr3_ctl_axi/u_efx_ddr3_soft_controller/genblk1.inst_ddr3_axi/inst_efx_ddr3/top_mc/controller_main/dffrs_2527/i67_rst_0
@ "D:\yilingsi_fpga\Efinity_Project\Ti60F225_OV5640_Sobel_Stable\ip/DdrCtrl\DdrCtrl.sv (1460)" representative instance : ddr3_ctl_axi/u_efx_ddr3_soft_controller/genblk1.inst_ddr3_axi/inst_efx_ddr3/top_mc/controller_main/dffrs_2527/i10_rst_0
FF|OPT : Flip-flop optimization by equivalence checking
@ "D:\yilingsi_fpga\Efinity_Project\Ti60F225_OV5640_Sobel_Stable\ip/DdrCtrl\DdrCtrl.sv (1460)" removed instance : ddr3_ctl_axi/u_efx_ddr3_soft_controller/genblk1.inst_ddr3_axi/inst_efx_ddr3/top_mc/controller_main/dffrs_2527/i67_rst_1
@ "D:\yilingsi_fpga\Efinity_Project\Ti60F225_OV5640_Sobel_Stable\ip/DdrCtrl\DdrCtrl.sv (1460)" representative instance : ddr3_ctl_axi/u_efx_ddr3_soft_controller/genblk1.inst_ddr3_axi/inst_efx_ddr3/top_mc/controller_main/dffrs_2527/i10_rst_1
FF|OPT : Flip-flop optimization by equivalence checking
@ "D:\yilingsi_fpga\Efinity_Project\Ti60F225_OV5640_Sobel_Stable\ip/DdrCtrl\DdrCtrl.sv (1460)" removed instance : ddr3_ctl_axi/u_efx_ddr3_soft_controller/genblk1.inst_ddr3_axi/inst_efx_ddr3/top_mc/controller_main/dffrs_2527/i67_rst_2
@ "D:\yilingsi_fpga\Efinity_Project\Ti60F225_OV5640_Sobel_Stable\ip/DdrCtrl\DdrCtrl.sv (1460)" representative instance : ddr3_ctl_axi/u_efx_ddr3_soft_controller/genblk1.inst_ddr3_axi/inst_efx_ddr3/top_mc/controller_main/dffrs_2527/i10_rst_2
FF|OPT : Flip-flop optimization by equivalence checking
@ "D:\yilingsi_fpga\Efinity_Project\Ti60F225_OV5640_Sobel_Stable\ip/DdrCtrl\DdrCtrl.sv (1460)" removed instance : ddr3_ctl_axi/u_efx_ddr3_soft_controller/genblk1.inst_ddr3_axi/inst_efx_ddr3/top_mc/controller_main/dffrs_2527/i67_rst_3
@ "D:\yilingsi_fpga\Efinity_Project\Ti60F225_OV5640_Sobel_Stable\ip/DdrCtrl\DdrCtrl.sv (1460)" representative instance : ddr3_ctl_axi/u_efx_ddr3_soft_controller/genblk1.inst_ddr3_axi/inst_efx_ddr3/top_mc/controller_main/dffrs_2527/i10_rst_3
FF|OPT : Flip-flop optimization by equivalence checking
@ "D:\yilingsi_fpga\Efinity_Project\Ti60F225_OV5640_Sobel_Stable\ip/DdrCtrl\DdrCtrl.sv (1460)" removed instance : ddr3_ctl_axi/u_efx_ddr3_soft_controller/genblk1.inst_ddr3_axi/inst_efx_ddr3/top_mc/controller_main/dffrs_2527/i66_rst_0
@ "D:\yilingsi_fpga\Efinity_Project\Ti60F225_OV5640_Sobel_Stable\ip/DdrCtrl\DdrCtrl.sv (1460)" representative instance : ddr3_ctl_axi/u_efx_ddr3_soft_controller/genblk1.inst_ddr3_axi/inst_efx_ddr3/top_mc/controller_main/dffrs_2527/i10_rst_0
FF|OPT : Flip-flop optimization by equivalence checking
@ "D:\yilingsi_fpga\Efinity_Project\Ti60F225_OV5640_Sobel_Stable\ip/DdrCtrl\DdrCtrl.sv (1460)" removed instance : ddr3_ctl_axi/u_efx_ddr3_soft_controller/genblk1.inst_ddr3_axi/inst_efx_ddr3/top_mc/controller_main/dffrs_2527/i66_rst_1
@ "D:\yilingsi_fpga\Efinity_Project\Ti60F225_OV5640_Sobel_Stable\ip/DdrCtrl\DdrCtrl.sv (1460)" representative instance : ddr3_ctl_axi/u_efx_ddr3_soft_controller/genblk1.inst_ddr3_axi/inst_efx_ddr3/top_mc/controller_main/dffrs_2527/i10_rst_1
FF|OPT : Flip-flop optimization by equivalence checking
@ "D:\yilingsi_fpga\Efinity_Project\Ti60F225_OV5640_Sobel_Stable\ip/DdrCtrl\DdrCtrl.sv (1460)" removed instance : ddr3_ctl_axi/u_efx_ddr3_soft_controller/genblk1.inst_ddr3_axi/inst_efx_ddr3/top_mc/controller_main/dffrs_2527/i66_rst_2
@ "D:\yilingsi_fpga\Efinity_Project\Ti60F225_OV5640_Sobel_Stable\ip/DdrCtrl\DdrCtrl.sv (1460)" representative instance : ddr3_ctl_axi/u_efx_ddr3_soft_controller/genblk1.inst_ddr3_axi/inst_efx_ddr3/top_mc/controller_main/dffrs_2527/i10_rst_2
FF|OPT : Flip-flop optimization by equivalence checking
@ "D:\yilingsi_fpga\Efinity_Project\Ti60F225_OV5640_Sobel_Stable\ip/DdrCtrl\DdrCtrl.sv (1460)" removed instance : ddr3_ctl_axi/u_efx_ddr3_soft_controller/genblk1.inst_ddr3_axi/inst_efx_ddr3/top_mc/controller_main/dffrs_2527/i66_rst_3
@ "D:\yilingsi_fpga\Efinity_Project\Ti60F225_OV5640_Sobel_Stable\ip/DdrCtrl\DdrCtrl.sv (1460)" representative instance : ddr3_ctl_axi/u_efx_ddr3_soft_controller/genblk1.inst_ddr3_axi/inst_efx_ddr3/top_mc/controller_main/dffrs_2527/i10_rst_3
FF|OPT : Flip-flop optimization by equivalence checking
@ "D:\yilingsi_fpga\Efinity_Project\Ti60F225_OV5640_Sobel_Stable\ip/DdrCtrl\DdrCtrl.sv (1460)" removed instance : ddr3_ctl_axi/u_efx_ddr3_soft_controller/genblk1.inst_ddr3_axi/inst_efx_ddr3/top_mc/controller_main/dffrs_2527/i65_rst_0
@ "D:\yilingsi_fpga\Efinity_Project\Ti60F225_OV5640_Sobel_Stable\ip/DdrCtrl\DdrCtrl.sv (1460)" representative instance : ddr3_ctl_axi/u_efx_ddr3_soft_controller/genblk1.inst_ddr3_axi/inst_efx_ddr3/top_mc/controller_main/dffrs_2527/i10_rst_0
FF|OPT : Flip-flop optimization by equivalence checking
@ "D:\yilingsi_fpga\Efinity_Project\Ti60F225_OV5640_Sobel_Stable\ip/DdrCtrl\DdrCtrl.sv (1460)" removed instance : ddr3_ctl_axi/u_efx_ddr3_soft_controller/genblk1.inst_ddr3_axi/inst_efx_ddr3/top_mc/controller_main/dffrs_2527/i65_rst_1
@ "D:\yilingsi_fpga\Efinity_Project\Ti60F225_OV5640_Sobel_Stable\ip/DdrCtrl\DdrCtrl.sv (1460)" representative instance : ddr3_ctl_axi/u_efx_ddr3_soft_controller/genblk1.inst_ddr3_axi/inst_efx_ddr3/top_mc/controller_main/dffrs_2527/i10_rst_1
FF|OPT : Flip-flop optimization by equivalence checking
@ "D:\yilingsi_fpga\Efinity_Project\Ti60F225_OV5640_Sobel_Stable\ip/DdrCtrl\DdrCtrl.sv (1460)" removed instance : ddr3_ctl_axi/u_efx_ddr3_soft_controller/genblk1.inst_ddr3_axi/inst_efx_ddr3/top_mc/controller_main/dffrs_2527/i65_rst_2
@ "D:\yilingsi_fpga\Efinity_Project\Ti60F225_OV5640_Sobel_Stable\ip/DdrCtrl\DdrCtrl.sv (1460)" representative instance : ddr3_ctl_axi/u_efx_ddr3_soft_controller/genblk1.inst_ddr3_axi/inst_efx_ddr3/top_mc/controller_main/dffrs_2527/i10_rst_2
FF|OPT : Flip-flop optimization by equivalence checking
@ "D:\yilingsi_fpga\Efinity_Project\Ti60F225_OV5640_Sobel_Stable\ip/DdrCtrl\DdrCtrl.sv (1460)" removed instance : ddr3_ctl_axi/u_efx_ddr3_soft_controller/genblk1.inst_ddr3_axi/inst_efx_ddr3/top_mc/controller_main/dffrs_2527/i65_rst_3
@ "D:\yilingsi_fpga\Efinity_Project\Ti60F225_OV5640_Sobel_Stable\ip/DdrCtrl\DdrCtrl.sv (1460)" representative instance : ddr3_ctl_axi/u_efx_ddr3_soft_controller/genblk1.inst_ddr3_axi/inst_efx_ddr3/top_mc/controller_main/dffrs_2527/i10_rst_3
FF|OPT : Flip-flop optimization by equivalence checking
@ "D:\yilingsi_fpga\Efinity_Project\Ti60F225_OV5640_Sobel_Stable\ip/DdrCtrl\DdrCtrl.sv (3274)" removed instance : ddr3_ctl_axi/u_efx_ddr3_soft_controller/genblk1.inst_ddr3_axi/inst_efx_ddr3/dff_734/i49
@ "D:\yilingsi_fpga\Efinity_Project\Ti60F225_OV5640_Sobel_Stable\ip/DdrCtrl\DdrCtrl.sv (3274)" representative instance : ddr3_ctl_axi/u_efx_ddr3_soft_controller/genblk1.inst_ddr3_axi/inst_efx_ddr3/dff_734/i89
FF|OPT : Flip-flop optimization by equivalence checking
@ "D:\yilingsi_fpga\Efinity_Project\Ti60F225_OV5640_Sobel_Stable\ip/DdrCtrl\DdrCtrl.sv (3274)" removed instance : ddr3_ctl_axi/u_efx_ddr3_soft_controller/genblk1.inst_ddr3_axi/inst_efx_ddr3/dff_734/i50
@ "D:\yilingsi_fpga\Efinity_Project\Ti60F225_OV5640_Sobel_Stable\ip/DdrCtrl\DdrCtrl.sv (3274)" representative instance : ddr3_ctl_axi/u_efx_ddr3_soft_controller/genblk1.inst_ddr3_axi/inst_efx_ddr3/dff_734/i100
FF|OPT : Flip-flop optimization by equivalence checking
@ "D:\yilingsi_fpga\Efinity_Project\Ti60F225_OV5640_Sobel_Stable\ip/DdrCtrl\DdrCtrl.sv (3274)" removed instance : ddr3_ctl_axi/u_efx_ddr3_soft_controller/genblk1.inst_ddr3_axi/inst_efx_ddr3/dff_734/i51
@ "D:\yilingsi_fpga\Efinity_Project\Ti60F225_OV5640_Sobel_Stable\ip/DdrCtrl\DdrCtrl.sv (3274)" representative instance : ddr3_ctl_axi/u_efx_ddr3_soft_controller/genblk1.inst_ddr3_axi/inst_efx_ddr3/dff_734/i8
FF|OPT : Flip-flop optimization by equivalence checking
@ "D:\yilingsi_fpga\Efinity_Project\Ti60F225_OV5640_Sobel_Stable\ip/DdrCtrl\DdrCtrl.sv (3274)" removed instance : ddr3_ctl_axi/u_efx_ddr3_soft_controller/genblk1.inst_ddr3_axi/inst_efx_ddr3/dff_734/i52
@ "D:\yilingsi_fpga\Efinity_Project\Ti60F225_OV5640_Sobel_Stable\ip/DdrCtrl\DdrCtrl.sv (3274)" representative instance : ddr3_ctl_axi/u_efx_ddr3_soft_controller/genblk1.inst_ddr3_axi/inst_efx_ddr3/dff_734/i1
FF|OPT : Flip-flop optimization by equivalence checking
@ "D:\yilingsi_fpga\Efinity_Project\Ti60F225_OV5640_Sobel_Stable\ip/DdrCtrl\DdrCtrl.sv (3274)" removed instance : ddr3_ctl_axi/u_efx_ddr3_soft_controller/genblk1.inst_ddr3_axi/inst_efx_ddr3/dff_734/i53
@ "D:\yilingsi_fpga\Efinity_Project\Ti60F225_OV5640_Sobel_Stable\ip/DdrCtrl\DdrCtrl.sv (3274)" representative instance : ddr3_ctl_axi/u_efx_ddr3_soft_controller/genblk1.inst_ddr3_axi/inst_efx_ddr3/dff_734/i89
FF|OPT : Flip-flop optimization by equivalence checking
@ "D:\yilingsi_fpga\Efinity_Project\Ti60F225_OV5640_Sobel_Stable\ip/DdrCtrl\DdrCtrl.sv (3274)" removed instance : ddr3_ctl_axi/u_efx_ddr3_soft_controller/genblk1.inst_ddr3_axi/inst_efx_ddr3/dff_734/i54
@ "D:\yilingsi_fpga\Efinity_Project\Ti60F225_OV5640_Sobel_Stable\ip/DdrCtrl\DdrCtrl.sv (3274)" representative instance : ddr3_ctl_axi/u_efx_ddr3_soft_controller/genblk1.inst_ddr3_axi/inst_efx_ddr3/dff_734/i91
FF|OPT : Flip-flop optimization by equivalence checking
@ "D:\yilingsi_fpga\Efinity_Project\Ti60F225_OV5640_Sobel_Stable\ip/DdrCtrl\DdrCtrl.sv (3274)" removed instance : ddr3_ctl_axi/u_efx_ddr3_soft_controller/genblk1.inst_ddr3_axi/inst_efx_ddr3/dff_734/i55
@ "D:\yilingsi_fpga\Efinity_Project\Ti60F225_OV5640_Sobel_Stable\ip/DdrCtrl\DdrCtrl.sv (3274)" representative instance : ddr3_ctl_axi/u_efx_ddr3_soft_controller/genblk1.inst_ddr3_axi/inst_efx_ddr3/dff_734/i4
FF|OPT : Flip-flop optimization by equivalence checking
@ "D:\yilingsi_fpga\Efinity_Project\Ti60F225_OV5640_Sobel_Stable\ip/DdrCtrl\DdrCtrl.sv (3274)" removed instance : ddr3_ctl_axi/u_efx_ddr3_soft_controller/genblk1.inst_ddr3_axi/inst_efx_ddr3/dff_734/i56
@ "D:\yilingsi_fpga\Efinity_Project\Ti60F225_OV5640_Sobel_Stable\ip/DdrCtrl\DdrCtrl.sv (3274)" representative instance : ddr3_ctl_axi/u_efx_ddr3_soft_controller/genblk1.inst_ddr3_axi/inst_efx_ddr3/dff_734/i3
FF|OPT : Flip-flop optimization by equivalence checking
@ "D:\yilingsi_fpga\Efinity_Project\Ti60F225_OV5640_Sobel_Stable\ip/DdrCtrl\DdrCtrl.sv (3274)" removed instance : ddr3_ctl_axi/u_efx_ddr3_soft_controller/genblk1.inst_ddr3_axi/inst_efx_ddr3/dff_734/i57
@ "D:\yilingsi_fpga\Efinity_Project\Ti60F225_OV5640_Sobel_Stable\ip/DdrCtrl\DdrCtrl.sv (3274)" representative instance : ddr3_ctl_axi/u_efx_ddr3_soft_controller/genblk1.inst_ddr3_axi/inst_efx_ddr3/dff_734/i89
FF|OPT : Flip-flop optimization by equivalence checking
@ "D:\yilingsi_fpga\Efinity_Project\Ti60F225_OV5640_Sobel_Stable\ip/DdrCtrl\DdrCtrl.sv (3274)" removed instance : ddr3_ctl_axi/u_efx_ddr3_soft_controller/genblk1.inst_ddr3_axi/inst_efx_ddr3/dff_734/i58
@ "D:\yilingsi_fpga\Efinity_Project\Ti60F225_OV5640_Sobel_Stable\ip/DdrCtrl\DdrCtrl.sv (3274)" representative instance : ddr3_ctl_axi/u_efx_ddr3_soft_controller/genblk1.inst_ddr3_axi/inst_efx_ddr3/dff_734/i95
FF|OPT : Flip-flop optimization by equivalence checking
@ "D:\yilingsi_fpga\Efinity_Project\Ti60F225_OV5640_Sobel_Stable\ip/DdrCtrl\DdrCtrl.sv (3274)" removed instance : ddr3_ctl_axi/u_efx_ddr3_soft_controller/genblk1.inst_ddr3_axi/inst_efx_ddr3/dff_734/i59
@ "D:\yilingsi_fpga\Efinity_Project\Ti60F225_OV5640_Sobel_Stable\ip/DdrCtrl\DdrCtrl.sv (3274)" representative instance : ddr3_ctl_axi/u_efx_ddr3_soft_controller/genblk1.inst_ddr3_axi/inst_efx_ddr3/dff_734/i4
FF|OPT : Flip-flop optimization by equivalence checking
@ "D:\yilingsi_fpga\Efinity_Project\Ti60F225_OV5640_Sobel_Stable\ip/DdrCtrl\DdrCtrl.sv (3274)" removed instance : ddr3_ctl_axi/u_efx_ddr3_soft_controller/genblk1.inst_ddr3_axi/inst_efx_ddr3/dff_734/i60
@ "D:\yilingsi_fpga\Efinity_Project\Ti60F225_OV5640_Sobel_Stable\ip/DdrCtrl\DdrCtrl.sv (3274)" representative instance : ddr3_ctl_axi/u_efx_ddr3_soft_controller/genblk1.inst_ddr3_axi/inst_efx_ddr3/dff_734/i1
FF|OPT : Flip-flop optimization by equivalence checking
@ "D:\yilingsi_fpga\Efinity_Project\Ti60F225_OV5640_Sobel_Stable\ip/DdrCtrl\DdrCtrl.sv (3274)" removed instance : ddr3_ctl_axi/u_efx_ddr3_soft_controller/genblk1.inst_ddr3_axi/inst_efx_ddr3/dff_734/i61
@ "D:\yilingsi_fpga\Efinity_Project\Ti60F225_OV5640_Sobel_Stable\ip/DdrCtrl\DdrCtrl.sv (3274)" representative instance : ddr3_ctl_axi/u_efx_ddr3_soft_controller/genblk1.inst_ddr3_axi/inst_efx_ddr3/dff_734/i89
FF|OPT : Flip-flop optimization by equivalence checking
@ "D:\yilingsi_fpga\Efinity_Project\Ti60F225_OV5640_Sobel_Stable\ip/DdrCtrl\DdrCtrl.sv (3274)" removed instance : ddr3_ctl_axi/u_efx_ddr3_soft_controller/genblk1.inst_ddr3_axi/inst_efx_ddr3/dff_734/i64
@ "D:\yilingsi_fpga\Efinity_Project\Ti60F225_OV5640_Sobel_Stable\ip/DdrCtrl\DdrCtrl.sv (3274)" representative instance : ddr3_ctl_axi/u_efx_ddr3_soft_controller/genblk1.inst_ddr3_axi/inst_efx_ddr3/dff_734/i1
FF|OPT : Flip-flop optimization by equivalence checking
@ "D:\yilingsi_fpga\Efinity_Project\Ti60F225_OV5640_Sobel_Stable\ip/DdrCtrl\DdrCtrl.sv (1460)" removed instance : ddr3_ctl_axi/u_efx_ddr3_soft_controller/genblk1.inst_ddr3_axi/inst_efx_ddr3/top_mc/controller_main/dffrs_2527/i64_rst_0
@ "D:\yilingsi_fpga\Efinity_Project\Ti60F225_OV5640_Sobel_Stable\ip/DdrCtrl\DdrCtrl.sv (1460)" representative instance : ddr3_ctl_axi/u_efx_ddr3_soft_controller/genblk1.inst_ddr3_axi/inst_efx_ddr3/top_mc/controller_main/dffrs_2527/i10_rst_0
FF|OPT : Flip-flop optimization by equivalence checking
@ "D:\yilingsi_fpga\Efinity_Project\Ti60F225_OV5640_Sobel_Stable\ip/DdrCtrl\DdrCtrl.sv (1460)" removed instance : ddr3_ctl_axi/u_efx_ddr3_soft_controller/genblk1.inst_ddr3_axi/inst_efx_ddr3/top_mc/controller_main/dffrs_2527/i64_rst_1
@ "D:\yilingsi_fpga\Efinity_Project\Ti60F225_OV5640_Sobel_Stable\ip/DdrCtrl\DdrCtrl.sv (1460)" representative instance : ddr3_ctl_axi/u_efx_ddr3_soft_controller/genblk1.inst_ddr3_axi/inst_efx_ddr3/top_mc/controller_main/dffrs_2527/i10_rst_1
FF|OPT : Flip-flop optimization by equivalence checking
@ "D:\yilingsi_fpga\Efinity_Project\Ti60F225_OV5640_Sobel_Stable\ip/DdrCtrl\DdrCtrl.sv (1460)" removed instance : ddr3_ctl_axi/u_efx_ddr3_soft_controller/genblk1.inst_ddr3_axi/inst_efx_ddr3/top_mc/controller_main/dffrs_2527/i64_rst_2
@ "D:\yilingsi_fpga\Efinity_Project\Ti60F225_OV5640_Sobel_Stable\ip/DdrCtrl\DdrCtrl.sv (1460)" representative instance : ddr3_ctl_axi/u_efx_ddr3_soft_controller/genblk1.inst_ddr3_axi/inst_efx_ddr3/top_mc/controller_main/dffrs_2527/i10_rst_2
FF|OPT : Flip-flop optimization by equivalence checking
@ "D:\yilingsi_fpga\Efinity_Project\Ti60F225_OV5640_Sobel_Stable\ip/DdrCtrl\DdrCtrl.sv (1460)" removed instance : ddr3_ctl_axi/u_efx_ddr3_soft_controller/genblk1.inst_ddr3_axi/inst_efx_ddr3/top_mc/controller_main/dffrs_2527/i64_rst_3
@ "D:\yilingsi_fpga\Efinity_Project\Ti60F225_OV5640_Sobel_Stable\ip/DdrCtrl\DdrCtrl.sv (1460)" representative instance : ddr3_ctl_axi/u_efx_ddr3_soft_controller/genblk1.inst_ddr3_axi/inst_efx_ddr3/top_mc/controller_main/dffrs_2527/i10_rst_3
FF|OPT : Flip-flop optimization by equivalence checking
@ "D:\yilingsi_fpga\Efinity_Project\Ti60F225_OV5640_Sobel_Stable\ip/DdrCtrl\DdrCtrl.sv (1460)" removed instance : ddr3_ctl_axi/u_efx_ddr3_soft_controller/genblk1.inst_ddr3_axi/inst_efx_ddr3/top_mc/controller_main/dffrs_2527/i63_rst_0
@ "D:\yilingsi_fpga\Efinity_Project\Ti60F225_OV5640_Sobel_Stable\ip/DdrCtrl\DdrCtrl.sv (1460)" representative instance : ddr3_ctl_axi/u_efx_ddr3_soft_controller/genblk1.inst_ddr3_axi/inst_efx_ddr3/top_mc/controller_main/dffrs_2527/i10_rst_0
FF|OPT : Flip-flop optimization by equivalence checking
@ "D:\yilingsi_fpga\Efinity_Project\Ti60F225_OV5640_Sobel_Stable\ip/DdrCtrl\DdrCtrl.sv (1460)" removed instance : ddr3_ctl_axi/u_efx_ddr3_soft_controller/genblk1.inst_ddr3_axi/inst_efx_ddr3/top_mc/controller_main/dffrs_2527/i63_rst_1
@ "D:\yilingsi_fpga\Efinity_Project\Ti60F225_OV5640_Sobel_Stable\ip/DdrCtrl\DdrCtrl.sv (1460)" representative instance : ddr3_ctl_axi/u_efx_ddr3_soft_controller/genblk1.inst_ddr3_axi/inst_efx_ddr3/top_mc/controller_main/dffrs_2527/i10_rst_1
FF|OPT : Flip-flop optimization by equivalence checking
@ "D:\yilingsi_fpga\Efinity_Project\Ti60F225_OV5640_Sobel_Stable\ip/DdrCtrl\DdrCtrl.sv (1460)" removed instance : ddr3_ctl_axi/u_efx_ddr3_soft_controller/genblk1.inst_ddr3_axi/inst_efx_ddr3/top_mc/controller_main/dffrs_2527/i63_rst_2
@ "D:\yilingsi_fpga\Efinity_Project\Ti60F225_OV5640_Sobel_Stable\ip/DdrCtrl\DdrCtrl.sv (1460)" representative instance : ddr3_ctl_axi/u_efx_ddr3_soft_controller/genblk1.inst_ddr3_axi/inst_efx_ddr3/top_mc/controller_main/dffrs_2527/i10_rst_2
FF|OPT : Flip-flop optimization by equivalence checking
@ "D:\yilingsi_fpga\Efinity_Project\Ti60F225_OV5640_Sobel_Stable\ip/DdrCtrl\DdrCtrl.sv (1460)" removed instance : ddr3_ctl_axi/u_efx_ddr3_soft_controller/genblk1.inst_ddr3_axi/inst_efx_ddr3/top_mc/controller_main/dffrs_2527/i63_rst_3
@ "D:\yilingsi_fpga\Efinity_Project\Ti60F225_OV5640_Sobel_Stable\ip/DdrCtrl\DdrCtrl.sv (1460)" representative instance : ddr3_ctl_axi/u_efx_ddr3_soft_controller/genblk1.inst_ddr3_axi/inst_efx_ddr3/top_mc/controller_main/dffrs_2527/i10_rst_3
FF|OPT : Flip-flop optimization by equivalence checking
@ "D:\yilingsi_fpga\Efinity_Project\Ti60F225_OV5640_Sobel_Stable\ip/DdrCtrl\DdrCtrl.sv (1460)" removed instance : ddr3_ctl_axi/u_efx_ddr3_soft_controller/genblk1.inst_ddr3_axi/inst_efx_ddr3/top_mc/controller_main/dffrs_2527/i62_rst_0
@ "D:\yilingsi_fpga\Efinity_Project\Ti60F225_OV5640_Sobel_Stable\ip/DdrCtrl\DdrCtrl.sv (1460)" representative instance : ddr3_ctl_axi/u_efx_ddr3_soft_controller/genblk1.inst_ddr3_axi/inst_efx_ddr3/top_mc/controller_main/dffrs_2527/i10_rst_0
FF|OPT : Flip-flop optimization by equivalence checking
@ "D:\yilingsi_fpga\Efinity_Project\Ti60F225_OV5640_Sobel_Stable\ip/DdrCtrl\DdrCtrl.sv (1460)" removed instance : ddr3_ctl_axi/u_efx_ddr3_soft_controller/genblk1.inst_ddr3_axi/inst_efx_ddr3/top_mc/controller_main/dffrs_2527/i62_rst_1
@ "D:\yilingsi_fpga\Efinity_Project\Ti60F225_OV5640_Sobel_Stable\ip/DdrCtrl\DdrCtrl.sv (1460)" representative instance : ddr3_ctl_axi/u_efx_ddr3_soft_controller/genblk1.inst_ddr3_axi/inst_efx_ddr3/top_mc/controller_main/dffrs_2527/i10_rst_1
FF|OPT : Flip-flop optimization by equivalence checking
@ "D:\yilingsi_fpga\Efinity_Project\Ti60F225_OV5640_Sobel_Stable\ip/DdrCtrl\DdrCtrl.sv (1460)" removed instance : ddr3_ctl_axi/u_efx_ddr3_soft_controller/genblk1.inst_ddr3_axi/inst_efx_ddr3/top_mc/controller_main/dffrs_2527/i62_rst_2
@ "D:\yilingsi_fpga\Efinity_Project\Ti60F225_OV5640_Sobel_Stable\ip/DdrCtrl\DdrCtrl.sv (1460)" representative instance : ddr3_ctl_axi/u_efx_ddr3_soft_controller/genblk1.inst_ddr3_axi/inst_efx_ddr3/top_mc/controller_main/dffrs_2527/i10_rst_2
FF|OPT : Flip-flop optimization by equivalence checking
@ "D:\yilingsi_fpga\Efinity_Project\Ti60F225_OV5640_Sobel_Stable\ip/DdrCtrl\DdrCtrl.sv (1460)" removed instance : ddr3_ctl_axi/u_efx_ddr3_soft_controller/genblk1.inst_ddr3_axi/inst_efx_ddr3/top_mc/controller_main/dffrs_2527/i62_rst_3
@ "D:\yilingsi_fpga\Efinity_Project\Ti60F225_OV5640_Sobel_Stable\ip/DdrCtrl\DdrCtrl.sv (1460)" representative instance : ddr3_ctl_axi/u_efx_ddr3_soft_controller/genblk1.inst_ddr3_axi/inst_efx_ddr3/top_mc/controller_main/dffrs_2527/i10_rst_3
FF|OPT : Flip-flop optimization by equivalence checking
@ "D:\yilingsi_fpga\Efinity_Project\Ti60F225_OV5640_Sobel_Stable\ip/DdrCtrl\DdrCtrl.sv (1460)" removed instance : ddr3_ctl_axi/u_efx_ddr3_soft_controller/genblk1.inst_ddr3_axi/inst_efx_ddr3/top_mc/controller_main/dffrs_2527/i61_rst_0
@ "D:\yilingsi_fpga\Efinity_Project\Ti60F225_OV5640_Sobel_Stable\ip/DdrCtrl\DdrCtrl.sv (1460)" representative instance : ddr3_ctl_axi/u_efx_ddr3_soft_controller/genblk1.inst_ddr3_axi/inst_efx_ddr3/top_mc/controller_main/dffrs_2527/i10_rst_0
FF|OPT : Flip-flop optimization by equivalence checking
@ "D:\yilingsi_fpga\Efinity_Project\Ti60F225_OV5640_Sobel_Stable\ip/DdrCtrl\DdrCtrl.sv (1460)" removed instance : ddr3_ctl_axi/u_efx_ddr3_soft_controller/genblk1.inst_ddr3_axi/inst_efx_ddr3/top_mc/controller_main/dffrs_2527/i61_rst_1
@ "D:\yilingsi_fpga\Efinity_Project\Ti60F225_OV5640_Sobel_Stable\ip/DdrCtrl\DdrCtrl.sv (1460)" representative instance : ddr3_ctl_axi/u_efx_ddr3_soft_controller/genblk1.inst_ddr3_axi/inst_efx_ddr3/top_mc/controller_main/dffrs_2527/i10_rst_1
FF|OPT : Flip-flop optimization by equivalence checking
@ "D:\yilingsi_fpga\Efinity_Project\Ti60F225_OV5640_Sobel_Stable\ip/DdrCtrl\DdrCtrl.sv (1460)" removed instance : ddr3_ctl_axi/u_efx_ddr3_soft_controller/genblk1.inst_ddr3_axi/inst_efx_ddr3/top_mc/controller_main/dffrs_2527/i61_rst_2
@ "D:\yilingsi_fpga\Efinity_Project\Ti60F225_OV5640_Sobel_Stable\ip/DdrCtrl\DdrCtrl.sv (1460)" representative instance : ddr3_ctl_axi/u_efx_ddr3_soft_controller/genblk1.inst_ddr3_axi/inst_efx_ddr3/top_mc/controller_main/dffrs_2527/i10_rst_2
FF|OPT : Flip-flop optimization by equivalence checking
@ "D:\yilingsi_fpga\Efinity_Project\Ti60F225_OV5640_Sobel_Stable\ip/DdrCtrl\DdrCtrl.sv (1460)" removed instance : ddr3_ctl_axi/u_efx_ddr3_soft_controller/genblk1.inst_ddr3_axi/inst_efx_ddr3/top_mc/controller_main/dffrs_2527/i61_rst_3
@ "D:\yilingsi_fpga\Efinity_Project\Ti60F225_OV5640_Sobel_Stable\ip/DdrCtrl\DdrCtrl.sv (1460)" representative instance : ddr3_ctl_axi/u_efx_ddr3_soft_controller/genblk1.inst_ddr3_axi/inst_efx_ddr3/top_mc/controller_main/dffrs_2527/i10_rst_3
FF|OPT : Flip-flop optimization by equivalence checking
@ "D:\yilingsi_fpga\Efinity_Project\Ti60F225_OV5640_Sobel_Stable\ip/DdrCtrl\DdrCtrl.sv (1460)" removed instance : ddr3_ctl_axi/u_efx_ddr3_soft_controller/genblk1.inst_ddr3_axi/inst_efx_ddr3/top_mc/controller_main/dffrs_2527/i6_rst_0
@ "D:\yilingsi_fpga\Efinity_Project\Ti60F225_OV5640_Sobel_Stable\ip/DdrCtrl\DdrCtrl.sv (1460)" representative instance : ddr3_ctl_axi/u_efx_ddr3_soft_controller/genblk1.inst_ddr3_axi/inst_efx_ddr3/top_mc/controller_main/dffrs_2527/i10_rst_0
FF|OPT : Flip-flop optimization by equivalence checking
@ "D:\yilingsi_fpga\Efinity_Project\Ti60F225_OV5640_Sobel_Stable\ip/DdrCtrl\DdrCtrl.sv (1460)" removed instance : ddr3_ctl_axi/u_efx_ddr3_soft_controller/genblk1.inst_ddr3_axi/inst_efx_ddr3/top_mc/controller_main/dffrs_2527/i6_rst_1
@ "D:\yilingsi_fpga\Efinity_Project\Ti60F225_OV5640_Sobel_Stable\ip/DdrCtrl\DdrCtrl.sv (1460)" representative instance : ddr3_ctl_axi/u_efx_ddr3_soft_controller/genblk1.inst_ddr3_axi/inst_efx_ddr3/top_mc/controller_main/dffrs_2527/i10_rst_1
FF|OPT : Flip-flop optimization by equivalence checking
@ "D:\yilingsi_fpga\Efinity_Project\Ti60F225_OV5640_Sobel_Stable\ip/DdrCtrl\DdrCtrl.sv (1460)" removed instance : ddr3_ctl_axi/u_efx_ddr3_soft_controller/genblk1.inst_ddr3_axi/inst_efx_ddr3/top_mc/controller_main/dffrs_2527/i6_rst_2
@ "D:\yilingsi_fpga\Efinity_Project\Ti60F225_OV5640_Sobel_Stable\ip/DdrCtrl\DdrCtrl.sv (1460)" representative instance : ddr3_ctl_axi/u_efx_ddr3_soft_controller/genblk1.inst_ddr3_axi/inst_efx_ddr3/top_mc/controller_main/dffrs_2527/i10_rst_2
FF|OPT : Flip-flop optimization by equivalence checking
@ "D:\yilingsi_fpga\Efinity_Project\Ti60F225_OV5640_Sobel_Stable\ip/DdrCtrl\DdrCtrl.sv (1460)" removed instance : ddr3_ctl_axi/u_efx_ddr3_soft_controller/genblk1.inst_ddr3_axi/inst_efx_ddr3/top_mc/controller_main/dffrs_2527/i6_rst_3
@ "D:\yilingsi_fpga\Efinity_Project\Ti60F225_OV5640_Sobel_Stable\ip/DdrCtrl\DdrCtrl.sv (1460)" representative instance : ddr3_ctl_axi/u_efx_ddr3_soft_controller/genblk1.inst_ddr3_axi/inst_efx_ddr3/top_mc/controller_main/dffrs_2527/i10_rst_3
FF|OPT : Flip-flop optimization by equivalence checking
@ "D:\yilingsi_fpga\Efinity_Project\Ti60F225_OV5640_Sobel_Stable\ip/DdrCtrl\DdrCtrl.sv (1460)" removed instance : ddr3_ctl_axi/u_efx_ddr3_soft_controller/genblk1.inst_ddr3_axi/inst_efx_ddr3/top_mc/controller_main/dffrs_2527/i60_rst_0
@ "D:\yilingsi_fpga\Efinity_Project\Ti60F225_OV5640_Sobel_Stable\ip/DdrCtrl\DdrCtrl.sv (1460)" representative instance : ddr3_ctl_axi/u_efx_ddr3_soft_controller/genblk1.inst_ddr3_axi/inst_efx_ddr3/top_mc/controller_main/dffrs_2527/i10_rst_0
FF|OPT : Flip-flop optimization by equivalence checking
@ "D:\yilingsi_fpga\Efinity_Project\Ti60F225_OV5640_Sobel_Stable\ip/DdrCtrl\DdrCtrl.sv (1460)" removed instance : ddr3_ctl_axi/u_efx_ddr3_soft_controller/genblk1.inst_ddr3_axi/inst_efx_ddr3/top_mc/controller_main/dffrs_2527/i60_rst_1
@ "D:\yilingsi_fpga\Efinity_Project\Ti60F225_OV5640_Sobel_Stable\ip/DdrCtrl\DdrCtrl.sv (1460)" representative instance : ddr3_ctl_axi/u_efx_ddr3_soft_controller/genblk1.inst_ddr3_axi/inst_efx_ddr3/top_mc/controller_main/dffrs_2527/i10_rst_1
FF|OPT : Flip-flop optimization by equivalence checking
@ "D:\yilingsi_fpga\Efinity_Project\Ti60F225_OV5640_Sobel_Stable\ip/DdrCtrl\DdrCtrl.sv (1460)" removed instance : ddr3_ctl_axi/u_efx_ddr3_soft_controller/genblk1.inst_ddr3_axi/inst_efx_ddr3/top_mc/controller_main/dffrs_2527/i60_rst_2
@ "D:\yilingsi_fpga\Efinity_Project\Ti60F225_OV5640_Sobel_Stable\ip/DdrCtrl\DdrCtrl.sv (1460)" representative instance : ddr3_ctl_axi/u_efx_ddr3_soft_controller/genblk1.inst_ddr3_axi/inst_efx_ddr3/top_mc/controller_main/dffrs_2527/i10_rst_2
FF|OPT : Flip-flop optimization by equivalence checking
@ "D:\yilingsi_fpga\Efinity_Project\Ti60F225_OV5640_Sobel_Stable\ip/DdrCtrl\DdrCtrl.sv (1460)" removed instance : ddr3_ctl_axi/u_efx_ddr3_soft_controller/genblk1.inst_ddr3_axi/inst_efx_ddr3/top_mc/controller_main/dffrs_2527/i60_rst_3
@ "D:\yilingsi_fpga\Efinity_Project\Ti60F225_OV5640_Sobel_Stable\ip/DdrCtrl\DdrCtrl.sv (1460)" representative instance : ddr3_ctl_axi/u_efx_ddr3_soft_controller/genblk1.inst_ddr3_axi/inst_efx_ddr3/top_mc/controller_main/dffrs_2527/i10_rst_3
FF|OPT : Flip-flop optimization by equivalence checking
@ "D:\yilingsi_fpga\Efinity_Project\Ti60F225_OV5640_Sobel_Stable\ip/DdrCtrl\DdrCtrl.sv (1460)" removed instance : ddr3_ctl_axi/u_efx_ddr3_soft_controller/genblk1.inst_ddr3_axi/inst_efx_ddr3/top_mc/controller_main/dffrs_2527/i59_rst_0
@ "D:\yilingsi_fpga\Efinity_Project\Ti60F225_OV5640_Sobel_Stable\ip/DdrCtrl\DdrCtrl.sv (1460)" representative instance : ddr3_ctl_axi/u_efx_ddr3_soft_controller/genblk1.inst_ddr3_axi/inst_efx_ddr3/top_mc/controller_main/dffrs_2527/i10_rst_0
FF|OPT : Flip-flop optimization by equivalence checking
@ "D:\yilingsi_fpga\Efinity_Project\Ti60F225_OV5640_Sobel_Stable\ip/DdrCtrl\DdrCtrl.sv (1460)" removed instance : ddr3_ctl_axi/u_efx_ddr3_soft_controller/genblk1.inst_ddr3_axi/inst_efx_ddr3/top_mc/controller_main/dffrs_2527/i59_rst_1
@ "D:\yilingsi_fpga\Efinity_Project\Ti60F225_OV5640_Sobel_Stable\ip/DdrCtrl\DdrCtrl.sv (1460)" representative instance : ddr3_ctl_axi/u_efx_ddr3_soft_controller/genblk1.inst_ddr3_axi/inst_efx_ddr3/top_mc/controller_main/dffrs_2527/i10_rst_1
FF|OPT : Flip-flop optimization by equivalence checking
@ "D:\yilingsi_fpga\Efinity_Project\Ti60F225_OV5640_Sobel_Stable\ip/DdrCtrl\DdrCtrl.sv (1460)" removed instance : ddr3_ctl_axi/u_efx_ddr3_soft_controller/genblk1.inst_ddr3_axi/inst_efx_ddr3/top_mc/controller_main/dffrs_2527/i59_rst_2
@ "D:\yilingsi_fpga\Efinity_Project\Ti60F225_OV5640_Sobel_Stable\ip/DdrCtrl\DdrCtrl.sv (1460)" representative instance : ddr3_ctl_axi/u_efx_ddr3_soft_controller/genblk1.inst_ddr3_axi/inst_efx_ddr3/top_mc/controller_main/dffrs_2527/i10_rst_2
FF|OPT : Flip-flop optimization by equivalence checking
@ "D:\yilingsi_fpga\Efinity_Project\Ti60F225_OV5640_Sobel_Stable\ip/DdrCtrl\DdrCtrl.sv (1460)" removed instance : ddr3_ctl_axi/u_efx_ddr3_soft_controller/genblk1.inst_ddr3_axi/inst_efx_ddr3/top_mc/controller_main/dffrs_2527/i59_rst_3
@ "D:\yilingsi_fpga\Efinity_Project\Ti60F225_OV5640_Sobel_Stable\ip/DdrCtrl\DdrCtrl.sv (1460)" representative instance : ddr3_ctl_axi/u_efx_ddr3_soft_controller/genblk1.inst_ddr3_axi/inst_efx_ddr3/top_mc/controller_main/dffrs_2527/i10_rst_3
FF|OPT : Flip-flop optimization by equivalence checking
@ "D:\yilingsi_fpga\Efinity_Project\Ti60F225_OV5640_Sobel_Stable\ip/DdrCtrl\DdrCtrl.sv (1460)" removed instance : ddr3_ctl_axi/u_efx_ddr3_soft_controller/genblk1.inst_ddr3_axi/inst_efx_ddr3/top_mc/controller_main/dffrs_2527/i58_rst_0
@ "D:\yilingsi_fpga\Efinity_Project\Ti60F225_OV5640_Sobel_Stable\ip/DdrCtrl\DdrCtrl.sv (1460)" representative instance : ddr3_ctl_axi/u_efx_ddr3_soft_controller/genblk1.inst_ddr3_axi/inst_efx_ddr3/top_mc/controller_main/dffrs_2527/i10_rst_0
FF|OPT : Flip-flop optimization by equivalence checking
@ "D:\yilingsi_fpga\Efinity_Project\Ti60F225_OV5640_Sobel_Stable\ip/DdrCtrl\DdrCtrl.sv (1460)" removed instance : ddr3_ctl_axi/u_efx_ddr3_soft_controller/genblk1.inst_ddr3_axi/inst_efx_ddr3/top_mc/controller_main/dffrs_2527/i58_rst_1
@ "D:\yilingsi_fpga\Efinity_Project\Ti60F225_OV5640_Sobel_Stable\ip/DdrCtrl\DdrCtrl.sv (1460)" representative instance : ddr3_ctl_axi/u_efx_ddr3_soft_controller/genblk1.inst_ddr3_axi/inst_efx_ddr3/top_mc/controller_main/dffrs_2527/i10_rst_1
FF|OPT : Flip-flop optimization by equivalence checking
@ "D:\yilingsi_fpga\Efinity_Project\Ti60F225_OV5640_Sobel_Stable\ip/DdrCtrl\DdrCtrl.sv (1460)" removed instance : ddr3_ctl_axi/u_efx_ddr3_soft_controller/genblk1.inst_ddr3_axi/inst_efx_ddr3/top_mc/controller_main/dffrs_2527/i58_rst_2
@ "D:\yilingsi_fpga\Efinity_Project\Ti60F225_OV5640_Sobel_Stable\ip/DdrCtrl\DdrCtrl.sv (1460)" representative instance : ddr3_ctl_axi/u_efx_ddr3_soft_controller/genblk1.inst_ddr3_axi/inst_efx_ddr3/top_mc/controller_main/dffrs_2527/i10_rst_2
FF|OPT : Flip-flop optimization by equivalence checking
@ "D:\yilingsi_fpga\Efinity_Project\Ti60F225_OV5640_Sobel_Stable\ip/DdrCtrl\DdrCtrl.sv (1460)" removed instance : ddr3_ctl_axi/u_efx_ddr3_soft_controller/genblk1.inst_ddr3_axi/inst_efx_ddr3/top_mc/controller_main/dffrs_2527/i58_rst_3
@ "D:\yilingsi_fpga\Efinity_Project\Ti60F225_OV5640_Sobel_Stable\ip/DdrCtrl\DdrCtrl.sv (1460)" representative instance : ddr3_ctl_axi/u_efx_ddr3_soft_controller/genblk1.inst_ddr3_axi/inst_efx_ddr3/top_mc/controller_main/dffrs_2527/i10_rst_3
FF|OPT : Flip-flop optimization by equivalence checking
@ "D:\yilingsi_fpga\Efinity_Project\Ti60F225_OV5640_Sobel_Stable\ip/DdrCtrl\DdrCtrl.sv (1460)" removed instance : ddr3_ctl_axi/u_efx_ddr3_soft_controller/genblk1.inst_ddr3_axi/inst_efx_ddr3/top_mc/controller_main/dffrs_2527/i57_rst_0
@ "D:\yilingsi_fpga\Efinity_Project\Ti60F225_OV5640_Sobel_Stable\ip/DdrCtrl\DdrCtrl.sv (1460)" representative instance : ddr3_ctl_axi/u_efx_ddr3_soft_controller/genblk1.inst_ddr3_axi/inst_efx_ddr3/top_mc/controller_main/dffrs_2527/i10_rst_0
FF|OPT : Flip-flop optimization by equivalence checking
@ "D:\yilingsi_fpga\Efinity_Project\Ti60F225_OV5640_Sobel_Stable\ip/DdrCtrl\DdrCtrl.sv (1460)" removed instance : ddr3_ctl_axi/u_efx_ddr3_soft_controller/genblk1.inst_ddr3_axi/inst_efx_ddr3/top_mc/controller_main/dffrs_2527/i57_rst_1
@ "D:\yilingsi_fpga\Efinity_Project\Ti60F225_OV5640_Sobel_Stable\ip/DdrCtrl\DdrCtrl.sv (1460)" representative instance : ddr3_ctl_axi/u_efx_ddr3_soft_controller/genblk1.inst_ddr3_axi/inst_efx_ddr3/top_mc/controller_main/dffrs_2527/i10_rst_1
FF|OPT : Flip-flop optimization by equivalence checking
@ "D:\yilingsi_fpga\Efinity_Project\Ti60F225_OV5640_Sobel_Stable\ip/DdrCtrl\DdrCtrl.sv (1460)" removed instance : ddr3_ctl_axi/u_efx_ddr3_soft_controller/genblk1.inst_ddr3_axi/inst_efx_ddr3/top_mc/controller_main/dffrs_2527/i57_rst_2
@ "D:\yilingsi_fpga\Efinity_Project\Ti60F225_OV5640_Sobel_Stable\ip/DdrCtrl\DdrCtrl.sv (1460)" representative instance : ddr3_ctl_axi/u_efx_ddr3_soft_controller/genblk1.inst_ddr3_axi/inst_efx_ddr3/top_mc/controller_main/dffrs_2527/i10_rst_2
FF|OPT : Flip-flop optimization by equivalence checking
@ "D:\yilingsi_fpga\Efinity_Project\Ti60F225_OV5640_Sobel_Stable\ip/DdrCtrl\DdrCtrl.sv (1460)" removed instance : ddr3_ctl_axi/u_efx_ddr3_soft_controller/genblk1.inst_ddr3_axi/inst_efx_ddr3/top_mc/controller_main/dffrs_2527/i57_rst_3
@ "D:\yilingsi_fpga\Efinity_Project\Ti60F225_OV5640_Sobel_Stable\ip/DdrCtrl\DdrCtrl.sv (1460)" representative instance : ddr3_ctl_axi/u_efx_ddr3_soft_controller/genblk1.inst_ddr3_axi/inst_efx_ddr3/top_mc/controller_main/dffrs_2527/i10_rst_3
FF|OPT : Flip-flop optimization by equivalence checking
@ "D:\yilingsi_fpga\Efinity_Project\Ti60F225_OV5640_Sobel_Stable\ip/DdrCtrl\DdrCtrl.sv (1460)" removed instance : ddr3_ctl_axi/u_efx_ddr3_soft_controller/genblk1.inst_ddr3_axi/inst_efx_ddr3/top_mc/controller_main/dffrs_2527/i56_rst_0
@ "D:\yilingsi_fpga\Efinity_Project\Ti60F225_OV5640_Sobel_Stable\ip/DdrCtrl\DdrCtrl.sv (1460)" representative instance : ddr3_ctl_axi/u_efx_ddr3_soft_controller/genblk1.inst_ddr3_axi/inst_efx_ddr3/top_mc/controller_main/dffrs_2527/i10_rst_0
FF|OPT : Flip-flop optimization by equivalence checking
@ "D:\yilingsi_fpga\Efinity_Project\Ti60F225_OV5640_Sobel_Stable\ip/DdrCtrl\DdrCtrl.sv (1460)" removed instance : ddr3_ctl_axi/u_efx_ddr3_soft_controller/genblk1.inst_ddr3_axi/inst_efx_ddr3/top_mc/controller_main/dffrs_2527/i56_rst_1
@ "D:\yilingsi_fpga\Efinity_Project\Ti60F225_OV5640_Sobel_Stable\ip/DdrCtrl\DdrCtrl.sv (1460)" representative instance : ddr3_ctl_axi/u_efx_ddr3_soft_controller/genblk1.inst_ddr3_axi/inst_efx_ddr3/top_mc/controller_main/dffrs_2527/i10_rst_1
FF|OPT : Flip-flop optimization by equivalence checking
@ "D:\yilingsi_fpga\Efinity_Project\Ti60F225_OV5640_Sobel_Stable\ip/DdrCtrl\DdrCtrl.sv (1460)" removed instance : ddr3_ctl_axi/u_efx_ddr3_soft_controller/genblk1.inst_ddr3_axi/inst_efx_ddr3/top_mc/controller_main/dffrs_2527/i56_rst_2
@ "D:\yilingsi_fpga\Efinity_Project\Ti60F225_OV5640_Sobel_Stable\ip/DdrCtrl\DdrCtrl.sv (1460)" representative instance : ddr3_ctl_axi/u_efx_ddr3_soft_controller/genblk1.inst_ddr3_axi/inst_efx_ddr3/top_mc/controller_main/dffrs_2527/i10_rst_2
FF|OPT : Flip-flop optimization by equivalence checking
@ "D:\yilingsi_fpga\Efinity_Project\Ti60F225_OV5640_Sobel_Stable\ip/DdrCtrl\DdrCtrl.sv (1460)" removed instance : ddr3_ctl_axi/u_efx_ddr3_soft_controller/genblk1.inst_ddr3_axi/inst_efx_ddr3/top_mc/controller_main/dffrs_2527/i56_rst_3
@ "D:\yilingsi_fpga\Efinity_Project\Ti60F225_OV5640_Sobel_Stable\ip/DdrCtrl\DdrCtrl.sv (1460)" representative instance : ddr3_ctl_axi/u_efx_ddr3_soft_controller/genblk1.inst_ddr3_axi/inst_efx_ddr3/top_mc/controller_main/dffrs_2527/i10_rst_3
FF|OPT : Flip-flop optimization by equivalence checking
@ "D:\yilingsi_fpga\Efinity_Project\Ti60F225_OV5640_Sobel_Stable\ip/DdrCtrl\DdrCtrl.sv (1460)" removed instance : ddr3_ctl_axi/u_efx_ddr3_soft_controller/genblk1.inst_ddr3_axi/inst_efx_ddr3/top_mc/controller_main/dffrs_2527/i55_rst_0
@ "D:\yilingsi_fpga\Efinity_Project\Ti60F225_OV5640_Sobel_Stable\ip/DdrCtrl\DdrCtrl.sv (1460)" representative instance : ddr3_ctl_axi/u_efx_ddr3_soft_controller/genblk1.inst_ddr3_axi/inst_efx_ddr3/top_mc/controller_main/dffrs_2527/i10_rst_0
FF|OPT : Flip-flop optimization by equivalence checking
@ "D:\yilingsi_fpga\Efinity_Project\Ti60F225_OV5640_Sobel_Stable\ip/DdrCtrl\DdrCtrl.sv (1460)" removed instance : ddr3_ctl_axi/u_efx_ddr3_soft_controller/genblk1.inst_ddr3_axi/inst_efx_ddr3/top_mc/controller_main/dffrs_2527/i55_rst_1
@ "D:\yilingsi_fpga\Efinity_Project\Ti60F225_OV5640_Sobel_Stable\ip/DdrCtrl\DdrCtrl.sv (1460)" representative instance : ddr3_ctl_axi/u_efx_ddr3_soft_controller/genblk1.inst_ddr3_axi/inst_efx_ddr3/top_mc/controller_main/dffrs_2527/i10_rst_1
FF|OPT : Flip-flop optimization by equivalence checking
@ "D:\yilingsi_fpga\Efinity_Project\Ti60F225_OV5640_Sobel_Stable\ip/DdrCtrl\DdrCtrl.sv (1460)" removed instance : ddr3_ctl_axi/u_efx_ddr3_soft_controller/genblk1.inst_ddr3_axi/inst_efx_ddr3/top_mc/controller_main/dffrs_2527/i55_rst_2
@ "D:\yilingsi_fpga\Efinity_Project\Ti60F225_OV5640_Sobel_Stable\ip/DdrCtrl\DdrCtrl.sv (1460)" representative instance : ddr3_ctl_axi/u_efx_ddr3_soft_controller/genblk1.inst_ddr3_axi/inst_efx_ddr3/top_mc/controller_main/dffrs_2527/i10_rst_2
FF|OPT : Flip-flop optimization by equivalence checking
@ "D:\yilingsi_fpga\Efinity_Project\Ti60F225_OV5640_Sobel_Stable\ip/DdrCtrl\DdrCtrl.sv (1460)" removed instance : ddr3_ctl_axi/u_efx_ddr3_soft_controller/genblk1.inst_ddr3_axi/inst_efx_ddr3/top_mc/controller_main/dffrs_2527/i55_rst_3
@ "D:\yilingsi_fpga\Efinity_Project\Ti60F225_OV5640_Sobel_Stable\ip/DdrCtrl\DdrCtrl.sv (1460)" representative instance : ddr3_ctl_axi/u_efx_ddr3_soft_controller/genblk1.inst_ddr3_axi/inst_efx_ddr3/top_mc/controller_main/dffrs_2527/i10_rst_3
FF|OPT : Flip-flop optimization by equivalence checking
@ "D:\yilingsi_fpga\Efinity_Project\Ti60F225_OV5640_Sobel_Stable\ip/DdrCtrl\DdrCtrl.sv (1460)" removed instance : ddr3_ctl_axi/u_efx_ddr3_soft_controller/genblk1.inst_ddr3_axi/inst_efx_ddr3/top_mc/controller_main/dffrs_2527/i54_rst_0
@ "D:\yilingsi_fpga\Efinity_Project\Ti60F225_OV5640_Sobel_Stable\ip/DdrCtrl\DdrCtrl.sv (1460)" representative instance : ddr3_ctl_axi/u_efx_ddr3_soft_controller/genblk1.inst_ddr3_axi/inst_efx_ddr3/top_mc/controller_main/dffrs_2527/i10_rst_0
FF|OPT : Flip-flop optimization by equivalence checking
@ "D:\yilingsi_fpga\Efinity_Project\Ti60F225_OV5640_Sobel_Stable\ip/DdrCtrl\DdrCtrl.sv (1460)" removed instance : ddr3_ctl_axi/u_efx_ddr3_soft_controller/genblk1.inst_ddr3_axi/inst_efx_ddr3/top_mc/controller_main/dffrs_2527/i54_rst_1
@ "D:\yilingsi_fpga\Efinity_Project\Ti60F225_OV5640_Sobel_Stable\ip/DdrCtrl\DdrCtrl.sv (1460)" representative instance : ddr3_ctl_axi/u_efx_ddr3_soft_controller/genblk1.inst_ddr3_axi/inst_efx_ddr3/top_mc/controller_main/dffrs_2527/i10_rst_1
FF|OPT : Flip-flop optimization by equivalence checking
@ "D:\yilingsi_fpga\Efinity_Project\Ti60F225_OV5640_Sobel_Stable\ip/DdrCtrl\DdrCtrl.sv (1460)" removed instance : ddr3_ctl_axi/u_efx_ddr3_soft_controller/genblk1.inst_ddr3_axi/inst_efx_ddr3/top_mc/controller_main/dffrs_2527/i54_rst_2
@ "D:\yilingsi_fpga\Efinity_Project\Ti60F225_OV5640_Sobel_Stable\ip/DdrCtrl\DdrCtrl.sv (1460)" representative instance : ddr3_ctl_axi/u_efx_ddr3_soft_controller/genblk1.inst_ddr3_axi/inst_efx_ddr3/top_mc/controller_main/dffrs_2527/i10_rst_2
FF|OPT : Flip-flop optimization by equivalence checking
@ "D:\yilingsi_fpga\Efinity_Project\Ti60F225_OV5640_Sobel_Stable\ip/DdrCtrl\DdrCtrl.sv (1460)" removed instance : ddr3_ctl_axi/u_efx_ddr3_soft_controller/genblk1.inst_ddr3_axi/inst_efx_ddr3/top_mc/controller_main/dffrs_2527/i54_rst_3
@ "D:\yilingsi_fpga\Efinity_Project\Ti60F225_OV5640_Sobel_Stable\ip/DdrCtrl\DdrCtrl.sv (1460)" representative instance : ddr3_ctl_axi/u_efx_ddr3_soft_controller/genblk1.inst_ddr3_axi/inst_efx_ddr3/top_mc/controller_main/dffrs_2527/i10_rst_3
FF|OPT : Flip-flop optimization by equivalence checking
@ "D:\yilingsi_fpga\Efinity_Project\Ti60F225_OV5640_Sobel_Stable\ip/DdrCtrl\DdrCtrl.sv (1460)" removed instance : ddr3_ctl_axi/u_efx_ddr3_soft_controller/genblk1.inst_ddr3_axi/inst_efx_ddr3/top_mc/controller_main/dffrs_2527/i53_rst_0
@ "D:\yilingsi_fpga\Efinity_Project\Ti60F225_OV5640_Sobel_Stable\ip/DdrCtrl\DdrCtrl.sv (1460)" representative instance : ddr3_ctl_axi/u_efx_ddr3_soft_controller/genblk1.inst_ddr3_axi/inst_efx_ddr3/top_mc/controller_main/dffrs_2527/i10_rst_0
FF|OPT : Flip-flop optimization by equivalence checking
@ "D:\yilingsi_fpga\Efinity_Project\Ti60F225_OV5640_Sobel_Stable\ip/DdrCtrl\DdrCtrl.sv (1460)" removed instance : ddr3_ctl_axi/u_efx_ddr3_soft_controller/genblk1.inst_ddr3_axi/inst_efx_ddr3/top_mc/controller_main/dffrs_2527/i53_rst_1
@ "D:\yilingsi_fpga\Efinity_Project\Ti60F225_OV5640_Sobel_Stable\ip/DdrCtrl\DdrCtrl.sv (1460)" representative instance : ddr3_ctl_axi/u_efx_ddr3_soft_controller/genblk1.inst_ddr3_axi/inst_efx_ddr3/top_mc/controller_main/dffrs_2527/i10_rst_1
FF|OPT : Flip-flop optimization by equivalence checking
@ "D:\yilingsi_fpga\Efinity_Project\Ti60F225_OV5640_Sobel_Stable\ip/DdrCtrl\DdrCtrl.sv (1460)" removed instance : ddr3_ctl_axi/u_efx_ddr3_soft_controller/genblk1.inst_ddr3_axi/inst_efx_ddr3/top_mc/controller_main/dffrs_2527/i53_rst_2
@ "D:\yilingsi_fpga\Efinity_Project\Ti60F225_OV5640_Sobel_Stable\ip/DdrCtrl\DdrCtrl.sv (1460)" representative instance : ddr3_ctl_axi/u_efx_ddr3_soft_controller/genblk1.inst_ddr3_axi/inst_efx_ddr3/top_mc/controller_main/dffrs_2527/i10_rst_2
FF|OPT : Flip-flop optimization by equivalence checking
@ "D:\yilingsi_fpga\Efinity_Project\Ti60F225_OV5640_Sobel_Stable\ip/DdrCtrl\DdrCtrl.sv (1460)" removed instance : ddr3_ctl_axi/u_efx_ddr3_soft_controller/genblk1.inst_ddr3_axi/inst_efx_ddr3/top_mc/controller_main/dffrs_2527/i53_rst_3
@ "D:\yilingsi_fpga\Efinity_Project\Ti60F225_OV5640_Sobel_Stable\ip/DdrCtrl\DdrCtrl.sv (1460)" representative instance : ddr3_ctl_axi/u_efx_ddr3_soft_controller/genblk1.inst_ddr3_axi/inst_efx_ddr3/top_mc/controller_main/dffrs_2527/i10_rst_3
FF|OPT : Flip-flop optimization by equivalence checking
@ "D:\yilingsi_fpga\Efinity_Project\Ti60F225_OV5640_Sobel_Stable\ip/DdrCtrl\DdrCtrl.sv (1460)" removed instance : ddr3_ctl_axi/u_efx_ddr3_soft_controller/genblk1.inst_ddr3_axi/inst_efx_ddr3/top_mc/controller_main/dffrs_2527/i52_rst_0
@ "D:\yilingsi_fpga\Efinity_Project\Ti60F225_OV5640_Sobel_Stable\ip/DdrCtrl\DdrCtrl.sv (1460)" representative instance : ddr3_ctl_axi/u_efx_ddr3_soft_controller/genblk1.inst_ddr3_axi/inst_efx_ddr3/top_mc/controller_main/dffrs_2527/i10_rst_0
FF|OPT : Flip-flop optimization by equivalence checking
@ "D:\yilingsi_fpga\Efinity_Project\Ti60F225_OV5640_Sobel_Stable\ip/DdrCtrl\DdrCtrl.sv (1460)" removed instance : ddr3_ctl_axi/u_efx_ddr3_soft_controller/genblk1.inst_ddr3_axi/inst_efx_ddr3/top_mc/controller_main/dffrs_2527/i52_rst_1
@ "D:\yilingsi_fpga\Efinity_Project\Ti60F225_OV5640_Sobel_Stable\ip/DdrCtrl\DdrCtrl.sv (1460)" representative instance : ddr3_ctl_axi/u_efx_ddr3_soft_controller/genblk1.inst_ddr3_axi/inst_efx_ddr3/top_mc/controller_main/dffrs_2527/i10_rst_1
FF|OPT : Flip-flop optimization by equivalence checking
@ "D:\yilingsi_fpga\Efinity_Project\Ti60F225_OV5640_Sobel_Stable\ip/DdrCtrl\DdrCtrl.sv (1460)" removed instance : ddr3_ctl_axi/u_efx_ddr3_soft_controller/genblk1.inst_ddr3_axi/inst_efx_ddr3/top_mc/controller_main/dffrs_2527/i52_rst_2
@ "D:\yilingsi_fpga\Efinity_Project\Ti60F225_OV5640_Sobel_Stable\ip/DdrCtrl\DdrCtrl.sv (1460)" representative instance : ddr3_ctl_axi/u_efx_ddr3_soft_controller/genblk1.inst_ddr3_axi/inst_efx_ddr3/top_mc/controller_main/dffrs_2527/i10_rst_2
FF|OPT : Flip-flop optimization by equivalence checking
@ "D:\yilingsi_fpga\Efinity_Project\Ti60F225_OV5640_Sobel_Stable\ip/DdrCtrl\DdrCtrl.sv (1460)" removed instance : ddr3_ctl_axi/u_efx_ddr3_soft_controller/genblk1.inst_ddr3_axi/inst_efx_ddr3/top_mc/controller_main/dffrs_2527/i52_rst_3
@ "D:\yilingsi_fpga\Efinity_Project\Ti60F225_OV5640_Sobel_Stable\ip/DdrCtrl\DdrCtrl.sv (1460)" representative instance : ddr3_ctl_axi/u_efx_ddr3_soft_controller/genblk1.inst_ddr3_axi/inst_efx_ddr3/top_mc/controller_main/dffrs_2527/i10_rst_3
FF|OPT : Flip-flop optimization by equivalence checking
@ "D:\yilingsi_fpga\Efinity_Project\Ti60F225_OV5640_Sobel_Stable\ip/DdrCtrl\DdrCtrl.sv (1460)" removed instance : ddr3_ctl_axi/u_efx_ddr3_soft_controller/genblk1.inst_ddr3_axi/inst_efx_ddr3/top_mc/controller_main/dffrs_2527/i51_rst_0
@ "D:\yilingsi_fpga\Efinity_Project\Ti60F225_OV5640_Sobel_Stable\ip/DdrCtrl\DdrCtrl.sv (1460)" representative instance : ddr3_ctl_axi/u_efx_ddr3_soft_controller/genblk1.inst_ddr3_axi/inst_efx_ddr3/top_mc/controller_main/dffrs_2527/i10_rst_0
FF|OPT : Flip-flop optimization by equivalence checking
@ "D:\yilingsi_fpga\Efinity_Project\Ti60F225_OV5640_Sobel_Stable\ip/DdrCtrl\DdrCtrl.sv (1460)" removed instance : ddr3_ctl_axi/u_efx_ddr3_soft_controller/genblk1.inst_ddr3_axi/inst_efx_ddr3/top_mc/controller_main/dffrs_2527/i51_rst_1
@ "D:\yilingsi_fpga\Efinity_Project\Ti60F225_OV5640_Sobel_Stable\ip/DdrCtrl\DdrCtrl.sv (1460)" representative instance : ddr3_ctl_axi/u_efx_ddr3_soft_controller/genblk1.inst_ddr3_axi/inst_efx_ddr3/top_mc/controller_main/dffrs_2527/i10_rst_1
FF|OPT : Flip-flop optimization by equivalence checking
@ "D:\yilingsi_fpga\Efinity_Project\Ti60F225_OV5640_Sobel_Stable\ip/DdrCtrl\DdrCtrl.sv (1460)" removed instance : ddr3_ctl_axi/u_efx_ddr3_soft_controller/genblk1.inst_ddr3_axi/inst_efx_ddr3/top_mc/controller_main/dffrs_2527/i51_rst_2
@ "D:\yilingsi_fpga\Efinity_Project\Ti60F225_OV5640_Sobel_Stable\ip/DdrCtrl\DdrCtrl.sv (1460)" representative instance : ddr3_ctl_axi/u_efx_ddr3_soft_controller/genblk1.inst_ddr3_axi/inst_efx_ddr3/top_mc/controller_main/dffrs_2527/i10_rst_2
FF|OPT : Flip-flop optimization by equivalence checking
@ "D:\yilingsi_fpga\Efinity_Project\Ti60F225_OV5640_Sobel_Stable\ip/DdrCtrl\DdrCtrl.sv (1460)" removed instance : ddr3_ctl_axi/u_efx_ddr3_soft_controller/genblk1.inst_ddr3_axi/inst_efx_ddr3/top_mc/controller_main/dffrs_2527/i51_rst_3
@ "D:\yilingsi_fpga\Efinity_Project\Ti60F225_OV5640_Sobel_Stable\ip/DdrCtrl\DdrCtrl.sv (1460)" representative instance : ddr3_ctl_axi/u_efx_ddr3_soft_controller/genblk1.inst_ddr3_axi/inst_efx_ddr3/top_mc/controller_main/dffrs_2527/i10_rst_3
FF|OPT : Flip-flop optimization by equivalence checking
@ "D:\yilingsi_fpga\Efinity_Project\Ti60F225_OV5640_Sobel_Stable\ip/DdrCtrl\DdrCtrl.sv (1460)" removed instance : ddr3_ctl_axi/u_efx_ddr3_soft_controller/genblk1.inst_ddr3_axi/inst_efx_ddr3/top_mc/controller_main/dffrs_2527/i5_rst_0
@ "D:\yilingsi_fpga\Efinity_Project\Ti60F225_OV5640_Sobel_Stable\ip/DdrCtrl\DdrCtrl.sv (1460)" representative instance : ddr3_ctl_axi/u_efx_ddr3_soft_controller/genblk1.inst_ddr3_axi/inst_efx_ddr3/top_mc/controller_main/dffrs_2527/i10_rst_0
FF|OPT : Flip-flop optimization by equivalence checking
@ "D:\yilingsi_fpga\Efinity_Project\Ti60F225_OV5640_Sobel_Stable\ip/DdrCtrl\DdrCtrl.sv (1460)" removed instance : ddr3_ctl_axi/u_efx_ddr3_soft_controller/genblk1.inst_ddr3_axi/inst_efx_ddr3/top_mc/controller_main/dffrs_2527/i5_rst_1
@ "D:\yilingsi_fpga\Efinity_Project\Ti60F225_OV5640_Sobel_Stable\ip/DdrCtrl\DdrCtrl.sv (1460)" representative instance : ddr3_ctl_axi/u_efx_ddr3_soft_controller/genblk1.inst_ddr3_axi/inst_efx_ddr3/top_mc/controller_main/dffrs_2527/i10_rst_1
FF|OPT : Flip-flop optimization by equivalence checking
@ "D:\yilingsi_fpga\Efinity_Project\Ti60F225_OV5640_Sobel_Stable\ip/DdrCtrl\DdrCtrl.sv (1460)" removed instance : ddr3_ctl_axi/u_efx_ddr3_soft_controller/genblk1.inst_ddr3_axi/inst_efx_ddr3/top_mc/controller_main/dffrs_2527/i5_rst_2
@ "D:\yilingsi_fpga\Efinity_Project\Ti60F225_OV5640_Sobel_Stable\ip/DdrCtrl\DdrCtrl.sv (1460)" representative instance : ddr3_ctl_axi/u_efx_ddr3_soft_controller/genblk1.inst_ddr3_axi/inst_efx_ddr3/top_mc/controller_main/dffrs_2527/i10_rst_2
FF|OPT : Flip-flop optimization by equivalence checking
@ "D:\yilingsi_fpga\Efinity_Project\Ti60F225_OV5640_Sobel_Stable\ip/DdrCtrl\DdrCtrl.sv (1460)" removed instance : ddr3_ctl_axi/u_efx_ddr3_soft_controller/genblk1.inst_ddr3_axi/inst_efx_ddr3/top_mc/controller_main/dffrs_2527/i5_rst_3
@ "D:\yilingsi_fpga\Efinity_Project\Ti60F225_OV5640_Sobel_Stable\ip/DdrCtrl\DdrCtrl.sv (1460)" representative instance : ddr3_ctl_axi/u_efx_ddr3_soft_controller/genblk1.inst_ddr3_axi/inst_efx_ddr3/top_mc/controller_main/dffrs_2527/i10_rst_3
FF|OPT : Flip-flop optimization by equivalence checking
@ "D:\yilingsi_fpga\Efinity_Project\Ti60F225_OV5640_Sobel_Stable\ip/DdrCtrl\DdrCtrl.sv (1460)" removed instance : ddr3_ctl_axi/u_efx_ddr3_soft_controller/genblk1.inst_ddr3_axi/inst_efx_ddr3/top_mc/controller_main/dffrs_2527/i50_rst_0
@ "D:\yilingsi_fpga\Efinity_Project\Ti60F225_OV5640_Sobel_Stable\ip/DdrCtrl\DdrCtrl.sv (1460)" representative instance : ddr3_ctl_axi/u_efx_ddr3_soft_controller/genblk1.inst_ddr3_axi/inst_efx_ddr3/top_mc/controller_main/dffrs_2527/i10_rst_0
FF|OPT : Flip-flop optimization by equivalence checking
@ "D:\yilingsi_fpga\Efinity_Project\Ti60F225_OV5640_Sobel_Stable\ip/DdrCtrl\DdrCtrl.sv (1460)" removed instance : ddr3_ctl_axi/u_efx_ddr3_soft_controller/genblk1.inst_ddr3_axi/inst_efx_ddr3/top_mc/controller_main/dffrs_2527/i50_rst_1
@ "D:\yilingsi_fpga\Efinity_Project\Ti60F225_OV5640_Sobel_Stable\ip/DdrCtrl\DdrCtrl.sv (1460)" representative instance : ddr3_ctl_axi/u_efx_ddr3_soft_controller/genblk1.inst_ddr3_axi/inst_efx_ddr3/top_mc/controller_main/dffrs_2527/i10_rst_1
FF|OPT : Flip-flop optimization by equivalence checking
@ "D:\yilingsi_fpga\Efinity_Project\Ti60F225_OV5640_Sobel_Stable\ip/DdrCtrl\DdrCtrl.sv (1460)" removed instance : ddr3_ctl_axi/u_efx_ddr3_soft_controller/genblk1.inst_ddr3_axi/inst_efx_ddr3/top_mc/controller_main/dffrs_2527/i50_rst_2
@ "D:\yilingsi_fpga\Efinity_Project\Ti60F225_OV5640_Sobel_Stable\ip/DdrCtrl\DdrCtrl.sv (1460)" representative instance : ddr3_ctl_axi/u_efx_ddr3_soft_controller/genblk1.inst_ddr3_axi/inst_efx_ddr3/top_mc/controller_main/dffrs_2527/i10_rst_2
FF|OPT : Flip-flop optimization by equivalence checking
@ "D:\yilingsi_fpga\Efinity_Project\Ti60F225_OV5640_Sobel_Stable\ip/DdrCtrl\DdrCtrl.sv (1460)" removed instance : ddr3_ctl_axi/u_efx_ddr3_soft_controller/genblk1.inst_ddr3_axi/inst_efx_ddr3/top_mc/controller_main/dffrs_2527/i50_rst_3
@ "D:\yilingsi_fpga\Efinity_Project\Ti60F225_OV5640_Sobel_Stable\ip/DdrCtrl\DdrCtrl.sv (1460)" representative instance : ddr3_ctl_axi/u_efx_ddr3_soft_controller/genblk1.inst_ddr3_axi/inst_efx_ddr3/top_mc/controller_main/dffrs_2527/i10_rst_3
FF|OPT : Flip-flop optimization by equivalence checking
@ "D:\yilingsi_fpga\Efinity_Project\Ti60F225_OV5640_Sobel_Stable\ip/DdrCtrl\DdrCtrl.sv (1460)" removed instance : ddr3_ctl_axi/u_efx_ddr3_soft_controller/genblk1.inst_ddr3_axi/inst_efx_ddr3/top_mc/controller_main/dffrs_2527/i49_rst_0
@ "D:\yilingsi_fpga\Efinity_Project\Ti60F225_OV5640_Sobel_Stable\ip/DdrCtrl\DdrCtrl.sv (1460)" representative instance : ddr3_ctl_axi/u_efx_ddr3_soft_controller/genblk1.inst_ddr3_axi/inst_efx_ddr3/top_mc/controller_main/dffrs_2527/i10_rst_0
FF|OPT : Flip-flop optimization by equivalence checking
@ "D:\yilingsi_fpga\Efinity_Project\Ti60F225_OV5640_Sobel_Stable\ip/DdrCtrl\DdrCtrl.sv (1460)" removed instance : ddr3_ctl_axi/u_efx_ddr3_soft_controller/genblk1.inst_ddr3_axi/inst_efx_ddr3/top_mc/controller_main/dffrs_2527/i49_rst_1
@ "D:\yilingsi_fpga\Efinity_Project\Ti60F225_OV5640_Sobel_Stable\ip/DdrCtrl\DdrCtrl.sv (1460)" representative instance : ddr3_ctl_axi/u_efx_ddr3_soft_controller/genblk1.inst_ddr3_axi/inst_efx_ddr3/top_mc/controller_main/dffrs_2527/i10_rst_1
FF|OPT : Flip-flop optimization by equivalence checking
@ "D:\yilingsi_fpga\Efinity_Project\Ti60F225_OV5640_Sobel_Stable\ip/DdrCtrl\DdrCtrl.sv (1460)" removed instance : ddr3_ctl_axi/u_efx_ddr3_soft_controller/genblk1.inst_ddr3_axi/inst_efx_ddr3/top_mc/controller_main/dffrs_2527/i49_rst_2
@ "D:\yilingsi_fpga\Efinity_Project\Ti60F225_OV5640_Sobel_Stable\ip/DdrCtrl\DdrCtrl.sv (1460)" representative instance : ddr3_ctl_axi/u_efx_ddr3_soft_controller/genblk1.inst_ddr3_axi/inst_efx_ddr3/top_mc/controller_main/dffrs_2527/i10_rst_2
FF|OPT : Flip-flop optimization by equivalence checking
@ "D:\yilingsi_fpga\Efinity_Project\Ti60F225_OV5640_Sobel_Stable\ip/DdrCtrl\DdrCtrl.sv (1460)" removed instance : ddr3_ctl_axi/u_efx_ddr3_soft_controller/genblk1.inst_ddr3_axi/inst_efx_ddr3/top_mc/controller_main/dffrs_2527/i49_rst_3
@ "D:\yilingsi_fpga\Efinity_Project\Ti60F225_OV5640_Sobel_Stable\ip/DdrCtrl\DdrCtrl.sv (1460)" representative instance : ddr3_ctl_axi/u_efx_ddr3_soft_controller/genblk1.inst_ddr3_axi/inst_efx_ddr3/top_mc/controller_main/dffrs_2527/i10_rst_3
FF|OPT : Flip-flop optimization by equivalence checking
@ "D:\yilingsi_fpga\Efinity_Project\Ti60F225_OV5640_Sobel_Stable\ip/DdrCtrl\DdrCtrl.sv (3274)" removed instance : ddr3_ctl_axi/u_efx_ddr3_soft_controller/genblk1.inst_ddr3_axi/inst_efx_ddr3/dff_734/i33
@ "D:\yilingsi_fpga\Efinity_Project\Ti60F225_OV5640_Sobel_Stable\ip/DdrCtrl\DdrCtrl.sv (3274)" representative instance : ddr3_ctl_axi/u_efx_ddr3_soft_controller/genblk1.inst_ddr3_axi/inst_efx_ddr3/dff_734/i3
FF|OPT : Flip-flop optimization by equivalence checking
@ "D:\yilingsi_fpga\Efinity_Project\Ti60F225_OV5640_Sobel_Stable\ip/DdrCtrl\DdrCtrl.sv (3274)" removed instance : ddr3_ctl_axi/u_efx_ddr3_soft_controller/genblk1.inst_ddr3_axi/inst_efx_ddr3/dff_734/i34
@ "D:\yilingsi_fpga\Efinity_Project\Ti60F225_OV5640_Sobel_Stable\ip/DdrCtrl\DdrCtrl.sv (3274)" representative instance : ddr3_ctl_axi/u_efx_ddr3_soft_controller/genblk1.inst_ddr3_axi/inst_efx_ddr3/dff_734/i81
FF|OPT : Flip-flop optimization by equivalence checking
@ "D:\yilingsi_fpga\Efinity_Project\Ti60F225_OV5640_Sobel_Stable\ip/DdrCtrl\DdrCtrl.sv (3274)" removed instance : ddr3_ctl_axi/u_efx_ddr3_soft_controller/genblk1.inst_ddr3_axi/inst_efx_ddr3/dff_734/i36
@ "D:\yilingsi_fpga\Efinity_Project\Ti60F225_OV5640_Sobel_Stable\ip/DdrCtrl\DdrCtrl.sv (3274)" representative instance : ddr3_ctl_axi/u_efx_ddr3_soft_controller/genblk1.inst_ddr3_axi/inst_efx_ddr3/dff_734/i1
FF|OPT : Flip-flop optimization by equivalence checking
@ "D:\yilingsi_fpga\Efinity_Project\Ti60F225_OV5640_Sobel_Stable\ip/DdrCtrl\DdrCtrl.sv (3274)" removed instance : ddr3_ctl_axi/u_efx_ddr3_soft_controller/genblk1.inst_ddr3_axi/inst_efx_ddr3/dff_734/i37
@ "D:\yilingsi_fpga\Efinity_Project\Ti60F225_OV5640_Sobel_Stable\ip/DdrCtrl\DdrCtrl.sv (3274)" representative instance : ddr3_ctl_axi/u_efx_ddr3_soft_controller/genblk1.inst_ddr3_axi/inst_efx_ddr3/dff_734/i3
FF|OPT : Flip-flop optimization by equivalence checking
@ "D:\yilingsi_fpga\Efinity_Project\Ti60F225_OV5640_Sobel_Stable\ip/DdrCtrl\DdrCtrl.sv (3274)" removed instance : ddr3_ctl_axi/u_efx_ddr3_soft_controller/genblk1.inst_ddr3_axi/inst_efx_ddr3/dff_734/i38
@ "D:\yilingsi_fpga\Efinity_Project\Ti60F225_OV5640_Sobel_Stable\ip/DdrCtrl\DdrCtrl.sv (3274)" representative instance : ddr3_ctl_axi/u_efx_ddr3_soft_controller/genblk1.inst_ddr3_axi/inst_efx_ddr3/dff_734/i81
FF|OPT : Flip-flop optimization by equivalence checking
@ "D:\yilingsi_fpga\Efinity_Project\Ti60F225_OV5640_Sobel_Stable\ip/DdrCtrl\DdrCtrl.sv (3274)" removed instance : ddr3_ctl_axi/u_efx_ddr3_soft_controller/genblk1.inst_ddr3_axi/inst_efx_ddr3/dff_734/i39
@ "D:\yilingsi_fpga\Efinity_Project\Ti60F225_OV5640_Sobel_Stable\ip/DdrCtrl\DdrCtrl.sv (3274)" representative instance : ddr3_ctl_axi/u_efx_ddr3_soft_controller/genblk1.inst_ddr3_axi/inst_efx_ddr3/dff_734/i63
FF|OPT : Flip-flop optimization by equivalence checking
@ "D:\yilingsi_fpga\Efinity_Project\Ti60F225_OV5640_Sobel_Stable\ip/DdrCtrl\DdrCtrl.sv (3274)" removed instance : ddr3_ctl_axi/u_efx_ddr3_soft_controller/genblk1.inst_ddr3_axi/inst_efx_ddr3/dff_734/i40
@ "D:\yilingsi_fpga\Efinity_Project\Ti60F225_OV5640_Sobel_Stable\ip/DdrCtrl\DdrCtrl.sv (3274)" representative instance : ddr3_ctl_axi/u_efx_ddr3_soft_controller/genblk1.inst_ddr3_axi/inst_efx_ddr3/dff_734/i2
FF|OPT : Flip-flop optimization by equivalence checking
@ "D:\yilingsi_fpga\Efinity_Project\Ti60F225_OV5640_Sobel_Stable\ip/DdrCtrl\DdrCtrl.sv (3274)" removed instance : ddr3_ctl_axi/u_efx_ddr3_soft_controller/genblk1.inst_ddr3_axi/inst_efx_ddr3/dff_734/i41
@ "D:\yilingsi_fpga\Efinity_Project\Ti60F225_OV5640_Sobel_Stable\ip/DdrCtrl\DdrCtrl.sv (3274)" representative instance : ddr3_ctl_axi/u_efx_ddr3_soft_controller/genblk1.inst_ddr3_axi/inst_efx_ddr3/dff_734/i5
FF|OPT : Flip-flop optimization by equivalence checking
@ "D:\yilingsi_fpga\Efinity_Project\Ti60F225_OV5640_Sobel_Stable\ip/DdrCtrl\DdrCtrl.sv (3274)" removed instance : ddr3_ctl_axi/u_efx_ddr3_soft_controller/genblk1.inst_ddr3_axi/inst_efx_ddr3/dff_734/i42
@ "D:\yilingsi_fpga\Efinity_Project\Ti60F225_OV5640_Sobel_Stable\ip/DdrCtrl\DdrCtrl.sv (3274)" representative instance : ddr3_ctl_axi/u_efx_ddr3_soft_controller/genblk1.inst_ddr3_axi/inst_efx_ddr3/dff_734/i89
FF|OPT : Flip-flop optimization by equivalence checking
@ "D:\yilingsi_fpga\Efinity_Project\Ti60F225_OV5640_Sobel_Stable\ip/DdrCtrl\DdrCtrl.sv (3274)" removed instance : ddr3_ctl_axi/u_efx_ddr3_soft_controller/genblk1.inst_ddr3_axi/inst_efx_ddr3/dff_734/i43
@ "D:\yilingsi_fpga\Efinity_Project\Ti60F225_OV5640_Sobel_Stable\ip/DdrCtrl\DdrCtrl.sv (3274)" representative instance : ddr3_ctl_axi/u_efx_ddr3_soft_controller/genblk1.inst_ddr3_axi/inst_efx_ddr3/dff_734/i63
FF|OPT : Flip-flop optimization by equivalence checking
@ "D:\yilingsi_fpga\Efinity_Project\Ti60F225_OV5640_Sobel_Stable\ip/DdrCtrl\DdrCtrl.sv (3274)" removed instance : ddr3_ctl_axi/u_efx_ddr3_soft_controller/genblk1.inst_ddr3_axi/inst_efx_ddr3/dff_734/i44
@ "D:\yilingsi_fpga\Efinity_Project\Ti60F225_OV5640_Sobel_Stable\ip/DdrCtrl\DdrCtrl.sv (3274)" representative instance : ddr3_ctl_axi/u_efx_ddr3_soft_controller/genblk1.inst_ddr3_axi/inst_efx_ddr3/dff_734/i2
FF|OPT : Flip-flop optimization by equivalence checking
@ "D:\yilingsi_fpga\Efinity_Project\Ti60F225_OV5640_Sobel_Stable\ip/DdrCtrl\DdrCtrl.sv (3274)" removed instance : ddr3_ctl_axi/u_efx_ddr3_soft_controller/genblk1.inst_ddr3_axi/inst_efx_ddr3/dff_734/i45
@ "D:\yilingsi_fpga\Efinity_Project\Ti60F225_OV5640_Sobel_Stable\ip/DdrCtrl\DdrCtrl.sv (3274)" representative instance : ddr3_ctl_axi/u_efx_ddr3_soft_controller/genblk1.inst_ddr3_axi/inst_efx_ddr3/dff_734/i2
FF|OPT : Flip-flop optimization by equivalence checking
@ "D:\yilingsi_fpga\Efinity_Project\Ti60F225_OV5640_Sobel_Stable\ip/DdrCtrl\DdrCtrl.sv (3274)" removed instance : ddr3_ctl_axi/u_efx_ddr3_soft_controller/genblk1.inst_ddr3_axi/inst_efx_ddr3/dff_734/i46
@ "D:\yilingsi_fpga\Efinity_Project\Ti60F225_OV5640_Sobel_Stable\ip/DdrCtrl\DdrCtrl.sv (3274)" representative instance : ddr3_ctl_axi/u_efx_ddr3_soft_controller/genblk1.inst_ddr3_axi/inst_efx_ddr3/dff_734/i89
FF|OPT : Flip-flop optimization by equivalence checking
@ "D:\yilingsi_fpga\Efinity_Project\Ti60F225_OV5640_Sobel_Stable\ip/DdrCtrl\DdrCtrl.sv (3274)" removed instance : ddr3_ctl_axi/u_efx_ddr3_soft_controller/genblk1.inst_ddr3_axi/inst_efx_ddr3/dff_734/i47
@ "D:\yilingsi_fpga\Efinity_Project\Ti60F225_OV5640_Sobel_Stable\ip/DdrCtrl\DdrCtrl.sv (3274)" representative instance : ddr3_ctl_axi/u_efx_ddr3_soft_controller/genblk1.inst_ddr3_axi/inst_efx_ddr3/dff_734/i8
FF|OPT : Flip-flop optimization by equivalence checking
@ "D:\yilingsi_fpga\Efinity_Project\Ti60F225_OV5640_Sobel_Stable\ip/DdrCtrl\DdrCtrl.sv (3274)" removed instance : ddr3_ctl_axi/u_efx_ddr3_soft_controller/genblk1.inst_ddr3_axi/inst_efx_ddr3/dff_734/i48
@ "D:\yilingsi_fpga\Efinity_Project\Ti60F225_OV5640_Sobel_Stable\ip/DdrCtrl\DdrCtrl.sv (3274)" representative instance : ddr3_ctl_axi/u_efx_ddr3_soft_controller/genblk1.inst_ddr3_axi/inst_efx_ddr3/dff_734/i3
FF|OPT : Flip-flop optimization by equivalence checking
@ "D:\yilingsi_fpga\Efinity_Project\Ti60F225_OV5640_Sobel_Stable\ip/DdrCtrl\DdrCtrl.sv (1460)" removed instance : ddr3_ctl_axi/u_efx_ddr3_soft_controller/genblk1.inst_ddr3_axi/inst_efx_ddr3/top_mc/controller_main/dffrs_2527/i48_rst_0
@ "D:\yilingsi_fpga\Efinity_Project\Ti60F225_OV5640_Sobel_Stable\ip/DdrCtrl\DdrCtrl.sv (1460)" representative instance : ddr3_ctl_axi/u_efx_ddr3_soft_controller/genblk1.inst_ddr3_axi/inst_efx_ddr3/top_mc/controller_main/dffrs_2527/i10_rst_0
FF|OPT : Flip-flop optimization by equivalence checking
@ "D:\yilingsi_fpga\Efinity_Project\Ti60F225_OV5640_Sobel_Stable\ip/DdrCtrl\DdrCtrl.sv (1460)" removed instance : ddr3_ctl_axi/u_efx_ddr3_soft_controller/genblk1.inst_ddr3_axi/inst_efx_ddr3/top_mc/controller_main/dffrs_2527/i48_rst_1
@ "D:\yilingsi_fpga\Efinity_Project\Ti60F225_OV5640_Sobel_Stable\ip/DdrCtrl\DdrCtrl.sv (1460)" representative instance : ddr3_ctl_axi/u_efx_ddr3_soft_controller/genblk1.inst_ddr3_axi/inst_efx_ddr3/top_mc/controller_main/dffrs_2527/i10_rst_1
FF|OPT : Flip-flop optimization by equivalence checking
@ "D:\yilingsi_fpga\Efinity_Project\Ti60F225_OV5640_Sobel_Stable\ip/DdrCtrl\DdrCtrl.sv (1460)" removed instance : ddr3_ctl_axi/u_efx_ddr3_soft_controller/genblk1.inst_ddr3_axi/inst_efx_ddr3/top_mc/controller_main/dffrs_2527/i48_rst_2
@ "D:\yilingsi_fpga\Efinity_Project\Ti60F225_OV5640_Sobel_Stable\ip/DdrCtrl\DdrCtrl.sv (1460)" representative instance : ddr3_ctl_axi/u_efx_ddr3_soft_controller/genblk1.inst_ddr3_axi/inst_efx_ddr3/top_mc/controller_main/dffrs_2527/i10_rst_2
FF|OPT : Flip-flop optimization by equivalence checking
@ "D:\yilingsi_fpga\Efinity_Project\Ti60F225_OV5640_Sobel_Stable\ip/DdrCtrl\DdrCtrl.sv (1460)" removed instance : ddr3_ctl_axi/u_efx_ddr3_soft_controller/genblk1.inst_ddr3_axi/inst_efx_ddr3/top_mc/controller_main/dffrs_2527/i48_rst_3
@ "D:\yilingsi_fpga\Efinity_Project\Ti60F225_OV5640_Sobel_Stable\ip/DdrCtrl\DdrCtrl.sv (1460)" representative instance : ddr3_ctl_axi/u_efx_ddr3_soft_controller/genblk1.inst_ddr3_axi/inst_efx_ddr3/top_mc/controller_main/dffrs_2527/i10_rst_3
FF|OPT : Flip-flop optimization by equivalence checking
@ "D:\yilingsi_fpga\Efinity_Project\Ti60F225_OV5640_Sobel_Stable\ip/DdrCtrl\DdrCtrl.sv (1460)" removed instance : ddr3_ctl_axi/u_efx_ddr3_soft_controller/genblk1.inst_ddr3_axi/inst_efx_ddr3/top_mc/controller_main/dffrs_2527/i47_rst_0
@ "D:\yilingsi_fpga\Efinity_Project\Ti60F225_OV5640_Sobel_Stable\ip/DdrCtrl\DdrCtrl.sv (1460)" representative instance : ddr3_ctl_axi/u_efx_ddr3_soft_controller/genblk1.inst_ddr3_axi/inst_efx_ddr3/top_mc/controller_main/dffrs_2527/i10_rst_0
FF|OPT : Flip-flop optimization by equivalence checking
@ "D:\yilingsi_fpga\Efinity_Project\Ti60F225_OV5640_Sobel_Stable\ip/DdrCtrl\DdrCtrl.sv (1460)" removed instance : ddr3_ctl_axi/u_efx_ddr3_soft_controller/genblk1.inst_ddr3_axi/inst_efx_ddr3/top_mc/controller_main/dffrs_2527/i47_rst_1
@ "D:\yilingsi_fpga\Efinity_Project\Ti60F225_OV5640_Sobel_Stable\ip/DdrCtrl\DdrCtrl.sv (1460)" representative instance : ddr3_ctl_axi/u_efx_ddr3_soft_controller/genblk1.inst_ddr3_axi/inst_efx_ddr3/top_mc/controller_main/dffrs_2527/i10_rst_1
FF|OPT : Flip-flop optimization by equivalence checking
@ "D:\yilingsi_fpga\Efinity_Project\Ti60F225_OV5640_Sobel_Stable\ip/DdrCtrl\DdrCtrl.sv (1460)" removed instance : ddr3_ctl_axi/u_efx_ddr3_soft_controller/genblk1.inst_ddr3_axi/inst_efx_ddr3/top_mc/controller_main/dffrs_2527/i47_rst_2
@ "D:\yilingsi_fpga\Efinity_Project\Ti60F225_OV5640_Sobel_Stable\ip/DdrCtrl\DdrCtrl.sv (1460)" representative instance : ddr3_ctl_axi/u_efx_ddr3_soft_controller/genblk1.inst_ddr3_axi/inst_efx_ddr3/top_mc/controller_main/dffrs_2527/i10_rst_2
FF|OPT : Flip-flop optimization by equivalence checking
@ "D:\yilingsi_fpga\Efinity_Project\Ti60F225_OV5640_Sobel_Stable\ip/DdrCtrl\DdrCtrl.sv (1460)" removed instance : ddr3_ctl_axi/u_efx_ddr3_soft_controller/genblk1.inst_ddr3_axi/inst_efx_ddr3/top_mc/controller_main/dffrs_2527/i47_rst_3
@ "D:\yilingsi_fpga\Efinity_Project\Ti60F225_OV5640_Sobel_Stable\ip/DdrCtrl\DdrCtrl.sv (1460)" representative instance : ddr3_ctl_axi/u_efx_ddr3_soft_controller/genblk1.inst_ddr3_axi/inst_efx_ddr3/top_mc/controller_main/dffrs_2527/i10_rst_3
FF|OPT : Flip-flop optimization by equivalence checking
@ "D:\yilingsi_fpga\Efinity_Project\Ti60F225_OV5640_Sobel_Stable\ip/DdrCtrl\DdrCtrl.sv (1460)" removed instance : ddr3_ctl_axi/u_efx_ddr3_soft_controller/genblk1.inst_ddr3_axi/inst_efx_ddr3/top_mc/controller_main/dffrs_2527/i46_rst_0
@ "D:\yilingsi_fpga\Efinity_Project\Ti60F225_OV5640_Sobel_Stable\ip/DdrCtrl\DdrCtrl.sv (1460)" representative instance : ddr3_ctl_axi/u_efx_ddr3_soft_controller/genblk1.inst_ddr3_axi/inst_efx_ddr3/top_mc/controller_main/dffrs_2527/i10_rst_0
FF|OPT : Flip-flop optimization by equivalence checking
@ "D:\yilingsi_fpga\Efinity_Project\Ti60F225_OV5640_Sobel_Stable\ip/DdrCtrl\DdrCtrl.sv (1460)" removed instance : ddr3_ctl_axi/u_efx_ddr3_soft_controller/genblk1.inst_ddr3_axi/inst_efx_ddr3/top_mc/controller_main/dffrs_2527/i46_rst_1
@ "D:\yilingsi_fpga\Efinity_Project\Ti60F225_OV5640_Sobel_Stable\ip/DdrCtrl\DdrCtrl.sv (1460)" representative instance : ddr3_ctl_axi/u_efx_ddr3_soft_controller/genblk1.inst_ddr3_axi/inst_efx_ddr3/top_mc/controller_main/dffrs_2527/i10_rst_1
FF|OPT : Flip-flop optimization by equivalence checking
@ "D:\yilingsi_fpga\Efinity_Project\Ti60F225_OV5640_Sobel_Stable\ip/DdrCtrl\DdrCtrl.sv (1460)" removed instance : ddr3_ctl_axi/u_efx_ddr3_soft_controller/genblk1.inst_ddr3_axi/inst_efx_ddr3/top_mc/controller_main/dffrs_2527/i46_rst_2
@ "D:\yilingsi_fpga\Efinity_Project\Ti60F225_OV5640_Sobel_Stable\ip/DdrCtrl\DdrCtrl.sv (1460)" representative instance : ddr3_ctl_axi/u_efx_ddr3_soft_controller/genblk1.inst_ddr3_axi/inst_efx_ddr3/top_mc/controller_main/dffrs_2527/i10_rst_2
FF|OPT : Flip-flop optimization by equivalence checking
@ "D:\yilingsi_fpga\Efinity_Project\Ti60F225_OV5640_Sobel_Stable\ip/DdrCtrl\DdrCtrl.sv (1460)" removed instance : ddr3_ctl_axi/u_efx_ddr3_soft_controller/genblk1.inst_ddr3_axi/inst_efx_ddr3/top_mc/controller_main/dffrs_2527/i46_rst_3
@ "D:\yilingsi_fpga\Efinity_Project\Ti60F225_OV5640_Sobel_Stable\ip/DdrCtrl\DdrCtrl.sv (1460)" representative instance : ddr3_ctl_axi/u_efx_ddr3_soft_controller/genblk1.inst_ddr3_axi/inst_efx_ddr3/top_mc/controller_main/dffrs_2527/i10_rst_3
FF|OPT : Flip-flop optimization by equivalence checking
@ "D:\yilingsi_fpga\Efinity_Project\Ti60F225_OV5640_Sobel_Stable\ip/DdrCtrl\DdrCtrl.sv (1460)" removed instance : ddr3_ctl_axi/u_efx_ddr3_soft_controller/genblk1.inst_ddr3_axi/inst_efx_ddr3/top_mc/controller_main/dffrs_2527/i45_rst_0
@ "D:\yilingsi_fpga\Efinity_Project\Ti60F225_OV5640_Sobel_Stable\ip/DdrCtrl\DdrCtrl.sv (1460)" representative instance : ddr3_ctl_axi/u_efx_ddr3_soft_controller/genblk1.inst_ddr3_axi/inst_efx_ddr3/top_mc/controller_main/dffrs_2527/i10_rst_0
FF|OPT : Flip-flop optimization by equivalence checking
@ "D:\yilingsi_fpga\Efinity_Project\Ti60F225_OV5640_Sobel_Stable\ip/DdrCtrl\DdrCtrl.sv (1460)" removed instance : ddr3_ctl_axi/u_efx_ddr3_soft_controller/genblk1.inst_ddr3_axi/inst_efx_ddr3/top_mc/controller_main/dffrs_2527/i45_rst_1
@ "D:\yilingsi_fpga\Efinity_Project\Ti60F225_OV5640_Sobel_Stable\ip/DdrCtrl\DdrCtrl.sv (1460)" representative instance : ddr3_ctl_axi/u_efx_ddr3_soft_controller/genblk1.inst_ddr3_axi/inst_efx_ddr3/top_mc/controller_main/dffrs_2527/i10_rst_1
FF|OPT : Flip-flop optimization by equivalence checking
@ "D:\yilingsi_fpga\Efinity_Project\Ti60F225_OV5640_Sobel_Stable\ip/DdrCtrl\DdrCtrl.sv (1460)" removed instance : ddr3_ctl_axi/u_efx_ddr3_soft_controller/genblk1.inst_ddr3_axi/inst_efx_ddr3/top_mc/controller_main/dffrs_2527/i45_rst_2
@ "D:\yilingsi_fpga\Efinity_Project\Ti60F225_OV5640_Sobel_Stable\ip/DdrCtrl\DdrCtrl.sv (1460)" representative instance : ddr3_ctl_axi/u_efx_ddr3_soft_controller/genblk1.inst_ddr3_axi/inst_efx_ddr3/top_mc/controller_main/dffrs_2527/i10_rst_2
FF|OPT : Flip-flop optimization by equivalence checking
@ "D:\yilingsi_fpga\Efinity_Project\Ti60F225_OV5640_Sobel_Stable\ip/DdrCtrl\DdrCtrl.sv (1460)" removed instance : ddr3_ctl_axi/u_efx_ddr3_soft_controller/genblk1.inst_ddr3_axi/inst_efx_ddr3/top_mc/controller_main/dffrs_2527/i45_rst_3
@ "D:\yilingsi_fpga\Efinity_Project\Ti60F225_OV5640_Sobel_Stable\ip/DdrCtrl\DdrCtrl.sv (1460)" representative instance : ddr3_ctl_axi/u_efx_ddr3_soft_controller/genblk1.inst_ddr3_axi/inst_efx_ddr3/top_mc/controller_main/dffrs_2527/i10_rst_3
FF|OPT : Flip-flop optimization by equivalence checking
@ "D:\yilingsi_fpga\Efinity_Project\Ti60F225_OV5640_Sobel_Stable\ip/DdrCtrl\DdrCtrl.sv (1460)" removed instance : ddr3_ctl_axi/u_efx_ddr3_soft_controller/genblk1.inst_ddr3_axi/inst_efx_ddr3/top_mc/controller_main/dffrs_2527/i44_rst_0
@ "D:\yilingsi_fpga\Efinity_Project\Ti60F225_OV5640_Sobel_Stable\ip/DdrCtrl\DdrCtrl.sv (1460)" representative instance : ddr3_ctl_axi/u_efx_ddr3_soft_controller/genblk1.inst_ddr3_axi/inst_efx_ddr3/top_mc/controller_main/dffrs_2527/i10_rst_0
FF|OPT : Flip-flop optimization by equivalence checking
@ "D:\yilingsi_fpga\Efinity_Project\Ti60F225_OV5640_Sobel_Stable\ip/DdrCtrl\DdrCtrl.sv (1460)" removed instance : ddr3_ctl_axi/u_efx_ddr3_soft_controller/genblk1.inst_ddr3_axi/inst_efx_ddr3/top_mc/controller_main/dffrs_2527/i44_rst_1
@ "D:\yilingsi_fpga\Efinity_Project\Ti60F225_OV5640_Sobel_Stable\ip/DdrCtrl\DdrCtrl.sv (1460)" representative instance : ddr3_ctl_axi/u_efx_ddr3_soft_controller/genblk1.inst_ddr3_axi/inst_efx_ddr3/top_mc/controller_main/dffrs_2527/i10_rst_1
FF|OPT : Flip-flop optimization by equivalence checking
@ "D:\yilingsi_fpga\Efinity_Project\Ti60F225_OV5640_Sobel_Stable\ip/DdrCtrl\DdrCtrl.sv (1460)" removed instance : ddr3_ctl_axi/u_efx_ddr3_soft_controller/genblk1.inst_ddr3_axi/inst_efx_ddr3/top_mc/controller_main/dffrs_2527/i44_rst_2
@ "D:\yilingsi_fpga\Efinity_Project\Ti60F225_OV5640_Sobel_Stable\ip/DdrCtrl\DdrCtrl.sv (1460)" representative instance : ddr3_ctl_axi/u_efx_ddr3_soft_controller/genblk1.inst_ddr3_axi/inst_efx_ddr3/top_mc/controller_main/dffrs_2527/i10_rst_2
FF|OPT : Flip-flop optimization by equivalence checking
@ "D:\yilingsi_fpga\Efinity_Project\Ti60F225_OV5640_Sobel_Stable\ip/DdrCtrl\DdrCtrl.sv (1460)" removed instance : ddr3_ctl_axi/u_efx_ddr3_soft_controller/genblk1.inst_ddr3_axi/inst_efx_ddr3/top_mc/controller_main/dffrs_2527/i44_rst_3
@ "D:\yilingsi_fpga\Efinity_Project\Ti60F225_OV5640_Sobel_Stable\ip/DdrCtrl\DdrCtrl.sv (1460)" representative instance : ddr3_ctl_axi/u_efx_ddr3_soft_controller/genblk1.inst_ddr3_axi/inst_efx_ddr3/top_mc/controller_main/dffrs_2527/i10_rst_3
FF|OPT : Flip-flop optimization by equivalence checking
@ "D:\yilingsi_fpga\Efinity_Project\Ti60F225_OV5640_Sobel_Stable\ip/DdrCtrl\DdrCtrl.sv (1460)" removed instance : ddr3_ctl_axi/u_efx_ddr3_soft_controller/genblk1.inst_ddr3_axi/inst_efx_ddr3/top_mc/controller_main/dffrs_2527/i43_rst_0
@ "D:\yilingsi_fpga\Efinity_Project\Ti60F225_OV5640_Sobel_Stable\ip/DdrCtrl\DdrCtrl.sv (1460)" representative instance : ddr3_ctl_axi/u_efx_ddr3_soft_controller/genblk1.inst_ddr3_axi/inst_efx_ddr3/top_mc/controller_main/dffrs_2527/i10_rst_0
FF|OPT : Flip-flop optimization by equivalence checking
@ "D:\yilingsi_fpga\Efinity_Project\Ti60F225_OV5640_Sobel_Stable\ip/DdrCtrl\DdrCtrl.sv (1460)" removed instance : ddr3_ctl_axi/u_efx_ddr3_soft_controller/genblk1.inst_ddr3_axi/inst_efx_ddr3/top_mc/controller_main/dffrs_2527/i43_rst_1
@ "D:\yilingsi_fpga\Efinity_Project\Ti60F225_OV5640_Sobel_Stable\ip/DdrCtrl\DdrCtrl.sv (1460)" representative instance : ddr3_ctl_axi/u_efx_ddr3_soft_controller/genblk1.inst_ddr3_axi/inst_efx_ddr3/top_mc/controller_main/dffrs_2527/i10_rst_1
FF|OPT : Flip-flop optimization by equivalence checking
@ "D:\yilingsi_fpga\Efinity_Project\Ti60F225_OV5640_Sobel_Stable\ip/DdrCtrl\DdrCtrl.sv (1460)" removed instance : ddr3_ctl_axi/u_efx_ddr3_soft_controller/genblk1.inst_ddr3_axi/inst_efx_ddr3/top_mc/controller_main/dffrs_2527/i43_rst_2
@ "D:\yilingsi_fpga\Efinity_Project\Ti60F225_OV5640_Sobel_Stable\ip/DdrCtrl\DdrCtrl.sv (1460)" representative instance : ddr3_ctl_axi/u_efx_ddr3_soft_controller/genblk1.inst_ddr3_axi/inst_efx_ddr3/top_mc/controller_main/dffrs_2527/i10_rst_2
FF|OPT : Flip-flop optimization by equivalence checking
@ "D:\yilingsi_fpga\Efinity_Project\Ti60F225_OV5640_Sobel_Stable\ip/DdrCtrl\DdrCtrl.sv (1460)" removed instance : ddr3_ctl_axi/u_efx_ddr3_soft_controller/genblk1.inst_ddr3_axi/inst_efx_ddr3/top_mc/controller_main/dffrs_2527/i43_rst_3
@ "D:\yilingsi_fpga\Efinity_Project\Ti60F225_OV5640_Sobel_Stable\ip/DdrCtrl\DdrCtrl.sv (1460)" representative instance : ddr3_ctl_axi/u_efx_ddr3_soft_controller/genblk1.inst_ddr3_axi/inst_efx_ddr3/top_mc/controller_main/dffrs_2527/i10_rst_3
FF|OPT : Flip-flop optimization by equivalence checking
@ "D:\yilingsi_fpga\Efinity_Project\Ti60F225_OV5640_Sobel_Stable\ip/DdrCtrl\DdrCtrl.sv (1460)" removed instance : ddr3_ctl_axi/u_efx_ddr3_soft_controller/genblk1.inst_ddr3_axi/inst_efx_ddr3/top_mc/controller_main/dffrs_2527/i42_rst_0
@ "D:\yilingsi_fpga\Efinity_Project\Ti60F225_OV5640_Sobel_Stable\ip/DdrCtrl\DdrCtrl.sv (1460)" representative instance : ddr3_ctl_axi/u_efx_ddr3_soft_controller/genblk1.inst_ddr3_axi/inst_efx_ddr3/top_mc/controller_main/dffrs_2527/i10_rst_0
FF|OPT : Flip-flop optimization by equivalence checking
@ "D:\yilingsi_fpga\Efinity_Project\Ti60F225_OV5640_Sobel_Stable\ip/DdrCtrl\DdrCtrl.sv (1460)" removed instance : ddr3_ctl_axi/u_efx_ddr3_soft_controller/genblk1.inst_ddr3_axi/inst_efx_ddr3/top_mc/controller_main/dffrs_2527/i42_rst_1
@ "D:\yilingsi_fpga\Efinity_Project\Ti60F225_OV5640_Sobel_Stable\ip/DdrCtrl\DdrCtrl.sv (1460)" representative instance : ddr3_ctl_axi/u_efx_ddr3_soft_controller/genblk1.inst_ddr3_axi/inst_efx_ddr3/top_mc/controller_main/dffrs_2527/i10_rst_1
FF|OPT : Flip-flop optimization by equivalence checking
@ "D:\yilingsi_fpga\Efinity_Project\Ti60F225_OV5640_Sobel_Stable\ip/DdrCtrl\DdrCtrl.sv (1460)" removed instance : ddr3_ctl_axi/u_efx_ddr3_soft_controller/genblk1.inst_ddr3_axi/inst_efx_ddr3/top_mc/controller_main/dffrs_2527/i42_rst_2
@ "D:\yilingsi_fpga\Efinity_Project\Ti60F225_OV5640_Sobel_Stable\ip/DdrCtrl\DdrCtrl.sv (1460)" representative instance : ddr3_ctl_axi/u_efx_ddr3_soft_controller/genblk1.inst_ddr3_axi/inst_efx_ddr3/top_mc/controller_main/dffrs_2527/i10_rst_2
FF|OPT : Flip-flop optimization by equivalence checking
@ "D:\yilingsi_fpga\Efinity_Project\Ti60F225_OV5640_Sobel_Stable\ip/DdrCtrl\DdrCtrl.sv (1460)" removed instance : ddr3_ctl_axi/u_efx_ddr3_soft_controller/genblk1.inst_ddr3_axi/inst_efx_ddr3/top_mc/controller_main/dffrs_2527/i42_rst_3
@ "D:\yilingsi_fpga\Efinity_Project\Ti60F225_OV5640_Sobel_Stable\ip/DdrCtrl\DdrCtrl.sv (1460)" representative instance : ddr3_ctl_axi/u_efx_ddr3_soft_controller/genblk1.inst_ddr3_axi/inst_efx_ddr3/top_mc/controller_main/dffrs_2527/i10_rst_3
FF|OPT : Flip-flop optimization by equivalence checking
@ "D:\yilingsi_fpga\Efinity_Project\Ti60F225_OV5640_Sobel_Stable\ip/DdrCtrl\DdrCtrl.sv (1460)" removed instance : ddr3_ctl_axi/u_efx_ddr3_soft_controller/genblk1.inst_ddr3_axi/inst_efx_ddr3/top_mc/controller_main/dffrs_2527/i41_rst_0
@ "D:\yilingsi_fpga\Efinity_Project\Ti60F225_OV5640_Sobel_Stable\ip/DdrCtrl\DdrCtrl.sv (1460)" representative instance : ddr3_ctl_axi/u_efx_ddr3_soft_controller/genblk1.inst_ddr3_axi/inst_efx_ddr3/top_mc/controller_main/dffrs_2527/i10_rst_0
FF|OPT : Flip-flop optimization by equivalence checking
@ "D:\yilingsi_fpga\Efinity_Project\Ti60F225_OV5640_Sobel_Stable\ip/DdrCtrl\DdrCtrl.sv (1460)" removed instance : ddr3_ctl_axi/u_efx_ddr3_soft_controller/genblk1.inst_ddr3_axi/inst_efx_ddr3/top_mc/controller_main/dffrs_2527/i41_rst_1
@ "D:\yilingsi_fpga\Efinity_Project\Ti60F225_OV5640_Sobel_Stable\ip/DdrCtrl\DdrCtrl.sv (1460)" representative instance : ddr3_ctl_axi/u_efx_ddr3_soft_controller/genblk1.inst_ddr3_axi/inst_efx_ddr3/top_mc/controller_main/dffrs_2527/i10_rst_1
FF|OPT : Flip-flop optimization by equivalence checking
@ "D:\yilingsi_fpga\Efinity_Project\Ti60F225_OV5640_Sobel_Stable\ip/DdrCtrl\DdrCtrl.sv (1460)" removed instance : ddr3_ctl_axi/u_efx_ddr3_soft_controller/genblk1.inst_ddr3_axi/inst_efx_ddr3/top_mc/controller_main/dffrs_2527/i41_rst_2
@ "D:\yilingsi_fpga\Efinity_Project\Ti60F225_OV5640_Sobel_Stable\ip/DdrCtrl\DdrCtrl.sv (1460)" representative instance : ddr3_ctl_axi/u_efx_ddr3_soft_controller/genblk1.inst_ddr3_axi/inst_efx_ddr3/top_mc/controller_main/dffrs_2527/i10_rst_2
FF|OPT : Flip-flop optimization by equivalence checking
@ "D:\yilingsi_fpga\Efinity_Project\Ti60F225_OV5640_Sobel_Stable\ip/DdrCtrl\DdrCtrl.sv (1460)" removed instance : ddr3_ctl_axi/u_efx_ddr3_soft_controller/genblk1.inst_ddr3_axi/inst_efx_ddr3/top_mc/controller_main/dffrs_2527/i41_rst_3
@ "D:\yilingsi_fpga\Efinity_Project\Ti60F225_OV5640_Sobel_Stable\ip/DdrCtrl\DdrCtrl.sv (1460)" representative instance : ddr3_ctl_axi/u_efx_ddr3_soft_controller/genblk1.inst_ddr3_axi/inst_efx_ddr3/top_mc/controller_main/dffrs_2527/i10_rst_3
FF|OPT : Flip-flop optimization by equivalence checking
@ "D:\yilingsi_fpga\Efinity_Project\Ti60F225_OV5640_Sobel_Stable\ip/DdrCtrl\DdrCtrl.sv (1460)" removed instance : ddr3_ctl_axi/u_efx_ddr3_soft_controller/genblk1.inst_ddr3_axi/inst_efx_ddr3/top_mc/controller_main/dffrs_2527/i4_rst_0
@ "D:\yilingsi_fpga\Efinity_Project\Ti60F225_OV5640_Sobel_Stable\ip/DdrCtrl\DdrCtrl.sv (1460)" representative instance : ddr3_ctl_axi/u_efx_ddr3_soft_controller/genblk1.inst_ddr3_axi/inst_efx_ddr3/top_mc/controller_main/dffrs_2527/i10_rst_0
FF|OPT : Flip-flop optimization by equivalence checking
@ "D:\yilingsi_fpga\Efinity_Project\Ti60F225_OV5640_Sobel_Stable\ip/DdrCtrl\DdrCtrl.sv (1460)" removed instance : ddr3_ctl_axi/u_efx_ddr3_soft_controller/genblk1.inst_ddr3_axi/inst_efx_ddr3/top_mc/controller_main/dffrs_2527/i4_rst_1
@ "D:\yilingsi_fpga\Efinity_Project\Ti60F225_OV5640_Sobel_Stable\ip/DdrCtrl\DdrCtrl.sv (1460)" representative instance : ddr3_ctl_axi/u_efx_ddr3_soft_controller/genblk1.inst_ddr3_axi/inst_efx_ddr3/top_mc/controller_main/dffrs_2527/i10_rst_1
FF|OPT : Flip-flop optimization by equivalence checking
@ "D:\yilingsi_fpga\Efinity_Project\Ti60F225_OV5640_Sobel_Stable\ip/DdrCtrl\DdrCtrl.sv (1460)" removed instance : ddr3_ctl_axi/u_efx_ddr3_soft_controller/genblk1.inst_ddr3_axi/inst_efx_ddr3/top_mc/controller_main/dffrs_2527/i4_rst_2
@ "D:\yilingsi_fpga\Efinity_Project\Ti60F225_OV5640_Sobel_Stable\ip/DdrCtrl\DdrCtrl.sv (1460)" representative instance : ddr3_ctl_axi/u_efx_ddr3_soft_controller/genblk1.inst_ddr3_axi/inst_efx_ddr3/top_mc/controller_main/dffrs_2527/i10_rst_2
FF|OPT : Flip-flop optimization by equivalence checking
@ "D:\yilingsi_fpga\Efinity_Project\Ti60F225_OV5640_Sobel_Stable\ip/DdrCtrl\DdrCtrl.sv (1460)" removed instance : ddr3_ctl_axi/u_efx_ddr3_soft_controller/genblk1.inst_ddr3_axi/inst_efx_ddr3/top_mc/controller_main/dffrs_2527/i4_rst_3
@ "D:\yilingsi_fpga\Efinity_Project\Ti60F225_OV5640_Sobel_Stable\ip/DdrCtrl\DdrCtrl.sv (1460)" representative instance : ddr3_ctl_axi/u_efx_ddr3_soft_controller/genblk1.inst_ddr3_axi/inst_efx_ddr3/top_mc/controller_main/dffrs_2527/i10_rst_3
FF|OPT : Flip-flop optimization by equivalence checking
@ "D:\yilingsi_fpga\Efinity_Project\Ti60F225_OV5640_Sobel_Stable\ip/DdrCtrl\DdrCtrl.sv (1460)" removed instance : ddr3_ctl_axi/u_efx_ddr3_soft_controller/genblk1.inst_ddr3_axi/inst_efx_ddr3/top_mc/controller_main/dffrs_2527/i40_rst_0
@ "D:\yilingsi_fpga\Efinity_Project\Ti60F225_OV5640_Sobel_Stable\ip/DdrCtrl\DdrCtrl.sv (1460)" representative instance : ddr3_ctl_axi/u_efx_ddr3_soft_controller/genblk1.inst_ddr3_axi/inst_efx_ddr3/top_mc/controller_main/dffrs_2527/i10_rst_0
FF|OPT : Flip-flop optimization by equivalence checking
@ "D:\yilingsi_fpga\Efinity_Project\Ti60F225_OV5640_Sobel_Stable\ip/DdrCtrl\DdrCtrl.sv (1460)" removed instance : ddr3_ctl_axi/u_efx_ddr3_soft_controller/genblk1.inst_ddr3_axi/inst_efx_ddr3/top_mc/controller_main/dffrs_2527/i40_rst_1
@ "D:\yilingsi_fpga\Efinity_Project\Ti60F225_OV5640_Sobel_Stable\ip/DdrCtrl\DdrCtrl.sv (1460)" representative instance : ddr3_ctl_axi/u_efx_ddr3_soft_controller/genblk1.inst_ddr3_axi/inst_efx_ddr3/top_mc/controller_main/dffrs_2527/i10_rst_1
FF|OPT : Flip-flop optimization by equivalence checking
@ "D:\yilingsi_fpga\Efinity_Project\Ti60F225_OV5640_Sobel_Stable\ip/DdrCtrl\DdrCtrl.sv (1460)" removed instance : ddr3_ctl_axi/u_efx_ddr3_soft_controller/genblk1.inst_ddr3_axi/inst_efx_ddr3/top_mc/controller_main/dffrs_2527/i40_rst_2
@ "D:\yilingsi_fpga\Efinity_Project\Ti60F225_OV5640_Sobel_Stable\ip/DdrCtrl\DdrCtrl.sv (1460)" representative instance : ddr3_ctl_axi/u_efx_ddr3_soft_controller/genblk1.inst_ddr3_axi/inst_efx_ddr3/top_mc/controller_main/dffrs_2527/i10_rst_2
FF|OPT : Flip-flop optimization by equivalence checking
@ "D:\yilingsi_fpga\Efinity_Project\Ti60F225_OV5640_Sobel_Stable\ip/DdrCtrl\DdrCtrl.sv (1460)" removed instance : ddr3_ctl_axi/u_efx_ddr3_soft_controller/genblk1.inst_ddr3_axi/inst_efx_ddr3/top_mc/controller_main/dffrs_2527/i40_rst_3
@ "D:\yilingsi_fpga\Efinity_Project\Ti60F225_OV5640_Sobel_Stable\ip/DdrCtrl\DdrCtrl.sv (1460)" representative instance : ddr3_ctl_axi/u_efx_ddr3_soft_controller/genblk1.inst_ddr3_axi/inst_efx_ddr3/top_mc/controller_main/dffrs_2527/i10_rst_3
FF|OPT : Flip-flop optimization by equivalence checking
@ "D:\yilingsi_fpga\Efinity_Project\Ti60F225_OV5640_Sobel_Stable\ip/DdrCtrl\DdrCtrl.sv (1460)" removed instance : ddr3_ctl_axi/u_efx_ddr3_soft_controller/genblk1.inst_ddr3_axi/inst_efx_ddr3/top_mc/controller_main/dffrs_2527/i39_rst_0
@ "D:\yilingsi_fpga\Efinity_Project\Ti60F225_OV5640_Sobel_Stable\ip/DdrCtrl\DdrCtrl.sv (1460)" representative instance : ddr3_ctl_axi/u_efx_ddr3_soft_controller/genblk1.inst_ddr3_axi/inst_efx_ddr3/top_mc/controller_main/dffrs_2527/i10_rst_0
FF|OPT : Flip-flop optimization by equivalence checking
@ "D:\yilingsi_fpga\Efinity_Project\Ti60F225_OV5640_Sobel_Stable\ip/DdrCtrl\DdrCtrl.sv (1460)" removed instance : ddr3_ctl_axi/u_efx_ddr3_soft_controller/genblk1.inst_ddr3_axi/inst_efx_ddr3/top_mc/controller_main/dffrs_2527/i39_rst_1
@ "D:\yilingsi_fpga\Efinity_Project\Ti60F225_OV5640_Sobel_Stable\ip/DdrCtrl\DdrCtrl.sv (1460)" representative instance : ddr3_ctl_axi/u_efx_ddr3_soft_controller/genblk1.inst_ddr3_axi/inst_efx_ddr3/top_mc/controller_main/dffrs_2527/i10_rst_1
FF|OPT : Flip-flop optimization by equivalence checking
@ "D:\yilingsi_fpga\Efinity_Project\Ti60F225_OV5640_Sobel_Stable\ip/DdrCtrl\DdrCtrl.sv (1460)" removed instance : ddr3_ctl_axi/u_efx_ddr3_soft_controller/genblk1.inst_ddr3_axi/inst_efx_ddr3/top_mc/controller_main/dffrs_2527/i39_rst_2
@ "D:\yilingsi_fpga\Efinity_Project\Ti60F225_OV5640_Sobel_Stable\ip/DdrCtrl\DdrCtrl.sv (1460)" representative instance : ddr3_ctl_axi/u_efx_ddr3_soft_controller/genblk1.inst_ddr3_axi/inst_efx_ddr3/top_mc/controller_main/dffrs_2527/i10_rst_2
FF|OPT : Flip-flop optimization by equivalence checking
@ "D:\yilingsi_fpga\Efinity_Project\Ti60F225_OV5640_Sobel_Stable\ip/DdrCtrl\DdrCtrl.sv (1460)" removed instance : ddr3_ctl_axi/u_efx_ddr3_soft_controller/genblk1.inst_ddr3_axi/inst_efx_ddr3/top_mc/controller_main/dffrs_2527/i39_rst_3
@ "D:\yilingsi_fpga\Efinity_Project\Ti60F225_OV5640_Sobel_Stable\ip/DdrCtrl\DdrCtrl.sv (1460)" representative instance : ddr3_ctl_axi/u_efx_ddr3_soft_controller/genblk1.inst_ddr3_axi/inst_efx_ddr3/top_mc/controller_main/dffrs_2527/i10_rst_3
FF|OPT : Flip-flop optimization by equivalence checking
@ "D:\yilingsi_fpga\Efinity_Project\Ti60F225_OV5640_Sobel_Stable\ip/DdrCtrl\DdrCtrl.sv (1460)" removed instance : ddr3_ctl_axi/u_efx_ddr3_soft_controller/genblk1.inst_ddr3_axi/inst_efx_ddr3/top_mc/controller_main/dffrs_2527/i38_rst_0
@ "D:\yilingsi_fpga\Efinity_Project\Ti60F225_OV5640_Sobel_Stable\ip/DdrCtrl\DdrCtrl.sv (1460)" representative instance : ddr3_ctl_axi/u_efx_ddr3_soft_controller/genblk1.inst_ddr3_axi/inst_efx_ddr3/top_mc/controller_main/dffrs_2527/i10_rst_0
FF|OPT : Flip-flop optimization by equivalence checking
@ "D:\yilingsi_fpga\Efinity_Project\Ti60F225_OV5640_Sobel_Stable\ip/DdrCtrl\DdrCtrl.sv (1460)" removed instance : ddr3_ctl_axi/u_efx_ddr3_soft_controller/genblk1.inst_ddr3_axi/inst_efx_ddr3/top_mc/controller_main/dffrs_2527/i38_rst_1
@ "D:\yilingsi_fpga\Efinity_Project\Ti60F225_OV5640_Sobel_Stable\ip/DdrCtrl\DdrCtrl.sv (1460)" representative instance : ddr3_ctl_axi/u_efx_ddr3_soft_controller/genblk1.inst_ddr3_axi/inst_efx_ddr3/top_mc/controller_main/dffrs_2527/i10_rst_1
FF|OPT : Flip-flop optimization by equivalence checking
@ "D:\yilingsi_fpga\Efinity_Project\Ti60F225_OV5640_Sobel_Stable\ip/DdrCtrl\DdrCtrl.sv (1460)" removed instance : ddr3_ctl_axi/u_efx_ddr3_soft_controller/genblk1.inst_ddr3_axi/inst_efx_ddr3/top_mc/controller_main/dffrs_2527/i38_rst_2
@ "D:\yilingsi_fpga\Efinity_Project\Ti60F225_OV5640_Sobel_Stable\ip/DdrCtrl\DdrCtrl.sv (1460)" representative instance : ddr3_ctl_axi/u_efx_ddr3_soft_controller/genblk1.inst_ddr3_axi/inst_efx_ddr3/top_mc/controller_main/dffrs_2527/i10_rst_2
FF|OPT : Flip-flop optimization by equivalence checking
@ "D:\yilingsi_fpga\Efinity_Project\Ti60F225_OV5640_Sobel_Stable\ip/DdrCtrl\DdrCtrl.sv (1460)" removed instance : ddr3_ctl_axi/u_efx_ddr3_soft_controller/genblk1.inst_ddr3_axi/inst_efx_ddr3/top_mc/controller_main/dffrs_2527/i38_rst_3
@ "D:\yilingsi_fpga\Efinity_Project\Ti60F225_OV5640_Sobel_Stable\ip/DdrCtrl\DdrCtrl.sv (1460)" representative instance : ddr3_ctl_axi/u_efx_ddr3_soft_controller/genblk1.inst_ddr3_axi/inst_efx_ddr3/top_mc/controller_main/dffrs_2527/i10_rst_3
FF|OPT : Flip-flop optimization by equivalence checking
@ "D:\yilingsi_fpga\Efinity_Project\Ti60F225_OV5640_Sobel_Stable\ip/DdrCtrl\DdrCtrl.sv (1460)" removed instance : ddr3_ctl_axi/u_efx_ddr3_soft_controller/genblk1.inst_ddr3_axi/inst_efx_ddr3/top_mc/controller_main/dffrs_2527/i37_rst_0
@ "D:\yilingsi_fpga\Efinity_Project\Ti60F225_OV5640_Sobel_Stable\ip/DdrCtrl\DdrCtrl.sv (1460)" representative instance : ddr3_ctl_axi/u_efx_ddr3_soft_controller/genblk1.inst_ddr3_axi/inst_efx_ddr3/top_mc/controller_main/dffrs_2527/i10_rst_0
FF|OPT : Flip-flop optimization by equivalence checking
@ "D:\yilingsi_fpga\Efinity_Project\Ti60F225_OV5640_Sobel_Stable\ip/DdrCtrl\DdrCtrl.sv (1460)" removed instance : ddr3_ctl_axi/u_efx_ddr3_soft_controller/genblk1.inst_ddr3_axi/inst_efx_ddr3/top_mc/controller_main/dffrs_2527/i37_rst_1
@ "D:\yilingsi_fpga\Efinity_Project\Ti60F225_OV5640_Sobel_Stable\ip/DdrCtrl\DdrCtrl.sv (1460)" representative instance : ddr3_ctl_axi/u_efx_ddr3_soft_controller/genblk1.inst_ddr3_axi/inst_efx_ddr3/top_mc/controller_main/dffrs_2527/i10_rst_1
FF|OPT : Flip-flop optimization by equivalence checking
@ "D:\yilingsi_fpga\Efinity_Project\Ti60F225_OV5640_Sobel_Stable\ip/DdrCtrl\DdrCtrl.sv (1460)" removed instance : ddr3_ctl_axi/u_efx_ddr3_soft_controller/genblk1.inst_ddr3_axi/inst_efx_ddr3/top_mc/controller_main/dffrs_2527/i37_rst_2
@ "D:\yilingsi_fpga\Efinity_Project\Ti60F225_OV5640_Sobel_Stable\ip/DdrCtrl\DdrCtrl.sv (1460)" representative instance : ddr3_ctl_axi/u_efx_ddr3_soft_controller/genblk1.inst_ddr3_axi/inst_efx_ddr3/top_mc/controller_main/dffrs_2527/i10_rst_2
FF|OPT : Flip-flop optimization by equivalence checking
@ "D:\yilingsi_fpga\Efinity_Project\Ti60F225_OV5640_Sobel_Stable\ip/DdrCtrl\DdrCtrl.sv (1460)" removed instance : ddr3_ctl_axi/u_efx_ddr3_soft_controller/genblk1.inst_ddr3_axi/inst_efx_ddr3/top_mc/controller_main/dffrs_2527/i37_rst_3
@ "D:\yilingsi_fpga\Efinity_Project\Ti60F225_OV5640_Sobel_Stable\ip/DdrCtrl\DdrCtrl.sv (1460)" representative instance : ddr3_ctl_axi/u_efx_ddr3_soft_controller/genblk1.inst_ddr3_axi/inst_efx_ddr3/top_mc/controller_main/dffrs_2527/i10_rst_3
FF|OPT : Flip-flop optimization by equivalence checking
@ "D:\yilingsi_fpga\Efinity_Project\Ti60F225_OV5640_Sobel_Stable\ip/DdrCtrl\DdrCtrl.sv (1460)" removed instance : ddr3_ctl_axi/u_efx_ddr3_soft_controller/genblk1.inst_ddr3_axi/inst_efx_ddr3/top_mc/controller_main/dffrs_2527/i36_rst_0
@ "D:\yilingsi_fpga\Efinity_Project\Ti60F225_OV5640_Sobel_Stable\ip/DdrCtrl\DdrCtrl.sv (1460)" representative instance : ddr3_ctl_axi/u_efx_ddr3_soft_controller/genblk1.inst_ddr3_axi/inst_efx_ddr3/top_mc/controller_main/dffrs_2527/i10_rst_0
FF|OPT : Flip-flop optimization by equivalence checking
@ "D:\yilingsi_fpga\Efinity_Project\Ti60F225_OV5640_Sobel_Stable\ip/DdrCtrl\DdrCtrl.sv (1460)" removed instance : ddr3_ctl_axi/u_efx_ddr3_soft_controller/genblk1.inst_ddr3_axi/inst_efx_ddr3/top_mc/controller_main/dffrs_2527/i36_rst_1
@ "D:\yilingsi_fpga\Efinity_Project\Ti60F225_OV5640_Sobel_Stable\ip/DdrCtrl\DdrCtrl.sv (1460)" representative instance : ddr3_ctl_axi/u_efx_ddr3_soft_controller/genblk1.inst_ddr3_axi/inst_efx_ddr3/top_mc/controller_main/dffrs_2527/i10_rst_1
FF|OPT : Flip-flop optimization by equivalence checking
@ "D:\yilingsi_fpga\Efinity_Project\Ti60F225_OV5640_Sobel_Stable\ip/DdrCtrl\DdrCtrl.sv (1460)" removed instance : ddr3_ctl_axi/u_efx_ddr3_soft_controller/genblk1.inst_ddr3_axi/inst_efx_ddr3/top_mc/controller_main/dffrs_2527/i36_rst_2
@ "D:\yilingsi_fpga\Efinity_Project\Ti60F225_OV5640_Sobel_Stable\ip/DdrCtrl\DdrCtrl.sv (1460)" representative instance : ddr3_ctl_axi/u_efx_ddr3_soft_controller/genblk1.inst_ddr3_axi/inst_efx_ddr3/top_mc/controller_main/dffrs_2527/i10_rst_2
FF|OPT : Flip-flop optimization by equivalence checking
@ "D:\yilingsi_fpga\Efinity_Project\Ti60F225_OV5640_Sobel_Stable\ip/DdrCtrl\DdrCtrl.sv (1460)" removed instance : ddr3_ctl_axi/u_efx_ddr3_soft_controller/genblk1.inst_ddr3_axi/inst_efx_ddr3/top_mc/controller_main/dffrs_2527/i36_rst_3
@ "D:\yilingsi_fpga\Efinity_Project\Ti60F225_OV5640_Sobel_Stable\ip/DdrCtrl\DdrCtrl.sv (1460)" representative instance : ddr3_ctl_axi/u_efx_ddr3_soft_controller/genblk1.inst_ddr3_axi/inst_efx_ddr3/top_mc/controller_main/dffrs_2527/i10_rst_3
FF|OPT : Flip-flop optimization by equivalence checking
@ "D:\yilingsi_fpga\Efinity_Project\Ti60F225_OV5640_Sobel_Stable\ip/DdrCtrl\DdrCtrl.sv (1460)" removed instance : ddr3_ctl_axi/u_efx_ddr3_soft_controller/genblk1.inst_ddr3_axi/inst_efx_ddr3/top_mc/controller_main/dffrs_2527/i35_rst_0
@ "D:\yilingsi_fpga\Efinity_Project\Ti60F225_OV5640_Sobel_Stable\ip/DdrCtrl\DdrCtrl.sv (1460)" representative instance : ddr3_ctl_axi/u_efx_ddr3_soft_controller/genblk1.inst_ddr3_axi/inst_efx_ddr3/top_mc/controller_main/dffrs_2527/i10_rst_0
FF|OPT : Flip-flop optimization by equivalence checking
@ "D:\yilingsi_fpga\Efinity_Project\Ti60F225_OV5640_Sobel_Stable\ip/DdrCtrl\DdrCtrl.sv (1460)" removed instance : ddr3_ctl_axi/u_efx_ddr3_soft_controller/genblk1.inst_ddr3_axi/inst_efx_ddr3/top_mc/controller_main/dffrs_2527/i35_rst_1
@ "D:\yilingsi_fpga\Efinity_Project\Ti60F225_OV5640_Sobel_Stable\ip/DdrCtrl\DdrCtrl.sv (1460)" representative instance : ddr3_ctl_axi/u_efx_ddr3_soft_controller/genblk1.inst_ddr3_axi/inst_efx_ddr3/top_mc/controller_main/dffrs_2527/i10_rst_1
FF|OPT : Flip-flop optimization by equivalence checking
@ "D:\yilingsi_fpga\Efinity_Project\Ti60F225_OV5640_Sobel_Stable\ip/DdrCtrl\DdrCtrl.sv (1460)" removed instance : ddr3_ctl_axi/u_efx_ddr3_soft_controller/genblk1.inst_ddr3_axi/inst_efx_ddr3/top_mc/controller_main/dffrs_2527/i35_rst_2
@ "D:\yilingsi_fpga\Efinity_Project\Ti60F225_OV5640_Sobel_Stable\ip/DdrCtrl\DdrCtrl.sv (1460)" representative instance : ddr3_ctl_axi/u_efx_ddr3_soft_controller/genblk1.inst_ddr3_axi/inst_efx_ddr3/top_mc/controller_main/dffrs_2527/i10_rst_2
FF|OPT : Flip-flop optimization by equivalence checking
@ "D:\yilingsi_fpga\Efinity_Project\Ti60F225_OV5640_Sobel_Stable\ip/DdrCtrl\DdrCtrl.sv (1460)" removed instance : ddr3_ctl_axi/u_efx_ddr3_soft_controller/genblk1.inst_ddr3_axi/inst_efx_ddr3/top_mc/controller_main/dffrs_2527/i35_rst_3
@ "D:\yilingsi_fpga\Efinity_Project\Ti60F225_OV5640_Sobel_Stable\ip/DdrCtrl\DdrCtrl.sv (1460)" representative instance : ddr3_ctl_axi/u_efx_ddr3_soft_controller/genblk1.inst_ddr3_axi/inst_efx_ddr3/top_mc/controller_main/dffrs_2527/i10_rst_3
FF|OPT : Flip-flop optimization by equivalence checking
@ "D:\yilingsi_fpga\Efinity_Project\Ti60F225_OV5640_Sobel_Stable\ip/DdrCtrl\DdrCtrl.sv (1460)" removed instance : ddr3_ctl_axi/u_efx_ddr3_soft_controller/genblk1.inst_ddr3_axi/inst_efx_ddr3/top_mc/controller_main/dffrs_2527/i34_rst_0
@ "D:\yilingsi_fpga\Efinity_Project\Ti60F225_OV5640_Sobel_Stable\ip/DdrCtrl\DdrCtrl.sv (1460)" representative instance : ddr3_ctl_axi/u_efx_ddr3_soft_controller/genblk1.inst_ddr3_axi/inst_efx_ddr3/top_mc/controller_main/dffrs_2527/i10_rst_0
FF|OPT : Flip-flop optimization by equivalence checking
@ "D:\yilingsi_fpga\Efinity_Project\Ti60F225_OV5640_Sobel_Stable\ip/DdrCtrl\DdrCtrl.sv (1460)" removed instance : ddr3_ctl_axi/u_efx_ddr3_soft_controller/genblk1.inst_ddr3_axi/inst_efx_ddr3/top_mc/controller_main/dffrs_2527/i34_rst_1
@ "D:\yilingsi_fpga\Efinity_Project\Ti60F225_OV5640_Sobel_Stable\ip/DdrCtrl\DdrCtrl.sv (1460)" representative instance : ddr3_ctl_axi/u_efx_ddr3_soft_controller/genblk1.inst_ddr3_axi/inst_efx_ddr3/top_mc/controller_main/dffrs_2527/i10_rst_1
FF|OPT : Flip-flop optimization by equivalence checking
@ "D:\yilingsi_fpga\Efinity_Project\Ti60F225_OV5640_Sobel_Stable\ip/DdrCtrl\DdrCtrl.sv (1460)" removed instance : ddr3_ctl_axi/u_efx_ddr3_soft_controller/genblk1.inst_ddr3_axi/inst_efx_ddr3/top_mc/controller_main/dffrs_2527/i34_rst_2
@ "D:\yilingsi_fpga\Efinity_Project\Ti60F225_OV5640_Sobel_Stable\ip/DdrCtrl\DdrCtrl.sv (1460)" representative instance : ddr3_ctl_axi/u_efx_ddr3_soft_controller/genblk1.inst_ddr3_axi/inst_efx_ddr3/top_mc/controller_main/dffrs_2527/i10_rst_2
FF|OPT : Flip-flop optimization by equivalence checking
@ "D:\yilingsi_fpga\Efinity_Project\Ti60F225_OV5640_Sobel_Stable\ip/DdrCtrl\DdrCtrl.sv (1460)" removed instance : ddr3_ctl_axi/u_efx_ddr3_soft_controller/genblk1.inst_ddr3_axi/inst_efx_ddr3/top_mc/controller_main/dffrs_2527/i34_rst_3
@ "D:\yilingsi_fpga\Efinity_Project\Ti60F225_OV5640_Sobel_Stable\ip/DdrCtrl\DdrCtrl.sv (1460)" representative instance : ddr3_ctl_axi/u_efx_ddr3_soft_controller/genblk1.inst_ddr3_axi/inst_efx_ddr3/top_mc/controller_main/dffrs_2527/i10_rst_3
FF|OPT : Flip-flop optimization by equivalence checking
@ "D:\yilingsi_fpga\Efinity_Project\Ti60F225_OV5640_Sobel_Stable\ip/DdrCtrl\DdrCtrl.sv (1460)" removed instance : ddr3_ctl_axi/u_efx_ddr3_soft_controller/genblk1.inst_ddr3_axi/inst_efx_ddr3/top_mc/controller_main/dffrs_2527/i33_rst_0
@ "D:\yilingsi_fpga\Efinity_Project\Ti60F225_OV5640_Sobel_Stable\ip/DdrCtrl\DdrCtrl.sv (1460)" representative instance : ddr3_ctl_axi/u_efx_ddr3_soft_controller/genblk1.inst_ddr3_axi/inst_efx_ddr3/top_mc/controller_main/dffrs_2527/i10_rst_0
FF|OPT : Flip-flop optimization by equivalence checking
@ "D:\yilingsi_fpga\Efinity_Project\Ti60F225_OV5640_Sobel_Stable\ip/DdrCtrl\DdrCtrl.sv (1460)" removed instance : ddr3_ctl_axi/u_efx_ddr3_soft_controller/genblk1.inst_ddr3_axi/inst_efx_ddr3/top_mc/controller_main/dffrs_2527/i33_rst_1
@ "D:\yilingsi_fpga\Efinity_Project\Ti60F225_OV5640_Sobel_Stable\ip/DdrCtrl\DdrCtrl.sv (1460)" representative instance : ddr3_ctl_axi/u_efx_ddr3_soft_controller/genblk1.inst_ddr3_axi/inst_efx_ddr3/top_mc/controller_main/dffrs_2527/i10_rst_1
FF|OPT : Flip-flop optimization by equivalence checking
@ "D:\yilingsi_fpga\Efinity_Project\Ti60F225_OV5640_Sobel_Stable\ip/DdrCtrl\DdrCtrl.sv (1460)" removed instance : ddr3_ctl_axi/u_efx_ddr3_soft_controller/genblk1.inst_ddr3_axi/inst_efx_ddr3/top_mc/controller_main/dffrs_2527/i33_rst_2
@ "D:\yilingsi_fpga\Efinity_Project\Ti60F225_OV5640_Sobel_Stable\ip/DdrCtrl\DdrCtrl.sv (1460)" representative instance : ddr3_ctl_axi/u_efx_ddr3_soft_controller/genblk1.inst_ddr3_axi/inst_efx_ddr3/top_mc/controller_main/dffrs_2527/i10_rst_2
FF|OPT : Flip-flop optimization by equivalence checking
@ "D:\yilingsi_fpga\Efinity_Project\Ti60F225_OV5640_Sobel_Stable\ip/DdrCtrl\DdrCtrl.sv (1460)" removed instance : ddr3_ctl_axi/u_efx_ddr3_soft_controller/genblk1.inst_ddr3_axi/inst_efx_ddr3/top_mc/controller_main/dffrs_2527/i33_rst_3
@ "D:\yilingsi_fpga\Efinity_Project\Ti60F225_OV5640_Sobel_Stable\ip/DdrCtrl\DdrCtrl.sv (1460)" representative instance : ddr3_ctl_axi/u_efx_ddr3_soft_controller/genblk1.inst_ddr3_axi/inst_efx_ddr3/top_mc/controller_main/dffrs_2527/i10_rst_3
FF|OPT : Flip-flop optimization by equivalence checking
@ "D:\yilingsi_fpga\Efinity_Project\Ti60F225_OV5640_Sobel_Stable\ip/DdrCtrl\DdrCtrl.sv (3274)" removed instance : ddr3_ctl_axi/u_efx_ddr3_soft_controller/genblk1.inst_ddr3_axi/inst_efx_ddr3/dff_734/i17
@ "D:\yilingsi_fpga\Efinity_Project\Ti60F225_OV5640_Sobel_Stable\ip/DdrCtrl\DdrCtrl.sv (3274)" representative instance : ddr3_ctl_axi/u_efx_ddr3_soft_controller/genblk1.inst_ddr3_axi/inst_efx_ddr3/dff_734/i93
FF|OPT : Flip-flop optimization by equivalence checking
@ "D:\yilingsi_fpga\Efinity_Project\Ti60F225_OV5640_Sobel_Stable\ip/DdrCtrl\DdrCtrl.sv (3274)" removed instance : ddr3_ctl_axi/u_efx_ddr3_soft_controller/genblk1.inst_ddr3_axi/inst_efx_ddr3/dff_734/i18
@ "D:\yilingsi_fpga\Efinity_Project\Ti60F225_OV5640_Sobel_Stable\ip/DdrCtrl\DdrCtrl.sv (3274)" representative instance : ddr3_ctl_axi/u_efx_ddr3_soft_controller/genblk1.inst_ddr3_axi/inst_efx_ddr3/dff_734/i4
FF|OPT : Flip-flop optimization by equivalence checking
@ "D:\yilingsi_fpga\Efinity_Project\Ti60F225_OV5640_Sobel_Stable\ip/DdrCtrl\DdrCtrl.sv (3274)" removed instance : ddr3_ctl_axi/u_efx_ddr3_soft_controller/genblk1.inst_ddr3_axi/inst_efx_ddr3/dff_734/i19
@ "D:\yilingsi_fpga\Efinity_Project\Ti60F225_OV5640_Sobel_Stable\ip/DdrCtrl\DdrCtrl.sv (3274)" representative instance : ddr3_ctl_axi/u_efx_ddr3_soft_controller/genblk1.inst_ddr3_axi/inst_efx_ddr3/dff_734/i4
FF|OPT : Flip-flop optimization by equivalence checking
@ "D:\yilingsi_fpga\Efinity_Project\Ti60F225_OV5640_Sobel_Stable\ip/DdrCtrl\DdrCtrl.sv (3274)" removed instance : ddr3_ctl_axi/u_efx_ddr3_soft_controller/genblk1.inst_ddr3_axi/inst_efx_ddr3/dff_734/i20
@ "D:\yilingsi_fpga\Efinity_Project\Ti60F225_OV5640_Sobel_Stable\ip/DdrCtrl\DdrCtrl.sv (3274)" representative instance : ddr3_ctl_axi/u_efx_ddr3_soft_controller/genblk1.inst_ddr3_axi/inst_efx_ddr3/dff_734/i1
FF|OPT : Flip-flop optimization by equivalence checking
@ "D:\yilingsi_fpga\Efinity_Project\Ti60F225_OV5640_Sobel_Stable\ip/DdrCtrl\DdrCtrl.sv (3274)" removed instance : ddr3_ctl_axi/u_efx_ddr3_soft_controller/genblk1.inst_ddr3_axi/inst_efx_ddr3/dff_734/i21
@ "D:\yilingsi_fpga\Efinity_Project\Ti60F225_OV5640_Sobel_Stable\ip/DdrCtrl\DdrCtrl.sv (3274)" representative instance : ddr3_ctl_axi/u_efx_ddr3_soft_controller/genblk1.inst_ddr3_axi/inst_efx_ddr3/dff_734/i81
FF|OPT : Flip-flop optimization by equivalence checking
@ "D:\yilingsi_fpga\Efinity_Project\Ti60F225_OV5640_Sobel_Stable\ip/DdrCtrl\DdrCtrl.sv (3274)" removed instance : ddr3_ctl_axi/u_efx_ddr3_soft_controller/genblk1.inst_ddr3_axi/inst_efx_ddr3/dff_734/i22
@ "D:\yilingsi_fpga\Efinity_Project\Ti60F225_OV5640_Sobel_Stable\ip/DdrCtrl\DdrCtrl.sv (3274)" representative instance : ddr3_ctl_axi/u_efx_ddr3_soft_controller/genblk1.inst_ddr3_axi/inst_efx_ddr3/dff_734/i35
FF|OPT : Flip-flop optimization by equivalence checking
@ "D:\yilingsi_fpga\Efinity_Project\Ti60F225_OV5640_Sobel_Stable\ip/DdrCtrl\DdrCtrl.sv (3274)" removed instance : ddr3_ctl_axi/u_efx_ddr3_soft_controller/genblk1.inst_ddr3_axi/inst_efx_ddr3/dff_734/i23
@ "D:\yilingsi_fpga\Efinity_Project\Ti60F225_OV5640_Sobel_Stable\ip/DdrCtrl\DdrCtrl.sv (3274)" representative instance : ddr3_ctl_axi/u_efx_ddr3_soft_controller/genblk1.inst_ddr3_axi/inst_efx_ddr3/dff_734/i8
FF|OPT : Flip-flop optimization by equivalence checking
@ "D:\yilingsi_fpga\Efinity_Project\Ti60F225_OV5640_Sobel_Stable\ip/DdrCtrl\DdrCtrl.sv (3274)" removed instance : ddr3_ctl_axi/u_efx_ddr3_soft_controller/genblk1.inst_ddr3_axi/inst_efx_ddr3/dff_734/i24
@ "D:\yilingsi_fpga\Efinity_Project\Ti60F225_OV5640_Sobel_Stable\ip/DdrCtrl\DdrCtrl.sv (3274)" representative instance : ddr3_ctl_axi/u_efx_ddr3_soft_controller/genblk1.inst_ddr3_axi/inst_efx_ddr3/dff_734/i3
FF|OPT : Flip-flop optimization by equivalence checking
@ "D:\yilingsi_fpga\Efinity_Project\Ti60F225_OV5640_Sobel_Stable\ip/DdrCtrl\DdrCtrl.sv (3274)" removed instance : ddr3_ctl_axi/u_efx_ddr3_soft_controller/genblk1.inst_ddr3_axi/inst_efx_ddr3/dff_734/i25
@ "D:\yilingsi_fpga\Efinity_Project\Ti60F225_OV5640_Sobel_Stable\ip/DdrCtrl\DdrCtrl.sv (3274)" representative instance : ddr3_ctl_axi/u_efx_ddr3_soft_controller/genblk1.inst_ddr3_axi/inst_efx_ddr3/dff_734/i85
FF|OPT : Flip-flop optimization by equivalence checking
@ "D:\yilingsi_fpga\Efinity_Project\Ti60F225_OV5640_Sobel_Stable\ip/DdrCtrl\DdrCtrl.sv (3274)" removed instance : ddr3_ctl_axi/u_efx_ddr3_soft_controller/genblk1.inst_ddr3_axi/inst_efx_ddr3/dff_734/i26
@ "D:\yilingsi_fpga\Efinity_Project\Ti60F225_OV5640_Sobel_Stable\ip/DdrCtrl\DdrCtrl.sv (3274)" representative instance : ddr3_ctl_axi/u_efx_ddr3_soft_controller/genblk1.inst_ddr3_axi/inst_efx_ddr3/dff_734/i4
FF|OPT : Flip-flop optimization by equivalence checking
@ "D:\yilingsi_fpga\Efinity_Project\Ti60F225_OV5640_Sobel_Stable\ip/DdrCtrl\DdrCtrl.sv (3274)" removed instance : ddr3_ctl_axi/u_efx_ddr3_soft_controller/genblk1.inst_ddr3_axi/inst_efx_ddr3/dff_734/i27
@ "D:\yilingsi_fpga\Efinity_Project\Ti60F225_OV5640_Sobel_Stable\ip/DdrCtrl\DdrCtrl.sv (3274)" representative instance : ddr3_ctl_axi/u_efx_ddr3_soft_controller/genblk1.inst_ddr3_axi/inst_efx_ddr3/dff_734/i4
FF|OPT : Flip-flop optimization by equivalence checking
@ "D:\yilingsi_fpga\Efinity_Project\Ti60F225_OV5640_Sobel_Stable\ip/DdrCtrl\DdrCtrl.sv (3274)" removed instance : ddr3_ctl_axi/u_efx_ddr3_soft_controller/genblk1.inst_ddr3_axi/inst_efx_ddr3/dff_734/i28
@ "D:\yilingsi_fpga\Efinity_Project\Ti60F225_OV5640_Sobel_Stable\ip/DdrCtrl\DdrCtrl.sv (3274)" representative instance : ddr3_ctl_axi/u_efx_ddr3_soft_controller/genblk1.inst_ddr3_axi/inst_efx_ddr3/dff_734/i1
FF|OPT : Flip-flop optimization by equivalence checking
@ "D:\yilingsi_fpga\Efinity_Project\Ti60F225_OV5640_Sobel_Stable\ip/DdrCtrl\DdrCtrl.sv (3274)" removed instance : ddr3_ctl_axi/u_efx_ddr3_soft_controller/genblk1.inst_ddr3_axi/inst_efx_ddr3/dff_734/i29
@ "D:\yilingsi_fpga\Efinity_Project\Ti60F225_OV5640_Sobel_Stable\ip/DdrCtrl\DdrCtrl.sv (3274)" representative instance : ddr3_ctl_axi/u_efx_ddr3_soft_controller/genblk1.inst_ddr3_axi/inst_efx_ddr3/dff_734/i93
FF|OPT : Flip-flop optimization by equivalence checking
@ "D:\yilingsi_fpga\Efinity_Project\Ti60F225_OV5640_Sobel_Stable\ip/DdrCtrl\DdrCtrl.sv (3274)" removed instance : ddr3_ctl_axi/u_efx_ddr3_soft_controller/genblk1.inst_ddr3_axi/inst_efx_ddr3/dff_734/i30
@ "D:\yilingsi_fpga\Efinity_Project\Ti60F225_OV5640_Sobel_Stable\ip/DdrCtrl\DdrCtrl.sv (3274)" representative instance : ddr3_ctl_axi/u_efx_ddr3_soft_controller/genblk1.inst_ddr3_axi/inst_efx_ddr3/dff_734/i8
FF|OPT : Flip-flop optimization by equivalence checking
@ "D:\yilingsi_fpga\Efinity_Project\Ti60F225_OV5640_Sobel_Stable\ip/DdrCtrl\DdrCtrl.sv (3274)" removed instance : ddr3_ctl_axi/u_efx_ddr3_soft_controller/genblk1.inst_ddr3_axi/inst_efx_ddr3/dff_734/i31
@ "D:\yilingsi_fpga\Efinity_Project\Ti60F225_OV5640_Sobel_Stable\ip/DdrCtrl\DdrCtrl.sv (3274)" representative instance : ddr3_ctl_axi/u_efx_ddr3_soft_controller/genblk1.inst_ddr3_axi/inst_efx_ddr3/dff_734/i35
FF|OPT : Flip-flop optimization by equivalence checking
@ "D:\yilingsi_fpga\Efinity_Project\Ti60F225_OV5640_Sobel_Stable\ip/DdrCtrl\DdrCtrl.sv (3274)" removed instance : ddr3_ctl_axi/u_efx_ddr3_soft_controller/genblk1.inst_ddr3_axi/inst_efx_ddr3/dff_734/i32
@ "D:\yilingsi_fpga\Efinity_Project\Ti60F225_OV5640_Sobel_Stable\ip/DdrCtrl\DdrCtrl.sv (3274)" representative instance : ddr3_ctl_axi/u_efx_ddr3_soft_controller/genblk1.inst_ddr3_axi/inst_efx_ddr3/dff_734/i3
FF|OPT : Flip-flop optimization by equivalence checking
@ "D:\yilingsi_fpga\Efinity_Project\Ti60F225_OV5640_Sobel_Stable\ip/DdrCtrl\DdrCtrl.sv (1460)" removed instance : ddr3_ctl_axi/u_efx_ddr3_soft_controller/genblk1.inst_ddr3_axi/inst_efx_ddr3/top_mc/controller_main/dffrs_2527/i32_rst_0
@ "D:\yilingsi_fpga\Efinity_Project\Ti60F225_OV5640_Sobel_Stable\ip/DdrCtrl\DdrCtrl.sv (1460)" representative instance : ddr3_ctl_axi/u_efx_ddr3_soft_controller/genblk1.inst_ddr3_axi/inst_efx_ddr3/top_mc/controller_main/dffrs_2527/i10_rst_0
FF|OPT : Flip-flop optimization by equivalence checking
@ "D:\yilingsi_fpga\Efinity_Project\Ti60F225_OV5640_Sobel_Stable\ip/DdrCtrl\DdrCtrl.sv (1460)" removed instance : ddr3_ctl_axi/u_efx_ddr3_soft_controller/genblk1.inst_ddr3_axi/inst_efx_ddr3/top_mc/controller_main/dffrs_2527/i32_rst_1
@ "D:\yilingsi_fpga\Efinity_Project\Ti60F225_OV5640_Sobel_Stable\ip/DdrCtrl\DdrCtrl.sv (1460)" representative instance : ddr3_ctl_axi/u_efx_ddr3_soft_controller/genblk1.inst_ddr3_axi/inst_efx_ddr3/top_mc/controller_main/dffrs_2527/i10_rst_1
FF|OPT : Flip-flop optimization by equivalence checking
@ "D:\yilingsi_fpga\Efinity_Project\Ti60F225_OV5640_Sobel_Stable\ip/DdrCtrl\DdrCtrl.sv (1460)" removed instance : ddr3_ctl_axi/u_efx_ddr3_soft_controller/genblk1.inst_ddr3_axi/inst_efx_ddr3/top_mc/controller_main/dffrs_2527/i32_rst_2
@ "D:\yilingsi_fpga\Efinity_Project\Ti60F225_OV5640_Sobel_Stable\ip/DdrCtrl\DdrCtrl.sv (1460)" representative instance : ddr3_ctl_axi/u_efx_ddr3_soft_controller/genblk1.inst_ddr3_axi/inst_efx_ddr3/top_mc/controller_main/dffrs_2527/i10_rst_2
FF|OPT : Flip-flop optimization by equivalence checking
@ "D:\yilingsi_fpga\Efinity_Project\Ti60F225_OV5640_Sobel_Stable\ip/DdrCtrl\DdrCtrl.sv (1460)" removed instance : ddr3_ctl_axi/u_efx_ddr3_soft_controller/genblk1.inst_ddr3_axi/inst_efx_ddr3/top_mc/controller_main/dffrs_2527/i32_rst_3
@ "D:\yilingsi_fpga\Efinity_Project\Ti60F225_OV5640_Sobel_Stable\ip/DdrCtrl\DdrCtrl.sv (1460)" representative instance : ddr3_ctl_axi/u_efx_ddr3_soft_controller/genblk1.inst_ddr3_axi/inst_efx_ddr3/top_mc/controller_main/dffrs_2527/i10_rst_3
FF|OPT : Flip-flop optimization by equivalence checking
@ "D:\yilingsi_fpga\Efinity_Project\Ti60F225_OV5640_Sobel_Stable\ip/DdrCtrl\DdrCtrl.sv (1460)" removed instance : ddr3_ctl_axi/u_efx_ddr3_soft_controller/genblk1.inst_ddr3_axi/inst_efx_ddr3/top_mc/controller_main/dffrs_2527/i31_rst_0
@ "D:\yilingsi_fpga\Efinity_Project\Ti60F225_OV5640_Sobel_Stable\ip/DdrCtrl\DdrCtrl.sv (1460)" representative instance : ddr3_ctl_axi/u_efx_ddr3_soft_controller/genblk1.inst_ddr3_axi/inst_efx_ddr3/top_mc/controller_main/dffrs_2527/i10_rst_0
FF|OPT : Flip-flop optimization by equivalence checking
@ "D:\yilingsi_fpga\Efinity_Project\Ti60F225_OV5640_Sobel_Stable\ip/DdrCtrl\DdrCtrl.sv (1460)" removed instance : ddr3_ctl_axi/u_efx_ddr3_soft_controller/genblk1.inst_ddr3_axi/inst_efx_ddr3/top_mc/controller_main/dffrs_2527/i31_rst_1
@ "D:\yilingsi_fpga\Efinity_Project\Ti60F225_OV5640_Sobel_Stable\ip/DdrCtrl\DdrCtrl.sv (1460)" representative instance : ddr3_ctl_axi/u_efx_ddr3_soft_controller/genblk1.inst_ddr3_axi/inst_efx_ddr3/top_mc/controller_main/dffrs_2527/i10_rst_1
FF|OPT : Flip-flop optimization by equivalence checking
@ "D:\yilingsi_fpga\Efinity_Project\Ti60F225_OV5640_Sobel_Stable\ip/DdrCtrl\DdrCtrl.sv (1460)" removed instance : ddr3_ctl_axi/u_efx_ddr3_soft_controller/genblk1.inst_ddr3_axi/inst_efx_ddr3/top_mc/controller_main/dffrs_2527/i31_rst_2
@ "D:\yilingsi_fpga\Efinity_Project\Ti60F225_OV5640_Sobel_Stable\ip/DdrCtrl\DdrCtrl.sv (1460)" representative instance : ddr3_ctl_axi/u_efx_ddr3_soft_controller/genblk1.inst_ddr3_axi/inst_efx_ddr3/top_mc/controller_main/dffrs_2527/i10_rst_2
FF|OPT : Flip-flop optimization by equivalence checking
@ "D:\yilingsi_fpga\Efinity_Project\Ti60F225_OV5640_Sobel_Stable\ip/DdrCtrl\DdrCtrl.sv (1460)" removed instance : ddr3_ctl_axi/u_efx_ddr3_soft_controller/genblk1.inst_ddr3_axi/inst_efx_ddr3/top_mc/controller_main/dffrs_2527/i31_rst_3
@ "D:\yilingsi_fpga\Efinity_Project\Ti60F225_OV5640_Sobel_Stable\ip/DdrCtrl\DdrCtrl.sv (1460)" representative instance : ddr3_ctl_axi/u_efx_ddr3_soft_controller/genblk1.inst_ddr3_axi/inst_efx_ddr3/top_mc/controller_main/dffrs_2527/i10_rst_3
FF|OPT : Flip-flop optimization by equivalence checking
@ "D:\yilingsi_fpga\Efinity_Project\Ti60F225_OV5640_Sobel_Stable\ip/DdrCtrl\DdrCtrl.sv (1460)" removed instance : ddr3_ctl_axi/u_efx_ddr3_soft_controller/genblk1.inst_ddr3_axi/inst_efx_ddr3/top_mc/controller_main/dffrs_2527/i3_rst_0
@ "D:\yilingsi_fpga\Efinity_Project\Ti60F225_OV5640_Sobel_Stable\ip/DdrCtrl\DdrCtrl.sv (1460)" representative instance : ddr3_ctl_axi/u_efx_ddr3_soft_controller/genblk1.inst_ddr3_axi/inst_efx_ddr3/top_mc/controller_main/dffrs_2527/i10_rst_0
FF|OPT : Flip-flop optimization by equivalence checking
@ "D:\yilingsi_fpga\Efinity_Project\Ti60F225_OV5640_Sobel_Stable\ip/DdrCtrl\DdrCtrl.sv (1460)" removed instance : ddr3_ctl_axi/u_efx_ddr3_soft_controller/genblk1.inst_ddr3_axi/inst_efx_ddr3/top_mc/controller_main/dffrs_2527/i3_rst_1
@ "D:\yilingsi_fpga\Efinity_Project\Ti60F225_OV5640_Sobel_Stable\ip/DdrCtrl\DdrCtrl.sv (1460)" representative instance : ddr3_ctl_axi/u_efx_ddr3_soft_controller/genblk1.inst_ddr3_axi/inst_efx_ddr3/top_mc/controller_main/dffrs_2527/i10_rst_1
FF|OPT : Flip-flop optimization by equivalence checking
@ "D:\yilingsi_fpga\Efinity_Project\Ti60F225_OV5640_Sobel_Stable\ip/DdrCtrl\DdrCtrl.sv (1460)" removed instance : ddr3_ctl_axi/u_efx_ddr3_soft_controller/genblk1.inst_ddr3_axi/inst_efx_ddr3/top_mc/controller_main/dffrs_2527/i3_rst_2
@ "D:\yilingsi_fpga\Efinity_Project\Ti60F225_OV5640_Sobel_Stable\ip/DdrCtrl\DdrCtrl.sv (1460)" representative instance : ddr3_ctl_axi/u_efx_ddr3_soft_controller/genblk1.inst_ddr3_axi/inst_efx_ddr3/top_mc/controller_main/dffrs_2527/i10_rst_2
FF|OPT : Flip-flop optimization by equivalence checking
@ "D:\yilingsi_fpga\Efinity_Project\Ti60F225_OV5640_Sobel_Stable\ip/DdrCtrl\DdrCtrl.sv (1460)" removed instance : ddr3_ctl_axi/u_efx_ddr3_soft_controller/genblk1.inst_ddr3_axi/inst_efx_ddr3/top_mc/controller_main/dffrs_2527/i3_rst_3
@ "D:\yilingsi_fpga\Efinity_Project\Ti60F225_OV5640_Sobel_Stable\ip/DdrCtrl\DdrCtrl.sv (1460)" representative instance : ddr3_ctl_axi/u_efx_ddr3_soft_controller/genblk1.inst_ddr3_axi/inst_efx_ddr3/top_mc/controller_main/dffrs_2527/i10_rst_3
FF|OPT : Flip-flop optimization by equivalence checking
@ "D:\yilingsi_fpga\Efinity_Project\Ti60F225_OV5640_Sobel_Stable\ip/DdrCtrl\DdrCtrl.sv (1460)" removed instance : ddr3_ctl_axi/u_efx_ddr3_soft_controller/genblk1.inst_ddr3_axi/inst_efx_ddr3/top_mc/controller_main/dffrs_2527/i30_rst_0
@ "D:\yilingsi_fpga\Efinity_Project\Ti60F225_OV5640_Sobel_Stable\ip/DdrCtrl\DdrCtrl.sv (1460)" representative instance : ddr3_ctl_axi/u_efx_ddr3_soft_controller/genblk1.inst_ddr3_axi/inst_efx_ddr3/top_mc/controller_main/dffrs_2527/i10_rst_0
FF|OPT : Flip-flop optimization by equivalence checking
@ "D:\yilingsi_fpga\Efinity_Project\Ti60F225_OV5640_Sobel_Stable\ip/DdrCtrl\DdrCtrl.sv (1460)" removed instance : ddr3_ctl_axi/u_efx_ddr3_soft_controller/genblk1.inst_ddr3_axi/inst_efx_ddr3/top_mc/controller_main/dffrs_2527/i30_rst_1
@ "D:\yilingsi_fpga\Efinity_Project\Ti60F225_OV5640_Sobel_Stable\ip/DdrCtrl\DdrCtrl.sv (1460)" representative instance : ddr3_ctl_axi/u_efx_ddr3_soft_controller/genblk1.inst_ddr3_axi/inst_efx_ddr3/top_mc/controller_main/dffrs_2527/i10_rst_1
FF|OPT : Flip-flop optimization by equivalence checking
@ "D:\yilingsi_fpga\Efinity_Project\Ti60F225_OV5640_Sobel_Stable\ip/DdrCtrl\DdrCtrl.sv (1460)" removed instance : ddr3_ctl_axi/u_efx_ddr3_soft_controller/genblk1.inst_ddr3_axi/inst_efx_ddr3/top_mc/controller_main/dffrs_2527/i30_rst_2
@ "D:\yilingsi_fpga\Efinity_Project\Ti60F225_OV5640_Sobel_Stable\ip/DdrCtrl\DdrCtrl.sv (1460)" representative instance : ddr3_ctl_axi/u_efx_ddr3_soft_controller/genblk1.inst_ddr3_axi/inst_efx_ddr3/top_mc/controller_main/dffrs_2527/i10_rst_2
FF|OPT : Flip-flop optimization by equivalence checking
@ "D:\yilingsi_fpga\Efinity_Project\Ti60F225_OV5640_Sobel_Stable\ip/DdrCtrl\DdrCtrl.sv (1460)" removed instance : ddr3_ctl_axi/u_efx_ddr3_soft_controller/genblk1.inst_ddr3_axi/inst_efx_ddr3/top_mc/controller_main/dffrs_2527/i30_rst_3
@ "D:\yilingsi_fpga\Efinity_Project\Ti60F225_OV5640_Sobel_Stable\ip/DdrCtrl\DdrCtrl.sv (1460)" representative instance : ddr3_ctl_axi/u_efx_ddr3_soft_controller/genblk1.inst_ddr3_axi/inst_efx_ddr3/top_mc/controller_main/dffrs_2527/i10_rst_3
FF|OPT : Flip-flop optimization by equivalence checking
@ "D:\yilingsi_fpga\Efinity_Project\Ti60F225_OV5640_Sobel_Stable\ip/DdrCtrl\DdrCtrl.sv (1460)" removed instance : ddr3_ctl_axi/u_efx_ddr3_soft_controller/genblk1.inst_ddr3_axi/inst_efx_ddr3/top_mc/controller_main/dffrs_2527/i29_rst_0
@ "D:\yilingsi_fpga\Efinity_Project\Ti60F225_OV5640_Sobel_Stable\ip/DdrCtrl\DdrCtrl.sv (1460)" representative instance : ddr3_ctl_axi/u_efx_ddr3_soft_controller/genblk1.inst_ddr3_axi/inst_efx_ddr3/top_mc/controller_main/dffrs_2527/i10_rst_0
FF|OPT : Flip-flop optimization by equivalence checking
@ "D:\yilingsi_fpga\Efinity_Project\Ti60F225_OV5640_Sobel_Stable\ip/DdrCtrl\DdrCtrl.sv (1460)" removed instance : ddr3_ctl_axi/u_efx_ddr3_soft_controller/genblk1.inst_ddr3_axi/inst_efx_ddr3/top_mc/controller_main/dffrs_2527/i29_rst_1
@ "D:\yilingsi_fpga\Efinity_Project\Ti60F225_OV5640_Sobel_Stable\ip/DdrCtrl\DdrCtrl.sv (1460)" representative instance : ddr3_ctl_axi/u_efx_ddr3_soft_controller/genblk1.inst_ddr3_axi/inst_efx_ddr3/top_mc/controller_main/dffrs_2527/i10_rst_1
FF|OPT : Flip-flop optimization by equivalence checking
@ "D:\yilingsi_fpga\Efinity_Project\Ti60F225_OV5640_Sobel_Stable\ip/DdrCtrl\DdrCtrl.sv (1460)" removed instance : ddr3_ctl_axi/u_efx_ddr3_soft_controller/genblk1.inst_ddr3_axi/inst_efx_ddr3/top_mc/controller_main/dffrs_2527/i29_rst_2
@ "D:\yilingsi_fpga\Efinity_Project\Ti60F225_OV5640_Sobel_Stable\ip/DdrCtrl\DdrCtrl.sv (1460)" representative instance : ddr3_ctl_axi/u_efx_ddr3_soft_controller/genblk1.inst_ddr3_axi/inst_efx_ddr3/top_mc/controller_main/dffrs_2527/i10_rst_2
FF|OPT : Flip-flop optimization by equivalence checking
@ "D:\yilingsi_fpga\Efinity_Project\Ti60F225_OV5640_Sobel_Stable\ip/DdrCtrl\DdrCtrl.sv (1460)" removed instance : ddr3_ctl_axi/u_efx_ddr3_soft_controller/genblk1.inst_ddr3_axi/inst_efx_ddr3/top_mc/controller_main/dffrs_2527/i29_rst_3
@ "D:\yilingsi_fpga\Efinity_Project\Ti60F225_OV5640_Sobel_Stable\ip/DdrCtrl\DdrCtrl.sv (1460)" representative instance : ddr3_ctl_axi/u_efx_ddr3_soft_controller/genblk1.inst_ddr3_axi/inst_efx_ddr3/top_mc/controller_main/dffrs_2527/i10_rst_3
FF|OPT : Flip-flop optimization by equivalence checking
@ "D:\yilingsi_fpga\Efinity_Project\Ti60F225_OV5640_Sobel_Stable\ip/DdrCtrl\DdrCtrl.sv (1460)" removed instance : ddr3_ctl_axi/u_efx_ddr3_soft_controller/genblk1.inst_ddr3_axi/inst_efx_ddr3/top_mc/controller_main/dffrs_2527/i28_rst_0
@ "D:\yilingsi_fpga\Efinity_Project\Ti60F225_OV5640_Sobel_Stable\ip/DdrCtrl\DdrCtrl.sv (1460)" representative instance : ddr3_ctl_axi/u_efx_ddr3_soft_controller/genblk1.inst_ddr3_axi/inst_efx_ddr3/top_mc/controller_main/dffrs_2527/i10_rst_0
FF|OPT : Flip-flop optimization by equivalence checking
@ "D:\yilingsi_fpga\Efinity_Project\Ti60F225_OV5640_Sobel_Stable\ip/DdrCtrl\DdrCtrl.sv (1460)" removed instance : ddr3_ctl_axi/u_efx_ddr3_soft_controller/genblk1.inst_ddr3_axi/inst_efx_ddr3/top_mc/controller_main/dffrs_2527/i28_rst_1
@ "D:\yilingsi_fpga\Efinity_Project\Ti60F225_OV5640_Sobel_Stable\ip/DdrCtrl\DdrCtrl.sv (1460)" representative instance : ddr3_ctl_axi/u_efx_ddr3_soft_controller/genblk1.inst_ddr3_axi/inst_efx_ddr3/top_mc/controller_main/dffrs_2527/i10_rst_1
FF|OPT : Flip-flop optimization by equivalence checking
@ "D:\yilingsi_fpga\Efinity_Project\Ti60F225_OV5640_Sobel_Stable\ip/DdrCtrl\DdrCtrl.sv (1460)" removed instance : ddr3_ctl_axi/u_efx_ddr3_soft_controller/genblk1.inst_ddr3_axi/inst_efx_ddr3/top_mc/controller_main/dffrs_2527/i28_rst_2
@ "D:\yilingsi_fpga\Efinity_Project\Ti60F225_OV5640_Sobel_Stable\ip/DdrCtrl\DdrCtrl.sv (1460)" representative instance : ddr3_ctl_axi/u_efx_ddr3_soft_controller/genblk1.inst_ddr3_axi/inst_efx_ddr3/top_mc/controller_main/dffrs_2527/i10_rst_2
FF|OPT : Flip-flop optimization by equivalence checking
@ "D:\yilingsi_fpga\Efinity_Project\Ti60F225_OV5640_Sobel_Stable\ip/DdrCtrl\DdrCtrl.sv (1460)" removed instance : ddr3_ctl_axi/u_efx_ddr3_soft_controller/genblk1.inst_ddr3_axi/inst_efx_ddr3/top_mc/controller_main/dffrs_2527/i28_rst_3
@ "D:\yilingsi_fpga\Efinity_Project\Ti60F225_OV5640_Sobel_Stable\ip/DdrCtrl\DdrCtrl.sv (1460)" representative instance : ddr3_ctl_axi/u_efx_ddr3_soft_controller/genblk1.inst_ddr3_axi/inst_efx_ddr3/top_mc/controller_main/dffrs_2527/i10_rst_3
FF|OPT : Flip-flop optimization by equivalence checking
@ "D:\yilingsi_fpga\Efinity_Project\Ti60F225_OV5640_Sobel_Stable\ip/DdrCtrl\DdrCtrl.sv (1460)" removed instance : ddr3_ctl_axi/u_efx_ddr3_soft_controller/genblk1.inst_ddr3_axi/inst_efx_ddr3/top_mc/controller_main/dffrs_2527/i27_rst_0
@ "D:\yilingsi_fpga\Efinity_Project\Ti60F225_OV5640_Sobel_Stable\ip/DdrCtrl\DdrCtrl.sv (1460)" representative instance : ddr3_ctl_axi/u_efx_ddr3_soft_controller/genblk1.inst_ddr3_axi/inst_efx_ddr3/top_mc/controller_main/dffrs_2527/i10_rst_0
FF|OPT : Flip-flop optimization by equivalence checking
@ "D:\yilingsi_fpga\Efinity_Project\Ti60F225_OV5640_Sobel_Stable\ip/DdrCtrl\DdrCtrl.sv (1460)" removed instance : ddr3_ctl_axi/u_efx_ddr3_soft_controller/genblk1.inst_ddr3_axi/inst_efx_ddr3/top_mc/controller_main/dffrs_2527/i27_rst_1
@ "D:\yilingsi_fpga\Efinity_Project\Ti60F225_OV5640_Sobel_Stable\ip/DdrCtrl\DdrCtrl.sv (1460)" representative instance : ddr3_ctl_axi/u_efx_ddr3_soft_controller/genblk1.inst_ddr3_axi/inst_efx_ddr3/top_mc/controller_main/dffrs_2527/i10_rst_1
FF|OPT : Flip-flop optimization by equivalence checking
@ "D:\yilingsi_fpga\Efinity_Project\Ti60F225_OV5640_Sobel_Stable\ip/DdrCtrl\DdrCtrl.sv (1460)" removed instance : ddr3_ctl_axi/u_efx_ddr3_soft_controller/genblk1.inst_ddr3_axi/inst_efx_ddr3/top_mc/controller_main/dffrs_2527/i27_rst_2
@ "D:\yilingsi_fpga\Efinity_Project\Ti60F225_OV5640_Sobel_Stable\ip/DdrCtrl\DdrCtrl.sv (1460)" representative instance : ddr3_ctl_axi/u_efx_ddr3_soft_controller/genblk1.inst_ddr3_axi/inst_efx_ddr3/top_mc/controller_main/dffrs_2527/i10_rst_2
FF|OPT : Flip-flop optimization by equivalence checking
@ "D:\yilingsi_fpga\Efinity_Project\Ti60F225_OV5640_Sobel_Stable\ip/DdrCtrl\DdrCtrl.sv (1460)" removed instance : ddr3_ctl_axi/u_efx_ddr3_soft_controller/genblk1.inst_ddr3_axi/inst_efx_ddr3/top_mc/controller_main/dffrs_2527/i27_rst_3
@ "D:\yilingsi_fpga\Efinity_Project\Ti60F225_OV5640_Sobel_Stable\ip/DdrCtrl\DdrCtrl.sv (1460)" representative instance : ddr3_ctl_axi/u_efx_ddr3_soft_controller/genblk1.inst_ddr3_axi/inst_efx_ddr3/top_mc/controller_main/dffrs_2527/i10_rst_3
FF|OPT : Flip-flop optimization by equivalence checking
@ "D:\yilingsi_fpga\Efinity_Project\Ti60F225_OV5640_Sobel_Stable\ip/DdrCtrl\DdrCtrl.sv (1460)" removed instance : ddr3_ctl_axi/u_efx_ddr3_soft_controller/genblk1.inst_ddr3_axi/inst_efx_ddr3/top_mc/controller_main/dffrs_2527/i26_rst_0
@ "D:\yilingsi_fpga\Efinity_Project\Ti60F225_OV5640_Sobel_Stable\ip/DdrCtrl\DdrCtrl.sv (1460)" representative instance : ddr3_ctl_axi/u_efx_ddr3_soft_controller/genblk1.inst_ddr3_axi/inst_efx_ddr3/top_mc/controller_main/dffrs_2527/i10_rst_0
FF|OPT : Flip-flop optimization by equivalence checking
@ "D:\yilingsi_fpga\Efinity_Project\Ti60F225_OV5640_Sobel_Stable\ip/DdrCtrl\DdrCtrl.sv (1460)" removed instance : ddr3_ctl_axi/u_efx_ddr3_soft_controller/genblk1.inst_ddr3_axi/inst_efx_ddr3/top_mc/controller_main/dffrs_2527/i26_rst_1
@ "D:\yilingsi_fpga\Efinity_Project\Ti60F225_OV5640_Sobel_Stable\ip/DdrCtrl\DdrCtrl.sv (1460)" representative instance : ddr3_ctl_axi/u_efx_ddr3_soft_controller/genblk1.inst_ddr3_axi/inst_efx_ddr3/top_mc/controller_main/dffrs_2527/i10_rst_1
FF|OPT : Flip-flop optimization by equivalence checking
@ "D:\yilingsi_fpga\Efinity_Project\Ti60F225_OV5640_Sobel_Stable\ip/DdrCtrl\DdrCtrl.sv (1460)" removed instance : ddr3_ctl_axi/u_efx_ddr3_soft_controller/genblk1.inst_ddr3_axi/inst_efx_ddr3/top_mc/controller_main/dffrs_2527/i26_rst_2
@ "D:\yilingsi_fpga\Efinity_Project\Ti60F225_OV5640_Sobel_Stable\ip/DdrCtrl\DdrCtrl.sv (1460)" representative instance : ddr3_ctl_axi/u_efx_ddr3_soft_controller/genblk1.inst_ddr3_axi/inst_efx_ddr3/top_mc/controller_main/dffrs_2527/i10_rst_2
FF|OPT : Flip-flop optimization by equivalence checking
@ "D:\yilingsi_fpga\Efinity_Project\Ti60F225_OV5640_Sobel_Stable\ip/DdrCtrl\DdrCtrl.sv (1460)" removed instance : ddr3_ctl_axi/u_efx_ddr3_soft_controller/genblk1.inst_ddr3_axi/inst_efx_ddr3/top_mc/controller_main/dffrs_2527/i26_rst_3
@ "D:\yilingsi_fpga\Efinity_Project\Ti60F225_OV5640_Sobel_Stable\ip/DdrCtrl\DdrCtrl.sv (1460)" representative instance : ddr3_ctl_axi/u_efx_ddr3_soft_controller/genblk1.inst_ddr3_axi/inst_efx_ddr3/top_mc/controller_main/dffrs_2527/i10_rst_3
FF|OPT : Flip-flop optimization by equivalence checking
@ "D:\yilingsi_fpga\Efinity_Project\Ti60F225_OV5640_Sobel_Stable\ip/DdrCtrl\DdrCtrl.sv (1460)" removed instance : ddr3_ctl_axi/u_efx_ddr3_soft_controller/genblk1.inst_ddr3_axi/inst_efx_ddr3/top_mc/controller_main/dffrs_2527/i25_rst_0
@ "D:\yilingsi_fpga\Efinity_Project\Ti60F225_OV5640_Sobel_Stable\ip/DdrCtrl\DdrCtrl.sv (1460)" representative instance : ddr3_ctl_axi/u_efx_ddr3_soft_controller/genblk1.inst_ddr3_axi/inst_efx_ddr3/top_mc/controller_main/dffrs_2527/i10_rst_0
FF|OPT : Flip-flop optimization by equivalence checking
@ "D:\yilingsi_fpga\Efinity_Project\Ti60F225_OV5640_Sobel_Stable\ip/DdrCtrl\DdrCtrl.sv (1460)" removed instance : ddr3_ctl_axi/u_efx_ddr3_soft_controller/genblk1.inst_ddr3_axi/inst_efx_ddr3/top_mc/controller_main/dffrs_2527/i25_rst_1
@ "D:\yilingsi_fpga\Efinity_Project\Ti60F225_OV5640_Sobel_Stable\ip/DdrCtrl\DdrCtrl.sv (1460)" representative instance : ddr3_ctl_axi/u_efx_ddr3_soft_controller/genblk1.inst_ddr3_axi/inst_efx_ddr3/top_mc/controller_main/dffrs_2527/i10_rst_1
FF|OPT : Flip-flop optimization by equivalence checking
@ "D:\yilingsi_fpga\Efinity_Project\Ti60F225_OV5640_Sobel_Stable\ip/DdrCtrl\DdrCtrl.sv (1460)" removed instance : ddr3_ctl_axi/u_efx_ddr3_soft_controller/genblk1.inst_ddr3_axi/inst_efx_ddr3/top_mc/controller_main/dffrs_2527/i25_rst_2
@ "D:\yilingsi_fpga\Efinity_Project\Ti60F225_OV5640_Sobel_Stable\ip/DdrCtrl\DdrCtrl.sv (1460)" representative instance : ddr3_ctl_axi/u_efx_ddr3_soft_controller/genblk1.inst_ddr3_axi/inst_efx_ddr3/top_mc/controller_main/dffrs_2527/i10_rst_2
FF|OPT : Flip-flop optimization by equivalence checking
@ "D:\yilingsi_fpga\Efinity_Project\Ti60F225_OV5640_Sobel_Stable\ip/DdrCtrl\DdrCtrl.sv (1460)" removed instance : ddr3_ctl_axi/u_efx_ddr3_soft_controller/genblk1.inst_ddr3_axi/inst_efx_ddr3/top_mc/controller_main/dffrs_2527/i25_rst_3
@ "D:\yilingsi_fpga\Efinity_Project\Ti60F225_OV5640_Sobel_Stable\ip/DdrCtrl\DdrCtrl.sv (1460)" representative instance : ddr3_ctl_axi/u_efx_ddr3_soft_controller/genblk1.inst_ddr3_axi/inst_efx_ddr3/top_mc/controller_main/dffrs_2527/i10_rst_3
FF|OPT : Flip-flop optimization by equivalence checking
@ "D:\yilingsi_fpga\Efinity_Project\Ti60F225_OV5640_Sobel_Stable\ip/DdrCtrl\DdrCtrl.sv (1460)" removed instance : ddr3_ctl_axi/u_efx_ddr3_soft_controller/genblk1.inst_ddr3_axi/inst_efx_ddr3/top_mc/controller_main/dffrs_2527/i24_rst_0
@ "D:\yilingsi_fpga\Efinity_Project\Ti60F225_OV5640_Sobel_Stable\ip/DdrCtrl\DdrCtrl.sv (1460)" representative instance : ddr3_ctl_axi/u_efx_ddr3_soft_controller/genblk1.inst_ddr3_axi/inst_efx_ddr3/top_mc/controller_main/dffrs_2527/i10_rst_0
FF|OPT : Flip-flop optimization by equivalence checking
@ "D:\yilingsi_fpga\Efinity_Project\Ti60F225_OV5640_Sobel_Stable\ip/DdrCtrl\DdrCtrl.sv (1460)" removed instance : ddr3_ctl_axi/u_efx_ddr3_soft_controller/genblk1.inst_ddr3_axi/inst_efx_ddr3/top_mc/controller_main/dffrs_2527/i24_rst_1
@ "D:\yilingsi_fpga\Efinity_Project\Ti60F225_OV5640_Sobel_Stable\ip/DdrCtrl\DdrCtrl.sv (1460)" representative instance : ddr3_ctl_axi/u_efx_ddr3_soft_controller/genblk1.inst_ddr3_axi/inst_efx_ddr3/top_mc/controller_main/dffrs_2527/i10_rst_1
FF|OPT : Flip-flop optimization by equivalence checking
@ "D:\yilingsi_fpga\Efinity_Project\Ti60F225_OV5640_Sobel_Stable\ip/DdrCtrl\DdrCtrl.sv (1460)" removed instance : ddr3_ctl_axi/u_efx_ddr3_soft_controller/genblk1.inst_ddr3_axi/inst_efx_ddr3/top_mc/controller_main/dffrs_2527/i24_rst_2
@ "D:\yilingsi_fpga\Efinity_Project\Ti60F225_OV5640_Sobel_Stable\ip/DdrCtrl\DdrCtrl.sv (1460)" representative instance : ddr3_ctl_axi/u_efx_ddr3_soft_controller/genblk1.inst_ddr3_axi/inst_efx_ddr3/top_mc/controller_main/dffrs_2527/i10_rst_2
FF|OPT : Flip-flop optimization by equivalence checking
@ "D:\yilingsi_fpga\Efinity_Project\Ti60F225_OV5640_Sobel_Stable\ip/DdrCtrl\DdrCtrl.sv (1460)" removed instance : ddr3_ctl_axi/u_efx_ddr3_soft_controller/genblk1.inst_ddr3_axi/inst_efx_ddr3/top_mc/controller_main/dffrs_2527/i24_rst_3
@ "D:\yilingsi_fpga\Efinity_Project\Ti60F225_OV5640_Sobel_Stable\ip/DdrCtrl\DdrCtrl.sv (1460)" representative instance : ddr3_ctl_axi/u_efx_ddr3_soft_controller/genblk1.inst_ddr3_axi/inst_efx_ddr3/top_mc/controller_main/dffrs_2527/i10_rst_3
FF|OPT : Flip-flop optimization by equivalence checking
@ "D:\yilingsi_fpga\Efinity_Project\Ti60F225_OV5640_Sobel_Stable\ip/DdrCtrl\DdrCtrl.sv (1460)" removed instance : ddr3_ctl_axi/u_efx_ddr3_soft_controller/genblk1.inst_ddr3_axi/inst_efx_ddr3/top_mc/controller_main/dffrs_2527/i23_rst_0
@ "D:\yilingsi_fpga\Efinity_Project\Ti60F225_OV5640_Sobel_Stable\ip/DdrCtrl\DdrCtrl.sv (1460)" representative instance : ddr3_ctl_axi/u_efx_ddr3_soft_controller/genblk1.inst_ddr3_axi/inst_efx_ddr3/top_mc/controller_main/dffrs_2527/i10_rst_0
FF|OPT : Flip-flop optimization by equivalence checking
@ "D:\yilingsi_fpga\Efinity_Project\Ti60F225_OV5640_Sobel_Stable\ip/DdrCtrl\DdrCtrl.sv (1460)" removed instance : ddr3_ctl_axi/u_efx_ddr3_soft_controller/genblk1.inst_ddr3_axi/inst_efx_ddr3/top_mc/controller_main/dffrs_2527/i23_rst_1
@ "D:\yilingsi_fpga\Efinity_Project\Ti60F225_OV5640_Sobel_Stable\ip/DdrCtrl\DdrCtrl.sv (1460)" representative instance : ddr3_ctl_axi/u_efx_ddr3_soft_controller/genblk1.inst_ddr3_axi/inst_efx_ddr3/top_mc/controller_main/dffrs_2527/i10_rst_1
FF|OPT : Flip-flop optimization by equivalence checking
@ "D:\yilingsi_fpga\Efinity_Project\Ti60F225_OV5640_Sobel_Stable\ip/DdrCtrl\DdrCtrl.sv (1460)" removed instance : ddr3_ctl_axi/u_efx_ddr3_soft_controller/genblk1.inst_ddr3_axi/inst_efx_ddr3/top_mc/controller_main/dffrs_2527/i23_rst_2
@ "D:\yilingsi_fpga\Efinity_Project\Ti60F225_OV5640_Sobel_Stable\ip/DdrCtrl\DdrCtrl.sv (1460)" representative instance : ddr3_ctl_axi/u_efx_ddr3_soft_controller/genblk1.inst_ddr3_axi/inst_efx_ddr3/top_mc/controller_main/dffrs_2527/i10_rst_2
FF|OPT : Flip-flop optimization by equivalence checking
@ "D:\yilingsi_fpga\Efinity_Project\Ti60F225_OV5640_Sobel_Stable\ip/DdrCtrl\DdrCtrl.sv (1460)" removed instance : ddr3_ctl_axi/u_efx_ddr3_soft_controller/genblk1.inst_ddr3_axi/inst_efx_ddr3/top_mc/controller_main/dffrs_2527/i23_rst_3
@ "D:\yilingsi_fpga\Efinity_Project\Ti60F225_OV5640_Sobel_Stable\ip/DdrCtrl\DdrCtrl.sv (1460)" representative instance : ddr3_ctl_axi/u_efx_ddr3_soft_controller/genblk1.inst_ddr3_axi/inst_efx_ddr3/top_mc/controller_main/dffrs_2527/i10_rst_3
FF|OPT : Flip-flop optimization by equivalence checking
@ "D:\yilingsi_fpga\Efinity_Project\Ti60F225_OV5640_Sobel_Stable\ip/DdrCtrl\DdrCtrl.sv (1460)" removed instance : ddr3_ctl_axi/u_efx_ddr3_soft_controller/genblk1.inst_ddr3_axi/inst_efx_ddr3/top_mc/controller_main/dffrs_2527/i22_rst_0
@ "D:\yilingsi_fpga\Efinity_Project\Ti60F225_OV5640_Sobel_Stable\ip/DdrCtrl\DdrCtrl.sv (1460)" representative instance : ddr3_ctl_axi/u_efx_ddr3_soft_controller/genblk1.inst_ddr3_axi/inst_efx_ddr3/top_mc/controller_main/dffrs_2527/i10_rst_0
FF|OPT : Flip-flop optimization by equivalence checking
@ "D:\yilingsi_fpga\Efinity_Project\Ti60F225_OV5640_Sobel_Stable\ip/DdrCtrl\DdrCtrl.sv (1460)" removed instance : ddr3_ctl_axi/u_efx_ddr3_soft_controller/genblk1.inst_ddr3_axi/inst_efx_ddr3/top_mc/controller_main/dffrs_2527/i22_rst_1
@ "D:\yilingsi_fpga\Efinity_Project\Ti60F225_OV5640_Sobel_Stable\ip/DdrCtrl\DdrCtrl.sv (1460)" representative instance : ddr3_ctl_axi/u_efx_ddr3_soft_controller/genblk1.inst_ddr3_axi/inst_efx_ddr3/top_mc/controller_main/dffrs_2527/i10_rst_1
FF|OPT : Flip-flop optimization by equivalence checking
@ "D:\yilingsi_fpga\Efinity_Project\Ti60F225_OV5640_Sobel_Stable\ip/DdrCtrl\DdrCtrl.sv (1460)" removed instance : ddr3_ctl_axi/u_efx_ddr3_soft_controller/genblk1.inst_ddr3_axi/inst_efx_ddr3/top_mc/controller_main/dffrs_2527/i22_rst_2
@ "D:\yilingsi_fpga\Efinity_Project\Ti60F225_OV5640_Sobel_Stable\ip/DdrCtrl\DdrCtrl.sv (1460)" representative instance : ddr3_ctl_axi/u_efx_ddr3_soft_controller/genblk1.inst_ddr3_axi/inst_efx_ddr3/top_mc/controller_main/dffrs_2527/i10_rst_2
FF|OPT : Flip-flop optimization by equivalence checking
@ "D:\yilingsi_fpga\Efinity_Project\Ti60F225_OV5640_Sobel_Stable\ip/DdrCtrl\DdrCtrl.sv (1460)" removed instance : ddr3_ctl_axi/u_efx_ddr3_soft_controller/genblk1.inst_ddr3_axi/inst_efx_ddr3/top_mc/controller_main/dffrs_2527/i22_rst_3
@ "D:\yilingsi_fpga\Efinity_Project\Ti60F225_OV5640_Sobel_Stable\ip/DdrCtrl\DdrCtrl.sv (1460)" representative instance : ddr3_ctl_axi/u_efx_ddr3_soft_controller/genblk1.inst_ddr3_axi/inst_efx_ddr3/top_mc/controller_main/dffrs_2527/i10_rst_3
FF|OPT : Flip-flop optimization by equivalence checking
@ "D:\yilingsi_fpga\Efinity_Project\Ti60F225_OV5640_Sobel_Stable\ip/DdrCtrl\DdrCtrl.sv (1460)" removed instance : ddr3_ctl_axi/u_efx_ddr3_soft_controller/genblk1.inst_ddr3_axi/inst_efx_ddr3/top_mc/controller_main/dffrs_2527/i21_rst_0
@ "D:\yilingsi_fpga\Efinity_Project\Ti60F225_OV5640_Sobel_Stable\ip/DdrCtrl\DdrCtrl.sv (1460)" representative instance : ddr3_ctl_axi/u_efx_ddr3_soft_controller/genblk1.inst_ddr3_axi/inst_efx_ddr3/top_mc/controller_main/dffrs_2527/i10_rst_0
FF|OPT : Flip-flop optimization by equivalence checking
@ "D:\yilingsi_fpga\Efinity_Project\Ti60F225_OV5640_Sobel_Stable\ip/DdrCtrl\DdrCtrl.sv (1460)" removed instance : ddr3_ctl_axi/u_efx_ddr3_soft_controller/genblk1.inst_ddr3_axi/inst_efx_ddr3/top_mc/controller_main/dffrs_2527/i21_rst_1
@ "D:\yilingsi_fpga\Efinity_Project\Ti60F225_OV5640_Sobel_Stable\ip/DdrCtrl\DdrCtrl.sv (1460)" representative instance : ddr3_ctl_axi/u_efx_ddr3_soft_controller/genblk1.inst_ddr3_axi/inst_efx_ddr3/top_mc/controller_main/dffrs_2527/i10_rst_1
FF|OPT : Flip-flop optimization by equivalence checking
@ "D:\yilingsi_fpga\Efinity_Project\Ti60F225_OV5640_Sobel_Stable\ip/DdrCtrl\DdrCtrl.sv (1460)" removed instance : ddr3_ctl_axi/u_efx_ddr3_soft_controller/genblk1.inst_ddr3_axi/inst_efx_ddr3/top_mc/controller_main/dffrs_2527/i21_rst_2
@ "D:\yilingsi_fpga\Efinity_Project\Ti60F225_OV5640_Sobel_Stable\ip/DdrCtrl\DdrCtrl.sv (1460)" representative instance : ddr3_ctl_axi/u_efx_ddr3_soft_controller/genblk1.inst_ddr3_axi/inst_efx_ddr3/top_mc/controller_main/dffrs_2527/i10_rst_2
FF|OPT : Flip-flop optimization by equivalence checking
@ "D:\yilingsi_fpga\Efinity_Project\Ti60F225_OV5640_Sobel_Stable\ip/DdrCtrl\DdrCtrl.sv (1460)" removed instance : ddr3_ctl_axi/u_efx_ddr3_soft_controller/genblk1.inst_ddr3_axi/inst_efx_ddr3/top_mc/controller_main/dffrs_2527/i21_rst_3
@ "D:\yilingsi_fpga\Efinity_Project\Ti60F225_OV5640_Sobel_Stable\ip/DdrCtrl\DdrCtrl.sv (1460)" representative instance : ddr3_ctl_axi/u_efx_ddr3_soft_controller/genblk1.inst_ddr3_axi/inst_efx_ddr3/top_mc/controller_main/dffrs_2527/i10_rst_3
FF|OPT : Flip-flop optimization by equivalence checking
@ "D:\yilingsi_fpga\Efinity_Project\Ti60F225_OV5640_Sobel_Stable\ip/DdrCtrl\DdrCtrl.sv (1460)" removed instance : ddr3_ctl_axi/u_efx_ddr3_soft_controller/genblk1.inst_ddr3_axi/inst_efx_ddr3/top_mc/controller_main/dffrs_2527/i2_rst_0
@ "D:\yilingsi_fpga\Efinity_Project\Ti60F225_OV5640_Sobel_Stable\ip/DdrCtrl\DdrCtrl.sv (1460)" representative instance : ddr3_ctl_axi/u_efx_ddr3_soft_controller/genblk1.inst_ddr3_axi/inst_efx_ddr3/top_mc/controller_main/dffrs_2527/i10_rst_0
FF|OPT : Flip-flop optimization by equivalence checking
@ "D:\yilingsi_fpga\Efinity_Project\Ti60F225_OV5640_Sobel_Stable\ip/DdrCtrl\DdrCtrl.sv (1460)" removed instance : ddr3_ctl_axi/u_efx_ddr3_soft_controller/genblk1.inst_ddr3_axi/inst_efx_ddr3/top_mc/controller_main/dffrs_2527/i2_rst_1
@ "D:\yilingsi_fpga\Efinity_Project\Ti60F225_OV5640_Sobel_Stable\ip/DdrCtrl\DdrCtrl.sv (1460)" representative instance : ddr3_ctl_axi/u_efx_ddr3_soft_controller/genblk1.inst_ddr3_axi/inst_efx_ddr3/top_mc/controller_main/dffrs_2527/i10_rst_1
FF|OPT : Flip-flop optimization by equivalence checking
@ "D:\yilingsi_fpga\Efinity_Project\Ti60F225_OV5640_Sobel_Stable\ip/DdrCtrl\DdrCtrl.sv (1460)" removed instance : ddr3_ctl_axi/u_efx_ddr3_soft_controller/genblk1.inst_ddr3_axi/inst_efx_ddr3/top_mc/controller_main/dffrs_2527/i2_rst_2
@ "D:\yilingsi_fpga\Efinity_Project\Ti60F225_OV5640_Sobel_Stable\ip/DdrCtrl\DdrCtrl.sv (1460)" representative instance : ddr3_ctl_axi/u_efx_ddr3_soft_controller/genblk1.inst_ddr3_axi/inst_efx_ddr3/top_mc/controller_main/dffrs_2527/i10_rst_2
FF|OPT : Flip-flop optimization by equivalence checking
@ "D:\yilingsi_fpga\Efinity_Project\Ti60F225_OV5640_Sobel_Stable\ip/DdrCtrl\DdrCtrl.sv (1460)" removed instance : ddr3_ctl_axi/u_efx_ddr3_soft_controller/genblk1.inst_ddr3_axi/inst_efx_ddr3/top_mc/controller_main/dffrs_2527/i2_rst_3
@ "D:\yilingsi_fpga\Efinity_Project\Ti60F225_OV5640_Sobel_Stable\ip/DdrCtrl\DdrCtrl.sv (1460)" representative instance : ddr3_ctl_axi/u_efx_ddr3_soft_controller/genblk1.inst_ddr3_axi/inst_efx_ddr3/top_mc/controller_main/dffrs_2527/i10_rst_3
FF|OPT : Flip-flop optimization by equivalence checking
@ "D:\yilingsi_fpga\Efinity_Project\Ti60F225_OV5640_Sobel_Stable\ip/DdrCtrl\DdrCtrl.sv (1460)" removed instance : ddr3_ctl_axi/u_efx_ddr3_soft_controller/genblk1.inst_ddr3_axi/inst_efx_ddr3/top_mc/controller_main/dffrs_2527/i20_rst_0
@ "D:\yilingsi_fpga\Efinity_Project\Ti60F225_OV5640_Sobel_Stable\ip/DdrCtrl\DdrCtrl.sv (1460)" representative instance : ddr3_ctl_axi/u_efx_ddr3_soft_controller/genblk1.inst_ddr3_axi/inst_efx_ddr3/top_mc/controller_main/dffrs_2527/i10_rst_0
FF|OPT : Flip-flop optimization by equivalence checking
@ "D:\yilingsi_fpga\Efinity_Project\Ti60F225_OV5640_Sobel_Stable\ip/DdrCtrl\DdrCtrl.sv (1460)" removed instance : ddr3_ctl_axi/u_efx_ddr3_soft_controller/genblk1.inst_ddr3_axi/inst_efx_ddr3/top_mc/controller_main/dffrs_2527/i20_rst_1
@ "D:\yilingsi_fpga\Efinity_Project\Ti60F225_OV5640_Sobel_Stable\ip/DdrCtrl\DdrCtrl.sv (1460)" representative instance : ddr3_ctl_axi/u_efx_ddr3_soft_controller/genblk1.inst_ddr3_axi/inst_efx_ddr3/top_mc/controller_main/dffrs_2527/i10_rst_1
FF|OPT : Flip-flop optimization by equivalence checking
@ "D:\yilingsi_fpga\Efinity_Project\Ti60F225_OV5640_Sobel_Stable\ip/DdrCtrl\DdrCtrl.sv (1460)" removed instance : ddr3_ctl_axi/u_efx_ddr3_soft_controller/genblk1.inst_ddr3_axi/inst_efx_ddr3/top_mc/controller_main/dffrs_2527/i20_rst_2
@ "D:\yilingsi_fpga\Efinity_Project\Ti60F225_OV5640_Sobel_Stable\ip/DdrCtrl\DdrCtrl.sv (1460)" representative instance : ddr3_ctl_axi/u_efx_ddr3_soft_controller/genblk1.inst_ddr3_axi/inst_efx_ddr3/top_mc/controller_main/dffrs_2527/i10_rst_2
FF|OPT : Flip-flop optimization by equivalence checking
@ "D:\yilingsi_fpga\Efinity_Project\Ti60F225_OV5640_Sobel_Stable\ip/DdrCtrl\DdrCtrl.sv (1460)" removed instance : ddr3_ctl_axi/u_efx_ddr3_soft_controller/genblk1.inst_ddr3_axi/inst_efx_ddr3/top_mc/controller_main/dffrs_2527/i20_rst_3
@ "D:\yilingsi_fpga\Efinity_Project\Ti60F225_OV5640_Sobel_Stable\ip/DdrCtrl\DdrCtrl.sv (1460)" representative instance : ddr3_ctl_axi/u_efx_ddr3_soft_controller/genblk1.inst_ddr3_axi/inst_efx_ddr3/top_mc/controller_main/dffrs_2527/i10_rst_3
FF|OPT : Flip-flop optimization by equivalence checking
@ "D:\yilingsi_fpga\Efinity_Project\Ti60F225_OV5640_Sobel_Stable\ip/DdrCtrl\DdrCtrl.sv (1460)" removed instance : ddr3_ctl_axi/u_efx_ddr3_soft_controller/genblk1.inst_ddr3_axi/inst_efx_ddr3/top_mc/controller_main/dffrs_2527/i19_rst_0
@ "D:\yilingsi_fpga\Efinity_Project\Ti60F225_OV5640_Sobel_Stable\ip/DdrCtrl\DdrCtrl.sv (1460)" representative instance : ddr3_ctl_axi/u_efx_ddr3_soft_controller/genblk1.inst_ddr3_axi/inst_efx_ddr3/top_mc/controller_main/dffrs_2527/i10_rst_0
FF|OPT : Flip-flop optimization by equivalence checking
@ "D:\yilingsi_fpga\Efinity_Project\Ti60F225_OV5640_Sobel_Stable\ip/DdrCtrl\DdrCtrl.sv (1460)" removed instance : ddr3_ctl_axi/u_efx_ddr3_soft_controller/genblk1.inst_ddr3_axi/inst_efx_ddr3/top_mc/controller_main/dffrs_2527/i19_rst_1
@ "D:\yilingsi_fpga\Efinity_Project\Ti60F225_OV5640_Sobel_Stable\ip/DdrCtrl\DdrCtrl.sv (1460)" representative instance : ddr3_ctl_axi/u_efx_ddr3_soft_controller/genblk1.inst_ddr3_axi/inst_efx_ddr3/top_mc/controller_main/dffrs_2527/i10_rst_1
FF|OPT : Flip-flop optimization by equivalence checking
@ "D:\yilingsi_fpga\Efinity_Project\Ti60F225_OV5640_Sobel_Stable\ip/DdrCtrl\DdrCtrl.sv (1460)" removed instance : ddr3_ctl_axi/u_efx_ddr3_soft_controller/genblk1.inst_ddr3_axi/inst_efx_ddr3/top_mc/controller_main/dffrs_2527/i19_rst_2
@ "D:\yilingsi_fpga\Efinity_Project\Ti60F225_OV5640_Sobel_Stable\ip/DdrCtrl\DdrCtrl.sv (1460)" representative instance : ddr3_ctl_axi/u_efx_ddr3_soft_controller/genblk1.inst_ddr3_axi/inst_efx_ddr3/top_mc/controller_main/dffrs_2527/i10_rst_2
FF|OPT : Flip-flop optimization by equivalence checking
@ "D:\yilingsi_fpga\Efinity_Project\Ti60F225_OV5640_Sobel_Stable\ip/DdrCtrl\DdrCtrl.sv (1460)" removed instance : ddr3_ctl_axi/u_efx_ddr3_soft_controller/genblk1.inst_ddr3_axi/inst_efx_ddr3/top_mc/controller_main/dffrs_2527/i19_rst_3
@ "D:\yilingsi_fpga\Efinity_Project\Ti60F225_OV5640_Sobel_Stable\ip/DdrCtrl\DdrCtrl.sv (1460)" representative instance : ddr3_ctl_axi/u_efx_ddr3_soft_controller/genblk1.inst_ddr3_axi/inst_efx_ddr3/top_mc/controller_main/dffrs_2527/i10_rst_3
FF|OPT : Flip-flop optimization by equivalence checking
@ "D:\yilingsi_fpga\Efinity_Project\Ti60F225_OV5640_Sobel_Stable\ip/DdrCtrl\DdrCtrl.sv (1460)" removed instance : ddr3_ctl_axi/u_efx_ddr3_soft_controller/genblk1.inst_ddr3_axi/inst_efx_ddr3/top_mc/controller_main/dffrs_2527/i18_rst_0
@ "D:\yilingsi_fpga\Efinity_Project\Ti60F225_OV5640_Sobel_Stable\ip/DdrCtrl\DdrCtrl.sv (1460)" representative instance : ddr3_ctl_axi/u_efx_ddr3_soft_controller/genblk1.inst_ddr3_axi/inst_efx_ddr3/top_mc/controller_main/dffrs_2527/i10_rst_0
FF|OPT : Flip-flop optimization by equivalence checking
@ "D:\yilingsi_fpga\Efinity_Project\Ti60F225_OV5640_Sobel_Stable\ip/DdrCtrl\DdrCtrl.sv (1460)" removed instance : ddr3_ctl_axi/u_efx_ddr3_soft_controller/genblk1.inst_ddr3_axi/inst_efx_ddr3/top_mc/controller_main/dffrs_2527/i18_rst_1
@ "D:\yilingsi_fpga\Efinity_Project\Ti60F225_OV5640_Sobel_Stable\ip/DdrCtrl\DdrCtrl.sv (1460)" representative instance : ddr3_ctl_axi/u_efx_ddr3_soft_controller/genblk1.inst_ddr3_axi/inst_efx_ddr3/top_mc/controller_main/dffrs_2527/i10_rst_1
FF|OPT : Flip-flop optimization by equivalence checking
@ "D:\yilingsi_fpga\Efinity_Project\Ti60F225_OV5640_Sobel_Stable\ip/DdrCtrl\DdrCtrl.sv (1460)" removed instance : ddr3_ctl_axi/u_efx_ddr3_soft_controller/genblk1.inst_ddr3_axi/inst_efx_ddr3/top_mc/controller_main/dffrs_2527/i18_rst_2
@ "D:\yilingsi_fpga\Efinity_Project\Ti60F225_OV5640_Sobel_Stable\ip/DdrCtrl\DdrCtrl.sv (1460)" representative instance : ddr3_ctl_axi/u_efx_ddr3_soft_controller/genblk1.inst_ddr3_axi/inst_efx_ddr3/top_mc/controller_main/dffrs_2527/i10_rst_2
FF|OPT : Flip-flop optimization by equivalence checking
@ "D:\yilingsi_fpga\Efinity_Project\Ti60F225_OV5640_Sobel_Stable\ip/DdrCtrl\DdrCtrl.sv (1460)" removed instance : ddr3_ctl_axi/u_efx_ddr3_soft_controller/genblk1.inst_ddr3_axi/inst_efx_ddr3/top_mc/controller_main/dffrs_2527/i18_rst_3
@ "D:\yilingsi_fpga\Efinity_Project\Ti60F225_OV5640_Sobel_Stable\ip/DdrCtrl\DdrCtrl.sv (1460)" representative instance : ddr3_ctl_axi/u_efx_ddr3_soft_controller/genblk1.inst_ddr3_axi/inst_efx_ddr3/top_mc/controller_main/dffrs_2527/i10_rst_3
FF|OPT : Flip-flop optimization by equivalence checking
@ "D:\yilingsi_fpga\Efinity_Project\Ti60F225_OV5640_Sobel_Stable\ip/DdrCtrl\DdrCtrl.sv (1460)" removed instance : ddr3_ctl_axi/u_efx_ddr3_soft_controller/genblk1.inst_ddr3_axi/inst_efx_ddr3/top_mc/controller_main/dffrs_2527/i17_rst_0
@ "D:\yilingsi_fpga\Efinity_Project\Ti60F225_OV5640_Sobel_Stable\ip/DdrCtrl\DdrCtrl.sv (1460)" representative instance : ddr3_ctl_axi/u_efx_ddr3_soft_controller/genblk1.inst_ddr3_axi/inst_efx_ddr3/top_mc/controller_main/dffrs_2527/i10_rst_0
FF|OPT : Flip-flop optimization by equivalence checking
@ "D:\yilingsi_fpga\Efinity_Project\Ti60F225_OV5640_Sobel_Stable\ip/DdrCtrl\DdrCtrl.sv (1460)" removed instance : ddr3_ctl_axi/u_efx_ddr3_soft_controller/genblk1.inst_ddr3_axi/inst_efx_ddr3/top_mc/controller_main/dffrs_2527/i17_rst_1
@ "D:\yilingsi_fpga\Efinity_Project\Ti60F225_OV5640_Sobel_Stable\ip/DdrCtrl\DdrCtrl.sv (1460)" representative instance : ddr3_ctl_axi/u_efx_ddr3_soft_controller/genblk1.inst_ddr3_axi/inst_efx_ddr3/top_mc/controller_main/dffrs_2527/i10_rst_1
FF|OPT : Flip-flop optimization by equivalence checking
@ "D:\yilingsi_fpga\Efinity_Project\Ti60F225_OV5640_Sobel_Stable\ip/DdrCtrl\DdrCtrl.sv (1460)" removed instance : ddr3_ctl_axi/u_efx_ddr3_soft_controller/genblk1.inst_ddr3_axi/inst_efx_ddr3/top_mc/controller_main/dffrs_2527/i17_rst_2
@ "D:\yilingsi_fpga\Efinity_Project\Ti60F225_OV5640_Sobel_Stable\ip/DdrCtrl\DdrCtrl.sv (1460)" representative instance : ddr3_ctl_axi/u_efx_ddr3_soft_controller/genblk1.inst_ddr3_axi/inst_efx_ddr3/top_mc/controller_main/dffrs_2527/i10_rst_2
FF|OPT : Flip-flop optimization by equivalence checking
@ "D:\yilingsi_fpga\Efinity_Project\Ti60F225_OV5640_Sobel_Stable\ip/DdrCtrl\DdrCtrl.sv (1460)" removed instance : ddr3_ctl_axi/u_efx_ddr3_soft_controller/genblk1.inst_ddr3_axi/inst_efx_ddr3/top_mc/controller_main/dffrs_2527/i17_rst_3
@ "D:\yilingsi_fpga\Efinity_Project\Ti60F225_OV5640_Sobel_Stable\ip/DdrCtrl\DdrCtrl.sv (1460)" representative instance : ddr3_ctl_axi/u_efx_ddr3_soft_controller/genblk1.inst_ddr3_axi/inst_efx_ddr3/top_mc/controller_main/dffrs_2527/i10_rst_3
FF|OPT : Flip-flop optimization by equivalence checking
@ "D:\yilingsi_fpga\Efinity_Project\Ti60F225_OV5640_Sobel_Stable\ip/DdrCtrl\DdrCtrl.sv (1460)" removed instance : ddr3_ctl_axi/u_efx_ddr3_soft_controller/genblk1.inst_ddr3_axi/inst_efx_ddr3/top_mc/controller_main/dffrs_2527/i16_rst_0
@ "D:\yilingsi_fpga\Efinity_Project\Ti60F225_OV5640_Sobel_Stable\ip/DdrCtrl\DdrCtrl.sv (1460)" representative instance : ddr3_ctl_axi/u_efx_ddr3_soft_controller/genblk1.inst_ddr3_axi/inst_efx_ddr3/top_mc/controller_main/dffrs_2527/i10_rst_0
FF|OPT : Flip-flop optimization by equivalence checking
@ "D:\yilingsi_fpga\Efinity_Project\Ti60F225_OV5640_Sobel_Stable\ip/DdrCtrl\DdrCtrl.sv (1460)" removed instance : ddr3_ctl_axi/u_efx_ddr3_soft_controller/genblk1.inst_ddr3_axi/inst_efx_ddr3/top_mc/controller_main/dffrs_2527/i16_rst_1
@ "D:\yilingsi_fpga\Efinity_Project\Ti60F225_OV5640_Sobel_Stable\ip/DdrCtrl\DdrCtrl.sv (1460)" representative instance : ddr3_ctl_axi/u_efx_ddr3_soft_controller/genblk1.inst_ddr3_axi/inst_efx_ddr3/top_mc/controller_main/dffrs_2527/i10_rst_1
FF|OPT : Flip-flop optimization by equivalence checking
@ "D:\yilingsi_fpga\Efinity_Project\Ti60F225_OV5640_Sobel_Stable\ip/DdrCtrl\DdrCtrl.sv (1460)" removed instance : ddr3_ctl_axi/u_efx_ddr3_soft_controller/genblk1.inst_ddr3_axi/inst_efx_ddr3/top_mc/controller_main/dffrs_2527/i16_rst_2
@ "D:\yilingsi_fpga\Efinity_Project\Ti60F225_OV5640_Sobel_Stable\ip/DdrCtrl\DdrCtrl.sv (1460)" representative instance : ddr3_ctl_axi/u_efx_ddr3_soft_controller/genblk1.inst_ddr3_axi/inst_efx_ddr3/top_mc/controller_main/dffrs_2527/i10_rst_2
FF|OPT : Flip-flop optimization by equivalence checking
@ "D:\yilingsi_fpga\Efinity_Project\Ti60F225_OV5640_Sobel_Stable\ip/DdrCtrl\DdrCtrl.sv (1460)" removed instance : ddr3_ctl_axi/u_efx_ddr3_soft_controller/genblk1.inst_ddr3_axi/inst_efx_ddr3/top_mc/controller_main/dffrs_2527/i16_rst_3
@ "D:\yilingsi_fpga\Efinity_Project\Ti60F225_OV5640_Sobel_Stable\ip/DdrCtrl\DdrCtrl.sv (1460)" representative instance : ddr3_ctl_axi/u_efx_ddr3_soft_controller/genblk1.inst_ddr3_axi/inst_efx_ddr3/top_mc/controller_main/dffrs_2527/i10_rst_3
FF|OPT : Flip-flop optimization by equivalence checking
@ "D:\yilingsi_fpga\Efinity_Project\Ti60F225_OV5640_Sobel_Stable\ip/DdrCtrl\DdrCtrl.sv (1460)" removed instance : ddr3_ctl_axi/u_efx_ddr3_soft_controller/genblk1.inst_ddr3_axi/inst_efx_ddr3/top_mc/controller_main/dffrs_2527/i15_rst_0
@ "D:\yilingsi_fpga\Efinity_Project\Ti60F225_OV5640_Sobel_Stable\ip/DdrCtrl\DdrCtrl.sv (1460)" representative instance : ddr3_ctl_axi/u_efx_ddr3_soft_controller/genblk1.inst_ddr3_axi/inst_efx_ddr3/top_mc/controller_main/dffrs_2527/i10_rst_0
FF|OPT : Flip-flop optimization by equivalence checking
@ "D:\yilingsi_fpga\Efinity_Project\Ti60F225_OV5640_Sobel_Stable\ip/DdrCtrl\DdrCtrl.sv (1460)" removed instance : ddr3_ctl_axi/u_efx_ddr3_soft_controller/genblk1.inst_ddr3_axi/inst_efx_ddr3/top_mc/controller_main/dffrs_2527/i15_rst_1
@ "D:\yilingsi_fpga\Efinity_Project\Ti60F225_OV5640_Sobel_Stable\ip/DdrCtrl\DdrCtrl.sv (1460)" representative instance : ddr3_ctl_axi/u_efx_ddr3_soft_controller/genblk1.inst_ddr3_axi/inst_efx_ddr3/top_mc/controller_main/dffrs_2527/i10_rst_1
FF|OPT : Flip-flop optimization by equivalence checking
@ "D:\yilingsi_fpga\Efinity_Project\Ti60F225_OV5640_Sobel_Stable\ip/DdrCtrl\DdrCtrl.sv (1460)" removed instance : ddr3_ctl_axi/u_efx_ddr3_soft_controller/genblk1.inst_ddr3_axi/inst_efx_ddr3/top_mc/controller_main/dffrs_2527/i15_rst_2
@ "D:\yilingsi_fpga\Efinity_Project\Ti60F225_OV5640_Sobel_Stable\ip/DdrCtrl\DdrCtrl.sv (1460)" representative instance : ddr3_ctl_axi/u_efx_ddr3_soft_controller/genblk1.inst_ddr3_axi/inst_efx_ddr3/top_mc/controller_main/dffrs_2527/i10_rst_2
FF|OPT : Flip-flop optimization by equivalence checking
@ "D:\yilingsi_fpga\Efinity_Project\Ti60F225_OV5640_Sobel_Stable\ip/DdrCtrl\DdrCtrl.sv (1460)" removed instance : ddr3_ctl_axi/u_efx_ddr3_soft_controller/genblk1.inst_ddr3_axi/inst_efx_ddr3/top_mc/controller_main/dffrs_2527/i15_rst_3
@ "D:\yilingsi_fpga\Efinity_Project\Ti60F225_OV5640_Sobel_Stable\ip/DdrCtrl\DdrCtrl.sv (1460)" representative instance : ddr3_ctl_axi/u_efx_ddr3_soft_controller/genblk1.inst_ddr3_axi/inst_efx_ddr3/top_mc/controller_main/dffrs_2527/i10_rst_3
FF|OPT : Flip-flop optimization by equivalence checking
@ "D:\yilingsi_fpga\Efinity_Project\Ti60F225_OV5640_Sobel_Stable\ip/DdrCtrl\DdrCtrl.sv (1460)" removed instance : ddr3_ctl_axi/u_efx_ddr3_soft_controller/genblk1.inst_ddr3_axi/inst_efx_ddr3/top_mc/controller_main/dffrs_2527/i14_rst_0
@ "D:\yilingsi_fpga\Efinity_Project\Ti60F225_OV5640_Sobel_Stable\ip/DdrCtrl\DdrCtrl.sv (1460)" representative instance : ddr3_ctl_axi/u_efx_ddr3_soft_controller/genblk1.inst_ddr3_axi/inst_efx_ddr3/top_mc/controller_main/dffrs_2527/i10_rst_0
FF|OPT : Flip-flop optimization by equivalence checking
@ "D:\yilingsi_fpga\Efinity_Project\Ti60F225_OV5640_Sobel_Stable\ip/DdrCtrl\DdrCtrl.sv (1460)" removed instance : ddr3_ctl_axi/u_efx_ddr3_soft_controller/genblk1.inst_ddr3_axi/inst_efx_ddr3/top_mc/controller_main/dffrs_2527/i14_rst_1
@ "D:\yilingsi_fpga\Efinity_Project\Ti60F225_OV5640_Sobel_Stable\ip/DdrCtrl\DdrCtrl.sv (1460)" representative instance : ddr3_ctl_axi/u_efx_ddr3_soft_controller/genblk1.inst_ddr3_axi/inst_efx_ddr3/top_mc/controller_main/dffrs_2527/i10_rst_1
FF|OPT : Flip-flop optimization by equivalence checking
@ "D:\yilingsi_fpga\Efinity_Project\Ti60F225_OV5640_Sobel_Stable\ip/DdrCtrl\DdrCtrl.sv (1460)" removed instance : ddr3_ctl_axi/u_efx_ddr3_soft_controller/genblk1.inst_ddr3_axi/inst_efx_ddr3/top_mc/controller_main/dffrs_2527/i14_rst_2
@ "D:\yilingsi_fpga\Efinity_Project\Ti60F225_OV5640_Sobel_Stable\ip/DdrCtrl\DdrCtrl.sv (1460)" representative instance : ddr3_ctl_axi/u_efx_ddr3_soft_controller/genblk1.inst_ddr3_axi/inst_efx_ddr3/top_mc/controller_main/dffrs_2527/i10_rst_2
FF|OPT : Flip-flop optimization by equivalence checking
@ "D:\yilingsi_fpga\Efinity_Project\Ti60F225_OV5640_Sobel_Stable\ip/DdrCtrl\DdrCtrl.sv (1460)" removed instance : ddr3_ctl_axi/u_efx_ddr3_soft_controller/genblk1.inst_ddr3_axi/inst_efx_ddr3/top_mc/controller_main/dffrs_2527/i14_rst_3
@ "D:\yilingsi_fpga\Efinity_Project\Ti60F225_OV5640_Sobel_Stable\ip/DdrCtrl\DdrCtrl.sv (1460)" representative instance : ddr3_ctl_axi/u_efx_ddr3_soft_controller/genblk1.inst_ddr3_axi/inst_efx_ddr3/top_mc/controller_main/dffrs_2527/i10_rst_3
FF|OPT : Flip-flop optimization by equivalence checking
@ "D:\yilingsi_fpga\Efinity_Project\Ti60F225_OV5640_Sobel_Stable\ip/DdrCtrl\DdrCtrl.sv (1460)" removed instance : ddr3_ctl_axi/u_efx_ddr3_soft_controller/genblk1.inst_ddr3_axi/inst_efx_ddr3/top_mc/controller_main/dffrs_2527/i13_rst_0
@ "D:\yilingsi_fpga\Efinity_Project\Ti60F225_OV5640_Sobel_Stable\ip/DdrCtrl\DdrCtrl.sv (1460)" representative instance : ddr3_ctl_axi/u_efx_ddr3_soft_controller/genblk1.inst_ddr3_axi/inst_efx_ddr3/top_mc/controller_main/dffrs_2527/i10_rst_0
FF|OPT : Flip-flop optimization by equivalence checking
@ "D:\yilingsi_fpga\Efinity_Project\Ti60F225_OV5640_Sobel_Stable\ip/DdrCtrl\DdrCtrl.sv (1460)" removed instance : ddr3_ctl_axi/u_efx_ddr3_soft_controller/genblk1.inst_ddr3_axi/inst_efx_ddr3/top_mc/controller_main/dffrs_2527/i13_rst_1
@ "D:\yilingsi_fpga\Efinity_Project\Ti60F225_OV5640_Sobel_Stable\ip/DdrCtrl\DdrCtrl.sv (1460)" representative instance : ddr3_ctl_axi/u_efx_ddr3_soft_controller/genblk1.inst_ddr3_axi/inst_efx_ddr3/top_mc/controller_main/dffrs_2527/i10_rst_1
FF|OPT : Flip-flop optimization by equivalence checking
@ "D:\yilingsi_fpga\Efinity_Project\Ti60F225_OV5640_Sobel_Stable\ip/DdrCtrl\DdrCtrl.sv (1460)" removed instance : ddr3_ctl_axi/u_efx_ddr3_soft_controller/genblk1.inst_ddr3_axi/inst_efx_ddr3/top_mc/controller_main/dffrs_2527/i13_rst_2
@ "D:\yilingsi_fpga\Efinity_Project\Ti60F225_OV5640_Sobel_Stable\ip/DdrCtrl\DdrCtrl.sv (1460)" representative instance : ddr3_ctl_axi/u_efx_ddr3_soft_controller/genblk1.inst_ddr3_axi/inst_efx_ddr3/top_mc/controller_main/dffrs_2527/i10_rst_2
FF|OPT : Flip-flop optimization by equivalence checking
@ "D:\yilingsi_fpga\Efinity_Project\Ti60F225_OV5640_Sobel_Stable\ip/DdrCtrl\DdrCtrl.sv (1460)" removed instance : ddr3_ctl_axi/u_efx_ddr3_soft_controller/genblk1.inst_ddr3_axi/inst_efx_ddr3/top_mc/controller_main/dffrs_2527/i13_rst_3
@ "D:\yilingsi_fpga\Efinity_Project\Ti60F225_OV5640_Sobel_Stable\ip/DdrCtrl\DdrCtrl.sv (1460)" representative instance : ddr3_ctl_axi/u_efx_ddr3_soft_controller/genblk1.inst_ddr3_axi/inst_efx_ddr3/top_mc/controller_main/dffrs_2527/i10_rst_3
FF|OPT : Flip-flop optimization by equivalence checking
@ "D:\yilingsi_fpga\Efinity_Project\Ti60F225_OV5640_Sobel_Stable\ip/DdrCtrl\DdrCtrl.sv (3274)" removed instance : ddr3_ctl_axi/u_efx_ddr3_soft_controller/genblk1.inst_ddr3_axi/inst_efx_ddr3/dff_734/i125
@ "D:\yilingsi_fpga\Efinity_Project\Ti60F225_OV5640_Sobel_Stable\ip/DdrCtrl\DdrCtrl.sv (3274)" representative instance : ddr3_ctl_axi/u_efx_ddr3_soft_controller/genblk1.inst_ddr3_axi/inst_efx_ddr3/dff_734/i8
FF|OPT : Flip-flop optimization by equivalence checking
@ "D:\yilingsi_fpga\Efinity_Project\Ti60F225_OV5640_Sobel_Stable\ip/DdrCtrl\DdrCtrl.sv (3274)" removed instance : ddr3_ctl_axi/u_efx_ddr3_soft_controller/genblk1.inst_ddr3_axi/inst_efx_ddr3/dff_734/i126
@ "D:\yilingsi_fpga\Efinity_Project\Ti60F225_OV5640_Sobel_Stable\ip/DdrCtrl\DdrCtrl.sv (3274)" representative instance : ddr3_ctl_axi/u_efx_ddr3_soft_controller/genblk1.inst_ddr3_axi/inst_efx_ddr3/dff_734/i95
FF|OPT : Flip-flop optimization by equivalence checking
@ "D:\yilingsi_fpga\Efinity_Project\Ti60F225_OV5640_Sobel_Stable\ip/DdrCtrl\DdrCtrl.sv (3274)" removed instance : ddr3_ctl_axi/u_efx_ddr3_soft_controller/genblk1.inst_ddr3_axi/inst_efx_ddr3/dff_734/i127
@ "D:\yilingsi_fpga\Efinity_Project\Ti60F225_OV5640_Sobel_Stable\ip/DdrCtrl\DdrCtrl.sv (3274)" representative instance : ddr3_ctl_axi/u_efx_ddr3_soft_controller/genblk1.inst_ddr3_axi/inst_efx_ddr3/dff_734/i95
FF|OPT : Flip-flop optimization by equivalence checking
@ "D:\yilingsi_fpga\Efinity_Project\Ti60F225_OV5640_Sobel_Stable\ip/DdrCtrl\DdrCtrl.sv (3274)" removed instance : ddr3_ctl_axi/u_efx_ddr3_soft_controller/genblk1.inst_ddr3_axi/inst_efx_ddr3/dff_734/i128
@ "D:\yilingsi_fpga\Efinity_Project\Ti60F225_OV5640_Sobel_Stable\ip/DdrCtrl\DdrCtrl.sv (3274)" representative instance : ddr3_ctl_axi/u_efx_ddr3_soft_controller/genblk1.inst_ddr3_axi/inst_efx_ddr3/dff_734/i2
FF|OPT : Flip-flop optimization by equivalence checking
@ "D:\yilingsi_fpga\Efinity_Project\Ti60F225_OV5640_Sobel_Stable\ip/DdrCtrl\DdrCtrl.sv (1460)" removed instance : ddr3_ctl_axi/u_efx_ddr3_soft_controller/genblk1.inst_ddr3_axi/inst_efx_ddr3/top_mc/controller_main/dffrs_2527/i128_rst_0
@ "D:\yilingsi_fpga\Efinity_Project\Ti60F225_OV5640_Sobel_Stable\ip/DdrCtrl\DdrCtrl.sv (1460)" representative instance : ddr3_ctl_axi/u_efx_ddr3_soft_controller/genblk1.inst_ddr3_axi/inst_efx_ddr3/top_mc/controller_main/dffrs_2527/i10_rst_0
FF|OPT : Flip-flop optimization by equivalence checking
@ "D:\yilingsi_fpga\Efinity_Project\Ti60F225_OV5640_Sobel_Stable\ip/DdrCtrl\DdrCtrl.sv (1460)" removed instance : ddr3_ctl_axi/u_efx_ddr3_soft_controller/genblk1.inst_ddr3_axi/inst_efx_ddr3/top_mc/controller_main/dffrs_2527/i128_rst_1
@ "D:\yilingsi_fpga\Efinity_Project\Ti60F225_OV5640_Sobel_Stable\ip/DdrCtrl\DdrCtrl.sv (1460)" representative instance : ddr3_ctl_axi/u_efx_ddr3_soft_controller/genblk1.inst_ddr3_axi/inst_efx_ddr3/top_mc/controller_main/dffrs_2527/i10_rst_1
FF|OPT : Flip-flop optimization by equivalence checking
@ "D:\yilingsi_fpga\Efinity_Project\Ti60F225_OV5640_Sobel_Stable\ip/DdrCtrl\DdrCtrl.sv (1460)" removed instance : ddr3_ctl_axi/u_efx_ddr3_soft_controller/genblk1.inst_ddr3_axi/inst_efx_ddr3/top_mc/controller_main/dffrs_2527/i128_rst_2
@ "D:\yilingsi_fpga\Efinity_Project\Ti60F225_OV5640_Sobel_Stable\ip/DdrCtrl\DdrCtrl.sv (1460)" representative instance : ddr3_ctl_axi/u_efx_ddr3_soft_controller/genblk1.inst_ddr3_axi/inst_efx_ddr3/top_mc/controller_main/dffrs_2527/i10_rst_2
FF|OPT : Flip-flop optimization by equivalence checking
@ "D:\yilingsi_fpga\Efinity_Project\Ti60F225_OV5640_Sobel_Stable\ip/DdrCtrl\DdrCtrl.sv (1460)" removed instance : ddr3_ctl_axi/u_efx_ddr3_soft_controller/genblk1.inst_ddr3_axi/inst_efx_ddr3/top_mc/controller_main/dffrs_2527/i128_rst_3
@ "D:\yilingsi_fpga\Efinity_Project\Ti60F225_OV5640_Sobel_Stable\ip/DdrCtrl\DdrCtrl.sv (1460)" representative instance : ddr3_ctl_axi/u_efx_ddr3_soft_controller/genblk1.inst_ddr3_axi/inst_efx_ddr3/top_mc/controller_main/dffrs_2527/i10_rst_3
FF|OPT : Flip-flop optimization by equivalence checking
@ "D:\yilingsi_fpga\Efinity_Project\Ti60F225_OV5640_Sobel_Stable\ip/DdrCtrl\DdrCtrl.sv (1460)" removed instance : ddr3_ctl_axi/u_efx_ddr3_soft_controller/genblk1.inst_ddr3_axi/inst_efx_ddr3/top_mc/controller_main/dffrs_2527/i127_rst_0
@ "D:\yilingsi_fpga\Efinity_Project\Ti60F225_OV5640_Sobel_Stable\ip/DdrCtrl\DdrCtrl.sv (1460)" representative instance : ddr3_ctl_axi/u_efx_ddr3_soft_controller/genblk1.inst_ddr3_axi/inst_efx_ddr3/top_mc/controller_main/dffrs_2527/i10_rst_0
FF|OPT : Flip-flop optimization by equivalence checking
@ "D:\yilingsi_fpga\Efinity_Project\Ti60F225_OV5640_Sobel_Stable\ip/DdrCtrl\DdrCtrl.sv (1460)" removed instance : ddr3_ctl_axi/u_efx_ddr3_soft_controller/genblk1.inst_ddr3_axi/inst_efx_ddr3/top_mc/controller_main/dffrs_2527/i127_rst_1
@ "D:\yilingsi_fpga\Efinity_Project\Ti60F225_OV5640_Sobel_Stable\ip/DdrCtrl\DdrCtrl.sv (1460)" representative instance : ddr3_ctl_axi/u_efx_ddr3_soft_controller/genblk1.inst_ddr3_axi/inst_efx_ddr3/top_mc/controller_main/dffrs_2527/i10_rst_1
FF|OPT : Flip-flop optimization by equivalence checking
@ "D:\yilingsi_fpga\Efinity_Project\Ti60F225_OV5640_Sobel_Stable\ip/DdrCtrl\DdrCtrl.sv (1460)" removed instance : ddr3_ctl_axi/u_efx_ddr3_soft_controller/genblk1.inst_ddr3_axi/inst_efx_ddr3/top_mc/controller_main/dffrs_2527/i127_rst_2
@ "D:\yilingsi_fpga\Efinity_Project\Ti60F225_OV5640_Sobel_Stable\ip/DdrCtrl\DdrCtrl.sv (1460)" representative instance : ddr3_ctl_axi/u_efx_ddr3_soft_controller/genblk1.inst_ddr3_axi/inst_efx_ddr3/top_mc/controller_main/dffrs_2527/i10_rst_2
FF|OPT : Flip-flop optimization by equivalence checking
@ "D:\yilingsi_fpga\Efinity_Project\Ti60F225_OV5640_Sobel_Stable\ip/DdrCtrl\DdrCtrl.sv (1460)" removed instance : ddr3_ctl_axi/u_efx_ddr3_soft_controller/genblk1.inst_ddr3_axi/inst_efx_ddr3/top_mc/controller_main/dffrs_2527/i127_rst_3
@ "D:\yilingsi_fpga\Efinity_Project\Ti60F225_OV5640_Sobel_Stable\ip/DdrCtrl\DdrCtrl.sv (1460)" representative instance : ddr3_ctl_axi/u_efx_ddr3_soft_controller/genblk1.inst_ddr3_axi/inst_efx_ddr3/top_mc/controller_main/dffrs_2527/i10_rst_3
FF|OPT : Flip-flop optimization by equivalence checking
@ "D:\yilingsi_fpga\Efinity_Project\Ti60F225_OV5640_Sobel_Stable\ip/DdrCtrl\DdrCtrl.sv (1460)" removed instance : ddr3_ctl_axi/u_efx_ddr3_soft_controller/genblk1.inst_ddr3_axi/inst_efx_ddr3/top_mc/controller_main/dffrs_2527/i126_rst_0
@ "D:\yilingsi_fpga\Efinity_Project\Ti60F225_OV5640_Sobel_Stable\ip/DdrCtrl\DdrCtrl.sv (1460)" representative instance : ddr3_ctl_axi/u_efx_ddr3_soft_controller/genblk1.inst_ddr3_axi/inst_efx_ddr3/top_mc/controller_main/dffrs_2527/i10_rst_0
FF|OPT : Flip-flop optimization by equivalence checking
@ "D:\yilingsi_fpga\Efinity_Project\Ti60F225_OV5640_Sobel_Stable\ip/DdrCtrl\DdrCtrl.sv (1460)" removed instance : ddr3_ctl_axi/u_efx_ddr3_soft_controller/genblk1.inst_ddr3_axi/inst_efx_ddr3/top_mc/controller_main/dffrs_2527/i126_rst_1
@ "D:\yilingsi_fpga\Efinity_Project\Ti60F225_OV5640_Sobel_Stable\ip/DdrCtrl\DdrCtrl.sv (1460)" representative instance : ddr3_ctl_axi/u_efx_ddr3_soft_controller/genblk1.inst_ddr3_axi/inst_efx_ddr3/top_mc/controller_main/dffrs_2527/i10_rst_1
FF|OPT : Flip-flop optimization by equivalence checking
@ "D:\yilingsi_fpga\Efinity_Project\Ti60F225_OV5640_Sobel_Stable\ip/DdrCtrl\DdrCtrl.sv (1460)" removed instance : ddr3_ctl_axi/u_efx_ddr3_soft_controller/genblk1.inst_ddr3_axi/inst_efx_ddr3/top_mc/controller_main/dffrs_2527/i126_rst_2
@ "D:\yilingsi_fpga\Efinity_Project\Ti60F225_OV5640_Sobel_Stable\ip/DdrCtrl\DdrCtrl.sv (1460)" representative instance : ddr3_ctl_axi/u_efx_ddr3_soft_controller/genblk1.inst_ddr3_axi/inst_efx_ddr3/top_mc/controller_main/dffrs_2527/i10_rst_2
FF|OPT : Flip-flop optimization by equivalence checking
@ "D:\yilingsi_fpga\Efinity_Project\Ti60F225_OV5640_Sobel_Stable\ip/DdrCtrl\DdrCtrl.sv (1460)" removed instance : ddr3_ctl_axi/u_efx_ddr3_soft_controller/genblk1.inst_ddr3_axi/inst_efx_ddr3/top_mc/controller_main/dffrs_2527/i126_rst_3
@ "D:\yilingsi_fpga\Efinity_Project\Ti60F225_OV5640_Sobel_Stable\ip/DdrCtrl\DdrCtrl.sv (1460)" representative instance : ddr3_ctl_axi/u_efx_ddr3_soft_controller/genblk1.inst_ddr3_axi/inst_efx_ddr3/top_mc/controller_main/dffrs_2527/i10_rst_3
FF|OPT : Flip-flop optimization by equivalence checking
@ "D:\yilingsi_fpga\Efinity_Project\Ti60F225_OV5640_Sobel_Stable\ip/DdrCtrl\DdrCtrl.sv (1460)" removed instance : ddr3_ctl_axi/u_efx_ddr3_soft_controller/genblk1.inst_ddr3_axi/inst_efx_ddr3/top_mc/controller_main/dffrs_2527/i125_rst_0
@ "D:\yilingsi_fpga\Efinity_Project\Ti60F225_OV5640_Sobel_Stable\ip/DdrCtrl\DdrCtrl.sv (1460)" representative instance : ddr3_ctl_axi/u_efx_ddr3_soft_controller/genblk1.inst_ddr3_axi/inst_efx_ddr3/top_mc/controller_main/dffrs_2527/i10_rst_0
FF|OPT : Flip-flop optimization by equivalence checking
@ "D:\yilingsi_fpga\Efinity_Project\Ti60F225_OV5640_Sobel_Stable\ip/DdrCtrl\DdrCtrl.sv (1460)" removed instance : ddr3_ctl_axi/u_efx_ddr3_soft_controller/genblk1.inst_ddr3_axi/inst_efx_ddr3/top_mc/controller_main/dffrs_2527/i125_rst_1
@ "D:\yilingsi_fpga\Efinity_Project\Ti60F225_OV5640_Sobel_Stable\ip/DdrCtrl\DdrCtrl.sv (1460)" representative instance : ddr3_ctl_axi/u_efx_ddr3_soft_controller/genblk1.inst_ddr3_axi/inst_efx_ddr3/top_mc/controller_main/dffrs_2527/i10_rst_1
FF|OPT : Flip-flop optimization by equivalence checking
@ "D:\yilingsi_fpga\Efinity_Project\Ti60F225_OV5640_Sobel_Stable\ip/DdrCtrl\DdrCtrl.sv (1460)" removed instance : ddr3_ctl_axi/u_efx_ddr3_soft_controller/genblk1.inst_ddr3_axi/inst_efx_ddr3/top_mc/controller_main/dffrs_2527/i125_rst_2
@ "D:\yilingsi_fpga\Efinity_Project\Ti60F225_OV5640_Sobel_Stable\ip/DdrCtrl\DdrCtrl.sv (1460)" representative instance : ddr3_ctl_axi/u_efx_ddr3_soft_controller/genblk1.inst_ddr3_axi/inst_efx_ddr3/top_mc/controller_main/dffrs_2527/i10_rst_2
FF|OPT : Flip-flop optimization by equivalence checking
@ "D:\yilingsi_fpga\Efinity_Project\Ti60F225_OV5640_Sobel_Stable\ip/DdrCtrl\DdrCtrl.sv (1460)" removed instance : ddr3_ctl_axi/u_efx_ddr3_soft_controller/genblk1.inst_ddr3_axi/inst_efx_ddr3/top_mc/controller_main/dffrs_2527/i125_rst_3
@ "D:\yilingsi_fpga\Efinity_Project\Ti60F225_OV5640_Sobel_Stable\ip/DdrCtrl\DdrCtrl.sv (1460)" representative instance : ddr3_ctl_axi/u_efx_ddr3_soft_controller/genblk1.inst_ddr3_axi/inst_efx_ddr3/top_mc/controller_main/dffrs_2527/i10_rst_3
FF|OPT : Flip-flop optimization by equivalence checking
@ "D:\yilingsi_fpga\Efinity_Project\Ti60F225_OV5640_Sobel_Stable\ip/DdrCtrl\DdrCtrl.sv (3274)" removed instance : ddr3_ctl_axi/u_efx_ddr3_soft_controller/genblk1.inst_ddr3_axi/inst_efx_ddr3/dff_734/i105
@ "D:\yilingsi_fpga\Efinity_Project\Ti60F225_OV5640_Sobel_Stable\ip/DdrCtrl\DdrCtrl.sv (3274)" representative instance : ddr3_ctl_axi/u_efx_ddr3_soft_controller/genblk1.inst_ddr3_axi/inst_efx_ddr3/dff_734/i100
FF|OPT : Flip-flop optimization by equivalence checking
@ "D:\yilingsi_fpga\Efinity_Project\Ti60F225_OV5640_Sobel_Stable\ip/DdrCtrl\DdrCtrl.sv (3274)" removed instance : ddr3_ctl_axi/u_efx_ddr3_soft_controller/genblk1.inst_ddr3_axi/inst_efx_ddr3/dff_734/i106
@ "D:\yilingsi_fpga\Efinity_Project\Ti60F225_OV5640_Sobel_Stable\ip/DdrCtrl\DdrCtrl.sv (3274)" representative instance : ddr3_ctl_axi/u_efx_ddr3_soft_controller/genblk1.inst_ddr3_axi/inst_efx_ddr3/dff_734/i85
FF|OPT : Flip-flop optimization by equivalence checking
@ "D:\yilingsi_fpga\Efinity_Project\Ti60F225_OV5640_Sobel_Stable\ip/DdrCtrl\DdrCtrl.sv (3274)" removed instance : ddr3_ctl_axi/u_efx_ddr3_soft_controller/genblk1.inst_ddr3_axi/inst_efx_ddr3/dff_734/i108
@ "D:\yilingsi_fpga\Efinity_Project\Ti60F225_OV5640_Sobel_Stable\ip/DdrCtrl\DdrCtrl.sv (3274)" representative instance : ddr3_ctl_axi/u_efx_ddr3_soft_controller/genblk1.inst_ddr3_axi/inst_efx_ddr3/dff_734/i100
FF|OPT : Flip-flop optimization by equivalence checking
@ "D:\yilingsi_fpga\Efinity_Project\Ti60F225_OV5640_Sobel_Stable\ip/DdrCtrl\DdrCtrl.sv (3274)" removed instance : ddr3_ctl_axi/u_efx_ddr3_soft_controller/genblk1.inst_ddr3_axi/inst_efx_ddr3/dff_734/i110
@ "D:\yilingsi_fpga\Efinity_Project\Ti60F225_OV5640_Sobel_Stable\ip/DdrCtrl\DdrCtrl.sv (3274)" representative instance : ddr3_ctl_axi/u_efx_ddr3_soft_controller/genblk1.inst_ddr3_axi/inst_efx_ddr3/dff_734/i81
FF|OPT : Flip-flop optimization by equivalence checking
@ "D:\yilingsi_fpga\Efinity_Project\Ti60F225_OV5640_Sobel_Stable\ip/DdrCtrl\DdrCtrl.sv (3274)" removed instance : ddr3_ctl_axi/u_efx_ddr3_soft_controller/genblk1.inst_ddr3_axi/inst_efx_ddr3/dff_734/i111
@ "D:\yilingsi_fpga\Efinity_Project\Ti60F225_OV5640_Sobel_Stable\ip/DdrCtrl\DdrCtrl.sv (3274)" representative instance : ddr3_ctl_axi/u_efx_ddr3_soft_controller/genblk1.inst_ddr3_axi/inst_efx_ddr3/dff_734/i91
FF|OPT : Flip-flop optimization by equivalence checking
@ "D:\yilingsi_fpga\Efinity_Project\Ti60F225_OV5640_Sobel_Stable\ip/DdrCtrl\DdrCtrl.sv (3274)" removed instance : ddr3_ctl_axi/u_efx_ddr3_soft_controller/genblk1.inst_ddr3_axi/inst_efx_ddr3/dff_734/i112
@ "D:\yilingsi_fpga\Efinity_Project\Ti60F225_OV5640_Sobel_Stable\ip/DdrCtrl\DdrCtrl.sv (3274)" representative instance : ddr3_ctl_axi/u_efx_ddr3_soft_controller/genblk1.inst_ddr3_axi/inst_efx_ddr3/dff_734/i95
FF|OPT : Flip-flop optimization by equivalence checking
@ "D:\yilingsi_fpga\Efinity_Project\Ti60F225_OV5640_Sobel_Stable\ip/DdrCtrl\DdrCtrl.sv (3274)" removed instance : ddr3_ctl_axi/u_efx_ddr3_soft_controller/genblk1.inst_ddr3_axi/inst_efx_ddr3/dff_734/i113
@ "D:\yilingsi_fpga\Efinity_Project\Ti60F225_OV5640_Sobel_Stable\ip/DdrCtrl\DdrCtrl.sv (3274)" representative instance : ddr3_ctl_axi/u_efx_ddr3_soft_controller/genblk1.inst_ddr3_axi/inst_efx_ddr3/dff_734/i4
FF|OPT : Flip-flop optimization by equivalence checking
@ "D:\yilingsi_fpga\Efinity_Project\Ti60F225_OV5640_Sobel_Stable\ip/DdrCtrl\DdrCtrl.sv (3274)" removed instance : ddr3_ctl_axi/u_efx_ddr3_soft_controller/genblk1.inst_ddr3_axi/inst_efx_ddr3/dff_734/i114
@ "D:\yilingsi_fpga\Efinity_Project\Ti60F225_OV5640_Sobel_Stable\ip/DdrCtrl\DdrCtrl.sv (3274)" representative instance : ddr3_ctl_axi/u_efx_ddr3_soft_controller/genblk1.inst_ddr3_axi/inst_efx_ddr3/dff_734/i100
FF|OPT : Flip-flop optimization by equivalence checking
@ "D:\yilingsi_fpga\Efinity_Project\Ti60F225_OV5640_Sobel_Stable\ip/DdrCtrl\DdrCtrl.sv (3274)" removed instance : ddr3_ctl_axi/u_efx_ddr3_soft_controller/genblk1.inst_ddr3_axi/inst_efx_ddr3/dff_734/i115
@ "D:\yilingsi_fpga\Efinity_Project\Ti60F225_OV5640_Sobel_Stable\ip/DdrCtrl\DdrCtrl.sv (3274)" representative instance : ddr3_ctl_axi/u_efx_ddr3_soft_controller/genblk1.inst_ddr3_axi/inst_efx_ddr3/dff_734/i100
FF|OPT : Flip-flop optimization by equivalence checking
@ "D:\yilingsi_fpga\Efinity_Project\Ti60F225_OV5640_Sobel_Stable\ip/DdrCtrl\DdrCtrl.sv (3274)" removed instance : ddr3_ctl_axi/u_efx_ddr3_soft_controller/genblk1.inst_ddr3_axi/inst_efx_ddr3/dff_734/i116
@ "D:\yilingsi_fpga\Efinity_Project\Ti60F225_OV5640_Sobel_Stable\ip/DdrCtrl\DdrCtrl.sv (3274)" representative instance : ddr3_ctl_axi/u_efx_ddr3_soft_controller/genblk1.inst_ddr3_axi/inst_efx_ddr3/dff_734/i2
FF|OPT : Flip-flop optimization by equivalence checking
@ "D:\yilingsi_fpga\Efinity_Project\Ti60F225_OV5640_Sobel_Stable\ip/DdrCtrl\DdrCtrl.sv (3274)" removed instance : ddr3_ctl_axi/u_efx_ddr3_soft_controller/genblk1.inst_ddr3_axi/inst_efx_ddr3/dff_734/i117
@ "D:\yilingsi_fpga\Efinity_Project\Ti60F225_OV5640_Sobel_Stable\ip/DdrCtrl\DdrCtrl.sv (3274)" representative instance : ddr3_ctl_axi/u_efx_ddr3_soft_controller/genblk1.inst_ddr3_axi/inst_efx_ddr3/dff_734/i4
FF|OPT : Flip-flop optimization by equivalence checking
@ "D:\yilingsi_fpga\Efinity_Project\Ti60F225_OV5640_Sobel_Stable\ip/DdrCtrl\DdrCtrl.sv (3274)" removed instance : ddr3_ctl_axi/u_efx_ddr3_soft_controller/genblk1.inst_ddr3_axi/inst_efx_ddr3/dff_734/i118
@ "D:\yilingsi_fpga\Efinity_Project\Ti60F225_OV5640_Sobel_Stable\ip/DdrCtrl\DdrCtrl.sv (3274)" representative instance : ddr3_ctl_axi/u_efx_ddr3_soft_controller/genblk1.inst_ddr3_axi/inst_efx_ddr3/dff_734/i91
FF|OPT : Flip-flop optimization by equivalence checking
@ "D:\yilingsi_fpga\Efinity_Project\Ti60F225_OV5640_Sobel_Stable\ip/DdrCtrl\DdrCtrl.sv (3274)" removed instance : ddr3_ctl_axi/u_efx_ddr3_soft_controller/genblk1.inst_ddr3_axi/inst_efx_ddr3/dff_734/i120
@ "D:\yilingsi_fpga\Efinity_Project\Ti60F225_OV5640_Sobel_Stable\ip/DdrCtrl\DdrCtrl.sv (3274)" representative instance : ddr3_ctl_axi/u_efx_ddr3_soft_controller/genblk1.inst_ddr3_axi/inst_efx_ddr3/dff_734/i3
FF|OPT : Flip-flop optimization by equivalence checking
@ "D:\yilingsi_fpga\Efinity_Project\Ti60F225_OV5640_Sobel_Stable\ip/DdrCtrl\DdrCtrl.sv (3274)" removed instance : ddr3_ctl_axi/u_efx_ddr3_soft_controller/genblk1.inst_ddr3_axi/inst_efx_ddr3/dff_734/i121
@ "D:\yilingsi_fpga\Efinity_Project\Ti60F225_OV5640_Sobel_Stable\ip/DdrCtrl\DdrCtrl.sv (3274)" representative instance : ddr3_ctl_axi/u_efx_ddr3_soft_controller/genblk1.inst_ddr3_axi/inst_efx_ddr3/dff_734/i8
FF|OPT : Flip-flop optimization by equivalence checking
@ "D:\yilingsi_fpga\Efinity_Project\Ti60F225_OV5640_Sobel_Stable\ip/DdrCtrl\DdrCtrl.sv (3274)" removed instance : ddr3_ctl_axi/u_efx_ddr3_soft_controller/genblk1.inst_ddr3_axi/inst_efx_ddr3/dff_734/i122
@ "D:\yilingsi_fpga\Efinity_Project\Ti60F225_OV5640_Sobel_Stable\ip/DdrCtrl\DdrCtrl.sv (3274)" representative instance : ddr3_ctl_axi/u_efx_ddr3_soft_controller/genblk1.inst_ddr3_axi/inst_efx_ddr3/dff_734/i91
FF|OPT : Flip-flop optimization by equivalence checking
@ "D:\yilingsi_fpga\Efinity_Project\Ti60F225_OV5640_Sobel_Stable\ip/DdrCtrl\DdrCtrl.sv (3274)" removed instance : ddr3_ctl_axi/u_efx_ddr3_soft_controller/genblk1.inst_ddr3_axi/inst_efx_ddr3/dff_734/i123
@ "D:\yilingsi_fpga\Efinity_Project\Ti60F225_OV5640_Sobel_Stable\ip/DdrCtrl\DdrCtrl.sv (3274)" representative instance : ddr3_ctl_axi/u_efx_ddr3_soft_controller/genblk1.inst_ddr3_axi/inst_efx_ddr3/dff_734/i95
FF|OPT : Flip-flop optimization by equivalence checking
@ "D:\yilingsi_fpga\Efinity_Project\Ti60F225_OV5640_Sobel_Stable\ip/DdrCtrl\DdrCtrl.sv (3274)" removed instance : ddr3_ctl_axi/u_efx_ddr3_soft_controller/genblk1.inst_ddr3_axi/inst_efx_ddr3/dff_734/i124
@ "D:\yilingsi_fpga\Efinity_Project\Ti60F225_OV5640_Sobel_Stable\ip/DdrCtrl\DdrCtrl.sv (3274)" representative instance : ddr3_ctl_axi/u_efx_ddr3_soft_controller/genblk1.inst_ddr3_axi/inst_efx_ddr3/dff_734/i1
FF|OPT : Flip-flop optimization by equivalence checking
@ "D:\yilingsi_fpga\Efinity_Project\Ti60F225_OV5640_Sobel_Stable\ip/DdrCtrl\DdrCtrl.sv (1460)" removed instance : ddr3_ctl_axi/u_efx_ddr3_soft_controller/genblk1.inst_ddr3_axi/inst_efx_ddr3/top_mc/controller_main/dffrs_2527/i124_rst_0
@ "D:\yilingsi_fpga\Efinity_Project\Ti60F225_OV5640_Sobel_Stable\ip/DdrCtrl\DdrCtrl.sv (1460)" representative instance : ddr3_ctl_axi/u_efx_ddr3_soft_controller/genblk1.inst_ddr3_axi/inst_efx_ddr3/top_mc/controller_main/dffrs_2527/i10_rst_0
FF|OPT : Flip-flop optimization by equivalence checking
@ "D:\yilingsi_fpga\Efinity_Project\Ti60F225_OV5640_Sobel_Stable\ip/DdrCtrl\DdrCtrl.sv (1460)" removed instance : ddr3_ctl_axi/u_efx_ddr3_soft_controller/genblk1.inst_ddr3_axi/inst_efx_ddr3/top_mc/controller_main/dffrs_2527/i124_rst_1
@ "D:\yilingsi_fpga\Efinity_Project\Ti60F225_OV5640_Sobel_Stable\ip/DdrCtrl\DdrCtrl.sv (1460)" representative instance : ddr3_ctl_axi/u_efx_ddr3_soft_controller/genblk1.inst_ddr3_axi/inst_efx_ddr3/top_mc/controller_main/dffrs_2527/i10_rst_1
FF|OPT : Flip-flop optimization by equivalence checking
@ "D:\yilingsi_fpga\Efinity_Project\Ti60F225_OV5640_Sobel_Stable\ip/DdrCtrl\DdrCtrl.sv (1460)" removed instance : ddr3_ctl_axi/u_efx_ddr3_soft_controller/genblk1.inst_ddr3_axi/inst_efx_ddr3/top_mc/controller_main/dffrs_2527/i124_rst_2
@ "D:\yilingsi_fpga\Efinity_Project\Ti60F225_OV5640_Sobel_Stable\ip/DdrCtrl\DdrCtrl.sv (1460)" representative instance : ddr3_ctl_axi/u_efx_ddr3_soft_controller/genblk1.inst_ddr3_axi/inst_efx_ddr3/top_mc/controller_main/dffrs_2527/i10_rst_2
FF|OPT : Flip-flop optimization by equivalence checking
@ "D:\yilingsi_fpga\Efinity_Project\Ti60F225_OV5640_Sobel_Stable\ip/DdrCtrl\DdrCtrl.sv (1460)" removed instance : ddr3_ctl_axi/u_efx_ddr3_soft_controller/genblk1.inst_ddr3_axi/inst_efx_ddr3/top_mc/controller_main/dffrs_2527/i124_rst_3
@ "D:\yilingsi_fpga\Efinity_Project\Ti60F225_OV5640_Sobel_Stable\ip/DdrCtrl\DdrCtrl.sv (1460)" representative instance : ddr3_ctl_axi/u_efx_ddr3_soft_controller/genblk1.inst_ddr3_axi/inst_efx_ddr3/top_mc/controller_main/dffrs_2527/i10_rst_3
FF|OPT : Flip-flop optimization by equivalence checking
@ "D:\yilingsi_fpga\Efinity_Project\Ti60F225_OV5640_Sobel_Stable\ip/DdrCtrl\DdrCtrl.sv (1460)" removed instance : ddr3_ctl_axi/u_efx_ddr3_soft_controller/genblk1.inst_ddr3_axi/inst_efx_ddr3/top_mc/controller_main/dffrs_2527/i123_rst_0
@ "D:\yilingsi_fpga\Efinity_Project\Ti60F225_OV5640_Sobel_Stable\ip/DdrCtrl\DdrCtrl.sv (1460)" representative instance : ddr3_ctl_axi/u_efx_ddr3_soft_controller/genblk1.inst_ddr3_axi/inst_efx_ddr3/top_mc/controller_main/dffrs_2527/i10_rst_0
FF|OPT : Flip-flop optimization by equivalence checking
@ "D:\yilingsi_fpga\Efinity_Project\Ti60F225_OV5640_Sobel_Stable\ip/DdrCtrl\DdrCtrl.sv (1460)" removed instance : ddr3_ctl_axi/u_efx_ddr3_soft_controller/genblk1.inst_ddr3_axi/inst_efx_ddr3/top_mc/controller_main/dffrs_2527/i123_rst_1
@ "D:\yilingsi_fpga\Efinity_Project\Ti60F225_OV5640_Sobel_Stable\ip/DdrCtrl\DdrCtrl.sv (1460)" representative instance : ddr3_ctl_axi/u_efx_ddr3_soft_controller/genblk1.inst_ddr3_axi/inst_efx_ddr3/top_mc/controller_main/dffrs_2527/i10_rst_1
FF|OPT : Flip-flop optimization by equivalence checking
@ "D:\yilingsi_fpga\Efinity_Project\Ti60F225_OV5640_Sobel_Stable\ip/DdrCtrl\DdrCtrl.sv (1460)" removed instance : ddr3_ctl_axi/u_efx_ddr3_soft_controller/genblk1.inst_ddr3_axi/inst_efx_ddr3/top_mc/controller_main/dffrs_2527/i123_rst_2
@ "D:\yilingsi_fpga\Efinity_Project\Ti60F225_OV5640_Sobel_Stable\ip/DdrCtrl\DdrCtrl.sv (1460)" representative instance : ddr3_ctl_axi/u_efx_ddr3_soft_controller/genblk1.inst_ddr3_axi/inst_efx_ddr3/top_mc/controller_main/dffrs_2527/i10_rst_2
FF|OPT : Flip-flop optimization by equivalence checking
@ "D:\yilingsi_fpga\Efinity_Project\Ti60F225_OV5640_Sobel_Stable\ip/DdrCtrl\DdrCtrl.sv (1460)" removed instance : ddr3_ctl_axi/u_efx_ddr3_soft_controller/genblk1.inst_ddr3_axi/inst_efx_ddr3/top_mc/controller_main/dffrs_2527/i123_rst_3
@ "D:\yilingsi_fpga\Efinity_Project\Ti60F225_OV5640_Sobel_Stable\ip/DdrCtrl\DdrCtrl.sv (1460)" representative instance : ddr3_ctl_axi/u_efx_ddr3_soft_controller/genblk1.inst_ddr3_axi/inst_efx_ddr3/top_mc/controller_main/dffrs_2527/i10_rst_3
FF|OPT : Flip-flop optimization by equivalence checking
@ "D:\yilingsi_fpga\Efinity_Project\Ti60F225_OV5640_Sobel_Stable\ip/DdrCtrl\DdrCtrl.sv (1460)" removed instance : ddr3_ctl_axi/u_efx_ddr3_soft_controller/genblk1.inst_ddr3_axi/inst_efx_ddr3/top_mc/controller_main/dffrs_2527/i122_rst_0
@ "D:\yilingsi_fpga\Efinity_Project\Ti60F225_OV5640_Sobel_Stable\ip/DdrCtrl\DdrCtrl.sv (1460)" representative instance : ddr3_ctl_axi/u_efx_ddr3_soft_controller/genblk1.inst_ddr3_axi/inst_efx_ddr3/top_mc/controller_main/dffrs_2527/i10_rst_0
FF|OPT : Flip-flop optimization by equivalence checking
@ "D:\yilingsi_fpga\Efinity_Project\Ti60F225_OV5640_Sobel_Stable\ip/DdrCtrl\DdrCtrl.sv (1460)" removed instance : ddr3_ctl_axi/u_efx_ddr3_soft_controller/genblk1.inst_ddr3_axi/inst_efx_ddr3/top_mc/controller_main/dffrs_2527/i122_rst_1
@ "D:\yilingsi_fpga\Efinity_Project\Ti60F225_OV5640_Sobel_Stable\ip/DdrCtrl\DdrCtrl.sv (1460)" representative instance : ddr3_ctl_axi/u_efx_ddr3_soft_controller/genblk1.inst_ddr3_axi/inst_efx_ddr3/top_mc/controller_main/dffrs_2527/i10_rst_1
FF|OPT : Flip-flop optimization by equivalence checking
@ "D:\yilingsi_fpga\Efinity_Project\Ti60F225_OV5640_Sobel_Stable\ip/DdrCtrl\DdrCtrl.sv (1460)" removed instance : ddr3_ctl_axi/u_efx_ddr3_soft_controller/genblk1.inst_ddr3_axi/inst_efx_ddr3/top_mc/controller_main/dffrs_2527/i122_rst_2
@ "D:\yilingsi_fpga\Efinity_Project\Ti60F225_OV5640_Sobel_Stable\ip/DdrCtrl\DdrCtrl.sv (1460)" representative instance : ddr3_ctl_axi/u_efx_ddr3_soft_controller/genblk1.inst_ddr3_axi/inst_efx_ddr3/top_mc/controller_main/dffrs_2527/i10_rst_2
FF|OPT : Flip-flop optimization by equivalence checking
@ "D:\yilingsi_fpga\Efinity_Project\Ti60F225_OV5640_Sobel_Stable\ip/DdrCtrl\DdrCtrl.sv (1460)" removed instance : ddr3_ctl_axi/u_efx_ddr3_soft_controller/genblk1.inst_ddr3_axi/inst_efx_ddr3/top_mc/controller_main/dffrs_2527/i122_rst_3
@ "D:\yilingsi_fpga\Efinity_Project\Ti60F225_OV5640_Sobel_Stable\ip/DdrCtrl\DdrCtrl.sv (1460)" representative instance : ddr3_ctl_axi/u_efx_ddr3_soft_controller/genblk1.inst_ddr3_axi/inst_efx_ddr3/top_mc/controller_main/dffrs_2527/i10_rst_3
FF|OPT : Flip-flop optimization by equivalence checking
@ "D:\yilingsi_fpga\Efinity_Project\Ti60F225_OV5640_Sobel_Stable\ip/DdrCtrl\DdrCtrl.sv (1460)" removed instance : ddr3_ctl_axi/u_efx_ddr3_soft_controller/genblk1.inst_ddr3_axi/inst_efx_ddr3/top_mc/controller_main/dffrs_2527/i121_rst_0
@ "D:\yilingsi_fpga\Efinity_Project\Ti60F225_OV5640_Sobel_Stable\ip/DdrCtrl\DdrCtrl.sv (1460)" representative instance : ddr3_ctl_axi/u_efx_ddr3_soft_controller/genblk1.inst_ddr3_axi/inst_efx_ddr3/top_mc/controller_main/dffrs_2527/i10_rst_0
FF|OPT : Flip-flop optimization by equivalence checking
@ "D:\yilingsi_fpga\Efinity_Project\Ti60F225_OV5640_Sobel_Stable\ip/DdrCtrl\DdrCtrl.sv (1460)" removed instance : ddr3_ctl_axi/u_efx_ddr3_soft_controller/genblk1.inst_ddr3_axi/inst_efx_ddr3/top_mc/controller_main/dffrs_2527/i121_rst_1
@ "D:\yilingsi_fpga\Efinity_Project\Ti60F225_OV5640_Sobel_Stable\ip/DdrCtrl\DdrCtrl.sv (1460)" representative instance : ddr3_ctl_axi/u_efx_ddr3_soft_controller/genblk1.inst_ddr3_axi/inst_efx_ddr3/top_mc/controller_main/dffrs_2527/i10_rst_1
FF|OPT : Flip-flop optimization by equivalence checking
@ "D:\yilingsi_fpga\Efinity_Project\Ti60F225_OV5640_Sobel_Stable\ip/DdrCtrl\DdrCtrl.sv (1460)" removed instance : ddr3_ctl_axi/u_efx_ddr3_soft_controller/genblk1.inst_ddr3_axi/inst_efx_ddr3/top_mc/controller_main/dffrs_2527/i121_rst_2
@ "D:\yilingsi_fpga\Efinity_Project\Ti60F225_OV5640_Sobel_Stable\ip/DdrCtrl\DdrCtrl.sv (1460)" representative instance : ddr3_ctl_axi/u_efx_ddr3_soft_controller/genblk1.inst_ddr3_axi/inst_efx_ddr3/top_mc/controller_main/dffrs_2527/i10_rst_2
FF|OPT : Flip-flop optimization by equivalence checking
@ "D:\yilingsi_fpga\Efinity_Project\Ti60F225_OV5640_Sobel_Stable\ip/DdrCtrl\DdrCtrl.sv (1460)" removed instance : ddr3_ctl_axi/u_efx_ddr3_soft_controller/genblk1.inst_ddr3_axi/inst_efx_ddr3/top_mc/controller_main/dffrs_2527/i121_rst_3
@ "D:\yilingsi_fpga\Efinity_Project\Ti60F225_OV5640_Sobel_Stable\ip/DdrCtrl\DdrCtrl.sv (1460)" representative instance : ddr3_ctl_axi/u_efx_ddr3_soft_controller/genblk1.inst_ddr3_axi/inst_efx_ddr3/top_mc/controller_main/dffrs_2527/i10_rst_3
FF|OPT : Flip-flop optimization by equivalence checking
@ "D:\yilingsi_fpga\Efinity_Project\Ti60F225_OV5640_Sobel_Stable\ip/DdrCtrl\DdrCtrl.sv (1460)" removed instance : ddr3_ctl_axi/u_efx_ddr3_soft_controller/genblk1.inst_ddr3_axi/inst_efx_ddr3/top_mc/controller_main/dffrs_2527/i12_rst_0
@ "D:\yilingsi_fpga\Efinity_Project\Ti60F225_OV5640_Sobel_Stable\ip/DdrCtrl\DdrCtrl.sv (1460)" representative instance : ddr3_ctl_axi/u_efx_ddr3_soft_controller/genblk1.inst_ddr3_axi/inst_efx_ddr3/top_mc/controller_main/dffrs_2527/i10_rst_0
FF|OPT : Flip-flop optimization by equivalence checking
@ "D:\yilingsi_fpga\Efinity_Project\Ti60F225_OV5640_Sobel_Stable\ip/DdrCtrl\DdrCtrl.sv (1460)" removed instance : ddr3_ctl_axi/u_efx_ddr3_soft_controller/genblk1.inst_ddr3_axi/inst_efx_ddr3/top_mc/controller_main/dffrs_2527/i12_rst_1
@ "D:\yilingsi_fpga\Efinity_Project\Ti60F225_OV5640_Sobel_Stable\ip/DdrCtrl\DdrCtrl.sv (1460)" representative instance : ddr3_ctl_axi/u_efx_ddr3_soft_controller/genblk1.inst_ddr3_axi/inst_efx_ddr3/top_mc/controller_main/dffrs_2527/i10_rst_1
FF|OPT : Flip-flop optimization by equivalence checking
@ "D:\yilingsi_fpga\Efinity_Project\Ti60F225_OV5640_Sobel_Stable\ip/DdrCtrl\DdrCtrl.sv (1460)" removed instance : ddr3_ctl_axi/u_efx_ddr3_soft_controller/genblk1.inst_ddr3_axi/inst_efx_ddr3/top_mc/controller_main/dffrs_2527/i12_rst_2
@ "D:\yilingsi_fpga\Efinity_Project\Ti60F225_OV5640_Sobel_Stable\ip/DdrCtrl\DdrCtrl.sv (1460)" representative instance : ddr3_ctl_axi/u_efx_ddr3_soft_controller/genblk1.inst_ddr3_axi/inst_efx_ddr3/top_mc/controller_main/dffrs_2527/i10_rst_2
FF|OPT : Flip-flop optimization by equivalence checking
@ "D:\yilingsi_fpga\Efinity_Project\Ti60F225_OV5640_Sobel_Stable\ip/DdrCtrl\DdrCtrl.sv (1460)" removed instance : ddr3_ctl_axi/u_efx_ddr3_soft_controller/genblk1.inst_ddr3_axi/inst_efx_ddr3/top_mc/controller_main/dffrs_2527/i12_rst_3
@ "D:\yilingsi_fpga\Efinity_Project\Ti60F225_OV5640_Sobel_Stable\ip/DdrCtrl\DdrCtrl.sv (1460)" representative instance : ddr3_ctl_axi/u_efx_ddr3_soft_controller/genblk1.inst_ddr3_axi/inst_efx_ddr3/top_mc/controller_main/dffrs_2527/i10_rst_3
FF|OPT : Flip-flop optimization by equivalence checking
@ "D:\yilingsi_fpga\Efinity_Project\Ti60F225_OV5640_Sobel_Stable\ip/DdrCtrl\DdrCtrl.sv (1460)" removed instance : ddr3_ctl_axi/u_efx_ddr3_soft_controller/genblk1.inst_ddr3_axi/inst_efx_ddr3/top_mc/controller_main/dffrs_2527/i120_rst_0
@ "D:\yilingsi_fpga\Efinity_Project\Ti60F225_OV5640_Sobel_Stable\ip/DdrCtrl\DdrCtrl.sv (1460)" representative instance : ddr3_ctl_axi/u_efx_ddr3_soft_controller/genblk1.inst_ddr3_axi/inst_efx_ddr3/top_mc/controller_main/dffrs_2527/i10_rst_0
FF|OPT : Flip-flop optimization by equivalence checking
@ "D:\yilingsi_fpga\Efinity_Project\Ti60F225_OV5640_Sobel_Stable\ip/DdrCtrl\DdrCtrl.sv (1460)" removed instance : ddr3_ctl_axi/u_efx_ddr3_soft_controller/genblk1.inst_ddr3_axi/inst_efx_ddr3/top_mc/controller_main/dffrs_2527/i120_rst_1
@ "D:\yilingsi_fpga\Efinity_Project\Ti60F225_OV5640_Sobel_Stable\ip/DdrCtrl\DdrCtrl.sv (1460)" representative instance : ddr3_ctl_axi/u_efx_ddr3_soft_controller/genblk1.inst_ddr3_axi/inst_efx_ddr3/top_mc/controller_main/dffrs_2527/i10_rst_1
FF|OPT : Flip-flop optimization by equivalence checking
@ "D:\yilingsi_fpga\Efinity_Project\Ti60F225_OV5640_Sobel_Stable\ip/DdrCtrl\DdrCtrl.sv (1460)" removed instance : ddr3_ctl_axi/u_efx_ddr3_soft_controller/genblk1.inst_ddr3_axi/inst_efx_ddr3/top_mc/controller_main/dffrs_2527/i120_rst_2
@ "D:\yilingsi_fpga\Efinity_Project\Ti60F225_OV5640_Sobel_Stable\ip/DdrCtrl\DdrCtrl.sv (1460)" representative instance : ddr3_ctl_axi/u_efx_ddr3_soft_controller/genblk1.inst_ddr3_axi/inst_efx_ddr3/top_mc/controller_main/dffrs_2527/i10_rst_2
FF|OPT : Flip-flop optimization by equivalence checking
@ "D:\yilingsi_fpga\Efinity_Project\Ti60F225_OV5640_Sobel_Stable\ip/DdrCtrl\DdrCtrl.sv (1460)" removed instance : ddr3_ctl_axi/u_efx_ddr3_soft_controller/genblk1.inst_ddr3_axi/inst_efx_ddr3/top_mc/controller_main/dffrs_2527/i120_rst_3
@ "D:\yilingsi_fpga\Efinity_Project\Ti60F225_OV5640_Sobel_Stable\ip/DdrCtrl\DdrCtrl.sv (1460)" representative instance : ddr3_ctl_axi/u_efx_ddr3_soft_controller/genblk1.inst_ddr3_axi/inst_efx_ddr3/top_mc/controller_main/dffrs_2527/i10_rst_3
FF|OPT : Flip-flop optimization by equivalence checking
@ "D:\yilingsi_fpga\Efinity_Project\Ti60F225_OV5640_Sobel_Stable\ip/DdrCtrl\DdrCtrl.sv (1460)" removed instance : ddr3_ctl_axi/u_efx_ddr3_soft_controller/genblk1.inst_ddr3_axi/inst_efx_ddr3/top_mc/controller_main/dffrs_2527/i119_rst_0
@ "D:\yilingsi_fpga\Efinity_Project\Ti60F225_OV5640_Sobel_Stable\ip/DdrCtrl\DdrCtrl.sv (1460)" representative instance : ddr3_ctl_axi/u_efx_ddr3_soft_controller/genblk1.inst_ddr3_axi/inst_efx_ddr3/top_mc/controller_main/dffrs_2527/i10_rst_0
FF|OPT : Flip-flop optimization by equivalence checking
@ "D:\yilingsi_fpga\Efinity_Project\Ti60F225_OV5640_Sobel_Stable\ip/DdrCtrl\DdrCtrl.sv (1460)" removed instance : ddr3_ctl_axi/u_efx_ddr3_soft_controller/genblk1.inst_ddr3_axi/inst_efx_ddr3/top_mc/controller_main/dffrs_2527/i119_rst_1
@ "D:\yilingsi_fpga\Efinity_Project\Ti60F225_OV5640_Sobel_Stable\ip/DdrCtrl\DdrCtrl.sv (1460)" representative instance : ddr3_ctl_axi/u_efx_ddr3_soft_controller/genblk1.inst_ddr3_axi/inst_efx_ddr3/top_mc/controller_main/dffrs_2527/i10_rst_1
FF|OPT : Flip-flop optimization by equivalence checking
@ "D:\yilingsi_fpga\Efinity_Project\Ti60F225_OV5640_Sobel_Stable\ip/DdrCtrl\DdrCtrl.sv (1460)" removed instance : ddr3_ctl_axi/u_efx_ddr3_soft_controller/genblk1.inst_ddr3_axi/inst_efx_ddr3/top_mc/controller_main/dffrs_2527/i119_rst_2
@ "D:\yilingsi_fpga\Efinity_Project\Ti60F225_OV5640_Sobel_Stable\ip/DdrCtrl\DdrCtrl.sv (1460)" representative instance : ddr3_ctl_axi/u_efx_ddr3_soft_controller/genblk1.inst_ddr3_axi/inst_efx_ddr3/top_mc/controller_main/dffrs_2527/i10_rst_2
FF|OPT : Flip-flop optimization by equivalence checking
@ "D:\yilingsi_fpga\Efinity_Project\Ti60F225_OV5640_Sobel_Stable\ip/DdrCtrl\DdrCtrl.sv (1460)" removed instance : ddr3_ctl_axi/u_efx_ddr3_soft_controller/genblk1.inst_ddr3_axi/inst_efx_ddr3/top_mc/controller_main/dffrs_2527/i119_rst_3
@ "D:\yilingsi_fpga\Efinity_Project\Ti60F225_OV5640_Sobel_Stable\ip/DdrCtrl\DdrCtrl.sv (1460)" representative instance : ddr3_ctl_axi/u_efx_ddr3_soft_controller/genblk1.inst_ddr3_axi/inst_efx_ddr3/top_mc/controller_main/dffrs_2527/i10_rst_3
FF|OPT : Flip-flop optimization by equivalence checking
@ "D:\yilingsi_fpga\Efinity_Project\Ti60F225_OV5640_Sobel_Stable\ip/DdrCtrl\DdrCtrl.sv (1460)" removed instance : ddr3_ctl_axi/u_efx_ddr3_soft_controller/genblk1.inst_ddr3_axi/inst_efx_ddr3/top_mc/controller_main/dffrs_2527/i118_rst_0
@ "D:\yilingsi_fpga\Efinity_Project\Ti60F225_OV5640_Sobel_Stable\ip/DdrCtrl\DdrCtrl.sv (1460)" representative instance : ddr3_ctl_axi/u_efx_ddr3_soft_controller/genblk1.inst_ddr3_axi/inst_efx_ddr3/top_mc/controller_main/dffrs_2527/i10_rst_0
FF|OPT : Flip-flop optimization by equivalence checking
@ "D:\yilingsi_fpga\Efinity_Project\Ti60F225_OV5640_Sobel_Stable\ip/DdrCtrl\DdrCtrl.sv (1460)" removed instance : ddr3_ctl_axi/u_efx_ddr3_soft_controller/genblk1.inst_ddr3_axi/inst_efx_ddr3/top_mc/controller_main/dffrs_2527/i118_rst_1
@ "D:\yilingsi_fpga\Efinity_Project\Ti60F225_OV5640_Sobel_Stable\ip/DdrCtrl\DdrCtrl.sv (1460)" representative instance : ddr3_ctl_axi/u_efx_ddr3_soft_controller/genblk1.inst_ddr3_axi/inst_efx_ddr3/top_mc/controller_main/dffrs_2527/i10_rst_1
FF|OPT : Flip-flop optimization by equivalence checking
@ "D:\yilingsi_fpga\Efinity_Project\Ti60F225_OV5640_Sobel_Stable\ip/DdrCtrl\DdrCtrl.sv (1460)" removed instance : ddr3_ctl_axi/u_efx_ddr3_soft_controller/genblk1.inst_ddr3_axi/inst_efx_ddr3/top_mc/controller_main/dffrs_2527/i118_rst_2
@ "D:\yilingsi_fpga\Efinity_Project\Ti60F225_OV5640_Sobel_Stable\ip/DdrCtrl\DdrCtrl.sv (1460)" representative instance : ddr3_ctl_axi/u_efx_ddr3_soft_controller/genblk1.inst_ddr3_axi/inst_efx_ddr3/top_mc/controller_main/dffrs_2527/i10_rst_2
FF|OPT : Flip-flop optimization by equivalence checking
@ "D:\yilingsi_fpga\Efinity_Project\Ti60F225_OV5640_Sobel_Stable\ip/DdrCtrl\DdrCtrl.sv (1460)" removed instance : ddr3_ctl_axi/u_efx_ddr3_soft_controller/genblk1.inst_ddr3_axi/inst_efx_ddr3/top_mc/controller_main/dffrs_2527/i118_rst_3
@ "D:\yilingsi_fpga\Efinity_Project\Ti60F225_OV5640_Sobel_Stable\ip/DdrCtrl\DdrCtrl.sv (1460)" representative instance : ddr3_ctl_axi/u_efx_ddr3_soft_controller/genblk1.inst_ddr3_axi/inst_efx_ddr3/top_mc/controller_main/dffrs_2527/i10_rst_3
FF|OPT : Flip-flop optimization by equivalence checking
@ "D:\yilingsi_fpga\Efinity_Project\Ti60F225_OV5640_Sobel_Stable\ip/DdrCtrl\DdrCtrl.sv (1460)" removed instance : ddr3_ctl_axi/u_efx_ddr3_soft_controller/genblk1.inst_ddr3_axi/inst_efx_ddr3/top_mc/controller_main/dffrs_2527/i117_rst_0
@ "D:\yilingsi_fpga\Efinity_Project\Ti60F225_OV5640_Sobel_Stable\ip/DdrCtrl\DdrCtrl.sv (1460)" representative instance : ddr3_ctl_axi/u_efx_ddr3_soft_controller/genblk1.inst_ddr3_axi/inst_efx_ddr3/top_mc/controller_main/dffrs_2527/i10_rst_0
FF|OPT : Flip-flop optimization by equivalence checking
@ "D:\yilingsi_fpga\Efinity_Project\Ti60F225_OV5640_Sobel_Stable\ip/DdrCtrl\DdrCtrl.sv (1460)" removed instance : ddr3_ctl_axi/u_efx_ddr3_soft_controller/genblk1.inst_ddr3_axi/inst_efx_ddr3/top_mc/controller_main/dffrs_2527/i117_rst_1
@ "D:\yilingsi_fpga\Efinity_Project\Ti60F225_OV5640_Sobel_Stable\ip/DdrCtrl\DdrCtrl.sv (1460)" representative instance : ddr3_ctl_axi/u_efx_ddr3_soft_controller/genblk1.inst_ddr3_axi/inst_efx_ddr3/top_mc/controller_main/dffrs_2527/i10_rst_1
FF|OPT : Flip-flop optimization by equivalence checking
@ "D:\yilingsi_fpga\Efinity_Project\Ti60F225_OV5640_Sobel_Stable\ip/DdrCtrl\DdrCtrl.sv (1460)" removed instance : ddr3_ctl_axi/u_efx_ddr3_soft_controller/genblk1.inst_ddr3_axi/inst_efx_ddr3/top_mc/controller_main/dffrs_2527/i117_rst_2
@ "D:\yilingsi_fpga\Efinity_Project\Ti60F225_OV5640_Sobel_Stable\ip/DdrCtrl\DdrCtrl.sv (1460)" representative instance : ddr3_ctl_axi/u_efx_ddr3_soft_controller/genblk1.inst_ddr3_axi/inst_efx_ddr3/top_mc/controller_main/dffrs_2527/i10_rst_2
FF|OPT : Flip-flop optimization by equivalence checking
@ "D:\yilingsi_fpga\Efinity_Project\Ti60F225_OV5640_Sobel_Stable\ip/DdrCtrl\DdrCtrl.sv (1460)" removed instance : ddr3_ctl_axi/u_efx_ddr3_soft_controller/genblk1.inst_ddr3_axi/inst_efx_ddr3/top_mc/controller_main/dffrs_2527/i117_rst_3
@ "D:\yilingsi_fpga\Efinity_Project\Ti60F225_OV5640_Sobel_Stable\ip/DdrCtrl\DdrCtrl.sv (1460)" representative instance : ddr3_ctl_axi/u_efx_ddr3_soft_controller/genblk1.inst_ddr3_axi/inst_efx_ddr3/top_mc/controller_main/dffrs_2527/i10_rst_3
FF|OPT : Flip-flop optimization by equivalence checking
@ "D:\yilingsi_fpga\Efinity_Project\Ti60F225_OV5640_Sobel_Stable\ip/DdrCtrl\DdrCtrl.sv (1460)" removed instance : ddr3_ctl_axi/u_efx_ddr3_soft_controller/genblk1.inst_ddr3_axi/inst_efx_ddr3/top_mc/controller_main/dffrs_2527/i116_rst_0
@ "D:\yilingsi_fpga\Efinity_Project\Ti60F225_OV5640_Sobel_Stable\ip/DdrCtrl\DdrCtrl.sv (1460)" representative instance : ddr3_ctl_axi/u_efx_ddr3_soft_controller/genblk1.inst_ddr3_axi/inst_efx_ddr3/top_mc/controller_main/dffrs_2527/i10_rst_0
FF|OPT : Flip-flop optimization by equivalence checking
@ "D:\yilingsi_fpga\Efinity_Project\Ti60F225_OV5640_Sobel_Stable\ip/DdrCtrl\DdrCtrl.sv (1460)" removed instance : ddr3_ctl_axi/u_efx_ddr3_soft_controller/genblk1.inst_ddr3_axi/inst_efx_ddr3/top_mc/controller_main/dffrs_2527/i116_rst_1
@ "D:\yilingsi_fpga\Efinity_Project\Ti60F225_OV5640_Sobel_Stable\ip/DdrCtrl\DdrCtrl.sv (1460)" representative instance : ddr3_ctl_axi/u_efx_ddr3_soft_controller/genblk1.inst_ddr3_axi/inst_efx_ddr3/top_mc/controller_main/dffrs_2527/i10_rst_1
FF|OPT : Flip-flop optimization by equivalence checking
@ "D:\yilingsi_fpga\Efinity_Project\Ti60F225_OV5640_Sobel_Stable\ip/DdrCtrl\DdrCtrl.sv (1460)" removed instance : ddr3_ctl_axi/u_efx_ddr3_soft_controller/genblk1.inst_ddr3_axi/inst_efx_ddr3/top_mc/controller_main/dffrs_2527/i116_rst_2
@ "D:\yilingsi_fpga\Efinity_Project\Ti60F225_OV5640_Sobel_Stable\ip/DdrCtrl\DdrCtrl.sv (1460)" representative instance : ddr3_ctl_axi/u_efx_ddr3_soft_controller/genblk1.inst_ddr3_axi/inst_efx_ddr3/top_mc/controller_main/dffrs_2527/i10_rst_2
FF|OPT : Flip-flop optimization by equivalence checking
@ "D:\yilingsi_fpga\Efinity_Project\Ti60F225_OV5640_Sobel_Stable\ip/DdrCtrl\DdrCtrl.sv (1460)" removed instance : ddr3_ctl_axi/u_efx_ddr3_soft_controller/genblk1.inst_ddr3_axi/inst_efx_ddr3/top_mc/controller_main/dffrs_2527/i116_rst_3
@ "D:\yilingsi_fpga\Efinity_Project\Ti60F225_OV5640_Sobel_Stable\ip/DdrCtrl\DdrCtrl.sv (1460)" representative instance : ddr3_ctl_axi/u_efx_ddr3_soft_controller/genblk1.inst_ddr3_axi/inst_efx_ddr3/top_mc/controller_main/dffrs_2527/i10_rst_3
FF|OPT : Flip-flop optimization by equivalence checking
@ "D:\yilingsi_fpga\Efinity_Project\Ti60F225_OV5640_Sobel_Stable\ip/DdrCtrl\DdrCtrl.sv (1460)" removed instance : ddr3_ctl_axi/u_efx_ddr3_soft_controller/genblk1.inst_ddr3_axi/inst_efx_ddr3/top_mc/controller_main/dffrs_2527/i115_rst_0
@ "D:\yilingsi_fpga\Efinity_Project\Ti60F225_OV5640_Sobel_Stable\ip/DdrCtrl\DdrCtrl.sv (1460)" representative instance : ddr3_ctl_axi/u_efx_ddr3_soft_controller/genblk1.inst_ddr3_axi/inst_efx_ddr3/top_mc/controller_main/dffrs_2527/i10_rst_0
FF|OPT : Flip-flop optimization by equivalence checking
@ "D:\yilingsi_fpga\Efinity_Project\Ti60F225_OV5640_Sobel_Stable\ip/DdrCtrl\DdrCtrl.sv (1460)" removed instance : ddr3_ctl_axi/u_efx_ddr3_soft_controller/genblk1.inst_ddr3_axi/inst_efx_ddr3/top_mc/controller_main/dffrs_2527/i115_rst_1
@ "D:\yilingsi_fpga\Efinity_Project\Ti60F225_OV5640_Sobel_Stable\ip/DdrCtrl\DdrCtrl.sv (1460)" representative instance : ddr3_ctl_axi/u_efx_ddr3_soft_controller/genblk1.inst_ddr3_axi/inst_efx_ddr3/top_mc/controller_main/dffrs_2527/i10_rst_1
FF|OPT : Flip-flop optimization by equivalence checking
@ "D:\yilingsi_fpga\Efinity_Project\Ti60F225_OV5640_Sobel_Stable\ip/DdrCtrl\DdrCtrl.sv (1460)" removed instance : ddr3_ctl_axi/u_efx_ddr3_soft_controller/genblk1.inst_ddr3_axi/inst_efx_ddr3/top_mc/controller_main/dffrs_2527/i115_rst_2
@ "D:\yilingsi_fpga\Efinity_Project\Ti60F225_OV5640_Sobel_Stable\ip/DdrCtrl\DdrCtrl.sv (1460)" representative instance : ddr3_ctl_axi/u_efx_ddr3_soft_controller/genblk1.inst_ddr3_axi/inst_efx_ddr3/top_mc/controller_main/dffrs_2527/i10_rst_2
FF|OPT : Flip-flop optimization by equivalence checking
@ "D:\yilingsi_fpga\Efinity_Project\Ti60F225_OV5640_Sobel_Stable\ip/DdrCtrl\DdrCtrl.sv (1460)" removed instance : ddr3_ctl_axi/u_efx_ddr3_soft_controller/genblk1.inst_ddr3_axi/inst_efx_ddr3/top_mc/controller_main/dffrs_2527/i115_rst_3
@ "D:\yilingsi_fpga\Efinity_Project\Ti60F225_OV5640_Sobel_Stable\ip/DdrCtrl\DdrCtrl.sv (1460)" representative instance : ddr3_ctl_axi/u_efx_ddr3_soft_controller/genblk1.inst_ddr3_axi/inst_efx_ddr3/top_mc/controller_main/dffrs_2527/i10_rst_3
FF|OPT : Flip-flop optimization by equivalence checking
@ "D:\yilingsi_fpga\Efinity_Project\Ti60F225_OV5640_Sobel_Stable\ip/DdrCtrl\DdrCtrl.sv (1460)" removed instance : ddr3_ctl_axi/u_efx_ddr3_soft_controller/genblk1.inst_ddr3_axi/inst_efx_ddr3/top_mc/controller_main/dffrs_2527/i114_rst_0
@ "D:\yilingsi_fpga\Efinity_Project\Ti60F225_OV5640_Sobel_Stable\ip/DdrCtrl\DdrCtrl.sv (1460)" representative instance : ddr3_ctl_axi/u_efx_ddr3_soft_controller/genblk1.inst_ddr3_axi/inst_efx_ddr3/top_mc/controller_main/dffrs_2527/i10_rst_0
FF|OPT : Flip-flop optimization by equivalence checking
@ "D:\yilingsi_fpga\Efinity_Project\Ti60F225_OV5640_Sobel_Stable\ip/DdrCtrl\DdrCtrl.sv (1460)" removed instance : ddr3_ctl_axi/u_efx_ddr3_soft_controller/genblk1.inst_ddr3_axi/inst_efx_ddr3/top_mc/controller_main/dffrs_2527/i114_rst_1
@ "D:\yilingsi_fpga\Efinity_Project\Ti60F225_OV5640_Sobel_Stable\ip/DdrCtrl\DdrCtrl.sv (1460)" representative instance : ddr3_ctl_axi/u_efx_ddr3_soft_controller/genblk1.inst_ddr3_axi/inst_efx_ddr3/top_mc/controller_main/dffrs_2527/i10_rst_1
FF|OPT : Flip-flop optimization by equivalence checking
@ "D:\yilingsi_fpga\Efinity_Project\Ti60F225_OV5640_Sobel_Stable\ip/DdrCtrl\DdrCtrl.sv (1460)" removed instance : ddr3_ctl_axi/u_efx_ddr3_soft_controller/genblk1.inst_ddr3_axi/inst_efx_ddr3/top_mc/controller_main/dffrs_2527/i114_rst_2
@ "D:\yilingsi_fpga\Efinity_Project\Ti60F225_OV5640_Sobel_Stable\ip/DdrCtrl\DdrCtrl.sv (1460)" representative instance : ddr3_ctl_axi/u_efx_ddr3_soft_controller/genblk1.inst_ddr3_axi/inst_efx_ddr3/top_mc/controller_main/dffrs_2527/i10_rst_2
FF|OPT : Flip-flop optimization by equivalence checking
@ "D:\yilingsi_fpga\Efinity_Project\Ti60F225_OV5640_Sobel_Stable\ip/DdrCtrl\DdrCtrl.sv (1460)" removed instance : ddr3_ctl_axi/u_efx_ddr3_soft_controller/genblk1.inst_ddr3_axi/inst_efx_ddr3/top_mc/controller_main/dffrs_2527/i114_rst_3
@ "D:\yilingsi_fpga\Efinity_Project\Ti60F225_OV5640_Sobel_Stable\ip/DdrCtrl\DdrCtrl.sv (1460)" representative instance : ddr3_ctl_axi/u_efx_ddr3_soft_controller/genblk1.inst_ddr3_axi/inst_efx_ddr3/top_mc/controller_main/dffrs_2527/i10_rst_3
FF|OPT : Flip-flop optimization by equivalence checking
@ "D:\yilingsi_fpga\Efinity_Project\Ti60F225_OV5640_Sobel_Stable\ip/DdrCtrl\DdrCtrl.sv (1460)" removed instance : ddr3_ctl_axi/u_efx_ddr3_soft_controller/genblk1.inst_ddr3_axi/inst_efx_ddr3/top_mc/controller_main/dffrs_2527/i113_rst_0
@ "D:\yilingsi_fpga\Efinity_Project\Ti60F225_OV5640_Sobel_Stable\ip/DdrCtrl\DdrCtrl.sv (1460)" representative instance : ddr3_ctl_axi/u_efx_ddr3_soft_controller/genblk1.inst_ddr3_axi/inst_efx_ddr3/top_mc/controller_main/dffrs_2527/i10_rst_0
FF|OPT : Flip-flop optimization by equivalence checking
@ "D:\yilingsi_fpga\Efinity_Project\Ti60F225_OV5640_Sobel_Stable\ip/DdrCtrl\DdrCtrl.sv (1460)" removed instance : ddr3_ctl_axi/u_efx_ddr3_soft_controller/genblk1.inst_ddr3_axi/inst_efx_ddr3/top_mc/controller_main/dffrs_2527/i113_rst_1
@ "D:\yilingsi_fpga\Efinity_Project\Ti60F225_OV5640_Sobel_Stable\ip/DdrCtrl\DdrCtrl.sv (1460)" representative instance : ddr3_ctl_axi/u_efx_ddr3_soft_controller/genblk1.inst_ddr3_axi/inst_efx_ddr3/top_mc/controller_main/dffrs_2527/i10_rst_1
FF|OPT : Flip-flop optimization by equivalence checking
@ "D:\yilingsi_fpga\Efinity_Project\Ti60F225_OV5640_Sobel_Stable\ip/DdrCtrl\DdrCtrl.sv (1460)" removed instance : ddr3_ctl_axi/u_efx_ddr3_soft_controller/genblk1.inst_ddr3_axi/inst_efx_ddr3/top_mc/controller_main/dffrs_2527/i113_rst_2
@ "D:\yilingsi_fpga\Efinity_Project\Ti60F225_OV5640_Sobel_Stable\ip/DdrCtrl\DdrCtrl.sv (1460)" representative instance : ddr3_ctl_axi/u_efx_ddr3_soft_controller/genblk1.inst_ddr3_axi/inst_efx_ddr3/top_mc/controller_main/dffrs_2527/i10_rst_2
FF|OPT : Flip-flop optimization by equivalence checking
@ "D:\yilingsi_fpga\Efinity_Project\Ti60F225_OV5640_Sobel_Stable\ip/DdrCtrl\DdrCtrl.sv (1460)" removed instance : ddr3_ctl_axi/u_efx_ddr3_soft_controller/genblk1.inst_ddr3_axi/inst_efx_ddr3/top_mc/controller_main/dffrs_2527/i113_rst_3
@ "D:\yilingsi_fpga\Efinity_Project\Ti60F225_OV5640_Sobel_Stable\ip/DdrCtrl\DdrCtrl.sv (1460)" representative instance : ddr3_ctl_axi/u_efx_ddr3_soft_controller/genblk1.inst_ddr3_axi/inst_efx_ddr3/top_mc/controller_main/dffrs_2527/i10_rst_3
FF|OPT : Flip-flop optimization by equivalence checking
@ "D:\yilingsi_fpga\Efinity_Project\Ti60F225_OV5640_Sobel_Stable\ip/DdrCtrl\DdrCtrl.sv (1460)" removed instance : ddr3_ctl_axi/u_efx_ddr3_soft_controller/genblk1.inst_ddr3_axi/inst_efx_ddr3/top_mc/controller_main/dffrs_2527/i112_rst_0
@ "D:\yilingsi_fpga\Efinity_Project\Ti60F225_OV5640_Sobel_Stable\ip/DdrCtrl\DdrCtrl.sv (1460)" representative instance : ddr3_ctl_axi/u_efx_ddr3_soft_controller/genblk1.inst_ddr3_axi/inst_efx_ddr3/top_mc/controller_main/dffrs_2527/i10_rst_0
FF|OPT : Flip-flop optimization by equivalence checking
@ "D:\yilingsi_fpga\Efinity_Project\Ti60F225_OV5640_Sobel_Stable\ip/DdrCtrl\DdrCtrl.sv (1460)" removed instance : ddr3_ctl_axi/u_efx_ddr3_soft_controller/genblk1.inst_ddr3_axi/inst_efx_ddr3/top_mc/controller_main/dffrs_2527/i112_rst_1
@ "D:\yilingsi_fpga\Efinity_Project\Ti60F225_OV5640_Sobel_Stable\ip/DdrCtrl\DdrCtrl.sv (1460)" representative instance : ddr3_ctl_axi/u_efx_ddr3_soft_controller/genblk1.inst_ddr3_axi/inst_efx_ddr3/top_mc/controller_main/dffrs_2527/i10_rst_1
FF|OPT : Flip-flop optimization by equivalence checking
@ "D:\yilingsi_fpga\Efinity_Project\Ti60F225_OV5640_Sobel_Stable\ip/DdrCtrl\DdrCtrl.sv (1460)" removed instance : ddr3_ctl_axi/u_efx_ddr3_soft_controller/genblk1.inst_ddr3_axi/inst_efx_ddr3/top_mc/controller_main/dffrs_2527/i112_rst_2
@ "D:\yilingsi_fpga\Efinity_Project\Ti60F225_OV5640_Sobel_Stable\ip/DdrCtrl\DdrCtrl.sv (1460)" representative instance : ddr3_ctl_axi/u_efx_ddr3_soft_controller/genblk1.inst_ddr3_axi/inst_efx_ddr3/top_mc/controller_main/dffrs_2527/i10_rst_2
FF|OPT : Flip-flop optimization by equivalence checking
@ "D:\yilingsi_fpga\Efinity_Project\Ti60F225_OV5640_Sobel_Stable\ip/DdrCtrl\DdrCtrl.sv (1460)" removed instance : ddr3_ctl_axi/u_efx_ddr3_soft_controller/genblk1.inst_ddr3_axi/inst_efx_ddr3/top_mc/controller_main/dffrs_2527/i112_rst_3
@ "D:\yilingsi_fpga\Efinity_Project\Ti60F225_OV5640_Sobel_Stable\ip/DdrCtrl\DdrCtrl.sv (1460)" representative instance : ddr3_ctl_axi/u_efx_ddr3_soft_controller/genblk1.inst_ddr3_axi/inst_efx_ddr3/top_mc/controller_main/dffrs_2527/i10_rst_3
FF|OPT : Flip-flop optimization by equivalence checking
@ "D:\yilingsi_fpga\Efinity_Project\Ti60F225_OV5640_Sobel_Stable\ip/DdrCtrl\DdrCtrl.sv (1460)" removed instance : ddr3_ctl_axi/u_efx_ddr3_soft_controller/genblk1.inst_ddr3_axi/inst_efx_ddr3/top_mc/controller_main/dffrs_2527/i111_rst_0
@ "D:\yilingsi_fpga\Efinity_Project\Ti60F225_OV5640_Sobel_Stable\ip/DdrCtrl\DdrCtrl.sv (1460)" representative instance : ddr3_ctl_axi/u_efx_ddr3_soft_controller/genblk1.inst_ddr3_axi/inst_efx_ddr3/top_mc/controller_main/dffrs_2527/i10_rst_0
FF|OPT : Flip-flop optimization by equivalence checking
@ "D:\yilingsi_fpga\Efinity_Project\Ti60F225_OV5640_Sobel_Stable\ip/DdrCtrl\DdrCtrl.sv (1460)" removed instance : ddr3_ctl_axi/u_efx_ddr3_soft_controller/genblk1.inst_ddr3_axi/inst_efx_ddr3/top_mc/controller_main/dffrs_2527/i111_rst_1
@ "D:\yilingsi_fpga\Efinity_Project\Ti60F225_OV5640_Sobel_Stable\ip/DdrCtrl\DdrCtrl.sv (1460)" representative instance : ddr3_ctl_axi/u_efx_ddr3_soft_controller/genblk1.inst_ddr3_axi/inst_efx_ddr3/top_mc/controller_main/dffrs_2527/i10_rst_1
FF|OPT : Flip-flop optimization by equivalence checking
@ "D:\yilingsi_fpga\Efinity_Project\Ti60F225_OV5640_Sobel_Stable\ip/DdrCtrl\DdrCtrl.sv (1460)" removed instance : ddr3_ctl_axi/u_efx_ddr3_soft_controller/genblk1.inst_ddr3_axi/inst_efx_ddr3/top_mc/controller_main/dffrs_2527/i111_rst_2
@ "D:\yilingsi_fpga\Efinity_Project\Ti60F225_OV5640_Sobel_Stable\ip/DdrCtrl\DdrCtrl.sv (1460)" representative instance : ddr3_ctl_axi/u_efx_ddr3_soft_controller/genblk1.inst_ddr3_axi/inst_efx_ddr3/top_mc/controller_main/dffrs_2527/i10_rst_2
FF|OPT : Flip-flop optimization by equivalence checking
@ "D:\yilingsi_fpga\Efinity_Project\Ti60F225_OV5640_Sobel_Stable\ip/DdrCtrl\DdrCtrl.sv (1460)" removed instance : ddr3_ctl_axi/u_efx_ddr3_soft_controller/genblk1.inst_ddr3_axi/inst_efx_ddr3/top_mc/controller_main/dffrs_2527/i111_rst_3
@ "D:\yilingsi_fpga\Efinity_Project\Ti60F225_OV5640_Sobel_Stable\ip/DdrCtrl\DdrCtrl.sv (1460)" representative instance : ddr3_ctl_axi/u_efx_ddr3_soft_controller/genblk1.inst_ddr3_axi/inst_efx_ddr3/top_mc/controller_main/dffrs_2527/i10_rst_3
FF|OPT : Flip-flop optimization by equivalence checking
@ "D:\yilingsi_fpga\Efinity_Project\Ti60F225_OV5640_Sobel_Stable\ip/DdrCtrl\DdrCtrl.sv (1460)" removed instance : ddr3_ctl_axi/u_efx_ddr3_soft_controller/genblk1.inst_ddr3_axi/inst_efx_ddr3/top_mc/controller_main/dffrs_2527/i11_rst_0
@ "D:\yilingsi_fpga\Efinity_Project\Ti60F225_OV5640_Sobel_Stable\ip/DdrCtrl\DdrCtrl.sv (1460)" representative instance : ddr3_ctl_axi/u_efx_ddr3_soft_controller/genblk1.inst_ddr3_axi/inst_efx_ddr3/top_mc/controller_main/dffrs_2527/i10_rst_0
FF|OPT : Flip-flop optimization by equivalence checking
@ "D:\yilingsi_fpga\Efinity_Project\Ti60F225_OV5640_Sobel_Stable\ip/DdrCtrl\DdrCtrl.sv (1460)" removed instance : ddr3_ctl_axi/u_efx_ddr3_soft_controller/genblk1.inst_ddr3_axi/inst_efx_ddr3/top_mc/controller_main/dffrs_2527/i11_rst_1
@ "D:\yilingsi_fpga\Efinity_Project\Ti60F225_OV5640_Sobel_Stable\ip/DdrCtrl\DdrCtrl.sv (1460)" representative instance : ddr3_ctl_axi/u_efx_ddr3_soft_controller/genblk1.inst_ddr3_axi/inst_efx_ddr3/top_mc/controller_main/dffrs_2527/i10_rst_1
FF|OPT : Flip-flop optimization by equivalence checking
@ "D:\yilingsi_fpga\Efinity_Project\Ti60F225_OV5640_Sobel_Stable\ip/DdrCtrl\DdrCtrl.sv (1460)" removed instance : ddr3_ctl_axi/u_efx_ddr3_soft_controller/genblk1.inst_ddr3_axi/inst_efx_ddr3/top_mc/controller_main/dffrs_2527/i11_rst_2
@ "D:\yilingsi_fpga\Efinity_Project\Ti60F225_OV5640_Sobel_Stable\ip/DdrCtrl\DdrCtrl.sv (1460)" representative instance : ddr3_ctl_axi/u_efx_ddr3_soft_controller/genblk1.inst_ddr3_axi/inst_efx_ddr3/top_mc/controller_main/dffrs_2527/i10_rst_2
FF|OPT : Flip-flop optimization by equivalence checking
@ "D:\yilingsi_fpga\Efinity_Project\Ti60F225_OV5640_Sobel_Stable\ip/DdrCtrl\DdrCtrl.sv (1460)" removed instance : ddr3_ctl_axi/u_efx_ddr3_soft_controller/genblk1.inst_ddr3_axi/inst_efx_ddr3/top_mc/controller_main/dffrs_2527/i11_rst_3
@ "D:\yilingsi_fpga\Efinity_Project\Ti60F225_OV5640_Sobel_Stable\ip/DdrCtrl\DdrCtrl.sv (1460)" representative instance : ddr3_ctl_axi/u_efx_ddr3_soft_controller/genblk1.inst_ddr3_axi/inst_efx_ddr3/top_mc/controller_main/dffrs_2527/i10_rst_3
FF|OPT : Flip-flop optimization by equivalence checking
@ "D:\yilingsi_fpga\Efinity_Project\Ti60F225_OV5640_Sobel_Stable\ip/DdrCtrl\DdrCtrl.sv (1460)" removed instance : ddr3_ctl_axi/u_efx_ddr3_soft_controller/genblk1.inst_ddr3_axi/inst_efx_ddr3/top_mc/controller_main/dffrs_2527/i110_rst_0
@ "D:\yilingsi_fpga\Efinity_Project\Ti60F225_OV5640_Sobel_Stable\ip/DdrCtrl\DdrCtrl.sv (1460)" representative instance : ddr3_ctl_axi/u_efx_ddr3_soft_controller/genblk1.inst_ddr3_axi/inst_efx_ddr3/top_mc/controller_main/dffrs_2527/i10_rst_0
FF|OPT : Flip-flop optimization by equivalence checking
@ "D:\yilingsi_fpga\Efinity_Project\Ti60F225_OV5640_Sobel_Stable\ip/DdrCtrl\DdrCtrl.sv (1460)" removed instance : ddr3_ctl_axi/u_efx_ddr3_soft_controller/genblk1.inst_ddr3_axi/inst_efx_ddr3/top_mc/controller_main/dffrs_2527/i110_rst_1
@ "D:\yilingsi_fpga\Efinity_Project\Ti60F225_OV5640_Sobel_Stable\ip/DdrCtrl\DdrCtrl.sv (1460)" representative instance : ddr3_ctl_axi/u_efx_ddr3_soft_controller/genblk1.inst_ddr3_axi/inst_efx_ddr3/top_mc/controller_main/dffrs_2527/i10_rst_1
FF|OPT : Flip-flop optimization by equivalence checking
@ "D:\yilingsi_fpga\Efinity_Project\Ti60F225_OV5640_Sobel_Stable\ip/DdrCtrl\DdrCtrl.sv (1460)" removed instance : ddr3_ctl_axi/u_efx_ddr3_soft_controller/genblk1.inst_ddr3_axi/inst_efx_ddr3/top_mc/controller_main/dffrs_2527/i110_rst_2
@ "D:\yilingsi_fpga\Efinity_Project\Ti60F225_OV5640_Sobel_Stable\ip/DdrCtrl\DdrCtrl.sv (1460)" representative instance : ddr3_ctl_axi/u_efx_ddr3_soft_controller/genblk1.inst_ddr3_axi/inst_efx_ddr3/top_mc/controller_main/dffrs_2527/i10_rst_2
FF|OPT : Flip-flop optimization by equivalence checking
@ "D:\yilingsi_fpga\Efinity_Project\Ti60F225_OV5640_Sobel_Stable\ip/DdrCtrl\DdrCtrl.sv (1460)" removed instance : ddr3_ctl_axi/u_efx_ddr3_soft_controller/genblk1.inst_ddr3_axi/inst_efx_ddr3/top_mc/controller_main/dffrs_2527/i110_rst_3
@ "D:\yilingsi_fpga\Efinity_Project\Ti60F225_OV5640_Sobel_Stable\ip/DdrCtrl\DdrCtrl.sv (1460)" representative instance : ddr3_ctl_axi/u_efx_ddr3_soft_controller/genblk1.inst_ddr3_axi/inst_efx_ddr3/top_mc/controller_main/dffrs_2527/i10_rst_3
FF|OPT : Flip-flop optimization by equivalence checking
@ "D:\yilingsi_fpga\Efinity_Project\Ti60F225_OV5640_Sobel_Stable\ip/DdrCtrl\DdrCtrl.sv (1460)" removed instance : ddr3_ctl_axi/u_efx_ddr3_soft_controller/genblk1.inst_ddr3_axi/inst_efx_ddr3/top_mc/controller_main/dffrs_2527/i109_rst_0
@ "D:\yilingsi_fpga\Efinity_Project\Ti60F225_OV5640_Sobel_Stable\ip/DdrCtrl\DdrCtrl.sv (1460)" representative instance : ddr3_ctl_axi/u_efx_ddr3_soft_controller/genblk1.inst_ddr3_axi/inst_efx_ddr3/top_mc/controller_main/dffrs_2527/i10_rst_0
FF|OPT : Flip-flop optimization by equivalence checking
@ "D:\yilingsi_fpga\Efinity_Project\Ti60F225_OV5640_Sobel_Stable\ip/DdrCtrl\DdrCtrl.sv (1460)" removed instance : ddr3_ctl_axi/u_efx_ddr3_soft_controller/genblk1.inst_ddr3_axi/inst_efx_ddr3/top_mc/controller_main/dffrs_2527/i109_rst_1
@ "D:\yilingsi_fpga\Efinity_Project\Ti60F225_OV5640_Sobel_Stable\ip/DdrCtrl\DdrCtrl.sv (1460)" representative instance : ddr3_ctl_axi/u_efx_ddr3_soft_controller/genblk1.inst_ddr3_axi/inst_efx_ddr3/top_mc/controller_main/dffrs_2527/i10_rst_1
FF|OPT : Flip-flop optimization by equivalence checking
@ "D:\yilingsi_fpga\Efinity_Project\Ti60F225_OV5640_Sobel_Stable\ip/DdrCtrl\DdrCtrl.sv (1460)" removed instance : ddr3_ctl_axi/u_efx_ddr3_soft_controller/genblk1.inst_ddr3_axi/inst_efx_ddr3/top_mc/controller_main/dffrs_2527/i109_rst_2
@ "D:\yilingsi_fpga\Efinity_Project\Ti60F225_OV5640_Sobel_Stable\ip/DdrCtrl\DdrCtrl.sv (1460)" representative instance : ddr3_ctl_axi/u_efx_ddr3_soft_controller/genblk1.inst_ddr3_axi/inst_efx_ddr3/top_mc/controller_main/dffrs_2527/i10_rst_2
FF|OPT : Flip-flop optimization by equivalence checking
@ "D:\yilingsi_fpga\Efinity_Project\Ti60F225_OV5640_Sobel_Stable\ip/DdrCtrl\DdrCtrl.sv (1460)" removed instance : ddr3_ctl_axi/u_efx_ddr3_soft_controller/genblk1.inst_ddr3_axi/inst_efx_ddr3/top_mc/controller_main/dffrs_2527/i109_rst_3
@ "D:\yilingsi_fpga\Efinity_Project\Ti60F225_OV5640_Sobel_Stable\ip/DdrCtrl\DdrCtrl.sv (1460)" representative instance : ddr3_ctl_axi/u_efx_ddr3_soft_controller/genblk1.inst_ddr3_axi/inst_efx_ddr3/top_mc/controller_main/dffrs_2527/i10_rst_3
FF|OPT : Flip-flop optimization by equivalence checking
@ "D:\yilingsi_fpga\Efinity_Project\Ti60F225_OV5640_Sobel_Stable\ip/DdrCtrl\DdrCtrl.sv (1460)" removed instance : ddr3_ctl_axi/u_efx_ddr3_soft_controller/genblk1.inst_ddr3_axi/inst_efx_ddr3/top_mc/controller_main/dffrs_2527/i108_rst_0
@ "D:\yilingsi_fpga\Efinity_Project\Ti60F225_OV5640_Sobel_Stable\ip/DdrCtrl\DdrCtrl.sv (1460)" representative instance : ddr3_ctl_axi/u_efx_ddr3_soft_controller/genblk1.inst_ddr3_axi/inst_efx_ddr3/top_mc/controller_main/dffrs_2527/i10_rst_0
FF|OPT : Flip-flop optimization by equivalence checking
@ "D:\yilingsi_fpga\Efinity_Project\Ti60F225_OV5640_Sobel_Stable\ip/DdrCtrl\DdrCtrl.sv (1460)" removed instance : ddr3_ctl_axi/u_efx_ddr3_soft_controller/genblk1.inst_ddr3_axi/inst_efx_ddr3/top_mc/controller_main/dffrs_2527/i108_rst_1
@ "D:\yilingsi_fpga\Efinity_Project\Ti60F225_OV5640_Sobel_Stable\ip/DdrCtrl\DdrCtrl.sv (1460)" representative instance : ddr3_ctl_axi/u_efx_ddr3_soft_controller/genblk1.inst_ddr3_axi/inst_efx_ddr3/top_mc/controller_main/dffrs_2527/i10_rst_1
FF|OPT : Flip-flop optimization by equivalence checking
@ "D:\yilingsi_fpga\Efinity_Project\Ti60F225_OV5640_Sobel_Stable\ip/DdrCtrl\DdrCtrl.sv (1460)" removed instance : ddr3_ctl_axi/u_efx_ddr3_soft_controller/genblk1.inst_ddr3_axi/inst_efx_ddr3/top_mc/controller_main/dffrs_2527/i108_rst_2
@ "D:\yilingsi_fpga\Efinity_Project\Ti60F225_OV5640_Sobel_Stable\ip/DdrCtrl\DdrCtrl.sv (1460)" representative instance : ddr3_ctl_axi/u_efx_ddr3_soft_controller/genblk1.inst_ddr3_axi/inst_efx_ddr3/top_mc/controller_main/dffrs_2527/i10_rst_2
FF|OPT : Flip-flop optimization by equivalence checking
@ "D:\yilingsi_fpga\Efinity_Project\Ti60F225_OV5640_Sobel_Stable\ip/DdrCtrl\DdrCtrl.sv (1460)" removed instance : ddr3_ctl_axi/u_efx_ddr3_soft_controller/genblk1.inst_ddr3_axi/inst_efx_ddr3/top_mc/controller_main/dffrs_2527/i108_rst_3
@ "D:\yilingsi_fpga\Efinity_Project\Ti60F225_OV5640_Sobel_Stable\ip/DdrCtrl\DdrCtrl.sv (1460)" representative instance : ddr3_ctl_axi/u_efx_ddr3_soft_controller/genblk1.inst_ddr3_axi/inst_efx_ddr3/top_mc/controller_main/dffrs_2527/i10_rst_3
FF|OPT : Flip-flop optimization by equivalence checking
@ "D:\yilingsi_fpga\Efinity_Project\Ti60F225_OV5640_Sobel_Stable\ip/DdrCtrl\DdrCtrl.sv (1460)" removed instance : ddr3_ctl_axi/u_efx_ddr3_soft_controller/genblk1.inst_ddr3_axi/inst_efx_ddr3/top_mc/controller_main/dffrs_2527/i107_rst_0
@ "D:\yilingsi_fpga\Efinity_Project\Ti60F225_OV5640_Sobel_Stable\ip/DdrCtrl\DdrCtrl.sv (1460)" representative instance : ddr3_ctl_axi/u_efx_ddr3_soft_controller/genblk1.inst_ddr3_axi/inst_efx_ddr3/top_mc/controller_main/dffrs_2527/i10_rst_0
FF|OPT : Flip-flop optimization by equivalence checking
@ "D:\yilingsi_fpga\Efinity_Project\Ti60F225_OV5640_Sobel_Stable\ip/DdrCtrl\DdrCtrl.sv (1460)" removed instance : ddr3_ctl_axi/u_efx_ddr3_soft_controller/genblk1.inst_ddr3_axi/inst_efx_ddr3/top_mc/controller_main/dffrs_2527/i107_rst_1
@ "D:\yilingsi_fpga\Efinity_Project\Ti60F225_OV5640_Sobel_Stable\ip/DdrCtrl\DdrCtrl.sv (1460)" representative instance : ddr3_ctl_axi/u_efx_ddr3_soft_controller/genblk1.inst_ddr3_axi/inst_efx_ddr3/top_mc/controller_main/dffrs_2527/i10_rst_1
FF|OPT : Flip-flop optimization by equivalence checking
@ "D:\yilingsi_fpga\Efinity_Project\Ti60F225_OV5640_Sobel_Stable\ip/DdrCtrl\DdrCtrl.sv (1460)" removed instance : ddr3_ctl_axi/u_efx_ddr3_soft_controller/genblk1.inst_ddr3_axi/inst_efx_ddr3/top_mc/controller_main/dffrs_2527/i107_rst_2
@ "D:\yilingsi_fpga\Efinity_Project\Ti60F225_OV5640_Sobel_Stable\ip/DdrCtrl\DdrCtrl.sv (1460)" representative instance : ddr3_ctl_axi/u_efx_ddr3_soft_controller/genblk1.inst_ddr3_axi/inst_efx_ddr3/top_mc/controller_main/dffrs_2527/i10_rst_2
FF|OPT : Flip-flop optimization by equivalence checking
@ "D:\yilingsi_fpga\Efinity_Project\Ti60F225_OV5640_Sobel_Stable\ip/DdrCtrl\DdrCtrl.sv (1460)" removed instance : ddr3_ctl_axi/u_efx_ddr3_soft_controller/genblk1.inst_ddr3_axi/inst_efx_ddr3/top_mc/controller_main/dffrs_2527/i107_rst_3
@ "D:\yilingsi_fpga\Efinity_Project\Ti60F225_OV5640_Sobel_Stable\ip/DdrCtrl\DdrCtrl.sv (1460)" representative instance : ddr3_ctl_axi/u_efx_ddr3_soft_controller/genblk1.inst_ddr3_axi/inst_efx_ddr3/top_mc/controller_main/dffrs_2527/i10_rst_3
FF|OPT : Flip-flop optimization by equivalence checking
@ "D:\yilingsi_fpga\Efinity_Project\Ti60F225_OV5640_Sobel_Stable\ip/DdrCtrl\DdrCtrl.sv (1460)" removed instance : ddr3_ctl_axi/u_efx_ddr3_soft_controller/genblk1.inst_ddr3_axi/inst_efx_ddr3/top_mc/controller_main/dffrs_2527/i106_rst_0
@ "D:\yilingsi_fpga\Efinity_Project\Ti60F225_OV5640_Sobel_Stable\ip/DdrCtrl\DdrCtrl.sv (1460)" representative instance : ddr3_ctl_axi/u_efx_ddr3_soft_controller/genblk1.inst_ddr3_axi/inst_efx_ddr3/top_mc/controller_main/dffrs_2527/i10_rst_0
FF|OPT : Flip-flop optimization by equivalence checking
@ "D:\yilingsi_fpga\Efinity_Project\Ti60F225_OV5640_Sobel_Stable\ip/DdrCtrl\DdrCtrl.sv (1460)" removed instance : ddr3_ctl_axi/u_efx_ddr3_soft_controller/genblk1.inst_ddr3_axi/inst_efx_ddr3/top_mc/controller_main/dffrs_2527/i106_rst_1
@ "D:\yilingsi_fpga\Efinity_Project\Ti60F225_OV5640_Sobel_Stable\ip/DdrCtrl\DdrCtrl.sv (1460)" representative instance : ddr3_ctl_axi/u_efx_ddr3_soft_controller/genblk1.inst_ddr3_axi/inst_efx_ddr3/top_mc/controller_main/dffrs_2527/i10_rst_1
FF|OPT : Flip-flop optimization by equivalence checking
@ "D:\yilingsi_fpga\Efinity_Project\Ti60F225_OV5640_Sobel_Stable\ip/DdrCtrl\DdrCtrl.sv (1460)" removed instance : ddr3_ctl_axi/u_efx_ddr3_soft_controller/genblk1.inst_ddr3_axi/inst_efx_ddr3/top_mc/controller_main/dffrs_2527/i106_rst_2
@ "D:\yilingsi_fpga\Efinity_Project\Ti60F225_OV5640_Sobel_Stable\ip/DdrCtrl\DdrCtrl.sv (1460)" representative instance : ddr3_ctl_axi/u_efx_ddr3_soft_controller/genblk1.inst_ddr3_axi/inst_efx_ddr3/top_mc/controller_main/dffrs_2527/i10_rst_2
FF|OPT : Flip-flop optimization by equivalence checking
@ "D:\yilingsi_fpga\Efinity_Project\Ti60F225_OV5640_Sobel_Stable\ip/DdrCtrl\DdrCtrl.sv (1460)" removed instance : ddr3_ctl_axi/u_efx_ddr3_soft_controller/genblk1.inst_ddr3_axi/inst_efx_ddr3/top_mc/controller_main/dffrs_2527/i106_rst_3
@ "D:\yilingsi_fpga\Efinity_Project\Ti60F225_OV5640_Sobel_Stable\ip/DdrCtrl\DdrCtrl.sv (1460)" representative instance : ddr3_ctl_axi/u_efx_ddr3_soft_controller/genblk1.inst_ddr3_axi/inst_efx_ddr3/top_mc/controller_main/dffrs_2527/i10_rst_3
FF|OPT : Flip-flop optimization by equivalence checking
@ "D:\yilingsi_fpga\Efinity_Project\Ti60F225_OV5640_Sobel_Stable\ip/DdrCtrl\DdrCtrl.sv (1460)" removed instance : ddr3_ctl_axi/u_efx_ddr3_soft_controller/genblk1.inst_ddr3_axi/inst_efx_ddr3/top_mc/controller_main/dffrs_2527/i105_rst_0
@ "D:\yilingsi_fpga\Efinity_Project\Ti60F225_OV5640_Sobel_Stable\ip/DdrCtrl\DdrCtrl.sv (1460)" representative instance : ddr3_ctl_axi/u_efx_ddr3_soft_controller/genblk1.inst_ddr3_axi/inst_efx_ddr3/top_mc/controller_main/dffrs_2527/i10_rst_0
FF|OPT : Flip-flop optimization by equivalence checking
@ "D:\yilingsi_fpga\Efinity_Project\Ti60F225_OV5640_Sobel_Stable\ip/DdrCtrl\DdrCtrl.sv (1460)" removed instance : ddr3_ctl_axi/u_efx_ddr3_soft_controller/genblk1.inst_ddr3_axi/inst_efx_ddr3/top_mc/controller_main/dffrs_2527/i105_rst_1
@ "D:\yilingsi_fpga\Efinity_Project\Ti60F225_OV5640_Sobel_Stable\ip/DdrCtrl\DdrCtrl.sv (1460)" representative instance : ddr3_ctl_axi/u_efx_ddr3_soft_controller/genblk1.inst_ddr3_axi/inst_efx_ddr3/top_mc/controller_main/dffrs_2527/i10_rst_1
FF|OPT : Flip-flop optimization by equivalence checking
@ "D:\yilingsi_fpga\Efinity_Project\Ti60F225_OV5640_Sobel_Stable\ip/DdrCtrl\DdrCtrl.sv (1460)" removed instance : ddr3_ctl_axi/u_efx_ddr3_soft_controller/genblk1.inst_ddr3_axi/inst_efx_ddr3/top_mc/controller_main/dffrs_2527/i105_rst_2
@ "D:\yilingsi_fpga\Efinity_Project\Ti60F225_OV5640_Sobel_Stable\ip/DdrCtrl\DdrCtrl.sv (1460)" representative instance : ddr3_ctl_axi/u_efx_ddr3_soft_controller/genblk1.inst_ddr3_axi/inst_efx_ddr3/top_mc/controller_main/dffrs_2527/i10_rst_2
FF|OPT : Flip-flop optimization by equivalence checking
@ "D:\yilingsi_fpga\Efinity_Project\Ti60F225_OV5640_Sobel_Stable\ip/DdrCtrl\DdrCtrl.sv (1460)" removed instance : ddr3_ctl_axi/u_efx_ddr3_soft_controller/genblk1.inst_ddr3_axi/inst_efx_ddr3/top_mc/controller_main/dffrs_2527/i105_rst_3
@ "D:\yilingsi_fpga\Efinity_Project\Ti60F225_OV5640_Sobel_Stable\ip/DdrCtrl\DdrCtrl.sv (1460)" representative instance : ddr3_ctl_axi/u_efx_ddr3_soft_controller/genblk1.inst_ddr3_axi/inst_efx_ddr3/top_mc/controller_main/dffrs_2527/i10_rst_3
FF|OPT : Flip-flop optimization by equivalence checking
@ "D:\yilingsi_fpga\Efinity_Project\Ti60F225_OV5640_Sobel_Stable\ip/DdrCtrl\DdrCtrl.sv (1460)" removed instance : ddr3_ctl_axi/u_efx_ddr3_soft_controller/genblk1.inst_ddr3_axi/inst_efx_ddr3/top_mc/controller_main/dffrs_2527/i104_rst_0
@ "D:\yilingsi_fpga\Efinity_Project\Ti60F225_OV5640_Sobel_Stable\ip/DdrCtrl\DdrCtrl.sv (1460)" representative instance : ddr3_ctl_axi/u_efx_ddr3_soft_controller/genblk1.inst_ddr3_axi/inst_efx_ddr3/top_mc/controller_main/dffrs_2527/i10_rst_0
FF|OPT : Flip-flop optimization by equivalence checking
@ "D:\yilingsi_fpga\Efinity_Project\Ti60F225_OV5640_Sobel_Stable\ip/DdrCtrl\DdrCtrl.sv (1460)" removed instance : ddr3_ctl_axi/u_efx_ddr3_soft_controller/genblk1.inst_ddr3_axi/inst_efx_ddr3/top_mc/controller_main/dffrs_2527/i104_rst_1
@ "D:\yilingsi_fpga\Efinity_Project\Ti60F225_OV5640_Sobel_Stable\ip/DdrCtrl\DdrCtrl.sv (1460)" representative instance : ddr3_ctl_axi/u_efx_ddr3_soft_controller/genblk1.inst_ddr3_axi/inst_efx_ddr3/top_mc/controller_main/dffrs_2527/i10_rst_1
FF|OPT : Flip-flop optimization by equivalence checking
@ "D:\yilingsi_fpga\Efinity_Project\Ti60F225_OV5640_Sobel_Stable\ip/DdrCtrl\DdrCtrl.sv (1460)" removed instance : ddr3_ctl_axi/u_efx_ddr3_soft_controller/genblk1.inst_ddr3_axi/inst_efx_ddr3/top_mc/controller_main/dffrs_2527/i104_rst_2
@ "D:\yilingsi_fpga\Efinity_Project\Ti60F225_OV5640_Sobel_Stable\ip/DdrCtrl\DdrCtrl.sv (1460)" representative instance : ddr3_ctl_axi/u_efx_ddr3_soft_controller/genblk1.inst_ddr3_axi/inst_efx_ddr3/top_mc/controller_main/dffrs_2527/i10_rst_2
FF|OPT : Flip-flop optimization by equivalence checking
@ "D:\yilingsi_fpga\Efinity_Project\Ti60F225_OV5640_Sobel_Stable\ip/DdrCtrl\DdrCtrl.sv (1460)" removed instance : ddr3_ctl_axi/u_efx_ddr3_soft_controller/genblk1.inst_ddr3_axi/inst_efx_ddr3/top_mc/controller_main/dffrs_2527/i104_rst_3
@ "D:\yilingsi_fpga\Efinity_Project\Ti60F225_OV5640_Sobel_Stable\ip/DdrCtrl\DdrCtrl.sv (1460)" representative instance : ddr3_ctl_axi/u_efx_ddr3_soft_controller/genblk1.inst_ddr3_axi/inst_efx_ddr3/top_mc/controller_main/dffrs_2527/i10_rst_3
FF|OPT : Flip-flop optimization by equivalence checking
@ "D:\yilingsi_fpga\Efinity_Project\Ti60F225_OV5640_Sobel_Stable\ip/DdrCtrl\DdrCtrl.sv (1460)" removed instance : ddr3_ctl_axi/u_efx_ddr3_soft_controller/genblk1.inst_ddr3_axi/inst_efx_ddr3/top_mc/controller_main/dffrs_2527/i103_rst_0
@ "D:\yilingsi_fpga\Efinity_Project\Ti60F225_OV5640_Sobel_Stable\ip/DdrCtrl\DdrCtrl.sv (1460)" representative instance : ddr3_ctl_axi/u_efx_ddr3_soft_controller/genblk1.inst_ddr3_axi/inst_efx_ddr3/top_mc/controller_main/dffrs_2527/i10_rst_0
FF|OPT : Flip-flop optimization by equivalence checking
@ "D:\yilingsi_fpga\Efinity_Project\Ti60F225_OV5640_Sobel_Stable\ip/DdrCtrl\DdrCtrl.sv (1460)" removed instance : ddr3_ctl_axi/u_efx_ddr3_soft_controller/genblk1.inst_ddr3_axi/inst_efx_ddr3/top_mc/controller_main/dffrs_2527/i103_rst_1
@ "D:\yilingsi_fpga\Efinity_Project\Ti60F225_OV5640_Sobel_Stable\ip/DdrCtrl\DdrCtrl.sv (1460)" representative instance : ddr3_ctl_axi/u_efx_ddr3_soft_controller/genblk1.inst_ddr3_axi/inst_efx_ddr3/top_mc/controller_main/dffrs_2527/i10_rst_1
FF|OPT : Flip-flop optimization by equivalence checking
@ "D:\yilingsi_fpga\Efinity_Project\Ti60F225_OV5640_Sobel_Stable\ip/DdrCtrl\DdrCtrl.sv (1460)" removed instance : ddr3_ctl_axi/u_efx_ddr3_soft_controller/genblk1.inst_ddr3_axi/inst_efx_ddr3/top_mc/controller_main/dffrs_2527/i103_rst_2
@ "D:\yilingsi_fpga\Efinity_Project\Ti60F225_OV5640_Sobel_Stable\ip/DdrCtrl\DdrCtrl.sv (1460)" representative instance : ddr3_ctl_axi/u_efx_ddr3_soft_controller/genblk1.inst_ddr3_axi/inst_efx_ddr3/top_mc/controller_main/dffrs_2527/i10_rst_2
FF|OPT : Flip-flop optimization by equivalence checking
@ "D:\yilingsi_fpga\Efinity_Project\Ti60F225_OV5640_Sobel_Stable\ip/DdrCtrl\DdrCtrl.sv (1460)" removed instance : ddr3_ctl_axi/u_efx_ddr3_soft_controller/genblk1.inst_ddr3_axi/inst_efx_ddr3/top_mc/controller_main/dffrs_2527/i103_rst_3
@ "D:\yilingsi_fpga\Efinity_Project\Ti60F225_OV5640_Sobel_Stable\ip/DdrCtrl\DdrCtrl.sv (1460)" representative instance : ddr3_ctl_axi/u_efx_ddr3_soft_controller/genblk1.inst_ddr3_axi/inst_efx_ddr3/top_mc/controller_main/dffrs_2527/i10_rst_3
FF|OPT : Flip-flop optimization by equivalence checking
@ "D:\yilingsi_fpga\Efinity_Project\Ti60F225_OV5640_Sobel_Stable\ip/DdrCtrl\DdrCtrl.sv (1460)" removed instance : ddr3_ctl_axi/u_efx_ddr3_soft_controller/genblk1.inst_ddr3_axi/inst_efx_ddr3/top_mc/controller_main/dffrs_2527/i102_rst_0
@ "D:\yilingsi_fpga\Efinity_Project\Ti60F225_OV5640_Sobel_Stable\ip/DdrCtrl\DdrCtrl.sv (1460)" representative instance : ddr3_ctl_axi/u_efx_ddr3_soft_controller/genblk1.inst_ddr3_axi/inst_efx_ddr3/top_mc/controller_main/dffrs_2527/i10_rst_0
FF|OPT : Flip-flop optimization by equivalence checking
@ "D:\yilingsi_fpga\Efinity_Project\Ti60F225_OV5640_Sobel_Stable\ip/DdrCtrl\DdrCtrl.sv (1460)" removed instance : ddr3_ctl_axi/u_efx_ddr3_soft_controller/genblk1.inst_ddr3_axi/inst_efx_ddr3/top_mc/controller_main/dffrs_2527/i102_rst_1
@ "D:\yilingsi_fpga\Efinity_Project\Ti60F225_OV5640_Sobel_Stable\ip/DdrCtrl\DdrCtrl.sv (1460)" representative instance : ddr3_ctl_axi/u_efx_ddr3_soft_controller/genblk1.inst_ddr3_axi/inst_efx_ddr3/top_mc/controller_main/dffrs_2527/i10_rst_1
FF|OPT : Flip-flop optimization by equivalence checking
@ "D:\yilingsi_fpga\Efinity_Project\Ti60F225_OV5640_Sobel_Stable\ip/DdrCtrl\DdrCtrl.sv (1460)" removed instance : ddr3_ctl_axi/u_efx_ddr3_soft_controller/genblk1.inst_ddr3_axi/inst_efx_ddr3/top_mc/controller_main/dffrs_2527/i102_rst_2
@ "D:\yilingsi_fpga\Efinity_Project\Ti60F225_OV5640_Sobel_Stable\ip/DdrCtrl\DdrCtrl.sv (1460)" representative instance : ddr3_ctl_axi/u_efx_ddr3_soft_controller/genblk1.inst_ddr3_axi/inst_efx_ddr3/top_mc/controller_main/dffrs_2527/i10_rst_2
FF|OPT : Flip-flop optimization by equivalence checking
@ "D:\yilingsi_fpga\Efinity_Project\Ti60F225_OV5640_Sobel_Stable\ip/DdrCtrl\DdrCtrl.sv (1460)" removed instance : ddr3_ctl_axi/u_efx_ddr3_soft_controller/genblk1.inst_ddr3_axi/inst_efx_ddr3/top_mc/controller_main/dffrs_2527/i102_rst_3
@ "D:\yilingsi_fpga\Efinity_Project\Ti60F225_OV5640_Sobel_Stable\ip/DdrCtrl\DdrCtrl.sv (1460)" representative instance : ddr3_ctl_axi/u_efx_ddr3_soft_controller/genblk1.inst_ddr3_axi/inst_efx_ddr3/top_mc/controller_main/dffrs_2527/i10_rst_3
FF|OPT : Flip-flop optimization by equivalence checking
@ "D:\yilingsi_fpga\Efinity_Project\Ti60F225_OV5640_Sobel_Stable\ip/DdrCtrl\DdrCtrl.sv (1460)" removed instance : ddr3_ctl_axi/u_efx_ddr3_soft_controller/genblk1.inst_ddr3_axi/inst_efx_ddr3/top_mc/controller_main/dffrs_2527/i101_rst_0
@ "D:\yilingsi_fpga\Efinity_Project\Ti60F225_OV5640_Sobel_Stable\ip/DdrCtrl\DdrCtrl.sv (1460)" representative instance : ddr3_ctl_axi/u_efx_ddr3_soft_controller/genblk1.inst_ddr3_axi/inst_efx_ddr3/top_mc/controller_main/dffrs_2527/i10_rst_0
FF|OPT : Flip-flop optimization by equivalence checking
@ "D:\yilingsi_fpga\Efinity_Project\Ti60F225_OV5640_Sobel_Stable\ip/DdrCtrl\DdrCtrl.sv (1460)" removed instance : ddr3_ctl_axi/u_efx_ddr3_soft_controller/genblk1.inst_ddr3_axi/inst_efx_ddr3/top_mc/controller_main/dffrs_2527/i101_rst_1
@ "D:\yilingsi_fpga\Efinity_Project\Ti60F225_OV5640_Sobel_Stable\ip/DdrCtrl\DdrCtrl.sv (1460)" representative instance : ddr3_ctl_axi/u_efx_ddr3_soft_controller/genblk1.inst_ddr3_axi/inst_efx_ddr3/top_mc/controller_main/dffrs_2527/i10_rst_1
FF|OPT : Flip-flop optimization by equivalence checking
@ "D:\yilingsi_fpga\Efinity_Project\Ti60F225_OV5640_Sobel_Stable\ip/DdrCtrl\DdrCtrl.sv (1460)" removed instance : ddr3_ctl_axi/u_efx_ddr3_soft_controller/genblk1.inst_ddr3_axi/inst_efx_ddr3/top_mc/controller_main/dffrs_2527/i101_rst_2
@ "D:\yilingsi_fpga\Efinity_Project\Ti60F225_OV5640_Sobel_Stable\ip/DdrCtrl\DdrCtrl.sv (1460)" representative instance : ddr3_ctl_axi/u_efx_ddr3_soft_controller/genblk1.inst_ddr3_axi/inst_efx_ddr3/top_mc/controller_main/dffrs_2527/i10_rst_2
FF|OPT : Flip-flop optimization by equivalence checking
@ "D:\yilingsi_fpga\Efinity_Project\Ti60F225_OV5640_Sobel_Stable\ip/DdrCtrl\DdrCtrl.sv (1460)" removed instance : ddr3_ctl_axi/u_efx_ddr3_soft_controller/genblk1.inst_ddr3_axi/inst_efx_ddr3/top_mc/controller_main/dffrs_2527/i101_rst_3
@ "D:\yilingsi_fpga\Efinity_Project\Ti60F225_OV5640_Sobel_Stable\ip/DdrCtrl\DdrCtrl.sv (1460)" representative instance : ddr3_ctl_axi/u_efx_ddr3_soft_controller/genblk1.inst_ddr3_axi/inst_efx_ddr3/top_mc/controller_main/dffrs_2527/i10_rst_3
FF|OPT : Flip-flop optimization by equivalence checking
@ "D:\yilingsi_fpga\Efinity_Project\Ti60F225_OV5640_Sobel_Stable\ip/DdrCtrl\DdrCtrl.sv (1460)" removed instance : ddr3_ctl_axi/u_efx_ddr3_soft_controller/genblk1.inst_ddr3_axi/inst_efx_ddr3/top_mc/controller_main/dffrs_2527/i1_rst_0
@ "D:\yilingsi_fpga\Efinity_Project\Ti60F225_OV5640_Sobel_Stable\ip/DdrCtrl\DdrCtrl.sv (1460)" representative instance : ddr3_ctl_axi/u_efx_ddr3_soft_controller/genblk1.inst_ddr3_axi/inst_efx_ddr3/top_mc/controller_main/dffrs_2527/i10_rst_0
FF|OPT : Flip-flop optimization by equivalence checking
@ "D:\yilingsi_fpga\Efinity_Project\Ti60F225_OV5640_Sobel_Stable\ip/DdrCtrl\DdrCtrl.sv (1460)" removed instance : ddr3_ctl_axi/u_efx_ddr3_soft_controller/genblk1.inst_ddr3_axi/inst_efx_ddr3/top_mc/controller_main/dffrs_2527/i1_rst_1
@ "D:\yilingsi_fpga\Efinity_Project\Ti60F225_OV5640_Sobel_Stable\ip/DdrCtrl\DdrCtrl.sv (1460)" representative instance : ddr3_ctl_axi/u_efx_ddr3_soft_controller/genblk1.inst_ddr3_axi/inst_efx_ddr3/top_mc/controller_main/dffrs_2527/i10_rst_1
FF|OPT : Flip-flop optimization by equivalence checking
@ "D:\yilingsi_fpga\Efinity_Project\Ti60F225_OV5640_Sobel_Stable\ip/DdrCtrl\DdrCtrl.sv (1460)" removed instance : ddr3_ctl_axi/u_efx_ddr3_soft_controller/genblk1.inst_ddr3_axi/inst_efx_ddr3/top_mc/controller_main/dffrs_2527/i1_rst_2
@ "D:\yilingsi_fpga\Efinity_Project\Ti60F225_OV5640_Sobel_Stable\ip/DdrCtrl\DdrCtrl.sv (1460)" representative instance : ddr3_ctl_axi/u_efx_ddr3_soft_controller/genblk1.inst_ddr3_axi/inst_efx_ddr3/top_mc/controller_main/dffrs_2527/i10_rst_2
FF|OPT : Flip-flop optimization by equivalence checking
@ "D:\yilingsi_fpga\Efinity_Project\Ti60F225_OV5640_Sobel_Stable\ip/DdrCtrl\DdrCtrl.sv (1460)" removed instance : ddr3_ctl_axi/u_efx_ddr3_soft_controller/genblk1.inst_ddr3_axi/inst_efx_ddr3/top_mc/controller_main/dffrs_2527/i1_rst_3
@ "D:\yilingsi_fpga\Efinity_Project\Ti60F225_OV5640_Sobel_Stable\ip/DdrCtrl\DdrCtrl.sv (1460)" representative instance : ddr3_ctl_axi/u_efx_ddr3_soft_controller/genblk1.inst_ddr3_axi/inst_efx_ddr3/top_mc/controller_main/dffrs_2527/i10_rst_3
FF|OPT : Flip-flop optimization by equivalence checking
@ "D:\yilingsi_fpga\Efinity_Project\Ti60F225_OV5640_Sobel_Stable\ip/DdrCtrl\DdrCtrl.sv (1460)" removed instance : ddr3_ctl_axi/u_efx_ddr3_soft_controller/genblk1.inst_ddr3_axi/inst_efx_ddr3/top_mc/controller_main/dffrs_2532/i10_rst_0
@ "D:\yilingsi_fpga\Efinity_Project\Ti60F225_OV5640_Sobel_Stable\ip/DdrCtrl\DdrCtrl.sv (1460)" representative instance : ddr3_ctl_axi/u_efx_ddr3_soft_controller/genblk1.inst_ddr3_axi/inst_efx_ddr3/top_mc/controller_main/dffrs_2527/i10_rst_0
FF|OPT : Flip-flop optimization by equivalence checking
@ "D:\yilingsi_fpga\Efinity_Project\Ti60F225_OV5640_Sobel_Stable\ip/DdrCtrl\DdrCtrl.sv (1460)" removed instance : ddr3_ctl_axi/u_efx_ddr3_soft_controller/genblk1.inst_ddr3_axi/inst_efx_ddr3/top_mc/controller_main/dffrs_2532/i10_rst_1
@ "D:\yilingsi_fpga\Efinity_Project\Ti60F225_OV5640_Sobel_Stable\ip/DdrCtrl\DdrCtrl.sv (1460)" representative instance : ddr3_ctl_axi/u_efx_ddr3_soft_controller/genblk1.inst_ddr3_axi/inst_efx_ddr3/top_mc/controller_main/dffrs_2527/i10_rst_1
FF|OPT : Flip-flop optimization by equivalence checking
@ "D:\yilingsi_fpga\Efinity_Project\Ti60F225_OV5640_Sobel_Stable\ip/DdrCtrl\DdrCtrl.sv (1460)" removed instance : ddr3_ctl_axi/u_efx_ddr3_soft_controller/genblk1.inst_ddr3_axi/inst_efx_ddr3/top_mc/controller_main/dffrs_2532/i10_rst_2
@ "D:\yilingsi_fpga\Efinity_Project\Ti60F225_OV5640_Sobel_Stable\ip/DdrCtrl\DdrCtrl.sv (1460)" representative instance : ddr3_ctl_axi/u_efx_ddr3_soft_controller/genblk1.inst_ddr3_axi/inst_efx_ddr3/top_mc/controller_main/dffrs_2527/i10_rst_2
FF|OPT : Flip-flop optimization by equivalence checking
@ "D:\yilingsi_fpga\Efinity_Project\Ti60F225_OV5640_Sobel_Stable\ip/DdrCtrl\DdrCtrl.sv (1460)" removed instance : ddr3_ctl_axi/u_efx_ddr3_soft_controller/genblk1.inst_ddr3_axi/inst_efx_ddr3/top_mc/controller_main/dffrs_2532/i10_rst_3
@ "D:\yilingsi_fpga\Efinity_Project\Ti60F225_OV5640_Sobel_Stable\ip/DdrCtrl\DdrCtrl.sv (1460)" representative instance : ddr3_ctl_axi/u_efx_ddr3_soft_controller/genblk1.inst_ddr3_axi/inst_efx_ddr3/top_mc/controller_main/dffrs_2527/i10_rst_3
FF|OPT : Flip-flop optimization by equivalence checking
@ "D:\yilingsi_fpga\Efinity_Project\Ti60F225_OV5640_Sobel_Stable\ip/DdrCtrl\DdrCtrl.sv (1460)" removed instance : ddr3_ctl_axi/u_efx_ddr3_soft_controller/genblk1.inst_ddr3_axi/inst_efx_ddr3/top_mc/controller_main/dffrs_2532/i9_rst_0
@ "D:\yilingsi_fpga\Efinity_Project\Ti60F225_OV5640_Sobel_Stable\ip/DdrCtrl\DdrCtrl.sv (1460)" representative instance : ddr3_ctl_axi/u_efx_ddr3_soft_controller/genblk1.inst_ddr3_axi/inst_efx_ddr3/top_mc/controller_main/dffrs_2527/i10_rst_0
FF|OPT : Flip-flop optimization by equivalence checking
@ "D:\yilingsi_fpga\Efinity_Project\Ti60F225_OV5640_Sobel_Stable\ip/DdrCtrl\DdrCtrl.sv (1460)" removed instance : ddr3_ctl_axi/u_efx_ddr3_soft_controller/genblk1.inst_ddr3_axi/inst_efx_ddr3/top_mc/controller_main/dffrs_2532/i9_rst_1
@ "D:\yilingsi_fpga\Efinity_Project\Ti60F225_OV5640_Sobel_Stable\ip/DdrCtrl\DdrCtrl.sv (1460)" representative instance : ddr3_ctl_axi/u_efx_ddr3_soft_controller/genblk1.inst_ddr3_axi/inst_efx_ddr3/top_mc/controller_main/dffrs_2527/i10_rst_1
FF|OPT : Flip-flop optimization by equivalence checking
@ "D:\yilingsi_fpga\Efinity_Project\Ti60F225_OV5640_Sobel_Stable\ip/DdrCtrl\DdrCtrl.sv (1460)" removed instance : ddr3_ctl_axi/u_efx_ddr3_soft_controller/genblk1.inst_ddr3_axi/inst_efx_ddr3/top_mc/controller_main/dffrs_2532/i9_rst_2
@ "D:\yilingsi_fpga\Efinity_Project\Ti60F225_OV5640_Sobel_Stable\ip/DdrCtrl\DdrCtrl.sv (1460)" representative instance : ddr3_ctl_axi/u_efx_ddr3_soft_controller/genblk1.inst_ddr3_axi/inst_efx_ddr3/top_mc/controller_main/dffrs_2527/i10_rst_2
FF|OPT : Flip-flop optimization by equivalence checking
@ "D:\yilingsi_fpga\Efinity_Project\Ti60F225_OV5640_Sobel_Stable\ip/DdrCtrl\DdrCtrl.sv (1460)" removed instance : ddr3_ctl_axi/u_efx_ddr3_soft_controller/genblk1.inst_ddr3_axi/inst_efx_ddr3/top_mc/controller_main/dffrs_2532/i9_rst_3
@ "D:\yilingsi_fpga\Efinity_Project\Ti60F225_OV5640_Sobel_Stable\ip/DdrCtrl\DdrCtrl.sv (1460)" representative instance : ddr3_ctl_axi/u_efx_ddr3_soft_controller/genblk1.inst_ddr3_axi/inst_efx_ddr3/top_mc/controller_main/dffrs_2527/i10_rst_3
FF|OPT : Flip-flop optimization by equivalence checking
@ "D:\yilingsi_fpga\Efinity_Project\Ti60F225_OV5640_Sobel_Stable\ip/DdrCtrl\DdrCtrl.sv (1460)" removed instance : ddr3_ctl_axi/u_efx_ddr3_soft_controller/genblk1.inst_ddr3_axi/inst_efx_ddr3/top_mc/controller_main/dffrs_2532/i8_rst_0
@ "D:\yilingsi_fpga\Efinity_Project\Ti60F225_OV5640_Sobel_Stable\ip/DdrCtrl\DdrCtrl.sv (1460)" representative instance : ddr3_ctl_axi/u_efx_ddr3_soft_controller/genblk1.inst_ddr3_axi/inst_efx_ddr3/top_mc/controller_main/dffrs_2527/i10_rst_0
FF|OPT : Flip-flop optimization by equivalence checking
@ "D:\yilingsi_fpga\Efinity_Project\Ti60F225_OV5640_Sobel_Stable\ip/DdrCtrl\DdrCtrl.sv (1460)" removed instance : ddr3_ctl_axi/u_efx_ddr3_soft_controller/genblk1.inst_ddr3_axi/inst_efx_ddr3/top_mc/controller_main/dffrs_2532/i8_rst_1
@ "D:\yilingsi_fpga\Efinity_Project\Ti60F225_OV5640_Sobel_Stable\ip/DdrCtrl\DdrCtrl.sv (1460)" representative instance : ddr3_ctl_axi/u_efx_ddr3_soft_controller/genblk1.inst_ddr3_axi/inst_efx_ddr3/top_mc/controller_main/dffrs_2527/i10_rst_1
FF|OPT : Flip-flop optimization by equivalence checking
@ "D:\yilingsi_fpga\Efinity_Project\Ti60F225_OV5640_Sobel_Stable\ip/DdrCtrl\DdrCtrl.sv (1460)" removed instance : ddr3_ctl_axi/u_efx_ddr3_soft_controller/genblk1.inst_ddr3_axi/inst_efx_ddr3/top_mc/controller_main/dffrs_2532/i8_rst_2
@ "D:\yilingsi_fpga\Efinity_Project\Ti60F225_OV5640_Sobel_Stable\ip/DdrCtrl\DdrCtrl.sv (1460)" representative instance : ddr3_ctl_axi/u_efx_ddr3_soft_controller/genblk1.inst_ddr3_axi/inst_efx_ddr3/top_mc/controller_main/dffrs_2527/i10_rst_2
FF|OPT : Flip-flop optimization by equivalence checking
@ "D:\yilingsi_fpga\Efinity_Project\Ti60F225_OV5640_Sobel_Stable\ip/DdrCtrl\DdrCtrl.sv (1460)" removed instance : ddr3_ctl_axi/u_efx_ddr3_soft_controller/genblk1.inst_ddr3_axi/inst_efx_ddr3/top_mc/controller_main/dffrs_2532/i8_rst_3
@ "D:\yilingsi_fpga\Efinity_Project\Ti60F225_OV5640_Sobel_Stable\ip/DdrCtrl\DdrCtrl.sv (1460)" representative instance : ddr3_ctl_axi/u_efx_ddr3_soft_controller/genblk1.inst_ddr3_axi/inst_efx_ddr3/top_mc/controller_main/dffrs_2527/i10_rst_3
FF|OPT : Flip-flop optimization by equivalence checking
@ "D:\yilingsi_fpga\Efinity_Project\Ti60F225_OV5640_Sobel_Stable\ip/DdrCtrl\DdrCtrl.sv (1460)" removed instance : ddr3_ctl_axi/u_efx_ddr3_soft_controller/genblk1.inst_ddr3_axi/inst_efx_ddr3/top_mc/controller_main/dffrs_2532/i7_rst_0
@ "D:\yilingsi_fpga\Efinity_Project\Ti60F225_OV5640_Sobel_Stable\ip/DdrCtrl\DdrCtrl.sv (1460)" representative instance : ddr3_ctl_axi/u_efx_ddr3_soft_controller/genblk1.inst_ddr3_axi/inst_efx_ddr3/top_mc/controller_main/dffrs_2527/i10_rst_0
FF|OPT : Flip-flop optimization by equivalence checking
@ "D:\yilingsi_fpga\Efinity_Project\Ti60F225_OV5640_Sobel_Stable\ip/DdrCtrl\DdrCtrl.sv (1460)" removed instance : ddr3_ctl_axi/u_efx_ddr3_soft_controller/genblk1.inst_ddr3_axi/inst_efx_ddr3/top_mc/controller_main/dffrs_2532/i7_rst_1
@ "D:\yilingsi_fpga\Efinity_Project\Ti60F225_OV5640_Sobel_Stable\ip/DdrCtrl\DdrCtrl.sv (1460)" representative instance : ddr3_ctl_axi/u_efx_ddr3_soft_controller/genblk1.inst_ddr3_axi/inst_efx_ddr3/top_mc/controller_main/dffrs_2527/i10_rst_1
FF|OPT : Flip-flop optimization by equivalence checking
@ "D:\yilingsi_fpga\Efinity_Project\Ti60F225_OV5640_Sobel_Stable\ip/DdrCtrl\DdrCtrl.sv (1460)" removed instance : ddr3_ctl_axi/u_efx_ddr3_soft_controller/genblk1.inst_ddr3_axi/inst_efx_ddr3/top_mc/controller_main/dffrs_2532/i7_rst_2
@ "D:\yilingsi_fpga\Efinity_Project\Ti60F225_OV5640_Sobel_Stable\ip/DdrCtrl\DdrCtrl.sv (1460)" representative instance : ddr3_ctl_axi/u_efx_ddr3_soft_controller/genblk1.inst_ddr3_axi/inst_efx_ddr3/top_mc/controller_main/dffrs_2527/i10_rst_2
FF|OPT : Flip-flop optimization by equivalence checking
@ "D:\yilingsi_fpga\Efinity_Project\Ti60F225_OV5640_Sobel_Stable\ip/DdrCtrl\DdrCtrl.sv (1460)" removed instance : ddr3_ctl_axi/u_efx_ddr3_soft_controller/genblk1.inst_ddr3_axi/inst_efx_ddr3/top_mc/controller_main/dffrs_2532/i7_rst_3
@ "D:\yilingsi_fpga\Efinity_Project\Ti60F225_OV5640_Sobel_Stable\ip/DdrCtrl\DdrCtrl.sv (1460)" representative instance : ddr3_ctl_axi/u_efx_ddr3_soft_controller/genblk1.inst_ddr3_axi/inst_efx_ddr3/top_mc/controller_main/dffrs_2527/i10_rst_3
FF|OPT : Flip-flop optimization by equivalence checking
@ "D:\yilingsi_fpga\Efinity_Project\Ti60F225_OV5640_Sobel_Stable\ip/DdrCtrl\DdrCtrl.sv (1460)" removed instance : ddr3_ctl_axi/u_efx_ddr3_soft_controller/genblk1.inst_ddr3_axi/inst_efx_ddr3/top_mc/controller_main/dffrs_2532/i6_rst_0
@ "D:\yilingsi_fpga\Efinity_Project\Ti60F225_OV5640_Sobel_Stable\ip/DdrCtrl\DdrCtrl.sv (1460)" representative instance : ddr3_ctl_axi/u_efx_ddr3_soft_controller/genblk1.inst_ddr3_axi/inst_efx_ddr3/top_mc/controller_main/dffrs_2527/i10_rst_0
FF|OPT : Flip-flop optimization by equivalence checking
@ "D:\yilingsi_fpga\Efinity_Project\Ti60F225_OV5640_Sobel_Stable\ip/DdrCtrl\DdrCtrl.sv (1460)" removed instance : ddr3_ctl_axi/u_efx_ddr3_soft_controller/genblk1.inst_ddr3_axi/inst_efx_ddr3/top_mc/controller_main/dffrs_2532/i6_rst_1
@ "D:\yilingsi_fpga\Efinity_Project\Ti60F225_OV5640_Sobel_Stable\ip/DdrCtrl\DdrCtrl.sv (1460)" representative instance : ddr3_ctl_axi/u_efx_ddr3_soft_controller/genblk1.inst_ddr3_axi/inst_efx_ddr3/top_mc/controller_main/dffrs_2527/i10_rst_1
FF|OPT : Flip-flop optimization by equivalence checking
@ "D:\yilingsi_fpga\Efinity_Project\Ti60F225_OV5640_Sobel_Stable\ip/DdrCtrl\DdrCtrl.sv (1460)" removed instance : ddr3_ctl_axi/u_efx_ddr3_soft_controller/genblk1.inst_ddr3_axi/inst_efx_ddr3/top_mc/controller_main/dffrs_2532/i6_rst_2
@ "D:\yilingsi_fpga\Efinity_Project\Ti60F225_OV5640_Sobel_Stable\ip/DdrCtrl\DdrCtrl.sv (1460)" representative instance : ddr3_ctl_axi/u_efx_ddr3_soft_controller/genblk1.inst_ddr3_axi/inst_efx_ddr3/top_mc/controller_main/dffrs_2527/i10_rst_2
FF|OPT : Flip-flop optimization by equivalence checking
@ "D:\yilingsi_fpga\Efinity_Project\Ti60F225_OV5640_Sobel_Stable\ip/DdrCtrl\DdrCtrl.sv (1460)" removed instance : ddr3_ctl_axi/u_efx_ddr3_soft_controller/genblk1.inst_ddr3_axi/inst_efx_ddr3/top_mc/controller_main/dffrs_2532/i6_rst_3
@ "D:\yilingsi_fpga\Efinity_Project\Ti60F225_OV5640_Sobel_Stable\ip/DdrCtrl\DdrCtrl.sv (1460)" representative instance : ddr3_ctl_axi/u_efx_ddr3_soft_controller/genblk1.inst_ddr3_axi/inst_efx_ddr3/top_mc/controller_main/dffrs_2527/i10_rst_3
FF|OPT : Flip-flop optimization by equivalence checking
@ "D:\yilingsi_fpga\Efinity_Project\Ti60F225_OV5640_Sobel_Stable\ip/DdrCtrl\DdrCtrl.sv (1460)" removed instance : ddr3_ctl_axi/u_efx_ddr3_soft_controller/genblk1.inst_ddr3_axi/inst_efx_ddr3/top_mc/controller_main/dffrs_2532/i5_rst_0
@ "D:\yilingsi_fpga\Efinity_Project\Ti60F225_OV5640_Sobel_Stable\ip/DdrCtrl\DdrCtrl.sv (1460)" representative instance : ddr3_ctl_axi/u_efx_ddr3_soft_controller/genblk1.inst_ddr3_axi/inst_efx_ddr3/top_mc/controller_main/dffrs_2527/i10_rst_0
FF|OPT : Flip-flop optimization by equivalence checking
@ "D:\yilingsi_fpga\Efinity_Project\Ti60F225_OV5640_Sobel_Stable\ip/DdrCtrl\DdrCtrl.sv (1460)" removed instance : ddr3_ctl_axi/u_efx_ddr3_soft_controller/genblk1.inst_ddr3_axi/inst_efx_ddr3/top_mc/controller_main/dffrs_2532/i5_rst_1
@ "D:\yilingsi_fpga\Efinity_Project\Ti60F225_OV5640_Sobel_Stable\ip/DdrCtrl\DdrCtrl.sv (1460)" representative instance : ddr3_ctl_axi/u_efx_ddr3_soft_controller/genblk1.inst_ddr3_axi/inst_efx_ddr3/top_mc/controller_main/dffrs_2527/i10_rst_1
FF|OPT : Flip-flop optimization by equivalence checking
@ "D:\yilingsi_fpga\Efinity_Project\Ti60F225_OV5640_Sobel_Stable\ip/DdrCtrl\DdrCtrl.sv (1460)" removed instance : ddr3_ctl_axi/u_efx_ddr3_soft_controller/genblk1.inst_ddr3_axi/inst_efx_ddr3/top_mc/controller_main/dffrs_2532/i5_rst_2
@ "D:\yilingsi_fpga\Efinity_Project\Ti60F225_OV5640_Sobel_Stable\ip/DdrCtrl\DdrCtrl.sv (1460)" representative instance : ddr3_ctl_axi/u_efx_ddr3_soft_controller/genblk1.inst_ddr3_axi/inst_efx_ddr3/top_mc/controller_main/dffrs_2527/i10_rst_2
FF|OPT : Flip-flop optimization by equivalence checking
@ "D:\yilingsi_fpga\Efinity_Project\Ti60F225_OV5640_Sobel_Stable\ip/DdrCtrl\DdrCtrl.sv (1460)" removed instance : ddr3_ctl_axi/u_efx_ddr3_soft_controller/genblk1.inst_ddr3_axi/inst_efx_ddr3/top_mc/controller_main/dffrs_2532/i5_rst_3
@ "D:\yilingsi_fpga\Efinity_Project\Ti60F225_OV5640_Sobel_Stable\ip/DdrCtrl\DdrCtrl.sv (1460)" representative instance : ddr3_ctl_axi/u_efx_ddr3_soft_controller/genblk1.inst_ddr3_axi/inst_efx_ddr3/top_mc/controller_main/dffrs_2527/i10_rst_3
FF|OPT : Flip-flop optimization by equivalence checking
@ "D:\yilingsi_fpga\Efinity_Project\Ti60F225_OV5640_Sobel_Stable\ip/DdrCtrl\DdrCtrl.sv (1460)" removed instance : ddr3_ctl_axi/u_efx_ddr3_soft_controller/genblk1.inst_ddr3_axi/inst_efx_ddr3/top_mc/controller_main/dffrs_2532/i4_rst_0
@ "D:\yilingsi_fpga\Efinity_Project\Ti60F225_OV5640_Sobel_Stable\ip/DdrCtrl\DdrCtrl.sv (1460)" representative instance : ddr3_ctl_axi/u_efx_ddr3_soft_controller/genblk1.inst_ddr3_axi/inst_efx_ddr3/top_mc/controller_main/dffrs_2527/i10_rst_0
FF|OPT : Flip-flop optimization by equivalence checking
@ "D:\yilingsi_fpga\Efinity_Project\Ti60F225_OV5640_Sobel_Stable\ip/DdrCtrl\DdrCtrl.sv (1460)" removed instance : ddr3_ctl_axi/u_efx_ddr3_soft_controller/genblk1.inst_ddr3_axi/inst_efx_ddr3/top_mc/controller_main/dffrs_2532/i4_rst_1
@ "D:\yilingsi_fpga\Efinity_Project\Ti60F225_OV5640_Sobel_Stable\ip/DdrCtrl\DdrCtrl.sv (1460)" representative instance : ddr3_ctl_axi/u_efx_ddr3_soft_controller/genblk1.inst_ddr3_axi/inst_efx_ddr3/top_mc/controller_main/dffrs_2527/i10_rst_1
FF|OPT : Flip-flop optimization by equivalence checking
@ "D:\yilingsi_fpga\Efinity_Project\Ti60F225_OV5640_Sobel_Stable\ip/DdrCtrl\DdrCtrl.sv (1460)" removed instance : ddr3_ctl_axi/u_efx_ddr3_soft_controller/genblk1.inst_ddr3_axi/inst_efx_ddr3/top_mc/controller_main/dffrs_2532/i4_rst_2
@ "D:\yilingsi_fpga\Efinity_Project\Ti60F225_OV5640_Sobel_Stable\ip/DdrCtrl\DdrCtrl.sv (1460)" representative instance : ddr3_ctl_axi/u_efx_ddr3_soft_controller/genblk1.inst_ddr3_axi/inst_efx_ddr3/top_mc/controller_main/dffrs_2527/i10_rst_2
FF|OPT : Flip-flop optimization by equivalence checking
@ "D:\yilingsi_fpga\Efinity_Project\Ti60F225_OV5640_Sobel_Stable\ip/DdrCtrl\DdrCtrl.sv (1460)" removed instance : ddr3_ctl_axi/u_efx_ddr3_soft_controller/genblk1.inst_ddr3_axi/inst_efx_ddr3/top_mc/controller_main/dffrs_2532/i4_rst_3
@ "D:\yilingsi_fpga\Efinity_Project\Ti60F225_OV5640_Sobel_Stable\ip/DdrCtrl\DdrCtrl.sv (1460)" representative instance : ddr3_ctl_axi/u_efx_ddr3_soft_controller/genblk1.inst_ddr3_axi/inst_efx_ddr3/top_mc/controller_main/dffrs_2527/i10_rst_3
FF|OPT : Flip-flop optimization by equivalence checking
@ "D:\yilingsi_fpga\Efinity_Project\Ti60F225_OV5640_Sobel_Stable\ip/DdrCtrl\DdrCtrl.sv (1460)" removed instance : ddr3_ctl_axi/u_efx_ddr3_soft_controller/genblk1.inst_ddr3_axi/inst_efx_ddr3/top_mc/controller_main/dffrs_2532/i3_rst_0
@ "D:\yilingsi_fpga\Efinity_Project\Ti60F225_OV5640_Sobel_Stable\ip/DdrCtrl\DdrCtrl.sv (1460)" representative instance : ddr3_ctl_axi/u_efx_ddr3_soft_controller/genblk1.inst_ddr3_axi/inst_efx_ddr3/top_mc/controller_main/dffrs_2527/i10_rst_0
FF|OPT : Flip-flop optimization by equivalence checking
@ "D:\yilingsi_fpga\Efinity_Project\Ti60F225_OV5640_Sobel_Stable\ip/DdrCtrl\DdrCtrl.sv (1460)" removed instance : ddr3_ctl_axi/u_efx_ddr3_soft_controller/genblk1.inst_ddr3_axi/inst_efx_ddr3/top_mc/controller_main/dffrs_2532/i3_rst_1
@ "D:\yilingsi_fpga\Efinity_Project\Ti60F225_OV5640_Sobel_Stable\ip/DdrCtrl\DdrCtrl.sv (1460)" representative instance : ddr3_ctl_axi/u_efx_ddr3_soft_controller/genblk1.inst_ddr3_axi/inst_efx_ddr3/top_mc/controller_main/dffrs_2527/i10_rst_1
FF|OPT : Flip-flop optimization by equivalence checking
@ "D:\yilingsi_fpga\Efinity_Project\Ti60F225_OV5640_Sobel_Stable\ip/DdrCtrl\DdrCtrl.sv (1460)" removed instance : ddr3_ctl_axi/u_efx_ddr3_soft_controller/genblk1.inst_ddr3_axi/inst_efx_ddr3/top_mc/controller_main/dffrs_2532/i3_rst_2
@ "D:\yilingsi_fpga\Efinity_Project\Ti60F225_OV5640_Sobel_Stable\ip/DdrCtrl\DdrCtrl.sv (1460)" representative instance : ddr3_ctl_axi/u_efx_ddr3_soft_controller/genblk1.inst_ddr3_axi/inst_efx_ddr3/top_mc/controller_main/dffrs_2527/i10_rst_2
FF|OPT : Flip-flop optimization by equivalence checking
@ "D:\yilingsi_fpga\Efinity_Project\Ti60F225_OV5640_Sobel_Stable\ip/DdrCtrl\DdrCtrl.sv (1460)" removed instance : ddr3_ctl_axi/u_efx_ddr3_soft_controller/genblk1.inst_ddr3_axi/inst_efx_ddr3/top_mc/controller_main/dffrs_2532/i3_rst_3
@ "D:\yilingsi_fpga\Efinity_Project\Ti60F225_OV5640_Sobel_Stable\ip/DdrCtrl\DdrCtrl.sv (1460)" representative instance : ddr3_ctl_axi/u_efx_ddr3_soft_controller/genblk1.inst_ddr3_axi/inst_efx_ddr3/top_mc/controller_main/dffrs_2527/i10_rst_3
FF|OPT : Flip-flop optimization by equivalence checking
@ "D:\yilingsi_fpga\Efinity_Project\Ti60F225_OV5640_Sobel_Stable\ip/DdrCtrl\DdrCtrl.sv (1460)" removed instance : ddr3_ctl_axi/u_efx_ddr3_soft_controller/genblk1.inst_ddr3_axi/inst_efx_ddr3/top_mc/controller_main/dffrs_2532/i2_rst_0
@ "D:\yilingsi_fpga\Efinity_Project\Ti60F225_OV5640_Sobel_Stable\ip/DdrCtrl\DdrCtrl.sv (1460)" representative instance : ddr3_ctl_axi/u_efx_ddr3_soft_controller/genblk1.inst_ddr3_axi/inst_efx_ddr3/top_mc/controller_main/dffrs_2527/i10_rst_0
FF|OPT : Flip-flop optimization by equivalence checking
@ "D:\yilingsi_fpga\Efinity_Project\Ti60F225_OV5640_Sobel_Stable\ip/DdrCtrl\DdrCtrl.sv (1460)" removed instance : ddr3_ctl_axi/u_efx_ddr3_soft_controller/genblk1.inst_ddr3_axi/inst_efx_ddr3/top_mc/controller_main/dffrs_2532/i2_rst_1
@ "D:\yilingsi_fpga\Efinity_Project\Ti60F225_OV5640_Sobel_Stable\ip/DdrCtrl\DdrCtrl.sv (1460)" representative instance : ddr3_ctl_axi/u_efx_ddr3_soft_controller/genblk1.inst_ddr3_axi/inst_efx_ddr3/top_mc/controller_main/dffrs_2527/i10_rst_1
FF|OPT : Flip-flop optimization by equivalence checking
@ "D:\yilingsi_fpga\Efinity_Project\Ti60F225_OV5640_Sobel_Stable\ip/DdrCtrl\DdrCtrl.sv (1460)" removed instance : ddr3_ctl_axi/u_efx_ddr3_soft_controller/genblk1.inst_ddr3_axi/inst_efx_ddr3/top_mc/controller_main/dffrs_2532/i2_rst_2
@ "D:\yilingsi_fpga\Efinity_Project\Ti60F225_OV5640_Sobel_Stable\ip/DdrCtrl\DdrCtrl.sv (1460)" representative instance : ddr3_ctl_axi/u_efx_ddr3_soft_controller/genblk1.inst_ddr3_axi/inst_efx_ddr3/top_mc/controller_main/dffrs_2527/i10_rst_2
FF|OPT : Flip-flop optimization by equivalence checking
@ "D:\yilingsi_fpga\Efinity_Project\Ti60F225_OV5640_Sobel_Stable\ip/DdrCtrl\DdrCtrl.sv (1460)" removed instance : ddr3_ctl_axi/u_efx_ddr3_soft_controller/genblk1.inst_ddr3_axi/inst_efx_ddr3/top_mc/controller_main/dffrs_2532/i2_rst_3
@ "D:\yilingsi_fpga\Efinity_Project\Ti60F225_OV5640_Sobel_Stable\ip/DdrCtrl\DdrCtrl.sv (1460)" representative instance : ddr3_ctl_axi/u_efx_ddr3_soft_controller/genblk1.inst_ddr3_axi/inst_efx_ddr3/top_mc/controller_main/dffrs_2527/i10_rst_3
FF|OPT : Flip-flop optimization by equivalence checking
@ "D:\yilingsi_fpga\Efinity_Project\Ti60F225_OV5640_Sobel_Stable\ip/DdrCtrl\DdrCtrl.sv (1460)" removed instance : ddr3_ctl_axi/u_efx_ddr3_soft_controller/genblk1.inst_ddr3_axi/inst_efx_ddr3/top_mc/controller_main/dffrs_2532/i16_rst_0
@ "D:\yilingsi_fpga\Efinity_Project\Ti60F225_OV5640_Sobel_Stable\ip/DdrCtrl\DdrCtrl.sv (1460)" representative instance : ddr3_ctl_axi/u_efx_ddr3_soft_controller/genblk1.inst_ddr3_axi/inst_efx_ddr3/top_mc/controller_main/dffrs_2527/i10_rst_0
FF|OPT : Flip-flop optimization by equivalence checking
@ "D:\yilingsi_fpga\Efinity_Project\Ti60F225_OV5640_Sobel_Stable\ip/DdrCtrl\DdrCtrl.sv (1460)" removed instance : ddr3_ctl_axi/u_efx_ddr3_soft_controller/genblk1.inst_ddr3_axi/inst_efx_ddr3/top_mc/controller_main/dffrs_2532/i16_rst_1
@ "D:\yilingsi_fpga\Efinity_Project\Ti60F225_OV5640_Sobel_Stable\ip/DdrCtrl\DdrCtrl.sv (1460)" representative instance : ddr3_ctl_axi/u_efx_ddr3_soft_controller/genblk1.inst_ddr3_axi/inst_efx_ddr3/top_mc/controller_main/dffrs_2527/i10_rst_1
FF|OPT : Flip-flop optimization by equivalence checking
@ "D:\yilingsi_fpga\Efinity_Project\Ti60F225_OV5640_Sobel_Stable\ip/DdrCtrl\DdrCtrl.sv (1460)" removed instance : ddr3_ctl_axi/u_efx_ddr3_soft_controller/genblk1.inst_ddr3_axi/inst_efx_ddr3/top_mc/controller_main/dffrs_2532/i16_rst_2
@ "D:\yilingsi_fpga\Efinity_Project\Ti60F225_OV5640_Sobel_Stable\ip/DdrCtrl\DdrCtrl.sv (1460)" representative instance : ddr3_ctl_axi/u_efx_ddr3_soft_controller/genblk1.inst_ddr3_axi/inst_efx_ddr3/top_mc/controller_main/dffrs_2527/i10_rst_2
FF|OPT : Flip-flop optimization by equivalence checking
@ "D:\yilingsi_fpga\Efinity_Project\Ti60F225_OV5640_Sobel_Stable\ip/DdrCtrl\DdrCtrl.sv (1460)" removed instance : ddr3_ctl_axi/u_efx_ddr3_soft_controller/genblk1.inst_ddr3_axi/inst_efx_ddr3/top_mc/controller_main/dffrs_2532/i16_rst_3
@ "D:\yilingsi_fpga\Efinity_Project\Ti60F225_OV5640_Sobel_Stable\ip/DdrCtrl\DdrCtrl.sv (1460)" representative instance : ddr3_ctl_axi/u_efx_ddr3_soft_controller/genblk1.inst_ddr3_axi/inst_efx_ddr3/top_mc/controller_main/dffrs_2527/i10_rst_3
FF|OPT : Flip-flop optimization by equivalence checking
@ "D:\yilingsi_fpga\Efinity_Project\Ti60F225_OV5640_Sobel_Stable\ip/DdrCtrl\DdrCtrl.sv (1460)" removed instance : ddr3_ctl_axi/u_efx_ddr3_soft_controller/genblk1.inst_ddr3_axi/inst_efx_ddr3/top_mc/controller_main/dffrs_2532/i15_rst_0
@ "D:\yilingsi_fpga\Efinity_Project\Ti60F225_OV5640_Sobel_Stable\ip/DdrCtrl\DdrCtrl.sv (1460)" representative instance : ddr3_ctl_axi/u_efx_ddr3_soft_controller/genblk1.inst_ddr3_axi/inst_efx_ddr3/top_mc/controller_main/dffrs_2527/i10_rst_0
FF|OPT : Flip-flop optimization by equivalence checking
@ "D:\yilingsi_fpga\Efinity_Project\Ti60F225_OV5640_Sobel_Stable\ip/DdrCtrl\DdrCtrl.sv (1460)" removed instance : ddr3_ctl_axi/u_efx_ddr3_soft_controller/genblk1.inst_ddr3_axi/inst_efx_ddr3/top_mc/controller_main/dffrs_2532/i15_rst_1
@ "D:\yilingsi_fpga\Efinity_Project\Ti60F225_OV5640_Sobel_Stable\ip/DdrCtrl\DdrCtrl.sv (1460)" representative instance : ddr3_ctl_axi/u_efx_ddr3_soft_controller/genblk1.inst_ddr3_axi/inst_efx_ddr3/top_mc/controller_main/dffrs_2527/i10_rst_1
FF|OPT : Flip-flop optimization by equivalence checking
@ "D:\yilingsi_fpga\Efinity_Project\Ti60F225_OV5640_Sobel_Stable\ip/DdrCtrl\DdrCtrl.sv (1460)" removed instance : ddr3_ctl_axi/u_efx_ddr3_soft_controller/genblk1.inst_ddr3_axi/inst_efx_ddr3/top_mc/controller_main/dffrs_2532/i15_rst_2
@ "D:\yilingsi_fpga\Efinity_Project\Ti60F225_OV5640_Sobel_Stable\ip/DdrCtrl\DdrCtrl.sv (1460)" representative instance : ddr3_ctl_axi/u_efx_ddr3_soft_controller/genblk1.inst_ddr3_axi/inst_efx_ddr3/top_mc/controller_main/dffrs_2527/i10_rst_2
FF|OPT : Flip-flop optimization by equivalence checking
@ "D:\yilingsi_fpga\Efinity_Project\Ti60F225_OV5640_Sobel_Stable\ip/DdrCtrl\DdrCtrl.sv (1460)" removed instance : ddr3_ctl_axi/u_efx_ddr3_soft_controller/genblk1.inst_ddr3_axi/inst_efx_ddr3/top_mc/controller_main/dffrs_2532/i15_rst_3
@ "D:\yilingsi_fpga\Efinity_Project\Ti60F225_OV5640_Sobel_Stable\ip/DdrCtrl\DdrCtrl.sv (1460)" representative instance : ddr3_ctl_axi/u_efx_ddr3_soft_controller/genblk1.inst_ddr3_axi/inst_efx_ddr3/top_mc/controller_main/dffrs_2527/i10_rst_3
FF|OPT : Flip-flop optimization by equivalence checking
@ "D:\yilingsi_fpga\Efinity_Project\Ti60F225_OV5640_Sobel_Stable\ip/DdrCtrl\DdrCtrl.sv (1460)" removed instance : ddr3_ctl_axi/u_efx_ddr3_soft_controller/genblk1.inst_ddr3_axi/inst_efx_ddr3/top_mc/controller_main/dffrs_2532/i14_rst_0
@ "D:\yilingsi_fpga\Efinity_Project\Ti60F225_OV5640_Sobel_Stable\ip/DdrCtrl\DdrCtrl.sv (1460)" representative instance : ddr3_ctl_axi/u_efx_ddr3_soft_controller/genblk1.inst_ddr3_axi/inst_efx_ddr3/top_mc/controller_main/dffrs_2527/i10_rst_0
FF|OPT : Flip-flop optimization by equivalence checking
@ "D:\yilingsi_fpga\Efinity_Project\Ti60F225_OV5640_Sobel_Stable\ip/DdrCtrl\DdrCtrl.sv (1460)" removed instance : ddr3_ctl_axi/u_efx_ddr3_soft_controller/genblk1.inst_ddr3_axi/inst_efx_ddr3/top_mc/controller_main/dffrs_2532/i14_rst_1
@ "D:\yilingsi_fpga\Efinity_Project\Ti60F225_OV5640_Sobel_Stable\ip/DdrCtrl\DdrCtrl.sv (1460)" representative instance : ddr3_ctl_axi/u_efx_ddr3_soft_controller/genblk1.inst_ddr3_axi/inst_efx_ddr3/top_mc/controller_main/dffrs_2527/i10_rst_1
FF|OPT : Flip-flop optimization by equivalence checking
@ "D:\yilingsi_fpga\Efinity_Project\Ti60F225_OV5640_Sobel_Stable\ip/DdrCtrl\DdrCtrl.sv (1460)" removed instance : ddr3_ctl_axi/u_efx_ddr3_soft_controller/genblk1.inst_ddr3_axi/inst_efx_ddr3/top_mc/controller_main/dffrs_2532/i14_rst_2
@ "D:\yilingsi_fpga\Efinity_Project\Ti60F225_OV5640_Sobel_Stable\ip/DdrCtrl\DdrCtrl.sv (1460)" representative instance : ddr3_ctl_axi/u_efx_ddr3_soft_controller/genblk1.inst_ddr3_axi/inst_efx_ddr3/top_mc/controller_main/dffrs_2527/i10_rst_2
FF|OPT : Flip-flop optimization by equivalence checking
@ "D:\yilingsi_fpga\Efinity_Project\Ti60F225_OV5640_Sobel_Stable\ip/DdrCtrl\DdrCtrl.sv (1460)" removed instance : ddr3_ctl_axi/u_efx_ddr3_soft_controller/genblk1.inst_ddr3_axi/inst_efx_ddr3/top_mc/controller_main/dffrs_2532/i14_rst_3
@ "D:\yilingsi_fpga\Efinity_Project\Ti60F225_OV5640_Sobel_Stable\ip/DdrCtrl\DdrCtrl.sv (1460)" representative instance : ddr3_ctl_axi/u_efx_ddr3_soft_controller/genblk1.inst_ddr3_axi/inst_efx_ddr3/top_mc/controller_main/dffrs_2527/i10_rst_3
FF|OPT : Flip-flop optimization by equivalence checking
@ "D:\yilingsi_fpga\Efinity_Project\Ti60F225_OV5640_Sobel_Stable\ip/DdrCtrl\DdrCtrl.sv (1460)" removed instance : ddr3_ctl_axi/u_efx_ddr3_soft_controller/genblk1.inst_ddr3_axi/inst_efx_ddr3/top_mc/controller_main/dffrs_2532/i13_rst_0
@ "D:\yilingsi_fpga\Efinity_Project\Ti60F225_OV5640_Sobel_Stable\ip/DdrCtrl\DdrCtrl.sv (1460)" representative instance : ddr3_ctl_axi/u_efx_ddr3_soft_controller/genblk1.inst_ddr3_axi/inst_efx_ddr3/top_mc/controller_main/dffrs_2527/i10_rst_0
FF|OPT : Flip-flop optimization by equivalence checking
@ "D:\yilingsi_fpga\Efinity_Project\Ti60F225_OV5640_Sobel_Stable\ip/DdrCtrl\DdrCtrl.sv (1460)" removed instance : ddr3_ctl_axi/u_efx_ddr3_soft_controller/genblk1.inst_ddr3_axi/inst_efx_ddr3/top_mc/controller_main/dffrs_2532/i13_rst_1
@ "D:\yilingsi_fpga\Efinity_Project\Ti60F225_OV5640_Sobel_Stable\ip/DdrCtrl\DdrCtrl.sv (1460)" representative instance : ddr3_ctl_axi/u_efx_ddr3_soft_controller/genblk1.inst_ddr3_axi/inst_efx_ddr3/top_mc/controller_main/dffrs_2527/i10_rst_1
FF|OPT : Flip-flop optimization by equivalence checking
@ "D:\yilingsi_fpga\Efinity_Project\Ti60F225_OV5640_Sobel_Stable\ip/DdrCtrl\DdrCtrl.sv (1460)" removed instance : ddr3_ctl_axi/u_efx_ddr3_soft_controller/genblk1.inst_ddr3_axi/inst_efx_ddr3/top_mc/controller_main/dffrs_2532/i13_rst_2
@ "D:\yilingsi_fpga\Efinity_Project\Ti60F225_OV5640_Sobel_Stable\ip/DdrCtrl\DdrCtrl.sv (1460)" representative instance : ddr3_ctl_axi/u_efx_ddr3_soft_controller/genblk1.inst_ddr3_axi/inst_efx_ddr3/top_mc/controller_main/dffrs_2527/i10_rst_2
FF|OPT : Flip-flop optimization by equivalence checking
@ "D:\yilingsi_fpga\Efinity_Project\Ti60F225_OV5640_Sobel_Stable\ip/DdrCtrl\DdrCtrl.sv (1460)" removed instance : ddr3_ctl_axi/u_efx_ddr3_soft_controller/genblk1.inst_ddr3_axi/inst_efx_ddr3/top_mc/controller_main/dffrs_2532/i13_rst_3
@ "D:\yilingsi_fpga\Efinity_Project\Ti60F225_OV5640_Sobel_Stable\ip/DdrCtrl\DdrCtrl.sv (1460)" representative instance : ddr3_ctl_axi/u_efx_ddr3_soft_controller/genblk1.inst_ddr3_axi/inst_efx_ddr3/top_mc/controller_main/dffrs_2527/i10_rst_3
FF|OPT : Flip-flop optimization by equivalence checking
@ "D:\yilingsi_fpga\Efinity_Project\Ti60F225_OV5640_Sobel_Stable\ip/DdrCtrl\DdrCtrl.sv (1460)" removed instance : ddr3_ctl_axi/u_efx_ddr3_soft_controller/genblk1.inst_ddr3_axi/inst_efx_ddr3/top_mc/controller_main/dffrs_2532/i12_rst_0
@ "D:\yilingsi_fpga\Efinity_Project\Ti60F225_OV5640_Sobel_Stable\ip/DdrCtrl\DdrCtrl.sv (1460)" representative instance : ddr3_ctl_axi/u_efx_ddr3_soft_controller/genblk1.inst_ddr3_axi/inst_efx_ddr3/top_mc/controller_main/dffrs_2527/i10_rst_0
FF|OPT : Flip-flop optimization by equivalence checking
@ "D:\yilingsi_fpga\Efinity_Project\Ti60F225_OV5640_Sobel_Stable\ip/DdrCtrl\DdrCtrl.sv (1460)" removed instance : ddr3_ctl_axi/u_efx_ddr3_soft_controller/genblk1.inst_ddr3_axi/inst_efx_ddr3/top_mc/controller_main/dffrs_2532/i12_rst_1
@ "D:\yilingsi_fpga\Efinity_Project\Ti60F225_OV5640_Sobel_Stable\ip/DdrCtrl\DdrCtrl.sv (1460)" representative instance : ddr3_ctl_axi/u_efx_ddr3_soft_controller/genblk1.inst_ddr3_axi/inst_efx_ddr3/top_mc/controller_main/dffrs_2527/i10_rst_1
FF|OPT : Flip-flop optimization by equivalence checking
@ "D:\yilingsi_fpga\Efinity_Project\Ti60F225_OV5640_Sobel_Stable\ip/DdrCtrl\DdrCtrl.sv (1460)" removed instance : ddr3_ctl_axi/u_efx_ddr3_soft_controller/genblk1.inst_ddr3_axi/inst_efx_ddr3/top_mc/controller_main/dffrs_2532/i12_rst_2
@ "D:\yilingsi_fpga\Efinity_Project\Ti60F225_OV5640_Sobel_Stable\ip/DdrCtrl\DdrCtrl.sv (1460)" representative instance : ddr3_ctl_axi/u_efx_ddr3_soft_controller/genblk1.inst_ddr3_axi/inst_efx_ddr3/top_mc/controller_main/dffrs_2527/i10_rst_2
FF|OPT : Flip-flop optimization by equivalence checking
@ "D:\yilingsi_fpga\Efinity_Project\Ti60F225_OV5640_Sobel_Stable\ip/DdrCtrl\DdrCtrl.sv (1460)" removed instance : ddr3_ctl_axi/u_efx_ddr3_soft_controller/genblk1.inst_ddr3_axi/inst_efx_ddr3/top_mc/controller_main/dffrs_2532/i12_rst_3
@ "D:\yilingsi_fpga\Efinity_Project\Ti60F225_OV5640_Sobel_Stable\ip/DdrCtrl\DdrCtrl.sv (1460)" representative instance : ddr3_ctl_axi/u_efx_ddr3_soft_controller/genblk1.inst_ddr3_axi/inst_efx_ddr3/top_mc/controller_main/dffrs_2527/i10_rst_3
FF|OPT : Flip-flop optimization by equivalence checking
@ "D:\yilingsi_fpga\Efinity_Project\Ti60F225_OV5640_Sobel_Stable\ip/DdrCtrl\DdrCtrl.sv (1460)" removed instance : ddr3_ctl_axi/u_efx_ddr3_soft_controller/genblk1.inst_ddr3_axi/inst_efx_ddr3/top_mc/controller_main/dffrs_2532/i11_rst_0
@ "D:\yilingsi_fpga\Efinity_Project\Ti60F225_OV5640_Sobel_Stable\ip/DdrCtrl\DdrCtrl.sv (1460)" representative instance : ddr3_ctl_axi/u_efx_ddr3_soft_controller/genblk1.inst_ddr3_axi/inst_efx_ddr3/top_mc/controller_main/dffrs_2527/i10_rst_0
FF|OPT : Flip-flop optimization by equivalence checking
@ "D:\yilingsi_fpga\Efinity_Project\Ti60F225_OV5640_Sobel_Stable\ip/DdrCtrl\DdrCtrl.sv (1460)" removed instance : ddr3_ctl_axi/u_efx_ddr3_soft_controller/genblk1.inst_ddr3_axi/inst_efx_ddr3/top_mc/controller_main/dffrs_2532/i11_rst_1
@ "D:\yilingsi_fpga\Efinity_Project\Ti60F225_OV5640_Sobel_Stable\ip/DdrCtrl\DdrCtrl.sv (1460)" representative instance : ddr3_ctl_axi/u_efx_ddr3_soft_controller/genblk1.inst_ddr3_axi/inst_efx_ddr3/top_mc/controller_main/dffrs_2527/i10_rst_1
FF|OPT : Flip-flop optimization by equivalence checking
@ "D:\yilingsi_fpga\Efinity_Project\Ti60F225_OV5640_Sobel_Stable\ip/DdrCtrl\DdrCtrl.sv (1460)" removed instance : ddr3_ctl_axi/u_efx_ddr3_soft_controller/genblk1.inst_ddr3_axi/inst_efx_ddr3/top_mc/controller_main/dffrs_2532/i11_rst_2
@ "D:\yilingsi_fpga\Efinity_Project\Ti60F225_OV5640_Sobel_Stable\ip/DdrCtrl\DdrCtrl.sv (1460)" representative instance : ddr3_ctl_axi/u_efx_ddr3_soft_controller/genblk1.inst_ddr3_axi/inst_efx_ddr3/top_mc/controller_main/dffrs_2527/i10_rst_2
FF|OPT : Flip-flop optimization by equivalence checking
@ "D:\yilingsi_fpga\Efinity_Project\Ti60F225_OV5640_Sobel_Stable\ip/DdrCtrl\DdrCtrl.sv (1460)" removed instance : ddr3_ctl_axi/u_efx_ddr3_soft_controller/genblk1.inst_ddr3_axi/inst_efx_ddr3/top_mc/controller_main/dffrs_2532/i11_rst_3
@ "D:\yilingsi_fpga\Efinity_Project\Ti60F225_OV5640_Sobel_Stable\ip/DdrCtrl\DdrCtrl.sv (1460)" representative instance : ddr3_ctl_axi/u_efx_ddr3_soft_controller/genblk1.inst_ddr3_axi/inst_efx_ddr3/top_mc/controller_main/dffrs_2527/i10_rst_3
FF|OPT : Flip-flop optimization by equivalence checking
@ "D:\yilingsi_fpga\Efinity_Project\Ti60F225_OV5640_Sobel_Stable\ip/DdrCtrl\DdrCtrl.sv (1460)" removed instance : ddr3_ctl_axi/u_efx_ddr3_soft_controller/genblk1.inst_ddr3_axi/inst_efx_ddr3/top_mc/controller_main/dffrs_2532/i1_rst_0
@ "D:\yilingsi_fpga\Efinity_Project\Ti60F225_OV5640_Sobel_Stable\ip/DdrCtrl\DdrCtrl.sv (1460)" representative instance : ddr3_ctl_axi/u_efx_ddr3_soft_controller/genblk1.inst_ddr3_axi/inst_efx_ddr3/top_mc/controller_main/dffrs_2527/i10_rst_0
FF|OPT : Flip-flop optimization by equivalence checking
@ "D:\yilingsi_fpga\Efinity_Project\Ti60F225_OV5640_Sobel_Stable\ip/DdrCtrl\DdrCtrl.sv (1460)" removed instance : ddr3_ctl_axi/u_efx_ddr3_soft_controller/genblk1.inst_ddr3_axi/inst_efx_ddr3/top_mc/controller_main/dffrs_2532/i1_rst_1
@ "D:\yilingsi_fpga\Efinity_Project\Ti60F225_OV5640_Sobel_Stable\ip/DdrCtrl\DdrCtrl.sv (1460)" representative instance : ddr3_ctl_axi/u_efx_ddr3_soft_controller/genblk1.inst_ddr3_axi/inst_efx_ddr3/top_mc/controller_main/dffrs_2527/i10_rst_1
FF|OPT : Flip-flop optimization by equivalence checking
@ "D:\yilingsi_fpga\Efinity_Project\Ti60F225_OV5640_Sobel_Stable\ip/DdrCtrl\DdrCtrl.sv (1460)" removed instance : ddr3_ctl_axi/u_efx_ddr3_soft_controller/genblk1.inst_ddr3_axi/inst_efx_ddr3/top_mc/controller_main/dffrs_2532/i1_rst_2
@ "D:\yilingsi_fpga\Efinity_Project\Ti60F225_OV5640_Sobel_Stable\ip/DdrCtrl\DdrCtrl.sv (1460)" representative instance : ddr3_ctl_axi/u_efx_ddr3_soft_controller/genblk1.inst_ddr3_axi/inst_efx_ddr3/top_mc/controller_main/dffrs_2527/i10_rst_2
FF|OPT : Flip-flop optimization by equivalence checking
@ "D:\yilingsi_fpga\Efinity_Project\Ti60F225_OV5640_Sobel_Stable\ip/DdrCtrl\DdrCtrl.sv (1460)" removed instance : ddr3_ctl_axi/u_efx_ddr3_soft_controller/genblk1.inst_ddr3_axi/inst_efx_ddr3/top_mc/controller_main/dffrs_2532/i1_rst_3
@ "D:\yilingsi_fpga\Efinity_Project\Ti60F225_OV5640_Sobel_Stable\ip/DdrCtrl\DdrCtrl.sv (1460)" representative instance : ddr3_ctl_axi/u_efx_ddr3_soft_controller/genblk1.inst_ddr3_axi/inst_efx_ddr3/top_mc/controller_main/dffrs_2527/i10_rst_3
FF|OPT : Flip-flop optimization by equivalence checking
@ "D:\yilingsi_fpga\Efinity_Project\Ti60F225_OV5640_Sobel_Stable\ip/DdrCtrl\DdrCtrl.sv (1599)" removed instance : ddr3_ctl_axi/u_efx_ddr3_soft_controller/genblk1.inst_ddr3_axi/inst_efx_ddr3/top_mc/ac_fifo/dff_63/i7
@ "D:\yilingsi_fpga\Efinity_Project\Ti60F225_OV5640_Sobel_Stable\ip/DdrCtrl\DdrCtrl.sv (1599)" representative instance : ddr3_ctl_axi/u_efx_ddr3_soft_controller/genblk1.inst_ddr3_axi/inst_efx_ddr3/top_mc/ac_fifo/dff_62/i7
FF|OPT : Flip-flop optimization by equivalence checking
@ "D:\yilingsi_fpga\Efinity_Project\Ti60F225_OV5640_Sobel_Stable\ip/DdrCtrl\DdrCtrl.sv (1599)" removed instance : ddr3_ctl_axi/u_efx_ddr3_soft_controller/genblk1.inst_ddr3_axi/inst_efx_ddr3/top_mc/ac_fifo/dff_55/i7
@ "D:\yilingsi_fpga\Efinity_Project\Ti60F225_OV5640_Sobel_Stable\ip/DdrCtrl\DdrCtrl.sv (1599)" representative instance : ddr3_ctl_axi/u_efx_ddr3_soft_controller/genblk1.inst_ddr3_axi/inst_efx_ddr3/top_mc/ac_fifo/dff_54/i7
FF|OPT : Flip-flop optimization by equivalence checking
@ "D:\yilingsi_fpga\Efinity_Project\Ti60F225_OV5640_Sobel_Stable\ip/DdrCtrl\DdrCtrl.sv (1460)" removed instance : ddr3_ctl_axi/u_efx_ddr3_soft_controller/genblk1.inst_ddr3_axi/inst_efx_ddr3/top_mc/controller_main/i1607
@ "D:\yilingsi_fpga\Efinity_Project\Ti60F225_OV5640_Sobel_Stable\ip/DdrCtrl\DdrCtrl.sv (1460)" representative instance : ddr3_ctl_axi/u_efx_ddr3_soft_controller/genblk1.inst_ddr3_axi/inst_efx_ddr3/top_mc/controller_main/i1599
FF|OPT : Flip-flop optimization by equivalence checking
@ "D:\yilingsi_fpga\Efinity_Project\Ti60F225_OV5640_Sobel_Stable\ip/DdrCtrl\DdrCtrl.sv (1460)" removed instance : ddr3_ctl_axi/u_efx_ddr3_soft_controller/genblk1.inst_ddr3_axi/inst_efx_ddr3/top_mc/controller_main/i1608
@ "D:\yilingsi_fpga\Efinity_Project\Ti60F225_OV5640_Sobel_Stable\ip/DdrCtrl\DdrCtrl.sv (1460)" representative instance : ddr3_ctl_axi/u_efx_ddr3_soft_controller/genblk1.inst_ddr3_axi/inst_efx_ddr3/top_mc/controller_main/i1600
FF|OPT : Flip-flop optimization by equivalence checking
@ "D:\yilingsi_fpga\Efinity_Project\Ti60F225_OV5640_Sobel_Stable\ip/DdrCtrl\DdrCtrl.sv (1460)" removed instance : ddr3_ctl_axi/u_efx_ddr3_soft_controller/genblk1.inst_ddr3_axi/inst_efx_ddr3/top_mc/controller_main/i1598
@ "D:\yilingsi_fpga\Efinity_Project\Ti60F225_OV5640_Sobel_Stable\ip/DdrCtrl\DdrCtrl.sv (1460)" representative instance : ddr3_ctl_axi/u_efx_ddr3_soft_controller/genblk1.inst_ddr3_axi/inst_efx_ddr3/top_mc/controller_main/i1589
FF|OPT : Flip-flop optimization by equivalence checking
@ "D:\yilingsi_fpga\Efinity_Project\Ti60F225_OV5640_Sobel_Stable\ip/DdrCtrl\DdrCtrl.sv (1460)" removed instance : ddr3_ctl_axi/u_efx_ddr3_soft_controller/genblk1.inst_ddr3_axi/inst_efx_ddr3/top_mc/controller_main/i1581
@ "D:\yilingsi_fpga\Efinity_Project\Ti60F225_OV5640_Sobel_Stable\ip/DdrCtrl\DdrCtrl.sv (1460)" representative instance : ddr3_ctl_axi/u_efx_ddr3_soft_controller/genblk1.inst_ddr3_axi/inst_efx_ddr3/top_mc/controller_main/i1591
FF|OPT : Flip-flop optimization by equivalence checking
@ "D:\yilingsi_fpga\Efinity_Project\Ti60F225_OV5640_Sobel_Stable\ip/DdrCtrl\DdrCtrl.sv (1460)" removed instance : ddr3_ctl_axi/u_efx_ddr3_soft_controller/genblk1.inst_ddr3_axi/inst_efx_ddr3/top_mc/controller_main/dff_946/i2
@ "D:\yilingsi_fpga\Efinity_Project\Ti60F225_OV5640_Sobel_Stable\ip/DdrCtrl\DdrCtrl.sv (1460)" representative instance : ddr3_ctl_axi/u_efx_ddr3_soft_controller/genblk1.inst_ddr3_axi/inst_efx_ddr3/top_mc/controller_main/dff_946/i1
FF|OPT : Flip-flop optimization by equivalence checking
@ "D:\yilingsi_fpga\Efinity_Project\Ti60F225_OV5640_Sobel_Stable\ip/DdrCtrl\DdrCtrl.sv (1460)" removed instance : ddr3_ctl_axi/u_efx_ddr3_soft_controller/genblk1.inst_ddr3_axi/inst_efx_ddr3/top_mc/controller_main/dff_945/i2
@ "D:\yilingsi_fpga\Efinity_Project\Ti60F225_OV5640_Sobel_Stable\ip/DdrCtrl\DdrCtrl.sv (1460)" representative instance : ddr3_ctl_axi/u_efx_ddr3_soft_controller/genblk1.inst_ddr3_axi/inst_efx_ddr3/top_mc/controller_main/dff_946/i1
FF|OPT : Flip-flop optimization by equivalence checking
@ "D:\yilingsi_fpga\Efinity_Project\Ti60F225_OV5640_Sobel_Stable\ip/DdrCtrl\DdrCtrl.sv (1460)" removed instance : ddr3_ctl_axi/u_efx_ddr3_soft_controller/genblk1.inst_ddr3_axi/inst_efx_ddr3/top_mc/controller_main/dff_945/i1
@ "D:\yilingsi_fpga\Efinity_Project\Ti60F225_OV5640_Sobel_Stable\ip/DdrCtrl\DdrCtrl.sv (1460)" representative instance : ddr3_ctl_axi/u_efx_ddr3_soft_controller/genblk1.inst_ddr3_axi/inst_efx_ddr3/top_mc/controller_main/dff_946/i1
FF|OPT : Flip-flop optimization by equivalence checking
@ "D:\yilingsi_fpga\Efinity_Project\Ti60F225_OV5640_Sobel_Stable\src\sobel\sobel_stream_720p.v (97)" removed instance : u_sobel_stream/dff_56/i3
@ "D:\yilingsi_fpga\Efinity_Project\Ti60F225_OV5640_Sobel_Stable\src\sobel\sobel_stream_720p.v (97)" representative instance : u_sobel_stream/dff_56/i1
FF|OPT : Flip-flop optimization by equivalence checking
@ "D:\yilingsi_fpga\Efinity_Project\Ti60F225_OV5640_Sobel_Stable\src\sobel\sobel_stream_720p.v (97)" removed instance : u_sobel_stream/dff_56/i2
@ "D:\yilingsi_fpga\Efinity_Project\Ti60F225_OV5640_Sobel_Stable\src\sobel\sobel_stream_720p.v (97)" representative instance : u_sobel_stream/dff_56/i1
FF|OPT : Flip-flop optimization by equivalence checking
@ "D:\yilingsi_fpga\Efinity_Project\Ti60F225_OV5640_Sobel_Stable\src\sobel\sobel_stream_720p.v (97)" removed instance : u_sobel_stream/dff_56/i5
@ "D:\yilingsi_fpga\Efinity_Project\Ti60F225_OV5640_Sobel_Stable\src\sobel\sobel_stream_720p.v (97)" representative instance : u_sobel_stream/dff_56/i1
FF|OPT : Flip-flop optimization by equivalence checking
@ "D:\yilingsi_fpga\Efinity_Project\Ti60F225_OV5640_Sobel_Stable\src\sobel\sobel_stream_720p.v (97)" removed instance : u_sobel_stream/dff_56/i4
@ "D:\yilingsi_fpga\Efinity_Project\Ti60F225_OV5640_Sobel_Stable\src\sobel\sobel_stream_720p.v (97)" representative instance : u_sobel_stream/dff_56/i1
FF|OPT : Flip-flop optimization by equivalence checking
@ "D:\yilingsi_fpga\Efinity_Project\Ti60F225_OV5640_Sobel_Stable\src\sobel\sobel_stream_720p.v (97)" removed instance : u_sobel_stream/dff_56/i7
@ "D:\yilingsi_fpga\Efinity_Project\Ti60F225_OV5640_Sobel_Stable\src\sobel\sobel_stream_720p.v (97)" representative instance : u_sobel_stream/dff_56/i1
FF|OPT : Flip-flop optimization by equivalence checking
@ "D:\yilingsi_fpga\Efinity_Project\Ti60F225_OV5640_Sobel_Stable\src\sobel\sobel_stream_720p.v (97)" removed instance : u_sobel_stream/dff_56/i6
@ "D:\yilingsi_fpga\Efinity_Project\Ti60F225_OV5640_Sobel_Stable\src\sobel\sobel_stream_720p.v (97)" representative instance : u_sobel_stream/dff_56/i1
FF|OPT : Flip-flop optimization by equivalence checking
@ "D:\yilingsi_fpga\Efinity_Project\Ti60F225_OV5640_Sobel_Stable\src\sobel\sobel_stream_720p.v (97)" removed instance : u_sobel_stream/dff_56/i8
@ "D:\yilingsi_fpga\Efinity_Project\Ti60F225_OV5640_Sobel_Stable\src\sobel\sobel_stream_720p.v (97)" representative instance : u_sobel_stream/dff_56/i1
FF|OPT : Flip-flop optimization by equivalence checking
@ "D:\yilingsi_fpga\Efinity_Project\Ti60F225_OV5640_Sobel_Stable\src\sobel\sobel_stream_720p.v (97)" removed instance : u_sobel_stream/dff_56/i9
@ "D:\yilingsi_fpga\Efinity_Project\Ti60F225_OV5640_Sobel_Stable\src\sobel\sobel_stream_720p.v (97)" representative instance : u_sobel_stream/dff_56/i1
FF|OPT : Flip-flop optimization by equivalence checking
@ "D:\yilingsi_fpga\Efinity_Project\Ti60F225_OV5640_Sobel_Stable\src\sobel\sobel_stream_720p.v (97)" removed instance : u_sobel_stream/dff_56/i11
@ "D:\yilingsi_fpga\Efinity_Project\Ti60F225_OV5640_Sobel_Stable\src\sobel\sobel_stream_720p.v (97)" representative instance : u_sobel_stream/dff_56/i1
FF|OPT : Flip-flop optimization by equivalence checking
@ "D:\yilingsi_fpga\Efinity_Project\Ti60F225_OV5640_Sobel_Stable\src\sobel\sobel_stream_720p.v (97)" removed instance : u_sobel_stream/dff_56/i10
@ "D:\yilingsi_fpga\Efinity_Project\Ti60F225_OV5640_Sobel_Stable\src\sobel\sobel_stream_720p.v (97)" representative instance : u_sobel_stream/dff_56/i1
FF|OPT : Flip-flop optimization by equivalence checking
@ "D:\yilingsi_fpga\Efinity_Project\Ti60F225_OV5640_Sobel_Stable\src\sobel\sobel_stream_720p.v (97)" removed instance : u_sobel_stream/dff_56/i13
@ "D:\yilingsi_fpga\Efinity_Project\Ti60F225_OV5640_Sobel_Stable\src\sobel\sobel_stream_720p.v (97)" representative instance : u_sobel_stream/dff_56/i1
FF|OPT : Flip-flop optimization by equivalence checking
@ "D:\yilingsi_fpga\Efinity_Project\Ti60F225_OV5640_Sobel_Stable\src\sobel\sobel_stream_720p.v (97)" removed instance : u_sobel_stream/dff_56/i12
@ "D:\yilingsi_fpga\Efinity_Project\Ti60F225_OV5640_Sobel_Stable\src\sobel\sobel_stream_720p.v (97)" representative instance : u_sobel_stream/dff_56/i1
FF|OPT : Flip-flop optimization by equivalence checking
@ "D:\yilingsi_fpga\Efinity_Project\Ti60F225_OV5640_Sobel_Stable\src\sobel\sobel_stream_720p.v (97)" removed instance : u_sobel_stream/dff_56/i15
@ "D:\yilingsi_fpga\Efinity_Project\Ti60F225_OV5640_Sobel_Stable\src\sobel\sobel_stream_720p.v (97)" representative instance : u_sobel_stream/dff_56/i1
FF|OPT : Flip-flop optimization by equivalence checking
@ "D:\yilingsi_fpga\Efinity_Project\Ti60F225_OV5640_Sobel_Stable\src\sobel\sobel_stream_720p.v (97)" removed instance : u_sobel_stream/dff_56/i14
@ "D:\yilingsi_fpga\Efinity_Project\Ti60F225_OV5640_Sobel_Stable\src\sobel\sobel_stream_720p.v (97)" representative instance : u_sobel_stream/dff_56/i1
FF|OPT : Flip-flop optimization by equivalence checking
@ "D:\yilingsi_fpga\Efinity_Project\Ti60F225_OV5640_Sobel_Stable\src\sobel\sobel_stream_720p.v (97)" removed instance : u_sobel_stream/dff_56/i16
@ "D:\yilingsi_fpga\Efinity_Project\Ti60F225_OV5640_Sobel_Stable\src\sobel\sobel_stream_720p.v (97)" representative instance : u_sobel_stream/dff_56/i1
FF|OPT : Flip-flop optimization by equivalence checking
@ "D:\yilingsi_fpga\Efinity_Project\Ti60F225_OV5640_Sobel_Stable\src\sobel\sobel_stream_720p.v (97)" removed instance : u_sobel_stream/dff_56/i17
@ "D:\yilingsi_fpga\Efinity_Project\Ti60F225_OV5640_Sobel_Stable\src\sobel\sobel_stream_720p.v (97)" representative instance : u_sobel_stream/dff_56/i1
FF|OPT : Flip-flop optimization by equivalence checking
@ "D:\yilingsi_fpga\Efinity_Project\Ti60F225_OV5640_Sobel_Stable\src\sobel\sobel_stream_720p.v (97)" removed instance : u_sobel_stream/dff_56/i19
@ "D:\yilingsi_fpga\Efinity_Project\Ti60F225_OV5640_Sobel_Stable\src\sobel\sobel_stream_720p.v (97)" representative instance : u_sobel_stream/dff_56/i1
FF|OPT : Flip-flop optimization by equivalence checking
@ "D:\yilingsi_fpga\Efinity_Project\Ti60F225_OV5640_Sobel_Stable\src\sobel\sobel_stream_720p.v (97)" removed instance : u_sobel_stream/dff_56/i18
@ "D:\yilingsi_fpga\Efinity_Project\Ti60F225_OV5640_Sobel_Stable\src\sobel\sobel_stream_720p.v (97)" representative instance : u_sobel_stream/dff_56/i1
FF|OPT : Flip-flop optimization by equivalence checking
@ "D:\yilingsi_fpga\Efinity_Project\Ti60F225_OV5640_Sobel_Stable\src\sobel\sobel_stream_720p.v (97)" removed instance : u_sobel_stream/dff_56/i21
@ "D:\yilingsi_fpga\Efinity_Project\Ti60F225_OV5640_Sobel_Stable\src\sobel\sobel_stream_720p.v (97)" representative instance : u_sobel_stream/dff_56/i1
FF|OPT : Flip-flop optimization by equivalence checking
@ "D:\yilingsi_fpga\Efinity_Project\Ti60F225_OV5640_Sobel_Stable\src\sobel\sobel_stream_720p.v (97)" removed instance : u_sobel_stream/dff_56/i20
@ "D:\yilingsi_fpga\Efinity_Project\Ti60F225_OV5640_Sobel_Stable\src\sobel\sobel_stream_720p.v (97)" representative instance : u_sobel_stream/dff_56/i1
FF|OPT : Flip-flop optimization by equivalence checking
@ "D:\yilingsi_fpga\Efinity_Project\Ti60F225_OV5640_Sobel_Stable\src\sobel\sobel_stream_720p.v (97)" removed instance : u_sobel_stream/dff_56/i23
@ "D:\yilingsi_fpga\Efinity_Project\Ti60F225_OV5640_Sobel_Stable\src\sobel\sobel_stream_720p.v (97)" representative instance : u_sobel_stream/dff_56/i1
FF|OPT : Flip-flop optimization by equivalence checking
@ "D:\yilingsi_fpga\Efinity_Project\Ti60F225_OV5640_Sobel_Stable\src\sobel\sobel_stream_720p.v (97)" removed instance : u_sobel_stream/dff_56/i22
@ "D:\yilingsi_fpga\Efinity_Project\Ti60F225_OV5640_Sobel_Stable\src\sobel\sobel_stream_720p.v (97)" representative instance : u_sobel_stream/dff_56/i1
FF|OPT : Flip-flop optimization by equivalence checking
@ "D:\yilingsi_fpga\Efinity_Project\Ti60F225_OV5640_Sobel_Stable\src\sobel\sobel_stream_720p.v (97)" removed instance : u_sobel_stream/dff_56/i24
@ "D:\yilingsi_fpga\Efinity_Project\Ti60F225_OV5640_Sobel_Stable\src\sobel\sobel_stream_720p.v (97)" representative instance : u_sobel_stream/dff_56/i1
FF|OPT : Flip-flop optimization by equivalence checking
@ "D:\yilingsi_fpga\Efinity_Project\Ti60F225_OV5640_Sobel_Stable\ip/DdrCtrl\DdrCtrl.sv (1460)" removed instance : ddr3_ctl_axi/u_efx_ddr3_soft_controller/genblk1.inst_ddr3_axi/inst_efx_ddr3/top_mc/controller_main/dff_679/i15
@ "D:\yilingsi_fpga\Efinity_Project\Ti60F225_OV5640_Sobel_Stable\ip/DdrCtrl\DdrCtrl.sv (1460)" representative instance : ddr3_ctl_axi/u_efx_ddr3_soft_controller/genblk1.inst_ddr3_axi/inst_efx_ddr3/top_mc/controller_main/dff_679/i16
FF|OPT : Flip-flop optimization by equivalence checking
@ "D:\yilingsi_fpga\Efinity_Project\Ti60F225_OV5640_Sobel_Stable\ip/DdrCtrl\DdrCtrl.sv (1460)" removed instance : ddr3_ctl_axi/u_efx_ddr3_soft_controller/genblk1.inst_ddr3_axi/inst_efx_ddr3/top_mc/controller_main/dff_680/i15
@ "D:\yilingsi_fpga\Efinity_Project\Ti60F225_OV5640_Sobel_Stable\ip/DdrCtrl\DdrCtrl.sv (1460)" representative instance : ddr3_ctl_axi/u_efx_ddr3_soft_controller/genblk1.inst_ddr3_axi/inst_efx_ddr3/top_mc/controller_main/dff_680/i16
FF|OPT : Flip-flop optimization by equivalence checking
@ "D:\yilingsi_fpga\Efinity_Project\Ti60F225_OV5640_Sobel_Stable\ip/DdrCtrl\DdrCtrl.sv (1460)" removed instance : ddr3_ctl_axi/u_efx_ddr3_soft_controller/genblk1.inst_ddr3_axi/inst_efx_ddr3/top_mc/controller_main/dff_679/i14
@ "D:\yilingsi_fpga\Efinity_Project\Ti60F225_OV5640_Sobel_Stable\ip/DdrCtrl\DdrCtrl.sv (1460)" representative instance : ddr3_ctl_axi/u_efx_ddr3_soft_controller/genblk1.inst_ddr3_axi/inst_efx_ddr3/top_mc/controller_main/dff_679/i16
FF|OPT : Flip-flop optimization by equivalence checking
@ "D:\yilingsi_fpga\Efinity_Project\Ti60F225_OV5640_Sobel_Stable\ip/DdrCtrl\DdrCtrl.sv (1460)" removed instance : ddr3_ctl_axi/u_efx_ddr3_soft_controller/genblk1.inst_ddr3_axi/inst_efx_ddr3/top_mc/controller_main/dff_680/i14
@ "D:\yilingsi_fpga\Efinity_Project\Ti60F225_OV5640_Sobel_Stable\ip/DdrCtrl\DdrCtrl.sv (1460)" representative instance : ddr3_ctl_axi/u_efx_ddr3_soft_controller/genblk1.inst_ddr3_axi/inst_efx_ddr3/top_mc/controller_main/dff_680/i16
FF|OPT : Flip-flop optimization by equivalence checking
@ "D:\yilingsi_fpga\Efinity_Project\Ti60F225_OV5640_Sobel_Stable\ip/DdrCtrl\DdrCtrl.sv (1460)" removed instance : ddr3_ctl_axi/u_efx_ddr3_soft_controller/genblk1.inst_ddr3_axi/inst_efx_ddr3/top_mc/controller_main/dff_679/i13
@ "D:\yilingsi_fpga\Efinity_Project\Ti60F225_OV5640_Sobel_Stable\ip/DdrCtrl\DdrCtrl.sv (1460)" representative instance : ddr3_ctl_axi/u_efx_ddr3_soft_controller/genblk1.inst_ddr3_axi/inst_efx_ddr3/top_mc/controller_main/dff_679/i16
FF|OPT : Flip-flop optimization by equivalence checking
@ "D:\yilingsi_fpga\Efinity_Project\Ti60F225_OV5640_Sobel_Stable\ip/DdrCtrl\DdrCtrl.sv (1460)" removed instance : ddr3_ctl_axi/u_efx_ddr3_soft_controller/genblk1.inst_ddr3_axi/inst_efx_ddr3/top_mc/controller_main/dff_680/i13
@ "D:\yilingsi_fpga\Efinity_Project\Ti60F225_OV5640_Sobel_Stable\ip/DdrCtrl\DdrCtrl.sv (1460)" representative instance : ddr3_ctl_axi/u_efx_ddr3_soft_controller/genblk1.inst_ddr3_axi/inst_efx_ddr3/top_mc/controller_main/dff_680/i16
FF|OPT : Flip-flop optimization by equivalence checking
@ "D:\yilingsi_fpga\Efinity_Project\Ti60F225_OV5640_Sobel_Stable\ip/DdrCtrl\DdrCtrl.sv (1460)" removed instance : ddr3_ctl_axi/u_efx_ddr3_soft_controller/genblk1.inst_ddr3_axi/inst_efx_ddr3/top_mc/controller_main/dff_679/i12
@ "D:\yilingsi_fpga\Efinity_Project\Ti60F225_OV5640_Sobel_Stable\ip/DdrCtrl\DdrCtrl.sv (1460)" representative instance : ddr3_ctl_axi/u_efx_ddr3_soft_controller/genblk1.inst_ddr3_axi/inst_efx_ddr3/top_mc/controller_main/dff_679/i16
FF|OPT : Flip-flop optimization by equivalence checking
@ "D:\yilingsi_fpga\Efinity_Project\Ti60F225_OV5640_Sobel_Stable\ip/DdrCtrl\DdrCtrl.sv (1460)" removed instance : ddr3_ctl_axi/u_efx_ddr3_soft_controller/genblk1.inst_ddr3_axi/inst_efx_ddr3/top_mc/controller_main/dff_680/i12
@ "D:\yilingsi_fpga\Efinity_Project\Ti60F225_OV5640_Sobel_Stable\ip/DdrCtrl\DdrCtrl.sv (1460)" representative instance : ddr3_ctl_axi/u_efx_ddr3_soft_controller/genblk1.inst_ddr3_axi/inst_efx_ddr3/top_mc/controller_main/dff_680/i16
FF|OPT : Flip-flop optimization by equivalence checking
@ "D:\yilingsi_fpga\Efinity_Project\Ti60F225_OV5640_Sobel_Stable\ip/DdrCtrl\DdrCtrl.sv (1460)" removed instance : ddr3_ctl_axi/u_efx_ddr3_soft_controller/genblk1.inst_ddr3_axi/inst_efx_ddr3/top_mc/controller_main/dff_679/i11
@ "D:\yilingsi_fpga\Efinity_Project\Ti60F225_OV5640_Sobel_Stable\ip/DdrCtrl\DdrCtrl.sv (1460)" representative instance : ddr3_ctl_axi/u_efx_ddr3_soft_controller/genblk1.inst_ddr3_axi/inst_efx_ddr3/top_mc/controller_main/dff_679/i16
FF|OPT : Flip-flop optimization by equivalence checking
@ "D:\yilingsi_fpga\Efinity_Project\Ti60F225_OV5640_Sobel_Stable\ip/DdrCtrl\DdrCtrl.sv (1460)" removed instance : ddr3_ctl_axi/u_efx_ddr3_soft_controller/genblk1.inst_ddr3_axi/inst_efx_ddr3/top_mc/controller_main/dff_680/i11
@ "D:\yilingsi_fpga\Efinity_Project\Ti60F225_OV5640_Sobel_Stable\ip/DdrCtrl\DdrCtrl.sv (1460)" representative instance : ddr3_ctl_axi/u_efx_ddr3_soft_controller/genblk1.inst_ddr3_axi/inst_efx_ddr3/top_mc/controller_main/dff_680/i16
FF|OPT : Flip-flop optimization by equivalence checking
@ "D:\yilingsi_fpga\Efinity_Project\Ti60F225_OV5640_Sobel_Stable\ip/DdrCtrl\DdrCtrl.sv (1460)" removed instance : ddr3_ctl_axi/u_efx_ddr3_soft_controller/genblk1.inst_ddr3_axi/inst_efx_ddr3/top_mc/controller_main/dff_679/i10
@ "D:\yilingsi_fpga\Efinity_Project\Ti60F225_OV5640_Sobel_Stable\ip/DdrCtrl\DdrCtrl.sv (1460)" representative instance : ddr3_ctl_axi/u_efx_ddr3_soft_controller/genblk1.inst_ddr3_axi/inst_efx_ddr3/top_mc/controller_main/dff_679/i16
FF|OPT : Flip-flop optimization by equivalence checking
@ "D:\yilingsi_fpga\Efinity_Project\Ti60F225_OV5640_Sobel_Stable\ip/DdrCtrl\DdrCtrl.sv (1460)" removed instance : ddr3_ctl_axi/u_efx_ddr3_soft_controller/genblk1.inst_ddr3_axi/inst_efx_ddr3/top_mc/controller_main/dff_680/i10
@ "D:\yilingsi_fpga\Efinity_Project\Ti60F225_OV5640_Sobel_Stable\ip/DdrCtrl\DdrCtrl.sv (1460)" representative instance : ddr3_ctl_axi/u_efx_ddr3_soft_controller/genblk1.inst_ddr3_axi/inst_efx_ddr3/top_mc/controller_main/dff_680/i16
FF|OPT : Flip-flop optimization by equivalence checking
@ "D:\yilingsi_fpga\Efinity_Project\Ti60F225_OV5640_Sobel_Stable\ip/DdrCtrl\DdrCtrl.sv (1460)" removed instance : ddr3_ctl_axi/u_efx_ddr3_soft_controller/genblk1.inst_ddr3_axi/inst_efx_ddr3/top_mc/controller_main/dff_679/i9
@ "D:\yilingsi_fpga\Efinity_Project\Ti60F225_OV5640_Sobel_Stable\ip/DdrCtrl\DdrCtrl.sv (1460)" representative instance : ddr3_ctl_axi/u_efx_ddr3_soft_controller/genblk1.inst_ddr3_axi/inst_efx_ddr3/top_mc/controller_main/dff_679/i16
FF|OPT : Flip-flop optimization by equivalence checking
@ "D:\yilingsi_fpga\Efinity_Project\Ti60F225_OV5640_Sobel_Stable\ip/DdrCtrl\DdrCtrl.sv (1460)" removed instance : ddr3_ctl_axi/u_efx_ddr3_soft_controller/genblk1.inst_ddr3_axi/inst_efx_ddr3/top_mc/controller_main/dff_680/i9
@ "D:\yilingsi_fpga\Efinity_Project\Ti60F225_OV5640_Sobel_Stable\ip/DdrCtrl\DdrCtrl.sv (1460)" representative instance : ddr3_ctl_axi/u_efx_ddr3_soft_controller/genblk1.inst_ddr3_axi/inst_efx_ddr3/top_mc/controller_main/dff_680/i16
FF|OPT : Flip-flop optimization by equivalence checking
@ "D:\yilingsi_fpga\Efinity_Project\Ti60F225_OV5640_Sobel_Stable\ip/DdrCtrl\DdrCtrl.sv (1460)" removed instance : ddr3_ctl_axi/u_efx_ddr3_soft_controller/genblk1.inst_ddr3_axi/inst_efx_ddr3/top_mc/controller_main/dff_679/i8
@ "D:\yilingsi_fpga\Efinity_Project\Ti60F225_OV5640_Sobel_Stable\ip/DdrCtrl\DdrCtrl.sv (1460)" representative instance : ddr3_ctl_axi/u_efx_ddr3_soft_controller/genblk1.inst_ddr3_axi/inst_efx_ddr3/top_mc/controller_main/dff_679/i16
FF|OPT : Flip-flop optimization by equivalence checking
@ "D:\yilingsi_fpga\Efinity_Project\Ti60F225_OV5640_Sobel_Stable\ip/DdrCtrl\DdrCtrl.sv (1460)" removed instance : ddr3_ctl_axi/u_efx_ddr3_soft_controller/genblk1.inst_ddr3_axi/inst_efx_ddr3/top_mc/controller_main/dff_680/i8
@ "D:\yilingsi_fpga\Efinity_Project\Ti60F225_OV5640_Sobel_Stable\ip/DdrCtrl\DdrCtrl.sv (1460)" representative instance : ddr3_ctl_axi/u_efx_ddr3_soft_controller/genblk1.inst_ddr3_axi/inst_efx_ddr3/top_mc/controller_main/dff_680/i16
FF|OPT : Flip-flop optimization by equivalence checking
@ "D:\yilingsi_fpga\Efinity_Project\Ti60F225_OV5640_Sobel_Stable\ip/DdrCtrl\DdrCtrl.sv (1460)" removed instance : ddr3_ctl_axi/u_efx_ddr3_soft_controller/genblk1.inst_ddr3_axi/inst_efx_ddr3/top_mc/controller_main/dff_679/i7
@ "D:\yilingsi_fpga\Efinity_Project\Ti60F225_OV5640_Sobel_Stable\ip/DdrCtrl\DdrCtrl.sv (1460)" representative instance : ddr3_ctl_axi/u_efx_ddr3_soft_controller/genblk1.inst_ddr3_axi/inst_efx_ddr3/top_mc/controller_main/dff_679/i16
FF|OPT : Flip-flop optimization by equivalence checking
@ "D:\yilingsi_fpga\Efinity_Project\Ti60F225_OV5640_Sobel_Stable\ip/DdrCtrl\DdrCtrl.sv (1460)" removed instance : ddr3_ctl_axi/u_efx_ddr3_soft_controller/genblk1.inst_ddr3_axi/inst_efx_ddr3/top_mc/controller_main/dff_680/i7
@ "D:\yilingsi_fpga\Efinity_Project\Ti60F225_OV5640_Sobel_Stable\ip/DdrCtrl\DdrCtrl.sv (1460)" representative instance : ddr3_ctl_axi/u_efx_ddr3_soft_controller/genblk1.inst_ddr3_axi/inst_efx_ddr3/top_mc/controller_main/dff_680/i16
FF|OPT : Flip-flop optimization by equivalence checking
@ "D:\yilingsi_fpga\Efinity_Project\Ti60F225_OV5640_Sobel_Stable\ip/DdrCtrl\DdrCtrl.sv (1460)" removed instance : ddr3_ctl_axi/u_efx_ddr3_soft_controller/genblk1.inst_ddr3_axi/inst_efx_ddr3/top_mc/controller_main/dff_679/i6
@ "D:\yilingsi_fpga\Efinity_Project\Ti60F225_OV5640_Sobel_Stable\ip/DdrCtrl\DdrCtrl.sv (1460)" representative instance : ddr3_ctl_axi/u_efx_ddr3_soft_controller/genblk1.inst_ddr3_axi/inst_efx_ddr3/top_mc/controller_main/dff_679/i16
FF|OPT : Flip-flop optimization by equivalence checking
@ "D:\yilingsi_fpga\Efinity_Project\Ti60F225_OV5640_Sobel_Stable\ip/DdrCtrl\DdrCtrl.sv (1460)" removed instance : ddr3_ctl_axi/u_efx_ddr3_soft_controller/genblk1.inst_ddr3_axi/inst_efx_ddr3/top_mc/controller_main/dff_680/i6
@ "D:\yilingsi_fpga\Efinity_Project\Ti60F225_OV5640_Sobel_Stable\ip/DdrCtrl\DdrCtrl.sv (1460)" representative instance : ddr3_ctl_axi/u_efx_ddr3_soft_controller/genblk1.inst_ddr3_axi/inst_efx_ddr3/top_mc/controller_main/dff_680/i16
FF|OPT : Flip-flop optimization by equivalence checking
@ "D:\yilingsi_fpga\Efinity_Project\Ti60F225_OV5640_Sobel_Stable\ip/DdrCtrl\DdrCtrl.sv (1460)" removed instance : ddr3_ctl_axi/u_efx_ddr3_soft_controller/genblk1.inst_ddr3_axi/inst_efx_ddr3/top_mc/controller_main/dff_679/i5
@ "D:\yilingsi_fpga\Efinity_Project\Ti60F225_OV5640_Sobel_Stable\ip/DdrCtrl\DdrCtrl.sv (1460)" representative instance : ddr3_ctl_axi/u_efx_ddr3_soft_controller/genblk1.inst_ddr3_axi/inst_efx_ddr3/top_mc/controller_main/dff_679/i16
FF|OPT : Flip-flop optimization by equivalence checking
@ "D:\yilingsi_fpga\Efinity_Project\Ti60F225_OV5640_Sobel_Stable\ip/DdrCtrl\DdrCtrl.sv (1460)" removed instance : ddr3_ctl_axi/u_efx_ddr3_soft_controller/genblk1.inst_ddr3_axi/inst_efx_ddr3/top_mc/controller_main/dff_680/i5
@ "D:\yilingsi_fpga\Efinity_Project\Ti60F225_OV5640_Sobel_Stable\ip/DdrCtrl\DdrCtrl.sv (1460)" representative instance : ddr3_ctl_axi/u_efx_ddr3_soft_controller/genblk1.inst_ddr3_axi/inst_efx_ddr3/top_mc/controller_main/dff_680/i16
FF|OPT : Flip-flop optimization by equivalence checking
@ "D:\yilingsi_fpga\Efinity_Project\Ti60F225_OV5640_Sobel_Stable\ip/DdrCtrl\DdrCtrl.sv (1460)" removed instance : ddr3_ctl_axi/u_efx_ddr3_soft_controller/genblk1.inst_ddr3_axi/inst_efx_ddr3/top_mc/controller_main/dff_679/i4
@ "D:\yilingsi_fpga\Efinity_Project\Ti60F225_OV5640_Sobel_Stable\ip/DdrCtrl\DdrCtrl.sv (1460)" representative instance : ddr3_ctl_axi/u_efx_ddr3_soft_controller/genblk1.inst_ddr3_axi/inst_efx_ddr3/top_mc/controller_main/dff_679/i16
FF|OPT : Flip-flop optimization by equivalence checking
@ "D:\yilingsi_fpga\Efinity_Project\Ti60F225_OV5640_Sobel_Stable\ip/DdrCtrl\DdrCtrl.sv (1460)" removed instance : ddr3_ctl_axi/u_efx_ddr3_soft_controller/genblk1.inst_ddr3_axi/inst_efx_ddr3/top_mc/controller_main/dff_680/i4
@ "D:\yilingsi_fpga\Efinity_Project\Ti60F225_OV5640_Sobel_Stable\ip/DdrCtrl\DdrCtrl.sv (1460)" representative instance : ddr3_ctl_axi/u_efx_ddr3_soft_controller/genblk1.inst_ddr3_axi/inst_efx_ddr3/top_mc/controller_main/dff_680/i16
FF|OPT : Flip-flop optimization by equivalence checking
@ "D:\yilingsi_fpga\Efinity_Project\Ti60F225_OV5640_Sobel_Stable\ip/DdrCtrl\DdrCtrl.sv (1460)" removed instance : ddr3_ctl_axi/u_efx_ddr3_soft_controller/genblk1.inst_ddr3_axi/inst_efx_ddr3/top_mc/controller_main/dff_679/i3
@ "D:\yilingsi_fpga\Efinity_Project\Ti60F225_OV5640_Sobel_Stable\ip/DdrCtrl\DdrCtrl.sv (1460)" representative instance : ddr3_ctl_axi/u_efx_ddr3_soft_controller/genblk1.inst_ddr3_axi/inst_efx_ddr3/top_mc/controller_main/dff_679/i16
FF|OPT : Flip-flop optimization by equivalence checking
@ "D:\yilingsi_fpga\Efinity_Project\Ti60F225_OV5640_Sobel_Stable\ip/DdrCtrl\DdrCtrl.sv (1460)" removed instance : ddr3_ctl_axi/u_efx_ddr3_soft_controller/genblk1.inst_ddr3_axi/inst_efx_ddr3/top_mc/controller_main/dff_680/i3
@ "D:\yilingsi_fpga\Efinity_Project\Ti60F225_OV5640_Sobel_Stable\ip/DdrCtrl\DdrCtrl.sv (1460)" representative instance : ddr3_ctl_axi/u_efx_ddr3_soft_controller/genblk1.inst_ddr3_axi/inst_efx_ddr3/top_mc/controller_main/dff_680/i16
FF|OPT : Flip-flop optimization by equivalence checking
@ "D:\yilingsi_fpga\Efinity_Project\Ti60F225_OV5640_Sobel_Stable\ip/DdrCtrl\DdrCtrl.sv (1460)" removed instance : ddr3_ctl_axi/u_efx_ddr3_soft_controller/genblk1.inst_ddr3_axi/inst_efx_ddr3/top_mc/controller_main/dff_679/i2
@ "D:\yilingsi_fpga\Efinity_Project\Ti60F225_OV5640_Sobel_Stable\ip/DdrCtrl\DdrCtrl.sv (1460)" representative instance : ddr3_ctl_axi/u_efx_ddr3_soft_controller/genblk1.inst_ddr3_axi/inst_efx_ddr3/top_mc/controller_main/dff_679/i16
FF|OPT : Flip-flop optimization by equivalence checking
@ "D:\yilingsi_fpga\Efinity_Project\Ti60F225_OV5640_Sobel_Stable\ip/DdrCtrl\DdrCtrl.sv (1460)" removed instance : ddr3_ctl_axi/u_efx_ddr3_soft_controller/genblk1.inst_ddr3_axi/inst_efx_ddr3/top_mc/controller_main/dff_680/i2
@ "D:\yilingsi_fpga\Efinity_Project\Ti60F225_OV5640_Sobel_Stable\ip/DdrCtrl\DdrCtrl.sv (1460)" representative instance : ddr3_ctl_axi/u_efx_ddr3_soft_controller/genblk1.inst_ddr3_axi/inst_efx_ddr3/top_mc/controller_main/dff_680/i16
FF|OPT : Flip-flop optimization by equivalence checking
@ "D:\yilingsi_fpga\Efinity_Project\Ti60F225_OV5640_Sobel_Stable\ip/DdrCtrl\DdrCtrl.sv (1460)" removed instance : ddr3_ctl_axi/u_efx_ddr3_soft_controller/genblk1.inst_ddr3_axi/inst_efx_ddr3/top_mc/controller_main/dff_679/i1
@ "D:\yilingsi_fpga\Efinity_Project\Ti60F225_OV5640_Sobel_Stable\ip/DdrCtrl\DdrCtrl.sv (1460)" representative instance : ddr3_ctl_axi/u_efx_ddr3_soft_controller/genblk1.inst_ddr3_axi/inst_efx_ddr3/top_mc/controller_main/dff_679/i16
FF|OPT : Flip-flop optimization by equivalence checking
@ "D:\yilingsi_fpga\Efinity_Project\Ti60F225_OV5640_Sobel_Stable\ip/DdrCtrl\DdrCtrl.sv (1460)" removed instance : ddr3_ctl_axi/u_efx_ddr3_soft_controller/genblk1.inst_ddr3_axi/inst_efx_ddr3/top_mc/controller_main/dff_680/i1
@ "D:\yilingsi_fpga\Efinity_Project\Ti60F225_OV5640_Sobel_Stable\ip/DdrCtrl\DdrCtrl.sv (1460)" representative instance : ddr3_ctl_axi/u_efx_ddr3_soft_controller/genblk1.inst_ddr3_axi/inst_efx_ddr3/top_mc/controller_main/dff_680/i16
FF|OPT : Flip-flop optimization by equivalence checking
@ "D:\yilingsi_fpga\Efinity_Project\Ti60F225_OV5640_Sobel_Stable\ip/DdrCtrl\DdrCtrl.sv (1460)" removed instance : ddr3_ctl_axi/u_efx_ddr3_soft_controller/genblk1.inst_ddr3_axi/inst_efx_ddr3/top_mc/controller_main/dff_948/i1
@ "D:\yilingsi_fpga\Efinity_Project\Ti60F225_OV5640_Sobel_Stable\ip/DdrCtrl\DdrCtrl.sv (1460)" representative instance : ddr3_ctl_axi/u_efx_ddr3_soft_controller/genblk1.inst_ddr3_axi/inst_efx_ddr3/top_mc/controller_main/dff_948/i2
FF|OPT : Flip-flop optimization by equivalence checking
@ "D:\yilingsi_fpga\Efinity_Project\Ti60F225_OV5640_Sobel_Stable\ip/DdrCtrl\DdrCtrl.sv (1460)" removed instance : ddr3_ctl_axi/u_efx_ddr3_soft_controller/genblk1.inst_ddr3_axi/inst_efx_ddr3/top_mc/controller_main/dff_949/i2
@ "D:\yilingsi_fpga\Efinity_Project\Ti60F225_OV5640_Sobel_Stable\ip/DdrCtrl\DdrCtrl.sv (1460)" representative instance : ddr3_ctl_axi/u_efx_ddr3_soft_controller/genblk1.inst_ddr3_axi/inst_efx_ddr3/top_mc/controller_main/dff_948/i2
FF|OPT : Flip-flop optimization by equivalence checking
@ "D:\yilingsi_fpga\Efinity_Project\Ti60F225_OV5640_Sobel_Stable\ip/DdrCtrl\DdrCtrl.sv (1460)" removed instance : ddr3_ctl_axi/u_efx_ddr3_soft_controller/genblk1.inst_ddr3_axi/inst_efx_ddr3/top_mc/controller_main/dff_949/i1
@ "D:\yilingsi_fpga\Efinity_Project\Ti60F225_OV5640_Sobel_Stable\ip/DdrCtrl\DdrCtrl.sv (1460)" representative instance : ddr3_ctl_axi/u_efx_ddr3_soft_controller/genblk1.inst_ddr3_axi/inst_efx_ddr3/top_mc/controller_main/dff_948/i2
FF|OPT : Flip-flop optimization by equivalence checking
@ "D:\yilingsi_fpga\Efinity_Project\Ti60F225_OV5640_Sobel_Stable\src\hdmi_ip\tmds_channel.v (167)" removed instance : u_rgb2dvi/enc_0/dff_119/i6
@ "D:\yilingsi_fpga\Efinity_Project\Ti60F225_OV5640_Sobel_Stable\src\hdmi_ip\tmds_channel.v (167)" representative instance : u_rgb2dvi/enc_0/dff_119/i8
FF|OPT : Flip-flop optimization by equivalence checking
@ "D:\yilingsi_fpga\Efinity_Project\Ti60F225_OV5640_Sobel_Stable\src\hdmi_ip\tmds_channel.v (167)" removed instance : u_rgb2dvi/enc_0/dff_119/i5
@ "D:\yilingsi_fpga\Efinity_Project\Ti60F225_OV5640_Sobel_Stable\src\hdmi_ip\tmds_channel.v (167)" representative instance : u_rgb2dvi/enc_0/dff_119/i7
FF|OPT : Flip-flop optimization by equivalence checking
@ "D:\yilingsi_fpga\Efinity_Project\Ti60F225_OV5640_Sobel_Stable\src\hdmi_ip\tmds_channel.v (167)" removed instance : u_rgb2dvi/enc_0/dff_119/i4
@ "D:\yilingsi_fpga\Efinity_Project\Ti60F225_OV5640_Sobel_Stable\src\hdmi_ip\tmds_channel.v (167)" representative instance : u_rgb2dvi/enc_0/dff_119/i8
FF|OPT : Flip-flop optimization by equivalence checking
@ "D:\yilingsi_fpga\Efinity_Project\Ti60F225_OV5640_Sobel_Stable\src\hdmi_ip\tmds_channel.v (167)" removed instance : u_rgb2dvi/enc_0/dff_119/i3
@ "D:\yilingsi_fpga\Efinity_Project\Ti60F225_OV5640_Sobel_Stable\src\hdmi_ip\tmds_channel.v (167)" representative instance : u_rgb2dvi/enc_0/dff_119/i7
FF|OPT : Flip-flop optimization by equivalence checking
@ "D:\yilingsi_fpga\Efinity_Project\Ti60F225_OV5640_Sobel_Stable\src\hdmi_ip\tmds_channel.v (167)" removed instance : u_rgb2dvi/enc_0/dff_119/i2
@ "D:\yilingsi_fpga\Efinity_Project\Ti60F225_OV5640_Sobel_Stable\src\hdmi_ip\tmds_channel.v (167)" representative instance : u_rgb2dvi/enc_0/dff_119/i8
FF|OPT : Flip-flop optimization by equivalence checking
@ "D:\yilingsi_fpga\Efinity_Project\Ti60F225_OV5640_Sobel_Stable\src\hdmi_ip\tmds_channel.v (167)" removed instance : u_rgb2dvi/enc_0/dff_119/i1
@ "D:\yilingsi_fpga\Efinity_Project\Ti60F225_OV5640_Sobel_Stable\src\hdmi_ip\tmds_channel.v (167)" representative instance : u_rgb2dvi/enc_0/dff_119/i8
FF|OPT : Flip-flop optimization by equivalence checking
@ "D:\yilingsi_fpga\Efinity_Project\Ti60F225_OV5640_Sobel_Stable\src\hdmi_ip\tmds_channel.v (167)" removed instance : u_rgb2dvi/enc_1/dff_119/i6
@ "D:\yilingsi_fpga\Efinity_Project\Ti60F225_OV5640_Sobel_Stable\src\hdmi_ip\tmds_channel.v (167)" representative instance : u_rgb2dvi/enc_1/dff_119/i8
FF|OPT : Flip-flop optimization by equivalence checking
@ "D:\yilingsi_fpga\Efinity_Project\Ti60F225_OV5640_Sobel_Stable\src\hdmi_ip\tmds_channel.v (167)" removed instance : u_rgb2dvi/enc_1/dff_119/i5
@ "D:\yilingsi_fpga\Efinity_Project\Ti60F225_OV5640_Sobel_Stable\src\hdmi_ip\tmds_channel.v (167)" representative instance : u_rgb2dvi/enc_1/dff_119/i7
FF|OPT : Flip-flop optimization by equivalence checking
@ "D:\yilingsi_fpga\Efinity_Project\Ti60F225_OV5640_Sobel_Stable\src\hdmi_ip\tmds_channel.v (167)" removed instance : u_rgb2dvi/enc_1/dff_119/i4
@ "D:\yilingsi_fpga\Efinity_Project\Ti60F225_OV5640_Sobel_Stable\src\hdmi_ip\tmds_channel.v (167)" representative instance : u_rgb2dvi/enc_1/dff_119/i8
FF|OPT : Flip-flop optimization by equivalence checking
@ "D:\yilingsi_fpga\Efinity_Project\Ti60F225_OV5640_Sobel_Stable\src\hdmi_ip\tmds_channel.v (167)" removed instance : u_rgb2dvi/enc_1/dff_119/i3
@ "D:\yilingsi_fpga\Efinity_Project\Ti60F225_OV5640_Sobel_Stable\src\hdmi_ip\tmds_channel.v (167)" representative instance : u_rgb2dvi/enc_1/dff_119/i7
FF|OPT : Flip-flop optimization by equivalence checking
@ "D:\yilingsi_fpga\Efinity_Project\Ti60F225_OV5640_Sobel_Stable\src\hdmi_ip\tmds_channel.v (167)" removed instance : u_rgb2dvi/enc_1/dff_119/i2
@ "D:\yilingsi_fpga\Efinity_Project\Ti60F225_OV5640_Sobel_Stable\src\hdmi_ip\tmds_channel.v (167)" representative instance : u_rgb2dvi/enc_1/dff_119/i8
FF|OPT : Flip-flop optimization by equivalence checking
@ "D:\yilingsi_fpga\Efinity_Project\Ti60F225_OV5640_Sobel_Stable\src\hdmi_ip\tmds_channel.v (167)" removed instance : u_rgb2dvi/enc_1/dff_119/i1
@ "D:\yilingsi_fpga\Efinity_Project\Ti60F225_OV5640_Sobel_Stable\src\hdmi_ip\tmds_channel.v (167)" representative instance : u_rgb2dvi/enc_1/dff_119/i8
FF|OPT : Flip-flop optimization by equivalence checking
@ "D:\yilingsi_fpga\Efinity_Project\Ti60F225_OV5640_Sobel_Stable\src\hdmi_ip\tmds_channel.v (167)" removed instance : u_rgb2dvi/enc_2/dff_119/i9
@ "D:\yilingsi_fpga\Efinity_Project\Ti60F225_OV5640_Sobel_Stable\src\hdmi_ip\tmds_channel.v (167)" representative instance : u_rgb2dvi/enc_1/dff_119/i9
FF|OPT : Flip-flop optimization by equivalence checking
@ "D:\yilingsi_fpga\Efinity_Project\Ti60F225_OV5640_Sobel_Stable\src\hdmi_ip\tmds_channel.v (167)" removed instance : u_rgb2dvi/enc_2/dff_119/i6
@ "D:\yilingsi_fpga\Efinity_Project\Ti60F225_OV5640_Sobel_Stable\src\hdmi_ip\tmds_channel.v (167)" representative instance : u_rgb2dvi/enc_2/dff_119/i8
FF|OPT : Flip-flop optimization by equivalence checking
@ "D:\yilingsi_fpga\Efinity_Project\Ti60F225_OV5640_Sobel_Stable\src\hdmi_ip\tmds_channel.v (167)" removed instance : u_rgb2dvi/enc_2/dff_119/i5
@ "D:\yilingsi_fpga\Efinity_Project\Ti60F225_OV5640_Sobel_Stable\src\hdmi_ip\tmds_channel.v (167)" representative instance : u_rgb2dvi/enc_2/dff_119/i7
FF|OPT : Flip-flop optimization by equivalence checking
@ "D:\yilingsi_fpga\Efinity_Project\Ti60F225_OV5640_Sobel_Stable\src\hdmi_ip\tmds_channel.v (167)" removed instance : u_rgb2dvi/enc_2/dff_119/i4
@ "D:\yilingsi_fpga\Efinity_Project\Ti60F225_OV5640_Sobel_Stable\src\hdmi_ip\tmds_channel.v (167)" representative instance : u_rgb2dvi/enc_2/dff_119/i8
FF|OPT : Flip-flop optimization by equivalence checking
@ "D:\yilingsi_fpga\Efinity_Project\Ti60F225_OV5640_Sobel_Stable\src\hdmi_ip\tmds_channel.v (167)" removed instance : u_rgb2dvi/enc_2/dff_119/i3
@ "D:\yilingsi_fpga\Efinity_Project\Ti60F225_OV5640_Sobel_Stable\src\hdmi_ip\tmds_channel.v (167)" representative instance : u_rgb2dvi/enc_2/dff_119/i7
FF|OPT : Flip-flop optimization by equivalence checking
@ "D:\yilingsi_fpga\Efinity_Project\Ti60F225_OV5640_Sobel_Stable\src\hdmi_ip\tmds_channel.v (167)" removed instance : u_rgb2dvi/enc_2/dff_119/i2
@ "D:\yilingsi_fpga\Efinity_Project\Ti60F225_OV5640_Sobel_Stable\src\hdmi_ip\tmds_channel.v (167)" representative instance : u_rgb2dvi/enc_2/dff_119/i8
FF|OPT : Flip-flop optimization by equivalence checking
@ "D:\yilingsi_fpga\Efinity_Project\Ti60F225_OV5640_Sobel_Stable\src\hdmi_ip\tmds_channel.v (167)" removed instance : u_rgb2dvi/enc_2/dff_119/i1
@ "D:\yilingsi_fpga\Efinity_Project\Ti60F225_OV5640_Sobel_Stable\src\hdmi_ip\tmds_channel.v (167)" representative instance : u_rgb2dvi/enc_2/dff_119/i8
FF Output: r_flash_en(=0)
FF Output: r_dsi_lp_p_ovr[2](=0)
FF Output: r_dsi_lp_p_ovr[1](=0)
FF Output: rs_axilite[3](=0)
FF Output: rs_axilite[2](=0)
FF Output: rs_axilite[1](=0)
FF Output: rs_axilite[0](=0)
FF Output: r_axi_req(=0)
FF Output: r_dsi_lp_p_ovr[0](=0)
FF Output: r_axi_awvalid(=0)
FF Output: r_axi_wvalid(=0)
FF Output: r_axi_arvalid(=0)
FF Output: r_dsi_lp_n_ovr[0](=0)
FF Output: rc_axi_init[0](=0)
FF Output: r_axi_idle(=0)
FF Output: r_dsi_pwm[0](=0)
FF Output: ddr3_ctl_axi/u_efx_ddr3_soft_controller/genblk1.inst_ddr3_axi/r_i_wr_datamask[0](=0)
FF Output: ddr3_ctl_axi/u_efx_ddr3_soft_controller/genblk1.inst_ddr3_axi/r_i_wr_datamask[1](=0)
FF Output: ddr3_ctl_axi/u_efx_ddr3_soft_controller/genblk1.inst_ddr3_axi/r_i_wr_datamask[2](=0)
FF Output: ddr3_ctl_axi/u_efx_ddr3_soft_controller/genblk1.inst_ddr3_axi/r_i_wr_datamask[3](=0)
FF Output: ddr3_ctl_axi/u_efx_ddr3_soft_controller/genblk1.inst_ddr3_axi/r_i_wr_datamask[4](=0)
FF Output: ddr3_ctl_axi/u_efx_ddr3_soft_controller/genblk1.inst_ddr3_axi/r_i_wr_datamask[5](=0)
FF Output: ddr3_ctl_axi/u_efx_ddr3_soft_controller/genblk1.inst_ddr3_axi/r_i_wr_datamask[6](=0)
FF Output: ddr3_ctl_axi/u_efx_ddr3_soft_controller/genblk1.inst_ddr3_axi/r_i_wr_datamask[7](=0)
FF Output: ddr3_ctl_axi/u_efx_ddr3_soft_controller/genblk1.inst_ddr3_axi/r_i_wr_datamask[8](=0)
FF Output: ddr3_ctl_axi/u_efx_ddr3_soft_controller/genblk1.inst_ddr3_axi/r_i_wr_datamask[9](=0)
FF Output: ddr3_ctl_axi/u_efx_ddr3_soft_controller/genblk1.inst_ddr3_axi/r_i_wr_datamask[10](=0)
FF Output: ddr3_ctl_axi/u_efx_ddr3_soft_controller/genblk1.inst_ddr3_axi/r_i_wr_datamask[11](=0)
FF Output: ddr3_ctl_axi/u_efx_ddr3_soft_controller/genblk1.inst_ddr3_axi/r_i_wr_datamask[12](=0)
FF Output: ddr3_ctl_axi/u_efx_ddr3_soft_controller/genblk1.inst_ddr3_axi/r_i_wr_datamask[13](=0)
FF Output: ddr3_ctl_axi/u_efx_ddr3_soft_controller/genblk1.inst_ddr3_axi/r_i_wr_datamask[14](=0)
FF Output: ddr3_ctl_axi/u_efx_ddr3_soft_controller/genblk1.inst_ddr3_axi/r_i_wr_datamask[15](=0)
FF Output: ddr3_ctl_axi/u_efx_ddr3_soft_controller/genblk1.inst_ddr3_axi/inst_efx_ddr3/cal_wr_datamask[0](=0)
FF Output: o_dqs_hi[1](=0)
FF Output: o_dqs_hi[0](=0)
FF Output: o_dqs_n_lo[0](=0)
FF Output: ddr3_ctl_axi/u_efx_ddr3_soft_controller/genblk1.inst_ddr3_axi/inst_efx_ddr3/top_mc/controller_main/odt_cnt[0](=0)
FF Output: o_dqs_n_lo[1](=0)
FF Output: ddr3_ctl_axi/u_efx_ddr3_soft_controller/genblk1.inst_ddr3_axi/inst_efx_ddr3/cal_wr_data[61](=0)
FF Output: ddr3_ctl_axi/u_efx_ddr3_soft_controller/genblk1.inst_ddr3_axi/inst_efx_ddr3/cal_wr_data[86](=0)
FF Output: ddr3_ctl_axi/u_efx_ddr3_soft_controller/genblk1.inst_ddr3_axi/inst_efx_ddr3/cal_wr_data[96](=0)
FF Output: ddr3_ctl_axi/u_efx_ddr3_soft_controller/genblk1.inst_ddr3_axi/inst_efx_ddr3/cal_wr_data[106](=0)
FF Output: ddr3_ctl_axi/u_efx_ddr3_soft_controller/genblk1.inst_ddr3_axi/inst_efx_ddr3/cal_wr_data[108](=0)
FF Output: ddr3_ctl_axi/u_efx_ddr3_soft_controller/genblk1.inst_ddr3_axi/inst_efx_ddr3/cal_wr_data[118](=0)
FF Output: ddr3_ctl_axi/u_efx_ddr3_soft_controller/genblk1.inst_ddr3_axi/inst_efx_ddr3/cal_wr_datamask[1](=0)
FF Output: ddr3_ctl_axi/u_efx_ddr3_soft_controller/genblk1.inst_ddr3_axi/inst_efx_ddr3/cal_wr_datamask[2](=0)
FF Output: ddr3_ctl_axi/u_efx_ddr3_soft_controller/genblk1.inst_ddr3_axi/inst_efx_ddr3/cal_wr_datamask[3](=0)
FF Output: ddr3_ctl_axi/u_efx_ddr3_soft_controller/genblk1.inst_ddr3_axi/inst_efx_ddr3/cal_wr_datamask[4](=0)
FF Output: ddr3_ctl_axi/u_efx_ddr3_soft_controller/genblk1.inst_ddr3_axi/inst_efx_ddr3/cal_wr_datamask[5](=0)
FF Output: ddr3_ctl_axi/u_efx_ddr3_soft_controller/genblk1.inst_ddr3_axi/inst_efx_ddr3/cal_wr_datamask[6](=0)
FF Output: ddr3_ctl_axi/u_efx_ddr3_soft_controller/genblk1.inst_ddr3_axi/inst_efx_ddr3/cal_wr_datamask[7](=0)
FF Output: ddr3_ctl_axi/u_efx_ddr3_soft_controller/genblk1.inst_ddr3_axi/inst_efx_ddr3/cal_wr_datamask[8](=0)
FF Output: ddr3_ctl_axi/u_efx_ddr3_soft_controller/genblk1.inst_ddr3_axi/inst_efx_ddr3/cal_wr_datamask[9](=0)
FF Output: ddr3_ctl_axi/u_efx_ddr3_soft_controller/genblk1.inst_ddr3_axi/inst_efx_ddr3/cal_wr_datamask[10](=0)
FF Output: ddr3_ctl_axi/u_efx_ddr3_soft_controller/genblk1.inst_ddr3_axi/inst_efx_ddr3/cal_wr_datamask[11](=0)
FF Output: ddr3_ctl_axi/u_efx_ddr3_soft_controller/genblk1.inst_ddr3_axi/inst_efx_ddr3/cal_wr_datamask[12](=0)
FF Output: ddr3_ctl_axi/u_efx_ddr3_soft_controller/genblk1.inst_ddr3_axi/inst_efx_ddr3/cal_wr_datamask[13](=0)
FF Output: ddr3_ctl_axi/u_efx_ddr3_soft_controller/genblk1.inst_ddr3_axi/inst_efx_ddr3/cal_wr_datamask[14](=0)
FF Output: ddr3_ctl_axi/u_efx_ddr3_soft_controller/genblk1.inst_ddr3_axi/inst_efx_ddr3/cal_wr_datamask[15](=0)
FF Output: ddr3_ctl_axi/u_efx_ddr3_soft_controller/genblk1.inst_ddr3_axi/inst_efx_ddr3/inc_addr_p[1](=0)
FF Output: ddr3_ctl_axi/u_efx_ddr3_soft_controller/genblk1.inst_ddr3_axi/inst_efx_ddr3/inc_addr_p[2](=0)
FF Output: ddr3_ctl_axi/u_efx_ddr3_soft_controller/genblk1.inst_ddr3_axi/inst_efx_ddr3/inc_addr_p[3](=0)
FF Output: ddr3_ctl_axi/u_efx_ddr3_soft_controller/genblk1.inst_ddr3_axi/inst_efx_ddr3/inc_addr_p[4](=0)
FF Output: ddr3_ctl_axi/u_efx_ddr3_soft_controller/genblk1.inst_ddr3_axi/inst_efx_ddr3/inc_addr_p[5](=0)
FF Output: ddr3_ctl_axi/u_efx_ddr3_soft_controller/genblk1.inst_ddr3_axi/inst_efx_ddr3/inc_addr_p[6](=0)
FF Output: ddr3_ctl_axi/u_efx_ddr3_soft_controller/genblk1.inst_ddr3_axi/inst_efx_ddr3/inc_addr_p[7](=0)
FF Output: ddr3_ctl_axi/u_efx_ddr3_soft_controller/genblk1.inst_ddr3_axi/inst_efx_ddr3/inc_addr_p[8](=0)
FF Output: ddr3_ctl_axi/u_efx_ddr3_soft_controller/genblk1.inst_ddr3_axi/inst_efx_ddr3/inc_addr_p[9](=0)
FF Output: ddr3_ctl_axi/u_efx_ddr3_soft_controller/genblk1.inst_ddr3_axi/inst_efx_ddr3/inc_addr_p[10](=0)
FF Output: ddr3_ctl_axi/u_efx_ddr3_soft_controller/genblk1.inst_ddr3_axi/inst_efx_ddr3/inc_addr_p[11](=0)
FF Output: ddr3_ctl_axi/u_efx_ddr3_soft_controller/genblk1.inst_ddr3_axi/inst_efx_ddr3/inc_addr_p[12](=0)
FF Output: ddr3_ctl_axi/u_efx_ddr3_soft_controller/genblk1.inst_ddr3_axi/inst_efx_ddr3/inc_addr_p[13](=0)
FF Output: ddr3_ctl_axi/u_efx_ddr3_soft_controller/genblk1.inst_ddr3_axi/inst_efx_ddr3/inc_addr_p[14](=0)
FF Output: ddr3_ctl_axi/u_efx_ddr3_soft_controller/genblk1.inst_ddr3_axi/inst_efx_ddr3/inc_addr_p[15](=0)
FF Output: r_dsi_lp_p_ovr[3](=0)
FF Output: r_dsi_lp_n_ovr[1](=0)
FF Output: r_dsi_lp_n_ovr[2](=0)
FF Output: r_dsi_lp_n_ovr[3](=0)
FF Output: rc_axi_init[1](=0)
FF Output: rc_axi_init[2](=0)
FF Output: rc_axi_init[3](=0)
FF Output: w_ddr3_araddr[0](=0)
FF Output: w_ddr3_araddr[1](=0)
FF Output: w_ddr3_araddr[2](=0)
FF Output: w_ddr3_araddr[3](=0)
FF Output: w_ddr3_araddr[4](=0)
FF Output: w_ddr3_araddr[5](=0)
FF Output: w_ddr3_araddr[6](=0)
FF Output: w_ddr3_araddr[7](=0)
FF Output: w_ddr3_araddr[8](=0)
FF Output: w_ddr3_araddr[9](=0)
FF Output: w_ddr3_araddr[10](=0)
FF Output: u_lcd_driver/r_lcd_rgb[2](=0)
FF Output: u_lcd_driver/r_lcd_rgb[9](=0)
FF Output: u_lcd_driver/r_lcd_rgb[18](=0)
FF Output: r_dsi_pwm[1](=0)
FF Output: r_dsi_pwm[2](=0)
FF Output: r_dsi_pwm[3](=0)
FF Output: r_dsi_pwm[4](=0)
FF Output: r_dsi_pwm[5](=0)
FF Output: r_dsi_pwm[6](=1)
FF Output: r_dsi_pwm[7](=0)
FF instance: u_axi4_ctrl/dff_95/i1(unreachable)
FF instance: u_axi4_ctrl/dff_95/i2(unreachable)
FF instance: u_axi4_ctrl/dff_95/i3(unreachable)
FF instance: u_axi4_ctrl/dff_95/i4(unreachable)
FF instance: u_sobel_stream/u_line_delay/dff_6/i225(unreachable)
FF instance: u_sobel_stream/u_line_delay/dff_6/i226(unreachable)
FF instance: u_sobel_stream/u_line_delay/dff_6/i227(unreachable)
FF instance: u_sobel_stream/u_line_delay/dff_6/i228(unreachable)
FF instance: u_sobel_stream/u_line_delay/dff_6/i229(unreachable)
FF instance: u_sobel_stream/u_line_delay/dff_6/i230(unreachable)
FF instance: u_sobel_stream/u_line_delay/dff_6/i231(unreachable)
FF instance: u_sobel_stream/u_line_delay/dff_6/i232(unreachable)
FF instance: u_sobel_stream/u_line_delay/dff_6/i2729(unreachable)
FF instance: u_sobel_stream/u_line_delay/dff_6/i2730(unreachable)
FF instance: u_sobel_stream/u_line_delay/dff_6/i2731(unreachable)
FF instance: u_sobel_stream/u_line_delay/dff_6/i2732(unreachable)
FF instance: u_sobel_stream/u_line_delay/dff_6/i2733(unreachable)
FF instance: u_sobel_stream/u_line_delay/dff_6/i2734(unreachable)
FF instance: u_sobel_stream/u_line_delay/dff_6/i2735(unreachable)
FF instance: u_sobel_stream/u_line_delay/dff_6/i2736(unreachable)
FF instance: u_sobel_stream/u_line_delay/dff_6/i5233(unreachable)
FF instance: u_sobel_stream/u_line_delay/dff_6/i5234(unreachable)
FF instance: u_sobel_stream/u_line_delay/dff_6/i5235(unreachable)
FF instance: u_sobel_stream/u_line_delay/dff_6/i5236(unreachable)
FF instance: u_sobel_stream/u_line_delay/dff_6/i5237(unreachable)
FF instance: u_sobel_stream/u_line_delay/dff_6/i5238(unreachable)
FF instance: u_sobel_stream/u_line_delay/dff_6/i5239(unreachable)
FF instance: u_sobel_stream/u_line_delay/dff_6/i5240(unreachable)
FF instance: u_sobel_stream/u_line_delay/dff_6/i7737(unreachable)
FF instance: u_sobel_stream/u_line_delay/dff_6/i7738(unreachable)
FF instance: u_sobel_stream/u_line_delay/dff_6/i7739(unreachable)
FF instance: u_sobel_stream/u_line_delay/dff_6/i7740(unreachable)
FF instance: u_sobel_stream/u_line_delay/dff_6/i7741(unreachable)
FF instance: u_sobel_stream/u_line_delay/dff_6/i7742(unreachable)
FF instance: u_sobel_stream/u_line_delay/dff_6/i7743(unreachable)
FF instance: u_sobel_stream/u_line_delay/dff_6/i7744(unreachable)
FF instance: u_sobel_stream/u_line_delay/dff_6/i10465(unreachable)
FF instance: u_sobel_stream/u_line_delay/dff_6/i10466(unreachable)
FF instance: u_sobel_stream/u_line_delay/dff_6/i10467(unreachable)
FF instance: u_sobel_stream/u_line_delay/dff_6/i10468(unreachable)
FF instance: u_sobel_stream/u_line_delay/dff_6/i10469(unreachable)
FF instance: u_sobel_stream/u_line_delay/dff_6/i10470(unreachable)
FF instance: u_sobel_stream/u_line_delay/dff_6/i10471(unreachable)
FF instance: u_sobel_stream/u_line_delay/dff_6/i10472(unreachable)
FF instance: u_sobel_stream/u_line_delay/dff_6/i12969(unreachable)
FF instance: u_sobel_stream/u_line_delay/dff_6/i12970(unreachable)
FF instance: u_sobel_stream/u_line_delay/dff_6/i12971(unreachable)
FF instance: u_sobel_stream/u_line_delay/dff_6/i12972(unreachable)
FF instance: u_sobel_stream/u_line_delay/dff_6/i12973(unreachable)
FF instance: u_sobel_stream/u_line_delay/dff_6/i12974(unreachable)
FF instance: u_sobel_stream/u_line_delay/dff_6/i12975(unreachable)
FF instance: u_sobel_stream/u_line_delay/dff_6/i12976(unreachable)
FF instance: u_sobel_stream/u_line_delay/dff_6/i15473(unreachable)
FF instance: u_sobel_stream/u_line_delay/dff_6/i15474(unreachable)
FF instance: u_sobel_stream/u_line_delay/dff_6/i15475(unreachable)
FF instance: u_sobel_stream/u_line_delay/dff_6/i15476(unreachable)
FF instance: u_sobel_stream/u_line_delay/dff_6/i15477(unreachable)
FF instance: u_sobel_stream/u_line_delay/dff_6/i15478(unreachable)
FF instance: u_sobel_stream/u_line_delay/dff_6/i15479(unreachable)
FF instance: u_sobel_stream/u_line_delay/dff_6/i15480(unreachable)
FF instance: u_sobel_stream/u_line_delay/dff_6/i17977(unreachable)
FF instance: u_sobel_stream/u_line_delay/dff_6/i17978(unreachable)
FF instance: u_sobel_stream/u_line_delay/dff_6/i17979(unreachable)
FF instance: u_sobel_stream/u_line_delay/dff_6/i17980(unreachable)
FF instance: u_sobel_stream/u_line_delay/dff_6/i17981(unreachable)
FF instance: u_sobel_stream/u_line_delay/dff_6/i17982(unreachable)
FF instance: u_sobel_stream/u_line_delay/dff_6/i17983(unreachable)
FF instance: u_sobel_stream/u_line_delay/dff_6/i17984(unreachable)
FF Output: u_sobel_stream/bot_c[0](=0)
FF Output: u_sobel_stream/gy_pos[0](=0)
FF Output: u_rgb2dvi/enc_1/acc[0](=0)
FF Output: u_rgb2dvi/enc_2/acc[0](=0)
FF Output: u_rgb2dvi/enc_0/acc[0](=0)
FF Output: ddr3_ctl_axi/u_efx_ddr3_soft_controller/genblk1.inst_ddr3_axi/r_ar_state[3](=0)
FF Output: o_dqs_n_hi[0]_3(=1)
FF Output: ddr3_ctl_axi/u_efx_ddr3_soft_controller/genblk1.inst_ddr3_axi/inst_efx_ddr3/top_mc/controller_main/dqs_state[2](=0)
FF Output: ddr3_ctl_axi/u_efx_ddr3_soft_controller/genblk1.inst_ddr3_axi/inst_efx_ddr3/top_mc/controller_main/dqs_state[3](=0)
FF Output: ddr3_ctl_axi/u_efx_ddr3_soft_controller/genblk1.inst_ddr3_axi/inst_efx_ddr3/top_mc/controller_main/arbiter_counter[3](=0)
FF Output: u_axi4_ctrl/rs_w[3](=0)
FF Output: u_axi4_ctrl/rs_w[2](=0)
FF instance: ddr3_ctl_axi/u_efx_ddr3_soft_controller/genblk1.inst_ddr3_axi/r_i_wr_addr[29]~FF(unreachable)
FF instance: ddr3_ctl_axi/u_efx_ddr3_soft_controller/genblk1.inst_ddr3_axi/r_i_wr_addr[30]~FF(unreachable)
FF instance: ddr3_ctl_axi/u_efx_ddr3_soft_controller/genblk1.inst_ddr3_axi/r_i_wr_addr[31]~FF(unreachable)
FF instance: ddr3_ctl_axi/u_efx_ddr3_soft_controller/genblk1.inst_ddr3_axi/r_i_rd_addr[29]~FF(unreachable)
FF instance: ddr3_ctl_axi/u_efx_ddr3_soft_controller/genblk1.inst_ddr3_axi/r_i_rd_addr[30]~FF(unreachable)
FF instance: ddr3_ctl_axi/u_efx_ddr3_soft_controller/genblk1.inst_ddr3_axi/r_i_rd_addr[31]~FF(unreachable)
### ### Sequential Elements Trimming Report (end) ### ### ### 

### ### Module Resource Usage Distribution Estimates (begin) ### ###

**Note: some resources maybe grouped under different hierarchy due to optimization and LUT mapping

Module                                                               FFs        SRLs        ADDs        LUTs    COMB4s      RAMs DSP/MULTs
------------------------------------------------------------         ---        ----        ----        ----      ----      ---- ---------
example_top:example_top                                         2806(41)     3136(0)     876(19)    3776(43)      0(0)     46(0)      0(0)
 +ddr3_ctl_axi:DdrCtrl                                           2110(0)      490(0)      501(0)     2694(0)      0(0)     30(0)      0(0)
  +u_efx_ddr3_soft_controller:efx_ddr3_soft_controller_f9...     2110(0)      490(0)      501(0)     2694(0)      0(0)     30(0)      0(0)
   +genblk1.inst_ddr3_axi:efx_ddr3_axi_f9db9b463f784e0ead...   2110(193)      490(0)    501(128)   2694(264)      0(0)     30(0)      0(0)
    +inst_arburst_fifo:Ddr_Ctrl_Sc_Fifo_f9db9b463f784e0ea...        7(7)        8(8)      12(12)      21(21)      0(0)      0(0)      0(0)
    +u_rd_addr_fifo:Ddr_Ctrl_Sc_Fifo_f9db9b463f784e0ead45...        7(7)    116(116)      12(12)      88(88)      0(0)      0(0)      0(0)
    +u_wr_addr_fifo:Ddr_Ctrl_Sc_Fifo_f9db9b463f784e0ead45...        7(7)    124(124)      12(12)      98(98)      0(0)      0(0)      0(0)
    +inst_awid_fifo:Ddr_Ctrl_Sc_Fifo_f9db9b463f784e0ead45...        7(7)        0(0)      12(12)      13(13)      0(0)      0(0)      0(0)
    +inst_arid_fifo:Ddr_Ctrl_Sc_Fifo_f9db9b463f784e0ead45...        7(7)        0(0)      12(12)      13(13)      0(0)      0(0)      0(0)
    +inst_respon_fifo:Ddr_Ctrl_Sc_Fifo_f9db9b463f784e0ead...        7(7)        0(0)      12(12)      14(14)      0(0)      0(0)      0(0)
    +inst_rd_brust_fifo:Ddr_Ctrl_Sc_Fifo_f9db9b463f784e0e...        7(7)      32(32)      12(12)      33(33)      0(0)      0(0)      0(0)
    +inst_rd_last_fifo:Ddr_Ctrl_Sc_Fifo_f9db9b463f784e0ea...        7(7)      32(32)      12(12)      33(33)      0(0)      0(0)      0(0)
    +inst_respon_len_fifo:Ddr_Ctrl_Sc_Fifo_f9db9b463f784e...        7(7)      32(32)      12(12)      33(33)      0(0)      0(0)      0(0)
    +inst_efx_ddr3:top_f9db9b463f784e0ead4594b0b8e61d81        1854(211)      146(0)     265(64)   2084(492)      0(0)     30(0)      0(0)
     +mux0:native_mux_f9db9b463f784e0ead4594b0b8e61d81              0(0)        0(0)        0(0)    186(186)      0(0)      0(0)      0(0)
     +top_mc:controller_top_f9db9b463f784e0ead4594b0b8e61d81    1622(29)      144(0)      201(0)    1392(30)      0(0)     30(0)      0(0)
      +rst_ctrl0:reset_ctrl_f9db9b463f784e0ead4594b0b8e61...       16(0)        0(0)        0(0)        0(0)      0(0)      0(0)      0(0)
       +genblk1[0].genblk1.genblk1.inst_sysclk_rstn:reset...        4(4)        0(0)        0(0)        0(0)      0(0)      0(0)      0(0)
       +genblk1[1].genblk1.genblk1.inst_sysclk_rstn:reset...        4(4)        0(0)        0(0)        0(0)      0(0)      0(0)      0(0)
       +genblk1[2].genblk1.genblk1.inst_sysclk_rstn:reset...        4(4)        0(0)        0(0)        0(0)      0(0)      0(0)      0(0)
       +genblk1[3].genblk1.genblk1.inst_sysclk_rstn:reset...        4(4)        0(0)        0(0)        0(0)      0(0)      0(0)      0(0)
      +rst_ctrl1:reset_ctrl_f9db9b463f784e0ead4594b0b8e61...        4(0)        0(0)        0(0)        0(0)      0(0)      0(0)      0(0)
       +genblk1[0].genblk1.genblk1.inst_sysclk_rstn:reset...        4(4)        0(0)        0(0)        0(0)      0(0)      0(0)      0(0)
      +fifo_ar:streamfifocc64_f9db9b463f784e0ead4594b0b8e...      54(26)        0(0)        8(8)      71(68)      0(0)      2(2)      0(0)
       +popToPushGray_buffercc:buffercc_f9db9b463f784e0ea...      14(14)        0(0)        0(0)        2(2)      0(0)      0(0)      0(0)
       +pushToPopGray_buffercc:buffercc_1_f9db9b463f784e0...      14(14)        0(0)        0(0)        1(1)      0(0)      0(0)      0(0)
      +fifo_aw:streamfifocc64_f9db9b463f784e0ead4594b0b8e...      54(26)        0(0)        8(8)      78(75)      0(0)      2(2)      0(0)
       +popToPushGray_buffercc:buffercc_f9db9b463f784e0ea...      14(14)        0(0)        0(0)        2(2)      0(0)      0(0)      0(0)
       +pushToPopGray_buffercc:buffercc_1_f9db9b463f784e0...      14(14)        0(0)        0(0)        1(1)      0(0)      0(0)      0(0)
      +fifo_wr:streamfifocc64_f9db9b463f784e0ead4594b0b8e...      54(26)        0(0)        8(8)      51(48)      0(0)      8(8)      0(0)
       +popToPushGray_buffercc:buffercc_f9db9b463f784e0ea...      14(14)        0(0)        0(0)        2(2)      0(0)      0(0)      0(0)
       +pushToPopGray_buffercc:buffercc_1_f9db9b463f784e0...      14(14)        0(0)        0(0)        1(1)      0(0)      0(0)      0(0)
      +fifo_rdpush:streamfifocc64_f9db9b463f784e0ead4594b...      54(26)        0(0)        8(8)      44(38)      0(0)      0(0)      0(0)
       +popToPushGray_buffercc:buffercc_f9db9b463f784e0ea...      14(14)        0(0)        0(0)        3(3)      0(0)      0(0)      0(0)
       +pushToPopGray_buffercc:buffercc_1_f9db9b463f784e0...      14(14)        0(0)        0(0)        3(3)      0(0)      0(0)      0(0)
      +fifo_rd:efx_fifo_top_f9db9b463f784e0ead4594b0b8e61...       71(0)        0(0)       27(0)       78(0)      0(0)      7(0)      0(0)
       +xefx_fifo_ram:efx_fifo_ram_f9db9b463f784e0ead4594...        0(0)        0(0)        0(0)      41(41)      0(0)      7(7)      0(0)
       +xefx_fifo_ctl:efx_fifo_ctl_f9db9b463f784e0ead4594...      71(43)        0(0)      27(27)      37(13)      0(0)      0(0)      0(0)
        +async_clk.xrd2wr_bin2gray:efx_fifo_bin2gray_f9db...        0(0)        0(0)        0(0)        6(6)      0(0)      0(0)      0(0)
        +async_clk.xrd2wr_addr_sync:efx_asyncreg_f9db9b46...      14(14)        0(0)        0(0)        0(0)      0(0)      0(0)      0(0)
        +async_clk.xrd2wr_gray2bin:efx_fifo_gray2bin_f9db...        0(0)        0(0)        0(0)        6(1)      0(0)      0(0)      0(0)
         +genblk1.genblk1.u_gray2bin:efx_fifo_gray2bin_f9...        0(0)        0(0)        0(0)        5(1)      0(0)      0(0)      0(0)
          +genblk1.genblk1.u_gray2bin:efx_fifo_gray2bin_f...        0(0)        0(0)        0(0)        4(1)      0(0)      0(0)      0(0)
           +genblk1.genblk1.u_gray2bin:efx_fifo_gray2bin_...        0(0)        0(0)        0(0)        3(1)      0(0)      0(0)      0(0)
            +genblk1.genblk1.u_gray2bin:efx_fifo_gray2bin...        0(0)        0(0)        0(0)        2(1)      0(0)      0(0)      0(0)
             +genblk1.genblk1.u_gray2bin:efx_fifo_gray2bi...        0(0)        0(0)        0(0)        1(1)      0(0)      0(0)      0(0)
        +async_clk.wr2rd_bin2gray:efx_fifo_bin2gray_f9db9...        0(0)        0(0)        0(0)        6(6)      0(0)      0(0)      0(0)
        +async_clk.wr2rd_addr_sync:efx_asyncreg_f9db9b463...      14(14)        0(0)        0(0)        0(0)      0(0)      0(0)      0(0)
        +async_clk.wr2rd_gray2bin:efx_fifo_gray2bin_f9db9...        0(0)        0(0)        0(0)        6(1)      0(0)      0(0)      0(0)
         +genblk1.genblk1.u_gray2bin:efx_fifo_gray2bin_f9...        0(0)        0(0)        0(0)        5(1)      0(0)      0(0)      0(0)
          +genblk1.genblk1.u_gray2bin:efx_fifo_gray2bin_f...        0(0)        0(0)        0(0)        4(1)      0(0)      0(0)      0(0)
           +genblk1.genblk1.u_gray2bin:efx_fifo_gray2bin_...        0(0)        0(0)        0(0)        3(1)      0(0)      0(0)      0(0)
            +genblk1.genblk1.u_gray2bin:efx_fifo_gray2bin...        0(0)        0(0)        0(0)        2(1)      0(0)      0(0)      0(0)
             +genblk1.genblk1.u_gray2bin:efx_fifo_gray2bi...        0(0)        0(0)        0(0)        1(1)      0(0)      0(0)      0(0)
      +fifo_ack:streamfifocc64_f9db9b463f784e0ead4594b0b8...      54(26)        0(0)        0(0)      46(39)      0(0)      1(1)      0(0)
       +popToPushGray_buffercc:buffercc_f9db9b463f784e0ea...      14(14)        0(0)        0(0)        4(4)      0(0)      0(0)      0(0)
       +pushToPopGray_buffercc:buffercc_1_f9db9b463f784e0...      14(14)        0(0)        0(0)        3(3)      0(0)      0(0)      0(0)
      +ac_fifo:streamfifocc64_f9db9b463f784e0ead4594b0b8e...      54(26)        0(0)        0(0)      45(41)      0(0)      3(3)      0(0)
       +popToPushGray_buffercc:buffercc_f9db9b463f784e0ea...      14(14)        0(0)        0(0)        3(3)      0(0)      0(0)      0(0)
       +pushToPopGray_buffercc:buffercc_1_f9db9b463f784e0...      14(14)        0(0)        0(0)        1(1)      0(0)      0(0)      0(0)
      +controller_main:ddr_3_controller_f9db9b463f784e0ea...  1178(1007)    144(144)    142(103)    949(839)      0(0)      7(0)      0(0)
       +bram_u2:bram_wrapper_fifo_f9db9b463f784e0ead4594b...       57(0)        0(0)       13(0)       29(0)      0(0)      1(0)      0(0)
        +u_efx_fifo_top:efx_fifo_top_f9db9b463f784e0ead45...       57(0)        0(0)       13(0)       29(0)      0(0)      1(0)      0(0)
         +xefx_fifo_ram:efx_fifo_ram_f9db9b463f784e0ead45...        1(1)        0(0)        0(0)        1(1)      0(0)      1(1)      0(0)
         +xefx_fifo_ctl:efx_fifo_ctl_f9db9b463f784e0ead45...      56(28)        0(0)      13(13)      28(10)      0(0)      0(0)      0(0)
          +async_clk.xrd2wr_bin2gray:efx_fifo_bin2gray_f9...        0(0)        0(0)        0(0)        6(6)      0(0)      0(0)      0(0)
          +async_clk.xrd2wr_addr_sync:efx_asyncreg_f9db9b...      14(14)        0(0)        0(0)        3(3)      0(0)      0(0)      0(0)
          +async_clk.wr2rd_bin2gray:efx_fifo_bin2gray_f9d...        0(0)        0(0)        0(0)        6(6)      0(0)      0(0)      0(0)
          +async_clk.wr2rd_addr_sync:efx_asyncreg_f9db9b4...      14(14)        0(0)        0(0)        3(3)      0(0)      0(0)      0(0)
       +bram_u1:bram_wrapper_fifo_f9db9b463f784e0ead4594b...       57(0)        0(0)       13(0)       29(0)      0(0)      1(0)      0(0)
        +u_efx_fifo_top:efx_fifo_top_f9db9b463f784e0ead45...       57(0)        0(0)       13(0)       29(0)      0(0)      1(0)      0(0)
         +xefx_fifo_ram:efx_fifo_ram_f9db9b463f784e0ead45...        1(1)        0(0)        0(0)        1(1)      0(0)      1(1)      0(0)
         +xefx_fifo_ctl:efx_fifo_ctl_f9db9b463f784e0ead45...      56(28)        0(0)      13(13)      28(10)      0(0)      0(0)      0(0)
          +async_clk.xrd2wr_bin2gray:efx_fifo_bin2gray_f9...        0(0)        0(0)        0(0)        6(6)      0(0)      0(0)      0(0)
          +async_clk.xrd2wr_addr_sync:efx_asyncreg_f9db9b...      14(14)        0(0)        0(0)        3(3)      0(0)      0(0)      0(0)
          +async_clk.wr2rd_bin2gray:efx_fifo_bin2gray_f9d...        0(0)        0(0)        0(0)        6(6)      0(0)      0(0)      0(0)
          +async_clk.wr2rd_addr_sync:efx_asyncreg_f9db9b4...      14(14)        0(0)        0(0)        3(3)      0(0)      0(0)      0(0)
       +bram_u0:bram_wrapper_fifo_f9db9b463f784e0ead4594b...       57(0)        0(0)       13(0)       29(0)      0(0)      1(0)      0(0)
        +u_efx_fifo_top:efx_fifo_top_f9db9b463f784e0ead45...       57(0)        0(0)       13(0)       29(0)      0(0)      1(0)      0(0)
         +xefx_fifo_ram:efx_fifo_ram_f9db9b463f784e0ead45...        1(1)        0(0)        0(0)        1(1)      0(0)      1(1)      0(0)
         +xefx_fifo_ctl:efx_fifo_ctl_f9db9b463f784e0ead45...      56(28)        0(0)      13(13)      28(10)      0(0)      0(0)      0(0)
          +async_clk.xrd2wr_bin2gray:efx_fifo_bin2gray_f9...        0(0)        0(0)        0(0)        6(6)      0(0)      0(0)      0(0)
          +async_clk.xrd2wr_addr_sync:efx_asyncreg_f9db9b...      14(14)        0(0)        0(0)        3(3)      0(0)      0(0)      0(0)
          +async_clk.wr2rd_bin2gray:efx_fifo_bin2gray_f9d...        0(0)        0(0)        0(0)        6(6)      0(0)      0(0)      0(0)
          +async_clk.wr2rd_addr_sync:efx_asyncreg_f9db9b4...      14(14)        0(0)        0(0)        3(3)      0(0)      0(0)      0(0)
       +map_ram:user_dual_port_ram_f9db9b463f784e0ead4594...        0(0)        0(0)        0(0)      23(23)      0(0)      4(4)      0(0)
     +rst_top0:reset_ctrl_f9db9b463f784e0ead4594b0b8e61d8...       10(0)        2(0)        0(0)        2(0)      0(0)      0(0)      0(0)
      +genblk1[0].genblk1.genblk1.inst_sysclk_rstn:reset_...        5(5)        1(1)        0(0)        1(1)      0(0)      0(0)      0(0)
      +genblk1[1].genblk1.genblk1.inst_sysclk_rstn:reset_...        5(5)        1(1)        0(0)        1(1)      0(0)      0(0)      0(0)
     +phase_u0:phase_shift_f9db9b463f784e0ead4594b0b8e61d81       11(11)        0(0)        0(0)      12(12)      0(0)      0(0)      0(0)
 +axi4_awar_mux:AXI4_AWARMux(AID_LEN=4)                             6(6)        0(0)        0(0)        8(8)      0(0)      0(0)      0(0)
 +u_i2c_timing_ctrl_16bit:i2c_timing_ctrl_16bit(CLK_FREQ=...      70(70)        0(0)      48(48)    536(536)      0(0)      0(0)      0(0)
 +dsi_pwm:PWMLite                                                   8(8)        0(0)        6(6)        2(2)      0(0)      0(0)      0(0)
 +u_Sensor_Image_XYCrop:Sensor_Image_XYCrop(IMAGE_HSIZE_S...      35(35)        0(0)      23(23)      29(29)      0(0)      0(0)      0(0)
 +u_axi4_ctrl:axi4_ctrl(C_ID_LEN=4,C_RD_END_ADDR=1843200,...    417(211)       22(2)      90(24)     194(82)      0(0)     16(0)      0(0)
  +Gen_FIFO_W8.u_W0_FIFO_8:W0_FIFO_8                              128(0)        0(0)       34(0)       52(0)      0(0)      8(0)      0(0)
   +u_efx_fifo_top:efx_fifo_top_e28a7d4c8cc34a9cb9a97c74b...      128(0)        0(0)       34(0)       52(0)      0(0)      8(0)      0(0)
    +genblk2.genblk1.efx_resetsync_wr_rst:efx_resetsync_e...        2(0)        0(0)        0(0)        0(0)      0(0)      0(0)      0(0)
     +active_high.efx_resetsync_active_high:efx_asyncreg_...        2(2)        0(0)        0(0)        0(0)      0(0)      0(0)      0(0)
    +genblk2.genblk1.efx_resetsync_rd_rst:efx_resetsync_e...        2(0)        0(0)        0(0)        0(0)      0(0)      0(0)      0(0)
     +active_high.efx_resetsync_active_high:efx_asyncreg_...        2(2)        0(0)        0(0)        0(0)      0(0)      0(0)      0(0)
    +xefx_fifo_ram:efx_fifo_ram_e28a7d4c8cc34a9cb9a97c74b...        0(0)        0(0)        0(0)        0(0)      0(0)      8(8)      0(0)
    +xefx_fifo_ctl:efx_fifo_ctl_e28a7d4c8cc34a9cb9a97c74b...     124(64)        0(0)      34(34)      52(16)      0(0)      0(0)      0(0)
     +async_clk.xrd2wr_bin2gray:efx_fifo_bin2gray_e28a7d4...        0(0)        0(0)        0(0)        9(9)      0(0)      0(0)      0(0)
     +async_clk.xrd2wr_addr_sync:efx_asyncreg_e28a7d4c8cc...      30(30)        0(0)        0(0)        0(0)      0(0)      0(0)      0(0)
     +async_clk.xrd2wr_gray2bin:efx_fifo_gray2bin_e28a7d4...        0(0)        0(0)        0(0)        9(1)      0(0)      0(0)      0(0)
      +genblk1.genblk1.u_gray2bin:efx_fifo_gray2bin_e28a7...        0(0)        0(0)        0(0)        8(1)      0(0)      0(0)      0(0)
       +genblk1.genblk1.u_gray2bin:efx_fifo_gray2bin_e28a...        0(0)        0(0)        0(0)        7(1)      0(0)      0(0)      0(0)
        +genblk1.genblk1.u_gray2bin:efx_fifo_gray2bin_e28...        0(0)        0(0)        0(0)        6(1)      0(0)      0(0)      0(0)
         +genblk1.genblk1.u_gray2bin:efx_fifo_gray2bin_e2...        0(0)        0(0)        0(0)        5(1)      0(0)      0(0)      0(0)
          +genblk1.genblk1.u_gray2bin:efx_fifo_gray2bin_e...        0(0)        0(0)        0(0)        4(1)      0(0)      0(0)      0(0)
           +genblk1.genblk1.u_gray2bin:efx_fifo_gray2bin_...        0(0)        0(0)        0(0)        3(1)      0(0)      0(0)      0(0)
            +genblk1.genblk1.u_gray2bin:efx_fifo_gray2bin...        0(0)        0(0)        0(0)        2(1)      0(0)      0(0)      0(0)
             +genblk1.genblk1.u_gray2bin:efx_fifo_gray2bi...        0(0)        0(0)        0(0)        1(1)      0(0)      0(0)      0(0)
     +async_clk.wr2rd_bin2gray:efx_fifo_bin2gray_e28a7d4c...        0(0)        0(0)        0(0)        9(9)      0(0)      0(0)      0(0)
     +async_clk.wr2rd_addr_sync:efx_asyncreg_e28a7d4c8cc3...      30(30)        0(0)        0(0)        0(0)      0(0)      0(0)      0(0)
     +async_clk.wr2rd_gray2bin:efx_fifo_gray2bin_e28a7d4c...        0(0)        0(0)        0(0)        9(1)      0(0)      0(0)      0(0)
      +genblk1.genblk1.u_gray2bin:efx_fifo_gray2bin_e28a7...        0(0)        0(0)        0(0)        8(1)      0(0)      0(0)      0(0)
       +genblk1.genblk1.u_gray2bin:efx_fifo_gray2bin_e28a...        0(0)        0(0)        0(0)        7(1)      0(0)      0(0)      0(0)
        +genblk1.genblk1.u_gray2bin:efx_fifo_gray2bin_e28...        0(0)        0(0)        0(0)        6(1)      0(0)      0(0)      0(0)
         +genblk1.genblk1.u_gray2bin:efx_fifo_gray2bin_e2...        0(0)        0(0)        0(0)        5(1)      0(0)      0(0)      0(0)
          +genblk1.genblk1.u_gray2bin:efx_fifo_gray2bin_e...        0(0)        0(0)        0(0)        4(1)      0(0)      0(0)      0(0)
           +genblk1.genblk1.u_gray2bin:efx_fifo_gray2bin_...        0(0)        0(0)        0(0)        3(1)      0(0)      0(0)      0(0)
            +genblk1.genblk1.u_gray2bin:efx_fifo_gray2bin...        0(0)        0(0)        0(0)        2(1)      0(0)      0(0)      0(0)
             +genblk1.genblk1.u_gray2bin:efx_fifo_gray2bi...        0(0)        0(0)        0(0)        1(1)      0(0)      0(0)      0(0)
  +Gen_RFIFO_16.u_R0_FIFO_16:R0_FIFO_16                            78(0)       20(0)       32(0)       60(0)      0(0)      8(0)      0(0)
   +u_efx_fifo_top:efx_fifo_top_999a6bd87d6240e6b5110248e...       78(4)       20(0)       32(0)       60(0)      0(0)      8(0)      0(0)
    +xefx_fifo_ram:efx_fifo_ram_999a6bd87d6240e6b5110248e...        0(0)        0(0)        0(0)        0(0)      0(0)      8(8)      0(0)
    +xefx_fifo_ctl:efx_fifo_ctl_999a6bd87d6240e6b5110248e...      74(74)       20(0)      32(32)      60(24)      0(0)      0(0)      0(0)
     +genblk7.xrd2wr_bin2gray:efx_fifo_bin2gray_999a6bd87...        0(0)        0(0)        0(0)        9(9)      0(0)      0(0)      0(0)
     +genblk7.xrd2wr_addr_sync:efx_fifo_datasync_999a6bd8...        0(0)      10(10)        0(0)        0(0)      0(0)      0(0)      0(0)
     +genblk7.xrd2wr_gray2bin:efx_fifo_gray2bin_999a6bd87...        0(0)        0(0)        0(0)        9(1)      0(0)      0(0)      0(0)
      +genblk1.genblk1.u_gray2bin:efx_fifo_gray2bin_999a6...        0(0)        0(0)        0(0)        8(1)      0(0)      0(0)      0(0)
       +genblk1.genblk1.u_gray2bin:efx_fifo_gray2bin_999a...        0(0)        0(0)        0(0)        7(1)      0(0)      0(0)      0(0)
        +genblk1.genblk1.u_gray2bin:efx_fifo_gray2bin_999...        0(0)        0(0)        0(0)        6(1)      0(0)      0(0)      0(0)
         +genblk1.genblk1.u_gray2bin:efx_fifo_gray2bin_99...        0(0)        0(0)        0(0)        5(1)      0(0)      0(0)      0(0)
          +genblk1.genblk1.u_gray2bin:efx_fifo_gray2bin_9...        0(0)        0(0)        0(0)        4(1)      0(0)      0(0)      0(0)
           +genblk1.genblk1.u_gray2bin:efx_fifo_gray2bin_...        0(0)        0(0)        0(0)        3(1)      0(0)      0(0)      0(0)
            +genblk1.genblk1.u_gray2bin:efx_fifo_gray2bin...        0(0)        0(0)        0(0)        2(1)      0(0)      0(0)      0(0)
             +genblk1.genblk1.u_gray2bin:efx_fifo_gray2bi...        0(0)        0(0)        0(0)        1(1)      0(0)      0(0)      0(0)
     +genblk7.wr2rd_bin2gray:efx_fifo_bin2gray_999a6bd87d...        0(0)        0(0)        0(0)        9(9)      0(0)      0(0)      0(0)
     +genblk7.wr2rd_addr_sync:efx_fifo_datasync_999a6bd87...        0(0)      10(10)        0(0)        0(0)      0(0)      0(0)      0(0)
     +genblk7.wr2rd_gray2bin:efx_fifo_gray2bin_999a6bd87d...        0(0)        0(0)        0(0)        9(1)      0(0)      0(0)      0(0)
      +genblk1.genblk1.u_gray2bin:efx_fifo_gray2bin_999a6...        0(0)        0(0)        0(0)        8(1)      0(0)      0(0)      0(0)
       +genblk1.genblk1.u_gray2bin:efx_fifo_gray2bin_999a...        0(0)        0(0)        0(0)        7(1)      0(0)      0(0)      0(0)
        +genblk1.genblk1.u_gray2bin:efx_fifo_gray2bin_999...        0(0)        0(0)        0(0)        6(1)      0(0)      0(0)      0(0)
         +genblk1.genblk1.u_gray2bin:efx_fifo_gray2bin_99...        0(0)        0(0)        0(0)        5(1)      0(0)      0(0)      0(0)
          +genblk1.genblk1.u_gray2bin:efx_fifo_gray2bin_9...        0(0)        0(0)        0(0)        4(1)      0(0)      0(0)      0(0)
           +genblk1.genblk1.u_gray2bin:efx_fifo_gray2bin_...        0(0)        0(0)        0(0)        3(1)      0(0)      0(0)      0(0)
            +genblk1.genblk1.u_gray2bin:efx_fifo_gray2bin...        0(0)        0(0)        0(0)        2(1)      0(0)      0(0)      0(0)
             +genblk1.genblk1.u_gray2bin:efx_fifo_gray2bi...        0(0)        0(0)        0(0)        1(1)      0(0)      0(0)      0(0)
 +u_lcd_driver:lcd_driver                                         46(46)        0(0)      24(24)      77(77)      0(0)      0(0)      0(0)
 +u_sobel_stream:sobel_stream_720p                                49(49)     2624(0)    142(142)     153(81)      0(0)      0(0)      0(0)
  +u_line_delay:sobel_line_delay                                    0(0)  2624(2624)        0(0)      72(72)      0(0)      0(0)      0(0)
 +u_rgb2dvi:rgb2dvi(ENABLE_OSERDES=0)                              24(0)        0(0)       23(0)       40(0)      0(0)      0(0)      0(0)
  +enc_0:tmds_channel                                               9(9)        0(0)        6(6)      13(13)      0(0)      0(0)      0(0)
  +enc_1:tmds_channel                                               8(8)        0(0)        4(4)      10(10)      0(0)      0(0)      0(0)
  +enc_2:tmds_channel                                               7(7)        0(0)      13(13)      17(17)      0(0)      0(0)      0(0)

### ### Module Resource Usage Distribution Estimates (end) ### ###


### ### Clock Load Distribution Report (begin) ### ###

     Clock     Flip-Flops     Shift-Regs   Memory Ports    Multipliers
     -----     ----------     ----------   ------------    -----------
   clk_sys           1012            358             36              0
 clk_pixel            194           2634              8              0
 cmos_pclk            118              0              8              0
   tac_clk            302              0              8              0
 tdqss_clk            109              0              4              0
  core_clk            814              0             15              0
   twd_clk            257            144              9              0

### ### Clock Load Distribution Report (end) ### ###

### ### Memory Mapping Report (begin) ### ### ###

1. ddr3_ctl_axi/u_efx_ddr3_soft_controller/genblk1.inst_ddr3_axi/inst_efx_ddr3/top_mc/controller_main/map_ram/ram (D:\yilingsi_fpga\Efinity_Project\Ti60F225_OV5640_Sobel_Stable\ip/DdrCtrl\DdrCtrl.sv:2160):
	EFX_RAM10: ddr3_ctl_axi/u_efx_ddr3_soft_controller/genblk1.inst_ddr3_axi/inst_efx_ddr3/top_mc/controller_main/map_ram/ram__D$2
	EFX_RAM10: ddr3_ctl_axi/u_efx_ddr3_soft_controller/genblk1.inst_ddr3_axi/inst_efx_ddr3/top_mc/controller_main/map_ram/ram__D$b12
	EFX_RAM10: ddr3_ctl_axi/u_efx_ddr3_soft_controller/genblk1.inst_ddr3_axi/inst_efx_ddr3/top_mc/controller_main/map_ram/ram__D$12
	EFX_RAM10: ddr3_ctl_axi/u_efx_ddr3_soft_controller/genblk1.inst_ddr3_axi/inst_efx_ddr3/top_mc/controller_main/map_ram/ram__D$c1

### ### Memory Mapping Report (end) ### ### ###

### ### Resource Summary (begin) ### ### ### 
INPUT  PORTS    : 	160
OUTPUT PORTS    : 	372

EFX_ADD         : 	876
EFX_LUT4        : 	3776
   1-2  Inputs  : 	1210
   3    Inputs  : 	1042
   4    Inputs  : 	1524
EFX_FF          : 	2806
EFX_SRL8        : 	3136
EFX_RAM10       : 	46
### ### Resource Summary (end) ### ### ###

Plain synthesis (without verilog dump and post-map checks) time : 11s
Elapsed synthesis time : 13s
