
///////////////////////////////////
// Efinity Synthesis Started 
// Sep 16, 2026 09:48:24
///////////////////////////////////

[EFX-0011 VERI-WARNING] port 'wr_busy' remains unconnected for this instance (VERI-1927) (D:\yilingsi_fpga\Efinity_Project\Ti60F225_OV5640_HDMI_Official\example_top.v:612)
[EFX-0011 VERI-WARNING] port 'wr_addr' is not connected on this instance (VERI-2435) (D:\yilingsi_fpga\Efinity_Project\Ti60F225_OV5640_HDMI_Official\example_top.v:612)
[EFX-0011 VERI-WARNING] port 'axi_awid' remains unconnected for this instance (VERI-1927) (D:\yilingsi_fpga\Efinity_Project\Ti60F225_OV5640_HDMI_Official\example_top.v:966)
[EFX-0011 VERI-WARNING] port 'lcd_xpos' remains unconnected for this instance (VERI-1927) (D:\yilingsi_fpga\Efinity_Project\Ti60F225_OV5640_HDMI_Official\example_top.v:997)
[EFX-0011 VERI-WARNING] port 'TMDS_Clk_p' remains unconnected for this instance (VERI-1927) (D:\yilingsi_fpga\Efinity_Project\Ti60F225_OV5640_HDMI_Official\example_top.v:1043)
[EFX-0011 VERI-WARNING] expression size 32 truncated to fit in target size 1 (VERI-1209) (D:\yilingsi_fpga\Efinity_Project\Ti60F225_OV5640_HDMI_Official\example_top.v:443)
[EFX-0011 VERI-WARNING] expression size ** truncated to fit in target size ** (VERI-1209) (D:\yilingsi_fpga\Efinity_Project\Ti60F225_OV5640_HDMI_Official\ip/DdrCtrl\DdrCtrl.v:2587)
[EFX-0011 VERI-WARNING] actual bit length ** differs from formal bit length *** for port '**' (VERI-1330) (D:\yilingsi_fpga\Efinity_Project\Ti60F225_OV5640_HDMI_Official\ip/DdrCtrl\DdrCtrl.v:2472)
[EFX-0011 VERI-WARNING] expression size ** truncated to fit in target size ** (VERI-1209) (D:\yilingsi_fpga\Efinity_Project\Ti60F225_OV5640_HDMI_Official\ip/DdrCtrl\DdrCtrl.v:2587)
[EFX-0011 VERI-WARNING] expression size ** truncated to fit in target size ** (VERI-1209) (D:\yilingsi_fpga\Efinity_Project\Ti60F225_OV5640_HDMI_Official\ip/DdrCtrl\DdrCtrl.v:2587)
[EFX-0011 VERI-WARNING] actual bit length ** differs from formal bit length *** for port '**' (VERI-1330) (D:\yilingsi_fpga\Efinity_Project\Ti60F225_OV5640_HDMI_Official\ip/DdrCtrl\DdrCtrl.v:2472)
[EFX-0011 VERI-WARNING] port '**' remains unconnected for this instance (VERI-1927) (D:\yilingsi_fpga\Efinity_Project\Ti60F225_OV5640_HDMI_Official\ip/DdrCtrl\DdrCtrl.v:598)
[EFX-0011 VERI-WARNING] expression size ** truncated to fit in target size ** (VERI-1209) (D:\yilingsi_fpga\Efinity_Project\Ti60F225_OV5640_HDMI_Official\ip/DdrCtrl\DdrCtrl.v:1442)
[EFX-0011 VERI-WARNING] net '**' does not have a driver (VDB-1002) (D:\yilingsi_fpga\Efinity_Project\Ti60F225_OV5640_HDMI_Official\ip/DdrCtrl\DdrCtrl.v:598)
[EFX-0011 VERI-WARNING] actual bit length 4 differs from formal bit length 8 for port 'axi_aid' (VERI-1330) (D:\yilingsi_fpga\Efinity_Project\Ti60F225_OV5640_HDMI_Official\example_top.v:579)
[EFX-0011 VERI-WARNING] actual bit length 4 differs from formal bit length 8 for port 'axi_wid' (VERI-1330) (D:\yilingsi_fpga\Efinity_Project\Ti60F225_OV5640_HDMI_Official\example_top.v:586)
[EFX-0011 VERI-WARNING] actual bit length 4 differs from formal bit length 8 for port 'axi_bid' (VERI-1330) (D:\yilingsi_fpga\Efinity_Project\Ti60F225_OV5640_HDMI_Official\example_top.v:595)
[EFX-0011 VERI-WARNING] actual bit length 4 differs from formal bit length 8 for port 'axi_rid' (VERI-1330) (D:\yilingsi_fpga\Efinity_Project\Ti60F225_OV5640_HDMI_Official\example_top.v:601)
[EFX-0011 VERI-WARNING] expression size 2 truncated to fit in target size 1 (VERI-1209) (D:\yilingsi_fpga\Efinity_Project\Ti60F225_OV5640_HDMI_Official\src\axi\AXI4_AWARMux.v:90)
[EFX-0011 VERI-WARNING] expression size 3 truncated to fit in target size 2 (VERI-1209) (D:\yilingsi_fpga\Efinity_Project\Ti60F225_OV5640_HDMI_Official\example_top.v:713)
[EFX-0011 VERI-WARNING] expression size 5 truncated to fit in target size 4 (VERI-1209) (D:\yilingsi_fpga\Efinity_Project\Ti60F225_OV5640_HDMI_Official\example_top.v:714)
[EFX-0011 VERI-WARNING] expression size 8 truncated to fit in target size 7 (VERI-1209) (D:\yilingsi_fpga\Efinity_Project\Ti60F225_OV5640_HDMI_Official\src\PWMLite.v:22)
[EFX-0011 VERI-WARNING] actual bit length 64 differs from formal bit length 8 for port 'image_out_data' (VERI-1330) (D:\yilingsi_fpga\Efinity_Project\Ti60F225_OV5640_HDMI_Official\example_top.v:867)
[EFX-0011 VERI-WARNING] expression size 32 truncated to fit in target size 16 (VERI-1209) (D:\yilingsi_fpga\Efinity_Project\Ti60F225_OV5640_HDMI_Official\src\axi\axi4_ctrl.v:91)
[EFX-0011 VERI-WARNING] expression size 3 truncated to fit in target size 2 (VERI-1209) (D:\yilingsi_fpga\Efinity_Project\Ti60F225_OV5640_HDMI_Official\src\axi\axi4_ctrl.v:113)
[EFX-0011 VERI-WARNING] expression size 3 truncated to fit in target size 2 (VERI-1209) (D:\yilingsi_fpga\Efinity_Project\Ti60F225_OV5640_HDMI_Official\src\axi\axi4_ctrl.v:114)
[EFX-0011 VERI-WARNING] expression size 3 truncated to fit in target size 2 (VERI-1209) (D:\yilingsi_fpga\Efinity_Project\Ti60F225_OV5640_HDMI_Official\src\axi\axi4_ctrl.v:196)
[EFX-0011 VERI-WARNING] expression size 2 truncated to fit in target size 1 (VERI-1209) (D:\yilingsi_fpga\Efinity_Project\Ti60F225_OV5640_HDMI_Official\src\axi\axi4_ctrl.v:238)
[EFX-0011 VERI-WARNING] expression size 23 truncated to fit in target size 22 (VERI-1209) (D:\yilingsi_fpga\Efinity_Project\Ti60F225_OV5640_HDMI_Official\src\axi\axi4_ctrl.v:257)
[EFX-0011 VERI-WARNING] port 'a_wr_rst_i' remains unconnected for this instance (VERI-1927) (D:\yilingsi_fpga\Efinity_Project\Ti60F225_OV5640_HDMI_Official\ip/W0_FIFO_8\W0_FIFO_8.v:108)
[EFX-0011 VERI-WARNING] expression size 32 truncated to fit in target size 14 (VERI-1209) (D:\yilingsi_fpga\Efinity_Project\Ti60F225_OV5640_HDMI_Official\ip/W0_FIFO_8\W0_FIFO_8.v:1190)
[EFX-0011 VERI-WARNING] expression size 32 truncated to fit in target size 10 (VERI-1209) (D:\yilingsi_fpga\Efinity_Project\Ti60F225_OV5640_HDMI_Official\ip/W0_FIFO_8\W0_FIFO_8.v:1191)
[EFX-0011 VERI-WARNING] actual bit length 13 differs from formal bit length 14 for port 'wr_datacount_o' (VERI-1330) (D:\yilingsi_fpga\Efinity_Project\Ti60F225_OV5640_HDMI_Official\ip/W0_FIFO_8\W0_FIFO_8.v:104)
[EFX-0011 VERI-WARNING] actual bit length 9 differs from formal bit length 10 for port 'rd_datacount_o' (VERI-1330) (D:\yilingsi_fpga\Efinity_Project\Ti60F225_OV5640_HDMI_Official\ip/W0_FIFO_8\W0_FIFO_8.v:106)
[EFX-0011 VERI-WARNING] input port 'a_wr_rst_i' is not connected on this instance (VDB-1013) (D:\yilingsi_fpga\Efinity_Project\Ti60F225_OV5640_HDMI_Official\ip/W0_FIFO_8\W0_FIFO_8.v:88)
[EFX-0011 VERI-WARNING] port 'a_wr_rst_i' remains unconnected for this instance (VERI-1927) (D:\yilingsi_fpga\Efinity_Project\Ti60F225_OV5640_HDMI_Official\ip/R0_FIFO_16\R0_FIFO_16.v:108)
[EFX-0011 VERI-WARNING] expression size 32 truncated to fit in target size 10 (VERI-1209) (D:\yilingsi_fpga\Efinity_Project\Ti60F225_OV5640_HDMI_Official\ip/R0_FIFO_16\R0_FIFO_16.v:1184)
[EFX-0011 VERI-WARNING] expression size 32 truncated to fit in target size 13 (VERI-1209) (D:\yilingsi_fpga\Efinity_Project\Ti60F225_OV5640_HDMI_Official\ip/R0_FIFO_16\R0_FIFO_16.v:1185)
[EFX-0011 VERI-WARNING] actual bit length 9 differs from formal bit length 10 for port 'wr_datacount_o' (VERI-1330) (D:\yilingsi_fpga\Efinity_Project\Ti60F225_OV5640_HDMI_Official\ip/R0_FIFO_16\R0_FIFO_16.v:104)
[EFX-0011 VERI-WARNING] actual bit length 12 differs from formal bit length 13 for port 'rd_datacount_o' (VERI-1330) (D:\yilingsi_fpga\Efinity_Project\Ti60F225_OV5640_HDMI_Official\ip/R0_FIFO_16\R0_FIFO_16.v:106)
[EFX-0011 VERI-WARNING] input port 'a_wr_rst_i' is not connected on this instance (VDB-1013) (D:\yilingsi_fpga\Efinity_Project\Ti60F225_OV5640_HDMI_Official\ip/R0_FIFO_16\R0_FIFO_16.v:88)
[EFX-0011 VERI-WARNING] expression size 17 truncated to fit in target size 16 (VERI-1209) (D:\yilingsi_fpga\Efinity_Project\Ti60F225_OV5640_HDMI_Official\src\axi\axi4_ctrl.v:464)
[EFX-0011 VERI-WARNING] expression size 23 truncated to fit in target size 22 (VERI-1209) (D:\yilingsi_fpga\Efinity_Project\Ti60F225_OV5640_HDMI_Official\src\axi\axi4_ctrl.v:574)
[EFX-0011 VERI-WARNING] actual bit length 32 differs from formal bit length 4 for port 'axi_bid' (VERI-1330) (D:\yilingsi_fpga\Efinity_Project\Ti60F225_OV5640_HDMI_Official\example_top.v:938)
[EFX-0011 VERI-WARNING] actual bit length 32 differs from formal bit length 2 for port 'axi_bresp' (VERI-1330) (D:\yilingsi_fpga\Efinity_Project\Ti60F225_OV5640_HDMI_Official\example_top.v:939)
[EFX-0011 VERI-WARNING] actual bit length 32 differs from formal bit length 1 for port 'axi_bvalid' (VERI-1330) (D:\yilingsi_fpga\Efinity_Project\Ti60F225_OV5640_HDMI_Official\example_top.v:940)
[EFX-0011 VERI-WARNING] actual bit length 32 differs from formal bit length 2 for port 'axi_rresp' (VERI-1330) (D:\yilingsi_fpga\Efinity_Project\Ti60F225_OV5640_HDMI_Official\example_top.v:950)
[EFX-0011 VERI-WARNING] actual bit length 64 differs from formal bit length 8 for port 'wframe_data' (VERI-1330) (D:\yilingsi_fpga\Efinity_Project\Ti60F225_OV5640_HDMI_Official\example_top.v:958)
[EFX-0011 VERI-WARNING] actual bit length 8 differs from formal bit length 32 for port 'tp_o' (VERI-1330) (D:\yilingsi_fpga\Efinity_Project\Ti60F225_OV5640_HDMI_Official\example_top.v:965)
[EFX-0011 VERI-WARNING] expression size 8 truncated to fit in target size 4 (VERI-1209) (D:\yilingsi_fpga\Efinity_Project\Ti60F225_OV5640_HDMI_Official\example_top.v:967)
[EFX-0011 VERI-WARNING] expression size 14 truncated to fit in target size 12 (VERI-1209) (D:\yilingsi_fpga\Efinity_Project\Ti60F225_OV5640_HDMI_Official\src\lcd_driver.v:145)
[EFX-0011 VERI-WARNING] actual bit length 24 differs from formal bit length 48 for port 'lcd_data' (VERI-1330) (D:\yilingsi_fpga\Efinity_Project\Ti60F225_OV5640_HDMI_Official\example_top.v:996)
[EFX-0011 VERI-WARNING] actual bit length 32 differs from formal bit length 4 for port 'data_island_data' (VERI-1330) (D:\yilingsi_fpga\Efinity_Project\Ti60F225_OV5640_HDMI_Official\src\hdmi_ip\rgb2dvi.v:50)
[EFX-0011 VERI-WARNING] actual bit length 4 differs from formal bit length 3 for port 'mode' (VERI-1330) (D:\yilingsi_fpga\Efinity_Project\Ti60F225_OV5640_HDMI_Official\src\hdmi_ip\rgb2dvi.v:52)
[EFX-0011 VERI-WARNING] actual bit length 32 differs from formal bit length 4 for port 'data_island_data' (VERI-1330) (D:\yilingsi_fpga\Efinity_Project\Ti60F225_OV5640_HDMI_Official\src\hdmi_ip\rgb2dvi.v:58)
[EFX-0011 VERI-WARNING] actual bit length 4 differs from formal bit length 3 for port 'mode' (VERI-1330) (D:\yilingsi_fpga\Efinity_Project\Ti60F225_OV5640_HDMI_Official\src\hdmi_ip\rgb2dvi.v:60)
[EFX-0011 VERI-WARNING] actual bit length 32 differs from formal bit length 4 for port 'data_island_data' (VERI-1330) (D:\yilingsi_fpga\Efinity_Project\Ti60F225_OV5640_HDMI_Official\src\hdmi_ip\rgb2dvi.v:66)
[EFX-0011 VERI-WARNING] actual bit length 4 differs from formal bit length 3 for port 'mode' (VERI-1330) (D:\yilingsi_fpga\Efinity_Project\Ti60F225_OV5640_HDMI_Official\src\hdmi_ip\rgb2dvi.v:68)
[EFX-0011 VERI-WARNING] actual bit length 32 differs from formal bit length 1 for port 'oe_i' (VERI-1330) (D:\yilingsi_fpga\Efinity_Project\Ti60F225_OV5640_HDMI_Official\example_top.v:1025)
[EFX-0011 VERI-WARNING] net 'w_dev_index_o[7]' does not have a driver (VDB-1002) (D:\yilingsi_fpga\Efinity_Project\Ti60F225_OV5640_HDMI_Official\example_top.v:428)
[EFX-0011 VERI-WARNING] net 'w_dev_cmd_o[7]' does not have a driver (VDB-1002) (D:\yilingsi_fpga\Efinity_Project\Ti60F225_OV5640_HDMI_Official\example_top.v:429)
[EFX-0011 VERI-WARNING] net 'w_dev_wdata_o[31]' does not have a driver (VDB-1002) (D:\yilingsi_fpga\Efinity_Project\Ti60F225_OV5640_HDMI_Official\example_top.v:430)
[EFX-0011 VERI-WARNING] net 'w_dev_wvalid_o' does not have a driver (VDB-1002) (D:\yilingsi_fpga\Efinity_Project\Ti60F225_OV5640_HDMI_Official\example_top.v:431)
[EFX-0011 VERI-WARNING] net 'w_spi_ssn_o' does not have a driver (VDB-1002) (D:\yilingsi_fpga\Efinity_Project\Ti60F225_OV5640_HDMI_Official\example_top.v:435)
[EFX-0011 VERI-WARNING] net 'w_spi_data_o[3]' does not have a driver (VDB-1002) (D:\yilingsi_fpga\Efinity_Project\Ti60F225_OV5640_HDMI_Official\example_top.v:436)
[EFX-0011 VERI-WARNING] net 'w_lcd_b_o[7]' does not have a driver (VDB-1002) (D:\yilingsi_fpga\Efinity_Project\Ti60F225_OV5640_HDMI_Official\example_top.v:453)
[EFX-0011 VERI-WARNING] input port 'wr_addr[31]' remains unconnected for this instance (VDB-1053) (D:\yilingsi_fpga\Efinity_Project\Ti60F225_OV5640_HDMI_Official\example_top.v:537)
[EFX-0011 VERI-WARNING] input port 'SerialClk' is not connected on this instance (VDB-1013) (D:\yilingsi_fpga\Efinity_Project\Ti60F225_OV5640_HDMI_Official\example_top.v:1018)
[EFX-0256 WARNING] The primary output port 'csi_ctl0_o' wire 'csi_ctl0_o' is not driven.
[EFX-0256 WARNING] The primary output port 'csi_ctl1_o' wire 'csi_ctl1_o' is not driven.
[EFX-0256 WARNING] The primary output port 'csi_scl_o' wire 'csi_scl_o' is not driven.
[EFX-0256 WARNING] The primary output port 'csi_scl_oe' wire 'csi_scl_oe' is not driven.
[EFX-0256 WARNING] The primary output port 'csi_sda_o' wire 'csi_sda_o' is not driven.
[EFX-0256 WARNING] The primary output port 'csi_sda_oe' wire 'csi_sda_oe' is not driven.
[EFX-0256 WARNING] The primary output port 'csi_rxc_hs_en_o' wire 'csi_rxc_hs_en_o' is not driven.
[EFX-0256 WARNING] The primary output port 'csi_rxc_hs_term_en_o' wire 'csi_rxc_hs_term_en_o' is not driven.
[EFX-0256 WARNING] The primary output port 'csi_rxd0_rst_o' wire 'csi_rxd0_rst_o' is not driven.
[EFX-0256 WARNING] The primary output port 'csi_rxd0_hs_en_o' wire 'csi_rxd0_hs_en_o' is not driven.
[EFX-0256 WARNING] The primary output port 'csi_rxd0_hs_term_en_o' wire 'csi_rxd0_hs_term_en_o' is not driven.
[EFX-0256 WARNING] The primary output port 'csi_rxd1_rst_o' wire 'csi_rxd1_rst_o' is not driven.
[EFX-0256 WARNING] The primary output port 'csi_rxd1_hs_en_o' wire 'csi_rxd1_hs_en_o' is not driven.
[EFX-0256 WARNING] The primary output port 'csi_rxd1_hs_term_en_o' wire 'csi_rxd1_hs_term_en_o' is not driven.
[EFX-0256 WARNING] The primary output port 'csi_rxd2_rst_o' wire 'csi_rxd2_rst_o' is not driven.
[EFX-0256 WARNING] The primary output port 'csi_rxd2_hs_en_o' wire 'csi_rxd2_hs_en_o' is not driven.
[EFX-0256 WARNING] The primary output port 'csi_rxd2_hs_term_en_o' wire 'csi_rxd2_hs_term_en_o' is not driven.
[EFX-0256 WARNING] The primary output port 'csi_rxd3_rst_o' wire 'csi_rxd3_rst_o' is not driven.
[EFX-0256 WARNING] The primary output port 'csi_rxd3_hs_en_o' wire 'csi_rxd3_hs_en_o' is not driven.
[EFX-0256 WARNING] The primary output port 'csi_rxd3_hs_term_en_o' wire 'csi_rxd3_hs_term_en_o' is not driven.
[EFX-0256 WARNING] The primary output port 'dsi_txc_rst_o' wire 'dsi_txc_rst_o' is not driven.
[EFX-0256 WARNING] The primary output port 'dsi_txc_lp_p_oe' wire 'dsi_txc_lp_p_oe' is not driven.
[EFX-0256 WARNING] The primary output port 'dsi_txc_lp_p_o' wire 'dsi_txc_lp_p_o' is not driven.
[EFX-0256 WARNING] The primary output port 'dsi_txc_lp_n_oe' wire 'dsi_txc_lp_n_oe' is not driven.
[EFX-0256 WARNING] The primary output port 'dsi_txc_lp_n_o' wire 'dsi_txc_lp_n_o' is not driven.
[EFX-0256 WARNING] The primary output port 'dsi_txc_hs_oe' wire 'dsi_txc_hs_oe' is not driven.
[EFX-0256 WARNING] The primary output port 'dsi_txc_hs_o[7]' wire 'dsi_txc_hs_o[7]' is not driven.
[EFX-0256 WARNING] The primary output port 'dsi_txc_hs_o[6]' wire 'dsi_txc_hs_o[6]' is not driven.
[EFX-0256 WARNING] The primary output port 'dsi_txc_hs_o[5]' wire 'dsi_txc_hs_o[5]' is not driven.
[EFX-0256 WARNING] The primary output port 'dsi_txc_hs_o[4]' wire 'dsi_txc_hs_o[4]' is not driven.
[EFX-0256 WARNING] The primary output port 'dsi_txc_hs_o[3]' wire 'dsi_txc_hs_o[3]' is not driven.
[EFX-0256 WARNING] The primary output port 'dsi_txc_hs_o[2]' wire 'dsi_txc_hs_o[2]' is not driven.
[EFX-0256 WARNING] The primary output port 'dsi_txc_hs_o[1]' wire 'dsi_txc_hs_o[1]' is not driven.
[EFX-0256 WARNING] The primary output port 'dsi_txc_hs_o[0]' wire 'dsi_txc_hs_o[0]' is not driven.
[EFX-0256 WARNING] The primary output port 'dsi_txd0_rst_o' wire 'dsi_txd0_rst_o' is not driven.
[EFX-0256 WARNING] The primary output port 'dsi_txd0_hs_oe' wire 'dsi_txd0_hs_oe' is not driven.
[EFX-0256 WARNING] The primary output port 'dsi_txd0_hs_o[7]' wire 'dsi_txd0_hs_o[7]' is not driven.
[EFX-0256 WARNING] The primary output port 'dsi_txd0_hs_o[6]' wire 'dsi_txd0_hs_o[6]' is not driven.
[EFX-0256 WARNING] The primary output port 'dsi_txd0_hs_o[5]' wire 'dsi_txd0_hs_o[5]' is not driven.
[EFX-0256 WARNING] The primary output port 'dsi_txd0_hs_o[4]' wire 'dsi_txd0_hs_o[4]' is not driven.
[EFX-0256 WARNING] The primary output port 'dsi_txd0_hs_o[3]' wire 'dsi_txd0_hs_o[3]' is not driven.
[EFX-0256 WARNING] The primary output port 'dsi_txd0_hs_o[2]' wire 'dsi_txd0_hs_o[2]' is not driven.
[EFX-0256 WARNING] The primary output port 'dsi_txd0_hs_o[1]' wire 'dsi_txd0_hs_o[1]' is not driven.
[EFX-0256 WARNING] The primary output port 'dsi_txd0_hs_o[0]' wire 'dsi_txd0_hs_o[0]' is not driven.
[EFX-0256 WARNING] The primary output port 'dsi_txd0_lp_p_oe' wire 'dsi_txd0_lp_p_oe' is not driven.
[EFX-0256 WARNING] The primary output port 'dsi_txd0_lp_p_o' wire 'dsi_txd0_lp_p_o' is not driven.
[EFX-0256 WARNING] The primary output port 'dsi_txd0_lp_n_oe' wire 'dsi_txd0_lp_n_oe' is not driven.
[EFX-0256 WARNING] The primary output port 'dsi_txd0_lp_n_o' wire 'dsi_txd0_lp_n_o' is not driven.
[EFX-0256 WARNING] The primary output port 'dsi_txd1_rst_o' wire 'dsi_txd1_rst_o' is not driven.
[EFX-0256 WARNING] The primary output port 'dsi_txd1_lp_p_oe' wire 'dsi_txd1_lp_p_oe' is not driven.
[EFX-0256 WARNING] The primary output port 'dsi_txd1_lp_p_o' wire 'dsi_txd1_lp_p_o' is not driven.
[EFX-0256 WARNING] The primary output port 'dsi_txd1_lp_n_oe' wire 'dsi_txd1_lp_n_oe' is not driven.
[EFX-0256 WARNING] The primary output port 'dsi_txd1_lp_n_o' wire 'dsi_txd1_lp_n_o' is not driven.
[EFX-0256 WARNING] The primary output port 'dsi_txd1_hs_oe' wire 'dsi_txd1_hs_oe' is not driven.
[EFX-0256 WARNING] The primary output port 'dsi_txd1_hs_o[7]' wire 'dsi_txd1_hs_o[7]' is not driven.
[EFX-0256 WARNING] The primary output port 'dsi_txd1_hs_o[6]' wire 'dsi_txd1_hs_o[6]' is not driven.
[EFX-0256 WARNING] The primary output port 'dsi_txd1_hs_o[5]' wire 'dsi_txd1_hs_o[5]' is not driven.
[EFX-0256 WARNING] The primary output port 'dsi_txd1_hs_o[4]' wire 'dsi_txd1_hs_o[4]' is not driven.
[EFX-0256 WARNING] The primary output port 'dsi_txd1_hs_o[3]' wire 'dsi_txd1_hs_o[3]' is not driven.
[EFX-0256 WARNING] The primary output port 'dsi_txd1_hs_o[2]' wire 'dsi_txd1_hs_o[2]' is not driven.
[EFX-0256 WARNING] The primary output port 'dsi_txd1_hs_o[1]' wire 'dsi_txd1_hs_o[1]' is not driven.
[EFX-0256 WARNING] The primary output port 'dsi_txd1_hs_o[0]' wire 'dsi_txd1_hs_o[0]' is not driven.
[EFX-0256 WARNING] The primary output port 'dsi_txd2_rst_o' wire 'dsi_txd2_rst_o' is not driven.
[EFX-0256 WARNING] The primary output port 'dsi_txd2_lp_p_oe' wire 'dsi_txd2_lp_p_oe' is not driven.
[EFX-0256 WARNING] The primary output port 'dsi_txd2_lp_p_o' wire 'dsi_txd2_lp_p_o' is not driven.
[EFX-0256 WARNING] The primary output port 'dsi_txd2_lp_n_oe' wire 'dsi_txd2_lp_n_oe' is not driven.
[EFX-0256 WARNING] The primary output port 'dsi_txd2_lp_n_o' wire 'dsi_txd2_lp_n_o' is not driven.
[EFX-0256 WARNING] The primary output port 'dsi_txd2_hs_oe' wire 'dsi_txd2_hs_oe' is not driven.
[EFX-0256 WARNING] The primary output port 'dsi_txd2_hs_o[7]' wire 'dsi_txd2_hs_o[7]' is not driven.
[EFX-0256 WARNING] The primary output port 'dsi_txd2_hs_o[6]' wire 'dsi_txd2_hs_o[6]' is not driven.
[EFX-0256 WARNING] The primary output port 'dsi_txd2_hs_o[5]' wire 'dsi_txd2_hs_o[5]' is not driven.
[EFX-0256 WARNING] The primary output port 'dsi_txd2_hs_o[4]' wire 'dsi_txd2_hs_o[4]' is not driven.
[EFX-0256 WARNING] The primary output port 'dsi_txd2_hs_o[3]' wire 'dsi_txd2_hs_o[3]' is not driven.
[EFX-0256 WARNING] The primary output port 'dsi_txd2_hs_o[2]' wire 'dsi_txd2_hs_o[2]' is not driven.
[EFX-0256 WARNING] The primary output port 'dsi_txd2_hs_o[1]' wire 'dsi_txd2_hs_o[1]' is not driven.
[EFX-0256 WARNING] The primary output port 'dsi_txd2_hs_o[0]' wire 'dsi_txd2_hs_o[0]' is not driven.
[EFX-0256 WARNING] The primary output port 'dsi_txd3_rst_o' wire 'dsi_txd3_rst_o' is not driven.
[EFX-0256 WARNING] The primary output port 'dsi_txd3_lp_p_oe' wire 'dsi_txd3_lp_p_oe' is not driven.
[EFX-0256 WARNING] The primary output port 'dsi_txd3_lp_p_o' wire 'dsi_txd3_lp_p_o' is not driven.
[EFX-0256 WARNING] The primary output port 'dsi_txd3_lp_n_oe' wire 'dsi_txd3_lp_n_oe' is not driven.
[EFX-0256 WARNING] The primary output port 'dsi_txd3_lp_n_o' wire 'dsi_txd3_lp_n_o' is not driven.
[EFX-0256 WARNING] The primary output port 'dsi_txd3_hs_oe' wire 'dsi_txd3_hs_oe' is not driven.
[EFX-0256 WARNING] The primary output port 'dsi_txd3_hs_o[7]' wire 'dsi_txd3_hs_o[7]' is not driven.
[EFX-0256 WARNING] The primary output port 'dsi_txd3_hs_o[6]' wire 'dsi_txd3_hs_o[6]' is not driven.
[EFX-0256 WARNING] The primary output port 'dsi_txd3_hs_o[5]' wire 'dsi_txd3_hs_o[5]' is not driven.
[EFX-0256 WARNING] The primary output port 'dsi_txd3_hs_o[4]' wire 'dsi_txd3_hs_o[4]' is not driven.
[EFX-0256 WARNING] The primary output port 'dsi_txd3_hs_o[3]' wire 'dsi_txd3_hs_o[3]' is not driven.
[EFX-0256 WARNING] The primary output port 'dsi_txd3_hs_o[2]' wire 'dsi_txd3_hs_o[2]' is not driven.
[EFX-0256 WARNING] The primary output port 'dsi_txd3_hs_o[1]' wire 'dsi_txd3_hs_o[1]' is not driven.
[EFX-0256 WARNING] The primary output port 'dsi_txd3_hs_o[0]' wire 'dsi_txd3_hs_o[0]' is not driven.
[EFX-0256 WARNING] The primary output port 'uart_tx_o' wire 'uart_tx_o' is not driven.
[EFX-0256 WARNING] The primary output port 'led_o[4]' wire 'led_o[4]' is not driven.
[EFX-0256 WARNING] The primary output port 'lvds_txc_oe' wire 'lvds_txc_oe' is not driven.
[EFX-0256 WARNING] The primary output port 'lvds_txc_o[6]' wire 'lvds_txc_o[6]' is not driven.
[EFX-0256 WARNING] The primary output port 'lvds_txc_o[5]' wire 'lvds_txc_o[5]' is not driven.
[EFX-0256 WARNING] The primary output port 'lvds_txc_o[4]' wire 'lvds_txc_o[4]' is not driven.
[EFX-0256 WARNING] The primary output port 'lvds_txc_o[3]' wire 'lvds_txc_o[3]' is not driven.
[EFX-0256 WARNING] The primary output port 'lvds_txc_o[2]' wire 'lvds_txc_o[2]' is not driven.
[EFX-0256 WARNING] The primary output port 'lvds_txc_o[1]' wire 'lvds_txc_o[1]' is not driven.
[EFX-0256 WARNING] The primary output port 'lvds_txc_o[0]' wire 'lvds_txc_o[0]' is not driven.
[EFX-0256 WARNING] The primary output port 'lvds_txc_rst_o' wire 'lvds_txc_rst_o' is not driven.
[EFX-0256 WARNING] The primary output port 'lvds_txd0_oe' wire 'lvds_txd0_oe' is not driven.
[EFX-0256 WARNING] The primary output port 'lvds_txd0_o[6]' wire 'lvds_txd0_o[6]' is not driven.
[EFX-0256 WARNING] The primary output port 'lvds_txd0_o[5]' wire 'lvds_txd0_o[5]' is not driven.
[EFX-0256 WARNING] The primary output port 'lvds_txd0_o[4]' wire 'lvds_txd0_o[4]' is not driven.
[EFX-0256 WARNING] The primary output port 'lvds_txd0_o[3]' wire 'lvds_txd0_o[3]' is not driven.
[EFX-0256 WARNING] The primary output port 'lvds_txd0_o[2]' wire 'lvds_txd0_o[2]' is not driven.
[EFX-0256 WARNING] The primary output port 'lvds_txd0_o[1]' wire 'lvds_txd0_o[1]' is not driven.
[EFX-0256 WARNING] The primary output port 'lvds_txd0_o[0]' wire 'lvds_txd0_o[0]' is not driven.
[EFX-0256 WARNING] The primary output port 'lvds_txd0_rst_o' wire 'lvds_txd0_rst_o' is not driven.
[EFX-0256 WARNING] The primary output port 'lvds_txd1_oe' wire 'lvds_txd1_oe' is not driven.
[EFX-0256 WARNING] The primary output port 'lvds_txd1_o[6]' wire 'lvds_txd1_o[6]' is not driven.
[EFX-0256 WARNING] The primary output port 'lvds_txd1_o[5]' wire 'lvds_txd1_o[5]' is not driven.
[EFX-0256 WARNING] The primary output port 'lvds_txd1_o[4]' wire 'lvds_txd1_o[4]' is not driven.
[EFX-0256 WARNING] The primary output port 'lvds_txd1_o[3]' wire 'lvds_txd1_o[3]' is not driven.
[EFX-0256 WARNING] The primary output port 'lvds_txd1_o[2]' wire 'lvds_txd1_o[2]' is not driven.
[EFX-0256 WARNING] The primary output port 'lvds_txd1_o[1]' wire 'lvds_txd1_o[1]' is not driven.
[EFX-0256 WARNING] The primary output port 'lvds_txd1_o[0]' wire 'lvds_txd1_o[0]' is not driven.
[EFX-0256 WARNING] The primary output port 'lvds_txd1_rst_o' wire 'lvds_txd1_rst_o' is not driven.
[EFX-0256 WARNING] The primary output port 'lvds_txd2_oe' wire 'lvds_txd2_oe' is not driven.
[EFX-0256 WARNING] The primary output port 'lvds_txd2_o[6]' wire 'lvds_txd2_o[6]' is not driven.
[EFX-0256 WARNING] The primary output port 'lvds_txd2_o[5]' wire 'lvds_txd2_o[5]' is not driven.
[EFX-0256 WARNING] The primary output port 'lvds_txd2_o[4]' wire 'lvds_txd2_o[4]' is not driven.
[EFX-0256 WARNING] The primary output port 'lvds_txd2_o[3]' wire 'lvds_txd2_o[3]' is not driven.
[EFX-0256 WARNING] The primary output port 'lvds_txd2_o[2]' wire 'lvds_txd2_o[2]' is not driven.
[EFX-0256 WARNING] The primary output port 'lvds_txd2_o[1]' wire 'lvds_txd2_o[1]' is not driven.
[EFX-0256 WARNING] The primary output port 'lvds_txd2_o[0]' wire 'lvds_txd2_o[0]' is not driven.
[EFX-0256 WARNING] The primary output port 'lvds_txd2_rst_o' wire 'lvds_txd2_rst_o' is not driven.
[EFX-0256 WARNING] The primary output port 'lvds_txd3_oe' wire 'lvds_txd3_oe' is not driven.
[EFX-0256 WARNING] The primary output port 'lvds_txd3_o[6]' wire 'lvds_txd3_o[6]' is not driven.
[EFX-0256 WARNING] The primary output port 'lvds_txd3_o[5]' wire 'lvds_txd3_o[5]' is not driven.
[EFX-0256 WARNING] The primary output port 'lvds_txd3_o[4]' wire 'lvds_txd3_o[4]' is not driven.
[EFX-0256 WARNING] The primary output port 'lvds_txd3_o[3]' wire 'lvds_txd3_o[3]' is not driven.
[EFX-0256 WARNING] The primary output port 'lvds_txd3_o[2]' wire 'lvds_txd3_o[2]' is not driven.
[EFX-0256 WARNING] The primary output port 'lvds_txd3_o[1]' wire 'lvds_txd3_o[1]' is not driven.
[EFX-0256 WARNING] The primary output port 'lvds_txd3_o[0]' wire 'lvds_txd3_o[0]' is not driven.
[EFX-0256 WARNING] The primary output port 'lvds_txd3_rst_o' wire 'lvds_txd3_rst_o' is not driven.
[EFX-0256 WARNING] The primary output port 'lcd_tp_sda_o' wire 'lcd_tp_sda_o' is not driven.
[EFX-0256 WARNING] The primary output port 'lcd_tp_sda_oe' wire 'lcd_tp_sda_oe' is not driven.
[EFX-0256 WARNING] The primary output port 'lcd_tp_scl_o' wire 'lcd_tp_scl_o' is not driven.
[EFX-0256 WARNING] The primary output port 'lcd_tp_scl_oe' wire 'lcd_tp_scl_oe' is not driven.
[EFX-0256 WARNING] The primary output port 'lcd_tp_int_o' wire 'lcd_tp_int_o' is not driven.
[EFX-0256 WARNING] The primary output port 'lcd_tp_int_oe' wire 'lcd_tp_int_oe' is not driven.
[EFX-0256 WARNING] The primary output port 'lcd_tp_rst_o' wire 'lcd_tp_rst_o' is not driven.
[EFX-0256 WARNING] The primary output port 'lcd_pwm_o' wire 'lcd_pwm_o' is not driven.
[EFX-0256 WARNING] The primary output port 'lcd_blen_o' wire 'lcd_blen_o' is not driven.
[EFX-0256 WARNING] The primary output port 'lcd_vs_o' wire 'lcd_vs_o' is not driven.
[EFX-0256 WARNING] The primary output port 'lcd_hs_o' wire 'lcd_hs_o' is not driven.
[EFX-0256 WARNING] The primary output port 'lcd_de_o' wire 'lcd_de_o' is not driven.
[EFX-0200 WARNING] Removing redundant signal : Shift_Q7_Out[4][7]. (D:\yilingsi_fpga\Efinity_Project\Ti60F225_OV5640_HDMI_Official\ip/DdrCtrl\DdrCtrl.v:2587)
[EFX-0200 WARNING] Removing redundant signal : Shift_Q7_Out[4][6]. (D:\yilingsi_fpga\Efinity_Project\Ti60F225_OV5640_HDMI_Official\ip/DdrCtrl\DdrCtrl.v:2587)
[EFX-0200 WARNING] Removing redundant signal : Shift_Q7_Out[4][5]. (D:\yilingsi_fpga\Efinity_Project\Ti60F225_OV5640_HDMI_Official\ip/DdrCtrl\DdrCtrl.v:2587)
[EFX-0200 WARNING] Removing redundant signal : Shift_Q7_Out[4][4]. (D:\yilingsi_fpga\Efinity_Project\Ti60F225_OV5640_HDMI_Official\ip/DdrCtrl\DdrCtrl.v:2587)
[EFX-0200 WARNING] Removing redundant signal : Shift_Q7_Out[4][3]. (D:\yilingsi_fpga\Efinity_Project\Ti60F225_OV5640_HDMI_Official\ip/DdrCtrl\DdrCtrl.v:2587)
[EFX-0200 WARNING] Removing redundant signal : Shift_Q7_Out[4][2]. (D:\yilingsi_fpga\Efinity_Project\Ti60F225_OV5640_HDMI_Official\ip/DdrCtrl\DdrCtrl.v:2587)
[EFX-0200 WARNING] Removing redundant signal : Shift_Q7_Out[4][1]. (D:\yilingsi_fpga\Efinity_Project\Ti60F225_OV5640_HDMI_Official\ip/DdrCtrl\DdrCtrl.v:2587)
[EFX-0200 WARNING] Removing redundant signal : Shift_Q7_Out[4][0]. (D:\yilingsi_fpga\Efinity_Project\Ti60F225_OV5640_HDMI_Official\ip/DdrCtrl\DdrCtrl.v:2587)
[EFX-0200 WARNING] Removing redundant signal : Shift_Out[7]. (D:\yilingsi_fpga\Efinity_Project\Ti60F225_OV5640_HDMI_Official\ip/DdrCtrl\DdrCtrl.v:2587)
[EFX-0200 WARNING] Removing redundant signal : Shift_Out[6]. (D:\yilingsi_fpga\Efinity_Project\Ti60F225_OV5640_HDMI_Official\ip/DdrCtrl\DdrCtrl.v:2587)
[EFX-0200 WARNING] Removing redundant signal : Shift_Out[5]. (D:\yilingsi_fpga\Efinity_Project\Ti60F225_OV5640_HDMI_Official\ip/DdrCtrl\DdrCtrl.v:2587)
[EFX-0200 WARNING] Removing redundant signal : Shift_Out[4]. (D:\yilingsi_fpga\Efinity_Project\Ti60F225_OV5640_HDMI_Official\ip/DdrCtrl\DdrCtrl.v:2587)
[EFX-0200 WARNING] Removing redundant signal : Shift_Out[3]. (D:\yilingsi_fpga\Efinity_Project\Ti60F225_OV5640_HDMI_Official\ip/DdrCtrl\DdrCtrl.v:2587)
[EFX-0200 WARNING] Removing redundant signal : Shift_Out[2]. (D:\yilingsi_fpga\Efinity_Project\Ti60F225_OV5640_HDMI_Official\ip/DdrCtrl\DdrCtrl.v:2587)
[EFX-0200 WARNING] Removing redundant signal : Shift_Out[1]. (D:\yilingsi_fpga\Efinity_Project\Ti60F225_OV5640_HDMI_Official\ip/DdrCtrl\DdrCtrl.v:2587)
[EFX-0200 WARNING] Removing redundant signal : Shift_Out[0]. (D:\yilingsi_fpga\Efinity_Project\Ti60F225_OV5640_HDMI_Official\ip/DdrCtrl\DdrCtrl.v:2587)
[EFX-0200 WARNING] Removing redundant signal : Shift_Q7_Out[4][31]. (D:\yilingsi_fpga\Efinity_Project\Ti60F225_OV5640_HDMI_Official\ip/DdrCtrl\DdrCtrl.v:2587)
[EFX-0200 WARNING] Removing redundant signal : Shift_Q7_Out[4][30]. (D:\yilingsi_fpga\Efinity_Project\Ti60F225_OV5640_HDMI_Official\ip/DdrCtrl\DdrCtrl.v:2587)
[EFX-0200 WARNING] Removing redundant signal : Shift_Q7_Out[4][29]. (D:\yilingsi_fpga\Efinity_Project\Ti60F225_OV5640_HDMI_Official\ip/DdrCtrl\DdrCtrl.v:2587)
[EFX-0200 WARNING] Removing redundant signal : Shift_Q7_Out[4][28]. (D:\yilingsi_fpga\Efinity_Project\Ti60F225_OV5640_HDMI_Official\ip/DdrCtrl\DdrCtrl.v:2587)
[EFX-0201 WARNING] Re-wiring to GND non-driven net 'w_ar_fifo_rd_vaild'. (D:\yilingsi_fpga\Efinity_Project\Ti60F225_OV5640_HDMI_Official\ip/DdrCtrl\DdrCtrl.v:598)
[EFX-0201 WARNING] Re-wiring to GND non-driven net 'w_aw_fifo_rd_vaild'. (D:\yilingsi_fpga\Efinity_Project\Ti60F225_OV5640_HDMI_Official\ip/DdrCtrl\DdrCtrl.v:598)
[EFX-0201 WARNING] Re-wiring to GND non-driven net 'u_efx_fifo_top.a_wr_rst_i'. (D:\yilingsi_fpga\Efinity_Project\Ti60F225_OV5640_HDMI_Official\ip/W0_FIFO_8\W0_FIFO_8.v:88)
[EFX-0201 WARNING] Re-wiring to GND non-driven net 'u_efx_fifo_top.a_rd_rst_i'. (D:\yilingsi_fpga\Efinity_Project\Ti60F225_OV5640_HDMI_Official\ip/W0_FIFO_8\W0_FIFO_8.v:88)
[EFX-0201 WARNING] Re-wiring to GND non-driven net 'u_efx_fifo_top.clk_i'. (D:\yilingsi_fpga\Efinity_Project\Ti60F225_OV5640_HDMI_Official\ip/W0_FIFO_8\W0_FIFO_8.v:88)
[EFX-0201 WARNING] Re-wiring to GND non-driven net 'u_efx_fifo_top.a_wr_rst_i'. (D:\yilingsi_fpga\Efinity_Project\Ti60F225_OV5640_HDMI_Official\ip/R0_FIFO_16\R0_FIFO_16.v:88)
[EFX-0201 WARNING] Re-wiring to GND non-driven net 'u_efx_fifo_top.a_rd_rst_i'. (D:\yilingsi_fpga\Efinity_Project\Ti60F225_OV5640_HDMI_Official\ip/R0_FIFO_16\R0_FIFO_16.v:88)
[EFX-0201 WARNING] Re-wiring to GND non-driven net 'u_efx_fifo_top.clk_i'. (D:\yilingsi_fpga\Efinity_Project\Ti60F225_OV5640_HDMI_Official\ip/R0_FIFO_16\R0_FIFO_16.v:88)
[EFX-0201 WARNING] Re-wiring to GND non-driven net 'ddr3_ctl_axi.wr_addr[31]'. (D:\yilingsi_fpga\Efinity_Project\Ti60F225_OV5640_HDMI_Official\example_top.v:537)
[EFX-0201 WARNING] Re-wiring to GND non-driven net 'ddr3_ctl_axi.wr_addr[30]'. (D:\yilingsi_fpga\Efinity_Project\Ti60F225_OV5640_HDMI_Official\example_top.v:537)
[EFX-0011 VERI-WARNING] Input/inout port clk_24m is unconnected and will be removed. (VDB-8003) (D:\yilingsi_fpga\Efinity_Project\Ti60F225_OV5640_HDMI_Official\example_top.v:11)
[EFX-0011 VERI-WARNING] Input/inout port clk_25m is unconnected and will be removed. (VDB-8003) (D:\yilingsi_fpga\Efinity_Project\Ti60F225_OV5640_HDMI_Official\example_top.v:12)
[EFX-0011 VERI-WARNING] Input/inout port clk_pixel_2x is unconnected and will be removed. (VDB-8003) (D:\yilingsi_fpga\Efinity_Project\Ti60F225_OV5640_HDMI_Official\example_top.v:21)
[EFX-0011 VERI-WARNING] Input/inout port clk_pixel_10x is unconnected and will be removed. (VDB-8003) (D:\yilingsi_fpga\Efinity_Project\Ti60F225_OV5640_HDMI_Official\example_top.v:22)
[EFX-0011 VERI-WARNING] Input/inout port dsi_refclk_i is unconnected and will be removed. (VDB-8003) (D:\yilingsi_fpga\Efinity_Project\Ti60F225_OV5640_HDMI_Official\example_top.v:30)
[EFX-0011 VERI-WARNING] Input/inout port dsi_byteclk_i is unconnected and will be removed. (VDB-8003) (D:\yilingsi_fpga\Efinity_Project\Ti60F225_OV5640_HDMI_Official\example_top.v:31)
[EFX-0011 VERI-WARNING] Input/inout port dsi_serclk_i is unconnected and will be removed. (VDB-8003) (D:\yilingsi_fpga\Efinity_Project\Ti60F225_OV5640_HDMI_Official\example_top.v:32)
[EFX-0011 VERI-WARNING] Input/inout port dsi_txcclk_i is unconnected and will be removed. (VDB-8003) (D:\yilingsi_fpga\Efinity_Project\Ti60F225_OV5640_HDMI_Official\example_top.v:33)
[EFX-0011 VERI-WARNING] Input/inout port clk_lvds_1x is unconnected and will be removed. (VDB-8003) (D:\yilingsi_fpga\Efinity_Project\Ti60F225_OV5640_HDMI_Official\example_top.v:60)
[EFX-0011 VERI-WARNING] Input/inout port clk_lvds_7x is unconnected and will be removed. (VDB-8003) (D:\yilingsi_fpga\Efinity_Project\Ti60F225_OV5640_HDMI_Official\example_top.v:61)
[EFX-0011 VERI-WARNING] Input/inout port clk_27m is unconnected and will be removed. (VDB-8003) (D:\yilingsi_fpga\Efinity_Project\Ti60F225_OV5640_HDMI_Official\example_top.v:62)
[EFX-0011 VERI-WARNING] Input/inout port clk_54m is unconnected and will be removed. (VDB-8003) (D:\yilingsi_fpga\Efinity_Project\Ti60F225_OV5640_HDMI_Official\example_top.v:63)
[EFX-0011 VERI-WARNING] Input/inout port i_dqs_n_hi[1] is unconnected and will be removed. (VDB-8003) (D:\yilingsi_fpga\Efinity_Project\Ti60F225_OV5640_HDMI_Official\example_top.v:97)
[EFX-0011 VERI-WARNING] Input/inout port i_dqs_n_lo[1] is unconnected and will be removed. (VDB-8003) (D:\yilingsi_fpga\Efinity_Project\Ti60F225_OV5640_HDMI_Official\example_top.v:98)
[EFX-0011 VERI-WARNING] Input/inout port csi_ctl0_i is unconnected and will be removed. (VDB-8003) (D:\yilingsi_fpga\Efinity_Project\Ti60F225_OV5640_HDMI_Official\example_top.v:121)
[EFX-0011 VERI-WARNING] Input/inout port csi_ctl1_i is unconnected and will be removed. (VDB-8003) (D:\yilingsi_fpga\Efinity_Project\Ti60F225_OV5640_HDMI_Official\example_top.v:125)
[EFX-0011 VERI-WARNING] Input/inout port csi_scl_i is unconnected and will be removed. (VDB-8003) (D:\yilingsi_fpga\Efinity_Project\Ti60F225_OV5640_HDMI_Official\example_top.v:129)
[EFX-0011 VERI-WARNING] Input/inout port csi_sda_i is unconnected and will be removed. (VDB-8003) (D:\yilingsi_fpga\Efinity_Project\Ti60F225_OV5640_HDMI_Official\example_top.v:133)
[EFX-0011 VERI-WARNING] Input/inout port csi_rxc_lp_p_i is unconnected and will be removed. (VDB-8003) (D:\yilingsi_fpga\Efinity_Project\Ti60F225_OV5640_HDMI_Official\example_top.v:136)
[EFX-0011 VERI-WARNING] Input/inout port csi_rxc_lp_n_i is unconnected and will be removed. (VDB-8003) (D:\yilingsi_fpga\Efinity_Project\Ti60F225_OV5640_HDMI_Official\example_top.v:137)
[EFX-0011 VERI-WARNING] Input/inout port csi_rxc_i is unconnected and will be removed. (VDB-8003) (D:\yilingsi_fpga\Efinity_Project\Ti60F225_OV5640_HDMI_Official\example_top.v:140)
[EFX-0011 VERI-WARNING] Input/inout port csi_rxd0_lp_p_i is unconnected and will be removed. (VDB-8003) (D:\yilingsi_fpga\Efinity_Project\Ti60F225_OV5640_HDMI_Official\example_top.v:147)
[EFX-0011 VERI-WARNING] Input/inout port csi_rxd0_lp_n_i is unconnected and will be removed. (VDB-8003) (D:\yilingsi_fpga\Efinity_Project\Ti60F225_OV5640_HDMI_Official\example_top.v:148)
[EFX-0011 VERI-WARNING] Input/inout port csi_rxd0_hs_i[7] is unconnected and will be removed. (VDB-8003) (D:\yilingsi_fpga\Efinity_Project\Ti60F225_OV5640_HDMI_Official\example_top.v:149)
[EFX-0011 VERI-WARNING] Input/inout port csi_rxd1_lp_n_i is unconnected and will be removed. (VDB-8003) (D:\yilingsi_fpga\Efinity_Project\Ti60F225_OV5640_HDMI_Official\example_top.v:156)
[EFX-0011 VERI-WARNING] Input/inout port csi_rxd1_lp_p_i is unconnected and will be removed. (VDB-8003) (D:\yilingsi_fpga\Efinity_Project\Ti60F225_OV5640_HDMI_Official\example_top.v:157)
[EFX-0011 VERI-WARNING] Input/inout port csi_rxd1_hs_i[7] is unconnected and will be removed. (VDB-8003) (D:\yilingsi_fpga\Efinity_Project\Ti60F225_OV5640_HDMI_Official\example_top.v:158)
[EFX-0011 VERI-WARNING] Input/inout port csi_rxd2_lp_p_i is unconnected and will be removed. (VDB-8003) (D:\yilingsi_fpga\Efinity_Project\Ti60F225_OV5640_HDMI_Official\example_top.v:165)
[EFX-0011 VERI-WARNING] Input/inout port csi_rxd2_lp_n_i is unconnected and will be removed. (VDB-8003) (D:\yilingsi_fpga\Efinity_Project\Ti60F225_OV5640_HDMI_Official\example_top.v:166)
[EFX-0011 VERI-WARNING] Input/inout port csi_rxd2_hs_i[7] is unconnected and will be removed. (VDB-8003) (D:\yilingsi_fpga\Efinity_Project\Ti60F225_OV5640_HDMI_Official\example_top.v:167)
[EFX-0011 VERI-WARNING] Input/inout port csi_rxd3_lp_p_i is unconnected and will be removed. (VDB-8003) (D:\yilingsi_fpga\Efinity_Project\Ti60F225_OV5640_HDMI_Official\example_top.v:174)
[EFX-0011 VERI-WARNING] Input/inout port csi_rxd3_lp_n_i is unconnected and will be removed. (VDB-8003) (D:\yilingsi_fpga\Efinity_Project\Ti60F225_OV5640_HDMI_Official\example_top.v:175)
[EFX-0011 VERI-WARNING] Input/inout port csi_rxd3_hs_i[7] is unconnected and will be removed. (VDB-8003) (D:\yilingsi_fpga\Efinity_Project\Ti60F225_OV5640_HDMI_Official\example_top.v:176)
[EFX-0011 VERI-WARNING] Input/inout port dsi_txd0_lp_p_i is unconnected and will be removed. (VDB-8003) (D:\yilingsi_fpga\Efinity_Project\Ti60F225_OV5640_HDMI_Official\example_top.v:235)
[EFX-0011 VERI-WARNING] Input/inout port dsi_txd0_lp_n_i is unconnected and will be removed. (VDB-8003) (D:\yilingsi_fpga\Efinity_Project\Ti60F225_OV5640_HDMI_Official\example_top.v:236)
[EFX-0011 VERI-WARNING] Input/inout port dsi_txd1_lp_p_i is unconnected and will be removed. (VDB-8003) (D:\yilingsi_fpga\Efinity_Project\Ti60F225_OV5640_HDMI_Official\example_top.v:237)
[EFX-0011 VERI-WARNING] Input/inout port dsi_txd1_lp_n_i is unconnected and will be removed. (VDB-8003) (D:\yilingsi_fpga\Efinity_Project\Ti60F225_OV5640_HDMI_Official\example_top.v:238)
[EFX-0011 VERI-WARNING] Input/inout port dsi_txd2_lp_p_i is unconnected and will be removed. (VDB-8003) (D:\yilingsi_fpga\Efinity_Project\Ti60F225_OV5640_HDMI_Official\example_top.v:239)
[EFX-0011 VERI-WARNING] Input/inout port dsi_txd2_lp_n_i is unconnected and will be removed. (VDB-8003) (D:\yilingsi_fpga\Efinity_Project\Ti60F225_OV5640_HDMI_Official\example_top.v:240)
[EFX-0011 VERI-WARNING] Input/inout port dsi_txd3_lp_p_i is unconnected and will be removed. (VDB-8003) (D:\yilingsi_fpga\Efinity_Project\Ti60F225_OV5640_HDMI_Official\example_top.v:241)
[EFX-0011 VERI-WARNING] Input/inout port dsi_txd3_lp_n_i is unconnected and will be removed. (VDB-8003) (D:\yilingsi_fpga\Efinity_Project\Ti60F225_OV5640_HDMI_Official\example_top.v:242)
[EFX-0011 VERI-WARNING] Input/inout port uart_rx_i is unconnected and will be removed. (VDB-8003) (D:\yilingsi_fpga\Efinity_Project\Ti60F225_OV5640_HDMI_Official\example_top.v:247)
[EFX-0011 VERI-WARNING] Input/inout port cmos_sdat_IN is unconnected and will be removed. (VDB-8003) (D:\yilingsi_fpga\Efinity_Project\Ti60F225_OV5640_HDMI_Official\example_top.v:257)
[EFX-0011 VERI-WARNING] Input/inout port cmos_ctl1_i is unconnected and will be removed. (VDB-8003) (D:\yilingsi_fpga\Efinity_Project\Ti60F225_OV5640_HDMI_Official\example_top.v:269)
[EFX-0011 VERI-WARNING] Input/inout port cmos_ctl2_i is unconnected and will be removed. (VDB-8003) (D:\yilingsi_fpga\Efinity_Project\Ti60F225_OV5640_HDMI_Official\example_top.v:272)
[EFX-0011 VERI-WARNING] Input/inout port cmos_ctl3_i is unconnected and will be removed. (VDB-8003) (D:\yilingsi_fpga\Efinity_Project\Ti60F225_OV5640_HDMI_Official\example_top.v:275)
[EFX-0011 VERI-WARNING] Input/inout port lcd_tp_sda_i is unconnected and will be removed. (VDB-8003) (D:\yilingsi_fpga\Efinity_Project\Ti60F225_OV5640_HDMI_Official\example_top.v:323)
[EFX-0011 VERI-WARNING] Input/inout port lcd_tp_scl_i is unconnected and will be removed. (VDB-8003) (D:\yilingsi_fpga\Efinity_Project\Ti60F225_OV5640_HDMI_Official\example_top.v:327)
[EFX-0011 VERI-WARNING] Input/inout port lcd_tp_int_i is unconnected and will be removed. (VDB-8003) (D:\yilingsi_fpga\Efinity_Project\Ti60F225_OV5640_HDMI_Official\example_top.v:331)
[EFX-0011 VERI-WARNING] Input/inout port lcd_b7_0_i[7] is unconnected and will be removed. (VDB-8003) (D:\yilingsi_fpga\Efinity_Project\Ti60F225_OV5640_HDMI_Official\example_top.v:351)
[EFX-0011 VERI-WARNING] Input/inout port lcd_g7_0_i[7] is unconnected and will be removed. (VDB-8003) (D:\yilingsi_fpga\Efinity_Project\Ti60F225_OV5640_HDMI_Official\example_top.v:352)
[EFX-0011 VERI-WARNING] Input/inout port lcd_r7_0_i[7] is unconnected and will be removed. (VDB-8003) (D:\yilingsi_fpga\Efinity_Project\Ti60F225_OV5640_HDMI_Official\example_top.v:353)
[EFX-0011 VERI-WARNING] Found 103 warnings in the post-synthesis netlist. 

///////////////////////////////////
// Efinity Synthesis Started 
// Sep 16, 2026 23:42:15
///////////////////////////////////

[EFX-0011 VERI-WARNING] port 'cal_shift_val' remains unconnected for this instance (VERI-1927) (D:\yilingsi_fpga\Efinity_Project\Ti60F225_OV5640_Face_Reproduction\example_top.v:612)
[EFX-0011 VERI-WARNING] port 'axi_awid' remains unconnected for this instance (VERI-1927) (D:\yilingsi_fpga\Efinity_Project\Ti60F225_OV5640_Face_Reproduction\example_top.v:966)
[EFX-0011 VERI-WARNING] port 'lcd_xpos' remains unconnected for this instance (VERI-1927) (D:\yilingsi_fpga\Efinity_Project\Ti60F225_OV5640_Face_Reproduction\example_top.v:997)
[EFX-0011 VERI-WARNING] port 'pending_swap' remains unconnected for this instance (VERI-1927) (D:\yilingsi_fpga\Efinity_Project\Ti60F225_OV5640_Face_Reproduction\example_top.v:1140)
[EFX-0011 VERI-WARNING] port 'TMDS_Clk_p' remains unconnected for this instance (VERI-1927) (D:\yilingsi_fpga\Efinity_Project\Ti60F225_OV5640_Face_Reproduction\example_top.v:1193)
[EFX-0011 VERI-WARNING] expression size 32 truncated to fit in target size 1 (VERI-1209) (D:\yilingsi_fpga\Efinity_Project\Ti60F225_OV5640_Face_Reproduction\example_top.v:443)
[EFX-0011 VERI-WARNING] port 'wr_busy' remains unconnected for this instance (VERI-1927) (D:\yilingsi_fpga\Efinity_Project\Ti60F225_OV5640_Face_Reproduction\ip\DdrCtrl/DdrCtrl.sv:184)
[EFX-0011 VERI-WARNING] port 'wr_data' is not connected on this instance (VERI-2435) (D:\yilingsi_fpga\Efinity_Project\Ti60F225_OV5640_Face_Reproduction\ip\DdrCtrl/DdrCtrl.sv:184)
[EFX-0011 VERI-WARNING] port '**' is not connected on this instance (VERI-2435) (D:\yilingsi_fpga\Efinity_Project\Ti60F225_OV5640_Face_Reproduction\ip\DdrCtrl/DdrCtrl.sv:2496)
[EFX-0011 VERI-WARNING] expression size ** truncated to fit in target size ** (VERI-1209) (D:\yilingsi_fpga\Efinity_Project\Ti60F225_OV5640_Face_Reproduction\ip\DdrCtrl/DdrCtrl.sv:2611)
[EFX-0011 VERI-WARNING] actual bit length ** differs from formal bit length *** for port '**' (VERI-1330) (D:\yilingsi_fpga\Efinity_Project\Ti60F225_OV5640_Face_Reproduction\ip\DdrCtrl/DdrCtrl.sv:2496)
[EFX-0011 VERI-WARNING] expression size ** truncated to fit in target size ** (VERI-1209) (D:\yilingsi_fpga\Efinity_Project\Ti60F225_OV5640_Face_Reproduction\ip\DdrCtrl/DdrCtrl.sv:2611)
[EFX-0011 VERI-WARNING] expression size ** truncated to fit in target size ** (VERI-1209) (D:\yilingsi_fpga\Efinity_Project\Ti60F225_OV5640_Face_Reproduction\ip\DdrCtrl/DdrCtrl.sv:2611)
[EFX-0011 VERI-WARNING] actual bit length ** differs from formal bit length *** for port '**' (VERI-1330) (D:\yilingsi_fpga\Efinity_Project\Ti60F225_OV5640_Face_Reproduction\ip\DdrCtrl/DdrCtrl.sv:2496)
[EFX-0011 VERI-WARNING] port '**' remains unconnected for this instance (VERI-1927) (D:\yilingsi_fpga\Efinity_Project\Ti60F225_OV5640_Face_Reproduction\ip\DdrCtrl/DdrCtrl.sv:590)
[EFX-0011 VERI-WARNING] actual bit length ** differs from formal bit length *** for port '**' (VERI-1330) (D:\yilingsi_fpga\Efinity_Project\Ti60F225_OV5640_Face_Reproduction\ip\DdrCtrl/DdrCtrl.sv:590)
[EFX-0011 VERI-WARNING] port '**' remains unconnected for this instance (VERI-1927) (D:\yilingsi_fpga\Efinity_Project\Ti60F225_OV5640_Face_Reproduction\ip\DdrCtrl/DdrCtrl.sv:1460)
[EFX-0011 VERI-WARNING] port '**' remains unconnected for this instance (VERI-1927) (D:\yilingsi_fpga\Efinity_Project\Ti60F225_OV5640_Face_Reproduction\ip\DdrCtrl/DdrCtrl.sv:4817)
[EFX-0011 VERI-WARNING] actual bit length ** differs from formal bit length *** for port '**' (VERI-1330) (D:\yilingsi_fpga\Efinity_Project\Ti60F225_OV5640_Face_Reproduction\ip\DdrCtrl/DdrCtrl.sv:4817)
[EFX-0011 VERI-WARNING] input port '**' is not connected on this instance (VDB-1013) (D:\yilingsi_fpga\Efinity_Project\Ti60F225_OV5640_Face_Reproduction\ip\DdrCtrl/DdrCtrl.sv:4817)
[EFX-0011 VERI-WARNING] expression size ** truncated to fit in target size ** (VERI-1209) (D:\yilingsi_fpga\Efinity_Project\Ti60F225_OV5640_Face_Reproduction\ip\DdrCtrl/DdrCtrl.sv:1460)
[EFX-0011 VERI-WARNING] net '**' does not have a driver (VDB-1002) (D:\yilingsi_fpga\Efinity_Project\Ti60F225_OV5640_Face_Reproduction\ip\DdrCtrl/DdrCtrl.sv:1460)
[EFX-0011 VERI-WARNING] net '**' does not have a driver (VDB-1002) (D:\yilingsi_fpga\Efinity_Project\Ti60F225_OV5640_Face_Reproduction\ip\DdrCtrl/DdrCtrl.sv:590)
[EFX-0011 VERI-WARNING] input port '**' is not connected on this instance (VDB-1013) (D:\yilingsi_fpga\Efinity_Project\Ti60F225_OV5640_Face_Reproduction\ip\DdrCtrl/DdrCtrl.sv:590)
[EFX-0011 VERI-WARNING] input port '**' is not connected on this instance (VDB-1013) (D:\yilingsi_fpga\Efinity_Project\Ti60F225_OV5640_Face_Reproduction\ip\DdrCtrl/DdrCtrl.sv:2496)
[EFX-0011 VERI-WARNING] input port 'wr_data[127]' is not connected on this instance (VDB-1013) (D:\yilingsi_fpga\Efinity_Project\Ti60F225_OV5640_Face_Reproduction\ip\DdrCtrl/DdrCtrl.sv:117)
[EFX-0011 VERI-WARNING] actual bit length 4 differs from formal bit length 8 for port 'axi_aid' (VERI-1330) (D:\yilingsi_fpga\Efinity_Project\Ti60F225_OV5640_Face_Reproduction\example_top.v:579)
[EFX-0011 VERI-WARNING] actual bit length 4 differs from formal bit length 8 for port 'axi_wid' (VERI-1330) (D:\yilingsi_fpga\Efinity_Project\Ti60F225_OV5640_Face_Reproduction\example_top.v:586)
[EFX-0011 VERI-WARNING] actual bit length 4 differs from formal bit length 8 for port 'axi_bid' (VERI-1330) (D:\yilingsi_fpga\Efinity_Project\Ti60F225_OV5640_Face_Reproduction\example_top.v:595)
[EFX-0011 VERI-WARNING] actual bit length 4 differs from formal bit length 8 for port 'axi_rid' (VERI-1330) (D:\yilingsi_fpga\Efinity_Project\Ti60F225_OV5640_Face_Reproduction\example_top.v:601)
[EFX-0011 VERI-WARNING] expression size 2 truncated to fit in target size 1 (VERI-1209) (D:\yilingsi_fpga\Efinity_Project\Ti60F225_OV5640_Face_Reproduction\src\axi\AXI4_AWARMux.v:90)
[EFX-0011 VERI-WARNING] expression size 3 truncated to fit in target size 2 (VERI-1209) (D:\yilingsi_fpga\Efinity_Project\Ti60F225_OV5640_Face_Reproduction\example_top.v:713)
[EFX-0011 VERI-WARNING] expression size 5 truncated to fit in target size 4 (VERI-1209) (D:\yilingsi_fpga\Efinity_Project\Ti60F225_OV5640_Face_Reproduction\example_top.v:714)
[EFX-0011 VERI-WARNING] expression size 8 truncated to fit in target size 7 (VERI-1209) (D:\yilingsi_fpga\Efinity_Project\Ti60F225_OV5640_Face_Reproduction\src\PWMLite.v:22)
[EFX-0011 VERI-WARNING] actual bit length 64 differs from formal bit length 8 for port 'image_out_data' (VERI-1330) (D:\yilingsi_fpga\Efinity_Project\Ti60F225_OV5640_Face_Reproduction\example_top.v:867)
[EFX-0011 VERI-WARNING] expression size 32 truncated to fit in target size 16 (VERI-1209) (D:\yilingsi_fpga\Efinity_Project\Ti60F225_OV5640_Face_Reproduction\src\axi\axi4_ctrl.v:91)
[EFX-0011 VERI-WARNING] expression size 3 truncated to fit in target size 2 (VERI-1209) (D:\yilingsi_fpga\Efinity_Project\Ti60F225_OV5640_Face_Reproduction\src\axi\axi4_ctrl.v:113)
[EFX-0011 VERI-WARNING] expression size 3 truncated to fit in target size 2 (VERI-1209) (D:\yilingsi_fpga\Efinity_Project\Ti60F225_OV5640_Face_Reproduction\src\axi\axi4_ctrl.v:114)
[EFX-0011 VERI-WARNING] expression size 3 truncated to fit in target size 2 (VERI-1209) (D:\yilingsi_fpga\Efinity_Project\Ti60F225_OV5640_Face_Reproduction\src\axi\axi4_ctrl.v:196)
[EFX-0011 VERI-WARNING] expression size 2 truncated to fit in target size 1 (VERI-1209) (D:\yilingsi_fpga\Efinity_Project\Ti60F225_OV5640_Face_Reproduction\src\axi\axi4_ctrl.v:238)
[EFX-0011 VERI-WARNING] expression size 23 truncated to fit in target size 22 (VERI-1209) (D:\yilingsi_fpga\Efinity_Project\Ti60F225_OV5640_Face_Reproduction\src\axi\axi4_ctrl.v:257)
[EFX-0011 VERI-WARNING] port 'a_wr_rst_i' remains unconnected for this instance (VERI-1927) (D:\yilingsi_fpga\Efinity_Project\Ti60F225_OV5640_Face_Reproduction\ip\W0_FIFO_8/W0_FIFO_8.sv:116)
[EFX-0011 VERI-WARNING] expression size 32 truncated to fit in target size 14 (VERI-1209) (D:\yilingsi_fpga\Efinity_Project\Ti60F225_OV5640_Face_Reproduction\ip\W0_FIFO_8/W0_FIFO_8.sv:1251)
[EFX-0011 VERI-WARNING] expression size 32 truncated to fit in target size 10 (VERI-1209) (D:\yilingsi_fpga\Efinity_Project\Ti60F225_OV5640_Face_Reproduction\ip\W0_FIFO_8/W0_FIFO_8.sv:1252)
[EFX-0011 VERI-WARNING] input port 'a_wr_rst_i' is not connected on this instance (VDB-1013) (D:\yilingsi_fpga\Efinity_Project\Ti60F225_OV5640_Face_Reproduction\ip\W0_FIFO_8/W0_FIFO_8.sv:95)
[EFX-0011 VERI-WARNING] port 'a_wr_rst_i' remains unconnected for this instance (VERI-1927) (D:\yilingsi_fpga\Efinity_Project\Ti60F225_OV5640_Face_Reproduction\ip/R0_FIFO_16\R0_FIFO_16.v:108)
[EFX-0011 VERI-WARNING] expression size 32 truncated to fit in target size 10 (VERI-1209) (D:\yilingsi_fpga\Efinity_Project\Ti60F225_OV5640_Face_Reproduction\ip/R0_FIFO_16\R0_FIFO_16.v:1184)
[EFX-0011 VERI-WARNING] expression size 32 truncated to fit in target size 13 (VERI-1209) (D:\yilingsi_fpga\Efinity_Project\Ti60F225_OV5640_Face_Reproduction\ip/R0_FIFO_16\R0_FIFO_16.v:1185)
[EFX-0011 VERI-WARNING] actual bit length 9 differs from formal bit length 10 for port 'wr_datacount_o' (VERI-1330) (D:\yilingsi_fpga\Efinity_Project\Ti60F225_OV5640_Face_Reproduction\ip/R0_FIFO_16\R0_FIFO_16.v:104)
[EFX-0011 VERI-WARNING] actual bit length 12 differs from formal bit length 13 for port 'rd_datacount_o' (VERI-1330) (D:\yilingsi_fpga\Efinity_Project\Ti60F225_OV5640_Face_Reproduction\ip/R0_FIFO_16\R0_FIFO_16.v:106)
[EFX-0011 VERI-WARNING] input port 'a_wr_rst_i' is not connected on this instance (VDB-1013) (D:\yilingsi_fpga\Efinity_Project\Ti60F225_OV5640_Face_Reproduction\ip/R0_FIFO_16\R0_FIFO_16.v:88)
[EFX-0011 VERI-WARNING] expression size 17 truncated to fit in target size 16 (VERI-1209) (D:\yilingsi_fpga\Efinity_Project\Ti60F225_OV5640_Face_Reproduction\src\axi\axi4_ctrl.v:464)
[EFX-0011 VERI-WARNING] expression size 23 truncated to fit in target size 22 (VERI-1209) (D:\yilingsi_fpga\Efinity_Project\Ti60F225_OV5640_Face_Reproduction\src\axi\axi4_ctrl.v:574)
[EFX-0011 VERI-WARNING] actual bit length 32 differs from formal bit length 4 for port 'axi_bid' (VERI-1330) (D:\yilingsi_fpga\Efinity_Project\Ti60F225_OV5640_Face_Reproduction\example_top.v:938)
[EFX-0011 VERI-WARNING] actual bit length 32 differs from formal bit length 2 for port 'axi_bresp' (VERI-1330) (D:\yilingsi_fpga\Efinity_Project\Ti60F225_OV5640_Face_Reproduction\example_top.v:939)
[EFX-0011 VERI-WARNING] actual bit length 32 differs from formal bit length 1 for port 'axi_bvalid' (VERI-1330) (D:\yilingsi_fpga\Efinity_Project\Ti60F225_OV5640_Face_Reproduction\example_top.v:940)
[EFX-0011 VERI-WARNING] actual bit length 32 differs from formal bit length 2 for port 'axi_rresp' (VERI-1330) (D:\yilingsi_fpga\Efinity_Project\Ti60F225_OV5640_Face_Reproduction\example_top.v:950)
[EFX-0011 VERI-WARNING] actual bit length 64 differs from formal bit length 8 for port 'wframe_data' (VERI-1330) (D:\yilingsi_fpga\Efinity_Project\Ti60F225_OV5640_Face_Reproduction\example_top.v:958)
[EFX-0011 VERI-WARNING] actual bit length 8 differs from formal bit length 32 for port 'tp_o' (VERI-1330) (D:\yilingsi_fpga\Efinity_Project\Ti60F225_OV5640_Face_Reproduction\example_top.v:965)
[EFX-0011 VERI-WARNING] expression size 8 truncated to fit in target size 4 (VERI-1209) (D:\yilingsi_fpga\Efinity_Project\Ti60F225_OV5640_Face_Reproduction\example_top.v:967)
[EFX-0011 VERI-WARNING] expression size 14 truncated to fit in target size 12 (VERI-1209) (D:\yilingsi_fpga\Efinity_Project\Ti60F225_OV5640_Face_Reproduction\src\lcd_driver.v:145)
[EFX-0011 VERI-WARNING] actual bit length 24 differs from formal bit length 48 for port 'lcd_data' (VERI-1330) (D:\yilingsi_fpga\Efinity_Project\Ti60F225_OV5640_Face_Reproduction\example_top.v:996)
[EFX-0011 VERI-WARNING] expression size 32 truncated to fit in target size 8 (VERI-1209) (D:\yilingsi_fpga\Efinity_Project\Ti60F225_OV5640_Face_Reproduction\src\face\face_reader_720p.v:22)
[EFX-0011 VERI-WARNING] actual bit length 10 differs from formal bit length 11 for port 'pixel_y' (VERI-1330) (D:\yilingsi_fpga\Efinity_Project\Ti60F225_OV5640_Face_Reproduction\example_top.v:1032)
[EFX-0011 VERI-WARNING] port 'rst_busy' remains unconnected for this instance (VERI-1927) (D:\yilingsi_fpga\Efinity_Project\Ti60F225_OV5640_Face_Reproduction\src\face\true_ccl.v:208)
[EFX-0011 VERI-WARNING] concatenation with an unsized literal will be treated as 32 bits (VERI-1320) (D:\yilingsi_fpga\Efinity_Project\Ti60F225_OV5640_Face_Reproduction\src\face\true_ccl.v:219)
[EFX-0011 VERI-WARNING] port 'rst_busy' remains unconnected for this instance (VERI-1927) (D:\yilingsi_fpga\Efinity_Project\Ti60F225_OV5640_Face_Reproduction\src\face\true_ccl.v:225)
[EFX-0011 VERI-WARNING] expression size 12 truncated to fit in target size 11 (VERI-1209) (D:\yilingsi_fpga\Efinity_Project\Ti60F225_OV5640_Face_Reproduction\src\face\true_ccl.v:56)
[EFX-0011 VERI-WARNING] latch inferred for net 'PreCombCur' (VERI-2580) (D:\yilingsi_fpga\Efinity_Project\Ti60F225_OV5640_Face_Reproduction\src\face\true_ccl.v:157)
[EFX-0011 VERI-WARNING] port 'a_wr_rst_i' remains unconnected for this instance (VERI-1927) (D:\yilingsi_fpga\Efinity_Project\Ti60F225_OV5640_Face_Reproduction\ip/FIFO36x512\FIFO36x512.sv:98)
[EFX-0011 VERI-WARNING] input port 'a_wr_rst_i' is not connected on this instance (VDB-1013) (D:\yilingsi_fpga\Efinity_Project\Ti60F225_OV5640_Face_Reproduction\ip/FIFO36x512\FIFO36x512.sv:86)
[EFX-0011 VERI-WARNING] actual bit length 32 differs from formal bit length 36 for port 'rdata' (VERI-1330) (D:\yilingsi_fpga\Efinity_Project\Ti60F225_OV5640_Face_Reproduction\src\face\true_ccl.v:205)
[EFX-0011 VERI-WARNING] actual bit length 66 differs from formal bit length 36 for port 'wdata' (VERI-1330) (D:\yilingsi_fpga\Efinity_Project\Ti60F225_OV5640_Face_Reproduction\src\face\true_ccl.v:219)
[EFX-0011 VERI-WARNING] actual bit length 34 differs from formal bit length 36 for port 'rdata' (VERI-1330) (D:\yilingsi_fpga\Efinity_Project\Ti60F225_OV5640_Face_Reproduction\src\face\true_ccl.v:222)
[EFX-0011 VERI-WARNING] port 'addr' is not connected on this instance (VERI-2435) (D:\yilingsi_fpga\Efinity_Project\Ti60F225_OV5640_Face_Reproduction\ip/BlockRam90x1024\BlockRam90x1024.v:144)
[EFX-0011 VERI-WARNING] expression size 32 truncated to fit in target size 1 (VERI-1209) (D:\yilingsi_fpga\Efinity_Project\Ti60F225_OV5640_Face_Reproduction\ip/BlockRam90x1024\BlockRam90x1024.v:1091)
[EFX-0011 VERI-WARNING] expression size 32 truncated to fit in target size 1 (VERI-1209) (D:\yilingsi_fpga\Efinity_Project\Ti60F225_OV5640_Face_Reproduction\ip/BlockRam90x1024\BlockRam90x1024.v:1092)
[EFX-0011 VERI-WARNING] expression size 32 truncated to fit in target size 1 (VERI-1209) (D:\yilingsi_fpga\Efinity_Project\Ti60F225_OV5640_Face_Reproduction\ip/BlockRam90x1024\BlockRam90x1024.v:1104)
[EFX-0011 VERI-WARNING] expression size 32 truncated to fit in target size 1 (VERI-1209) (D:\yilingsi_fpga\Efinity_Project\Ti60F225_OV5640_Face_Reproduction\ip/BlockRam90x1024\BlockRam90x1024.v:1105)
[EFX-0011 VERI-WARNING] expression size 32 truncated to fit in target size 1 (VERI-1209) (D:\yilingsi_fpga\Efinity_Project\Ti60F225_OV5640_Face_Reproduction\ip/BlockRam90x1024\BlockRam90x1024.v:1108)
[EFX-0011 VERI-WARNING] expression size 32 truncated to fit in target size 1 (VERI-1209) (D:\yilingsi_fpga\Efinity_Project\Ti60F225_OV5640_Face_Reproduction\ip/BlockRam90x1024\BlockRam90x1024.v:1109)
[EFX-0011 VERI-WARNING] input port 'addr[9]' is not connected on this instance (VDB-1013) (D:\yilingsi_fpga\Efinity_Project\Ti60F225_OV5640_Face_Reproduction\ip/BlockRam90x1024\BlockRam90x1024.v:133)
[EFX-0011 VERI-WARNING] input port 'clke' remains unconnected for this instance (VDB-1053) (D:\yilingsi_fpga\Efinity_Project\Ti60F225_OV5640_Face_Reproduction\ip/BlockRam90x1024\BlockRam90x1024.v:133)
[EFX-0011 VERI-WARNING] actual bit length 27 differs from formal bit length 26 for port 'Count' (VERI-1330) (D:\yilingsi_fpga\Efinity_Project\Ti60F225_OV5640_Face_Reproduction\src\face\streaming_connected_components.v:134)
[EFX-0011 VERI-WARNING] actual bit length 4 differs from formal bit length 1 for port 'led' (VERI-1330) (D:\yilingsi_fpga\Efinity_Project\Ti60F225_OV5640_Face_Reproduction\example_top.v:1098)
[EFX-0011 VERI-WARNING] latch inferred for net 'dx0[10]' (VERI-2580) (D:\yilingsi_fpga\Efinity_Project\Ti60F225_OV5640_Face_Reproduction\src\face\bbox_overlay.v:192)
[EFX-0011 VERI-WARNING] actual bit length 6 differs from formal bit length 8 for port 'ccl_count' (VERI-1330) (D:\yilingsi_fpga\Efinity_Project\Ti60F225_OV5640_Face_Reproduction\example_top.v:1147)
[EFX-0011 VERI-WARNING] actual bit length 32 differs from formal bit length 4 for port 'data_island_data' (VERI-1330) (D:\yilingsi_fpga\Efinity_Project\Ti60F225_OV5640_Face_Reproduction\src\hdmi_ip\rgb2dvi.v:50)
[EFX-0011 VERI-WARNING] actual bit length 4 differs from formal bit length 3 for port 'mode' (VERI-1330) (D:\yilingsi_fpga\Efinity_Project\Ti60F225_OV5640_Face_Reproduction\src\hdmi_ip\rgb2dvi.v:52)
[EFX-0011 VERI-WARNING] actual bit length 32 differs from formal bit length 4 for port 'data_island_data' (VERI-1330) (D:\yilingsi_fpga\Efinity_Project\Ti60F225_OV5640_Face_Reproduction\src\hdmi_ip\rgb2dvi.v:58)
[EFX-0011 VERI-WARNING] actual bit length 4 differs from formal bit length 3 for port 'mode' (VERI-1330) (D:\yilingsi_fpga\Efinity_Project\Ti60F225_OV5640_Face_Reproduction\src\hdmi_ip\rgb2dvi.v:60)
[EFX-0011 VERI-WARNING] actual bit length 32 differs from formal bit length 4 for port 'data_island_data' (VERI-1330) (D:\yilingsi_fpga\Efinity_Project\Ti60F225_OV5640_Face_Reproduction\src\hdmi_ip\rgb2dvi.v:66)
[EFX-0011 VERI-WARNING] actual bit length 4 differs from formal bit length 3 for port 'mode' (VERI-1330) (D:\yilingsi_fpga\Efinity_Project\Ti60F225_OV5640_Face_Reproduction\src\hdmi_ip\rgb2dvi.v:68)
[EFX-0011 VERI-WARNING] actual bit length 32 differs from formal bit length 1 for port 'oe_i' (VERI-1330) (D:\yilingsi_fpga\Efinity_Project\Ti60F225_OV5640_Face_Reproduction\example_top.v:1175)
[EFX-0011 VERI-WARNING] net 'w_dev_index_o[7]' does not have a driver (VDB-1002) (D:\yilingsi_fpga\Efinity_Project\Ti60F225_OV5640_Face_Reproduction\example_top.v:428)
[EFX-0011 VERI-WARNING] net 'w_dev_cmd_o[7]' does not have a driver (VDB-1002) (D:\yilingsi_fpga\Efinity_Project\Ti60F225_OV5640_Face_Reproduction\example_top.v:429)
[EFX-0011 VERI-WARNING] net 'w_dev_wdata_o[31]' does not have a driver (VDB-1002) (D:\yilingsi_fpga\Efinity_Project\Ti60F225_OV5640_Face_Reproduction\example_top.v:430)
[EFX-0011 VERI-WARNING] net 'w_dev_wvalid_o' does not have a driver (VDB-1002) (D:\yilingsi_fpga\Efinity_Project\Ti60F225_OV5640_Face_Reproduction\example_top.v:431)
[EFX-0011 VERI-WARNING] net 'w_spi_ssn_o' does not have a driver (VDB-1002) (D:\yilingsi_fpga\Efinity_Project\Ti60F225_OV5640_Face_Reproduction\example_top.v:435)
[EFX-0011 VERI-WARNING] net 'w_spi_data_o[3]' does not have a driver (VDB-1002) (D:\yilingsi_fpga\Efinity_Project\Ti60F225_OV5640_Face_Reproduction\example_top.v:436)
[EFX-0011 VERI-WARNING] net 'w_lcd_b_o[7]' does not have a driver (VDB-1002) (D:\yilingsi_fpga\Efinity_Project\Ti60F225_OV5640_Face_Reproduction\example_top.v:453)
[EFX-0011 VERI-WARNING] input port 'SerialClk' is not connected on this instance (VDB-1013) (D:\yilingsi_fpga\Efinity_Project\Ti60F225_OV5640_Face_Reproduction\example_top.v:1168)

///////////////////////////////////
// Efinity Synthesis Started 
// Sep 16, 2026 23:46:07
///////////////////////////////////

[EFX-0011 VERI-WARNING] port 'cal_shift_val' remains unconnected for this instance (VERI-1927) (D:\yilingsi_fpga\Efinity_Project\Ti60F225_OV5640_Face_Reproduction\example_top.v:612)
[EFX-0011 VERI-WARNING] port 'axi_awid' remains unconnected for this instance (VERI-1927) (D:\yilingsi_fpga\Efinity_Project\Ti60F225_OV5640_Face_Reproduction\example_top.v:966)
[EFX-0011 VERI-WARNING] port 'lcd_xpos' remains unconnected for this instance (VERI-1927) (D:\yilingsi_fpga\Efinity_Project\Ti60F225_OV5640_Face_Reproduction\example_top.v:997)
[EFX-0011 VERI-WARNING] port 'pending_swap' remains unconnected for this instance (VERI-1927) (D:\yilingsi_fpga\Efinity_Project\Ti60F225_OV5640_Face_Reproduction\example_top.v:1140)
[EFX-0011 VERI-WARNING] port 'TMDS_Clk_p' remains unconnected for this instance (VERI-1927) (D:\yilingsi_fpga\Efinity_Project\Ti60F225_OV5640_Face_Reproduction\example_top.v:1193)
[EFX-0011 VERI-WARNING] expression size 32 truncated to fit in target size 1 (VERI-1209) (D:\yilingsi_fpga\Efinity_Project\Ti60F225_OV5640_Face_Reproduction\example_top.v:443)
[EFX-0011 VERI-WARNING] port 'wr_busy' remains unconnected for this instance (VERI-1927) (D:\yilingsi_fpga\Efinity_Project\Ti60F225_OV5640_Face_Reproduction\ip/DdrCtrl\DdrCtrl.sv:184)
[EFX-0011 VERI-WARNING] port 'wr_data' is not connected on this instance (VERI-2435) (D:\yilingsi_fpga\Efinity_Project\Ti60F225_OV5640_Face_Reproduction\ip/DdrCtrl\DdrCtrl.sv:184)
[EFX-0011 VERI-WARNING] port '**' is not connected on this instance (VERI-2435) (D:\yilingsi_fpga\Efinity_Project\Ti60F225_OV5640_Face_Reproduction\ip/DdrCtrl\DdrCtrl.sv:2496)
[EFX-0011 VERI-WARNING] expression size ** truncated to fit in target size ** (VERI-1209) (D:\yilingsi_fpga\Efinity_Project\Ti60F225_OV5640_Face_Reproduction\ip/DdrCtrl\DdrCtrl.sv:2611)
[EFX-0011 VERI-WARNING] actual bit length ** differs from formal bit length *** for port '**' (VERI-1330) (D:\yilingsi_fpga\Efinity_Project\Ti60F225_OV5640_Face_Reproduction\ip/DdrCtrl\DdrCtrl.sv:2496)
[EFX-0011 VERI-WARNING] expression size ** truncated to fit in target size ** (VERI-1209) (D:\yilingsi_fpga\Efinity_Project\Ti60F225_OV5640_Face_Reproduction\ip/DdrCtrl\DdrCtrl.sv:2611)
[EFX-0011 VERI-WARNING] expression size ** truncated to fit in target size ** (VERI-1209) (D:\yilingsi_fpga\Efinity_Project\Ti60F225_OV5640_Face_Reproduction\ip/DdrCtrl\DdrCtrl.sv:2611)
[EFX-0011 VERI-WARNING] actual bit length ** differs from formal bit length *** for port '**' (VERI-1330) (D:\yilingsi_fpga\Efinity_Project\Ti60F225_OV5640_Face_Reproduction\ip/DdrCtrl\DdrCtrl.sv:2496)
[EFX-0011 VERI-WARNING] port '**' remains unconnected for this instance (VERI-1927) (D:\yilingsi_fpga\Efinity_Project\Ti60F225_OV5640_Face_Reproduction\ip/DdrCtrl\DdrCtrl.sv:590)
[EFX-0011 VERI-WARNING] actual bit length ** differs from formal bit length *** for port '**' (VERI-1330) (D:\yilingsi_fpga\Efinity_Project\Ti60F225_OV5640_Face_Reproduction\ip/DdrCtrl\DdrCtrl.sv:590)
[EFX-0011 VERI-WARNING] port '**' remains unconnected for this instance (VERI-1927) (D:\yilingsi_fpga\Efinity_Project\Ti60F225_OV5640_Face_Reproduction\ip/DdrCtrl\DdrCtrl.sv:1460)
[EFX-0011 VERI-WARNING] port '**' remains unconnected for this instance (VERI-1927) (D:\yilingsi_fpga\Efinity_Project\Ti60F225_OV5640_Face_Reproduction\ip/DdrCtrl\DdrCtrl.sv:4817)
[EFX-0011 VERI-WARNING] actual bit length ** differs from formal bit length *** for port '**' (VERI-1330) (D:\yilingsi_fpga\Efinity_Project\Ti60F225_OV5640_Face_Reproduction\ip/DdrCtrl\DdrCtrl.sv:4817)
[EFX-0011 VERI-WARNING] input port '**' is not connected on this instance (VDB-1013) (D:\yilingsi_fpga\Efinity_Project\Ti60F225_OV5640_Face_Reproduction\ip/DdrCtrl\DdrCtrl.sv:4817)
[EFX-0011 VERI-WARNING] expression size ** truncated to fit in target size ** (VERI-1209) (D:\yilingsi_fpga\Efinity_Project\Ti60F225_OV5640_Face_Reproduction\ip/DdrCtrl\DdrCtrl.sv:1460)
[EFX-0011 VERI-WARNING] net '**' does not have a driver (VDB-1002) (D:\yilingsi_fpga\Efinity_Project\Ti60F225_OV5640_Face_Reproduction\ip/DdrCtrl\DdrCtrl.sv:1460)
[EFX-0011 VERI-WARNING] net '**' does not have a driver (VDB-1002) (D:\yilingsi_fpga\Efinity_Project\Ti60F225_OV5640_Face_Reproduction\ip/DdrCtrl\DdrCtrl.sv:590)
[EFX-0011 VERI-WARNING] input port '**' is not connected on this instance (VDB-1013) (D:\yilingsi_fpga\Efinity_Project\Ti60F225_OV5640_Face_Reproduction\ip/DdrCtrl\DdrCtrl.sv:590)
[EFX-0011 VERI-WARNING] input port '**' is not connected on this instance (VDB-1013) (D:\yilingsi_fpga\Efinity_Project\Ti60F225_OV5640_Face_Reproduction\ip/DdrCtrl\DdrCtrl.sv:2496)
[EFX-0011 VERI-WARNING] input port 'wr_data[127]' is not connected on this instance (VDB-1013) (D:\yilingsi_fpga\Efinity_Project\Ti60F225_OV5640_Face_Reproduction\ip/DdrCtrl\DdrCtrl.sv:117)
[EFX-0011 VERI-WARNING] actual bit length 4 differs from formal bit length 8 for port 'axi_aid' (VERI-1330) (D:\yilingsi_fpga\Efinity_Project\Ti60F225_OV5640_Face_Reproduction\example_top.v:579)
[EFX-0011 VERI-WARNING] actual bit length 4 differs from formal bit length 8 for port 'axi_wid' (VERI-1330) (D:\yilingsi_fpga\Efinity_Project\Ti60F225_OV5640_Face_Reproduction\example_top.v:586)
[EFX-0011 VERI-WARNING] actual bit length 4 differs from formal bit length 8 for port 'axi_bid' (VERI-1330) (D:\yilingsi_fpga\Efinity_Project\Ti60F225_OV5640_Face_Reproduction\example_top.v:595)
[EFX-0011 VERI-WARNING] actual bit length 4 differs from formal bit length 8 for port 'axi_rid' (VERI-1330) (D:\yilingsi_fpga\Efinity_Project\Ti60F225_OV5640_Face_Reproduction\example_top.v:601)
[EFX-0011 VERI-WARNING] expression size 2 truncated to fit in target size 1 (VERI-1209) (D:\yilingsi_fpga\Efinity_Project\Ti60F225_OV5640_Face_Reproduction\src\axi\AXI4_AWARMux.v:90)
[EFX-0011 VERI-WARNING] expression size 3 truncated to fit in target size 2 (VERI-1209) (D:\yilingsi_fpga\Efinity_Project\Ti60F225_OV5640_Face_Reproduction\example_top.v:713)
[EFX-0011 VERI-WARNING] expression size 5 truncated to fit in target size 4 (VERI-1209) (D:\yilingsi_fpga\Efinity_Project\Ti60F225_OV5640_Face_Reproduction\example_top.v:714)
[EFX-0011 VERI-WARNING] expression size 8 truncated to fit in target size 7 (VERI-1209) (D:\yilingsi_fpga\Efinity_Project\Ti60F225_OV5640_Face_Reproduction\src\PWMLite.v:22)
[EFX-0011 VERI-WARNING] actual bit length 64 differs from formal bit length 8 for port 'image_out_data' (VERI-1330) (D:\yilingsi_fpga\Efinity_Project\Ti60F225_OV5640_Face_Reproduction\example_top.v:867)
[EFX-0011 VERI-WARNING] expression size 32 truncated to fit in target size 16 (VERI-1209) (D:\yilingsi_fpga\Efinity_Project\Ti60F225_OV5640_Face_Reproduction\src\axi\axi4_ctrl.v:91)
[EFX-0011 VERI-WARNING] expression size 3 truncated to fit in target size 2 (VERI-1209) (D:\yilingsi_fpga\Efinity_Project\Ti60F225_OV5640_Face_Reproduction\src\axi\axi4_ctrl.v:113)
[EFX-0011 VERI-WARNING] expression size 3 truncated to fit in target size 2 (VERI-1209) (D:\yilingsi_fpga\Efinity_Project\Ti60F225_OV5640_Face_Reproduction\src\axi\axi4_ctrl.v:114)
[EFX-0011 VERI-WARNING] expression size 3 truncated to fit in target size 2 (VERI-1209) (D:\yilingsi_fpga\Efinity_Project\Ti60F225_OV5640_Face_Reproduction\src\axi\axi4_ctrl.v:196)
[EFX-0011 VERI-WARNING] expression size 2 truncated to fit in target size 1 (VERI-1209) (D:\yilingsi_fpga\Efinity_Project\Ti60F225_OV5640_Face_Reproduction\src\axi\axi4_ctrl.v:238)
[EFX-0011 VERI-WARNING] expression size 23 truncated to fit in target size 22 (VERI-1209) (D:\yilingsi_fpga\Efinity_Project\Ti60F225_OV5640_Face_Reproduction\src\axi\axi4_ctrl.v:257)
[EFX-0011 VERI-WARNING] port 'a_wr_rst_i' remains unconnected for this instance (VERI-1927) (D:\yilingsi_fpga\Efinity_Project\Ti60F225_OV5640_Face_Reproduction\ip/W0_FIFO_8\W0_FIFO_8.sv:116)
[EFX-0011 VERI-WARNING] expression size 32 truncated to fit in target size 14 (VERI-1209) (D:\yilingsi_fpga\Efinity_Project\Ti60F225_OV5640_Face_Reproduction\ip/W0_FIFO_8\W0_FIFO_8.sv:1251)
[EFX-0011 VERI-WARNING] expression size 32 truncated to fit in target size 10 (VERI-1209) (D:\yilingsi_fpga\Efinity_Project\Ti60F225_OV5640_Face_Reproduction\ip/W0_FIFO_8\W0_FIFO_8.sv:1252)
[EFX-0011 VERI-WARNING] input port 'a_wr_rst_i' is not connected on this instance (VDB-1013) (D:\yilingsi_fpga\Efinity_Project\Ti60F225_OV5640_Face_Reproduction\ip/W0_FIFO_8\W0_FIFO_8.sv:95)
[EFX-0011 VERI-WARNING] port 'a_wr_rst_i' remains unconnected for this instance (VERI-1927) (D:\yilingsi_fpga\Efinity_Project\Ti60F225_OV5640_Face_Reproduction\ip/R0_FIFO_16\R0_FIFO_16.v:108)
[EFX-0011 VERI-WARNING] expression size 32 truncated to fit in target size 10 (VERI-1209) (D:\yilingsi_fpga\Efinity_Project\Ti60F225_OV5640_Face_Reproduction\ip/R0_FIFO_16\R0_FIFO_16.v:1184)
[EFX-0011 VERI-WARNING] expression size 32 truncated to fit in target size 13 (VERI-1209) (D:\yilingsi_fpga\Efinity_Project\Ti60F225_OV5640_Face_Reproduction\ip/R0_FIFO_16\R0_FIFO_16.v:1185)
[EFX-0011 VERI-WARNING] actual bit length 9 differs from formal bit length 10 for port 'wr_datacount_o' (VERI-1330) (D:\yilingsi_fpga\Efinity_Project\Ti60F225_OV5640_Face_Reproduction\ip/R0_FIFO_16\R0_FIFO_16.v:104)
[EFX-0011 VERI-WARNING] actual bit length 12 differs from formal bit length 13 for port 'rd_datacount_o' (VERI-1330) (D:\yilingsi_fpga\Efinity_Project\Ti60F225_OV5640_Face_Reproduction\ip/R0_FIFO_16\R0_FIFO_16.v:106)
[EFX-0011 VERI-WARNING] input port 'a_wr_rst_i' is not connected on this instance (VDB-1013) (D:\yilingsi_fpga\Efinity_Project\Ti60F225_OV5640_Face_Reproduction\ip/R0_FIFO_16\R0_FIFO_16.v:88)
[EFX-0011 VERI-WARNING] expression size 17 truncated to fit in target size 16 (VERI-1209) (D:\yilingsi_fpga\Efinity_Project\Ti60F225_OV5640_Face_Reproduction\src\axi\axi4_ctrl.v:464)
[EFX-0011 VERI-WARNING] expression size 23 truncated to fit in target size 22 (VERI-1209) (D:\yilingsi_fpga\Efinity_Project\Ti60F225_OV5640_Face_Reproduction\src\axi\axi4_ctrl.v:574)
[EFX-0011 VERI-WARNING] actual bit length 32 differs from formal bit length 4 for port 'axi_bid' (VERI-1330) (D:\yilingsi_fpga\Efinity_Project\Ti60F225_OV5640_Face_Reproduction\example_top.v:938)
[EFX-0011 VERI-WARNING] actual bit length 32 differs from formal bit length 2 for port 'axi_bresp' (VERI-1330) (D:\yilingsi_fpga\Efinity_Project\Ti60F225_OV5640_Face_Reproduction\example_top.v:939)
[EFX-0011 VERI-WARNING] actual bit length 32 differs from formal bit length 1 for port 'axi_bvalid' (VERI-1330) (D:\yilingsi_fpga\Efinity_Project\Ti60F225_OV5640_Face_Reproduction\example_top.v:940)
[EFX-0011 VERI-WARNING] actual bit length 32 differs from formal bit length 2 for port 'axi_rresp' (VERI-1330) (D:\yilingsi_fpga\Efinity_Project\Ti60F225_OV5640_Face_Reproduction\example_top.v:950)
[EFX-0011 VERI-WARNING] actual bit length 64 differs from formal bit length 8 for port 'wframe_data' (VERI-1330) (D:\yilingsi_fpga\Efinity_Project\Ti60F225_OV5640_Face_Reproduction\example_top.v:958)
[EFX-0011 VERI-WARNING] actual bit length 8 differs from formal bit length 32 for port 'tp_o' (VERI-1330) (D:\yilingsi_fpga\Efinity_Project\Ti60F225_OV5640_Face_Reproduction\example_top.v:965)
[EFX-0011 VERI-WARNING] expression size 8 truncated to fit in target size 4 (VERI-1209) (D:\yilingsi_fpga\Efinity_Project\Ti60F225_OV5640_Face_Reproduction\example_top.v:967)
[EFX-0011 VERI-WARNING] expression size 14 truncated to fit in target size 12 (VERI-1209) (D:\yilingsi_fpga\Efinity_Project\Ti60F225_OV5640_Face_Reproduction\src\lcd_driver.v:145)
[EFX-0011 VERI-WARNING] actual bit length 24 differs from formal bit length 48 for port 'lcd_data' (VERI-1330) (D:\yilingsi_fpga\Efinity_Project\Ti60F225_OV5640_Face_Reproduction\example_top.v:996)
[EFX-0011 VERI-WARNING] expression size 32 truncated to fit in target size 8 (VERI-1209) (D:\yilingsi_fpga\Efinity_Project\Ti60F225_OV5640_Face_Reproduction\src\face\face_reader_720p.v:22)
[EFX-0011 VERI-WARNING] actual bit length 10 differs from formal bit length 11 for port 'pixel_y' (VERI-1330) (D:\yilingsi_fpga\Efinity_Project\Ti60F225_OV5640_Face_Reproduction\example_top.v:1032)
[EFX-0011 VERI-WARNING] port 'rst_busy' remains unconnected for this instance (VERI-1927) (D:\yilingsi_fpga\Efinity_Project\Ti60F225_OV5640_Face_Reproduction\src\face\true_ccl.v:208)
[EFX-0011 VERI-WARNING] concatenation with an unsized literal will be treated as 32 bits (VERI-1320) (D:\yilingsi_fpga\Efinity_Project\Ti60F225_OV5640_Face_Reproduction\src\face\true_ccl.v:219)
[EFX-0011 VERI-WARNING] port 'rst_busy' remains unconnected for this instance (VERI-1927) (D:\yilingsi_fpga\Efinity_Project\Ti60F225_OV5640_Face_Reproduction\src\face\true_ccl.v:225)
[EFX-0011 VERI-WARNING] expression size 12 truncated to fit in target size 11 (VERI-1209) (D:\yilingsi_fpga\Efinity_Project\Ti60F225_OV5640_Face_Reproduction\src\face\true_ccl.v:56)
[EFX-0011 VERI-WARNING] latch inferred for net 'PreCombCur' (VERI-2580) (D:\yilingsi_fpga\Efinity_Project\Ti60F225_OV5640_Face_Reproduction\src\face\true_ccl.v:157)
[EFX-0011 VERI-WARNING] port 'a_wr_rst_i' remains unconnected for this instance (VERI-1927) (D:\yilingsi_fpga\Efinity_Project\Ti60F225_OV5640_Face_Reproduction\ip/FIFO36x512\FIFO36x512.sv:98)
[EFX-0011 VERI-WARNING] input port 'a_wr_rst_i' is not connected on this instance (VDB-1013) (D:\yilingsi_fpga\Efinity_Project\Ti60F225_OV5640_Face_Reproduction\ip/FIFO36x512\FIFO36x512.sv:86)
[EFX-0011 VERI-WARNING] actual bit length 32 differs from formal bit length 36 for port 'rdata' (VERI-1330) (D:\yilingsi_fpga\Efinity_Project\Ti60F225_OV5640_Face_Reproduction\src\face\true_ccl.v:205)
[EFX-0011 VERI-WARNING] actual bit length 66 differs from formal bit length 36 for port 'wdata' (VERI-1330) (D:\yilingsi_fpga\Efinity_Project\Ti60F225_OV5640_Face_Reproduction\src\face\true_ccl.v:219)
[EFX-0011 VERI-WARNING] actual bit length 34 differs from formal bit length 36 for port 'rdata' (VERI-1330) (D:\yilingsi_fpga\Efinity_Project\Ti60F225_OV5640_Face_Reproduction\src\face\true_ccl.v:222)
[EFX-0011 VERI-WARNING] port 'addr' is not connected on this instance (VERI-2435) (D:\yilingsi_fpga\Efinity_Project\Ti60F225_OV5640_Face_Reproduction\ip/BlockRam90x1024\BlockRam90x1024.v:144)
[EFX-0011 VERI-WARNING] expression size 32 truncated to fit in target size 1 (VERI-1209) (D:\yilingsi_fpga\Efinity_Project\Ti60F225_OV5640_Face_Reproduction\ip/BlockRam90x1024\BlockRam90x1024.v:1091)
[EFX-0011 VERI-WARNING] expression size 32 truncated to fit in target size 1 (VERI-1209) (D:\yilingsi_fpga\Efinity_Project\Ti60F225_OV5640_Face_Reproduction\ip/BlockRam90x1024\BlockRam90x1024.v:1092)
[EFX-0011 VERI-WARNING] expression size 32 truncated to fit in target size 1 (VERI-1209) (D:\yilingsi_fpga\Efinity_Project\Ti60F225_OV5640_Face_Reproduction\ip/BlockRam90x1024\BlockRam90x1024.v:1104)
[EFX-0011 VERI-WARNING] expression size 32 truncated to fit in target size 1 (VERI-1209) (D:\yilingsi_fpga\Efinity_Project\Ti60F225_OV5640_Face_Reproduction\ip/BlockRam90x1024\BlockRam90x1024.v:1105)
[EFX-0011 VERI-WARNING] expression size 32 truncated to fit in target size 1 (VERI-1209) (D:\yilingsi_fpga\Efinity_Project\Ti60F225_OV5640_Face_Reproduction\ip/BlockRam90x1024\BlockRam90x1024.v:1108)
[EFX-0011 VERI-WARNING] expression size 32 truncated to fit in target size 1 (VERI-1209) (D:\yilingsi_fpga\Efinity_Project\Ti60F225_OV5640_Face_Reproduction\ip/BlockRam90x1024\BlockRam90x1024.v:1109)
[EFX-0011 VERI-WARNING] input port 'addr[9]' is not connected on this instance (VDB-1013) (D:\yilingsi_fpga\Efinity_Project\Ti60F225_OV5640_Face_Reproduction\ip/BlockRam90x1024\BlockRam90x1024.v:133)
[EFX-0011 VERI-WARNING] input port 'clke' remains unconnected for this instance (VDB-1053) (D:\yilingsi_fpga\Efinity_Project\Ti60F225_OV5640_Face_Reproduction\ip/BlockRam90x1024\BlockRam90x1024.v:133)
[EFX-0011 VERI-WARNING] actual bit length 27 differs from formal bit length 26 for port 'Count' (VERI-1330) (D:\yilingsi_fpga\Efinity_Project\Ti60F225_OV5640_Face_Reproduction\src\face\streaming_connected_components.v:134)
[EFX-0011 VERI-WARNING] actual bit length 4 differs from formal bit length 1 for port 'led' (VERI-1330) (D:\yilingsi_fpga\Efinity_Project\Ti60F225_OV5640_Face_Reproduction\example_top.v:1098)
[EFX-0011 VERI-WARNING] latch inferred for net 'dx0[10]' (VERI-2580) (D:\yilingsi_fpga\Efinity_Project\Ti60F225_OV5640_Face_Reproduction\src\face\bbox_overlay.v:192)
[EFX-0011 VERI-WARNING] actual bit length 6 differs from formal bit length 8 for port 'ccl_count' (VERI-1330) (D:\yilingsi_fpga\Efinity_Project\Ti60F225_OV5640_Face_Reproduction\example_top.v:1147)
[EFX-0011 VERI-WARNING] actual bit length 32 differs from formal bit length 4 for port 'data_island_data' (VERI-1330) (D:\yilingsi_fpga\Efinity_Project\Ti60F225_OV5640_Face_Reproduction\src\hdmi_ip\rgb2dvi.v:50)
[EFX-0011 VERI-WARNING] actual bit length 4 differs from formal bit length 3 for port 'mode' (VERI-1330) (D:\yilingsi_fpga\Efinity_Project\Ti60F225_OV5640_Face_Reproduction\src\hdmi_ip\rgb2dvi.v:52)
[EFX-0011 VERI-WARNING] actual bit length 32 differs from formal bit length 4 for port 'data_island_data' (VERI-1330) (D:\yilingsi_fpga\Efinity_Project\Ti60F225_OV5640_Face_Reproduction\src\hdmi_ip\rgb2dvi.v:58)
[EFX-0011 VERI-WARNING] actual bit length 4 differs from formal bit length 3 for port 'mode' (VERI-1330) (D:\yilingsi_fpga\Efinity_Project\Ti60F225_OV5640_Face_Reproduction\src\hdmi_ip\rgb2dvi.v:60)
[EFX-0011 VERI-WARNING] actual bit length 32 differs from formal bit length 4 for port 'data_island_data' (VERI-1330) (D:\yilingsi_fpga\Efinity_Project\Ti60F225_OV5640_Face_Reproduction\src\hdmi_ip\rgb2dvi.v:66)
[EFX-0011 VERI-WARNING] actual bit length 4 differs from formal bit length 3 for port 'mode' (VERI-1330) (D:\yilingsi_fpga\Efinity_Project\Ti60F225_OV5640_Face_Reproduction\src\hdmi_ip\rgb2dvi.v:68)
[EFX-0011 VERI-WARNING] actual bit length 32 differs from formal bit length 1 for port 'oe_i' (VERI-1330) (D:\yilingsi_fpga\Efinity_Project\Ti60F225_OV5640_Face_Reproduction\example_top.v:1175)
[EFX-0011 VERI-WARNING] net 'w_dev_index_o[7]' does not have a driver (VDB-1002) (D:\yilingsi_fpga\Efinity_Project\Ti60F225_OV5640_Face_Reproduction\example_top.v:428)
[EFX-0011 VERI-WARNING] net 'w_dev_cmd_o[7]' does not have a driver (VDB-1002) (D:\yilingsi_fpga\Efinity_Project\Ti60F225_OV5640_Face_Reproduction\example_top.v:429)
[EFX-0011 VERI-WARNING] net 'w_dev_wdata_o[31]' does not have a driver (VDB-1002) (D:\yilingsi_fpga\Efinity_Project\Ti60F225_OV5640_Face_Reproduction\example_top.v:430)
[EFX-0011 VERI-WARNING] net 'w_dev_wvalid_o' does not have a driver (VDB-1002) (D:\yilingsi_fpga\Efinity_Project\Ti60F225_OV5640_Face_Reproduction\example_top.v:431)
[EFX-0011 VERI-WARNING] net 'w_spi_ssn_o' does not have a driver (VDB-1002) (D:\yilingsi_fpga\Efinity_Project\Ti60F225_OV5640_Face_Reproduction\example_top.v:435)
[EFX-0011 VERI-WARNING] net 'w_spi_data_o[3]' does not have a driver (VDB-1002) (D:\yilingsi_fpga\Efinity_Project\Ti60F225_OV5640_Face_Reproduction\example_top.v:436)
[EFX-0011 VERI-WARNING] net 'w_lcd_b_o[7]' does not have a driver (VDB-1002) (D:\yilingsi_fpga\Efinity_Project\Ti60F225_OV5640_Face_Reproduction\example_top.v:453)
[EFX-0011 VERI-WARNING] input port 'SerialClk' is not connected on this instance (VDB-1013) (D:\yilingsi_fpga\Efinity_Project\Ti60F225_OV5640_Face_Reproduction\example_top.v:1168)
[EFX-0256 WARNING] The primary output port 'csi_ctl0_o' wire 'csi_ctl0_o' is not driven.
[EFX-0256 WARNING] The primary output port 'csi_ctl1_o' wire 'csi_ctl1_o' is not driven.
[EFX-0256 WARNING] The primary output port 'csi_scl_o' wire 'csi_scl_o' is not driven.
[EFX-0256 WARNING] The primary output port 'csi_scl_oe' wire 'csi_scl_oe' is not driven.
[EFX-0256 WARNING] The primary output port 'csi_sda_o' wire 'csi_sda_o' is not driven.
[EFX-0256 WARNING] The primary output port 'csi_sda_oe' wire 'csi_sda_oe' is not driven.
[EFX-0256 WARNING] The primary output port 'csi_rxc_hs_en_o' wire 'csi_rxc_hs_en_o' is not driven.
[EFX-0256 WARNING] The primary output port 'csi_rxc_hs_term_en_o' wire 'csi_rxc_hs_term_en_o' is not driven.
[EFX-0256 WARNING] The primary output port 'csi_rxd0_rst_o' wire 'csi_rxd0_rst_o' is not driven.
[EFX-0256 WARNING] The primary output port 'csi_rxd0_hs_en_o' wire 'csi_rxd0_hs_en_o' is not driven.
[EFX-0256 WARNING] The primary output port 'csi_rxd0_hs_term_en_o' wire 'csi_rxd0_hs_term_en_o' is not driven.
[EFX-0256 WARNING] The primary output port 'csi_rxd1_rst_o' wire 'csi_rxd1_rst_o' is not driven.
[EFX-0256 WARNING] The primary output port 'csi_rxd1_hs_en_o' wire 'csi_rxd1_hs_en_o' is not driven.
[EFX-0256 WARNING] The primary output port 'csi_rxd1_hs_term_en_o' wire 'csi_rxd1_hs_term_en_o' is not driven.
[EFX-0256 WARNING] The primary output port 'csi_rxd2_rst_o' wire 'csi_rxd2_rst_o' is not driven.
[EFX-0256 WARNING] The primary output port 'csi_rxd2_hs_en_o' wire 'csi_rxd2_hs_en_o' is not driven.
[EFX-0256 WARNING] The primary output port 'csi_rxd2_hs_term_en_o' wire 'csi_rxd2_hs_term_en_o' is not driven.
[EFX-0256 WARNING] The primary output port 'csi_rxd3_rst_o' wire 'csi_rxd3_rst_o' is not driven.
[EFX-0256 WARNING] The primary output port 'csi_rxd3_hs_en_o' wire 'csi_rxd3_hs_en_o' is not driven.
[EFX-0256 WARNING] The primary output port 'csi_rxd3_hs_term_en_o' wire 'csi_rxd3_hs_term_en_o' is not driven.
[EFX-0256 WARNING] The primary output port 'dsi_txc_rst_o' wire 'dsi_txc_rst_o' is not driven.
[EFX-0256 WARNING] The primary output port 'dsi_txc_lp_p_oe' wire 'dsi_txc_lp_p_oe' is not driven.
[EFX-0256 WARNING] The primary output port 'dsi_txc_lp_p_o' wire 'dsi_txc_lp_p_o' is not driven.
[EFX-0256 WARNING] The primary output port 'dsi_txc_lp_n_oe' wire 'dsi_txc_lp_n_oe' is not driven.
[EFX-0256 WARNING] The primary output port 'dsi_txc_lp_n_o' wire 'dsi_txc_lp_n_o' is not driven.
[EFX-0256 WARNING] The primary output port 'dsi_txc_hs_oe' wire 'dsi_txc_hs_oe' is not driven.
[EFX-0256 WARNING] The primary output port 'dsi_txc_hs_o[7]' wire 'dsi_txc_hs_o[7]' is not driven.
[EFX-0256 WARNING] The primary output port 'dsi_txc_hs_o[6]' wire 'dsi_txc_hs_o[6]' is not driven.
[EFX-0256 WARNING] The primary output port 'dsi_txc_hs_o[5]' wire 'dsi_txc_hs_o[5]' is not driven.
[EFX-0256 WARNING] The primary output port 'dsi_txc_hs_o[4]' wire 'dsi_txc_hs_o[4]' is not driven.
[EFX-0256 WARNING] The primary output port 'dsi_txc_hs_o[3]' wire 'dsi_txc_hs_o[3]' is not driven.
[EFX-0256 WARNING] The primary output port 'dsi_txc_hs_o[2]' wire 'dsi_txc_hs_o[2]' is not driven.
[EFX-0256 WARNING] The primary output port 'dsi_txc_hs_o[1]' wire 'dsi_txc_hs_o[1]' is not driven.
[EFX-0256 WARNING] The primary output port 'dsi_txc_hs_o[0]' wire 'dsi_txc_hs_o[0]' is not driven.
[EFX-0256 WARNING] The primary output port 'dsi_txd0_rst_o' wire 'dsi_txd0_rst_o' is not driven.
[EFX-0256 WARNING] The primary output port 'dsi_txd0_hs_oe' wire 'dsi_txd0_hs_oe' is not driven.
[EFX-0256 WARNING] The primary output port 'dsi_txd0_hs_o[7]' wire 'dsi_txd0_hs_o[7]' is not driven.
[EFX-0256 WARNING] The primary output port 'dsi_txd0_hs_o[6]' wire 'dsi_txd0_hs_o[6]' is not driven.
[EFX-0256 WARNING] The primary output port 'dsi_txd0_hs_o[5]' wire 'dsi_txd0_hs_o[5]' is not driven.
[EFX-0256 WARNING] The primary output port 'dsi_txd0_hs_o[4]' wire 'dsi_txd0_hs_o[4]' is not driven.
[EFX-0256 WARNING] The primary output port 'dsi_txd0_hs_o[3]' wire 'dsi_txd0_hs_o[3]' is not driven.
[EFX-0256 WARNING] The primary output port 'dsi_txd0_hs_o[2]' wire 'dsi_txd0_hs_o[2]' is not driven.
[EFX-0256 WARNING] The primary output port 'dsi_txd0_hs_o[1]' wire 'dsi_txd0_hs_o[1]' is not driven.
[EFX-0256 WARNING] The primary output port 'dsi_txd0_hs_o[0]' wire 'dsi_txd0_hs_o[0]' is not driven.
[EFX-0256 WARNING] The primary output port 'dsi_txd0_lp_p_oe' wire 'dsi_txd0_lp_p_oe' is not driven.
[EFX-0256 WARNING] The primary output port 'dsi_txd0_lp_p_o' wire 'dsi_txd0_lp_p_o' is not driven.
[EFX-0256 WARNING] The primary output port 'dsi_txd0_lp_n_oe' wire 'dsi_txd0_lp_n_oe' is not driven.
[EFX-0256 WARNING] The primary output port 'dsi_txd0_lp_n_o' wire 'dsi_txd0_lp_n_o' is not driven.
[EFX-0256 WARNING] The primary output port 'dsi_txd1_rst_o' wire 'dsi_txd1_rst_o' is not driven.
[EFX-0256 WARNING] The primary output port 'dsi_txd1_lp_p_oe' wire 'dsi_txd1_lp_p_oe' is not driven.
[EFX-0256 WARNING] The primary output port 'dsi_txd1_lp_p_o' wire 'dsi_txd1_lp_p_o' is not driven.
[EFX-0256 WARNING] The primary output port 'dsi_txd1_lp_n_oe' wire 'dsi_txd1_lp_n_oe' is not driven.
[EFX-0256 WARNING] The primary output port 'dsi_txd1_lp_n_o' wire 'dsi_txd1_lp_n_o' is not driven.
[EFX-0256 WARNING] The primary output port 'dsi_txd1_hs_oe' wire 'dsi_txd1_hs_oe' is not driven.
[EFX-0256 WARNING] The primary output port 'dsi_txd1_hs_o[7]' wire 'dsi_txd1_hs_o[7]' is not driven.
[EFX-0256 WARNING] The primary output port 'dsi_txd1_hs_o[6]' wire 'dsi_txd1_hs_o[6]' is not driven.
[EFX-0256 WARNING] The primary output port 'dsi_txd1_hs_o[5]' wire 'dsi_txd1_hs_o[5]' is not driven.
[EFX-0256 WARNING] The primary output port 'dsi_txd1_hs_o[4]' wire 'dsi_txd1_hs_o[4]' is not driven.
[EFX-0256 WARNING] The primary output port 'dsi_txd1_hs_o[3]' wire 'dsi_txd1_hs_o[3]' is not driven.
[EFX-0256 WARNING] The primary output port 'dsi_txd1_hs_o[2]' wire 'dsi_txd1_hs_o[2]' is not driven.
[EFX-0256 WARNING] The primary output port 'dsi_txd1_hs_o[1]' wire 'dsi_txd1_hs_o[1]' is not driven.
[EFX-0256 WARNING] The primary output port 'dsi_txd1_hs_o[0]' wire 'dsi_txd1_hs_o[0]' is not driven.
[EFX-0256 WARNING] The primary output port 'dsi_txd2_rst_o' wire 'dsi_txd2_rst_o' is not driven.
[EFX-0256 WARNING] The primary output port 'dsi_txd2_lp_p_oe' wire 'dsi_txd2_lp_p_oe' is not driven.
[EFX-0256 WARNING] The primary output port 'dsi_txd2_lp_p_o' wire 'dsi_txd2_lp_p_o' is not driven.
[EFX-0256 WARNING] The primary output port 'dsi_txd2_lp_n_oe' wire 'dsi_txd2_lp_n_oe' is not driven.
[EFX-0256 WARNING] The primary output port 'dsi_txd2_lp_n_o' wire 'dsi_txd2_lp_n_o' is not driven.
[EFX-0256 WARNING] The primary output port 'dsi_txd2_hs_oe' wire 'dsi_txd2_hs_oe' is not driven.
[EFX-0256 WARNING] The primary output port 'dsi_txd2_hs_o[7]' wire 'dsi_txd2_hs_o[7]' is not driven.
[EFX-0256 WARNING] The primary output port 'dsi_txd2_hs_o[6]' wire 'dsi_txd2_hs_o[6]' is not driven.
[EFX-0256 WARNING] The primary output port 'dsi_txd2_hs_o[5]' wire 'dsi_txd2_hs_o[5]' is not driven.
[EFX-0256 WARNING] The primary output port 'dsi_txd2_hs_o[4]' wire 'dsi_txd2_hs_o[4]' is not driven.
[EFX-0256 WARNING] The primary output port 'dsi_txd2_hs_o[3]' wire 'dsi_txd2_hs_o[3]' is not driven.
[EFX-0256 WARNING] The primary output port 'dsi_txd2_hs_o[2]' wire 'dsi_txd2_hs_o[2]' is not driven.
[EFX-0256 WARNING] The primary output port 'dsi_txd2_hs_o[1]' wire 'dsi_txd2_hs_o[1]' is not driven.
[EFX-0256 WARNING] The primary output port 'dsi_txd2_hs_o[0]' wire 'dsi_txd2_hs_o[0]' is not driven.
[EFX-0256 WARNING] The primary output port 'dsi_txd3_rst_o' wire 'dsi_txd3_rst_o' is not driven.
[EFX-0256 WARNING] The primary output port 'dsi_txd3_lp_p_oe' wire 'dsi_txd3_lp_p_oe' is not driven.
[EFX-0256 WARNING] The primary output port 'dsi_txd3_lp_p_o' wire 'dsi_txd3_lp_p_o' is not driven.
[EFX-0256 WARNING] The primary output port 'dsi_txd3_lp_n_oe' wire 'dsi_txd3_lp_n_oe' is not driven.
[EFX-0256 WARNING] The primary output port 'dsi_txd3_lp_n_o' wire 'dsi_txd3_lp_n_o' is not driven.
[EFX-0256 WARNING] The primary output port 'dsi_txd3_hs_oe' wire 'dsi_txd3_hs_oe' is not driven.
[EFX-0256 WARNING] The primary output port 'dsi_txd3_hs_o[7]' wire 'dsi_txd3_hs_o[7]' is not driven.
[EFX-0256 WARNING] The primary output port 'dsi_txd3_hs_o[6]' wire 'dsi_txd3_hs_o[6]' is not driven.
[EFX-0256 WARNING] The primary output port 'dsi_txd3_hs_o[5]' wire 'dsi_txd3_hs_o[5]' is not driven.
[EFX-0256 WARNING] The primary output port 'dsi_txd3_hs_o[4]' wire 'dsi_txd3_hs_o[4]' is not driven.
[EFX-0256 WARNING] The primary output port 'dsi_txd3_hs_o[3]' wire 'dsi_txd3_hs_o[3]' is not driven.
[EFX-0256 WARNING] The primary output port 'dsi_txd3_hs_o[2]' wire 'dsi_txd3_hs_o[2]' is not driven.
[EFX-0256 WARNING] The primary output port 'dsi_txd3_hs_o[1]' wire 'dsi_txd3_hs_o[1]' is not driven.
[EFX-0256 WARNING] The primary output port 'dsi_txd3_hs_o[0]' wire 'dsi_txd3_hs_o[0]' is not driven.
[EFX-0256 WARNING] The primary output port 'led_o[4]' wire 'led_o[4]' is not driven.
[EFX-0256 WARNING] The primary output port 'lvds_txc_oe' wire 'lvds_txc_oe' is not driven.
[EFX-0256 WARNING] The primary output port 'lvds_txc_o[6]' wire 'lvds_txc_o[6]' is not driven.
[EFX-0256 WARNING] The primary output port 'lvds_txc_o[5]' wire 'lvds_txc_o[5]' is not driven.
[EFX-0256 WARNING] The primary output port 'lvds_txc_o[4]' wire 'lvds_txc_o[4]' is not driven.
[EFX-0256 WARNING] The primary output port 'lvds_txc_o[3]' wire 'lvds_txc_o[3]' is not driven.
[EFX-0256 WARNING] The primary output port 'lvds_txc_o[2]' wire 'lvds_txc_o[2]' is not driven.
[EFX-0256 WARNING] The primary output port 'lvds_txc_o[1]' wire 'lvds_txc_o[1]' is not driven.
[EFX-0256 WARNING] The primary output port 'lvds_txc_o[0]' wire 'lvds_txc_o[0]' is not driven.
[EFX-0256 WARNING] The primary output port 'lvds_txc_rst_o' wire 'lvds_txc_rst_o' is not driven.
[EFX-0256 WARNING] The primary output port 'lvds_txd0_oe' wire 'lvds_txd0_oe' is not driven.
[EFX-0256 WARNING] The primary output port 'lvds_txd0_o[6]' wire 'lvds_txd0_o[6]' is not driven.
[EFX-0256 WARNING] The primary output port 'lvds_txd0_o[5]' wire 'lvds_txd0_o[5]' is not driven.
[EFX-0256 WARNING] The primary output port 'lvds_txd0_o[4]' wire 'lvds_txd0_o[4]' is not driven.
[EFX-0256 WARNING] The primary output port 'lvds_txd0_o[3]' wire 'lvds_txd0_o[3]' is not driven.
[EFX-0256 WARNING] The primary output port 'lvds_txd0_o[2]' wire 'lvds_txd0_o[2]' is not driven.
[EFX-0256 WARNING] The primary output port 'lvds_txd0_o[1]' wire 'lvds_txd0_o[1]' is not driven.
[EFX-0256 WARNING] The primary output port 'lvds_txd0_o[0]' wire 'lvds_txd0_o[0]' is not driven.
[EFX-0256 WARNING] The primary output port 'lvds_txd0_rst_o' wire 'lvds_txd0_rst_o' is not driven.
[EFX-0256 WARNING] The primary output port 'lvds_txd1_oe' wire 'lvds_txd1_oe' is not driven.
[EFX-0256 WARNING] The primary output port 'lvds_txd1_o[6]' wire 'lvds_txd1_o[6]' is not driven.
[EFX-0256 WARNING] The primary output port 'lvds_txd1_o[5]' wire 'lvds_txd1_o[5]' is not driven.
[EFX-0256 WARNING] The primary output port 'lvds_txd1_o[4]' wire 'lvds_txd1_o[4]' is not driven.
[EFX-0256 WARNING] The primary output port 'lvds_txd1_o[3]' wire 'lvds_txd1_o[3]' is not driven.
[EFX-0256 WARNING] The primary output port 'lvds_txd1_o[2]' wire 'lvds_txd1_o[2]' is not driven.
[EFX-0256 WARNING] The primary output port 'lvds_txd1_o[1]' wire 'lvds_txd1_o[1]' is not driven.
[EFX-0256 WARNING] The primary output port 'lvds_txd1_o[0]' wire 'lvds_txd1_o[0]' is not driven.
[EFX-0256 WARNING] The primary output port 'lvds_txd1_rst_o' wire 'lvds_txd1_rst_o' is not driven.
[EFX-0256 WARNING] The primary output port 'lvds_txd2_oe' wire 'lvds_txd2_oe' is not driven.
[EFX-0256 WARNING] The primary output port 'lvds_txd2_o[6]' wire 'lvds_txd2_o[6]' is not driven.
[EFX-0256 WARNING] The primary output port 'lvds_txd2_o[5]' wire 'lvds_txd2_o[5]' is not driven.
[EFX-0256 WARNING] The primary output port 'lvds_txd2_o[4]' wire 'lvds_txd2_o[4]' is not driven.
[EFX-0256 WARNING] The primary output port 'lvds_txd2_o[3]' wire 'lvds_txd2_o[3]' is not driven.
[EFX-0256 WARNING] The primary output port 'lvds_txd2_o[2]' wire 'lvds_txd2_o[2]' is not driven.
[EFX-0256 WARNING] The primary output port 'lvds_txd2_o[1]' wire 'lvds_txd2_o[1]' is not driven.
[EFX-0256 WARNING] The primary output port 'lvds_txd2_o[0]' wire 'lvds_txd2_o[0]' is not driven.
[EFX-0256 WARNING] The primary output port 'lvds_txd2_rst_o' wire 'lvds_txd2_rst_o' is not driven.
[EFX-0256 WARNING] The primary output port 'lvds_txd3_oe' wire 'lvds_txd3_oe' is not driven.
[EFX-0256 WARNING] The primary output port 'lvds_txd3_o[6]' wire 'lvds_txd3_o[6]' is not driven.
[EFX-0256 WARNING] The primary output port 'lvds_txd3_o[5]' wire 'lvds_txd3_o[5]' is not driven.
[EFX-0256 WARNING] The primary output port 'lvds_txd3_o[4]' wire 'lvds_txd3_o[4]' is not driven.
[EFX-0256 WARNING] The primary output port 'lvds_txd3_o[3]' wire 'lvds_txd3_o[3]' is not driven.
[EFX-0256 WARNING] The primary output port 'lvds_txd3_o[2]' wire 'lvds_txd3_o[2]' is not driven.
[EFX-0256 WARNING] The primary output port 'lvds_txd3_o[1]' wire 'lvds_txd3_o[1]' is not driven.
[EFX-0256 WARNING] The primary output port 'lvds_txd3_o[0]' wire 'lvds_txd3_o[0]' is not driven.
[EFX-0256 WARNING] The primary output port 'lvds_txd3_rst_o' wire 'lvds_txd3_rst_o' is not driven.
[EFX-0256 WARNING] The primary output port 'lcd_tp_sda_o' wire 'lcd_tp_sda_o' is not driven.
[EFX-0256 WARNING] The primary output port 'lcd_tp_sda_oe' wire 'lcd_tp_sda_oe' is not driven.
[EFX-0256 WARNING] The primary output port 'lcd_tp_scl_o' wire 'lcd_tp_scl_o' is not driven.
[EFX-0256 WARNING] The primary output port 'lcd_tp_scl_oe' wire 'lcd_tp_scl_oe' is not driven.
[EFX-0256 WARNING] The primary output port 'lcd_tp_int_o' wire 'lcd_tp_int_o' is not driven.
[EFX-0256 WARNING] The primary output port 'lcd_tp_int_oe' wire 'lcd_tp_int_oe' is not driven.
[EFX-0256 WARNING] The primary output port 'lcd_tp_rst_o' wire 'lcd_tp_rst_o' is not driven.
[EFX-0256 WARNING] The primary output port 'lcd_pwm_o' wire 'lcd_pwm_o' is not driven.
[EFX-0256 WARNING] The primary output port 'lcd_blen_o' wire 'lcd_blen_o' is not driven.
[EFX-0256 WARNING] The primary output port 'lcd_vs_o' wire 'lcd_vs_o' is not driven.
[EFX-0256 WARNING] The primary output port 'lcd_hs_o' wire 'lcd_hs_o' is not driven.
[EFX-0256 WARNING] The primary output port 'lcd_de_o' wire 'lcd_de_o' is not driven.
[EFX-0200 WARNING] Removing redundant signal : Shift_Q7_Out[4][7]. (D:\yilingsi_fpga\Efinity_Project\Ti60F225_OV5640_Face_Reproduction\ip/DdrCtrl\DdrCtrl.sv:2611)
[EFX-0200 WARNING] Removing redundant signal : Shift_Q7_Out[4][6]. (D:\yilingsi_fpga\Efinity_Project\Ti60F225_OV5640_Face_Reproduction\ip/DdrCtrl\DdrCtrl.sv:2611)
[EFX-0200 WARNING] Removing redundant signal : Shift_Q7_Out[4][5]. (D:\yilingsi_fpga\Efinity_Project\Ti60F225_OV5640_Face_Reproduction\ip/DdrCtrl\DdrCtrl.sv:2611)
[EFX-0200 WARNING] Removing redundant signal : Shift_Q7_Out[4][4]. (D:\yilingsi_fpga\Efinity_Project\Ti60F225_OV5640_Face_Reproduction\ip/DdrCtrl\DdrCtrl.sv:2611)
[EFX-0200 WARNING] Removing redundant signal : Shift_Q7_Out[4][3]. (D:\yilingsi_fpga\Efinity_Project\Ti60F225_OV5640_Face_Reproduction\ip/DdrCtrl\DdrCtrl.sv:2611)
[EFX-0200 WARNING] Removing redundant signal : Shift_Q7_Out[4][2]. (D:\yilingsi_fpga\Efinity_Project\Ti60F225_OV5640_Face_Reproduction\ip/DdrCtrl\DdrCtrl.sv:2611)
[EFX-0200 WARNING] Removing redundant signal : Shift_Q7_Out[4][1]. (D:\yilingsi_fpga\Efinity_Project\Ti60F225_OV5640_Face_Reproduction\ip/DdrCtrl\DdrCtrl.sv:2611)
[EFX-0200 WARNING] Removing redundant signal : Shift_Q7_Out[4][0]. (D:\yilingsi_fpga\Efinity_Project\Ti60F225_OV5640_Face_Reproduction\ip/DdrCtrl\DdrCtrl.sv:2611)
[EFX-0200 WARNING] Removing redundant signal : Shift_Out[7]. (D:\yilingsi_fpga\Efinity_Project\Ti60F225_OV5640_Face_Reproduction\ip/DdrCtrl\DdrCtrl.sv:2611)
[EFX-0200 WARNING] Removing redundant signal : Shift_Out[6]. (D:\yilingsi_fpga\Efinity_Project\Ti60F225_OV5640_Face_Reproduction\ip/DdrCtrl\DdrCtrl.sv:2611)
[EFX-0200 WARNING] Removing redundant signal : Shift_Out[5]. (D:\yilingsi_fpga\Efinity_Project\Ti60F225_OV5640_Face_Reproduction\ip/DdrCtrl\DdrCtrl.sv:2611)
[EFX-0200 WARNING] Removing redundant signal : Shift_Out[4]. (D:\yilingsi_fpga\Efinity_Project\Ti60F225_OV5640_Face_Reproduction\ip/DdrCtrl\DdrCtrl.sv:2611)
[EFX-0200 WARNING] Removing redundant signal : Shift_Out[3]. (D:\yilingsi_fpga\Efinity_Project\Ti60F225_OV5640_Face_Reproduction\ip/DdrCtrl\DdrCtrl.sv:2611)
[EFX-0200 WARNING] Removing redundant signal : Shift_Out[2]. (D:\yilingsi_fpga\Efinity_Project\Ti60F225_OV5640_Face_Reproduction\ip/DdrCtrl\DdrCtrl.sv:2611)
[EFX-0200 WARNING] Removing redundant signal : Shift_Out[1]. (D:\yilingsi_fpga\Efinity_Project\Ti60F225_OV5640_Face_Reproduction\ip/DdrCtrl\DdrCtrl.sv:2611)
[EFX-0200 WARNING] Removing redundant signal : Shift_Out[0]. (D:\yilingsi_fpga\Efinity_Project\Ti60F225_OV5640_Face_Reproduction\ip/DdrCtrl\DdrCtrl.sv:2611)
[EFX-0200 WARNING] Removing redundant signal : Shift_Q7_Out[4][31]. (D:\yilingsi_fpga\Efinity_Project\Ti60F225_OV5640_Face_Reproduction\ip/DdrCtrl\DdrCtrl.sv:2611)
[EFX-0200 WARNING] Removing redundant signal : Shift_Q7_Out[4][30]. (D:\yilingsi_fpga\Efinity_Project\Ti60F225_OV5640_Face_Reproduction\ip/DdrCtrl\DdrCtrl.sv:2611)
[EFX-0200 WARNING] Removing redundant signal : Shift_Q7_Out[4][29]. (D:\yilingsi_fpga\Efinity_Project\Ti60F225_OV5640_Face_Reproduction\ip/DdrCtrl\DdrCtrl.sv:2611)
[EFX-0200 WARNING] Removing redundant signal : Shift_Q7_Out[4][28]. (D:\yilingsi_fpga\Efinity_Project\Ti60F225_OV5640_Face_Reproduction\ip/DdrCtrl\DdrCtrl.sv:2611)
[EFX-0201 WARNING] Re-wiring to GND non-driven net 'u_efx_fifo_top.a_rst_i'. (D:\yilingsi_fpga\Efinity_Project\Ti60F225_OV5640_Face_Reproduction\ip/DdrCtrl\DdrCtrl.sv:4817)
[EFX-0201 WARNING] Re-wiring to GND non-driven net 'u_efx_fifo_top.clk_i'. (D:\yilingsi_fpga\Efinity_Project\Ti60F225_OV5640_Face_Reproduction\ip/DdrCtrl\DdrCtrl.sv:4817)
[EFX-0201 WARNING] Re-wiring to GND non-driven net 'r_rd_fifo_wr_en_p[31]'. (D:\yilingsi_fpga\Efinity_Project\Ti60F225_OV5640_Face_Reproduction\ip/DdrCtrl\DdrCtrl.sv:1460)
[EFX-0201 WARNING] Re-wiring to GND non-driven net 'r_rd_fifo_wr_en_p[30]'. (D:\yilingsi_fpga\Efinity_Project\Ti60F225_OV5640_Face_Reproduction\ip/DdrCtrl\DdrCtrl.sv:1460)
[EFX-0201 WARNING] Re-wiring to GND non-driven net 'r_rd_fifo_wr_en_p[29]'. (D:\yilingsi_fpga\Efinity_Project\Ti60F225_OV5640_Face_Reproduction\ip/DdrCtrl\DdrCtrl.sv:1460)
[EFX-0201 WARNING] Re-wiring to GND non-driven net 'r_rd_fifo_wr_en_p[28]'. (D:\yilingsi_fpga\Efinity_Project\Ti60F225_OV5640_Face_Reproduction\ip/DdrCtrl\DdrCtrl.sv:1460)
[EFX-0201 WARNING] Re-wiring to GND non-driven net 'r_rd_fifo_wr_en_p[27]'. (D:\yilingsi_fpga\Efinity_Project\Ti60F225_OV5640_Face_Reproduction\ip/DdrCtrl\DdrCtrl.sv:1460)
[EFX-0201 WARNING] Re-wiring to GND non-driven net 'r_rd_fifo_wr_en_p[26]'. (D:\yilingsi_fpga\Efinity_Project\Ti60F225_OV5640_Face_Reproduction\ip/DdrCtrl\DdrCtrl.sv:1460)
[EFX-0201 WARNING] Re-wiring to GND non-driven net 'r_rd_fifo_wr_en_p[25]'. (D:\yilingsi_fpga\Efinity_Project\Ti60F225_OV5640_Face_Reproduction\ip/DdrCtrl\DdrCtrl.sv:1460)
[EFX-0201 WARNING] Re-wiring to GND non-driven net 'r_rd_fifo_wr_en_p[24]'. (D:\yilingsi_fpga\Efinity_Project\Ti60F225_OV5640_Face_Reproduction\ip/DdrCtrl\DdrCtrl.sv:1460)
[EFX-0657 WARNING] Mapping into logic memory block 'u_streaming_connected_components/min_x_buf0' (704 bits) (D:\yilingsi_fpga\Efinity_Project\Ti60F225_OV5640_Face_Reproduction\src\face\streaming_connected_components.v:181) because it has async writer.
[EFX-0657 WARNING] Mapping into logic memory block 'u_streaming_connected_components/max_x_buf0' (704 bits) (D:\yilingsi_fpga\Efinity_Project\Ti60F225_OV5640_Face_Reproduction\src\face\streaming_connected_components.v:181) because it has async writer.
[EFX-0657 WARNING] Mapping into logic memory block 'u_streaming_connected_components/min_y_buf0' (640 bits) (D:\yilingsi_fpga\Efinity_Project\Ti60F225_OV5640_Face_Reproduction\src\face\streaming_connected_components.v:182) because it has async writer.
[EFX-0657 WARNING] Mapping into logic memory block 'u_streaming_connected_components/max_y_buf0' (640 bits) (D:\yilingsi_fpga\Efinity_Project\Ti60F225_OV5640_Face_Reproduction\src\face\streaming_connected_components.v:182) because it has async writer.
[EFX-0657 WARNING] Mapping into logic memory block 'u_streaming_connected_components/area_buf0' (1408 bits) (D:\yilingsi_fpga\Efinity_Project\Ti60F225_OV5640_Face_Reproduction\src\face\streaming_connected_components.v:183) because it has async writer.
[EFX-0657 WARNING] Mapping into logic memory block 'u_streaming_connected_components/min_x_buf1' (704 bits) (D:\yilingsi_fpga\Efinity_Project\Ti60F225_OV5640_Face_Reproduction\src\face\streaming_connected_components.v:184) because it has async writer.
[EFX-0657 WARNING] Mapping into logic memory block 'u_streaming_connected_components/max_x_buf1' (704 bits) (D:\yilingsi_fpga\Efinity_Project\Ti60F225_OV5640_Face_Reproduction\src\face\streaming_connected_components.v:184) because it has async writer.
[EFX-0657 WARNING] Mapping into logic memory block 'u_streaming_connected_components/min_y_buf1' (640 bits) (D:\yilingsi_fpga\Efinity_Project\Ti60F225_OV5640_Face_Reproduction\src\face\streaming_connected_components.v:185) because it has async writer.
[EFX-0657 WARNING] Mapping into logic memory block 'u_streaming_connected_components/max_y_buf1' (640 bits) (D:\yilingsi_fpga\Efinity_Project\Ti60F225_OV5640_Face_Reproduction\src\face\streaming_connected_components.v:185) because it has async writer.
[EFX-0657 WARNING] Mapping into logic memory block 'u_streaming_connected_components/area_buf1' (1408 bits) (D:\yilingsi_fpga\Efinity_Project\Ti60F225_OV5640_Face_Reproduction\src\face\streaming_connected_components.v:186) because it has async writer.
[EFX-0657 WARNING] Mapping into logic memory block 'u_bbox_overlay/a_x0' (88 bits) (D:\yilingsi_fpga\Efinity_Project\Ti60F225_OV5640_Face_Reproduction\src\face\bbox_overlay.v:51) because it has async writer.
[EFX-0657 WARNING] Mapping into logic memory block 'u_bbox_overlay/a_x1' (88 bits) (D:\yilingsi_fpga\Efinity_Project\Ti60F225_OV5640_Face_Reproduction\src\face\bbox_overlay.v:52) because it has async writer.
[EFX-0657 WARNING] Mapping into logic memory block 'u_bbox_overlay/a_y0' (80 bits) (D:\yilingsi_fpga\Efinity_Project\Ti60F225_OV5640_Face_Reproduction\src\face\bbox_overlay.v:53) because it has async writer.
[EFX-0657 WARNING] Mapping into logic memory block 'u_bbox_overlay/a_y1' (80 bits) (D:\yilingsi_fpga\Efinity_Project\Ti60F225_OV5640_Face_Reproduction\src\face\bbox_overlay.v:54) because it has async writer.
[EFX-0657 WARNING] Mapping into logic memory block 'u_bbox_overlay/b_x0' (88 bits) (D:\yilingsi_fpga\Efinity_Project\Ti60F225_OV5640_Face_Reproduction\src\face\bbox_overlay.v:57) because it has async writer.
[EFX-0657 WARNING] Mapping into logic memory block 'u_bbox_overlay/b_x1' (88 bits) (D:\yilingsi_fpga\Efinity_Project\Ti60F225_OV5640_Face_Reproduction\src\face\bbox_overlay.v:58) because it has async writer.
[EFX-0657 WARNING] Mapping into logic memory block 'u_bbox_overlay/b_y0' (80 bits) (D:\yilingsi_fpga\Efinity_Project\Ti60F225_OV5640_Face_Reproduction\src\face\bbox_overlay.v:59) because it has async writer.
[EFX-0657 WARNING] Mapping into logic memory block 'u_bbox_overlay/b_y1' (80 bits) (D:\yilingsi_fpga\Efinity_Project\Ti60F225_OV5640_Face_Reproduction\src\face\bbox_overlay.v:60) because it has async writer.
[EFX-0011 VERI-WARNING] Input/inout port clk_24m is unconnected and will be removed. (VDB-8003) (D:\yilingsi_fpga\Efinity_Project\Ti60F225_OV5640_Face_Reproduction\example_top.v:11)
[EFX-0011 VERI-WARNING] Input/inout port clk_25m is unconnected and will be removed. (VDB-8003) (D:\yilingsi_fpga\Efinity_Project\Ti60F225_OV5640_Face_Reproduction\example_top.v:12)
[EFX-0011 VERI-WARNING] Input/inout port clk_pixel_2x is unconnected and will be removed. (VDB-8003) (D:\yilingsi_fpga\Efinity_Project\Ti60F225_OV5640_Face_Reproduction\example_top.v:21)
[EFX-0011 VERI-WARNING] Input/inout port clk_pixel_10x is unconnected and will be removed. (VDB-8003) (D:\yilingsi_fpga\Efinity_Project\Ti60F225_OV5640_Face_Reproduction\example_top.v:22)
[EFX-0011 VERI-WARNING] Input/inout port dsi_refclk_i is unconnected and will be removed. (VDB-8003) (D:\yilingsi_fpga\Efinity_Project\Ti60F225_OV5640_Face_Reproduction\example_top.v:30)
[EFX-0011 VERI-WARNING] Input/inout port dsi_byteclk_i is unconnected and will be removed. (VDB-8003) (D:\yilingsi_fpga\Efinity_Project\Ti60F225_OV5640_Face_Reproduction\example_top.v:31)
[EFX-0011 VERI-WARNING] Input/inout port dsi_serclk_i is unconnected and will be removed. (VDB-8003) (D:\yilingsi_fpga\Efinity_Project\Ti60F225_OV5640_Face_Reproduction\example_top.v:32)
[EFX-0011 VERI-WARNING] Input/inout port dsi_txcclk_i is unconnected and will be removed. (VDB-8003) (D:\yilingsi_fpga\Efinity_Project\Ti60F225_OV5640_Face_Reproduction\example_top.v:33)
[EFX-0011 VERI-WARNING] Input/inout port clk_lvds_1x is unconnected and will be removed. (VDB-8003) (D:\yilingsi_fpga\Efinity_Project\Ti60F225_OV5640_Face_Reproduction\example_top.v:60)
[EFX-0011 VERI-WARNING] Input/inout port clk_lvds_7x is unconnected and will be removed. (VDB-8003) (D:\yilingsi_fpga\Efinity_Project\Ti60F225_OV5640_Face_Reproduction\example_top.v:61)
[EFX-0011 VERI-WARNING] Input/inout port clk_27m is unconnected and will be removed. (VDB-8003) (D:\yilingsi_fpga\Efinity_Project\Ti60F225_OV5640_Face_Reproduction\example_top.v:62)
[EFX-0011 VERI-WARNING] Input/inout port clk_54m is unconnected and will be removed. (VDB-8003) (D:\yilingsi_fpga\Efinity_Project\Ti60F225_OV5640_Face_Reproduction\example_top.v:63)
[EFX-0011 VERI-WARNING] Input/inout port i_dqs_n_hi[1] is unconnected and will be removed. (VDB-8003) (D:\yilingsi_fpga\Efinity_Project\Ti60F225_OV5640_Face_Reproduction\example_top.v:97)
[EFX-0011 VERI-WARNING] Input/inout port i_dqs_n_lo[1] is unconnected and will be removed. (VDB-8003) (D:\yilingsi_fpga\Efinity_Project\Ti60F225_OV5640_Face_Reproduction\example_top.v:98)
[EFX-0011 VERI-WARNING] Input/inout port csi_ctl0_i is unconnected and will be removed. (VDB-8003) (D:\yilingsi_fpga\Efinity_Project\Ti60F225_OV5640_Face_Reproduction\example_top.v:121)
[EFX-0011 VERI-WARNING] Input/inout port csi_ctl1_i is unconnected and will be removed. (VDB-8003) (D:\yilingsi_fpga\Efinity_Project\Ti60F225_OV5640_Face_Reproduction\example_top.v:125)
[EFX-0011 VERI-WARNING] Input/inout port csi_scl_i is unconnected and will be removed. (VDB-8003) (D:\yilingsi_fpga\Efinity_Project\Ti60F225_OV5640_Face_Reproduction\example_top.v:129)
[EFX-0011 VERI-WARNING] Input/inout port csi_sda_i is unconnected and will be removed. (VDB-8003) (D:\yilingsi_fpga\Efinity_Project\Ti60F225_OV5640_Face_Reproduction\example_top.v:133)
[EFX-0011 VERI-WARNING] Input/inout port csi_rxc_lp_p_i is unconnected and will be removed. (VDB-8003) (D:\yilingsi_fpga\Efinity_Project\Ti60F225_OV5640_Face_Reproduction\example_top.v:136)
[EFX-0011 VERI-WARNING] Input/inout port csi_rxc_lp_n_i is unconnected and will be removed. (VDB-8003) (D:\yilingsi_fpga\Efinity_Project\Ti60F225_OV5640_Face_Reproduction\example_top.v:137)
[EFX-0011 VERI-WARNING] Input/inout port csi_rxc_i is unconnected and will be removed. (VDB-8003) (D:\yilingsi_fpga\Efinity_Project\Ti60F225_OV5640_Face_Reproduction\example_top.v:140)
[EFX-0011 VERI-WARNING] Input/inout port csi_rxd0_lp_p_i is unconnected and will be removed. (VDB-8003) (D:\yilingsi_fpga\Efinity_Project\Ti60F225_OV5640_Face_Reproduction\example_top.v:147)
[EFX-0011 VERI-WARNING] Input/inout port csi_rxd0_lp_n_i is unconnected and will be removed. (VDB-8003) (D:\yilingsi_fpga\Efinity_Project\Ti60F225_OV5640_Face_Reproduction\example_top.v:148)
[EFX-0011 VERI-WARNING] Input/inout port csi_rxd0_hs_i[7] is unconnected and will be removed. (VDB-8003) (D:\yilingsi_fpga\Efinity_Project\Ti60F225_OV5640_Face_Reproduction\example_top.v:149)
[EFX-0011 VERI-WARNING] Input/inout port csi_rxd1_lp_n_i is unconnected and will be removed. (VDB-8003) (D:\yilingsi_fpga\Efinity_Project\Ti60F225_OV5640_Face_Reproduction\example_top.v:156)
[EFX-0011 VERI-WARNING] Input/inout port csi_rxd1_lp_p_i is unconnected and will be removed. (VDB-8003) (D:\yilingsi_fpga\Efinity_Project\Ti60F225_OV5640_Face_Reproduction\example_top.v:157)
[EFX-0011 VERI-WARNING] Input/inout port csi_rxd1_hs_i[7] is unconnected and will be removed. (VDB-8003) (D:\yilingsi_fpga\Efinity_Project\Ti60F225_OV5640_Face_Reproduction\example_top.v:158)
[EFX-0011 VERI-WARNING] Input/inout port csi_rxd2_lp_p_i is unconnected and will be removed. (VDB-8003) (D:\yilingsi_fpga\Efinity_Project\Ti60F225_OV5640_Face_Reproduction\example_top.v:165)
[EFX-0011 VERI-WARNING] Input/inout port csi_rxd2_lp_n_i is unconnected and will be removed. (VDB-8003) (D:\yilingsi_fpga\Efinity_Project\Ti60F225_OV5640_Face_Reproduction\example_top.v:166)
[EFX-0011 VERI-WARNING] Input/inout port csi_rxd2_hs_i[7] is unconnected and will be removed. (VDB-8003) (D:\yilingsi_fpga\Efinity_Project\Ti60F225_OV5640_Face_Reproduction\example_top.v:167)
[EFX-0011 VERI-WARNING] Input/inout port csi_rxd3_lp_p_i is unconnected and will be removed. (VDB-8003) (D:\yilingsi_fpga\Efinity_Project\Ti60F225_OV5640_Face_Reproduction\example_top.v:174)
[EFX-0011 VERI-WARNING] Input/inout port csi_rxd3_lp_n_i is unconnected and will be removed. (VDB-8003) (D:\yilingsi_fpga\Efinity_Project\Ti60F225_OV5640_Face_Reproduction\example_top.v:175)
[EFX-0011 VERI-WARNING] Input/inout port csi_rxd3_hs_i[7] is unconnected and will be removed. (VDB-8003) (D:\yilingsi_fpga\Efinity_Project\Ti60F225_OV5640_Face_Reproduction\example_top.v:176)
[EFX-0011 VERI-WARNING] Input/inout port dsi_txd0_lp_p_i is unconnected and will be removed. (VDB-8003) (D:\yilingsi_fpga\Efinity_Project\Ti60F225_OV5640_Face_Reproduction\example_top.v:235)
[EFX-0011 VERI-WARNING] Input/inout port dsi_txd0_lp_n_i is unconnected and will be removed. (VDB-8003) (D:\yilingsi_fpga\Efinity_Project\Ti60F225_OV5640_Face_Reproduction\example_top.v:236)
[EFX-0011 VERI-WARNING] Input/inout port dsi_txd1_lp_p_i is unconnected and will be removed. (VDB-8003) (D:\yilingsi_fpga\Efinity_Project\Ti60F225_OV5640_Face_Reproduction\example_top.v:237)
[EFX-0011 VERI-WARNING] Input/inout port dsi_txd1_lp_n_i is unconnected and will be removed. (VDB-8003) (D:\yilingsi_fpga\Efinity_Project\Ti60F225_OV5640_Face_Reproduction\example_top.v:238)
[EFX-0011 VERI-WARNING] Input/inout port dsi_txd2_lp_p_i is unconnected and will be removed. (VDB-8003) (D:\yilingsi_fpga\Efinity_Project\Ti60F225_OV5640_Face_Reproduction\example_top.v:239)
[EFX-0011 VERI-WARNING] Input/inout port dsi_txd2_lp_n_i is unconnected and will be removed. (VDB-8003) (D:\yilingsi_fpga\Efinity_Project\Ti60F225_OV5640_Face_Reproduction\example_top.v:240)
[EFX-0011 VERI-WARNING] Input/inout port dsi_txd3_lp_p_i is unconnected and will be removed. (VDB-8003) (D:\yilingsi_fpga\Efinity_Project\Ti60F225_OV5640_Face_Reproduction\example_top.v:241)
[EFX-0011 VERI-WARNING] Input/inout port dsi_txd3_lp_n_i is unconnected and will be removed. (VDB-8003) (D:\yilingsi_fpga\Efinity_Project\Ti60F225_OV5640_Face_Reproduction\example_top.v:242)
[EFX-0011 VERI-WARNING] Input/inout port cmos_sdat_IN is unconnected and will be removed. (VDB-8003) (D:\yilingsi_fpga\Efinity_Project\Ti60F225_OV5640_Face_Reproduction\example_top.v:257)
[EFX-0011 VERI-WARNING] Input/inout port cmos_ctl1_i is unconnected and will be removed. (VDB-8003) (D:\yilingsi_fpga\Efinity_Project\Ti60F225_OV5640_Face_Reproduction\example_top.v:269)
[EFX-0011 VERI-WARNING] Input/inout port cmos_ctl2_i is unconnected and will be removed. (VDB-8003) (D:\yilingsi_fpga\Efinity_Project\Ti60F225_OV5640_Face_Reproduction\example_top.v:272)
[EFX-0011 VERI-WARNING] Input/inout port cmos_ctl3_i is unconnected and will be removed. (VDB-8003) (D:\yilingsi_fpga\Efinity_Project\Ti60F225_OV5640_Face_Reproduction\example_top.v:275)
[EFX-0011 VERI-WARNING] Input/inout port lcd_tp_sda_i is unconnected and will be removed. (VDB-8003) (D:\yilingsi_fpga\Efinity_Project\Ti60F225_OV5640_Face_Reproduction\example_top.v:323)
[EFX-0011 VERI-WARNING] Input/inout port lcd_tp_scl_i is unconnected and will be removed. (VDB-8003) (D:\yilingsi_fpga\Efinity_Project\Ti60F225_OV5640_Face_Reproduction\example_top.v:327)
[EFX-0011 VERI-WARNING] Input/inout port lcd_tp_int_i is unconnected and will be removed. (VDB-8003) (D:\yilingsi_fpga\Efinity_Project\Ti60F225_OV5640_Face_Reproduction\example_top.v:331)
[EFX-0011 VERI-WARNING] Input/inout port lcd_b7_0_i[7] is unconnected and will be removed. (VDB-8003) (D:\yilingsi_fpga\Efinity_Project\Ti60F225_OV5640_Face_Reproduction\example_top.v:351)
[EFX-0011 VERI-WARNING] Input/inout port lcd_g7_0_i[7] is unconnected and will be removed. (VDB-8003) (D:\yilingsi_fpga\Efinity_Project\Ti60F225_OV5640_Face_Reproduction\example_top.v:352)
[EFX-0011 VERI-WARNING] Input/inout port lcd_r7_0_i[7] is unconnected and will be removed. (VDB-8003) (D:\yilingsi_fpga\Efinity_Project\Ti60F225_OV5640_Face_Reproduction\example_top.v:353)
[EFX-0011 VERI-WARNING] CE port of EFX_DSP48 instance u_bbox_filter_720p/n377_pp_0x0 is permanently disabled (VDB-8002) 
[EFX-0011 VERI-WARNING] CE port of EFX_DSP48 instance u_bbox_filter_720p/n578_pp_1x0 is permanently disabled (VDB-8002) 
[EFX-0011 VERI-WARNING] CE port of EFX_DSP48 instance u_bbox_filter_720p/n578_pp_0x0 is permanently disabled (VDB-8002) 
[EFX-0011 VERI-WARNING] CE port of EFX_DSP48 instance u_bbox_filter_720p/n377_pp_1x0 is permanently disabled (VDB-8002) 
[EFX-0011 VERI-WARNING] Found 106 warnings in the post-synthesis netlist. 

///////////////////////////////////
// Efinity Synthesis Started 
// Sep 16, 2026 23:49:44
///////////////////////////////////

[EFX-0011 VERI-WARNING] port 'cal_shift_val' remains unconnected for this instance (VERI-1927) (D:\yilingsi_fpga\Efinity_Project\Ti60F225_OV5640_Face_Reproduction\example_top.v:612)
[EFX-0011 VERI-WARNING] port 'axi_awid' remains unconnected for this instance (VERI-1927) (D:\yilingsi_fpga\Efinity_Project\Ti60F225_OV5640_Face_Reproduction\example_top.v:966)
[EFX-0011 VERI-WARNING] port 'lcd_xpos' remains unconnected for this instance (VERI-1927) (D:\yilingsi_fpga\Efinity_Project\Ti60F225_OV5640_Face_Reproduction\example_top.v:997)
[EFX-0011 VERI-WARNING] port 'pending_swap' remains unconnected for this instance (VERI-1927) (D:\yilingsi_fpga\Efinity_Project\Ti60F225_OV5640_Face_Reproduction\example_top.v:1140)
[EFX-0011 VERI-WARNING] port 'TMDS_Clk_p' remains unconnected for this instance (VERI-1927) (D:\yilingsi_fpga\Efinity_Project\Ti60F225_OV5640_Face_Reproduction\example_top.v:1193)
[EFX-0011 VERI-WARNING] expression size 32 truncated to fit in target size 1 (VERI-1209) (D:\yilingsi_fpga\Efinity_Project\Ti60F225_OV5640_Face_Reproduction\example_top.v:443)
[EFX-0011 VERI-WARNING] port 'wr_busy' remains unconnected for this instance (VERI-1927) (D:\yilingsi_fpga\Efinity_Project\Ti60F225_OV5640_Face_Reproduction\ip/DdrCtrl\DdrCtrl.sv:184)
[EFX-0011 VERI-WARNING] port 'wr_data' is not connected on this instance (VERI-2435) (D:\yilingsi_fpga\Efinity_Project\Ti60F225_OV5640_Face_Reproduction\ip/DdrCtrl\DdrCtrl.sv:184)
[EFX-0011 VERI-WARNING] port '**' is not connected on this instance (VERI-2435) (D:\yilingsi_fpga\Efinity_Project\Ti60F225_OV5640_Face_Reproduction\ip/DdrCtrl\DdrCtrl.sv:2496)
[EFX-0011 VERI-WARNING] expression size ** truncated to fit in target size ** (VERI-1209) (D:\yilingsi_fpga\Efinity_Project\Ti60F225_OV5640_Face_Reproduction\ip/DdrCtrl\DdrCtrl.sv:2611)
[EFX-0011 VERI-WARNING] actual bit length ** differs from formal bit length *** for port '**' (VERI-1330) (D:\yilingsi_fpga\Efinity_Project\Ti60F225_OV5640_Face_Reproduction\ip/DdrCtrl\DdrCtrl.sv:2496)
[EFX-0011 VERI-WARNING] expression size ** truncated to fit in target size ** (VERI-1209) (D:\yilingsi_fpga\Efinity_Project\Ti60F225_OV5640_Face_Reproduction\ip/DdrCtrl\DdrCtrl.sv:2611)
[EFX-0011 VERI-WARNING] expression size ** truncated to fit in target size ** (VERI-1209) (D:\yilingsi_fpga\Efinity_Project\Ti60F225_OV5640_Face_Reproduction\ip/DdrCtrl\DdrCtrl.sv:2611)
[EFX-0011 VERI-WARNING] actual bit length ** differs from formal bit length *** for port '**' (VERI-1330) (D:\yilingsi_fpga\Efinity_Project\Ti60F225_OV5640_Face_Reproduction\ip/DdrCtrl\DdrCtrl.sv:2496)
[EFX-0011 VERI-WARNING] port '**' remains unconnected for this instance (VERI-1927) (D:\yilingsi_fpga\Efinity_Project\Ti60F225_OV5640_Face_Reproduction\ip/DdrCtrl\DdrCtrl.sv:590)
[EFX-0011 VERI-WARNING] actual bit length ** differs from formal bit length *** for port '**' (VERI-1330) (D:\yilingsi_fpga\Efinity_Project\Ti60F225_OV5640_Face_Reproduction\ip/DdrCtrl\DdrCtrl.sv:590)
[EFX-0011 VERI-WARNING] port '**' remains unconnected for this instance (VERI-1927) (D:\yilingsi_fpga\Efinity_Project\Ti60F225_OV5640_Face_Reproduction\ip/DdrCtrl\DdrCtrl.sv:1460)
[EFX-0011 VERI-WARNING] port '**' remains unconnected for this instance (VERI-1927) (D:\yilingsi_fpga\Efinity_Project\Ti60F225_OV5640_Face_Reproduction\ip/DdrCtrl\DdrCtrl.sv:4817)
[EFX-0011 VERI-WARNING] actual bit length ** differs from formal bit length *** for port '**' (VERI-1330) (D:\yilingsi_fpga\Efinity_Project\Ti60F225_OV5640_Face_Reproduction\ip/DdrCtrl\DdrCtrl.sv:4817)
[EFX-0011 VERI-WARNING] input port '**' is not connected on this instance (VDB-1013) (D:\yilingsi_fpga\Efinity_Project\Ti60F225_OV5640_Face_Reproduction\ip/DdrCtrl\DdrCtrl.sv:4817)
[EFX-0011 VERI-WARNING] expression size ** truncated to fit in target size ** (VERI-1209) (D:\yilingsi_fpga\Efinity_Project\Ti60F225_OV5640_Face_Reproduction\ip/DdrCtrl\DdrCtrl.sv:1460)
[EFX-0011 VERI-WARNING] net '**' does not have a driver (VDB-1002) (D:\yilingsi_fpga\Efinity_Project\Ti60F225_OV5640_Face_Reproduction\ip/DdrCtrl\DdrCtrl.sv:1460)
[EFX-0011 VERI-WARNING] net '**' does not have a driver (VDB-1002) (D:\yilingsi_fpga\Efinity_Project\Ti60F225_OV5640_Face_Reproduction\ip/DdrCtrl\DdrCtrl.sv:590)
[EFX-0011 VERI-WARNING] input port '**' is not connected on this instance (VDB-1013) (D:\yilingsi_fpga\Efinity_Project\Ti60F225_OV5640_Face_Reproduction\ip/DdrCtrl\DdrCtrl.sv:590)
[EFX-0011 VERI-WARNING] input port '**' is not connected on this instance (VDB-1013) (D:\yilingsi_fpga\Efinity_Project\Ti60F225_OV5640_Face_Reproduction\ip/DdrCtrl\DdrCtrl.sv:2496)
[EFX-0011 VERI-WARNING] input port 'wr_data[127]' is not connected on this instance (VDB-1013) (D:\yilingsi_fpga\Efinity_Project\Ti60F225_OV5640_Face_Reproduction\ip/DdrCtrl\DdrCtrl.sv:117)
[EFX-0011 VERI-WARNING] actual bit length 4 differs from formal bit length 8 for port 'axi_aid' (VERI-1330) (D:\yilingsi_fpga\Efinity_Project\Ti60F225_OV5640_Face_Reproduction\example_top.v:579)
[EFX-0011 VERI-WARNING] actual bit length 4 differs from formal bit length 8 for port 'axi_wid' (VERI-1330) (D:\yilingsi_fpga\Efinity_Project\Ti60F225_OV5640_Face_Reproduction\example_top.v:586)
[EFX-0011 VERI-WARNING] actual bit length 4 differs from formal bit length 8 for port 'axi_bid' (VERI-1330) (D:\yilingsi_fpga\Efinity_Project\Ti60F225_OV5640_Face_Reproduction\example_top.v:595)
[EFX-0011 VERI-WARNING] actual bit length 4 differs from formal bit length 8 for port 'axi_rid' (VERI-1330) (D:\yilingsi_fpga\Efinity_Project\Ti60F225_OV5640_Face_Reproduction\example_top.v:601)
[EFX-0011 VERI-WARNING] expression size 2 truncated to fit in target size 1 (VERI-1209) (D:\yilingsi_fpga\Efinity_Project\Ti60F225_OV5640_Face_Reproduction\src\axi\AXI4_AWARMux.v:90)
[EFX-0011 VERI-WARNING] expression size 3 truncated to fit in target size 2 (VERI-1209) (D:\yilingsi_fpga\Efinity_Project\Ti60F225_OV5640_Face_Reproduction\example_top.v:713)
[EFX-0011 VERI-WARNING] expression size 5 truncated to fit in target size 4 (VERI-1209) (D:\yilingsi_fpga\Efinity_Project\Ti60F225_OV5640_Face_Reproduction\example_top.v:714)
[EFX-0011 VERI-WARNING] expression size 8 truncated to fit in target size 7 (VERI-1209) (D:\yilingsi_fpga\Efinity_Project\Ti60F225_OV5640_Face_Reproduction\src\PWMLite.v:22)
[EFX-0011 VERI-WARNING] actual bit length 64 differs from formal bit length 8 for port 'image_out_data' (VERI-1330) (D:\yilingsi_fpga\Efinity_Project\Ti60F225_OV5640_Face_Reproduction\example_top.v:867)
[EFX-0011 VERI-WARNING] expression size 32 truncated to fit in target size 16 (VERI-1209) (D:\yilingsi_fpga\Efinity_Project\Ti60F225_OV5640_Face_Reproduction\src\axi\axi4_ctrl.v:91)
[EFX-0011 VERI-WARNING] expression size 3 truncated to fit in target size 2 (VERI-1209) (D:\yilingsi_fpga\Efinity_Project\Ti60F225_OV5640_Face_Reproduction\src\axi\axi4_ctrl.v:113)
[EFX-0011 VERI-WARNING] expression size 3 truncated to fit in target size 2 (VERI-1209) (D:\yilingsi_fpga\Efinity_Project\Ti60F225_OV5640_Face_Reproduction\src\axi\axi4_ctrl.v:114)
[EFX-0011 VERI-WARNING] expression size 3 truncated to fit in target size 2 (VERI-1209) (D:\yilingsi_fpga\Efinity_Project\Ti60F225_OV5640_Face_Reproduction\src\axi\axi4_ctrl.v:196)
[EFX-0011 VERI-WARNING] expression size 2 truncated to fit in target size 1 (VERI-1209) (D:\yilingsi_fpga\Efinity_Project\Ti60F225_OV5640_Face_Reproduction\src\axi\axi4_ctrl.v:238)
[EFX-0011 VERI-WARNING] expression size 23 truncated to fit in target size 22 (VERI-1209) (D:\yilingsi_fpga\Efinity_Project\Ti60F225_OV5640_Face_Reproduction\src\axi\axi4_ctrl.v:257)
[EFX-0011 VERI-WARNING] port 'a_wr_rst_i' remains unconnected for this instance (VERI-1927) (D:\yilingsi_fpga\Efinity_Project\Ti60F225_OV5640_Face_Reproduction\ip/W0_FIFO_8\W0_FIFO_8.sv:116)
[EFX-0011 VERI-WARNING] expression size 32 truncated to fit in target size 14 (VERI-1209) (D:\yilingsi_fpga\Efinity_Project\Ti60F225_OV5640_Face_Reproduction\ip/W0_FIFO_8\W0_FIFO_8.sv:1251)
[EFX-0011 VERI-WARNING] expression size 32 truncated to fit in target size 10 (VERI-1209) (D:\yilingsi_fpga\Efinity_Project\Ti60F225_OV5640_Face_Reproduction\ip/W0_FIFO_8\W0_FIFO_8.sv:1252)
[EFX-0011 VERI-WARNING] input port 'a_wr_rst_i' is not connected on this instance (VDB-1013) (D:\yilingsi_fpga\Efinity_Project\Ti60F225_OV5640_Face_Reproduction\ip/W0_FIFO_8\W0_FIFO_8.sv:95)
[EFX-0011 VERI-WARNING] port 'a_wr_rst_i' remains unconnected for this instance (VERI-1927) (D:\yilingsi_fpga\Efinity_Project\Ti60F225_OV5640_Face_Reproduction\ip/R0_FIFO_16\R0_FIFO_16.v:108)
[EFX-0011 VERI-WARNING] expression size 32 truncated to fit in target size 10 (VERI-1209) (D:\yilingsi_fpga\Efinity_Project\Ti60F225_OV5640_Face_Reproduction\ip/R0_FIFO_16\R0_FIFO_16.v:1184)
[EFX-0011 VERI-WARNING] expression size 32 truncated to fit in target size 13 (VERI-1209) (D:\yilingsi_fpga\Efinity_Project\Ti60F225_OV5640_Face_Reproduction\ip/R0_FIFO_16\R0_FIFO_16.v:1185)
[EFX-0011 VERI-WARNING] actual bit length 9 differs from formal bit length 10 for port 'wr_datacount_o' (VERI-1330) (D:\yilingsi_fpga\Efinity_Project\Ti60F225_OV5640_Face_Reproduction\ip/R0_FIFO_16\R0_FIFO_16.v:104)
[EFX-0011 VERI-WARNING] actual bit length 12 differs from formal bit length 13 for port 'rd_datacount_o' (VERI-1330) (D:\yilingsi_fpga\Efinity_Project\Ti60F225_OV5640_Face_Reproduction\ip/R0_FIFO_16\R0_FIFO_16.v:106)
[EFX-0011 VERI-WARNING] input port 'a_wr_rst_i' is not connected on this instance (VDB-1013) (D:\yilingsi_fpga\Efinity_Project\Ti60F225_OV5640_Face_Reproduction\ip/R0_FIFO_16\R0_FIFO_16.v:88)
[EFX-0011 VERI-WARNING] expression size 17 truncated to fit in target size 16 (VERI-1209) (D:\yilingsi_fpga\Efinity_Project\Ti60F225_OV5640_Face_Reproduction\src\axi\axi4_ctrl.v:464)
[EFX-0011 VERI-WARNING] expression size 23 truncated to fit in target size 22 (VERI-1209) (D:\yilingsi_fpga\Efinity_Project\Ti60F225_OV5640_Face_Reproduction\src\axi\axi4_ctrl.v:574)
[EFX-0011 VERI-WARNING] actual bit length 32 differs from formal bit length 4 for port 'axi_bid' (VERI-1330) (D:\yilingsi_fpga\Efinity_Project\Ti60F225_OV5640_Face_Reproduction\example_top.v:938)
[EFX-0011 VERI-WARNING] actual bit length 32 differs from formal bit length 2 for port 'axi_bresp' (VERI-1330) (D:\yilingsi_fpga\Efinity_Project\Ti60F225_OV5640_Face_Reproduction\example_top.v:939)
[EFX-0011 VERI-WARNING] actual bit length 32 differs from formal bit length 1 for port 'axi_bvalid' (VERI-1330) (D:\yilingsi_fpga\Efinity_Project\Ti60F225_OV5640_Face_Reproduction\example_top.v:940)
[EFX-0011 VERI-WARNING] actual bit length 32 differs from formal bit length 2 for port 'axi_rresp' (VERI-1330) (D:\yilingsi_fpga\Efinity_Project\Ti60F225_OV5640_Face_Reproduction\example_top.v:950)
[EFX-0011 VERI-WARNING] actual bit length 64 differs from formal bit length 8 for port 'wframe_data' (VERI-1330) (D:\yilingsi_fpga\Efinity_Project\Ti60F225_OV5640_Face_Reproduction\example_top.v:958)
[EFX-0011 VERI-WARNING] actual bit length 8 differs from formal bit length 32 for port 'tp_o' (VERI-1330) (D:\yilingsi_fpga\Efinity_Project\Ti60F225_OV5640_Face_Reproduction\example_top.v:965)
[EFX-0011 VERI-WARNING] expression size 8 truncated to fit in target size 4 (VERI-1209) (D:\yilingsi_fpga\Efinity_Project\Ti60F225_OV5640_Face_Reproduction\example_top.v:967)
[EFX-0011 VERI-WARNING] expression size 14 truncated to fit in target size 12 (VERI-1209) (D:\yilingsi_fpga\Efinity_Project\Ti60F225_OV5640_Face_Reproduction\src\lcd_driver.v:145)
[EFX-0011 VERI-WARNING] actual bit length 24 differs from formal bit length 48 for port 'lcd_data' (VERI-1330) (D:\yilingsi_fpga\Efinity_Project\Ti60F225_OV5640_Face_Reproduction\example_top.v:996)
[EFX-0011 VERI-WARNING] expression size 32 truncated to fit in target size 8 (VERI-1209) (D:\yilingsi_fpga\Efinity_Project\Ti60F225_OV5640_Face_Reproduction\src\face\face_reader_720p.v:22)
[EFX-0011 VERI-WARNING] actual bit length 10 differs from formal bit length 11 for port 'pixel_y' (VERI-1330) (D:\yilingsi_fpga\Efinity_Project\Ti60F225_OV5640_Face_Reproduction\example_top.v:1032)
[EFX-0011 VERI-WARNING] port 'rst_busy' remains unconnected for this instance (VERI-1927) (D:\yilingsi_fpga\Efinity_Project\Ti60F225_OV5640_Face_Reproduction\src\face\true_ccl.v:208)
[EFX-0011 VERI-WARNING] concatenation with an unsized literal will be treated as 32 bits (VERI-1320) (D:\yilingsi_fpga\Efinity_Project\Ti60F225_OV5640_Face_Reproduction\src\face\true_ccl.v:219)
[EFX-0011 VERI-WARNING] port 'rst_busy' remains unconnected for this instance (VERI-1927) (D:\yilingsi_fpga\Efinity_Project\Ti60F225_OV5640_Face_Reproduction\src\face\true_ccl.v:225)
[EFX-0011 VERI-WARNING] expression size 12 truncated to fit in target size 11 (VERI-1209) (D:\yilingsi_fpga\Efinity_Project\Ti60F225_OV5640_Face_Reproduction\src\face\true_ccl.v:56)
[EFX-0011 VERI-WARNING] latch inferred for net 'PreCombCur' (VERI-2580) (D:\yilingsi_fpga\Efinity_Project\Ti60F225_OV5640_Face_Reproduction\src\face\true_ccl.v:157)
[EFX-0011 VERI-WARNING] port 'a_wr_rst_i' remains unconnected for this instance (VERI-1927) (D:\yilingsi_fpga\Efinity_Project\Ti60F225_OV5640_Face_Reproduction\ip/FIFO36x512\FIFO36x512.sv:98)
[EFX-0011 VERI-WARNING] input port 'a_wr_rst_i' is not connected on this instance (VDB-1013) (D:\yilingsi_fpga\Efinity_Project\Ti60F225_OV5640_Face_Reproduction\ip/FIFO36x512\FIFO36x512.sv:86)
[EFX-0011 VERI-WARNING] actual bit length 32 differs from formal bit length 36 for port 'rdata' (VERI-1330) (D:\yilingsi_fpga\Efinity_Project\Ti60F225_OV5640_Face_Reproduction\src\face\true_ccl.v:205)
[EFX-0011 VERI-WARNING] actual bit length 66 differs from formal bit length 36 for port 'wdata' (VERI-1330) (D:\yilingsi_fpga\Efinity_Project\Ti60F225_OV5640_Face_Reproduction\src\face\true_ccl.v:219)
[EFX-0011 VERI-WARNING] actual bit length 34 differs from formal bit length 36 for port 'rdata' (VERI-1330) (D:\yilingsi_fpga\Efinity_Project\Ti60F225_OV5640_Face_Reproduction\src\face\true_ccl.v:222)
[EFX-0011 VERI-WARNING] port 'addr' is not connected on this instance (VERI-2435) (D:\yilingsi_fpga\Efinity_Project\Ti60F225_OV5640_Face_Reproduction\ip/BlockRam90x1024\BlockRam90x1024.v:144)
[EFX-0011 VERI-WARNING] expression size 32 truncated to fit in target size 1 (VERI-1209) (D:\yilingsi_fpga\Efinity_Project\Ti60F225_OV5640_Face_Reproduction\ip/BlockRam90x1024\BlockRam90x1024.v:1091)
[EFX-0011 VERI-WARNING] expression size 32 truncated to fit in target size 1 (VERI-1209) (D:\yilingsi_fpga\Efinity_Project\Ti60F225_OV5640_Face_Reproduction\ip/BlockRam90x1024\BlockRam90x1024.v:1092)
[EFX-0011 VERI-WARNING] expression size 32 truncated to fit in target size 1 (VERI-1209) (D:\yilingsi_fpga\Efinity_Project\Ti60F225_OV5640_Face_Reproduction\ip/BlockRam90x1024\BlockRam90x1024.v:1104)
[EFX-0011 VERI-WARNING] expression size 32 truncated to fit in target size 1 (VERI-1209) (D:\yilingsi_fpga\Efinity_Project\Ti60F225_OV5640_Face_Reproduction\ip/BlockRam90x1024\BlockRam90x1024.v:1105)
[EFX-0011 VERI-WARNING] expression size 32 truncated to fit in target size 1 (VERI-1209) (D:\yilingsi_fpga\Efinity_Project\Ti60F225_OV5640_Face_Reproduction\ip/BlockRam90x1024\BlockRam90x1024.v:1108)
[EFX-0011 VERI-WARNING] expression size 32 truncated to fit in target size 1 (VERI-1209) (D:\yilingsi_fpga\Efinity_Project\Ti60F225_OV5640_Face_Reproduction\ip/BlockRam90x1024\BlockRam90x1024.v:1109)
[EFX-0011 VERI-WARNING] input port 'addr[9]' is not connected on this instance (VDB-1013) (D:\yilingsi_fpga\Efinity_Project\Ti60F225_OV5640_Face_Reproduction\ip/BlockRam90x1024\BlockRam90x1024.v:133)
[EFX-0011 VERI-WARNING] input port 'clke' remains unconnected for this instance (VDB-1053) (D:\yilingsi_fpga\Efinity_Project\Ti60F225_OV5640_Face_Reproduction\ip/BlockRam90x1024\BlockRam90x1024.v:133)
[EFX-0011 VERI-WARNING] actual bit length 27 differs from formal bit length 26 for port 'Count' (VERI-1330) (D:\yilingsi_fpga\Efinity_Project\Ti60F225_OV5640_Face_Reproduction\src\face\streaming_connected_components.v:134)
[EFX-0011 VERI-WARNING] actual bit length 4 differs from formal bit length 1 for port 'led' (VERI-1330) (D:\yilingsi_fpga\Efinity_Project\Ti60F225_OV5640_Face_Reproduction\example_top.v:1098)
[EFX-0011 VERI-WARNING] latch inferred for net 'dx0[10]' (VERI-2580) (D:\yilingsi_fpga\Efinity_Project\Ti60F225_OV5640_Face_Reproduction\src\face\bbox_overlay.v:192)
[EFX-0011 VERI-WARNING] actual bit length 6 differs from formal bit length 8 for port 'ccl_count' (VERI-1330) (D:\yilingsi_fpga\Efinity_Project\Ti60F225_OV5640_Face_Reproduction\example_top.v:1147)
[EFX-0011 VERI-WARNING] actual bit length 32 differs from formal bit length 4 for port 'data_island_data' (VERI-1330) (D:\yilingsi_fpga\Efinity_Project\Ti60F225_OV5640_Face_Reproduction\src\hdmi_ip\rgb2dvi.v:50)
[EFX-0011 VERI-WARNING] actual bit length 4 differs from formal bit length 3 for port 'mode' (VERI-1330) (D:\yilingsi_fpga\Efinity_Project\Ti60F225_OV5640_Face_Reproduction\src\hdmi_ip\rgb2dvi.v:52)
[EFX-0011 VERI-WARNING] actual bit length 32 differs from formal bit length 4 for port 'data_island_data' (VERI-1330) (D:\yilingsi_fpga\Efinity_Project\Ti60F225_OV5640_Face_Reproduction\src\hdmi_ip\rgb2dvi.v:58)
[EFX-0011 VERI-WARNING] actual bit length 4 differs from formal bit length 3 for port 'mode' (VERI-1330) (D:\yilingsi_fpga\Efinity_Project\Ti60F225_OV5640_Face_Reproduction\src\hdmi_ip\rgb2dvi.v:60)
[EFX-0011 VERI-WARNING] actual bit length 32 differs from formal bit length 4 for port 'data_island_data' (VERI-1330) (D:\yilingsi_fpga\Efinity_Project\Ti60F225_OV5640_Face_Reproduction\src\hdmi_ip\rgb2dvi.v:66)
[EFX-0011 VERI-WARNING] actual bit length 4 differs from formal bit length 3 for port 'mode' (VERI-1330) (D:\yilingsi_fpga\Efinity_Project\Ti60F225_OV5640_Face_Reproduction\src\hdmi_ip\rgb2dvi.v:68)
[EFX-0011 VERI-WARNING] actual bit length 32 differs from formal bit length 1 for port 'oe_i' (VERI-1330) (D:\yilingsi_fpga\Efinity_Project\Ti60F225_OV5640_Face_Reproduction\example_top.v:1175)
[EFX-0011 VERI-WARNING] net 'w_dev_index_o[7]' does not have a driver (VDB-1002) (D:\yilingsi_fpga\Efinity_Project\Ti60F225_OV5640_Face_Reproduction\example_top.v:428)
[EFX-0011 VERI-WARNING] net 'w_dev_cmd_o[7]' does not have a driver (VDB-1002) (D:\yilingsi_fpga\Efinity_Project\Ti60F225_OV5640_Face_Reproduction\example_top.v:429)
[EFX-0011 VERI-WARNING] net 'w_dev_wdata_o[31]' does not have a driver (VDB-1002) (D:\yilingsi_fpga\Efinity_Project\Ti60F225_OV5640_Face_Reproduction\example_top.v:430)
[EFX-0011 VERI-WARNING] net 'w_dev_wvalid_o' does not have a driver (VDB-1002) (D:\yilingsi_fpga\Efinity_Project\Ti60F225_OV5640_Face_Reproduction\example_top.v:431)
[EFX-0011 VERI-WARNING] net 'w_spi_ssn_o' does not have a driver (VDB-1002) (D:\yilingsi_fpga\Efinity_Project\Ti60F225_OV5640_Face_Reproduction\example_top.v:435)
[EFX-0011 VERI-WARNING] net 'w_spi_data_o[3]' does not have a driver (VDB-1002) (D:\yilingsi_fpga\Efinity_Project\Ti60F225_OV5640_Face_Reproduction\example_top.v:436)
[EFX-0011 VERI-WARNING] net 'w_lcd_b_o[7]' does not have a driver (VDB-1002) (D:\yilingsi_fpga\Efinity_Project\Ti60F225_OV5640_Face_Reproduction\example_top.v:453)
[EFX-0011 VERI-WARNING] input port 'SerialClk' is not connected on this instance (VDB-1013) (D:\yilingsi_fpga\Efinity_Project\Ti60F225_OV5640_Face_Reproduction\example_top.v:1168)
[EFX-0256 WARNING] The primary output port 'csi_ctl0_o' wire 'csi_ctl0_o' is not driven.
[EFX-0256 WARNING] The primary output port 'csi_ctl1_o' wire 'csi_ctl1_o' is not driven.
[EFX-0256 WARNING] The primary output port 'csi_scl_o' wire 'csi_scl_o' is not driven.
[EFX-0256 WARNING] The primary output port 'csi_scl_oe' wire 'csi_scl_oe' is not driven.
[EFX-0256 WARNING] The primary output port 'csi_sda_o' wire 'csi_sda_o' is not driven.
[EFX-0256 WARNING] The primary output port 'csi_sda_oe' wire 'csi_sda_oe' is not driven.
[EFX-0256 WARNING] The primary output port 'csi_rxc_hs_en_o' wire 'csi_rxc_hs_en_o' is not driven.
[EFX-0256 WARNING] The primary output port 'csi_rxc_hs_term_en_o' wire 'csi_rxc_hs_term_en_o' is not driven.
[EFX-0256 WARNING] The primary output port 'csi_rxd0_rst_o' wire 'csi_rxd0_rst_o' is not driven.
[EFX-0256 WARNING] The primary output port 'csi_rxd0_hs_en_o' wire 'csi_rxd0_hs_en_o' is not driven.
[EFX-0256 WARNING] The primary output port 'csi_rxd0_hs_term_en_o' wire 'csi_rxd0_hs_term_en_o' is not driven.
[EFX-0256 WARNING] The primary output port 'csi_rxd1_rst_o' wire 'csi_rxd1_rst_o' is not driven.
[EFX-0256 WARNING] The primary output port 'csi_rxd1_hs_en_o' wire 'csi_rxd1_hs_en_o' is not driven.
[EFX-0256 WARNING] The primary output port 'csi_rxd1_hs_term_en_o' wire 'csi_rxd1_hs_term_en_o' is not driven.
[EFX-0256 WARNING] The primary output port 'csi_rxd2_rst_o' wire 'csi_rxd2_rst_o' is not driven.
[EFX-0256 WARNING] The primary output port 'csi_rxd2_hs_en_o' wire 'csi_rxd2_hs_en_o' is not driven.
[EFX-0256 WARNING] The primary output port 'csi_rxd2_hs_term_en_o' wire 'csi_rxd2_hs_term_en_o' is not driven.
[EFX-0256 WARNING] The primary output port 'csi_rxd3_rst_o' wire 'csi_rxd3_rst_o' is not driven.
[EFX-0256 WARNING] The primary output port 'csi_rxd3_hs_en_o' wire 'csi_rxd3_hs_en_o' is not driven.
[EFX-0256 WARNING] The primary output port 'csi_rxd3_hs_term_en_o' wire 'csi_rxd3_hs_term_en_o' is not driven.
[EFX-0256 WARNING] The primary output port 'dsi_txc_rst_o' wire 'dsi_txc_rst_o' is not driven.
[EFX-0256 WARNING] The primary output port 'dsi_txc_lp_p_oe' wire 'dsi_txc_lp_p_oe' is not driven.
[EFX-0256 WARNING] The primary output port 'dsi_txc_lp_p_o' wire 'dsi_txc_lp_p_o' is not driven.
[EFX-0256 WARNING] The primary output port 'dsi_txc_lp_n_oe' wire 'dsi_txc_lp_n_oe' is not driven.
[EFX-0256 WARNING] The primary output port 'dsi_txc_lp_n_o' wire 'dsi_txc_lp_n_o' is not driven.
[EFX-0256 WARNING] The primary output port 'dsi_txc_hs_oe' wire 'dsi_txc_hs_oe' is not driven.
[EFX-0256 WARNING] The primary output port 'dsi_txc_hs_o[7]' wire 'dsi_txc_hs_o[7]' is not driven.
[EFX-0256 WARNING] The primary output port 'dsi_txc_hs_o[6]' wire 'dsi_txc_hs_o[6]' is not driven.
[EFX-0256 WARNING] The primary output port 'dsi_txc_hs_o[5]' wire 'dsi_txc_hs_o[5]' is not driven.
[EFX-0256 WARNING] The primary output port 'dsi_txc_hs_o[4]' wire 'dsi_txc_hs_o[4]' is not driven.
[EFX-0256 WARNING] The primary output port 'dsi_txc_hs_o[3]' wire 'dsi_txc_hs_o[3]' is not driven.
[EFX-0256 WARNING] The primary output port 'dsi_txc_hs_o[2]' wire 'dsi_txc_hs_o[2]' is not driven.
[EFX-0256 WARNING] The primary output port 'dsi_txc_hs_o[1]' wire 'dsi_txc_hs_o[1]' is not driven.
[EFX-0256 WARNING] The primary output port 'dsi_txc_hs_o[0]' wire 'dsi_txc_hs_o[0]' is not driven.
[EFX-0256 WARNING] The primary output port 'dsi_txd0_rst_o' wire 'dsi_txd0_rst_o' is not driven.
[EFX-0256 WARNING] The primary output port 'dsi_txd0_hs_oe' wire 'dsi_txd0_hs_oe' is not driven.
[EFX-0256 WARNING] The primary output port 'dsi_txd0_hs_o[7]' wire 'dsi_txd0_hs_o[7]' is not driven.
[EFX-0256 WARNING] The primary output port 'dsi_txd0_hs_o[6]' wire 'dsi_txd0_hs_o[6]' is not driven.
[EFX-0256 WARNING] The primary output port 'dsi_txd0_hs_o[5]' wire 'dsi_txd0_hs_o[5]' is not driven.
[EFX-0256 WARNING] The primary output port 'dsi_txd0_hs_o[4]' wire 'dsi_txd0_hs_o[4]' is not driven.
[EFX-0256 WARNING] The primary output port 'dsi_txd0_hs_o[3]' wire 'dsi_txd0_hs_o[3]' is not driven.
[EFX-0256 WARNING] The primary output port 'dsi_txd0_hs_o[2]' wire 'dsi_txd0_hs_o[2]' is not driven.
[EFX-0256 WARNING] The primary output port 'dsi_txd0_hs_o[1]' wire 'dsi_txd0_hs_o[1]' is not driven.
[EFX-0256 WARNING] The primary output port 'dsi_txd0_hs_o[0]' wire 'dsi_txd0_hs_o[0]' is not driven.
[EFX-0256 WARNING] The primary output port 'dsi_txd0_lp_p_oe' wire 'dsi_txd0_lp_p_oe' is not driven.
[EFX-0256 WARNING] The primary output port 'dsi_txd0_lp_p_o' wire 'dsi_txd0_lp_p_o' is not driven.
[EFX-0256 WARNING] The primary output port 'dsi_txd0_lp_n_oe' wire 'dsi_txd0_lp_n_oe' is not driven.
[EFX-0256 WARNING] The primary output port 'dsi_txd0_lp_n_o' wire 'dsi_txd0_lp_n_o' is not driven.
[EFX-0256 WARNING] The primary output port 'dsi_txd1_rst_o' wire 'dsi_txd1_rst_o' is not driven.
[EFX-0256 WARNING] The primary output port 'dsi_txd1_lp_p_oe' wire 'dsi_txd1_lp_p_oe' is not driven.
[EFX-0256 WARNING] The primary output port 'dsi_txd1_lp_p_o' wire 'dsi_txd1_lp_p_o' is not driven.
[EFX-0256 WARNING] The primary output port 'dsi_txd1_lp_n_oe' wire 'dsi_txd1_lp_n_oe' is not driven.
[EFX-0256 WARNING] The primary output port 'dsi_txd1_lp_n_o' wire 'dsi_txd1_lp_n_o' is not driven.
[EFX-0256 WARNING] The primary output port 'dsi_txd1_hs_oe' wire 'dsi_txd1_hs_oe' is not driven.
[EFX-0256 WARNING] The primary output port 'dsi_txd1_hs_o[7]' wire 'dsi_txd1_hs_o[7]' is not driven.
[EFX-0256 WARNING] The primary output port 'dsi_txd1_hs_o[6]' wire 'dsi_txd1_hs_o[6]' is not driven.
[EFX-0256 WARNING] The primary output port 'dsi_txd1_hs_o[5]' wire 'dsi_txd1_hs_o[5]' is not driven.
[EFX-0256 WARNING] The primary output port 'dsi_txd1_hs_o[4]' wire 'dsi_txd1_hs_o[4]' is not driven.
[EFX-0256 WARNING] The primary output port 'dsi_txd1_hs_o[3]' wire 'dsi_txd1_hs_o[3]' is not driven.
[EFX-0256 WARNING] The primary output port 'dsi_txd1_hs_o[2]' wire 'dsi_txd1_hs_o[2]' is not driven.
[EFX-0256 WARNING] The primary output port 'dsi_txd1_hs_o[1]' wire 'dsi_txd1_hs_o[1]' is not driven.
[EFX-0256 WARNING] The primary output port 'dsi_txd1_hs_o[0]' wire 'dsi_txd1_hs_o[0]' is not driven.
[EFX-0256 WARNING] The primary output port 'dsi_txd2_rst_o' wire 'dsi_txd2_rst_o' is not driven.
[EFX-0256 WARNING] The primary output port 'dsi_txd2_lp_p_oe' wire 'dsi_txd2_lp_p_oe' is not driven.
[EFX-0256 WARNING] The primary output port 'dsi_txd2_lp_p_o' wire 'dsi_txd2_lp_p_o' is not driven.
[EFX-0256 WARNING] The primary output port 'dsi_txd2_lp_n_oe' wire 'dsi_txd2_lp_n_oe' is not driven.
[EFX-0256 WARNING] The primary output port 'dsi_txd2_lp_n_o' wire 'dsi_txd2_lp_n_o' is not driven.
[EFX-0256 WARNING] The primary output port 'dsi_txd2_hs_oe' wire 'dsi_txd2_hs_oe' is not driven.
[EFX-0256 WARNING] The primary output port 'dsi_txd2_hs_o[7]' wire 'dsi_txd2_hs_o[7]' is not driven.
[EFX-0256 WARNING] The primary output port 'dsi_txd2_hs_o[6]' wire 'dsi_txd2_hs_o[6]' is not driven.
[EFX-0256 WARNING] The primary output port 'dsi_txd2_hs_o[5]' wire 'dsi_txd2_hs_o[5]' is not driven.
[EFX-0256 WARNING] The primary output port 'dsi_txd2_hs_o[4]' wire 'dsi_txd2_hs_o[4]' is not driven.
[EFX-0256 WARNING] The primary output port 'dsi_txd2_hs_o[3]' wire 'dsi_txd2_hs_o[3]' is not driven.
[EFX-0256 WARNING] The primary output port 'dsi_txd2_hs_o[2]' wire 'dsi_txd2_hs_o[2]' is not driven.
[EFX-0256 WARNING] The primary output port 'dsi_txd2_hs_o[1]' wire 'dsi_txd2_hs_o[1]' is not driven.
[EFX-0256 WARNING] The primary output port 'dsi_txd2_hs_o[0]' wire 'dsi_txd2_hs_o[0]' is not driven.
[EFX-0256 WARNING] The primary output port 'dsi_txd3_rst_o' wire 'dsi_txd3_rst_o' is not driven.
[EFX-0256 WARNING] The primary output port 'dsi_txd3_lp_p_oe' wire 'dsi_txd3_lp_p_oe' is not driven.
[EFX-0256 WARNING] The primary output port 'dsi_txd3_lp_p_o' wire 'dsi_txd3_lp_p_o' is not driven.
[EFX-0256 WARNING] The primary output port 'dsi_txd3_lp_n_oe' wire 'dsi_txd3_lp_n_oe' is not driven.
[EFX-0256 WARNING] The primary output port 'dsi_txd3_lp_n_o' wire 'dsi_txd3_lp_n_o' is not driven.
[EFX-0256 WARNING] The primary output port 'dsi_txd3_hs_oe' wire 'dsi_txd3_hs_oe' is not driven.
[EFX-0256 WARNING] The primary output port 'dsi_txd3_hs_o[7]' wire 'dsi_txd3_hs_o[7]' is not driven.
[EFX-0256 WARNING] The primary output port 'dsi_txd3_hs_o[6]' wire 'dsi_txd3_hs_o[6]' is not driven.
[EFX-0256 WARNING] The primary output port 'dsi_txd3_hs_o[5]' wire 'dsi_txd3_hs_o[5]' is not driven.
[EFX-0256 WARNING] The primary output port 'dsi_txd3_hs_o[4]' wire 'dsi_txd3_hs_o[4]' is not driven.
[EFX-0256 WARNING] The primary output port 'dsi_txd3_hs_o[3]' wire 'dsi_txd3_hs_o[3]' is not driven.
[EFX-0256 WARNING] The primary output port 'dsi_txd3_hs_o[2]' wire 'dsi_txd3_hs_o[2]' is not driven.
[EFX-0256 WARNING] The primary output port 'dsi_txd3_hs_o[1]' wire 'dsi_txd3_hs_o[1]' is not driven.
[EFX-0256 WARNING] The primary output port 'dsi_txd3_hs_o[0]' wire 'dsi_txd3_hs_o[0]' is not driven.
[EFX-0256 WARNING] The primary output port 'led_o[4]' wire 'led_o[4]' is not driven.
[EFX-0256 WARNING] The primary output port 'lvds_txc_oe' wire 'lvds_txc_oe' is not driven.
[EFX-0256 WARNING] The primary output port 'lvds_txc_o[6]' wire 'lvds_txc_o[6]' is not driven.
[EFX-0256 WARNING] The primary output port 'lvds_txc_o[5]' wire 'lvds_txc_o[5]' is not driven.
[EFX-0256 WARNING] The primary output port 'lvds_txc_o[4]' wire 'lvds_txc_o[4]' is not driven.
[EFX-0256 WARNING] The primary output port 'lvds_txc_o[3]' wire 'lvds_txc_o[3]' is not driven.
[EFX-0256 WARNING] The primary output port 'lvds_txc_o[2]' wire 'lvds_txc_o[2]' is not driven.
[EFX-0256 WARNING] The primary output port 'lvds_txc_o[1]' wire 'lvds_txc_o[1]' is not driven.
[EFX-0256 WARNING] The primary output port 'lvds_txc_o[0]' wire 'lvds_txc_o[0]' is not driven.
[EFX-0256 WARNING] The primary output port 'lvds_txc_rst_o' wire 'lvds_txc_rst_o' is not driven.
[EFX-0256 WARNING] The primary output port 'lvds_txd0_oe' wire 'lvds_txd0_oe' is not driven.
[EFX-0256 WARNING] The primary output port 'lvds_txd0_o[6]' wire 'lvds_txd0_o[6]' is not driven.
[EFX-0256 WARNING] The primary output port 'lvds_txd0_o[5]' wire 'lvds_txd0_o[5]' is not driven.
[EFX-0256 WARNING] The primary output port 'lvds_txd0_o[4]' wire 'lvds_txd0_o[4]' is not driven.
[EFX-0256 WARNING] The primary output port 'lvds_txd0_o[3]' wire 'lvds_txd0_o[3]' is not driven.
[EFX-0256 WARNING] The primary output port 'lvds_txd0_o[2]' wire 'lvds_txd0_o[2]' is not driven.
[EFX-0256 WARNING] The primary output port 'lvds_txd0_o[1]' wire 'lvds_txd0_o[1]' is not driven.
[EFX-0256 WARNING] The primary output port 'lvds_txd0_o[0]' wire 'lvds_txd0_o[0]' is not driven.
[EFX-0256 WARNING] The primary output port 'lvds_txd0_rst_o' wire 'lvds_txd0_rst_o' is not driven.
[EFX-0256 WARNING] The primary output port 'lvds_txd1_oe' wire 'lvds_txd1_oe' is not driven.
[EFX-0256 WARNING] The primary output port 'lvds_txd1_o[6]' wire 'lvds_txd1_o[6]' is not driven.
[EFX-0256 WARNING] The primary output port 'lvds_txd1_o[5]' wire 'lvds_txd1_o[5]' is not driven.
[EFX-0256 WARNING] The primary output port 'lvds_txd1_o[4]' wire 'lvds_txd1_o[4]' is not driven.
[EFX-0256 WARNING] The primary output port 'lvds_txd1_o[3]' wire 'lvds_txd1_o[3]' is not driven.
[EFX-0256 WARNING] The primary output port 'lvds_txd1_o[2]' wire 'lvds_txd1_o[2]' is not driven.
[EFX-0256 WARNING] The primary output port 'lvds_txd1_o[1]' wire 'lvds_txd1_o[1]' is not driven.
[EFX-0256 WARNING] The primary output port 'lvds_txd1_o[0]' wire 'lvds_txd1_o[0]' is not driven.
[EFX-0256 WARNING] The primary output port 'lvds_txd1_rst_o' wire 'lvds_txd1_rst_o' is not driven.
[EFX-0256 WARNING] The primary output port 'lvds_txd2_oe' wire 'lvds_txd2_oe' is not driven.
[EFX-0256 WARNING] The primary output port 'lvds_txd2_o[6]' wire 'lvds_txd2_o[6]' is not driven.
[EFX-0256 WARNING] The primary output port 'lvds_txd2_o[5]' wire 'lvds_txd2_o[5]' is not driven.
[EFX-0256 WARNING] The primary output port 'lvds_txd2_o[4]' wire 'lvds_txd2_o[4]' is not driven.
[EFX-0256 WARNING] The primary output port 'lvds_txd2_o[3]' wire 'lvds_txd2_o[3]' is not driven.
[EFX-0256 WARNING] The primary output port 'lvds_txd2_o[2]' wire 'lvds_txd2_o[2]' is not driven.
[EFX-0256 WARNING] The primary output port 'lvds_txd2_o[1]' wire 'lvds_txd2_o[1]' is not driven.
[EFX-0256 WARNING] The primary output port 'lvds_txd2_o[0]' wire 'lvds_txd2_o[0]' is not driven.
[EFX-0256 WARNING] The primary output port 'lvds_txd2_rst_o' wire 'lvds_txd2_rst_o' is not driven.
[EFX-0256 WARNING] The primary output port 'lvds_txd3_oe' wire 'lvds_txd3_oe' is not driven.
[EFX-0256 WARNING] The primary output port 'lvds_txd3_o[6]' wire 'lvds_txd3_o[6]' is not driven.
[EFX-0256 WARNING] The primary output port 'lvds_txd3_o[5]' wire 'lvds_txd3_o[5]' is not driven.
[EFX-0256 WARNING] The primary output port 'lvds_txd3_o[4]' wire 'lvds_txd3_o[4]' is not driven.
[EFX-0256 WARNING] The primary output port 'lvds_txd3_o[3]' wire 'lvds_txd3_o[3]' is not driven.
[EFX-0256 WARNING] The primary output port 'lvds_txd3_o[2]' wire 'lvds_txd3_o[2]' is not driven.
[EFX-0256 WARNING] The primary output port 'lvds_txd3_o[1]' wire 'lvds_txd3_o[1]' is not driven.
[EFX-0256 WARNING] The primary output port 'lvds_txd3_o[0]' wire 'lvds_txd3_o[0]' is not driven.
[EFX-0256 WARNING] The primary output port 'lvds_txd3_rst_o' wire 'lvds_txd3_rst_o' is not driven.
[EFX-0256 WARNING] The primary output port 'lcd_tp_sda_o' wire 'lcd_tp_sda_o' is not driven.
[EFX-0256 WARNING] The primary output port 'lcd_tp_sda_oe' wire 'lcd_tp_sda_oe' is not driven.
[EFX-0256 WARNING] The primary output port 'lcd_tp_scl_o' wire 'lcd_tp_scl_o' is not driven.
[EFX-0256 WARNING] The primary output port 'lcd_tp_scl_oe' wire 'lcd_tp_scl_oe' is not driven.
[EFX-0256 WARNING] The primary output port 'lcd_tp_int_o' wire 'lcd_tp_int_o' is not driven.
[EFX-0256 WARNING] The primary output port 'lcd_tp_int_oe' wire 'lcd_tp_int_oe' is not driven.
[EFX-0256 WARNING] The primary output port 'lcd_tp_rst_o' wire 'lcd_tp_rst_o' is not driven.
[EFX-0256 WARNING] The primary output port 'lcd_pwm_o' wire 'lcd_pwm_o' is not driven.
[EFX-0256 WARNING] The primary output port 'lcd_blen_o' wire 'lcd_blen_o' is not driven.
[EFX-0256 WARNING] The primary output port 'lcd_vs_o' wire 'lcd_vs_o' is not driven.
[EFX-0256 WARNING] The primary output port 'lcd_hs_o' wire 'lcd_hs_o' is not driven.
[EFX-0256 WARNING] The primary output port 'lcd_de_o' wire 'lcd_de_o' is not driven.
[EFX-0200 WARNING] Removing redundant signal : Shift_Q7_Out[4][7]. (D:\yilingsi_fpga\Efinity_Project\Ti60F225_OV5640_Face_Reproduction\ip/DdrCtrl\DdrCtrl.sv:2611)
[EFX-0200 WARNING] Removing redundant signal : Shift_Q7_Out[4][6]. (D:\yilingsi_fpga\Efinity_Project\Ti60F225_OV5640_Face_Reproduction\ip/DdrCtrl\DdrCtrl.sv:2611)
[EFX-0200 WARNING] Removing redundant signal : Shift_Q7_Out[4][5]. (D:\yilingsi_fpga\Efinity_Project\Ti60F225_OV5640_Face_Reproduction\ip/DdrCtrl\DdrCtrl.sv:2611)
[EFX-0200 WARNING] Removing redundant signal : Shift_Q7_Out[4][4]. (D:\yilingsi_fpga\Efinity_Project\Ti60F225_OV5640_Face_Reproduction\ip/DdrCtrl\DdrCtrl.sv:2611)
[EFX-0200 WARNING] Removing redundant signal : Shift_Q7_Out[4][3]. (D:\yilingsi_fpga\Efinity_Project\Ti60F225_OV5640_Face_Reproduction\ip/DdrCtrl\DdrCtrl.sv:2611)
[EFX-0200 WARNING] Removing redundant signal : Shift_Q7_Out[4][2]. (D:\yilingsi_fpga\Efinity_Project\Ti60F225_OV5640_Face_Reproduction\ip/DdrCtrl\DdrCtrl.sv:2611)
[EFX-0200 WARNING] Removing redundant signal : Shift_Q7_Out[4][1]. (D:\yilingsi_fpga\Efinity_Project\Ti60F225_OV5640_Face_Reproduction\ip/DdrCtrl\DdrCtrl.sv:2611)
[EFX-0200 WARNING] Removing redundant signal : Shift_Q7_Out[4][0]. (D:\yilingsi_fpga\Efinity_Project\Ti60F225_OV5640_Face_Reproduction\ip/DdrCtrl\DdrCtrl.sv:2611)
[EFX-0200 WARNING] Removing redundant signal : Shift_Out[7]. (D:\yilingsi_fpga\Efinity_Project\Ti60F225_OV5640_Face_Reproduction\ip/DdrCtrl\DdrCtrl.sv:2611)
[EFX-0200 WARNING] Removing redundant signal : Shift_Out[6]. (D:\yilingsi_fpga\Efinity_Project\Ti60F225_OV5640_Face_Reproduction\ip/DdrCtrl\DdrCtrl.sv:2611)
[EFX-0200 WARNING] Removing redundant signal : Shift_Out[5]. (D:\yilingsi_fpga\Efinity_Project\Ti60F225_OV5640_Face_Reproduction\ip/DdrCtrl\DdrCtrl.sv:2611)
[EFX-0200 WARNING] Removing redundant signal : Shift_Out[4]. (D:\yilingsi_fpga\Efinity_Project\Ti60F225_OV5640_Face_Reproduction\ip/DdrCtrl\DdrCtrl.sv:2611)
[EFX-0200 WARNING] Removing redundant signal : Shift_Out[3]. (D:\yilingsi_fpga\Efinity_Project\Ti60F225_OV5640_Face_Reproduction\ip/DdrCtrl\DdrCtrl.sv:2611)
[EFX-0200 WARNING] Removing redundant signal : Shift_Out[2]. (D:\yilingsi_fpga\Efinity_Project\Ti60F225_OV5640_Face_Reproduction\ip/DdrCtrl\DdrCtrl.sv:2611)
[EFX-0200 WARNING] Removing redundant signal : Shift_Out[1]. (D:\yilingsi_fpga\Efinity_Project\Ti60F225_OV5640_Face_Reproduction\ip/DdrCtrl\DdrCtrl.sv:2611)
[EFX-0200 WARNING] Removing redundant signal : Shift_Out[0]. (D:\yilingsi_fpga\Efinity_Project\Ti60F225_OV5640_Face_Reproduction\ip/DdrCtrl\DdrCtrl.sv:2611)
[EFX-0200 WARNING] Removing redundant signal : Shift_Q7_Out[4][31]. (D:\yilingsi_fpga\Efinity_Project\Ti60F225_OV5640_Face_Reproduction\ip/DdrCtrl\DdrCtrl.sv:2611)
[EFX-0200 WARNING] Removing redundant signal : Shift_Q7_Out[4][30]. (D:\yilingsi_fpga\Efinity_Project\Ti60F225_OV5640_Face_Reproduction\ip/DdrCtrl\DdrCtrl.sv:2611)
[EFX-0200 WARNING] Removing redundant signal : Shift_Q7_Out[4][29]. (D:\yilingsi_fpga\Efinity_Project\Ti60F225_OV5640_Face_Reproduction\ip/DdrCtrl\DdrCtrl.sv:2611)
[EFX-0200 WARNING] Removing redundant signal : Shift_Q7_Out[4][28]. (D:\yilingsi_fpga\Efinity_Project\Ti60F225_OV5640_Face_Reproduction\ip/DdrCtrl\DdrCtrl.sv:2611)
[EFX-0201 WARNING] Re-wiring to GND non-driven net 'u_efx_fifo_top.a_rst_i'. (D:\yilingsi_fpga\Efinity_Project\Ti60F225_OV5640_Face_Reproduction\ip/DdrCtrl\DdrCtrl.sv:4817)
[EFX-0201 WARNING] Re-wiring to GND non-driven net 'u_efx_fifo_top.clk_i'. (D:\yilingsi_fpga\Efinity_Project\Ti60F225_OV5640_Face_Reproduction\ip/DdrCtrl\DdrCtrl.sv:4817)
[EFX-0201 WARNING] Re-wiring to GND non-driven net 'r_rd_fifo_wr_en_p[31]'. (D:\yilingsi_fpga\Efinity_Project\Ti60F225_OV5640_Face_Reproduction\ip/DdrCtrl\DdrCtrl.sv:1460)
[EFX-0201 WARNING] Re-wiring to GND non-driven net 'r_rd_fifo_wr_en_p[30]'. (D:\yilingsi_fpga\Efinity_Project\Ti60F225_OV5640_Face_Reproduction\ip/DdrCtrl\DdrCtrl.sv:1460)
[EFX-0201 WARNING] Re-wiring to GND non-driven net 'r_rd_fifo_wr_en_p[29]'. (D:\yilingsi_fpga\Efinity_Project\Ti60F225_OV5640_Face_Reproduction\ip/DdrCtrl\DdrCtrl.sv:1460)
[EFX-0201 WARNING] Re-wiring to GND non-driven net 'r_rd_fifo_wr_en_p[28]'. (D:\yilingsi_fpga\Efinity_Project\Ti60F225_OV5640_Face_Reproduction\ip/DdrCtrl\DdrCtrl.sv:1460)
[EFX-0201 WARNING] Re-wiring to GND non-driven net 'r_rd_fifo_wr_en_p[27]'. (D:\yilingsi_fpga\Efinity_Project\Ti60F225_OV5640_Face_Reproduction\ip/DdrCtrl\DdrCtrl.sv:1460)
[EFX-0201 WARNING] Re-wiring to GND non-driven net 'r_rd_fifo_wr_en_p[26]'. (D:\yilingsi_fpga\Efinity_Project\Ti60F225_OV5640_Face_Reproduction\ip/DdrCtrl\DdrCtrl.sv:1460)
[EFX-0201 WARNING] Re-wiring to GND non-driven net 'r_rd_fifo_wr_en_p[25]'. (D:\yilingsi_fpga\Efinity_Project\Ti60F225_OV5640_Face_Reproduction\ip/DdrCtrl\DdrCtrl.sv:1460)
[EFX-0201 WARNING] Re-wiring to GND non-driven net 'r_rd_fifo_wr_en_p[24]'. (D:\yilingsi_fpga\Efinity_Project\Ti60F225_OV5640_Face_Reproduction\ip/DdrCtrl\DdrCtrl.sv:1460)
[EFX-0657 WARNING] Mapping into logic memory block 'u_streaming_connected_components/min_x_buf0' (704 bits) (D:\yilingsi_fpga\Efinity_Project\Ti60F225_OV5640_Face_Reproduction\src\face\streaming_connected_components.v:181) because it has async writer.
[EFX-0657 WARNING] Mapping into logic memory block 'u_streaming_connected_components/max_x_buf0' (704 bits) (D:\yilingsi_fpga\Efinity_Project\Ti60F225_OV5640_Face_Reproduction\src\face\streaming_connected_components.v:181) because it has async writer.
[EFX-0657 WARNING] Mapping into logic memory block 'u_streaming_connected_components/min_y_buf0' (640 bits) (D:\yilingsi_fpga\Efinity_Project\Ti60F225_OV5640_Face_Reproduction\src\face\streaming_connected_components.v:182) because it has async writer.
[EFX-0657 WARNING] Mapping into logic memory block 'u_streaming_connected_components/max_y_buf0' (640 bits) (D:\yilingsi_fpga\Efinity_Project\Ti60F225_OV5640_Face_Reproduction\src\face\streaming_connected_components.v:182) because it has async writer.
[EFX-0657 WARNING] Mapping into logic memory block 'u_streaming_connected_components/area_buf0' (1408 bits) (D:\yilingsi_fpga\Efinity_Project\Ti60F225_OV5640_Face_Reproduction\src\face\streaming_connected_components.v:183) because it has async writer.
[EFX-0657 WARNING] Mapping into logic memory block 'u_streaming_connected_components/min_x_buf1' (704 bits) (D:\yilingsi_fpga\Efinity_Project\Ti60F225_OV5640_Face_Reproduction\src\face\streaming_connected_components.v:184) because it has async writer.
[EFX-0657 WARNING] Mapping into logic memory block 'u_streaming_connected_components/max_x_buf1' (704 bits) (D:\yilingsi_fpga\Efinity_Project\Ti60F225_OV5640_Face_Reproduction\src\face\streaming_connected_components.v:184) because it has async writer.
[EFX-0657 WARNING] Mapping into logic memory block 'u_streaming_connected_components/min_y_buf1' (640 bits) (D:\yilingsi_fpga\Efinity_Project\Ti60F225_OV5640_Face_Reproduction\src\face\streaming_connected_components.v:185) because it has async writer.
[EFX-0657 WARNING] Mapping into logic memory block 'u_streaming_connected_components/max_y_buf1' (640 bits) (D:\yilingsi_fpga\Efinity_Project\Ti60F225_OV5640_Face_Reproduction\src\face\streaming_connected_components.v:185) because it has async writer.
[EFX-0657 WARNING] Mapping into logic memory block 'u_streaming_connected_components/area_buf1' (1408 bits) (D:\yilingsi_fpga\Efinity_Project\Ti60F225_OV5640_Face_Reproduction\src\face\streaming_connected_components.v:186) because it has async writer.
[EFX-0657 WARNING] Mapping into logic memory block 'u_bbox_overlay/a_x0' (88 bits) (D:\yilingsi_fpga\Efinity_Project\Ti60F225_OV5640_Face_Reproduction\src\face\bbox_overlay.v:51) because it has async writer.
[EFX-0657 WARNING] Mapping into logic memory block 'u_bbox_overlay/a_x1' (88 bits) (D:\yilingsi_fpga\Efinity_Project\Ti60F225_OV5640_Face_Reproduction\src\face\bbox_overlay.v:52) because it has async writer.
[EFX-0657 WARNING] Mapping into logic memory block 'u_bbox_overlay/a_y0' (80 bits) (D:\yilingsi_fpga\Efinity_Project\Ti60F225_OV5640_Face_Reproduction\src\face\bbox_overlay.v:53) because it has async writer.
[EFX-0657 WARNING] Mapping into logic memory block 'u_bbox_overlay/a_y1' (80 bits) (D:\yilingsi_fpga\Efinity_Project\Ti60F225_OV5640_Face_Reproduction\src\face\bbox_overlay.v:54) because it has async writer.
[EFX-0657 WARNING] Mapping into logic memory block 'u_bbox_overlay/b_x0' (88 bits) (D:\yilingsi_fpga\Efinity_Project\Ti60F225_OV5640_Face_Reproduction\src\face\bbox_overlay.v:57) because it has async writer.
[EFX-0657 WARNING] Mapping into logic memory block 'u_bbox_overlay/b_x1' (88 bits) (D:\yilingsi_fpga\Efinity_Project\Ti60F225_OV5640_Face_Reproduction\src\face\bbox_overlay.v:58) because it has async writer.
[EFX-0657 WARNING] Mapping into logic memory block 'u_bbox_overlay/b_y0' (80 bits) (D:\yilingsi_fpga\Efinity_Project\Ti60F225_OV5640_Face_Reproduction\src\face\bbox_overlay.v:59) because it has async writer.
[EFX-0657 WARNING] Mapping into logic memory block 'u_bbox_overlay/b_y1' (80 bits) (D:\yilingsi_fpga\Efinity_Project\Ti60F225_OV5640_Face_Reproduction\src\face\bbox_overlay.v:60) because it has async writer.
[EFX-0011 VERI-WARNING] Input/inout port clk_24m is unconnected and will be removed. (VDB-8003) (D:\yilingsi_fpga\Efinity_Project\Ti60F225_OV5640_Face_Reproduction\example_top.v:11)
[EFX-0011 VERI-WARNING] Input/inout port clk_25m is unconnected and will be removed. (VDB-8003) (D:\yilingsi_fpga\Efinity_Project\Ti60F225_OV5640_Face_Reproduction\example_top.v:12)
[EFX-0011 VERI-WARNING] Input/inout port clk_pixel_2x is unconnected and will be removed. (VDB-8003) (D:\yilingsi_fpga\Efinity_Project\Ti60F225_OV5640_Face_Reproduction\example_top.v:21)
[EFX-0011 VERI-WARNING] Input/inout port clk_pixel_10x is unconnected and will be removed. (VDB-8003) (D:\yilingsi_fpga\Efinity_Project\Ti60F225_OV5640_Face_Reproduction\example_top.v:22)
[EFX-0011 VERI-WARNING] Input/inout port dsi_refclk_i is unconnected and will be removed. (VDB-8003) (D:\yilingsi_fpga\Efinity_Project\Ti60F225_OV5640_Face_Reproduction\example_top.v:30)
[EFX-0011 VERI-WARNING] Input/inout port dsi_byteclk_i is unconnected and will be removed. (VDB-8003) (D:\yilingsi_fpga\Efinity_Project\Ti60F225_OV5640_Face_Reproduction\example_top.v:31)
[EFX-0011 VERI-WARNING] Input/inout port dsi_serclk_i is unconnected and will be removed. (VDB-8003) (D:\yilingsi_fpga\Efinity_Project\Ti60F225_OV5640_Face_Reproduction\example_top.v:32)
[EFX-0011 VERI-WARNING] Input/inout port dsi_txcclk_i is unconnected and will be removed. (VDB-8003) (D:\yilingsi_fpga\Efinity_Project\Ti60F225_OV5640_Face_Reproduction\example_top.v:33)
[EFX-0011 VERI-WARNING] Input/inout port clk_lvds_1x is unconnected and will be removed. (VDB-8003) (D:\yilingsi_fpga\Efinity_Project\Ti60F225_OV5640_Face_Reproduction\example_top.v:60)
[EFX-0011 VERI-WARNING] Input/inout port clk_lvds_7x is unconnected and will be removed. (VDB-8003) (D:\yilingsi_fpga\Efinity_Project\Ti60F225_OV5640_Face_Reproduction\example_top.v:61)
[EFX-0011 VERI-WARNING] Input/inout port clk_27m is unconnected and will be removed. (VDB-8003) (D:\yilingsi_fpga\Efinity_Project\Ti60F225_OV5640_Face_Reproduction\example_top.v:62)
[EFX-0011 VERI-WARNING] Input/inout port clk_54m is unconnected and will be removed. (VDB-8003) (D:\yilingsi_fpga\Efinity_Project\Ti60F225_OV5640_Face_Reproduction\example_top.v:63)
[EFX-0011 VERI-WARNING] Input/inout port i_dqs_n_hi[1] is unconnected and will be removed. (VDB-8003) (D:\yilingsi_fpga\Efinity_Project\Ti60F225_OV5640_Face_Reproduction\example_top.v:97)
[EFX-0011 VERI-WARNING] Input/inout port i_dqs_n_lo[1] is unconnected and will be removed. (VDB-8003) (D:\yilingsi_fpga\Efinity_Project\Ti60F225_OV5640_Face_Reproduction\example_top.v:98)
[EFX-0011 VERI-WARNING] Input/inout port csi_ctl0_i is unconnected and will be removed. (VDB-8003) (D:\yilingsi_fpga\Efinity_Project\Ti60F225_OV5640_Face_Reproduction\example_top.v:121)
[EFX-0011 VERI-WARNING] Input/inout port csi_ctl1_i is unconnected and will be removed. (VDB-8003) (D:\yilingsi_fpga\Efinity_Project\Ti60F225_OV5640_Face_Reproduction\example_top.v:125)
[EFX-0011 VERI-WARNING] Input/inout port csi_scl_i is unconnected and will be removed. (VDB-8003) (D:\yilingsi_fpga\Efinity_Project\Ti60F225_OV5640_Face_Reproduction\example_top.v:129)
[EFX-0011 VERI-WARNING] Input/inout port csi_sda_i is unconnected and will be removed. (VDB-8003) (D:\yilingsi_fpga\Efinity_Project\Ti60F225_OV5640_Face_Reproduction\example_top.v:133)
[EFX-0011 VERI-WARNING] Input/inout port csi_rxc_lp_p_i is unconnected and will be removed. (VDB-8003) (D:\yilingsi_fpga\Efinity_Project\Ti60F225_OV5640_Face_Reproduction\example_top.v:136)
[EFX-0011 VERI-WARNING] Input/inout port csi_rxc_lp_n_i is unconnected and will be removed. (VDB-8003) (D:\yilingsi_fpga\Efinity_Project\Ti60F225_OV5640_Face_Reproduction\example_top.v:137)
[EFX-0011 VERI-WARNING] Input/inout port csi_rxc_i is unconnected and will be removed. (VDB-8003) (D:\yilingsi_fpga\Efinity_Project\Ti60F225_OV5640_Face_Reproduction\example_top.v:140)
[EFX-0011 VERI-WARNING] Input/inout port csi_rxd0_lp_p_i is unconnected and will be removed. (VDB-8003) (D:\yilingsi_fpga\Efinity_Project\Ti60F225_OV5640_Face_Reproduction\example_top.v:147)
[EFX-0011 VERI-WARNING] Input/inout port csi_rxd0_lp_n_i is unconnected and will be removed. (VDB-8003) (D:\yilingsi_fpga\Efinity_Project\Ti60F225_OV5640_Face_Reproduction\example_top.v:148)
[EFX-0011 VERI-WARNING] Input/inout port csi_rxd0_hs_i[7] is unconnected and will be removed. (VDB-8003) (D:\yilingsi_fpga\Efinity_Project\Ti60F225_OV5640_Face_Reproduction\example_top.v:149)
[EFX-0011 VERI-WARNING] Input/inout port csi_rxd1_lp_n_i is unconnected and will be removed. (VDB-8003) (D:\yilingsi_fpga\Efinity_Project\Ti60F225_OV5640_Face_Reproduction\example_top.v:156)
[EFX-0011 VERI-WARNING] Input/inout port csi_rxd1_lp_p_i is unconnected and will be removed. (VDB-8003) (D:\yilingsi_fpga\Efinity_Project\Ti60F225_OV5640_Face_Reproduction\example_top.v:157)
[EFX-0011 VERI-WARNING] Input/inout port csi_rxd1_hs_i[7] is unconnected and will be removed. (VDB-8003) (D:\yilingsi_fpga\Efinity_Project\Ti60F225_OV5640_Face_Reproduction\example_top.v:158)
[EFX-0011 VERI-WARNING] Input/inout port csi_rxd2_lp_p_i is unconnected and will be removed. (VDB-8003) (D:\yilingsi_fpga\Efinity_Project\Ti60F225_OV5640_Face_Reproduction\example_top.v:165)
[EFX-0011 VERI-WARNING] Input/inout port csi_rxd2_lp_n_i is unconnected and will be removed. (VDB-8003) (D:\yilingsi_fpga\Efinity_Project\Ti60F225_OV5640_Face_Reproduction\example_top.v:166)
[EFX-0011 VERI-WARNING] Input/inout port csi_rxd2_hs_i[7] is unconnected and will be removed. (VDB-8003) (D:\yilingsi_fpga\Efinity_Project\Ti60F225_OV5640_Face_Reproduction\example_top.v:167)
[EFX-0011 VERI-WARNING] Input/inout port csi_rxd3_lp_p_i is unconnected and will be removed. (VDB-8003) (D:\yilingsi_fpga\Efinity_Project\Ti60F225_OV5640_Face_Reproduction\example_top.v:174)
[EFX-0011 VERI-WARNING] Input/inout port csi_rxd3_lp_n_i is unconnected and will be removed. (VDB-8003) (D:\yilingsi_fpga\Efinity_Project\Ti60F225_OV5640_Face_Reproduction\example_top.v:175)
[EFX-0011 VERI-WARNING] Input/inout port csi_rxd3_hs_i[7] is unconnected and will be removed. (VDB-8003) (D:\yilingsi_fpga\Efinity_Project\Ti60F225_OV5640_Face_Reproduction\example_top.v:176)
[EFX-0011 VERI-WARNING] Input/inout port dsi_txd0_lp_p_i is unconnected and will be removed. (VDB-8003) (D:\yilingsi_fpga\Efinity_Project\Ti60F225_OV5640_Face_Reproduction\example_top.v:235)
[EFX-0011 VERI-WARNING] Input/inout port dsi_txd0_lp_n_i is unconnected and will be removed. (VDB-8003) (D:\yilingsi_fpga\Efinity_Project\Ti60F225_OV5640_Face_Reproduction\example_top.v:236)
[EFX-0011 VERI-WARNING] Input/inout port dsi_txd1_lp_p_i is unconnected and will be removed. (VDB-8003) (D:\yilingsi_fpga\Efinity_Project\Ti60F225_OV5640_Face_Reproduction\example_top.v:237)
[EFX-0011 VERI-WARNING] Input/inout port dsi_txd1_lp_n_i is unconnected and will be removed. (VDB-8003) (D:\yilingsi_fpga\Efinity_Project\Ti60F225_OV5640_Face_Reproduction\example_top.v:238)
[EFX-0011 VERI-WARNING] Input/inout port dsi_txd2_lp_p_i is unconnected and will be removed. (VDB-8003) (D:\yilingsi_fpga\Efinity_Project\Ti60F225_OV5640_Face_Reproduction\example_top.v:239)
[EFX-0011 VERI-WARNING] Input/inout port dsi_txd2_lp_n_i is unconnected and will be removed. (VDB-8003) (D:\yilingsi_fpga\Efinity_Project\Ti60F225_OV5640_Face_Reproduction\example_top.v:240)
[EFX-0011 VERI-WARNING] Input/inout port dsi_txd3_lp_p_i is unconnected and will be removed. (VDB-8003) (D:\yilingsi_fpga\Efinity_Project\Ti60F225_OV5640_Face_Reproduction\example_top.v:241)
[EFX-0011 VERI-WARNING] Input/inout port dsi_txd3_lp_n_i is unconnected and will be removed. (VDB-8003) (D:\yilingsi_fpga\Efinity_Project\Ti60F225_OV5640_Face_Reproduction\example_top.v:242)
[EFX-0011 VERI-WARNING] Input/inout port cmos_sdat_IN is unconnected and will be removed. (VDB-8003) (D:\yilingsi_fpga\Efinity_Project\Ti60F225_OV5640_Face_Reproduction\example_top.v:257)
[EFX-0011 VERI-WARNING] Input/inout port cmos_ctl1_i is unconnected and will be removed. (VDB-8003) (D:\yilingsi_fpga\Efinity_Project\Ti60F225_OV5640_Face_Reproduction\example_top.v:269)
[EFX-0011 VERI-WARNING] Input/inout port cmos_ctl2_i is unconnected and will be removed. (VDB-8003) (D:\yilingsi_fpga\Efinity_Project\Ti60F225_OV5640_Face_Reproduction\example_top.v:272)
[EFX-0011 VERI-WARNING] Input/inout port cmos_ctl3_i is unconnected and will be removed. (VDB-8003) (D:\yilingsi_fpga\Efinity_Project\Ti60F225_OV5640_Face_Reproduction\example_top.v:275)
[EFX-0011 VERI-WARNING] Input/inout port lcd_tp_sda_i is unconnected and will be removed. (VDB-8003) (D:\yilingsi_fpga\Efinity_Project\Ti60F225_OV5640_Face_Reproduction\example_top.v:323)
[EFX-0011 VERI-WARNING] Input/inout port lcd_tp_scl_i is unconnected and will be removed. (VDB-8003) (D:\yilingsi_fpga\Efinity_Project\Ti60F225_OV5640_Face_Reproduction\example_top.v:327)
[EFX-0011 VERI-WARNING] Input/inout port lcd_tp_int_i is unconnected and will be removed. (VDB-8003) (D:\yilingsi_fpga\Efinity_Project\Ti60F225_OV5640_Face_Reproduction\example_top.v:331)
[EFX-0011 VERI-WARNING] Input/inout port lcd_b7_0_i[7] is unconnected and will be removed. (VDB-8003) (D:\yilingsi_fpga\Efinity_Project\Ti60F225_OV5640_Face_Reproduction\example_top.v:351)
[EFX-0011 VERI-WARNING] Input/inout port lcd_g7_0_i[7] is unconnected and will be removed. (VDB-8003) (D:\yilingsi_fpga\Efinity_Project\Ti60F225_OV5640_Face_Reproduction\example_top.v:352)
[EFX-0011 VERI-WARNING] Input/inout port lcd_r7_0_i[7] is unconnected and will be removed. (VDB-8003) (D:\yilingsi_fpga\Efinity_Project\Ti60F225_OV5640_Face_Reproduction\example_top.v:353)
[EFX-0011 VERI-WARNING] CE port of EFX_DSP48 instance u_bbox_filter_720p/n377_pp_0x0 is permanently disabled (VDB-8002) 
[EFX-0011 VERI-WARNING] CE port of EFX_DSP48 instance u_bbox_filter_720p/n578_pp_1x0 is permanently disabled (VDB-8002) 
[EFX-0011 VERI-WARNING] CE port of EFX_DSP48 instance u_bbox_filter_720p/n578_pp_0x0 is permanently disabled (VDB-8002) 
[EFX-0011 VERI-WARNING] CE port of EFX_DSP48 instance u_bbox_filter_720p/n377_pp_1x0 is permanently disabled (VDB-8002) 
[EFX-0011 VERI-WARNING] Found 106 warnings in the post-synthesis netlist. 

///////////////////////////////////
// Efinity Synthesis Started 
// Sep 20, 2026 11:16:59
///////////////////////////////////

[EFX-0011 VERI-WARNING] port 'cal_shift_val' remains unconnected for this instance (VERI-1927) (D:\Efinity_Project\Efinity_Project\Ti60F225_OV5640_Face_Reproduction\example_top.v:612)
[EFX-0011 VERI-WARNING] port 'axi_awid' remains unconnected for this instance (VERI-1927) (D:\Efinity_Project\Efinity_Project\Ti60F225_OV5640_Face_Reproduction\example_top.v:966)
[EFX-0011 VERI-WARNING] port 'lcd_xpos' remains unconnected for this instance (VERI-1927) (D:\Efinity_Project\Efinity_Project\Ti60F225_OV5640_Face_Reproduction\example_top.v:997)
[EFX-0011 VERI-WARNING] port 'pending_swap' remains unconnected for this instance (VERI-1927) (D:\Efinity_Project\Efinity_Project\Ti60F225_OV5640_Face_Reproduction\example_top.v:1140)
[EFX-0011 VERI-WARNING] port 'TMDS_Clk_p' remains unconnected for this instance (VERI-1927) (D:\Efinity_Project\Efinity_Project\Ti60F225_OV5640_Face_Reproduction\example_top.v:1193)
[EFX-0011 VERI-WARNING] expression size 32 truncated to fit in target size 1 (VERI-1209) (D:\Efinity_Project\Efinity_Project\Ti60F225_OV5640_Face_Reproduction\example_top.v:443)
[EFX-0011 VERI-WARNING] port 'wr_busy' remains unconnected for this instance (VERI-1927) (D:/Efinity_Project/Efinity_Project/Ti60F225_OV5640_Face_Reproduction\ip/DdrCtrl\DdrCtrl.sv:184)
[EFX-0011 VERI-WARNING] port 'wr_data' is not connected on this instance (VERI-2435) (D:/Efinity_Project/Efinity_Project/Ti60F225_OV5640_Face_Reproduction\ip/DdrCtrl\DdrCtrl.sv:184)
[EFX-0011 VERI-WARNING] port '**' is not connected on this instance (VERI-2435) (D:/Efinity_Project/Efinity_Project/Ti60F225_OV5640_Face_Reproduction\ip/DdrCtrl\DdrCtrl.sv:2496)
[EFX-0011 VERI-WARNING] expression size ** truncated to fit in target size ** (VERI-1209) (D:/Efinity_Project/Efinity_Project/Ti60F225_OV5640_Face_Reproduction\ip/DdrCtrl\DdrCtrl.sv:2611)
[EFX-0011 VERI-WARNING] actual bit length ** differs from formal bit length *** for port '**' (VERI-1330) (D:/Efinity_Project/Efinity_Project/Ti60F225_OV5640_Face_Reproduction\ip/DdrCtrl\DdrCtrl.sv:2496)
[EFX-0011 VERI-WARNING] expression size ** truncated to fit in target size ** (VERI-1209) (D:/Efinity_Project/Efinity_Project/Ti60F225_OV5640_Face_Reproduction\ip/DdrCtrl\DdrCtrl.sv:2611)
[EFX-0011 VERI-WARNING] expression size ** truncated to fit in target size ** (VERI-1209) (D:/Efinity_Project/Efinity_Project/Ti60F225_OV5640_Face_Reproduction\ip/DdrCtrl\DdrCtrl.sv:2611)
[EFX-0011 VERI-WARNING] actual bit length ** differs from formal bit length *** for port '**' (VERI-1330) (D:/Efinity_Project/Efinity_Project/Ti60F225_OV5640_Face_Reproduction\ip/DdrCtrl\DdrCtrl.sv:2496)
[EFX-0011 VERI-WARNING] port '**' remains unconnected for this instance (VERI-1927) (D:/Efinity_Project/Efinity_Project/Ti60F225_OV5640_Face_Reproduction\ip/DdrCtrl\DdrCtrl.sv:590)
[EFX-0011 VERI-WARNING] actual bit length ** differs from formal bit length *** for port '**' (VERI-1330) (D:/Efinity_Project/Efinity_Project/Ti60F225_OV5640_Face_Reproduction\ip/DdrCtrl\DdrCtrl.sv:590)
[EFX-0011 VERI-WARNING] port '**' remains unconnected for this instance (VERI-1927) (D:/Efinity_Project/Efinity_Project/Ti60F225_OV5640_Face_Reproduction\ip/DdrCtrl\DdrCtrl.sv:1460)
[EFX-0011 VERI-WARNING] port '**' remains unconnected for this instance (VERI-1927) (D:/Efinity_Project/Efinity_Project/Ti60F225_OV5640_Face_Reproduction\ip/DdrCtrl\DdrCtrl.sv:4817)
[EFX-0011 VERI-WARNING] actual bit length ** differs from formal bit length *** for port '**' (VERI-1330) (D:/Efinity_Project/Efinity_Project/Ti60F225_OV5640_Face_Reproduction\ip/DdrCtrl\DdrCtrl.sv:4817)
[EFX-0011 VERI-WARNING] input port '**' is not connected on this instance (VDB-1013) (D:/Efinity_Project/Efinity_Project/Ti60F225_OV5640_Face_Reproduction\ip/DdrCtrl\DdrCtrl.sv:4817)
[EFX-0011 VERI-WARNING] expression size ** truncated to fit in target size ** (VERI-1209) (D:/Efinity_Project/Efinity_Project/Ti60F225_OV5640_Face_Reproduction\ip/DdrCtrl\DdrCtrl.sv:1460)
[EFX-0011 VERI-WARNING] net '**' does not have a driver (VDB-1002) (D:/Efinity_Project/Efinity_Project/Ti60F225_OV5640_Face_Reproduction\ip/DdrCtrl\DdrCtrl.sv:1460)
[EFX-0011 VERI-WARNING] net '**' does not have a driver (VDB-1002) (D:/Efinity_Project/Efinity_Project/Ti60F225_OV5640_Face_Reproduction\ip/DdrCtrl\DdrCtrl.sv:590)
[EFX-0011 VERI-WARNING] input port '**' is not connected on this instance (VDB-1013) (D:/Efinity_Project/Efinity_Project/Ti60F225_OV5640_Face_Reproduction\ip/DdrCtrl\DdrCtrl.sv:590)
[EFX-0011 VERI-WARNING] input port '**' is not connected on this instance (VDB-1013) (D:/Efinity_Project/Efinity_Project/Ti60F225_OV5640_Face_Reproduction\ip/DdrCtrl\DdrCtrl.sv:2496)
[EFX-0011 VERI-WARNING] input port 'wr_data[127]' is not connected on this instance (VDB-1013) (D:/Efinity_Project/Efinity_Project/Ti60F225_OV5640_Face_Reproduction\ip/DdrCtrl\DdrCtrl.sv:117)
[EFX-0011 VERI-WARNING] actual bit length 4 differs from formal bit length 8 for port 'axi_aid' (VERI-1330) (D:\Efinity_Project\Efinity_Project\Ti60F225_OV5640_Face_Reproduction\example_top.v:579)
[EFX-0011 VERI-WARNING] actual bit length 4 differs from formal bit length 8 for port 'axi_wid' (VERI-1330) (D:\Efinity_Project\Efinity_Project\Ti60F225_OV5640_Face_Reproduction\example_top.v:586)
[EFX-0011 VERI-WARNING] actual bit length 4 differs from formal bit length 8 for port 'axi_bid' (VERI-1330) (D:\Efinity_Project\Efinity_Project\Ti60F225_OV5640_Face_Reproduction\example_top.v:595)
[EFX-0011 VERI-WARNING] actual bit length 4 differs from formal bit length 8 for port 'axi_rid' (VERI-1330) (D:\Efinity_Project\Efinity_Project\Ti60F225_OV5640_Face_Reproduction\example_top.v:601)
[EFX-0011 VERI-WARNING] expression size 2 truncated to fit in target size 1 (VERI-1209) (D:\Efinity_Project\Efinity_Project\Ti60F225_OV5640_Face_Reproduction\src\axi\AXI4_AWARMux.v:90)
[EFX-0011 VERI-WARNING] expression size 3 truncated to fit in target size 2 (VERI-1209) (D:\Efinity_Project\Efinity_Project\Ti60F225_OV5640_Face_Reproduction\example_top.v:713)
[EFX-0011 VERI-WARNING] expression size 5 truncated to fit in target size 4 (VERI-1209) (D:\Efinity_Project\Efinity_Project\Ti60F225_OV5640_Face_Reproduction\example_top.v:714)
[EFX-0011 VERI-WARNING] expression size 8 truncated to fit in target size 7 (VERI-1209) (D:\Efinity_Project\Efinity_Project\Ti60F225_OV5640_Face_Reproduction\src\PWMLite.v:22)
[EFX-0011 VERI-WARNING] actual bit length 64 differs from formal bit length 8 for port 'image_out_data' (VERI-1330) (D:\Efinity_Project\Efinity_Project\Ti60F225_OV5640_Face_Reproduction\example_top.v:867)
[EFX-0011 VERI-WARNING] expression size 32 truncated to fit in target size 16 (VERI-1209) (D:\Efinity_Project\Efinity_Project\Ti60F225_OV5640_Face_Reproduction\src\axi\axi4_ctrl.v:91)
[EFX-0011 VERI-WARNING] expression size 3 truncated to fit in target size 2 (VERI-1209) (D:\Efinity_Project\Efinity_Project\Ti60F225_OV5640_Face_Reproduction\src\axi\axi4_ctrl.v:113)
[EFX-0011 VERI-WARNING] expression size 3 truncated to fit in target size 2 (VERI-1209) (D:\Efinity_Project\Efinity_Project\Ti60F225_OV5640_Face_Reproduction\src\axi\axi4_ctrl.v:114)
[EFX-0011 VERI-WARNING] expression size 3 truncated to fit in target size 2 (VERI-1209) (D:\Efinity_Project\Efinity_Project\Ti60F225_OV5640_Face_Reproduction\src\axi\axi4_ctrl.v:196)
[EFX-0011 VERI-WARNING] expression size 2 truncated to fit in target size 1 (VERI-1209) (D:\Efinity_Project\Efinity_Project\Ti60F225_OV5640_Face_Reproduction\src\axi\axi4_ctrl.v:238)
[EFX-0011 VERI-WARNING] expression size 23 truncated to fit in target size 22 (VERI-1209) (D:\Efinity_Project\Efinity_Project\Ti60F225_OV5640_Face_Reproduction\src\axi\axi4_ctrl.v:257)
[EFX-0011 VERI-WARNING] port 'a_wr_rst_i' remains unconnected for this instance (VERI-1927) (D:/Efinity_Project/Efinity_Project/Ti60F225_OV5640_Face_Reproduction\ip/W0_FIFO_8\W0_FIFO_8.sv:116)
[EFX-0011 VERI-WARNING] expression size 32 truncated to fit in target size 14 (VERI-1209) (D:/Efinity_Project/Efinity_Project/Ti60F225_OV5640_Face_Reproduction\ip/W0_FIFO_8\W0_FIFO_8.sv:1251)
[EFX-0011 VERI-WARNING] expression size 32 truncated to fit in target size 10 (VERI-1209) (D:/Efinity_Project/Efinity_Project/Ti60F225_OV5640_Face_Reproduction\ip/W0_FIFO_8\W0_FIFO_8.sv:1252)
[EFX-0011 VERI-WARNING] input port 'a_wr_rst_i' is not connected on this instance (VDB-1013) (D:/Efinity_Project/Efinity_Project/Ti60F225_OV5640_Face_Reproduction\ip/W0_FIFO_8\W0_FIFO_8.sv:95)
[EFX-0011 VERI-WARNING] port 'a_wr_rst_i' remains unconnected for this instance (VERI-1927) (D:/Efinity_Project/Efinity_Project/Ti60F225_OV5640_Face_Reproduction\ip/R0_FIFO_16\R0_FIFO_16.sv:116)
[EFX-0011 VERI-WARNING] expression size 32 truncated to fit in target size 10 (VERI-1209) (D:/Efinity_Project/Efinity_Project/Ti60F225_OV5640_Face_Reproduction\ip/R0_FIFO_16\R0_FIFO_16.sv:1236)
[EFX-0011 VERI-WARNING] expression size 32 truncated to fit in target size 13 (VERI-1209) (D:/Efinity_Project/Efinity_Project/Ti60F225_OV5640_Face_Reproduction\ip/R0_FIFO_16\R0_FIFO_16.sv:1237)
[EFX-0011 VERI-WARNING] input port 'a_wr_rst_i' is not connected on this instance (VDB-1013) (D:/Efinity_Project/Efinity_Project/Ti60F225_OV5640_Face_Reproduction\ip/R0_FIFO_16\R0_FIFO_16.sv:95)
[EFX-0011 VERI-WARNING] expression size 17 truncated to fit in target size 16 (VERI-1209) (D:\Efinity_Project\Efinity_Project\Ti60F225_OV5640_Face_Reproduction\src\axi\axi4_ctrl.v:464)
[EFX-0011 VERI-WARNING] expression size 23 truncated to fit in target size 22 (VERI-1209) (D:\Efinity_Project\Efinity_Project\Ti60F225_OV5640_Face_Reproduction\src\axi\axi4_ctrl.v:574)
[EFX-0011 VERI-WARNING] actual bit length 32 differs from formal bit length 4 for port 'axi_bid' (VERI-1330) (D:\Efinity_Project\Efinity_Project\Ti60F225_OV5640_Face_Reproduction\example_top.v:938)
[EFX-0011 VERI-WARNING] actual bit length 32 differs from formal bit length 2 for port 'axi_bresp' (VERI-1330) (D:\Efinity_Project\Efinity_Project\Ti60F225_OV5640_Face_Reproduction\example_top.v:939)
[EFX-0011 VERI-WARNING] actual bit length 32 differs from formal bit length 1 for port 'axi_bvalid' (VERI-1330) (D:\Efinity_Project\Efinity_Project\Ti60F225_OV5640_Face_Reproduction\example_top.v:940)
[EFX-0011 VERI-WARNING] actual bit length 32 differs from formal bit length 2 for port 'axi_rresp' (VERI-1330) (D:\Efinity_Project\Efinity_Project\Ti60F225_OV5640_Face_Reproduction\example_top.v:950)
[EFX-0011 VERI-WARNING] actual bit length 64 differs from formal bit length 8 for port 'wframe_data' (VERI-1330) (D:\Efinity_Project\Efinity_Project\Ti60F225_OV5640_Face_Reproduction\example_top.v:958)
[EFX-0011 VERI-WARNING] actual bit length 8 differs from formal bit length 32 for port 'tp_o' (VERI-1330) (D:\Efinity_Project\Efinity_Project\Ti60F225_OV5640_Face_Reproduction\example_top.v:965)
[EFX-0011 VERI-WARNING] expression size 8 truncated to fit in target size 4 (VERI-1209) (D:\Efinity_Project\Efinity_Project\Ti60F225_OV5640_Face_Reproduction\example_top.v:967)
[EFX-0011 VERI-WARNING] expression size 14 truncated to fit in target size 12 (VERI-1209) (D:\Efinity_Project\Efinity_Project\Ti60F225_OV5640_Face_Reproduction\src\lcd_driver.v:145)
[EFX-0011 VERI-WARNING] actual bit length 24 differs from formal bit length 48 for port 'lcd_data' (VERI-1330) (D:\Efinity_Project\Efinity_Project\Ti60F225_OV5640_Face_Reproduction\example_top.v:996)
[EFX-0011 VERI-WARNING] expression size 32 truncated to fit in target size 8 (VERI-1209) (D:\Efinity_Project\Efinity_Project\Ti60F225_OV5640_Face_Reproduction\src\face\face_reader_720p.v:22)
[EFX-0011 VERI-WARNING] actual bit length 10 differs from formal bit length 11 for port 'pixel_y' (VERI-1330) (D:\Efinity_Project\Efinity_Project\Ti60F225_OV5640_Face_Reproduction\example_top.v:1032)
[EFX-0011 VERI-WARNING] port 'rst_busy' remains unconnected for this instance (VERI-1927) (D:\Efinity_Project\Efinity_Project\Ti60F225_OV5640_Face_Reproduction\src\face\true_ccl.v:208)
[EFX-0011 VERI-WARNING] concatenation with an unsized literal will be treated as 32 bits (VERI-1320) (D:\Efinity_Project\Efinity_Project\Ti60F225_OV5640_Face_Reproduction\src\face\true_ccl.v:219)
[EFX-0011 VERI-WARNING] port 'rst_busy' remains unconnected for this instance (VERI-1927) (D:\Efinity_Project\Efinity_Project\Ti60F225_OV5640_Face_Reproduction\src\face\true_ccl.v:225)
[EFX-0011 VERI-WARNING] expression size 12 truncated to fit in target size 11 (VERI-1209) (D:\Efinity_Project\Efinity_Project\Ti60F225_OV5640_Face_Reproduction\src\face\true_ccl.v:56)
[EFX-0011 VERI-WARNING] latch inferred for net 'PreCombCur' (VERI-2580) (D:\Efinity_Project\Efinity_Project\Ti60F225_OV5640_Face_Reproduction\src\face\true_ccl.v:157)
[EFX-0011 VERI-WARNING] port 'a_wr_rst_i' remains unconnected for this instance (VERI-1927) (D:/Efinity_Project/Efinity_Project/Ti60F225_OV5640_Face_Reproduction\ip/FIFO36x512\FIFO36x512.sv:98)
[EFX-0011 VERI-WARNING] input port 'a_wr_rst_i' is not connected on this instance (VDB-1013) (D:/Efinity_Project/Efinity_Project/Ti60F225_OV5640_Face_Reproduction\ip/FIFO36x512\FIFO36x512.sv:86)
[EFX-0011 VERI-WARNING] actual bit length 32 differs from formal bit length 36 for port 'rdata' (VERI-1330) (D:\Efinity_Project\Efinity_Project\Ti60F225_OV5640_Face_Reproduction\src\face\true_ccl.v:205)
[EFX-0011 VERI-WARNING] actual bit length 66 differs from formal bit length 36 for port 'wdata' (VERI-1330) (D:\Efinity_Project\Efinity_Project\Ti60F225_OV5640_Face_Reproduction\src\face\true_ccl.v:219)
[EFX-0011 VERI-WARNING] actual bit length 34 differs from formal bit length 36 for port 'rdata' (VERI-1330) (D:\Efinity_Project\Efinity_Project\Ti60F225_OV5640_Face_Reproduction\src\face\true_ccl.v:222)
[EFX-0011 VERI-WARNING] port 'addr' is not connected on this instance (VERI-2435) (D:/Efinity_Project/Efinity_Project/Ti60F225_OV5640_Face_Reproduction\ip/BlockRam90x1024\BlockRam90x1024.v:144)
[EFX-0011 VERI-WARNING] expression size 32 truncated to fit in target size 1 (VERI-1209) (D:/Efinity_Project/Efinity_Project/Ti60F225_OV5640_Face_Reproduction\ip/BlockRam90x1024\BlockRam90x1024.v:1091)
[EFX-0011 VERI-WARNING] expression size 32 truncated to fit in target size 1 (VERI-1209) (D:/Efinity_Project/Efinity_Project/Ti60F225_OV5640_Face_Reproduction\ip/BlockRam90x1024\BlockRam90x1024.v:1092)
[EFX-0011 VERI-WARNING] expression size 32 truncated to fit in target size 1 (VERI-1209) (D:/Efinity_Project/Efinity_Project/Ti60F225_OV5640_Face_Reproduction\ip/BlockRam90x1024\BlockRam90x1024.v:1104)
[EFX-0011 VERI-WARNING] expression size 32 truncated to fit in target size 1 (VERI-1209) (D:/Efinity_Project/Efinity_Project/Ti60F225_OV5640_Face_Reproduction\ip/BlockRam90x1024\BlockRam90x1024.v:1105)
[EFX-0011 VERI-WARNING] expression size 32 truncated to fit in target size 1 (VERI-1209) (D:/Efinity_Project/Efinity_Project/Ti60F225_OV5640_Face_Reproduction\ip/BlockRam90x1024\BlockRam90x1024.v:1108)
[EFX-0011 VERI-WARNING] expression size 32 truncated to fit in target size 1 (VERI-1209) (D:/Efinity_Project/Efinity_Project/Ti60F225_OV5640_Face_Reproduction\ip/BlockRam90x1024\BlockRam90x1024.v:1109)
[EFX-0011 VERI-WARNING] input port 'addr[9]' is not connected on this instance (VDB-1013) (D:/Efinity_Project/Efinity_Project/Ti60F225_OV5640_Face_Reproduction\ip/BlockRam90x1024\BlockRam90x1024.v:133)
[EFX-0011 VERI-WARNING] input port 'clke' remains unconnected for this instance (VDB-1053) (D:/Efinity_Project/Efinity_Project/Ti60F225_OV5640_Face_Reproduction\ip/BlockRam90x1024\BlockRam90x1024.v:133)
[EFX-0011 VERI-WARNING] actual bit length 27 differs from formal bit length 26 for port 'Count' (VERI-1330) (D:\Efinity_Project\Efinity_Project\Ti60F225_OV5640_Face_Reproduction\src\face\streaming_connected_components.v:134)
[EFX-0011 VERI-WARNING] actual bit length 4 differs from formal bit length 1 for port 'led' (VERI-1330) (D:\Efinity_Project\Efinity_Project\Ti60F225_OV5640_Face_Reproduction\example_top.v:1098)
[EFX-0011 VERI-WARNING] latch inferred for net 'dx0[10]' (VERI-2580) (D:\Efinity_Project\Efinity_Project\Ti60F225_OV5640_Face_Reproduction\src\face\bbox_overlay.v:192)
[EFX-0011 VERI-WARNING] actual bit length 6 differs from formal bit length 8 for port 'ccl_count' (VERI-1330) (D:\Efinity_Project\Efinity_Project\Ti60F225_OV5640_Face_Reproduction\example_top.v:1147)
[EFX-0011 VERI-WARNING] actual bit length 32 differs from formal bit length 4 for port 'data_island_data' (VERI-1330) (D:\Efinity_Project\Efinity_Project\Ti60F225_OV5640_Face_Reproduction\src\hdmi_ip\rgb2dvi.v:50)
[EFX-0011 VERI-WARNING] actual bit length 4 differs from formal bit length 3 for port 'mode' (VERI-1330) (D:\Efinity_Project\Efinity_Project\Ti60F225_OV5640_Face_Reproduction\src\hdmi_ip\rgb2dvi.v:52)
[EFX-0011 VERI-WARNING] actual bit length 32 differs from formal bit length 4 for port 'data_island_data' (VERI-1330) (D:\Efinity_Project\Efinity_Project\Ti60F225_OV5640_Face_Reproduction\src\hdmi_ip\rgb2dvi.v:58)
[EFX-0011 VERI-WARNING] actual bit length 4 differs from formal bit length 3 for port 'mode' (VERI-1330) (D:\Efinity_Project\Efinity_Project\Ti60F225_OV5640_Face_Reproduction\src\hdmi_ip\rgb2dvi.v:60)
[EFX-0011 VERI-WARNING] actual bit length 32 differs from formal bit length 4 for port 'data_island_data' (VERI-1330) (D:\Efinity_Project\Efinity_Project\Ti60F225_OV5640_Face_Reproduction\src\hdmi_ip\rgb2dvi.v:66)
[EFX-0011 VERI-WARNING] actual bit length 4 differs from formal bit length 3 for port 'mode' (VERI-1330) (D:\Efinity_Project\Efinity_Project\Ti60F225_OV5640_Face_Reproduction\src\hdmi_ip\rgb2dvi.v:68)
[EFX-0011 VERI-WARNING] actual bit length 32 differs from formal bit length 1 for port 'oe_i' (VERI-1330) (D:\Efinity_Project\Efinity_Project\Ti60F225_OV5640_Face_Reproduction\example_top.v:1175)
[EFX-0011 VERI-WARNING] net 'w_dev_index_o[7]' does not have a driver (VDB-1002) (D:\Efinity_Project\Efinity_Project\Ti60F225_OV5640_Face_Reproduction\example_top.v:428)
[EFX-0011 VERI-WARNING] net 'w_dev_cmd_o[7]' does not have a driver (VDB-1002) (D:\Efinity_Project\Efinity_Project\Ti60F225_OV5640_Face_Reproduction\example_top.v:429)
[EFX-0011 VERI-WARNING] net 'w_dev_wdata_o[31]' does not have a driver (VDB-1002) (D:\Efinity_Project\Efinity_Project\Ti60F225_OV5640_Face_Reproduction\example_top.v:430)
[EFX-0011 VERI-WARNING] net 'w_dev_wvalid_o' does not have a driver (VDB-1002) (D:\Efinity_Project\Efinity_Project\Ti60F225_OV5640_Face_Reproduction\example_top.v:431)
[EFX-0011 VERI-WARNING] net 'w_spi_ssn_o' does not have a driver (VDB-1002) (D:\Efinity_Project\Efinity_Project\Ti60F225_OV5640_Face_Reproduction\example_top.v:435)
[EFX-0011 VERI-WARNING] net 'w_spi_data_o[3]' does not have a driver (VDB-1002) (D:\Efinity_Project\Efinity_Project\Ti60F225_OV5640_Face_Reproduction\example_top.v:436)
[EFX-0011 VERI-WARNING] net 'w_lcd_b_o[7]' does not have a driver (VDB-1002) (D:\Efinity_Project\Efinity_Project\Ti60F225_OV5640_Face_Reproduction\example_top.v:453)
[EFX-0011 VERI-WARNING] input port 'SerialClk' is not connected on this instance (VDB-1013) (D:\Efinity_Project\Efinity_Project\Ti60F225_OV5640_Face_Reproduction\example_top.v:1168)
[EFX-0256 WARNING] The primary output port 'csi_ctl0_o' wire 'csi_ctl0_o' is not driven.
[EFX-0256 WARNING] The primary output port 'csi_ctl1_o' wire 'csi_ctl1_o' is not driven.
[EFX-0256 WARNING] The primary output port 'csi_scl_o' wire 'csi_scl_o' is not driven.
[EFX-0256 WARNING] The primary output port 'csi_scl_oe' wire 'csi_scl_oe' is not driven.
[EFX-0256 WARNING] The primary output port 'csi_sda_o' wire 'csi_sda_o' is not driven.
[EFX-0256 WARNING] The primary output port 'csi_sda_oe' wire 'csi_sda_oe' is not driven.
[EFX-0256 WARNING] The primary output port 'csi_rxc_hs_en_o' wire 'csi_rxc_hs_en_o' is not driven.
[EFX-0256 WARNING] The primary output port 'csi_rxc_hs_term_en_o' wire 'csi_rxc_hs_term_en_o' is not driven.
[EFX-0256 WARNING] The primary output port 'csi_rxd0_rst_o' wire 'csi_rxd0_rst_o' is not driven.
[EFX-0256 WARNING] The primary output port 'csi_rxd0_hs_en_o' wire 'csi_rxd0_hs_en_o' is not driven.
[EFX-0256 WARNING] The primary output port 'csi_rxd0_hs_term_en_o' wire 'csi_rxd0_hs_term_en_o' is not driven.
[EFX-0256 WARNING] The primary output port 'csi_rxd1_rst_o' wire 'csi_rxd1_rst_o' is not driven.
[EFX-0256 WARNING] The primary output port 'csi_rxd1_hs_en_o' wire 'csi_rxd1_hs_en_o' is not driven.
[EFX-0256 WARNING] The primary output port 'csi_rxd1_hs_term_en_o' wire 'csi_rxd1_hs_term_en_o' is not driven.
[EFX-0256 WARNING] The primary output port 'csi_rxd2_rst_o' wire 'csi_rxd2_rst_o' is not driven.
[EFX-0256 WARNING] The primary output port 'csi_rxd2_hs_en_o' wire 'csi_rxd2_hs_en_o' is not driven.
[EFX-0256 WARNING] The primary output port 'csi_rxd2_hs_term_en_o' wire 'csi_rxd2_hs_term_en_o' is not driven.
[EFX-0256 WARNING] The primary output port 'csi_rxd3_rst_o' wire 'csi_rxd3_rst_o' is not driven.
[EFX-0256 WARNING] The primary output port 'csi_rxd3_hs_en_o' wire 'csi_rxd3_hs_en_o' is not driven.
[EFX-0256 WARNING] The primary output port 'csi_rxd3_hs_term_en_o' wire 'csi_rxd3_hs_term_en_o' is not driven.
[EFX-0256 WARNING] The primary output port 'dsi_txc_rst_o' wire 'dsi_txc_rst_o' is not driven.
[EFX-0256 WARNING] The primary output port 'dsi_txc_lp_p_oe' wire 'dsi_txc_lp_p_oe' is not driven.
[EFX-0256 WARNING] The primary output port 'dsi_txc_lp_p_o' wire 'dsi_txc_lp_p_o' is not driven.
[EFX-0256 WARNING] The primary output port 'dsi_txc_lp_n_oe' wire 'dsi_txc_lp_n_oe' is not driven.
[EFX-0256 WARNING] The primary output port 'dsi_txc_lp_n_o' wire 'dsi_txc_lp_n_o' is not driven.
[EFX-0256 WARNING] The primary output port 'dsi_txc_hs_oe' wire 'dsi_txc_hs_oe' is not driven.
[EFX-0256 WARNING] The primary output port 'dsi_txc_hs_o[7]' wire 'dsi_txc_hs_o[7]' is not driven.
[EFX-0256 WARNING] The primary output port 'dsi_txc_hs_o[6]' wire 'dsi_txc_hs_o[6]' is not driven.
[EFX-0256 WARNING] The primary output port 'dsi_txc_hs_o[5]' wire 'dsi_txc_hs_o[5]' is not driven.
[EFX-0256 WARNING] The primary output port 'dsi_txc_hs_o[4]' wire 'dsi_txc_hs_o[4]' is not driven.
[EFX-0256 WARNING] The primary output port 'dsi_txc_hs_o[3]' wire 'dsi_txc_hs_o[3]' is not driven.
[EFX-0256 WARNING] The primary output port 'dsi_txc_hs_o[2]' wire 'dsi_txc_hs_o[2]' is not driven.
[EFX-0256 WARNING] The primary output port 'dsi_txc_hs_o[1]' wire 'dsi_txc_hs_o[1]' is not driven.
[EFX-0256 WARNING] The primary output port 'dsi_txc_hs_o[0]' wire 'dsi_txc_hs_o[0]' is not driven.
[EFX-0256 WARNING] The primary output port 'dsi_txd0_rst_o' wire 'dsi_txd0_rst_o' is not driven.
[EFX-0256 WARNING] The primary output port 'dsi_txd0_hs_oe' wire 'dsi_txd0_hs_oe' is not driven.
[EFX-0256 WARNING] The primary output port 'dsi_txd0_hs_o[7]' wire 'dsi_txd0_hs_o[7]' is not driven.
[EFX-0256 WARNING] The primary output port 'dsi_txd0_hs_o[6]' wire 'dsi_txd0_hs_o[6]' is not driven.
[EFX-0256 WARNING] The primary output port 'dsi_txd0_hs_o[5]' wire 'dsi_txd0_hs_o[5]' is not driven.
[EFX-0256 WARNING] The primary output port 'dsi_txd0_hs_o[4]' wire 'dsi_txd0_hs_o[4]' is not driven.
[EFX-0256 WARNING] The primary output port 'dsi_txd0_hs_o[3]' wire 'dsi_txd0_hs_o[3]' is not driven.
[EFX-0256 WARNING] The primary output port 'dsi_txd0_hs_o[2]' wire 'dsi_txd0_hs_o[2]' is not driven.
[EFX-0256 WARNING] The primary output port 'dsi_txd0_hs_o[1]' wire 'dsi_txd0_hs_o[1]' is not driven.
[EFX-0256 WARNING] The primary output port 'dsi_txd0_hs_o[0]' wire 'dsi_txd0_hs_o[0]' is not driven.
[EFX-0256 WARNING] The primary output port 'dsi_txd0_lp_p_oe' wire 'dsi_txd0_lp_p_oe' is not driven.
[EFX-0256 WARNING] The primary output port 'dsi_txd0_lp_p_o' wire 'dsi_txd0_lp_p_o' is not driven.
[EFX-0256 WARNING] The primary output port 'dsi_txd0_lp_n_oe' wire 'dsi_txd0_lp_n_oe' is not driven.
[EFX-0256 WARNING] The primary output port 'dsi_txd0_lp_n_o' wire 'dsi_txd0_lp_n_o' is not driven.
[EFX-0256 WARNING] The primary output port 'dsi_txd1_rst_o' wire 'dsi_txd1_rst_o' is not driven.
[EFX-0256 WARNING] The primary output port 'dsi_txd1_lp_p_oe' wire 'dsi_txd1_lp_p_oe' is not driven.
[EFX-0256 WARNING] The primary output port 'dsi_txd1_lp_p_o' wire 'dsi_txd1_lp_p_o' is not driven.
[EFX-0256 WARNING] The primary output port 'dsi_txd1_lp_n_oe' wire 'dsi_txd1_lp_n_oe' is not driven.
[EFX-0256 WARNING] The primary output port 'dsi_txd1_lp_n_o' wire 'dsi_txd1_lp_n_o' is not driven.
[EFX-0256 WARNING] The primary output port 'dsi_txd1_hs_oe' wire 'dsi_txd1_hs_oe' is not driven.
[EFX-0256 WARNING] The primary output port 'dsi_txd1_hs_o[7]' wire 'dsi_txd1_hs_o[7]' is not driven.
[EFX-0256 WARNING] The primary output port 'dsi_txd1_hs_o[6]' wire 'dsi_txd1_hs_o[6]' is not driven.
[EFX-0256 WARNING] The primary output port 'dsi_txd1_hs_o[5]' wire 'dsi_txd1_hs_o[5]' is not driven.
[EFX-0256 WARNING] The primary output port 'dsi_txd1_hs_o[4]' wire 'dsi_txd1_hs_o[4]' is not driven.
[EFX-0256 WARNING] The primary output port 'dsi_txd1_hs_o[3]' wire 'dsi_txd1_hs_o[3]' is not driven.
[EFX-0256 WARNING] The primary output port 'dsi_txd1_hs_o[2]' wire 'dsi_txd1_hs_o[2]' is not driven.
[EFX-0256 WARNING] The primary output port 'dsi_txd1_hs_o[1]' wire 'dsi_txd1_hs_o[1]' is not driven.
[EFX-0256 WARNING] The primary output port 'dsi_txd1_hs_o[0]' wire 'dsi_txd1_hs_o[0]' is not driven.
[EFX-0256 WARNING] The primary output port 'dsi_txd2_rst_o' wire 'dsi_txd2_rst_o' is not driven.
[EFX-0256 WARNING] The primary output port 'dsi_txd2_lp_p_oe' wire 'dsi_txd2_lp_p_oe' is not driven.
[EFX-0256 WARNING] The primary output port 'dsi_txd2_lp_p_o' wire 'dsi_txd2_lp_p_o' is not driven.
[EFX-0256 WARNING] The primary output port 'dsi_txd2_lp_n_oe' wire 'dsi_txd2_lp_n_oe' is not driven.
[EFX-0256 WARNING] The primary output port 'dsi_txd2_lp_n_o' wire 'dsi_txd2_lp_n_o' is not driven.
[EFX-0256 WARNING] The primary output port 'dsi_txd2_hs_oe' wire 'dsi_txd2_hs_oe' is not driven.
[EFX-0256 WARNING] The primary output port 'dsi_txd2_hs_o[7]' wire 'dsi_txd2_hs_o[7]' is not driven.
[EFX-0256 WARNING] The primary output port 'dsi_txd2_hs_o[6]' wire 'dsi_txd2_hs_o[6]' is not driven.
[EFX-0256 WARNING] The primary output port 'dsi_txd2_hs_o[5]' wire 'dsi_txd2_hs_o[5]' is not driven.
[EFX-0256 WARNING] The primary output port 'dsi_txd2_hs_o[4]' wire 'dsi_txd2_hs_o[4]' is not driven.
[EFX-0256 WARNING] The primary output port 'dsi_txd2_hs_o[3]' wire 'dsi_txd2_hs_o[3]' is not driven.
[EFX-0256 WARNING] The primary output port 'dsi_txd2_hs_o[2]' wire 'dsi_txd2_hs_o[2]' is not driven.
[EFX-0256 WARNING] The primary output port 'dsi_txd2_hs_o[1]' wire 'dsi_txd2_hs_o[1]' is not driven.
[EFX-0256 WARNING] The primary output port 'dsi_txd2_hs_o[0]' wire 'dsi_txd2_hs_o[0]' is not driven.
[EFX-0256 WARNING] The primary output port 'dsi_txd3_rst_o' wire 'dsi_txd3_rst_o' is not driven.
[EFX-0256 WARNING] The primary output port 'dsi_txd3_lp_p_oe' wire 'dsi_txd3_lp_p_oe' is not driven.
[EFX-0256 WARNING] The primary output port 'dsi_txd3_lp_p_o' wire 'dsi_txd3_lp_p_o' is not driven.
[EFX-0256 WARNING] The primary output port 'dsi_txd3_lp_n_oe' wire 'dsi_txd3_lp_n_oe' is not driven.
[EFX-0256 WARNING] The primary output port 'dsi_txd3_lp_n_o' wire 'dsi_txd3_lp_n_o' is not driven.
[EFX-0256 WARNING] The primary output port 'dsi_txd3_hs_oe' wire 'dsi_txd3_hs_oe' is not driven.
[EFX-0256 WARNING] The primary output port 'dsi_txd3_hs_o[7]' wire 'dsi_txd3_hs_o[7]' is not driven.
[EFX-0256 WARNING] The primary output port 'dsi_txd3_hs_o[6]' wire 'dsi_txd3_hs_o[6]' is not driven.
[EFX-0256 WARNING] The primary output port 'dsi_txd3_hs_o[5]' wire 'dsi_txd3_hs_o[5]' is not driven.
[EFX-0256 WARNING] The primary output port 'dsi_txd3_hs_o[4]' wire 'dsi_txd3_hs_o[4]' is not driven.
[EFX-0256 WARNING] The primary output port 'dsi_txd3_hs_o[3]' wire 'dsi_txd3_hs_o[3]' is not driven.
[EFX-0256 WARNING] The primary output port 'dsi_txd3_hs_o[2]' wire 'dsi_txd3_hs_o[2]' is not driven.
[EFX-0256 WARNING] The primary output port 'dsi_txd3_hs_o[1]' wire 'dsi_txd3_hs_o[1]' is not driven.
[EFX-0256 WARNING] The primary output port 'dsi_txd3_hs_o[0]' wire 'dsi_txd3_hs_o[0]' is not driven.
[EFX-0256 WARNING] The primary output port 'led_o[4]' wire 'led_o[4]' is not driven.
[EFX-0256 WARNING] The primary output port 'lvds_txc_oe' wire 'lvds_txc_oe' is not driven.
[EFX-0256 WARNING] The primary output port 'lvds_txc_o[6]' wire 'lvds_txc_o[6]' is not driven.
[EFX-0256 WARNING] The primary output port 'lvds_txc_o[5]' wire 'lvds_txc_o[5]' is not driven.
[EFX-0256 WARNING] The primary output port 'lvds_txc_o[4]' wire 'lvds_txc_o[4]' is not driven.
[EFX-0256 WARNING] The primary output port 'lvds_txc_o[3]' wire 'lvds_txc_o[3]' is not driven.
[EFX-0256 WARNING] The primary output port 'lvds_txc_o[2]' wire 'lvds_txc_o[2]' is not driven.
[EFX-0256 WARNING] The primary output port 'lvds_txc_o[1]' wire 'lvds_txc_o[1]' is not driven.
[EFX-0256 WARNING] The primary output port 'lvds_txc_o[0]' wire 'lvds_txc_o[0]' is not driven.
[EFX-0256 WARNING] The primary output port 'lvds_txc_rst_o' wire 'lvds_txc_rst_o' is not driven.
[EFX-0256 WARNING] The primary output port 'lvds_txd0_oe' wire 'lvds_txd0_oe' is not driven.
[EFX-0256 WARNING] The primary output port 'lvds_txd0_o[6]' wire 'lvds_txd0_o[6]' is not driven.
[EFX-0256 WARNING] The primary output port 'lvds_txd0_o[5]' wire 'lvds_txd0_o[5]' is not driven.
[EFX-0256 WARNING] The primary output port 'lvds_txd0_o[4]' wire 'lvds_txd0_o[4]' is not driven.
[EFX-0256 WARNING] The primary output port 'lvds_txd0_o[3]' wire 'lvds_txd0_o[3]' is not driven.
[EFX-0256 WARNING] The primary output port 'lvds_txd0_o[2]' wire 'lvds_txd0_o[2]' is not driven.
[EFX-0256 WARNING] The primary output port 'lvds_txd0_o[1]' wire 'lvds_txd0_o[1]' is not driven.
[EFX-0256 WARNING] The primary output port 'lvds_txd0_o[0]' wire 'lvds_txd0_o[0]' is not driven.
[EFX-0256 WARNING] The primary output port 'lvds_txd0_rst_o' wire 'lvds_txd0_rst_o' is not driven.
[EFX-0256 WARNING] The primary output port 'lvds_txd1_oe' wire 'lvds_txd1_oe' is not driven.
[EFX-0256 WARNING] The primary output port 'lvds_txd1_o[6]' wire 'lvds_txd1_o[6]' is not driven.
[EFX-0256 WARNING] The primary output port 'lvds_txd1_o[5]' wire 'lvds_txd1_o[5]' is not driven.
[EFX-0256 WARNING] The primary output port 'lvds_txd1_o[4]' wire 'lvds_txd1_o[4]' is not driven.
[EFX-0256 WARNING] The primary output port 'lvds_txd1_o[3]' wire 'lvds_txd1_o[3]' is not driven.
[EFX-0256 WARNING] The primary output port 'lvds_txd1_o[2]' wire 'lvds_txd1_o[2]' is not driven.
[EFX-0256 WARNING] The primary output port 'lvds_txd1_o[1]' wire 'lvds_txd1_o[1]' is not driven.
[EFX-0256 WARNING] The primary output port 'lvds_txd1_o[0]' wire 'lvds_txd1_o[0]' is not driven.
[EFX-0256 WARNING] The primary output port 'lvds_txd1_rst_o' wire 'lvds_txd1_rst_o' is not driven.
[EFX-0256 WARNING] The primary output port 'lvds_txd2_oe' wire 'lvds_txd2_oe' is not driven.
[EFX-0256 WARNING] The primary output port 'lvds_txd2_o[6]' wire 'lvds_txd2_o[6]' is not driven.
[EFX-0256 WARNING] The primary output port 'lvds_txd2_o[5]' wire 'lvds_txd2_o[5]' is not driven.
[EFX-0256 WARNING] The primary output port 'lvds_txd2_o[4]' wire 'lvds_txd2_o[4]' is not driven.
[EFX-0256 WARNING] The primary output port 'lvds_txd2_o[3]' wire 'lvds_txd2_o[3]' is not driven.
[EFX-0256 WARNING] The primary output port 'lvds_txd2_o[2]' wire 'lvds_txd2_o[2]' is not driven.
[EFX-0256 WARNING] The primary output port 'lvds_txd2_o[1]' wire 'lvds_txd2_o[1]' is not driven.
[EFX-0256 WARNING] The primary output port 'lvds_txd2_o[0]' wire 'lvds_txd2_o[0]' is not driven.
[EFX-0256 WARNING] The primary output port 'lvds_txd2_rst_o' wire 'lvds_txd2_rst_o' is not driven.
[EFX-0256 WARNING] The primary output port 'lvds_txd3_oe' wire 'lvds_txd3_oe' is not driven.
[EFX-0256 WARNING] The primary output port 'lvds_txd3_o[6]' wire 'lvds_txd3_o[6]' is not driven.
[EFX-0256 WARNING] The primary output port 'lvds_txd3_o[5]' wire 'lvds_txd3_o[5]' is not driven.
[EFX-0256 WARNING] The primary output port 'lvds_txd3_o[4]' wire 'lvds_txd3_o[4]' is not driven.
[EFX-0256 WARNING] The primary output port 'lvds_txd3_o[3]' wire 'lvds_txd3_o[3]' is not driven.
[EFX-0256 WARNING] The primary output port 'lvds_txd3_o[2]' wire 'lvds_txd3_o[2]' is not driven.
[EFX-0256 WARNING] The primary output port 'lvds_txd3_o[1]' wire 'lvds_txd3_o[1]' is not driven.
[EFX-0256 WARNING] The primary output port 'lvds_txd3_o[0]' wire 'lvds_txd3_o[0]' is not driven.
[EFX-0256 WARNING] The primary output port 'lvds_txd3_rst_o' wire 'lvds_txd3_rst_o' is not driven.
[EFX-0256 WARNING] The primary output port 'lcd_tp_sda_o' wire 'lcd_tp_sda_o' is not driven.
[EFX-0256 WARNING] The primary output port 'lcd_tp_sda_oe' wire 'lcd_tp_sda_oe' is not driven.
[EFX-0256 WARNING] The primary output port 'lcd_tp_scl_o' wire 'lcd_tp_scl_o' is not driven.
[EFX-0256 WARNING] The primary output port 'lcd_tp_scl_oe' wire 'lcd_tp_scl_oe' is not driven.
[EFX-0256 WARNING] The primary output port 'lcd_tp_int_o' wire 'lcd_tp_int_o' is not driven.
[EFX-0256 WARNING] The primary output port 'lcd_tp_int_oe' wire 'lcd_tp_int_oe' is not driven.
[EFX-0256 WARNING] The primary output port 'lcd_tp_rst_o' wire 'lcd_tp_rst_o' is not driven.
[EFX-0256 WARNING] The primary output port 'lcd_pwm_o' wire 'lcd_pwm_o' is not driven.
[EFX-0256 WARNING] The primary output port 'lcd_blen_o' wire 'lcd_blen_o' is not driven.
[EFX-0256 WARNING] The primary output port 'lcd_vs_o' wire 'lcd_vs_o' is not driven.
[EFX-0256 WARNING] The primary output port 'lcd_hs_o' wire 'lcd_hs_o' is not driven.
[EFX-0256 WARNING] The primary output port 'lcd_de_o' wire 'lcd_de_o' is not driven.
[EFX-0200 WARNING] Removing redundant signal : Shift_Q7_Out[4][7]. (D:/Efinity_Project/Efinity_Project/Ti60F225_OV5640_Face_Reproduction\ip/DdrCtrl\DdrCtrl.sv:2611)
[EFX-0200 WARNING] Removing redundant signal : Shift_Q7_Out[4][6]. (D:/Efinity_Project/Efinity_Project/Ti60F225_OV5640_Face_Reproduction\ip/DdrCtrl\DdrCtrl.sv:2611)
[EFX-0200 WARNING] Removing redundant signal : Shift_Q7_Out[4][5]. (D:/Efinity_Project/Efinity_Project/Ti60F225_OV5640_Face_Reproduction\ip/DdrCtrl\DdrCtrl.sv:2611)
[EFX-0200 WARNING] Removing redundant signal : Shift_Q7_Out[4][4]. (D:/Efinity_Project/Efinity_Project/Ti60F225_OV5640_Face_Reproduction\ip/DdrCtrl\DdrCtrl.sv:2611)
[EFX-0200 WARNING] Removing redundant signal : Shift_Q7_Out[4][3]. (D:/Efinity_Project/Efinity_Project/Ti60F225_OV5640_Face_Reproduction\ip/DdrCtrl\DdrCtrl.sv:2611)
[EFX-0200 WARNING] Removing redundant signal : Shift_Q7_Out[4][2]. (D:/Efinity_Project/Efinity_Project/Ti60F225_OV5640_Face_Reproduction\ip/DdrCtrl\DdrCtrl.sv:2611)
[EFX-0200 WARNING] Removing redundant signal : Shift_Q7_Out[4][1]. (D:/Efinity_Project/Efinity_Project/Ti60F225_OV5640_Face_Reproduction\ip/DdrCtrl\DdrCtrl.sv:2611)
[EFX-0200 WARNING] Removing redundant signal : Shift_Q7_Out[4][0]. (D:/Efinity_Project/Efinity_Project/Ti60F225_OV5640_Face_Reproduction\ip/DdrCtrl\DdrCtrl.sv:2611)
[EFX-0200 WARNING] Removing redundant signal : Shift_Out[7]. (D:/Efinity_Project/Efinity_Project/Ti60F225_OV5640_Face_Reproduction\ip/DdrCtrl\DdrCtrl.sv:2611)
[EFX-0200 WARNING] Removing redundant signal : Shift_Out[6]. (D:/Efinity_Project/Efinity_Project/Ti60F225_OV5640_Face_Reproduction\ip/DdrCtrl\DdrCtrl.sv:2611)
[EFX-0200 WARNING] Removing redundant signal : Shift_Out[5]. (D:/Efinity_Project/Efinity_Project/Ti60F225_OV5640_Face_Reproduction\ip/DdrCtrl\DdrCtrl.sv:2611)
[EFX-0200 WARNING] Removing redundant signal : Shift_Out[4]. (D:/Efinity_Project/Efinity_Project/Ti60F225_OV5640_Face_Reproduction\ip/DdrCtrl\DdrCtrl.sv:2611)
[EFX-0200 WARNING] Removing redundant signal : Shift_Out[3]. (D:/Efinity_Project/Efinity_Project/Ti60F225_OV5640_Face_Reproduction\ip/DdrCtrl\DdrCtrl.sv:2611)
[EFX-0200 WARNING] Removing redundant signal : Shift_Out[2]. (D:/Efinity_Project/Efinity_Project/Ti60F225_OV5640_Face_Reproduction\ip/DdrCtrl\DdrCtrl.sv:2611)
[EFX-0200 WARNING] Removing redundant signal : Shift_Out[1]. (D:/Efinity_Project/Efinity_Project/Ti60F225_OV5640_Face_Reproduction\ip/DdrCtrl\DdrCtrl.sv:2611)
[EFX-0200 WARNING] Removing redundant signal : Shift_Out[0]. (D:/Efinity_Project/Efinity_Project/Ti60F225_OV5640_Face_Reproduction\ip/DdrCtrl\DdrCtrl.sv:2611)
[EFX-0200 WARNING] Removing redundant signal : Shift_Q7_Out[4][31]. (D:/Efinity_Project/Efinity_Project/Ti60F225_OV5640_Face_Reproduction\ip/DdrCtrl\DdrCtrl.sv:2611)
[EFX-0200 WARNING] Removing redundant signal : Shift_Q7_Out[4][30]. (D:/Efinity_Project/Efinity_Project/Ti60F225_OV5640_Face_Reproduction\ip/DdrCtrl\DdrCtrl.sv:2611)
[EFX-0200 WARNING] Removing redundant signal : Shift_Q7_Out[4][29]. (D:/Efinity_Project/Efinity_Project/Ti60F225_OV5640_Face_Reproduction\ip/DdrCtrl\DdrCtrl.sv:2611)
[EFX-0200 WARNING] Removing redundant signal : Shift_Q7_Out[4][28]. (D:/Efinity_Project/Efinity_Project/Ti60F225_OV5640_Face_Reproduction\ip/DdrCtrl\DdrCtrl.sv:2611)
[EFX-0201 WARNING] Re-wiring to GND non-driven net 'u_efx_fifo_top.a_rst_i'. (D:/Efinity_Project/Efinity_Project/Ti60F225_OV5640_Face_Reproduction\ip/DdrCtrl\DdrCtrl.sv:4817)
[EFX-0201 WARNING] Re-wiring to GND non-driven net 'u_efx_fifo_top.clk_i'. (D:/Efinity_Project/Efinity_Project/Ti60F225_OV5640_Face_Reproduction\ip/DdrCtrl\DdrCtrl.sv:4817)
[EFX-0201 WARNING] Re-wiring to GND non-driven net 'r_rd_fifo_wr_en_p[31]'. (D:/Efinity_Project/Efinity_Project/Ti60F225_OV5640_Face_Reproduction\ip/DdrCtrl\DdrCtrl.sv:1460)
[EFX-0201 WARNING] Re-wiring to GND non-driven net 'r_rd_fifo_wr_en_p[30]'. (D:/Efinity_Project/Efinity_Project/Ti60F225_OV5640_Face_Reproduction\ip/DdrCtrl\DdrCtrl.sv:1460)
[EFX-0201 WARNING] Re-wiring to GND non-driven net 'r_rd_fifo_wr_en_p[29]'. (D:/Efinity_Project/Efinity_Project/Ti60F225_OV5640_Face_Reproduction\ip/DdrCtrl\DdrCtrl.sv:1460)
[EFX-0201 WARNING] Re-wiring to GND non-driven net 'r_rd_fifo_wr_en_p[28]'. (D:/Efinity_Project/Efinity_Project/Ti60F225_OV5640_Face_Reproduction\ip/DdrCtrl\DdrCtrl.sv:1460)
[EFX-0201 WARNING] Re-wiring to GND non-driven net 'r_rd_fifo_wr_en_p[27]'. (D:/Efinity_Project/Efinity_Project/Ti60F225_OV5640_Face_Reproduction\ip/DdrCtrl\DdrCtrl.sv:1460)
[EFX-0201 WARNING] Re-wiring to GND non-driven net 'r_rd_fifo_wr_en_p[26]'. (D:/Efinity_Project/Efinity_Project/Ti60F225_OV5640_Face_Reproduction\ip/DdrCtrl\DdrCtrl.sv:1460)
[EFX-0201 WARNING] Re-wiring to GND non-driven net 'r_rd_fifo_wr_en_p[25]'. (D:/Efinity_Project/Efinity_Project/Ti60F225_OV5640_Face_Reproduction\ip/DdrCtrl\DdrCtrl.sv:1460)
[EFX-0201 WARNING] Re-wiring to GND non-driven net 'r_rd_fifo_wr_en_p[24]'. (D:/Efinity_Project/Efinity_Project/Ti60F225_OV5640_Face_Reproduction\ip/DdrCtrl\DdrCtrl.sv:1460)
[EFX-0657 WARNING] Mapping into logic memory block 'u_streaming_connected_components/min_x_buf0' (704 bits) (D:\Efinity_Project\Efinity_Project\Ti60F225_OV5640_Face_Reproduction\src\face\streaming_connected_components.v:181) because it has async writer.
[EFX-0657 WARNING] Mapping into logic memory block 'u_streaming_connected_components/max_x_buf0' (704 bits) (D:\Efinity_Project\Efinity_Project\Ti60F225_OV5640_Face_Reproduction\src\face\streaming_connected_components.v:181) because it has async writer.
[EFX-0657 WARNING] Mapping into logic memory block 'u_streaming_connected_components/min_y_buf0' (640 bits) (D:\Efinity_Project\Efinity_Project\Ti60F225_OV5640_Face_Reproduction\src\face\streaming_connected_components.v:182) because it has async writer.
[EFX-0657 WARNING] Mapping into logic memory block 'u_streaming_connected_components/max_y_buf0' (640 bits) (D:\Efinity_Project\Efinity_Project\Ti60F225_OV5640_Face_Reproduction\src\face\streaming_connected_components.v:182) because it has async writer.
[EFX-0657 WARNING] Mapping into logic memory block 'u_streaming_connected_components/area_buf0' (1408 bits) (D:\Efinity_Project\Efinity_Project\Ti60F225_OV5640_Face_Reproduction\src\face\streaming_connected_components.v:183) because it has async writer.
[EFX-0657 WARNING] Mapping into logic memory block 'u_streaming_connected_components/min_x_buf1' (704 bits) (D:\Efinity_Project\Efinity_Project\Ti60F225_OV5640_Face_Reproduction\src\face\streaming_connected_components.v:184) because it has async writer.
[EFX-0657 WARNING] Mapping into logic memory block 'u_streaming_connected_components/max_x_buf1' (704 bits) (D:\Efinity_Project\Efinity_Project\Ti60F225_OV5640_Face_Reproduction\src\face\streaming_connected_components.v:184) because it has async writer.
[EFX-0657 WARNING] Mapping into logic memory block 'u_streaming_connected_components/min_y_buf1' (640 bits) (D:\Efinity_Project\Efinity_Project\Ti60F225_OV5640_Face_Reproduction\src\face\streaming_connected_components.v:185) because it has async writer.
[EFX-0657 WARNING] Mapping into logic memory block 'u_streaming_connected_components/max_y_buf1' (640 bits) (D:\Efinity_Project\Efinity_Project\Ti60F225_OV5640_Face_Reproduction\src\face\streaming_connected_components.v:185) because it has async writer.
[EFX-0657 WARNING] Mapping into logic memory block 'u_streaming_connected_components/area_buf1' (1408 bits) (D:\Efinity_Project\Efinity_Project\Ti60F225_OV5640_Face_Reproduction\src\face\streaming_connected_components.v:186) because it has async writer.
[EFX-0657 WARNING] Mapping into logic memory block 'u_bbox_overlay/a_x0' (88 bits) (D:\Efinity_Project\Efinity_Project\Ti60F225_OV5640_Face_Reproduction\src\face\bbox_overlay.v:51) because it has async writer.
[EFX-0657 WARNING] Mapping into logic memory block 'u_bbox_overlay/a_x1' (88 bits) (D:\Efinity_Project\Efinity_Project\Ti60F225_OV5640_Face_Reproduction\src\face\bbox_overlay.v:52) because it has async writer.
[EFX-0657 WARNING] Mapping into logic memory block 'u_bbox_overlay/a_y0' (80 bits) (D:\Efinity_Project\Efinity_Project\Ti60F225_OV5640_Face_Reproduction\src\face\bbox_overlay.v:53) because it has async writer.
[EFX-0657 WARNING] Mapping into logic memory block 'u_bbox_overlay/a_y1' (80 bits) (D:\Efinity_Project\Efinity_Project\Ti60F225_OV5640_Face_Reproduction\src\face\bbox_overlay.v:54) because it has async writer.
[EFX-0657 WARNING] Mapping into logic memory block 'u_bbox_overlay/b_x0' (88 bits) (D:\Efinity_Project\Efinity_Project\Ti60F225_OV5640_Face_Reproduction\src\face\bbox_overlay.v:57) because it has async writer.
[EFX-0657 WARNING] Mapping into logic memory block 'u_bbox_overlay/b_x1' (88 bits) (D:\Efinity_Project\Efinity_Project\Ti60F225_OV5640_Face_Reproduction\src\face\bbox_overlay.v:58) because it has async writer.
[EFX-0657 WARNING] Mapping into logic memory block 'u_bbox_overlay/b_y0' (80 bits) (D:\Efinity_Project\Efinity_Project\Ti60F225_OV5640_Face_Reproduction\src\face\bbox_overlay.v:59) because it has async writer.
[EFX-0657 WARNING] Mapping into logic memory block 'u_bbox_overlay/b_y1' (80 bits) (D:\Efinity_Project\Efinity_Project\Ti60F225_OV5640_Face_Reproduction\src\face\bbox_overlay.v:60) because it has async writer.
[EFX-0011 VERI-WARNING] Input/inout port clk_24m is unconnected and will be removed. (VDB-8003) (D:\Efinity_Project\Efinity_Project\Ti60F225_OV5640_Face_Reproduction\example_top.v:11)
[EFX-0011 VERI-WARNING] Input/inout port clk_25m is unconnected and will be removed. (VDB-8003) (D:\Efinity_Project\Efinity_Project\Ti60F225_OV5640_Face_Reproduction\example_top.v:12)
[EFX-0011 VERI-WARNING] Input/inout port clk_pixel_2x is unconnected and will be removed. (VDB-8003) (D:\Efinity_Project\Efinity_Project\Ti60F225_OV5640_Face_Reproduction\example_top.v:21)
[EFX-0011 VERI-WARNING] Input/inout port clk_pixel_10x is unconnected and will be removed. (VDB-8003) (D:\Efinity_Project\Efinity_Project\Ti60F225_OV5640_Face_Reproduction\example_top.v:22)
[EFX-0011 VERI-WARNING] Input/inout port dsi_refclk_i is unconnected and will be removed. (VDB-8003) (D:\Efinity_Project\Efinity_Project\Ti60F225_OV5640_Face_Reproduction\example_top.v:30)
[EFX-0011 VERI-WARNING] Input/inout port dsi_byteclk_i is unconnected and will be removed. (VDB-8003) (D:\Efinity_Project\Efinity_Project\Ti60F225_OV5640_Face_Reproduction\example_top.v:31)
[EFX-0011 VERI-WARNING] Input/inout port dsi_serclk_i is unconnected and will be removed. (VDB-8003) (D:\Efinity_Project\Efinity_Project\Ti60F225_OV5640_Face_Reproduction\example_top.v:32)
[EFX-0011 VERI-WARNING] Input/inout port dsi_txcclk_i is unconnected and will be removed. (VDB-8003) (D:\Efinity_Project\Efinity_Project\Ti60F225_OV5640_Face_Reproduction\example_top.v:33)
[EFX-0011 VERI-WARNING] Input/inout port clk_lvds_1x is unconnected and will be removed. (VDB-8003) (D:\Efinity_Project\Efinity_Project\Ti60F225_OV5640_Face_Reproduction\example_top.v:60)
[EFX-0011 VERI-WARNING] Input/inout port clk_lvds_7x is unconnected and will be removed. (VDB-8003) (D:\Efinity_Project\Efinity_Project\Ti60F225_OV5640_Face_Reproduction\example_top.v:61)
[EFX-0011 VERI-WARNING] Input/inout port clk_27m is unconnected and will be removed. (VDB-8003) (D:\Efinity_Project\Efinity_Project\Ti60F225_OV5640_Face_Reproduction\example_top.v:62)
[EFX-0011 VERI-WARNING] Input/inout port clk_54m is unconnected and will be removed. (VDB-8003) (D:\Efinity_Project\Efinity_Project\Ti60F225_OV5640_Face_Reproduction\example_top.v:63)
[EFX-0011 VERI-WARNING] Input/inout port i_dqs_n_hi[1] is unconnected and will be removed. (VDB-8003) (D:\Efinity_Project\Efinity_Project\Ti60F225_OV5640_Face_Reproduction\example_top.v:97)
[EFX-0011 VERI-WARNING] Input/inout port i_dqs_n_lo[1] is unconnected and will be removed. (VDB-8003) (D:\Efinity_Project\Efinity_Project\Ti60F225_OV5640_Face_Reproduction\example_top.v:98)
[EFX-0011 VERI-WARNING] Input/inout port csi_ctl0_i is unconnected and will be removed. (VDB-8003) (D:\Efinity_Project\Efinity_Project\Ti60F225_OV5640_Face_Reproduction\example_top.v:121)
[EFX-0011 VERI-WARNING] Input/inout port csi_ctl1_i is unconnected and will be removed. (VDB-8003) (D:\Efinity_Project\Efinity_Project\Ti60F225_OV5640_Face_Reproduction\example_top.v:125)
[EFX-0011 VERI-WARNING] Input/inout port csi_scl_i is unconnected and will be removed. (VDB-8003) (D:\Efinity_Project\Efinity_Project\Ti60F225_OV5640_Face_Reproduction\example_top.v:129)
[EFX-0011 VERI-WARNING] Input/inout port csi_sda_i is unconnected and will be removed. (VDB-8003) (D:\Efinity_Project\Efinity_Project\Ti60F225_OV5640_Face_Reproduction\example_top.v:133)
[EFX-0011 VERI-WARNING] Input/inout port csi_rxc_lp_p_i is unconnected and will be removed. (VDB-8003) (D:\Efinity_Project\Efinity_Project\Ti60F225_OV5640_Face_Reproduction\example_top.v:136)
[EFX-0011 VERI-WARNING] Input/inout port csi_rxc_lp_n_i is unconnected and will be removed. (VDB-8003) (D:\Efinity_Project\Efinity_Project\Ti60F225_OV5640_Face_Reproduction\example_top.v:137)
[EFX-0011 VERI-WARNING] Input/inout port csi_rxc_i is unconnected and will be removed. (VDB-8003) (D:\Efinity_Project\Efinity_Project\Ti60F225_OV5640_Face_Reproduction\example_top.v:140)
[EFX-0011 VERI-WARNING] Input/inout port csi_rxd0_lp_p_i is unconnected and will be removed. (VDB-8003) (D:\Efinity_Project\Efinity_Project\Ti60F225_OV5640_Face_Reproduction\example_top.v:147)
[EFX-0011 VERI-WARNING] Input/inout port csi_rxd0_lp_n_i is unconnected and will be removed. (VDB-8003) (D:\Efinity_Project\Efinity_Project\Ti60F225_OV5640_Face_Reproduction\example_top.v:148)
[EFX-0011 VERI-WARNING] Input/inout port csi_rxd0_hs_i[7] is unconnected and will be removed. (VDB-8003) (D:\Efinity_Project\Efinity_Project\Ti60F225_OV5640_Face_Reproduction\example_top.v:149)
[EFX-0011 VERI-WARNING] Input/inout port csi_rxd1_lp_n_i is unconnected and will be removed. (VDB-8003) (D:\Efinity_Project\Efinity_Project\Ti60F225_OV5640_Face_Reproduction\example_top.v:156)
[EFX-0011 VERI-WARNING] Input/inout port csi_rxd1_lp_p_i is unconnected and will be removed. (VDB-8003) (D:\Efinity_Project\Efinity_Project\Ti60F225_OV5640_Face_Reproduction\example_top.v:157)
[EFX-0011 VERI-WARNING] Input/inout port csi_rxd1_hs_i[7] is unconnected and will be removed. (VDB-8003) (D:\Efinity_Project\Efinity_Project\Ti60F225_OV5640_Face_Reproduction\example_top.v:158)
[EFX-0011 VERI-WARNING] Input/inout port csi_rxd2_lp_p_i is unconnected and will be removed. (VDB-8003) (D:\Efinity_Project\Efinity_Project\Ti60F225_OV5640_Face_Reproduction\example_top.v:165)
[EFX-0011 VERI-WARNING] Input/inout port csi_rxd2_lp_n_i is unconnected and will be removed. (VDB-8003) (D:\Efinity_Project\Efinity_Project\Ti60F225_OV5640_Face_Reproduction\example_top.v:166)
[EFX-0011 VERI-WARNING] Input/inout port csi_rxd2_hs_i[7] is unconnected and will be removed. (VDB-8003) (D:\Efinity_Project\Efinity_Project\Ti60F225_OV5640_Face_Reproduction\example_top.v:167)
[EFX-0011 VERI-WARNING] Input/inout port csi_rxd3_lp_p_i is unconnected and will be removed. (VDB-8003) (D:\Efinity_Project\Efinity_Project\Ti60F225_OV5640_Face_Reproduction\example_top.v:174)
[EFX-0011 VERI-WARNING] Input/inout port csi_rxd3_lp_n_i is unconnected and will be removed. (VDB-8003) (D:\Efinity_Project\Efinity_Project\Ti60F225_OV5640_Face_Reproduction\example_top.v:175)
[EFX-0011 VERI-WARNING] Input/inout port csi_rxd3_hs_i[7] is unconnected and will be removed. (VDB-8003) (D:\Efinity_Project\Efinity_Project\Ti60F225_OV5640_Face_Reproduction\example_top.v:176)
[EFX-0011 VERI-WARNING] Input/inout port dsi_txd0_lp_p_i is unconnected and will be removed. (VDB-8003) (D:\Efinity_Project\Efinity_Project\Ti60F225_OV5640_Face_Reproduction\example_top.v:235)
[EFX-0011 VERI-WARNING] Input/inout port dsi_txd0_lp_n_i is unconnected and will be removed. (VDB-8003) (D:\Efinity_Project\Efinity_Project\Ti60F225_OV5640_Face_Reproduction\example_top.v:236)
[EFX-0011 VERI-WARNING] Input/inout port dsi_txd1_lp_p_i is unconnected and will be removed. (VDB-8003) (D:\Efinity_Project\Efinity_Project\Ti60F225_OV5640_Face_Reproduction\example_top.v:237)
[EFX-0011 VERI-WARNING] Input/inout port dsi_txd1_lp_n_i is unconnected and will be removed. (VDB-8003) (D:\Efinity_Project\Efinity_Project\Ti60F225_OV5640_Face_Reproduction\example_top.v:238)
[EFX-0011 VERI-WARNING] Input/inout port dsi_txd2_lp_p_i is unconnected and will be removed. (VDB-8003) (D:\Efinity_Project\Efinity_Project\Ti60F225_OV5640_Face_Reproduction\example_top.v:239)
[EFX-0011 VERI-WARNING] Input/inout port dsi_txd2_lp_n_i is unconnected and will be removed. (VDB-8003) (D:\Efinity_Project\Efinity_Project\Ti60F225_OV5640_Face_Reproduction\example_top.v:240)
[EFX-0011 VERI-WARNING] Input/inout port dsi_txd3_lp_p_i is unconnected and will be removed. (VDB-8003) (D:\Efinity_Project\Efinity_Project\Ti60F225_OV5640_Face_Reproduction\example_top.v:241)
[EFX-0011 VERI-WARNING] Input/inout port dsi_txd3_lp_n_i is unconnected and will be removed. (VDB-8003) (D:\Efinity_Project\Efinity_Project\Ti60F225_OV5640_Face_Reproduction\example_top.v:242)
[EFX-0011 VERI-WARNING] Input/inout port cmos_sdat_IN is unconnected and will be removed. (VDB-8003) (D:\Efinity_Project\Efinity_Project\Ti60F225_OV5640_Face_Reproduction\example_top.v:257)
[EFX-0011 VERI-WARNING] Input/inout port cmos_ctl1_i is unconnected and will be removed. (VDB-8003) (D:\Efinity_Project\Efinity_Project\Ti60F225_OV5640_Face_Reproduction\example_top.v:269)
[EFX-0011 VERI-WARNING] Input/inout port cmos_ctl2_i is unconnected and will be removed. (VDB-8003) (D:\Efinity_Project\Efinity_Project\Ti60F225_OV5640_Face_Reproduction\example_top.v:272)
[EFX-0011 VERI-WARNING] Input/inout port cmos_ctl3_i is unconnected and will be removed. (VDB-8003) (D:\Efinity_Project\Efinity_Project\Ti60F225_OV5640_Face_Reproduction\example_top.v:275)
[EFX-0011 VERI-WARNING] Input/inout port lcd_tp_sda_i is unconnected and will be removed. (VDB-8003) (D:\Efinity_Project\Efinity_Project\Ti60F225_OV5640_Face_Reproduction\example_top.v:323)
[EFX-0011 VERI-WARNING] Input/inout port lcd_tp_scl_i is unconnected and will be removed. (VDB-8003) (D:\Efinity_Project\Efinity_Project\Ti60F225_OV5640_Face_Reproduction\example_top.v:327)
[EFX-0011 VERI-WARNING] Input/inout port lcd_tp_int_i is unconnected and will be removed. (VDB-8003) (D:\Efinity_Project\Efinity_Project\Ti60F225_OV5640_Face_Reproduction\example_top.v:331)
[EFX-0011 VERI-WARNING] Input/inout port lcd_b7_0_i[7] is unconnected and will be removed. (VDB-8003) (D:\Efinity_Project\Efinity_Project\Ti60F225_OV5640_Face_Reproduction\example_top.v:351)
[EFX-0011 VERI-WARNING] Input/inout port lcd_g7_0_i[7] is unconnected and will be removed. (VDB-8003) (D:\Efinity_Project\Efinity_Project\Ti60F225_OV5640_Face_Reproduction\example_top.v:352)
[EFX-0011 VERI-WARNING] Input/inout port lcd_r7_0_i[7] is unconnected and will be removed. (VDB-8003) (D:\Efinity_Project\Efinity_Project\Ti60F225_OV5640_Face_Reproduction\example_top.v:353)
[EFX-0011 VERI-WARNING] CE port of EFX_DSP48 instance u_bbox_filter_720p/n377_pp_0x0 is permanently disabled (VDB-8002) 
[EFX-0011 VERI-WARNING] CE port of EFX_DSP48 instance u_bbox_filter_720p/n578_pp_1x0 is permanently disabled (VDB-8002) 
[EFX-0011 VERI-WARNING] CE port of EFX_DSP48 instance u_bbox_filter_720p/n578_pp_0x0 is permanently disabled (VDB-8002) 
[EFX-0011 VERI-WARNING] CE port of EFX_DSP48 instance u_bbox_filter_720p/n377_pp_1x0 is permanently disabled (VDB-8002) 
[EFX-0011 VERI-WARNING] Found 106 warnings in the post-synthesis netlist. 

///////////////////////////////////
// Efinity Synthesis Started 
// Sep 20, 2026 12:35:38
///////////////////////////////////

[EFX-0011 VERI-WARNING] port 'cal_shift_val' remains unconnected for this instance (VERI-1927) (D:\Efinity_Project\Efinity_Project\Ti60F225_OV5640_Face_Reproduction\example_top.v:612)
[EFX-0011 VERI-WARNING] port 'axi_awid' remains unconnected for this instance (VERI-1927) (D:\Efinity_Project\Efinity_Project\Ti60F225_OV5640_Face_Reproduction\example_top.v:966)
[EFX-0011 VERI-WARNING] port 'lcd_xpos' remains unconnected for this instance (VERI-1927) (D:\Efinity_Project\Efinity_Project\Ti60F225_OV5640_Face_Reproduction\example_top.v:997)
[EFX-0011 VERI-WARNING] port 'pending_swap' remains unconnected for this instance (VERI-1927) (D:\Efinity_Project\Efinity_Project\Ti60F225_OV5640_Face_Reproduction\example_top.v:1140)
[EFX-0011 VERI-WARNING] port 'TMDS_Clk_p' remains unconnected for this instance (VERI-1927) (D:\Efinity_Project\Efinity_Project\Ti60F225_OV5640_Face_Reproduction\example_top.v:1193)
[EFX-0011 VERI-WARNING] expression size 32 truncated to fit in target size 1 (VERI-1209) (D:\Efinity_Project\Efinity_Project\Ti60F225_OV5640_Face_Reproduction\example_top.v:443)
[EFX-0011 VERI-WARNING] port 'wr_busy' remains unconnected for this instance (VERI-1927) (D:/Efinity_Project/Efinity_Project/Ti60F225_OV5640_Face_Reproduction\ip/DdrCtrl\DdrCtrl.sv:184)
[EFX-0011 VERI-WARNING] port 'wr_data' is not connected on this instance (VERI-2435) (D:/Efinity_Project/Efinity_Project/Ti60F225_OV5640_Face_Reproduction\ip/DdrCtrl\DdrCtrl.sv:184)
[EFX-0011 VERI-WARNING] port '**' is not connected on this instance (VERI-2435) (D:/Efinity_Project/Efinity_Project/Ti60F225_OV5640_Face_Reproduction\ip/DdrCtrl\DdrCtrl.sv:2496)
[EFX-0011 VERI-WARNING] expression size ** truncated to fit in target size ** (VERI-1209) (D:/Efinity_Project/Efinity_Project/Ti60F225_OV5640_Face_Reproduction\ip/DdrCtrl\DdrCtrl.sv:2611)
[EFX-0011 VERI-WARNING] actual bit length ** differs from formal bit length *** for port '**' (VERI-1330) (D:/Efinity_Project/Efinity_Project/Ti60F225_OV5640_Face_Reproduction\ip/DdrCtrl\DdrCtrl.sv:2496)
[EFX-0011 VERI-WARNING] expression size ** truncated to fit in target size ** (VERI-1209) (D:/Efinity_Project/Efinity_Project/Ti60F225_OV5640_Face_Reproduction\ip/DdrCtrl\DdrCtrl.sv:2611)
[EFX-0011 VERI-WARNING] expression size ** truncated to fit in target size ** (VERI-1209) (D:/Efinity_Project/Efinity_Project/Ti60F225_OV5640_Face_Reproduction\ip/DdrCtrl\DdrCtrl.sv:2611)
[EFX-0011 VERI-WARNING] actual bit length ** differs from formal bit length *** for port '**' (VERI-1330) (D:/Efinity_Project/Efinity_Project/Ti60F225_OV5640_Face_Reproduction\ip/DdrCtrl\DdrCtrl.sv:2496)
[EFX-0011 VERI-WARNING] port '**' remains unconnected for this instance (VERI-1927) (D:/Efinity_Project/Efinity_Project/Ti60F225_OV5640_Face_Reproduction\ip/DdrCtrl\DdrCtrl.sv:590)
[EFX-0011 VERI-WARNING] actual bit length ** differs from formal bit length *** for port '**' (VERI-1330) (D:/Efinity_Project/Efinity_Project/Ti60F225_OV5640_Face_Reproduction\ip/DdrCtrl\DdrCtrl.sv:590)
[EFX-0011 VERI-WARNING] port '**' remains unconnected for this instance (VERI-1927) (D:/Efinity_Project/Efinity_Project/Ti60F225_OV5640_Face_Reproduction\ip/DdrCtrl\DdrCtrl.sv:1460)
[EFX-0011 VERI-WARNING] port '**' remains unconnected for this instance (VERI-1927) (D:/Efinity_Project/Efinity_Project/Ti60F225_OV5640_Face_Reproduction\ip/DdrCtrl\DdrCtrl.sv:4817)
[EFX-0011 VERI-WARNING] actual bit length ** differs from formal bit length *** for port '**' (VERI-1330) (D:/Efinity_Project/Efinity_Project/Ti60F225_OV5640_Face_Reproduction\ip/DdrCtrl\DdrCtrl.sv:4817)
[EFX-0011 VERI-WARNING] input port '**' is not connected on this instance (VDB-1013) (D:/Efinity_Project/Efinity_Project/Ti60F225_OV5640_Face_Reproduction\ip/DdrCtrl\DdrCtrl.sv:4817)
[EFX-0011 VERI-WARNING] expression size ** truncated to fit in target size ** (VERI-1209) (D:/Efinity_Project/Efinity_Project/Ti60F225_OV5640_Face_Reproduction\ip/DdrCtrl\DdrCtrl.sv:1460)
[EFX-0011 VERI-WARNING] net '**' does not have a driver (VDB-1002) (D:/Efinity_Project/Efinity_Project/Ti60F225_OV5640_Face_Reproduction\ip/DdrCtrl\DdrCtrl.sv:1460)
[EFX-0011 VERI-WARNING] net '**' does not have a driver (VDB-1002) (D:/Efinity_Project/Efinity_Project/Ti60F225_OV5640_Face_Reproduction\ip/DdrCtrl\DdrCtrl.sv:590)
[EFX-0011 VERI-WARNING] input port '**' is not connected on this instance (VDB-1013) (D:/Efinity_Project/Efinity_Project/Ti60F225_OV5640_Face_Reproduction\ip/DdrCtrl\DdrCtrl.sv:590)
[EFX-0011 VERI-WARNING] input port '**' is not connected on this instance (VDB-1013) (D:/Efinity_Project/Efinity_Project/Ti60F225_OV5640_Face_Reproduction\ip/DdrCtrl\DdrCtrl.sv:2496)
[EFX-0011 VERI-WARNING] input port 'wr_data[127]' is not connected on this instance (VDB-1013) (D:/Efinity_Project/Efinity_Project/Ti60F225_OV5640_Face_Reproduction\ip/DdrCtrl\DdrCtrl.sv:117)
[EFX-0011 VERI-WARNING] actual bit length 4 differs from formal bit length 8 for port 'axi_aid' (VERI-1330) (D:\Efinity_Project\Efinity_Project\Ti60F225_OV5640_Face_Reproduction\example_top.v:579)
[EFX-0011 VERI-WARNING] actual bit length 4 differs from formal bit length 8 for port 'axi_wid' (VERI-1330) (D:\Efinity_Project\Efinity_Project\Ti60F225_OV5640_Face_Reproduction\example_top.v:586)
[EFX-0011 VERI-WARNING] actual bit length 4 differs from formal bit length 8 for port 'axi_bid' (VERI-1330) (D:\Efinity_Project\Efinity_Project\Ti60F225_OV5640_Face_Reproduction\example_top.v:595)
[EFX-0011 VERI-WARNING] actual bit length 4 differs from formal bit length 8 for port 'axi_rid' (VERI-1330) (D:\Efinity_Project\Efinity_Project\Ti60F225_OV5640_Face_Reproduction\example_top.v:601)
[EFX-0011 VERI-WARNING] expression size 2 truncated to fit in target size 1 (VERI-1209) (D:\Efinity_Project\Efinity_Project\Ti60F225_OV5640_Face_Reproduction\src\axi\AXI4_AWARMux.v:90)
[EFX-0011 VERI-WARNING] expression size 3 truncated to fit in target size 2 (VERI-1209) (D:\Efinity_Project\Efinity_Project\Ti60F225_OV5640_Face_Reproduction\example_top.v:713)
[EFX-0011 VERI-WARNING] expression size 5 truncated to fit in target size 4 (VERI-1209) (D:\Efinity_Project\Efinity_Project\Ti60F225_OV5640_Face_Reproduction\example_top.v:714)
[EFX-0011 VERI-WARNING] expression size 8 truncated to fit in target size 7 (VERI-1209) (D:\Efinity_Project\Efinity_Project\Ti60F225_OV5640_Face_Reproduction\src\PWMLite.v:22)
[EFX-0011 VERI-WARNING] actual bit length 64 differs from formal bit length 8 for port 'image_out_data' (VERI-1330) (D:\Efinity_Project\Efinity_Project\Ti60F225_OV5640_Face_Reproduction\example_top.v:867)
[EFX-0011 VERI-WARNING] expression size 32 truncated to fit in target size 16 (VERI-1209) (D:\Efinity_Project\Efinity_Project\Ti60F225_OV5640_Face_Reproduction\src\axi\axi4_ctrl.v:91)
[EFX-0011 VERI-WARNING] expression size 3 truncated to fit in target size 2 (VERI-1209) (D:\Efinity_Project\Efinity_Project\Ti60F225_OV5640_Face_Reproduction\src\axi\axi4_ctrl.v:113)
[EFX-0011 VERI-WARNING] expression size 3 truncated to fit in target size 2 (VERI-1209) (D:\Efinity_Project\Efinity_Project\Ti60F225_OV5640_Face_Reproduction\src\axi\axi4_ctrl.v:114)
[EFX-0011 VERI-WARNING] expression size 3 truncated to fit in target size 2 (VERI-1209) (D:\Efinity_Project\Efinity_Project\Ti60F225_OV5640_Face_Reproduction\src\axi\axi4_ctrl.v:196)
[EFX-0011 VERI-WARNING] expression size 2 truncated to fit in target size 1 (VERI-1209) (D:\Efinity_Project\Efinity_Project\Ti60F225_OV5640_Face_Reproduction\src\axi\axi4_ctrl.v:238)
[EFX-0011 VERI-WARNING] expression size 23 truncated to fit in target size 22 (VERI-1209) (D:\Efinity_Project\Efinity_Project\Ti60F225_OV5640_Face_Reproduction\src\axi\axi4_ctrl.v:257)
[EFX-0011 VERI-WARNING] port 'a_wr_rst_i' remains unconnected for this instance (VERI-1927) (D:/Efinity_Project/Efinity_Project/Ti60F225_OV5640_Face_Reproduction\ip/W0_FIFO_8\W0_FIFO_8.sv:116)
[EFX-0011 VERI-WARNING] expression size 32 truncated to fit in target size 14 (VERI-1209) (D:/Efinity_Project/Efinity_Project/Ti60F225_OV5640_Face_Reproduction\ip/W0_FIFO_8\W0_FIFO_8.sv:1251)
[EFX-0011 VERI-WARNING] expression size 32 truncated to fit in target size 10 (VERI-1209) (D:/Efinity_Project/Efinity_Project/Ti60F225_OV5640_Face_Reproduction\ip/W0_FIFO_8\W0_FIFO_8.sv:1252)
[EFX-0011 VERI-WARNING] input port 'a_wr_rst_i' is not connected on this instance (VDB-1013) (D:/Efinity_Project/Efinity_Project/Ti60F225_OV5640_Face_Reproduction\ip/W0_FIFO_8\W0_FIFO_8.sv:95)
[EFX-0011 VERI-WARNING] port 'a_wr_rst_i' remains unconnected for this instance (VERI-1927) (D:/Efinity_Project/Efinity_Project/Ti60F225_OV5640_Face_Reproduction\ip/R0_FIFO_16\R0_FIFO_16.sv:116)
[EFX-0011 VERI-WARNING] expression size 32 truncated to fit in target size 10 (VERI-1209) (D:/Efinity_Project/Efinity_Project/Ti60F225_OV5640_Face_Reproduction\ip/R0_FIFO_16\R0_FIFO_16.sv:1236)
[EFX-0011 VERI-WARNING] expression size 32 truncated to fit in target size 13 (VERI-1209) (D:/Efinity_Project/Efinity_Project/Ti60F225_OV5640_Face_Reproduction\ip/R0_FIFO_16\R0_FIFO_16.sv:1237)
[EFX-0011 VERI-WARNING] input port 'a_wr_rst_i' is not connected on this instance (VDB-1013) (D:/Efinity_Project/Efinity_Project/Ti60F225_OV5640_Face_Reproduction\ip/R0_FIFO_16\R0_FIFO_16.sv:95)
[EFX-0011 VERI-WARNING] expression size 17 truncated to fit in target size 16 (VERI-1209) (D:\Efinity_Project\Efinity_Project\Ti60F225_OV5640_Face_Reproduction\src\axi\axi4_ctrl.v:464)
[EFX-0011 VERI-WARNING] expression size 23 truncated to fit in target size 22 (VERI-1209) (D:\Efinity_Project\Efinity_Project\Ti60F225_OV5640_Face_Reproduction\src\axi\axi4_ctrl.v:574)
[EFX-0011 VERI-WARNING] actual bit length 32 differs from formal bit length 4 for port 'axi_bid' (VERI-1330) (D:\Efinity_Project\Efinity_Project\Ti60F225_OV5640_Face_Reproduction\example_top.v:938)
[EFX-0011 VERI-WARNING] actual bit length 32 differs from formal bit length 2 for port 'axi_bresp' (VERI-1330) (D:\Efinity_Project\Efinity_Project\Ti60F225_OV5640_Face_Reproduction\example_top.v:939)
[EFX-0011 VERI-WARNING] actual bit length 32 differs from formal bit length 1 for port 'axi_bvalid' (VERI-1330) (D:\Efinity_Project\Efinity_Project\Ti60F225_OV5640_Face_Reproduction\example_top.v:940)
[EFX-0011 VERI-WARNING] actual bit length 32 differs from formal bit length 2 for port 'axi_rresp' (VERI-1330) (D:\Efinity_Project\Efinity_Project\Ti60F225_OV5640_Face_Reproduction\example_top.v:950)
[EFX-0011 VERI-WARNING] actual bit length 64 differs from formal bit length 8 for port 'wframe_data' (VERI-1330) (D:\Efinity_Project\Efinity_Project\Ti60F225_OV5640_Face_Reproduction\example_top.v:958)
[EFX-0011 VERI-WARNING] actual bit length 8 differs from formal bit length 32 for port 'tp_o' (VERI-1330) (D:\Efinity_Project\Efinity_Project\Ti60F225_OV5640_Face_Reproduction\example_top.v:965)
[EFX-0011 VERI-WARNING] expression size 8 truncated to fit in target size 4 (VERI-1209) (D:\Efinity_Project\Efinity_Project\Ti60F225_OV5640_Face_Reproduction\example_top.v:967)
[EFX-0011 VERI-WARNING] expression size 14 truncated to fit in target size 12 (VERI-1209) (D:\Efinity_Project\Efinity_Project\Ti60F225_OV5640_Face_Reproduction\src\lcd_driver.v:145)
[EFX-0011 VERI-WARNING] actual bit length 24 differs from formal bit length 48 for port 'lcd_data' (VERI-1330) (D:\Efinity_Project\Efinity_Project\Ti60F225_OV5640_Face_Reproduction\example_top.v:996)
[EFX-0011 VERI-WARNING] expression size 32 truncated to fit in target size 8 (VERI-1209) (D:\Efinity_Project\Efinity_Project\Ti60F225_OV5640_Face_Reproduction\src\face\face_reader_720p.v:22)
[EFX-0011 VERI-WARNING] actual bit length 10 differs from formal bit length 11 for port 'pixel_y' (VERI-1330) (D:\Efinity_Project\Efinity_Project\Ti60F225_OV5640_Face_Reproduction\example_top.v:1032)
[EFX-0011 VERI-WARNING] port 'rst_busy' remains unconnected for this instance (VERI-1927) (D:\Efinity_Project\Efinity_Project\Ti60F225_OV5640_Face_Reproduction\src\face\true_ccl.v:208)
[EFX-0011 VERI-WARNING] concatenation with an unsized literal will be treated as 32 bits (VERI-1320) (D:\Efinity_Project\Efinity_Project\Ti60F225_OV5640_Face_Reproduction\src\face\true_ccl.v:219)
[EFX-0011 VERI-WARNING] port 'rst_busy' remains unconnected for this instance (VERI-1927) (D:\Efinity_Project\Efinity_Project\Ti60F225_OV5640_Face_Reproduction\src\face\true_ccl.v:225)
[EFX-0011 VERI-WARNING] expression size 12 truncated to fit in target size 11 (VERI-1209) (D:\Efinity_Project\Efinity_Project\Ti60F225_OV5640_Face_Reproduction\src\face\true_ccl.v:56)
[EFX-0011 VERI-WARNING] latch inferred for net 'PreCombCur' (VERI-2580) (D:\Efinity_Project\Efinity_Project\Ti60F225_OV5640_Face_Reproduction\src\face\true_ccl.v:157)
[EFX-0011 VERI-WARNING] port 'a_wr_rst_i' remains unconnected for this instance (VERI-1927) (D:/Efinity_Project/Efinity_Project/Ti60F225_OV5640_Face_Reproduction\ip/FIFO36x512\FIFO36x512.sv:98)
[EFX-0011 VERI-WARNING] input port 'a_wr_rst_i' is not connected on this instance (VDB-1013) (D:/Efinity_Project/Efinity_Project/Ti60F225_OV5640_Face_Reproduction\ip/FIFO36x512\FIFO36x512.sv:86)
[EFX-0011 VERI-WARNING] actual bit length 32 differs from formal bit length 36 for port 'rdata' (VERI-1330) (D:\Efinity_Project\Efinity_Project\Ti60F225_OV5640_Face_Reproduction\src\face\true_ccl.v:205)
[EFX-0011 VERI-WARNING] actual bit length 66 differs from formal bit length 36 for port 'wdata' (VERI-1330) (D:\Efinity_Project\Efinity_Project\Ti60F225_OV5640_Face_Reproduction\src\face\true_ccl.v:219)
[EFX-0011 VERI-WARNING] actual bit length 34 differs from formal bit length 36 for port 'rdata' (VERI-1330) (D:\Efinity_Project\Efinity_Project\Ti60F225_OV5640_Face_Reproduction\src\face\true_ccl.v:222)
[EFX-0011 VERI-WARNING] port 'addr' is not connected on this instance (VERI-2435) (D:/Efinity_Project/Efinity_Project/Ti60F225_OV5640_Face_Reproduction\ip/BlockRam90x1024\BlockRam90x1024.v:144)
[EFX-0011 VERI-WARNING] expression size 32 truncated to fit in target size 1 (VERI-1209) (D:/Efinity_Project/Efinity_Project/Ti60F225_OV5640_Face_Reproduction\ip/BlockRam90x1024\BlockRam90x1024.v:1091)
[EFX-0011 VERI-WARNING] expression size 32 truncated to fit in target size 1 (VERI-1209) (D:/Efinity_Project/Efinity_Project/Ti60F225_OV5640_Face_Reproduction\ip/BlockRam90x1024\BlockRam90x1024.v:1092)
[EFX-0011 VERI-WARNING] expression size 32 truncated to fit in target size 1 (VERI-1209) (D:/Efinity_Project/Efinity_Project/Ti60F225_OV5640_Face_Reproduction\ip/BlockRam90x1024\BlockRam90x1024.v:1104)
[EFX-0011 VERI-WARNING] expression size 32 truncated to fit in target size 1 (VERI-1209) (D:/Efinity_Project/Efinity_Project/Ti60F225_OV5640_Face_Reproduction\ip/BlockRam90x1024\BlockRam90x1024.v:1105)
[EFX-0011 VERI-WARNING] expression size 32 truncated to fit in target size 1 (VERI-1209) (D:/Efinity_Project/Efinity_Project/Ti60F225_OV5640_Face_Reproduction\ip/BlockRam90x1024\BlockRam90x1024.v:1108)
[EFX-0011 VERI-WARNING] expression size 32 truncated to fit in target size 1 (VERI-1209) (D:/Efinity_Project/Efinity_Project/Ti60F225_OV5640_Face_Reproduction\ip/BlockRam90x1024\BlockRam90x1024.v:1109)
[EFX-0011 VERI-WARNING] input port 'addr[9]' is not connected on this instance (VDB-1013) (D:/Efinity_Project/Efinity_Project/Ti60F225_OV5640_Face_Reproduction\ip/BlockRam90x1024\BlockRam90x1024.v:133)
[EFX-0011 VERI-WARNING] input port 'clke' remains unconnected for this instance (VDB-1053) (D:/Efinity_Project/Efinity_Project/Ti60F225_OV5640_Face_Reproduction\ip/BlockRam90x1024\BlockRam90x1024.v:133)
[EFX-0011 VERI-WARNING] actual bit length 27 differs from formal bit length 26 for port 'Count' (VERI-1330) (D:\Efinity_Project\Efinity_Project\Ti60F225_OV5640_Face_Reproduction\src\face\streaming_connected_components.v:134)
[EFX-0011 VERI-WARNING] actual bit length 4 differs from formal bit length 1 for port 'led' (VERI-1330) (D:\Efinity_Project\Efinity_Project\Ti60F225_OV5640_Face_Reproduction\example_top.v:1098)
[EFX-0011 VERI-WARNING] latch inferred for net 'dx0[10]' (VERI-2580) (D:\Efinity_Project\Efinity_Project\Ti60F225_OV5640_Face_Reproduction\src\face\bbox_overlay.v:192)
[EFX-0011 VERI-WARNING] actual bit length 6 differs from formal bit length 8 for port 'ccl_count' (VERI-1330) (D:\Efinity_Project\Efinity_Project\Ti60F225_OV5640_Face_Reproduction\example_top.v:1147)
[EFX-0011 VERI-WARNING] actual bit length 32 differs from formal bit length 4 for port 'data_island_data' (VERI-1330) (D:\Efinity_Project\Efinity_Project\Ti60F225_OV5640_Face_Reproduction\src\hdmi_ip\rgb2dvi.v:50)
[EFX-0011 VERI-WARNING] actual bit length 4 differs from formal bit length 3 for port 'mode' (VERI-1330) (D:\Efinity_Project\Efinity_Project\Ti60F225_OV5640_Face_Reproduction\src\hdmi_ip\rgb2dvi.v:52)
[EFX-0011 VERI-WARNING] actual bit length 32 differs from formal bit length 4 for port 'data_island_data' (VERI-1330) (D:\Efinity_Project\Efinity_Project\Ti60F225_OV5640_Face_Reproduction\src\hdmi_ip\rgb2dvi.v:58)
[EFX-0011 VERI-WARNING] actual bit length 4 differs from formal bit length 3 for port 'mode' (VERI-1330) (D:\Efinity_Project\Efinity_Project\Ti60F225_OV5640_Face_Reproduction\src\hdmi_ip\rgb2dvi.v:60)
[EFX-0011 VERI-WARNING] actual bit length 32 differs from formal bit length 4 for port 'data_island_data' (VERI-1330) (D:\Efinity_Project\Efinity_Project\Ti60F225_OV5640_Face_Reproduction\src\hdmi_ip\rgb2dvi.v:66)
[EFX-0011 VERI-WARNING] actual bit length 4 differs from formal bit length 3 for port 'mode' (VERI-1330) (D:\Efinity_Project\Efinity_Project\Ti60F225_OV5640_Face_Reproduction\src\hdmi_ip\rgb2dvi.v:68)
[EFX-0011 VERI-WARNING] actual bit length 32 differs from formal bit length 1 for port 'oe_i' (VERI-1330) (D:\Efinity_Project\Efinity_Project\Ti60F225_OV5640_Face_Reproduction\example_top.v:1175)
[EFX-0011 VERI-WARNING] net 'w_dev_index_o[7]' does not have a driver (VDB-1002) (D:\Efinity_Project\Efinity_Project\Ti60F225_OV5640_Face_Reproduction\example_top.v:428)
[EFX-0011 VERI-WARNING] net 'w_dev_cmd_o[7]' does not have a driver (VDB-1002) (D:\Efinity_Project\Efinity_Project\Ti60F225_OV5640_Face_Reproduction\example_top.v:429)
[EFX-0011 VERI-WARNING] net 'w_dev_wdata_o[31]' does not have a driver (VDB-1002) (D:\Efinity_Project\Efinity_Project\Ti60F225_OV5640_Face_Reproduction\example_top.v:430)
[EFX-0011 VERI-WARNING] net 'w_dev_wvalid_o' does not have a driver (VDB-1002) (D:\Efinity_Project\Efinity_Project\Ti60F225_OV5640_Face_Reproduction\example_top.v:431)
[EFX-0011 VERI-WARNING] net 'w_spi_ssn_o' does not have a driver (VDB-1002) (D:\Efinity_Project\Efinity_Project\Ti60F225_OV5640_Face_Reproduction\example_top.v:435)
[EFX-0011 VERI-WARNING] net 'w_spi_data_o[3]' does not have a driver (VDB-1002) (D:\Efinity_Project\Efinity_Project\Ti60F225_OV5640_Face_Reproduction\example_top.v:436)
[EFX-0011 VERI-WARNING] net 'w_lcd_b_o[7]' does not have a driver (VDB-1002) (D:\Efinity_Project\Efinity_Project\Ti60F225_OV5640_Face_Reproduction\example_top.v:453)
[EFX-0011 VERI-WARNING] input port 'SerialClk' is not connected on this instance (VDB-1013) (D:\Efinity_Project\Efinity_Project\Ti60F225_OV5640_Face_Reproduction\example_top.v:1168)
[EFX-0256 WARNING] The primary output port 'csi_ctl0_o' wire 'csi_ctl0_o' is not driven.
[EFX-0256 WARNING] The primary output port 'csi_ctl1_o' wire 'csi_ctl1_o' is not driven.
[EFX-0256 WARNING] The primary output port 'csi_scl_o' wire 'csi_scl_o' is not driven.
[EFX-0256 WARNING] The primary output port 'csi_scl_oe' wire 'csi_scl_oe' is not driven.
[EFX-0256 WARNING] The primary output port 'csi_sda_o' wire 'csi_sda_o' is not driven.
[EFX-0256 WARNING] The primary output port 'csi_sda_oe' wire 'csi_sda_oe' is not driven.
[EFX-0256 WARNING] The primary output port 'csi_rxc_hs_en_o' wire 'csi_rxc_hs_en_o' is not driven.
[EFX-0256 WARNING] The primary output port 'csi_rxc_hs_term_en_o' wire 'csi_rxc_hs_term_en_o' is not driven.
[EFX-0256 WARNING] The primary output port 'csi_rxd0_rst_o' wire 'csi_rxd0_rst_o' is not driven.
[EFX-0256 WARNING] The primary output port 'csi_rxd0_hs_en_o' wire 'csi_rxd0_hs_en_o' is not driven.
[EFX-0256 WARNING] The primary output port 'csi_rxd0_hs_term_en_o' wire 'csi_rxd0_hs_term_en_o' is not driven.
[EFX-0256 WARNING] The primary output port 'csi_rxd1_rst_o' wire 'csi_rxd1_rst_o' is not driven.
[EFX-0256 WARNING] The primary output port 'csi_rxd1_hs_en_o' wire 'csi_rxd1_hs_en_o' is not driven.
[EFX-0256 WARNING] The primary output port 'csi_rxd1_hs_term_en_o' wire 'csi_rxd1_hs_term_en_o' is not driven.
[EFX-0256 WARNING] The primary output port 'csi_rxd2_rst_o' wire 'csi_rxd2_rst_o' is not driven.
[EFX-0256 WARNING] The primary output port 'csi_rxd2_hs_en_o' wire 'csi_rxd2_hs_en_o' is not driven.
[EFX-0256 WARNING] The primary output port 'csi_rxd2_hs_term_en_o' wire 'csi_rxd2_hs_term_en_o' is not driven.
[EFX-0256 WARNING] The primary output port 'csi_rxd3_rst_o' wire 'csi_rxd3_rst_o' is not driven.
[EFX-0256 WARNING] The primary output port 'csi_rxd3_hs_en_o' wire 'csi_rxd3_hs_en_o' is not driven.
[EFX-0256 WARNING] The primary output port 'csi_rxd3_hs_term_en_o' wire 'csi_rxd3_hs_term_en_o' is not driven.
[EFX-0256 WARNING] The primary output port 'dsi_txc_rst_o' wire 'dsi_txc_rst_o' is not driven.
[EFX-0256 WARNING] The primary output port 'dsi_txc_lp_p_oe' wire 'dsi_txc_lp_p_oe' is not driven.
[EFX-0256 WARNING] The primary output port 'dsi_txc_lp_p_o' wire 'dsi_txc_lp_p_o' is not driven.
[EFX-0256 WARNING] The primary output port 'dsi_txc_lp_n_oe' wire 'dsi_txc_lp_n_oe' is not driven.
[EFX-0256 WARNING] The primary output port 'dsi_txc_lp_n_o' wire 'dsi_txc_lp_n_o' is not driven.
[EFX-0256 WARNING] The primary output port 'dsi_txc_hs_oe' wire 'dsi_txc_hs_oe' is not driven.
[EFX-0256 WARNING] The primary output port 'dsi_txc_hs_o[7]' wire 'dsi_txc_hs_o[7]' is not driven.
[EFX-0256 WARNING] The primary output port 'dsi_txc_hs_o[6]' wire 'dsi_txc_hs_o[6]' is not driven.
[EFX-0256 WARNING] The primary output port 'dsi_txc_hs_o[5]' wire 'dsi_txc_hs_o[5]' is not driven.
[EFX-0256 WARNING] The primary output port 'dsi_txc_hs_o[4]' wire 'dsi_txc_hs_o[4]' is not driven.
[EFX-0256 WARNING] The primary output port 'dsi_txc_hs_o[3]' wire 'dsi_txc_hs_o[3]' is not driven.
[EFX-0256 WARNING] The primary output port 'dsi_txc_hs_o[2]' wire 'dsi_txc_hs_o[2]' is not driven.
[EFX-0256 WARNING] The primary output port 'dsi_txc_hs_o[1]' wire 'dsi_txc_hs_o[1]' is not driven.
[EFX-0256 WARNING] The primary output port 'dsi_txc_hs_o[0]' wire 'dsi_txc_hs_o[0]' is not driven.
[EFX-0256 WARNING] The primary output port 'dsi_txd0_rst_o' wire 'dsi_txd0_rst_o' is not driven.
[EFX-0256 WARNING] The primary output port 'dsi_txd0_hs_oe' wire 'dsi_txd0_hs_oe' is not driven.
[EFX-0256 WARNING] The primary output port 'dsi_txd0_hs_o[7]' wire 'dsi_txd0_hs_o[7]' is not driven.
[EFX-0256 WARNING] The primary output port 'dsi_txd0_hs_o[6]' wire 'dsi_txd0_hs_o[6]' is not driven.
[EFX-0256 WARNING] The primary output port 'dsi_txd0_hs_o[5]' wire 'dsi_txd0_hs_o[5]' is not driven.
[EFX-0256 WARNING] The primary output port 'dsi_txd0_hs_o[4]' wire 'dsi_txd0_hs_o[4]' is not driven.
[EFX-0256 WARNING] The primary output port 'dsi_txd0_hs_o[3]' wire 'dsi_txd0_hs_o[3]' is not driven.
[EFX-0256 WARNING] The primary output port 'dsi_txd0_hs_o[2]' wire 'dsi_txd0_hs_o[2]' is not driven.
[EFX-0256 WARNING] The primary output port 'dsi_txd0_hs_o[1]' wire 'dsi_txd0_hs_o[1]' is not driven.
[EFX-0256 WARNING] The primary output port 'dsi_txd0_hs_o[0]' wire 'dsi_txd0_hs_o[0]' is not driven.
[EFX-0256 WARNING] The primary output port 'dsi_txd0_lp_p_oe' wire 'dsi_txd0_lp_p_oe' is not driven.
[EFX-0256 WARNING] The primary output port 'dsi_txd0_lp_p_o' wire 'dsi_txd0_lp_p_o' is not driven.
[EFX-0256 WARNING] The primary output port 'dsi_txd0_lp_n_oe' wire 'dsi_txd0_lp_n_oe' is not driven.
[EFX-0256 WARNING] The primary output port 'dsi_txd0_lp_n_o' wire 'dsi_txd0_lp_n_o' is not driven.
[EFX-0256 WARNING] The primary output port 'dsi_txd1_rst_o' wire 'dsi_txd1_rst_o' is not driven.
[EFX-0256 WARNING] The primary output port 'dsi_txd1_lp_p_oe' wire 'dsi_txd1_lp_p_oe' is not driven.
[EFX-0256 WARNING] The primary output port 'dsi_txd1_lp_p_o' wire 'dsi_txd1_lp_p_o' is not driven.
[EFX-0256 WARNING] The primary output port 'dsi_txd1_lp_n_oe' wire 'dsi_txd1_lp_n_oe' is not driven.
[EFX-0256 WARNING] The primary output port 'dsi_txd1_lp_n_o' wire 'dsi_txd1_lp_n_o' is not driven.
[EFX-0256 WARNING] The primary output port 'dsi_txd1_hs_oe' wire 'dsi_txd1_hs_oe' is not driven.
[EFX-0256 WARNING] The primary output port 'dsi_txd1_hs_o[7]' wire 'dsi_txd1_hs_o[7]' is not driven.
[EFX-0256 WARNING] The primary output port 'dsi_txd1_hs_o[6]' wire 'dsi_txd1_hs_o[6]' is not driven.
[EFX-0256 WARNING] The primary output port 'dsi_txd1_hs_o[5]' wire 'dsi_txd1_hs_o[5]' is not driven.
[EFX-0256 WARNING] The primary output port 'dsi_txd1_hs_o[4]' wire 'dsi_txd1_hs_o[4]' is not driven.
[EFX-0256 WARNING] The primary output port 'dsi_txd1_hs_o[3]' wire 'dsi_txd1_hs_o[3]' is not driven.
[EFX-0256 WARNING] The primary output port 'dsi_txd1_hs_o[2]' wire 'dsi_txd1_hs_o[2]' is not driven.
[EFX-0256 WARNING] The primary output port 'dsi_txd1_hs_o[1]' wire 'dsi_txd1_hs_o[1]' is not driven.
[EFX-0256 WARNING] The primary output port 'dsi_txd1_hs_o[0]' wire 'dsi_txd1_hs_o[0]' is not driven.
[EFX-0256 WARNING] The primary output port 'dsi_txd2_rst_o' wire 'dsi_txd2_rst_o' is not driven.
[EFX-0256 WARNING] The primary output port 'dsi_txd2_lp_p_oe' wire 'dsi_txd2_lp_p_oe' is not driven.
[EFX-0256 WARNING] The primary output port 'dsi_txd2_lp_p_o' wire 'dsi_txd2_lp_p_o' is not driven.
[EFX-0256 WARNING] The primary output port 'dsi_txd2_lp_n_oe' wire 'dsi_txd2_lp_n_oe' is not driven.
[EFX-0256 WARNING] The primary output port 'dsi_txd2_lp_n_o' wire 'dsi_txd2_lp_n_o' is not driven.
[EFX-0256 WARNING] The primary output port 'dsi_txd2_hs_oe' wire 'dsi_txd2_hs_oe' is not driven.
[EFX-0256 WARNING] The primary output port 'dsi_txd2_hs_o[7]' wire 'dsi_txd2_hs_o[7]' is not driven.
[EFX-0256 WARNING] The primary output port 'dsi_txd2_hs_o[6]' wire 'dsi_txd2_hs_o[6]' is not driven.
[EFX-0256 WARNING] The primary output port 'dsi_txd2_hs_o[5]' wire 'dsi_txd2_hs_o[5]' is not driven.
[EFX-0256 WARNING] The primary output port 'dsi_txd2_hs_o[4]' wire 'dsi_txd2_hs_o[4]' is not driven.
[EFX-0256 WARNING] The primary output port 'dsi_txd2_hs_o[3]' wire 'dsi_txd2_hs_o[3]' is not driven.
[EFX-0256 WARNING] The primary output port 'dsi_txd2_hs_o[2]' wire 'dsi_txd2_hs_o[2]' is not driven.
[EFX-0256 WARNING] The primary output port 'dsi_txd2_hs_o[1]' wire 'dsi_txd2_hs_o[1]' is not driven.
[EFX-0256 WARNING] The primary output port 'dsi_txd2_hs_o[0]' wire 'dsi_txd2_hs_o[0]' is not driven.
[EFX-0256 WARNING] The primary output port 'dsi_txd3_rst_o' wire 'dsi_txd3_rst_o' is not driven.
[EFX-0256 WARNING] The primary output port 'dsi_txd3_lp_p_oe' wire 'dsi_txd3_lp_p_oe' is not driven.
[EFX-0256 WARNING] The primary output port 'dsi_txd3_lp_p_o' wire 'dsi_txd3_lp_p_o' is not driven.
[EFX-0256 WARNING] The primary output port 'dsi_txd3_lp_n_oe' wire 'dsi_txd3_lp_n_oe' is not driven.
[EFX-0256 WARNING] The primary output port 'dsi_txd3_lp_n_o' wire 'dsi_txd3_lp_n_o' is not driven.
[EFX-0256 WARNING] The primary output port 'dsi_txd3_hs_oe' wire 'dsi_txd3_hs_oe' is not driven.
[EFX-0256 WARNING] The primary output port 'dsi_txd3_hs_o[7]' wire 'dsi_txd3_hs_o[7]' is not driven.
[EFX-0256 WARNING] The primary output port 'dsi_txd3_hs_o[6]' wire 'dsi_txd3_hs_o[6]' is not driven.
[EFX-0256 WARNING] The primary output port 'dsi_txd3_hs_o[5]' wire 'dsi_txd3_hs_o[5]' is not driven.
[EFX-0256 WARNING] The primary output port 'dsi_txd3_hs_o[4]' wire 'dsi_txd3_hs_o[4]' is not driven.
[EFX-0256 WARNING] The primary output port 'dsi_txd3_hs_o[3]' wire 'dsi_txd3_hs_o[3]' is not driven.
[EFX-0256 WARNING] The primary output port 'dsi_txd3_hs_o[2]' wire 'dsi_txd3_hs_o[2]' is not driven.
[EFX-0256 WARNING] The primary output port 'dsi_txd3_hs_o[1]' wire 'dsi_txd3_hs_o[1]' is not driven.
[EFX-0256 WARNING] The primary output port 'dsi_txd3_hs_o[0]' wire 'dsi_txd3_hs_o[0]' is not driven.
[EFX-0256 WARNING] The primary output port 'led_o[4]' wire 'led_o[4]' is not driven.
[EFX-0256 WARNING] The primary output port 'lvds_txc_oe' wire 'lvds_txc_oe' is not driven.
[EFX-0256 WARNING] The primary output port 'lvds_txc_o[6]' wire 'lvds_txc_o[6]' is not driven.
[EFX-0256 WARNING] The primary output port 'lvds_txc_o[5]' wire 'lvds_txc_o[5]' is not driven.
[EFX-0256 WARNING] The primary output port 'lvds_txc_o[4]' wire 'lvds_txc_o[4]' is not driven.
[EFX-0256 WARNING] The primary output port 'lvds_txc_o[3]' wire 'lvds_txc_o[3]' is not driven.
[EFX-0256 WARNING] The primary output port 'lvds_txc_o[2]' wire 'lvds_txc_o[2]' is not driven.
[EFX-0256 WARNING] The primary output port 'lvds_txc_o[1]' wire 'lvds_txc_o[1]' is not driven.
[EFX-0256 WARNING] The primary output port 'lvds_txc_o[0]' wire 'lvds_txc_o[0]' is not driven.
[EFX-0256 WARNING] The primary output port 'lvds_txc_rst_o' wire 'lvds_txc_rst_o' is not driven.
[EFX-0256 WARNING] The primary output port 'lvds_txd0_oe' wire 'lvds_txd0_oe' is not driven.
[EFX-0256 WARNING] The primary output port 'lvds_txd0_o[6]' wire 'lvds_txd0_o[6]' is not driven.
[EFX-0256 WARNING] The primary output port 'lvds_txd0_o[5]' wire 'lvds_txd0_o[5]' is not driven.
[EFX-0256 WARNING] The primary output port 'lvds_txd0_o[4]' wire 'lvds_txd0_o[4]' is not driven.
[EFX-0256 WARNING] The primary output port 'lvds_txd0_o[3]' wire 'lvds_txd0_o[3]' is not driven.
[EFX-0256 WARNING] The primary output port 'lvds_txd0_o[2]' wire 'lvds_txd0_o[2]' is not driven.
[EFX-0256 WARNING] The primary output port 'lvds_txd0_o[1]' wire 'lvds_txd0_o[1]' is not driven.
[EFX-0256 WARNING] The primary output port 'lvds_txd0_o[0]' wire 'lvds_txd0_o[0]' is not driven.
[EFX-0256 WARNING] The primary output port 'lvds_txd0_rst_o' wire 'lvds_txd0_rst_o' is not driven.
[EFX-0256 WARNING] The primary output port 'lvds_txd1_oe' wire 'lvds_txd1_oe' is not driven.
[EFX-0256 WARNING] The primary output port 'lvds_txd1_o[6]' wire 'lvds_txd1_o[6]' is not driven.
[EFX-0256 WARNING] The primary output port 'lvds_txd1_o[5]' wire 'lvds_txd1_o[5]' is not driven.
[EFX-0256 WARNING] The primary output port 'lvds_txd1_o[4]' wire 'lvds_txd1_o[4]' is not driven.
[EFX-0256 WARNING] The primary output port 'lvds_txd1_o[3]' wire 'lvds_txd1_o[3]' is not driven.
[EFX-0256 WARNING] The primary output port 'lvds_txd1_o[2]' wire 'lvds_txd1_o[2]' is not driven.
[EFX-0256 WARNING] The primary output port 'lvds_txd1_o[1]' wire 'lvds_txd1_o[1]' is not driven.
[EFX-0256 WARNING] The primary output port 'lvds_txd1_o[0]' wire 'lvds_txd1_o[0]' is not driven.
[EFX-0256 WARNING] The primary output port 'lvds_txd1_rst_o' wire 'lvds_txd1_rst_o' is not driven.
[EFX-0256 WARNING] The primary output port 'lvds_txd2_oe' wire 'lvds_txd2_oe' is not driven.
[EFX-0256 WARNING] The primary output port 'lvds_txd2_o[6]' wire 'lvds_txd2_o[6]' is not driven.
[EFX-0256 WARNING] The primary output port 'lvds_txd2_o[5]' wire 'lvds_txd2_o[5]' is not driven.
[EFX-0256 WARNING] The primary output port 'lvds_txd2_o[4]' wire 'lvds_txd2_o[4]' is not driven.
[EFX-0256 WARNING] The primary output port 'lvds_txd2_o[3]' wire 'lvds_txd2_o[3]' is not driven.
[EFX-0256 WARNING] The primary output port 'lvds_txd2_o[2]' wire 'lvds_txd2_o[2]' is not driven.
[EFX-0256 WARNING] The primary output port 'lvds_txd2_o[1]' wire 'lvds_txd2_o[1]' is not driven.
[EFX-0256 WARNING] The primary output port 'lvds_txd2_o[0]' wire 'lvds_txd2_o[0]' is not driven.
[EFX-0256 WARNING] The primary output port 'lvds_txd2_rst_o' wire 'lvds_txd2_rst_o' is not driven.
[EFX-0256 WARNING] The primary output port 'lvds_txd3_oe' wire 'lvds_txd3_oe' is not driven.
[EFX-0256 WARNING] The primary output port 'lvds_txd3_o[6]' wire 'lvds_txd3_o[6]' is not driven.
[EFX-0256 WARNING] The primary output port 'lvds_txd3_o[5]' wire 'lvds_txd3_o[5]' is not driven.
[EFX-0256 WARNING] The primary output port 'lvds_txd3_o[4]' wire 'lvds_txd3_o[4]' is not driven.
[EFX-0256 WARNING] The primary output port 'lvds_txd3_o[3]' wire 'lvds_txd3_o[3]' is not driven.
[EFX-0256 WARNING] The primary output port 'lvds_txd3_o[2]' wire 'lvds_txd3_o[2]' is not driven.
[EFX-0256 WARNING] The primary output port 'lvds_txd3_o[1]' wire 'lvds_txd3_o[1]' is not driven.
[EFX-0256 WARNING] The primary output port 'lvds_txd3_o[0]' wire 'lvds_txd3_o[0]' is not driven.
[EFX-0256 WARNING] The primary output port 'lvds_txd3_rst_o' wire 'lvds_txd3_rst_o' is not driven.
[EFX-0256 WARNING] The primary output port 'lcd_tp_sda_o' wire 'lcd_tp_sda_o' is not driven.
[EFX-0256 WARNING] The primary output port 'lcd_tp_sda_oe' wire 'lcd_tp_sda_oe' is not driven.
[EFX-0256 WARNING] The primary output port 'lcd_tp_scl_o' wire 'lcd_tp_scl_o' is not driven.
[EFX-0256 WARNING] The primary output port 'lcd_tp_scl_oe' wire 'lcd_tp_scl_oe' is not driven.
[EFX-0256 WARNING] The primary output port 'lcd_tp_int_o' wire 'lcd_tp_int_o' is not driven.
[EFX-0256 WARNING] The primary output port 'lcd_tp_int_oe' wire 'lcd_tp_int_oe' is not driven.
[EFX-0256 WARNING] The primary output port 'lcd_tp_rst_o' wire 'lcd_tp_rst_o' is not driven.
[EFX-0256 WARNING] The primary output port 'lcd_pwm_o' wire 'lcd_pwm_o' is not driven.
[EFX-0256 WARNING] The primary output port 'lcd_blen_o' wire 'lcd_blen_o' is not driven.
[EFX-0256 WARNING] The primary output port 'lcd_vs_o' wire 'lcd_vs_o' is not driven.
[EFX-0256 WARNING] The primary output port 'lcd_hs_o' wire 'lcd_hs_o' is not driven.
[EFX-0256 WARNING] The primary output port 'lcd_de_o' wire 'lcd_de_o' is not driven.
[EFX-0200 WARNING] Removing redundant signal : Shift_Q7_Out[4][7]. (D:/Efinity_Project/Efinity_Project/Ti60F225_OV5640_Face_Reproduction\ip/DdrCtrl\DdrCtrl.sv:2611)
[EFX-0200 WARNING] Removing redundant signal : Shift_Q7_Out[4][6]. (D:/Efinity_Project/Efinity_Project/Ti60F225_OV5640_Face_Reproduction\ip/DdrCtrl\DdrCtrl.sv:2611)
[EFX-0200 WARNING] Removing redundant signal : Shift_Q7_Out[4][5]. (D:/Efinity_Project/Efinity_Project/Ti60F225_OV5640_Face_Reproduction\ip/DdrCtrl\DdrCtrl.sv:2611)
[EFX-0200 WARNING] Removing redundant signal : Shift_Q7_Out[4][4]. (D:/Efinity_Project/Efinity_Project/Ti60F225_OV5640_Face_Reproduction\ip/DdrCtrl\DdrCtrl.sv:2611)
[EFX-0200 WARNING] Removing redundant signal : Shift_Q7_Out[4][3]. (D:/Efinity_Project/Efinity_Project/Ti60F225_OV5640_Face_Reproduction\ip/DdrCtrl\DdrCtrl.sv:2611)
[EFX-0200 WARNING] Removing redundant signal : Shift_Q7_Out[4][2]. (D:/Efinity_Project/Efinity_Project/Ti60F225_OV5640_Face_Reproduction\ip/DdrCtrl\DdrCtrl.sv:2611)
[EFX-0200 WARNING] Removing redundant signal : Shift_Q7_Out[4][1]. (D:/Efinity_Project/Efinity_Project/Ti60F225_OV5640_Face_Reproduction\ip/DdrCtrl\DdrCtrl.sv:2611)
[EFX-0200 WARNING] Removing redundant signal : Shift_Q7_Out[4][0]. (D:/Efinity_Project/Efinity_Project/Ti60F225_OV5640_Face_Reproduction\ip/DdrCtrl\DdrCtrl.sv:2611)
[EFX-0200 WARNING] Removing redundant signal : Shift_Out[7]. (D:/Efinity_Project/Efinity_Project/Ti60F225_OV5640_Face_Reproduction\ip/DdrCtrl\DdrCtrl.sv:2611)
[EFX-0200 WARNING] Removing redundant signal : Shift_Out[6]. (D:/Efinity_Project/Efinity_Project/Ti60F225_OV5640_Face_Reproduction\ip/DdrCtrl\DdrCtrl.sv:2611)
[EFX-0200 WARNING] Removing redundant signal : Shift_Out[5]. (D:/Efinity_Project/Efinity_Project/Ti60F225_OV5640_Face_Reproduction\ip/DdrCtrl\DdrCtrl.sv:2611)
[EFX-0200 WARNING] Removing redundant signal : Shift_Out[4]. (D:/Efinity_Project/Efinity_Project/Ti60F225_OV5640_Face_Reproduction\ip/DdrCtrl\DdrCtrl.sv:2611)
[EFX-0200 WARNING] Removing redundant signal : Shift_Out[3]. (D:/Efinity_Project/Efinity_Project/Ti60F225_OV5640_Face_Reproduction\ip/DdrCtrl\DdrCtrl.sv:2611)
[EFX-0200 WARNING] Removing redundant signal : Shift_Out[2]. (D:/Efinity_Project/Efinity_Project/Ti60F225_OV5640_Face_Reproduction\ip/DdrCtrl\DdrCtrl.sv:2611)
[EFX-0200 WARNING] Removing redundant signal : Shift_Out[1]. (D:/Efinity_Project/Efinity_Project/Ti60F225_OV5640_Face_Reproduction\ip/DdrCtrl\DdrCtrl.sv:2611)
[EFX-0200 WARNING] Removing redundant signal : Shift_Out[0]. (D:/Efinity_Project/Efinity_Project/Ti60F225_OV5640_Face_Reproduction\ip/DdrCtrl\DdrCtrl.sv:2611)
[EFX-0200 WARNING] Removing redundant signal : Shift_Q7_Out[4][31]. (D:/Efinity_Project/Efinity_Project/Ti60F225_OV5640_Face_Reproduction\ip/DdrCtrl\DdrCtrl.sv:2611)
[EFX-0200 WARNING] Removing redundant signal : Shift_Q7_Out[4][30]. (D:/Efinity_Project/Efinity_Project/Ti60F225_OV5640_Face_Reproduction\ip/DdrCtrl\DdrCtrl.sv:2611)
[EFX-0200 WARNING] Removing redundant signal : Shift_Q7_Out[4][29]. (D:/Efinity_Project/Efinity_Project/Ti60F225_OV5640_Face_Reproduction\ip/DdrCtrl\DdrCtrl.sv:2611)
[EFX-0200 WARNING] Removing redundant signal : Shift_Q7_Out[4][28]. (D:/Efinity_Project/Efinity_Project/Ti60F225_OV5640_Face_Reproduction\ip/DdrCtrl\DdrCtrl.sv:2611)
[EFX-0201 WARNING] Re-wiring to GND non-driven net 'u_efx_fifo_top.a_rst_i'. (D:/Efinity_Project/Efinity_Project/Ti60F225_OV5640_Face_Reproduction\ip/DdrCtrl\DdrCtrl.sv:4817)
[EFX-0201 WARNING] Re-wiring to GND non-driven net 'u_efx_fifo_top.clk_i'. (D:/Efinity_Project/Efinity_Project/Ti60F225_OV5640_Face_Reproduction\ip/DdrCtrl\DdrCtrl.sv:4817)
[EFX-0201 WARNING] Re-wiring to GND non-driven net 'r_rd_fifo_wr_en_p[31]'. (D:/Efinity_Project/Efinity_Project/Ti60F225_OV5640_Face_Reproduction\ip/DdrCtrl\DdrCtrl.sv:1460)
[EFX-0201 WARNING] Re-wiring to GND non-driven net 'r_rd_fifo_wr_en_p[30]'. (D:/Efinity_Project/Efinity_Project/Ti60F225_OV5640_Face_Reproduction\ip/DdrCtrl\DdrCtrl.sv:1460)
[EFX-0201 WARNING] Re-wiring to GND non-driven net 'r_rd_fifo_wr_en_p[29]'. (D:/Efinity_Project/Efinity_Project/Ti60F225_OV5640_Face_Reproduction\ip/DdrCtrl\DdrCtrl.sv:1460)
[EFX-0201 WARNING] Re-wiring to GND non-driven net 'r_rd_fifo_wr_en_p[28]'. (D:/Efinity_Project/Efinity_Project/Ti60F225_OV5640_Face_Reproduction\ip/DdrCtrl\DdrCtrl.sv:1460)
[EFX-0201 WARNING] Re-wiring to GND non-driven net 'r_rd_fifo_wr_en_p[27]'. (D:/Efinity_Project/Efinity_Project/Ti60F225_OV5640_Face_Reproduction\ip/DdrCtrl\DdrCtrl.sv:1460)
[EFX-0201 WARNING] Re-wiring to GND non-driven net 'r_rd_fifo_wr_en_p[26]'. (D:/Efinity_Project/Efinity_Project/Ti60F225_OV5640_Face_Reproduction\ip/DdrCtrl\DdrCtrl.sv:1460)
[EFX-0201 WARNING] Re-wiring to GND non-driven net 'r_rd_fifo_wr_en_p[25]'. (D:/Efinity_Project/Efinity_Project/Ti60F225_OV5640_Face_Reproduction\ip/DdrCtrl\DdrCtrl.sv:1460)
[EFX-0201 WARNING] Re-wiring to GND non-driven net 'r_rd_fifo_wr_en_p[24]'. (D:/Efinity_Project/Efinity_Project/Ti60F225_OV5640_Face_Reproduction\ip/DdrCtrl\DdrCtrl.sv:1460)
[EFX-0657 WARNING] Mapping into logic memory block 'u_streaming_connected_components/min_x_buf0' (704 bits) (D:\Efinity_Project\Efinity_Project\Ti60F225_OV5640_Face_Reproduction\src\face\streaming_connected_components.v:181) because it has async writer.
[EFX-0657 WARNING] Mapping into logic memory block 'u_streaming_connected_components/max_x_buf0' (704 bits) (D:\Efinity_Project\Efinity_Project\Ti60F225_OV5640_Face_Reproduction\src\face\streaming_connected_components.v:181) because it has async writer.
[EFX-0657 WARNING] Mapping into logic memory block 'u_streaming_connected_components/min_y_buf0' (640 bits) (D:\Efinity_Project\Efinity_Project\Ti60F225_OV5640_Face_Reproduction\src\face\streaming_connected_components.v:182) because it has async writer.
[EFX-0657 WARNING] Mapping into logic memory block 'u_streaming_connected_components/max_y_buf0' (640 bits) (D:\Efinity_Project\Efinity_Project\Ti60F225_OV5640_Face_Reproduction\src\face\streaming_connected_components.v:182) because it has async writer.
[EFX-0657 WARNING] Mapping into logic memory block 'u_streaming_connected_components/area_buf0' (1408 bits) (D:\Efinity_Project\Efinity_Project\Ti60F225_OV5640_Face_Reproduction\src\face\streaming_connected_components.v:183) because it has async writer.
[EFX-0657 WARNING] Mapping into logic memory block 'u_streaming_connected_components/min_x_buf1' (704 bits) (D:\Efinity_Project\Efinity_Project\Ti60F225_OV5640_Face_Reproduction\src\face\streaming_connected_components.v:184) because it has async writer.
[EFX-0657 WARNING] Mapping into logic memory block 'u_streaming_connected_components/max_x_buf1' (704 bits) (D:\Efinity_Project\Efinity_Project\Ti60F225_OV5640_Face_Reproduction\src\face\streaming_connected_components.v:184) because it has async writer.
[EFX-0657 WARNING] Mapping into logic memory block 'u_streaming_connected_components/min_y_buf1' (640 bits) (D:\Efinity_Project\Efinity_Project\Ti60F225_OV5640_Face_Reproduction\src\face\streaming_connected_components.v:185) because it has async writer.
[EFX-0657 WARNING] Mapping into logic memory block 'u_streaming_connected_components/max_y_buf1' (640 bits) (D:\Efinity_Project\Efinity_Project\Ti60F225_OV5640_Face_Reproduction\src\face\streaming_connected_components.v:185) because it has async writer.
[EFX-0657 WARNING] Mapping into logic memory block 'u_streaming_connected_components/area_buf1' (1408 bits) (D:\Efinity_Project\Efinity_Project\Ti60F225_OV5640_Face_Reproduction\src\face\streaming_connected_components.v:186) because it has async writer.
[EFX-0657 WARNING] Mapping into logic memory block 'u_bbox_overlay/a_x0' (88 bits) (D:\Efinity_Project\Efinity_Project\Ti60F225_OV5640_Face_Reproduction\src\face\bbox_overlay.v:51) because it has async writer.
[EFX-0657 WARNING] Mapping into logic memory block 'u_bbox_overlay/a_x1' (88 bits) (D:\Efinity_Project\Efinity_Project\Ti60F225_OV5640_Face_Reproduction\src\face\bbox_overlay.v:52) because it has async writer.
[EFX-0657 WARNING] Mapping into logic memory block 'u_bbox_overlay/a_y0' (80 bits) (D:\Efinity_Project\Efinity_Project\Ti60F225_OV5640_Face_Reproduction\src\face\bbox_overlay.v:53) because it has async writer.
[EFX-0657 WARNING] Mapping into logic memory block 'u_bbox_overlay/a_y1' (80 bits) (D:\Efinity_Project\Efinity_Project\Ti60F225_OV5640_Face_Reproduction\src\face\bbox_overlay.v:54) because it has async writer.
[EFX-0657 WARNING] Mapping into logic memory block 'u_bbox_overlay/b_x0' (88 bits) (D:\Efinity_Project\Efinity_Project\Ti60F225_OV5640_Face_Reproduction\src\face\bbox_overlay.v:57) because it has async writer.
[EFX-0657 WARNING] Mapping into logic memory block 'u_bbox_overlay/b_x1' (88 bits) (D:\Efinity_Project\Efinity_Project\Ti60F225_OV5640_Face_Reproduction\src\face\bbox_overlay.v:58) because it has async writer.
[EFX-0657 WARNING] Mapping into logic memory block 'u_bbox_overlay/b_y0' (80 bits) (D:\Efinity_Project\Efinity_Project\Ti60F225_OV5640_Face_Reproduction\src\face\bbox_overlay.v:59) because it has async writer.
[EFX-0657 WARNING] Mapping into logic memory block 'u_bbox_overlay/b_y1' (80 bits) (D:\Efinity_Project\Efinity_Project\Ti60F225_OV5640_Face_Reproduction\src\face\bbox_overlay.v:60) because it has async writer.
[EFX-0011 VERI-WARNING] Input/inout port clk_24m is unconnected and will be removed. (VDB-8003) (D:\Efinity_Project\Efinity_Project\Ti60F225_OV5640_Face_Reproduction\example_top.v:11)
[EFX-0011 VERI-WARNING] Input/inout port clk_25m is unconnected and will be removed. (VDB-8003) (D:\Efinity_Project\Efinity_Project\Ti60F225_OV5640_Face_Reproduction\example_top.v:12)
[EFX-0011 VERI-WARNING] Input/inout port clk_pixel_2x is unconnected and will be removed. (VDB-8003) (D:\Efinity_Project\Efinity_Project\Ti60F225_OV5640_Face_Reproduction\example_top.v:21)
[EFX-0011 VERI-WARNING] Input/inout port clk_pixel_10x is unconnected and will be removed. (VDB-8003) (D:\Efinity_Project\Efinity_Project\Ti60F225_OV5640_Face_Reproduction\example_top.v:22)
[EFX-0011 VERI-WARNING] Input/inout port dsi_refclk_i is unconnected and will be removed. (VDB-8003) (D:\Efinity_Project\Efinity_Project\Ti60F225_OV5640_Face_Reproduction\example_top.v:30)
[EFX-0011 VERI-WARNING] Input/inout port dsi_byteclk_i is unconnected and will be removed. (VDB-8003) (D:\Efinity_Project\Efinity_Project\Ti60F225_OV5640_Face_Reproduction\example_top.v:31)
[EFX-0011 VERI-WARNING] Input/inout port dsi_serclk_i is unconnected and will be removed. (VDB-8003) (D:\Efinity_Project\Efinity_Project\Ti60F225_OV5640_Face_Reproduction\example_top.v:32)
[EFX-0011 VERI-WARNING] Input/inout port dsi_txcclk_i is unconnected and will be removed. (VDB-8003) (D:\Efinity_Project\Efinity_Project\Ti60F225_OV5640_Face_Reproduction\example_top.v:33)
[EFX-0011 VERI-WARNING] Input/inout port clk_lvds_1x is unconnected and will be removed. (VDB-8003) (D:\Efinity_Project\Efinity_Project\Ti60F225_OV5640_Face_Reproduction\example_top.v:60)
[EFX-0011 VERI-WARNING] Input/inout port clk_lvds_7x is unconnected and will be removed. (VDB-8003) (D:\Efinity_Project\Efinity_Project\Ti60F225_OV5640_Face_Reproduction\example_top.v:61)
[EFX-0011 VERI-WARNING] Input/inout port clk_27m is unconnected and will be removed. (VDB-8003) (D:\Efinity_Project\Efinity_Project\Ti60F225_OV5640_Face_Reproduction\example_top.v:62)
[EFX-0011 VERI-WARNING] Input/inout port clk_54m is unconnected and will be removed. (VDB-8003) (D:\Efinity_Project\Efinity_Project\Ti60F225_OV5640_Face_Reproduction\example_top.v:63)
[EFX-0011 VERI-WARNING] Input/inout port i_dqs_n_hi[1] is unconnected and will be removed. (VDB-8003) (D:\Efinity_Project\Efinity_Project\Ti60F225_OV5640_Face_Reproduction\example_top.v:97)
[EFX-0011 VERI-WARNING] Input/inout port i_dqs_n_lo[1] is unconnected and will be removed. (VDB-8003) (D:\Efinity_Project\Efinity_Project\Ti60F225_OV5640_Face_Reproduction\example_top.v:98)
[EFX-0011 VERI-WARNING] Input/inout port csi_ctl0_i is unconnected and will be removed. (VDB-8003) (D:\Efinity_Project\Efinity_Project\Ti60F225_OV5640_Face_Reproduction\example_top.v:121)
[EFX-0011 VERI-WARNING] Input/inout port csi_ctl1_i is unconnected and will be removed. (VDB-8003) (D:\Efinity_Project\Efinity_Project\Ti60F225_OV5640_Face_Reproduction\example_top.v:125)
[EFX-0011 VERI-WARNING] Input/inout port csi_scl_i is unconnected and will be removed. (VDB-8003) (D:\Efinity_Project\Efinity_Project\Ti60F225_OV5640_Face_Reproduction\example_top.v:129)
[EFX-0011 VERI-WARNING] Input/inout port csi_sda_i is unconnected and will be removed. (VDB-8003) (D:\Efinity_Project\Efinity_Project\Ti60F225_OV5640_Face_Reproduction\example_top.v:133)
[EFX-0011 VERI-WARNING] Input/inout port csi_rxc_lp_p_i is unconnected and will be removed. (VDB-8003) (D:\Efinity_Project\Efinity_Project\Ti60F225_OV5640_Face_Reproduction\example_top.v:136)
[EFX-0011 VERI-WARNING] Input/inout port csi_rxc_lp_n_i is unconnected and will be removed. (VDB-8003) (D:\Efinity_Project\Efinity_Project\Ti60F225_OV5640_Face_Reproduction\example_top.v:137)
[EFX-0011 VERI-WARNING] Input/inout port csi_rxc_i is unconnected and will be removed. (VDB-8003) (D:\Efinity_Project\Efinity_Project\Ti60F225_OV5640_Face_Reproduction\example_top.v:140)
[EFX-0011 VERI-WARNING] Input/inout port csi_rxd0_lp_p_i is unconnected and will be removed. (VDB-8003) (D:\Efinity_Project\Efinity_Project\Ti60F225_OV5640_Face_Reproduction\example_top.v:147)
[EFX-0011 VERI-WARNING] Input/inout port csi_rxd0_lp_n_i is unconnected and will be removed. (VDB-8003) (D:\Efinity_Project\Efinity_Project\Ti60F225_OV5640_Face_Reproduction\example_top.v:148)
[EFX-0011 VERI-WARNING] Input/inout port csi_rxd0_hs_i[7] is unconnected and will be removed. (VDB-8003) (D:\Efinity_Project\Efinity_Project\Ti60F225_OV5640_Face_Reproduction\example_top.v:149)
[EFX-0011 VERI-WARNING] Input/inout port csi_rxd1_lp_n_i is unconnected and will be removed. (VDB-8003) (D:\Efinity_Project\Efinity_Project\Ti60F225_OV5640_Face_Reproduction\example_top.v:156)
[EFX-0011 VERI-WARNING] Input/inout port csi_rxd1_lp_p_i is unconnected and will be removed. (VDB-8003) (D:\Efinity_Project\Efinity_Project\Ti60F225_OV5640_Face_Reproduction\example_top.v:157)
[EFX-0011 VERI-WARNING] Input/inout port csi_rxd1_hs_i[7] is unconnected and will be removed. (VDB-8003) (D:\Efinity_Project\Efinity_Project\Ti60F225_OV5640_Face_Reproduction\example_top.v:158)
[EFX-0011 VERI-WARNING] Input/inout port csi_rxd2_lp_p_i is unconnected and will be removed. (VDB-8003) (D:\Efinity_Project\Efinity_Project\Ti60F225_OV5640_Face_Reproduction\example_top.v:165)
[EFX-0011 VERI-WARNING] Input/inout port csi_rxd2_lp_n_i is unconnected and will be removed. (VDB-8003) (D:\Efinity_Project\Efinity_Project\Ti60F225_OV5640_Face_Reproduction\example_top.v:166)
[EFX-0011 VERI-WARNING] Input/inout port csi_rxd2_hs_i[7] is unconnected and will be removed. (VDB-8003) (D:\Efinity_Project\Efinity_Project\Ti60F225_OV5640_Face_Reproduction\example_top.v:167)
[EFX-0011 VERI-WARNING] Input/inout port csi_rxd3_lp_p_i is unconnected and will be removed. (VDB-8003) (D:\Efinity_Project\Efinity_Project\Ti60F225_OV5640_Face_Reproduction\example_top.v:174)
[EFX-0011 VERI-WARNING] Input/inout port csi_rxd3_lp_n_i is unconnected and will be removed. (VDB-8003) (D:\Efinity_Project\Efinity_Project\Ti60F225_OV5640_Face_Reproduction\example_top.v:175)
[EFX-0011 VERI-WARNING] Input/inout port csi_rxd3_hs_i[7] is unconnected and will be removed. (VDB-8003) (D:\Efinity_Project\Efinity_Project\Ti60F225_OV5640_Face_Reproduction\example_top.v:176)
[EFX-0011 VERI-WARNING] Input/inout port dsi_txd0_lp_p_i is unconnected and will be removed. (VDB-8003) (D:\Efinity_Project\Efinity_Project\Ti60F225_OV5640_Face_Reproduction\example_top.v:235)
[EFX-0011 VERI-WARNING] Input/inout port dsi_txd0_lp_n_i is unconnected and will be removed. (VDB-8003) (D:\Efinity_Project\Efinity_Project\Ti60F225_OV5640_Face_Reproduction\example_top.v:236)
[EFX-0011 VERI-WARNING] Input/inout port dsi_txd1_lp_p_i is unconnected and will be removed. (VDB-8003) (D:\Efinity_Project\Efinity_Project\Ti60F225_OV5640_Face_Reproduction\example_top.v:237)
[EFX-0011 VERI-WARNING] Input/inout port dsi_txd1_lp_n_i is unconnected and will be removed. (VDB-8003) (D:\Efinity_Project\Efinity_Project\Ti60F225_OV5640_Face_Reproduction\example_top.v:238)
[EFX-0011 VERI-WARNING] Input/inout port dsi_txd2_lp_p_i is unconnected and will be removed. (VDB-8003) (D:\Efinity_Project\Efinity_Project\Ti60F225_OV5640_Face_Reproduction\example_top.v:239)
[EFX-0011 VERI-WARNING] Input/inout port dsi_txd2_lp_n_i is unconnected and will be removed. (VDB-8003) (D:\Efinity_Project\Efinity_Project\Ti60F225_OV5640_Face_Reproduction\example_top.v:240)
[EFX-0011 VERI-WARNING] Input/inout port dsi_txd3_lp_p_i is unconnected and will be removed. (VDB-8003) (D:\Efinity_Project\Efinity_Project\Ti60F225_OV5640_Face_Reproduction\example_top.v:241)
[EFX-0011 VERI-WARNING] Input/inout port dsi_txd3_lp_n_i is unconnected and will be removed. (VDB-8003) (D:\Efinity_Project\Efinity_Project\Ti60F225_OV5640_Face_Reproduction\example_top.v:242)
[EFX-0011 VERI-WARNING] Input/inout port cmos_sdat_IN is unconnected and will be removed. (VDB-8003) (D:\Efinity_Project\Efinity_Project\Ti60F225_OV5640_Face_Reproduction\example_top.v:257)
[EFX-0011 VERI-WARNING] Input/inout port cmos_ctl1_i is unconnected and will be removed. (VDB-8003) (D:\Efinity_Project\Efinity_Project\Ti60F225_OV5640_Face_Reproduction\example_top.v:269)
[EFX-0011 VERI-WARNING] Input/inout port cmos_ctl2_i is unconnected and will be removed. (VDB-8003) (D:\Efinity_Project\Efinity_Project\Ti60F225_OV5640_Face_Reproduction\example_top.v:272)
[EFX-0011 VERI-WARNING] Input/inout port cmos_ctl3_i is unconnected and will be removed. (VDB-8003) (D:\Efinity_Project\Efinity_Project\Ti60F225_OV5640_Face_Reproduction\example_top.v:275)
[EFX-0011 VERI-WARNING] Input/inout port lcd_tp_sda_i is unconnected and will be removed. (VDB-8003) (D:\Efinity_Project\Efinity_Project\Ti60F225_OV5640_Face_Reproduction\example_top.v:323)
[EFX-0011 VERI-WARNING] Input/inout port lcd_tp_scl_i is unconnected and will be removed. (VDB-8003) (D:\Efinity_Project\Efinity_Project\Ti60F225_OV5640_Face_Reproduction\example_top.v:327)
[EFX-0011 VERI-WARNING] Input/inout port lcd_tp_int_i is unconnected and will be removed. (VDB-8003) (D:\Efinity_Project\Efinity_Project\Ti60F225_OV5640_Face_Reproduction\example_top.v:331)
[EFX-0011 VERI-WARNING] Input/inout port lcd_b7_0_i[7] is unconnected and will be removed. (VDB-8003) (D:\Efinity_Project\Efinity_Project\Ti60F225_OV5640_Face_Reproduction\example_top.v:351)
[EFX-0011 VERI-WARNING] Input/inout port lcd_g7_0_i[7] is unconnected and will be removed. (VDB-8003) (D:\Efinity_Project\Efinity_Project\Ti60F225_OV5640_Face_Reproduction\example_top.v:352)
[EFX-0011 VERI-WARNING] Input/inout port lcd_r7_0_i[7] is unconnected and will be removed. (VDB-8003) (D:\Efinity_Project\Efinity_Project\Ti60F225_OV5640_Face_Reproduction\example_top.v:353)
[EFX-0011 VERI-WARNING] CE port of EFX_DSP48 instance u_bbox_filter_720p/n377_pp_0x0 is permanently disabled (VDB-8002) 
[EFX-0011 VERI-WARNING] CE port of EFX_DSP48 instance u_bbox_filter_720p/n578_pp_1x0 is permanently disabled (VDB-8002) 
[EFX-0011 VERI-WARNING] CE port of EFX_DSP48 instance u_bbox_filter_720p/n578_pp_0x0 is permanently disabled (VDB-8002) 
[EFX-0011 VERI-WARNING] CE port of EFX_DSP48 instance u_bbox_filter_720p/n377_pp_1x0 is permanently disabled (VDB-8002) 
[EFX-0011 VERI-WARNING] Found 106 warnings in the post-synthesis netlist. 

///////////////////////////////////
// Efinity Synthesis Started 
// Sep 20, 2026 13:46:12
///////////////////////////////////

[EFX-0011 VERI-WARNING] port 'cal_shift_val' remains unconnected for this instance (VERI-1927) (D:\Efinity_Project\Efinity_Project\Ti60F225_OV5640_Face_Reproduction\example_top.v:612)
[EFX-0011 VERI-WARNING] port 'axi_awid' remains unconnected for this instance (VERI-1927) (D:\Efinity_Project\Efinity_Project\Ti60F225_OV5640_Face_Reproduction\example_top.v:966)
[EFX-0011 VERI-WARNING] port 'lcd_xpos' remains unconnected for this instance (VERI-1927) (D:\Efinity_Project\Efinity_Project\Ti60F225_OV5640_Face_Reproduction\example_top.v:997)
[EFX-0011 VERI-WARNING] port 'TMDS_Clk_p' remains unconnected for this instance (VERI-1927) (D:\Efinity_Project\Efinity_Project\Ti60F225_OV5640_Face_Reproduction\example_top.v:1066)
[EFX-0011 VERI-WARNING] expression size 32 truncated to fit in target size 1 (VERI-1209) (D:\Efinity_Project\Efinity_Project\Ti60F225_OV5640_Face_Reproduction\example_top.v:443)
[EFX-0011 VERI-WARNING] port 'wr_busy' remains unconnected for this instance (VERI-1927) (D:\Efinity_Project\Efinity_Project\Ti60F225_OV5640_Face_Reproduction\ip/DdrCtrl\DdrCtrl.sv:184)
[EFX-0011 VERI-WARNING] port 'wr_data' is not connected on this instance (VERI-2435) (D:\Efinity_Project\Efinity_Project\Ti60F225_OV5640_Face_Reproduction\ip/DdrCtrl\DdrCtrl.sv:184)
[EFX-0011 VERI-WARNING] port '**' is not connected on this instance (VERI-2435) (D:\Efinity_Project\Efinity_Project\Ti60F225_OV5640_Face_Reproduction\ip/DdrCtrl\DdrCtrl.sv:2496)
[EFX-0011 VERI-WARNING] expression size ** truncated to fit in target size ** (VERI-1209) (D:\Efinity_Project\Efinity_Project\Ti60F225_OV5640_Face_Reproduction\ip/DdrCtrl\DdrCtrl.sv:2611)
[EFX-0011 VERI-WARNING] actual bit length ** differs from formal bit length *** for port '**' (VERI-1330) (D:\Efinity_Project\Efinity_Project\Ti60F225_OV5640_Face_Reproduction\ip/DdrCtrl\DdrCtrl.sv:2496)
[EFX-0011 VERI-WARNING] expression size ** truncated to fit in target size ** (VERI-1209) (D:\Efinity_Project\Efinity_Project\Ti60F225_OV5640_Face_Reproduction\ip/DdrCtrl\DdrCtrl.sv:2611)
[EFX-0011 VERI-WARNING] expression size ** truncated to fit in target size ** (VERI-1209) (D:\Efinity_Project\Efinity_Project\Ti60F225_OV5640_Face_Reproduction\ip/DdrCtrl\DdrCtrl.sv:2611)
[EFX-0011 VERI-WARNING] actual bit length ** differs from formal bit length *** for port '**' (VERI-1330) (D:\Efinity_Project\Efinity_Project\Ti60F225_OV5640_Face_Reproduction\ip/DdrCtrl\DdrCtrl.sv:2496)
[EFX-0011 VERI-WARNING] port '**' remains unconnected for this instance (VERI-1927) (D:\Efinity_Project\Efinity_Project\Ti60F225_OV5640_Face_Reproduction\ip/DdrCtrl\DdrCtrl.sv:590)
[EFX-0011 VERI-WARNING] actual bit length ** differs from formal bit length *** for port '**' (VERI-1330) (D:\Efinity_Project\Efinity_Project\Ti60F225_OV5640_Face_Reproduction\ip/DdrCtrl\DdrCtrl.sv:590)
[EFX-0011 VERI-WARNING] port '**' remains unconnected for this instance (VERI-1927) (D:\Efinity_Project\Efinity_Project\Ti60F225_OV5640_Face_Reproduction\ip/DdrCtrl\DdrCtrl.sv:1460)
[EFX-0011 VERI-WARNING] port '**' remains unconnected for this instance (VERI-1927) (D:\Efinity_Project\Efinity_Project\Ti60F225_OV5640_Face_Reproduction\ip/DdrCtrl\DdrCtrl.sv:4817)
[EFX-0011 VERI-WARNING] actual bit length ** differs from formal bit length *** for port '**' (VERI-1330) (D:\Efinity_Project\Efinity_Project\Ti60F225_OV5640_Face_Reproduction\ip/DdrCtrl\DdrCtrl.sv:4817)
[EFX-0011 VERI-WARNING] input port '**' is not connected on this instance (VDB-1013) (D:\Efinity_Project\Efinity_Project\Ti60F225_OV5640_Face_Reproduction\ip/DdrCtrl\DdrCtrl.sv:4817)
[EFX-0011 VERI-WARNING] expression size ** truncated to fit in target size ** (VERI-1209) (D:\Efinity_Project\Efinity_Project\Ti60F225_OV5640_Face_Reproduction\ip/DdrCtrl\DdrCtrl.sv:1460)
[EFX-0011 VERI-WARNING] net '**' does not have a driver (VDB-1002) (D:\Efinity_Project\Efinity_Project\Ti60F225_OV5640_Face_Reproduction\ip/DdrCtrl\DdrCtrl.sv:1460)
[EFX-0011 VERI-WARNING] net '**' does not have a driver (VDB-1002) (D:\Efinity_Project\Efinity_Project\Ti60F225_OV5640_Face_Reproduction\ip/DdrCtrl\DdrCtrl.sv:590)
[EFX-0011 VERI-WARNING] input port '**' is not connected on this instance (VDB-1013) (D:\Efinity_Project\Efinity_Project\Ti60F225_OV5640_Face_Reproduction\ip/DdrCtrl\DdrCtrl.sv:590)
[EFX-0011 VERI-WARNING] input port '**' is not connected on this instance (VDB-1013) (D:\Efinity_Project\Efinity_Project\Ti60F225_OV5640_Face_Reproduction\ip/DdrCtrl\DdrCtrl.sv:2496)
[EFX-0011 VERI-WARNING] input port 'wr_data[127]' is not connected on this instance (VDB-1013) (D:\Efinity_Project\Efinity_Project\Ti60F225_OV5640_Face_Reproduction\ip/DdrCtrl\DdrCtrl.sv:117)
[EFX-0011 VERI-WARNING] actual bit length 4 differs from formal bit length 8 for port 'axi_aid' (VERI-1330) (D:\Efinity_Project\Efinity_Project\Ti60F225_OV5640_Face_Reproduction\example_top.v:579)
[EFX-0011 VERI-WARNING] actual bit length 4 differs from formal bit length 8 for port 'axi_wid' (VERI-1330) (D:\Efinity_Project\Efinity_Project\Ti60F225_OV5640_Face_Reproduction\example_top.v:586)
[EFX-0011 VERI-WARNING] actual bit length 4 differs from formal bit length 8 for port 'axi_bid' (VERI-1330) (D:\Efinity_Project\Efinity_Project\Ti60F225_OV5640_Face_Reproduction\example_top.v:595)
[EFX-0011 VERI-WARNING] actual bit length 4 differs from formal bit length 8 for port 'axi_rid' (VERI-1330) (D:\Efinity_Project\Efinity_Project\Ti60F225_OV5640_Face_Reproduction\example_top.v:601)
[EFX-0011 VERI-WARNING] expression size 2 truncated to fit in target size 1 (VERI-1209) (D:\Efinity_Project\Efinity_Project\Ti60F225_OV5640_Face_Reproduction\src\axi\AXI4_AWARMux.v:90)
[EFX-0011 VERI-WARNING] expression size 3 truncated to fit in target size 2 (VERI-1209) (D:\Efinity_Project\Efinity_Project\Ti60F225_OV5640_Face_Reproduction\example_top.v:713)
[EFX-0011 VERI-WARNING] expression size 5 truncated to fit in target size 4 (VERI-1209) (D:\Efinity_Project\Efinity_Project\Ti60F225_OV5640_Face_Reproduction\example_top.v:714)
[EFX-0011 VERI-WARNING] expression size 8 truncated to fit in target size 7 (VERI-1209) (D:\Efinity_Project\Efinity_Project\Ti60F225_OV5640_Face_Reproduction\src\PWMLite.v:22)
[EFX-0011 VERI-WARNING] actual bit length 64 differs from formal bit length 8 for port 'image_out_data' (VERI-1330) (D:\Efinity_Project\Efinity_Project\Ti60F225_OV5640_Face_Reproduction\example_top.v:867)
[EFX-0011 VERI-WARNING] expression size 32 truncated to fit in target size 16 (VERI-1209) (D:\Efinity_Project\Efinity_Project\Ti60F225_OV5640_Face_Reproduction\src\axi\axi4_ctrl.v:91)
[EFX-0011 VERI-WARNING] expression size 3 truncated to fit in target size 2 (VERI-1209) (D:\Efinity_Project\Efinity_Project\Ti60F225_OV5640_Face_Reproduction\src\axi\axi4_ctrl.v:113)
[EFX-0011 VERI-WARNING] expression size 3 truncated to fit in target size 2 (VERI-1209) (D:\Efinity_Project\Efinity_Project\Ti60F225_OV5640_Face_Reproduction\src\axi\axi4_ctrl.v:114)
[EFX-0011 VERI-WARNING] expression size 3 truncated to fit in target size 2 (VERI-1209) (D:\Efinity_Project\Efinity_Project\Ti60F225_OV5640_Face_Reproduction\src\axi\axi4_ctrl.v:196)
[EFX-0011 VERI-WARNING] expression size 2 truncated to fit in target size 1 (VERI-1209) (D:\Efinity_Project\Efinity_Project\Ti60F225_OV5640_Face_Reproduction\src\axi\axi4_ctrl.v:238)
[EFX-0011 VERI-WARNING] expression size 23 truncated to fit in target size 22 (VERI-1209) (D:\Efinity_Project\Efinity_Project\Ti60F225_OV5640_Face_Reproduction\src\axi\axi4_ctrl.v:257)
[EFX-0011 VERI-WARNING] port 'a_wr_rst_i' remains unconnected for this instance (VERI-1927) (D:\Efinity_Project\Efinity_Project\Ti60F225_OV5640_Face_Reproduction\ip/W0_FIFO_8\W0_FIFO_8.sv:116)
[EFX-0011 VERI-WARNING] expression size 32 truncated to fit in target size 14 (VERI-1209) (D:\Efinity_Project\Efinity_Project\Ti60F225_OV5640_Face_Reproduction\ip/W0_FIFO_8\W0_FIFO_8.sv:1251)
[EFX-0011 VERI-WARNING] expression size 32 truncated to fit in target size 10 (VERI-1209) (D:\Efinity_Project\Efinity_Project\Ti60F225_OV5640_Face_Reproduction\ip/W0_FIFO_8\W0_FIFO_8.sv:1252)
[EFX-0011 VERI-WARNING] input port 'a_wr_rst_i' is not connected on this instance (VDB-1013) (D:\Efinity_Project\Efinity_Project\Ti60F225_OV5640_Face_Reproduction\ip/W0_FIFO_8\W0_FIFO_8.sv:95)
[EFX-0011 VERI-WARNING] port 'a_wr_rst_i' remains unconnected for this instance (VERI-1927) (D:\Efinity_Project\Efinity_Project\Ti60F225_OV5640_Face_Reproduction\ip/R0_FIFO_16\R0_FIFO_16.sv:116)
[EFX-0011 VERI-WARNING] expression size 32 truncated to fit in target size 10 (VERI-1209) (D:\Efinity_Project\Efinity_Project\Ti60F225_OV5640_Face_Reproduction\ip/R0_FIFO_16\R0_FIFO_16.sv:1236)
[EFX-0011 VERI-WARNING] expression size 32 truncated to fit in target size 13 (VERI-1209) (D:\Efinity_Project\Efinity_Project\Ti60F225_OV5640_Face_Reproduction\ip/R0_FIFO_16\R0_FIFO_16.sv:1237)
[EFX-0011 VERI-WARNING] input port 'a_wr_rst_i' is not connected on this instance (VDB-1013) (D:\Efinity_Project\Efinity_Project\Ti60F225_OV5640_Face_Reproduction\ip/R0_FIFO_16\R0_FIFO_16.sv:95)
[EFX-0011 VERI-WARNING] expression size 17 truncated to fit in target size 16 (VERI-1209) (D:\Efinity_Project\Efinity_Project\Ti60F225_OV5640_Face_Reproduction\src\axi\axi4_ctrl.v:464)
[EFX-0011 VERI-WARNING] expression size 23 truncated to fit in target size 22 (VERI-1209) (D:\Efinity_Project\Efinity_Project\Ti60F225_OV5640_Face_Reproduction\src\axi\axi4_ctrl.v:574)
[EFX-0011 VERI-WARNING] actual bit length 32 differs from formal bit length 4 for port 'axi_bid' (VERI-1330) (D:\Efinity_Project\Efinity_Project\Ti60F225_OV5640_Face_Reproduction\example_top.v:938)
[EFX-0011 VERI-WARNING] actual bit length 32 differs from formal bit length 2 for port 'axi_bresp' (VERI-1330) (D:\Efinity_Project\Efinity_Project\Ti60F225_OV5640_Face_Reproduction\example_top.v:939)
[EFX-0011 VERI-WARNING] actual bit length 32 differs from formal bit length 1 for port 'axi_bvalid' (VERI-1330) (D:\Efinity_Project\Efinity_Project\Ti60F225_OV5640_Face_Reproduction\example_top.v:940)
[EFX-0011 VERI-WARNING] actual bit length 32 differs from formal bit length 2 for port 'axi_rresp' (VERI-1330) (D:\Efinity_Project\Efinity_Project\Ti60F225_OV5640_Face_Reproduction\example_top.v:950)
[EFX-0011 VERI-WARNING] actual bit length 64 differs from formal bit length 8 for port 'wframe_data' (VERI-1330) (D:\Efinity_Project\Efinity_Project\Ti60F225_OV5640_Face_Reproduction\example_top.v:958)
[EFX-0011 VERI-WARNING] actual bit length 8 differs from formal bit length 32 for port 'tp_o' (VERI-1330) (D:\Efinity_Project\Efinity_Project\Ti60F225_OV5640_Face_Reproduction\example_top.v:965)
[EFX-0011 VERI-WARNING] expression size 8 truncated to fit in target size 4 (VERI-1209) (D:\Efinity_Project\Efinity_Project\Ti60F225_OV5640_Face_Reproduction\example_top.v:967)
[EFX-0011 VERI-WARNING] expression size 14 truncated to fit in target size 12 (VERI-1209) (D:\Efinity_Project\Efinity_Project\Ti60F225_OV5640_Face_Reproduction\src\lcd_driver.v:145)
[EFX-0011 VERI-WARNING] actual bit length 24 differs from formal bit length 48 for port 'lcd_data' (VERI-1330) (D:\Efinity_Project\Efinity_Project\Ti60F225_OV5640_Face_Reproduction\example_top.v:996)
[EFX-0011 VERI-WARNING] actual bit length 32 differs from formal bit length 4 for port 'data_island_data' (VERI-1330) (D:\Efinity_Project\Efinity_Project\Ti60F225_OV5640_Face_Reproduction\src\hdmi_ip\rgb2dvi.v:50)
[EFX-0011 VERI-WARNING] actual bit length 4 differs from formal bit length 3 for port 'mode' (VERI-1330) (D:\Efinity_Project\Efinity_Project\Ti60F225_OV5640_Face_Reproduction\src\hdmi_ip\rgb2dvi.v:52)
[EFX-0011 VERI-WARNING] actual bit length 32 differs from formal bit length 4 for port 'data_island_data' (VERI-1330) (D:\Efinity_Project\Efinity_Project\Ti60F225_OV5640_Face_Reproduction\src\hdmi_ip\rgb2dvi.v:58)
[EFX-0011 VERI-WARNING] actual bit length 4 differs from formal bit length 3 for port 'mode' (VERI-1330) (D:\Efinity_Project\Efinity_Project\Ti60F225_OV5640_Face_Reproduction\src\hdmi_ip\rgb2dvi.v:60)
[EFX-0011 VERI-WARNING] actual bit length 32 differs from formal bit length 4 for port 'data_island_data' (VERI-1330) (D:\Efinity_Project\Efinity_Project\Ti60F225_OV5640_Face_Reproduction\src\hdmi_ip\rgb2dvi.v:66)
[EFX-0011 VERI-WARNING] actual bit length 4 differs from formal bit length 3 for port 'mode' (VERI-1330) (D:\Efinity_Project\Efinity_Project\Ti60F225_OV5640_Face_Reproduction\src\hdmi_ip\rgb2dvi.v:68)
[EFX-0011 VERI-WARNING] actual bit length 32 differs from formal bit length 1 for port 'oe_i' (VERI-1330) (D:\Efinity_Project\Efinity_Project\Ti60F225_OV5640_Face_Reproduction\example_top.v:1048)
[EFX-0011 VERI-WARNING] net 'w_dev_index_o[7]' does not have a driver (VDB-1002) (D:\Efinity_Project\Efinity_Project\Ti60F225_OV5640_Face_Reproduction\example_top.v:428)
[EFX-0011 VERI-WARNING] net 'w_dev_cmd_o[7]' does not have a driver (VDB-1002) (D:\Efinity_Project\Efinity_Project\Ti60F225_OV5640_Face_Reproduction\example_top.v:429)
[EFX-0011 VERI-WARNING] net 'w_dev_wdata_o[31]' does not have a driver (VDB-1002) (D:\Efinity_Project\Efinity_Project\Ti60F225_OV5640_Face_Reproduction\example_top.v:430)
[EFX-0011 VERI-WARNING] net 'w_dev_wvalid_o' does not have a driver (VDB-1002) (D:\Efinity_Project\Efinity_Project\Ti60F225_OV5640_Face_Reproduction\example_top.v:431)
[EFX-0011 VERI-WARNING] net 'w_spi_ssn_o' does not have a driver (VDB-1002) (D:\Efinity_Project\Efinity_Project\Ti60F225_OV5640_Face_Reproduction\example_top.v:435)
[EFX-0011 VERI-WARNING] net 'w_spi_data_o[3]' does not have a driver (VDB-1002) (D:\Efinity_Project\Efinity_Project\Ti60F225_OV5640_Face_Reproduction\example_top.v:436)
[EFX-0011 VERI-WARNING] net 'w_lcd_b_o[7]' does not have a driver (VDB-1002) (D:\Efinity_Project\Efinity_Project\Ti60F225_OV5640_Face_Reproduction\example_top.v:453)
[EFX-0011 VERI-WARNING] input port 'SerialClk' is not connected on this instance (VDB-1013) (D:\Efinity_Project\Efinity_Project\Ti60F225_OV5640_Face_Reproduction\example_top.v:1041)
[EFX-0256 WARNING] The primary output port 'csi_ctl0_o' wire 'csi_ctl0_o' is not driven.
[EFX-0256 WARNING] The primary output port 'csi_ctl1_o' wire 'csi_ctl1_o' is not driven.
[EFX-0256 WARNING] The primary output port 'csi_scl_o' wire 'csi_scl_o' is not driven.
[EFX-0256 WARNING] The primary output port 'csi_scl_oe' wire 'csi_scl_oe' is not driven.
[EFX-0256 WARNING] The primary output port 'csi_sda_o' wire 'csi_sda_o' is not driven.
[EFX-0256 WARNING] The primary output port 'csi_sda_oe' wire 'csi_sda_oe' is not driven.
[EFX-0256 WARNING] The primary output port 'csi_rxc_hs_en_o' wire 'csi_rxc_hs_en_o' is not driven.
[EFX-0256 WARNING] The primary output port 'csi_rxc_hs_term_en_o' wire 'csi_rxc_hs_term_en_o' is not driven.
[EFX-0256 WARNING] The primary output port 'csi_rxd0_rst_o' wire 'csi_rxd0_rst_o' is not driven.
[EFX-0256 WARNING] The primary output port 'csi_rxd0_hs_en_o' wire 'csi_rxd0_hs_en_o' is not driven.
[EFX-0256 WARNING] The primary output port 'csi_rxd0_hs_term_en_o' wire 'csi_rxd0_hs_term_en_o' is not driven.
[EFX-0256 WARNING] The primary output port 'csi_rxd1_rst_o' wire 'csi_rxd1_rst_o' is not driven.
[EFX-0256 WARNING] The primary output port 'csi_rxd1_hs_en_o' wire 'csi_rxd1_hs_en_o' is not driven.
[EFX-0256 WARNING] The primary output port 'csi_rxd1_hs_term_en_o' wire 'csi_rxd1_hs_term_en_o' is not driven.
[EFX-0256 WARNING] The primary output port 'csi_rxd2_rst_o' wire 'csi_rxd2_rst_o' is not driven.
[EFX-0256 WARNING] The primary output port 'csi_rxd2_hs_en_o' wire 'csi_rxd2_hs_en_o' is not driven.
[EFX-0256 WARNING] The primary output port 'csi_rxd2_hs_term_en_o' wire 'csi_rxd2_hs_term_en_o' is not driven.
[EFX-0256 WARNING] The primary output port 'csi_rxd3_rst_o' wire 'csi_rxd3_rst_o' is not driven.
[EFX-0256 WARNING] The primary output port 'csi_rxd3_hs_en_o' wire 'csi_rxd3_hs_en_o' is not driven.
[EFX-0256 WARNING] The primary output port 'csi_rxd3_hs_term_en_o' wire 'csi_rxd3_hs_term_en_o' is not driven.
[EFX-0256 WARNING] The primary output port 'dsi_txc_rst_o' wire 'dsi_txc_rst_o' is not driven.
[EFX-0256 WARNING] The primary output port 'dsi_txc_lp_p_oe' wire 'dsi_txc_lp_p_oe' is not driven.
[EFX-0256 WARNING] The primary output port 'dsi_txc_lp_p_o' wire 'dsi_txc_lp_p_o' is not driven.
[EFX-0256 WARNING] The primary output port 'dsi_txc_lp_n_oe' wire 'dsi_txc_lp_n_oe' is not driven.
[EFX-0256 WARNING] The primary output port 'dsi_txc_lp_n_o' wire 'dsi_txc_lp_n_o' is not driven.
[EFX-0256 WARNING] The primary output port 'dsi_txc_hs_oe' wire 'dsi_txc_hs_oe' is not driven.
[EFX-0256 WARNING] The primary output port 'dsi_txc_hs_o[7]' wire 'dsi_txc_hs_o[7]' is not driven.
[EFX-0256 WARNING] The primary output port 'dsi_txc_hs_o[6]' wire 'dsi_txc_hs_o[6]' is not driven.
[EFX-0256 WARNING] The primary output port 'dsi_txc_hs_o[5]' wire 'dsi_txc_hs_o[5]' is not driven.
[EFX-0256 WARNING] The primary output port 'dsi_txc_hs_o[4]' wire 'dsi_txc_hs_o[4]' is not driven.
[EFX-0256 WARNING] The primary output port 'dsi_txc_hs_o[3]' wire 'dsi_txc_hs_o[3]' is not driven.
[EFX-0256 WARNING] The primary output port 'dsi_txc_hs_o[2]' wire 'dsi_txc_hs_o[2]' is not driven.
[EFX-0256 WARNING] The primary output port 'dsi_txc_hs_o[1]' wire 'dsi_txc_hs_o[1]' is not driven.
[EFX-0256 WARNING] The primary output port 'dsi_txc_hs_o[0]' wire 'dsi_txc_hs_o[0]' is not driven.
[EFX-0256 WARNING] The primary output port 'dsi_txd0_rst_o' wire 'dsi_txd0_rst_o' is not driven.
[EFX-0256 WARNING] The primary output port 'dsi_txd0_hs_oe' wire 'dsi_txd0_hs_oe' is not driven.
[EFX-0256 WARNING] The primary output port 'dsi_txd0_hs_o[7]' wire 'dsi_txd0_hs_o[7]' is not driven.
[EFX-0256 WARNING] The primary output port 'dsi_txd0_hs_o[6]' wire 'dsi_txd0_hs_o[6]' is not driven.
[EFX-0256 WARNING] The primary output port 'dsi_txd0_hs_o[5]' wire 'dsi_txd0_hs_o[5]' is not driven.
[EFX-0256 WARNING] The primary output port 'dsi_txd0_hs_o[4]' wire 'dsi_txd0_hs_o[4]' is not driven.
[EFX-0256 WARNING] The primary output port 'dsi_txd0_hs_o[3]' wire 'dsi_txd0_hs_o[3]' is not driven.
[EFX-0256 WARNING] The primary output port 'dsi_txd0_hs_o[2]' wire 'dsi_txd0_hs_o[2]' is not driven.
[EFX-0256 WARNING] The primary output port 'dsi_txd0_hs_o[1]' wire 'dsi_txd0_hs_o[1]' is not driven.
[EFX-0256 WARNING] The primary output port 'dsi_txd0_hs_o[0]' wire 'dsi_txd0_hs_o[0]' is not driven.
[EFX-0256 WARNING] The primary output port 'dsi_txd0_lp_p_oe' wire 'dsi_txd0_lp_p_oe' is not driven.
[EFX-0256 WARNING] The primary output port 'dsi_txd0_lp_p_o' wire 'dsi_txd0_lp_p_o' is not driven.
[EFX-0256 WARNING] The primary output port 'dsi_txd0_lp_n_oe' wire 'dsi_txd0_lp_n_oe' is not driven.
[EFX-0256 WARNING] The primary output port 'dsi_txd0_lp_n_o' wire 'dsi_txd0_lp_n_o' is not driven.
[EFX-0256 WARNING] The primary output port 'dsi_txd1_rst_o' wire 'dsi_txd1_rst_o' is not driven.
[EFX-0256 WARNING] The primary output port 'dsi_txd1_lp_p_oe' wire 'dsi_txd1_lp_p_oe' is not driven.
[EFX-0256 WARNING] The primary output port 'dsi_txd1_lp_p_o' wire 'dsi_txd1_lp_p_o' is not driven.
[EFX-0256 WARNING] The primary output port 'dsi_txd1_lp_n_oe' wire 'dsi_txd1_lp_n_oe' is not driven.
[EFX-0256 WARNING] The primary output port 'dsi_txd1_lp_n_o' wire 'dsi_txd1_lp_n_o' is not driven.
[EFX-0256 WARNING] The primary output port 'dsi_txd1_hs_oe' wire 'dsi_txd1_hs_oe' is not driven.
[EFX-0256 WARNING] The primary output port 'dsi_txd1_hs_o[7]' wire 'dsi_txd1_hs_o[7]' is not driven.
[EFX-0256 WARNING] The primary output port 'dsi_txd1_hs_o[6]' wire 'dsi_txd1_hs_o[6]' is not driven.
[EFX-0256 WARNING] The primary output port 'dsi_txd1_hs_o[5]' wire 'dsi_txd1_hs_o[5]' is not driven.
[EFX-0256 WARNING] The primary output port 'dsi_txd1_hs_o[4]' wire 'dsi_txd1_hs_o[4]' is not driven.
[EFX-0256 WARNING] The primary output port 'dsi_txd1_hs_o[3]' wire 'dsi_txd1_hs_o[3]' is not driven.
[EFX-0256 WARNING] The primary output port 'dsi_txd1_hs_o[2]' wire 'dsi_txd1_hs_o[2]' is not driven.
[EFX-0256 WARNING] The primary output port 'dsi_txd1_hs_o[1]' wire 'dsi_txd1_hs_o[1]' is not driven.
[EFX-0256 WARNING] The primary output port 'dsi_txd1_hs_o[0]' wire 'dsi_txd1_hs_o[0]' is not driven.
[EFX-0256 WARNING] The primary output port 'dsi_txd2_rst_o' wire 'dsi_txd2_rst_o' is not driven.
[EFX-0256 WARNING] The primary output port 'dsi_txd2_lp_p_oe' wire 'dsi_txd2_lp_p_oe' is not driven.
[EFX-0256 WARNING] The primary output port 'dsi_txd2_lp_p_o' wire 'dsi_txd2_lp_p_o' is not driven.
[EFX-0256 WARNING] The primary output port 'dsi_txd2_lp_n_oe' wire 'dsi_txd2_lp_n_oe' is not driven.
[EFX-0256 WARNING] The primary output port 'dsi_txd2_lp_n_o' wire 'dsi_txd2_lp_n_o' is not driven.
[EFX-0256 WARNING] The primary output port 'dsi_txd2_hs_oe' wire 'dsi_txd2_hs_oe' is not driven.
[EFX-0256 WARNING] The primary output port 'dsi_txd2_hs_o[7]' wire 'dsi_txd2_hs_o[7]' is not driven.
[EFX-0256 WARNING] The primary output port 'dsi_txd2_hs_o[6]' wire 'dsi_txd2_hs_o[6]' is not driven.
[EFX-0256 WARNING] The primary output port 'dsi_txd2_hs_o[5]' wire 'dsi_txd2_hs_o[5]' is not driven.
[EFX-0256 WARNING] The primary output port 'dsi_txd2_hs_o[4]' wire 'dsi_txd2_hs_o[4]' is not driven.
[EFX-0256 WARNING] The primary output port 'dsi_txd2_hs_o[3]' wire 'dsi_txd2_hs_o[3]' is not driven.
[EFX-0256 WARNING] The primary output port 'dsi_txd2_hs_o[2]' wire 'dsi_txd2_hs_o[2]' is not driven.
[EFX-0256 WARNING] The primary output port 'dsi_txd2_hs_o[1]' wire 'dsi_txd2_hs_o[1]' is not driven.
[EFX-0256 WARNING] The primary output port 'dsi_txd2_hs_o[0]' wire 'dsi_txd2_hs_o[0]' is not driven.
[EFX-0256 WARNING] The primary output port 'dsi_txd3_rst_o' wire 'dsi_txd3_rst_o' is not driven.
[EFX-0256 WARNING] The primary output port 'dsi_txd3_lp_p_oe' wire 'dsi_txd3_lp_p_oe' is not driven.
[EFX-0256 WARNING] The primary output port 'dsi_txd3_lp_p_o' wire 'dsi_txd3_lp_p_o' is not driven.
[EFX-0256 WARNING] The primary output port 'dsi_txd3_lp_n_oe' wire 'dsi_txd3_lp_n_oe' is not driven.
[EFX-0256 WARNING] The primary output port 'dsi_txd3_lp_n_o' wire 'dsi_txd3_lp_n_o' is not driven.
[EFX-0256 WARNING] The primary output port 'dsi_txd3_hs_oe' wire 'dsi_txd3_hs_oe' is not driven.
[EFX-0256 WARNING] The primary output port 'dsi_txd3_hs_o[7]' wire 'dsi_txd3_hs_o[7]' is not driven.
[EFX-0256 WARNING] The primary output port 'dsi_txd3_hs_o[6]' wire 'dsi_txd3_hs_o[6]' is not driven.
[EFX-0256 WARNING] The primary output port 'dsi_txd3_hs_o[5]' wire 'dsi_txd3_hs_o[5]' is not driven.
[EFX-0256 WARNING] The primary output port 'dsi_txd3_hs_o[4]' wire 'dsi_txd3_hs_o[4]' is not driven.
[EFX-0256 WARNING] The primary output port 'dsi_txd3_hs_o[3]' wire 'dsi_txd3_hs_o[3]' is not driven.
[EFX-0256 WARNING] The primary output port 'dsi_txd3_hs_o[2]' wire 'dsi_txd3_hs_o[2]' is not driven.
[EFX-0256 WARNING] The primary output port 'dsi_txd3_hs_o[1]' wire 'dsi_txd3_hs_o[1]' is not driven.
[EFX-0256 WARNING] The primary output port 'dsi_txd3_hs_o[0]' wire 'dsi_txd3_hs_o[0]' is not driven.
[EFX-0256 WARNING] The primary output port 'uart_tx_o' wire 'uart_tx_o' is not driven.
[EFX-0256 WARNING] The primary output port 'led_o[4]' wire 'led_o[4]' is not driven.
[EFX-0256 WARNING] The primary output port 'lvds_txc_oe' wire 'lvds_txc_oe' is not driven.
[EFX-0256 WARNING] The primary output port 'lvds_txc_o[6]' wire 'lvds_txc_o[6]' is not driven.
[EFX-0256 WARNING] The primary output port 'lvds_txc_o[5]' wire 'lvds_txc_o[5]' is not driven.
[EFX-0256 WARNING] The primary output port 'lvds_txc_o[4]' wire 'lvds_txc_o[4]' is not driven.
[EFX-0256 WARNING] The primary output port 'lvds_txc_o[3]' wire 'lvds_txc_o[3]' is not driven.
[EFX-0256 WARNING] The primary output port 'lvds_txc_o[2]' wire 'lvds_txc_o[2]' is not driven.
[EFX-0256 WARNING] The primary output port 'lvds_txc_o[1]' wire 'lvds_txc_o[1]' is not driven.
[EFX-0256 WARNING] The primary output port 'lvds_txc_o[0]' wire 'lvds_txc_o[0]' is not driven.
[EFX-0256 WARNING] The primary output port 'lvds_txc_rst_o' wire 'lvds_txc_rst_o' is not driven.
[EFX-0256 WARNING] The primary output port 'lvds_txd0_oe' wire 'lvds_txd0_oe' is not driven.
[EFX-0256 WARNING] The primary output port 'lvds_txd0_o[6]' wire 'lvds_txd0_o[6]' is not driven.
[EFX-0256 WARNING] The primary output port 'lvds_txd0_o[5]' wire 'lvds_txd0_o[5]' is not driven.
[EFX-0256 WARNING] The primary output port 'lvds_txd0_o[4]' wire 'lvds_txd0_o[4]' is not driven.
[EFX-0256 WARNING] The primary output port 'lvds_txd0_o[3]' wire 'lvds_txd0_o[3]' is not driven.
[EFX-0256 WARNING] The primary output port 'lvds_txd0_o[2]' wire 'lvds_txd0_o[2]' is not driven.
[EFX-0256 WARNING] The primary output port 'lvds_txd0_o[1]' wire 'lvds_txd0_o[1]' is not driven.
[EFX-0256 WARNING] The primary output port 'lvds_txd0_o[0]' wire 'lvds_txd0_o[0]' is not driven.
[EFX-0256 WARNING] The primary output port 'lvds_txd0_rst_o' wire 'lvds_txd0_rst_o' is not driven.
[EFX-0256 WARNING] The primary output port 'lvds_txd1_oe' wire 'lvds_txd1_oe' is not driven.
[EFX-0256 WARNING] The primary output port 'lvds_txd1_o[6]' wire 'lvds_txd1_o[6]' is not driven.
[EFX-0256 WARNING] The primary output port 'lvds_txd1_o[5]' wire 'lvds_txd1_o[5]' is not driven.
[EFX-0256 WARNING] The primary output port 'lvds_txd1_o[4]' wire 'lvds_txd1_o[4]' is not driven.
[EFX-0256 WARNING] The primary output port 'lvds_txd1_o[3]' wire 'lvds_txd1_o[3]' is not driven.
[EFX-0256 WARNING] The primary output port 'lvds_txd1_o[2]' wire 'lvds_txd1_o[2]' is not driven.
[EFX-0256 WARNING] The primary output port 'lvds_txd1_o[1]' wire 'lvds_txd1_o[1]' is not driven.
[EFX-0256 WARNING] The primary output port 'lvds_txd1_o[0]' wire 'lvds_txd1_o[0]' is not driven.
[EFX-0256 WARNING] The primary output port 'lvds_txd1_rst_o' wire 'lvds_txd1_rst_o' is not driven.
[EFX-0256 WARNING] The primary output port 'lvds_txd2_oe' wire 'lvds_txd2_oe' is not driven.
[EFX-0256 WARNING] The primary output port 'lvds_txd2_o[6]' wire 'lvds_txd2_o[6]' is not driven.
[EFX-0256 WARNING] The primary output port 'lvds_txd2_o[5]' wire 'lvds_txd2_o[5]' is not driven.
[EFX-0256 WARNING] The primary output port 'lvds_txd2_o[4]' wire 'lvds_txd2_o[4]' is not driven.
[EFX-0256 WARNING] The primary output port 'lvds_txd2_o[3]' wire 'lvds_txd2_o[3]' is not driven.
[EFX-0256 WARNING] The primary output port 'lvds_txd2_o[2]' wire 'lvds_txd2_o[2]' is not driven.
[EFX-0256 WARNING] The primary output port 'lvds_txd2_o[1]' wire 'lvds_txd2_o[1]' is not driven.
[EFX-0256 WARNING] The primary output port 'lvds_txd2_o[0]' wire 'lvds_txd2_o[0]' is not driven.
[EFX-0256 WARNING] The primary output port 'lvds_txd2_rst_o' wire 'lvds_txd2_rst_o' is not driven.
[EFX-0256 WARNING] The primary output port 'lvds_txd3_oe' wire 'lvds_txd3_oe' is not driven.
[EFX-0256 WARNING] The primary output port 'lvds_txd3_o[6]' wire 'lvds_txd3_o[6]' is not driven.
[EFX-0256 WARNING] The primary output port 'lvds_txd3_o[5]' wire 'lvds_txd3_o[5]' is not driven.
[EFX-0256 WARNING] The primary output port 'lvds_txd3_o[4]' wire 'lvds_txd3_o[4]' is not driven.
[EFX-0256 WARNING] The primary output port 'lvds_txd3_o[3]' wire 'lvds_txd3_o[3]' is not driven.
[EFX-0256 WARNING] The primary output port 'lvds_txd3_o[2]' wire 'lvds_txd3_o[2]' is not driven.
[EFX-0256 WARNING] The primary output port 'lvds_txd3_o[1]' wire 'lvds_txd3_o[1]' is not driven.
[EFX-0256 WARNING] The primary output port 'lvds_txd3_o[0]' wire 'lvds_txd3_o[0]' is not driven.
[EFX-0256 WARNING] The primary output port 'lvds_txd3_rst_o' wire 'lvds_txd3_rst_o' is not driven.
[EFX-0256 WARNING] The primary output port 'lcd_tp_sda_o' wire 'lcd_tp_sda_o' is not driven.
[EFX-0256 WARNING] The primary output port 'lcd_tp_sda_oe' wire 'lcd_tp_sda_oe' is not driven.
[EFX-0256 WARNING] The primary output port 'lcd_tp_scl_o' wire 'lcd_tp_scl_o' is not driven.
[EFX-0256 WARNING] The primary output port 'lcd_tp_scl_oe' wire 'lcd_tp_scl_oe' is not driven.
[EFX-0256 WARNING] The primary output port 'lcd_tp_int_o' wire 'lcd_tp_int_o' is not driven.
[EFX-0256 WARNING] The primary output port 'lcd_tp_int_oe' wire 'lcd_tp_int_oe' is not driven.
[EFX-0256 WARNING] The primary output port 'lcd_tp_rst_o' wire 'lcd_tp_rst_o' is not driven.
[EFX-0256 WARNING] The primary output port 'lcd_pwm_o' wire 'lcd_pwm_o' is not driven.
[EFX-0256 WARNING] The primary output port 'lcd_blen_o' wire 'lcd_blen_o' is not driven.
[EFX-0256 WARNING] The primary output port 'lcd_vs_o' wire 'lcd_vs_o' is not driven.
[EFX-0256 WARNING] The primary output port 'lcd_hs_o' wire 'lcd_hs_o' is not driven.
[EFX-0256 WARNING] The primary output port 'lcd_de_o' wire 'lcd_de_o' is not driven.
[EFX-0200 WARNING] Removing redundant signal : Shift_Q7_Out[4][7]. (D:\Efinity_Project\Efinity_Project\Ti60F225_OV5640_Face_Reproduction\ip/DdrCtrl\DdrCtrl.sv:2611)
[EFX-0200 WARNING] Removing redundant signal : Shift_Q7_Out[4][6]. (D:\Efinity_Project\Efinity_Project\Ti60F225_OV5640_Face_Reproduction\ip/DdrCtrl\DdrCtrl.sv:2611)
[EFX-0200 WARNING] Removing redundant signal : Shift_Q7_Out[4][5]. (D:\Efinity_Project\Efinity_Project\Ti60F225_OV5640_Face_Reproduction\ip/DdrCtrl\DdrCtrl.sv:2611)
[EFX-0200 WARNING] Removing redundant signal : Shift_Q7_Out[4][4]. (D:\Efinity_Project\Efinity_Project\Ti60F225_OV5640_Face_Reproduction\ip/DdrCtrl\DdrCtrl.sv:2611)
[EFX-0200 WARNING] Removing redundant signal : Shift_Q7_Out[4][3]. (D:\Efinity_Project\Efinity_Project\Ti60F225_OV5640_Face_Reproduction\ip/DdrCtrl\DdrCtrl.sv:2611)
[EFX-0200 WARNING] Removing redundant signal : Shift_Q7_Out[4][2]. (D:\Efinity_Project\Efinity_Project\Ti60F225_OV5640_Face_Reproduction\ip/DdrCtrl\DdrCtrl.sv:2611)
[EFX-0200 WARNING] Removing redundant signal : Shift_Q7_Out[4][1]. (D:\Efinity_Project\Efinity_Project\Ti60F225_OV5640_Face_Reproduction\ip/DdrCtrl\DdrCtrl.sv:2611)
[EFX-0200 WARNING] Removing redundant signal : Shift_Q7_Out[4][0]. (D:\Efinity_Project\Efinity_Project\Ti60F225_OV5640_Face_Reproduction\ip/DdrCtrl\DdrCtrl.sv:2611)
[EFX-0200 WARNING] Removing redundant signal : Shift_Out[7]. (D:\Efinity_Project\Efinity_Project\Ti60F225_OV5640_Face_Reproduction\ip/DdrCtrl\DdrCtrl.sv:2611)
[EFX-0200 WARNING] Removing redundant signal : Shift_Out[6]. (D:\Efinity_Project\Efinity_Project\Ti60F225_OV5640_Face_Reproduction\ip/DdrCtrl\DdrCtrl.sv:2611)
[EFX-0200 WARNING] Removing redundant signal : Shift_Out[5]. (D:\Efinity_Project\Efinity_Project\Ti60F225_OV5640_Face_Reproduction\ip/DdrCtrl\DdrCtrl.sv:2611)
[EFX-0200 WARNING] Removing redundant signal : Shift_Out[4]. (D:\Efinity_Project\Efinity_Project\Ti60F225_OV5640_Face_Reproduction\ip/DdrCtrl\DdrCtrl.sv:2611)
[EFX-0200 WARNING] Removing redundant signal : Shift_Out[3]. (D:\Efinity_Project\Efinity_Project\Ti60F225_OV5640_Face_Reproduction\ip/DdrCtrl\DdrCtrl.sv:2611)
[EFX-0200 WARNING] Removing redundant signal : Shift_Out[2]. (D:\Efinity_Project\Efinity_Project\Ti60F225_OV5640_Face_Reproduction\ip/DdrCtrl\DdrCtrl.sv:2611)
[EFX-0200 WARNING] Removing redundant signal : Shift_Out[1]. (D:\Efinity_Project\Efinity_Project\Ti60F225_OV5640_Face_Reproduction\ip/DdrCtrl\DdrCtrl.sv:2611)
[EFX-0200 WARNING] Removing redundant signal : Shift_Out[0]. (D:\Efinity_Project\Efinity_Project\Ti60F225_OV5640_Face_Reproduction\ip/DdrCtrl\DdrCtrl.sv:2611)
[EFX-0200 WARNING] Removing redundant signal : Shift_Q7_Out[4][31]. (D:\Efinity_Project\Efinity_Project\Ti60F225_OV5640_Face_Reproduction\ip/DdrCtrl\DdrCtrl.sv:2611)
[EFX-0200 WARNING] Removing redundant signal : Shift_Q7_Out[4][30]. (D:\Efinity_Project\Efinity_Project\Ti60F225_OV5640_Face_Reproduction\ip/DdrCtrl\DdrCtrl.sv:2611)
[EFX-0200 WARNING] Removing redundant signal : Shift_Q7_Out[4][29]. (D:\Efinity_Project\Efinity_Project\Ti60F225_OV5640_Face_Reproduction\ip/DdrCtrl\DdrCtrl.sv:2611)
[EFX-0200 WARNING] Removing redundant signal : Shift_Q7_Out[4][28]. (D:\Efinity_Project\Efinity_Project\Ti60F225_OV5640_Face_Reproduction\ip/DdrCtrl\DdrCtrl.sv:2611)
[EFX-0201 WARNING] Re-wiring to GND non-driven net 'u_efx_fifo_top.a_rst_i'. (D:\Efinity_Project\Efinity_Project\Ti60F225_OV5640_Face_Reproduction\ip/DdrCtrl\DdrCtrl.sv:4817)
[EFX-0201 WARNING] Re-wiring to GND non-driven net 'u_efx_fifo_top.clk_i'. (D:\Efinity_Project\Efinity_Project\Ti60F225_OV5640_Face_Reproduction\ip/DdrCtrl\DdrCtrl.sv:4817)
[EFX-0201 WARNING] Re-wiring to GND non-driven net 'r_rd_fifo_wr_en_p[31]'. (D:\Efinity_Project\Efinity_Project\Ti60F225_OV5640_Face_Reproduction\ip/DdrCtrl\DdrCtrl.sv:1460)
[EFX-0201 WARNING] Re-wiring to GND non-driven net 'r_rd_fifo_wr_en_p[30]'. (D:\Efinity_Project\Efinity_Project\Ti60F225_OV5640_Face_Reproduction\ip/DdrCtrl\DdrCtrl.sv:1460)
[EFX-0201 WARNING] Re-wiring to GND non-driven net 'r_rd_fifo_wr_en_p[29]'. (D:\Efinity_Project\Efinity_Project\Ti60F225_OV5640_Face_Reproduction\ip/DdrCtrl\DdrCtrl.sv:1460)
[EFX-0201 WARNING] Re-wiring to GND non-driven net 'r_rd_fifo_wr_en_p[28]'. (D:\Efinity_Project\Efinity_Project\Ti60F225_OV5640_Face_Reproduction\ip/DdrCtrl\DdrCtrl.sv:1460)
[EFX-0201 WARNING] Re-wiring to GND non-driven net 'r_rd_fifo_wr_en_p[27]'. (D:\Efinity_Project\Efinity_Project\Ti60F225_OV5640_Face_Reproduction\ip/DdrCtrl\DdrCtrl.sv:1460)
[EFX-0201 WARNING] Re-wiring to GND non-driven net 'r_rd_fifo_wr_en_p[26]'. (D:\Efinity_Project\Efinity_Project\Ti60F225_OV5640_Face_Reproduction\ip/DdrCtrl\DdrCtrl.sv:1460)
[EFX-0201 WARNING] Re-wiring to GND non-driven net 'r_rd_fifo_wr_en_p[25]'. (D:\Efinity_Project\Efinity_Project\Ti60F225_OV5640_Face_Reproduction\ip/DdrCtrl\DdrCtrl.sv:1460)
[EFX-0201 WARNING] Re-wiring to GND non-driven net 'r_rd_fifo_wr_en_p[24]'. (D:\Efinity_Project\Efinity_Project\Ti60F225_OV5640_Face_Reproduction\ip/DdrCtrl\DdrCtrl.sv:1460)
[EFX-0011 VERI-WARNING] Input/inout port clk_24m is unconnected and will be removed. (VDB-8003) (D:\Efinity_Project\Efinity_Project\Ti60F225_OV5640_Face_Reproduction\example_top.v:11)
[EFX-0011 VERI-WARNING] Input/inout port clk_25m is unconnected and will be removed. (VDB-8003) (D:\Efinity_Project\Efinity_Project\Ti60F225_OV5640_Face_Reproduction\example_top.v:12)
[EFX-0011 VERI-WARNING] Input/inout port clk_pixel_2x is unconnected and will be removed. (VDB-8003) (D:\Efinity_Project\Efinity_Project\Ti60F225_OV5640_Face_Reproduction\example_top.v:21)
[EFX-0011 VERI-WARNING] Input/inout port clk_pixel_10x is unconnected and will be removed. (VDB-8003) (D:\Efinity_Project\Efinity_Project\Ti60F225_OV5640_Face_Reproduction\example_top.v:22)
[EFX-0011 VERI-WARNING] Input/inout port dsi_refclk_i is unconnected and will be removed. (VDB-8003) (D:\Efinity_Project\Efinity_Project\Ti60F225_OV5640_Face_Reproduction\example_top.v:30)
[EFX-0011 VERI-WARNING] Input/inout port dsi_byteclk_i is unconnected and will be removed. (VDB-8003) (D:\Efinity_Project\Efinity_Project\Ti60F225_OV5640_Face_Reproduction\example_top.v:31)
[EFX-0011 VERI-WARNING] Input/inout port dsi_serclk_i is unconnected and will be removed. (VDB-8003) (D:\Efinity_Project\Efinity_Project\Ti60F225_OV5640_Face_Reproduction\example_top.v:32)
[EFX-0011 VERI-WARNING] Input/inout port dsi_txcclk_i is unconnected and will be removed. (VDB-8003) (D:\Efinity_Project\Efinity_Project\Ti60F225_OV5640_Face_Reproduction\example_top.v:33)
[EFX-0011 VERI-WARNING] Input/inout port clk_lvds_1x is unconnected and will be removed. (VDB-8003) (D:\Efinity_Project\Efinity_Project\Ti60F225_OV5640_Face_Reproduction\example_top.v:60)
[EFX-0011 VERI-WARNING] Input/inout port clk_lvds_7x is unconnected and will be removed. (VDB-8003) (D:\Efinity_Project\Efinity_Project\Ti60F225_OV5640_Face_Reproduction\example_top.v:61)
[EFX-0011 VERI-WARNING] Input/inout port clk_27m is unconnected and will be removed. (VDB-8003) (D:\Efinity_Project\Efinity_Project\Ti60F225_OV5640_Face_Reproduction\example_top.v:62)
[EFX-0011 VERI-WARNING] Input/inout port clk_54m is unconnected and will be removed. (VDB-8003) (D:\Efinity_Project\Efinity_Project\Ti60F225_OV5640_Face_Reproduction\example_top.v:63)
[EFX-0011 VERI-WARNING] Input/inout port i_dqs_n_hi[1] is unconnected and will be removed. (VDB-8003) (D:\Efinity_Project\Efinity_Project\Ti60F225_OV5640_Face_Reproduction\example_top.v:97)
[EFX-0011 VERI-WARNING] Input/inout port i_dqs_n_lo[1] is unconnected and will be removed. (VDB-8003) (D:\Efinity_Project\Efinity_Project\Ti60F225_OV5640_Face_Reproduction\example_top.v:98)
[EFX-0011 VERI-WARNING] Input/inout port csi_ctl0_i is unconnected and will be removed. (VDB-8003) (D:\Efinity_Project\Efinity_Project\Ti60F225_OV5640_Face_Reproduction\example_top.v:121)
[EFX-0011 VERI-WARNING] Input/inout port csi_ctl1_i is unconnected and will be removed. (VDB-8003) (D:\Efinity_Project\Efinity_Project\Ti60F225_OV5640_Face_Reproduction\example_top.v:125)
[EFX-0011 VERI-WARNING] Input/inout port csi_scl_i is unconnected and will be removed. (VDB-8003) (D:\Efinity_Project\Efinity_Project\Ti60F225_OV5640_Face_Reproduction\example_top.v:129)
[EFX-0011 VERI-WARNING] Input/inout port csi_sda_i is unconnected and will be removed. (VDB-8003) (D:\Efinity_Project\Efinity_Project\Ti60F225_OV5640_Face_Reproduction\example_top.v:133)
[EFX-0011 VERI-WARNING] Input/inout port csi_rxc_lp_p_i is unconnected and will be removed. (VDB-8003) (D:\Efinity_Project\Efinity_Project\Ti60F225_OV5640_Face_Reproduction\example_top.v:136)
[EFX-0011 VERI-WARNING] Input/inout port csi_rxc_lp_n_i is unconnected and will be removed. (VDB-8003) (D:\Efinity_Project\Efinity_Project\Ti60F225_OV5640_Face_Reproduction\example_top.v:137)
[EFX-0011 VERI-WARNING] Input/inout port csi_rxc_i is unconnected and will be removed. (VDB-8003) (D:\Efinity_Project\Efinity_Project\Ti60F225_OV5640_Face_Reproduction\example_top.v:140)
[EFX-0011 VERI-WARNING] Input/inout port csi_rxd0_lp_p_i is unconnected and will be removed. (VDB-8003) (D:\Efinity_Project\Efinity_Project\Ti60F225_OV5640_Face_Reproduction\example_top.v:147)
[EFX-0011 VERI-WARNING] Input/inout port csi_rxd0_lp_n_i is unconnected and will be removed. (VDB-8003) (D:\Efinity_Project\Efinity_Project\Ti60F225_OV5640_Face_Reproduction\example_top.v:148)
[EFX-0011 VERI-WARNING] Input/inout port csi_rxd0_hs_i[7] is unconnected and will be removed. (VDB-8003) (D:\Efinity_Project\Efinity_Project\Ti60F225_OV5640_Face_Reproduction\example_top.v:149)
[EFX-0011 VERI-WARNING] Input/inout port csi_rxd1_lp_n_i is unconnected and will be removed. (VDB-8003) (D:\Efinity_Project\Efinity_Project\Ti60F225_OV5640_Face_Reproduction\example_top.v:156)
[EFX-0011 VERI-WARNING] Input/inout port csi_rxd1_lp_p_i is unconnected and will be removed. (VDB-8003) (D:\Efinity_Project\Efinity_Project\Ti60F225_OV5640_Face_Reproduction\example_top.v:157)
[EFX-0011 VERI-WARNING] Input/inout port csi_rxd1_hs_i[7] is unconnected and will be removed. (VDB-8003) (D:\Efinity_Project\Efinity_Project\Ti60F225_OV5640_Face_Reproduction\example_top.v:158)
[EFX-0011 VERI-WARNING] Input/inout port csi_rxd2_lp_p_i is unconnected and will be removed. (VDB-8003) (D:\Efinity_Project\Efinity_Project\Ti60F225_OV5640_Face_Reproduction\example_top.v:165)
[EFX-0011 VERI-WARNING] Input/inout port csi_rxd2_lp_n_i is unconnected and will be removed. (VDB-8003) (D:\Efinity_Project\Efinity_Project\Ti60F225_OV5640_Face_Reproduction\example_top.v:166)
[EFX-0011 VERI-WARNING] Input/inout port csi_rxd2_hs_i[7] is unconnected and will be removed. (VDB-8003) (D:\Efinity_Project\Efinity_Project\Ti60F225_OV5640_Face_Reproduction\example_top.v:167)
[EFX-0011 VERI-WARNING] Input/inout port csi_rxd3_lp_p_i is unconnected and will be removed. (VDB-8003) (D:\Efinity_Project\Efinity_Project\Ti60F225_OV5640_Face_Reproduction\example_top.v:174)
[EFX-0011 VERI-WARNING] Input/inout port csi_rxd3_lp_n_i is unconnected and will be removed. (VDB-8003) (D:\Efinity_Project\Efinity_Project\Ti60F225_OV5640_Face_Reproduction\example_top.v:175)
[EFX-0011 VERI-WARNING] Input/inout port csi_rxd3_hs_i[7] is unconnected and will be removed. (VDB-8003) (D:\Efinity_Project\Efinity_Project\Ti60F225_OV5640_Face_Reproduction\example_top.v:176)
[EFX-0011 VERI-WARNING] Input/inout port dsi_txd0_lp_p_i is unconnected and will be removed. (VDB-8003) (D:\Efinity_Project\Efinity_Project\Ti60F225_OV5640_Face_Reproduction\example_top.v:235)
[EFX-0011 VERI-WARNING] Input/inout port dsi_txd0_lp_n_i is unconnected and will be removed. (VDB-8003) (D:\Efinity_Project\Efinity_Project\Ti60F225_OV5640_Face_Reproduction\example_top.v:236)
[EFX-0011 VERI-WARNING] Input/inout port dsi_txd1_lp_p_i is unconnected and will be removed. (VDB-8003) (D:\Efinity_Project\Efinity_Project\Ti60F225_OV5640_Face_Reproduction\example_top.v:237)
[EFX-0011 VERI-WARNING] Input/inout port dsi_txd1_lp_n_i is unconnected and will be removed. (VDB-8003) (D:\Efinity_Project\Efinity_Project\Ti60F225_OV5640_Face_Reproduction\example_top.v:238)
[EFX-0011 VERI-WARNING] Input/inout port dsi_txd2_lp_p_i is unconnected and will be removed. (VDB-8003) (D:\Efinity_Project\Efinity_Project\Ti60F225_OV5640_Face_Reproduction\example_top.v:239)
[EFX-0011 VERI-WARNING] Input/inout port dsi_txd2_lp_n_i is unconnected and will be removed. (VDB-8003) (D:\Efinity_Project\Efinity_Project\Ti60F225_OV5640_Face_Reproduction\example_top.v:240)
[EFX-0011 VERI-WARNING] Input/inout port dsi_txd3_lp_p_i is unconnected and will be removed. (VDB-8003) (D:\Efinity_Project\Efinity_Project\Ti60F225_OV5640_Face_Reproduction\example_top.v:241)
[EFX-0011 VERI-WARNING] Input/inout port dsi_txd3_lp_n_i is unconnected and will be removed. (VDB-8003) (D:\Efinity_Project\Efinity_Project\Ti60F225_OV5640_Face_Reproduction\example_top.v:242)
[EFX-0011 VERI-WARNING] Input/inout port uart_rx_i is unconnected and will be removed. (VDB-8003) (D:\Efinity_Project\Efinity_Project\Ti60F225_OV5640_Face_Reproduction\example_top.v:247)
[EFX-0011 VERI-WARNING] Input/inout port cmos_sdat_IN is unconnected and will be removed. (VDB-8003) (D:\Efinity_Project\Efinity_Project\Ti60F225_OV5640_Face_Reproduction\example_top.v:257)
[EFX-0011 VERI-WARNING] Input/inout port cmos_ctl1_i is unconnected and will be removed. (VDB-8003) (D:\Efinity_Project\Efinity_Project\Ti60F225_OV5640_Face_Reproduction\example_top.v:269)
[EFX-0011 VERI-WARNING] Input/inout port cmos_ctl2_i is unconnected and will be removed. (VDB-8003) (D:\Efinity_Project\Efinity_Project\Ti60F225_OV5640_Face_Reproduction\example_top.v:272)
[EFX-0011 VERI-WARNING] Input/inout port cmos_ctl3_i is unconnected and will be removed. (VDB-8003) (D:\Efinity_Project\Efinity_Project\Ti60F225_OV5640_Face_Reproduction\example_top.v:275)
[EFX-0011 VERI-WARNING] Input/inout port lcd_tp_sda_i is unconnected and will be removed. (VDB-8003) (D:\Efinity_Project\Efinity_Project\Ti60F225_OV5640_Face_Reproduction\example_top.v:323)
[EFX-0011 VERI-WARNING] Input/inout port lcd_tp_scl_i is unconnected and will be removed. (VDB-8003) (D:\Efinity_Project\Efinity_Project\Ti60F225_OV5640_Face_Reproduction\example_top.v:327)
[EFX-0011 VERI-WARNING] Input/inout port lcd_tp_int_i is unconnected and will be removed. (VDB-8003) (D:\Efinity_Project\Efinity_Project\Ti60F225_OV5640_Face_Reproduction\example_top.v:331)
[EFX-0011 VERI-WARNING] Input/inout port lcd_b7_0_i[7] is unconnected and will be removed. (VDB-8003) (D:\Efinity_Project\Efinity_Project\Ti60F225_OV5640_Face_Reproduction\example_top.v:351)
[EFX-0011 VERI-WARNING] Input/inout port lcd_g7_0_i[7] is unconnected and will be removed. (VDB-8003) (D:\Efinity_Project\Efinity_Project\Ti60F225_OV5640_Face_Reproduction\example_top.v:352)
[EFX-0011 VERI-WARNING] Input/inout port lcd_r7_0_i[7] is unconnected and will be removed. (VDB-8003) (D:\Efinity_Project\Efinity_Project\Ti60F225_OV5640_Face_Reproduction\example_top.v:353)
[EFX-0011 VERI-WARNING] Found 103 warnings in the post-synthesis netlist. 

///////////////////////////////////
// Efinity Synthesis Started 
// Sep 20, 2026 13:46:40
///////////////////////////////////

[EFX-0011 VERI-WARNING] port 'cal_shift_val' remains unconnected for this instance (VERI-1927) (D:\Efinity_Project\Efinity_Project\Ti60F225_OV5640_Face_Reproduction\example_top.v:612)
[EFX-0011 VERI-WARNING] port 'axi_awid' remains unconnected for this instance (VERI-1927) (D:\Efinity_Project\Efinity_Project\Ti60F225_OV5640_Face_Reproduction\example_top.v:960)
[EFX-0011 VERI-WARNING] port 'lcd_xpos' remains unconnected for this instance (VERI-1927) (D:\Efinity_Project\Efinity_Project\Ti60F225_OV5640_Face_Reproduction\example_top.v:991)
[EFX-0011 VERI-WARNING] port 'TMDS_Clk_p' remains unconnected for this instance (VERI-1927) (D:\Efinity_Project\Efinity_Project\Ti60F225_OV5640_Face_Reproduction\example_top.v:1060)
[EFX-0011 VERI-WARNING] expression size 32 truncated to fit in target size 1 (VERI-1209) (D:\Efinity_Project\Efinity_Project\Ti60F225_OV5640_Face_Reproduction\example_top.v:443)
[EFX-0011 VERI-WARNING] port 'wr_busy' remains unconnected for this instance (VERI-1927) (D:\Efinity_Project\Efinity_Project\Ti60F225_OV5640_Face_Reproduction\ip/DdrCtrl\DdrCtrl.sv:184)
[EFX-0011 VERI-WARNING] port 'wr_data' is not connected on this instance (VERI-2435) (D:\Efinity_Project\Efinity_Project\Ti60F225_OV5640_Face_Reproduction\ip/DdrCtrl\DdrCtrl.sv:184)
[EFX-0011 VERI-WARNING] port '**' is not connected on this instance (VERI-2435) (D:\Efinity_Project\Efinity_Project\Ti60F225_OV5640_Face_Reproduction\ip/DdrCtrl\DdrCtrl.sv:2496)
[EFX-0011 VERI-WARNING] expression size ** truncated to fit in target size ** (VERI-1209) (D:\Efinity_Project\Efinity_Project\Ti60F225_OV5640_Face_Reproduction\ip/DdrCtrl\DdrCtrl.sv:2611)
[EFX-0011 VERI-WARNING] actual bit length ** differs from formal bit length *** for port '**' (VERI-1330) (D:\Efinity_Project\Efinity_Project\Ti60F225_OV5640_Face_Reproduction\ip/DdrCtrl\DdrCtrl.sv:2496)
[EFX-0011 VERI-WARNING] expression size ** truncated to fit in target size ** (VERI-1209) (D:\Efinity_Project\Efinity_Project\Ti60F225_OV5640_Face_Reproduction\ip/DdrCtrl\DdrCtrl.sv:2611)
[EFX-0011 VERI-WARNING] expression size ** truncated to fit in target size ** (VERI-1209) (D:\Efinity_Project\Efinity_Project\Ti60F225_OV5640_Face_Reproduction\ip/DdrCtrl\DdrCtrl.sv:2611)
[EFX-0011 VERI-WARNING] actual bit length ** differs from formal bit length *** for port '**' (VERI-1330) (D:\Efinity_Project\Efinity_Project\Ti60F225_OV5640_Face_Reproduction\ip/DdrCtrl\DdrCtrl.sv:2496)
[EFX-0011 VERI-WARNING] port '**' remains unconnected for this instance (VERI-1927) (D:\Efinity_Project\Efinity_Project\Ti60F225_OV5640_Face_Reproduction\ip/DdrCtrl\DdrCtrl.sv:590)
[EFX-0011 VERI-WARNING] actual bit length ** differs from formal bit length *** for port '**' (VERI-1330) (D:\Efinity_Project\Efinity_Project\Ti60F225_OV5640_Face_Reproduction\ip/DdrCtrl\DdrCtrl.sv:590)
[EFX-0011 VERI-WARNING] port '**' remains unconnected for this instance (VERI-1927) (D:\Efinity_Project\Efinity_Project\Ti60F225_OV5640_Face_Reproduction\ip/DdrCtrl\DdrCtrl.sv:1460)
[EFX-0011 VERI-WARNING] port '**' remains unconnected for this instance (VERI-1927) (D:\Efinity_Project\Efinity_Project\Ti60F225_OV5640_Face_Reproduction\ip/DdrCtrl\DdrCtrl.sv:4817)
[EFX-0011 VERI-WARNING] actual bit length ** differs from formal bit length *** for port '**' (VERI-1330) (D:\Efinity_Project\Efinity_Project\Ti60F225_OV5640_Face_Reproduction\ip/DdrCtrl\DdrCtrl.sv:4817)
[EFX-0011 VERI-WARNING] input port '**' is not connected on this instance (VDB-1013) (D:\Efinity_Project\Efinity_Project\Ti60F225_OV5640_Face_Reproduction\ip/DdrCtrl\DdrCtrl.sv:4817)
[EFX-0011 VERI-WARNING] expression size ** truncated to fit in target size ** (VERI-1209) (D:\Efinity_Project\Efinity_Project\Ti60F225_OV5640_Face_Reproduction\ip/DdrCtrl\DdrCtrl.sv:1460)
[EFX-0011 VERI-WARNING] net '**' does not have a driver (VDB-1002) (D:\Efinity_Project\Efinity_Project\Ti60F225_OV5640_Face_Reproduction\ip/DdrCtrl\DdrCtrl.sv:1460)
[EFX-0011 VERI-WARNING] net '**' does not have a driver (VDB-1002) (D:\Efinity_Project\Efinity_Project\Ti60F225_OV5640_Face_Reproduction\ip/DdrCtrl\DdrCtrl.sv:590)
[EFX-0011 VERI-WARNING] input port '**' is not connected on this instance (VDB-1013) (D:\Efinity_Project\Efinity_Project\Ti60F225_OV5640_Face_Reproduction\ip/DdrCtrl\DdrCtrl.sv:590)
[EFX-0011 VERI-WARNING] input port '**' is not connected on this instance (VDB-1013) (D:\Efinity_Project\Efinity_Project\Ti60F225_OV5640_Face_Reproduction\ip/DdrCtrl\DdrCtrl.sv:2496)
[EFX-0011 VERI-WARNING] input port 'wr_data[127]' is not connected on this instance (VDB-1013) (D:\Efinity_Project\Efinity_Project\Ti60F225_OV5640_Face_Reproduction\ip/DdrCtrl\DdrCtrl.sv:117)
[EFX-0011 VERI-WARNING] actual bit length 4 differs from formal bit length 8 for port 'axi_aid' (VERI-1330) (D:\Efinity_Project\Efinity_Project\Ti60F225_OV5640_Face_Reproduction\example_top.v:579)
[EFX-0011 VERI-WARNING] actual bit length 4 differs from formal bit length 8 for port 'axi_wid' (VERI-1330) (D:\Efinity_Project\Efinity_Project\Ti60F225_OV5640_Face_Reproduction\example_top.v:586)
[EFX-0011 VERI-WARNING] actual bit length 4 differs from formal bit length 8 for port 'axi_bid' (VERI-1330) (D:\Efinity_Project\Efinity_Project\Ti60F225_OV5640_Face_Reproduction\example_top.v:595)
[EFX-0011 VERI-WARNING] actual bit length 4 differs from formal bit length 8 for port 'axi_rid' (VERI-1330) (D:\Efinity_Project\Efinity_Project\Ti60F225_OV5640_Face_Reproduction\example_top.v:601)
[EFX-0011 VERI-WARNING] expression size 2 truncated to fit in target size 1 (VERI-1209) (D:\Efinity_Project\Efinity_Project\Ti60F225_OV5640_Face_Reproduction\src\axi\AXI4_AWARMux.v:90)
[EFX-0011 VERI-WARNING] expression size 3 truncated to fit in target size 2 (VERI-1209) (D:\Efinity_Project\Efinity_Project\Ti60F225_OV5640_Face_Reproduction\example_top.v:713)
[EFX-0011 VERI-WARNING] expression size 5 truncated to fit in target size 4 (VERI-1209) (D:\Efinity_Project\Efinity_Project\Ti60F225_OV5640_Face_Reproduction\example_top.v:714)
[EFX-0011 VERI-WARNING] actual bit length 64 differs from formal bit length 8 for port 'image_out_data' (VERI-1330) (D:\Efinity_Project\Efinity_Project\Ti60F225_OV5640_Face_Reproduction\example_top.v:861)
[EFX-0011 VERI-WARNING] expression size 32 truncated to fit in target size 16 (VERI-1209) (D:\Efinity_Project\Efinity_Project\Ti60F225_OV5640_Face_Reproduction\src\axi\axi4_ctrl.v:91)
[EFX-0011 VERI-WARNING] expression size 3 truncated to fit in target size 2 (VERI-1209) (D:\Efinity_Project\Efinity_Project\Ti60F225_OV5640_Face_Reproduction\src\axi\axi4_ctrl.v:113)
[EFX-0011 VERI-WARNING] expression size 3 truncated to fit in target size 2 (VERI-1209) (D:\Efinity_Project\Efinity_Project\Ti60F225_OV5640_Face_Reproduction\src\axi\axi4_ctrl.v:114)
[EFX-0011 VERI-WARNING] expression size 3 truncated to fit in target size 2 (VERI-1209) (D:\Efinity_Project\Efinity_Project\Ti60F225_OV5640_Face_Reproduction\src\axi\axi4_ctrl.v:196)
[EFX-0011 VERI-WARNING] expression size 2 truncated to fit in target size 1 (VERI-1209) (D:\Efinity_Project\Efinity_Project\Ti60F225_OV5640_Face_Reproduction\src\axi\axi4_ctrl.v:238)
[EFX-0011 VERI-WARNING] expression size 23 truncated to fit in target size 22 (VERI-1209) (D:\Efinity_Project\Efinity_Project\Ti60F225_OV5640_Face_Reproduction\src\axi\axi4_ctrl.v:257)
[EFX-0011 VERI-WARNING] port 'a_wr_rst_i' remains unconnected for this instance (VERI-1927) (D:\Efinity_Project\Efinity_Project\Ti60F225_OV5640_Face_Reproduction\ip/W0_FIFO_8\W0_FIFO_8.sv:116)
[EFX-0011 VERI-WARNING] expression size 32 truncated to fit in target size 14 (VERI-1209) (D:\Efinity_Project\Efinity_Project\Ti60F225_OV5640_Face_Reproduction\ip/W0_FIFO_8\W0_FIFO_8.sv:1251)
[EFX-0011 VERI-WARNING] expression size 32 truncated to fit in target size 10 (VERI-1209) (D:\Efinity_Project\Efinity_Project\Ti60F225_OV5640_Face_Reproduction\ip/W0_FIFO_8\W0_FIFO_8.sv:1252)
[EFX-0011 VERI-WARNING] input port 'a_wr_rst_i' is not connected on this instance (VDB-1013) (D:\Efinity_Project\Efinity_Project\Ti60F225_OV5640_Face_Reproduction\ip/W0_FIFO_8\W0_FIFO_8.sv:95)
[EFX-0011 VERI-WARNING] port 'a_wr_rst_i' remains unconnected for this instance (VERI-1927) (D:\Efinity_Project\Efinity_Project\Ti60F225_OV5640_Face_Reproduction\ip/R0_FIFO_16\R0_FIFO_16.sv:116)
[EFX-0011 VERI-WARNING] expression size 32 truncated to fit in target size 10 (VERI-1209) (D:\Efinity_Project\Efinity_Project\Ti60F225_OV5640_Face_Reproduction\ip/R0_FIFO_16\R0_FIFO_16.sv:1236)
[EFX-0011 VERI-WARNING] expression size 32 truncated to fit in target size 13 (VERI-1209) (D:\Efinity_Project\Efinity_Project\Ti60F225_OV5640_Face_Reproduction\ip/R0_FIFO_16\R0_FIFO_16.sv:1237)
[EFX-0011 VERI-WARNING] input port 'a_wr_rst_i' is not connected on this instance (VDB-1013) (D:\Efinity_Project\Efinity_Project\Ti60F225_OV5640_Face_Reproduction\ip/R0_FIFO_16\R0_FIFO_16.sv:95)
[EFX-0011 VERI-WARNING] expression size 17 truncated to fit in target size 16 (VERI-1209) (D:\Efinity_Project\Efinity_Project\Ti60F225_OV5640_Face_Reproduction\src\axi\axi4_ctrl.v:464)
[EFX-0011 VERI-WARNING] expression size 23 truncated to fit in target size 22 (VERI-1209) (D:\Efinity_Project\Efinity_Project\Ti60F225_OV5640_Face_Reproduction\src\axi\axi4_ctrl.v:574)
[EFX-0011 VERI-WARNING] actual bit length 32 differs from formal bit length 4 for port 'axi_bid' (VERI-1330) (D:\Efinity_Project\Efinity_Project\Ti60F225_OV5640_Face_Reproduction\example_top.v:932)
[EFX-0011 VERI-WARNING] actual bit length 32 differs from formal bit length 2 for port 'axi_bresp' (VERI-1330) (D:\Efinity_Project\Efinity_Project\Ti60F225_OV5640_Face_Reproduction\example_top.v:933)
[EFX-0011 VERI-WARNING] actual bit length 32 differs from formal bit length 1 for port 'axi_bvalid' (VERI-1330) (D:\Efinity_Project\Efinity_Project\Ti60F225_OV5640_Face_Reproduction\example_top.v:934)
[EFX-0011 VERI-WARNING] actual bit length 32 differs from formal bit length 2 for port 'axi_rresp' (VERI-1330) (D:\Efinity_Project\Efinity_Project\Ti60F225_OV5640_Face_Reproduction\example_top.v:944)
[EFX-0011 VERI-WARNING] actual bit length 64 differs from formal bit length 8 for port 'wframe_data' (VERI-1330) (D:\Efinity_Project\Efinity_Project\Ti60F225_OV5640_Face_Reproduction\example_top.v:952)
[EFX-0011 VERI-WARNING] actual bit length 8 differs from formal bit length 32 for port 'tp_o' (VERI-1330) (D:\Efinity_Project\Efinity_Project\Ti60F225_OV5640_Face_Reproduction\example_top.v:959)
[EFX-0011 VERI-WARNING] expression size 8 truncated to fit in target size 4 (VERI-1209) (D:\Efinity_Project\Efinity_Project\Ti60F225_OV5640_Face_Reproduction\example_top.v:961)
[EFX-0011 VERI-WARNING] expression size 14 truncated to fit in target size 12 (VERI-1209) (D:\Efinity_Project\Efinity_Project\Ti60F225_OV5640_Face_Reproduction\src\lcd_driver.v:145)
[EFX-0011 VERI-WARNING] actual bit length 24 differs from formal bit length 48 for port 'lcd_data' (VERI-1330) (D:\Efinity_Project\Efinity_Project\Ti60F225_OV5640_Face_Reproduction\example_top.v:990)
[EFX-0011 VERI-WARNING] actual bit length 32 differs from formal bit length 4 for port 'data_island_data' (VERI-1330) (D:\Efinity_Project\Efinity_Project\Ti60F225_OV5640_Face_Reproduction\src\hdmi_ip\rgb2dvi.v:50)
[EFX-0011 VERI-WARNING] actual bit length 4 differs from formal bit length 3 for port 'mode' (VERI-1330) (D:\Efinity_Project\Efinity_Project\Ti60F225_OV5640_Face_Reproduction\src\hdmi_ip\rgb2dvi.v:52)
[EFX-0011 VERI-WARNING] actual bit length 32 differs from formal bit length 4 for port 'data_island_data' (VERI-1330) (D:\Efinity_Project\Efinity_Project\Ti60F225_OV5640_Face_Reproduction\src\hdmi_ip\rgb2dvi.v:58)
[EFX-0011 VERI-WARNING] actual bit length 4 differs from formal bit length 3 for port 'mode' (VERI-1330) (D:\Efinity_Project\Efinity_Project\Ti60F225_OV5640_Face_Reproduction\src\hdmi_ip\rgb2dvi.v:60)
[EFX-0011 VERI-WARNING] actual bit length 32 differs from formal bit length 4 for port 'data_island_data' (VERI-1330) (D:\Efinity_Project\Efinity_Project\Ti60F225_OV5640_Face_Reproduction\src\hdmi_ip\rgb2dvi.v:66)
[EFX-0011 VERI-WARNING] actual bit length 4 differs from formal bit length 3 for port 'mode' (VERI-1330) (D:\Efinity_Project\Efinity_Project\Ti60F225_OV5640_Face_Reproduction\src\hdmi_ip\rgb2dvi.v:68)
[EFX-0011 VERI-WARNING] actual bit length 32 differs from formal bit length 1 for port 'oe_i' (VERI-1330) (D:\Efinity_Project\Efinity_Project\Ti60F225_OV5640_Face_Reproduction\example_top.v:1042)
[EFX-0011 VERI-WARNING] net 'w_dev_index_o[7]' does not have a driver (VDB-1002) (D:\Efinity_Project\Efinity_Project\Ti60F225_OV5640_Face_Reproduction\example_top.v:428)
[EFX-0011 VERI-WARNING] net 'w_dev_cmd_o[7]' does not have a driver (VDB-1002) (D:\Efinity_Project\Efinity_Project\Ti60F225_OV5640_Face_Reproduction\example_top.v:429)
[EFX-0011 VERI-WARNING] net 'w_dev_wdata_o[31]' does not have a driver (VDB-1002) (D:\Efinity_Project\Efinity_Project\Ti60F225_OV5640_Face_Reproduction\example_top.v:430)
[EFX-0011 VERI-WARNING] net 'w_dev_wvalid_o' does not have a driver (VDB-1002) (D:\Efinity_Project\Efinity_Project\Ti60F225_OV5640_Face_Reproduction\example_top.v:431)
[EFX-0011 VERI-WARNING] net 'w_spi_ssn_o' does not have a driver (VDB-1002) (D:\Efinity_Project\Efinity_Project\Ti60F225_OV5640_Face_Reproduction\example_top.v:435)
[EFX-0011 VERI-WARNING] net 'w_spi_data_o[3]' does not have a driver (VDB-1002) (D:\Efinity_Project\Efinity_Project\Ti60F225_OV5640_Face_Reproduction\example_top.v:436)
[EFX-0011 VERI-WARNING] net 'w_lcd_b_o[7]' does not have a driver (VDB-1002) (D:\Efinity_Project\Efinity_Project\Ti60F225_OV5640_Face_Reproduction\example_top.v:453)
[EFX-0011 VERI-WARNING] input port 'SerialClk' is not connected on this instance (VDB-1013) (D:\Efinity_Project\Efinity_Project\Ti60F225_OV5640_Face_Reproduction\example_top.v:1035)
[EFX-0256 WARNING] The primary output port 'csi_ctl0_o' wire 'csi_ctl0_o' is not driven.
[EFX-0256 WARNING] The primary output port 'csi_ctl1_o' wire 'csi_ctl1_o' is not driven.
[EFX-0256 WARNING] The primary output port 'csi_scl_o' wire 'csi_scl_o' is not driven.
[EFX-0256 WARNING] The primary output port 'csi_scl_oe' wire 'csi_scl_oe' is not driven.
[EFX-0256 WARNING] The primary output port 'csi_sda_o' wire 'csi_sda_o' is not driven.
[EFX-0256 WARNING] The primary output port 'csi_sda_oe' wire 'csi_sda_oe' is not driven.
[EFX-0256 WARNING] The primary output port 'csi_rxc_hs_en_o' wire 'csi_rxc_hs_en_o' is not driven.
[EFX-0256 WARNING] The primary output port 'csi_rxc_hs_term_en_o' wire 'csi_rxc_hs_term_en_o' is not driven.
[EFX-0256 WARNING] The primary output port 'csi_rxd0_rst_o' wire 'csi_rxd0_rst_o' is not driven.
[EFX-0256 WARNING] The primary output port 'csi_rxd0_hs_en_o' wire 'csi_rxd0_hs_en_o' is not driven.
[EFX-0256 WARNING] The primary output port 'csi_rxd0_hs_term_en_o' wire 'csi_rxd0_hs_term_en_o' is not driven.
[EFX-0256 WARNING] The primary output port 'csi_rxd1_rst_o' wire 'csi_rxd1_rst_o' is not driven.
[EFX-0256 WARNING] The primary output port 'csi_rxd1_hs_en_o' wire 'csi_rxd1_hs_en_o' is not driven.
[EFX-0256 WARNING] The primary output port 'csi_rxd1_hs_term_en_o' wire 'csi_rxd1_hs_term_en_o' is not driven.
[EFX-0256 WARNING] The primary output port 'csi_rxd2_rst_o' wire 'csi_rxd2_rst_o' is not driven.
[EFX-0256 WARNING] The primary output port 'csi_rxd2_hs_en_o' wire 'csi_rxd2_hs_en_o' is not driven.
[EFX-0256 WARNING] The primary output port 'csi_rxd2_hs_term_en_o' wire 'csi_rxd2_hs_term_en_o' is not driven.
[EFX-0256 WARNING] The primary output port 'csi_rxd3_rst_o' wire 'csi_rxd3_rst_o' is not driven.
[EFX-0256 WARNING] The primary output port 'csi_rxd3_hs_en_o' wire 'csi_rxd3_hs_en_o' is not driven.
[EFX-0256 WARNING] The primary output port 'csi_rxd3_hs_term_en_o' wire 'csi_rxd3_hs_term_en_o' is not driven.
[EFX-0256 WARNING] The primary output port 'dsi_txc_rst_o' wire 'dsi_txc_rst_o' is not driven.
[EFX-0256 WARNING] The primary output port 'dsi_txc_lp_p_oe' wire 'dsi_txc_lp_p_oe' is not driven.
[EFX-0256 WARNING] The primary output port 'dsi_txc_lp_p_o' wire 'dsi_txc_lp_p_o' is not driven.
[EFX-0256 WARNING] The primary output port 'dsi_txc_lp_n_oe' wire 'dsi_txc_lp_n_oe' is not driven.
[EFX-0256 WARNING] The primary output port 'dsi_txc_lp_n_o' wire 'dsi_txc_lp_n_o' is not driven.
[EFX-0256 WARNING] The primary output port 'dsi_txc_hs_oe' wire 'dsi_txc_hs_oe' is not driven.
[EFX-0256 WARNING] The primary output port 'dsi_txc_hs_o[7]' wire 'dsi_txc_hs_o[7]' is not driven.
[EFX-0256 WARNING] The primary output port 'dsi_txc_hs_o[6]' wire 'dsi_txc_hs_o[6]' is not driven.
[EFX-0256 WARNING] The primary output port 'dsi_txc_hs_o[5]' wire 'dsi_txc_hs_o[5]' is not driven.
[EFX-0256 WARNING] The primary output port 'dsi_txc_hs_o[4]' wire 'dsi_txc_hs_o[4]' is not driven.
[EFX-0256 WARNING] The primary output port 'dsi_txc_hs_o[3]' wire 'dsi_txc_hs_o[3]' is not driven.
[EFX-0256 WARNING] The primary output port 'dsi_txc_hs_o[2]' wire 'dsi_txc_hs_o[2]' is not driven.
[EFX-0256 WARNING] The primary output port 'dsi_txc_hs_o[1]' wire 'dsi_txc_hs_o[1]' is not driven.
[EFX-0256 WARNING] The primary output port 'dsi_txc_hs_o[0]' wire 'dsi_txc_hs_o[0]' is not driven.
[EFX-0256 WARNING] The primary output port 'dsi_txd0_rst_o' wire 'dsi_txd0_rst_o' is not driven.
[EFX-0256 WARNING] The primary output port 'dsi_txd0_hs_oe' wire 'dsi_txd0_hs_oe' is not driven.
[EFX-0256 WARNING] The primary output port 'dsi_txd0_hs_o[7]' wire 'dsi_txd0_hs_o[7]' is not driven.
[EFX-0256 WARNING] The primary output port 'dsi_txd0_hs_o[6]' wire 'dsi_txd0_hs_o[6]' is not driven.
[EFX-0256 WARNING] The primary output port 'dsi_txd0_hs_o[5]' wire 'dsi_txd0_hs_o[5]' is not driven.
[EFX-0256 WARNING] The primary output port 'dsi_txd0_hs_o[4]' wire 'dsi_txd0_hs_o[4]' is not driven.
[EFX-0256 WARNING] The primary output port 'dsi_txd0_hs_o[3]' wire 'dsi_txd0_hs_o[3]' is not driven.
[EFX-0256 WARNING] The primary output port 'dsi_txd0_hs_o[2]' wire 'dsi_txd0_hs_o[2]' is not driven.
[EFX-0256 WARNING] The primary output port 'dsi_txd0_hs_o[1]' wire 'dsi_txd0_hs_o[1]' is not driven.
[EFX-0256 WARNING] The primary output port 'dsi_txd0_hs_o[0]' wire 'dsi_txd0_hs_o[0]' is not driven.
[EFX-0256 WARNING] The primary output port 'dsi_txd0_lp_p_oe' wire 'dsi_txd0_lp_p_oe' is not driven.
[EFX-0256 WARNING] The primary output port 'dsi_txd0_lp_p_o' wire 'dsi_txd0_lp_p_o' is not driven.
[EFX-0256 WARNING] The primary output port 'dsi_txd0_lp_n_oe' wire 'dsi_txd0_lp_n_oe' is not driven.
[EFX-0256 WARNING] The primary output port 'dsi_txd0_lp_n_o' wire 'dsi_txd0_lp_n_o' is not driven.
[EFX-0256 WARNING] The primary output port 'dsi_txd1_rst_o' wire 'dsi_txd1_rst_o' is not driven.
[EFX-0256 WARNING] The primary output port 'dsi_txd1_lp_p_oe' wire 'dsi_txd1_lp_p_oe' is not driven.
[EFX-0256 WARNING] The primary output port 'dsi_txd1_lp_p_o' wire 'dsi_txd1_lp_p_o' is not driven.
[EFX-0256 WARNING] The primary output port 'dsi_txd1_lp_n_oe' wire 'dsi_txd1_lp_n_oe' is not driven.
[EFX-0256 WARNING] The primary output port 'dsi_txd1_lp_n_o' wire 'dsi_txd1_lp_n_o' is not driven.
[EFX-0256 WARNING] The primary output port 'dsi_txd1_hs_oe' wire 'dsi_txd1_hs_oe' is not driven.
[EFX-0256 WARNING] The primary output port 'dsi_txd1_hs_o[7]' wire 'dsi_txd1_hs_o[7]' is not driven.
[EFX-0256 WARNING] The primary output port 'dsi_txd1_hs_o[6]' wire 'dsi_txd1_hs_o[6]' is not driven.
[EFX-0256 WARNING] The primary output port 'dsi_txd1_hs_o[5]' wire 'dsi_txd1_hs_o[5]' is not driven.
[EFX-0256 WARNING] The primary output port 'dsi_txd1_hs_o[4]' wire 'dsi_txd1_hs_o[4]' is not driven.
[EFX-0256 WARNING] The primary output port 'dsi_txd1_hs_o[3]' wire 'dsi_txd1_hs_o[3]' is not driven.
[EFX-0256 WARNING] The primary output port 'dsi_txd1_hs_o[2]' wire 'dsi_txd1_hs_o[2]' is not driven.
[EFX-0256 WARNING] The primary output port 'dsi_txd1_hs_o[1]' wire 'dsi_txd1_hs_o[1]' is not driven.
[EFX-0256 WARNING] The primary output port 'dsi_txd1_hs_o[0]' wire 'dsi_txd1_hs_o[0]' is not driven.
[EFX-0256 WARNING] The primary output port 'dsi_txd2_rst_o' wire 'dsi_txd2_rst_o' is not driven.
[EFX-0256 WARNING] The primary output port 'dsi_txd2_lp_p_oe' wire 'dsi_txd2_lp_p_oe' is not driven.
[EFX-0256 WARNING] The primary output port 'dsi_txd2_lp_p_o' wire 'dsi_txd2_lp_p_o' is not driven.
[EFX-0256 WARNING] The primary output port 'dsi_txd2_lp_n_oe' wire 'dsi_txd2_lp_n_oe' is not driven.
[EFX-0256 WARNING] The primary output port 'dsi_txd2_lp_n_o' wire 'dsi_txd2_lp_n_o' is not driven.
[EFX-0256 WARNING] The primary output port 'dsi_txd2_hs_oe' wire 'dsi_txd2_hs_oe' is not driven.
[EFX-0256 WARNING] The primary output port 'dsi_txd2_hs_o[7]' wire 'dsi_txd2_hs_o[7]' is not driven.
[EFX-0256 WARNING] The primary output port 'dsi_txd2_hs_o[6]' wire 'dsi_txd2_hs_o[6]' is not driven.
[EFX-0256 WARNING] The primary output port 'dsi_txd2_hs_o[5]' wire 'dsi_txd2_hs_o[5]' is not driven.
[EFX-0256 WARNING] The primary output port 'dsi_txd2_hs_o[4]' wire 'dsi_txd2_hs_o[4]' is not driven.
[EFX-0256 WARNING] The primary output port 'dsi_txd2_hs_o[3]' wire 'dsi_txd2_hs_o[3]' is not driven.
[EFX-0256 WARNING] The primary output port 'dsi_txd2_hs_o[2]' wire 'dsi_txd2_hs_o[2]' is not driven.
[EFX-0256 WARNING] The primary output port 'dsi_txd2_hs_o[1]' wire 'dsi_txd2_hs_o[1]' is not driven.
[EFX-0256 WARNING] The primary output port 'dsi_txd2_hs_o[0]' wire 'dsi_txd2_hs_o[0]' is not driven.
[EFX-0256 WARNING] The primary output port 'dsi_txd3_rst_o' wire 'dsi_txd3_rst_o' is not driven.
[EFX-0256 WARNING] The primary output port 'dsi_txd3_lp_p_oe' wire 'dsi_txd3_lp_p_oe' is not driven.
[EFX-0256 WARNING] The primary output port 'dsi_txd3_lp_p_o' wire 'dsi_txd3_lp_p_o' is not driven.
[EFX-0256 WARNING] The primary output port 'dsi_txd3_lp_n_oe' wire 'dsi_txd3_lp_n_oe' is not driven.
[EFX-0256 WARNING] The primary output port 'dsi_txd3_lp_n_o' wire 'dsi_txd3_lp_n_o' is not driven.
[EFX-0256 WARNING] The primary output port 'dsi_txd3_hs_oe' wire 'dsi_txd3_hs_oe' is not driven.
[EFX-0256 WARNING] The primary output port 'dsi_txd3_hs_o[7]' wire 'dsi_txd3_hs_o[7]' is not driven.
[EFX-0256 WARNING] The primary output port 'dsi_txd3_hs_o[6]' wire 'dsi_txd3_hs_o[6]' is not driven.
[EFX-0256 WARNING] The primary output port 'dsi_txd3_hs_o[5]' wire 'dsi_txd3_hs_o[5]' is not driven.
[EFX-0256 WARNING] The primary output port 'dsi_txd3_hs_o[4]' wire 'dsi_txd3_hs_o[4]' is not driven.
[EFX-0256 WARNING] The primary output port 'dsi_txd3_hs_o[3]' wire 'dsi_txd3_hs_o[3]' is not driven.
[EFX-0256 WARNING] The primary output port 'dsi_txd3_hs_o[2]' wire 'dsi_txd3_hs_o[2]' is not driven.
[EFX-0256 WARNING] The primary output port 'dsi_txd3_hs_o[1]' wire 'dsi_txd3_hs_o[1]' is not driven.
[EFX-0256 WARNING] The primary output port 'dsi_txd3_hs_o[0]' wire 'dsi_txd3_hs_o[0]' is not driven.
[EFX-0256 WARNING] The primary output port 'uart_tx_o' wire 'uart_tx_o' is not driven.
[EFX-0256 WARNING] The primary output port 'led_o[4]' wire 'led_o[4]' is not driven.
[EFX-0256 WARNING] The primary output port 'lvds_txc_oe' wire 'lvds_txc_oe' is not driven.
[EFX-0256 WARNING] The primary output port 'lvds_txc_o[6]' wire 'lvds_txc_o[6]' is not driven.
[EFX-0256 WARNING] The primary output port 'lvds_txc_o[5]' wire 'lvds_txc_o[5]' is not driven.
[EFX-0256 WARNING] The primary output port 'lvds_txc_o[4]' wire 'lvds_txc_o[4]' is not driven.
[EFX-0256 WARNING] The primary output port 'lvds_txc_o[3]' wire 'lvds_txc_o[3]' is not driven.
[EFX-0256 WARNING] The primary output port 'lvds_txc_o[2]' wire 'lvds_txc_o[2]' is not driven.
[EFX-0256 WARNING] The primary output port 'lvds_txc_o[1]' wire 'lvds_txc_o[1]' is not driven.
[EFX-0256 WARNING] The primary output port 'lvds_txc_o[0]' wire 'lvds_txc_o[0]' is not driven.
[EFX-0256 WARNING] The primary output port 'lvds_txc_rst_o' wire 'lvds_txc_rst_o' is not driven.
[EFX-0256 WARNING] The primary output port 'lvds_txd0_oe' wire 'lvds_txd0_oe' is not driven.
[EFX-0256 WARNING] The primary output port 'lvds_txd0_o[6]' wire 'lvds_txd0_o[6]' is not driven.
[EFX-0256 WARNING] The primary output port 'lvds_txd0_o[5]' wire 'lvds_txd0_o[5]' is not driven.
[EFX-0256 WARNING] The primary output port 'lvds_txd0_o[4]' wire 'lvds_txd0_o[4]' is not driven.
[EFX-0256 WARNING] The primary output port 'lvds_txd0_o[3]' wire 'lvds_txd0_o[3]' is not driven.
[EFX-0256 WARNING] The primary output port 'lvds_txd0_o[2]' wire 'lvds_txd0_o[2]' is not driven.
[EFX-0256 WARNING] The primary output port 'lvds_txd0_o[1]' wire 'lvds_txd0_o[1]' is not driven.
[EFX-0256 WARNING] The primary output port 'lvds_txd0_o[0]' wire 'lvds_txd0_o[0]' is not driven.
[EFX-0256 WARNING] The primary output port 'lvds_txd0_rst_o' wire 'lvds_txd0_rst_o' is not driven.
[EFX-0256 WARNING] The primary output port 'lvds_txd1_oe' wire 'lvds_txd1_oe' is not driven.
[EFX-0256 WARNING] The primary output port 'lvds_txd1_o[6]' wire 'lvds_txd1_o[6]' is not driven.
[EFX-0256 WARNING] The primary output port 'lvds_txd1_o[5]' wire 'lvds_txd1_o[5]' is not driven.
[EFX-0256 WARNING] The primary output port 'lvds_txd1_o[4]' wire 'lvds_txd1_o[4]' is not driven.
[EFX-0256 WARNING] The primary output port 'lvds_txd1_o[3]' wire 'lvds_txd1_o[3]' is not driven.
[EFX-0256 WARNING] The primary output port 'lvds_txd1_o[2]' wire 'lvds_txd1_o[2]' is not driven.
[EFX-0256 WARNING] The primary output port 'lvds_txd1_o[1]' wire 'lvds_txd1_o[1]' is not driven.
[EFX-0256 WARNING] The primary output port 'lvds_txd1_o[0]' wire 'lvds_txd1_o[0]' is not driven.
[EFX-0256 WARNING] The primary output port 'lvds_txd1_rst_o' wire 'lvds_txd1_rst_o' is not driven.
[EFX-0256 WARNING] The primary output port 'lvds_txd2_oe' wire 'lvds_txd2_oe' is not driven.
[EFX-0256 WARNING] The primary output port 'lvds_txd2_o[6]' wire 'lvds_txd2_o[6]' is not driven.
[EFX-0256 WARNING] The primary output port 'lvds_txd2_o[5]' wire 'lvds_txd2_o[5]' is not driven.
[EFX-0256 WARNING] The primary output port 'lvds_txd2_o[4]' wire 'lvds_txd2_o[4]' is not driven.
[EFX-0256 WARNING] The primary output port 'lvds_txd2_o[3]' wire 'lvds_txd2_o[3]' is not driven.
[EFX-0256 WARNING] The primary output port 'lvds_txd2_o[2]' wire 'lvds_txd2_o[2]' is not driven.
[EFX-0256 WARNING] The primary output port 'lvds_txd2_o[1]' wire 'lvds_txd2_o[1]' is not driven.
[EFX-0256 WARNING] The primary output port 'lvds_txd2_o[0]' wire 'lvds_txd2_o[0]' is not driven.
[EFX-0256 WARNING] The primary output port 'lvds_txd2_rst_o' wire 'lvds_txd2_rst_o' is not driven.
[EFX-0256 WARNING] The primary output port 'lvds_txd3_oe' wire 'lvds_txd3_oe' is not driven.
[EFX-0256 WARNING] The primary output port 'lvds_txd3_o[6]' wire 'lvds_txd3_o[6]' is not driven.
[EFX-0256 WARNING] The primary output port 'lvds_txd3_o[5]' wire 'lvds_txd3_o[5]' is not driven.
[EFX-0256 WARNING] The primary output port 'lvds_txd3_o[4]' wire 'lvds_txd3_o[4]' is not driven.
[EFX-0256 WARNING] The primary output port 'lvds_txd3_o[3]' wire 'lvds_txd3_o[3]' is not driven.
[EFX-0256 WARNING] The primary output port 'lvds_txd3_o[2]' wire 'lvds_txd3_o[2]' is not driven.
[EFX-0256 WARNING] The primary output port 'lvds_txd3_o[1]' wire 'lvds_txd3_o[1]' is not driven.
[EFX-0256 WARNING] The primary output port 'lvds_txd3_o[0]' wire 'lvds_txd3_o[0]' is not driven.
[EFX-0256 WARNING] The primary output port 'lvds_txd3_rst_o' wire 'lvds_txd3_rst_o' is not driven.
[EFX-0256 WARNING] The primary output port 'lcd_tp_sda_o' wire 'lcd_tp_sda_o' is not driven.
[EFX-0256 WARNING] The primary output port 'lcd_tp_sda_oe' wire 'lcd_tp_sda_oe' is not driven.
[EFX-0256 WARNING] The primary output port 'lcd_tp_scl_o' wire 'lcd_tp_scl_o' is not driven.
[EFX-0256 WARNING] The primary output port 'lcd_tp_scl_oe' wire 'lcd_tp_scl_oe' is not driven.
[EFX-0256 WARNING] The primary output port 'lcd_tp_int_o' wire 'lcd_tp_int_o' is not driven.
[EFX-0256 WARNING] The primary output port 'lcd_tp_int_oe' wire 'lcd_tp_int_oe' is not driven.
[EFX-0256 WARNING] The primary output port 'lcd_tp_rst_o' wire 'lcd_tp_rst_o' is not driven.
[EFX-0256 WARNING] The primary output port 'lcd_pwm_o' wire 'lcd_pwm_o' is not driven.
[EFX-0256 WARNING] The primary output port 'lcd_blen_o' wire 'lcd_blen_o' is not driven.
[EFX-0256 WARNING] The primary output port 'lcd_vs_o' wire 'lcd_vs_o' is not driven.
[EFX-0256 WARNING] The primary output port 'lcd_hs_o' wire 'lcd_hs_o' is not driven.
[EFX-0256 WARNING] The primary output port 'lcd_de_o' wire 'lcd_de_o' is not driven.
[EFX-0200 WARNING] Removing redundant signal : Shift_Q7_Out[4][7]. (D:\Efinity_Project\Efinity_Project\Ti60F225_OV5640_Face_Reproduction\ip/DdrCtrl\DdrCtrl.sv:2611)
[EFX-0200 WARNING] Removing redundant signal : Shift_Q7_Out[4][6]. (D:\Efinity_Project\Efinity_Project\Ti60F225_OV5640_Face_Reproduction\ip/DdrCtrl\DdrCtrl.sv:2611)
[EFX-0200 WARNING] Removing redundant signal : Shift_Q7_Out[4][5]. (D:\Efinity_Project\Efinity_Project\Ti60F225_OV5640_Face_Reproduction\ip/DdrCtrl\DdrCtrl.sv:2611)
[EFX-0200 WARNING] Removing redundant signal : Shift_Q7_Out[4][4]. (D:\Efinity_Project\Efinity_Project\Ti60F225_OV5640_Face_Reproduction\ip/DdrCtrl\DdrCtrl.sv:2611)
[EFX-0200 WARNING] Removing redundant signal : Shift_Q7_Out[4][3]. (D:\Efinity_Project\Efinity_Project\Ti60F225_OV5640_Face_Reproduction\ip/DdrCtrl\DdrCtrl.sv:2611)
[EFX-0200 WARNING] Removing redundant signal : Shift_Q7_Out[4][2]. (D:\Efinity_Project\Efinity_Project\Ti60F225_OV5640_Face_Reproduction\ip/DdrCtrl\DdrCtrl.sv:2611)
[EFX-0200 WARNING] Removing redundant signal : Shift_Q7_Out[4][1]. (D:\Efinity_Project\Efinity_Project\Ti60F225_OV5640_Face_Reproduction\ip/DdrCtrl\DdrCtrl.sv:2611)
[EFX-0200 WARNING] Removing redundant signal : Shift_Q7_Out[4][0]. (D:\Efinity_Project\Efinity_Project\Ti60F225_OV5640_Face_Reproduction\ip/DdrCtrl\DdrCtrl.sv:2611)
[EFX-0200 WARNING] Removing redundant signal : Shift_Out[7]. (D:\Efinity_Project\Efinity_Project\Ti60F225_OV5640_Face_Reproduction\ip/DdrCtrl\DdrCtrl.sv:2611)
[EFX-0200 WARNING] Removing redundant signal : Shift_Out[6]. (D:\Efinity_Project\Efinity_Project\Ti60F225_OV5640_Face_Reproduction\ip/DdrCtrl\DdrCtrl.sv:2611)
[EFX-0200 WARNING] Removing redundant signal : Shift_Out[5]. (D:\Efinity_Project\Efinity_Project\Ti60F225_OV5640_Face_Reproduction\ip/DdrCtrl\DdrCtrl.sv:2611)
[EFX-0200 WARNING] Removing redundant signal : Shift_Out[4]. (D:\Efinity_Project\Efinity_Project\Ti60F225_OV5640_Face_Reproduction\ip/DdrCtrl\DdrCtrl.sv:2611)
[EFX-0200 WARNING] Removing redundant signal : Shift_Out[3]. (D:\Efinity_Project\Efinity_Project\Ti60F225_OV5640_Face_Reproduction\ip/DdrCtrl\DdrCtrl.sv:2611)
[EFX-0200 WARNING] Removing redundant signal : Shift_Out[2]. (D:\Efinity_Project\Efinity_Project\Ti60F225_OV5640_Face_Reproduction\ip/DdrCtrl\DdrCtrl.sv:2611)
[EFX-0200 WARNING] Removing redundant signal : Shift_Out[1]. (D:\Efinity_Project\Efinity_Project\Ti60F225_OV5640_Face_Reproduction\ip/DdrCtrl\DdrCtrl.sv:2611)
[EFX-0200 WARNING] Removing redundant signal : Shift_Out[0]. (D:\Efinity_Project\Efinity_Project\Ti60F225_OV5640_Face_Reproduction\ip/DdrCtrl\DdrCtrl.sv:2611)
[EFX-0200 WARNING] Removing redundant signal : Shift_Q7_Out[4][31]. (D:\Efinity_Project\Efinity_Project\Ti60F225_OV5640_Face_Reproduction\ip/DdrCtrl\DdrCtrl.sv:2611)
[EFX-0200 WARNING] Removing redundant signal : Shift_Q7_Out[4][30]. (D:\Efinity_Project\Efinity_Project\Ti60F225_OV5640_Face_Reproduction\ip/DdrCtrl\DdrCtrl.sv:2611)
[EFX-0200 WARNING] Removing redundant signal : Shift_Q7_Out[4][29]. (D:\Efinity_Project\Efinity_Project\Ti60F225_OV5640_Face_Reproduction\ip/DdrCtrl\DdrCtrl.sv:2611)
[EFX-0200 WARNING] Removing redundant signal : Shift_Q7_Out[4][28]. (D:\Efinity_Project\Efinity_Project\Ti60F225_OV5640_Face_Reproduction\ip/DdrCtrl\DdrCtrl.sv:2611)
[EFX-0201 WARNING] Re-wiring to GND non-driven net 'u_efx_fifo_top.a_rst_i'. (D:\Efinity_Project\Efinity_Project\Ti60F225_OV5640_Face_Reproduction\ip/DdrCtrl\DdrCtrl.sv:4817)
[EFX-0201 WARNING] Re-wiring to GND non-driven net 'u_efx_fifo_top.clk_i'. (D:\Efinity_Project\Efinity_Project\Ti60F225_OV5640_Face_Reproduction\ip/DdrCtrl\DdrCtrl.sv:4817)
[EFX-0201 WARNING] Re-wiring to GND non-driven net 'r_rd_fifo_wr_en_p[31]'. (D:\Efinity_Project\Efinity_Project\Ti60F225_OV5640_Face_Reproduction\ip/DdrCtrl\DdrCtrl.sv:1460)
[EFX-0201 WARNING] Re-wiring to GND non-driven net 'r_rd_fifo_wr_en_p[30]'. (D:\Efinity_Project\Efinity_Project\Ti60F225_OV5640_Face_Reproduction\ip/DdrCtrl\DdrCtrl.sv:1460)
[EFX-0201 WARNING] Re-wiring to GND non-driven net 'r_rd_fifo_wr_en_p[29]'. (D:\Efinity_Project\Efinity_Project\Ti60F225_OV5640_Face_Reproduction\ip/DdrCtrl\DdrCtrl.sv:1460)
[EFX-0201 WARNING] Re-wiring to GND non-driven net 'r_rd_fifo_wr_en_p[28]'. (D:\Efinity_Project\Efinity_Project\Ti60F225_OV5640_Face_Reproduction\ip/DdrCtrl\DdrCtrl.sv:1460)
[EFX-0201 WARNING] Re-wiring to GND non-driven net 'r_rd_fifo_wr_en_p[27]'. (D:\Efinity_Project\Efinity_Project\Ti60F225_OV5640_Face_Reproduction\ip/DdrCtrl\DdrCtrl.sv:1460)
[EFX-0201 WARNING] Re-wiring to GND non-driven net 'r_rd_fifo_wr_en_p[26]'. (D:\Efinity_Project\Efinity_Project\Ti60F225_OV5640_Face_Reproduction\ip/DdrCtrl\DdrCtrl.sv:1460)
[EFX-0201 WARNING] Re-wiring to GND non-driven net 'r_rd_fifo_wr_en_p[25]'. (D:\Efinity_Project\Efinity_Project\Ti60F225_OV5640_Face_Reproduction\ip/DdrCtrl\DdrCtrl.sv:1460)
[EFX-0201 WARNING] Re-wiring to GND non-driven net 'r_rd_fifo_wr_en_p[24]'. (D:\Efinity_Project\Efinity_Project\Ti60F225_OV5640_Face_Reproduction\ip/DdrCtrl\DdrCtrl.sv:1460)
[EFX-0011 VERI-WARNING] Input/inout port clk_24m is unconnected and will be removed. (VDB-8003) (D:\Efinity_Project\Efinity_Project\Ti60F225_OV5640_Face_Reproduction\example_top.v:11)
[EFX-0011 VERI-WARNING] Input/inout port clk_25m is unconnected and will be removed. (VDB-8003) (D:\Efinity_Project\Efinity_Project\Ti60F225_OV5640_Face_Reproduction\example_top.v:12)
[EFX-0011 VERI-WARNING] Input/inout port clk_pixel_2x is unconnected and will be removed. (VDB-8003) (D:\Efinity_Project\Efinity_Project\Ti60F225_OV5640_Face_Reproduction\example_top.v:21)
[EFX-0011 VERI-WARNING] Input/inout port clk_pixel_10x is unconnected and will be removed. (VDB-8003) (D:\Efinity_Project\Efinity_Project\Ti60F225_OV5640_Face_Reproduction\example_top.v:22)
[EFX-0011 VERI-WARNING] Input/inout port dsi_refclk_i is unconnected and will be removed. (VDB-8003) (D:\Efinity_Project\Efinity_Project\Ti60F225_OV5640_Face_Reproduction\example_top.v:30)
[EFX-0011 VERI-WARNING] Input/inout port dsi_byteclk_i is unconnected and will be removed. (VDB-8003) (D:\Efinity_Project\Efinity_Project\Ti60F225_OV5640_Face_Reproduction\example_top.v:31)
[EFX-0011 VERI-WARNING] Input/inout port dsi_serclk_i is unconnected and will be removed. (VDB-8003) (D:\Efinity_Project\Efinity_Project\Ti60F225_OV5640_Face_Reproduction\example_top.v:32)
[EFX-0011 VERI-WARNING] Input/inout port dsi_txcclk_i is unconnected and will be removed. (VDB-8003) (D:\Efinity_Project\Efinity_Project\Ti60F225_OV5640_Face_Reproduction\example_top.v:33)
[EFX-0011 VERI-WARNING] Input/inout port clk_lvds_1x is unconnected and will be removed. (VDB-8003) (D:\Efinity_Project\Efinity_Project\Ti60F225_OV5640_Face_Reproduction\example_top.v:60)
[EFX-0011 VERI-WARNING] Input/inout port clk_lvds_7x is unconnected and will be removed. (VDB-8003) (D:\Efinity_Project\Efinity_Project\Ti60F225_OV5640_Face_Reproduction\example_top.v:61)
[EFX-0011 VERI-WARNING] Input/inout port clk_27m is unconnected and will be removed. (VDB-8003) (D:\Efinity_Project\Efinity_Project\Ti60F225_OV5640_Face_Reproduction\example_top.v:62)
[EFX-0011 VERI-WARNING] Input/inout port clk_54m is unconnected and will be removed. (VDB-8003) (D:\Efinity_Project\Efinity_Project\Ti60F225_OV5640_Face_Reproduction\example_top.v:63)
[EFX-0011 VERI-WARNING] Input/inout port i_dqs_n_hi[1] is unconnected and will be removed. (VDB-8003) (D:\Efinity_Project\Efinity_Project\Ti60F225_OV5640_Face_Reproduction\example_top.v:97)
[EFX-0011 VERI-WARNING] Input/inout port i_dqs_n_lo[1] is unconnected and will be removed. (VDB-8003) (D:\Efinity_Project\Efinity_Project\Ti60F225_OV5640_Face_Reproduction\example_top.v:98)
[EFX-0011 VERI-WARNING] Input/inout port csi_ctl0_i is unconnected and will be removed. (VDB-8003) (D:\Efinity_Project\Efinity_Project\Ti60F225_OV5640_Face_Reproduction\example_top.v:121)
[EFX-0011 VERI-WARNING] Input/inout port csi_ctl1_i is unconnected and will be removed. (VDB-8003) (D:\Efinity_Project\Efinity_Project\Ti60F225_OV5640_Face_Reproduction\example_top.v:125)
[EFX-0011 VERI-WARNING] Input/inout port csi_scl_i is unconnected and will be removed. (VDB-8003) (D:\Efinity_Project\Efinity_Project\Ti60F225_OV5640_Face_Reproduction\example_top.v:129)
[EFX-0011 VERI-WARNING] Input/inout port csi_sda_i is unconnected and will be removed. (VDB-8003) (D:\Efinity_Project\Efinity_Project\Ti60F225_OV5640_Face_Reproduction\example_top.v:133)
[EFX-0011 VERI-WARNING] Input/inout port csi_rxc_lp_p_i is unconnected and will be removed. (VDB-8003) (D:\Efinity_Project\Efinity_Project\Ti60F225_OV5640_Face_Reproduction\example_top.v:136)
[EFX-0011 VERI-WARNING] Input/inout port csi_rxc_lp_n_i is unconnected and will be removed. (VDB-8003) (D:\Efinity_Project\Efinity_Project\Ti60F225_OV5640_Face_Reproduction\example_top.v:137)
[EFX-0011 VERI-WARNING] Input/inout port csi_rxc_i is unconnected and will be removed. (VDB-8003) (D:\Efinity_Project\Efinity_Project\Ti60F225_OV5640_Face_Reproduction\example_top.v:140)
[EFX-0011 VERI-WARNING] Input/inout port csi_rxd0_lp_p_i is unconnected and will be removed. (VDB-8003) (D:\Efinity_Project\Efinity_Project\Ti60F225_OV5640_Face_Reproduction\example_top.v:147)
[EFX-0011 VERI-WARNING] Input/inout port csi_rxd0_lp_n_i is unconnected and will be removed. (VDB-8003) (D:\Efinity_Project\Efinity_Project\Ti60F225_OV5640_Face_Reproduction\example_top.v:148)
[EFX-0011 VERI-WARNING] Input/inout port csi_rxd0_hs_i[7] is unconnected and will be removed. (VDB-8003) (D:\Efinity_Project\Efinity_Project\Ti60F225_OV5640_Face_Reproduction\example_top.v:149)
[EFX-0011 VERI-WARNING] Input/inout port csi_rxd1_lp_n_i is unconnected and will be removed. (VDB-8003) (D:\Efinity_Project\Efinity_Project\Ti60F225_OV5640_Face_Reproduction\example_top.v:156)
[EFX-0011 VERI-WARNING] Input/inout port csi_rxd1_lp_p_i is unconnected and will be removed. (VDB-8003) (D:\Efinity_Project\Efinity_Project\Ti60F225_OV5640_Face_Reproduction\example_top.v:157)
[EFX-0011 VERI-WARNING] Input/inout port csi_rxd1_hs_i[7] is unconnected and will be removed. (VDB-8003) (D:\Efinity_Project\Efinity_Project\Ti60F225_OV5640_Face_Reproduction\example_top.v:158)
[EFX-0011 VERI-WARNING] Input/inout port csi_rxd2_lp_p_i is unconnected and will be removed. (VDB-8003) (D:\Efinity_Project\Efinity_Project\Ti60F225_OV5640_Face_Reproduction\example_top.v:165)
[EFX-0011 VERI-WARNING] Input/inout port csi_rxd2_lp_n_i is unconnected and will be removed. (VDB-8003) (D:\Efinity_Project\Efinity_Project\Ti60F225_OV5640_Face_Reproduction\example_top.v:166)
[EFX-0011 VERI-WARNING] Input/inout port csi_rxd2_hs_i[7] is unconnected and will be removed. (VDB-8003) (D:\Efinity_Project\Efinity_Project\Ti60F225_OV5640_Face_Reproduction\example_top.v:167)
[EFX-0011 VERI-WARNING] Input/inout port csi_rxd3_lp_p_i is unconnected and will be removed. (VDB-8003) (D:\Efinity_Project\Efinity_Project\Ti60F225_OV5640_Face_Reproduction\example_top.v:174)
[EFX-0011 VERI-WARNING] Input/inout port csi_rxd3_lp_n_i is unconnected and will be removed. (VDB-8003) (D:\Efinity_Project\Efinity_Project\Ti60F225_OV5640_Face_Reproduction\example_top.v:175)
[EFX-0011 VERI-WARNING] Input/inout port csi_rxd3_hs_i[7] is unconnected and will be removed. (VDB-8003) (D:\Efinity_Project\Efinity_Project\Ti60F225_OV5640_Face_Reproduction\example_top.v:176)
[EFX-0011 VERI-WARNING] Input/inout port dsi_txd0_lp_p_i is unconnected and will be removed. (VDB-8003) (D:\Efinity_Project\Efinity_Project\Ti60F225_OV5640_Face_Reproduction\example_top.v:235)
[EFX-0011 VERI-WARNING] Input/inout port dsi_txd0_lp_n_i is unconnected and will be removed. (VDB-8003) (D:\Efinity_Project\Efinity_Project\Ti60F225_OV5640_Face_Reproduction\example_top.v:236)
[EFX-0011 VERI-WARNING] Input/inout port dsi_txd1_lp_p_i is unconnected and will be removed. (VDB-8003) (D:\Efinity_Project\Efinity_Project\Ti60F225_OV5640_Face_Reproduction\example_top.v:237)
[EFX-0011 VERI-WARNING] Input/inout port dsi_txd1_lp_n_i is unconnected and will be removed. (VDB-8003) (D:\Efinity_Project\Efinity_Project\Ti60F225_OV5640_Face_Reproduction\example_top.v:238)
[EFX-0011 VERI-WARNING] Input/inout port dsi_txd2_lp_p_i is unconnected and will be removed. (VDB-8003) (D:\Efinity_Project\Efinity_Project\Ti60F225_OV5640_Face_Reproduction\example_top.v:239)
[EFX-0011 VERI-WARNING] Input/inout port dsi_txd2_lp_n_i is unconnected and will be removed. (VDB-8003) (D:\Efinity_Project\Efinity_Project\Ti60F225_OV5640_Face_Reproduction\example_top.v:240)
[EFX-0011 VERI-WARNING] Input/inout port dsi_txd3_lp_p_i is unconnected and will be removed. (VDB-8003) (D:\Efinity_Project\Efinity_Project\Ti60F225_OV5640_Face_Reproduction\example_top.v:241)
[EFX-0011 VERI-WARNING] Input/inout port dsi_txd3_lp_n_i is unconnected and will be removed. (VDB-8003) (D:\Efinity_Project\Efinity_Project\Ti60F225_OV5640_Face_Reproduction\example_top.v:242)
[EFX-0011 VERI-WARNING] Input/inout port uart_rx_i is unconnected and will be removed. (VDB-8003) (D:\Efinity_Project\Efinity_Project\Ti60F225_OV5640_Face_Reproduction\example_top.v:247)
[EFX-0011 VERI-WARNING] Input/inout port cmos_sdat_IN is unconnected and will be removed. (VDB-8003) (D:\Efinity_Project\Efinity_Project\Ti60F225_OV5640_Face_Reproduction\example_top.v:257)
[EFX-0011 VERI-WARNING] Input/inout port cmos_ctl1_i is unconnected and will be removed. (VDB-8003) (D:\Efinity_Project\Efinity_Project\Ti60F225_OV5640_Face_Reproduction\example_top.v:269)
[EFX-0011 VERI-WARNING] Input/inout port cmos_ctl2_i is unconnected and will be removed. (VDB-8003) (D:\Efinity_Project\Efinity_Project\Ti60F225_OV5640_Face_Reproduction\example_top.v:272)
[EFX-0011 VERI-WARNING] Input/inout port cmos_ctl3_i is unconnected and will be removed. (VDB-8003) (D:\Efinity_Project\Efinity_Project\Ti60F225_OV5640_Face_Reproduction\example_top.v:275)
[EFX-0011 VERI-WARNING] Input/inout port lcd_tp_sda_i is unconnected and will be removed. (VDB-8003) (D:\Efinity_Project\Efinity_Project\Ti60F225_OV5640_Face_Reproduction\example_top.v:323)
[EFX-0011 VERI-WARNING] Input/inout port lcd_tp_scl_i is unconnected and will be removed. (VDB-8003) (D:\Efinity_Project\Efinity_Project\Ti60F225_OV5640_Face_Reproduction\example_top.v:327)
[EFX-0011 VERI-WARNING] Input/inout port lcd_tp_int_i is unconnected and will be removed. (VDB-8003) (D:\Efinity_Project\Efinity_Project\Ti60F225_OV5640_Face_Reproduction\example_top.v:331)
[EFX-0011 VERI-WARNING] Input/inout port lcd_b7_0_i[7] is unconnected and will be removed. (VDB-8003) (D:\Efinity_Project\Efinity_Project\Ti60F225_OV5640_Face_Reproduction\example_top.v:351)
[EFX-0011 VERI-WARNING] Input/inout port lcd_g7_0_i[7] is unconnected and will be removed. (VDB-8003) (D:\Efinity_Project\Efinity_Project\Ti60F225_OV5640_Face_Reproduction\example_top.v:352)
[EFX-0011 VERI-WARNING] Input/inout port lcd_r7_0_i[7] is unconnected and will be removed. (VDB-8003) (D:\Efinity_Project\Efinity_Project\Ti60F225_OV5640_Face_Reproduction\example_top.v:353)
[EFX-0011 VERI-WARNING] Found 103 warnings in the post-synthesis netlist. 

///////////////////////////////////
// Efinity Synthesis Started 
// Sep 20, 2026 13:48:24
///////////////////////////////////

[EFX-0011 VERI-WARNING] port 'cal_shift_val' remains unconnected for this instance (VERI-1927) (D:\Efinity_Project\Efinity_Project\Ti60F225_OV5640_Face_Reproduction\example_top.v:612)
[EFX-0011 VERI-WARNING] port 'axi_awid' remains unconnected for this instance (VERI-1927) (D:\Efinity_Project\Efinity_Project\Ti60F225_OV5640_Face_Reproduction\example_top.v:960)
[EFX-0011 VERI-WARNING] port 'lcd_xpos' remains unconnected for this instance (VERI-1927) (D:\Efinity_Project\Efinity_Project\Ti60F225_OV5640_Face_Reproduction\example_top.v:991)
[EFX-0011 VERI-WARNING] port 'TMDS_Clk_p' remains unconnected for this instance (VERI-1927) (D:\Efinity_Project\Efinity_Project\Ti60F225_OV5640_Face_Reproduction\example_top.v:1060)
[EFX-0011 VERI-WARNING] expression size 32 truncated to fit in target size 1 (VERI-1209) (D:\Efinity_Project\Efinity_Project\Ti60F225_OV5640_Face_Reproduction\example_top.v:443)
[EFX-0011 VERI-WARNING] port 'wr_busy' remains unconnected for this instance (VERI-1927) (D:\Efinity_Project\Efinity_Project\Ti60F225_OV5640_Face_Reproduction\ip/DdrCtrl\DdrCtrl.sv:184)
[EFX-0011 VERI-WARNING] port 'wr_data' is not connected on this instance (VERI-2435) (D:\Efinity_Project\Efinity_Project\Ti60F225_OV5640_Face_Reproduction\ip/DdrCtrl\DdrCtrl.sv:184)
[EFX-0011 VERI-WARNING] port '**' is not connected on this instance (VERI-2435) (D:\Efinity_Project\Efinity_Project\Ti60F225_OV5640_Face_Reproduction\ip/DdrCtrl\DdrCtrl.sv:2496)
[EFX-0011 VERI-WARNING] expression size ** truncated to fit in target size ** (VERI-1209) (D:\Efinity_Project\Efinity_Project\Ti60F225_OV5640_Face_Reproduction\ip/DdrCtrl\DdrCtrl.sv:2611)
[EFX-0011 VERI-WARNING] actual bit length ** differs from formal bit length *** for port '**' (VERI-1330) (D:\Efinity_Project\Efinity_Project\Ti60F225_OV5640_Face_Reproduction\ip/DdrCtrl\DdrCtrl.sv:2496)
[EFX-0011 VERI-WARNING] expression size ** truncated to fit in target size ** (VERI-1209) (D:\Efinity_Project\Efinity_Project\Ti60F225_OV5640_Face_Reproduction\ip/DdrCtrl\DdrCtrl.sv:2611)
[EFX-0011 VERI-WARNING] expression size ** truncated to fit in target size ** (VERI-1209) (D:\Efinity_Project\Efinity_Project\Ti60F225_OV5640_Face_Reproduction\ip/DdrCtrl\DdrCtrl.sv:2611)
[EFX-0011 VERI-WARNING] actual bit length ** differs from formal bit length *** for port '**' (VERI-1330) (D:\Efinity_Project\Efinity_Project\Ti60F225_OV5640_Face_Reproduction\ip/DdrCtrl\DdrCtrl.sv:2496)
[EFX-0011 VERI-WARNING] port '**' remains unconnected for this instance (VERI-1927) (D:\Efinity_Project\Efinity_Project\Ti60F225_OV5640_Face_Reproduction\ip/DdrCtrl\DdrCtrl.sv:590)
[EFX-0011 VERI-WARNING] actual bit length ** differs from formal bit length *** for port '**' (VERI-1330) (D:\Efinity_Project\Efinity_Project\Ti60F225_OV5640_Face_Reproduction\ip/DdrCtrl\DdrCtrl.sv:590)
[EFX-0011 VERI-WARNING] port '**' remains unconnected for this instance (VERI-1927) (D:\Efinity_Project\Efinity_Project\Ti60F225_OV5640_Face_Reproduction\ip/DdrCtrl\DdrCtrl.sv:1460)
[EFX-0011 VERI-WARNING] port '**' remains unconnected for this instance (VERI-1927) (D:\Efinity_Project\Efinity_Project\Ti60F225_OV5640_Face_Reproduction\ip/DdrCtrl\DdrCtrl.sv:4817)
[EFX-0011 VERI-WARNING] actual bit length ** differs from formal bit length *** for port '**' (VERI-1330) (D:\Efinity_Project\Efinity_Project\Ti60F225_OV5640_Face_Reproduction\ip/DdrCtrl\DdrCtrl.sv:4817)
[EFX-0011 VERI-WARNING] input port '**' is not connected on this instance (VDB-1013) (D:\Efinity_Project\Efinity_Project\Ti60F225_OV5640_Face_Reproduction\ip/DdrCtrl\DdrCtrl.sv:4817)
[EFX-0011 VERI-WARNING] expression size ** truncated to fit in target size ** (VERI-1209) (D:\Efinity_Project\Efinity_Project\Ti60F225_OV5640_Face_Reproduction\ip/DdrCtrl\DdrCtrl.sv:1460)
[EFX-0011 VERI-WARNING] net '**' does not have a driver (VDB-1002) (D:\Efinity_Project\Efinity_Project\Ti60F225_OV5640_Face_Reproduction\ip/DdrCtrl\DdrCtrl.sv:1460)
[EFX-0011 VERI-WARNING] net '**' does not have a driver (VDB-1002) (D:\Efinity_Project\Efinity_Project\Ti60F225_OV5640_Face_Reproduction\ip/DdrCtrl\DdrCtrl.sv:590)
[EFX-0011 VERI-WARNING] input port '**' is not connected on this instance (VDB-1013) (D:\Efinity_Project\Efinity_Project\Ti60F225_OV5640_Face_Reproduction\ip/DdrCtrl\DdrCtrl.sv:590)
[EFX-0011 VERI-WARNING] input port '**' is not connected on this instance (VDB-1013) (D:\Efinity_Project\Efinity_Project\Ti60F225_OV5640_Face_Reproduction\ip/DdrCtrl\DdrCtrl.sv:2496)
[EFX-0011 VERI-WARNING] input port 'wr_data[127]' is not connected on this instance (VDB-1013) (D:\Efinity_Project\Efinity_Project\Ti60F225_OV5640_Face_Reproduction\ip/DdrCtrl\DdrCtrl.sv:117)
[EFX-0011 VERI-WARNING] actual bit length 4 differs from formal bit length 8 for port 'axi_aid' (VERI-1330) (D:\Efinity_Project\Efinity_Project\Ti60F225_OV5640_Face_Reproduction\example_top.v:579)
[EFX-0011 VERI-WARNING] actual bit length 4 differs from formal bit length 8 for port 'axi_wid' (VERI-1330) (D:\Efinity_Project\Efinity_Project\Ti60F225_OV5640_Face_Reproduction\example_top.v:586)
[EFX-0011 VERI-WARNING] actual bit length 4 differs from formal bit length 8 for port 'axi_bid' (VERI-1330) (D:\Efinity_Project\Efinity_Project\Ti60F225_OV5640_Face_Reproduction\example_top.v:595)
[EFX-0011 VERI-WARNING] actual bit length 4 differs from formal bit length 8 for port 'axi_rid' (VERI-1330) (D:\Efinity_Project\Efinity_Project\Ti60F225_OV5640_Face_Reproduction\example_top.v:601)
[EFX-0011 VERI-WARNING] expression size 2 truncated to fit in target size 1 (VERI-1209) (D:\Efinity_Project\Efinity_Project\Ti60F225_OV5640_Face_Reproduction\src\axi\AXI4_AWARMux.v:90)
[EFX-0011 VERI-WARNING] expression size 3 truncated to fit in target size 2 (VERI-1209) (D:\Efinity_Project\Efinity_Project\Ti60F225_OV5640_Face_Reproduction\example_top.v:713)
[EFX-0011 VERI-WARNING] expression size 5 truncated to fit in target size 4 (VERI-1209) (D:\Efinity_Project\Efinity_Project\Ti60F225_OV5640_Face_Reproduction\example_top.v:714)
[EFX-0011 VERI-WARNING] actual bit length 64 differs from formal bit length 8 for port 'image_out_data' (VERI-1330) (D:\Efinity_Project\Efinity_Project\Ti60F225_OV5640_Face_Reproduction\example_top.v:861)
[EFX-0011 VERI-WARNING] expression size 32 truncated to fit in target size 16 (VERI-1209) (D:\Efinity_Project\Efinity_Project\Ti60F225_OV5640_Face_Reproduction\src\axi\axi4_ctrl.v:91)
[EFX-0011 VERI-WARNING] expression size 3 truncated to fit in target size 2 (VERI-1209) (D:\Efinity_Project\Efinity_Project\Ti60F225_OV5640_Face_Reproduction\src\axi\axi4_ctrl.v:113)
[EFX-0011 VERI-WARNING] expression size 3 truncated to fit in target size 2 (VERI-1209) (D:\Efinity_Project\Efinity_Project\Ti60F225_OV5640_Face_Reproduction\src\axi\axi4_ctrl.v:114)
[EFX-0011 VERI-WARNING] expression size 3 truncated to fit in target size 2 (VERI-1209) (D:\Efinity_Project\Efinity_Project\Ti60F225_OV5640_Face_Reproduction\src\axi\axi4_ctrl.v:196)
[EFX-0011 VERI-WARNING] expression size 2 truncated to fit in target size 1 (VERI-1209) (D:\Efinity_Project\Efinity_Project\Ti60F225_OV5640_Face_Reproduction\src\axi\axi4_ctrl.v:238)
[EFX-0011 VERI-WARNING] expression size 23 truncated to fit in target size 22 (VERI-1209) (D:\Efinity_Project\Efinity_Project\Ti60F225_OV5640_Face_Reproduction\src\axi\axi4_ctrl.v:257)
[EFX-0011 VERI-WARNING] port 'a_wr_rst_i' remains unconnected for this instance (VERI-1927) (D:\Efinity_Project\Efinity_Project\Ti60F225_OV5640_Face_Reproduction\ip/W0_FIFO_8\W0_FIFO_8.sv:116)
[EFX-0011 VERI-WARNING] expression size 32 truncated to fit in target size 14 (VERI-1209) (D:\Efinity_Project\Efinity_Project\Ti60F225_OV5640_Face_Reproduction\ip/W0_FIFO_8\W0_FIFO_8.sv:1251)
[EFX-0011 VERI-WARNING] expression size 32 truncated to fit in target size 10 (VERI-1209) (D:\Efinity_Project\Efinity_Project\Ti60F225_OV5640_Face_Reproduction\ip/W0_FIFO_8\W0_FIFO_8.sv:1252)
[EFX-0011 VERI-WARNING] input port 'a_wr_rst_i' is not connected on this instance (VDB-1013) (D:\Efinity_Project\Efinity_Project\Ti60F225_OV5640_Face_Reproduction\ip/W0_FIFO_8\W0_FIFO_8.sv:95)
[EFX-0011 VERI-WARNING] port 'a_wr_rst_i' remains unconnected for this instance (VERI-1927) (D:\Efinity_Project\Efinity_Project\Ti60F225_OV5640_Face_Reproduction\ip/R0_FIFO_16\R0_FIFO_16.sv:116)
[EFX-0011 VERI-WARNING] expression size 32 truncated to fit in target size 10 (VERI-1209) (D:\Efinity_Project\Efinity_Project\Ti60F225_OV5640_Face_Reproduction\ip/R0_FIFO_16\R0_FIFO_16.sv:1236)
[EFX-0011 VERI-WARNING] expression size 32 truncated to fit in target size 13 (VERI-1209) (D:\Efinity_Project\Efinity_Project\Ti60F225_OV5640_Face_Reproduction\ip/R0_FIFO_16\R0_FIFO_16.sv:1237)
[EFX-0011 VERI-WARNING] input port 'a_wr_rst_i' is not connected on this instance (VDB-1013) (D:\Efinity_Project\Efinity_Project\Ti60F225_OV5640_Face_Reproduction\ip/R0_FIFO_16\R0_FIFO_16.sv:95)
[EFX-0011 VERI-WARNING] expression size 17 truncated to fit in target size 16 (VERI-1209) (D:\Efinity_Project\Efinity_Project\Ti60F225_OV5640_Face_Reproduction\src\axi\axi4_ctrl.v:464)
[EFX-0011 VERI-WARNING] expression size 23 truncated to fit in target size 22 (VERI-1209) (D:\Efinity_Project\Efinity_Project\Ti60F225_OV5640_Face_Reproduction\src\axi\axi4_ctrl.v:574)
[EFX-0011 VERI-WARNING] actual bit length 32 differs from formal bit length 4 for port 'axi_bid' (VERI-1330) (D:\Efinity_Project\Efinity_Project\Ti60F225_OV5640_Face_Reproduction\example_top.v:932)
[EFX-0011 VERI-WARNING] actual bit length 32 differs from formal bit length 2 for port 'axi_bresp' (VERI-1330) (D:\Efinity_Project\Efinity_Project\Ti60F225_OV5640_Face_Reproduction\example_top.v:933)
[EFX-0011 VERI-WARNING] actual bit length 32 differs from formal bit length 1 for port 'axi_bvalid' (VERI-1330) (D:\Efinity_Project\Efinity_Project\Ti60F225_OV5640_Face_Reproduction\example_top.v:934)
[EFX-0011 VERI-WARNING] actual bit length 32 differs from formal bit length 2 for port 'axi_rresp' (VERI-1330) (D:\Efinity_Project\Efinity_Project\Ti60F225_OV5640_Face_Reproduction\example_top.v:944)
[EFX-0011 VERI-WARNING] actual bit length 64 differs from formal bit length 8 for port 'wframe_data' (VERI-1330) (D:\Efinity_Project\Efinity_Project\Ti60F225_OV5640_Face_Reproduction\example_top.v:952)
[EFX-0011 VERI-WARNING] actual bit length 8 differs from formal bit length 32 for port 'tp_o' (VERI-1330) (D:\Efinity_Project\Efinity_Project\Ti60F225_OV5640_Face_Reproduction\example_top.v:959)
[EFX-0011 VERI-WARNING] expression size 8 truncated to fit in target size 4 (VERI-1209) (D:\Efinity_Project\Efinity_Project\Ti60F225_OV5640_Face_Reproduction\example_top.v:961)
[EFX-0011 VERI-WARNING] expression size 14 truncated to fit in target size 12 (VERI-1209) (D:\Efinity_Project\Efinity_Project\Ti60F225_OV5640_Face_Reproduction\src\lcd_driver.v:145)
[EFX-0011 VERI-WARNING] actual bit length 24 differs from formal bit length 48 for port 'lcd_data' (VERI-1330) (D:\Efinity_Project\Efinity_Project\Ti60F225_OV5640_Face_Reproduction\example_top.v:990)
[EFX-0011 VERI-WARNING] actual bit length 32 differs from formal bit length 4 for port 'data_island_data' (VERI-1330) (D:\Efinity_Project\Efinity_Project\Ti60F225_OV5640_Face_Reproduction\src\hdmi_ip\rgb2dvi.v:50)
[EFX-0011 VERI-WARNING] actual bit length 4 differs from formal bit length 3 for port 'mode' (VERI-1330) (D:\Efinity_Project\Efinity_Project\Ti60F225_OV5640_Face_Reproduction\src\hdmi_ip\rgb2dvi.v:52)
[EFX-0011 VERI-WARNING] actual bit length 32 differs from formal bit length 4 for port 'data_island_data' (VERI-1330) (D:\Efinity_Project\Efinity_Project\Ti60F225_OV5640_Face_Reproduction\src\hdmi_ip\rgb2dvi.v:58)
[EFX-0011 VERI-WARNING] actual bit length 4 differs from formal bit length 3 for port 'mode' (VERI-1330) (D:\Efinity_Project\Efinity_Project\Ti60F225_OV5640_Face_Reproduction\src\hdmi_ip\rgb2dvi.v:60)
[EFX-0011 VERI-WARNING] actual bit length 32 differs from formal bit length 4 for port 'data_island_data' (VERI-1330) (D:\Efinity_Project\Efinity_Project\Ti60F225_OV5640_Face_Reproduction\src\hdmi_ip\rgb2dvi.v:66)
[EFX-0011 VERI-WARNING] actual bit length 4 differs from formal bit length 3 for port 'mode' (VERI-1330) (D:\Efinity_Project\Efinity_Project\Ti60F225_OV5640_Face_Reproduction\src\hdmi_ip\rgb2dvi.v:68)
[EFX-0011 VERI-WARNING] actual bit length 32 differs from formal bit length 1 for port 'oe_i' (VERI-1330) (D:\Efinity_Project\Efinity_Project\Ti60F225_OV5640_Face_Reproduction\example_top.v:1042)
[EFX-0011 VERI-WARNING] net 'w_dev_index_o[7]' does not have a driver (VDB-1002) (D:\Efinity_Project\Efinity_Project\Ti60F225_OV5640_Face_Reproduction\example_top.v:428)
[EFX-0011 VERI-WARNING] net 'w_dev_cmd_o[7]' does not have a driver (VDB-1002) (D:\Efinity_Project\Efinity_Project\Ti60F225_OV5640_Face_Reproduction\example_top.v:429)
[EFX-0011 VERI-WARNING] net 'w_dev_wdata_o[31]' does not have a driver (VDB-1002) (D:\Efinity_Project\Efinity_Project\Ti60F225_OV5640_Face_Reproduction\example_top.v:430)
[EFX-0011 VERI-WARNING] net 'w_dev_wvalid_o' does not have a driver (VDB-1002) (D:\Efinity_Project\Efinity_Project\Ti60F225_OV5640_Face_Reproduction\example_top.v:431)
[EFX-0011 VERI-WARNING] net 'w_spi_ssn_o' does not have a driver (VDB-1002) (D:\Efinity_Project\Efinity_Project\Ti60F225_OV5640_Face_Reproduction\example_top.v:435)
[EFX-0011 VERI-WARNING] net 'w_spi_data_o[3]' does not have a driver (VDB-1002) (D:\Efinity_Project\Efinity_Project\Ti60F225_OV5640_Face_Reproduction\example_top.v:436)
[EFX-0011 VERI-WARNING] net 'w_lcd_b_o[7]' does not have a driver (VDB-1002) (D:\Efinity_Project\Efinity_Project\Ti60F225_OV5640_Face_Reproduction\example_top.v:453)
[EFX-0011 VERI-WARNING] input port 'SerialClk' is not connected on this instance (VDB-1013) (D:\Efinity_Project\Efinity_Project\Ti60F225_OV5640_Face_Reproduction\example_top.v:1035)
[EFX-0256 WARNING] The primary output port 'csi_ctl0_o' wire 'csi_ctl0_o' is not driven.
[EFX-0256 WARNING] The primary output port 'csi_ctl1_o' wire 'csi_ctl1_o' is not driven.
[EFX-0256 WARNING] The primary output port 'csi_scl_o' wire 'csi_scl_o' is not driven.
[EFX-0256 WARNING] The primary output port 'csi_scl_oe' wire 'csi_scl_oe' is not driven.
[EFX-0256 WARNING] The primary output port 'csi_sda_o' wire 'csi_sda_o' is not driven.
[EFX-0256 WARNING] The primary output port 'csi_sda_oe' wire 'csi_sda_oe' is not driven.
[EFX-0256 WARNING] The primary output port 'csi_rxc_hs_en_o' wire 'csi_rxc_hs_en_o' is not driven.
[EFX-0256 WARNING] The primary output port 'csi_rxc_hs_term_en_o' wire 'csi_rxc_hs_term_en_o' is not driven.
[EFX-0256 WARNING] The primary output port 'csi_rxd0_rst_o' wire 'csi_rxd0_rst_o' is not driven.
[EFX-0256 WARNING] The primary output port 'csi_rxd0_hs_en_o' wire 'csi_rxd0_hs_en_o' is not driven.
[EFX-0256 WARNING] The primary output port 'csi_rxd0_hs_term_en_o' wire 'csi_rxd0_hs_term_en_o' is not driven.
[EFX-0256 WARNING] The primary output port 'csi_rxd1_rst_o' wire 'csi_rxd1_rst_o' is not driven.
[EFX-0256 WARNING] The primary output port 'csi_rxd1_hs_en_o' wire 'csi_rxd1_hs_en_o' is not driven.
[EFX-0256 WARNING] The primary output port 'csi_rxd1_hs_term_en_o' wire 'csi_rxd1_hs_term_en_o' is not driven.
[EFX-0256 WARNING] The primary output port 'csi_rxd2_rst_o' wire 'csi_rxd2_rst_o' is not driven.
[EFX-0256 WARNING] The primary output port 'csi_rxd2_hs_en_o' wire 'csi_rxd2_hs_en_o' is not driven.
[EFX-0256 WARNING] The primary output port 'csi_rxd2_hs_term_en_o' wire 'csi_rxd2_hs_term_en_o' is not driven.
[EFX-0256 WARNING] The primary output port 'csi_rxd3_rst_o' wire 'csi_rxd3_rst_o' is not driven.
[EFX-0256 WARNING] The primary output port 'csi_rxd3_hs_en_o' wire 'csi_rxd3_hs_en_o' is not driven.
[EFX-0256 WARNING] The primary output port 'csi_rxd3_hs_term_en_o' wire 'csi_rxd3_hs_term_en_o' is not driven.
[EFX-0256 WARNING] The primary output port 'dsi_txc_rst_o' wire 'dsi_txc_rst_o' is not driven.
[EFX-0256 WARNING] The primary output port 'dsi_txc_lp_p_oe' wire 'dsi_txc_lp_p_oe' is not driven.
[EFX-0256 WARNING] The primary output port 'dsi_txc_lp_p_o' wire 'dsi_txc_lp_p_o' is not driven.
[EFX-0256 WARNING] The primary output port 'dsi_txc_lp_n_oe' wire 'dsi_txc_lp_n_oe' is not driven.
[EFX-0256 WARNING] The primary output port 'dsi_txc_lp_n_o' wire 'dsi_txc_lp_n_o' is not driven.
[EFX-0256 WARNING] The primary output port 'dsi_txc_hs_oe' wire 'dsi_txc_hs_oe' is not driven.
[EFX-0256 WARNING] The primary output port 'dsi_txc_hs_o[7]' wire 'dsi_txc_hs_o[7]' is not driven.
[EFX-0256 WARNING] The primary output port 'dsi_txc_hs_o[6]' wire 'dsi_txc_hs_o[6]' is not driven.
[EFX-0256 WARNING] The primary output port 'dsi_txc_hs_o[5]' wire 'dsi_txc_hs_o[5]' is not driven.
[EFX-0256 WARNING] The primary output port 'dsi_txc_hs_o[4]' wire 'dsi_txc_hs_o[4]' is not driven.
[EFX-0256 WARNING] The primary output port 'dsi_txc_hs_o[3]' wire 'dsi_txc_hs_o[3]' is not driven.
[EFX-0256 WARNING] The primary output port 'dsi_txc_hs_o[2]' wire 'dsi_txc_hs_o[2]' is not driven.
[EFX-0256 WARNING] The primary output port 'dsi_txc_hs_o[1]' wire 'dsi_txc_hs_o[1]' is not driven.
[EFX-0256 WARNING] The primary output port 'dsi_txc_hs_o[0]' wire 'dsi_txc_hs_o[0]' is not driven.
[EFX-0256 WARNING] The primary output port 'dsi_txd0_rst_o' wire 'dsi_txd0_rst_o' is not driven.
[EFX-0256 WARNING] The primary output port 'dsi_txd0_hs_oe' wire 'dsi_txd0_hs_oe' is not driven.
[EFX-0256 WARNING] The primary output port 'dsi_txd0_hs_o[7]' wire 'dsi_txd0_hs_o[7]' is not driven.
[EFX-0256 WARNING] The primary output port 'dsi_txd0_hs_o[6]' wire 'dsi_txd0_hs_o[6]' is not driven.
[EFX-0256 WARNING] The primary output port 'dsi_txd0_hs_o[5]' wire 'dsi_txd0_hs_o[5]' is not driven.
[EFX-0256 WARNING] The primary output port 'dsi_txd0_hs_o[4]' wire 'dsi_txd0_hs_o[4]' is not driven.
[EFX-0256 WARNING] The primary output port 'dsi_txd0_hs_o[3]' wire 'dsi_txd0_hs_o[3]' is not driven.
[EFX-0256 WARNING] The primary output port 'dsi_txd0_hs_o[2]' wire 'dsi_txd0_hs_o[2]' is not driven.
[EFX-0256 WARNING] The primary output port 'dsi_txd0_hs_o[1]' wire 'dsi_txd0_hs_o[1]' is not driven.
[EFX-0256 WARNING] The primary output port 'dsi_txd0_hs_o[0]' wire 'dsi_txd0_hs_o[0]' is not driven.
[EFX-0256 WARNING] The primary output port 'dsi_txd0_lp_p_oe' wire 'dsi_txd0_lp_p_oe' is not driven.
[EFX-0256 WARNING] The primary output port 'dsi_txd0_lp_p_o' wire 'dsi_txd0_lp_p_o' is not driven.
[EFX-0256 WARNING] The primary output port 'dsi_txd0_lp_n_oe' wire 'dsi_txd0_lp_n_oe' is not driven.
[EFX-0256 WARNING] The primary output port 'dsi_txd0_lp_n_o' wire 'dsi_txd0_lp_n_o' is not driven.
[EFX-0256 WARNING] The primary output port 'dsi_txd1_rst_o' wire 'dsi_txd1_rst_o' is not driven.
[EFX-0256 WARNING] The primary output port 'dsi_txd1_lp_p_oe' wire 'dsi_txd1_lp_p_oe' is not driven.
[EFX-0256 WARNING] The primary output port 'dsi_txd1_lp_p_o' wire 'dsi_txd1_lp_p_o' is not driven.
[EFX-0256 WARNING] The primary output port 'dsi_txd1_lp_n_oe' wire 'dsi_txd1_lp_n_oe' is not driven.
[EFX-0256 WARNING] The primary output port 'dsi_txd1_lp_n_o' wire 'dsi_txd1_lp_n_o' is not driven.
[EFX-0256 WARNING] The primary output port 'dsi_txd1_hs_oe' wire 'dsi_txd1_hs_oe' is not driven.
[EFX-0256 WARNING] The primary output port 'dsi_txd1_hs_o[7]' wire 'dsi_txd1_hs_o[7]' is not driven.
[EFX-0256 WARNING] The primary output port 'dsi_txd1_hs_o[6]' wire 'dsi_txd1_hs_o[6]' is not driven.
[EFX-0256 WARNING] The primary output port 'dsi_txd1_hs_o[5]' wire 'dsi_txd1_hs_o[5]' is not driven.
[EFX-0256 WARNING] The primary output port 'dsi_txd1_hs_o[4]' wire 'dsi_txd1_hs_o[4]' is not driven.
[EFX-0256 WARNING] The primary output port 'dsi_txd1_hs_o[3]' wire 'dsi_txd1_hs_o[3]' is not driven.
[EFX-0256 WARNING] The primary output port 'dsi_txd1_hs_o[2]' wire 'dsi_txd1_hs_o[2]' is not driven.
[EFX-0256 WARNING] The primary output port 'dsi_txd1_hs_o[1]' wire 'dsi_txd1_hs_o[1]' is not driven.
[EFX-0256 WARNING] The primary output port 'dsi_txd1_hs_o[0]' wire 'dsi_txd1_hs_o[0]' is not driven.
[EFX-0256 WARNING] The primary output port 'dsi_txd2_rst_o' wire 'dsi_txd2_rst_o' is not driven.
[EFX-0256 WARNING] The primary output port 'dsi_txd2_lp_p_oe' wire 'dsi_txd2_lp_p_oe' is not driven.
[EFX-0256 WARNING] The primary output port 'dsi_txd2_lp_p_o' wire 'dsi_txd2_lp_p_o' is not driven.
[EFX-0256 WARNING] The primary output port 'dsi_txd2_lp_n_oe' wire 'dsi_txd2_lp_n_oe' is not driven.
[EFX-0256 WARNING] The primary output port 'dsi_txd2_lp_n_o' wire 'dsi_txd2_lp_n_o' is not driven.
[EFX-0256 WARNING] The primary output port 'dsi_txd2_hs_oe' wire 'dsi_txd2_hs_oe' is not driven.
[EFX-0256 WARNING] The primary output port 'dsi_txd2_hs_o[7]' wire 'dsi_txd2_hs_o[7]' is not driven.
[EFX-0256 WARNING] The primary output port 'dsi_txd2_hs_o[6]' wire 'dsi_txd2_hs_o[6]' is not driven.
[EFX-0256 WARNING] The primary output port 'dsi_txd2_hs_o[5]' wire 'dsi_txd2_hs_o[5]' is not driven.
[EFX-0256 WARNING] The primary output port 'dsi_txd2_hs_o[4]' wire 'dsi_txd2_hs_o[4]' is not driven.
[EFX-0256 WARNING] The primary output port 'dsi_txd2_hs_o[3]' wire 'dsi_txd2_hs_o[3]' is not driven.
[EFX-0256 WARNING] The primary output port 'dsi_txd2_hs_o[2]' wire 'dsi_txd2_hs_o[2]' is not driven.
[EFX-0256 WARNING] The primary output port 'dsi_txd2_hs_o[1]' wire 'dsi_txd2_hs_o[1]' is not driven.
[EFX-0256 WARNING] The primary output port 'dsi_txd2_hs_o[0]' wire 'dsi_txd2_hs_o[0]' is not driven.
[EFX-0256 WARNING] The primary output port 'dsi_txd3_rst_o' wire 'dsi_txd3_rst_o' is not driven.
[EFX-0256 WARNING] The primary output port 'dsi_txd3_lp_p_oe' wire 'dsi_txd3_lp_p_oe' is not driven.
[EFX-0256 WARNING] The primary output port 'dsi_txd3_lp_p_o' wire 'dsi_txd3_lp_p_o' is not driven.
[EFX-0256 WARNING] The primary output port 'dsi_txd3_lp_n_oe' wire 'dsi_txd3_lp_n_oe' is not driven.
[EFX-0256 WARNING] The primary output port 'dsi_txd3_lp_n_o' wire 'dsi_txd3_lp_n_o' is not driven.
[EFX-0256 WARNING] The primary output port 'dsi_txd3_hs_oe' wire 'dsi_txd3_hs_oe' is not driven.
[EFX-0256 WARNING] The primary output port 'dsi_txd3_hs_o[7]' wire 'dsi_txd3_hs_o[7]' is not driven.
[EFX-0256 WARNING] The primary output port 'dsi_txd3_hs_o[6]' wire 'dsi_txd3_hs_o[6]' is not driven.
[EFX-0256 WARNING] The primary output port 'dsi_txd3_hs_o[5]' wire 'dsi_txd3_hs_o[5]' is not driven.
[EFX-0256 WARNING] The primary output port 'dsi_txd3_hs_o[4]' wire 'dsi_txd3_hs_o[4]' is not driven.
[EFX-0256 WARNING] The primary output port 'dsi_txd3_hs_o[3]' wire 'dsi_txd3_hs_o[3]' is not driven.
[EFX-0256 WARNING] The primary output port 'dsi_txd3_hs_o[2]' wire 'dsi_txd3_hs_o[2]' is not driven.
[EFX-0256 WARNING] The primary output port 'dsi_txd3_hs_o[1]' wire 'dsi_txd3_hs_o[1]' is not driven.
[EFX-0256 WARNING] The primary output port 'dsi_txd3_hs_o[0]' wire 'dsi_txd3_hs_o[0]' is not driven.
[EFX-0256 WARNING] The primary output port 'uart_tx_o' wire 'uart_tx_o' is not driven.
[EFX-0256 WARNING] The primary output port 'led_o[4]' wire 'led_o[4]' is not driven.
[EFX-0256 WARNING] The primary output port 'lvds_txc_oe' wire 'lvds_txc_oe' is not driven.
[EFX-0256 WARNING] The primary output port 'lvds_txc_o[6]' wire 'lvds_txc_o[6]' is not driven.
[EFX-0256 WARNING] The primary output port 'lvds_txc_o[5]' wire 'lvds_txc_o[5]' is not driven.
[EFX-0256 WARNING] The primary output port 'lvds_txc_o[4]' wire 'lvds_txc_o[4]' is not driven.
[EFX-0256 WARNING] The primary output port 'lvds_txc_o[3]' wire 'lvds_txc_o[3]' is not driven.
[EFX-0256 WARNING] The primary output port 'lvds_txc_o[2]' wire 'lvds_txc_o[2]' is not driven.
[EFX-0256 WARNING] The primary output port 'lvds_txc_o[1]' wire 'lvds_txc_o[1]' is not driven.
[EFX-0256 WARNING] The primary output port 'lvds_txc_o[0]' wire 'lvds_txc_o[0]' is not driven.
[EFX-0256 WARNING] The primary output port 'lvds_txc_rst_o' wire 'lvds_txc_rst_o' is not driven.
[EFX-0256 WARNING] The primary output port 'lvds_txd0_oe' wire 'lvds_txd0_oe' is not driven.
[EFX-0256 WARNING] The primary output port 'lvds_txd0_o[6]' wire 'lvds_txd0_o[6]' is not driven.
[EFX-0256 WARNING] The primary output port 'lvds_txd0_o[5]' wire 'lvds_txd0_o[5]' is not driven.
[EFX-0256 WARNING] The primary output port 'lvds_txd0_o[4]' wire 'lvds_txd0_o[4]' is not driven.
[EFX-0256 WARNING] The primary output port 'lvds_txd0_o[3]' wire 'lvds_txd0_o[3]' is not driven.
[EFX-0256 WARNING] The primary output port 'lvds_txd0_o[2]' wire 'lvds_txd0_o[2]' is not driven.
[EFX-0256 WARNING] The primary output port 'lvds_txd0_o[1]' wire 'lvds_txd0_o[1]' is not driven.
[EFX-0256 WARNING] The primary output port 'lvds_txd0_o[0]' wire 'lvds_txd0_o[0]' is not driven.
[EFX-0256 WARNING] The primary output port 'lvds_txd0_rst_o' wire 'lvds_txd0_rst_o' is not driven.
[EFX-0256 WARNING] The primary output port 'lvds_txd1_oe' wire 'lvds_txd1_oe' is not driven.
[EFX-0256 WARNING] The primary output port 'lvds_txd1_o[6]' wire 'lvds_txd1_o[6]' is not driven.
[EFX-0256 WARNING] The primary output port 'lvds_txd1_o[5]' wire 'lvds_txd1_o[5]' is not driven.
[EFX-0256 WARNING] The primary output port 'lvds_txd1_o[4]' wire 'lvds_txd1_o[4]' is not driven.
[EFX-0256 WARNING] The primary output port 'lvds_txd1_o[3]' wire 'lvds_txd1_o[3]' is not driven.
[EFX-0256 WARNING] The primary output port 'lvds_txd1_o[2]' wire 'lvds_txd1_o[2]' is not driven.
[EFX-0256 WARNING] The primary output port 'lvds_txd1_o[1]' wire 'lvds_txd1_o[1]' is not driven.
[EFX-0256 WARNING] The primary output port 'lvds_txd1_o[0]' wire 'lvds_txd1_o[0]' is not driven.
[EFX-0256 WARNING] The primary output port 'lvds_txd1_rst_o' wire 'lvds_txd1_rst_o' is not driven.
[EFX-0256 WARNING] The primary output port 'lvds_txd2_oe' wire 'lvds_txd2_oe' is not driven.
[EFX-0256 WARNING] The primary output port 'lvds_txd2_o[6]' wire 'lvds_txd2_o[6]' is not driven.
[EFX-0256 WARNING] The primary output port 'lvds_txd2_o[5]' wire 'lvds_txd2_o[5]' is not driven.
[EFX-0256 WARNING] The primary output port 'lvds_txd2_o[4]' wire 'lvds_txd2_o[4]' is not driven.
[EFX-0256 WARNING] The primary output port 'lvds_txd2_o[3]' wire 'lvds_txd2_o[3]' is not driven.
[EFX-0256 WARNING] The primary output port 'lvds_txd2_o[2]' wire 'lvds_txd2_o[2]' is not driven.
[EFX-0256 WARNING] The primary output port 'lvds_txd2_o[1]' wire 'lvds_txd2_o[1]' is not driven.
[EFX-0256 WARNING] The primary output port 'lvds_txd2_o[0]' wire 'lvds_txd2_o[0]' is not driven.
[EFX-0256 WARNING] The primary output port 'lvds_txd2_rst_o' wire 'lvds_txd2_rst_o' is not driven.
[EFX-0256 WARNING] The primary output port 'lvds_txd3_oe' wire 'lvds_txd3_oe' is not driven.
[EFX-0256 WARNING] The primary output port 'lvds_txd3_o[6]' wire 'lvds_txd3_o[6]' is not driven.
[EFX-0256 WARNING] The primary output port 'lvds_txd3_o[5]' wire 'lvds_txd3_o[5]' is not driven.
[EFX-0256 WARNING] The primary output port 'lvds_txd3_o[4]' wire 'lvds_txd3_o[4]' is not driven.
[EFX-0256 WARNING] The primary output port 'lvds_txd3_o[3]' wire 'lvds_txd3_o[3]' is not driven.
[EFX-0256 WARNING] The primary output port 'lvds_txd3_o[2]' wire 'lvds_txd3_o[2]' is not driven.
[EFX-0256 WARNING] The primary output port 'lvds_txd3_o[1]' wire 'lvds_txd3_o[1]' is not driven.
[EFX-0256 WARNING] The primary output port 'lvds_txd3_o[0]' wire 'lvds_txd3_o[0]' is not driven.
[EFX-0256 WARNING] The primary output port 'lvds_txd3_rst_o' wire 'lvds_txd3_rst_o' is not driven.
[EFX-0256 WARNING] The primary output port 'lcd_tp_sda_o' wire 'lcd_tp_sda_o' is not driven.
[EFX-0256 WARNING] The primary output port 'lcd_tp_sda_oe' wire 'lcd_tp_sda_oe' is not driven.
[EFX-0256 WARNING] The primary output port 'lcd_tp_scl_o' wire 'lcd_tp_scl_o' is not driven.
[EFX-0256 WARNING] The primary output port 'lcd_tp_scl_oe' wire 'lcd_tp_scl_oe' is not driven.
[EFX-0256 WARNING] The primary output port 'lcd_tp_int_o' wire 'lcd_tp_int_o' is not driven.
[EFX-0256 WARNING] The primary output port 'lcd_tp_int_oe' wire 'lcd_tp_int_oe' is not driven.
[EFX-0256 WARNING] The primary output port 'lcd_tp_rst_o' wire 'lcd_tp_rst_o' is not driven.
[EFX-0256 WARNING] The primary output port 'lcd_pwm_o' wire 'lcd_pwm_o' is not driven.
[EFX-0256 WARNING] The primary output port 'lcd_blen_o' wire 'lcd_blen_o' is not driven.
[EFX-0256 WARNING] The primary output port 'lcd_vs_o' wire 'lcd_vs_o' is not driven.
[EFX-0256 WARNING] The primary output port 'lcd_hs_o' wire 'lcd_hs_o' is not driven.
[EFX-0256 WARNING] The primary output port 'lcd_de_o' wire 'lcd_de_o' is not driven.
[EFX-0200 WARNING] Removing redundant signal : Shift_Q7_Out[4][7]. (D:\Efinity_Project\Efinity_Project\Ti60F225_OV5640_Face_Reproduction\ip/DdrCtrl\DdrCtrl.sv:2611)
[EFX-0200 WARNING] Removing redundant signal : Shift_Q7_Out[4][6]. (D:\Efinity_Project\Efinity_Project\Ti60F225_OV5640_Face_Reproduction\ip/DdrCtrl\DdrCtrl.sv:2611)
[EFX-0200 WARNING] Removing redundant signal : Shift_Q7_Out[4][5]. (D:\Efinity_Project\Efinity_Project\Ti60F225_OV5640_Face_Reproduction\ip/DdrCtrl\DdrCtrl.sv:2611)
[EFX-0200 WARNING] Removing redundant signal : Shift_Q7_Out[4][4]. (D:\Efinity_Project\Efinity_Project\Ti60F225_OV5640_Face_Reproduction\ip/DdrCtrl\DdrCtrl.sv:2611)
[EFX-0200 WARNING] Removing redundant signal : Shift_Q7_Out[4][3]. (D:\Efinity_Project\Efinity_Project\Ti60F225_OV5640_Face_Reproduction\ip/DdrCtrl\DdrCtrl.sv:2611)
[EFX-0200 WARNING] Removing redundant signal : Shift_Q7_Out[4][2]. (D:\Efinity_Project\Efinity_Project\Ti60F225_OV5640_Face_Reproduction\ip/DdrCtrl\DdrCtrl.sv:2611)
[EFX-0200 WARNING] Removing redundant signal : Shift_Q7_Out[4][1]. (D:\Efinity_Project\Efinity_Project\Ti60F225_OV5640_Face_Reproduction\ip/DdrCtrl\DdrCtrl.sv:2611)
[EFX-0200 WARNING] Removing redundant signal : Shift_Q7_Out[4][0]. (D:\Efinity_Project\Efinity_Project\Ti60F225_OV5640_Face_Reproduction\ip/DdrCtrl\DdrCtrl.sv:2611)
[EFX-0200 WARNING] Removing redundant signal : Shift_Out[7]. (D:\Efinity_Project\Efinity_Project\Ti60F225_OV5640_Face_Reproduction\ip/DdrCtrl\DdrCtrl.sv:2611)
[EFX-0200 WARNING] Removing redundant signal : Shift_Out[6]. (D:\Efinity_Project\Efinity_Project\Ti60F225_OV5640_Face_Reproduction\ip/DdrCtrl\DdrCtrl.sv:2611)
[EFX-0200 WARNING] Removing redundant signal : Shift_Out[5]. (D:\Efinity_Project\Efinity_Project\Ti60F225_OV5640_Face_Reproduction\ip/DdrCtrl\DdrCtrl.sv:2611)
[EFX-0200 WARNING] Removing redundant signal : Shift_Out[4]. (D:\Efinity_Project\Efinity_Project\Ti60F225_OV5640_Face_Reproduction\ip/DdrCtrl\DdrCtrl.sv:2611)
[EFX-0200 WARNING] Removing redundant signal : Shift_Out[3]. (D:\Efinity_Project\Efinity_Project\Ti60F225_OV5640_Face_Reproduction\ip/DdrCtrl\DdrCtrl.sv:2611)
[EFX-0200 WARNING] Removing redundant signal : Shift_Out[2]. (D:\Efinity_Project\Efinity_Project\Ti60F225_OV5640_Face_Reproduction\ip/DdrCtrl\DdrCtrl.sv:2611)
[EFX-0200 WARNING] Removing redundant signal : Shift_Out[1]. (D:\Efinity_Project\Efinity_Project\Ti60F225_OV5640_Face_Reproduction\ip/DdrCtrl\DdrCtrl.sv:2611)
[EFX-0200 WARNING] Removing redundant signal : Shift_Out[0]. (D:\Efinity_Project\Efinity_Project\Ti60F225_OV5640_Face_Reproduction\ip/DdrCtrl\DdrCtrl.sv:2611)
[EFX-0200 WARNING] Removing redundant signal : Shift_Q7_Out[4][31]. (D:\Efinity_Project\Efinity_Project\Ti60F225_OV5640_Face_Reproduction\ip/DdrCtrl\DdrCtrl.sv:2611)
[EFX-0200 WARNING] Removing redundant signal : Shift_Q7_Out[4][30]. (D:\Efinity_Project\Efinity_Project\Ti60F225_OV5640_Face_Reproduction\ip/DdrCtrl\DdrCtrl.sv:2611)
[EFX-0200 WARNING] Removing redundant signal : Shift_Q7_Out[4][29]. (D:\Efinity_Project\Efinity_Project\Ti60F225_OV5640_Face_Reproduction\ip/DdrCtrl\DdrCtrl.sv:2611)
[EFX-0200 WARNING] Removing redundant signal : Shift_Q7_Out[4][28]. (D:\Efinity_Project\Efinity_Project\Ti60F225_OV5640_Face_Reproduction\ip/DdrCtrl\DdrCtrl.sv:2611)
[EFX-0201 WARNING] Re-wiring to GND non-driven net 'u_efx_fifo_top.a_rst_i'. (D:\Efinity_Project\Efinity_Project\Ti60F225_OV5640_Face_Reproduction\ip/DdrCtrl\DdrCtrl.sv:4817)
[EFX-0201 WARNING] Re-wiring to GND non-driven net 'u_efx_fifo_top.clk_i'. (D:\Efinity_Project\Efinity_Project\Ti60F225_OV5640_Face_Reproduction\ip/DdrCtrl\DdrCtrl.sv:4817)
[EFX-0201 WARNING] Re-wiring to GND non-driven net 'r_rd_fifo_wr_en_p[31]'. (D:\Efinity_Project\Efinity_Project\Ti60F225_OV5640_Face_Reproduction\ip/DdrCtrl\DdrCtrl.sv:1460)
[EFX-0201 WARNING] Re-wiring to GND non-driven net 'r_rd_fifo_wr_en_p[30]'. (D:\Efinity_Project\Efinity_Project\Ti60F225_OV5640_Face_Reproduction\ip/DdrCtrl\DdrCtrl.sv:1460)
[EFX-0201 WARNING] Re-wiring to GND non-driven net 'r_rd_fifo_wr_en_p[29]'. (D:\Efinity_Project\Efinity_Project\Ti60F225_OV5640_Face_Reproduction\ip/DdrCtrl\DdrCtrl.sv:1460)
[EFX-0201 WARNING] Re-wiring to GND non-driven net 'r_rd_fifo_wr_en_p[28]'. (D:\Efinity_Project\Efinity_Project\Ti60F225_OV5640_Face_Reproduction\ip/DdrCtrl\DdrCtrl.sv:1460)
[EFX-0201 WARNING] Re-wiring to GND non-driven net 'r_rd_fifo_wr_en_p[27]'. (D:\Efinity_Project\Efinity_Project\Ti60F225_OV5640_Face_Reproduction\ip/DdrCtrl\DdrCtrl.sv:1460)
[EFX-0201 WARNING] Re-wiring to GND non-driven net 'r_rd_fifo_wr_en_p[26]'. (D:\Efinity_Project\Efinity_Project\Ti60F225_OV5640_Face_Reproduction\ip/DdrCtrl\DdrCtrl.sv:1460)
[EFX-0201 WARNING] Re-wiring to GND non-driven net 'r_rd_fifo_wr_en_p[25]'. (D:\Efinity_Project\Efinity_Project\Ti60F225_OV5640_Face_Reproduction\ip/DdrCtrl\DdrCtrl.sv:1460)
[EFX-0201 WARNING] Re-wiring to GND non-driven net 'r_rd_fifo_wr_en_p[24]'. (D:\Efinity_Project\Efinity_Project\Ti60F225_OV5640_Face_Reproduction\ip/DdrCtrl\DdrCtrl.sv:1460)
[EFX-0011 VERI-WARNING] Input/inout port clk_24m is unconnected and will be removed. (VDB-8003) (D:\Efinity_Project\Efinity_Project\Ti60F225_OV5640_Face_Reproduction\example_top.v:11)
[EFX-0011 VERI-WARNING] Input/inout port clk_25m is unconnected and will be removed. (VDB-8003) (D:\Efinity_Project\Efinity_Project\Ti60F225_OV5640_Face_Reproduction\example_top.v:12)
[EFX-0011 VERI-WARNING] Input/inout port clk_pixel_2x is unconnected and will be removed. (VDB-8003) (D:\Efinity_Project\Efinity_Project\Ti60F225_OV5640_Face_Reproduction\example_top.v:21)
[EFX-0011 VERI-WARNING] Input/inout port clk_pixel_10x is unconnected and will be removed. (VDB-8003) (D:\Efinity_Project\Efinity_Project\Ti60F225_OV5640_Face_Reproduction\example_top.v:22)
[EFX-0011 VERI-WARNING] Input/inout port dsi_refclk_i is unconnected and will be removed. (VDB-8003) (D:\Efinity_Project\Efinity_Project\Ti60F225_OV5640_Face_Reproduction\example_top.v:30)
[EFX-0011 VERI-WARNING] Input/inout port dsi_byteclk_i is unconnected and will be removed. (VDB-8003) (D:\Efinity_Project\Efinity_Project\Ti60F225_OV5640_Face_Reproduction\example_top.v:31)
[EFX-0011 VERI-WARNING] Input/inout port dsi_serclk_i is unconnected and will be removed. (VDB-8003) (D:\Efinity_Project\Efinity_Project\Ti60F225_OV5640_Face_Reproduction\example_top.v:32)
[EFX-0011 VERI-WARNING] Input/inout port dsi_txcclk_i is unconnected and will be removed. (VDB-8003) (D:\Efinity_Project\Efinity_Project\Ti60F225_OV5640_Face_Reproduction\example_top.v:33)
[EFX-0011 VERI-WARNING] Input/inout port clk_lvds_1x is unconnected and will be removed. (VDB-8003) (D:\Efinity_Project\Efinity_Project\Ti60F225_OV5640_Face_Reproduction\example_top.v:60)
[EFX-0011 VERI-WARNING] Input/inout port clk_lvds_7x is unconnected and will be removed. (VDB-8003) (D:\Efinity_Project\Efinity_Project\Ti60F225_OV5640_Face_Reproduction\example_top.v:61)
[EFX-0011 VERI-WARNING] Input/inout port clk_27m is unconnected and will be removed. (VDB-8003) (D:\Efinity_Project\Efinity_Project\Ti60F225_OV5640_Face_Reproduction\example_top.v:62)
[EFX-0011 VERI-WARNING] Input/inout port clk_54m is unconnected and will be removed. (VDB-8003) (D:\Efinity_Project\Efinity_Project\Ti60F225_OV5640_Face_Reproduction\example_top.v:63)
[EFX-0011 VERI-WARNING] Input/inout port i_dqs_n_hi[1] is unconnected and will be removed. (VDB-8003) (D:\Efinity_Project\Efinity_Project\Ti60F225_OV5640_Face_Reproduction\example_top.v:97)
[EFX-0011 VERI-WARNING] Input/inout port i_dqs_n_lo[1] is unconnected and will be removed. (VDB-8003) (D:\Efinity_Project\Efinity_Project\Ti60F225_OV5640_Face_Reproduction\example_top.v:98)
[EFX-0011 VERI-WARNING] Input/inout port csi_ctl0_i is unconnected and will be removed. (VDB-8003) (D:\Efinity_Project\Efinity_Project\Ti60F225_OV5640_Face_Reproduction\example_top.v:121)
[EFX-0011 VERI-WARNING] Input/inout port csi_ctl1_i is unconnected and will be removed. (VDB-8003) (D:\Efinity_Project\Efinity_Project\Ti60F225_OV5640_Face_Reproduction\example_top.v:125)
[EFX-0011 VERI-WARNING] Input/inout port csi_scl_i is unconnected and will be removed. (VDB-8003) (D:\Efinity_Project\Efinity_Project\Ti60F225_OV5640_Face_Reproduction\example_top.v:129)
[EFX-0011 VERI-WARNING] Input/inout port csi_sda_i is unconnected and will be removed. (VDB-8003) (D:\Efinity_Project\Efinity_Project\Ti60F225_OV5640_Face_Reproduction\example_top.v:133)
[EFX-0011 VERI-WARNING] Input/inout port csi_rxc_lp_p_i is unconnected and will be removed. (VDB-8003) (D:\Efinity_Project\Efinity_Project\Ti60F225_OV5640_Face_Reproduction\example_top.v:136)
[EFX-0011 VERI-WARNING] Input/inout port csi_rxc_lp_n_i is unconnected and will be removed. (VDB-8003) (D:\Efinity_Project\Efinity_Project\Ti60F225_OV5640_Face_Reproduction\example_top.v:137)
[EFX-0011 VERI-WARNING] Input/inout port csi_rxc_i is unconnected and will be removed. (VDB-8003) (D:\Efinity_Project\Efinity_Project\Ti60F225_OV5640_Face_Reproduction\example_top.v:140)
[EFX-0011 VERI-WARNING] Input/inout port csi_rxd0_lp_p_i is unconnected and will be removed. (VDB-8003) (D:\Efinity_Project\Efinity_Project\Ti60F225_OV5640_Face_Reproduction\example_top.v:147)
[EFX-0011 VERI-WARNING] Input/inout port csi_rxd0_lp_n_i is unconnected and will be removed. (VDB-8003) (D:\Efinity_Project\Efinity_Project\Ti60F225_OV5640_Face_Reproduction\example_top.v:148)
[EFX-0011 VERI-WARNING] Input/inout port csi_rxd0_hs_i[7] is unconnected and will be removed. (VDB-8003) (D:\Efinity_Project\Efinity_Project\Ti60F225_OV5640_Face_Reproduction\example_top.v:149)
[EFX-0011 VERI-WARNING] Input/inout port csi_rxd1_lp_n_i is unconnected and will be removed. (VDB-8003) (D:\Efinity_Project\Efinity_Project\Ti60F225_OV5640_Face_Reproduction\example_top.v:156)
[EFX-0011 VERI-WARNING] Input/inout port csi_rxd1_lp_p_i is unconnected and will be removed. (VDB-8003) (D:\Efinity_Project\Efinity_Project\Ti60F225_OV5640_Face_Reproduction\example_top.v:157)
[EFX-0011 VERI-WARNING] Input/inout port csi_rxd1_hs_i[7] is unconnected and will be removed. (VDB-8003) (D:\Efinity_Project\Efinity_Project\Ti60F225_OV5640_Face_Reproduction\example_top.v:158)
[EFX-0011 VERI-WARNING] Input/inout port csi_rxd2_lp_p_i is unconnected and will be removed. (VDB-8003) (D:\Efinity_Project\Efinity_Project\Ti60F225_OV5640_Face_Reproduction\example_top.v:165)
[EFX-0011 VERI-WARNING] Input/inout port csi_rxd2_lp_n_i is unconnected and will be removed. (VDB-8003) (D:\Efinity_Project\Efinity_Project\Ti60F225_OV5640_Face_Reproduction\example_top.v:166)
[EFX-0011 VERI-WARNING] Input/inout port csi_rxd2_hs_i[7] is unconnected and will be removed. (VDB-8003) (D:\Efinity_Project\Efinity_Project\Ti60F225_OV5640_Face_Reproduction\example_top.v:167)
[EFX-0011 VERI-WARNING] Input/inout port csi_rxd3_lp_p_i is unconnected and will be removed. (VDB-8003) (D:\Efinity_Project\Efinity_Project\Ti60F225_OV5640_Face_Reproduction\example_top.v:174)
[EFX-0011 VERI-WARNING] Input/inout port csi_rxd3_lp_n_i is unconnected and will be removed. (VDB-8003) (D:\Efinity_Project\Efinity_Project\Ti60F225_OV5640_Face_Reproduction\example_top.v:175)
[EFX-0011 VERI-WARNING] Input/inout port csi_rxd3_hs_i[7] is unconnected and will be removed. (VDB-8003) (D:\Efinity_Project\Efinity_Project\Ti60F225_OV5640_Face_Reproduction\example_top.v:176)
[EFX-0011 VERI-WARNING] Input/inout port dsi_txd0_lp_p_i is unconnected and will be removed. (VDB-8003) (D:\Efinity_Project\Efinity_Project\Ti60F225_OV5640_Face_Reproduction\example_top.v:235)
[EFX-0011 VERI-WARNING] Input/inout port dsi_txd0_lp_n_i is unconnected and will be removed. (VDB-8003) (D:\Efinity_Project\Efinity_Project\Ti60F225_OV5640_Face_Reproduction\example_top.v:236)
[EFX-0011 VERI-WARNING] Input/inout port dsi_txd1_lp_p_i is unconnected and will be removed. (VDB-8003) (D:\Efinity_Project\Efinity_Project\Ti60F225_OV5640_Face_Reproduction\example_top.v:237)
[EFX-0011 VERI-WARNING] Input/inout port dsi_txd1_lp_n_i is unconnected and will be removed. (VDB-8003) (D:\Efinity_Project\Efinity_Project\Ti60F225_OV5640_Face_Reproduction\example_top.v:238)
[EFX-0011 VERI-WARNING] Input/inout port dsi_txd2_lp_p_i is unconnected and will be removed. (VDB-8003) (D:\Efinity_Project\Efinity_Project\Ti60F225_OV5640_Face_Reproduction\example_top.v:239)
[EFX-0011 VERI-WARNING] Input/inout port dsi_txd2_lp_n_i is unconnected and will be removed. (VDB-8003) (D:\Efinity_Project\Efinity_Project\Ti60F225_OV5640_Face_Reproduction\example_top.v:240)
[EFX-0011 VERI-WARNING] Input/inout port dsi_txd3_lp_p_i is unconnected and will be removed. (VDB-8003) (D:\Efinity_Project\Efinity_Project\Ti60F225_OV5640_Face_Reproduction\example_top.v:241)
[EFX-0011 VERI-WARNING] Input/inout port dsi_txd3_lp_n_i is unconnected and will be removed. (VDB-8003) (D:\Efinity_Project\Efinity_Project\Ti60F225_OV5640_Face_Reproduction\example_top.v:242)
[EFX-0011 VERI-WARNING] Input/inout port uart_rx_i is unconnected and will be removed. (VDB-8003) (D:\Efinity_Project\Efinity_Project\Ti60F225_OV5640_Face_Reproduction\example_top.v:247)
[EFX-0011 VERI-WARNING] Input/inout port cmos_sdat_IN is unconnected and will be removed. (VDB-8003) (D:\Efinity_Project\Efinity_Project\Ti60F225_OV5640_Face_Reproduction\example_top.v:257)
[EFX-0011 VERI-WARNING] Input/inout port cmos_ctl1_i is unconnected and will be removed. (VDB-8003) (D:\Efinity_Project\Efinity_Project\Ti60F225_OV5640_Face_Reproduction\example_top.v:269)
[EFX-0011 VERI-WARNING] Input/inout port cmos_ctl2_i is unconnected and will be removed. (VDB-8003) (D:\Efinity_Project\Efinity_Project\Ti60F225_OV5640_Face_Reproduction\example_top.v:272)
[EFX-0011 VERI-WARNING] Input/inout port cmos_ctl3_i is unconnected and will be removed. (VDB-8003) (D:\Efinity_Project\Efinity_Project\Ti60F225_OV5640_Face_Reproduction\example_top.v:275)
[EFX-0011 VERI-WARNING] Input/inout port lcd_tp_sda_i is unconnected and will be removed. (VDB-8003) (D:\Efinity_Project\Efinity_Project\Ti60F225_OV5640_Face_Reproduction\example_top.v:323)
[EFX-0011 VERI-WARNING] Input/inout port lcd_tp_scl_i is unconnected and will be removed. (VDB-8003) (D:\Efinity_Project\Efinity_Project\Ti60F225_OV5640_Face_Reproduction\example_top.v:327)
[EFX-0011 VERI-WARNING] Input/inout port lcd_tp_int_i is unconnected and will be removed. (VDB-8003) (D:\Efinity_Project\Efinity_Project\Ti60F225_OV5640_Face_Reproduction\example_top.v:331)
[EFX-0011 VERI-WARNING] Input/inout port lcd_b7_0_i[7] is unconnected and will be removed. (VDB-8003) (D:\Efinity_Project\Efinity_Project\Ti60F225_OV5640_Face_Reproduction\example_top.v:351)
[EFX-0011 VERI-WARNING] Input/inout port lcd_g7_0_i[7] is unconnected and will be removed. (VDB-8003) (D:\Efinity_Project\Efinity_Project\Ti60F225_OV5640_Face_Reproduction\example_top.v:352)
[EFX-0011 VERI-WARNING] Input/inout port lcd_r7_0_i[7] is unconnected and will be removed. (VDB-8003) (D:\Efinity_Project\Efinity_Project\Ti60F225_OV5640_Face_Reproduction\example_top.v:353)
[EFX-0011 VERI-WARNING] Found 103 warnings in the post-synthesis netlist. 

///////////////////////////////////
// Efinity Synthesis Started 
// Sep 21, 2026 13:10:51
///////////////////////////////////

[EFX-0011 VERI-WARNING] port 'cal_shift_val' remains unconnected for this instance (VERI-1927) (D:\Efinity_Project\Efinity_Project\Ti60F225_OV5640_Face_Reproduction\example_top.v:612)
[EFX-0011 VERI-WARNING] port 'axi_awid' remains unconnected for this instance (VERI-1927) (D:\Efinity_Project\Efinity_Project\Ti60F225_OV5640_Face_Reproduction\example_top.v:962)
[EFX-0011 VERI-WARNING] port 'TMDS_Clk_p' remains unconnected for this instance (VERI-1927) (D:\Efinity_Project\Efinity_Project\Ti60F225_OV5640_Face_Reproduction\example_top.v:1388)
[EFX-0011 VERI-WARNING] expression size 32 truncated to fit in target size 1 (VERI-1209) (D:\Efinity_Project\Efinity_Project\Ti60F225_OV5640_Face_Reproduction\example_top.v:443)
[EFX-0011 VERI-WARNING] port 'wr_busy' remains unconnected for this instance (VERI-1927) (D:/Efinity_Project/Efinity_Project/Ti60F225_OV5640_Face_Reproduction\ip/DdrCtrl\DdrCtrl.sv:184)
[EFX-0011 VERI-WARNING] port 'wr_data' is not connected on this instance (VERI-2435) (D:/Efinity_Project/Efinity_Project/Ti60F225_OV5640_Face_Reproduction\ip/DdrCtrl\DdrCtrl.sv:184)
[EFX-0011 VERI-WARNING] port '**' is not connected on this instance (VERI-2435) (D:/Efinity_Project/Efinity_Project/Ti60F225_OV5640_Face_Reproduction\ip/DdrCtrl\DdrCtrl.sv:2496)
[EFX-0011 VERI-WARNING] expression size ** truncated to fit in target size ** (VERI-1209) (D:/Efinity_Project/Efinity_Project/Ti60F225_OV5640_Face_Reproduction\ip/DdrCtrl\DdrCtrl.sv:2611)
[EFX-0011 VERI-WARNING] actual bit length ** differs from formal bit length *** for port '**' (VERI-1330) (D:/Efinity_Project/Efinity_Project/Ti60F225_OV5640_Face_Reproduction\ip/DdrCtrl\DdrCtrl.sv:2496)
[EFX-0011 VERI-WARNING] expression size ** truncated to fit in target size ** (VERI-1209) (D:/Efinity_Project/Efinity_Project/Ti60F225_OV5640_Face_Reproduction\ip/DdrCtrl\DdrCtrl.sv:2611)
[EFX-0011 VERI-WARNING] expression size ** truncated to fit in target size ** (VERI-1209) (D:/Efinity_Project/Efinity_Project/Ti60F225_OV5640_Face_Reproduction\ip/DdrCtrl\DdrCtrl.sv:2611)
[EFX-0011 VERI-WARNING] actual bit length ** differs from formal bit length *** for port '**' (VERI-1330) (D:/Efinity_Project/Efinity_Project/Ti60F225_OV5640_Face_Reproduction\ip/DdrCtrl\DdrCtrl.sv:2496)
[EFX-0011 VERI-WARNING] port '**' remains unconnected for this instance (VERI-1927) (D:/Efinity_Project/Efinity_Project/Ti60F225_OV5640_Face_Reproduction\ip/DdrCtrl\DdrCtrl.sv:590)
[EFX-0011 VERI-WARNING] actual bit length ** differs from formal bit length *** for port '**' (VERI-1330) (D:/Efinity_Project/Efinity_Project/Ti60F225_OV5640_Face_Reproduction\ip/DdrCtrl\DdrCtrl.sv:590)
[EFX-0011 VERI-WARNING] port '**' remains unconnected for this instance (VERI-1927) (D:/Efinity_Project/Efinity_Project/Ti60F225_OV5640_Face_Reproduction\ip/DdrCtrl\DdrCtrl.sv:1460)
[EFX-0011 VERI-WARNING] port '**' remains unconnected for this instance (VERI-1927) (D:/Efinity_Project/Efinity_Project/Ti60F225_OV5640_Face_Reproduction\ip/DdrCtrl\DdrCtrl.sv:4817)
[EFX-0011 VERI-WARNING] actual bit length ** differs from formal bit length *** for port '**' (VERI-1330) (D:/Efinity_Project/Efinity_Project/Ti60F225_OV5640_Face_Reproduction\ip/DdrCtrl\DdrCtrl.sv:4817)
[EFX-0011 VERI-WARNING] input port '**' is not connected on this instance (VDB-1013) (D:/Efinity_Project/Efinity_Project/Ti60F225_OV5640_Face_Reproduction\ip/DdrCtrl\DdrCtrl.sv:4817)
[EFX-0011 VERI-WARNING] expression size ** truncated to fit in target size ** (VERI-1209) (D:/Efinity_Project/Efinity_Project/Ti60F225_OV5640_Face_Reproduction\ip/DdrCtrl\DdrCtrl.sv:1460)
[EFX-0011 VERI-WARNING] net '**' does not have a driver (VDB-1002) (D:/Efinity_Project/Efinity_Project/Ti60F225_OV5640_Face_Reproduction\ip/DdrCtrl\DdrCtrl.sv:1460)
[EFX-0011 VERI-WARNING] net '**' does not have a driver (VDB-1002) (D:/Efinity_Project/Efinity_Project/Ti60F225_OV5640_Face_Reproduction\ip/DdrCtrl\DdrCtrl.sv:590)
[EFX-0011 VERI-WARNING] input port '**' is not connected on this instance (VDB-1013) (D:/Efinity_Project/Efinity_Project/Ti60F225_OV5640_Face_Reproduction\ip/DdrCtrl\DdrCtrl.sv:590)
[EFX-0011 VERI-WARNING] input port '**' is not connected on this instance (VDB-1013) (D:/Efinity_Project/Efinity_Project/Ti60F225_OV5640_Face_Reproduction\ip/DdrCtrl\DdrCtrl.sv:2496)
[EFX-0011 VERI-WARNING] input port 'wr_data[127]' is not connected on this instance (VDB-1013) (D:/Efinity_Project/Efinity_Project/Ti60F225_OV5640_Face_Reproduction\ip/DdrCtrl\DdrCtrl.sv:117)
[EFX-0011 VERI-WARNING] actual bit length 4 differs from formal bit length 8 for port 'axi_aid' (VERI-1330) (D:\Efinity_Project\Efinity_Project\Ti60F225_OV5640_Face_Reproduction\example_top.v:579)
[EFX-0011 VERI-WARNING] actual bit length 4 differs from formal bit length 8 for port 'axi_wid' (VERI-1330) (D:\Efinity_Project\Efinity_Project\Ti60F225_OV5640_Face_Reproduction\example_top.v:586)
[EFX-0011 VERI-WARNING] actual bit length 4 differs from formal bit length 8 for port 'axi_bid' (VERI-1330) (D:\Efinity_Project\Efinity_Project\Ti60F225_OV5640_Face_Reproduction\example_top.v:595)
[EFX-0011 VERI-WARNING] actual bit length 4 differs from formal bit length 8 for port 'axi_rid' (VERI-1330) (D:\Efinity_Project\Efinity_Project\Ti60F225_OV5640_Face_Reproduction\example_top.v:601)
[EFX-0011 VERI-WARNING] expression size 2 truncated to fit in target size 1 (VERI-1209) (D:\Efinity_Project\Efinity_Project\Ti60F225_OV5640_Face_Reproduction\src\axi\AXI4_AWARMux.v:90)
[EFX-0011 VERI-WARNING] expression size 3 truncated to fit in target size 2 (VERI-1209) (D:\Efinity_Project\Efinity_Project\Ti60F225_OV5640_Face_Reproduction\example_top.v:713)
[EFX-0011 VERI-WARNING] expression size 5 truncated to fit in target size 4 (VERI-1209) (D:\Efinity_Project\Efinity_Project\Ti60F225_OV5640_Face_Reproduction\example_top.v:714)
[EFX-0011 VERI-WARNING] actual bit length 64 differs from formal bit length 8 for port 'image_out_data' (VERI-1330) (D:\Efinity_Project\Efinity_Project\Ti60F225_OV5640_Face_Reproduction\example_top.v:861)
[EFX-0011 VERI-WARNING] expression size 32 truncated to fit in target size 16 (VERI-1209) (D:\Efinity_Project\Efinity_Project\Ti60F225_OV5640_Face_Reproduction\src\axi\axi4_ctrl.v:91)
[EFX-0011 VERI-WARNING] expression size 3 truncated to fit in target size 2 (VERI-1209) (D:\Efinity_Project\Efinity_Project\Ti60F225_OV5640_Face_Reproduction\src\axi\axi4_ctrl.v:113)
[EFX-0011 VERI-WARNING] expression size 3 truncated to fit in target size 2 (VERI-1209) (D:\Efinity_Project\Efinity_Project\Ti60F225_OV5640_Face_Reproduction\src\axi\axi4_ctrl.v:114)
[EFX-0011 VERI-WARNING] expression size 3 truncated to fit in target size 2 (VERI-1209) (D:\Efinity_Project\Efinity_Project\Ti60F225_OV5640_Face_Reproduction\src\axi\axi4_ctrl.v:196)
[EFX-0011 VERI-WARNING] expression size 2 truncated to fit in target size 1 (VERI-1209) (D:\Efinity_Project\Efinity_Project\Ti60F225_OV5640_Face_Reproduction\src\axi\axi4_ctrl.v:238)
[EFX-0011 VERI-WARNING] expression size 23 truncated to fit in target size 22 (VERI-1209) (D:\Efinity_Project\Efinity_Project\Ti60F225_OV5640_Face_Reproduction\src\axi\axi4_ctrl.v:257)
[EFX-0011 VERI-WARNING] port 'a_wr_rst_i' remains unconnected for this instance (VERI-1927) (D:/Efinity_Project/Efinity_Project/Ti60F225_OV5640_Face_Reproduction\ip/W0_FIFO_8\W0_FIFO_8.sv:116)
[EFX-0011 VERI-WARNING] expression size 32 truncated to fit in target size 14 (VERI-1209) (D:/Efinity_Project/Efinity_Project/Ti60F225_OV5640_Face_Reproduction\ip/W0_FIFO_8\W0_FIFO_8.sv:1251)
[EFX-0011 VERI-WARNING] expression size 32 truncated to fit in target size 10 (VERI-1209) (D:/Efinity_Project/Efinity_Project/Ti60F225_OV5640_Face_Reproduction\ip/W0_FIFO_8\W0_FIFO_8.sv:1252)
[EFX-0011 VERI-WARNING] input port 'a_wr_rst_i' is not connected on this instance (VDB-1013) (D:/Efinity_Project/Efinity_Project/Ti60F225_OV5640_Face_Reproduction\ip/W0_FIFO_8\W0_FIFO_8.sv:95)
[EFX-0011 VERI-WARNING] port 'a_wr_rst_i' remains unconnected for this instance (VERI-1927) (D:/Efinity_Project/Efinity_Project/Ti60F225_OV5640_Face_Reproduction\ip/R0_FIFO_16\R0_FIFO_16.sv:116)
[EFX-0011 VERI-WARNING] expression size 32 truncated to fit in target size 10 (VERI-1209) (D:/Efinity_Project/Efinity_Project/Ti60F225_OV5640_Face_Reproduction\ip/R0_FIFO_16\R0_FIFO_16.sv:1236)
[EFX-0011 VERI-WARNING] expression size 32 truncated to fit in target size 13 (VERI-1209) (D:/Efinity_Project/Efinity_Project/Ti60F225_OV5640_Face_Reproduction\ip/R0_FIFO_16\R0_FIFO_16.sv:1237)
[EFX-0011 VERI-WARNING] input port 'a_wr_rst_i' is not connected on this instance (VDB-1013) (D:/Efinity_Project/Efinity_Project/Ti60F225_OV5640_Face_Reproduction\ip/R0_FIFO_16\R0_FIFO_16.sv:95)
[EFX-0011 VERI-WARNING] expression size 17 truncated to fit in target size 16 (VERI-1209) (D:\Efinity_Project\Efinity_Project\Ti60F225_OV5640_Face_Reproduction\src\axi\axi4_ctrl.v:464)
[EFX-0011 VERI-WARNING] expression size 23 truncated to fit in target size 22 (VERI-1209) (D:\Efinity_Project\Efinity_Project\Ti60F225_OV5640_Face_Reproduction\src\axi\axi4_ctrl.v:574)
[EFX-0011 VERI-WARNING] actual bit length 32 differs from formal bit length 4 for port 'axi_bid' (VERI-1330) (D:\Efinity_Project\Efinity_Project\Ti60F225_OV5640_Face_Reproduction\example_top.v:934)
[EFX-0011 VERI-WARNING] actual bit length 32 differs from formal bit length 2 for port 'axi_bresp' (VERI-1330) (D:\Efinity_Project\Efinity_Project\Ti60F225_OV5640_Face_Reproduction\example_top.v:935)
[EFX-0011 VERI-WARNING] actual bit length 32 differs from formal bit length 1 for port 'axi_bvalid' (VERI-1330) (D:\Efinity_Project\Efinity_Project\Ti60F225_OV5640_Face_Reproduction\example_top.v:936)
[EFX-0011 VERI-WARNING] actual bit length 32 differs from formal bit length 2 for port 'axi_rresp' (VERI-1330) (D:\Efinity_Project\Efinity_Project\Ti60F225_OV5640_Face_Reproduction\example_top.v:946)
[EFX-0011 VERI-WARNING] actual bit length 64 differs from formal bit length 8 for port 'wframe_data' (VERI-1330) (D:\Efinity_Project\Efinity_Project\Ti60F225_OV5640_Face_Reproduction\example_top.v:954)
[EFX-0011 VERI-WARNING] actual bit length 8 differs from formal bit length 32 for port 'tp_o' (VERI-1330) (D:\Efinity_Project\Efinity_Project\Ti60F225_OV5640_Face_Reproduction\example_top.v:961)
[EFX-0011 VERI-WARNING] expression size 8 truncated to fit in target size 4 (VERI-1209) (D:\Efinity_Project\Efinity_Project\Ti60F225_OV5640_Face_Reproduction\example_top.v:963)
[EFX-0011 VERI-WARNING] expression size 14 truncated to fit in target size 12 (VERI-1209) (D:\Efinity_Project\Efinity_Project\Ti60F225_OV5640_Face_Reproduction\src\lcd_driver.v:145)
[EFX-0011 VERI-WARNING] actual bit length 24 differs from formal bit length 48 for port 'lcd_data' (VERI-1330) (D:\Efinity_Project\Efinity_Project\Ti60F225_OV5640_Face_Reproduction\example_top.v:1014)
[EFX-0011 VERI-WARNING] expression size 13 truncated to fit in target size 12 (VERI-1209) (D:\Efinity_Project\Efinity_Project\Ti60F225_OV5640_Face_Reproduction\src\vision\sobel3x3.v:94)
[EFX-0011 VERI-WARNING] expression size 13 truncated to fit in target size 12 (VERI-1209) (D:\Efinity_Project\Efinity_Project\Ti60F225_OV5640_Face_Reproduction\src\vision\sobel3x3.v:95)
[EFX-0011 VERI-WARNING] actual bit length 32 differs from formal bit length 4 for port 'data_island_data' (VERI-1330) (D:\Efinity_Project\Efinity_Project\Ti60F225_OV5640_Face_Reproduction\src\hdmi_ip\rgb2dvi.v:50)
[EFX-0011 VERI-WARNING] actual bit length 4 differs from formal bit length 3 for port 'mode' (VERI-1330) (D:\Efinity_Project\Efinity_Project\Ti60F225_OV5640_Face_Reproduction\src\hdmi_ip\rgb2dvi.v:52)
[EFX-0011 VERI-WARNING] actual bit length 32 differs from formal bit length 4 for port 'data_island_data' (VERI-1330) (D:\Efinity_Project\Efinity_Project\Ti60F225_OV5640_Face_Reproduction\src\hdmi_ip\rgb2dvi.v:58)
[EFX-0011 VERI-WARNING] actual bit length 4 differs from formal bit length 3 for port 'mode' (VERI-1330) (D:\Efinity_Project\Efinity_Project\Ti60F225_OV5640_Face_Reproduction\src\hdmi_ip\rgb2dvi.v:60)
[EFX-0011 VERI-WARNING] actual bit length 32 differs from formal bit length 4 for port 'data_island_data' (VERI-1330) (D:\Efinity_Project\Efinity_Project\Ti60F225_OV5640_Face_Reproduction\src\hdmi_ip\rgb2dvi.v:66)
[EFX-0011 VERI-WARNING] actual bit length 4 differs from formal bit length 3 for port 'mode' (VERI-1330) (D:\Efinity_Project\Efinity_Project\Ti60F225_OV5640_Face_Reproduction\src\hdmi_ip\rgb2dvi.v:68)
[EFX-0011 VERI-WARNING] actual bit length 32 differs from formal bit length 1 for port 'oe_i' (VERI-1330) (D:\Efinity_Project\Efinity_Project\Ti60F225_OV5640_Face_Reproduction\example_top.v:1370)
[EFX-0011 VERI-WARNING] net 'w_dev_index_o[7]' does not have a driver (VDB-1002) (D:\Efinity_Project\Efinity_Project\Ti60F225_OV5640_Face_Reproduction\example_top.v:428)
[EFX-0011 VERI-WARNING] net 'w_dev_cmd_o[7]' does not have a driver (VDB-1002) (D:\Efinity_Project\Efinity_Project\Ti60F225_OV5640_Face_Reproduction\example_top.v:429)
[EFX-0011 VERI-WARNING] net 'w_dev_wdata_o[31]' does not have a driver (VDB-1002) (D:\Efinity_Project\Efinity_Project\Ti60F225_OV5640_Face_Reproduction\example_top.v:430)
[EFX-0011 VERI-WARNING] net 'w_dev_wvalid_o' does not have a driver (VDB-1002) (D:\Efinity_Project\Efinity_Project\Ti60F225_OV5640_Face_Reproduction\example_top.v:431)
[EFX-0011 VERI-WARNING] net 'w_spi_ssn_o' does not have a driver (VDB-1002) (D:\Efinity_Project\Efinity_Project\Ti60F225_OV5640_Face_Reproduction\example_top.v:435)
[EFX-0011 VERI-WARNING] net 'w_spi_data_o[3]' does not have a driver (VDB-1002) (D:\Efinity_Project\Efinity_Project\Ti60F225_OV5640_Face_Reproduction\example_top.v:436)
[EFX-0011 VERI-WARNING] net 'w_lcd_b_o[7]' does not have a driver (VDB-1002) (D:\Efinity_Project\Efinity_Project\Ti60F225_OV5640_Face_Reproduction\example_top.v:453)
[EFX-0011 VERI-WARNING] input port 'SerialClk' is not connected on this instance (VDB-1013) (D:\Efinity_Project\Efinity_Project\Ti60F225_OV5640_Face_Reproduction\example_top.v:1363)
[EFX-0256 WARNING] The primary output port 'csi_ctl0_o' wire 'csi_ctl0_o' is not driven.
[EFX-0256 WARNING] The primary output port 'csi_ctl1_o' wire 'csi_ctl1_o' is not driven.
[EFX-0256 WARNING] The primary output port 'csi_scl_o' wire 'csi_scl_o' is not driven.
[EFX-0256 WARNING] The primary output port 'csi_scl_oe' wire 'csi_scl_oe' is not driven.
[EFX-0256 WARNING] The primary output port 'csi_sda_o' wire 'csi_sda_o' is not driven.
[EFX-0256 WARNING] The primary output port 'csi_sda_oe' wire 'csi_sda_oe' is not driven.
[EFX-0256 WARNING] The primary output port 'csi_rxc_hs_en_o' wire 'csi_rxc_hs_en_o' is not driven.
[EFX-0256 WARNING] The primary output port 'csi_rxc_hs_term_en_o' wire 'csi_rxc_hs_term_en_o' is not driven.
[EFX-0256 WARNING] The primary output port 'csi_rxd0_rst_o' wire 'csi_rxd0_rst_o' is not driven.
[EFX-0256 WARNING] The primary output port 'csi_rxd0_hs_en_o' wire 'csi_rxd0_hs_en_o' is not driven.
[EFX-0256 WARNING] The primary output port 'csi_rxd0_hs_term_en_o' wire 'csi_rxd0_hs_term_en_o' is not driven.
[EFX-0256 WARNING] The primary output port 'csi_rxd1_rst_o' wire 'csi_rxd1_rst_o' is not driven.
[EFX-0256 WARNING] The primary output port 'csi_rxd1_hs_en_o' wire 'csi_rxd1_hs_en_o' is not driven.
[EFX-0256 WARNING] The primary output port 'csi_rxd1_hs_term_en_o' wire 'csi_rxd1_hs_term_en_o' is not driven.
[EFX-0256 WARNING] The primary output port 'csi_rxd2_rst_o' wire 'csi_rxd2_rst_o' is not driven.
[EFX-0256 WARNING] The primary output port 'csi_rxd2_hs_en_o' wire 'csi_rxd2_hs_en_o' is not driven.
[EFX-0256 WARNING] The primary output port 'csi_rxd2_hs_term_en_o' wire 'csi_rxd2_hs_term_en_o' is not driven.
[EFX-0256 WARNING] The primary output port 'csi_rxd3_rst_o' wire 'csi_rxd3_rst_o' is not driven.
[EFX-0256 WARNING] The primary output port 'csi_rxd3_hs_en_o' wire 'csi_rxd3_hs_en_o' is not driven.
[EFX-0256 WARNING] The primary output port 'csi_rxd3_hs_term_en_o' wire 'csi_rxd3_hs_term_en_o' is not driven.
[EFX-0256 WARNING] The primary output port 'dsi_txc_rst_o' wire 'dsi_txc_rst_o' is not driven.
[EFX-0256 WARNING] The primary output port 'dsi_txc_lp_p_oe' wire 'dsi_txc_lp_p_oe' is not driven.
[EFX-0256 WARNING] The primary output port 'dsi_txc_lp_p_o' wire 'dsi_txc_lp_p_o' is not driven.
[EFX-0256 WARNING] The primary output port 'dsi_txc_lp_n_oe' wire 'dsi_txc_lp_n_oe' is not driven.
[EFX-0256 WARNING] The primary output port 'dsi_txc_lp_n_o' wire 'dsi_txc_lp_n_o' is not driven.
[EFX-0256 WARNING] The primary output port 'dsi_txc_hs_oe' wire 'dsi_txc_hs_oe' is not driven.
[EFX-0256 WARNING] The primary output port 'dsi_txc_hs_o[7]' wire 'dsi_txc_hs_o[7]' is not driven.
[EFX-0256 WARNING] The primary output port 'dsi_txc_hs_o[6]' wire 'dsi_txc_hs_o[6]' is not driven.
[EFX-0256 WARNING] The primary output port 'dsi_txc_hs_o[5]' wire 'dsi_txc_hs_o[5]' is not driven.
[EFX-0256 WARNING] The primary output port 'dsi_txc_hs_o[4]' wire 'dsi_txc_hs_o[4]' is not driven.
[EFX-0256 WARNING] The primary output port 'dsi_txc_hs_o[3]' wire 'dsi_txc_hs_o[3]' is not driven.
[EFX-0256 WARNING] The primary output port 'dsi_txc_hs_o[2]' wire 'dsi_txc_hs_o[2]' is not driven.
[EFX-0256 WARNING] The primary output port 'dsi_txc_hs_o[1]' wire 'dsi_txc_hs_o[1]' is not driven.
[EFX-0256 WARNING] The primary output port 'dsi_txc_hs_o[0]' wire 'dsi_txc_hs_o[0]' is not driven.
[EFX-0256 WARNING] The primary output port 'dsi_txd0_rst_o' wire 'dsi_txd0_rst_o' is not driven.
[EFX-0256 WARNING] The primary output port 'dsi_txd0_hs_oe' wire 'dsi_txd0_hs_oe' is not driven.
[EFX-0256 WARNING] The primary output port 'dsi_txd0_hs_o[7]' wire 'dsi_txd0_hs_o[7]' is not driven.
[EFX-0256 WARNING] The primary output port 'dsi_txd0_hs_o[6]' wire 'dsi_txd0_hs_o[6]' is not driven.
[EFX-0256 WARNING] The primary output port 'dsi_txd0_hs_o[5]' wire 'dsi_txd0_hs_o[5]' is not driven.
[EFX-0256 WARNING] The primary output port 'dsi_txd0_hs_o[4]' wire 'dsi_txd0_hs_o[4]' is not driven.
[EFX-0256 WARNING] The primary output port 'dsi_txd0_hs_o[3]' wire 'dsi_txd0_hs_o[3]' is not driven.
[EFX-0256 WARNING] The primary output port 'dsi_txd0_hs_o[2]' wire 'dsi_txd0_hs_o[2]' is not driven.
[EFX-0256 WARNING] The primary output port 'dsi_txd0_hs_o[1]' wire 'dsi_txd0_hs_o[1]' is not driven.
[EFX-0256 WARNING] The primary output port 'dsi_txd0_hs_o[0]' wire 'dsi_txd0_hs_o[0]' is not driven.
[EFX-0256 WARNING] The primary output port 'dsi_txd0_lp_p_oe' wire 'dsi_txd0_lp_p_oe' is not driven.
[EFX-0256 WARNING] The primary output port 'dsi_txd0_lp_p_o' wire 'dsi_txd0_lp_p_o' is not driven.
[EFX-0256 WARNING] The primary output port 'dsi_txd0_lp_n_oe' wire 'dsi_txd0_lp_n_oe' is not driven.
[EFX-0256 WARNING] The primary output port 'dsi_txd0_lp_n_o' wire 'dsi_txd0_lp_n_o' is not driven.
[EFX-0256 WARNING] The primary output port 'dsi_txd1_rst_o' wire 'dsi_txd1_rst_o' is not driven.
[EFX-0256 WARNING] The primary output port 'dsi_txd1_lp_p_oe' wire 'dsi_txd1_lp_p_oe' is not driven.
[EFX-0256 WARNING] The primary output port 'dsi_txd1_lp_p_o' wire 'dsi_txd1_lp_p_o' is not driven.
[EFX-0256 WARNING] The primary output port 'dsi_txd1_lp_n_oe' wire 'dsi_txd1_lp_n_oe' is not driven.
[EFX-0256 WARNING] The primary output port 'dsi_txd1_lp_n_o' wire 'dsi_txd1_lp_n_o' is not driven.
[EFX-0256 WARNING] The primary output port 'dsi_txd1_hs_oe' wire 'dsi_txd1_hs_oe' is not driven.
[EFX-0256 WARNING] The primary output port 'dsi_txd1_hs_o[7]' wire 'dsi_txd1_hs_o[7]' is not driven.
[EFX-0256 WARNING] The primary output port 'dsi_txd1_hs_o[6]' wire 'dsi_txd1_hs_o[6]' is not driven.
[EFX-0256 WARNING] The primary output port 'dsi_txd1_hs_o[5]' wire 'dsi_txd1_hs_o[5]' is not driven.
[EFX-0256 WARNING] The primary output port 'dsi_txd1_hs_o[4]' wire 'dsi_txd1_hs_o[4]' is not driven.
[EFX-0256 WARNING] The primary output port 'dsi_txd1_hs_o[3]' wire 'dsi_txd1_hs_o[3]' is not driven.
[EFX-0256 WARNING] The primary output port 'dsi_txd1_hs_o[2]' wire 'dsi_txd1_hs_o[2]' is not driven.
[EFX-0256 WARNING] The primary output port 'dsi_txd1_hs_o[1]' wire 'dsi_txd1_hs_o[1]' is not driven.
[EFX-0256 WARNING] The primary output port 'dsi_txd1_hs_o[0]' wire 'dsi_txd1_hs_o[0]' is not driven.
[EFX-0256 WARNING] The primary output port 'dsi_txd2_rst_o' wire 'dsi_txd2_rst_o' is not driven.
[EFX-0256 WARNING] The primary output port 'dsi_txd2_lp_p_oe' wire 'dsi_txd2_lp_p_oe' is not driven.
[EFX-0256 WARNING] The primary output port 'dsi_txd2_lp_p_o' wire 'dsi_txd2_lp_p_o' is not driven.
[EFX-0256 WARNING] The primary output port 'dsi_txd2_lp_n_oe' wire 'dsi_txd2_lp_n_oe' is not driven.
[EFX-0256 WARNING] The primary output port 'dsi_txd2_lp_n_o' wire 'dsi_txd2_lp_n_o' is not driven.
[EFX-0256 WARNING] The primary output port 'dsi_txd2_hs_oe' wire 'dsi_txd2_hs_oe' is not driven.
[EFX-0256 WARNING] The primary output port 'dsi_txd2_hs_o[7]' wire 'dsi_txd2_hs_o[7]' is not driven.
[EFX-0256 WARNING] The primary output port 'dsi_txd2_hs_o[6]' wire 'dsi_txd2_hs_o[6]' is not driven.
[EFX-0256 WARNING] The primary output port 'dsi_txd2_hs_o[5]' wire 'dsi_txd2_hs_o[5]' is not driven.
[EFX-0256 WARNING] The primary output port 'dsi_txd2_hs_o[4]' wire 'dsi_txd2_hs_o[4]' is not driven.
[EFX-0256 WARNING] The primary output port 'dsi_txd2_hs_o[3]' wire 'dsi_txd2_hs_o[3]' is not driven.
[EFX-0256 WARNING] The primary output port 'dsi_txd2_hs_o[2]' wire 'dsi_txd2_hs_o[2]' is not driven.
[EFX-0256 WARNING] The primary output port 'dsi_txd2_hs_o[1]' wire 'dsi_txd2_hs_o[1]' is not driven.
[EFX-0256 WARNING] The primary output port 'dsi_txd2_hs_o[0]' wire 'dsi_txd2_hs_o[0]' is not driven.
[EFX-0256 WARNING] The primary output port 'dsi_txd3_rst_o' wire 'dsi_txd3_rst_o' is not driven.
[EFX-0256 WARNING] The primary output port 'dsi_txd3_lp_p_oe' wire 'dsi_txd3_lp_p_oe' is not driven.
[EFX-0256 WARNING] The primary output port 'dsi_txd3_lp_p_o' wire 'dsi_txd3_lp_p_o' is not driven.
[EFX-0256 WARNING] The primary output port 'dsi_txd3_lp_n_oe' wire 'dsi_txd3_lp_n_oe' is not driven.
[EFX-0256 WARNING] The primary output port 'dsi_txd3_lp_n_o' wire 'dsi_txd3_lp_n_o' is not driven.
[EFX-0256 WARNING] The primary output port 'dsi_txd3_hs_oe' wire 'dsi_txd3_hs_oe' is not driven.
[EFX-0256 WARNING] The primary output port 'dsi_txd3_hs_o[7]' wire 'dsi_txd3_hs_o[7]' is not driven.
[EFX-0256 WARNING] The primary output port 'dsi_txd3_hs_o[6]' wire 'dsi_txd3_hs_o[6]' is not driven.
[EFX-0256 WARNING] The primary output port 'dsi_txd3_hs_o[5]' wire 'dsi_txd3_hs_o[5]' is not driven.
[EFX-0256 WARNING] The primary output port 'dsi_txd3_hs_o[4]' wire 'dsi_txd3_hs_o[4]' is not driven.
[EFX-0256 WARNING] The primary output port 'dsi_txd3_hs_o[3]' wire 'dsi_txd3_hs_o[3]' is not driven.
[EFX-0256 WARNING] The primary output port 'dsi_txd3_hs_o[2]' wire 'dsi_txd3_hs_o[2]' is not driven.
[EFX-0256 WARNING] The primary output port 'dsi_txd3_hs_o[1]' wire 'dsi_txd3_hs_o[1]' is not driven.
[EFX-0256 WARNING] The primary output port 'dsi_txd3_hs_o[0]' wire 'dsi_txd3_hs_o[0]' is not driven.
[EFX-0256 WARNING] The primary output port 'uart_tx_o' wire 'uart_tx_o' is not driven.
[EFX-0256 WARNING] The primary output port 'led_o[4]' wire 'led_o[4]' is not driven.
[EFX-0256 WARNING] The primary output port 'lvds_txc_oe' wire 'lvds_txc_oe' is not driven.
[EFX-0256 WARNING] The primary output port 'lvds_txc_o[6]' wire 'lvds_txc_o[6]' is not driven.
[EFX-0256 WARNING] The primary output port 'lvds_txc_o[5]' wire 'lvds_txc_o[5]' is not driven.
[EFX-0256 WARNING] The primary output port 'lvds_txc_o[4]' wire 'lvds_txc_o[4]' is not driven.
[EFX-0256 WARNING] The primary output port 'lvds_txc_o[3]' wire 'lvds_txc_o[3]' is not driven.
[EFX-0256 WARNING] The primary output port 'lvds_txc_o[2]' wire 'lvds_txc_o[2]' is not driven.
[EFX-0256 WARNING] The primary output port 'lvds_txc_o[1]' wire 'lvds_txc_o[1]' is not driven.
[EFX-0256 WARNING] The primary output port 'lvds_txc_o[0]' wire 'lvds_txc_o[0]' is not driven.
[EFX-0256 WARNING] The primary output port 'lvds_txc_rst_o' wire 'lvds_txc_rst_o' is not driven.
[EFX-0256 WARNING] The primary output port 'lvds_txd0_oe' wire 'lvds_txd0_oe' is not driven.
[EFX-0256 WARNING] The primary output port 'lvds_txd0_o[6]' wire 'lvds_txd0_o[6]' is not driven.
[EFX-0256 WARNING] The primary output port 'lvds_txd0_o[5]' wire 'lvds_txd0_o[5]' is not driven.
[EFX-0256 WARNING] The primary output port 'lvds_txd0_o[4]' wire 'lvds_txd0_o[4]' is not driven.
[EFX-0256 WARNING] The primary output port 'lvds_txd0_o[3]' wire 'lvds_txd0_o[3]' is not driven.
[EFX-0256 WARNING] The primary output port 'lvds_txd0_o[2]' wire 'lvds_txd0_o[2]' is not driven.
[EFX-0256 WARNING] The primary output port 'lvds_txd0_o[1]' wire 'lvds_txd0_o[1]' is not driven.
[EFX-0256 WARNING] The primary output port 'lvds_txd0_o[0]' wire 'lvds_txd0_o[0]' is not driven.
[EFX-0256 WARNING] The primary output port 'lvds_txd0_rst_o' wire 'lvds_txd0_rst_o' is not driven.
[EFX-0256 WARNING] The primary output port 'lvds_txd1_oe' wire 'lvds_txd1_oe' is not driven.
[EFX-0256 WARNING] The primary output port 'lvds_txd1_o[6]' wire 'lvds_txd1_o[6]' is not driven.
[EFX-0256 WARNING] The primary output port 'lvds_txd1_o[5]' wire 'lvds_txd1_o[5]' is not driven.
[EFX-0256 WARNING] The primary output port 'lvds_txd1_o[4]' wire 'lvds_txd1_o[4]' is not driven.
[EFX-0256 WARNING] The primary output port 'lvds_txd1_o[3]' wire 'lvds_txd1_o[3]' is not driven.
[EFX-0256 WARNING] The primary output port 'lvds_txd1_o[2]' wire 'lvds_txd1_o[2]' is not driven.
[EFX-0256 WARNING] The primary output port 'lvds_txd1_o[1]' wire 'lvds_txd1_o[1]' is not driven.
[EFX-0256 WARNING] The primary output port 'lvds_txd1_o[0]' wire 'lvds_txd1_o[0]' is not driven.
[EFX-0256 WARNING] The primary output port 'lvds_txd1_rst_o' wire 'lvds_txd1_rst_o' is not driven.
[EFX-0256 WARNING] The primary output port 'lvds_txd2_oe' wire 'lvds_txd2_oe' is not driven.
[EFX-0256 WARNING] The primary output port 'lvds_txd2_o[6]' wire 'lvds_txd2_o[6]' is not driven.
[EFX-0256 WARNING] The primary output port 'lvds_txd2_o[5]' wire 'lvds_txd2_o[5]' is not driven.
[EFX-0256 WARNING] The primary output port 'lvds_txd2_o[4]' wire 'lvds_txd2_o[4]' is not driven.
[EFX-0256 WARNING] The primary output port 'lvds_txd2_o[3]' wire 'lvds_txd2_o[3]' is not driven.
[EFX-0256 WARNING] The primary output port 'lvds_txd2_o[2]' wire 'lvds_txd2_o[2]' is not driven.
[EFX-0256 WARNING] The primary output port 'lvds_txd2_o[1]' wire 'lvds_txd2_o[1]' is not driven.
[EFX-0256 WARNING] The primary output port 'lvds_txd2_o[0]' wire 'lvds_txd2_o[0]' is not driven.
[EFX-0256 WARNING] The primary output port 'lvds_txd2_rst_o' wire 'lvds_txd2_rst_o' is not driven.
[EFX-0256 WARNING] The primary output port 'lvds_txd3_oe' wire 'lvds_txd3_oe' is not driven.
[EFX-0256 WARNING] The primary output port 'lvds_txd3_o[6]' wire 'lvds_txd3_o[6]' is not driven.
[EFX-0256 WARNING] The primary output port 'lvds_txd3_o[5]' wire 'lvds_txd3_o[5]' is not driven.
[EFX-0256 WARNING] The primary output port 'lvds_txd3_o[4]' wire 'lvds_txd3_o[4]' is not driven.
[EFX-0256 WARNING] The primary output port 'lvds_txd3_o[3]' wire 'lvds_txd3_o[3]' is not driven.
[EFX-0256 WARNING] The primary output port 'lvds_txd3_o[2]' wire 'lvds_txd3_o[2]' is not driven.
[EFX-0256 WARNING] The primary output port 'lvds_txd3_o[1]' wire 'lvds_txd3_o[1]' is not driven.
[EFX-0256 WARNING] The primary output port 'lvds_txd3_o[0]' wire 'lvds_txd3_o[0]' is not driven.
[EFX-0256 WARNING] The primary output port 'lvds_txd3_rst_o' wire 'lvds_txd3_rst_o' is not driven.
[EFX-0256 WARNING] The primary output port 'lcd_tp_sda_o' wire 'lcd_tp_sda_o' is not driven.
[EFX-0256 WARNING] The primary output port 'lcd_tp_sda_oe' wire 'lcd_tp_sda_oe' is not driven.
[EFX-0256 WARNING] The primary output port 'lcd_tp_scl_o' wire 'lcd_tp_scl_o' is not driven.
[EFX-0256 WARNING] The primary output port 'lcd_tp_scl_oe' wire 'lcd_tp_scl_oe' is not driven.
[EFX-0256 WARNING] The primary output port 'lcd_tp_int_o' wire 'lcd_tp_int_o' is not driven.
[EFX-0256 WARNING] The primary output port 'lcd_tp_int_oe' wire 'lcd_tp_int_oe' is not driven.
[EFX-0256 WARNING] The primary output port 'lcd_tp_rst_o' wire 'lcd_tp_rst_o' is not driven.
[EFX-0256 WARNING] The primary output port 'lcd_pwm_o' wire 'lcd_pwm_o' is not driven.
[EFX-0256 WARNING] The primary output port 'lcd_blen_o' wire 'lcd_blen_o' is not driven.
[EFX-0256 WARNING] The primary output port 'lcd_vs_o' wire 'lcd_vs_o' is not driven.
[EFX-0256 WARNING] The primary output port 'lcd_hs_o' wire 'lcd_hs_o' is not driven.
[EFX-0256 WARNING] The primary output port 'lcd_de_o' wire 'lcd_de_o' is not driven.
[EFX-0200 WARNING] Removing redundant signal : Shift_Q7_Out[4][7]. (D:/Efinity_Project/Efinity_Project/Ti60F225_OV5640_Face_Reproduction\ip/DdrCtrl\DdrCtrl.sv:2611)
[EFX-0200 WARNING] Removing redundant signal : Shift_Q7_Out[4][6]. (D:/Efinity_Project/Efinity_Project/Ti60F225_OV5640_Face_Reproduction\ip/DdrCtrl\DdrCtrl.sv:2611)
[EFX-0200 WARNING] Removing redundant signal : Shift_Q7_Out[4][5]. (D:/Efinity_Project/Efinity_Project/Ti60F225_OV5640_Face_Reproduction\ip/DdrCtrl\DdrCtrl.sv:2611)
[EFX-0200 WARNING] Removing redundant signal : Shift_Q7_Out[4][4]. (D:/Efinity_Project/Efinity_Project/Ti60F225_OV5640_Face_Reproduction\ip/DdrCtrl\DdrCtrl.sv:2611)
[EFX-0200 WARNING] Removing redundant signal : Shift_Q7_Out[4][3]. (D:/Efinity_Project/Efinity_Project/Ti60F225_OV5640_Face_Reproduction\ip/DdrCtrl\DdrCtrl.sv:2611)
[EFX-0200 WARNING] Removing redundant signal : Shift_Q7_Out[4][2]. (D:/Efinity_Project/Efinity_Project/Ti60F225_OV5640_Face_Reproduction\ip/DdrCtrl\DdrCtrl.sv:2611)
[EFX-0200 WARNING] Removing redundant signal : Shift_Q7_Out[4][1]. (D:/Efinity_Project/Efinity_Project/Ti60F225_OV5640_Face_Reproduction\ip/DdrCtrl\DdrCtrl.sv:2611)
[EFX-0200 WARNING] Removing redundant signal : Shift_Q7_Out[4][0]. (D:/Efinity_Project/Efinity_Project/Ti60F225_OV5640_Face_Reproduction\ip/DdrCtrl\DdrCtrl.sv:2611)
[EFX-0200 WARNING] Removing redundant signal : Shift_Out[7]. (D:/Efinity_Project/Efinity_Project/Ti60F225_OV5640_Face_Reproduction\ip/DdrCtrl\DdrCtrl.sv:2611)
[EFX-0200 WARNING] Removing redundant signal : Shift_Out[6]. (D:/Efinity_Project/Efinity_Project/Ti60F225_OV5640_Face_Reproduction\ip/DdrCtrl\DdrCtrl.sv:2611)
[EFX-0200 WARNING] Removing redundant signal : Shift_Out[5]. (D:/Efinity_Project/Efinity_Project/Ti60F225_OV5640_Face_Reproduction\ip/DdrCtrl\DdrCtrl.sv:2611)
[EFX-0200 WARNING] Removing redundant signal : Shift_Out[4]. (D:/Efinity_Project/Efinity_Project/Ti60F225_OV5640_Face_Reproduction\ip/DdrCtrl\DdrCtrl.sv:2611)
[EFX-0200 WARNING] Removing redundant signal : Shift_Out[3]. (D:/Efinity_Project/Efinity_Project/Ti60F225_OV5640_Face_Reproduction\ip/DdrCtrl\DdrCtrl.sv:2611)
[EFX-0200 WARNING] Removing redundant signal : Shift_Out[2]. (D:/Efinity_Project/Efinity_Project/Ti60F225_OV5640_Face_Reproduction\ip/DdrCtrl\DdrCtrl.sv:2611)
[EFX-0200 WARNING] Removing redundant signal : Shift_Out[1]. (D:/Efinity_Project/Efinity_Project/Ti60F225_OV5640_Face_Reproduction\ip/DdrCtrl\DdrCtrl.sv:2611)
[EFX-0200 WARNING] Removing redundant signal : Shift_Out[0]. (D:/Efinity_Project/Efinity_Project/Ti60F225_OV5640_Face_Reproduction\ip/DdrCtrl\DdrCtrl.sv:2611)
[EFX-0200 WARNING] Removing redundant signal : Shift_Q7_Out[4][31]. (D:/Efinity_Project/Efinity_Project/Ti60F225_OV5640_Face_Reproduction\ip/DdrCtrl\DdrCtrl.sv:2611)
[EFX-0200 WARNING] Removing redundant signal : Shift_Q7_Out[4][30]. (D:/Efinity_Project/Efinity_Project/Ti60F225_OV5640_Face_Reproduction\ip/DdrCtrl\DdrCtrl.sv:2611)
[EFX-0200 WARNING] Removing redundant signal : Shift_Q7_Out[4][29]. (D:/Efinity_Project/Efinity_Project/Ti60F225_OV5640_Face_Reproduction\ip/DdrCtrl\DdrCtrl.sv:2611)
[EFX-0200 WARNING] Removing redundant signal : Shift_Q7_Out[4][28]. (D:/Efinity_Project/Efinity_Project/Ti60F225_OV5640_Face_Reproduction\ip/DdrCtrl\DdrCtrl.sv:2611)
[EFX-0201 WARNING] Re-wiring to GND non-driven net 'u_efx_fifo_top.a_rst_i'. (D:/Efinity_Project/Efinity_Project/Ti60F225_OV5640_Face_Reproduction\ip/DdrCtrl\DdrCtrl.sv:4817)
[EFX-0201 WARNING] Re-wiring to GND non-driven net 'u_efx_fifo_top.clk_i'. (D:/Efinity_Project/Efinity_Project/Ti60F225_OV5640_Face_Reproduction\ip/DdrCtrl\DdrCtrl.sv:4817)
[EFX-0201 WARNING] Re-wiring to GND non-driven net 'r_rd_fifo_wr_en_p[31]'. (D:/Efinity_Project/Efinity_Project/Ti60F225_OV5640_Face_Reproduction\ip/DdrCtrl\DdrCtrl.sv:1460)
[EFX-0201 WARNING] Re-wiring to GND non-driven net 'r_rd_fifo_wr_en_p[30]'. (D:/Efinity_Project/Efinity_Project/Ti60F225_OV5640_Face_Reproduction\ip/DdrCtrl\DdrCtrl.sv:1460)
[EFX-0201 WARNING] Re-wiring to GND non-driven net 'r_rd_fifo_wr_en_p[29]'. (D:/Efinity_Project/Efinity_Project/Ti60F225_OV5640_Face_Reproduction\ip/DdrCtrl\DdrCtrl.sv:1460)
[EFX-0201 WARNING] Re-wiring to GND non-driven net 'r_rd_fifo_wr_en_p[28]'. (D:/Efinity_Project/Efinity_Project/Ti60F225_OV5640_Face_Reproduction\ip/DdrCtrl\DdrCtrl.sv:1460)
[EFX-0201 WARNING] Re-wiring to GND non-driven net 'r_rd_fifo_wr_en_p[27]'. (D:/Efinity_Project/Efinity_Project/Ti60F225_OV5640_Face_Reproduction\ip/DdrCtrl\DdrCtrl.sv:1460)
[EFX-0201 WARNING] Re-wiring to GND non-driven net 'r_rd_fifo_wr_en_p[26]'. (D:/Efinity_Project/Efinity_Project/Ti60F225_OV5640_Face_Reproduction\ip/DdrCtrl\DdrCtrl.sv:1460)
[EFX-0201 WARNING] Re-wiring to GND non-driven net 'r_rd_fifo_wr_en_p[25]'. (D:/Efinity_Project/Efinity_Project/Ti60F225_OV5640_Face_Reproduction\ip/DdrCtrl\DdrCtrl.sv:1460)
[EFX-0201 WARNING] Re-wiring to GND non-driven net 'r_rd_fifo_wr_en_p[24]'. (D:/Efinity_Project/Efinity_Project/Ti60F225_OV5640_Face_Reproduction\ip/DdrCtrl\DdrCtrl.sv:1460)
[EFX-0011 VERI-WARNING] Input/inout port clk_24m is unconnected and will be removed. (VDB-8003) (D:\Efinity_Project\Efinity_Project\Ti60F225_OV5640_Face_Reproduction\example_top.v:11)
[EFX-0011 VERI-WARNING] Input/inout port clk_25m is unconnected and will be removed. (VDB-8003) (D:\Efinity_Project\Efinity_Project\Ti60F225_OV5640_Face_Reproduction\example_top.v:12)
[EFX-0011 VERI-WARNING] Input/inout port clk_pixel_2x is unconnected and will be removed. (VDB-8003) (D:\Efinity_Project\Efinity_Project\Ti60F225_OV5640_Face_Reproduction\example_top.v:21)
[EFX-0011 VERI-WARNING] Input/inout port clk_pixel_10x is unconnected and will be removed. (VDB-8003) (D:\Efinity_Project\Efinity_Project\Ti60F225_OV5640_Face_Reproduction\example_top.v:22)
[EFX-0011 VERI-WARNING] Input/inout port dsi_refclk_i is unconnected and will be removed. (VDB-8003) (D:\Efinity_Project\Efinity_Project\Ti60F225_OV5640_Face_Reproduction\example_top.v:30)
[EFX-0011 VERI-WARNING] Input/inout port dsi_byteclk_i is unconnected and will be removed. (VDB-8003) (D:\Efinity_Project\Efinity_Project\Ti60F225_OV5640_Face_Reproduction\example_top.v:31)
[EFX-0011 VERI-WARNING] Input/inout port dsi_serclk_i is unconnected and will be removed. (VDB-8003) (D:\Efinity_Project\Efinity_Project\Ti60F225_OV5640_Face_Reproduction\example_top.v:32)
[EFX-0011 VERI-WARNING] Input/inout port dsi_txcclk_i is unconnected and will be removed. (VDB-8003) (D:\Efinity_Project\Efinity_Project\Ti60F225_OV5640_Face_Reproduction\example_top.v:33)
[EFX-0011 VERI-WARNING] Input/inout port clk_lvds_1x is unconnected and will be removed. (VDB-8003) (D:\Efinity_Project\Efinity_Project\Ti60F225_OV5640_Face_Reproduction\example_top.v:60)
[EFX-0011 VERI-WARNING] Input/inout port clk_lvds_7x is unconnected and will be removed. (VDB-8003) (D:\Efinity_Project\Efinity_Project\Ti60F225_OV5640_Face_Reproduction\example_top.v:61)
[EFX-0011 VERI-WARNING] Input/inout port clk_27m is unconnected and will be removed. (VDB-8003) (D:\Efinity_Project\Efinity_Project\Ti60F225_OV5640_Face_Reproduction\example_top.v:62)
[EFX-0011 VERI-WARNING] Input/inout port clk_54m is unconnected and will be removed. (VDB-8003) (D:\Efinity_Project\Efinity_Project\Ti60F225_OV5640_Face_Reproduction\example_top.v:63)
[EFX-0011 VERI-WARNING] Input/inout port i_dqs_n_hi[1] is unconnected and will be removed. (VDB-8003) (D:\Efinity_Project\Efinity_Project\Ti60F225_OV5640_Face_Reproduction\example_top.v:97)
[EFX-0011 VERI-WARNING] Input/inout port i_dqs_n_lo[1] is unconnected and will be removed. (VDB-8003) (D:\Efinity_Project\Efinity_Project\Ti60F225_OV5640_Face_Reproduction\example_top.v:98)
[EFX-0011 VERI-WARNING] Input/inout port csi_ctl0_i is unconnected and will be removed. (VDB-8003) (D:\Efinity_Project\Efinity_Project\Ti60F225_OV5640_Face_Reproduction\example_top.v:121)
[EFX-0011 VERI-WARNING] Input/inout port csi_ctl1_i is unconnected and will be removed. (VDB-8003) (D:\Efinity_Project\Efinity_Project\Ti60F225_OV5640_Face_Reproduction\example_top.v:125)
[EFX-0011 VERI-WARNING] Input/inout port csi_scl_i is unconnected and will be removed. (VDB-8003) (D:\Efinity_Project\Efinity_Project\Ti60F225_OV5640_Face_Reproduction\example_top.v:129)
[EFX-0011 VERI-WARNING] Input/inout port csi_sda_i is unconnected and will be removed. (VDB-8003) (D:\Efinity_Project\Efinity_Project\Ti60F225_OV5640_Face_Reproduction\example_top.v:133)
[EFX-0011 VERI-WARNING] Input/inout port csi_rxc_lp_p_i is unconnected and will be removed. (VDB-8003) (D:\Efinity_Project\Efinity_Project\Ti60F225_OV5640_Face_Reproduction\example_top.v:136)
[EFX-0011 VERI-WARNING] Input/inout port csi_rxc_lp_n_i is unconnected and will be removed. (VDB-8003) (D:\Efinity_Project\Efinity_Project\Ti60F225_OV5640_Face_Reproduction\example_top.v:137)
[EFX-0011 VERI-WARNING] Input/inout port csi_rxc_i is unconnected and will be removed. (VDB-8003) (D:\Efinity_Project\Efinity_Project\Ti60F225_OV5640_Face_Reproduction\example_top.v:140)
[EFX-0011 VERI-WARNING] Input/inout port csi_rxd0_lp_p_i is unconnected and will be removed. (VDB-8003) (D:\Efinity_Project\Efinity_Project\Ti60F225_OV5640_Face_Reproduction\example_top.v:147)
[EFX-0011 VERI-WARNING] Input/inout port csi_rxd0_lp_n_i is unconnected and will be removed. (VDB-8003) (D:\Efinity_Project\Efinity_Project\Ti60F225_OV5640_Face_Reproduction\example_top.v:148)
[EFX-0011 VERI-WARNING] Input/inout port csi_rxd0_hs_i[7] is unconnected and will be removed. (VDB-8003) (D:\Efinity_Project\Efinity_Project\Ti60F225_OV5640_Face_Reproduction\example_top.v:149)
[EFX-0011 VERI-WARNING] Input/inout port csi_rxd1_lp_n_i is unconnected and will be removed. (VDB-8003) (D:\Efinity_Project\Efinity_Project\Ti60F225_OV5640_Face_Reproduction\example_top.v:156)
[EFX-0011 VERI-WARNING] Input/inout port csi_rxd1_lp_p_i is unconnected and will be removed. (VDB-8003) (D:\Efinity_Project\Efinity_Project\Ti60F225_OV5640_Face_Reproduction\example_top.v:157)
[EFX-0011 VERI-WARNING] Input/inout port csi_rxd1_hs_i[7] is unconnected and will be removed. (VDB-8003) (D:\Efinity_Project\Efinity_Project\Ti60F225_OV5640_Face_Reproduction\example_top.v:158)
[EFX-0011 VERI-WARNING] Input/inout port csi_rxd2_lp_p_i is unconnected and will be removed. (VDB-8003) (D:\Efinity_Project\Efinity_Project\Ti60F225_OV5640_Face_Reproduction\example_top.v:165)
[EFX-0011 VERI-WARNING] Input/inout port csi_rxd2_lp_n_i is unconnected and will be removed. (VDB-8003) (D:\Efinity_Project\Efinity_Project\Ti60F225_OV5640_Face_Reproduction\example_top.v:166)
[EFX-0011 VERI-WARNING] Input/inout port csi_rxd2_hs_i[7] is unconnected and will be removed. (VDB-8003) (D:\Efinity_Project\Efinity_Project\Ti60F225_OV5640_Face_Reproduction\example_top.v:167)
[EFX-0011 VERI-WARNING] Input/inout port csi_rxd3_lp_p_i is unconnected and will be removed. (VDB-8003) (D:\Efinity_Project\Efinity_Project\Ti60F225_OV5640_Face_Reproduction\example_top.v:174)
[EFX-0011 VERI-WARNING] Input/inout port csi_rxd3_lp_n_i is unconnected and will be removed. (VDB-8003) (D:\Efinity_Project\Efinity_Project\Ti60F225_OV5640_Face_Reproduction\example_top.v:175)
[EFX-0011 VERI-WARNING] Input/inout port csi_rxd3_hs_i[7] is unconnected and will be removed. (VDB-8003) (D:\Efinity_Project\Efinity_Project\Ti60F225_OV5640_Face_Reproduction\example_top.v:176)
[EFX-0011 VERI-WARNING] Input/inout port dsi_txd0_lp_p_i is unconnected and will be removed. (VDB-8003) (D:\Efinity_Project\Efinity_Project\Ti60F225_OV5640_Face_Reproduction\example_top.v:235)
[EFX-0011 VERI-WARNING] Input/inout port dsi_txd0_lp_n_i is unconnected and will be removed. (VDB-8003) (D:\Efinity_Project\Efinity_Project\Ti60F225_OV5640_Face_Reproduction\example_top.v:236)
[EFX-0011 VERI-WARNING] Input/inout port dsi_txd1_lp_p_i is unconnected and will be removed. (VDB-8003) (D:\Efinity_Project\Efinity_Project\Ti60F225_OV5640_Face_Reproduction\example_top.v:237)
[EFX-0011 VERI-WARNING] Input/inout port dsi_txd1_lp_n_i is unconnected and will be removed. (VDB-8003) (D:\Efinity_Project\Efinity_Project\Ti60F225_OV5640_Face_Reproduction\example_top.v:238)
[EFX-0011 VERI-WARNING] Input/inout port dsi_txd2_lp_p_i is unconnected and will be removed. (VDB-8003) (D:\Efinity_Project\Efinity_Project\Ti60F225_OV5640_Face_Reproduction\example_top.v:239)
[EFX-0011 VERI-WARNING] Input/inout port dsi_txd2_lp_n_i is unconnected and will be removed. (VDB-8003) (D:\Efinity_Project\Efinity_Project\Ti60F225_OV5640_Face_Reproduction\example_top.v:240)
[EFX-0011 VERI-WARNING] Input/inout port dsi_txd3_lp_p_i is unconnected and will be removed. (VDB-8003) (D:\Efinity_Project\Efinity_Project\Ti60F225_OV5640_Face_Reproduction\example_top.v:241)
[EFX-0011 VERI-WARNING] Input/inout port dsi_txd3_lp_n_i is unconnected and will be removed. (VDB-8003) (D:\Efinity_Project\Efinity_Project\Ti60F225_OV5640_Face_Reproduction\example_top.v:242)
[EFX-0011 VERI-WARNING] Input/inout port uart_rx_i is unconnected and will be removed. (VDB-8003) (D:\Efinity_Project\Efinity_Project\Ti60F225_OV5640_Face_Reproduction\example_top.v:247)
[EFX-0011 VERI-WARNING] Input/inout port cmos_sdat_IN is unconnected and will be removed. (VDB-8003) (D:\Efinity_Project\Efinity_Project\Ti60F225_OV5640_Face_Reproduction\example_top.v:257)
[EFX-0011 VERI-WARNING] Input/inout port cmos_ctl1_i is unconnected and will be removed. (VDB-8003) (D:\Efinity_Project\Efinity_Project\Ti60F225_OV5640_Face_Reproduction\example_top.v:269)
[EFX-0011 VERI-WARNING] Input/inout port cmos_ctl2_i is unconnected and will be removed. (VDB-8003) (D:\Efinity_Project\Efinity_Project\Ti60F225_OV5640_Face_Reproduction\example_top.v:272)
[EFX-0011 VERI-WARNING] Input/inout port cmos_ctl3_i is unconnected and will be removed. (VDB-8003) (D:\Efinity_Project\Efinity_Project\Ti60F225_OV5640_Face_Reproduction\example_top.v:275)
[EFX-0011 VERI-WARNING] Input/inout port lcd_tp_sda_i is unconnected and will be removed. (VDB-8003) (D:\Efinity_Project\Efinity_Project\Ti60F225_OV5640_Face_Reproduction\example_top.v:323)
[EFX-0011 VERI-WARNING] Input/inout port lcd_tp_scl_i is unconnected and will be removed. (VDB-8003) (D:\Efinity_Project\Efinity_Project\Ti60F225_OV5640_Face_Reproduction\example_top.v:327)
[EFX-0011 VERI-WARNING] Input/inout port lcd_tp_int_i is unconnected and will be removed. (VDB-8003) (D:\Efinity_Project\Efinity_Project\Ti60F225_OV5640_Face_Reproduction\example_top.v:331)
[EFX-0011 VERI-WARNING] Input/inout port lcd_b7_0_i[7] is unconnected and will be removed. (VDB-8003) (D:\Efinity_Project\Efinity_Project\Ti60F225_OV5640_Face_Reproduction\example_top.v:351)
[EFX-0011 VERI-WARNING] Input/inout port lcd_g7_0_i[7] is unconnected and will be removed. (VDB-8003) (D:\Efinity_Project\Efinity_Project\Ti60F225_OV5640_Face_Reproduction\example_top.v:352)
[EFX-0011 VERI-WARNING] Input/inout port lcd_r7_0_i[7] is unconnected and will be removed. (VDB-8003) (D:\Efinity_Project\Efinity_Project\Ti60F225_OV5640_Face_Reproduction\example_top.v:353)
[EFX-0011 VERI-WARNING] Found 103 warnings in the post-synthesis netlist. 

///////////////////////////////////
// Efinity Synthesis Started 
// Sep 21, 2026 20:14:21
///////////////////////////////////

[EFX-0011 VERI-WARNING] port 'cal_shift_val' remains unconnected for this instance (VERI-1927) (D:\Efinity_Project\Efinity_Project\Ti60F225_OV5640_Face_Reproduction\example_top.v:612)
[EFX-0011 VERI-WARNING] port 'axi_awid' remains unconnected for this instance (VERI-1927) (D:\Efinity_Project\Efinity_Project\Ti60F225_OV5640_Face_Reproduction\example_top.v:962)
[EFX-0011 VERI-WARNING] port 'TMDS_Clk_p' remains unconnected for this instance (VERI-1927) (D:\Efinity_Project\Efinity_Project\Ti60F225_OV5640_Face_Reproduction\example_top.v:1622)
[EFX-0011 VERI-WARNING] expression size 32 truncated to fit in target size 1 (VERI-1209) (D:\Efinity_Project\Efinity_Project\Ti60F225_OV5640_Face_Reproduction\example_top.v:443)
[EFX-0011 VERI-WARNING] port 'wr_busy' remains unconnected for this instance (VERI-1927) (D:/Efinity_Project/Efinity_Project/Ti60F225_OV5640_Face_Reproduction\ip/DdrCtrl\DdrCtrl.sv:184)
[EFX-0011 VERI-WARNING] port 'wr_data' is not connected on this instance (VERI-2435) (D:/Efinity_Project/Efinity_Project/Ti60F225_OV5640_Face_Reproduction\ip/DdrCtrl\DdrCtrl.sv:184)
[EFX-0011 VERI-WARNING] port '**' is not connected on this instance (VERI-2435) (D:/Efinity_Project/Efinity_Project/Ti60F225_OV5640_Face_Reproduction\ip/DdrCtrl\DdrCtrl.sv:2496)
[EFX-0011 VERI-WARNING] expression size ** truncated to fit in target size ** (VERI-1209) (D:/Efinity_Project/Efinity_Project/Ti60F225_OV5640_Face_Reproduction\ip/DdrCtrl\DdrCtrl.sv:2611)
[EFX-0011 VERI-WARNING] actual bit length ** differs from formal bit length *** for port '**' (VERI-1330) (D:/Efinity_Project/Efinity_Project/Ti60F225_OV5640_Face_Reproduction\ip/DdrCtrl\DdrCtrl.sv:2496)
[EFX-0011 VERI-WARNING] expression size ** truncated to fit in target size ** (VERI-1209) (D:/Efinity_Project/Efinity_Project/Ti60F225_OV5640_Face_Reproduction\ip/DdrCtrl\DdrCtrl.sv:2611)
[EFX-0011 VERI-WARNING] expression size ** truncated to fit in target size ** (VERI-1209) (D:/Efinity_Project/Efinity_Project/Ti60F225_OV5640_Face_Reproduction\ip/DdrCtrl\DdrCtrl.sv:2611)
[EFX-0011 VERI-WARNING] actual bit length ** differs from formal bit length *** for port '**' (VERI-1330) (D:/Efinity_Project/Efinity_Project/Ti60F225_OV5640_Face_Reproduction\ip/DdrCtrl\DdrCtrl.sv:2496)
[EFX-0011 VERI-WARNING] port '**' remains unconnected for this instance (VERI-1927) (D:/Efinity_Project/Efinity_Project/Ti60F225_OV5640_Face_Reproduction\ip/DdrCtrl\DdrCtrl.sv:590)
[EFX-0011 VERI-WARNING] actual bit length ** differs from formal bit length *** for port '**' (VERI-1330) (D:/Efinity_Project/Efinity_Project/Ti60F225_OV5640_Face_Reproduction\ip/DdrCtrl\DdrCtrl.sv:590)
[EFX-0011 VERI-WARNING] port '**' remains unconnected for this instance (VERI-1927) (D:/Efinity_Project/Efinity_Project/Ti60F225_OV5640_Face_Reproduction\ip/DdrCtrl\DdrCtrl.sv:1460)
[EFX-0011 VERI-WARNING] port '**' remains unconnected for this instance (VERI-1927) (D:/Efinity_Project/Efinity_Project/Ti60F225_OV5640_Face_Reproduction\ip/DdrCtrl\DdrCtrl.sv:4817)
[EFX-0011 VERI-WARNING] actual bit length ** differs from formal bit length *** for port '**' (VERI-1330) (D:/Efinity_Project/Efinity_Project/Ti60F225_OV5640_Face_Reproduction\ip/DdrCtrl\DdrCtrl.sv:4817)
[EFX-0011 VERI-WARNING] input port '**' is not connected on this instance (VDB-1013) (D:/Efinity_Project/Efinity_Project/Ti60F225_OV5640_Face_Reproduction\ip/DdrCtrl\DdrCtrl.sv:4817)
[EFX-0011 VERI-WARNING] expression size ** truncated to fit in target size ** (VERI-1209) (D:/Efinity_Project/Efinity_Project/Ti60F225_OV5640_Face_Reproduction\ip/DdrCtrl\DdrCtrl.sv:1460)
[EFX-0011 VERI-WARNING] net '**' does not have a driver (VDB-1002) (D:/Efinity_Project/Efinity_Project/Ti60F225_OV5640_Face_Reproduction\ip/DdrCtrl\DdrCtrl.sv:1460)
[EFX-0011 VERI-WARNING] net '**' does not have a driver (VDB-1002) (D:/Efinity_Project/Efinity_Project/Ti60F225_OV5640_Face_Reproduction\ip/DdrCtrl\DdrCtrl.sv:590)
[EFX-0011 VERI-WARNING] input port '**' is not connected on this instance (VDB-1013) (D:/Efinity_Project/Efinity_Project/Ti60F225_OV5640_Face_Reproduction\ip/DdrCtrl\DdrCtrl.sv:590)
[EFX-0011 VERI-WARNING] input port '**' is not connected on this instance (VDB-1013) (D:/Efinity_Project/Efinity_Project/Ti60F225_OV5640_Face_Reproduction\ip/DdrCtrl\DdrCtrl.sv:2496)
[EFX-0011 VERI-WARNING] input port 'wr_data[127]' is not connected on this instance (VDB-1013) (D:/Efinity_Project/Efinity_Project/Ti60F225_OV5640_Face_Reproduction\ip/DdrCtrl\DdrCtrl.sv:117)
[EFX-0011 VERI-WARNING] actual bit length 4 differs from formal bit length 8 for port 'axi_aid' (VERI-1330) (D:\Efinity_Project\Efinity_Project\Ti60F225_OV5640_Face_Reproduction\example_top.v:579)
[EFX-0011 VERI-WARNING] actual bit length 4 differs from formal bit length 8 for port 'axi_wid' (VERI-1330) (D:\Efinity_Project\Efinity_Project\Ti60F225_OV5640_Face_Reproduction\example_top.v:586)
[EFX-0011 VERI-WARNING] actual bit length 4 differs from formal bit length 8 for port 'axi_bid' (VERI-1330) (D:\Efinity_Project\Efinity_Project\Ti60F225_OV5640_Face_Reproduction\example_top.v:595)
[EFX-0011 VERI-WARNING] actual bit length 4 differs from formal bit length 8 for port 'axi_rid' (VERI-1330) (D:\Efinity_Project\Efinity_Project\Ti60F225_OV5640_Face_Reproduction\example_top.v:601)
[EFX-0011 VERI-WARNING] expression size 2 truncated to fit in target size 1 (VERI-1209) (D:\Efinity_Project\Efinity_Project\Ti60F225_OV5640_Face_Reproduction\src\axi\AXI4_AWARMux.v:90)
[EFX-0011 VERI-WARNING] expression size 3 truncated to fit in target size 2 (VERI-1209) (D:\Efinity_Project\Efinity_Project\Ti60F225_OV5640_Face_Reproduction\example_top.v:713)
[EFX-0011 VERI-WARNING] expression size 5 truncated to fit in target size 4 (VERI-1209) (D:\Efinity_Project\Efinity_Project\Ti60F225_OV5640_Face_Reproduction\example_top.v:714)
[EFX-0011 VERI-WARNING] actual bit length 64 differs from formal bit length 8 for port 'image_out_data' (VERI-1330) (D:\Efinity_Project\Efinity_Project\Ti60F225_OV5640_Face_Reproduction\example_top.v:861)
[EFX-0011 VERI-WARNING] expression size 32 truncated to fit in target size 16 (VERI-1209) (D:\Efinity_Project\Efinity_Project\Ti60F225_OV5640_Face_Reproduction\src\axi\axi4_ctrl.v:91)
[EFX-0011 VERI-WARNING] expression size 3 truncated to fit in target size 2 (VERI-1209) (D:\Efinity_Project\Efinity_Project\Ti60F225_OV5640_Face_Reproduction\src\axi\axi4_ctrl.v:113)
[EFX-0011 VERI-WARNING] expression size 3 truncated to fit in target size 2 (VERI-1209) (D:\Efinity_Project\Efinity_Project\Ti60F225_OV5640_Face_Reproduction\src\axi\axi4_ctrl.v:114)
[EFX-0011 VERI-WARNING] expression size 3 truncated to fit in target size 2 (VERI-1209) (D:\Efinity_Project\Efinity_Project\Ti60F225_OV5640_Face_Reproduction\src\axi\axi4_ctrl.v:196)
[EFX-0011 VERI-WARNING] expression size 2 truncated to fit in target size 1 (VERI-1209) (D:\Efinity_Project\Efinity_Project\Ti60F225_OV5640_Face_Reproduction\src\axi\axi4_ctrl.v:238)
[EFX-0011 VERI-WARNING] expression size 23 truncated to fit in target size 22 (VERI-1209) (D:\Efinity_Project\Efinity_Project\Ti60F225_OV5640_Face_Reproduction\src\axi\axi4_ctrl.v:257)
[EFX-0011 VERI-WARNING] port 'a_wr_rst_i' remains unconnected for this instance (VERI-1927) (D:/Efinity_Project/Efinity_Project/Ti60F225_OV5640_Face_Reproduction\ip/W0_FIFO_8\W0_FIFO_8.sv:116)
[EFX-0011 VERI-WARNING] expression size 32 truncated to fit in target size 14 (VERI-1209) (D:/Efinity_Project/Efinity_Project/Ti60F225_OV5640_Face_Reproduction\ip/W0_FIFO_8\W0_FIFO_8.sv:1251)
[EFX-0011 VERI-WARNING] expression size 32 truncated to fit in target size 10 (VERI-1209) (D:/Efinity_Project/Efinity_Project/Ti60F225_OV5640_Face_Reproduction\ip/W0_FIFO_8\W0_FIFO_8.sv:1252)
[EFX-0011 VERI-WARNING] input port 'a_wr_rst_i' is not connected on this instance (VDB-1013) (D:/Efinity_Project/Efinity_Project/Ti60F225_OV5640_Face_Reproduction\ip/W0_FIFO_8\W0_FIFO_8.sv:95)
[EFX-0011 VERI-WARNING] port 'a_wr_rst_i' remains unconnected for this instance (VERI-1927) (D:/Efinity_Project/Efinity_Project/Ti60F225_OV5640_Face_Reproduction\ip/R0_FIFO_16\R0_FIFO_16.sv:116)
[EFX-0011 VERI-WARNING] expression size 32 truncated to fit in target size 10 (VERI-1209) (D:/Efinity_Project/Efinity_Project/Ti60F225_OV5640_Face_Reproduction\ip/R0_FIFO_16\R0_FIFO_16.sv:1236)
[EFX-0011 VERI-WARNING] expression size 32 truncated to fit in target size 13 (VERI-1209) (D:/Efinity_Project/Efinity_Project/Ti60F225_OV5640_Face_Reproduction\ip/R0_FIFO_16\R0_FIFO_16.sv:1237)
[EFX-0011 VERI-WARNING] input port 'a_wr_rst_i' is not connected on this instance (VDB-1013) (D:/Efinity_Project/Efinity_Project/Ti60F225_OV5640_Face_Reproduction\ip/R0_FIFO_16\R0_FIFO_16.sv:95)
[EFX-0011 VERI-WARNING] expression size 17 truncated to fit in target size 16 (VERI-1209) (D:\Efinity_Project\Efinity_Project\Ti60F225_OV5640_Face_Reproduction\src\axi\axi4_ctrl.v:464)
[EFX-0011 VERI-WARNING] expression size 23 truncated to fit in target size 22 (VERI-1209) (D:\Efinity_Project\Efinity_Project\Ti60F225_OV5640_Face_Reproduction\src\axi\axi4_ctrl.v:574)
[EFX-0011 VERI-WARNING] actual bit length 32 differs from formal bit length 4 for port 'axi_bid' (VERI-1330) (D:\Efinity_Project\Efinity_Project\Ti60F225_OV5640_Face_Reproduction\example_top.v:934)
[EFX-0011 VERI-WARNING] actual bit length 32 differs from formal bit length 2 for port 'axi_bresp' (VERI-1330) (D:\Efinity_Project\Efinity_Project\Ti60F225_OV5640_Face_Reproduction\example_top.v:935)
[EFX-0011 VERI-WARNING] actual bit length 32 differs from formal bit length 1 for port 'axi_bvalid' (VERI-1330) (D:\Efinity_Project\Efinity_Project\Ti60F225_OV5640_Face_Reproduction\example_top.v:936)
[EFX-0011 VERI-WARNING] actual bit length 32 differs from formal bit length 2 for port 'axi_rresp' (VERI-1330) (D:\Efinity_Project\Efinity_Project\Ti60F225_OV5640_Face_Reproduction\example_top.v:946)
[EFX-0011 VERI-WARNING] actual bit length 64 differs from formal bit length 8 for port 'wframe_data' (VERI-1330) (D:\Efinity_Project\Efinity_Project\Ti60F225_OV5640_Face_Reproduction\example_top.v:954)
[EFX-0011 VERI-WARNING] actual bit length 8 differs from formal bit length 32 for port 'tp_o' (VERI-1330) (D:\Efinity_Project\Efinity_Project\Ti60F225_OV5640_Face_Reproduction\example_top.v:961)
[EFX-0011 VERI-WARNING] expression size 8 truncated to fit in target size 4 (VERI-1209) (D:\Efinity_Project\Efinity_Project\Ti60F225_OV5640_Face_Reproduction\example_top.v:963)
[EFX-0011 VERI-WARNING] expression size 14 truncated to fit in target size 12 (VERI-1209) (D:\Efinity_Project\Efinity_Project\Ti60F225_OV5640_Face_Reproduction\src\lcd_driver.v:145)
[EFX-0011 VERI-WARNING] actual bit length 24 differs from formal bit length 48 for port 'lcd_data' (VERI-1330) (D:\Efinity_Project\Efinity_Project\Ti60F225_OV5640_Face_Reproduction\example_top.v:1014)
[EFX-0011 VERI-WARNING] expression size 13 truncated to fit in target size 12 (VERI-1209) (D:\Efinity_Project\Efinity_Project\Ti60F225_OV5640_Face_Reproduction\src\vision\sobel3x3.v:94)
[EFX-0011 VERI-WARNING] expression size 13 truncated to fit in target size 12 (VERI-1209) (D:\Efinity_Project\Efinity_Project\Ti60F225_OV5640_Face_Reproduction\src\vision\sobel3x3.v:95)
[EFX-0011 VERI-WARNING] expression size 32 truncated to fit in target size 8 (VERI-1209) (D:\Efinity_Project\Efinity_Project\Ti60F225_OV5640_Face_Reproduction\src\face\face_reader_720p.v:22)
[EFX-0011 VERI-WARNING] actual bit length 10 differs from formal bit length 11 for port 'pixel_y' (VERI-1330) (D:\Efinity_Project\Efinity_Project\Ti60F225_OV5640_Face_Reproduction\example_top.v:1412)
[EFX-0011 VERI-WARNING] port 'rst_busy' remains unconnected for this instance (VERI-1927) (D:\Efinity_Project\Efinity_Project\Ti60F225_OV5640_Face_Reproduction\src\face\true_ccl.v:224)
[EFX-0011 VERI-WARNING] concatenation with an unsized literal will be treated as 32 bits (VERI-1320) (D:\Efinity_Project\Efinity_Project\Ti60F225_OV5640_Face_Reproduction\src\face\true_ccl.v:235)
[EFX-0011 VERI-WARNING] port 'rst_busy' remains unconnected for this instance (VERI-1927) (D:\Efinity_Project\Efinity_Project\Ti60F225_OV5640_Face_Reproduction\src\face\true_ccl.v:241)
[EFX-0011 VERI-WARNING] expression size 12 truncated to fit in target size 11 (VERI-1209) (D:\Efinity_Project\Efinity_Project\Ti60F225_OV5640_Face_Reproduction\src\face\true_ccl.v:75)
[EFX-0011 VERI-WARNING] latch inferred for net 'PreCombCur' (VERI-2580) (D:\Efinity_Project\Efinity_Project\Ti60F225_OV5640_Face_Reproduction\src\face\true_ccl.v:176)
[EFX-0011 VERI-WARNING] port 'a_wr_rst_i' remains unconnected for this instance (VERI-1927) (D:/Efinity_Project/Efinity_Project/Ti60F225_OV5640_Face_Reproduction\ip/FIFO36x512\FIFO36x512.sv:98)
[EFX-0011 VERI-WARNING] input port 'a_wr_rst_i' is not connected on this instance (VDB-1013) (D:/Efinity_Project/Efinity_Project/Ti60F225_OV5640_Face_Reproduction\ip/FIFO36x512\FIFO36x512.sv:86)
[EFX-0011 VERI-WARNING] actual bit length 32 differs from formal bit length 36 for port 'rdata' (VERI-1330) (D:\Efinity_Project\Efinity_Project\Ti60F225_OV5640_Face_Reproduction\src\face\true_ccl.v:221)
[EFX-0011 VERI-WARNING] actual bit length 66 differs from formal bit length 36 for port 'wdata' (VERI-1330) (D:\Efinity_Project\Efinity_Project\Ti60F225_OV5640_Face_Reproduction\src\face\true_ccl.v:235)
[EFX-0011 VERI-WARNING] actual bit length 34 differs from formal bit length 36 for port 'rdata' (VERI-1330) (D:\Efinity_Project\Efinity_Project\Ti60F225_OV5640_Face_Reproduction\src\face\true_ccl.v:238)
[EFX-0011 VERI-WARNING] port 'addr' is not connected on this instance (VERI-2435) (D:/Efinity_Project/Efinity_Project/Ti60F225_OV5640_Face_Reproduction\ip/BlockRam90x1024\BlockRam90x1024.v:144)
[EFX-0011 VERI-WARNING] expression size 32 truncated to fit in target size 1 (VERI-1209) (D:/Efinity_Project/Efinity_Project/Ti60F225_OV5640_Face_Reproduction\ip/BlockRam90x1024\BlockRam90x1024.v:1091)
[EFX-0011 VERI-WARNING] expression size 32 truncated to fit in target size 1 (VERI-1209) (D:/Efinity_Project/Efinity_Project/Ti60F225_OV5640_Face_Reproduction\ip/BlockRam90x1024\BlockRam90x1024.v:1092)
[EFX-0011 VERI-WARNING] expression size 32 truncated to fit in target size 1 (VERI-1209) (D:/Efinity_Project/Efinity_Project/Ti60F225_OV5640_Face_Reproduction\ip/BlockRam90x1024\BlockRam90x1024.v:1104)
[EFX-0011 VERI-WARNING] expression size 32 truncated to fit in target size 1 (VERI-1209) (D:/Efinity_Project/Efinity_Project/Ti60F225_OV5640_Face_Reproduction\ip/BlockRam90x1024\BlockRam90x1024.v:1105)
[EFX-0011 VERI-WARNING] expression size 32 truncated to fit in target size 1 (VERI-1209) (D:/Efinity_Project/Efinity_Project/Ti60F225_OV5640_Face_Reproduction\ip/BlockRam90x1024\BlockRam90x1024.v:1108)
[EFX-0011 VERI-WARNING] expression size 32 truncated to fit in target size 1 (VERI-1209) (D:/Efinity_Project/Efinity_Project/Ti60F225_OV5640_Face_Reproduction\ip/BlockRam90x1024\BlockRam90x1024.v:1109)
[EFX-0011 VERI-WARNING] input port 'addr[9]' is not connected on this instance (VDB-1013) (D:/Efinity_Project/Efinity_Project/Ti60F225_OV5640_Face_Reproduction\ip/BlockRam90x1024\BlockRam90x1024.v:133)
[EFX-0011 VERI-WARNING] input port 'clke' remains unconnected for this instance (VDB-1053) (D:/Efinity_Project/Efinity_Project/Ti60F225_OV5640_Face_Reproduction\ip/BlockRam90x1024\BlockRam90x1024.v:133)
[EFX-0011 VERI-WARNING] actual bit length 27 differs from formal bit length 26 for port 'Count' (VERI-1330) (D:\Efinity_Project\Efinity_Project\Ti60F225_OV5640_Face_Reproduction\src\face\streaming_connected_components.v:134)
[EFX-0011 VERI-WARNING] latch inferred for net 'dx0[10]' (VERI-2580) (D:\Efinity_Project\Efinity_Project\Ti60F225_OV5640_Face_Reproduction\src\face\bbox_overlay.v:192)
[EFX-0011 VERI-WARNING] actual bit length 32 differs from formal bit length 4 for port 'data_island_data' (VERI-1330) (D:\Efinity_Project\Efinity_Project\Ti60F225_OV5640_Face_Reproduction\src\hdmi_ip\rgb2dvi.v:50)
[EFX-0011 VERI-WARNING] actual bit length 4 differs from formal bit length 3 for port 'mode' (VERI-1330) (D:\Efinity_Project\Efinity_Project\Ti60F225_OV5640_Face_Reproduction\src\hdmi_ip\rgb2dvi.v:52)
[EFX-0011 VERI-WARNING] actual bit length 32 differs from formal bit length 4 for port 'data_island_data' (VERI-1330) (D:\Efinity_Project\Efinity_Project\Ti60F225_OV5640_Face_Reproduction\src\hdmi_ip\rgb2dvi.v:58)
[EFX-0011 VERI-WARNING] actual bit length 4 differs from formal bit length 3 for port 'mode' (VERI-1330) (D:\Efinity_Project\Efinity_Project\Ti60F225_OV5640_Face_Reproduction\src\hdmi_ip\rgb2dvi.v:60)
[EFX-0011 VERI-WARNING] actual bit length 32 differs from formal bit length 4 for port 'data_island_data' (VERI-1330) (D:\Efinity_Project\Efinity_Project\Ti60F225_OV5640_Face_Reproduction\src\hdmi_ip\rgb2dvi.v:66)
[EFX-0011 VERI-WARNING] actual bit length 4 differs from formal bit length 3 for port 'mode' (VERI-1330) (D:\Efinity_Project\Efinity_Project\Ti60F225_OV5640_Face_Reproduction\src\hdmi_ip\rgb2dvi.v:68)
[EFX-0011 VERI-WARNING] actual bit length 32 differs from formal bit length 1 for port 'oe_i' (VERI-1330) (D:\Efinity_Project\Efinity_Project\Ti60F225_OV5640_Face_Reproduction\example_top.v:1604)
[EFX-0011 VERI-WARNING] net 'w_dev_index_o[7]' does not have a driver (VDB-1002) (D:\Efinity_Project\Efinity_Project\Ti60F225_OV5640_Face_Reproduction\example_top.v:428)
[EFX-0011 VERI-WARNING] net 'w_dev_cmd_o[7]' does not have a driver (VDB-1002) (D:\Efinity_Project\Efinity_Project\Ti60F225_OV5640_Face_Reproduction\example_top.v:429)
[EFX-0011 VERI-WARNING] net 'w_dev_wdata_o[31]' does not have a driver (VDB-1002) (D:\Efinity_Project\Efinity_Project\Ti60F225_OV5640_Face_Reproduction\example_top.v:430)
[EFX-0011 VERI-WARNING] net 'w_dev_wvalid_o' does not have a driver (VDB-1002) (D:\Efinity_Project\Efinity_Project\Ti60F225_OV5640_Face_Reproduction\example_top.v:431)
[EFX-0011 VERI-WARNING] net 'w_spi_ssn_o' does not have a driver (VDB-1002) (D:\Efinity_Project\Efinity_Project\Ti60F225_OV5640_Face_Reproduction\example_top.v:435)
[EFX-0011 VERI-WARNING] net 'w_spi_data_o[3]' does not have a driver (VDB-1002) (D:\Efinity_Project\Efinity_Project\Ti60F225_OV5640_Face_Reproduction\example_top.v:436)
[EFX-0011 VERI-WARNING] net 'w_lcd_b_o[7]' does not have a driver (VDB-1002) (D:\Efinity_Project\Efinity_Project\Ti60F225_OV5640_Face_Reproduction\example_top.v:453)
[EFX-0011 VERI-WARNING] input port 'SerialClk' is not connected on this instance (VDB-1013) (D:\Efinity_Project\Efinity_Project\Ti60F225_OV5640_Face_Reproduction\example_top.v:1597)
[EFX-0256 WARNING] The primary output port 'csi_ctl0_o' wire 'csi_ctl0_o' is not driven.
[EFX-0256 WARNING] The primary output port 'csi_ctl1_o' wire 'csi_ctl1_o' is not driven.
[EFX-0256 WARNING] The primary output port 'csi_scl_o' wire 'csi_scl_o' is not driven.
[EFX-0256 WARNING] The primary output port 'csi_scl_oe' wire 'csi_scl_oe' is not driven.
[EFX-0256 WARNING] The primary output port 'csi_sda_o' wire 'csi_sda_o' is not driven.
[EFX-0256 WARNING] The primary output port 'csi_sda_oe' wire 'csi_sda_oe' is not driven.
[EFX-0256 WARNING] The primary output port 'csi_rxc_hs_en_o' wire 'csi_rxc_hs_en_o' is not driven.
[EFX-0256 WARNING] The primary output port 'csi_rxc_hs_term_en_o' wire 'csi_rxc_hs_term_en_o' is not driven.
[EFX-0256 WARNING] The primary output port 'csi_rxd0_rst_o' wire 'csi_rxd0_rst_o' is not driven.
[EFX-0256 WARNING] The primary output port 'csi_rxd0_hs_en_o' wire 'csi_rxd0_hs_en_o' is not driven.
[EFX-0256 WARNING] The primary output port 'csi_rxd0_hs_term_en_o' wire 'csi_rxd0_hs_term_en_o' is not driven.
[EFX-0256 WARNING] The primary output port 'csi_rxd1_rst_o' wire 'csi_rxd1_rst_o' is not driven.
[EFX-0256 WARNING] The primary output port 'csi_rxd1_hs_en_o' wire 'csi_rxd1_hs_en_o' is not driven.
[EFX-0256 WARNING] The primary output port 'csi_rxd1_hs_term_en_o' wire 'csi_rxd1_hs_term_en_o' is not driven.
[EFX-0256 WARNING] The primary output port 'csi_rxd2_rst_o' wire 'csi_rxd2_rst_o' is not driven.
[EFX-0256 WARNING] The primary output port 'csi_rxd2_hs_en_o' wire 'csi_rxd2_hs_en_o' is not driven.
[EFX-0256 WARNING] The primary output port 'csi_rxd2_hs_term_en_o' wire 'csi_rxd2_hs_term_en_o' is not driven.
[EFX-0256 WARNING] The primary output port 'csi_rxd3_rst_o' wire 'csi_rxd3_rst_o' is not driven.
[EFX-0256 WARNING] The primary output port 'csi_rxd3_hs_en_o' wire 'csi_rxd3_hs_en_o' is not driven.
[EFX-0256 WARNING] The primary output port 'csi_rxd3_hs_term_en_o' wire 'csi_rxd3_hs_term_en_o' is not driven.
[EFX-0256 WARNING] The primary output port 'dsi_txc_rst_o' wire 'dsi_txc_rst_o' is not driven.
[EFX-0256 WARNING] The primary output port 'dsi_txc_lp_p_oe' wire 'dsi_txc_lp_p_oe' is not driven.
[EFX-0256 WARNING] The primary output port 'dsi_txc_lp_p_o' wire 'dsi_txc_lp_p_o' is not driven.
[EFX-0256 WARNING] The primary output port 'dsi_txc_lp_n_oe' wire 'dsi_txc_lp_n_oe' is not driven.
[EFX-0256 WARNING] The primary output port 'dsi_txc_lp_n_o' wire 'dsi_txc_lp_n_o' is not driven.
[EFX-0256 WARNING] The primary output port 'dsi_txc_hs_oe' wire 'dsi_txc_hs_oe' is not driven.
[EFX-0256 WARNING] The primary output port 'dsi_txc_hs_o[7]' wire 'dsi_txc_hs_o[7]' is not driven.
[EFX-0256 WARNING] The primary output port 'dsi_txc_hs_o[6]' wire 'dsi_txc_hs_o[6]' is not driven.
[EFX-0256 WARNING] The primary output port 'dsi_txc_hs_o[5]' wire 'dsi_txc_hs_o[5]' is not driven.
[EFX-0256 WARNING] The primary output port 'dsi_txc_hs_o[4]' wire 'dsi_txc_hs_o[4]' is not driven.
[EFX-0256 WARNING] The primary output port 'dsi_txc_hs_o[3]' wire 'dsi_txc_hs_o[3]' is not driven.
[EFX-0256 WARNING] The primary output port 'dsi_txc_hs_o[2]' wire 'dsi_txc_hs_o[2]' is not driven.
[EFX-0256 WARNING] The primary output port 'dsi_txc_hs_o[1]' wire 'dsi_txc_hs_o[1]' is not driven.
[EFX-0256 WARNING] The primary output port 'dsi_txc_hs_o[0]' wire 'dsi_txc_hs_o[0]' is not driven.
[EFX-0256 WARNING] The primary output port 'dsi_txd0_rst_o' wire 'dsi_txd0_rst_o' is not driven.
[EFX-0256 WARNING] The primary output port 'dsi_txd0_hs_oe' wire 'dsi_txd0_hs_oe' is not driven.
[EFX-0256 WARNING] The primary output port 'dsi_txd0_hs_o[7]' wire 'dsi_txd0_hs_o[7]' is not driven.
[EFX-0256 WARNING] The primary output port 'dsi_txd0_hs_o[6]' wire 'dsi_txd0_hs_o[6]' is not driven.
[EFX-0256 WARNING] The primary output port 'dsi_txd0_hs_o[5]' wire 'dsi_txd0_hs_o[5]' is not driven.
[EFX-0256 WARNING] The primary output port 'dsi_txd0_hs_o[4]' wire 'dsi_txd0_hs_o[4]' is not driven.
[EFX-0256 WARNING] The primary output port 'dsi_txd0_hs_o[3]' wire 'dsi_txd0_hs_o[3]' is not driven.
[EFX-0256 WARNING] The primary output port 'dsi_txd0_hs_o[2]' wire 'dsi_txd0_hs_o[2]' is not driven.
[EFX-0256 WARNING] The primary output port 'dsi_txd0_hs_o[1]' wire 'dsi_txd0_hs_o[1]' is not driven.
[EFX-0256 WARNING] The primary output port 'dsi_txd0_hs_o[0]' wire 'dsi_txd0_hs_o[0]' is not driven.
[EFX-0256 WARNING] The primary output port 'dsi_txd0_lp_p_oe' wire 'dsi_txd0_lp_p_oe' is not driven.
[EFX-0256 WARNING] The primary output port 'dsi_txd0_lp_p_o' wire 'dsi_txd0_lp_p_o' is not driven.
[EFX-0256 WARNING] The primary output port 'dsi_txd0_lp_n_oe' wire 'dsi_txd0_lp_n_oe' is not driven.
[EFX-0256 WARNING] The primary output port 'dsi_txd0_lp_n_o' wire 'dsi_txd0_lp_n_o' is not driven.
[EFX-0256 WARNING] The primary output port 'dsi_txd1_rst_o' wire 'dsi_txd1_rst_o' is not driven.
[EFX-0256 WARNING] The primary output port 'dsi_txd1_lp_p_oe' wire 'dsi_txd1_lp_p_oe' is not driven.
[EFX-0256 WARNING] The primary output port 'dsi_txd1_lp_p_o' wire 'dsi_txd1_lp_p_o' is not driven.
[EFX-0256 WARNING] The primary output port 'dsi_txd1_lp_n_oe' wire 'dsi_txd1_lp_n_oe' is not driven.
[EFX-0256 WARNING] The primary output port 'dsi_txd1_lp_n_o' wire 'dsi_txd1_lp_n_o' is not driven.
[EFX-0256 WARNING] The primary output port 'dsi_txd1_hs_oe' wire 'dsi_txd1_hs_oe' is not driven.
[EFX-0256 WARNING] The primary output port 'dsi_txd1_hs_o[7]' wire 'dsi_txd1_hs_o[7]' is not driven.
[EFX-0256 WARNING] The primary output port 'dsi_txd1_hs_o[6]' wire 'dsi_txd1_hs_o[6]' is not driven.
[EFX-0256 WARNING] The primary output port 'dsi_txd1_hs_o[5]' wire 'dsi_txd1_hs_o[5]' is not driven.
[EFX-0256 WARNING] The primary output port 'dsi_txd1_hs_o[4]' wire 'dsi_txd1_hs_o[4]' is not driven.
[EFX-0256 WARNING] The primary output port 'dsi_txd1_hs_o[3]' wire 'dsi_txd1_hs_o[3]' is not driven.
[EFX-0256 WARNING] The primary output port 'dsi_txd1_hs_o[2]' wire 'dsi_txd1_hs_o[2]' is not driven.
[EFX-0256 WARNING] The primary output port 'dsi_txd1_hs_o[1]' wire 'dsi_txd1_hs_o[1]' is not driven.
[EFX-0256 WARNING] The primary output port 'dsi_txd1_hs_o[0]' wire 'dsi_txd1_hs_o[0]' is not driven.
[EFX-0256 WARNING] The primary output port 'dsi_txd2_rst_o' wire 'dsi_txd2_rst_o' is not driven.
[EFX-0256 WARNING] The primary output port 'dsi_txd2_lp_p_oe' wire 'dsi_txd2_lp_p_oe' is not driven.
[EFX-0256 WARNING] The primary output port 'dsi_txd2_lp_p_o' wire 'dsi_txd2_lp_p_o' is not driven.
[EFX-0256 WARNING] The primary output port 'dsi_txd2_lp_n_oe' wire 'dsi_txd2_lp_n_oe' is not driven.
[EFX-0256 WARNING] The primary output port 'dsi_txd2_lp_n_o' wire 'dsi_txd2_lp_n_o' is not driven.
[EFX-0256 WARNING] The primary output port 'dsi_txd2_hs_oe' wire 'dsi_txd2_hs_oe' is not driven.
[EFX-0256 WARNING] The primary output port 'dsi_txd2_hs_o[7]' wire 'dsi_txd2_hs_o[7]' is not driven.
[EFX-0256 WARNING] The primary output port 'dsi_txd2_hs_o[6]' wire 'dsi_txd2_hs_o[6]' is not driven.
[EFX-0256 WARNING] The primary output port 'dsi_txd2_hs_o[5]' wire 'dsi_txd2_hs_o[5]' is not driven.
[EFX-0256 WARNING] The primary output port 'dsi_txd2_hs_o[4]' wire 'dsi_txd2_hs_o[4]' is not driven.
[EFX-0256 WARNING] The primary output port 'dsi_txd2_hs_o[3]' wire 'dsi_txd2_hs_o[3]' is not driven.
[EFX-0256 WARNING] The primary output port 'dsi_txd2_hs_o[2]' wire 'dsi_txd2_hs_o[2]' is not driven.
[EFX-0256 WARNING] The primary output port 'dsi_txd2_hs_o[1]' wire 'dsi_txd2_hs_o[1]' is not driven.
[EFX-0256 WARNING] The primary output port 'dsi_txd2_hs_o[0]' wire 'dsi_txd2_hs_o[0]' is not driven.
[EFX-0256 WARNING] The primary output port 'dsi_txd3_rst_o' wire 'dsi_txd3_rst_o' is not driven.
[EFX-0256 WARNING] The primary output port 'dsi_txd3_lp_p_oe' wire 'dsi_txd3_lp_p_oe' is not driven.
[EFX-0256 WARNING] The primary output port 'dsi_txd3_lp_p_o' wire 'dsi_txd3_lp_p_o' is not driven.
[EFX-0256 WARNING] The primary output port 'dsi_txd3_lp_n_oe' wire 'dsi_txd3_lp_n_oe' is not driven.
[EFX-0256 WARNING] The primary output port 'dsi_txd3_lp_n_o' wire 'dsi_txd3_lp_n_o' is not driven.
[EFX-0256 WARNING] The primary output port 'dsi_txd3_hs_oe' wire 'dsi_txd3_hs_oe' is not driven.
[EFX-0256 WARNING] The primary output port 'dsi_txd3_hs_o[7]' wire 'dsi_txd3_hs_o[7]' is not driven.
[EFX-0256 WARNING] The primary output port 'dsi_txd3_hs_o[6]' wire 'dsi_txd3_hs_o[6]' is not driven.
[EFX-0256 WARNING] The primary output port 'dsi_txd3_hs_o[5]' wire 'dsi_txd3_hs_o[5]' is not driven.
[EFX-0256 WARNING] The primary output port 'dsi_txd3_hs_o[4]' wire 'dsi_txd3_hs_o[4]' is not driven.
[EFX-0256 WARNING] The primary output port 'dsi_txd3_hs_o[3]' wire 'dsi_txd3_hs_o[3]' is not driven.
[EFX-0256 WARNING] The primary output port 'dsi_txd3_hs_o[2]' wire 'dsi_txd3_hs_o[2]' is not driven.
[EFX-0256 WARNING] The primary output port 'dsi_txd3_hs_o[1]' wire 'dsi_txd3_hs_o[1]' is not driven.
[EFX-0256 WARNING] The primary output port 'dsi_txd3_hs_o[0]' wire 'dsi_txd3_hs_o[0]' is not driven.
[EFX-0256 WARNING] The primary output port 'uart_tx_o' wire 'uart_tx_o' is not driven.
[EFX-0256 WARNING] The primary output port 'led_o[4]' wire 'led_o[4]' is not driven.
[EFX-0256 WARNING] The primary output port 'lvds_txc_oe' wire 'lvds_txc_oe' is not driven.
[EFX-0256 WARNING] The primary output port 'lvds_txc_o[6]' wire 'lvds_txc_o[6]' is not driven.
[EFX-0256 WARNING] The primary output port 'lvds_txc_o[5]' wire 'lvds_txc_o[5]' is not driven.
[EFX-0256 WARNING] The primary output port 'lvds_txc_o[4]' wire 'lvds_txc_o[4]' is not driven.
[EFX-0256 WARNING] The primary output port 'lvds_txc_o[3]' wire 'lvds_txc_o[3]' is not driven.
[EFX-0256 WARNING] The primary output port 'lvds_txc_o[2]' wire 'lvds_txc_o[2]' is not driven.
[EFX-0256 WARNING] The primary output port 'lvds_txc_o[1]' wire 'lvds_txc_o[1]' is not driven.
[EFX-0256 WARNING] The primary output port 'lvds_txc_o[0]' wire 'lvds_txc_o[0]' is not driven.
[EFX-0256 WARNING] The primary output port 'lvds_txc_rst_o' wire 'lvds_txc_rst_o' is not driven.
[EFX-0256 WARNING] The primary output port 'lvds_txd0_oe' wire 'lvds_txd0_oe' is not driven.
[EFX-0256 WARNING] The primary output port 'lvds_txd0_o[6]' wire 'lvds_txd0_o[6]' is not driven.
[EFX-0256 WARNING] The primary output port 'lvds_txd0_o[5]' wire 'lvds_txd0_o[5]' is not driven.
[EFX-0256 WARNING] The primary output port 'lvds_txd0_o[4]' wire 'lvds_txd0_o[4]' is not driven.
[EFX-0256 WARNING] The primary output port 'lvds_txd0_o[3]' wire 'lvds_txd0_o[3]' is not driven.
[EFX-0256 WARNING] The primary output port 'lvds_txd0_o[2]' wire 'lvds_txd0_o[2]' is not driven.
[EFX-0256 WARNING] The primary output port 'lvds_txd0_o[1]' wire 'lvds_txd0_o[1]' is not driven.
[EFX-0256 WARNING] The primary output port 'lvds_txd0_o[0]' wire 'lvds_txd0_o[0]' is not driven.
[EFX-0256 WARNING] The primary output port 'lvds_txd0_rst_o' wire 'lvds_txd0_rst_o' is not driven.
[EFX-0256 WARNING] The primary output port 'lvds_txd1_oe' wire 'lvds_txd1_oe' is not driven.
[EFX-0256 WARNING] The primary output port 'lvds_txd1_o[6]' wire 'lvds_txd1_o[6]' is not driven.
[EFX-0256 WARNING] The primary output port 'lvds_txd1_o[5]' wire 'lvds_txd1_o[5]' is not driven.
[EFX-0256 WARNING] The primary output port 'lvds_txd1_o[4]' wire 'lvds_txd1_o[4]' is not driven.
[EFX-0256 WARNING] The primary output port 'lvds_txd1_o[3]' wire 'lvds_txd1_o[3]' is not driven.
[EFX-0256 WARNING] The primary output port 'lvds_txd1_o[2]' wire 'lvds_txd1_o[2]' is not driven.
[EFX-0256 WARNING] The primary output port 'lvds_txd1_o[1]' wire 'lvds_txd1_o[1]' is not driven.
[EFX-0256 WARNING] The primary output port 'lvds_txd1_o[0]' wire 'lvds_txd1_o[0]' is not driven.
[EFX-0256 WARNING] The primary output port 'lvds_txd1_rst_o' wire 'lvds_txd1_rst_o' is not driven.
[EFX-0256 WARNING] The primary output port 'lvds_txd2_oe' wire 'lvds_txd2_oe' is not driven.
[EFX-0256 WARNING] The primary output port 'lvds_txd2_o[6]' wire 'lvds_txd2_o[6]' is not driven.
[EFX-0256 WARNING] The primary output port 'lvds_txd2_o[5]' wire 'lvds_txd2_o[5]' is not driven.
[EFX-0256 WARNING] The primary output port 'lvds_txd2_o[4]' wire 'lvds_txd2_o[4]' is not driven.
[EFX-0256 WARNING] The primary output port 'lvds_txd2_o[3]' wire 'lvds_txd2_o[3]' is not driven.
[EFX-0256 WARNING] The primary output port 'lvds_txd2_o[2]' wire 'lvds_txd2_o[2]' is not driven.
[EFX-0256 WARNING] The primary output port 'lvds_txd2_o[1]' wire 'lvds_txd2_o[1]' is not driven.
[EFX-0256 WARNING] The primary output port 'lvds_txd2_o[0]' wire 'lvds_txd2_o[0]' is not driven.
[EFX-0256 WARNING] The primary output port 'lvds_txd2_rst_o' wire 'lvds_txd2_rst_o' is not driven.
[EFX-0256 WARNING] The primary output port 'lvds_txd3_oe' wire 'lvds_txd3_oe' is not driven.
[EFX-0256 WARNING] The primary output port 'lvds_txd3_o[6]' wire 'lvds_txd3_o[6]' is not driven.
[EFX-0256 WARNING] The primary output port 'lvds_txd3_o[5]' wire 'lvds_txd3_o[5]' is not driven.
[EFX-0256 WARNING] The primary output port 'lvds_txd3_o[4]' wire 'lvds_txd3_o[4]' is not driven.
[EFX-0256 WARNING] The primary output port 'lvds_txd3_o[3]' wire 'lvds_txd3_o[3]' is not driven.
[EFX-0256 WARNING] The primary output port 'lvds_txd3_o[2]' wire 'lvds_txd3_o[2]' is not driven.
[EFX-0256 WARNING] The primary output port 'lvds_txd3_o[1]' wire 'lvds_txd3_o[1]' is not driven.
[EFX-0256 WARNING] The primary output port 'lvds_txd3_o[0]' wire 'lvds_txd3_o[0]' is not driven.
[EFX-0256 WARNING] The primary output port 'lvds_txd3_rst_o' wire 'lvds_txd3_rst_o' is not driven.
[EFX-0256 WARNING] The primary output port 'lcd_tp_sda_o' wire 'lcd_tp_sda_o' is not driven.
[EFX-0256 WARNING] The primary output port 'lcd_tp_sda_oe' wire 'lcd_tp_sda_oe' is not driven.
[EFX-0256 WARNING] The primary output port 'lcd_tp_scl_o' wire 'lcd_tp_scl_o' is not driven.
[EFX-0256 WARNING] The primary output port 'lcd_tp_scl_oe' wire 'lcd_tp_scl_oe' is not driven.
[EFX-0256 WARNING] The primary output port 'lcd_tp_int_o' wire 'lcd_tp_int_o' is not driven.
[EFX-0256 WARNING] The primary output port 'lcd_tp_int_oe' wire 'lcd_tp_int_oe' is not driven.
[EFX-0256 WARNING] The primary output port 'lcd_tp_rst_o' wire 'lcd_tp_rst_o' is not driven.
[EFX-0256 WARNING] The primary output port 'lcd_pwm_o' wire 'lcd_pwm_o' is not driven.
[EFX-0256 WARNING] The primary output port 'lcd_blen_o' wire 'lcd_blen_o' is not driven.
[EFX-0256 WARNING] The primary output port 'lcd_vs_o' wire 'lcd_vs_o' is not driven.
[EFX-0256 WARNING] The primary output port 'lcd_hs_o' wire 'lcd_hs_o' is not driven.
[EFX-0256 WARNING] The primary output port 'lcd_de_o' wire 'lcd_de_o' is not driven.
[EFX-0200 WARNING] Removing redundant signal : Shift_Q7_Out[4][7]. (D:/Efinity_Project/Efinity_Project/Ti60F225_OV5640_Face_Reproduction\ip/DdrCtrl\DdrCtrl.sv:2611)
[EFX-0200 WARNING] Removing redundant signal : Shift_Q7_Out[4][6]. (D:/Efinity_Project/Efinity_Project/Ti60F225_OV5640_Face_Reproduction\ip/DdrCtrl\DdrCtrl.sv:2611)
[EFX-0200 WARNING] Removing redundant signal : Shift_Q7_Out[4][5]. (D:/Efinity_Project/Efinity_Project/Ti60F225_OV5640_Face_Reproduction\ip/DdrCtrl\DdrCtrl.sv:2611)
[EFX-0200 WARNING] Removing redundant signal : Shift_Q7_Out[4][4]. (D:/Efinity_Project/Efinity_Project/Ti60F225_OV5640_Face_Reproduction\ip/DdrCtrl\DdrCtrl.sv:2611)
[EFX-0200 WARNING] Removing redundant signal : Shift_Q7_Out[4][3]. (D:/Efinity_Project/Efinity_Project/Ti60F225_OV5640_Face_Reproduction\ip/DdrCtrl\DdrCtrl.sv:2611)
[EFX-0200 WARNING] Removing redundant signal : Shift_Q7_Out[4][2]. (D:/Efinity_Project/Efinity_Project/Ti60F225_OV5640_Face_Reproduction\ip/DdrCtrl\DdrCtrl.sv:2611)
[EFX-0200 WARNING] Removing redundant signal : Shift_Q7_Out[4][1]. (D:/Efinity_Project/Efinity_Project/Ti60F225_OV5640_Face_Reproduction\ip/DdrCtrl\DdrCtrl.sv:2611)
[EFX-0200 WARNING] Removing redundant signal : Shift_Q7_Out[4][0]. (D:/Efinity_Project/Efinity_Project/Ti60F225_OV5640_Face_Reproduction\ip/DdrCtrl\DdrCtrl.sv:2611)
[EFX-0200 WARNING] Removing redundant signal : Shift_Out[7]. (D:/Efinity_Project/Efinity_Project/Ti60F225_OV5640_Face_Reproduction\ip/DdrCtrl\DdrCtrl.sv:2611)
[EFX-0200 WARNING] Removing redundant signal : Shift_Out[6]. (D:/Efinity_Project/Efinity_Project/Ti60F225_OV5640_Face_Reproduction\ip/DdrCtrl\DdrCtrl.sv:2611)
[EFX-0200 WARNING] Removing redundant signal : Shift_Out[5]. (D:/Efinity_Project/Efinity_Project/Ti60F225_OV5640_Face_Reproduction\ip/DdrCtrl\DdrCtrl.sv:2611)
[EFX-0200 WARNING] Removing redundant signal : Shift_Out[4]. (D:/Efinity_Project/Efinity_Project/Ti60F225_OV5640_Face_Reproduction\ip/DdrCtrl\DdrCtrl.sv:2611)
[EFX-0200 WARNING] Removing redundant signal : Shift_Out[3]. (D:/Efinity_Project/Efinity_Project/Ti60F225_OV5640_Face_Reproduction\ip/DdrCtrl\DdrCtrl.sv:2611)
[EFX-0200 WARNING] Removing redundant signal : Shift_Out[2]. (D:/Efinity_Project/Efinity_Project/Ti60F225_OV5640_Face_Reproduction\ip/DdrCtrl\DdrCtrl.sv:2611)
[EFX-0200 WARNING] Removing redundant signal : Shift_Out[1]. (D:/Efinity_Project/Efinity_Project/Ti60F225_OV5640_Face_Reproduction\ip/DdrCtrl\DdrCtrl.sv:2611)
[EFX-0200 WARNING] Removing redundant signal : Shift_Out[0]. (D:/Efinity_Project/Efinity_Project/Ti60F225_OV5640_Face_Reproduction\ip/DdrCtrl\DdrCtrl.sv:2611)
[EFX-0200 WARNING] Removing redundant signal : Shift_Q7_Out[4][31]. (D:/Efinity_Project/Efinity_Project/Ti60F225_OV5640_Face_Reproduction\ip/DdrCtrl\DdrCtrl.sv:2611)
[EFX-0200 WARNING] Removing redundant signal : Shift_Q7_Out[4][30]. (D:/Efinity_Project/Efinity_Project/Ti60F225_OV5640_Face_Reproduction\ip/DdrCtrl\DdrCtrl.sv:2611)
[EFX-0200 WARNING] Removing redundant signal : Shift_Q7_Out[4][29]. (D:/Efinity_Project/Efinity_Project/Ti60F225_OV5640_Face_Reproduction\ip/DdrCtrl\DdrCtrl.sv:2611)
[EFX-0200 WARNING] Removing redundant signal : Shift_Q7_Out[4][28]. (D:/Efinity_Project/Efinity_Project/Ti60F225_OV5640_Face_Reproduction\ip/DdrCtrl\DdrCtrl.sv:2611)
[EFX-0201 WARNING] Re-wiring to GND non-driven net 'u_efx_fifo_top.a_rst_i'. (D:/Efinity_Project/Efinity_Project/Ti60F225_OV5640_Face_Reproduction\ip/DdrCtrl\DdrCtrl.sv:4817)
[EFX-0201 WARNING] Re-wiring to GND non-driven net 'u_efx_fifo_top.clk_i'. (D:/Efinity_Project/Efinity_Project/Ti60F225_OV5640_Face_Reproduction\ip/DdrCtrl\DdrCtrl.sv:4817)
[EFX-0201 WARNING] Re-wiring to GND non-driven net 'r_rd_fifo_wr_en_p[31]'. (D:/Efinity_Project/Efinity_Project/Ti60F225_OV5640_Face_Reproduction\ip/DdrCtrl\DdrCtrl.sv:1460)
[EFX-0201 WARNING] Re-wiring to GND non-driven net 'r_rd_fifo_wr_en_p[30]'. (D:/Efinity_Project/Efinity_Project/Ti60F225_OV5640_Face_Reproduction\ip/DdrCtrl\DdrCtrl.sv:1460)
[EFX-0201 WARNING] Re-wiring to GND non-driven net 'r_rd_fifo_wr_en_p[29]'. (D:/Efinity_Project/Efinity_Project/Ti60F225_OV5640_Face_Reproduction\ip/DdrCtrl\DdrCtrl.sv:1460)
[EFX-0201 WARNING] Re-wiring to GND non-driven net 'r_rd_fifo_wr_en_p[28]'. (D:/Efinity_Project/Efinity_Project/Ti60F225_OV5640_Face_Reproduction\ip/DdrCtrl\DdrCtrl.sv:1460)
[EFX-0201 WARNING] Re-wiring to GND non-driven net 'r_rd_fifo_wr_en_p[27]'. (D:/Efinity_Project/Efinity_Project/Ti60F225_OV5640_Face_Reproduction\ip/DdrCtrl\DdrCtrl.sv:1460)
[EFX-0201 WARNING] Re-wiring to GND non-driven net 'r_rd_fifo_wr_en_p[26]'. (D:/Efinity_Project/Efinity_Project/Ti60F225_OV5640_Face_Reproduction\ip/DdrCtrl\DdrCtrl.sv:1460)
[EFX-0201 WARNING] Re-wiring to GND non-driven net 'r_rd_fifo_wr_en_p[25]'. (D:/Efinity_Project/Efinity_Project/Ti60F225_OV5640_Face_Reproduction\ip/DdrCtrl\DdrCtrl.sv:1460)
[EFX-0201 WARNING] Re-wiring to GND non-driven net 'r_rd_fifo_wr_en_p[24]'. (D:/Efinity_Project/Efinity_Project/Ti60F225_OV5640_Face_Reproduction\ip/DdrCtrl\DdrCtrl.sv:1460)
[EFX-0657 WARNING] Mapping into logic memory block 'u_face_ccl/min_x_buf0' (704 bits) (D:\Efinity_Project\Efinity_Project\Ti60F225_OV5640_Face_Reproduction\src\face\streaming_connected_components.v:181) because it has async writer.
[EFX-0657 WARNING] Mapping into logic memory block 'u_face_ccl/max_x_buf0' (704 bits) (D:\Efinity_Project\Efinity_Project\Ti60F225_OV5640_Face_Reproduction\src\face\streaming_connected_components.v:181) because it has async writer.
[EFX-0657 WARNING] Mapping into logic memory block 'u_face_ccl/min_y_buf0' (640 bits) (D:\Efinity_Project\Efinity_Project\Ti60F225_OV5640_Face_Reproduction\src\face\streaming_connected_components.v:182) because it has async writer.
[EFX-0657 WARNING] Mapping into logic memory block 'u_face_ccl/max_y_buf0' (640 bits) (D:\Efinity_Project\Efinity_Project\Ti60F225_OV5640_Face_Reproduction\src\face\streaming_connected_components.v:182) because it has async writer.
[EFX-0657 WARNING] Mapping into logic memory block 'u_face_ccl/area_buf0' (1408 bits) (D:\Efinity_Project\Efinity_Project\Ti60F225_OV5640_Face_Reproduction\src\face\streaming_connected_components.v:183) because it has async writer.
[EFX-0657 WARNING] Mapping into logic memory block 'u_face_ccl/min_x_buf1' (704 bits) (D:\Efinity_Project\Efinity_Project\Ti60F225_OV5640_Face_Reproduction\src\face\streaming_connected_components.v:184) because it has async writer.
[EFX-0657 WARNING] Mapping into logic memory block 'u_face_ccl/max_x_buf1' (704 bits) (D:\Efinity_Project\Efinity_Project\Ti60F225_OV5640_Face_Reproduction\src\face\streaming_connected_components.v:184) because it has async writer.
[EFX-0657 WARNING] Mapping into logic memory block 'u_face_ccl/min_y_buf1' (640 bits) (D:\Efinity_Project\Efinity_Project\Ti60F225_OV5640_Face_Reproduction\src\face\streaming_connected_components.v:185) because it has async writer.
[EFX-0657 WARNING] Mapping into logic memory block 'u_face_ccl/max_y_buf1' (640 bits) (D:\Efinity_Project\Efinity_Project\Ti60F225_OV5640_Face_Reproduction\src\face\streaming_connected_components.v:185) because it has async writer.
[EFX-0657 WARNING] Mapping into logic memory block 'u_face_ccl/area_buf1' (1408 bits) (D:\Efinity_Project\Efinity_Project\Ti60F225_OV5640_Face_Reproduction\src\face\streaming_connected_components.v:186) because it has async writer.
[EFX-0011 VERI-WARNING] Input/inout port clk_24m is unconnected and will be removed. (VDB-8003) (D:\Efinity_Project\Efinity_Project\Ti60F225_OV5640_Face_Reproduction\example_top.v:11)
[EFX-0011 VERI-WARNING] Input/inout port clk_25m is unconnected and will be removed. (VDB-8003) (D:\Efinity_Project\Efinity_Project\Ti60F225_OV5640_Face_Reproduction\example_top.v:12)
[EFX-0011 VERI-WARNING] Input/inout port clk_pixel_2x is unconnected and will be removed. (VDB-8003) (D:\Efinity_Project\Efinity_Project\Ti60F225_OV5640_Face_Reproduction\example_top.v:21)
[EFX-0011 VERI-WARNING] Input/inout port clk_pixel_10x is unconnected and will be removed. (VDB-8003) (D:\Efinity_Project\Efinity_Project\Ti60F225_OV5640_Face_Reproduction\example_top.v:22)
[EFX-0011 VERI-WARNING] Input/inout port dsi_refclk_i is unconnected and will be removed. (VDB-8003) (D:\Efinity_Project\Efinity_Project\Ti60F225_OV5640_Face_Reproduction\example_top.v:30)
[EFX-0011 VERI-WARNING] Input/inout port dsi_byteclk_i is unconnected and will be removed. (VDB-8003) (D:\Efinity_Project\Efinity_Project\Ti60F225_OV5640_Face_Reproduction\example_top.v:31)
[EFX-0011 VERI-WARNING] Input/inout port dsi_serclk_i is unconnected and will be removed. (VDB-8003) (D:\Efinity_Project\Efinity_Project\Ti60F225_OV5640_Face_Reproduction\example_top.v:32)
[EFX-0011 VERI-WARNING] Input/inout port dsi_txcclk_i is unconnected and will be removed. (VDB-8003) (D:\Efinity_Project\Efinity_Project\Ti60F225_OV5640_Face_Reproduction\example_top.v:33)
[EFX-0011 VERI-WARNING] Input/inout port clk_lvds_1x is unconnected and will be removed. (VDB-8003) (D:\Efinity_Project\Efinity_Project\Ti60F225_OV5640_Face_Reproduction\example_top.v:60)
[EFX-0011 VERI-WARNING] Input/inout port clk_lvds_7x is unconnected and will be removed. (VDB-8003) (D:\Efinity_Project\Efinity_Project\Ti60F225_OV5640_Face_Reproduction\example_top.v:61)
[EFX-0011 VERI-WARNING] Input/inout port clk_27m is unconnected and will be removed. (VDB-8003) (D:\Efinity_Project\Efinity_Project\Ti60F225_OV5640_Face_Reproduction\example_top.v:62)
[EFX-0011 VERI-WARNING] Input/inout port clk_54m is unconnected and will be removed. (VDB-8003) (D:\Efinity_Project\Efinity_Project\Ti60F225_OV5640_Face_Reproduction\example_top.v:63)
[EFX-0011 VERI-WARNING] Input/inout port i_dqs_n_hi[1] is unconnected and will be removed. (VDB-8003) (D:\Efinity_Project\Efinity_Project\Ti60F225_OV5640_Face_Reproduction\example_top.v:97)
[EFX-0011 VERI-WARNING] Input/inout port i_dqs_n_lo[1] is unconnected and will be removed. (VDB-8003) (D:\Efinity_Project\Efinity_Project\Ti60F225_OV5640_Face_Reproduction\example_top.v:98)
[EFX-0011 VERI-WARNING] Input/inout port csi_ctl0_i is unconnected and will be removed. (VDB-8003) (D:\Efinity_Project\Efinity_Project\Ti60F225_OV5640_Face_Reproduction\example_top.v:121)
[EFX-0011 VERI-WARNING] Input/inout port csi_ctl1_i is unconnected and will be removed. (VDB-8003) (D:\Efinity_Project\Efinity_Project\Ti60F225_OV5640_Face_Reproduction\example_top.v:125)
[EFX-0011 VERI-WARNING] Input/inout port csi_scl_i is unconnected and will be removed. (VDB-8003) (D:\Efinity_Project\Efinity_Project\Ti60F225_OV5640_Face_Reproduction\example_top.v:129)
[EFX-0011 VERI-WARNING] Input/inout port csi_sda_i is unconnected and will be removed. (VDB-8003) (D:\Efinity_Project\Efinity_Project\Ti60F225_OV5640_Face_Reproduction\example_top.v:133)
[EFX-0011 VERI-WARNING] Input/inout port csi_rxc_lp_p_i is unconnected and will be removed. (VDB-8003) (D:\Efinity_Project\Efinity_Project\Ti60F225_OV5640_Face_Reproduction\example_top.v:136)
[EFX-0011 VERI-WARNING] Input/inout port csi_rxc_lp_n_i is unconnected and will be removed. (VDB-8003) (D:\Efinity_Project\Efinity_Project\Ti60F225_OV5640_Face_Reproduction\example_top.v:137)
[EFX-0011 VERI-WARNING] Input/inout port csi_rxc_i is unconnected and will be removed. (VDB-8003) (D:\Efinity_Project\Efinity_Project\Ti60F225_OV5640_Face_Reproduction\example_top.v:140)
[EFX-0011 VERI-WARNING] Input/inout port csi_rxd0_lp_p_i is unconnected and will be removed. (VDB-8003) (D:\Efinity_Project\Efinity_Project\Ti60F225_OV5640_Face_Reproduction\example_top.v:147)
[EFX-0011 VERI-WARNING] Input/inout port csi_rxd0_lp_n_i is unconnected and will be removed. (VDB-8003) (D:\Efinity_Project\Efinity_Project\Ti60F225_OV5640_Face_Reproduction\example_top.v:148)
[EFX-0011 VERI-WARNING] Input/inout port csi_rxd0_hs_i[7] is unconnected and will be removed. (VDB-8003) (D:\Efinity_Project\Efinity_Project\Ti60F225_OV5640_Face_Reproduction\example_top.v:149)
[EFX-0011 VERI-WARNING] Input/inout port csi_rxd1_lp_n_i is unconnected and will be removed. (VDB-8003) (D:\Efinity_Project\Efinity_Project\Ti60F225_OV5640_Face_Reproduction\example_top.v:156)
[EFX-0011 VERI-WARNING] Input/inout port csi_rxd1_lp_p_i is unconnected and will be removed. (VDB-8003) (D:\Efinity_Project\Efinity_Project\Ti60F225_OV5640_Face_Reproduction\example_top.v:157)
[EFX-0011 VERI-WARNING] Input/inout port csi_rxd1_hs_i[7] is unconnected and will be removed. (VDB-8003) (D:\Efinity_Project\Efinity_Project\Ti60F225_OV5640_Face_Reproduction\example_top.v:158)
[EFX-0011 VERI-WARNING] Input/inout port csi_rxd2_lp_p_i is unconnected and will be removed. (VDB-8003) (D:\Efinity_Project\Efinity_Project\Ti60F225_OV5640_Face_Reproduction\example_top.v:165)
[EFX-0011 VERI-WARNING] Input/inout port csi_rxd2_lp_n_i is unconnected and will be removed. (VDB-8003) (D:\Efinity_Project\Efinity_Project\Ti60F225_OV5640_Face_Reproduction\example_top.v:166)
[EFX-0011 VERI-WARNING] Input/inout port csi_rxd2_hs_i[7] is unconnected and will be removed. (VDB-8003) (D:\Efinity_Project\Efinity_Project\Ti60F225_OV5640_Face_Reproduction\example_top.v:167)
[EFX-0011 VERI-WARNING] Input/inout port csi_rxd3_lp_p_i is unconnected and will be removed. (VDB-8003) (D:\Efinity_Project\Efinity_Project\Ti60F225_OV5640_Face_Reproduction\example_top.v:174)
[EFX-0011 VERI-WARNING] Input/inout port csi_rxd3_lp_n_i is unconnected and will be removed. (VDB-8003) (D:\Efinity_Project\Efinity_Project\Ti60F225_OV5640_Face_Reproduction\example_top.v:175)
[EFX-0011 VERI-WARNING] Input/inout port csi_rxd3_hs_i[7] is unconnected and will be removed. (VDB-8003) (D:\Efinity_Project\Efinity_Project\Ti60F225_OV5640_Face_Reproduction\example_top.v:176)
[EFX-0011 VERI-WARNING] Input/inout port dsi_txd0_lp_p_i is unconnected and will be removed. (VDB-8003) (D:\Efinity_Project\Efinity_Project\Ti60F225_OV5640_Face_Reproduction\example_top.v:235)
[EFX-0011 VERI-WARNING] Input/inout port dsi_txd0_lp_n_i is unconnected and will be removed. (VDB-8003) (D:\Efinity_Project\Efinity_Project\Ti60F225_OV5640_Face_Reproduction\example_top.v:236)
[EFX-0011 VERI-WARNING] Input/inout port dsi_txd1_lp_p_i is unconnected and will be removed. (VDB-8003) (D:\Efinity_Project\Efinity_Project\Ti60F225_OV5640_Face_Reproduction\example_top.v:237)
[EFX-0011 VERI-WARNING] Input/inout port dsi_txd1_lp_n_i is unconnected and will be removed. (VDB-8003) (D:\Efinity_Project\Efinity_Project\Ti60F225_OV5640_Face_Reproduction\example_top.v:238)
[EFX-0011 VERI-WARNING] Input/inout port dsi_txd2_lp_p_i is unconnected and will be removed. (VDB-8003) (D:\Efinity_Project\Efinity_Project\Ti60F225_OV5640_Face_Reproduction\example_top.v:239)
[EFX-0011 VERI-WARNING] Input/inout port dsi_txd2_lp_n_i is unconnected and will be removed. (VDB-8003) (D:\Efinity_Project\Efinity_Project\Ti60F225_OV5640_Face_Reproduction\example_top.v:240)
[EFX-0011 VERI-WARNING] Input/inout port dsi_txd3_lp_p_i is unconnected and will be removed. (VDB-8003) (D:\Efinity_Project\Efinity_Project\Ti60F225_OV5640_Face_Reproduction\example_top.v:241)
[EFX-0011 VERI-WARNING] Input/inout port dsi_txd3_lp_n_i is unconnected and will be removed. (VDB-8003) (D:\Efinity_Project\Efinity_Project\Ti60F225_OV5640_Face_Reproduction\example_top.v:242)
[EFX-0011 VERI-WARNING] Input/inout port uart_rx_i is unconnected and will be removed. (VDB-8003) (D:\Efinity_Project\Efinity_Project\Ti60F225_OV5640_Face_Reproduction\example_top.v:247)
[EFX-0011 VERI-WARNING] Input/inout port cmos_sdat_IN is unconnected and will be removed. (VDB-8003) (D:\Efinity_Project\Efinity_Project\Ti60F225_OV5640_Face_Reproduction\example_top.v:257)
[EFX-0011 VERI-WARNING] Input/inout port cmos_ctl1_i is unconnected and will be removed. (VDB-8003) (D:\Efinity_Project\Efinity_Project\Ti60F225_OV5640_Face_Reproduction\example_top.v:269)
[EFX-0011 VERI-WARNING] Input/inout port cmos_ctl2_i is unconnected and will be removed. (VDB-8003) (D:\Efinity_Project\Efinity_Project\Ti60F225_OV5640_Face_Reproduction\example_top.v:272)
[EFX-0011 VERI-WARNING] Input/inout port cmos_ctl3_i is unconnected and will be removed. (VDB-8003) (D:\Efinity_Project\Efinity_Project\Ti60F225_OV5640_Face_Reproduction\example_top.v:275)
[EFX-0011 VERI-WARNING] Input/inout port lcd_tp_sda_i is unconnected and will be removed. (VDB-8003) (D:\Efinity_Project\Efinity_Project\Ti60F225_OV5640_Face_Reproduction\example_top.v:323)
[EFX-0011 VERI-WARNING] Input/inout port lcd_tp_scl_i is unconnected and will be removed. (VDB-8003) (D:\Efinity_Project\Efinity_Project\Ti60F225_OV5640_Face_Reproduction\example_top.v:327)
[EFX-0011 VERI-WARNING] Input/inout port lcd_tp_int_i is unconnected and will be removed. (VDB-8003) (D:\Efinity_Project\Efinity_Project\Ti60F225_OV5640_Face_Reproduction\example_top.v:331)
[EFX-0011 VERI-WARNING] Input/inout port lcd_b7_0_i[7] is unconnected and will be removed. (VDB-8003) (D:\Efinity_Project\Efinity_Project\Ti60F225_OV5640_Face_Reproduction\example_top.v:351)
[EFX-0011 VERI-WARNING] Input/inout port lcd_g7_0_i[7] is unconnected and will be removed. (VDB-8003) (D:\Efinity_Project\Efinity_Project\Ti60F225_OV5640_Face_Reproduction\example_top.v:352)
[EFX-0011 VERI-WARNING] Input/inout port lcd_r7_0_i[7] is unconnected and will be removed. (VDB-8003) (D:\Efinity_Project\Efinity_Project\Ti60F225_OV5640_Face_Reproduction\example_top.v:353)
[EFX-0011 VERI-WARNING] Found 103 warnings in the post-synthesis netlist. 

///////////////////////////////////
// Efinity Synthesis Started 
// Sep 21, 2026 20:31:35
///////////////////////////////////

[EFX-0011 VERI-WARNING] port 'cal_shift_val' remains unconnected for this instance (VERI-1927) (D:\Efinity_Project\Efinity_Project\Ti60F225_OV5640_Face_Reproduction\example_top.v:612)
[EFX-0011 VERI-WARNING] port 'axi_awid' remains unconnected for this instance (VERI-1927) (D:\Efinity_Project\Efinity_Project\Ti60F225_OV5640_Face_Reproduction\example_top.v:962)
[EFX-0011 VERI-WARNING] port 'TMDS_Clk_p' remains unconnected for this instance (VERI-1927) (D:\Efinity_Project\Efinity_Project\Ti60F225_OV5640_Face_Reproduction\example_top.v:1633)
[EFX-0011 VERI-WARNING] expression size 32 truncated to fit in target size 1 (VERI-1209) (D:\Efinity_Project\Efinity_Project\Ti60F225_OV5640_Face_Reproduction\example_top.v:443)
[EFX-0011 VERI-WARNING] port 'wr_busy' remains unconnected for this instance (VERI-1927) (D:/Efinity_Project/Efinity_Project/Ti60F225_OV5640_Face_Reproduction\ip/DdrCtrl\DdrCtrl.sv:184)
[EFX-0011 VERI-WARNING] port 'wr_data' is not connected on this instance (VERI-2435) (D:/Efinity_Project/Efinity_Project/Ti60F225_OV5640_Face_Reproduction\ip/DdrCtrl\DdrCtrl.sv:184)
[EFX-0011 VERI-WARNING] port '**' is not connected on this instance (VERI-2435) (D:/Efinity_Project/Efinity_Project/Ti60F225_OV5640_Face_Reproduction\ip/DdrCtrl\DdrCtrl.sv:2496)
[EFX-0011 VERI-WARNING] expression size ** truncated to fit in target size ** (VERI-1209) (D:/Efinity_Project/Efinity_Project/Ti60F225_OV5640_Face_Reproduction\ip/DdrCtrl\DdrCtrl.sv:2611)
[EFX-0011 VERI-WARNING] actual bit length ** differs from formal bit length *** for port '**' (VERI-1330) (D:/Efinity_Project/Efinity_Project/Ti60F225_OV5640_Face_Reproduction\ip/DdrCtrl\DdrCtrl.sv:2496)
[EFX-0011 VERI-WARNING] expression size ** truncated to fit in target size ** (VERI-1209) (D:/Efinity_Project/Efinity_Project/Ti60F225_OV5640_Face_Reproduction\ip/DdrCtrl\DdrCtrl.sv:2611)
[EFX-0011 VERI-WARNING] expression size ** truncated to fit in target size ** (VERI-1209) (D:/Efinity_Project/Efinity_Project/Ti60F225_OV5640_Face_Reproduction\ip/DdrCtrl\DdrCtrl.sv:2611)
[EFX-0011 VERI-WARNING] actual bit length ** differs from formal bit length *** for port '**' (VERI-1330) (D:/Efinity_Project/Efinity_Project/Ti60F225_OV5640_Face_Reproduction\ip/DdrCtrl\DdrCtrl.sv:2496)
[EFX-0011 VERI-WARNING] port '**' remains unconnected for this instance (VERI-1927) (D:/Efinity_Project/Efinity_Project/Ti60F225_OV5640_Face_Reproduction\ip/DdrCtrl\DdrCtrl.sv:590)
[EFX-0011 VERI-WARNING] actual bit length ** differs from formal bit length *** for port '**' (VERI-1330) (D:/Efinity_Project/Efinity_Project/Ti60F225_OV5640_Face_Reproduction\ip/DdrCtrl\DdrCtrl.sv:590)
[EFX-0011 VERI-WARNING] port '**' remains unconnected for this instance (VERI-1927) (D:/Efinity_Project/Efinity_Project/Ti60F225_OV5640_Face_Reproduction\ip/DdrCtrl\DdrCtrl.sv:1460)
[EFX-0011 VERI-WARNING] port '**' remains unconnected for this instance (VERI-1927) (D:/Efinity_Project/Efinity_Project/Ti60F225_OV5640_Face_Reproduction\ip/DdrCtrl\DdrCtrl.sv:4817)
[EFX-0011 VERI-WARNING] actual bit length ** differs from formal bit length *** for port '**' (VERI-1330) (D:/Efinity_Project/Efinity_Project/Ti60F225_OV5640_Face_Reproduction\ip/DdrCtrl\DdrCtrl.sv:4817)
[EFX-0011 VERI-WARNING] input port '**' is not connected on this instance (VDB-1013) (D:/Efinity_Project/Efinity_Project/Ti60F225_OV5640_Face_Reproduction\ip/DdrCtrl\DdrCtrl.sv:4817)
[EFX-0011 VERI-WARNING] expression size ** truncated to fit in target size ** (VERI-1209) (D:/Efinity_Project/Efinity_Project/Ti60F225_OV5640_Face_Reproduction\ip/DdrCtrl\DdrCtrl.sv:1460)
[EFX-0011 VERI-WARNING] net '**' does not have a driver (VDB-1002) (D:/Efinity_Project/Efinity_Project/Ti60F225_OV5640_Face_Reproduction\ip/DdrCtrl\DdrCtrl.sv:1460)
[EFX-0011 VERI-WARNING] net '**' does not have a driver (VDB-1002) (D:/Efinity_Project/Efinity_Project/Ti60F225_OV5640_Face_Reproduction\ip/DdrCtrl\DdrCtrl.sv:590)
[EFX-0011 VERI-WARNING] input port '**' is not connected on this instance (VDB-1013) (D:/Efinity_Project/Efinity_Project/Ti60F225_OV5640_Face_Reproduction\ip/DdrCtrl\DdrCtrl.sv:590)
[EFX-0011 VERI-WARNING] input port '**' is not connected on this instance (VDB-1013) (D:/Efinity_Project/Efinity_Project/Ti60F225_OV5640_Face_Reproduction\ip/DdrCtrl\DdrCtrl.sv:2496)
[EFX-0011 VERI-WARNING] input port 'wr_data[127]' is not connected on this instance (VDB-1013) (D:/Efinity_Project/Efinity_Project/Ti60F225_OV5640_Face_Reproduction\ip/DdrCtrl\DdrCtrl.sv:117)
[EFX-0011 VERI-WARNING] actual bit length 4 differs from formal bit length 8 for port 'axi_aid' (VERI-1330) (D:\Efinity_Project\Efinity_Project\Ti60F225_OV5640_Face_Reproduction\example_top.v:579)
[EFX-0011 VERI-WARNING] actual bit length 4 differs from formal bit length 8 for port 'axi_wid' (VERI-1330) (D:\Efinity_Project\Efinity_Project\Ti60F225_OV5640_Face_Reproduction\example_top.v:586)
[EFX-0011 VERI-WARNING] actual bit length 4 differs from formal bit length 8 for port 'axi_bid' (VERI-1330) (D:\Efinity_Project\Efinity_Project\Ti60F225_OV5640_Face_Reproduction\example_top.v:595)
[EFX-0011 VERI-WARNING] actual bit length 4 differs from formal bit length 8 for port 'axi_rid' (VERI-1330) (D:\Efinity_Project\Efinity_Project\Ti60F225_OV5640_Face_Reproduction\example_top.v:601)
[EFX-0011 VERI-WARNING] expression size 2 truncated to fit in target size 1 (VERI-1209) (D:\Efinity_Project\Efinity_Project\Ti60F225_OV5640_Face_Reproduction\src\axi\AXI4_AWARMux.v:90)
[EFX-0011 VERI-WARNING] expression size 3 truncated to fit in target size 2 (VERI-1209) (D:\Efinity_Project\Efinity_Project\Ti60F225_OV5640_Face_Reproduction\example_top.v:713)
[EFX-0011 VERI-WARNING] expression size 5 truncated to fit in target size 4 (VERI-1209) (D:\Efinity_Project\Efinity_Project\Ti60F225_OV5640_Face_Reproduction\example_top.v:714)
[EFX-0011 VERI-WARNING] actual bit length 64 differs from formal bit length 8 for port 'image_out_data' (VERI-1330) (D:\Efinity_Project\Efinity_Project\Ti60F225_OV5640_Face_Reproduction\example_top.v:861)
[EFX-0011 VERI-WARNING] expression size 32 truncated to fit in target size 16 (VERI-1209) (D:\Efinity_Project\Efinity_Project\Ti60F225_OV5640_Face_Reproduction\src\axi\axi4_ctrl.v:91)
[EFX-0011 VERI-WARNING] expression size 3 truncated to fit in target size 2 (VERI-1209) (D:\Efinity_Project\Efinity_Project\Ti60F225_OV5640_Face_Reproduction\src\axi\axi4_ctrl.v:113)
[EFX-0011 VERI-WARNING] expression size 3 truncated to fit in target size 2 (VERI-1209) (D:\Efinity_Project\Efinity_Project\Ti60F225_OV5640_Face_Reproduction\src\axi\axi4_ctrl.v:114)
[EFX-0011 VERI-WARNING] expression size 3 truncated to fit in target size 2 (VERI-1209) (D:\Efinity_Project\Efinity_Project\Ti60F225_OV5640_Face_Reproduction\src\axi\axi4_ctrl.v:196)
[EFX-0011 VERI-WARNING] expression size 2 truncated to fit in target size 1 (VERI-1209) (D:\Efinity_Project\Efinity_Project\Ti60F225_OV5640_Face_Reproduction\src\axi\axi4_ctrl.v:238)
[EFX-0011 VERI-WARNING] expression size 23 truncated to fit in target size 22 (VERI-1209) (D:\Efinity_Project\Efinity_Project\Ti60F225_OV5640_Face_Reproduction\src\axi\axi4_ctrl.v:257)
[EFX-0011 VERI-WARNING] port 'a_wr_rst_i' remains unconnected for this instance (VERI-1927) (D:/Efinity_Project/Efinity_Project/Ti60F225_OV5640_Face_Reproduction\ip/W0_FIFO_8\W0_FIFO_8.sv:116)
[EFX-0011 VERI-WARNING] expression size 32 truncated to fit in target size 14 (VERI-1209) (D:/Efinity_Project/Efinity_Project/Ti60F225_OV5640_Face_Reproduction\ip/W0_FIFO_8\W0_FIFO_8.sv:1251)
[EFX-0011 VERI-WARNING] expression size 32 truncated to fit in target size 10 (VERI-1209) (D:/Efinity_Project/Efinity_Project/Ti60F225_OV5640_Face_Reproduction\ip/W0_FIFO_8\W0_FIFO_8.sv:1252)
[EFX-0011 VERI-WARNING] input port 'a_wr_rst_i' is not connected on this instance (VDB-1013) (D:/Efinity_Project/Efinity_Project/Ti60F225_OV5640_Face_Reproduction\ip/W0_FIFO_8\W0_FIFO_8.sv:95)
[EFX-0011 VERI-WARNING] port 'a_wr_rst_i' remains unconnected for this instance (VERI-1927) (D:/Efinity_Project/Efinity_Project/Ti60F225_OV5640_Face_Reproduction\ip/R0_FIFO_16\R0_FIFO_16.sv:116)
[EFX-0011 VERI-WARNING] expression size 32 truncated to fit in target size 10 (VERI-1209) (D:/Efinity_Project/Efinity_Project/Ti60F225_OV5640_Face_Reproduction\ip/R0_FIFO_16\R0_FIFO_16.sv:1236)
[EFX-0011 VERI-WARNING] expression size 32 truncated to fit in target size 13 (VERI-1209) (D:/Efinity_Project/Efinity_Project/Ti60F225_OV5640_Face_Reproduction\ip/R0_FIFO_16\R0_FIFO_16.sv:1237)
[EFX-0011 VERI-WARNING] input port 'a_wr_rst_i' is not connected on this instance (VDB-1013) (D:/Efinity_Project/Efinity_Project/Ti60F225_OV5640_Face_Reproduction\ip/R0_FIFO_16\R0_FIFO_16.sv:95)
[EFX-0011 VERI-WARNING] expression size 17 truncated to fit in target size 16 (VERI-1209) (D:\Efinity_Project\Efinity_Project\Ti60F225_OV5640_Face_Reproduction\src\axi\axi4_ctrl.v:464)
[EFX-0011 VERI-WARNING] expression size 23 truncated to fit in target size 22 (VERI-1209) (D:\Efinity_Project\Efinity_Project\Ti60F225_OV5640_Face_Reproduction\src\axi\axi4_ctrl.v:574)
[EFX-0011 VERI-WARNING] actual bit length 32 differs from formal bit length 4 for port 'axi_bid' (VERI-1330) (D:\Efinity_Project\Efinity_Project\Ti60F225_OV5640_Face_Reproduction\example_top.v:934)
[EFX-0011 VERI-WARNING] actual bit length 32 differs from formal bit length 2 for port 'axi_bresp' (VERI-1330) (D:\Efinity_Project\Efinity_Project\Ti60F225_OV5640_Face_Reproduction\example_top.v:935)
[EFX-0011 VERI-WARNING] actual bit length 32 differs from formal bit length 1 for port 'axi_bvalid' (VERI-1330) (D:\Efinity_Project\Efinity_Project\Ti60F225_OV5640_Face_Reproduction\example_top.v:936)
[EFX-0011 VERI-WARNING] actual bit length 32 differs from formal bit length 2 for port 'axi_rresp' (VERI-1330) (D:\Efinity_Project\Efinity_Project\Ti60F225_OV5640_Face_Reproduction\example_top.v:946)
[EFX-0011 VERI-WARNING] actual bit length 64 differs from formal bit length 8 for port 'wframe_data' (VERI-1330) (D:\Efinity_Project\Efinity_Project\Ti60F225_OV5640_Face_Reproduction\example_top.v:954)
[EFX-0011 VERI-WARNING] actual bit length 8 differs from formal bit length 32 for port 'tp_o' (VERI-1330) (D:\Efinity_Project\Efinity_Project\Ti60F225_OV5640_Face_Reproduction\example_top.v:961)
[EFX-0011 VERI-WARNING] expression size 8 truncated to fit in target size 4 (VERI-1209) (D:\Efinity_Project\Efinity_Project\Ti60F225_OV5640_Face_Reproduction\example_top.v:963)
[EFX-0011 VERI-WARNING] expression size 14 truncated to fit in target size 12 (VERI-1209) (D:\Efinity_Project\Efinity_Project\Ti60F225_OV5640_Face_Reproduction\src\lcd_driver.v:145)
[EFX-0011 VERI-WARNING] actual bit length 24 differs from formal bit length 48 for port 'lcd_data' (VERI-1330) (D:\Efinity_Project\Efinity_Project\Ti60F225_OV5640_Face_Reproduction\example_top.v:1014)
[EFX-0011 VERI-WARNING] expression size 13 truncated to fit in target size 12 (VERI-1209) (D:\Efinity_Project\Efinity_Project\Ti60F225_OV5640_Face_Reproduction\src\vision\sobel3x3.v:94)
[EFX-0011 VERI-WARNING] expression size 13 truncated to fit in target size 12 (VERI-1209) (D:\Efinity_Project\Efinity_Project\Ti60F225_OV5640_Face_Reproduction\src\vision\sobel3x3.v:95)
[EFX-0011 VERI-WARNING] expression size 32 truncated to fit in target size 8 (VERI-1209) (D:\Efinity_Project\Efinity_Project\Ti60F225_OV5640_Face_Reproduction\src\face\face_reader_720p.v:22)
[EFX-0011 VERI-WARNING] actual bit length 10 differs from formal bit length 11 for port 'pixel_y' (VERI-1330) (D:\Efinity_Project\Efinity_Project\Ti60F225_OV5640_Face_Reproduction\example_top.v:1423)
[EFX-0011 VERI-WARNING] port 'rst_busy' remains unconnected for this instance (VERI-1927) (D:\Efinity_Project\Efinity_Project\Ti60F225_OV5640_Face_Reproduction\src\face\true_ccl.v:224)
[EFX-0011 VERI-WARNING] concatenation with an unsized literal will be treated as 32 bits (VERI-1320) (D:\Efinity_Project\Efinity_Project\Ti60F225_OV5640_Face_Reproduction\src\face\true_ccl.v:235)
[EFX-0011 VERI-WARNING] port 'rst_busy' remains unconnected for this instance (VERI-1927) (D:\Efinity_Project\Efinity_Project\Ti60F225_OV5640_Face_Reproduction\src\face\true_ccl.v:241)
[EFX-0011 VERI-WARNING] expression size 12 truncated to fit in target size 11 (VERI-1209) (D:\Efinity_Project\Efinity_Project\Ti60F225_OV5640_Face_Reproduction\src\face\true_ccl.v:75)
[EFX-0011 VERI-WARNING] latch inferred for net 'PreCombCur' (VERI-2580) (D:\Efinity_Project\Efinity_Project\Ti60F225_OV5640_Face_Reproduction\src\face\true_ccl.v:176)
[EFX-0011 VERI-WARNING] port 'a_wr_rst_i' remains unconnected for this instance (VERI-1927) (D:/Efinity_Project/Efinity_Project/Ti60F225_OV5640_Face_Reproduction\ip/FIFO36x512\FIFO36x512.sv:98)
[EFX-0011 VERI-WARNING] input port 'a_wr_rst_i' is not connected on this instance (VDB-1013) (D:/Efinity_Project/Efinity_Project/Ti60F225_OV5640_Face_Reproduction\ip/FIFO36x512\FIFO36x512.sv:86)
[EFX-0011 VERI-WARNING] actual bit length 32 differs from formal bit length 36 for port 'rdata' (VERI-1330) (D:\Efinity_Project\Efinity_Project\Ti60F225_OV5640_Face_Reproduction\src\face\true_ccl.v:221)
[EFX-0011 VERI-WARNING] actual bit length 66 differs from formal bit length 36 for port 'wdata' (VERI-1330) (D:\Efinity_Project\Efinity_Project\Ti60F225_OV5640_Face_Reproduction\src\face\true_ccl.v:235)
[EFX-0011 VERI-WARNING] actual bit length 34 differs from formal bit length 36 for port 'rdata' (VERI-1330) (D:\Efinity_Project\Efinity_Project\Ti60F225_OV5640_Face_Reproduction\src\face\true_ccl.v:238)
[EFX-0011 VERI-WARNING] port 'addr' is not connected on this instance (VERI-2435) (D:/Efinity_Project/Efinity_Project/Ti60F225_OV5640_Face_Reproduction\ip/BlockRam90x1024\BlockRam90x1024.v:144)
[EFX-0011 VERI-WARNING] expression size 32 truncated to fit in target size 1 (VERI-1209) (D:/Efinity_Project/Efinity_Project/Ti60F225_OV5640_Face_Reproduction\ip/BlockRam90x1024\BlockRam90x1024.v:1091)
[EFX-0011 VERI-WARNING] expression size 32 truncated to fit in target size 1 (VERI-1209) (D:/Efinity_Project/Efinity_Project/Ti60F225_OV5640_Face_Reproduction\ip/BlockRam90x1024\BlockRam90x1024.v:1092)
[EFX-0011 VERI-WARNING] expression size 32 truncated to fit in target size 1 (VERI-1209) (D:/Efinity_Project/Efinity_Project/Ti60F225_OV5640_Face_Reproduction\ip/BlockRam90x1024\BlockRam90x1024.v:1104)
[EFX-0011 VERI-WARNING] expression size 32 truncated to fit in target size 1 (VERI-1209) (D:/Efinity_Project/Efinity_Project/Ti60F225_OV5640_Face_Reproduction\ip/BlockRam90x1024\BlockRam90x1024.v:1105)
[EFX-0011 VERI-WARNING] expression size 32 truncated to fit in target size 1 (VERI-1209) (D:/Efinity_Project/Efinity_Project/Ti60F225_OV5640_Face_Reproduction\ip/BlockRam90x1024\BlockRam90x1024.v:1108)
[EFX-0011 VERI-WARNING] expression size 32 truncated to fit in target size 1 (VERI-1209) (D:/Efinity_Project/Efinity_Project/Ti60F225_OV5640_Face_Reproduction\ip/BlockRam90x1024\BlockRam90x1024.v:1109)
[EFX-0011 VERI-WARNING] input port 'addr[9]' is not connected on this instance (VDB-1013) (D:/Efinity_Project/Efinity_Project/Ti60F225_OV5640_Face_Reproduction\ip/BlockRam90x1024\BlockRam90x1024.v:133)
[EFX-0011 VERI-WARNING] input port 'clke' remains unconnected for this instance (VDB-1053) (D:/Efinity_Project/Efinity_Project/Ti60F225_OV5640_Face_Reproduction\ip/BlockRam90x1024\BlockRam90x1024.v:133)
[EFX-0011 VERI-WARNING] actual bit length 27 differs from formal bit length 26 for port 'Count' (VERI-1330) (D:\Efinity_Project\Efinity_Project\Ti60F225_OV5640_Face_Reproduction\src\face\streaming_connected_components.v:134)
[EFX-0011 VERI-WARNING] latch inferred for net 'dx0[10]' (VERI-2580) (D:\Efinity_Project\Efinity_Project\Ti60F225_OV5640_Face_Reproduction\src\face\bbox_overlay.v:192)
[EFX-0011 VERI-WARNING] actual bit length 32 differs from formal bit length 4 for port 'data_island_data' (VERI-1330) (D:\Efinity_Project\Efinity_Project\Ti60F225_OV5640_Face_Reproduction\src\hdmi_ip\rgb2dvi.v:50)
[EFX-0011 VERI-WARNING] actual bit length 4 differs from formal bit length 3 for port 'mode' (VERI-1330) (D:\Efinity_Project\Efinity_Project\Ti60F225_OV5640_Face_Reproduction\src\hdmi_ip\rgb2dvi.v:52)
[EFX-0011 VERI-WARNING] actual bit length 32 differs from formal bit length 4 for port 'data_island_data' (VERI-1330) (D:\Efinity_Project\Efinity_Project\Ti60F225_OV5640_Face_Reproduction\src\hdmi_ip\rgb2dvi.v:58)
[EFX-0011 VERI-WARNING] actual bit length 4 differs from formal bit length 3 for port 'mode' (VERI-1330) (D:\Efinity_Project\Efinity_Project\Ti60F225_OV5640_Face_Reproduction\src\hdmi_ip\rgb2dvi.v:60)
[EFX-0011 VERI-WARNING] actual bit length 32 differs from formal bit length 4 for port 'data_island_data' (VERI-1330) (D:\Efinity_Project\Efinity_Project\Ti60F225_OV5640_Face_Reproduction\src\hdmi_ip\rgb2dvi.v:66)
[EFX-0011 VERI-WARNING] actual bit length 4 differs from formal bit length 3 for port 'mode' (VERI-1330) (D:\Efinity_Project\Efinity_Project\Ti60F225_OV5640_Face_Reproduction\src\hdmi_ip\rgb2dvi.v:68)
[EFX-0011 VERI-WARNING] actual bit length 32 differs from formal bit length 1 for port 'oe_i' (VERI-1330) (D:\Efinity_Project\Efinity_Project\Ti60F225_OV5640_Face_Reproduction\example_top.v:1615)
[EFX-0011 VERI-WARNING] net 'w_dev_index_o[7]' does not have a driver (VDB-1002) (D:\Efinity_Project\Efinity_Project\Ti60F225_OV5640_Face_Reproduction\example_top.v:428)
[EFX-0011 VERI-WARNING] net 'w_dev_cmd_o[7]' does not have a driver (VDB-1002) (D:\Efinity_Project\Efinity_Project\Ti60F225_OV5640_Face_Reproduction\example_top.v:429)
[EFX-0011 VERI-WARNING] net 'w_dev_wdata_o[31]' does not have a driver (VDB-1002) (D:\Efinity_Project\Efinity_Project\Ti60F225_OV5640_Face_Reproduction\example_top.v:430)
[EFX-0011 VERI-WARNING] net 'w_dev_wvalid_o' does not have a driver (VDB-1002) (D:\Efinity_Project\Efinity_Project\Ti60F225_OV5640_Face_Reproduction\example_top.v:431)
[EFX-0011 VERI-WARNING] net 'w_spi_ssn_o' does not have a driver (VDB-1002) (D:\Efinity_Project\Efinity_Project\Ti60F225_OV5640_Face_Reproduction\example_top.v:435)
[EFX-0011 VERI-WARNING] net 'w_spi_data_o[3]' does not have a driver (VDB-1002) (D:\Efinity_Project\Efinity_Project\Ti60F225_OV5640_Face_Reproduction\example_top.v:436)
[EFX-0011 VERI-WARNING] net 'w_lcd_b_o[7]' does not have a driver (VDB-1002) (D:\Efinity_Project\Efinity_Project\Ti60F225_OV5640_Face_Reproduction\example_top.v:453)
[EFX-0011 VERI-WARNING] input port 'SerialClk' is not connected on this instance (VDB-1013) (D:\Efinity_Project\Efinity_Project\Ti60F225_OV5640_Face_Reproduction\example_top.v:1608)
[EFX-0256 WARNING] The primary output port 'csi_ctl0_o' wire 'csi_ctl0_o' is not driven.
[EFX-0256 WARNING] The primary output port 'csi_ctl1_o' wire 'csi_ctl1_o' is not driven.
[EFX-0256 WARNING] The primary output port 'csi_scl_o' wire 'csi_scl_o' is not driven.
[EFX-0256 WARNING] The primary output port 'csi_scl_oe' wire 'csi_scl_oe' is not driven.
[EFX-0256 WARNING] The primary output port 'csi_sda_o' wire 'csi_sda_o' is not driven.
[EFX-0256 WARNING] The primary output port 'csi_sda_oe' wire 'csi_sda_oe' is not driven.
[EFX-0256 WARNING] The primary output port 'csi_rxc_hs_en_o' wire 'csi_rxc_hs_en_o' is not driven.
[EFX-0256 WARNING] The primary output port 'csi_rxc_hs_term_en_o' wire 'csi_rxc_hs_term_en_o' is not driven.
[EFX-0256 WARNING] The primary output port 'csi_rxd0_rst_o' wire 'csi_rxd0_rst_o' is not driven.
[EFX-0256 WARNING] The primary output port 'csi_rxd0_hs_en_o' wire 'csi_rxd0_hs_en_o' is not driven.
[EFX-0256 WARNING] The primary output port 'csi_rxd0_hs_term_en_o' wire 'csi_rxd0_hs_term_en_o' is not driven.
[EFX-0256 WARNING] The primary output port 'csi_rxd1_rst_o' wire 'csi_rxd1_rst_o' is not driven.
[EFX-0256 WARNING] The primary output port 'csi_rxd1_hs_en_o' wire 'csi_rxd1_hs_en_o' is not driven.
[EFX-0256 WARNING] The primary output port 'csi_rxd1_hs_term_en_o' wire 'csi_rxd1_hs_term_en_o' is not driven.
[EFX-0256 WARNING] The primary output port 'csi_rxd2_rst_o' wire 'csi_rxd2_rst_o' is not driven.
[EFX-0256 WARNING] The primary output port 'csi_rxd2_hs_en_o' wire 'csi_rxd2_hs_en_o' is not driven.
[EFX-0256 WARNING] The primary output port 'csi_rxd2_hs_term_en_o' wire 'csi_rxd2_hs_term_en_o' is not driven.
[EFX-0256 WARNING] The primary output port 'csi_rxd3_rst_o' wire 'csi_rxd3_rst_o' is not driven.
[EFX-0256 WARNING] The primary output port 'csi_rxd3_hs_en_o' wire 'csi_rxd3_hs_en_o' is not driven.
[EFX-0256 WARNING] The primary output port 'csi_rxd3_hs_term_en_o' wire 'csi_rxd3_hs_term_en_o' is not driven.
[EFX-0256 WARNING] The primary output port 'dsi_txc_rst_o' wire 'dsi_txc_rst_o' is not driven.
[EFX-0256 WARNING] The primary output port 'dsi_txc_lp_p_oe' wire 'dsi_txc_lp_p_oe' is not driven.
[EFX-0256 WARNING] The primary output port 'dsi_txc_lp_p_o' wire 'dsi_txc_lp_p_o' is not driven.
[EFX-0256 WARNING] The primary output port 'dsi_txc_lp_n_oe' wire 'dsi_txc_lp_n_oe' is not driven.
[EFX-0256 WARNING] The primary output port 'dsi_txc_lp_n_o' wire 'dsi_txc_lp_n_o' is not driven.
[EFX-0256 WARNING] The primary output port 'dsi_txc_hs_oe' wire 'dsi_txc_hs_oe' is not driven.
[EFX-0256 WARNING] The primary output port 'dsi_txc_hs_o[7]' wire 'dsi_txc_hs_o[7]' is not driven.
[EFX-0256 WARNING] The primary output port 'dsi_txc_hs_o[6]' wire 'dsi_txc_hs_o[6]' is not driven.
[EFX-0256 WARNING] The primary output port 'dsi_txc_hs_o[5]' wire 'dsi_txc_hs_o[5]' is not driven.
[EFX-0256 WARNING] The primary output port 'dsi_txc_hs_o[4]' wire 'dsi_txc_hs_o[4]' is not driven.
[EFX-0256 WARNING] The primary output port 'dsi_txc_hs_o[3]' wire 'dsi_txc_hs_o[3]' is not driven.
[EFX-0256 WARNING] The primary output port 'dsi_txc_hs_o[2]' wire 'dsi_txc_hs_o[2]' is not driven.
[EFX-0256 WARNING] The primary output port 'dsi_txc_hs_o[1]' wire 'dsi_txc_hs_o[1]' is not driven.
[EFX-0256 WARNING] The primary output port 'dsi_txc_hs_o[0]' wire 'dsi_txc_hs_o[0]' is not driven.
[EFX-0256 WARNING] The primary output port 'dsi_txd0_rst_o' wire 'dsi_txd0_rst_o' is not driven.
[EFX-0256 WARNING] The primary output port 'dsi_txd0_hs_oe' wire 'dsi_txd0_hs_oe' is not driven.
[EFX-0256 WARNING] The primary output port 'dsi_txd0_hs_o[7]' wire 'dsi_txd0_hs_o[7]' is not driven.
[EFX-0256 WARNING] The primary output port 'dsi_txd0_hs_o[6]' wire 'dsi_txd0_hs_o[6]' is not driven.
[EFX-0256 WARNING] The primary output port 'dsi_txd0_hs_o[5]' wire 'dsi_txd0_hs_o[5]' is not driven.
[EFX-0256 WARNING] The primary output port 'dsi_txd0_hs_o[4]' wire 'dsi_txd0_hs_o[4]' is not driven.
[EFX-0256 WARNING] The primary output port 'dsi_txd0_hs_o[3]' wire 'dsi_txd0_hs_o[3]' is not driven.
[EFX-0256 WARNING] The primary output port 'dsi_txd0_hs_o[2]' wire 'dsi_txd0_hs_o[2]' is not driven.
[EFX-0256 WARNING] The primary output port 'dsi_txd0_hs_o[1]' wire 'dsi_txd0_hs_o[1]' is not driven.
[EFX-0256 WARNING] The primary output port 'dsi_txd0_hs_o[0]' wire 'dsi_txd0_hs_o[0]' is not driven.
[EFX-0256 WARNING] The primary output port 'dsi_txd0_lp_p_oe' wire 'dsi_txd0_lp_p_oe' is not driven.
[EFX-0256 WARNING] The primary output port 'dsi_txd0_lp_p_o' wire 'dsi_txd0_lp_p_o' is not driven.
[EFX-0256 WARNING] The primary output port 'dsi_txd0_lp_n_oe' wire 'dsi_txd0_lp_n_oe' is not driven.
[EFX-0256 WARNING] The primary output port 'dsi_txd0_lp_n_o' wire 'dsi_txd0_lp_n_o' is not driven.
[EFX-0256 WARNING] The primary output port 'dsi_txd1_rst_o' wire 'dsi_txd1_rst_o' is not driven.
[EFX-0256 WARNING] The primary output port 'dsi_txd1_lp_p_oe' wire 'dsi_txd1_lp_p_oe' is not driven.
[EFX-0256 WARNING] The primary output port 'dsi_txd1_lp_p_o' wire 'dsi_txd1_lp_p_o' is not driven.
[EFX-0256 WARNING] The primary output port 'dsi_txd1_lp_n_oe' wire 'dsi_txd1_lp_n_oe' is not driven.
[EFX-0256 WARNING] The primary output port 'dsi_txd1_lp_n_o' wire 'dsi_txd1_lp_n_o' is not driven.
[EFX-0256 WARNING] The primary output port 'dsi_txd1_hs_oe' wire 'dsi_txd1_hs_oe' is not driven.
[EFX-0256 WARNING] The primary output port 'dsi_txd1_hs_o[7]' wire 'dsi_txd1_hs_o[7]' is not driven.
[EFX-0256 WARNING] The primary output port 'dsi_txd1_hs_o[6]' wire 'dsi_txd1_hs_o[6]' is not driven.
[EFX-0256 WARNING] The primary output port 'dsi_txd1_hs_o[5]' wire 'dsi_txd1_hs_o[5]' is not driven.
[EFX-0256 WARNING] The primary output port 'dsi_txd1_hs_o[4]' wire 'dsi_txd1_hs_o[4]' is not driven.
[EFX-0256 WARNING] The primary output port 'dsi_txd1_hs_o[3]' wire 'dsi_txd1_hs_o[3]' is not driven.
[EFX-0256 WARNING] The primary output port 'dsi_txd1_hs_o[2]' wire 'dsi_txd1_hs_o[2]' is not driven.
[EFX-0256 WARNING] The primary output port 'dsi_txd1_hs_o[1]' wire 'dsi_txd1_hs_o[1]' is not driven.
[EFX-0256 WARNING] The primary output port 'dsi_txd1_hs_o[0]' wire 'dsi_txd1_hs_o[0]' is not driven.
[EFX-0256 WARNING] The primary output port 'dsi_txd2_rst_o' wire 'dsi_txd2_rst_o' is not driven.
[EFX-0256 WARNING] The primary output port 'dsi_txd2_lp_p_oe' wire 'dsi_txd2_lp_p_oe' is not driven.
[EFX-0256 WARNING] The primary output port 'dsi_txd2_lp_p_o' wire 'dsi_txd2_lp_p_o' is not driven.
[EFX-0256 WARNING] The primary output port 'dsi_txd2_lp_n_oe' wire 'dsi_txd2_lp_n_oe' is not driven.
[EFX-0256 WARNING] The primary output port 'dsi_txd2_lp_n_o' wire 'dsi_txd2_lp_n_o' is not driven.
[EFX-0256 WARNING] The primary output port 'dsi_txd2_hs_oe' wire 'dsi_txd2_hs_oe' is not driven.
[EFX-0256 WARNING] The primary output port 'dsi_txd2_hs_o[7]' wire 'dsi_txd2_hs_o[7]' is not driven.
[EFX-0256 WARNING] The primary output port 'dsi_txd2_hs_o[6]' wire 'dsi_txd2_hs_o[6]' is not driven.
[EFX-0256 WARNING] The primary output port 'dsi_txd2_hs_o[5]' wire 'dsi_txd2_hs_o[5]' is not driven.
[EFX-0256 WARNING] The primary output port 'dsi_txd2_hs_o[4]' wire 'dsi_txd2_hs_o[4]' is not driven.
[EFX-0256 WARNING] The primary output port 'dsi_txd2_hs_o[3]' wire 'dsi_txd2_hs_o[3]' is not driven.
[EFX-0256 WARNING] The primary output port 'dsi_txd2_hs_o[2]' wire 'dsi_txd2_hs_o[2]' is not driven.
[EFX-0256 WARNING] The primary output port 'dsi_txd2_hs_o[1]' wire 'dsi_txd2_hs_o[1]' is not driven.
[EFX-0256 WARNING] The primary output port 'dsi_txd2_hs_o[0]' wire 'dsi_txd2_hs_o[0]' is not driven.
[EFX-0256 WARNING] The primary output port 'dsi_txd3_rst_o' wire 'dsi_txd3_rst_o' is not driven.
[EFX-0256 WARNING] The primary output port 'dsi_txd3_lp_p_oe' wire 'dsi_txd3_lp_p_oe' is not driven.
[EFX-0256 WARNING] The primary output port 'dsi_txd3_lp_p_o' wire 'dsi_txd3_lp_p_o' is not driven.
[EFX-0256 WARNING] The primary output port 'dsi_txd3_lp_n_oe' wire 'dsi_txd3_lp_n_oe' is not driven.
[EFX-0256 WARNING] The primary output port 'dsi_txd3_lp_n_o' wire 'dsi_txd3_lp_n_o' is not driven.
[EFX-0256 WARNING] The primary output port 'dsi_txd3_hs_oe' wire 'dsi_txd3_hs_oe' is not driven.
[EFX-0256 WARNING] The primary output port 'dsi_txd3_hs_o[7]' wire 'dsi_txd3_hs_o[7]' is not driven.
[EFX-0256 WARNING] The primary output port 'dsi_txd3_hs_o[6]' wire 'dsi_txd3_hs_o[6]' is not driven.
[EFX-0256 WARNING] The primary output port 'dsi_txd3_hs_o[5]' wire 'dsi_txd3_hs_o[5]' is not driven.
[EFX-0256 WARNING] The primary output port 'dsi_txd3_hs_o[4]' wire 'dsi_txd3_hs_o[4]' is not driven.
[EFX-0256 WARNING] The primary output port 'dsi_txd3_hs_o[3]' wire 'dsi_txd3_hs_o[3]' is not driven.
[EFX-0256 WARNING] The primary output port 'dsi_txd3_hs_o[2]' wire 'dsi_txd3_hs_o[2]' is not driven.
[EFX-0256 WARNING] The primary output port 'dsi_txd3_hs_o[1]' wire 'dsi_txd3_hs_o[1]' is not driven.
[EFX-0256 WARNING] The primary output port 'dsi_txd3_hs_o[0]' wire 'dsi_txd3_hs_o[0]' is not driven.
[EFX-0256 WARNING] The primary output port 'uart_tx_o' wire 'uart_tx_o' is not driven.
[EFX-0256 WARNING] The primary output port 'led_o[4]' wire 'led_o[4]' is not driven.
[EFX-0256 WARNING] The primary output port 'lvds_txc_oe' wire 'lvds_txc_oe' is not driven.
[EFX-0256 WARNING] The primary output port 'lvds_txc_o[6]' wire 'lvds_txc_o[6]' is not driven.
[EFX-0256 WARNING] The primary output port 'lvds_txc_o[5]' wire 'lvds_txc_o[5]' is not driven.
[EFX-0256 WARNING] The primary output port 'lvds_txc_o[4]' wire 'lvds_txc_o[4]' is not driven.
[EFX-0256 WARNING] The primary output port 'lvds_txc_o[3]' wire 'lvds_txc_o[3]' is not driven.
[EFX-0256 WARNING] The primary output port 'lvds_txc_o[2]' wire 'lvds_txc_o[2]' is not driven.
[EFX-0256 WARNING] The primary output port 'lvds_txc_o[1]' wire 'lvds_txc_o[1]' is not driven.
[EFX-0256 WARNING] The primary output port 'lvds_txc_o[0]' wire 'lvds_txc_o[0]' is not driven.
[EFX-0256 WARNING] The primary output port 'lvds_txc_rst_o' wire 'lvds_txc_rst_o' is not driven.
[EFX-0256 WARNING] The primary output port 'lvds_txd0_oe' wire 'lvds_txd0_oe' is not driven.
[EFX-0256 WARNING] The primary output port 'lvds_txd0_o[6]' wire 'lvds_txd0_o[6]' is not driven.
[EFX-0256 WARNING] The primary output port 'lvds_txd0_o[5]' wire 'lvds_txd0_o[5]' is not driven.
[EFX-0256 WARNING] The primary output port 'lvds_txd0_o[4]' wire 'lvds_txd0_o[4]' is not driven.
[EFX-0256 WARNING] The primary output port 'lvds_txd0_o[3]' wire 'lvds_txd0_o[3]' is not driven.
[EFX-0256 WARNING] The primary output port 'lvds_txd0_o[2]' wire 'lvds_txd0_o[2]' is not driven.
[EFX-0256 WARNING] The primary output port 'lvds_txd0_o[1]' wire 'lvds_txd0_o[1]' is not driven.
[EFX-0256 WARNING] The primary output port 'lvds_txd0_o[0]' wire 'lvds_txd0_o[0]' is not driven.
[EFX-0256 WARNING] The primary output port 'lvds_txd0_rst_o' wire 'lvds_txd0_rst_o' is not driven.
[EFX-0256 WARNING] The primary output port 'lvds_txd1_oe' wire 'lvds_txd1_oe' is not driven.
[EFX-0256 WARNING] The primary output port 'lvds_txd1_o[6]' wire 'lvds_txd1_o[6]' is not driven.
[EFX-0256 WARNING] The primary output port 'lvds_txd1_o[5]' wire 'lvds_txd1_o[5]' is not driven.
[EFX-0256 WARNING] The primary output port 'lvds_txd1_o[4]' wire 'lvds_txd1_o[4]' is not driven.
[EFX-0256 WARNING] The primary output port 'lvds_txd1_o[3]' wire 'lvds_txd1_o[3]' is not driven.
[EFX-0256 WARNING] The primary output port 'lvds_txd1_o[2]' wire 'lvds_txd1_o[2]' is not driven.
[EFX-0256 WARNING] The primary output port 'lvds_txd1_o[1]' wire 'lvds_txd1_o[1]' is not driven.
[EFX-0256 WARNING] The primary output port 'lvds_txd1_o[0]' wire 'lvds_txd1_o[0]' is not driven.
[EFX-0256 WARNING] The primary output port 'lvds_txd1_rst_o' wire 'lvds_txd1_rst_o' is not driven.
[EFX-0256 WARNING] The primary output port 'lvds_txd2_oe' wire 'lvds_txd2_oe' is not driven.
[EFX-0256 WARNING] The primary output port 'lvds_txd2_o[6]' wire 'lvds_txd2_o[6]' is not driven.
[EFX-0256 WARNING] The primary output port 'lvds_txd2_o[5]' wire 'lvds_txd2_o[5]' is not driven.
[EFX-0256 WARNING] The primary output port 'lvds_txd2_o[4]' wire 'lvds_txd2_o[4]' is not driven.
[EFX-0256 WARNING] The primary output port 'lvds_txd2_o[3]' wire 'lvds_txd2_o[3]' is not driven.
[EFX-0256 WARNING] The primary output port 'lvds_txd2_o[2]' wire 'lvds_txd2_o[2]' is not driven.
[EFX-0256 WARNING] The primary output port 'lvds_txd2_o[1]' wire 'lvds_txd2_o[1]' is not driven.
[EFX-0256 WARNING] The primary output port 'lvds_txd2_o[0]' wire 'lvds_txd2_o[0]' is not driven.
[EFX-0256 WARNING] The primary output port 'lvds_txd2_rst_o' wire 'lvds_txd2_rst_o' is not driven.
[EFX-0256 WARNING] The primary output port 'lvds_txd3_oe' wire 'lvds_txd3_oe' is not driven.
[EFX-0256 WARNING] The primary output port 'lvds_txd3_o[6]' wire 'lvds_txd3_o[6]' is not driven.
[EFX-0256 WARNING] The primary output port 'lvds_txd3_o[5]' wire 'lvds_txd3_o[5]' is not driven.
[EFX-0256 WARNING] The primary output port 'lvds_txd3_o[4]' wire 'lvds_txd3_o[4]' is not driven.
[EFX-0256 WARNING] The primary output port 'lvds_txd3_o[3]' wire 'lvds_txd3_o[3]' is not driven.
[EFX-0256 WARNING] The primary output port 'lvds_txd3_o[2]' wire 'lvds_txd3_o[2]' is not driven.
[EFX-0256 WARNING] The primary output port 'lvds_txd3_o[1]' wire 'lvds_txd3_o[1]' is not driven.
[EFX-0256 WARNING] The primary output port 'lvds_txd3_o[0]' wire 'lvds_txd3_o[0]' is not driven.
[EFX-0256 WARNING] The primary output port 'lvds_txd3_rst_o' wire 'lvds_txd3_rst_o' is not driven.
[EFX-0256 WARNING] The primary output port 'lcd_tp_sda_o' wire 'lcd_tp_sda_o' is not driven.
[EFX-0256 WARNING] The primary output port 'lcd_tp_sda_oe' wire 'lcd_tp_sda_oe' is not driven.
[EFX-0256 WARNING] The primary output port 'lcd_tp_scl_o' wire 'lcd_tp_scl_o' is not driven.
[EFX-0256 WARNING] The primary output port 'lcd_tp_scl_oe' wire 'lcd_tp_scl_oe' is not driven.
[EFX-0256 WARNING] The primary output port 'lcd_tp_int_o' wire 'lcd_tp_int_o' is not driven.
[EFX-0256 WARNING] The primary output port 'lcd_tp_int_oe' wire 'lcd_tp_int_oe' is not driven.
[EFX-0256 WARNING] The primary output port 'lcd_tp_rst_o' wire 'lcd_tp_rst_o' is not driven.
[EFX-0256 WARNING] The primary output port 'lcd_pwm_o' wire 'lcd_pwm_o' is not driven.
[EFX-0256 WARNING] The primary output port 'lcd_blen_o' wire 'lcd_blen_o' is not driven.
[EFX-0256 WARNING] The primary output port 'lcd_vs_o' wire 'lcd_vs_o' is not driven.
[EFX-0256 WARNING] The primary output port 'lcd_hs_o' wire 'lcd_hs_o' is not driven.
[EFX-0256 WARNING] The primary output port 'lcd_de_o' wire 'lcd_de_o' is not driven.
[EFX-0200 WARNING] Removing redundant signal : Shift_Q7_Out[4][7]. (D:/Efinity_Project/Efinity_Project/Ti60F225_OV5640_Face_Reproduction\ip/DdrCtrl\DdrCtrl.sv:2611)
[EFX-0200 WARNING] Removing redundant signal : Shift_Q7_Out[4][6]. (D:/Efinity_Project/Efinity_Project/Ti60F225_OV5640_Face_Reproduction\ip/DdrCtrl\DdrCtrl.sv:2611)
[EFX-0200 WARNING] Removing redundant signal : Shift_Q7_Out[4][5]. (D:/Efinity_Project/Efinity_Project/Ti60F225_OV5640_Face_Reproduction\ip/DdrCtrl\DdrCtrl.sv:2611)
[EFX-0200 WARNING] Removing redundant signal : Shift_Q7_Out[4][4]. (D:/Efinity_Project/Efinity_Project/Ti60F225_OV5640_Face_Reproduction\ip/DdrCtrl\DdrCtrl.sv:2611)
[EFX-0200 WARNING] Removing redundant signal : Shift_Q7_Out[4][3]. (D:/Efinity_Project/Efinity_Project/Ti60F225_OV5640_Face_Reproduction\ip/DdrCtrl\DdrCtrl.sv:2611)
[EFX-0200 WARNING] Removing redundant signal : Shift_Q7_Out[4][2]. (D:/Efinity_Project/Efinity_Project/Ti60F225_OV5640_Face_Reproduction\ip/DdrCtrl\DdrCtrl.sv:2611)
[EFX-0200 WARNING] Removing redundant signal : Shift_Q7_Out[4][1]. (D:/Efinity_Project/Efinity_Project/Ti60F225_OV5640_Face_Reproduction\ip/DdrCtrl\DdrCtrl.sv:2611)
[EFX-0200 WARNING] Removing redundant signal : Shift_Q7_Out[4][0]. (D:/Efinity_Project/Efinity_Project/Ti60F225_OV5640_Face_Reproduction\ip/DdrCtrl\DdrCtrl.sv:2611)
[EFX-0200 WARNING] Removing redundant signal : Shift_Out[7]. (D:/Efinity_Project/Efinity_Project/Ti60F225_OV5640_Face_Reproduction\ip/DdrCtrl\DdrCtrl.sv:2611)
[EFX-0200 WARNING] Removing redundant signal : Shift_Out[6]. (D:/Efinity_Project/Efinity_Project/Ti60F225_OV5640_Face_Reproduction\ip/DdrCtrl\DdrCtrl.sv:2611)
[EFX-0200 WARNING] Removing redundant signal : Shift_Out[5]. (D:/Efinity_Project/Efinity_Project/Ti60F225_OV5640_Face_Reproduction\ip/DdrCtrl\DdrCtrl.sv:2611)
[EFX-0200 WARNING] Removing redundant signal : Shift_Out[4]. (D:/Efinity_Project/Efinity_Project/Ti60F225_OV5640_Face_Reproduction\ip/DdrCtrl\DdrCtrl.sv:2611)
[EFX-0200 WARNING] Removing redundant signal : Shift_Out[3]. (D:/Efinity_Project/Efinity_Project/Ti60F225_OV5640_Face_Reproduction\ip/DdrCtrl\DdrCtrl.sv:2611)
[EFX-0200 WARNING] Removing redundant signal : Shift_Out[2]. (D:/Efinity_Project/Efinity_Project/Ti60F225_OV5640_Face_Reproduction\ip/DdrCtrl\DdrCtrl.sv:2611)
[EFX-0200 WARNING] Removing redundant signal : Shift_Out[1]. (D:/Efinity_Project/Efinity_Project/Ti60F225_OV5640_Face_Reproduction\ip/DdrCtrl\DdrCtrl.sv:2611)
[EFX-0200 WARNING] Removing redundant signal : Shift_Out[0]. (D:/Efinity_Project/Efinity_Project/Ti60F225_OV5640_Face_Reproduction\ip/DdrCtrl\DdrCtrl.sv:2611)
[EFX-0200 WARNING] Removing redundant signal : Shift_Q7_Out[4][31]. (D:/Efinity_Project/Efinity_Project/Ti60F225_OV5640_Face_Reproduction\ip/DdrCtrl\DdrCtrl.sv:2611)
[EFX-0200 WARNING] Removing redundant signal : Shift_Q7_Out[4][30]. (D:/Efinity_Project/Efinity_Project/Ti60F225_OV5640_Face_Reproduction\ip/DdrCtrl\DdrCtrl.sv:2611)
[EFX-0200 WARNING] Removing redundant signal : Shift_Q7_Out[4][29]. (D:/Efinity_Project/Efinity_Project/Ti60F225_OV5640_Face_Reproduction\ip/DdrCtrl\DdrCtrl.sv:2611)
[EFX-0200 WARNING] Removing redundant signal : Shift_Q7_Out[4][28]. (D:/Efinity_Project/Efinity_Project/Ti60F225_OV5640_Face_Reproduction\ip/DdrCtrl\DdrCtrl.sv:2611)
[EFX-0201 WARNING] Re-wiring to GND non-driven net 'u_efx_fifo_top.a_rst_i'. (D:/Efinity_Project/Efinity_Project/Ti60F225_OV5640_Face_Reproduction\ip/DdrCtrl\DdrCtrl.sv:4817)
[EFX-0201 WARNING] Re-wiring to GND non-driven net 'u_efx_fifo_top.clk_i'. (D:/Efinity_Project/Efinity_Project/Ti60F225_OV5640_Face_Reproduction\ip/DdrCtrl\DdrCtrl.sv:4817)
[EFX-0201 WARNING] Re-wiring to GND non-driven net 'r_rd_fifo_wr_en_p[31]'. (D:/Efinity_Project/Efinity_Project/Ti60F225_OV5640_Face_Reproduction\ip/DdrCtrl\DdrCtrl.sv:1460)
[EFX-0201 WARNING] Re-wiring to GND non-driven net 'r_rd_fifo_wr_en_p[30]'. (D:/Efinity_Project/Efinity_Project/Ti60F225_OV5640_Face_Reproduction\ip/DdrCtrl\DdrCtrl.sv:1460)
[EFX-0201 WARNING] Re-wiring to GND non-driven net 'r_rd_fifo_wr_en_p[29]'. (D:/Efinity_Project/Efinity_Project/Ti60F225_OV5640_Face_Reproduction\ip/DdrCtrl\DdrCtrl.sv:1460)
[EFX-0201 WARNING] Re-wiring to GND non-driven net 'r_rd_fifo_wr_en_p[28]'. (D:/Efinity_Project/Efinity_Project/Ti60F225_OV5640_Face_Reproduction\ip/DdrCtrl\DdrCtrl.sv:1460)
[EFX-0201 WARNING] Re-wiring to GND non-driven net 'r_rd_fifo_wr_en_p[27]'. (D:/Efinity_Project/Efinity_Project/Ti60F225_OV5640_Face_Reproduction\ip/DdrCtrl\DdrCtrl.sv:1460)
[EFX-0201 WARNING] Re-wiring to GND non-driven net 'r_rd_fifo_wr_en_p[26]'. (D:/Efinity_Project/Efinity_Project/Ti60F225_OV5640_Face_Reproduction\ip/DdrCtrl\DdrCtrl.sv:1460)
[EFX-0201 WARNING] Re-wiring to GND non-driven net 'r_rd_fifo_wr_en_p[25]'. (D:/Efinity_Project/Efinity_Project/Ti60F225_OV5640_Face_Reproduction\ip/DdrCtrl\DdrCtrl.sv:1460)
[EFX-0201 WARNING] Re-wiring to GND non-driven net 'r_rd_fifo_wr_en_p[24]'. (D:/Efinity_Project/Efinity_Project/Ti60F225_OV5640_Face_Reproduction\ip/DdrCtrl\DdrCtrl.sv:1460)
[EFX-0657 WARNING] Mapping into logic memory block 'u_face_ccl/min_x_buf0' (704 bits) (D:\Efinity_Project\Efinity_Project\Ti60F225_OV5640_Face_Reproduction\src\face\streaming_connected_components.v:181) because it has async writer.
[EFX-0657 WARNING] Mapping into logic memory block 'u_face_ccl/max_x_buf0' (704 bits) (D:\Efinity_Project\Efinity_Project\Ti60F225_OV5640_Face_Reproduction\src\face\streaming_connected_components.v:181) because it has async writer.
[EFX-0657 WARNING] Mapping into logic memory block 'u_face_ccl/min_y_buf0' (640 bits) (D:\Efinity_Project\Efinity_Project\Ti60F225_OV5640_Face_Reproduction\src\face\streaming_connected_components.v:182) because it has async writer.
[EFX-0657 WARNING] Mapping into logic memory block 'u_face_ccl/max_y_buf0' (640 bits) (D:\Efinity_Project\Efinity_Project\Ti60F225_OV5640_Face_Reproduction\src\face\streaming_connected_components.v:182) because it has async writer.
[EFX-0657 WARNING] Mapping into logic memory block 'u_face_ccl/area_buf0' (1408 bits) (D:\Efinity_Project\Efinity_Project\Ti60F225_OV5640_Face_Reproduction\src\face\streaming_connected_components.v:183) because it has async writer.
[EFX-0657 WARNING] Mapping into logic memory block 'u_face_ccl/min_x_buf1' (704 bits) (D:\Efinity_Project\Efinity_Project\Ti60F225_OV5640_Face_Reproduction\src\face\streaming_connected_components.v:184) because it has async writer.
[EFX-0657 WARNING] Mapping into logic memory block 'u_face_ccl/max_x_buf1' (704 bits) (D:\Efinity_Project\Efinity_Project\Ti60F225_OV5640_Face_Reproduction\src\face\streaming_connected_components.v:184) because it has async writer.
[EFX-0657 WARNING] Mapping into logic memory block 'u_face_ccl/min_y_buf1' (640 bits) (D:\Efinity_Project\Efinity_Project\Ti60F225_OV5640_Face_Reproduction\src\face\streaming_connected_components.v:185) because it has async writer.
[EFX-0657 WARNING] Mapping into logic memory block 'u_face_ccl/max_y_buf1' (640 bits) (D:\Efinity_Project\Efinity_Project\Ti60F225_OV5640_Face_Reproduction\src\face\streaming_connected_components.v:185) because it has async writer.
[EFX-0657 WARNING] Mapping into logic memory block 'u_face_ccl/area_buf1' (1408 bits) (D:\Efinity_Project\Efinity_Project\Ti60F225_OV5640_Face_Reproduction\src\face\streaming_connected_components.v:186) because it has async writer.
[EFX-0657 WARNING] Mapping into logic memory block 'u_face_overlay/a_x0' (176 bits) (D:\Efinity_Project\Efinity_Project\Ti60F225_OV5640_Face_Reproduction\src\face\bbox_overlay.v:51) because it has async writer.
[EFX-0657 WARNING] Mapping into logic memory block 'u_face_overlay/a_x1' (176 bits) (D:\Efinity_Project\Efinity_Project\Ti60F225_OV5640_Face_Reproduction\src\face\bbox_overlay.v:52) because it has async writer.
[EFX-0657 WARNING] Mapping into logic memory block 'u_face_overlay/a_y0' (160 bits) (D:\Efinity_Project\Efinity_Project\Ti60F225_OV5640_Face_Reproduction\src\face\bbox_overlay.v:53) because it has async writer.
[EFX-0657 WARNING] Mapping into logic memory block 'u_face_overlay/a_y1' (160 bits) (D:\Efinity_Project\Efinity_Project\Ti60F225_OV5640_Face_Reproduction\src\face\bbox_overlay.v:54) because it has async writer.
[EFX-0657 WARNING] Mapping into logic memory block 'u_face_overlay/b_x0' (176 bits) (D:\Efinity_Project\Efinity_Project\Ti60F225_OV5640_Face_Reproduction\src\face\bbox_overlay.v:57) because it has async writer.
[EFX-0657 WARNING] Mapping into logic memory block 'u_face_overlay/b_x1' (176 bits) (D:\Efinity_Project\Efinity_Project\Ti60F225_OV5640_Face_Reproduction\src\face\bbox_overlay.v:58) because it has async writer.
[EFX-0657 WARNING] Mapping into logic memory block 'u_face_overlay/b_y0' (160 bits) (D:\Efinity_Project\Efinity_Project\Ti60F225_OV5640_Face_Reproduction\src\face\bbox_overlay.v:59) because it has async writer.
[EFX-0657 WARNING] Mapping into logic memory block 'u_face_overlay/b_y1' (160 bits) (D:\Efinity_Project\Efinity_Project\Ti60F225_OV5640_Face_Reproduction\src\face\bbox_overlay.v:60) because it has async writer.
[EFX-0011 VERI-WARNING] Input/inout port clk_24m is unconnected and will be removed. (VDB-8003) (D:\Efinity_Project\Efinity_Project\Ti60F225_OV5640_Face_Reproduction\example_top.v:11)
[EFX-0011 VERI-WARNING] Input/inout port clk_25m is unconnected and will be removed. (VDB-8003) (D:\Efinity_Project\Efinity_Project\Ti60F225_OV5640_Face_Reproduction\example_top.v:12)
[EFX-0011 VERI-WARNING] Input/inout port clk_pixel_2x is unconnected and will be removed. (VDB-8003) (D:\Efinity_Project\Efinity_Project\Ti60F225_OV5640_Face_Reproduction\example_top.v:21)
[EFX-0011 VERI-WARNING] Input/inout port clk_pixel_10x is unconnected and will be removed. (VDB-8003) (D:\Efinity_Project\Efinity_Project\Ti60F225_OV5640_Face_Reproduction\example_top.v:22)
[EFX-0011 VERI-WARNING] Input/inout port dsi_refclk_i is unconnected and will be removed. (VDB-8003) (D:\Efinity_Project\Efinity_Project\Ti60F225_OV5640_Face_Reproduction\example_top.v:30)
[EFX-0011 VERI-WARNING] Input/inout port dsi_byteclk_i is unconnected and will be removed. (VDB-8003) (D:\Efinity_Project\Efinity_Project\Ti60F225_OV5640_Face_Reproduction\example_top.v:31)
[EFX-0011 VERI-WARNING] Input/inout port dsi_serclk_i is unconnected and will be removed. (VDB-8003) (D:\Efinity_Project\Efinity_Project\Ti60F225_OV5640_Face_Reproduction\example_top.v:32)
[EFX-0011 VERI-WARNING] Input/inout port dsi_txcclk_i is unconnected and will be removed. (VDB-8003) (D:\Efinity_Project\Efinity_Project\Ti60F225_OV5640_Face_Reproduction\example_top.v:33)
[EFX-0011 VERI-WARNING] Input/inout port clk_lvds_1x is unconnected and will be removed. (VDB-8003) (D:\Efinity_Project\Efinity_Project\Ti60F225_OV5640_Face_Reproduction\example_top.v:60)
[EFX-0011 VERI-WARNING] Input/inout port clk_lvds_7x is unconnected and will be removed. (VDB-8003) (D:\Efinity_Project\Efinity_Project\Ti60F225_OV5640_Face_Reproduction\example_top.v:61)
[EFX-0011 VERI-WARNING] Input/inout port clk_27m is unconnected and will be removed. (VDB-8003) (D:\Efinity_Project\Efinity_Project\Ti60F225_OV5640_Face_Reproduction\example_top.v:62)
[EFX-0011 VERI-WARNING] Input/inout port clk_54m is unconnected and will be removed. (VDB-8003) (D:\Efinity_Project\Efinity_Project\Ti60F225_OV5640_Face_Reproduction\example_top.v:63)
[EFX-0011 VERI-WARNING] Input/inout port i_dqs_n_hi[1] is unconnected and will be removed. (VDB-8003) (D:\Efinity_Project\Efinity_Project\Ti60F225_OV5640_Face_Reproduction\example_top.v:97)
[EFX-0011 VERI-WARNING] Input/inout port i_dqs_n_lo[1] is unconnected and will be removed. (VDB-8003) (D:\Efinity_Project\Efinity_Project\Ti60F225_OV5640_Face_Reproduction\example_top.v:98)
[EFX-0011 VERI-WARNING] Input/inout port csi_ctl0_i is unconnected and will be removed. (VDB-8003) (D:\Efinity_Project\Efinity_Project\Ti60F225_OV5640_Face_Reproduction\example_top.v:121)
[EFX-0011 VERI-WARNING] Input/inout port csi_ctl1_i is unconnected and will be removed. (VDB-8003) (D:\Efinity_Project\Efinity_Project\Ti60F225_OV5640_Face_Reproduction\example_top.v:125)
[EFX-0011 VERI-WARNING] Input/inout port csi_scl_i is unconnected and will be removed. (VDB-8003) (D:\Efinity_Project\Efinity_Project\Ti60F225_OV5640_Face_Reproduction\example_top.v:129)
[EFX-0011 VERI-WARNING] Input/inout port csi_sda_i is unconnected and will be removed. (VDB-8003) (D:\Efinity_Project\Efinity_Project\Ti60F225_OV5640_Face_Reproduction\example_top.v:133)
[EFX-0011 VERI-WARNING] Input/inout port csi_rxc_lp_p_i is unconnected and will be removed. (VDB-8003) (D:\Efinity_Project\Efinity_Project\Ti60F225_OV5640_Face_Reproduction\example_top.v:136)
[EFX-0011 VERI-WARNING] Input/inout port csi_rxc_lp_n_i is unconnected and will be removed. (VDB-8003) (D:\Efinity_Project\Efinity_Project\Ti60F225_OV5640_Face_Reproduction\example_top.v:137)
[EFX-0011 VERI-WARNING] Input/inout port csi_rxc_i is unconnected and will be removed. (VDB-8003) (D:\Efinity_Project\Efinity_Project\Ti60F225_OV5640_Face_Reproduction\example_top.v:140)
[EFX-0011 VERI-WARNING] Input/inout port csi_rxd0_lp_p_i is unconnected and will be removed. (VDB-8003) (D:\Efinity_Project\Efinity_Project\Ti60F225_OV5640_Face_Reproduction\example_top.v:147)
[EFX-0011 VERI-WARNING] Input/inout port csi_rxd0_lp_n_i is unconnected and will be removed. (VDB-8003) (D:\Efinity_Project\Efinity_Project\Ti60F225_OV5640_Face_Reproduction\example_top.v:148)
[EFX-0011 VERI-WARNING] Input/inout port csi_rxd0_hs_i[7] is unconnected and will be removed. (VDB-8003) (D:\Efinity_Project\Efinity_Project\Ti60F225_OV5640_Face_Reproduction\example_top.v:149)
[EFX-0011 VERI-WARNING] Input/inout port csi_rxd1_lp_n_i is unconnected and will be removed. (VDB-8003) (D:\Efinity_Project\Efinity_Project\Ti60F225_OV5640_Face_Reproduction\example_top.v:156)
[EFX-0011 VERI-WARNING] Input/inout port csi_rxd1_lp_p_i is unconnected and will be removed. (VDB-8003) (D:\Efinity_Project\Efinity_Project\Ti60F225_OV5640_Face_Reproduction\example_top.v:157)
[EFX-0011 VERI-WARNING] Input/inout port csi_rxd1_hs_i[7] is unconnected and will be removed. (VDB-8003) (D:\Efinity_Project\Efinity_Project\Ti60F225_OV5640_Face_Reproduction\example_top.v:158)
[EFX-0011 VERI-WARNING] Input/inout port csi_rxd2_lp_p_i is unconnected and will be removed. (VDB-8003) (D:\Efinity_Project\Efinity_Project\Ti60F225_OV5640_Face_Reproduction\example_top.v:165)
[EFX-0011 VERI-WARNING] Input/inout port csi_rxd2_lp_n_i is unconnected and will be removed. (VDB-8003) (D:\Efinity_Project\Efinity_Project\Ti60F225_OV5640_Face_Reproduction\example_top.v:166)
[EFX-0011 VERI-WARNING] Input/inout port csi_rxd2_hs_i[7] is unconnected and will be removed. (VDB-8003) (D:\Efinity_Project\Efinity_Project\Ti60F225_OV5640_Face_Reproduction\example_top.v:167)
[EFX-0011 VERI-WARNING] Input/inout port csi_rxd3_lp_p_i is unconnected and will be removed. (VDB-8003) (D:\Efinity_Project\Efinity_Project\Ti60F225_OV5640_Face_Reproduction\example_top.v:174)
[EFX-0011 VERI-WARNING] Input/inout port csi_rxd3_lp_n_i is unconnected and will be removed. (VDB-8003) (D:\Efinity_Project\Efinity_Project\Ti60F225_OV5640_Face_Reproduction\example_top.v:175)
[EFX-0011 VERI-WARNING] Input/inout port csi_rxd3_hs_i[7] is unconnected and will be removed. (VDB-8003) (D:\Efinity_Project\Efinity_Project\Ti60F225_OV5640_Face_Reproduction\example_top.v:176)
[EFX-0011 VERI-WARNING] Input/inout port dsi_txd0_lp_p_i is unconnected and will be removed. (VDB-8003) (D:\Efinity_Project\Efinity_Project\Ti60F225_OV5640_Face_Reproduction\example_top.v:235)
[EFX-0011 VERI-WARNING] Input/inout port dsi_txd0_lp_n_i is unconnected and will be removed. (VDB-8003) (D:\Efinity_Project\Efinity_Project\Ti60F225_OV5640_Face_Reproduction\example_top.v:236)
[EFX-0011 VERI-WARNING] Input/inout port dsi_txd1_lp_p_i is unconnected and will be removed. (VDB-8003) (D:\Efinity_Project\Efinity_Project\Ti60F225_OV5640_Face_Reproduction\example_top.v:237)
[EFX-0011 VERI-WARNING] Input/inout port dsi_txd1_lp_n_i is unconnected and will be removed. (VDB-8003) (D:\Efinity_Project\Efinity_Project\Ti60F225_OV5640_Face_Reproduction\example_top.v:238)
[EFX-0011 VERI-WARNING] Input/inout port dsi_txd2_lp_p_i is unconnected and will be removed. (VDB-8003) (D:\Efinity_Project\Efinity_Project\Ti60F225_OV5640_Face_Reproduction\example_top.v:239)
[EFX-0011 VERI-WARNING] Input/inout port dsi_txd2_lp_n_i is unconnected and will be removed. (VDB-8003) (D:\Efinity_Project\Efinity_Project\Ti60F225_OV5640_Face_Reproduction\example_top.v:240)
[EFX-0011 VERI-WARNING] Input/inout port dsi_txd3_lp_p_i is unconnected and will be removed. (VDB-8003) (D:\Efinity_Project\Efinity_Project\Ti60F225_OV5640_Face_Reproduction\example_top.v:241)
[EFX-0011 VERI-WARNING] Input/inout port dsi_txd3_lp_n_i is unconnected and will be removed. (VDB-8003) (D:\Efinity_Project\Efinity_Project\Ti60F225_OV5640_Face_Reproduction\example_top.v:242)
[EFX-0011 VERI-WARNING] Input/inout port uart_rx_i is unconnected and will be removed. (VDB-8003) (D:\Efinity_Project\Efinity_Project\Ti60F225_OV5640_Face_Reproduction\example_top.v:247)
[EFX-0011 VERI-WARNING] Input/inout port cmos_sdat_IN is unconnected and will be removed. (VDB-8003) (D:\Efinity_Project\Efinity_Project\Ti60F225_OV5640_Face_Reproduction\example_top.v:257)
[EFX-0011 VERI-WARNING] Input/inout port cmos_ctl1_i is unconnected and will be removed. (VDB-8003) (D:\Efinity_Project\Efinity_Project\Ti60F225_OV5640_Face_Reproduction\example_top.v:269)
[EFX-0011 VERI-WARNING] Input/inout port cmos_ctl2_i is unconnected and will be removed. (VDB-8003) (D:\Efinity_Project\Efinity_Project\Ti60F225_OV5640_Face_Reproduction\example_top.v:272)
[EFX-0011 VERI-WARNING] Input/inout port cmos_ctl3_i is unconnected and will be removed. (VDB-8003) (D:\Efinity_Project\Efinity_Project\Ti60F225_OV5640_Face_Reproduction\example_top.v:275)
[EFX-0011 VERI-WARNING] Input/inout port lcd_tp_sda_i is unconnected and will be removed. (VDB-8003) (D:\Efinity_Project\Efinity_Project\Ti60F225_OV5640_Face_Reproduction\example_top.v:323)
[EFX-0011 VERI-WARNING] Input/inout port lcd_tp_scl_i is unconnected and will be removed. (VDB-8003) (D:\Efinity_Project\Efinity_Project\Ti60F225_OV5640_Face_Reproduction\example_top.v:327)
[EFX-0011 VERI-WARNING] Input/inout port lcd_tp_int_i is unconnected and will be removed. (VDB-8003) (D:\Efinity_Project\Efinity_Project\Ti60F225_OV5640_Face_Reproduction\example_top.v:331)
[EFX-0011 VERI-WARNING] Input/inout port lcd_b7_0_i[7] is unconnected and will be removed. (VDB-8003) (D:\Efinity_Project\Efinity_Project\Ti60F225_OV5640_Face_Reproduction\example_top.v:351)
[EFX-0011 VERI-WARNING] Input/inout port lcd_g7_0_i[7] is unconnected and will be removed. (VDB-8003) (D:\Efinity_Project\Efinity_Project\Ti60F225_OV5640_Face_Reproduction\example_top.v:352)
[EFX-0011 VERI-WARNING] Input/inout port lcd_r7_0_i[7] is unconnected and will be removed. (VDB-8003) (D:\Efinity_Project\Efinity_Project\Ti60F225_OV5640_Face_Reproduction\example_top.v:353)
[EFX-0011 VERI-WARNING] CE port of EFX_DSP48 instance u_face_bbox_filter/n377_pp_0x0 is permanently disabled (VDB-8002) 
[EFX-0011 VERI-WARNING] CE port of EFX_DSP48 instance u_face_bbox_filter/n578_pp_1x0 is permanently disabled (VDB-8002) 
[EFX-0011 VERI-WARNING] CE port of EFX_DSP48 instance u_face_bbox_filter/n578_pp_0x0 is permanently disabled (VDB-8002) 
[EFX-0011 VERI-WARNING] CE port of EFX_DSP48 instance u_face_bbox_filter/n377_pp_1x0 is permanently disabled (VDB-8002) 
[EFX-0011 VERI-WARNING] Found 107 warnings in the post-synthesis netlist. 

///////////////////////////////////
// Efinity Synthesis Started 
// Sep 21, 2026 21:58:53
///////////////////////////////////

[EFX-0011 VERI-WARNING] port 'cal_shift_val' remains unconnected for this instance (VERI-1927) (D:\Efinity_Project\Efinity_Project\Ti60F225_OV5640_Face_Reproduction\example_top.v:612)
[EFX-0011 VERI-WARNING] port 'axi_awid' remains unconnected for this instance (VERI-1927) (D:\Efinity_Project\Efinity_Project\Ti60F225_OV5640_Face_Reproduction\example_top.v:962)
[EFX-0011 VERI-WARNING] port 'TMDS_Clk_p' remains unconnected for this instance (VERI-1927) (D:\Efinity_Project\Efinity_Project\Ti60F225_OV5640_Face_Reproduction\example_top.v:1633)
[EFX-0011 VERI-WARNING] expression size 32 truncated to fit in target size 1 (VERI-1209) (D:\Efinity_Project\Efinity_Project\Ti60F225_OV5640_Face_Reproduction\example_top.v:443)
[EFX-0011 VERI-WARNING] port 'wr_busy' remains unconnected for this instance (VERI-1927) (D:/Efinity_Project/Efinity_Project/Ti60F225_OV5640_Face_Reproduction\ip/DdrCtrl\DdrCtrl.sv:184)
[EFX-0011 VERI-WARNING] port 'wr_data' is not connected on this instance (VERI-2435) (D:/Efinity_Project/Efinity_Project/Ti60F225_OV5640_Face_Reproduction\ip/DdrCtrl\DdrCtrl.sv:184)
[EFX-0011 VERI-WARNING] port '**' is not connected on this instance (VERI-2435) (D:/Efinity_Project/Efinity_Project/Ti60F225_OV5640_Face_Reproduction\ip/DdrCtrl\DdrCtrl.sv:2496)
[EFX-0011 VERI-WARNING] expression size ** truncated to fit in target size ** (VERI-1209) (D:/Efinity_Project/Efinity_Project/Ti60F225_OV5640_Face_Reproduction\ip/DdrCtrl\DdrCtrl.sv:2611)
[EFX-0011 VERI-WARNING] actual bit length ** differs from formal bit length *** for port '**' (VERI-1330) (D:/Efinity_Project/Efinity_Project/Ti60F225_OV5640_Face_Reproduction\ip/DdrCtrl\DdrCtrl.sv:2496)
[EFX-0011 VERI-WARNING] expression size ** truncated to fit in target size ** (VERI-1209) (D:/Efinity_Project/Efinity_Project/Ti60F225_OV5640_Face_Reproduction\ip/DdrCtrl\DdrCtrl.sv:2611)
[EFX-0011 VERI-WARNING] expression size ** truncated to fit in target size ** (VERI-1209) (D:/Efinity_Project/Efinity_Project/Ti60F225_OV5640_Face_Reproduction\ip/DdrCtrl\DdrCtrl.sv:2611)
[EFX-0011 VERI-WARNING] actual bit length ** differs from formal bit length *** for port '**' (VERI-1330) (D:/Efinity_Project/Efinity_Project/Ti60F225_OV5640_Face_Reproduction\ip/DdrCtrl\DdrCtrl.sv:2496)
[EFX-0011 VERI-WARNING] port '**' remains unconnected for this instance (VERI-1927) (D:/Efinity_Project/Efinity_Project/Ti60F225_OV5640_Face_Reproduction\ip/DdrCtrl\DdrCtrl.sv:590)
[EFX-0011 VERI-WARNING] actual bit length ** differs from formal bit length *** for port '**' (VERI-1330) (D:/Efinity_Project/Efinity_Project/Ti60F225_OV5640_Face_Reproduction\ip/DdrCtrl\DdrCtrl.sv:590)
[EFX-0011 VERI-WARNING] port '**' remains unconnected for this instance (VERI-1927) (D:/Efinity_Project/Efinity_Project/Ti60F225_OV5640_Face_Reproduction\ip/DdrCtrl\DdrCtrl.sv:1460)
[EFX-0011 VERI-WARNING] port '**' remains unconnected for this instance (VERI-1927) (D:/Efinity_Project/Efinity_Project/Ti60F225_OV5640_Face_Reproduction\ip/DdrCtrl\DdrCtrl.sv:4817)
[EFX-0011 VERI-WARNING] actual bit length ** differs from formal bit length *** for port '**' (VERI-1330) (D:/Efinity_Project/Efinity_Project/Ti60F225_OV5640_Face_Reproduction\ip/DdrCtrl\DdrCtrl.sv:4817)
[EFX-0011 VERI-WARNING] input port '**' is not connected on this instance (VDB-1013) (D:/Efinity_Project/Efinity_Project/Ti60F225_OV5640_Face_Reproduction\ip/DdrCtrl\DdrCtrl.sv:4817)
[EFX-0011 VERI-WARNING] expression size ** truncated to fit in target size ** (VERI-1209) (D:/Efinity_Project/Efinity_Project/Ti60F225_OV5640_Face_Reproduction\ip/DdrCtrl\DdrCtrl.sv:1460)
[EFX-0011 VERI-WARNING] net '**' does not have a driver (VDB-1002) (D:/Efinity_Project/Efinity_Project/Ti60F225_OV5640_Face_Reproduction\ip/DdrCtrl\DdrCtrl.sv:1460)
[EFX-0011 VERI-WARNING] net '**' does not have a driver (VDB-1002) (D:/Efinity_Project/Efinity_Project/Ti60F225_OV5640_Face_Reproduction\ip/DdrCtrl\DdrCtrl.sv:590)
[EFX-0011 VERI-WARNING] input port '**' is not connected on this instance (VDB-1013) (D:/Efinity_Project/Efinity_Project/Ti60F225_OV5640_Face_Reproduction\ip/DdrCtrl\DdrCtrl.sv:590)
[EFX-0011 VERI-WARNING] input port '**' is not connected on this instance (VDB-1013) (D:/Efinity_Project/Efinity_Project/Ti60F225_OV5640_Face_Reproduction\ip/DdrCtrl\DdrCtrl.sv:2496)
[EFX-0011 VERI-WARNING] input port 'wr_data[127]' is not connected on this instance (VDB-1013) (D:/Efinity_Project/Efinity_Project/Ti60F225_OV5640_Face_Reproduction\ip/DdrCtrl\DdrCtrl.sv:117)
[EFX-0011 VERI-WARNING] actual bit length 4 differs from formal bit length 8 for port 'axi_aid' (VERI-1330) (D:\Efinity_Project\Efinity_Project\Ti60F225_OV5640_Face_Reproduction\example_top.v:579)
[EFX-0011 VERI-WARNING] actual bit length 4 differs from formal bit length 8 for port 'axi_wid' (VERI-1330) (D:\Efinity_Project\Efinity_Project\Ti60F225_OV5640_Face_Reproduction\example_top.v:586)
[EFX-0011 VERI-WARNING] actual bit length 4 differs from formal bit length 8 for port 'axi_bid' (VERI-1330) (D:\Efinity_Project\Efinity_Project\Ti60F225_OV5640_Face_Reproduction\example_top.v:595)
[EFX-0011 VERI-WARNING] actual bit length 4 differs from formal bit length 8 for port 'axi_rid' (VERI-1330) (D:\Efinity_Project\Efinity_Project\Ti60F225_OV5640_Face_Reproduction\example_top.v:601)
[EFX-0011 VERI-WARNING] expression size 2 truncated to fit in target size 1 (VERI-1209) (D:\Efinity_Project\Efinity_Project\Ti60F225_OV5640_Face_Reproduction\src\axi\AXI4_AWARMux.v:90)
[EFX-0011 VERI-WARNING] expression size 3 truncated to fit in target size 2 (VERI-1209) (D:\Efinity_Project\Efinity_Project\Ti60F225_OV5640_Face_Reproduction\example_top.v:713)
[EFX-0011 VERI-WARNING] expression size 5 truncated to fit in target size 4 (VERI-1209) (D:\Efinity_Project\Efinity_Project\Ti60F225_OV5640_Face_Reproduction\example_top.v:714)
[EFX-0011 VERI-WARNING] actual bit length 64 differs from formal bit length 8 for port 'image_out_data' (VERI-1330) (D:\Efinity_Project\Efinity_Project\Ti60F225_OV5640_Face_Reproduction\example_top.v:861)
[EFX-0011 VERI-WARNING] expression size 32 truncated to fit in target size 16 (VERI-1209) (D:\Efinity_Project\Efinity_Project\Ti60F225_OV5640_Face_Reproduction\src\axi\axi4_ctrl.v:91)
[EFX-0011 VERI-WARNING] expression size 3 truncated to fit in target size 2 (VERI-1209) (D:\Efinity_Project\Efinity_Project\Ti60F225_OV5640_Face_Reproduction\src\axi\axi4_ctrl.v:113)
[EFX-0011 VERI-WARNING] expression size 3 truncated to fit in target size 2 (VERI-1209) (D:\Efinity_Project\Efinity_Project\Ti60F225_OV5640_Face_Reproduction\src\axi\axi4_ctrl.v:114)
[EFX-0011 VERI-WARNING] expression size 3 truncated to fit in target size 2 (VERI-1209) (D:\Efinity_Project\Efinity_Project\Ti60F225_OV5640_Face_Reproduction\src\axi\axi4_ctrl.v:196)
[EFX-0011 VERI-WARNING] expression size 2 truncated to fit in target size 1 (VERI-1209) (D:\Efinity_Project\Efinity_Project\Ti60F225_OV5640_Face_Reproduction\src\axi\axi4_ctrl.v:238)
[EFX-0011 VERI-WARNING] expression size 23 truncated to fit in target size 22 (VERI-1209) (D:\Efinity_Project\Efinity_Project\Ti60F225_OV5640_Face_Reproduction\src\axi\axi4_ctrl.v:257)
[EFX-0011 VERI-WARNING] port 'a_wr_rst_i' remains unconnected for this instance (VERI-1927) (D:/Efinity_Project/Efinity_Project/Ti60F225_OV5640_Face_Reproduction\ip/W0_FIFO_8\W0_FIFO_8.sv:116)
[EFX-0011 VERI-WARNING] expression size 32 truncated to fit in target size 14 (VERI-1209) (D:/Efinity_Project/Efinity_Project/Ti60F225_OV5640_Face_Reproduction\ip/W0_FIFO_8\W0_FIFO_8.sv:1251)
[EFX-0011 VERI-WARNING] expression size 32 truncated to fit in target size 10 (VERI-1209) (D:/Efinity_Project/Efinity_Project/Ti60F225_OV5640_Face_Reproduction\ip/W0_FIFO_8\W0_FIFO_8.sv:1252)
[EFX-0011 VERI-WARNING] input port 'a_wr_rst_i' is not connected on this instance (VDB-1013) (D:/Efinity_Project/Efinity_Project/Ti60F225_OV5640_Face_Reproduction\ip/W0_FIFO_8\W0_FIFO_8.sv:95)
[EFX-0011 VERI-WARNING] port 'a_wr_rst_i' remains unconnected for this instance (VERI-1927) (D:/Efinity_Project/Efinity_Project/Ti60F225_OV5640_Face_Reproduction\ip/R0_FIFO_16\R0_FIFO_16.sv:116)
[EFX-0011 VERI-WARNING] expression size 32 truncated to fit in target size 10 (VERI-1209) (D:/Efinity_Project/Efinity_Project/Ti60F225_OV5640_Face_Reproduction\ip/R0_FIFO_16\R0_FIFO_16.sv:1236)
[EFX-0011 VERI-WARNING] expression size 32 truncated to fit in target size 13 (VERI-1209) (D:/Efinity_Project/Efinity_Project/Ti60F225_OV5640_Face_Reproduction\ip/R0_FIFO_16\R0_FIFO_16.sv:1237)
[EFX-0011 VERI-WARNING] input port 'a_wr_rst_i' is not connected on this instance (VDB-1013) (D:/Efinity_Project/Efinity_Project/Ti60F225_OV5640_Face_Reproduction\ip/R0_FIFO_16\R0_FIFO_16.sv:95)
[EFX-0011 VERI-WARNING] expression size 17 truncated to fit in target size 16 (VERI-1209) (D:\Efinity_Project\Efinity_Project\Ti60F225_OV5640_Face_Reproduction\src\axi\axi4_ctrl.v:464)
[EFX-0011 VERI-WARNING] expression size 23 truncated to fit in target size 22 (VERI-1209) (D:\Efinity_Project\Efinity_Project\Ti60F225_OV5640_Face_Reproduction\src\axi\axi4_ctrl.v:574)
[EFX-0011 VERI-WARNING] actual bit length 32 differs from formal bit length 4 for port 'axi_bid' (VERI-1330) (D:\Efinity_Project\Efinity_Project\Ti60F225_OV5640_Face_Reproduction\example_top.v:934)
[EFX-0011 VERI-WARNING] actual bit length 32 differs from formal bit length 2 for port 'axi_bresp' (VERI-1330) (D:\Efinity_Project\Efinity_Project\Ti60F225_OV5640_Face_Reproduction\example_top.v:935)
[EFX-0011 VERI-WARNING] actual bit length 32 differs from formal bit length 1 for port 'axi_bvalid' (VERI-1330) (D:\Efinity_Project\Efinity_Project\Ti60F225_OV5640_Face_Reproduction\example_top.v:936)
[EFX-0011 VERI-WARNING] actual bit length 32 differs from formal bit length 2 for port 'axi_rresp' (VERI-1330) (D:\Efinity_Project\Efinity_Project\Ti60F225_OV5640_Face_Reproduction\example_top.v:946)
[EFX-0011 VERI-WARNING] actual bit length 64 differs from formal bit length 8 for port 'wframe_data' (VERI-1330) (D:\Efinity_Project\Efinity_Project\Ti60F225_OV5640_Face_Reproduction\example_top.v:954)
[EFX-0011 VERI-WARNING] actual bit length 8 differs from formal bit length 32 for port 'tp_o' (VERI-1330) (D:\Efinity_Project\Efinity_Project\Ti60F225_OV5640_Face_Reproduction\example_top.v:961)
[EFX-0011 VERI-WARNING] expression size 8 truncated to fit in target size 4 (VERI-1209) (D:\Efinity_Project\Efinity_Project\Ti60F225_OV5640_Face_Reproduction\example_top.v:963)
[EFX-0011 VERI-WARNING] expression size 14 truncated to fit in target size 12 (VERI-1209) (D:\Efinity_Project\Efinity_Project\Ti60F225_OV5640_Face_Reproduction\src\lcd_driver.v:145)
[EFX-0011 VERI-WARNING] actual bit length 24 differs from formal bit length 48 for port 'lcd_data' (VERI-1330) (D:\Efinity_Project\Efinity_Project\Ti60F225_OV5640_Face_Reproduction\example_top.v:1014)
[EFX-0011 VERI-WARNING] expression size 13 truncated to fit in target size 12 (VERI-1209) (D:\Efinity_Project\Efinity_Project\Ti60F225_OV5640_Face_Reproduction\src\vision\sobel3x3.v:94)
[EFX-0011 VERI-WARNING] expression size 13 truncated to fit in target size 12 (VERI-1209) (D:\Efinity_Project\Efinity_Project\Ti60F225_OV5640_Face_Reproduction\src\vision\sobel3x3.v:95)
[EFX-0011 VERI-WARNING] expression size 32 truncated to fit in target size 8 (VERI-1209) (D:\Efinity_Project\Efinity_Project\Ti60F225_OV5640_Face_Reproduction\src\face\face_reader_720p.v:22)
[EFX-0011 VERI-WARNING] actual bit length 10 differs from formal bit length 11 for port 'pixel_y' (VERI-1330) (D:\Efinity_Project\Efinity_Project\Ti60F225_OV5640_Face_Reproduction\example_top.v:1423)
[EFX-0011 VERI-WARNING] port 'rst_busy' remains unconnected for this instance (VERI-1927) (D:\Efinity_Project\Efinity_Project\Ti60F225_OV5640_Face_Reproduction\src\face\true_ccl.v:224)
[EFX-0011 VERI-WARNING] concatenation with an unsized literal will be treated as 32 bits (VERI-1320) (D:\Efinity_Project\Efinity_Project\Ti60F225_OV5640_Face_Reproduction\src\face\true_ccl.v:235)
[EFX-0011 VERI-WARNING] port 'rst_busy' remains unconnected for this instance (VERI-1927) (D:\Efinity_Project\Efinity_Project\Ti60F225_OV5640_Face_Reproduction\src\face\true_ccl.v:241)
[EFX-0011 VERI-WARNING] expression size 12 truncated to fit in target size 11 (VERI-1209) (D:\Efinity_Project\Efinity_Project\Ti60F225_OV5640_Face_Reproduction\src\face\true_ccl.v:75)
[EFX-0011 VERI-WARNING] latch inferred for net 'PreCombCur' (VERI-2580) (D:\Efinity_Project\Efinity_Project\Ti60F225_OV5640_Face_Reproduction\src\face\true_ccl.v:176)
[EFX-0011 VERI-WARNING] port 'a_wr_rst_i' remains unconnected for this instance (VERI-1927) (D:/Efinity_Project/Efinity_Project/Ti60F225_OV5640_Face_Reproduction\ip/FIFO36x512\FIFO36x512.sv:98)
[EFX-0011 VERI-WARNING] input port 'a_wr_rst_i' is not connected on this instance (VDB-1013) (D:/Efinity_Project/Efinity_Project/Ti60F225_OV5640_Face_Reproduction\ip/FIFO36x512\FIFO36x512.sv:86)
[EFX-0011 VERI-WARNING] actual bit length 32 differs from formal bit length 36 for port 'rdata' (VERI-1330) (D:\Efinity_Project\Efinity_Project\Ti60F225_OV5640_Face_Reproduction\src\face\true_ccl.v:221)
[EFX-0011 VERI-WARNING] actual bit length 66 differs from formal bit length 36 for port 'wdata' (VERI-1330) (D:\Efinity_Project\Efinity_Project\Ti60F225_OV5640_Face_Reproduction\src\face\true_ccl.v:235)
[EFX-0011 VERI-WARNING] actual bit length 34 differs from formal bit length 36 for port 'rdata' (VERI-1330) (D:\Efinity_Project\Efinity_Project\Ti60F225_OV5640_Face_Reproduction\src\face\true_ccl.v:238)
[EFX-0011 VERI-WARNING] port 'addr' is not connected on this instance (VERI-2435) (D:/Efinity_Project/Efinity_Project/Ti60F225_OV5640_Face_Reproduction\ip/BlockRam90x1024\BlockRam90x1024.v:144)
[EFX-0011 VERI-WARNING] expression size 32 truncated to fit in target size 1 (VERI-1209) (D:/Efinity_Project/Efinity_Project/Ti60F225_OV5640_Face_Reproduction\ip/BlockRam90x1024\BlockRam90x1024.v:1091)
[EFX-0011 VERI-WARNING] expression size 32 truncated to fit in target size 1 (VERI-1209) (D:/Efinity_Project/Efinity_Project/Ti60F225_OV5640_Face_Reproduction\ip/BlockRam90x1024\BlockRam90x1024.v:1092)
[EFX-0011 VERI-WARNING] expression size 32 truncated to fit in target size 1 (VERI-1209) (D:/Efinity_Project/Efinity_Project/Ti60F225_OV5640_Face_Reproduction\ip/BlockRam90x1024\BlockRam90x1024.v:1104)
[EFX-0011 VERI-WARNING] expression size 32 truncated to fit in target size 1 (VERI-1209) (D:/Efinity_Project/Efinity_Project/Ti60F225_OV5640_Face_Reproduction\ip/BlockRam90x1024\BlockRam90x1024.v:1105)
[EFX-0011 VERI-WARNING] expression size 32 truncated to fit in target size 1 (VERI-1209) (D:/Efinity_Project/Efinity_Project/Ti60F225_OV5640_Face_Reproduction\ip/BlockRam90x1024\BlockRam90x1024.v:1108)
[EFX-0011 VERI-WARNING] expression size 32 truncated to fit in target size 1 (VERI-1209) (D:/Efinity_Project/Efinity_Project/Ti60F225_OV5640_Face_Reproduction\ip/BlockRam90x1024\BlockRam90x1024.v:1109)
[EFX-0011 VERI-WARNING] input port 'addr[9]' is not connected on this instance (VDB-1013) (D:/Efinity_Project/Efinity_Project/Ti60F225_OV5640_Face_Reproduction\ip/BlockRam90x1024\BlockRam90x1024.v:133)
[EFX-0011 VERI-WARNING] input port 'clke' remains unconnected for this instance (VDB-1053) (D:/Efinity_Project/Efinity_Project/Ti60F225_OV5640_Face_Reproduction\ip/BlockRam90x1024\BlockRam90x1024.v:133)
[EFX-0011 VERI-WARNING] actual bit length 27 differs from formal bit length 26 for port 'Count' (VERI-1330) (D:\Efinity_Project\Efinity_Project\Ti60F225_OV5640_Face_Reproduction\src\face\streaming_connected_components.v:134)
[EFX-0011 VERI-WARNING] latch inferred for net 'dx0[10]' (VERI-2580) (D:\Efinity_Project\Efinity_Project\Ti60F225_OV5640_Face_Reproduction\src\face\bbox_overlay.v:192)
[EFX-0011 VERI-WARNING] actual bit length 32 differs from formal bit length 4 for port 'data_island_data' (VERI-1330) (D:\Efinity_Project\Efinity_Project\Ti60F225_OV5640_Face_Reproduction\src\hdmi_ip\rgb2dvi.v:50)
[EFX-0011 VERI-WARNING] actual bit length 4 differs from formal bit length 3 for port 'mode' (VERI-1330) (D:\Efinity_Project\Efinity_Project\Ti60F225_OV5640_Face_Reproduction\src\hdmi_ip\rgb2dvi.v:52)
[EFX-0011 VERI-WARNING] actual bit length 32 differs from formal bit length 4 for port 'data_island_data' (VERI-1330) (D:\Efinity_Project\Efinity_Project\Ti60F225_OV5640_Face_Reproduction\src\hdmi_ip\rgb2dvi.v:58)
[EFX-0011 VERI-WARNING] actual bit length 4 differs from formal bit length 3 for port 'mode' (VERI-1330) (D:\Efinity_Project\Efinity_Project\Ti60F225_OV5640_Face_Reproduction\src\hdmi_ip\rgb2dvi.v:60)
[EFX-0011 VERI-WARNING] actual bit length 32 differs from formal bit length 4 for port 'data_island_data' (VERI-1330) (D:\Efinity_Project\Efinity_Project\Ti60F225_OV5640_Face_Reproduction\src\hdmi_ip\rgb2dvi.v:66)
[EFX-0011 VERI-WARNING] actual bit length 4 differs from formal bit length 3 for port 'mode' (VERI-1330) (D:\Efinity_Project\Efinity_Project\Ti60F225_OV5640_Face_Reproduction\src\hdmi_ip\rgb2dvi.v:68)
[EFX-0011 VERI-WARNING] actual bit length 32 differs from formal bit length 1 for port 'oe_i' (VERI-1330) (D:\Efinity_Project\Efinity_Project\Ti60F225_OV5640_Face_Reproduction\example_top.v:1615)
[EFX-0011 VERI-WARNING] net 'w_dev_index_o[7]' does not have a driver (VDB-1002) (D:\Efinity_Project\Efinity_Project\Ti60F225_OV5640_Face_Reproduction\example_top.v:428)
[EFX-0011 VERI-WARNING] net 'w_dev_cmd_o[7]' does not have a driver (VDB-1002) (D:\Efinity_Project\Efinity_Project\Ti60F225_OV5640_Face_Reproduction\example_top.v:429)
[EFX-0011 VERI-WARNING] net 'w_dev_wdata_o[31]' does not have a driver (VDB-1002) (D:\Efinity_Project\Efinity_Project\Ti60F225_OV5640_Face_Reproduction\example_top.v:430)
[EFX-0011 VERI-WARNING] net 'w_dev_wvalid_o' does not have a driver (VDB-1002) (D:\Efinity_Project\Efinity_Project\Ti60F225_OV5640_Face_Reproduction\example_top.v:431)
[EFX-0011 VERI-WARNING] net 'w_spi_ssn_o' does not have a driver (VDB-1002) (D:\Efinity_Project\Efinity_Project\Ti60F225_OV5640_Face_Reproduction\example_top.v:435)
[EFX-0011 VERI-WARNING] net 'w_spi_data_o[3]' does not have a driver (VDB-1002) (D:\Efinity_Project\Efinity_Project\Ti60F225_OV5640_Face_Reproduction\example_top.v:436)
[EFX-0011 VERI-WARNING] net 'w_lcd_b_o[7]' does not have a driver (VDB-1002) (D:\Efinity_Project\Efinity_Project\Ti60F225_OV5640_Face_Reproduction\example_top.v:453)
[EFX-0011 VERI-WARNING] input port 'SerialClk' is not connected on this instance (VDB-1013) (D:\Efinity_Project\Efinity_Project\Ti60F225_OV5640_Face_Reproduction\example_top.v:1608)
[EFX-0256 WARNING] The primary output port 'csi_ctl0_o' wire 'csi_ctl0_o' is not driven.
[EFX-0256 WARNING] The primary output port 'csi_ctl1_o' wire 'csi_ctl1_o' is not driven.
[EFX-0256 WARNING] The primary output port 'csi_scl_o' wire 'csi_scl_o' is not driven.
[EFX-0256 WARNING] The primary output port 'csi_scl_oe' wire 'csi_scl_oe' is not driven.
[EFX-0256 WARNING] The primary output port 'csi_sda_o' wire 'csi_sda_o' is not driven.
[EFX-0256 WARNING] The primary output port 'csi_sda_oe' wire 'csi_sda_oe' is not driven.
[EFX-0256 WARNING] The primary output port 'csi_rxc_hs_en_o' wire 'csi_rxc_hs_en_o' is not driven.
[EFX-0256 WARNING] The primary output port 'csi_rxc_hs_term_en_o' wire 'csi_rxc_hs_term_en_o' is not driven.
[EFX-0256 WARNING] The primary output port 'csi_rxd0_rst_o' wire 'csi_rxd0_rst_o' is not driven.
[EFX-0256 WARNING] The primary output port 'csi_rxd0_hs_en_o' wire 'csi_rxd0_hs_en_o' is not driven.
[EFX-0256 WARNING] The primary output port 'csi_rxd0_hs_term_en_o' wire 'csi_rxd0_hs_term_en_o' is not driven.
[EFX-0256 WARNING] The primary output port 'csi_rxd1_rst_o' wire 'csi_rxd1_rst_o' is not driven.
[EFX-0256 WARNING] The primary output port 'csi_rxd1_hs_en_o' wire 'csi_rxd1_hs_en_o' is not driven.
[EFX-0256 WARNING] The primary output port 'csi_rxd1_hs_term_en_o' wire 'csi_rxd1_hs_term_en_o' is not driven.
[EFX-0256 WARNING] The primary output port 'csi_rxd2_rst_o' wire 'csi_rxd2_rst_o' is not driven.
[EFX-0256 WARNING] The primary output port 'csi_rxd2_hs_en_o' wire 'csi_rxd2_hs_en_o' is not driven.
[EFX-0256 WARNING] The primary output port 'csi_rxd2_hs_term_en_o' wire 'csi_rxd2_hs_term_en_o' is not driven.
[EFX-0256 WARNING] The primary output port 'csi_rxd3_rst_o' wire 'csi_rxd3_rst_o' is not driven.
[EFX-0256 WARNING] The primary output port 'csi_rxd3_hs_en_o' wire 'csi_rxd3_hs_en_o' is not driven.
[EFX-0256 WARNING] The primary output port 'csi_rxd3_hs_term_en_o' wire 'csi_rxd3_hs_term_en_o' is not driven.
[EFX-0256 WARNING] The primary output port 'dsi_txc_rst_o' wire 'dsi_txc_rst_o' is not driven.
[EFX-0256 WARNING] The primary output port 'dsi_txc_lp_p_oe' wire 'dsi_txc_lp_p_oe' is not driven.
[EFX-0256 WARNING] The primary output port 'dsi_txc_lp_p_o' wire 'dsi_txc_lp_p_o' is not driven.
[EFX-0256 WARNING] The primary output port 'dsi_txc_lp_n_oe' wire 'dsi_txc_lp_n_oe' is not driven.
[EFX-0256 WARNING] The primary output port 'dsi_txc_lp_n_o' wire 'dsi_txc_lp_n_o' is not driven.
[EFX-0256 WARNING] The primary output port 'dsi_txc_hs_oe' wire 'dsi_txc_hs_oe' is not driven.
[EFX-0256 WARNING] The primary output port 'dsi_txc_hs_o[7]' wire 'dsi_txc_hs_o[7]' is not driven.
[EFX-0256 WARNING] The primary output port 'dsi_txc_hs_o[6]' wire 'dsi_txc_hs_o[6]' is not driven.
[EFX-0256 WARNING] The primary output port 'dsi_txc_hs_o[5]' wire 'dsi_txc_hs_o[5]' is not driven.
[EFX-0256 WARNING] The primary output port 'dsi_txc_hs_o[4]' wire 'dsi_txc_hs_o[4]' is not driven.
[EFX-0256 WARNING] The primary output port 'dsi_txc_hs_o[3]' wire 'dsi_txc_hs_o[3]' is not driven.
[EFX-0256 WARNING] The primary output port 'dsi_txc_hs_o[2]' wire 'dsi_txc_hs_o[2]' is not driven.
[EFX-0256 WARNING] The primary output port 'dsi_txc_hs_o[1]' wire 'dsi_txc_hs_o[1]' is not driven.
[EFX-0256 WARNING] The primary output port 'dsi_txc_hs_o[0]' wire 'dsi_txc_hs_o[0]' is not driven.
[EFX-0256 WARNING] The primary output port 'dsi_txd0_rst_o' wire 'dsi_txd0_rst_o' is not driven.
[EFX-0256 WARNING] The primary output port 'dsi_txd0_hs_oe' wire 'dsi_txd0_hs_oe' is not driven.
[EFX-0256 WARNING] The primary output port 'dsi_txd0_hs_o[7]' wire 'dsi_txd0_hs_o[7]' is not driven.
[EFX-0256 WARNING] The primary output port 'dsi_txd0_hs_o[6]' wire 'dsi_txd0_hs_o[6]' is not driven.
[EFX-0256 WARNING] The primary output port 'dsi_txd0_hs_o[5]' wire 'dsi_txd0_hs_o[5]' is not driven.
[EFX-0256 WARNING] The primary output port 'dsi_txd0_hs_o[4]' wire 'dsi_txd0_hs_o[4]' is not driven.
[EFX-0256 WARNING] The primary output port 'dsi_txd0_hs_o[3]' wire 'dsi_txd0_hs_o[3]' is not driven.
[EFX-0256 WARNING] The primary output port 'dsi_txd0_hs_o[2]' wire 'dsi_txd0_hs_o[2]' is not driven.
[EFX-0256 WARNING] The primary output port 'dsi_txd0_hs_o[1]' wire 'dsi_txd0_hs_o[1]' is not driven.
[EFX-0256 WARNING] The primary output port 'dsi_txd0_hs_o[0]' wire 'dsi_txd0_hs_o[0]' is not driven.
[EFX-0256 WARNING] The primary output port 'dsi_txd0_lp_p_oe' wire 'dsi_txd0_lp_p_oe' is not driven.
[EFX-0256 WARNING] The primary output port 'dsi_txd0_lp_p_o' wire 'dsi_txd0_lp_p_o' is not driven.
[EFX-0256 WARNING] The primary output port 'dsi_txd0_lp_n_oe' wire 'dsi_txd0_lp_n_oe' is not driven.
[EFX-0256 WARNING] The primary output port 'dsi_txd0_lp_n_o' wire 'dsi_txd0_lp_n_o' is not driven.
[EFX-0256 WARNING] The primary output port 'dsi_txd1_rst_o' wire 'dsi_txd1_rst_o' is not driven.
[EFX-0256 WARNING] The primary output port 'dsi_txd1_lp_p_oe' wire 'dsi_txd1_lp_p_oe' is not driven.
[EFX-0256 WARNING] The primary output port 'dsi_txd1_lp_p_o' wire 'dsi_txd1_lp_p_o' is not driven.
[EFX-0256 WARNING] The primary output port 'dsi_txd1_lp_n_oe' wire 'dsi_txd1_lp_n_oe' is not driven.
[EFX-0256 WARNING] The primary output port 'dsi_txd1_lp_n_o' wire 'dsi_txd1_lp_n_o' is not driven.
[EFX-0256 WARNING] The primary output port 'dsi_txd1_hs_oe' wire 'dsi_txd1_hs_oe' is not driven.
[EFX-0256 WARNING] The primary output port 'dsi_txd1_hs_o[7]' wire 'dsi_txd1_hs_o[7]' is not driven.
[EFX-0256 WARNING] The primary output port 'dsi_txd1_hs_o[6]' wire 'dsi_txd1_hs_o[6]' is not driven.
[EFX-0256 WARNING] The primary output port 'dsi_txd1_hs_o[5]' wire 'dsi_txd1_hs_o[5]' is not driven.
[EFX-0256 WARNING] The primary output port 'dsi_txd1_hs_o[4]' wire 'dsi_txd1_hs_o[4]' is not driven.
[EFX-0256 WARNING] The primary output port 'dsi_txd1_hs_o[3]' wire 'dsi_txd1_hs_o[3]' is not driven.
[EFX-0256 WARNING] The primary output port 'dsi_txd1_hs_o[2]' wire 'dsi_txd1_hs_o[2]' is not driven.
[EFX-0256 WARNING] The primary output port 'dsi_txd1_hs_o[1]' wire 'dsi_txd1_hs_o[1]' is not driven.
[EFX-0256 WARNING] The primary output port 'dsi_txd1_hs_o[0]' wire 'dsi_txd1_hs_o[0]' is not driven.
[EFX-0256 WARNING] The primary output port 'dsi_txd2_rst_o' wire 'dsi_txd2_rst_o' is not driven.
[EFX-0256 WARNING] The primary output port 'dsi_txd2_lp_p_oe' wire 'dsi_txd2_lp_p_oe' is not driven.
[EFX-0256 WARNING] The primary output port 'dsi_txd2_lp_p_o' wire 'dsi_txd2_lp_p_o' is not driven.
[EFX-0256 WARNING] The primary output port 'dsi_txd2_lp_n_oe' wire 'dsi_txd2_lp_n_oe' is not driven.
[EFX-0256 WARNING] The primary output port 'dsi_txd2_lp_n_o' wire 'dsi_txd2_lp_n_o' is not driven.
[EFX-0256 WARNING] The primary output port 'dsi_txd2_hs_oe' wire 'dsi_txd2_hs_oe' is not driven.
[EFX-0256 WARNING] The primary output port 'dsi_txd2_hs_o[7]' wire 'dsi_txd2_hs_o[7]' is not driven.
[EFX-0256 WARNING] The primary output port 'dsi_txd2_hs_o[6]' wire 'dsi_txd2_hs_o[6]' is not driven.
[EFX-0256 WARNING] The primary output port 'dsi_txd2_hs_o[5]' wire 'dsi_txd2_hs_o[5]' is not driven.
[EFX-0256 WARNING] The primary output port 'dsi_txd2_hs_o[4]' wire 'dsi_txd2_hs_o[4]' is not driven.
[EFX-0256 WARNING] The primary output port 'dsi_txd2_hs_o[3]' wire 'dsi_txd2_hs_o[3]' is not driven.
[EFX-0256 WARNING] The primary output port 'dsi_txd2_hs_o[2]' wire 'dsi_txd2_hs_o[2]' is not driven.
[EFX-0256 WARNING] The primary output port 'dsi_txd2_hs_o[1]' wire 'dsi_txd2_hs_o[1]' is not driven.
[EFX-0256 WARNING] The primary output port 'dsi_txd2_hs_o[0]' wire 'dsi_txd2_hs_o[0]' is not driven.
[EFX-0256 WARNING] The primary output port 'dsi_txd3_rst_o' wire 'dsi_txd3_rst_o' is not driven.
[EFX-0256 WARNING] The primary output port 'dsi_txd3_lp_p_oe' wire 'dsi_txd3_lp_p_oe' is not driven.
[EFX-0256 WARNING] The primary output port 'dsi_txd3_lp_p_o' wire 'dsi_txd3_lp_p_o' is not driven.
[EFX-0256 WARNING] The primary output port 'dsi_txd3_lp_n_oe' wire 'dsi_txd3_lp_n_oe' is not driven.
[EFX-0256 WARNING] The primary output port 'dsi_txd3_lp_n_o' wire 'dsi_txd3_lp_n_o' is not driven.
[EFX-0256 WARNING] The primary output port 'dsi_txd3_hs_oe' wire 'dsi_txd3_hs_oe' is not driven.
[EFX-0256 WARNING] The primary output port 'dsi_txd3_hs_o[7]' wire 'dsi_txd3_hs_o[7]' is not driven.
[EFX-0256 WARNING] The primary output port 'dsi_txd3_hs_o[6]' wire 'dsi_txd3_hs_o[6]' is not driven.
[EFX-0256 WARNING] The primary output port 'dsi_txd3_hs_o[5]' wire 'dsi_txd3_hs_o[5]' is not driven.
[EFX-0256 WARNING] The primary output port 'dsi_txd3_hs_o[4]' wire 'dsi_txd3_hs_o[4]' is not driven.
[EFX-0256 WARNING] The primary output port 'dsi_txd3_hs_o[3]' wire 'dsi_txd3_hs_o[3]' is not driven.
[EFX-0256 WARNING] The primary output port 'dsi_txd3_hs_o[2]' wire 'dsi_txd3_hs_o[2]' is not driven.
[EFX-0256 WARNING] The primary output port 'dsi_txd3_hs_o[1]' wire 'dsi_txd3_hs_o[1]' is not driven.
[EFX-0256 WARNING] The primary output port 'dsi_txd3_hs_o[0]' wire 'dsi_txd3_hs_o[0]' is not driven.
[EFX-0256 WARNING] The primary output port 'uart_tx_o' wire 'uart_tx_o' is not driven.
[EFX-0256 WARNING] The primary output port 'led_o[4]' wire 'led_o[4]' is not driven.
[EFX-0256 WARNING] The primary output port 'lvds_txc_oe' wire 'lvds_txc_oe' is not driven.
[EFX-0256 WARNING] The primary output port 'lvds_txc_o[6]' wire 'lvds_txc_o[6]' is not driven.
[EFX-0256 WARNING] The primary output port 'lvds_txc_o[5]' wire 'lvds_txc_o[5]' is not driven.
[EFX-0256 WARNING] The primary output port 'lvds_txc_o[4]' wire 'lvds_txc_o[4]' is not driven.
[EFX-0256 WARNING] The primary output port 'lvds_txc_o[3]' wire 'lvds_txc_o[3]' is not driven.
[EFX-0256 WARNING] The primary output port 'lvds_txc_o[2]' wire 'lvds_txc_o[2]' is not driven.
[EFX-0256 WARNING] The primary output port 'lvds_txc_o[1]' wire 'lvds_txc_o[1]' is not driven.
[EFX-0256 WARNING] The primary output port 'lvds_txc_o[0]' wire 'lvds_txc_o[0]' is not driven.
[EFX-0256 WARNING] The primary output port 'lvds_txc_rst_o' wire 'lvds_txc_rst_o' is not driven.
[EFX-0256 WARNING] The primary output port 'lvds_txd0_oe' wire 'lvds_txd0_oe' is not driven.
[EFX-0256 WARNING] The primary output port 'lvds_txd0_o[6]' wire 'lvds_txd0_o[6]' is not driven.
[EFX-0256 WARNING] The primary output port 'lvds_txd0_o[5]' wire 'lvds_txd0_o[5]' is not driven.
[EFX-0256 WARNING] The primary output port 'lvds_txd0_o[4]' wire 'lvds_txd0_o[4]' is not driven.
[EFX-0256 WARNING] The primary output port 'lvds_txd0_o[3]' wire 'lvds_txd0_o[3]' is not driven.
[EFX-0256 WARNING] The primary output port 'lvds_txd0_o[2]' wire 'lvds_txd0_o[2]' is not driven.
[EFX-0256 WARNING] The primary output port 'lvds_txd0_o[1]' wire 'lvds_txd0_o[1]' is not driven.
[EFX-0256 WARNING] The primary output port 'lvds_txd0_o[0]' wire 'lvds_txd0_o[0]' is not driven.
[EFX-0256 WARNING] The primary output port 'lvds_txd0_rst_o' wire 'lvds_txd0_rst_o' is not driven.
[EFX-0256 WARNING] The primary output port 'lvds_txd1_oe' wire 'lvds_txd1_oe' is not driven.
[EFX-0256 WARNING] The primary output port 'lvds_txd1_o[6]' wire 'lvds_txd1_o[6]' is not driven.
[EFX-0256 WARNING] The primary output port 'lvds_txd1_o[5]' wire 'lvds_txd1_o[5]' is not driven.
[EFX-0256 WARNING] The primary output port 'lvds_txd1_o[4]' wire 'lvds_txd1_o[4]' is not driven.
[EFX-0256 WARNING] The primary output port 'lvds_txd1_o[3]' wire 'lvds_txd1_o[3]' is not driven.
[EFX-0256 WARNING] The primary output port 'lvds_txd1_o[2]' wire 'lvds_txd1_o[2]' is not driven.
[EFX-0256 WARNING] The primary output port 'lvds_txd1_o[1]' wire 'lvds_txd1_o[1]' is not driven.
[EFX-0256 WARNING] The primary output port 'lvds_txd1_o[0]' wire 'lvds_txd1_o[0]' is not driven.
[EFX-0256 WARNING] The primary output port 'lvds_txd1_rst_o' wire 'lvds_txd1_rst_o' is not driven.
[EFX-0256 WARNING] The primary output port 'lvds_txd2_oe' wire 'lvds_txd2_oe' is not driven.
[EFX-0256 WARNING] The primary output port 'lvds_txd2_o[6]' wire 'lvds_txd2_o[6]' is not driven.
[EFX-0256 WARNING] The primary output port 'lvds_txd2_o[5]' wire 'lvds_txd2_o[5]' is not driven.
[EFX-0256 WARNING] The primary output port 'lvds_txd2_o[4]' wire 'lvds_txd2_o[4]' is not driven.
[EFX-0256 WARNING] The primary output port 'lvds_txd2_o[3]' wire 'lvds_txd2_o[3]' is not driven.
[EFX-0256 WARNING] The primary output port 'lvds_txd2_o[2]' wire 'lvds_txd2_o[2]' is not driven.
[EFX-0256 WARNING] The primary output port 'lvds_txd2_o[1]' wire 'lvds_txd2_o[1]' is not driven.
[EFX-0256 WARNING] The primary output port 'lvds_txd2_o[0]' wire 'lvds_txd2_o[0]' is not driven.
[EFX-0256 WARNING] The primary output port 'lvds_txd2_rst_o' wire 'lvds_txd2_rst_o' is not driven.
[EFX-0256 WARNING] The primary output port 'lvds_txd3_oe' wire 'lvds_txd3_oe' is not driven.
[EFX-0256 WARNING] The primary output port 'lvds_txd3_o[6]' wire 'lvds_txd3_o[6]' is not driven.
[EFX-0256 WARNING] The primary output port 'lvds_txd3_o[5]' wire 'lvds_txd3_o[5]' is not driven.
[EFX-0256 WARNING] The primary output port 'lvds_txd3_o[4]' wire 'lvds_txd3_o[4]' is not driven.
[EFX-0256 WARNING] The primary output port 'lvds_txd3_o[3]' wire 'lvds_txd3_o[3]' is not driven.
[EFX-0256 WARNING] The primary output port 'lvds_txd3_o[2]' wire 'lvds_txd3_o[2]' is not driven.
[EFX-0256 WARNING] The primary output port 'lvds_txd3_o[1]' wire 'lvds_txd3_o[1]' is not driven.
[EFX-0256 WARNING] The primary output port 'lvds_txd3_o[0]' wire 'lvds_txd3_o[0]' is not driven.
[EFX-0256 WARNING] The primary output port 'lvds_txd3_rst_o' wire 'lvds_txd3_rst_o' is not driven.
[EFX-0256 WARNING] The primary output port 'lcd_tp_sda_o' wire 'lcd_tp_sda_o' is not driven.
[EFX-0256 WARNING] The primary output port 'lcd_tp_sda_oe' wire 'lcd_tp_sda_oe' is not driven.
[EFX-0256 WARNING] The primary output port 'lcd_tp_scl_o' wire 'lcd_tp_scl_o' is not driven.
[EFX-0256 WARNING] The primary output port 'lcd_tp_scl_oe' wire 'lcd_tp_scl_oe' is not driven.
[EFX-0256 WARNING] The primary output port 'lcd_tp_int_o' wire 'lcd_tp_int_o' is not driven.
[EFX-0256 WARNING] The primary output port 'lcd_tp_int_oe' wire 'lcd_tp_int_oe' is not driven.
[EFX-0256 WARNING] The primary output port 'lcd_tp_rst_o' wire 'lcd_tp_rst_o' is not driven.
[EFX-0256 WARNING] The primary output port 'lcd_pwm_o' wire 'lcd_pwm_o' is not driven.
[EFX-0256 WARNING] The primary output port 'lcd_blen_o' wire 'lcd_blen_o' is not driven.
[EFX-0256 WARNING] The primary output port 'lcd_vs_o' wire 'lcd_vs_o' is not driven.
[EFX-0256 WARNING] The primary output port 'lcd_hs_o' wire 'lcd_hs_o' is not driven.
[EFX-0256 WARNING] The primary output port 'lcd_de_o' wire 'lcd_de_o' is not driven.
[EFX-0200 WARNING] Removing redundant signal : Shift_Q7_Out[4][7]. (D:/Efinity_Project/Efinity_Project/Ti60F225_OV5640_Face_Reproduction\ip/DdrCtrl\DdrCtrl.sv:2611)
[EFX-0200 WARNING] Removing redundant signal : Shift_Q7_Out[4][6]. (D:/Efinity_Project/Efinity_Project/Ti60F225_OV5640_Face_Reproduction\ip/DdrCtrl\DdrCtrl.sv:2611)
[EFX-0200 WARNING] Removing redundant signal : Shift_Q7_Out[4][5]. (D:/Efinity_Project/Efinity_Project/Ti60F225_OV5640_Face_Reproduction\ip/DdrCtrl\DdrCtrl.sv:2611)
[EFX-0200 WARNING] Removing redundant signal : Shift_Q7_Out[4][4]. (D:/Efinity_Project/Efinity_Project/Ti60F225_OV5640_Face_Reproduction\ip/DdrCtrl\DdrCtrl.sv:2611)
[EFX-0200 WARNING] Removing redundant signal : Shift_Q7_Out[4][3]. (D:/Efinity_Project/Efinity_Project/Ti60F225_OV5640_Face_Reproduction\ip/DdrCtrl\DdrCtrl.sv:2611)
[EFX-0200 WARNING] Removing redundant signal : Shift_Q7_Out[4][2]. (D:/Efinity_Project/Efinity_Project/Ti60F225_OV5640_Face_Reproduction\ip/DdrCtrl\DdrCtrl.sv:2611)
[EFX-0200 WARNING] Removing redundant signal : Shift_Q7_Out[4][1]. (D:/Efinity_Project/Efinity_Project/Ti60F225_OV5640_Face_Reproduction\ip/DdrCtrl\DdrCtrl.sv:2611)
[EFX-0200 WARNING] Removing redundant signal : Shift_Q7_Out[4][0]. (D:/Efinity_Project/Efinity_Project/Ti60F225_OV5640_Face_Reproduction\ip/DdrCtrl\DdrCtrl.sv:2611)
[EFX-0200 WARNING] Removing redundant signal : Shift_Out[7]. (D:/Efinity_Project/Efinity_Project/Ti60F225_OV5640_Face_Reproduction\ip/DdrCtrl\DdrCtrl.sv:2611)
[EFX-0200 WARNING] Removing redundant signal : Shift_Out[6]. (D:/Efinity_Project/Efinity_Project/Ti60F225_OV5640_Face_Reproduction\ip/DdrCtrl\DdrCtrl.sv:2611)
[EFX-0200 WARNING] Removing redundant signal : Shift_Out[5]. (D:/Efinity_Project/Efinity_Project/Ti60F225_OV5640_Face_Reproduction\ip/DdrCtrl\DdrCtrl.sv:2611)
[EFX-0200 WARNING] Removing redundant signal : Shift_Out[4]. (D:/Efinity_Project/Efinity_Project/Ti60F225_OV5640_Face_Reproduction\ip/DdrCtrl\DdrCtrl.sv:2611)
[EFX-0200 WARNING] Removing redundant signal : Shift_Out[3]. (D:/Efinity_Project/Efinity_Project/Ti60F225_OV5640_Face_Reproduction\ip/DdrCtrl\DdrCtrl.sv:2611)
[EFX-0200 WARNING] Removing redundant signal : Shift_Out[2]. (D:/Efinity_Project/Efinity_Project/Ti60F225_OV5640_Face_Reproduction\ip/DdrCtrl\DdrCtrl.sv:2611)
[EFX-0200 WARNING] Removing redundant signal : Shift_Out[1]. (D:/Efinity_Project/Efinity_Project/Ti60F225_OV5640_Face_Reproduction\ip/DdrCtrl\DdrCtrl.sv:2611)
[EFX-0200 WARNING] Removing redundant signal : Shift_Out[0]. (D:/Efinity_Project/Efinity_Project/Ti60F225_OV5640_Face_Reproduction\ip/DdrCtrl\DdrCtrl.sv:2611)
[EFX-0200 WARNING] Removing redundant signal : Shift_Q7_Out[4][31]. (D:/Efinity_Project/Efinity_Project/Ti60F225_OV5640_Face_Reproduction\ip/DdrCtrl\DdrCtrl.sv:2611)
[EFX-0200 WARNING] Removing redundant signal : Shift_Q7_Out[4][30]. (D:/Efinity_Project/Efinity_Project/Ti60F225_OV5640_Face_Reproduction\ip/DdrCtrl\DdrCtrl.sv:2611)
[EFX-0200 WARNING] Removing redundant signal : Shift_Q7_Out[4][29]. (D:/Efinity_Project/Efinity_Project/Ti60F225_OV5640_Face_Reproduction\ip/DdrCtrl\DdrCtrl.sv:2611)
[EFX-0200 WARNING] Removing redundant signal : Shift_Q7_Out[4][28]. (D:/Efinity_Project/Efinity_Project/Ti60F225_OV5640_Face_Reproduction\ip/DdrCtrl\DdrCtrl.sv:2611)
[EFX-0201 WARNING] Re-wiring to GND non-driven net 'u_efx_fifo_top.a_rst_i'. (D:/Efinity_Project/Efinity_Project/Ti60F225_OV5640_Face_Reproduction\ip/DdrCtrl\DdrCtrl.sv:4817)
[EFX-0201 WARNING] Re-wiring to GND non-driven net 'u_efx_fifo_top.clk_i'. (D:/Efinity_Project/Efinity_Project/Ti60F225_OV5640_Face_Reproduction\ip/DdrCtrl\DdrCtrl.sv:4817)
[EFX-0201 WARNING] Re-wiring to GND non-driven net 'r_rd_fifo_wr_en_p[31]'. (D:/Efinity_Project/Efinity_Project/Ti60F225_OV5640_Face_Reproduction\ip/DdrCtrl\DdrCtrl.sv:1460)
[EFX-0201 WARNING] Re-wiring to GND non-driven net 'r_rd_fifo_wr_en_p[30]'. (D:/Efinity_Project/Efinity_Project/Ti60F225_OV5640_Face_Reproduction\ip/DdrCtrl\DdrCtrl.sv:1460)
[EFX-0201 WARNING] Re-wiring to GND non-driven net 'r_rd_fifo_wr_en_p[29]'. (D:/Efinity_Project/Efinity_Project/Ti60F225_OV5640_Face_Reproduction\ip/DdrCtrl\DdrCtrl.sv:1460)
[EFX-0201 WARNING] Re-wiring to GND non-driven net 'r_rd_fifo_wr_en_p[28]'. (D:/Efinity_Project/Efinity_Project/Ti60F225_OV5640_Face_Reproduction\ip/DdrCtrl\DdrCtrl.sv:1460)
[EFX-0201 WARNING] Re-wiring to GND non-driven net 'r_rd_fifo_wr_en_p[27]'. (D:/Efinity_Project/Efinity_Project/Ti60F225_OV5640_Face_Reproduction\ip/DdrCtrl\DdrCtrl.sv:1460)
[EFX-0201 WARNING] Re-wiring to GND non-driven net 'r_rd_fifo_wr_en_p[26]'. (D:/Efinity_Project/Efinity_Project/Ti60F225_OV5640_Face_Reproduction\ip/DdrCtrl\DdrCtrl.sv:1460)
[EFX-0201 WARNING] Re-wiring to GND non-driven net 'r_rd_fifo_wr_en_p[25]'. (D:/Efinity_Project/Efinity_Project/Ti60F225_OV5640_Face_Reproduction\ip/DdrCtrl\DdrCtrl.sv:1460)
[EFX-0201 WARNING] Re-wiring to GND non-driven net 'r_rd_fifo_wr_en_p[24]'. (D:/Efinity_Project/Efinity_Project/Ti60F225_OV5640_Face_Reproduction\ip/DdrCtrl\DdrCtrl.sv:1460)
[EFX-0657 WARNING] Mapping into logic memory block 'u_face_ccl/min_x_buf0' (704 bits) (D:\Efinity_Project\Efinity_Project\Ti60F225_OV5640_Face_Reproduction\src\face\streaming_connected_components.v:181) because it has async writer.
[EFX-0657 WARNING] Mapping into logic memory block 'u_face_ccl/max_x_buf0' (704 bits) (D:\Efinity_Project\Efinity_Project\Ti60F225_OV5640_Face_Reproduction\src\face\streaming_connected_components.v:181) because it has async writer.
[EFX-0657 WARNING] Mapping into logic memory block 'u_face_ccl/min_y_buf0' (640 bits) (D:\Efinity_Project\Efinity_Project\Ti60F225_OV5640_Face_Reproduction\src\face\streaming_connected_components.v:182) because it has async writer.
[EFX-0657 WARNING] Mapping into logic memory block 'u_face_ccl/max_y_buf0' (640 bits) (D:\Efinity_Project\Efinity_Project\Ti60F225_OV5640_Face_Reproduction\src\face\streaming_connected_components.v:182) because it has async writer.
[EFX-0657 WARNING] Mapping into logic memory block 'u_face_ccl/area_buf0' (1408 bits) (D:\Efinity_Project\Efinity_Project\Ti60F225_OV5640_Face_Reproduction\src\face\streaming_connected_components.v:183) because it has async writer.
[EFX-0657 WARNING] Mapping into logic memory block 'u_face_ccl/min_x_buf1' (704 bits) (D:\Efinity_Project\Efinity_Project\Ti60F225_OV5640_Face_Reproduction\src\face\streaming_connected_components.v:184) because it has async writer.
[EFX-0657 WARNING] Mapping into logic memory block 'u_face_ccl/max_x_buf1' (704 bits) (D:\Efinity_Project\Efinity_Project\Ti60F225_OV5640_Face_Reproduction\src\face\streaming_connected_components.v:184) because it has async writer.
[EFX-0657 WARNING] Mapping into logic memory block 'u_face_ccl/min_y_buf1' (640 bits) (D:\Efinity_Project\Efinity_Project\Ti60F225_OV5640_Face_Reproduction\src\face\streaming_connected_components.v:185) because it has async writer.
[EFX-0657 WARNING] Mapping into logic memory block 'u_face_ccl/max_y_buf1' (640 bits) (D:\Efinity_Project\Efinity_Project\Ti60F225_OV5640_Face_Reproduction\src\face\streaming_connected_components.v:185) because it has async writer.
[EFX-0657 WARNING] Mapping into logic memory block 'u_face_ccl/area_buf1' (1408 bits) (D:\Efinity_Project\Efinity_Project\Ti60F225_OV5640_Face_Reproduction\src\face\streaming_connected_components.v:186) because it has async writer.
[EFX-0657 WARNING] Mapping into logic memory block 'u_face_overlay/a_x0' (176 bits) (D:\Efinity_Project\Efinity_Project\Ti60F225_OV5640_Face_Reproduction\src\face\bbox_overlay.v:51) because it has async writer.
[EFX-0657 WARNING] Mapping into logic memory block 'u_face_overlay/a_x1' (176 bits) (D:\Efinity_Project\Efinity_Project\Ti60F225_OV5640_Face_Reproduction\src\face\bbox_overlay.v:52) because it has async writer.
[EFX-0657 WARNING] Mapping into logic memory block 'u_face_overlay/a_y0' (160 bits) (D:\Efinity_Project\Efinity_Project\Ti60F225_OV5640_Face_Reproduction\src\face\bbox_overlay.v:53) because it has async writer.
[EFX-0657 WARNING] Mapping into logic memory block 'u_face_overlay/a_y1' (160 bits) (D:\Efinity_Project\Efinity_Project\Ti60F225_OV5640_Face_Reproduction\src\face\bbox_overlay.v:54) because it has async writer.
[EFX-0657 WARNING] Mapping into logic memory block 'u_face_overlay/b_x0' (176 bits) (D:\Efinity_Project\Efinity_Project\Ti60F225_OV5640_Face_Reproduction\src\face\bbox_overlay.v:57) because it has async writer.
[EFX-0657 WARNING] Mapping into logic memory block 'u_face_overlay/b_x1' (176 bits) (D:\Efinity_Project\Efinity_Project\Ti60F225_OV5640_Face_Reproduction\src\face\bbox_overlay.v:58) because it has async writer.
[EFX-0657 WARNING] Mapping into logic memory block 'u_face_overlay/b_y0' (160 bits) (D:\Efinity_Project\Efinity_Project\Ti60F225_OV5640_Face_Reproduction\src\face\bbox_overlay.v:59) because it has async writer.
[EFX-0657 WARNING] Mapping into logic memory block 'u_face_overlay/b_y1' (160 bits) (D:\Efinity_Project\Efinity_Project\Ti60F225_OV5640_Face_Reproduction\src\face\bbox_overlay.v:60) because it has async writer.
[EFX-0011 VERI-WARNING] Input/inout port clk_24m is unconnected and will be removed. (VDB-8003) (D:\Efinity_Project\Efinity_Project\Ti60F225_OV5640_Face_Reproduction\example_top.v:11)
[EFX-0011 VERI-WARNING] Input/inout port clk_25m is unconnected and will be removed. (VDB-8003) (D:\Efinity_Project\Efinity_Project\Ti60F225_OV5640_Face_Reproduction\example_top.v:12)
[EFX-0011 VERI-WARNING] Input/inout port clk_pixel_2x is unconnected and will be removed. (VDB-8003) (D:\Efinity_Project\Efinity_Project\Ti60F225_OV5640_Face_Reproduction\example_top.v:21)
[EFX-0011 VERI-WARNING] Input/inout port clk_pixel_10x is unconnected and will be removed. (VDB-8003) (D:\Efinity_Project\Efinity_Project\Ti60F225_OV5640_Face_Reproduction\example_top.v:22)
[EFX-0011 VERI-WARNING] Input/inout port dsi_refclk_i is unconnected and will be removed. (VDB-8003) (D:\Efinity_Project\Efinity_Project\Ti60F225_OV5640_Face_Reproduction\example_top.v:30)
[EFX-0011 VERI-WARNING] Input/inout port dsi_byteclk_i is unconnected and will be removed. (VDB-8003) (D:\Efinity_Project\Efinity_Project\Ti60F225_OV5640_Face_Reproduction\example_top.v:31)
[EFX-0011 VERI-WARNING] Input/inout port dsi_serclk_i is unconnected and will be removed. (VDB-8003) (D:\Efinity_Project\Efinity_Project\Ti60F225_OV5640_Face_Reproduction\example_top.v:32)
[EFX-0011 VERI-WARNING] Input/inout port dsi_txcclk_i is unconnected and will be removed. (VDB-8003) (D:\Efinity_Project\Efinity_Project\Ti60F225_OV5640_Face_Reproduction\example_top.v:33)
[EFX-0011 VERI-WARNING] Input/inout port clk_lvds_1x is unconnected and will be removed. (VDB-8003) (D:\Efinity_Project\Efinity_Project\Ti60F225_OV5640_Face_Reproduction\example_top.v:60)
[EFX-0011 VERI-WARNING] Input/inout port clk_lvds_7x is unconnected and will be removed. (VDB-8003) (D:\Efinity_Project\Efinity_Project\Ti60F225_OV5640_Face_Reproduction\example_top.v:61)
[EFX-0011 VERI-WARNING] Input/inout port clk_27m is unconnected and will be removed. (VDB-8003) (D:\Efinity_Project\Efinity_Project\Ti60F225_OV5640_Face_Reproduction\example_top.v:62)
[EFX-0011 VERI-WARNING] Input/inout port clk_54m is unconnected and will be removed. (VDB-8003) (D:\Efinity_Project\Efinity_Project\Ti60F225_OV5640_Face_Reproduction\example_top.v:63)
[EFX-0011 VERI-WARNING] Input/inout port i_dqs_n_hi[1] is unconnected and will be removed. (VDB-8003) (D:\Efinity_Project\Efinity_Project\Ti60F225_OV5640_Face_Reproduction\example_top.v:97)
[EFX-0011 VERI-WARNING] Input/inout port i_dqs_n_lo[1] is unconnected and will be removed. (VDB-8003) (D:\Efinity_Project\Efinity_Project\Ti60F225_OV5640_Face_Reproduction\example_top.v:98)
[EFX-0011 VERI-WARNING] Input/inout port csi_ctl0_i is unconnected and will be removed. (VDB-8003) (D:\Efinity_Project\Efinity_Project\Ti60F225_OV5640_Face_Reproduction\example_top.v:121)
[EFX-0011 VERI-WARNING] Input/inout port csi_ctl1_i is unconnected and will be removed. (VDB-8003) (D:\Efinity_Project\Efinity_Project\Ti60F225_OV5640_Face_Reproduction\example_top.v:125)
[EFX-0011 VERI-WARNING] Input/inout port csi_scl_i is unconnected and will be removed. (VDB-8003) (D:\Efinity_Project\Efinity_Project\Ti60F225_OV5640_Face_Reproduction\example_top.v:129)
[EFX-0011 VERI-WARNING] Input/inout port csi_sda_i is unconnected and will be removed. (VDB-8003) (D:\Efinity_Project\Efinity_Project\Ti60F225_OV5640_Face_Reproduction\example_top.v:133)
[EFX-0011 VERI-WARNING] Input/inout port csi_rxc_lp_p_i is unconnected and will be removed. (VDB-8003) (D:\Efinity_Project\Efinity_Project\Ti60F225_OV5640_Face_Reproduction\example_top.v:136)
[EFX-0011 VERI-WARNING] Input/inout port csi_rxc_lp_n_i is unconnected and will be removed. (VDB-8003) (D:\Efinity_Project\Efinity_Project\Ti60F225_OV5640_Face_Reproduction\example_top.v:137)
[EFX-0011 VERI-WARNING] Input/inout port csi_rxc_i is unconnected and will be removed. (VDB-8003) (D:\Efinity_Project\Efinity_Project\Ti60F225_OV5640_Face_Reproduction\example_top.v:140)
[EFX-0011 VERI-WARNING] Input/inout port csi_rxd0_lp_p_i is unconnected and will be removed. (VDB-8003) (D:\Efinity_Project\Efinity_Project\Ti60F225_OV5640_Face_Reproduction\example_top.v:147)
[EFX-0011 VERI-WARNING] Input/inout port csi_rxd0_lp_n_i is unconnected and will be removed. (VDB-8003) (D:\Efinity_Project\Efinity_Project\Ti60F225_OV5640_Face_Reproduction\example_top.v:148)
[EFX-0011 VERI-WARNING] Input/inout port csi_rxd0_hs_i[7] is unconnected and will be removed. (VDB-8003) (D:\Efinity_Project\Efinity_Project\Ti60F225_OV5640_Face_Reproduction\example_top.v:149)
[EFX-0011 VERI-WARNING] Input/inout port csi_rxd1_lp_n_i is unconnected and will be removed. (VDB-8003) (D:\Efinity_Project\Efinity_Project\Ti60F225_OV5640_Face_Reproduction\example_top.v:156)
[EFX-0011 VERI-WARNING] Input/inout port csi_rxd1_lp_p_i is unconnected and will be removed. (VDB-8003) (D:\Efinity_Project\Efinity_Project\Ti60F225_OV5640_Face_Reproduction\example_top.v:157)
[EFX-0011 VERI-WARNING] Input/inout port csi_rxd1_hs_i[7] is unconnected and will be removed. (VDB-8003) (D:\Efinity_Project\Efinity_Project\Ti60F225_OV5640_Face_Reproduction\example_top.v:158)
[EFX-0011 VERI-WARNING] Input/inout port csi_rxd2_lp_p_i is unconnected and will be removed. (VDB-8003) (D:\Efinity_Project\Efinity_Project\Ti60F225_OV5640_Face_Reproduction\example_top.v:165)
[EFX-0011 VERI-WARNING] Input/inout port csi_rxd2_lp_n_i is unconnected and will be removed. (VDB-8003) (D:\Efinity_Project\Efinity_Project\Ti60F225_OV5640_Face_Reproduction\example_top.v:166)
[EFX-0011 VERI-WARNING] Input/inout port csi_rxd2_hs_i[7] is unconnected and will be removed. (VDB-8003) (D:\Efinity_Project\Efinity_Project\Ti60F225_OV5640_Face_Reproduction\example_top.v:167)
[EFX-0011 VERI-WARNING] Input/inout port csi_rxd3_lp_p_i is unconnected and will be removed. (VDB-8003) (D:\Efinity_Project\Efinity_Project\Ti60F225_OV5640_Face_Reproduction\example_top.v:174)
[EFX-0011 VERI-WARNING] Input/inout port csi_rxd3_lp_n_i is unconnected and will be removed. (VDB-8003) (D:\Efinity_Project\Efinity_Project\Ti60F225_OV5640_Face_Reproduction\example_top.v:175)
[EFX-0011 VERI-WARNING] Input/inout port csi_rxd3_hs_i[7] is unconnected and will be removed. (VDB-8003) (D:\Efinity_Project\Efinity_Project\Ti60F225_OV5640_Face_Reproduction\example_top.v:176)
[EFX-0011 VERI-WARNING] Input/inout port dsi_txd0_lp_p_i is unconnected and will be removed. (VDB-8003) (D:\Efinity_Project\Efinity_Project\Ti60F225_OV5640_Face_Reproduction\example_top.v:235)
[EFX-0011 VERI-WARNING] Input/inout port dsi_txd0_lp_n_i is unconnected and will be removed. (VDB-8003) (D:\Efinity_Project\Efinity_Project\Ti60F225_OV5640_Face_Reproduction\example_top.v:236)
[EFX-0011 VERI-WARNING] Input/inout port dsi_txd1_lp_p_i is unconnected and will be removed. (VDB-8003) (D:\Efinity_Project\Efinity_Project\Ti60F225_OV5640_Face_Reproduction\example_top.v:237)
[EFX-0011 VERI-WARNING] Input/inout port dsi_txd1_lp_n_i is unconnected and will be removed. (VDB-8003) (D:\Efinity_Project\Efinity_Project\Ti60F225_OV5640_Face_Reproduction\example_top.v:238)
[EFX-0011 VERI-WARNING] Input/inout port dsi_txd2_lp_p_i is unconnected and will be removed. (VDB-8003) (D:\Efinity_Project\Efinity_Project\Ti60F225_OV5640_Face_Reproduction\example_top.v:239)
[EFX-0011 VERI-WARNING] Input/inout port dsi_txd2_lp_n_i is unconnected and will be removed. (VDB-8003) (D:\Efinity_Project\Efinity_Project\Ti60F225_OV5640_Face_Reproduction\example_top.v:240)
[EFX-0011 VERI-WARNING] Input/inout port dsi_txd3_lp_p_i is unconnected and will be removed. (VDB-8003) (D:\Efinity_Project\Efinity_Project\Ti60F225_OV5640_Face_Reproduction\example_top.v:241)
[EFX-0011 VERI-WARNING] Input/inout port dsi_txd3_lp_n_i is unconnected and will be removed. (VDB-8003) (D:\Efinity_Project\Efinity_Project\Ti60F225_OV5640_Face_Reproduction\example_top.v:242)
[EFX-0011 VERI-WARNING] Input/inout port uart_rx_i is unconnected and will be removed. (VDB-8003) (D:\Efinity_Project\Efinity_Project\Ti60F225_OV5640_Face_Reproduction\example_top.v:247)
[EFX-0011 VERI-WARNING] Input/inout port cmos_sdat_IN is unconnected and will be removed. (VDB-8003) (D:\Efinity_Project\Efinity_Project\Ti60F225_OV5640_Face_Reproduction\example_top.v:257)
[EFX-0011 VERI-WARNING] Input/inout port cmos_ctl1_i is unconnected and will be removed. (VDB-8003) (D:\Efinity_Project\Efinity_Project\Ti60F225_OV5640_Face_Reproduction\example_top.v:269)
[EFX-0011 VERI-WARNING] Input/inout port cmos_ctl2_i is unconnected and will be removed. (VDB-8003) (D:\Efinity_Project\Efinity_Project\Ti60F225_OV5640_Face_Reproduction\example_top.v:272)
[EFX-0011 VERI-WARNING] Input/inout port cmos_ctl3_i is unconnected and will be removed. (VDB-8003) (D:\Efinity_Project\Efinity_Project\Ti60F225_OV5640_Face_Reproduction\example_top.v:275)
[EFX-0011 VERI-WARNING] Input/inout port lcd_tp_sda_i is unconnected and will be removed. (VDB-8003) (D:\Efinity_Project\Efinity_Project\Ti60F225_OV5640_Face_Reproduction\example_top.v:323)
[EFX-0011 VERI-WARNING] Input/inout port lcd_tp_scl_i is unconnected and will be removed. (VDB-8003) (D:\Efinity_Project\Efinity_Project\Ti60F225_OV5640_Face_Reproduction\example_top.v:327)
[EFX-0011 VERI-WARNING] Input/inout port lcd_tp_int_i is unconnected and will be removed. (VDB-8003) (D:\Efinity_Project\Efinity_Project\Ti60F225_OV5640_Face_Reproduction\example_top.v:331)
[EFX-0011 VERI-WARNING] Input/inout port lcd_b7_0_i[7] is unconnected and will be removed. (VDB-8003) (D:\Efinity_Project\Efinity_Project\Ti60F225_OV5640_Face_Reproduction\example_top.v:351)
[EFX-0011 VERI-WARNING] Input/inout port lcd_g7_0_i[7] is unconnected and will be removed. (VDB-8003) (D:\Efinity_Project\Efinity_Project\Ti60F225_OV5640_Face_Reproduction\example_top.v:352)
[EFX-0011 VERI-WARNING] Input/inout port lcd_r7_0_i[7] is unconnected and will be removed. (VDB-8003) (D:\Efinity_Project\Efinity_Project\Ti60F225_OV5640_Face_Reproduction\example_top.v:353)
[EFX-0011 VERI-WARNING] CE port of EFX_DSP48 instance u_face_bbox_filter/n379_pp_0x0 is permanently disabled (VDB-8002) 
[EFX-0011 VERI-WARNING] CE port of EFX_DSP48 instance u_face_bbox_filter/n620_pp_1x0 is permanently disabled (VDB-8002) 
[EFX-0011 VERI-WARNING] CE port of EFX_DSP48 instance u_face_bbox_filter/n620_pp_0x0 is permanently disabled (VDB-8002) 
[EFX-0011 VERI-WARNING] CE port of EFX_DSP48 instance u_face_bbox_filter/n379_pp_1x0 is permanently disabled (VDB-8002) 
[EFX-0011 VERI-WARNING] Found 107 warnings in the post-synthesis netlist. 

///////////////////////////////////
// Efinity Synthesis Started 
// Sep 21, 2026 22:15:40
///////////////////////////////////

[EFX-0011 VERI-WARNING] port 'cal_shift_val' remains unconnected for this instance (VERI-1927) (D:\Efinity_Project\Efinity_Project\Ti60F225_OV5640_Face_Reproduction\example_top.v:612)
[EFX-0011 VERI-WARNING] port 'axi_awid' remains unconnected for this instance (VERI-1927) (D:\Efinity_Project\Efinity_Project\Ti60F225_OV5640_Face_Reproduction\example_top.v:962)
[EFX-0011 VERI-WARNING] port 'TMDS_Clk_p' remains unconnected for this instance (VERI-1927) (D:\Efinity_Project\Efinity_Project\Ti60F225_OV5640_Face_Reproduction\example_top.v:1633)
[EFX-0011 VERI-WARNING] expression size 32 truncated to fit in target size 1 (VERI-1209) (D:\Efinity_Project\Efinity_Project\Ti60F225_OV5640_Face_Reproduction\example_top.v:443)
[EFX-0011 VERI-WARNING] port 'wr_busy' remains unconnected for this instance (VERI-1927) (D:/Efinity_Project/Efinity_Project/Ti60F225_OV5640_Face_Reproduction\ip/DdrCtrl\DdrCtrl.sv:184)
[EFX-0011 VERI-WARNING] port 'wr_data' is not connected on this instance (VERI-2435) (D:/Efinity_Project/Efinity_Project/Ti60F225_OV5640_Face_Reproduction\ip/DdrCtrl\DdrCtrl.sv:184)
[EFX-0011 VERI-WARNING] port '**' is not connected on this instance (VERI-2435) (D:/Efinity_Project/Efinity_Project/Ti60F225_OV5640_Face_Reproduction\ip/DdrCtrl\DdrCtrl.sv:2496)
[EFX-0011 VERI-WARNING] expression size ** truncated to fit in target size ** (VERI-1209) (D:/Efinity_Project/Efinity_Project/Ti60F225_OV5640_Face_Reproduction\ip/DdrCtrl\DdrCtrl.sv:2611)
[EFX-0011 VERI-WARNING] actual bit length ** differs from formal bit length *** for port '**' (VERI-1330) (D:/Efinity_Project/Efinity_Project/Ti60F225_OV5640_Face_Reproduction\ip/DdrCtrl\DdrCtrl.sv:2496)
[EFX-0011 VERI-WARNING] expression size ** truncated to fit in target size ** (VERI-1209) (D:/Efinity_Project/Efinity_Project/Ti60F225_OV5640_Face_Reproduction\ip/DdrCtrl\DdrCtrl.sv:2611)
[EFX-0011 VERI-WARNING] expression size ** truncated to fit in target size ** (VERI-1209) (D:/Efinity_Project/Efinity_Project/Ti60F225_OV5640_Face_Reproduction\ip/DdrCtrl\DdrCtrl.sv:2611)
[EFX-0011 VERI-WARNING] actual bit length ** differs from formal bit length *** for port '**' (VERI-1330) (D:/Efinity_Project/Efinity_Project/Ti60F225_OV5640_Face_Reproduction\ip/DdrCtrl\DdrCtrl.sv:2496)
[EFX-0011 VERI-WARNING] port '**' remains unconnected for this instance (VERI-1927) (D:/Efinity_Project/Efinity_Project/Ti60F225_OV5640_Face_Reproduction\ip/DdrCtrl\DdrCtrl.sv:590)
[EFX-0011 VERI-WARNING] actual bit length ** differs from formal bit length *** for port '**' (VERI-1330) (D:/Efinity_Project/Efinity_Project/Ti60F225_OV5640_Face_Reproduction\ip/DdrCtrl\DdrCtrl.sv:590)
[EFX-0011 VERI-WARNING] port '**' remains unconnected for this instance (VERI-1927) (D:/Efinity_Project/Efinity_Project/Ti60F225_OV5640_Face_Reproduction\ip/DdrCtrl\DdrCtrl.sv:1460)
[EFX-0011 VERI-WARNING] port '**' remains unconnected for this instance (VERI-1927) (D:/Efinity_Project/Efinity_Project/Ti60F225_OV5640_Face_Reproduction\ip/DdrCtrl\DdrCtrl.sv:4817)
[EFX-0011 VERI-WARNING] actual bit length ** differs from formal bit length *** for port '**' (VERI-1330) (D:/Efinity_Project/Efinity_Project/Ti60F225_OV5640_Face_Reproduction\ip/DdrCtrl\DdrCtrl.sv:4817)
[EFX-0011 VERI-WARNING] input port '**' is not connected on this instance (VDB-1013) (D:/Efinity_Project/Efinity_Project/Ti60F225_OV5640_Face_Reproduction\ip/DdrCtrl\DdrCtrl.sv:4817)
[EFX-0011 VERI-WARNING] expression size ** truncated to fit in target size ** (VERI-1209) (D:/Efinity_Project/Efinity_Project/Ti60F225_OV5640_Face_Reproduction\ip/DdrCtrl\DdrCtrl.sv:1460)
[EFX-0011 VERI-WARNING] net '**' does not have a driver (VDB-1002) (D:/Efinity_Project/Efinity_Project/Ti60F225_OV5640_Face_Reproduction\ip/DdrCtrl\DdrCtrl.sv:1460)
[EFX-0011 VERI-WARNING] net '**' does not have a driver (VDB-1002) (D:/Efinity_Project/Efinity_Project/Ti60F225_OV5640_Face_Reproduction\ip/DdrCtrl\DdrCtrl.sv:590)
[EFX-0011 VERI-WARNING] input port '**' is not connected on this instance (VDB-1013) (D:/Efinity_Project/Efinity_Project/Ti60F225_OV5640_Face_Reproduction\ip/DdrCtrl\DdrCtrl.sv:590)
[EFX-0011 VERI-WARNING] input port '**' is not connected on this instance (VDB-1013) (D:/Efinity_Project/Efinity_Project/Ti60F225_OV5640_Face_Reproduction\ip/DdrCtrl\DdrCtrl.sv:2496)
[EFX-0011 VERI-WARNING] input port 'wr_data[127]' is not connected on this instance (VDB-1013) (D:/Efinity_Project/Efinity_Project/Ti60F225_OV5640_Face_Reproduction\ip/DdrCtrl\DdrCtrl.sv:117)
[EFX-0011 VERI-WARNING] actual bit length 4 differs from formal bit length 8 for port 'axi_aid' (VERI-1330) (D:\Efinity_Project\Efinity_Project\Ti60F225_OV5640_Face_Reproduction\example_top.v:579)
[EFX-0011 VERI-WARNING] actual bit length 4 differs from formal bit length 8 for port 'axi_wid' (VERI-1330) (D:\Efinity_Project\Efinity_Project\Ti60F225_OV5640_Face_Reproduction\example_top.v:586)
[EFX-0011 VERI-WARNING] actual bit length 4 differs from formal bit length 8 for port 'axi_bid' (VERI-1330) (D:\Efinity_Project\Efinity_Project\Ti60F225_OV5640_Face_Reproduction\example_top.v:595)
[EFX-0011 VERI-WARNING] actual bit length 4 differs from formal bit length 8 for port 'axi_rid' (VERI-1330) (D:\Efinity_Project\Efinity_Project\Ti60F225_OV5640_Face_Reproduction\example_top.v:601)
[EFX-0011 VERI-WARNING] expression size 2 truncated to fit in target size 1 (VERI-1209) (D:\Efinity_Project\Efinity_Project\Ti60F225_OV5640_Face_Reproduction\src\axi\AXI4_AWARMux.v:90)
[EFX-0011 VERI-WARNING] expression size 3 truncated to fit in target size 2 (VERI-1209) (D:\Efinity_Project\Efinity_Project\Ti60F225_OV5640_Face_Reproduction\example_top.v:713)
[EFX-0011 VERI-WARNING] expression size 5 truncated to fit in target size 4 (VERI-1209) (D:\Efinity_Project\Efinity_Project\Ti60F225_OV5640_Face_Reproduction\example_top.v:714)
[EFX-0011 VERI-WARNING] actual bit length 64 differs from formal bit length 8 for port 'image_out_data' (VERI-1330) (D:\Efinity_Project\Efinity_Project\Ti60F225_OV5640_Face_Reproduction\example_top.v:861)
[EFX-0011 VERI-WARNING] expression size 32 truncated to fit in target size 16 (VERI-1209) (D:\Efinity_Project\Efinity_Project\Ti60F225_OV5640_Face_Reproduction\src\axi\axi4_ctrl.v:91)
[EFX-0011 VERI-WARNING] expression size 3 truncated to fit in target size 2 (VERI-1209) (D:\Efinity_Project\Efinity_Project\Ti60F225_OV5640_Face_Reproduction\src\axi\axi4_ctrl.v:113)
[EFX-0011 VERI-WARNING] expression size 3 truncated to fit in target size 2 (VERI-1209) (D:\Efinity_Project\Efinity_Project\Ti60F225_OV5640_Face_Reproduction\src\axi\axi4_ctrl.v:114)
[EFX-0011 VERI-WARNING] expression size 3 truncated to fit in target size 2 (VERI-1209) (D:\Efinity_Project\Efinity_Project\Ti60F225_OV5640_Face_Reproduction\src\axi\axi4_ctrl.v:196)
[EFX-0011 VERI-WARNING] expression size 2 truncated to fit in target size 1 (VERI-1209) (D:\Efinity_Project\Efinity_Project\Ti60F225_OV5640_Face_Reproduction\src\axi\axi4_ctrl.v:238)
[EFX-0011 VERI-WARNING] expression size 23 truncated to fit in target size 22 (VERI-1209) (D:\Efinity_Project\Efinity_Project\Ti60F225_OV5640_Face_Reproduction\src\axi\axi4_ctrl.v:257)
[EFX-0011 VERI-WARNING] port 'a_wr_rst_i' remains unconnected for this instance (VERI-1927) (D:/Efinity_Project/Efinity_Project/Ti60F225_OV5640_Face_Reproduction\ip/W0_FIFO_8\W0_FIFO_8.sv:116)
[EFX-0011 VERI-WARNING] expression size 32 truncated to fit in target size 14 (VERI-1209) (D:/Efinity_Project/Efinity_Project/Ti60F225_OV5640_Face_Reproduction\ip/W0_FIFO_8\W0_FIFO_8.sv:1251)
[EFX-0011 VERI-WARNING] expression size 32 truncated to fit in target size 10 (VERI-1209) (D:/Efinity_Project/Efinity_Project/Ti60F225_OV5640_Face_Reproduction\ip/W0_FIFO_8\W0_FIFO_8.sv:1252)
[EFX-0011 VERI-WARNING] input port 'a_wr_rst_i' is not connected on this instance (VDB-1013) (D:/Efinity_Project/Efinity_Project/Ti60F225_OV5640_Face_Reproduction\ip/W0_FIFO_8\W0_FIFO_8.sv:95)
[EFX-0011 VERI-WARNING] port 'a_wr_rst_i' remains unconnected for this instance (VERI-1927) (D:/Efinity_Project/Efinity_Project/Ti60F225_OV5640_Face_Reproduction\ip/R0_FIFO_16\R0_FIFO_16.sv:116)
[EFX-0011 VERI-WARNING] expression size 32 truncated to fit in target size 10 (VERI-1209) (D:/Efinity_Project/Efinity_Project/Ti60F225_OV5640_Face_Reproduction\ip/R0_FIFO_16\R0_FIFO_16.sv:1236)
[EFX-0011 VERI-WARNING] expression size 32 truncated to fit in target size 13 (VERI-1209) (D:/Efinity_Project/Efinity_Project/Ti60F225_OV5640_Face_Reproduction\ip/R0_FIFO_16\R0_FIFO_16.sv:1237)
[EFX-0011 VERI-WARNING] input port 'a_wr_rst_i' is not connected on this instance (VDB-1013) (D:/Efinity_Project/Efinity_Project/Ti60F225_OV5640_Face_Reproduction\ip/R0_FIFO_16\R0_FIFO_16.sv:95)
[EFX-0011 VERI-WARNING] expression size 17 truncated to fit in target size 16 (VERI-1209) (D:\Efinity_Project\Efinity_Project\Ti60F225_OV5640_Face_Reproduction\src\axi\axi4_ctrl.v:464)
[EFX-0011 VERI-WARNING] expression size 23 truncated to fit in target size 22 (VERI-1209) (D:\Efinity_Project\Efinity_Project\Ti60F225_OV5640_Face_Reproduction\src\axi\axi4_ctrl.v:574)
[EFX-0011 VERI-WARNING] actual bit length 32 differs from formal bit length 4 for port 'axi_bid' (VERI-1330) (D:\Efinity_Project\Efinity_Project\Ti60F225_OV5640_Face_Reproduction\example_top.v:934)
[EFX-0011 VERI-WARNING] actual bit length 32 differs from formal bit length 2 for port 'axi_bresp' (VERI-1330) (D:\Efinity_Project\Efinity_Project\Ti60F225_OV5640_Face_Reproduction\example_top.v:935)
[EFX-0011 VERI-WARNING] actual bit length 32 differs from formal bit length 1 for port 'axi_bvalid' (VERI-1330) (D:\Efinity_Project\Efinity_Project\Ti60F225_OV5640_Face_Reproduction\example_top.v:936)
[EFX-0011 VERI-WARNING] actual bit length 32 differs from formal bit length 2 for port 'axi_rresp' (VERI-1330) (D:\Efinity_Project\Efinity_Project\Ti60F225_OV5640_Face_Reproduction\example_top.v:946)
[EFX-0011 VERI-WARNING] actual bit length 64 differs from formal bit length 8 for port 'wframe_data' (VERI-1330) (D:\Efinity_Project\Efinity_Project\Ti60F225_OV5640_Face_Reproduction\example_top.v:954)
[EFX-0011 VERI-WARNING] actual bit length 8 differs from formal bit length 32 for port 'tp_o' (VERI-1330) (D:\Efinity_Project\Efinity_Project\Ti60F225_OV5640_Face_Reproduction\example_top.v:961)
[EFX-0011 VERI-WARNING] expression size 8 truncated to fit in target size 4 (VERI-1209) (D:\Efinity_Project\Efinity_Project\Ti60F225_OV5640_Face_Reproduction\example_top.v:963)
[EFX-0011 VERI-WARNING] expression size 14 truncated to fit in target size 12 (VERI-1209) (D:\Efinity_Project\Efinity_Project\Ti60F225_OV5640_Face_Reproduction\src\lcd_driver.v:145)
[EFX-0011 VERI-WARNING] actual bit length 24 differs from formal bit length 48 for port 'lcd_data' (VERI-1330) (D:\Efinity_Project\Efinity_Project\Ti60F225_OV5640_Face_Reproduction\example_top.v:1014)
[EFX-0011 VERI-WARNING] expression size 13 truncated to fit in target size 12 (VERI-1209) (D:\Efinity_Project\Efinity_Project\Ti60F225_OV5640_Face_Reproduction\src\vision\sobel3x3.v:94)
[EFX-0011 VERI-WARNING] expression size 13 truncated to fit in target size 12 (VERI-1209) (D:\Efinity_Project\Efinity_Project\Ti60F225_OV5640_Face_Reproduction\src\vision\sobel3x3.v:95)
[EFX-0011 VERI-WARNING] expression size 32 truncated to fit in target size 8 (VERI-1209) (D:\Efinity_Project\Efinity_Project\Ti60F225_OV5640_Face_Reproduction\src\face\face_reader_720p.v:22)
[EFX-0011 VERI-WARNING] actual bit length 10 differs from formal bit length 11 for port 'pixel_y' (VERI-1330) (D:\Efinity_Project\Efinity_Project\Ti60F225_OV5640_Face_Reproduction\example_top.v:1423)
[EFX-0011 VERI-WARNING] port 'rst_busy' remains unconnected for this instance (VERI-1927) (D:\Efinity_Project\Efinity_Project\Ti60F225_OV5640_Face_Reproduction\src\face\true_ccl.v:224)
[EFX-0011 VERI-WARNING] concatenation with an unsized literal will be treated as 32 bits (VERI-1320) (D:\Efinity_Project\Efinity_Project\Ti60F225_OV5640_Face_Reproduction\src\face\true_ccl.v:235)
[EFX-0011 VERI-WARNING] port 'rst_busy' remains unconnected for this instance (VERI-1927) (D:\Efinity_Project\Efinity_Project\Ti60F225_OV5640_Face_Reproduction\src\face\true_ccl.v:241)
[EFX-0011 VERI-WARNING] expression size 12 truncated to fit in target size 11 (VERI-1209) (D:\Efinity_Project\Efinity_Project\Ti60F225_OV5640_Face_Reproduction\src\face\true_ccl.v:75)
[EFX-0011 VERI-WARNING] latch inferred for net 'PreCombCur' (VERI-2580) (D:\Efinity_Project\Efinity_Project\Ti60F225_OV5640_Face_Reproduction\src\face\true_ccl.v:176)
[EFX-0011 VERI-WARNING] port 'a_wr_rst_i' remains unconnected for this instance (VERI-1927) (D:/Efinity_Project/Efinity_Project/Ti60F225_OV5640_Face_Reproduction\ip/FIFO36x512\FIFO36x512.sv:98)
[EFX-0011 VERI-WARNING] input port 'a_wr_rst_i' is not connected on this instance (VDB-1013) (D:/Efinity_Project/Efinity_Project/Ti60F225_OV5640_Face_Reproduction\ip/FIFO36x512\FIFO36x512.sv:86)
[EFX-0011 VERI-WARNING] actual bit length 32 differs from formal bit length 36 for port 'rdata' (VERI-1330) (D:\Efinity_Project\Efinity_Project\Ti60F225_OV5640_Face_Reproduction\src\face\true_ccl.v:221)
[EFX-0011 VERI-WARNING] actual bit length 66 differs from formal bit length 36 for port 'wdata' (VERI-1330) (D:\Efinity_Project\Efinity_Project\Ti60F225_OV5640_Face_Reproduction\src\face\true_ccl.v:235)
[EFX-0011 VERI-WARNING] actual bit length 34 differs from formal bit length 36 for port 'rdata' (VERI-1330) (D:\Efinity_Project\Efinity_Project\Ti60F225_OV5640_Face_Reproduction\src\face\true_ccl.v:238)
[EFX-0011 VERI-WARNING] port 'addr' is not connected on this instance (VERI-2435) (D:/Efinity_Project/Efinity_Project/Ti60F225_OV5640_Face_Reproduction\ip/BlockRam90x1024\BlockRam90x1024.v:144)
[EFX-0011 VERI-WARNING] expression size 32 truncated to fit in target size 1 (VERI-1209) (D:/Efinity_Project/Efinity_Project/Ti60F225_OV5640_Face_Reproduction\ip/BlockRam90x1024\BlockRam90x1024.v:1091)
[EFX-0011 VERI-WARNING] expression size 32 truncated to fit in target size 1 (VERI-1209) (D:/Efinity_Project/Efinity_Project/Ti60F225_OV5640_Face_Reproduction\ip/BlockRam90x1024\BlockRam90x1024.v:1092)
[EFX-0011 VERI-WARNING] expression size 32 truncated to fit in target size 1 (VERI-1209) (D:/Efinity_Project/Efinity_Project/Ti60F225_OV5640_Face_Reproduction\ip/BlockRam90x1024\BlockRam90x1024.v:1104)
[EFX-0011 VERI-WARNING] expression size 32 truncated to fit in target size 1 (VERI-1209) (D:/Efinity_Project/Efinity_Project/Ti60F225_OV5640_Face_Reproduction\ip/BlockRam90x1024\BlockRam90x1024.v:1105)
[EFX-0011 VERI-WARNING] expression size 32 truncated to fit in target size 1 (VERI-1209) (D:/Efinity_Project/Efinity_Project/Ti60F225_OV5640_Face_Reproduction\ip/BlockRam90x1024\BlockRam90x1024.v:1108)
[EFX-0011 VERI-WARNING] expression size 32 truncated to fit in target size 1 (VERI-1209) (D:/Efinity_Project/Efinity_Project/Ti60F225_OV5640_Face_Reproduction\ip/BlockRam90x1024\BlockRam90x1024.v:1109)
[EFX-0011 VERI-WARNING] input port 'addr[9]' is not connected on this instance (VDB-1013) (D:/Efinity_Project/Efinity_Project/Ti60F225_OV5640_Face_Reproduction\ip/BlockRam90x1024\BlockRam90x1024.v:133)
[EFX-0011 VERI-WARNING] input port 'clke' remains unconnected for this instance (VDB-1053) (D:/Efinity_Project/Efinity_Project/Ti60F225_OV5640_Face_Reproduction\ip/BlockRam90x1024\BlockRam90x1024.v:133)
[EFX-0011 VERI-WARNING] actual bit length 27 differs from formal bit length 26 for port 'Count' (VERI-1330) (D:\Efinity_Project\Efinity_Project\Ti60F225_OV5640_Face_Reproduction\src\face\streaming_connected_components.v:134)
[EFX-0011 VERI-WARNING] latch inferred for net 'dx0[10]' (VERI-2580) (D:\Efinity_Project\Efinity_Project\Ti60F225_OV5640_Face_Reproduction\src\face\bbox_overlay.v:192)
[EFX-0011 VERI-WARNING] actual bit length 32 differs from formal bit length 4 for port 'data_island_data' (VERI-1330) (D:\Efinity_Project\Efinity_Project\Ti60F225_OV5640_Face_Reproduction\src\hdmi_ip\rgb2dvi.v:50)
[EFX-0011 VERI-WARNING] actual bit length 4 differs from formal bit length 3 for port 'mode' (VERI-1330) (D:\Efinity_Project\Efinity_Project\Ti60F225_OV5640_Face_Reproduction\src\hdmi_ip\rgb2dvi.v:52)
[EFX-0011 VERI-WARNING] actual bit length 32 differs from formal bit length 4 for port 'data_island_data' (VERI-1330) (D:\Efinity_Project\Efinity_Project\Ti60F225_OV5640_Face_Reproduction\src\hdmi_ip\rgb2dvi.v:58)
[EFX-0011 VERI-WARNING] actual bit length 4 differs from formal bit length 3 for port 'mode' (VERI-1330) (D:\Efinity_Project\Efinity_Project\Ti60F225_OV5640_Face_Reproduction\src\hdmi_ip\rgb2dvi.v:60)
[EFX-0011 VERI-WARNING] actual bit length 32 differs from formal bit length 4 for port 'data_island_data' (VERI-1330) (D:\Efinity_Project\Efinity_Project\Ti60F225_OV5640_Face_Reproduction\src\hdmi_ip\rgb2dvi.v:66)
[EFX-0011 VERI-WARNING] actual bit length 4 differs from formal bit length 3 for port 'mode' (VERI-1330) (D:\Efinity_Project\Efinity_Project\Ti60F225_OV5640_Face_Reproduction\src\hdmi_ip\rgb2dvi.v:68)
[EFX-0011 VERI-WARNING] actual bit length 32 differs from formal bit length 1 for port 'oe_i' (VERI-1330) (D:\Efinity_Project\Efinity_Project\Ti60F225_OV5640_Face_Reproduction\example_top.v:1615)
[EFX-0011 VERI-WARNING] net 'w_dev_index_o[7]' does not have a driver (VDB-1002) (D:\Efinity_Project\Efinity_Project\Ti60F225_OV5640_Face_Reproduction\example_top.v:428)
[EFX-0011 VERI-WARNING] net 'w_dev_cmd_o[7]' does not have a driver (VDB-1002) (D:\Efinity_Project\Efinity_Project\Ti60F225_OV5640_Face_Reproduction\example_top.v:429)
[EFX-0011 VERI-WARNING] net 'w_dev_wdata_o[31]' does not have a driver (VDB-1002) (D:\Efinity_Project\Efinity_Project\Ti60F225_OV5640_Face_Reproduction\example_top.v:430)
[EFX-0011 VERI-WARNING] net 'w_dev_wvalid_o' does not have a driver (VDB-1002) (D:\Efinity_Project\Efinity_Project\Ti60F225_OV5640_Face_Reproduction\example_top.v:431)
[EFX-0011 VERI-WARNING] net 'w_spi_ssn_o' does not have a driver (VDB-1002) (D:\Efinity_Project\Efinity_Project\Ti60F225_OV5640_Face_Reproduction\example_top.v:435)
[EFX-0011 VERI-WARNING] net 'w_spi_data_o[3]' does not have a driver (VDB-1002) (D:\Efinity_Project\Efinity_Project\Ti60F225_OV5640_Face_Reproduction\example_top.v:436)
[EFX-0011 VERI-WARNING] net 'w_lcd_b_o[7]' does not have a driver (VDB-1002) (D:\Efinity_Project\Efinity_Project\Ti60F225_OV5640_Face_Reproduction\example_top.v:453)
[EFX-0011 VERI-WARNING] input port 'SerialClk' is not connected on this instance (VDB-1013) (D:\Efinity_Project\Efinity_Project\Ti60F225_OV5640_Face_Reproduction\example_top.v:1608)
[EFX-0256 WARNING] The primary output port 'csi_ctl0_o' wire 'csi_ctl0_o' is not driven.
[EFX-0256 WARNING] The primary output port 'csi_ctl1_o' wire 'csi_ctl1_o' is not driven.
[EFX-0256 WARNING] The primary output port 'csi_scl_o' wire 'csi_scl_o' is not driven.
[EFX-0256 WARNING] The primary output port 'csi_scl_oe' wire 'csi_scl_oe' is not driven.
[EFX-0256 WARNING] The primary output port 'csi_sda_o' wire 'csi_sda_o' is not driven.
[EFX-0256 WARNING] The primary output port 'csi_sda_oe' wire 'csi_sda_oe' is not driven.
[EFX-0256 WARNING] The primary output port 'csi_rxc_hs_en_o' wire 'csi_rxc_hs_en_o' is not driven.
[EFX-0256 WARNING] The primary output port 'csi_rxc_hs_term_en_o' wire 'csi_rxc_hs_term_en_o' is not driven.
[EFX-0256 WARNING] The primary output port 'csi_rxd0_rst_o' wire 'csi_rxd0_rst_o' is not driven.
[EFX-0256 WARNING] The primary output port 'csi_rxd0_hs_en_o' wire 'csi_rxd0_hs_en_o' is not driven.
[EFX-0256 WARNING] The primary output port 'csi_rxd0_hs_term_en_o' wire 'csi_rxd0_hs_term_en_o' is not driven.
[EFX-0256 WARNING] The primary output port 'csi_rxd1_rst_o' wire 'csi_rxd1_rst_o' is not driven.
[EFX-0256 WARNING] The primary output port 'csi_rxd1_hs_en_o' wire 'csi_rxd1_hs_en_o' is not driven.
[EFX-0256 WARNING] The primary output port 'csi_rxd1_hs_term_en_o' wire 'csi_rxd1_hs_term_en_o' is not driven.
[EFX-0256 WARNING] The primary output port 'csi_rxd2_rst_o' wire 'csi_rxd2_rst_o' is not driven.
[EFX-0256 WARNING] The primary output port 'csi_rxd2_hs_en_o' wire 'csi_rxd2_hs_en_o' is not driven.
[EFX-0256 WARNING] The primary output port 'csi_rxd2_hs_term_en_o' wire 'csi_rxd2_hs_term_en_o' is not driven.
[EFX-0256 WARNING] The primary output port 'csi_rxd3_rst_o' wire 'csi_rxd3_rst_o' is not driven.
[EFX-0256 WARNING] The primary output port 'csi_rxd3_hs_en_o' wire 'csi_rxd3_hs_en_o' is not driven.
[EFX-0256 WARNING] The primary output port 'csi_rxd3_hs_term_en_o' wire 'csi_rxd3_hs_term_en_o' is not driven.
[EFX-0256 WARNING] The primary output port 'dsi_txc_rst_o' wire 'dsi_txc_rst_o' is not driven.
[EFX-0256 WARNING] The primary output port 'dsi_txc_lp_p_oe' wire 'dsi_txc_lp_p_oe' is not driven.
[EFX-0256 WARNING] The primary output port 'dsi_txc_lp_p_o' wire 'dsi_txc_lp_p_o' is not driven.
[EFX-0256 WARNING] The primary output port 'dsi_txc_lp_n_oe' wire 'dsi_txc_lp_n_oe' is not driven.
[EFX-0256 WARNING] The primary output port 'dsi_txc_lp_n_o' wire 'dsi_txc_lp_n_o' is not driven.
[EFX-0256 WARNING] The primary output port 'dsi_txc_hs_oe' wire 'dsi_txc_hs_oe' is not driven.
[EFX-0256 WARNING] The primary output port 'dsi_txc_hs_o[7]' wire 'dsi_txc_hs_o[7]' is not driven.
[EFX-0256 WARNING] The primary output port 'dsi_txc_hs_o[6]' wire 'dsi_txc_hs_o[6]' is not driven.
[EFX-0256 WARNING] The primary output port 'dsi_txc_hs_o[5]' wire 'dsi_txc_hs_o[5]' is not driven.
[EFX-0256 WARNING] The primary output port 'dsi_txc_hs_o[4]' wire 'dsi_txc_hs_o[4]' is not driven.
[EFX-0256 WARNING] The primary output port 'dsi_txc_hs_o[3]' wire 'dsi_txc_hs_o[3]' is not driven.
[EFX-0256 WARNING] The primary output port 'dsi_txc_hs_o[2]' wire 'dsi_txc_hs_o[2]' is not driven.
[EFX-0256 WARNING] The primary output port 'dsi_txc_hs_o[1]' wire 'dsi_txc_hs_o[1]' is not driven.
[EFX-0256 WARNING] The primary output port 'dsi_txc_hs_o[0]' wire 'dsi_txc_hs_o[0]' is not driven.
[EFX-0256 WARNING] The primary output port 'dsi_txd0_rst_o' wire 'dsi_txd0_rst_o' is not driven.
[EFX-0256 WARNING] The primary output port 'dsi_txd0_hs_oe' wire 'dsi_txd0_hs_oe' is not driven.
[EFX-0256 WARNING] The primary output port 'dsi_txd0_hs_o[7]' wire 'dsi_txd0_hs_o[7]' is not driven.
[EFX-0256 WARNING] The primary output port 'dsi_txd0_hs_o[6]' wire 'dsi_txd0_hs_o[6]' is not driven.
[EFX-0256 WARNING] The primary output port 'dsi_txd0_hs_o[5]' wire 'dsi_txd0_hs_o[5]' is not driven.
[EFX-0256 WARNING] The primary output port 'dsi_txd0_hs_o[4]' wire 'dsi_txd0_hs_o[4]' is not driven.
[EFX-0256 WARNING] The primary output port 'dsi_txd0_hs_o[3]' wire 'dsi_txd0_hs_o[3]' is not driven.
[EFX-0256 WARNING] The primary output port 'dsi_txd0_hs_o[2]' wire 'dsi_txd0_hs_o[2]' is not driven.
[EFX-0256 WARNING] The primary output port 'dsi_txd0_hs_o[1]' wire 'dsi_txd0_hs_o[1]' is not driven.
[EFX-0256 WARNING] The primary output port 'dsi_txd0_hs_o[0]' wire 'dsi_txd0_hs_o[0]' is not driven.
[EFX-0256 WARNING] The primary output port 'dsi_txd0_lp_p_oe' wire 'dsi_txd0_lp_p_oe' is not driven.
[EFX-0256 WARNING] The primary output port 'dsi_txd0_lp_p_o' wire 'dsi_txd0_lp_p_o' is not driven.
[EFX-0256 WARNING] The primary output port 'dsi_txd0_lp_n_oe' wire 'dsi_txd0_lp_n_oe' is not driven.
[EFX-0256 WARNING] The primary output port 'dsi_txd0_lp_n_o' wire 'dsi_txd0_lp_n_o' is not driven.
[EFX-0256 WARNING] The primary output port 'dsi_txd1_rst_o' wire 'dsi_txd1_rst_o' is not driven.
[EFX-0256 WARNING] The primary output port 'dsi_txd1_lp_p_oe' wire 'dsi_txd1_lp_p_oe' is not driven.
[EFX-0256 WARNING] The primary output port 'dsi_txd1_lp_p_o' wire 'dsi_txd1_lp_p_o' is not driven.
[EFX-0256 WARNING] The primary output port 'dsi_txd1_lp_n_oe' wire 'dsi_txd1_lp_n_oe' is not driven.
[EFX-0256 WARNING] The primary output port 'dsi_txd1_lp_n_o' wire 'dsi_txd1_lp_n_o' is not driven.
[EFX-0256 WARNING] The primary output port 'dsi_txd1_hs_oe' wire 'dsi_txd1_hs_oe' is not driven.
[EFX-0256 WARNING] The primary output port 'dsi_txd1_hs_o[7]' wire 'dsi_txd1_hs_o[7]' is not driven.
[EFX-0256 WARNING] The primary output port 'dsi_txd1_hs_o[6]' wire 'dsi_txd1_hs_o[6]' is not driven.
[EFX-0256 WARNING] The primary output port 'dsi_txd1_hs_o[5]' wire 'dsi_txd1_hs_o[5]' is not driven.
[EFX-0256 WARNING] The primary output port 'dsi_txd1_hs_o[4]' wire 'dsi_txd1_hs_o[4]' is not driven.
[EFX-0256 WARNING] The primary output port 'dsi_txd1_hs_o[3]' wire 'dsi_txd1_hs_o[3]' is not driven.
[EFX-0256 WARNING] The primary output port 'dsi_txd1_hs_o[2]' wire 'dsi_txd1_hs_o[2]' is not driven.
[EFX-0256 WARNING] The primary output port 'dsi_txd1_hs_o[1]' wire 'dsi_txd1_hs_o[1]' is not driven.
[EFX-0256 WARNING] The primary output port 'dsi_txd1_hs_o[0]' wire 'dsi_txd1_hs_o[0]' is not driven.
[EFX-0256 WARNING] The primary output port 'dsi_txd2_rst_o' wire 'dsi_txd2_rst_o' is not driven.
[EFX-0256 WARNING] The primary output port 'dsi_txd2_lp_p_oe' wire 'dsi_txd2_lp_p_oe' is not driven.
[EFX-0256 WARNING] The primary output port 'dsi_txd2_lp_p_o' wire 'dsi_txd2_lp_p_o' is not driven.
[EFX-0256 WARNING] The primary output port 'dsi_txd2_lp_n_oe' wire 'dsi_txd2_lp_n_oe' is not driven.
[EFX-0256 WARNING] The primary output port 'dsi_txd2_lp_n_o' wire 'dsi_txd2_lp_n_o' is not driven.
[EFX-0256 WARNING] The primary output port 'dsi_txd2_hs_oe' wire 'dsi_txd2_hs_oe' is not driven.
[EFX-0256 WARNING] The primary output port 'dsi_txd2_hs_o[7]' wire 'dsi_txd2_hs_o[7]' is not driven.
[EFX-0256 WARNING] The primary output port 'dsi_txd2_hs_o[6]' wire 'dsi_txd2_hs_o[6]' is not driven.
[EFX-0256 WARNING] The primary output port 'dsi_txd2_hs_o[5]' wire 'dsi_txd2_hs_o[5]' is not driven.
[EFX-0256 WARNING] The primary output port 'dsi_txd2_hs_o[4]' wire 'dsi_txd2_hs_o[4]' is not driven.
[EFX-0256 WARNING] The primary output port 'dsi_txd2_hs_o[3]' wire 'dsi_txd2_hs_o[3]' is not driven.
[EFX-0256 WARNING] The primary output port 'dsi_txd2_hs_o[2]' wire 'dsi_txd2_hs_o[2]' is not driven.
[EFX-0256 WARNING] The primary output port 'dsi_txd2_hs_o[1]' wire 'dsi_txd2_hs_o[1]' is not driven.
[EFX-0256 WARNING] The primary output port 'dsi_txd2_hs_o[0]' wire 'dsi_txd2_hs_o[0]' is not driven.
[EFX-0256 WARNING] The primary output port 'dsi_txd3_rst_o' wire 'dsi_txd3_rst_o' is not driven.
[EFX-0256 WARNING] The primary output port 'dsi_txd3_lp_p_oe' wire 'dsi_txd3_lp_p_oe' is not driven.
[EFX-0256 WARNING] The primary output port 'dsi_txd3_lp_p_o' wire 'dsi_txd3_lp_p_o' is not driven.
[EFX-0256 WARNING] The primary output port 'dsi_txd3_lp_n_oe' wire 'dsi_txd3_lp_n_oe' is not driven.
[EFX-0256 WARNING] The primary output port 'dsi_txd3_lp_n_o' wire 'dsi_txd3_lp_n_o' is not driven.
[EFX-0256 WARNING] The primary output port 'dsi_txd3_hs_oe' wire 'dsi_txd3_hs_oe' is not driven.
[EFX-0256 WARNING] The primary output port 'dsi_txd3_hs_o[7]' wire 'dsi_txd3_hs_o[7]' is not driven.
[EFX-0256 WARNING] The primary output port 'dsi_txd3_hs_o[6]' wire 'dsi_txd3_hs_o[6]' is not driven.
[EFX-0256 WARNING] The primary output port 'dsi_txd3_hs_o[5]' wire 'dsi_txd3_hs_o[5]' is not driven.
[EFX-0256 WARNING] The primary output port 'dsi_txd3_hs_o[4]' wire 'dsi_txd3_hs_o[4]' is not driven.
[EFX-0256 WARNING] The primary output port 'dsi_txd3_hs_o[3]' wire 'dsi_txd3_hs_o[3]' is not driven.
[EFX-0256 WARNING] The primary output port 'dsi_txd3_hs_o[2]' wire 'dsi_txd3_hs_o[2]' is not driven.
[EFX-0256 WARNING] The primary output port 'dsi_txd3_hs_o[1]' wire 'dsi_txd3_hs_o[1]' is not driven.
[EFX-0256 WARNING] The primary output port 'dsi_txd3_hs_o[0]' wire 'dsi_txd3_hs_o[0]' is not driven.
[EFX-0256 WARNING] The primary output port 'uart_tx_o' wire 'uart_tx_o' is not driven.
[EFX-0256 WARNING] The primary output port 'led_o[4]' wire 'led_o[4]' is not driven.
[EFX-0256 WARNING] The primary output port 'lvds_txc_oe' wire 'lvds_txc_oe' is not driven.
[EFX-0256 WARNING] The primary output port 'lvds_txc_o[6]' wire 'lvds_txc_o[6]' is not driven.
[EFX-0256 WARNING] The primary output port 'lvds_txc_o[5]' wire 'lvds_txc_o[5]' is not driven.
[EFX-0256 WARNING] The primary output port 'lvds_txc_o[4]' wire 'lvds_txc_o[4]' is not driven.
[EFX-0256 WARNING] The primary output port 'lvds_txc_o[3]' wire 'lvds_txc_o[3]' is not driven.
[EFX-0256 WARNING] The primary output port 'lvds_txc_o[2]' wire 'lvds_txc_o[2]' is not driven.
[EFX-0256 WARNING] The primary output port 'lvds_txc_o[1]' wire 'lvds_txc_o[1]' is not driven.
[EFX-0256 WARNING] The primary output port 'lvds_txc_o[0]' wire 'lvds_txc_o[0]' is not driven.
[EFX-0256 WARNING] The primary output port 'lvds_txc_rst_o' wire 'lvds_txc_rst_o' is not driven.
[EFX-0256 WARNING] The primary output port 'lvds_txd0_oe' wire 'lvds_txd0_oe' is not driven.
[EFX-0256 WARNING] The primary output port 'lvds_txd0_o[6]' wire 'lvds_txd0_o[6]' is not driven.
[EFX-0256 WARNING] The primary output port 'lvds_txd0_o[5]' wire 'lvds_txd0_o[5]' is not driven.
[EFX-0256 WARNING] The primary output port 'lvds_txd0_o[4]' wire 'lvds_txd0_o[4]' is not driven.
[EFX-0256 WARNING] The primary output port 'lvds_txd0_o[3]' wire 'lvds_txd0_o[3]' is not driven.
[EFX-0256 WARNING] The primary output port 'lvds_txd0_o[2]' wire 'lvds_txd0_o[2]' is not driven.
[EFX-0256 WARNING] The primary output port 'lvds_txd0_o[1]' wire 'lvds_txd0_o[1]' is not driven.
[EFX-0256 WARNING] The primary output port 'lvds_txd0_o[0]' wire 'lvds_txd0_o[0]' is not driven.
[EFX-0256 WARNING] The primary output port 'lvds_txd0_rst_o' wire 'lvds_txd0_rst_o' is not driven.
[EFX-0256 WARNING] The primary output port 'lvds_txd1_oe' wire 'lvds_txd1_oe' is not driven.
[EFX-0256 WARNING] The primary output port 'lvds_txd1_o[6]' wire 'lvds_txd1_o[6]' is not driven.
[EFX-0256 WARNING] The primary output port 'lvds_txd1_o[5]' wire 'lvds_txd1_o[5]' is not driven.
[EFX-0256 WARNING] The primary output port 'lvds_txd1_o[4]' wire 'lvds_txd1_o[4]' is not driven.
[EFX-0256 WARNING] The primary output port 'lvds_txd1_o[3]' wire 'lvds_txd1_o[3]' is not driven.
[EFX-0256 WARNING] The primary output port 'lvds_txd1_o[2]' wire 'lvds_txd1_o[2]' is not driven.
[EFX-0256 WARNING] The primary output port 'lvds_txd1_o[1]' wire 'lvds_txd1_o[1]' is not driven.
[EFX-0256 WARNING] The primary output port 'lvds_txd1_o[0]' wire 'lvds_txd1_o[0]' is not driven.
[EFX-0256 WARNING] The primary output port 'lvds_txd1_rst_o' wire 'lvds_txd1_rst_o' is not driven.
[EFX-0256 WARNING] The primary output port 'lvds_txd2_oe' wire 'lvds_txd2_oe' is not driven.
[EFX-0256 WARNING] The primary output port 'lvds_txd2_o[6]' wire 'lvds_txd2_o[6]' is not driven.
[EFX-0256 WARNING] The primary output port 'lvds_txd2_o[5]' wire 'lvds_txd2_o[5]' is not driven.
[EFX-0256 WARNING] The primary output port 'lvds_txd2_o[4]' wire 'lvds_txd2_o[4]' is not driven.
[EFX-0256 WARNING] The primary output port 'lvds_txd2_o[3]' wire 'lvds_txd2_o[3]' is not driven.
[EFX-0256 WARNING] The primary output port 'lvds_txd2_o[2]' wire 'lvds_txd2_o[2]' is not driven.
[EFX-0256 WARNING] The primary output port 'lvds_txd2_o[1]' wire 'lvds_txd2_o[1]' is not driven.
[EFX-0256 WARNING] The primary output port 'lvds_txd2_o[0]' wire 'lvds_txd2_o[0]' is not driven.
[EFX-0256 WARNING] The primary output port 'lvds_txd2_rst_o' wire 'lvds_txd2_rst_o' is not driven.
[EFX-0256 WARNING] The primary output port 'lvds_txd3_oe' wire 'lvds_txd3_oe' is not driven.
[EFX-0256 WARNING] The primary output port 'lvds_txd3_o[6]' wire 'lvds_txd3_o[6]' is not driven.
[EFX-0256 WARNING] The primary output port 'lvds_txd3_o[5]' wire 'lvds_txd3_o[5]' is not driven.
[EFX-0256 WARNING] The primary output port 'lvds_txd3_o[4]' wire 'lvds_txd3_o[4]' is not driven.
[EFX-0256 WARNING] The primary output port 'lvds_txd3_o[3]' wire 'lvds_txd3_o[3]' is not driven.
[EFX-0256 WARNING] The primary output port 'lvds_txd3_o[2]' wire 'lvds_txd3_o[2]' is not driven.
[EFX-0256 WARNING] The primary output port 'lvds_txd3_o[1]' wire 'lvds_txd3_o[1]' is not driven.
[EFX-0256 WARNING] The primary output port 'lvds_txd3_o[0]' wire 'lvds_txd3_o[0]' is not driven.
[EFX-0256 WARNING] The primary output port 'lvds_txd3_rst_o' wire 'lvds_txd3_rst_o' is not driven.
[EFX-0256 WARNING] The primary output port 'lcd_tp_sda_o' wire 'lcd_tp_sda_o' is not driven.
[EFX-0256 WARNING] The primary output port 'lcd_tp_sda_oe' wire 'lcd_tp_sda_oe' is not driven.
[EFX-0256 WARNING] The primary output port 'lcd_tp_scl_o' wire 'lcd_tp_scl_o' is not driven.
[EFX-0256 WARNING] The primary output port 'lcd_tp_scl_oe' wire 'lcd_tp_scl_oe' is not driven.
[EFX-0256 WARNING] The primary output port 'lcd_tp_int_o' wire 'lcd_tp_int_o' is not driven.
[EFX-0256 WARNING] The primary output port 'lcd_tp_int_oe' wire 'lcd_tp_int_oe' is not driven.
[EFX-0256 WARNING] The primary output port 'lcd_tp_rst_o' wire 'lcd_tp_rst_o' is not driven.
[EFX-0256 WARNING] The primary output port 'lcd_pwm_o' wire 'lcd_pwm_o' is not driven.
[EFX-0256 WARNING] The primary output port 'lcd_blen_o' wire 'lcd_blen_o' is not driven.
[EFX-0256 WARNING] The primary output port 'lcd_vs_o' wire 'lcd_vs_o' is not driven.
[EFX-0256 WARNING] The primary output port 'lcd_hs_o' wire 'lcd_hs_o' is not driven.
[EFX-0256 WARNING] The primary output port 'lcd_de_o' wire 'lcd_de_o' is not driven.
[EFX-0200 WARNING] Removing redundant signal : Shift_Q7_Out[4][7]. (D:/Efinity_Project/Efinity_Project/Ti60F225_OV5640_Face_Reproduction\ip/DdrCtrl\DdrCtrl.sv:2611)
[EFX-0200 WARNING] Removing redundant signal : Shift_Q7_Out[4][6]. (D:/Efinity_Project/Efinity_Project/Ti60F225_OV5640_Face_Reproduction\ip/DdrCtrl\DdrCtrl.sv:2611)
[EFX-0200 WARNING] Removing redundant signal : Shift_Q7_Out[4][5]. (D:/Efinity_Project/Efinity_Project/Ti60F225_OV5640_Face_Reproduction\ip/DdrCtrl\DdrCtrl.sv:2611)
[EFX-0200 WARNING] Removing redundant signal : Shift_Q7_Out[4][4]. (D:/Efinity_Project/Efinity_Project/Ti60F225_OV5640_Face_Reproduction\ip/DdrCtrl\DdrCtrl.sv:2611)
[EFX-0200 WARNING] Removing redundant signal : Shift_Q7_Out[4][3]. (D:/Efinity_Project/Efinity_Project/Ti60F225_OV5640_Face_Reproduction\ip/DdrCtrl\DdrCtrl.sv:2611)
[EFX-0200 WARNING] Removing redundant signal : Shift_Q7_Out[4][2]. (D:/Efinity_Project/Efinity_Project/Ti60F225_OV5640_Face_Reproduction\ip/DdrCtrl\DdrCtrl.sv:2611)
[EFX-0200 WARNING] Removing redundant signal : Shift_Q7_Out[4][1]. (D:/Efinity_Project/Efinity_Project/Ti60F225_OV5640_Face_Reproduction\ip/DdrCtrl\DdrCtrl.sv:2611)
[EFX-0200 WARNING] Removing redundant signal : Shift_Q7_Out[4][0]. (D:/Efinity_Project/Efinity_Project/Ti60F225_OV5640_Face_Reproduction\ip/DdrCtrl\DdrCtrl.sv:2611)
[EFX-0200 WARNING] Removing redundant signal : Shift_Out[7]. (D:/Efinity_Project/Efinity_Project/Ti60F225_OV5640_Face_Reproduction\ip/DdrCtrl\DdrCtrl.sv:2611)
[EFX-0200 WARNING] Removing redundant signal : Shift_Out[6]. (D:/Efinity_Project/Efinity_Project/Ti60F225_OV5640_Face_Reproduction\ip/DdrCtrl\DdrCtrl.sv:2611)
[EFX-0200 WARNING] Removing redundant signal : Shift_Out[5]. (D:/Efinity_Project/Efinity_Project/Ti60F225_OV5640_Face_Reproduction\ip/DdrCtrl\DdrCtrl.sv:2611)
[EFX-0200 WARNING] Removing redundant signal : Shift_Out[4]. (D:/Efinity_Project/Efinity_Project/Ti60F225_OV5640_Face_Reproduction\ip/DdrCtrl\DdrCtrl.sv:2611)
[EFX-0200 WARNING] Removing redundant signal : Shift_Out[3]. (D:/Efinity_Project/Efinity_Project/Ti60F225_OV5640_Face_Reproduction\ip/DdrCtrl\DdrCtrl.sv:2611)
[EFX-0200 WARNING] Removing redundant signal : Shift_Out[2]. (D:/Efinity_Project/Efinity_Project/Ti60F225_OV5640_Face_Reproduction\ip/DdrCtrl\DdrCtrl.sv:2611)
[EFX-0200 WARNING] Removing redundant signal : Shift_Out[1]. (D:/Efinity_Project/Efinity_Project/Ti60F225_OV5640_Face_Reproduction\ip/DdrCtrl\DdrCtrl.sv:2611)
[EFX-0200 WARNING] Removing redundant signal : Shift_Out[0]. (D:/Efinity_Project/Efinity_Project/Ti60F225_OV5640_Face_Reproduction\ip/DdrCtrl\DdrCtrl.sv:2611)
[EFX-0200 WARNING] Removing redundant signal : Shift_Q7_Out[4][31]. (D:/Efinity_Project/Efinity_Project/Ti60F225_OV5640_Face_Reproduction\ip/DdrCtrl\DdrCtrl.sv:2611)
[EFX-0200 WARNING] Removing redundant signal : Shift_Q7_Out[4][30]. (D:/Efinity_Project/Efinity_Project/Ti60F225_OV5640_Face_Reproduction\ip/DdrCtrl\DdrCtrl.sv:2611)
[EFX-0200 WARNING] Removing redundant signal : Shift_Q7_Out[4][29]. (D:/Efinity_Project/Efinity_Project/Ti60F225_OV5640_Face_Reproduction\ip/DdrCtrl\DdrCtrl.sv:2611)
[EFX-0200 WARNING] Removing redundant signal : Shift_Q7_Out[4][28]. (D:/Efinity_Project/Efinity_Project/Ti60F225_OV5640_Face_Reproduction\ip/DdrCtrl\DdrCtrl.sv:2611)
[EFX-0201 WARNING] Re-wiring to GND non-driven net 'u_efx_fifo_top.a_rst_i'. (D:/Efinity_Project/Efinity_Project/Ti60F225_OV5640_Face_Reproduction\ip/DdrCtrl\DdrCtrl.sv:4817)
[EFX-0201 WARNING] Re-wiring to GND non-driven net 'u_efx_fifo_top.clk_i'. (D:/Efinity_Project/Efinity_Project/Ti60F225_OV5640_Face_Reproduction\ip/DdrCtrl\DdrCtrl.sv:4817)
[EFX-0201 WARNING] Re-wiring to GND non-driven net 'r_rd_fifo_wr_en_p[31]'. (D:/Efinity_Project/Efinity_Project/Ti60F225_OV5640_Face_Reproduction\ip/DdrCtrl\DdrCtrl.sv:1460)
[EFX-0201 WARNING] Re-wiring to GND non-driven net 'r_rd_fifo_wr_en_p[30]'. (D:/Efinity_Project/Efinity_Project/Ti60F225_OV5640_Face_Reproduction\ip/DdrCtrl\DdrCtrl.sv:1460)
[EFX-0201 WARNING] Re-wiring to GND non-driven net 'r_rd_fifo_wr_en_p[29]'. (D:/Efinity_Project/Efinity_Project/Ti60F225_OV5640_Face_Reproduction\ip/DdrCtrl\DdrCtrl.sv:1460)
[EFX-0201 WARNING] Re-wiring to GND non-driven net 'r_rd_fifo_wr_en_p[28]'. (D:/Efinity_Project/Efinity_Project/Ti60F225_OV5640_Face_Reproduction\ip/DdrCtrl\DdrCtrl.sv:1460)
[EFX-0201 WARNING] Re-wiring to GND non-driven net 'r_rd_fifo_wr_en_p[27]'. (D:/Efinity_Project/Efinity_Project/Ti60F225_OV5640_Face_Reproduction\ip/DdrCtrl\DdrCtrl.sv:1460)
[EFX-0201 WARNING] Re-wiring to GND non-driven net 'r_rd_fifo_wr_en_p[26]'. (D:/Efinity_Project/Efinity_Project/Ti60F225_OV5640_Face_Reproduction\ip/DdrCtrl\DdrCtrl.sv:1460)
[EFX-0201 WARNING] Re-wiring to GND non-driven net 'r_rd_fifo_wr_en_p[25]'. (D:/Efinity_Project/Efinity_Project/Ti60F225_OV5640_Face_Reproduction\ip/DdrCtrl\DdrCtrl.sv:1460)
[EFX-0201 WARNING] Re-wiring to GND non-driven net 'r_rd_fifo_wr_en_p[24]'. (D:/Efinity_Project/Efinity_Project/Ti60F225_OV5640_Face_Reproduction\ip/DdrCtrl\DdrCtrl.sv:1460)
[EFX-0657 WARNING] Mapping into logic memory block 'u_face_ccl/min_x_buf0' (704 bits) (D:\Efinity_Project\Efinity_Project\Ti60F225_OV5640_Face_Reproduction\src\face\streaming_connected_components.v:181) because it has async writer.
[EFX-0657 WARNING] Mapping into logic memory block 'u_face_ccl/max_x_buf0' (704 bits) (D:\Efinity_Project\Efinity_Project\Ti60F225_OV5640_Face_Reproduction\src\face\streaming_connected_components.v:181) because it has async writer.
[EFX-0657 WARNING] Mapping into logic memory block 'u_face_ccl/min_y_buf0' (640 bits) (D:\Efinity_Project\Efinity_Project\Ti60F225_OV5640_Face_Reproduction\src\face\streaming_connected_components.v:182) because it has async writer.
[EFX-0657 WARNING] Mapping into logic memory block 'u_face_ccl/max_y_buf0' (640 bits) (D:\Efinity_Project\Efinity_Project\Ti60F225_OV5640_Face_Reproduction\src\face\streaming_connected_components.v:182) because it has async writer.
[EFX-0657 WARNING] Mapping into logic memory block 'u_face_ccl/area_buf0' (1408 bits) (D:\Efinity_Project\Efinity_Project\Ti60F225_OV5640_Face_Reproduction\src\face\streaming_connected_components.v:183) because it has async writer.
[EFX-0657 WARNING] Mapping into logic memory block 'u_face_ccl/min_x_buf1' (704 bits) (D:\Efinity_Project\Efinity_Project\Ti60F225_OV5640_Face_Reproduction\src\face\streaming_connected_components.v:184) because it has async writer.
[EFX-0657 WARNING] Mapping into logic memory block 'u_face_ccl/max_x_buf1' (704 bits) (D:\Efinity_Project\Efinity_Project\Ti60F225_OV5640_Face_Reproduction\src\face\streaming_connected_components.v:184) because it has async writer.
[EFX-0657 WARNING] Mapping into logic memory block 'u_face_ccl/min_y_buf1' (640 bits) (D:\Efinity_Project\Efinity_Project\Ti60F225_OV5640_Face_Reproduction\src\face\streaming_connected_components.v:185) because it has async writer.
[EFX-0657 WARNING] Mapping into logic memory block 'u_face_ccl/max_y_buf1' (640 bits) (D:\Efinity_Project\Efinity_Project\Ti60F225_OV5640_Face_Reproduction\src\face\streaming_connected_components.v:185) because it has async writer.
[EFX-0657 WARNING] Mapping into logic memory block 'u_face_ccl/area_buf1' (1408 bits) (D:\Efinity_Project\Efinity_Project\Ti60F225_OV5640_Face_Reproduction\src\face\streaming_connected_components.v:186) because it has async writer.
[EFX-0657 WARNING] Mapping into logic memory block 'u_face_overlay/a_x0' (176 bits) (D:\Efinity_Project\Efinity_Project\Ti60F225_OV5640_Face_Reproduction\src\face\bbox_overlay.v:51) because it has async writer.
[EFX-0657 WARNING] Mapping into logic memory block 'u_face_overlay/a_x1' (176 bits) (D:\Efinity_Project\Efinity_Project\Ti60F225_OV5640_Face_Reproduction\src\face\bbox_overlay.v:52) because it has async writer.
[EFX-0657 WARNING] Mapping into logic memory block 'u_face_overlay/a_y0' (160 bits) (D:\Efinity_Project\Efinity_Project\Ti60F225_OV5640_Face_Reproduction\src\face\bbox_overlay.v:53) because it has async writer.
[EFX-0657 WARNING] Mapping into logic memory block 'u_face_overlay/a_y1' (160 bits) (D:\Efinity_Project\Efinity_Project\Ti60F225_OV5640_Face_Reproduction\src\face\bbox_overlay.v:54) because it has async writer.
[EFX-0657 WARNING] Mapping into logic memory block 'u_face_overlay/b_x0' (176 bits) (D:\Efinity_Project\Efinity_Project\Ti60F225_OV5640_Face_Reproduction\src\face\bbox_overlay.v:57) because it has async writer.
[EFX-0657 WARNING] Mapping into logic memory block 'u_face_overlay/b_x1' (176 bits) (D:\Efinity_Project\Efinity_Project\Ti60F225_OV5640_Face_Reproduction\src\face\bbox_overlay.v:58) because it has async writer.
[EFX-0657 WARNING] Mapping into logic memory block 'u_face_overlay/b_y0' (160 bits) (D:\Efinity_Project\Efinity_Project\Ti60F225_OV5640_Face_Reproduction\src\face\bbox_overlay.v:59) because it has async writer.
[EFX-0657 WARNING] Mapping into logic memory block 'u_face_overlay/b_y1' (160 bits) (D:\Efinity_Project\Efinity_Project\Ti60F225_OV5640_Face_Reproduction\src\face\bbox_overlay.v:60) because it has async writer.
[EFX-0011 VERI-WARNING] Input/inout port clk_24m is unconnected and will be removed. (VDB-8003) (D:\Efinity_Project\Efinity_Project\Ti60F225_OV5640_Face_Reproduction\example_top.v:11)
[EFX-0011 VERI-WARNING] Input/inout port clk_25m is unconnected and will be removed. (VDB-8003) (D:\Efinity_Project\Efinity_Project\Ti60F225_OV5640_Face_Reproduction\example_top.v:12)
[EFX-0011 VERI-WARNING] Input/inout port clk_pixel_2x is unconnected and will be removed. (VDB-8003) (D:\Efinity_Project\Efinity_Project\Ti60F225_OV5640_Face_Reproduction\example_top.v:21)
[EFX-0011 VERI-WARNING] Input/inout port clk_pixel_10x is unconnected and will be removed. (VDB-8003) (D:\Efinity_Project\Efinity_Project\Ti60F225_OV5640_Face_Reproduction\example_top.v:22)
[EFX-0011 VERI-WARNING] Input/inout port dsi_refclk_i is unconnected and will be removed. (VDB-8003) (D:\Efinity_Project\Efinity_Project\Ti60F225_OV5640_Face_Reproduction\example_top.v:30)
[EFX-0011 VERI-WARNING] Input/inout port dsi_byteclk_i is unconnected and will be removed. (VDB-8003) (D:\Efinity_Project\Efinity_Project\Ti60F225_OV5640_Face_Reproduction\example_top.v:31)
[EFX-0011 VERI-WARNING] Input/inout port dsi_serclk_i is unconnected and will be removed. (VDB-8003) (D:\Efinity_Project\Efinity_Project\Ti60F225_OV5640_Face_Reproduction\example_top.v:32)
[EFX-0011 VERI-WARNING] Input/inout port dsi_txcclk_i is unconnected and will be removed. (VDB-8003) (D:\Efinity_Project\Efinity_Project\Ti60F225_OV5640_Face_Reproduction\example_top.v:33)
[EFX-0011 VERI-WARNING] Input/inout port clk_lvds_1x is unconnected and will be removed. (VDB-8003) (D:\Efinity_Project\Efinity_Project\Ti60F225_OV5640_Face_Reproduction\example_top.v:60)
[EFX-0011 VERI-WARNING] Input/inout port clk_lvds_7x is unconnected and will be removed. (VDB-8003) (D:\Efinity_Project\Efinity_Project\Ti60F225_OV5640_Face_Reproduction\example_top.v:61)
[EFX-0011 VERI-WARNING] Input/inout port clk_27m is unconnected and will be removed. (VDB-8003) (D:\Efinity_Project\Efinity_Project\Ti60F225_OV5640_Face_Reproduction\example_top.v:62)
[EFX-0011 VERI-WARNING] Input/inout port clk_54m is unconnected and will be removed. (VDB-8003) (D:\Efinity_Project\Efinity_Project\Ti60F225_OV5640_Face_Reproduction\example_top.v:63)
[EFX-0011 VERI-WARNING] Input/inout port i_dqs_n_hi[1] is unconnected and will be removed. (VDB-8003) (D:\Efinity_Project\Efinity_Project\Ti60F225_OV5640_Face_Reproduction\example_top.v:97)
[EFX-0011 VERI-WARNING] Input/inout port i_dqs_n_lo[1] is unconnected and will be removed. (VDB-8003) (D:\Efinity_Project\Efinity_Project\Ti60F225_OV5640_Face_Reproduction\example_top.v:98)
[EFX-0011 VERI-WARNING] Input/inout port csi_ctl0_i is unconnected and will be removed. (VDB-8003) (D:\Efinity_Project\Efinity_Project\Ti60F225_OV5640_Face_Reproduction\example_top.v:121)
[EFX-0011 VERI-WARNING] Input/inout port csi_ctl1_i is unconnected and will be removed. (VDB-8003) (D:\Efinity_Project\Efinity_Project\Ti60F225_OV5640_Face_Reproduction\example_top.v:125)
[EFX-0011 VERI-WARNING] Input/inout port csi_scl_i is unconnected and will be removed. (VDB-8003) (D:\Efinity_Project\Efinity_Project\Ti60F225_OV5640_Face_Reproduction\example_top.v:129)
[EFX-0011 VERI-WARNING] Input/inout port csi_sda_i is unconnected and will be removed. (VDB-8003) (D:\Efinity_Project\Efinity_Project\Ti60F225_OV5640_Face_Reproduction\example_top.v:133)
[EFX-0011 VERI-WARNING] Input/inout port csi_rxc_lp_p_i is unconnected and will be removed. (VDB-8003) (D:\Efinity_Project\Efinity_Project\Ti60F225_OV5640_Face_Reproduction\example_top.v:136)
[EFX-0011 VERI-WARNING] Input/inout port csi_rxc_lp_n_i is unconnected and will be removed. (VDB-8003) (D:\Efinity_Project\Efinity_Project\Ti60F225_OV5640_Face_Reproduction\example_top.v:137)
[EFX-0011 VERI-WARNING] Input/inout port csi_rxc_i is unconnected and will be removed. (VDB-8003) (D:\Efinity_Project\Efinity_Project\Ti60F225_OV5640_Face_Reproduction\example_top.v:140)
[EFX-0011 VERI-WARNING] Input/inout port csi_rxd0_lp_p_i is unconnected and will be removed. (VDB-8003) (D:\Efinity_Project\Efinity_Project\Ti60F225_OV5640_Face_Reproduction\example_top.v:147)
[EFX-0011 VERI-WARNING] Input/inout port csi_rxd0_lp_n_i is unconnected and will be removed. (VDB-8003) (D:\Efinity_Project\Efinity_Project\Ti60F225_OV5640_Face_Reproduction\example_top.v:148)
[EFX-0011 VERI-WARNING] Input/inout port csi_rxd0_hs_i[7] is unconnected and will be removed. (VDB-8003) (D:\Efinity_Project\Efinity_Project\Ti60F225_OV5640_Face_Reproduction\example_top.v:149)
[EFX-0011 VERI-WARNING] Input/inout port csi_rxd1_lp_n_i is unconnected and will be removed. (VDB-8003) (D:\Efinity_Project\Efinity_Project\Ti60F225_OV5640_Face_Reproduction\example_top.v:156)
[EFX-0011 VERI-WARNING] Input/inout port csi_rxd1_lp_p_i is unconnected and will be removed. (VDB-8003) (D:\Efinity_Project\Efinity_Project\Ti60F225_OV5640_Face_Reproduction\example_top.v:157)
[EFX-0011 VERI-WARNING] Input/inout port csi_rxd1_hs_i[7] is unconnected and will be removed. (VDB-8003) (D:\Efinity_Project\Efinity_Project\Ti60F225_OV5640_Face_Reproduction\example_top.v:158)
[EFX-0011 VERI-WARNING] Input/inout port csi_rxd2_lp_p_i is unconnected and will be removed. (VDB-8003) (D:\Efinity_Project\Efinity_Project\Ti60F225_OV5640_Face_Reproduction\example_top.v:165)
[EFX-0011 VERI-WARNING] Input/inout port csi_rxd2_lp_n_i is unconnected and will be removed. (VDB-8003) (D:\Efinity_Project\Efinity_Project\Ti60F225_OV5640_Face_Reproduction\example_top.v:166)
[EFX-0011 VERI-WARNING] Input/inout port csi_rxd2_hs_i[7] is unconnected and will be removed. (VDB-8003) (D:\Efinity_Project\Efinity_Project\Ti60F225_OV5640_Face_Reproduction\example_top.v:167)
[EFX-0011 VERI-WARNING] Input/inout port csi_rxd3_lp_p_i is unconnected and will be removed. (VDB-8003) (D:\Efinity_Project\Efinity_Project\Ti60F225_OV5640_Face_Reproduction\example_top.v:174)
[EFX-0011 VERI-WARNING] Input/inout port csi_rxd3_lp_n_i is unconnected and will be removed. (VDB-8003) (D:\Efinity_Project\Efinity_Project\Ti60F225_OV5640_Face_Reproduction\example_top.v:175)
[EFX-0011 VERI-WARNING] Input/inout port csi_rxd3_hs_i[7] is unconnected and will be removed. (VDB-8003) (D:\Efinity_Project\Efinity_Project\Ti60F225_OV5640_Face_Reproduction\example_top.v:176)
[EFX-0011 VERI-WARNING] Input/inout port dsi_txd0_lp_p_i is unconnected and will be removed. (VDB-8003) (D:\Efinity_Project\Efinity_Project\Ti60F225_OV5640_Face_Reproduction\example_top.v:235)
[EFX-0011 VERI-WARNING] Input/inout port dsi_txd0_lp_n_i is unconnected and will be removed. (VDB-8003) (D:\Efinity_Project\Efinity_Project\Ti60F225_OV5640_Face_Reproduction\example_top.v:236)
[EFX-0011 VERI-WARNING] Input/inout port dsi_txd1_lp_p_i is unconnected and will be removed. (VDB-8003) (D:\Efinity_Project\Efinity_Project\Ti60F225_OV5640_Face_Reproduction\example_top.v:237)
[EFX-0011 VERI-WARNING] Input/inout port dsi_txd1_lp_n_i is unconnected and will be removed. (VDB-8003) (D:\Efinity_Project\Efinity_Project\Ti60F225_OV5640_Face_Reproduction\example_top.v:238)
[EFX-0011 VERI-WARNING] Input/inout port dsi_txd2_lp_p_i is unconnected and will be removed. (VDB-8003) (D:\Efinity_Project\Efinity_Project\Ti60F225_OV5640_Face_Reproduction\example_top.v:239)
[EFX-0011 VERI-WARNING] Input/inout port dsi_txd2_lp_n_i is unconnected and will be removed. (VDB-8003) (D:\Efinity_Project\Efinity_Project\Ti60F225_OV5640_Face_Reproduction\example_top.v:240)
[EFX-0011 VERI-WARNING] Input/inout port dsi_txd3_lp_p_i is unconnected and will be removed. (VDB-8003) (D:\Efinity_Project\Efinity_Project\Ti60F225_OV5640_Face_Reproduction\example_top.v:241)
[EFX-0011 VERI-WARNING] Input/inout port dsi_txd3_lp_n_i is unconnected and will be removed. (VDB-8003) (D:\Efinity_Project\Efinity_Project\Ti60F225_OV5640_Face_Reproduction\example_top.v:242)
[EFX-0011 VERI-WARNING] Input/inout port uart_rx_i is unconnected and will be removed. (VDB-8003) (D:\Efinity_Project\Efinity_Project\Ti60F225_OV5640_Face_Reproduction\example_top.v:247)
[EFX-0011 VERI-WARNING] Input/inout port cmos_sdat_IN is unconnected and will be removed. (VDB-8003) (D:\Efinity_Project\Efinity_Project\Ti60F225_OV5640_Face_Reproduction\example_top.v:257)
[EFX-0011 VERI-WARNING] Input/inout port cmos_ctl1_i is unconnected and will be removed. (VDB-8003) (D:\Efinity_Project\Efinity_Project\Ti60F225_OV5640_Face_Reproduction\example_top.v:269)
[EFX-0011 VERI-WARNING] Input/inout port cmos_ctl2_i is unconnected and will be removed. (VDB-8003) (D:\Efinity_Project\Efinity_Project\Ti60F225_OV5640_Face_Reproduction\example_top.v:272)
[EFX-0011 VERI-WARNING] Input/inout port cmos_ctl3_i is unconnected and will be removed. (VDB-8003) (D:\Efinity_Project\Efinity_Project\Ti60F225_OV5640_Face_Reproduction\example_top.v:275)
[EFX-0011 VERI-WARNING] Input/inout port lcd_tp_sda_i is unconnected and will be removed. (VDB-8003) (D:\Efinity_Project\Efinity_Project\Ti60F225_OV5640_Face_Reproduction\example_top.v:323)
[EFX-0011 VERI-WARNING] Input/inout port lcd_tp_scl_i is unconnected and will be removed. (VDB-8003) (D:\Efinity_Project\Efinity_Project\Ti60F225_OV5640_Face_Reproduction\example_top.v:327)
[EFX-0011 VERI-WARNING] Input/inout port lcd_tp_int_i is unconnected and will be removed. (VDB-8003) (D:\Efinity_Project\Efinity_Project\Ti60F225_OV5640_Face_Reproduction\example_top.v:331)
[EFX-0011 VERI-WARNING] Input/inout port lcd_b7_0_i[7] is unconnected and will be removed. (VDB-8003) (D:\Efinity_Project\Efinity_Project\Ti60F225_OV5640_Face_Reproduction\example_top.v:351)
[EFX-0011 VERI-WARNING] Input/inout port lcd_g7_0_i[7] is unconnected and will be removed. (VDB-8003) (D:\Efinity_Project\Efinity_Project\Ti60F225_OV5640_Face_Reproduction\example_top.v:352)
[EFX-0011 VERI-WARNING] Input/inout port lcd_r7_0_i[7] is unconnected and will be removed. (VDB-8003) (D:\Efinity_Project\Efinity_Project\Ti60F225_OV5640_Face_Reproduction\example_top.v:353)
[EFX-0011 VERI-WARNING] CE port of EFX_DSP48 instance u_face_bbox_filter/n379_pp_0x0 is permanently disabled (VDB-8002) 
[EFX-0011 VERI-WARNING] CE port of EFX_DSP48 instance u_face_bbox_filter/n620_pp_1x0 is permanently disabled (VDB-8002) 
[EFX-0011 VERI-WARNING] CE port of EFX_DSP48 instance u_face_bbox_filter/n620_pp_0x0 is permanently disabled (VDB-8002) 
[EFX-0011 VERI-WARNING] CE port of EFX_DSP48 instance u_face_bbox_filter/n379_pp_1x0 is permanently disabled (VDB-8002) 
[EFX-0011 VERI-WARNING] Found 107 warnings in the post-synthesis netlist. 

///////////////////////////////////
// Efinity Synthesis Started 
// Sep 21, 2026 22:46:52
///////////////////////////////////

[EFX-0011 VERI-WARNING] port 'cal_shift_val' remains unconnected for this instance (VERI-1927) (D:\Efinity_Project\Efinity_Project\Ti60F225_OV5640_Face_Reproduction\example_top.v:612)
[EFX-0011 VERI-WARNING] port 'axi_awid' remains unconnected for this instance (VERI-1927) (D:\Efinity_Project\Efinity_Project\Ti60F225_OV5640_Face_Reproduction\example_top.v:962)
[EFX-0011 VERI-WARNING] port 'TMDS_Clk_p' remains unconnected for this instance (VERI-1927) (D:\Efinity_Project\Efinity_Project\Ti60F225_OV5640_Face_Reproduction\example_top.v:1651)
[EFX-0011 VERI-WARNING] expression size 32 truncated to fit in target size 1 (VERI-1209) (D:\Efinity_Project\Efinity_Project\Ti60F225_OV5640_Face_Reproduction\example_top.v:443)
[EFX-0011 VERI-WARNING] port 'wr_busy' remains unconnected for this instance (VERI-1927) (D:/Efinity_Project/Efinity_Project/Ti60F225_OV5640_Face_Reproduction\ip/DdrCtrl\DdrCtrl.sv:184)
[EFX-0011 VERI-WARNING] port 'wr_data' is not connected on this instance (VERI-2435) (D:/Efinity_Project/Efinity_Project/Ti60F225_OV5640_Face_Reproduction\ip/DdrCtrl\DdrCtrl.sv:184)
[EFX-0011 VERI-WARNING] port '**' is not connected on this instance (VERI-2435) (D:/Efinity_Project/Efinity_Project/Ti60F225_OV5640_Face_Reproduction\ip/DdrCtrl\DdrCtrl.sv:2496)
[EFX-0011 VERI-WARNING] expression size ** truncated to fit in target size ** (VERI-1209) (D:/Efinity_Project/Efinity_Project/Ti60F225_OV5640_Face_Reproduction\ip/DdrCtrl\DdrCtrl.sv:2611)
[EFX-0011 VERI-WARNING] actual bit length ** differs from formal bit length *** for port '**' (VERI-1330) (D:/Efinity_Project/Efinity_Project/Ti60F225_OV5640_Face_Reproduction\ip/DdrCtrl\DdrCtrl.sv:2496)
[EFX-0011 VERI-WARNING] expression size ** truncated to fit in target size ** (VERI-1209) (D:/Efinity_Project/Efinity_Project/Ti60F225_OV5640_Face_Reproduction\ip/DdrCtrl\DdrCtrl.sv:2611)
[EFX-0011 VERI-WARNING] expression size ** truncated to fit in target size ** (VERI-1209) (D:/Efinity_Project/Efinity_Project/Ti60F225_OV5640_Face_Reproduction\ip/DdrCtrl\DdrCtrl.sv:2611)
[EFX-0011 VERI-WARNING] actual bit length ** differs from formal bit length *** for port '**' (VERI-1330) (D:/Efinity_Project/Efinity_Project/Ti60F225_OV5640_Face_Reproduction\ip/DdrCtrl\DdrCtrl.sv:2496)
[EFX-0011 VERI-WARNING] port '**' remains unconnected for this instance (VERI-1927) (D:/Efinity_Project/Efinity_Project/Ti60F225_OV5640_Face_Reproduction\ip/DdrCtrl\DdrCtrl.sv:590)
[EFX-0011 VERI-WARNING] actual bit length ** differs from formal bit length *** for port '**' (VERI-1330) (D:/Efinity_Project/Efinity_Project/Ti60F225_OV5640_Face_Reproduction\ip/DdrCtrl\DdrCtrl.sv:590)
[EFX-0011 VERI-WARNING] port '**' remains unconnected for this instance (VERI-1927) (D:/Efinity_Project/Efinity_Project/Ti60F225_OV5640_Face_Reproduction\ip/DdrCtrl\DdrCtrl.sv:1460)
[EFX-0011 VERI-WARNING] port '**' remains unconnected for this instance (VERI-1927) (D:/Efinity_Project/Efinity_Project/Ti60F225_OV5640_Face_Reproduction\ip/DdrCtrl\DdrCtrl.sv:4817)
[EFX-0011 VERI-WARNING] actual bit length ** differs from formal bit length *** for port '**' (VERI-1330) (D:/Efinity_Project/Efinity_Project/Ti60F225_OV5640_Face_Reproduction\ip/DdrCtrl\DdrCtrl.sv:4817)
[EFX-0011 VERI-WARNING] input port '**' is not connected on this instance (VDB-1013) (D:/Efinity_Project/Efinity_Project/Ti60F225_OV5640_Face_Reproduction\ip/DdrCtrl\DdrCtrl.sv:4817)
[EFX-0011 VERI-WARNING] expression size ** truncated to fit in target size ** (VERI-1209) (D:/Efinity_Project/Efinity_Project/Ti60F225_OV5640_Face_Reproduction\ip/DdrCtrl\DdrCtrl.sv:1460)
[EFX-0011 VERI-WARNING] net '**' does not have a driver (VDB-1002) (D:/Efinity_Project/Efinity_Project/Ti60F225_OV5640_Face_Reproduction\ip/DdrCtrl\DdrCtrl.sv:1460)
[EFX-0011 VERI-WARNING] net '**' does not have a driver (VDB-1002) (D:/Efinity_Project/Efinity_Project/Ti60F225_OV5640_Face_Reproduction\ip/DdrCtrl\DdrCtrl.sv:590)
[EFX-0011 VERI-WARNING] input port '**' is not connected on this instance (VDB-1013) (D:/Efinity_Project/Efinity_Project/Ti60F225_OV5640_Face_Reproduction\ip/DdrCtrl\DdrCtrl.sv:590)
[EFX-0011 VERI-WARNING] input port '**' is not connected on this instance (VDB-1013) (D:/Efinity_Project/Efinity_Project/Ti60F225_OV5640_Face_Reproduction\ip/DdrCtrl\DdrCtrl.sv:2496)
[EFX-0011 VERI-WARNING] input port 'wr_data[127]' is not connected on this instance (VDB-1013) (D:/Efinity_Project/Efinity_Project/Ti60F225_OV5640_Face_Reproduction\ip/DdrCtrl\DdrCtrl.sv:117)
[EFX-0011 VERI-WARNING] actual bit length 4 differs from formal bit length 8 for port 'axi_aid' (VERI-1330) (D:\Efinity_Project\Efinity_Project\Ti60F225_OV5640_Face_Reproduction\example_top.v:579)
[EFX-0011 VERI-WARNING] actual bit length 4 differs from formal bit length 8 for port 'axi_wid' (VERI-1330) (D:\Efinity_Project\Efinity_Project\Ti60F225_OV5640_Face_Reproduction\example_top.v:586)
[EFX-0011 VERI-WARNING] actual bit length 4 differs from formal bit length 8 for port 'axi_bid' (VERI-1330) (D:\Efinity_Project\Efinity_Project\Ti60F225_OV5640_Face_Reproduction\example_top.v:595)
[EFX-0011 VERI-WARNING] actual bit length 4 differs from formal bit length 8 for port 'axi_rid' (VERI-1330) (D:\Efinity_Project\Efinity_Project\Ti60F225_OV5640_Face_Reproduction\example_top.v:601)
[EFX-0011 VERI-WARNING] expression size 2 truncated to fit in target size 1 (VERI-1209) (D:\Efinity_Project\Efinity_Project\Ti60F225_OV5640_Face_Reproduction\src\axi\AXI4_AWARMux.v:90)
[EFX-0011 VERI-WARNING] expression size 3 truncated to fit in target size 2 (VERI-1209) (D:\Efinity_Project\Efinity_Project\Ti60F225_OV5640_Face_Reproduction\example_top.v:713)
[EFX-0011 VERI-WARNING] expression size 5 truncated to fit in target size 4 (VERI-1209) (D:\Efinity_Project\Efinity_Project\Ti60F225_OV5640_Face_Reproduction\example_top.v:714)
[EFX-0011 VERI-WARNING] actual bit length 64 differs from formal bit length 8 for port 'image_out_data' (VERI-1330) (D:\Efinity_Project\Efinity_Project\Ti60F225_OV5640_Face_Reproduction\example_top.v:861)
[EFX-0011 VERI-WARNING] expression size 32 truncated to fit in target size 16 (VERI-1209) (D:\Efinity_Project\Efinity_Project\Ti60F225_OV5640_Face_Reproduction\src\axi\axi4_ctrl.v:91)
[EFX-0011 VERI-WARNING] expression size 3 truncated to fit in target size 2 (VERI-1209) (D:\Efinity_Project\Efinity_Project\Ti60F225_OV5640_Face_Reproduction\src\axi\axi4_ctrl.v:113)
[EFX-0011 VERI-WARNING] expression size 3 truncated to fit in target size 2 (VERI-1209) (D:\Efinity_Project\Efinity_Project\Ti60F225_OV5640_Face_Reproduction\src\axi\axi4_ctrl.v:114)
[EFX-0011 VERI-WARNING] expression size 3 truncated to fit in target size 2 (VERI-1209) (D:\Efinity_Project\Efinity_Project\Ti60F225_OV5640_Face_Reproduction\src\axi\axi4_ctrl.v:196)
[EFX-0011 VERI-WARNING] expression size 2 truncated to fit in target size 1 (VERI-1209) (D:\Efinity_Project\Efinity_Project\Ti60F225_OV5640_Face_Reproduction\src\axi\axi4_ctrl.v:238)
[EFX-0011 VERI-WARNING] expression size 23 truncated to fit in target size 22 (VERI-1209) (D:\Efinity_Project\Efinity_Project\Ti60F225_OV5640_Face_Reproduction\src\axi\axi4_ctrl.v:257)
[EFX-0011 VERI-WARNING] port 'a_wr_rst_i' remains unconnected for this instance (VERI-1927) (D:/Efinity_Project/Efinity_Project/Ti60F225_OV5640_Face_Reproduction\ip/W0_FIFO_8\W0_FIFO_8.sv:116)
[EFX-0011 VERI-WARNING] expression size 32 truncated to fit in target size 14 (VERI-1209) (D:/Efinity_Project/Efinity_Project/Ti60F225_OV5640_Face_Reproduction\ip/W0_FIFO_8\W0_FIFO_8.sv:1251)
[EFX-0011 VERI-WARNING] expression size 32 truncated to fit in target size 10 (VERI-1209) (D:/Efinity_Project/Efinity_Project/Ti60F225_OV5640_Face_Reproduction\ip/W0_FIFO_8\W0_FIFO_8.sv:1252)
[EFX-0011 VERI-WARNING] input port 'a_wr_rst_i' is not connected on this instance (VDB-1013) (D:/Efinity_Project/Efinity_Project/Ti60F225_OV5640_Face_Reproduction\ip/W0_FIFO_8\W0_FIFO_8.sv:95)
[EFX-0011 VERI-WARNING] port 'a_wr_rst_i' remains unconnected for this instance (VERI-1927) (D:/Efinity_Project/Efinity_Project/Ti60F225_OV5640_Face_Reproduction\ip/R0_FIFO_16\R0_FIFO_16.sv:116)
[EFX-0011 VERI-WARNING] expression size 32 truncated to fit in target size 10 (VERI-1209) (D:/Efinity_Project/Efinity_Project/Ti60F225_OV5640_Face_Reproduction\ip/R0_FIFO_16\R0_FIFO_16.sv:1236)
[EFX-0011 VERI-WARNING] expression size 32 truncated to fit in target size 13 (VERI-1209) (D:/Efinity_Project/Efinity_Project/Ti60F225_OV5640_Face_Reproduction\ip/R0_FIFO_16\R0_FIFO_16.sv:1237)
[EFX-0011 VERI-WARNING] input port 'a_wr_rst_i' is not connected on this instance (VDB-1013) (D:/Efinity_Project/Efinity_Project/Ti60F225_OV5640_Face_Reproduction\ip/R0_FIFO_16\R0_FIFO_16.sv:95)
[EFX-0011 VERI-WARNING] expression size 17 truncated to fit in target size 16 (VERI-1209) (D:\Efinity_Project\Efinity_Project\Ti60F225_OV5640_Face_Reproduction\src\axi\axi4_ctrl.v:464)
[EFX-0011 VERI-WARNING] expression size 23 truncated to fit in target size 22 (VERI-1209) (D:\Efinity_Project\Efinity_Project\Ti60F225_OV5640_Face_Reproduction\src\axi\axi4_ctrl.v:574)
[EFX-0011 VERI-WARNING] actual bit length 32 differs from formal bit length 4 for port 'axi_bid' (VERI-1330) (D:\Efinity_Project\Efinity_Project\Ti60F225_OV5640_Face_Reproduction\example_top.v:934)
[EFX-0011 VERI-WARNING] actual bit length 32 differs from formal bit length 2 for port 'axi_bresp' (VERI-1330) (D:\Efinity_Project\Efinity_Project\Ti60F225_OV5640_Face_Reproduction\example_top.v:935)
[EFX-0011 VERI-WARNING] actual bit length 32 differs from formal bit length 1 for port 'axi_bvalid' (VERI-1330) (D:\Efinity_Project\Efinity_Project\Ti60F225_OV5640_Face_Reproduction\example_top.v:936)
[EFX-0011 VERI-WARNING] actual bit length 32 differs from formal bit length 2 for port 'axi_rresp' (VERI-1330) (D:\Efinity_Project\Efinity_Project\Ti60F225_OV5640_Face_Reproduction\example_top.v:946)
[EFX-0011 VERI-WARNING] actual bit length 64 differs from formal bit length 8 for port 'wframe_data' (VERI-1330) (D:\Efinity_Project\Efinity_Project\Ti60F225_OV5640_Face_Reproduction\example_top.v:954)
[EFX-0011 VERI-WARNING] actual bit length 8 differs from formal bit length 32 for port 'tp_o' (VERI-1330) (D:\Efinity_Project\Efinity_Project\Ti60F225_OV5640_Face_Reproduction\example_top.v:961)
[EFX-0011 VERI-WARNING] expression size 8 truncated to fit in target size 4 (VERI-1209) (D:\Efinity_Project\Efinity_Project\Ti60F225_OV5640_Face_Reproduction\example_top.v:963)
[EFX-0011 VERI-WARNING] expression size 14 truncated to fit in target size 12 (VERI-1209) (D:\Efinity_Project\Efinity_Project\Ti60F225_OV5640_Face_Reproduction\src\lcd_driver.v:145)
[EFX-0011 VERI-WARNING] actual bit length 24 differs from formal bit length 48 for port 'lcd_data' (VERI-1330) (D:\Efinity_Project\Efinity_Project\Ti60F225_OV5640_Face_Reproduction\example_top.v:1014)
[EFX-0011 VERI-WARNING] expression size 13 truncated to fit in target size 12 (VERI-1209) (D:\Efinity_Project\Efinity_Project\Ti60F225_OV5640_Face_Reproduction\src\vision\sobel3x3.v:94)
[EFX-0011 VERI-WARNING] expression size 13 truncated to fit in target size 12 (VERI-1209) (D:\Efinity_Project\Efinity_Project\Ti60F225_OV5640_Face_Reproduction\src\vision\sobel3x3.v:95)

///////////////////////////////////
// Efinity Synthesis Started 
// Sep 21, 2026 22:52:43
///////////////////////////////////

[EFX-0011 VERI-WARNING] port 'cal_shift_val' remains unconnected for this instance (VERI-1927) (D:\Efinity_Project\Efinity_Project\Ti60F225_OV5640_Face_Reproduction\example_top.v:612)
[EFX-0011 VERI-WARNING] port 'axi_awid' remains unconnected for this instance (VERI-1927) (D:\Efinity_Project\Efinity_Project\Ti60F225_OV5640_Face_Reproduction\example_top.v:962)
[EFX-0011 VERI-WARNING] port 'TMDS_Clk_p' remains unconnected for this instance (VERI-1927) (D:\Efinity_Project\Efinity_Project\Ti60F225_OV5640_Face_Reproduction\example_top.v:1651)
[EFX-0011 VERI-WARNING] expression size 32 truncated to fit in target size 1 (VERI-1209) (D:\Efinity_Project\Efinity_Project\Ti60F225_OV5640_Face_Reproduction\example_top.v:443)
[EFX-0011 VERI-WARNING] port 'wr_busy' remains unconnected for this instance (VERI-1927) (D:/Efinity_Project/Efinity_Project/Ti60F225_OV5640_Face_Reproduction\ip/DdrCtrl\DdrCtrl.sv:184)
[EFX-0011 VERI-WARNING] port 'wr_data' is not connected on this instance (VERI-2435) (D:/Efinity_Project/Efinity_Project/Ti60F225_OV5640_Face_Reproduction\ip/DdrCtrl\DdrCtrl.sv:184)
[EFX-0011 VERI-WARNING] port '**' is not connected on this instance (VERI-2435) (D:/Efinity_Project/Efinity_Project/Ti60F225_OV5640_Face_Reproduction\ip/DdrCtrl\DdrCtrl.sv:2496)
[EFX-0011 VERI-WARNING] expression size ** truncated to fit in target size ** (VERI-1209) (D:/Efinity_Project/Efinity_Project/Ti60F225_OV5640_Face_Reproduction\ip/DdrCtrl\DdrCtrl.sv:2611)
[EFX-0011 VERI-WARNING] actual bit length ** differs from formal bit length *** for port '**' (VERI-1330) (D:/Efinity_Project/Efinity_Project/Ti60F225_OV5640_Face_Reproduction\ip/DdrCtrl\DdrCtrl.sv:2496)
[EFX-0011 VERI-WARNING] expression size ** truncated to fit in target size ** (VERI-1209) (D:/Efinity_Project/Efinity_Project/Ti60F225_OV5640_Face_Reproduction\ip/DdrCtrl\DdrCtrl.sv:2611)
[EFX-0011 VERI-WARNING] expression size ** truncated to fit in target size ** (VERI-1209) (D:/Efinity_Project/Efinity_Project/Ti60F225_OV5640_Face_Reproduction\ip/DdrCtrl\DdrCtrl.sv:2611)
[EFX-0011 VERI-WARNING] actual bit length ** differs from formal bit length *** for port '**' (VERI-1330) (D:/Efinity_Project/Efinity_Project/Ti60F225_OV5640_Face_Reproduction\ip/DdrCtrl\DdrCtrl.sv:2496)
[EFX-0011 VERI-WARNING] port '**' remains unconnected for this instance (VERI-1927) (D:/Efinity_Project/Efinity_Project/Ti60F225_OV5640_Face_Reproduction\ip/DdrCtrl\DdrCtrl.sv:590)
[EFX-0011 VERI-WARNING] actual bit length ** differs from formal bit length *** for port '**' (VERI-1330) (D:/Efinity_Project/Efinity_Project/Ti60F225_OV5640_Face_Reproduction\ip/DdrCtrl\DdrCtrl.sv:590)
[EFX-0011 VERI-WARNING] port '**' remains unconnected for this instance (VERI-1927) (D:/Efinity_Project/Efinity_Project/Ti60F225_OV5640_Face_Reproduction\ip/DdrCtrl\DdrCtrl.sv:1460)
[EFX-0011 VERI-WARNING] port '**' remains unconnected for this instance (VERI-1927) (D:/Efinity_Project/Efinity_Project/Ti60F225_OV5640_Face_Reproduction\ip/DdrCtrl\DdrCtrl.sv:4817)
[EFX-0011 VERI-WARNING] actual bit length ** differs from formal bit length *** for port '**' (VERI-1330) (D:/Efinity_Project/Efinity_Project/Ti60F225_OV5640_Face_Reproduction\ip/DdrCtrl\DdrCtrl.sv:4817)
[EFX-0011 VERI-WARNING] input port '**' is not connected on this instance (VDB-1013) (D:/Efinity_Project/Efinity_Project/Ti60F225_OV5640_Face_Reproduction\ip/DdrCtrl\DdrCtrl.sv:4817)
[EFX-0011 VERI-WARNING] expression size ** truncated to fit in target size ** (VERI-1209) (D:/Efinity_Project/Efinity_Project/Ti60F225_OV5640_Face_Reproduction\ip/DdrCtrl\DdrCtrl.sv:1460)
[EFX-0011 VERI-WARNING] net '**' does not have a driver (VDB-1002) (D:/Efinity_Project/Efinity_Project/Ti60F225_OV5640_Face_Reproduction\ip/DdrCtrl\DdrCtrl.sv:1460)
[EFX-0011 VERI-WARNING] net '**' does not have a driver (VDB-1002) (D:/Efinity_Project/Efinity_Project/Ti60F225_OV5640_Face_Reproduction\ip/DdrCtrl\DdrCtrl.sv:590)
[EFX-0011 VERI-WARNING] input port '**' is not connected on this instance (VDB-1013) (D:/Efinity_Project/Efinity_Project/Ti60F225_OV5640_Face_Reproduction\ip/DdrCtrl\DdrCtrl.sv:590)
[EFX-0011 VERI-WARNING] input port '**' is not connected on this instance (VDB-1013) (D:/Efinity_Project/Efinity_Project/Ti60F225_OV5640_Face_Reproduction\ip/DdrCtrl\DdrCtrl.sv:2496)
[EFX-0011 VERI-WARNING] input port 'wr_data[127]' is not connected on this instance (VDB-1013) (D:/Efinity_Project/Efinity_Project/Ti60F225_OV5640_Face_Reproduction\ip/DdrCtrl\DdrCtrl.sv:117)
[EFX-0011 VERI-WARNING] actual bit length 4 differs from formal bit length 8 for port 'axi_aid' (VERI-1330) (D:\Efinity_Project\Efinity_Project\Ti60F225_OV5640_Face_Reproduction\example_top.v:579)
[EFX-0011 VERI-WARNING] actual bit length 4 differs from formal bit length 8 for port 'axi_wid' (VERI-1330) (D:\Efinity_Project\Efinity_Project\Ti60F225_OV5640_Face_Reproduction\example_top.v:586)
[EFX-0011 VERI-WARNING] actual bit length 4 differs from formal bit length 8 for port 'axi_bid' (VERI-1330) (D:\Efinity_Project\Efinity_Project\Ti60F225_OV5640_Face_Reproduction\example_top.v:595)
[EFX-0011 VERI-WARNING] actual bit length 4 differs from formal bit length 8 for port 'axi_rid' (VERI-1330) (D:\Efinity_Project\Efinity_Project\Ti60F225_OV5640_Face_Reproduction\example_top.v:601)
[EFX-0011 VERI-WARNING] expression size 2 truncated to fit in target size 1 (VERI-1209) (D:\Efinity_Project\Efinity_Project\Ti60F225_OV5640_Face_Reproduction\src\axi\AXI4_AWARMux.v:90)
[EFX-0011 VERI-WARNING] expression size 3 truncated to fit in target size 2 (VERI-1209) (D:\Efinity_Project\Efinity_Project\Ti60F225_OV5640_Face_Reproduction\example_top.v:713)
[EFX-0011 VERI-WARNING] expression size 5 truncated to fit in target size 4 (VERI-1209) (D:\Efinity_Project\Efinity_Project\Ti60F225_OV5640_Face_Reproduction\example_top.v:714)
[EFX-0011 VERI-WARNING] actual bit length 64 differs from formal bit length 8 for port 'image_out_data' (VERI-1330) (D:\Efinity_Project\Efinity_Project\Ti60F225_OV5640_Face_Reproduction\example_top.v:861)
[EFX-0011 VERI-WARNING] expression size 32 truncated to fit in target size 16 (VERI-1209) (D:\Efinity_Project\Efinity_Project\Ti60F225_OV5640_Face_Reproduction\src\axi\axi4_ctrl.v:91)
[EFX-0011 VERI-WARNING] expression size 3 truncated to fit in target size 2 (VERI-1209) (D:\Efinity_Project\Efinity_Project\Ti60F225_OV5640_Face_Reproduction\src\axi\axi4_ctrl.v:113)
[EFX-0011 VERI-WARNING] expression size 3 truncated to fit in target size 2 (VERI-1209) (D:\Efinity_Project\Efinity_Project\Ti60F225_OV5640_Face_Reproduction\src\axi\axi4_ctrl.v:114)
[EFX-0011 VERI-WARNING] expression size 3 truncated to fit in target size 2 (VERI-1209) (D:\Efinity_Project\Efinity_Project\Ti60F225_OV5640_Face_Reproduction\src\axi\axi4_ctrl.v:196)
[EFX-0011 VERI-WARNING] expression size 2 truncated to fit in target size 1 (VERI-1209) (D:\Efinity_Project\Efinity_Project\Ti60F225_OV5640_Face_Reproduction\src\axi\axi4_ctrl.v:238)
[EFX-0011 VERI-WARNING] expression size 23 truncated to fit in target size 22 (VERI-1209) (D:\Efinity_Project\Efinity_Project\Ti60F225_OV5640_Face_Reproduction\src\axi\axi4_ctrl.v:257)
[EFX-0011 VERI-WARNING] port 'a_wr_rst_i' remains unconnected for this instance (VERI-1927) (D:/Efinity_Project/Efinity_Project/Ti60F225_OV5640_Face_Reproduction\ip/W0_FIFO_8\W0_FIFO_8.sv:116)
[EFX-0011 VERI-WARNING] expression size 32 truncated to fit in target size 14 (VERI-1209) (D:/Efinity_Project/Efinity_Project/Ti60F225_OV5640_Face_Reproduction\ip/W0_FIFO_8\W0_FIFO_8.sv:1251)
[EFX-0011 VERI-WARNING] expression size 32 truncated to fit in target size 10 (VERI-1209) (D:/Efinity_Project/Efinity_Project/Ti60F225_OV5640_Face_Reproduction\ip/W0_FIFO_8\W0_FIFO_8.sv:1252)
[EFX-0011 VERI-WARNING] input port 'a_wr_rst_i' is not connected on this instance (VDB-1013) (D:/Efinity_Project/Efinity_Project/Ti60F225_OV5640_Face_Reproduction\ip/W0_FIFO_8\W0_FIFO_8.sv:95)
[EFX-0011 VERI-WARNING] port 'a_wr_rst_i' remains unconnected for this instance (VERI-1927) (D:/Efinity_Project/Efinity_Project/Ti60F225_OV5640_Face_Reproduction\ip/R0_FIFO_16\R0_FIFO_16.sv:116)
[EFX-0011 VERI-WARNING] expression size 32 truncated to fit in target size 10 (VERI-1209) (D:/Efinity_Project/Efinity_Project/Ti60F225_OV5640_Face_Reproduction\ip/R0_FIFO_16\R0_FIFO_16.sv:1236)
[EFX-0011 VERI-WARNING] expression size 32 truncated to fit in target size 13 (VERI-1209) (D:/Efinity_Project/Efinity_Project/Ti60F225_OV5640_Face_Reproduction\ip/R0_FIFO_16\R0_FIFO_16.sv:1237)
[EFX-0011 VERI-WARNING] input port 'a_wr_rst_i' is not connected on this instance (VDB-1013) (D:/Efinity_Project/Efinity_Project/Ti60F225_OV5640_Face_Reproduction\ip/R0_FIFO_16\R0_FIFO_16.sv:95)
[EFX-0011 VERI-WARNING] expression size 17 truncated to fit in target size 16 (VERI-1209) (D:\Efinity_Project\Efinity_Project\Ti60F225_OV5640_Face_Reproduction\src\axi\axi4_ctrl.v:464)
[EFX-0011 VERI-WARNING] expression size 23 truncated to fit in target size 22 (VERI-1209) (D:\Efinity_Project\Efinity_Project\Ti60F225_OV5640_Face_Reproduction\src\axi\axi4_ctrl.v:574)
[EFX-0011 VERI-WARNING] actual bit length 32 differs from formal bit length 4 for port 'axi_bid' (VERI-1330) (D:\Efinity_Project\Efinity_Project\Ti60F225_OV5640_Face_Reproduction\example_top.v:934)
[EFX-0011 VERI-WARNING] actual bit length 32 differs from formal bit length 2 for port 'axi_bresp' (VERI-1330) (D:\Efinity_Project\Efinity_Project\Ti60F225_OV5640_Face_Reproduction\example_top.v:935)
[EFX-0011 VERI-WARNING] actual bit length 32 differs from formal bit length 1 for port 'axi_bvalid' (VERI-1330) (D:\Efinity_Project\Efinity_Project\Ti60F225_OV5640_Face_Reproduction\example_top.v:936)
[EFX-0011 VERI-WARNING] actual bit length 32 differs from formal bit length 2 for port 'axi_rresp' (VERI-1330) (D:\Efinity_Project\Efinity_Project\Ti60F225_OV5640_Face_Reproduction\example_top.v:946)
[EFX-0011 VERI-WARNING] actual bit length 64 differs from formal bit length 8 for port 'wframe_data' (VERI-1330) (D:\Efinity_Project\Efinity_Project\Ti60F225_OV5640_Face_Reproduction\example_top.v:954)
[EFX-0011 VERI-WARNING] actual bit length 8 differs from formal bit length 32 for port 'tp_o' (VERI-1330) (D:\Efinity_Project\Efinity_Project\Ti60F225_OV5640_Face_Reproduction\example_top.v:961)
[EFX-0011 VERI-WARNING] expression size 8 truncated to fit in target size 4 (VERI-1209) (D:\Efinity_Project\Efinity_Project\Ti60F225_OV5640_Face_Reproduction\example_top.v:963)
[EFX-0011 VERI-WARNING] expression size 14 truncated to fit in target size 12 (VERI-1209) (D:\Efinity_Project\Efinity_Project\Ti60F225_OV5640_Face_Reproduction\src\lcd_driver.v:145)
[EFX-0011 VERI-WARNING] actual bit length 24 differs from formal bit length 48 for port 'lcd_data' (VERI-1330) (D:\Efinity_Project\Efinity_Project\Ti60F225_OV5640_Face_Reproduction\example_top.v:1014)
[EFX-0011 VERI-WARNING] expression size 13 truncated to fit in target size 12 (VERI-1209) (D:\Efinity_Project\Efinity_Project\Ti60F225_OV5640_Face_Reproduction\src\vision\sobel3x3.v:94)
[EFX-0011 VERI-WARNING] expression size 13 truncated to fit in target size 12 (VERI-1209) (D:\Efinity_Project\Efinity_Project\Ti60F225_OV5640_Face_Reproduction\src\vision\sobel3x3.v:95)
[EFX-0011 VERI-WARNING] expression size 32 truncated to fit in target size 8 (VERI-1209) (D:\Efinity_Project\Efinity_Project\Ti60F225_OV5640_Face_Reproduction\src\face\face_reader_720p.v:22)
[EFX-0011 VERI-WARNING] actual bit length 10 differs from formal bit length 11 for port 'pixel_y' (VERI-1330) (D:\Efinity_Project\Efinity_Project\Ti60F225_OV5640_Face_Reproduction\example_top.v:1441)
[EFX-0011 VERI-WARNING] port 'rst_busy' remains unconnected for this instance (VERI-1927) (D:\Efinity_Project\Efinity_Project\Ti60F225_OV5640_Face_Reproduction\src\face\true_ccl.v:224)
[EFX-0011 VERI-WARNING] concatenation with an unsized literal will be treated as 32 bits (VERI-1320) (D:\Efinity_Project\Efinity_Project\Ti60F225_OV5640_Face_Reproduction\src\face\true_ccl.v:235)
[EFX-0011 VERI-WARNING] port 'rst_busy' remains unconnected for this instance (VERI-1927) (D:\Efinity_Project\Efinity_Project\Ti60F225_OV5640_Face_Reproduction\src\face\true_ccl.v:241)
[EFX-0011 VERI-WARNING] expression size 12 truncated to fit in target size 11 (VERI-1209) (D:\Efinity_Project\Efinity_Project\Ti60F225_OV5640_Face_Reproduction\src\face\true_ccl.v:75)
[EFX-0011 VERI-WARNING] latch inferred for net 'PreCombCur' (VERI-2580) (D:\Efinity_Project\Efinity_Project\Ti60F225_OV5640_Face_Reproduction\src\face\true_ccl.v:176)
[EFX-0011 VERI-WARNING] port 'a_wr_rst_i' remains unconnected for this instance (VERI-1927) (D:/Efinity_Project/Efinity_Project/Ti60F225_OV5640_Face_Reproduction\ip/FIFO36x512\FIFO36x512.sv:98)
[EFX-0011 VERI-WARNING] input port 'a_wr_rst_i' is not connected on this instance (VDB-1013) (D:/Efinity_Project/Efinity_Project/Ti60F225_OV5640_Face_Reproduction\ip/FIFO36x512\FIFO36x512.sv:86)
[EFX-0011 VERI-WARNING] actual bit length 32 differs from formal bit length 36 for port 'rdata' (VERI-1330) (D:\Efinity_Project\Efinity_Project\Ti60F225_OV5640_Face_Reproduction\src\face\true_ccl.v:221)
[EFX-0011 VERI-WARNING] actual bit length 66 differs from formal bit length 36 for port 'wdata' (VERI-1330) (D:\Efinity_Project\Efinity_Project\Ti60F225_OV5640_Face_Reproduction\src\face\true_ccl.v:235)
[EFX-0011 VERI-WARNING] actual bit length 34 differs from formal bit length 36 for port 'rdata' (VERI-1330) (D:\Efinity_Project\Efinity_Project\Ti60F225_OV5640_Face_Reproduction\src\face\true_ccl.v:238)
[EFX-0011 VERI-WARNING] port 'addr' is not connected on this instance (VERI-2435) (D:/Efinity_Project/Efinity_Project/Ti60F225_OV5640_Face_Reproduction\ip/BlockRam90x1024\BlockRam90x1024.v:144)
[EFX-0011 VERI-WARNING] expression size 32 truncated to fit in target size 1 (VERI-1209) (D:/Efinity_Project/Efinity_Project/Ti60F225_OV5640_Face_Reproduction\ip/BlockRam90x1024\BlockRam90x1024.v:1091)
[EFX-0011 VERI-WARNING] expression size 32 truncated to fit in target size 1 (VERI-1209) (D:/Efinity_Project/Efinity_Project/Ti60F225_OV5640_Face_Reproduction\ip/BlockRam90x1024\BlockRam90x1024.v:1092)
[EFX-0011 VERI-WARNING] expression size 32 truncated to fit in target size 1 (VERI-1209) (D:/Efinity_Project/Efinity_Project/Ti60F225_OV5640_Face_Reproduction\ip/BlockRam90x1024\BlockRam90x1024.v:1104)
[EFX-0011 VERI-WARNING] expression size 32 truncated to fit in target size 1 (VERI-1209) (D:/Efinity_Project/Efinity_Project/Ti60F225_OV5640_Face_Reproduction\ip/BlockRam90x1024\BlockRam90x1024.v:1105)
[EFX-0011 VERI-WARNING] expression size 32 truncated to fit in target size 1 (VERI-1209) (D:/Efinity_Project/Efinity_Project/Ti60F225_OV5640_Face_Reproduction\ip/BlockRam90x1024\BlockRam90x1024.v:1108)
[EFX-0011 VERI-WARNING] expression size 32 truncated to fit in target size 1 (VERI-1209) (D:/Efinity_Project/Efinity_Project/Ti60F225_OV5640_Face_Reproduction\ip/BlockRam90x1024\BlockRam90x1024.v:1109)
[EFX-0011 VERI-WARNING] input port 'addr[9]' is not connected on this instance (VDB-1013) (D:/Efinity_Project/Efinity_Project/Ti60F225_OV5640_Face_Reproduction\ip/BlockRam90x1024\BlockRam90x1024.v:133)
[EFX-0011 VERI-WARNING] input port 'clke' remains unconnected for this instance (VDB-1053) (D:/Efinity_Project/Efinity_Project/Ti60F225_OV5640_Face_Reproduction\ip/BlockRam90x1024\BlockRam90x1024.v:133)
[EFX-0011 VERI-WARNING] actual bit length 27 differs from formal bit length 26 for port 'Count' (VERI-1330) (D:\Efinity_Project\Efinity_Project\Ti60F225_OV5640_Face_Reproduction\src\face\streaming_connected_components.v:134)
[EFX-0011 VERI-WARNING] latch inferred for net 'dx0[10]' (VERI-2580) (D:\Efinity_Project\Efinity_Project\Ti60F225_OV5640_Face_Reproduction\src\face\bbox_overlay.v:192)
[EFX-0011 VERI-WARNING] actual bit length 32 differs from formal bit length 4 for port 'data_island_data' (VERI-1330) (D:\Efinity_Project\Efinity_Project\Ti60F225_OV5640_Face_Reproduction\src\hdmi_ip\rgb2dvi.v:50)
[EFX-0011 VERI-WARNING] actual bit length 4 differs from formal bit length 3 for port 'mode' (VERI-1330) (D:\Efinity_Project\Efinity_Project\Ti60F225_OV5640_Face_Reproduction\src\hdmi_ip\rgb2dvi.v:52)
[EFX-0011 VERI-WARNING] actual bit length 32 differs from formal bit length 4 for port 'data_island_data' (VERI-1330) (D:\Efinity_Project\Efinity_Project\Ti60F225_OV5640_Face_Reproduction\src\hdmi_ip\rgb2dvi.v:58)
[EFX-0011 VERI-WARNING] actual bit length 4 differs from formal bit length 3 for port 'mode' (VERI-1330) (D:\Efinity_Project\Efinity_Project\Ti60F225_OV5640_Face_Reproduction\src\hdmi_ip\rgb2dvi.v:60)
[EFX-0011 VERI-WARNING] actual bit length 32 differs from formal bit length 4 for port 'data_island_data' (VERI-1330) (D:\Efinity_Project\Efinity_Project\Ti60F225_OV5640_Face_Reproduction\src\hdmi_ip\rgb2dvi.v:66)
[EFX-0011 VERI-WARNING] actual bit length 4 differs from formal bit length 3 for port 'mode' (VERI-1330) (D:\Efinity_Project\Efinity_Project\Ti60F225_OV5640_Face_Reproduction\src\hdmi_ip\rgb2dvi.v:68)
[EFX-0011 VERI-WARNING] actual bit length 32 differs from formal bit length 1 for port 'oe_i' (VERI-1330) (D:\Efinity_Project\Efinity_Project\Ti60F225_OV5640_Face_Reproduction\example_top.v:1633)
[EFX-0011 VERI-WARNING] net 'w_dev_index_o[7]' does not have a driver (VDB-1002) (D:\Efinity_Project\Efinity_Project\Ti60F225_OV5640_Face_Reproduction\example_top.v:428)
[EFX-0011 VERI-WARNING] net 'w_dev_cmd_o[7]' does not have a driver (VDB-1002) (D:\Efinity_Project\Efinity_Project\Ti60F225_OV5640_Face_Reproduction\example_top.v:429)
[EFX-0011 VERI-WARNING] net 'w_dev_wdata_o[31]' does not have a driver (VDB-1002) (D:\Efinity_Project\Efinity_Project\Ti60F225_OV5640_Face_Reproduction\example_top.v:430)
[EFX-0011 VERI-WARNING] net 'w_dev_wvalid_o' does not have a driver (VDB-1002) (D:\Efinity_Project\Efinity_Project\Ti60F225_OV5640_Face_Reproduction\example_top.v:431)
[EFX-0011 VERI-WARNING] net 'w_spi_ssn_o' does not have a driver (VDB-1002) (D:\Efinity_Project\Efinity_Project\Ti60F225_OV5640_Face_Reproduction\example_top.v:435)
[EFX-0011 VERI-WARNING] net 'w_spi_data_o[3]' does not have a driver (VDB-1002) (D:\Efinity_Project\Efinity_Project\Ti60F225_OV5640_Face_Reproduction\example_top.v:436)
[EFX-0011 VERI-WARNING] net 'w_lcd_b_o[7]' does not have a driver (VDB-1002) (D:\Efinity_Project\Efinity_Project\Ti60F225_OV5640_Face_Reproduction\example_top.v:453)
[EFX-0011 VERI-WARNING] input port 'SerialClk' is not connected on this instance (VDB-1013) (D:\Efinity_Project\Efinity_Project\Ti60F225_OV5640_Face_Reproduction\example_top.v:1626)
[EFX-0256 WARNING] The primary output port 'csi_ctl0_o' wire 'csi_ctl0_o' is not driven.
[EFX-0256 WARNING] The primary output port 'csi_ctl1_o' wire 'csi_ctl1_o' is not driven.
[EFX-0256 WARNING] The primary output port 'csi_scl_o' wire 'csi_scl_o' is not driven.
[EFX-0256 WARNING] The primary output port 'csi_scl_oe' wire 'csi_scl_oe' is not driven.
[EFX-0256 WARNING] The primary output port 'csi_sda_o' wire 'csi_sda_o' is not driven.
[EFX-0256 WARNING] The primary output port 'csi_sda_oe' wire 'csi_sda_oe' is not driven.
[EFX-0256 WARNING] The primary output port 'csi_rxc_hs_en_o' wire 'csi_rxc_hs_en_o' is not driven.
[EFX-0256 WARNING] The primary output port 'csi_rxc_hs_term_en_o' wire 'csi_rxc_hs_term_en_o' is not driven.
[EFX-0256 WARNING] The primary output port 'csi_rxd0_rst_o' wire 'csi_rxd0_rst_o' is not driven.
[EFX-0256 WARNING] The primary output port 'csi_rxd0_hs_en_o' wire 'csi_rxd0_hs_en_o' is not driven.
[EFX-0256 WARNING] The primary output port 'csi_rxd0_hs_term_en_o' wire 'csi_rxd0_hs_term_en_o' is not driven.
[EFX-0256 WARNING] The primary output port 'csi_rxd1_rst_o' wire 'csi_rxd1_rst_o' is not driven.
[EFX-0256 WARNING] The primary output port 'csi_rxd1_hs_en_o' wire 'csi_rxd1_hs_en_o' is not driven.
[EFX-0256 WARNING] The primary output port 'csi_rxd1_hs_term_en_o' wire 'csi_rxd1_hs_term_en_o' is not driven.
[EFX-0256 WARNING] The primary output port 'csi_rxd2_rst_o' wire 'csi_rxd2_rst_o' is not driven.
[EFX-0256 WARNING] The primary output port 'csi_rxd2_hs_en_o' wire 'csi_rxd2_hs_en_o' is not driven.
[EFX-0256 WARNING] The primary output port 'csi_rxd2_hs_term_en_o' wire 'csi_rxd2_hs_term_en_o' is not driven.
[EFX-0256 WARNING] The primary output port 'csi_rxd3_rst_o' wire 'csi_rxd3_rst_o' is not driven.
[EFX-0256 WARNING] The primary output port 'csi_rxd3_hs_en_o' wire 'csi_rxd3_hs_en_o' is not driven.
[EFX-0256 WARNING] The primary output port 'csi_rxd3_hs_term_en_o' wire 'csi_rxd3_hs_term_en_o' is not driven.
[EFX-0256 WARNING] The primary output port 'dsi_txc_rst_o' wire 'dsi_txc_rst_o' is not driven.
[EFX-0256 WARNING] The primary output port 'dsi_txc_lp_p_oe' wire 'dsi_txc_lp_p_oe' is not driven.
[EFX-0256 WARNING] The primary output port 'dsi_txc_lp_p_o' wire 'dsi_txc_lp_p_o' is not driven.
[EFX-0256 WARNING] The primary output port 'dsi_txc_lp_n_oe' wire 'dsi_txc_lp_n_oe' is not driven.
[EFX-0256 WARNING] The primary output port 'dsi_txc_lp_n_o' wire 'dsi_txc_lp_n_o' is not driven.
[EFX-0256 WARNING] The primary output port 'dsi_txc_hs_oe' wire 'dsi_txc_hs_oe' is not driven.
[EFX-0256 WARNING] The primary output port 'dsi_txc_hs_o[7]' wire 'dsi_txc_hs_o[7]' is not driven.
[EFX-0256 WARNING] The primary output port 'dsi_txc_hs_o[6]' wire 'dsi_txc_hs_o[6]' is not driven.
[EFX-0256 WARNING] The primary output port 'dsi_txc_hs_o[5]' wire 'dsi_txc_hs_o[5]' is not driven.
[EFX-0256 WARNING] The primary output port 'dsi_txc_hs_o[4]' wire 'dsi_txc_hs_o[4]' is not driven.
[EFX-0256 WARNING] The primary output port 'dsi_txc_hs_o[3]' wire 'dsi_txc_hs_o[3]' is not driven.
[EFX-0256 WARNING] The primary output port 'dsi_txc_hs_o[2]' wire 'dsi_txc_hs_o[2]' is not driven.
[EFX-0256 WARNING] The primary output port 'dsi_txc_hs_o[1]' wire 'dsi_txc_hs_o[1]' is not driven.
[EFX-0256 WARNING] The primary output port 'dsi_txc_hs_o[0]' wire 'dsi_txc_hs_o[0]' is not driven.
[EFX-0256 WARNING] The primary output port 'dsi_txd0_rst_o' wire 'dsi_txd0_rst_o' is not driven.
[EFX-0256 WARNING] The primary output port 'dsi_txd0_hs_oe' wire 'dsi_txd0_hs_oe' is not driven.
[EFX-0256 WARNING] The primary output port 'dsi_txd0_hs_o[7]' wire 'dsi_txd0_hs_o[7]' is not driven.
[EFX-0256 WARNING] The primary output port 'dsi_txd0_hs_o[6]' wire 'dsi_txd0_hs_o[6]' is not driven.
[EFX-0256 WARNING] The primary output port 'dsi_txd0_hs_o[5]' wire 'dsi_txd0_hs_o[5]' is not driven.
[EFX-0256 WARNING] The primary output port 'dsi_txd0_hs_o[4]' wire 'dsi_txd0_hs_o[4]' is not driven.
[EFX-0256 WARNING] The primary output port 'dsi_txd0_hs_o[3]' wire 'dsi_txd0_hs_o[3]' is not driven.
[EFX-0256 WARNING] The primary output port 'dsi_txd0_hs_o[2]' wire 'dsi_txd0_hs_o[2]' is not driven.
[EFX-0256 WARNING] The primary output port 'dsi_txd0_hs_o[1]' wire 'dsi_txd0_hs_o[1]' is not driven.
[EFX-0256 WARNING] The primary output port 'dsi_txd0_hs_o[0]' wire 'dsi_txd0_hs_o[0]' is not driven.
[EFX-0256 WARNING] The primary output port 'dsi_txd0_lp_p_oe' wire 'dsi_txd0_lp_p_oe' is not driven.
[EFX-0256 WARNING] The primary output port 'dsi_txd0_lp_p_o' wire 'dsi_txd0_lp_p_o' is not driven.
[EFX-0256 WARNING] The primary output port 'dsi_txd0_lp_n_oe' wire 'dsi_txd0_lp_n_oe' is not driven.
[EFX-0256 WARNING] The primary output port 'dsi_txd0_lp_n_o' wire 'dsi_txd0_lp_n_o' is not driven.
[EFX-0256 WARNING] The primary output port 'dsi_txd1_rst_o' wire 'dsi_txd1_rst_o' is not driven.
[EFX-0256 WARNING] The primary output port 'dsi_txd1_lp_p_oe' wire 'dsi_txd1_lp_p_oe' is not driven.
[EFX-0256 WARNING] The primary output port 'dsi_txd1_lp_p_o' wire 'dsi_txd1_lp_p_o' is not driven.
[EFX-0256 WARNING] The primary output port 'dsi_txd1_lp_n_oe' wire 'dsi_txd1_lp_n_oe' is not driven.
[EFX-0256 WARNING] The primary output port 'dsi_txd1_lp_n_o' wire 'dsi_txd1_lp_n_o' is not driven.
[EFX-0256 WARNING] The primary output port 'dsi_txd1_hs_oe' wire 'dsi_txd1_hs_oe' is not driven.
[EFX-0256 WARNING] The primary output port 'dsi_txd1_hs_o[7]' wire 'dsi_txd1_hs_o[7]' is not driven.
[EFX-0256 WARNING] The primary output port 'dsi_txd1_hs_o[6]' wire 'dsi_txd1_hs_o[6]' is not driven.
[EFX-0256 WARNING] The primary output port 'dsi_txd1_hs_o[5]' wire 'dsi_txd1_hs_o[5]' is not driven.
[EFX-0256 WARNING] The primary output port 'dsi_txd1_hs_o[4]' wire 'dsi_txd1_hs_o[4]' is not driven.
[EFX-0256 WARNING] The primary output port 'dsi_txd1_hs_o[3]' wire 'dsi_txd1_hs_o[3]' is not driven.
[EFX-0256 WARNING] The primary output port 'dsi_txd1_hs_o[2]' wire 'dsi_txd1_hs_o[2]' is not driven.
[EFX-0256 WARNING] The primary output port 'dsi_txd1_hs_o[1]' wire 'dsi_txd1_hs_o[1]' is not driven.
[EFX-0256 WARNING] The primary output port 'dsi_txd1_hs_o[0]' wire 'dsi_txd1_hs_o[0]' is not driven.
[EFX-0256 WARNING] The primary output port 'dsi_txd2_rst_o' wire 'dsi_txd2_rst_o' is not driven.
[EFX-0256 WARNING] The primary output port 'dsi_txd2_lp_p_oe' wire 'dsi_txd2_lp_p_oe' is not driven.
[EFX-0256 WARNING] The primary output port 'dsi_txd2_lp_p_o' wire 'dsi_txd2_lp_p_o' is not driven.
[EFX-0256 WARNING] The primary output port 'dsi_txd2_lp_n_oe' wire 'dsi_txd2_lp_n_oe' is not driven.
[EFX-0256 WARNING] The primary output port 'dsi_txd2_lp_n_o' wire 'dsi_txd2_lp_n_o' is not driven.
[EFX-0256 WARNING] The primary output port 'dsi_txd2_hs_oe' wire 'dsi_txd2_hs_oe' is not driven.
[EFX-0256 WARNING] The primary output port 'dsi_txd2_hs_o[7]' wire 'dsi_txd2_hs_o[7]' is not driven.
[EFX-0256 WARNING] The primary output port 'dsi_txd2_hs_o[6]' wire 'dsi_txd2_hs_o[6]' is not driven.
[EFX-0256 WARNING] The primary output port 'dsi_txd2_hs_o[5]' wire 'dsi_txd2_hs_o[5]' is not driven.
[EFX-0256 WARNING] The primary output port 'dsi_txd2_hs_o[4]' wire 'dsi_txd2_hs_o[4]' is not driven.
[EFX-0256 WARNING] The primary output port 'dsi_txd2_hs_o[3]' wire 'dsi_txd2_hs_o[3]' is not driven.
[EFX-0256 WARNING] The primary output port 'dsi_txd2_hs_o[2]' wire 'dsi_txd2_hs_o[2]' is not driven.
[EFX-0256 WARNING] The primary output port 'dsi_txd2_hs_o[1]' wire 'dsi_txd2_hs_o[1]' is not driven.
[EFX-0256 WARNING] The primary output port 'dsi_txd2_hs_o[0]' wire 'dsi_txd2_hs_o[0]' is not driven.
[EFX-0256 WARNING] The primary output port 'dsi_txd3_rst_o' wire 'dsi_txd3_rst_o' is not driven.
[EFX-0256 WARNING] The primary output port 'dsi_txd3_lp_p_oe' wire 'dsi_txd3_lp_p_oe' is not driven.
[EFX-0256 WARNING] The primary output port 'dsi_txd3_lp_p_o' wire 'dsi_txd3_lp_p_o' is not driven.
[EFX-0256 WARNING] The primary output port 'dsi_txd3_lp_n_oe' wire 'dsi_txd3_lp_n_oe' is not driven.
[EFX-0256 WARNING] The primary output port 'dsi_txd3_lp_n_o' wire 'dsi_txd3_lp_n_o' is not driven.
[EFX-0256 WARNING] The primary output port 'dsi_txd3_hs_oe' wire 'dsi_txd3_hs_oe' is not driven.
[EFX-0256 WARNING] The primary output port 'dsi_txd3_hs_o[7]' wire 'dsi_txd3_hs_o[7]' is not driven.
[EFX-0256 WARNING] The primary output port 'dsi_txd3_hs_o[6]' wire 'dsi_txd3_hs_o[6]' is not driven.
[EFX-0256 WARNING] The primary output port 'dsi_txd3_hs_o[5]' wire 'dsi_txd3_hs_o[5]' is not driven.
[EFX-0256 WARNING] The primary output port 'dsi_txd3_hs_o[4]' wire 'dsi_txd3_hs_o[4]' is not driven.
[EFX-0256 WARNING] The primary output port 'dsi_txd3_hs_o[3]' wire 'dsi_txd3_hs_o[3]' is not driven.
[EFX-0256 WARNING] The primary output port 'dsi_txd3_hs_o[2]' wire 'dsi_txd3_hs_o[2]' is not driven.
[EFX-0256 WARNING] The primary output port 'dsi_txd3_hs_o[1]' wire 'dsi_txd3_hs_o[1]' is not driven.
[EFX-0256 WARNING] The primary output port 'dsi_txd3_hs_o[0]' wire 'dsi_txd3_hs_o[0]' is not driven.
[EFX-0256 WARNING] The primary output port 'uart_tx_o' wire 'uart_tx_o' is not driven.
[EFX-0256 WARNING] The primary output port 'led_o[4]' wire 'led_o[4]' is not driven.
[EFX-0256 WARNING] The primary output port 'lvds_txc_oe' wire 'lvds_txc_oe' is not driven.
[EFX-0256 WARNING] The primary output port 'lvds_txc_o[6]' wire 'lvds_txc_o[6]' is not driven.
[EFX-0256 WARNING] The primary output port 'lvds_txc_o[5]' wire 'lvds_txc_o[5]' is not driven.
[EFX-0256 WARNING] The primary output port 'lvds_txc_o[4]' wire 'lvds_txc_o[4]' is not driven.
[EFX-0256 WARNING] The primary output port 'lvds_txc_o[3]' wire 'lvds_txc_o[3]' is not driven.
[EFX-0256 WARNING] The primary output port 'lvds_txc_o[2]' wire 'lvds_txc_o[2]' is not driven.
[EFX-0256 WARNING] The primary output port 'lvds_txc_o[1]' wire 'lvds_txc_o[1]' is not driven.
[EFX-0256 WARNING] The primary output port 'lvds_txc_o[0]' wire 'lvds_txc_o[0]' is not driven.
[EFX-0256 WARNING] The primary output port 'lvds_txc_rst_o' wire 'lvds_txc_rst_o' is not driven.
[EFX-0256 WARNING] The primary output port 'lvds_txd0_oe' wire 'lvds_txd0_oe' is not driven.
[EFX-0256 WARNING] The primary output port 'lvds_txd0_o[6]' wire 'lvds_txd0_o[6]' is not driven.
[EFX-0256 WARNING] The primary output port 'lvds_txd0_o[5]' wire 'lvds_txd0_o[5]' is not driven.
[EFX-0256 WARNING] The primary output port 'lvds_txd0_o[4]' wire 'lvds_txd0_o[4]' is not driven.
[EFX-0256 WARNING] The primary output port 'lvds_txd0_o[3]' wire 'lvds_txd0_o[3]' is not driven.
[EFX-0256 WARNING] The primary output port 'lvds_txd0_o[2]' wire 'lvds_txd0_o[2]' is not driven.
[EFX-0256 WARNING] The primary output port 'lvds_txd0_o[1]' wire 'lvds_txd0_o[1]' is not driven.
[EFX-0256 WARNING] The primary output port 'lvds_txd0_o[0]' wire 'lvds_txd0_o[0]' is not driven.
[EFX-0256 WARNING] The primary output port 'lvds_txd0_rst_o' wire 'lvds_txd0_rst_o' is not driven.
[EFX-0256 WARNING] The primary output port 'lvds_txd1_oe' wire 'lvds_txd1_oe' is not driven.
[EFX-0256 WARNING] The primary output port 'lvds_txd1_o[6]' wire 'lvds_txd1_o[6]' is not driven.
[EFX-0256 WARNING] The primary output port 'lvds_txd1_o[5]' wire 'lvds_txd1_o[5]' is not driven.
[EFX-0256 WARNING] The primary output port 'lvds_txd1_o[4]' wire 'lvds_txd1_o[4]' is not driven.
[EFX-0256 WARNING] The primary output port 'lvds_txd1_o[3]' wire 'lvds_txd1_o[3]' is not driven.
[EFX-0256 WARNING] The primary output port 'lvds_txd1_o[2]' wire 'lvds_txd1_o[2]' is not driven.
[EFX-0256 WARNING] The primary output port 'lvds_txd1_o[1]' wire 'lvds_txd1_o[1]' is not driven.
[EFX-0256 WARNING] The primary output port 'lvds_txd1_o[0]' wire 'lvds_txd1_o[0]' is not driven.
[EFX-0256 WARNING] The primary output port 'lvds_txd1_rst_o' wire 'lvds_txd1_rst_o' is not driven.
[EFX-0256 WARNING] The primary output port 'lvds_txd2_oe' wire 'lvds_txd2_oe' is not driven.
[EFX-0256 WARNING] The primary output port 'lvds_txd2_o[6]' wire 'lvds_txd2_o[6]' is not driven.
[EFX-0256 WARNING] The primary output port 'lvds_txd2_o[5]' wire 'lvds_txd2_o[5]' is not driven.
[EFX-0256 WARNING] The primary output port 'lvds_txd2_o[4]' wire 'lvds_txd2_o[4]' is not driven.
[EFX-0256 WARNING] The primary output port 'lvds_txd2_o[3]' wire 'lvds_txd2_o[3]' is not driven.
[EFX-0256 WARNING] The primary output port 'lvds_txd2_o[2]' wire 'lvds_txd2_o[2]' is not driven.
[EFX-0256 WARNING] The primary output port 'lvds_txd2_o[1]' wire 'lvds_txd2_o[1]' is not driven.
[EFX-0256 WARNING] The primary output port 'lvds_txd2_o[0]' wire 'lvds_txd2_o[0]' is not driven.
[EFX-0256 WARNING] The primary output port 'lvds_txd2_rst_o' wire 'lvds_txd2_rst_o' is not driven.
[EFX-0256 WARNING] The primary output port 'lvds_txd3_oe' wire 'lvds_txd3_oe' is not driven.
[EFX-0256 WARNING] The primary output port 'lvds_txd3_o[6]' wire 'lvds_txd3_o[6]' is not driven.
[EFX-0256 WARNING] The primary output port 'lvds_txd3_o[5]' wire 'lvds_txd3_o[5]' is not driven.
[EFX-0256 WARNING] The primary output port 'lvds_txd3_o[4]' wire 'lvds_txd3_o[4]' is not driven.
[EFX-0256 WARNING] The primary output port 'lvds_txd3_o[3]' wire 'lvds_txd3_o[3]' is not driven.
[EFX-0256 WARNING] The primary output port 'lvds_txd3_o[2]' wire 'lvds_txd3_o[2]' is not driven.
[EFX-0256 WARNING] The primary output port 'lvds_txd3_o[1]' wire 'lvds_txd3_o[1]' is not driven.
[EFX-0256 WARNING] The primary output port 'lvds_txd3_o[0]' wire 'lvds_txd3_o[0]' is not driven.
[EFX-0256 WARNING] The primary output port 'lvds_txd3_rst_o' wire 'lvds_txd3_rst_o' is not driven.
[EFX-0256 WARNING] The primary output port 'lcd_tp_sda_o' wire 'lcd_tp_sda_o' is not driven.
[EFX-0256 WARNING] The primary output port 'lcd_tp_sda_oe' wire 'lcd_tp_sda_oe' is not driven.
[EFX-0256 WARNING] The primary output port 'lcd_tp_scl_o' wire 'lcd_tp_scl_o' is not driven.
[EFX-0256 WARNING] The primary output port 'lcd_tp_scl_oe' wire 'lcd_tp_scl_oe' is not driven.
[EFX-0256 WARNING] The primary output port 'lcd_tp_int_o' wire 'lcd_tp_int_o' is not driven.
[EFX-0256 WARNING] The primary output port 'lcd_tp_int_oe' wire 'lcd_tp_int_oe' is not driven.
[EFX-0256 WARNING] The primary output port 'lcd_tp_rst_o' wire 'lcd_tp_rst_o' is not driven.
[EFX-0256 WARNING] The primary output port 'lcd_pwm_o' wire 'lcd_pwm_o' is not driven.
[EFX-0256 WARNING] The primary output port 'lcd_blen_o' wire 'lcd_blen_o' is not driven.
[EFX-0256 WARNING] The primary output port 'lcd_vs_o' wire 'lcd_vs_o' is not driven.
[EFX-0256 WARNING] The primary output port 'lcd_hs_o' wire 'lcd_hs_o' is not driven.
[EFX-0256 WARNING] The primary output port 'lcd_de_o' wire 'lcd_de_o' is not driven.
[EFX-0200 WARNING] Removing redundant signal : Shift_Q7_Out[4][7]. (D:/Efinity_Project/Efinity_Project/Ti60F225_OV5640_Face_Reproduction\ip/DdrCtrl\DdrCtrl.sv:2611)
[EFX-0200 WARNING] Removing redundant signal : Shift_Q7_Out[4][6]. (D:/Efinity_Project/Efinity_Project/Ti60F225_OV5640_Face_Reproduction\ip/DdrCtrl\DdrCtrl.sv:2611)
[EFX-0200 WARNING] Removing redundant signal : Shift_Q7_Out[4][5]. (D:/Efinity_Project/Efinity_Project/Ti60F225_OV5640_Face_Reproduction\ip/DdrCtrl\DdrCtrl.sv:2611)
[EFX-0200 WARNING] Removing redundant signal : Shift_Q7_Out[4][4]. (D:/Efinity_Project/Efinity_Project/Ti60F225_OV5640_Face_Reproduction\ip/DdrCtrl\DdrCtrl.sv:2611)
[EFX-0200 WARNING] Removing redundant signal : Shift_Q7_Out[4][3]. (D:/Efinity_Project/Efinity_Project/Ti60F225_OV5640_Face_Reproduction\ip/DdrCtrl\DdrCtrl.sv:2611)
[EFX-0200 WARNING] Removing redundant signal : Shift_Q7_Out[4][2]. (D:/Efinity_Project/Efinity_Project/Ti60F225_OV5640_Face_Reproduction\ip/DdrCtrl\DdrCtrl.sv:2611)
[EFX-0200 WARNING] Removing redundant signal : Shift_Q7_Out[4][1]. (D:/Efinity_Project/Efinity_Project/Ti60F225_OV5640_Face_Reproduction\ip/DdrCtrl\DdrCtrl.sv:2611)
[EFX-0200 WARNING] Removing redundant signal : Shift_Q7_Out[4][0]. (D:/Efinity_Project/Efinity_Project/Ti60F225_OV5640_Face_Reproduction\ip/DdrCtrl\DdrCtrl.sv:2611)
[EFX-0200 WARNING] Removing redundant signal : Shift_Out[7]. (D:/Efinity_Project/Efinity_Project/Ti60F225_OV5640_Face_Reproduction\ip/DdrCtrl\DdrCtrl.sv:2611)
[EFX-0200 WARNING] Removing redundant signal : Shift_Out[6]. (D:/Efinity_Project/Efinity_Project/Ti60F225_OV5640_Face_Reproduction\ip/DdrCtrl\DdrCtrl.sv:2611)
[EFX-0200 WARNING] Removing redundant signal : Shift_Out[5]. (D:/Efinity_Project/Efinity_Project/Ti60F225_OV5640_Face_Reproduction\ip/DdrCtrl\DdrCtrl.sv:2611)
[EFX-0200 WARNING] Removing redundant signal : Shift_Out[4]. (D:/Efinity_Project/Efinity_Project/Ti60F225_OV5640_Face_Reproduction\ip/DdrCtrl\DdrCtrl.sv:2611)
[EFX-0200 WARNING] Removing redundant signal : Shift_Out[3]. (D:/Efinity_Project/Efinity_Project/Ti60F225_OV5640_Face_Reproduction\ip/DdrCtrl\DdrCtrl.sv:2611)
[EFX-0200 WARNING] Removing redundant signal : Shift_Out[2]. (D:/Efinity_Project/Efinity_Project/Ti60F225_OV5640_Face_Reproduction\ip/DdrCtrl\DdrCtrl.sv:2611)
[EFX-0200 WARNING] Removing redundant signal : Shift_Out[1]. (D:/Efinity_Project/Efinity_Project/Ti60F225_OV5640_Face_Reproduction\ip/DdrCtrl\DdrCtrl.sv:2611)
[EFX-0200 WARNING] Removing redundant signal : Shift_Out[0]. (D:/Efinity_Project/Efinity_Project/Ti60F225_OV5640_Face_Reproduction\ip/DdrCtrl\DdrCtrl.sv:2611)
[EFX-0200 WARNING] Removing redundant signal : Shift_Q7_Out[4][31]. (D:/Efinity_Project/Efinity_Project/Ti60F225_OV5640_Face_Reproduction\ip/DdrCtrl\DdrCtrl.sv:2611)
[EFX-0200 WARNING] Removing redundant signal : Shift_Q7_Out[4][30]. (D:/Efinity_Project/Efinity_Project/Ti60F225_OV5640_Face_Reproduction\ip/DdrCtrl\DdrCtrl.sv:2611)
[EFX-0200 WARNING] Removing redundant signal : Shift_Q7_Out[4][29]. (D:/Efinity_Project/Efinity_Project/Ti60F225_OV5640_Face_Reproduction\ip/DdrCtrl\DdrCtrl.sv:2611)
[EFX-0200 WARNING] Removing redundant signal : Shift_Q7_Out[4][28]. (D:/Efinity_Project/Efinity_Project/Ti60F225_OV5640_Face_Reproduction\ip/DdrCtrl\DdrCtrl.sv:2611)
[EFX-0201 WARNING] Re-wiring to GND non-driven net 'u_efx_fifo_top.a_rst_i'. (D:/Efinity_Project/Efinity_Project/Ti60F225_OV5640_Face_Reproduction\ip/DdrCtrl\DdrCtrl.sv:4817)
[EFX-0201 WARNING] Re-wiring to GND non-driven net 'u_efx_fifo_top.clk_i'. (D:/Efinity_Project/Efinity_Project/Ti60F225_OV5640_Face_Reproduction\ip/DdrCtrl\DdrCtrl.sv:4817)
[EFX-0201 WARNING] Re-wiring to GND non-driven net 'r_rd_fifo_wr_en_p[31]'. (D:/Efinity_Project/Efinity_Project/Ti60F225_OV5640_Face_Reproduction\ip/DdrCtrl\DdrCtrl.sv:1460)
[EFX-0201 WARNING] Re-wiring to GND non-driven net 'r_rd_fifo_wr_en_p[30]'. (D:/Efinity_Project/Efinity_Project/Ti60F225_OV5640_Face_Reproduction\ip/DdrCtrl\DdrCtrl.sv:1460)
[EFX-0201 WARNING] Re-wiring to GND non-driven net 'r_rd_fifo_wr_en_p[29]'. (D:/Efinity_Project/Efinity_Project/Ti60F225_OV5640_Face_Reproduction\ip/DdrCtrl\DdrCtrl.sv:1460)
[EFX-0201 WARNING] Re-wiring to GND non-driven net 'r_rd_fifo_wr_en_p[28]'. (D:/Efinity_Project/Efinity_Project/Ti60F225_OV5640_Face_Reproduction\ip/DdrCtrl\DdrCtrl.sv:1460)
[EFX-0201 WARNING] Re-wiring to GND non-driven net 'r_rd_fifo_wr_en_p[27]'. (D:/Efinity_Project/Efinity_Project/Ti60F225_OV5640_Face_Reproduction\ip/DdrCtrl\DdrCtrl.sv:1460)
[EFX-0201 WARNING] Re-wiring to GND non-driven net 'r_rd_fifo_wr_en_p[26]'. (D:/Efinity_Project/Efinity_Project/Ti60F225_OV5640_Face_Reproduction\ip/DdrCtrl\DdrCtrl.sv:1460)
[EFX-0201 WARNING] Re-wiring to GND non-driven net 'r_rd_fifo_wr_en_p[25]'. (D:/Efinity_Project/Efinity_Project/Ti60F225_OV5640_Face_Reproduction\ip/DdrCtrl\DdrCtrl.sv:1460)
[EFX-0201 WARNING] Re-wiring to GND non-driven net 'r_rd_fifo_wr_en_p[24]'. (D:/Efinity_Project/Efinity_Project/Ti60F225_OV5640_Face_Reproduction\ip/DdrCtrl\DdrCtrl.sv:1460)
[EFX-0657 WARNING] Mapping into logic memory block 'u_face_ccl/min_x_buf0' (704 bits) (D:\Efinity_Project\Efinity_Project\Ti60F225_OV5640_Face_Reproduction\src\face\streaming_connected_components.v:181) because it has async writer.
[EFX-0657 WARNING] Mapping into logic memory block 'u_face_ccl/max_x_buf0' (704 bits) (D:\Efinity_Project\Efinity_Project\Ti60F225_OV5640_Face_Reproduction\src\face\streaming_connected_components.v:181) because it has async writer.
[EFX-0657 WARNING] Mapping into logic memory block 'u_face_ccl/min_y_buf0' (640 bits) (D:\Efinity_Project\Efinity_Project\Ti60F225_OV5640_Face_Reproduction\src\face\streaming_connected_components.v:182) because it has async writer.
[EFX-0657 WARNING] Mapping into logic memory block 'u_face_ccl/max_y_buf0' (640 bits) (D:\Efinity_Project\Efinity_Project\Ti60F225_OV5640_Face_Reproduction\src\face\streaming_connected_components.v:182) because it has async writer.
[EFX-0657 WARNING] Mapping into logic memory block 'u_face_ccl/area_buf0' (1408 bits) (D:\Efinity_Project\Efinity_Project\Ti60F225_OV5640_Face_Reproduction\src\face\streaming_connected_components.v:183) because it has async writer.
[EFX-0657 WARNING] Mapping into logic memory block 'u_face_ccl/min_x_buf1' (704 bits) (D:\Efinity_Project\Efinity_Project\Ti60F225_OV5640_Face_Reproduction\src\face\streaming_connected_components.v:184) because it has async writer.
[EFX-0657 WARNING] Mapping into logic memory block 'u_face_ccl/max_x_buf1' (704 bits) (D:\Efinity_Project\Efinity_Project\Ti60F225_OV5640_Face_Reproduction\src\face\streaming_connected_components.v:184) because it has async writer.
[EFX-0657 WARNING] Mapping into logic memory block 'u_face_ccl/min_y_buf1' (640 bits) (D:\Efinity_Project\Efinity_Project\Ti60F225_OV5640_Face_Reproduction\src\face\streaming_connected_components.v:185) because it has async writer.
[EFX-0657 WARNING] Mapping into logic memory block 'u_face_ccl/max_y_buf1' (640 bits) (D:\Efinity_Project\Efinity_Project\Ti60F225_OV5640_Face_Reproduction\src\face\streaming_connected_components.v:185) because it has async writer.
[EFX-0657 WARNING] Mapping into logic memory block 'u_face_ccl/area_buf1' (1408 bits) (D:\Efinity_Project\Efinity_Project\Ti60F225_OV5640_Face_Reproduction\src\face\streaming_connected_components.v:186) because it has async writer.
[EFX-0657 WARNING] Mapping into logic memory block 'u_face_overlay/a_x0' (176 bits) (D:\Efinity_Project\Efinity_Project\Ti60F225_OV5640_Face_Reproduction\src\face\bbox_overlay.v:51) because it has async writer.
[EFX-0657 WARNING] Mapping into logic memory block 'u_face_overlay/a_x1' (176 bits) (D:\Efinity_Project\Efinity_Project\Ti60F225_OV5640_Face_Reproduction\src\face\bbox_overlay.v:52) because it has async writer.
[EFX-0657 WARNING] Mapping into logic memory block 'u_face_overlay/a_y0' (160 bits) (D:\Efinity_Project\Efinity_Project\Ti60F225_OV5640_Face_Reproduction\src\face\bbox_overlay.v:53) because it has async writer.
[EFX-0657 WARNING] Mapping into logic memory block 'u_face_overlay/a_y1' (160 bits) (D:\Efinity_Project\Efinity_Project\Ti60F225_OV5640_Face_Reproduction\src\face\bbox_overlay.v:54) because it has async writer.
[EFX-0657 WARNING] Mapping into logic memory block 'u_face_overlay/b_x0' (176 bits) (D:\Efinity_Project\Efinity_Project\Ti60F225_OV5640_Face_Reproduction\src\face\bbox_overlay.v:57) because it has async writer.
[EFX-0657 WARNING] Mapping into logic memory block 'u_face_overlay/b_x1' (176 bits) (D:\Efinity_Project\Efinity_Project\Ti60F225_OV5640_Face_Reproduction\src\face\bbox_overlay.v:58) because it has async writer.
[EFX-0657 WARNING] Mapping into logic memory block 'u_face_overlay/b_y0' (160 bits) (D:\Efinity_Project\Efinity_Project\Ti60F225_OV5640_Face_Reproduction\src\face\bbox_overlay.v:59) because it has async writer.
[EFX-0657 WARNING] Mapping into logic memory block 'u_face_overlay/b_y1' (160 bits) (D:\Efinity_Project\Efinity_Project\Ti60F225_OV5640_Face_Reproduction\src\face\bbox_overlay.v:60) because it has async writer.
[EFX-0011 VERI-WARNING] Input/inout port clk_24m is unconnected and will be removed. (VDB-8003) (D:\Efinity_Project\Efinity_Project\Ti60F225_OV5640_Face_Reproduction\example_top.v:11)
[EFX-0011 VERI-WARNING] Input/inout port clk_25m is unconnected and will be removed. (VDB-8003) (D:\Efinity_Project\Efinity_Project\Ti60F225_OV5640_Face_Reproduction\example_top.v:12)
[EFX-0011 VERI-WARNING] Input/inout port clk_pixel_2x is unconnected and will be removed. (VDB-8003) (D:\Efinity_Project\Efinity_Project\Ti60F225_OV5640_Face_Reproduction\example_top.v:21)
[EFX-0011 VERI-WARNING] Input/inout port clk_pixel_10x is unconnected and will be removed. (VDB-8003) (D:\Efinity_Project\Efinity_Project\Ti60F225_OV5640_Face_Reproduction\example_top.v:22)
[EFX-0011 VERI-WARNING] Input/inout port dsi_refclk_i is unconnected and will be removed. (VDB-8003) (D:\Efinity_Project\Efinity_Project\Ti60F225_OV5640_Face_Reproduction\example_top.v:30)
[EFX-0011 VERI-WARNING] Input/inout port dsi_byteclk_i is unconnected and will be removed. (VDB-8003) (D:\Efinity_Project\Efinity_Project\Ti60F225_OV5640_Face_Reproduction\example_top.v:31)
[EFX-0011 VERI-WARNING] Input/inout port dsi_serclk_i is unconnected and will be removed. (VDB-8003) (D:\Efinity_Project\Efinity_Project\Ti60F225_OV5640_Face_Reproduction\example_top.v:32)
[EFX-0011 VERI-WARNING] Input/inout port dsi_txcclk_i is unconnected and will be removed. (VDB-8003) (D:\Efinity_Project\Efinity_Project\Ti60F225_OV5640_Face_Reproduction\example_top.v:33)
[EFX-0011 VERI-WARNING] Input/inout port clk_lvds_1x is unconnected and will be removed. (VDB-8003) (D:\Efinity_Project\Efinity_Project\Ti60F225_OV5640_Face_Reproduction\example_top.v:60)
[EFX-0011 VERI-WARNING] Input/inout port clk_lvds_7x is unconnected and will be removed. (VDB-8003) (D:\Efinity_Project\Efinity_Project\Ti60F225_OV5640_Face_Reproduction\example_top.v:61)
[EFX-0011 VERI-WARNING] Input/inout port clk_27m is unconnected and will be removed. (VDB-8003) (D:\Efinity_Project\Efinity_Project\Ti60F225_OV5640_Face_Reproduction\example_top.v:62)
[EFX-0011 VERI-WARNING] Input/inout port clk_54m is unconnected and will be removed. (VDB-8003) (D:\Efinity_Project\Efinity_Project\Ti60F225_OV5640_Face_Reproduction\example_top.v:63)
[EFX-0011 VERI-WARNING] Input/inout port i_dqs_n_hi[1] is unconnected and will be removed. (VDB-8003) (D:\Efinity_Project\Efinity_Project\Ti60F225_OV5640_Face_Reproduction\example_top.v:97)
[EFX-0011 VERI-WARNING] Input/inout port i_dqs_n_lo[1] is unconnected and will be removed. (VDB-8003) (D:\Efinity_Project\Efinity_Project\Ti60F225_OV5640_Face_Reproduction\example_top.v:98)
[EFX-0011 VERI-WARNING] Input/inout port csi_ctl0_i is unconnected and will be removed. (VDB-8003) (D:\Efinity_Project\Efinity_Project\Ti60F225_OV5640_Face_Reproduction\example_top.v:121)
[EFX-0011 VERI-WARNING] Input/inout port csi_ctl1_i is unconnected and will be removed. (VDB-8003) (D:\Efinity_Project\Efinity_Project\Ti60F225_OV5640_Face_Reproduction\example_top.v:125)
[EFX-0011 VERI-WARNING] Input/inout port csi_scl_i is unconnected and will be removed. (VDB-8003) (D:\Efinity_Project\Efinity_Project\Ti60F225_OV5640_Face_Reproduction\example_top.v:129)
[EFX-0011 VERI-WARNING] Input/inout port csi_sda_i is unconnected and will be removed. (VDB-8003) (D:\Efinity_Project\Efinity_Project\Ti60F225_OV5640_Face_Reproduction\example_top.v:133)
[EFX-0011 VERI-WARNING] Input/inout port csi_rxc_lp_p_i is unconnected and will be removed. (VDB-8003) (D:\Efinity_Project\Efinity_Project\Ti60F225_OV5640_Face_Reproduction\example_top.v:136)
[EFX-0011 VERI-WARNING] Input/inout port csi_rxc_lp_n_i is unconnected and will be removed. (VDB-8003) (D:\Efinity_Project\Efinity_Project\Ti60F225_OV5640_Face_Reproduction\example_top.v:137)
[EFX-0011 VERI-WARNING] Input/inout port csi_rxc_i is unconnected and will be removed. (VDB-8003) (D:\Efinity_Project\Efinity_Project\Ti60F225_OV5640_Face_Reproduction\example_top.v:140)
[EFX-0011 VERI-WARNING] Input/inout port csi_rxd0_lp_p_i is unconnected and will be removed. (VDB-8003) (D:\Efinity_Project\Efinity_Project\Ti60F225_OV5640_Face_Reproduction\example_top.v:147)
[EFX-0011 VERI-WARNING] Input/inout port csi_rxd0_lp_n_i is unconnected and will be removed. (VDB-8003) (D:\Efinity_Project\Efinity_Project\Ti60F225_OV5640_Face_Reproduction\example_top.v:148)
[EFX-0011 VERI-WARNING] Input/inout port csi_rxd0_hs_i[7] is unconnected and will be removed. (VDB-8003) (D:\Efinity_Project\Efinity_Project\Ti60F225_OV5640_Face_Reproduction\example_top.v:149)
[EFX-0011 VERI-WARNING] Input/inout port csi_rxd1_lp_n_i is unconnected and will be removed. (VDB-8003) (D:\Efinity_Project\Efinity_Project\Ti60F225_OV5640_Face_Reproduction\example_top.v:156)
[EFX-0011 VERI-WARNING] Input/inout port csi_rxd1_lp_p_i is unconnected and will be removed. (VDB-8003) (D:\Efinity_Project\Efinity_Project\Ti60F225_OV5640_Face_Reproduction\example_top.v:157)
[EFX-0011 VERI-WARNING] Input/inout port csi_rxd1_hs_i[7] is unconnected and will be removed. (VDB-8003) (D:\Efinity_Project\Efinity_Project\Ti60F225_OV5640_Face_Reproduction\example_top.v:158)
[EFX-0011 VERI-WARNING] Input/inout port csi_rxd2_lp_p_i is unconnected and will be removed. (VDB-8003) (D:\Efinity_Project\Efinity_Project\Ti60F225_OV5640_Face_Reproduction\example_top.v:165)
[EFX-0011 VERI-WARNING] Input/inout port csi_rxd2_lp_n_i is unconnected and will be removed. (VDB-8003) (D:\Efinity_Project\Efinity_Project\Ti60F225_OV5640_Face_Reproduction\example_top.v:166)
[EFX-0011 VERI-WARNING] Input/inout port csi_rxd2_hs_i[7] is unconnected and will be removed. (VDB-8003) (D:\Efinity_Project\Efinity_Project\Ti60F225_OV5640_Face_Reproduction\example_top.v:167)
[EFX-0011 VERI-WARNING] Input/inout port csi_rxd3_lp_p_i is unconnected and will be removed. (VDB-8003) (D:\Efinity_Project\Efinity_Project\Ti60F225_OV5640_Face_Reproduction\example_top.v:174)
[EFX-0011 VERI-WARNING] Input/inout port csi_rxd3_lp_n_i is unconnected and will be removed. (VDB-8003) (D:\Efinity_Project\Efinity_Project\Ti60F225_OV5640_Face_Reproduction\example_top.v:175)
[EFX-0011 VERI-WARNING] Input/inout port csi_rxd3_hs_i[7] is unconnected and will be removed. (VDB-8003) (D:\Efinity_Project\Efinity_Project\Ti60F225_OV5640_Face_Reproduction\example_top.v:176)
[EFX-0011 VERI-WARNING] Input/inout port dsi_txd0_lp_p_i is unconnected and will be removed. (VDB-8003) (D:\Efinity_Project\Efinity_Project\Ti60F225_OV5640_Face_Reproduction\example_top.v:235)
[EFX-0011 VERI-WARNING] Input/inout port dsi_txd0_lp_n_i is unconnected and will be removed. (VDB-8003) (D:\Efinity_Project\Efinity_Project\Ti60F225_OV5640_Face_Reproduction\example_top.v:236)
[EFX-0011 VERI-WARNING] Input/inout port dsi_txd1_lp_p_i is unconnected and will be removed. (VDB-8003) (D:\Efinity_Project\Efinity_Project\Ti60F225_OV5640_Face_Reproduction\example_top.v:237)
[EFX-0011 VERI-WARNING] Input/inout port dsi_txd1_lp_n_i is unconnected and will be removed. (VDB-8003) (D:\Efinity_Project\Efinity_Project\Ti60F225_OV5640_Face_Reproduction\example_top.v:238)
[EFX-0011 VERI-WARNING] Input/inout port dsi_txd2_lp_p_i is unconnected and will be removed. (VDB-8003) (D:\Efinity_Project\Efinity_Project\Ti60F225_OV5640_Face_Reproduction\example_top.v:239)
[EFX-0011 VERI-WARNING] Input/inout port dsi_txd2_lp_n_i is unconnected and will be removed. (VDB-8003) (D:\Efinity_Project\Efinity_Project\Ti60F225_OV5640_Face_Reproduction\example_top.v:240)
[EFX-0011 VERI-WARNING] Input/inout port dsi_txd3_lp_p_i is unconnected and will be removed. (VDB-8003) (D:\Efinity_Project\Efinity_Project\Ti60F225_OV5640_Face_Reproduction\example_top.v:241)
[EFX-0011 VERI-WARNING] Input/inout port dsi_txd3_lp_n_i is unconnected and will be removed. (VDB-8003) (D:\Efinity_Project\Efinity_Project\Ti60F225_OV5640_Face_Reproduction\example_top.v:242)
[EFX-0011 VERI-WARNING] Input/inout port uart_rx_i is unconnected and will be removed. (VDB-8003) (D:\Efinity_Project\Efinity_Project\Ti60F225_OV5640_Face_Reproduction\example_top.v:247)
[EFX-0011 VERI-WARNING] Input/inout port cmos_sdat_IN is unconnected and will be removed. (VDB-8003) (D:\Efinity_Project\Efinity_Project\Ti60F225_OV5640_Face_Reproduction\example_top.v:257)
[EFX-0011 VERI-WARNING] Input/inout port cmos_ctl1_i is unconnected and will be removed. (VDB-8003) (D:\Efinity_Project\Efinity_Project\Ti60F225_OV5640_Face_Reproduction\example_top.v:269)
[EFX-0011 VERI-WARNING] Input/inout port cmos_ctl2_i is unconnected and will be removed. (VDB-8003) (D:\Efinity_Project\Efinity_Project\Ti60F225_OV5640_Face_Reproduction\example_top.v:272)
[EFX-0011 VERI-WARNING] Input/inout port cmos_ctl3_i is unconnected and will be removed. (VDB-8003) (D:\Efinity_Project\Efinity_Project\Ti60F225_OV5640_Face_Reproduction\example_top.v:275)
[EFX-0011 VERI-WARNING] Input/inout port lcd_tp_sda_i is unconnected and will be removed. (VDB-8003) (D:\Efinity_Project\Efinity_Project\Ti60F225_OV5640_Face_Reproduction\example_top.v:323)
[EFX-0011 VERI-WARNING] Input/inout port lcd_tp_scl_i is unconnected and will be removed. (VDB-8003) (D:\Efinity_Project\Efinity_Project\Ti60F225_OV5640_Face_Reproduction\example_top.v:327)
[EFX-0011 VERI-WARNING] Input/inout port lcd_tp_int_i is unconnected and will be removed. (VDB-8003) (D:\Efinity_Project\Efinity_Project\Ti60F225_OV5640_Face_Reproduction\example_top.v:331)
[EFX-0011 VERI-WARNING] Input/inout port lcd_b7_0_i[7] is unconnected and will be removed. (VDB-8003) (D:\Efinity_Project\Efinity_Project\Ti60F225_OV5640_Face_Reproduction\example_top.v:351)
[EFX-0011 VERI-WARNING] Input/inout port lcd_g7_0_i[7] is unconnected and will be removed. (VDB-8003) (D:\Efinity_Project\Efinity_Project\Ti60F225_OV5640_Face_Reproduction\example_top.v:352)
[EFX-0011 VERI-WARNING] Input/inout port lcd_r7_0_i[7] is unconnected and will be removed. (VDB-8003) (D:\Efinity_Project\Efinity_Project\Ti60F225_OV5640_Face_Reproduction\example_top.v:353)
[EFX-0011 VERI-WARNING] CE port of EFX_DSP48 instance u_face_bbox_filter/n379_pp_0x0 is permanently disabled (VDB-8002) 
[EFX-0011 VERI-WARNING] CE port of EFX_DSP48 instance u_face_bbox_filter/n620_pp_1x0 is permanently disabled (VDB-8002) 
[EFX-0011 VERI-WARNING] CE port of EFX_DSP48 instance u_face_bbox_filter/n620_pp_0x0 is permanently disabled (VDB-8002) 
[EFX-0011 VERI-WARNING] CE port of EFX_DSP48 instance u_face_bbox_filter/n379_pp_1x0 is permanently disabled (VDB-8002) 
[EFX-0011 VERI-WARNING] Found 107 warnings in the post-synthesis netlist. 

///////////////////////////////////
// Efinity Synthesis Started 
// Sep 21, 2026 23:15:35
///////////////////////////////////

[EFX-0011 VERI-WARNING] port 'cal_shift_val' remains unconnected for this instance (VERI-1927) (D:\Efinity_Project\Efinity_Project\Ti60F225_OV5640_Face_Reproduction\example_top.v:612)
[EFX-0011 VERI-WARNING] port 'axi_awid' remains unconnected for this instance (VERI-1927) (D:\Efinity_Project\Efinity_Project\Ti60F225_OV5640_Face_Reproduction\example_top.v:962)
[EFX-0011 VERI-WARNING] port 'th_high_i' remains unconnected for this instance (VERI-1927) (D:\Efinity_Project\Efinity_Project\Ti60F225_OV5640_Face_Reproduction\example_top.v:1274)
[EFX-0011 VERI-WARNING] port 'th_low_i' is not connected on this instance (VERI-2435) (D:\Efinity_Project\Efinity_Project\Ti60F225_OV5640_Face_Reproduction\example_top.v:1274)
[EFX-0011 VERI-WARNING] port 'TMDS_Clk_p' remains unconnected for this instance (VERI-1927) (D:\Efinity_Project\Efinity_Project\Ti60F225_OV5640_Face_Reproduction\example_top.v:1671)
[EFX-0011 VERI-WARNING] expression size 32 truncated to fit in target size 1 (VERI-1209) (D:\Efinity_Project\Efinity_Project\Ti60F225_OV5640_Face_Reproduction\example_top.v:443)
[EFX-0011 VERI-WARNING] port 'wr_busy' remains unconnected for this instance (VERI-1927) (D:/Efinity_Project/Efinity_Project/Ti60F225_OV5640_Face_Reproduction\ip/DdrCtrl\DdrCtrl.sv:184)
[EFX-0011 VERI-WARNING] port 'wr_data' is not connected on this instance (VERI-2435) (D:/Efinity_Project/Efinity_Project/Ti60F225_OV5640_Face_Reproduction\ip/DdrCtrl\DdrCtrl.sv:184)
[EFX-0011 VERI-WARNING] port '**' is not connected on this instance (VERI-2435) (D:/Efinity_Project/Efinity_Project/Ti60F225_OV5640_Face_Reproduction\ip/DdrCtrl\DdrCtrl.sv:2496)
[EFX-0011 VERI-WARNING] expression size ** truncated to fit in target size ** (VERI-1209) (D:/Efinity_Project/Efinity_Project/Ti60F225_OV5640_Face_Reproduction\ip/DdrCtrl\DdrCtrl.sv:2611)
[EFX-0011 VERI-WARNING] actual bit length ** differs from formal bit length *** for port '**' (VERI-1330) (D:/Efinity_Project/Efinity_Project/Ti60F225_OV5640_Face_Reproduction\ip/DdrCtrl\DdrCtrl.sv:2496)
[EFX-0011 VERI-WARNING] expression size ** truncated to fit in target size ** (VERI-1209) (D:/Efinity_Project/Efinity_Project/Ti60F225_OV5640_Face_Reproduction\ip/DdrCtrl\DdrCtrl.sv:2611)
[EFX-0011 VERI-WARNING] expression size ** truncated to fit in target size ** (VERI-1209) (D:/Efinity_Project/Efinity_Project/Ti60F225_OV5640_Face_Reproduction\ip/DdrCtrl\DdrCtrl.sv:2611)
[EFX-0011 VERI-WARNING] actual bit length ** differs from formal bit length *** for port '**' (VERI-1330) (D:/Efinity_Project/Efinity_Project/Ti60F225_OV5640_Face_Reproduction\ip/DdrCtrl\DdrCtrl.sv:2496)
[EFX-0011 VERI-WARNING] port '**' remains unconnected for this instance (VERI-1927) (D:/Efinity_Project/Efinity_Project/Ti60F225_OV5640_Face_Reproduction\ip/DdrCtrl\DdrCtrl.sv:590)
[EFX-0011 VERI-WARNING] actual bit length ** differs from formal bit length *** for port '**' (VERI-1330) (D:/Efinity_Project/Efinity_Project/Ti60F225_OV5640_Face_Reproduction\ip/DdrCtrl\DdrCtrl.sv:590)
[EFX-0011 VERI-WARNING] port '**' remains unconnected for this instance (VERI-1927) (D:/Efinity_Project/Efinity_Project/Ti60F225_OV5640_Face_Reproduction\ip/DdrCtrl\DdrCtrl.sv:1460)
[EFX-0011 VERI-WARNING] port '**' remains unconnected for this instance (VERI-1927) (D:/Efinity_Project/Efinity_Project/Ti60F225_OV5640_Face_Reproduction\ip/DdrCtrl\DdrCtrl.sv:4817)
[EFX-0011 VERI-WARNING] actual bit length ** differs from formal bit length *** for port '**' (VERI-1330) (D:/Efinity_Project/Efinity_Project/Ti60F225_OV5640_Face_Reproduction\ip/DdrCtrl\DdrCtrl.sv:4817)
[EFX-0011 VERI-WARNING] input port '**' is not connected on this instance (VDB-1013) (D:/Efinity_Project/Efinity_Project/Ti60F225_OV5640_Face_Reproduction\ip/DdrCtrl\DdrCtrl.sv:4817)
[EFX-0011 VERI-WARNING] expression size ** truncated to fit in target size ** (VERI-1209) (D:/Efinity_Project/Efinity_Project/Ti60F225_OV5640_Face_Reproduction\ip/DdrCtrl\DdrCtrl.sv:1460)
[EFX-0011 VERI-WARNING] net '**' does not have a driver (VDB-1002) (D:/Efinity_Project/Efinity_Project/Ti60F225_OV5640_Face_Reproduction\ip/DdrCtrl\DdrCtrl.sv:1460)
[EFX-0011 VERI-WARNING] net '**' does not have a driver (VDB-1002) (D:/Efinity_Project/Efinity_Project/Ti60F225_OV5640_Face_Reproduction\ip/DdrCtrl\DdrCtrl.sv:590)
[EFX-0011 VERI-WARNING] input port '**' is not connected on this instance (VDB-1013) (D:/Efinity_Project/Efinity_Project/Ti60F225_OV5640_Face_Reproduction\ip/DdrCtrl\DdrCtrl.sv:590)
[EFX-0011 VERI-WARNING] input port '**' is not connected on this instance (VDB-1013) (D:/Efinity_Project/Efinity_Project/Ti60F225_OV5640_Face_Reproduction\ip/DdrCtrl\DdrCtrl.sv:2496)
[EFX-0011 VERI-WARNING] input port 'wr_data[127]' is not connected on this instance (VDB-1013) (D:/Efinity_Project/Efinity_Project/Ti60F225_OV5640_Face_Reproduction\ip/DdrCtrl\DdrCtrl.sv:117)
[EFX-0011 VERI-WARNING] actual bit length 4 differs from formal bit length 8 for port 'axi_aid' (VERI-1330) (D:\Efinity_Project\Efinity_Project\Ti60F225_OV5640_Face_Reproduction\example_top.v:579)
[EFX-0011 VERI-WARNING] actual bit length 4 differs from formal bit length 8 for port 'axi_wid' (VERI-1330) (D:\Efinity_Project\Efinity_Project\Ti60F225_OV5640_Face_Reproduction\example_top.v:586)
[EFX-0011 VERI-WARNING] actual bit length 4 differs from formal bit length 8 for port 'axi_bid' (VERI-1330) (D:\Efinity_Project\Efinity_Project\Ti60F225_OV5640_Face_Reproduction\example_top.v:595)
[EFX-0011 VERI-WARNING] actual bit length 4 differs from formal bit length 8 for port 'axi_rid' (VERI-1330) (D:\Efinity_Project\Efinity_Project\Ti60F225_OV5640_Face_Reproduction\example_top.v:601)
[EFX-0011 VERI-WARNING] expression size 2 truncated to fit in target size 1 (VERI-1209) (D:\Efinity_Project\Efinity_Project\Ti60F225_OV5640_Face_Reproduction\src\axi\AXI4_AWARMux.v:90)
[EFX-0011 VERI-WARNING] expression size 3 truncated to fit in target size 2 (VERI-1209) (D:\Efinity_Project\Efinity_Project\Ti60F225_OV5640_Face_Reproduction\example_top.v:713)
[EFX-0011 VERI-WARNING] expression size 5 truncated to fit in target size 4 (VERI-1209) (D:\Efinity_Project\Efinity_Project\Ti60F225_OV5640_Face_Reproduction\example_top.v:714)
[EFX-0011 VERI-WARNING] actual bit length 64 differs from formal bit length 8 for port 'image_out_data' (VERI-1330) (D:\Efinity_Project\Efinity_Project\Ti60F225_OV5640_Face_Reproduction\example_top.v:861)
[EFX-0011 VERI-WARNING] expression size 32 truncated to fit in target size 16 (VERI-1209) (D:\Efinity_Project\Efinity_Project\Ti60F225_OV5640_Face_Reproduction\src\axi\axi4_ctrl.v:91)
[EFX-0011 VERI-WARNING] expression size 3 truncated to fit in target size 2 (VERI-1209) (D:\Efinity_Project\Efinity_Project\Ti60F225_OV5640_Face_Reproduction\src\axi\axi4_ctrl.v:113)
[EFX-0011 VERI-WARNING] expression size 3 truncated to fit in target size 2 (VERI-1209) (D:\Efinity_Project\Efinity_Project\Ti60F225_OV5640_Face_Reproduction\src\axi\axi4_ctrl.v:114)
[EFX-0011 VERI-WARNING] expression size 3 truncated to fit in target size 2 (VERI-1209) (D:\Efinity_Project\Efinity_Project\Ti60F225_OV5640_Face_Reproduction\src\axi\axi4_ctrl.v:196)
[EFX-0011 VERI-WARNING] expression size 2 truncated to fit in target size 1 (VERI-1209) (D:\Efinity_Project\Efinity_Project\Ti60F225_OV5640_Face_Reproduction\src\axi\axi4_ctrl.v:238)
[EFX-0011 VERI-WARNING] expression size 23 truncated to fit in target size 22 (VERI-1209) (D:\Efinity_Project\Efinity_Project\Ti60F225_OV5640_Face_Reproduction\src\axi\axi4_ctrl.v:257)
[EFX-0011 VERI-WARNING] port 'a_wr_rst_i' remains unconnected for this instance (VERI-1927) (D:/Efinity_Project/Efinity_Project/Ti60F225_OV5640_Face_Reproduction\ip/W0_FIFO_8\W0_FIFO_8.sv:116)
[EFX-0011 VERI-WARNING] expression size 32 truncated to fit in target size 14 (VERI-1209) (D:/Efinity_Project/Efinity_Project/Ti60F225_OV5640_Face_Reproduction\ip/W0_FIFO_8\W0_FIFO_8.sv:1251)
[EFX-0011 VERI-WARNING] expression size 32 truncated to fit in target size 10 (VERI-1209) (D:/Efinity_Project/Efinity_Project/Ti60F225_OV5640_Face_Reproduction\ip/W0_FIFO_8\W0_FIFO_8.sv:1252)
[EFX-0011 VERI-WARNING] input port 'a_wr_rst_i' is not connected on this instance (VDB-1013) (D:/Efinity_Project/Efinity_Project/Ti60F225_OV5640_Face_Reproduction\ip/W0_FIFO_8\W0_FIFO_8.sv:95)
[EFX-0011 VERI-WARNING] port 'a_wr_rst_i' remains unconnected for this instance (VERI-1927) (D:/Efinity_Project/Efinity_Project/Ti60F225_OV5640_Face_Reproduction\ip/R0_FIFO_16\R0_FIFO_16.sv:116)
[EFX-0011 VERI-WARNING] expression size 32 truncated to fit in target size 10 (VERI-1209) (D:/Efinity_Project/Efinity_Project/Ti60F225_OV5640_Face_Reproduction\ip/R0_FIFO_16\R0_FIFO_16.sv:1236)
[EFX-0011 VERI-WARNING] expression size 32 truncated to fit in target size 13 (VERI-1209) (D:/Efinity_Project/Efinity_Project/Ti60F225_OV5640_Face_Reproduction\ip/R0_FIFO_16\R0_FIFO_16.sv:1237)
[EFX-0011 VERI-WARNING] input port 'a_wr_rst_i' is not connected on this instance (VDB-1013) (D:/Efinity_Project/Efinity_Project/Ti60F225_OV5640_Face_Reproduction\ip/R0_FIFO_16\R0_FIFO_16.sv:95)
[EFX-0011 VERI-WARNING] expression size 17 truncated to fit in target size 16 (VERI-1209) (D:\Efinity_Project\Efinity_Project\Ti60F225_OV5640_Face_Reproduction\src\axi\axi4_ctrl.v:464)
[EFX-0011 VERI-WARNING] expression size 23 truncated to fit in target size 22 (VERI-1209) (D:\Efinity_Project\Efinity_Project\Ti60F225_OV5640_Face_Reproduction\src\axi\axi4_ctrl.v:574)
[EFX-0011 VERI-WARNING] actual bit length 32 differs from formal bit length 4 for port 'axi_bid' (VERI-1330) (D:\Efinity_Project\Efinity_Project\Ti60F225_OV5640_Face_Reproduction\example_top.v:934)
[EFX-0011 VERI-WARNING] actual bit length 32 differs from formal bit length 2 for port 'axi_bresp' (VERI-1330) (D:\Efinity_Project\Efinity_Project\Ti60F225_OV5640_Face_Reproduction\example_top.v:935)
[EFX-0011 VERI-WARNING] actual bit length 32 differs from formal bit length 1 for port 'axi_bvalid' (VERI-1330) (D:\Efinity_Project\Efinity_Project\Ti60F225_OV5640_Face_Reproduction\example_top.v:936)
[EFX-0011 VERI-WARNING] actual bit length 32 differs from formal bit length 2 for port 'axi_rresp' (VERI-1330) (D:\Efinity_Project\Efinity_Project\Ti60F225_OV5640_Face_Reproduction\example_top.v:946)
[EFX-0011 VERI-WARNING] actual bit length 64 differs from formal bit length 8 for port 'wframe_data' (VERI-1330) (D:\Efinity_Project\Efinity_Project\Ti60F225_OV5640_Face_Reproduction\example_top.v:954)
[EFX-0011 VERI-WARNING] actual bit length 8 differs from formal bit length 32 for port 'tp_o' (VERI-1330) (D:\Efinity_Project\Efinity_Project\Ti60F225_OV5640_Face_Reproduction\example_top.v:961)
[EFX-0011 VERI-WARNING] expression size 8 truncated to fit in target size 4 (VERI-1209) (D:\Efinity_Project\Efinity_Project\Ti60F225_OV5640_Face_Reproduction\example_top.v:963)
[EFX-0011 VERI-WARNING] expression size 14 truncated to fit in target size 12 (VERI-1209) (D:\Efinity_Project\Efinity_Project\Ti60F225_OV5640_Face_Reproduction\src\lcd_driver.v:145)
[EFX-0011 VERI-WARNING] actual bit length 24 differs from formal bit length 48 for port 'lcd_data' (VERI-1330) (D:\Efinity_Project\Efinity_Project\Ti60F225_OV5640_Face_Reproduction\example_top.v:1014)
[EFX-0011 VERI-WARNING] expression size 13 truncated to fit in target size 12 (VERI-1209) (D:\Efinity_Project\Efinity_Project\Ti60F225_OV5640_Face_Reproduction\src\vision\sobel3x3.v:94)
[EFX-0011 VERI-WARNING] expression size 13 truncated to fit in target size 12 (VERI-1209) (D:\Efinity_Project\Efinity_Project\Ti60F225_OV5640_Face_Reproduction\src\vision\sobel3x3.v:95)

///////////////////////////////////
// Efinity Synthesis Started 
// Sep 21, 2026 23:15:56
///////////////////////////////////

[EFX-0011 VERI-WARNING] port 'cal_shift_val' remains unconnected for this instance (VERI-1927) (D:\Efinity_Project\Efinity_Project\Ti60F225_OV5640_Face_Reproduction\example_top.v:612)
[EFX-0011 VERI-WARNING] port 'axi_awid' remains unconnected for this instance (VERI-1927) (D:\Efinity_Project\Efinity_Project\Ti60F225_OV5640_Face_Reproduction\example_top.v:962)
[EFX-0011 VERI-WARNING] port 'th_high_i' remains unconnected for this instance (VERI-1927) (D:\Efinity_Project\Efinity_Project\Ti60F225_OV5640_Face_Reproduction\example_top.v:1274)
[EFX-0011 VERI-WARNING] port 'th_low_i' is not connected on this instance (VERI-2435) (D:\Efinity_Project\Efinity_Project\Ti60F225_OV5640_Face_Reproduction\example_top.v:1274)
[EFX-0011 VERI-WARNING] port 'TMDS_Clk_p' remains unconnected for this instance (VERI-1927) (D:\Efinity_Project\Efinity_Project\Ti60F225_OV5640_Face_Reproduction\example_top.v:1671)
[EFX-0011 VERI-WARNING] expression size 32 truncated to fit in target size 1 (VERI-1209) (D:\Efinity_Project\Efinity_Project\Ti60F225_OV5640_Face_Reproduction\example_top.v:443)
[EFX-0011 VERI-WARNING] port 'wr_busy' remains unconnected for this instance (VERI-1927) (D:/Efinity_Project/Efinity_Project/Ti60F225_OV5640_Face_Reproduction\ip/DdrCtrl\DdrCtrl.sv:184)
[EFX-0011 VERI-WARNING] port 'wr_data' is not connected on this instance (VERI-2435) (D:/Efinity_Project/Efinity_Project/Ti60F225_OV5640_Face_Reproduction\ip/DdrCtrl\DdrCtrl.sv:184)
[EFX-0011 VERI-WARNING] port '**' is not connected on this instance (VERI-2435) (D:/Efinity_Project/Efinity_Project/Ti60F225_OV5640_Face_Reproduction\ip/DdrCtrl\DdrCtrl.sv:2496)
[EFX-0011 VERI-WARNING] expression size ** truncated to fit in target size ** (VERI-1209) (D:/Efinity_Project/Efinity_Project/Ti60F225_OV5640_Face_Reproduction\ip/DdrCtrl\DdrCtrl.sv:2611)
[EFX-0011 VERI-WARNING] actual bit length ** differs from formal bit length *** for port '**' (VERI-1330) (D:/Efinity_Project/Efinity_Project/Ti60F225_OV5640_Face_Reproduction\ip/DdrCtrl\DdrCtrl.sv:2496)
[EFX-0011 VERI-WARNING] expression size ** truncated to fit in target size ** (VERI-1209) (D:/Efinity_Project/Efinity_Project/Ti60F225_OV5640_Face_Reproduction\ip/DdrCtrl\DdrCtrl.sv:2611)
[EFX-0011 VERI-WARNING] expression size ** truncated to fit in target size ** (VERI-1209) (D:/Efinity_Project/Efinity_Project/Ti60F225_OV5640_Face_Reproduction\ip/DdrCtrl\DdrCtrl.sv:2611)
[EFX-0011 VERI-WARNING] actual bit length ** differs from formal bit length *** for port '**' (VERI-1330) (D:/Efinity_Project/Efinity_Project/Ti60F225_OV5640_Face_Reproduction\ip/DdrCtrl\DdrCtrl.sv:2496)
[EFX-0011 VERI-WARNING] port '**' remains unconnected for this instance (VERI-1927) (D:/Efinity_Project/Efinity_Project/Ti60F225_OV5640_Face_Reproduction\ip/DdrCtrl\DdrCtrl.sv:590)
[EFX-0011 VERI-WARNING] actual bit length ** differs from formal bit length *** for port '**' (VERI-1330) (D:/Efinity_Project/Efinity_Project/Ti60F225_OV5640_Face_Reproduction\ip/DdrCtrl\DdrCtrl.sv:590)
[EFX-0011 VERI-WARNING] port '**' remains unconnected for this instance (VERI-1927) (D:/Efinity_Project/Efinity_Project/Ti60F225_OV5640_Face_Reproduction\ip/DdrCtrl\DdrCtrl.sv:1460)
[EFX-0011 VERI-WARNING] port '**' remains unconnected for this instance (VERI-1927) (D:/Efinity_Project/Efinity_Project/Ti60F225_OV5640_Face_Reproduction\ip/DdrCtrl\DdrCtrl.sv:4817)
[EFX-0011 VERI-WARNING] actual bit length ** differs from formal bit length *** for port '**' (VERI-1330) (D:/Efinity_Project/Efinity_Project/Ti60F225_OV5640_Face_Reproduction\ip/DdrCtrl\DdrCtrl.sv:4817)
[EFX-0011 VERI-WARNING] input port '**' is not connected on this instance (VDB-1013) (D:/Efinity_Project/Efinity_Project/Ti60F225_OV5640_Face_Reproduction\ip/DdrCtrl\DdrCtrl.sv:4817)
[EFX-0011 VERI-WARNING] expression size ** truncated to fit in target size ** (VERI-1209) (D:/Efinity_Project/Efinity_Project/Ti60F225_OV5640_Face_Reproduction\ip/DdrCtrl\DdrCtrl.sv:1460)
[EFX-0011 VERI-WARNING] net '**' does not have a driver (VDB-1002) (D:/Efinity_Project/Efinity_Project/Ti60F225_OV5640_Face_Reproduction\ip/DdrCtrl\DdrCtrl.sv:1460)
[EFX-0011 VERI-WARNING] net '**' does not have a driver (VDB-1002) (D:/Efinity_Project/Efinity_Project/Ti60F225_OV5640_Face_Reproduction\ip/DdrCtrl\DdrCtrl.sv:590)
[EFX-0011 VERI-WARNING] input port '**' is not connected on this instance (VDB-1013) (D:/Efinity_Project/Efinity_Project/Ti60F225_OV5640_Face_Reproduction\ip/DdrCtrl\DdrCtrl.sv:590)
[EFX-0011 VERI-WARNING] input port '**' is not connected on this instance (VDB-1013) (D:/Efinity_Project/Efinity_Project/Ti60F225_OV5640_Face_Reproduction\ip/DdrCtrl\DdrCtrl.sv:2496)
[EFX-0011 VERI-WARNING] input port 'wr_data[127]' is not connected on this instance (VDB-1013) (D:/Efinity_Project/Efinity_Project/Ti60F225_OV5640_Face_Reproduction\ip/DdrCtrl\DdrCtrl.sv:117)
[EFX-0011 VERI-WARNING] actual bit length 4 differs from formal bit length 8 for port 'axi_aid' (VERI-1330) (D:\Efinity_Project\Efinity_Project\Ti60F225_OV5640_Face_Reproduction\example_top.v:579)
[EFX-0011 VERI-WARNING] actual bit length 4 differs from formal bit length 8 for port 'axi_wid' (VERI-1330) (D:\Efinity_Project\Efinity_Project\Ti60F225_OV5640_Face_Reproduction\example_top.v:586)
[EFX-0011 VERI-WARNING] actual bit length 4 differs from formal bit length 8 for port 'axi_bid' (VERI-1330) (D:\Efinity_Project\Efinity_Project\Ti60F225_OV5640_Face_Reproduction\example_top.v:595)
[EFX-0011 VERI-WARNING] actual bit length 4 differs from formal bit length 8 for port 'axi_rid' (VERI-1330) (D:\Efinity_Project\Efinity_Project\Ti60F225_OV5640_Face_Reproduction\example_top.v:601)
[EFX-0011 VERI-WARNING] expression size 2 truncated to fit in target size 1 (VERI-1209) (D:\Efinity_Project\Efinity_Project\Ti60F225_OV5640_Face_Reproduction\src\axi\AXI4_AWARMux.v:90)
[EFX-0011 VERI-WARNING] expression size 3 truncated to fit in target size 2 (VERI-1209) (D:\Efinity_Project\Efinity_Project\Ti60F225_OV5640_Face_Reproduction\example_top.v:713)
[EFX-0011 VERI-WARNING] expression size 5 truncated to fit in target size 4 (VERI-1209) (D:\Efinity_Project\Efinity_Project\Ti60F225_OV5640_Face_Reproduction\example_top.v:714)
[EFX-0011 VERI-WARNING] actual bit length 64 differs from formal bit length 8 for port 'image_out_data' (VERI-1330) (D:\Efinity_Project\Efinity_Project\Ti60F225_OV5640_Face_Reproduction\example_top.v:861)
[EFX-0011 VERI-WARNING] expression size 32 truncated to fit in target size 16 (VERI-1209) (D:\Efinity_Project\Efinity_Project\Ti60F225_OV5640_Face_Reproduction\src\axi\axi4_ctrl.v:91)
[EFX-0011 VERI-WARNING] expression size 3 truncated to fit in target size 2 (VERI-1209) (D:\Efinity_Project\Efinity_Project\Ti60F225_OV5640_Face_Reproduction\src\axi\axi4_ctrl.v:113)
[EFX-0011 VERI-WARNING] expression size 3 truncated to fit in target size 2 (VERI-1209) (D:\Efinity_Project\Efinity_Project\Ti60F225_OV5640_Face_Reproduction\src\axi\axi4_ctrl.v:114)
[EFX-0011 VERI-WARNING] expression size 3 truncated to fit in target size 2 (VERI-1209) (D:\Efinity_Project\Efinity_Project\Ti60F225_OV5640_Face_Reproduction\src\axi\axi4_ctrl.v:196)
[EFX-0011 VERI-WARNING] expression size 2 truncated to fit in target size 1 (VERI-1209) (D:\Efinity_Project\Efinity_Project\Ti60F225_OV5640_Face_Reproduction\src\axi\axi4_ctrl.v:238)
[EFX-0011 VERI-WARNING] expression size 23 truncated to fit in target size 22 (VERI-1209) (D:\Efinity_Project\Efinity_Project\Ti60F225_OV5640_Face_Reproduction\src\axi\axi4_ctrl.v:257)
[EFX-0011 VERI-WARNING] port 'a_wr_rst_i' remains unconnected for this instance (VERI-1927) (D:/Efinity_Project/Efinity_Project/Ti60F225_OV5640_Face_Reproduction\ip/W0_FIFO_8\W0_FIFO_8.sv:116)
[EFX-0011 VERI-WARNING] expression size 32 truncated to fit in target size 14 (VERI-1209) (D:/Efinity_Project/Efinity_Project/Ti60F225_OV5640_Face_Reproduction\ip/W0_FIFO_8\W0_FIFO_8.sv:1251)
[EFX-0011 VERI-WARNING] expression size 32 truncated to fit in target size 10 (VERI-1209) (D:/Efinity_Project/Efinity_Project/Ti60F225_OV5640_Face_Reproduction\ip/W0_FIFO_8\W0_FIFO_8.sv:1252)
[EFX-0011 VERI-WARNING] input port 'a_wr_rst_i' is not connected on this instance (VDB-1013) (D:/Efinity_Project/Efinity_Project/Ti60F225_OV5640_Face_Reproduction\ip/W0_FIFO_8\W0_FIFO_8.sv:95)
[EFX-0011 VERI-WARNING] port 'a_wr_rst_i' remains unconnected for this instance (VERI-1927) (D:/Efinity_Project/Efinity_Project/Ti60F225_OV5640_Face_Reproduction\ip/R0_FIFO_16\R0_FIFO_16.sv:116)
[EFX-0011 VERI-WARNING] expression size 32 truncated to fit in target size 10 (VERI-1209) (D:/Efinity_Project/Efinity_Project/Ti60F225_OV5640_Face_Reproduction\ip/R0_FIFO_16\R0_FIFO_16.sv:1236)
[EFX-0011 VERI-WARNING] expression size 32 truncated to fit in target size 13 (VERI-1209) (D:/Efinity_Project/Efinity_Project/Ti60F225_OV5640_Face_Reproduction\ip/R0_FIFO_16\R0_FIFO_16.sv:1237)
[EFX-0011 VERI-WARNING] input port 'a_wr_rst_i' is not connected on this instance (VDB-1013) (D:/Efinity_Project/Efinity_Project/Ti60F225_OV5640_Face_Reproduction\ip/R0_FIFO_16\R0_FIFO_16.sv:95)
[EFX-0011 VERI-WARNING] expression size 17 truncated to fit in target size 16 (VERI-1209) (D:\Efinity_Project\Efinity_Project\Ti60F225_OV5640_Face_Reproduction\src\axi\axi4_ctrl.v:464)
[EFX-0011 VERI-WARNING] expression size 23 truncated to fit in target size 22 (VERI-1209) (D:\Efinity_Project\Efinity_Project\Ti60F225_OV5640_Face_Reproduction\src\axi\axi4_ctrl.v:574)
[EFX-0011 VERI-WARNING] actual bit length 32 differs from formal bit length 4 for port 'axi_bid' (VERI-1330) (D:\Efinity_Project\Efinity_Project\Ti60F225_OV5640_Face_Reproduction\example_top.v:934)
[EFX-0011 VERI-WARNING] actual bit length 32 differs from formal bit length 2 for port 'axi_bresp' (VERI-1330) (D:\Efinity_Project\Efinity_Project\Ti60F225_OV5640_Face_Reproduction\example_top.v:935)
[EFX-0011 VERI-WARNING] actual bit length 32 differs from formal bit length 1 for port 'axi_bvalid' (VERI-1330) (D:\Efinity_Project\Efinity_Project\Ti60F225_OV5640_Face_Reproduction\example_top.v:936)
[EFX-0011 VERI-WARNING] actual bit length 32 differs from formal bit length 2 for port 'axi_rresp' (VERI-1330) (D:\Efinity_Project\Efinity_Project\Ti60F225_OV5640_Face_Reproduction\example_top.v:946)
[EFX-0011 VERI-WARNING] actual bit length 64 differs from formal bit length 8 for port 'wframe_data' (VERI-1330) (D:\Efinity_Project\Efinity_Project\Ti60F225_OV5640_Face_Reproduction\example_top.v:954)
[EFX-0011 VERI-WARNING] actual bit length 8 differs from formal bit length 32 for port 'tp_o' (VERI-1330) (D:\Efinity_Project\Efinity_Project\Ti60F225_OV5640_Face_Reproduction\example_top.v:961)
[EFX-0011 VERI-WARNING] expression size 8 truncated to fit in target size 4 (VERI-1209) (D:\Efinity_Project\Efinity_Project\Ti60F225_OV5640_Face_Reproduction\example_top.v:963)
[EFX-0011 VERI-WARNING] expression size 14 truncated to fit in target size 12 (VERI-1209) (D:\Efinity_Project\Efinity_Project\Ti60F225_OV5640_Face_Reproduction\src\lcd_driver.v:145)
[EFX-0011 VERI-WARNING] actual bit length 24 differs from formal bit length 48 for port 'lcd_data' (VERI-1330) (D:\Efinity_Project\Efinity_Project\Ti60F225_OV5640_Face_Reproduction\example_top.v:1014)
[EFX-0011 VERI-WARNING] expression size 13 truncated to fit in target size 12 (VERI-1209) (D:\Efinity_Project\Efinity_Project\Ti60F225_OV5640_Face_Reproduction\src\vision\sobel3x3.v:94)
[EFX-0011 VERI-WARNING] expression size 13 truncated to fit in target size 12 (VERI-1209) (D:\Efinity_Project\Efinity_Project\Ti60F225_OV5640_Face_Reproduction\src\vision\sobel3x3.v:95)

///////////////////////////////////
// Efinity Synthesis Started 
// Sep 21, 2026 23:16:48
///////////////////////////////////

[EFX-0011 VERI-WARNING] port 'cal_shift_val' remains unconnected for this instance (VERI-1927) (D:\Efinity_Project\Efinity_Project\Ti60F225_OV5640_Face_Reproduction\example_top.v:612)
[EFX-0011 VERI-WARNING] port 'axi_awid' remains unconnected for this instance (VERI-1927) (D:\Efinity_Project\Efinity_Project\Ti60F225_OV5640_Face_Reproduction\example_top.v:962)
[EFX-0011 VERI-WARNING] port 'th_high_i' remains unconnected for this instance (VERI-1927) (D:\Efinity_Project\Efinity_Project\Ti60F225_OV5640_Face_Reproduction\example_top.v:1274)
[EFX-0011 VERI-WARNING] port 'th_low_i' is not connected on this instance (VERI-2435) (D:\Efinity_Project\Efinity_Project\Ti60F225_OV5640_Face_Reproduction\example_top.v:1274)
[EFX-0011 VERI-WARNING] port 'TMDS_Clk_p' remains unconnected for this instance (VERI-1927) (D:\Efinity_Project\Efinity_Project\Ti60F225_OV5640_Face_Reproduction\example_top.v:1671)

///////////////////////////////////
// Efinity Synthesis Started 
// Sep 21, 2026 23:18:14
///////////////////////////////////

[EFX-0011 VERI-WARNING] port 'cal_shift_val' remains unconnected for this instance (VERI-1927) (D:\Efinity_Project\Efinity_Project\Ti60F225_OV5640_Face_Reproduction\example_top.v:612)
[EFX-0011 VERI-WARNING] port 'axi_awid' remains unconnected for this instance (VERI-1927) (D:\Efinity_Project\Efinity_Project\Ti60F225_OV5640_Face_Reproduction\example_top.v:962)
[EFX-0011 VERI-WARNING] port 'TMDS_Clk_p' remains unconnected for this instance (VERI-1927) (D:\Efinity_Project\Efinity_Project\Ti60F225_OV5640_Face_Reproduction\example_top.v:1669)
[EFX-0011 VERI-WARNING] expression size 32 truncated to fit in target size 1 (VERI-1209) (D:\Efinity_Project\Efinity_Project\Ti60F225_OV5640_Face_Reproduction\example_top.v:443)
[EFX-0011 VERI-WARNING] port 'wr_busy' remains unconnected for this instance (VERI-1927) (D:/Efinity_Project/Efinity_Project/Ti60F225_OV5640_Face_Reproduction\ip/DdrCtrl\DdrCtrl.sv:184)
[EFX-0011 VERI-WARNING] port 'wr_data' is not connected on this instance (VERI-2435) (D:/Efinity_Project/Efinity_Project/Ti60F225_OV5640_Face_Reproduction\ip/DdrCtrl\DdrCtrl.sv:184)
[EFX-0011 VERI-WARNING] port '**' is not connected on this instance (VERI-2435) (D:/Efinity_Project/Efinity_Project/Ti60F225_OV5640_Face_Reproduction\ip/DdrCtrl\DdrCtrl.sv:2496)
[EFX-0011 VERI-WARNING] expression size ** truncated to fit in target size ** (VERI-1209) (D:/Efinity_Project/Efinity_Project/Ti60F225_OV5640_Face_Reproduction\ip/DdrCtrl\DdrCtrl.sv:2611)
[EFX-0011 VERI-WARNING] actual bit length ** differs from formal bit length *** for port '**' (VERI-1330) (D:/Efinity_Project/Efinity_Project/Ti60F225_OV5640_Face_Reproduction\ip/DdrCtrl\DdrCtrl.sv:2496)
[EFX-0011 VERI-WARNING] expression size ** truncated to fit in target size ** (VERI-1209) (D:/Efinity_Project/Efinity_Project/Ti60F225_OV5640_Face_Reproduction\ip/DdrCtrl\DdrCtrl.sv:2611)
[EFX-0011 VERI-WARNING] expression size ** truncated to fit in target size ** (VERI-1209) (D:/Efinity_Project/Efinity_Project/Ti60F225_OV5640_Face_Reproduction\ip/DdrCtrl\DdrCtrl.sv:2611)
[EFX-0011 VERI-WARNING] actual bit length ** differs from formal bit length *** for port '**' (VERI-1330) (D:/Efinity_Project/Efinity_Project/Ti60F225_OV5640_Face_Reproduction\ip/DdrCtrl\DdrCtrl.sv:2496)
[EFX-0011 VERI-WARNING] port '**' remains unconnected for this instance (VERI-1927) (D:/Efinity_Project/Efinity_Project/Ti60F225_OV5640_Face_Reproduction\ip/DdrCtrl\DdrCtrl.sv:590)
[EFX-0011 VERI-WARNING] actual bit length ** differs from formal bit length *** for port '**' (VERI-1330) (D:/Efinity_Project/Efinity_Project/Ti60F225_OV5640_Face_Reproduction\ip/DdrCtrl\DdrCtrl.sv:590)
[EFX-0011 VERI-WARNING] port '**' remains unconnected for this instance (VERI-1927) (D:/Efinity_Project/Efinity_Project/Ti60F225_OV5640_Face_Reproduction\ip/DdrCtrl\DdrCtrl.sv:1460)
[EFX-0011 VERI-WARNING] port '**' remains unconnected for this instance (VERI-1927) (D:/Efinity_Project/Efinity_Project/Ti60F225_OV5640_Face_Reproduction\ip/DdrCtrl\DdrCtrl.sv:4817)
[EFX-0011 VERI-WARNING] actual bit length ** differs from formal bit length *** for port '**' (VERI-1330) (D:/Efinity_Project/Efinity_Project/Ti60F225_OV5640_Face_Reproduction\ip/DdrCtrl\DdrCtrl.sv:4817)
[EFX-0011 VERI-WARNING] input port '**' is not connected on this instance (VDB-1013) (D:/Efinity_Project/Efinity_Project/Ti60F225_OV5640_Face_Reproduction\ip/DdrCtrl\DdrCtrl.sv:4817)
[EFX-0011 VERI-WARNING] expression size ** truncated to fit in target size ** (VERI-1209) (D:/Efinity_Project/Efinity_Project/Ti60F225_OV5640_Face_Reproduction\ip/DdrCtrl\DdrCtrl.sv:1460)
[EFX-0011 VERI-WARNING] net '**' does not have a driver (VDB-1002) (D:/Efinity_Project/Efinity_Project/Ti60F225_OV5640_Face_Reproduction\ip/DdrCtrl\DdrCtrl.sv:1460)
[EFX-0011 VERI-WARNING] net '**' does not have a driver (VDB-1002) (D:/Efinity_Project/Efinity_Project/Ti60F225_OV5640_Face_Reproduction\ip/DdrCtrl\DdrCtrl.sv:590)
[EFX-0011 VERI-WARNING] input port '**' is not connected on this instance (VDB-1013) (D:/Efinity_Project/Efinity_Project/Ti60F225_OV5640_Face_Reproduction\ip/DdrCtrl\DdrCtrl.sv:590)
[EFX-0011 VERI-WARNING] input port '**' is not connected on this instance (VDB-1013) (D:/Efinity_Project/Efinity_Project/Ti60F225_OV5640_Face_Reproduction\ip/DdrCtrl\DdrCtrl.sv:2496)
[EFX-0011 VERI-WARNING] input port 'wr_data[127]' is not connected on this instance (VDB-1013) (D:/Efinity_Project/Efinity_Project/Ti60F225_OV5640_Face_Reproduction\ip/DdrCtrl\DdrCtrl.sv:117)
[EFX-0011 VERI-WARNING] actual bit length 4 differs from formal bit length 8 for port 'axi_aid' (VERI-1330) (D:\Efinity_Project\Efinity_Project\Ti60F225_OV5640_Face_Reproduction\example_top.v:579)
[EFX-0011 VERI-WARNING] actual bit length 4 differs from formal bit length 8 for port 'axi_wid' (VERI-1330) (D:\Efinity_Project\Efinity_Project\Ti60F225_OV5640_Face_Reproduction\example_top.v:586)
[EFX-0011 VERI-WARNING] actual bit length 4 differs from formal bit length 8 for port 'axi_bid' (VERI-1330) (D:\Efinity_Project\Efinity_Project\Ti60F225_OV5640_Face_Reproduction\example_top.v:595)
[EFX-0011 VERI-WARNING] actual bit length 4 differs from formal bit length 8 for port 'axi_rid' (VERI-1330) (D:\Efinity_Project\Efinity_Project\Ti60F225_OV5640_Face_Reproduction\example_top.v:601)
[EFX-0011 VERI-WARNING] expression size 2 truncated to fit in target size 1 (VERI-1209) (D:\Efinity_Project\Efinity_Project\Ti60F225_OV5640_Face_Reproduction\src\axi\AXI4_AWARMux.v:90)
[EFX-0011 VERI-WARNING] expression size 3 truncated to fit in target size 2 (VERI-1209) (D:\Efinity_Project\Efinity_Project\Ti60F225_OV5640_Face_Reproduction\example_top.v:713)
[EFX-0011 VERI-WARNING] expression size 5 truncated to fit in target size 4 (VERI-1209) (D:\Efinity_Project\Efinity_Project\Ti60F225_OV5640_Face_Reproduction\example_top.v:714)
[EFX-0011 VERI-WARNING] actual bit length 64 differs from formal bit length 8 for port 'image_out_data' (VERI-1330) (D:\Efinity_Project\Efinity_Project\Ti60F225_OV5640_Face_Reproduction\example_top.v:861)
[EFX-0011 VERI-WARNING] expression size 32 truncated to fit in target size 16 (VERI-1209) (D:\Efinity_Project\Efinity_Project\Ti60F225_OV5640_Face_Reproduction\src\axi\axi4_ctrl.v:91)
[EFX-0011 VERI-WARNING] expression size 3 truncated to fit in target size 2 (VERI-1209) (D:\Efinity_Project\Efinity_Project\Ti60F225_OV5640_Face_Reproduction\src\axi\axi4_ctrl.v:113)
[EFX-0011 VERI-WARNING] expression size 3 truncated to fit in target size 2 (VERI-1209) (D:\Efinity_Project\Efinity_Project\Ti60F225_OV5640_Face_Reproduction\src\axi\axi4_ctrl.v:114)
[EFX-0011 VERI-WARNING] expression size 3 truncated to fit in target size 2 (VERI-1209) (D:\Efinity_Project\Efinity_Project\Ti60F225_OV5640_Face_Reproduction\src\axi\axi4_ctrl.v:196)
[EFX-0011 VERI-WARNING] expression size 2 truncated to fit in target size 1 (VERI-1209) (D:\Efinity_Project\Efinity_Project\Ti60F225_OV5640_Face_Reproduction\src\axi\axi4_ctrl.v:238)
[EFX-0011 VERI-WARNING] expression size 23 truncated to fit in target size 22 (VERI-1209) (D:\Efinity_Project\Efinity_Project\Ti60F225_OV5640_Face_Reproduction\src\axi\axi4_ctrl.v:257)
[EFX-0011 VERI-WARNING] port 'a_wr_rst_i' remains unconnected for this instance (VERI-1927) (D:/Efinity_Project/Efinity_Project/Ti60F225_OV5640_Face_Reproduction\ip/W0_FIFO_8\W0_FIFO_8.sv:116)
[EFX-0011 VERI-WARNING] expression size 32 truncated to fit in target size 14 (VERI-1209) (D:/Efinity_Project/Efinity_Project/Ti60F225_OV5640_Face_Reproduction\ip/W0_FIFO_8\W0_FIFO_8.sv:1251)
[EFX-0011 VERI-WARNING] expression size 32 truncated to fit in target size 10 (VERI-1209) (D:/Efinity_Project/Efinity_Project/Ti60F225_OV5640_Face_Reproduction\ip/W0_FIFO_8\W0_FIFO_8.sv:1252)
[EFX-0011 VERI-WARNING] input port 'a_wr_rst_i' is not connected on this instance (VDB-1013) (D:/Efinity_Project/Efinity_Project/Ti60F225_OV5640_Face_Reproduction\ip/W0_FIFO_8\W0_FIFO_8.sv:95)
[EFX-0011 VERI-WARNING] port 'a_wr_rst_i' remains unconnected for this instance (VERI-1927) (D:/Efinity_Project/Efinity_Project/Ti60F225_OV5640_Face_Reproduction\ip/R0_FIFO_16\R0_FIFO_16.sv:116)
[EFX-0011 VERI-WARNING] expression size 32 truncated to fit in target size 10 (VERI-1209) (D:/Efinity_Project/Efinity_Project/Ti60F225_OV5640_Face_Reproduction\ip/R0_FIFO_16\R0_FIFO_16.sv:1236)
[EFX-0011 VERI-WARNING] expression size 32 truncated to fit in target size 13 (VERI-1209) (D:/Efinity_Project/Efinity_Project/Ti60F225_OV5640_Face_Reproduction\ip/R0_FIFO_16\R0_FIFO_16.sv:1237)
[EFX-0011 VERI-WARNING] input port 'a_wr_rst_i' is not connected on this instance (VDB-1013) (D:/Efinity_Project/Efinity_Project/Ti60F225_OV5640_Face_Reproduction\ip/R0_FIFO_16\R0_FIFO_16.sv:95)
[EFX-0011 VERI-WARNING] expression size 17 truncated to fit in target size 16 (VERI-1209) (D:\Efinity_Project\Efinity_Project\Ti60F225_OV5640_Face_Reproduction\src\axi\axi4_ctrl.v:464)
[EFX-0011 VERI-WARNING] expression size 23 truncated to fit in target size 22 (VERI-1209) (D:\Efinity_Project\Efinity_Project\Ti60F225_OV5640_Face_Reproduction\src\axi\axi4_ctrl.v:574)
[EFX-0011 VERI-WARNING] actual bit length 32 differs from formal bit length 4 for port 'axi_bid' (VERI-1330) (D:\Efinity_Project\Efinity_Project\Ti60F225_OV5640_Face_Reproduction\example_top.v:934)
[EFX-0011 VERI-WARNING] actual bit length 32 differs from formal bit length 2 for port 'axi_bresp' (VERI-1330) (D:\Efinity_Project\Efinity_Project\Ti60F225_OV5640_Face_Reproduction\example_top.v:935)
[EFX-0011 VERI-WARNING] actual bit length 32 differs from formal bit length 1 for port 'axi_bvalid' (VERI-1330) (D:\Efinity_Project\Efinity_Project\Ti60F225_OV5640_Face_Reproduction\example_top.v:936)
[EFX-0011 VERI-WARNING] actual bit length 32 differs from formal bit length 2 for port 'axi_rresp' (VERI-1330) (D:\Efinity_Project\Efinity_Project\Ti60F225_OV5640_Face_Reproduction\example_top.v:946)
[EFX-0011 VERI-WARNING] actual bit length 64 differs from formal bit length 8 for port 'wframe_data' (VERI-1330) (D:\Efinity_Project\Efinity_Project\Ti60F225_OV5640_Face_Reproduction\example_top.v:954)
[EFX-0011 VERI-WARNING] actual bit length 8 differs from formal bit length 32 for port 'tp_o' (VERI-1330) (D:\Efinity_Project\Efinity_Project\Ti60F225_OV5640_Face_Reproduction\example_top.v:961)
[EFX-0011 VERI-WARNING] expression size 8 truncated to fit in target size 4 (VERI-1209) (D:\Efinity_Project\Efinity_Project\Ti60F225_OV5640_Face_Reproduction\example_top.v:963)
[EFX-0011 VERI-WARNING] expression size 14 truncated to fit in target size 12 (VERI-1209) (D:\Efinity_Project\Efinity_Project\Ti60F225_OV5640_Face_Reproduction\src\lcd_driver.v:145)
[EFX-0011 VERI-WARNING] actual bit length 24 differs from formal bit length 48 for port 'lcd_data' (VERI-1330) (D:\Efinity_Project\Efinity_Project\Ti60F225_OV5640_Face_Reproduction\example_top.v:1014)
[EFX-0011 VERI-WARNING] expression size 13 truncated to fit in target size 12 (VERI-1209) (D:\Efinity_Project\Efinity_Project\Ti60F225_OV5640_Face_Reproduction\src\vision\sobel3x3.v:94)
[EFX-0011 VERI-WARNING] expression size 13 truncated to fit in target size 12 (VERI-1209) (D:\Efinity_Project\Efinity_Project\Ti60F225_OV5640_Face_Reproduction\src\vision\sobel3x3.v:95)
[EFX-0011 VERI-WARNING] expression size 32 truncated to fit in target size 8 (VERI-1209) (D:\Efinity_Project\Efinity_Project\Ti60F225_OV5640_Face_Reproduction\src\face\face_reader_720p.v:22)
[EFX-0011 VERI-WARNING] actual bit length 10 differs from formal bit length 11 for port 'pixel_y' (VERI-1330) (D:\Efinity_Project\Efinity_Project\Ti60F225_OV5640_Face_Reproduction\example_top.v:1459)
[EFX-0011 VERI-WARNING] port 'rst_busy' remains unconnected for this instance (VERI-1927) (D:\Efinity_Project\Efinity_Project\Ti60F225_OV5640_Face_Reproduction\src\face\true_ccl.v:224)
[EFX-0011 VERI-WARNING] concatenation with an unsized literal will be treated as 32 bits (VERI-1320) (D:\Efinity_Project\Efinity_Project\Ti60F225_OV5640_Face_Reproduction\src\face\true_ccl.v:235)
[EFX-0011 VERI-WARNING] port 'rst_busy' remains unconnected for this instance (VERI-1927) (D:\Efinity_Project\Efinity_Project\Ti60F225_OV5640_Face_Reproduction\src\face\true_ccl.v:241)
[EFX-0011 VERI-WARNING] expression size 12 truncated to fit in target size 11 (VERI-1209) (D:\Efinity_Project\Efinity_Project\Ti60F225_OV5640_Face_Reproduction\src\face\true_ccl.v:75)
[EFX-0011 VERI-WARNING] latch inferred for net 'PreCombCur' (VERI-2580) (D:\Efinity_Project\Efinity_Project\Ti60F225_OV5640_Face_Reproduction\src\face\true_ccl.v:176)
[EFX-0011 VERI-WARNING] port 'a_wr_rst_i' remains unconnected for this instance (VERI-1927) (D:/Efinity_Project/Efinity_Project/Ti60F225_OV5640_Face_Reproduction\ip/FIFO36x512\FIFO36x512.sv:98)
[EFX-0011 VERI-WARNING] input port 'a_wr_rst_i' is not connected on this instance (VDB-1013) (D:/Efinity_Project/Efinity_Project/Ti60F225_OV5640_Face_Reproduction\ip/FIFO36x512\FIFO36x512.sv:86)
[EFX-0011 VERI-WARNING] actual bit length 32 differs from formal bit length 36 for port 'rdata' (VERI-1330) (D:\Efinity_Project\Efinity_Project\Ti60F225_OV5640_Face_Reproduction\src\face\true_ccl.v:221)
[EFX-0011 VERI-WARNING] actual bit length 66 differs from formal bit length 36 for port 'wdata' (VERI-1330) (D:\Efinity_Project\Efinity_Project\Ti60F225_OV5640_Face_Reproduction\src\face\true_ccl.v:235)
[EFX-0011 VERI-WARNING] actual bit length 34 differs from formal bit length 36 for port 'rdata' (VERI-1330) (D:\Efinity_Project\Efinity_Project\Ti60F225_OV5640_Face_Reproduction\src\face\true_ccl.v:238)
[EFX-0011 VERI-WARNING] port 'addr' is not connected on this instance (VERI-2435) (D:/Efinity_Project/Efinity_Project/Ti60F225_OV5640_Face_Reproduction\ip/BlockRam90x1024\BlockRam90x1024.v:144)
[EFX-0011 VERI-WARNING] expression size 32 truncated to fit in target size 1 (VERI-1209) (D:/Efinity_Project/Efinity_Project/Ti60F225_OV5640_Face_Reproduction\ip/BlockRam90x1024\BlockRam90x1024.v:1091)
[EFX-0011 VERI-WARNING] expression size 32 truncated to fit in target size 1 (VERI-1209) (D:/Efinity_Project/Efinity_Project/Ti60F225_OV5640_Face_Reproduction\ip/BlockRam90x1024\BlockRam90x1024.v:1092)
[EFX-0011 VERI-WARNING] expression size 32 truncated to fit in target size 1 (VERI-1209) (D:/Efinity_Project/Efinity_Project/Ti60F225_OV5640_Face_Reproduction\ip/BlockRam90x1024\BlockRam90x1024.v:1104)
[EFX-0011 VERI-WARNING] expression size 32 truncated to fit in target size 1 (VERI-1209) (D:/Efinity_Project/Efinity_Project/Ti60F225_OV5640_Face_Reproduction\ip/BlockRam90x1024\BlockRam90x1024.v:1105)
[EFX-0011 VERI-WARNING] expression size 32 truncated to fit in target size 1 (VERI-1209) (D:/Efinity_Project/Efinity_Project/Ti60F225_OV5640_Face_Reproduction\ip/BlockRam90x1024\BlockRam90x1024.v:1108)
[EFX-0011 VERI-WARNING] expression size 32 truncated to fit in target size 1 (VERI-1209) (D:/Efinity_Project/Efinity_Project/Ti60F225_OV5640_Face_Reproduction\ip/BlockRam90x1024\BlockRam90x1024.v:1109)
[EFX-0011 VERI-WARNING] input port 'addr[9]' is not connected on this instance (VDB-1013) (D:/Efinity_Project/Efinity_Project/Ti60F225_OV5640_Face_Reproduction\ip/BlockRam90x1024\BlockRam90x1024.v:133)
[EFX-0011 VERI-WARNING] input port 'clke' remains unconnected for this instance (VDB-1053) (D:/Efinity_Project/Efinity_Project/Ti60F225_OV5640_Face_Reproduction\ip/BlockRam90x1024\BlockRam90x1024.v:133)
[EFX-0011 VERI-WARNING] actual bit length 27 differs from formal bit length 26 for port 'Count' (VERI-1330) (D:\Efinity_Project\Efinity_Project\Ti60F225_OV5640_Face_Reproduction\src\face\streaming_connected_components.v:134)
[EFX-0011 VERI-WARNING] latch inferred for net 'dx0[10]' (VERI-2580) (D:\Efinity_Project\Efinity_Project\Ti60F225_OV5640_Face_Reproduction\src\face\bbox_overlay.v:192)
[EFX-0011 VERI-WARNING] actual bit length 32 differs from formal bit length 4 for port 'data_island_data' (VERI-1330) (D:\Efinity_Project\Efinity_Project\Ti60F225_OV5640_Face_Reproduction\src\hdmi_ip\rgb2dvi.v:50)
[EFX-0011 VERI-WARNING] actual bit length 4 differs from formal bit length 3 for port 'mode' (VERI-1330) (D:\Efinity_Project\Efinity_Project\Ti60F225_OV5640_Face_Reproduction\src\hdmi_ip\rgb2dvi.v:52)
[EFX-0011 VERI-WARNING] actual bit length 32 differs from formal bit length 4 for port 'data_island_data' (VERI-1330) (D:\Efinity_Project\Efinity_Project\Ti60F225_OV5640_Face_Reproduction\src\hdmi_ip\rgb2dvi.v:58)
[EFX-0011 VERI-WARNING] actual bit length 4 differs from formal bit length 3 for port 'mode' (VERI-1330) (D:\Efinity_Project\Efinity_Project\Ti60F225_OV5640_Face_Reproduction\src\hdmi_ip\rgb2dvi.v:60)
[EFX-0011 VERI-WARNING] actual bit length 32 differs from formal bit length 4 for port 'data_island_data' (VERI-1330) (D:\Efinity_Project\Efinity_Project\Ti60F225_OV5640_Face_Reproduction\src\hdmi_ip\rgb2dvi.v:66)
[EFX-0011 VERI-WARNING] actual bit length 4 differs from formal bit length 3 for port 'mode' (VERI-1330) (D:\Efinity_Project\Efinity_Project\Ti60F225_OV5640_Face_Reproduction\src\hdmi_ip\rgb2dvi.v:68)
[EFX-0011 VERI-WARNING] actual bit length 32 differs from formal bit length 1 for port 'oe_i' (VERI-1330) (D:\Efinity_Project\Efinity_Project\Ti60F225_OV5640_Face_Reproduction\example_top.v:1651)
[EFX-0011 VERI-WARNING] net 'w_dev_index_o[7]' does not have a driver (VDB-1002) (D:\Efinity_Project\Efinity_Project\Ti60F225_OV5640_Face_Reproduction\example_top.v:428)
[EFX-0011 VERI-WARNING] net 'w_dev_cmd_o[7]' does not have a driver (VDB-1002) (D:\Efinity_Project\Efinity_Project\Ti60F225_OV5640_Face_Reproduction\example_top.v:429)
[EFX-0011 VERI-WARNING] net 'w_dev_wdata_o[31]' does not have a driver (VDB-1002) (D:\Efinity_Project\Efinity_Project\Ti60F225_OV5640_Face_Reproduction\example_top.v:430)
[EFX-0011 VERI-WARNING] net 'w_dev_wvalid_o' does not have a driver (VDB-1002) (D:\Efinity_Project\Efinity_Project\Ti60F225_OV5640_Face_Reproduction\example_top.v:431)
[EFX-0011 VERI-WARNING] net 'w_spi_ssn_o' does not have a driver (VDB-1002) (D:\Efinity_Project\Efinity_Project\Ti60F225_OV5640_Face_Reproduction\example_top.v:435)
[EFX-0011 VERI-WARNING] net 'w_spi_data_o[3]' does not have a driver (VDB-1002) (D:\Efinity_Project\Efinity_Project\Ti60F225_OV5640_Face_Reproduction\example_top.v:436)
[EFX-0011 VERI-WARNING] net 'w_lcd_b_o[7]' does not have a driver (VDB-1002) (D:\Efinity_Project\Efinity_Project\Ti60F225_OV5640_Face_Reproduction\example_top.v:453)
[EFX-0011 VERI-WARNING] input port 'SerialClk' is not connected on this instance (VDB-1013) (D:\Efinity_Project\Efinity_Project\Ti60F225_OV5640_Face_Reproduction\example_top.v:1644)

///////////////////////////////////
// Efinity Synthesis Started 
// Sep 21, 2026 23:18:43
///////////////////////////////////

[EFX-0011 VERI-WARNING] port 'cal_shift_val' remains unconnected for this instance (VERI-1927) (D:\Efinity_Project\Efinity_Project\Ti60F225_OV5640_Face_Reproduction\example_top.v:612)
[EFX-0011 VERI-WARNING] port 'axi_awid' remains unconnected for this instance (VERI-1927) (D:\Efinity_Project\Efinity_Project\Ti60F225_OV5640_Face_Reproduction\example_top.v:962)
[EFX-0011 VERI-WARNING] port 'TMDS_Clk_p' remains unconnected for this instance (VERI-1927) (D:\Efinity_Project\Efinity_Project\Ti60F225_OV5640_Face_Reproduction\example_top.v:1669)
[EFX-0011 VERI-WARNING] expression size 32 truncated to fit in target size 1 (VERI-1209) (D:\Efinity_Project\Efinity_Project\Ti60F225_OV5640_Face_Reproduction\example_top.v:443)
[EFX-0011 VERI-WARNING] port 'wr_busy' remains unconnected for this instance (VERI-1927) (D:/Efinity_Project/Efinity_Project/Ti60F225_OV5640_Face_Reproduction\ip/DdrCtrl\DdrCtrl.sv:184)
[EFX-0011 VERI-WARNING] port 'wr_data' is not connected on this instance (VERI-2435) (D:/Efinity_Project/Efinity_Project/Ti60F225_OV5640_Face_Reproduction\ip/DdrCtrl\DdrCtrl.sv:184)
[EFX-0011 VERI-WARNING] port '**' is not connected on this instance (VERI-2435) (D:/Efinity_Project/Efinity_Project/Ti60F225_OV5640_Face_Reproduction\ip/DdrCtrl\DdrCtrl.sv:2496)
[EFX-0011 VERI-WARNING] expression size ** truncated to fit in target size ** (VERI-1209) (D:/Efinity_Project/Efinity_Project/Ti60F225_OV5640_Face_Reproduction\ip/DdrCtrl\DdrCtrl.sv:2611)
[EFX-0011 VERI-WARNING] actual bit length ** differs from formal bit length *** for port '**' (VERI-1330) (D:/Efinity_Project/Efinity_Project/Ti60F225_OV5640_Face_Reproduction\ip/DdrCtrl\DdrCtrl.sv:2496)
[EFX-0011 VERI-WARNING] expression size ** truncated to fit in target size ** (VERI-1209) (D:/Efinity_Project/Efinity_Project/Ti60F225_OV5640_Face_Reproduction\ip/DdrCtrl\DdrCtrl.sv:2611)
[EFX-0011 VERI-WARNING] expression size ** truncated to fit in target size ** (VERI-1209) (D:/Efinity_Project/Efinity_Project/Ti60F225_OV5640_Face_Reproduction\ip/DdrCtrl\DdrCtrl.sv:2611)
[EFX-0011 VERI-WARNING] actual bit length ** differs from formal bit length *** for port '**' (VERI-1330) (D:/Efinity_Project/Efinity_Project/Ti60F225_OV5640_Face_Reproduction\ip/DdrCtrl\DdrCtrl.sv:2496)
[EFX-0011 VERI-WARNING] port '**' remains unconnected for this instance (VERI-1927) (D:/Efinity_Project/Efinity_Project/Ti60F225_OV5640_Face_Reproduction\ip/DdrCtrl\DdrCtrl.sv:590)
[EFX-0011 VERI-WARNING] actual bit length ** differs from formal bit length *** for port '**' (VERI-1330) (D:/Efinity_Project/Efinity_Project/Ti60F225_OV5640_Face_Reproduction\ip/DdrCtrl\DdrCtrl.sv:590)
[EFX-0011 VERI-WARNING] port '**' remains unconnected for this instance (VERI-1927) (D:/Efinity_Project/Efinity_Project/Ti60F225_OV5640_Face_Reproduction\ip/DdrCtrl\DdrCtrl.sv:1460)
[EFX-0011 VERI-WARNING] port '**' remains unconnected for this instance (VERI-1927) (D:/Efinity_Project/Efinity_Project/Ti60F225_OV5640_Face_Reproduction\ip/DdrCtrl\DdrCtrl.sv:4817)
[EFX-0011 VERI-WARNING] actual bit length ** differs from formal bit length *** for port '**' (VERI-1330) (D:/Efinity_Project/Efinity_Project/Ti60F225_OV5640_Face_Reproduction\ip/DdrCtrl\DdrCtrl.sv:4817)
[EFX-0011 VERI-WARNING] input port '**' is not connected on this instance (VDB-1013) (D:/Efinity_Project/Efinity_Project/Ti60F225_OV5640_Face_Reproduction\ip/DdrCtrl\DdrCtrl.sv:4817)
[EFX-0011 VERI-WARNING] expression size ** truncated to fit in target size ** (VERI-1209) (D:/Efinity_Project/Efinity_Project/Ti60F225_OV5640_Face_Reproduction\ip/DdrCtrl\DdrCtrl.sv:1460)
[EFX-0011 VERI-WARNING] net '**' does not have a driver (VDB-1002) (D:/Efinity_Project/Efinity_Project/Ti60F225_OV5640_Face_Reproduction\ip/DdrCtrl\DdrCtrl.sv:1460)
[EFX-0011 VERI-WARNING] net '**' does not have a driver (VDB-1002) (D:/Efinity_Project/Efinity_Project/Ti60F225_OV5640_Face_Reproduction\ip/DdrCtrl\DdrCtrl.sv:590)
[EFX-0011 VERI-WARNING] input port '**' is not connected on this instance (VDB-1013) (D:/Efinity_Project/Efinity_Project/Ti60F225_OV5640_Face_Reproduction\ip/DdrCtrl\DdrCtrl.sv:590)
[EFX-0011 VERI-WARNING] input port '**' is not connected on this instance (VDB-1013) (D:/Efinity_Project/Efinity_Project/Ti60F225_OV5640_Face_Reproduction\ip/DdrCtrl\DdrCtrl.sv:2496)
[EFX-0011 VERI-WARNING] input port 'wr_data[127]' is not connected on this instance (VDB-1013) (D:/Efinity_Project/Efinity_Project/Ti60F225_OV5640_Face_Reproduction\ip/DdrCtrl\DdrCtrl.sv:117)
[EFX-0011 VERI-WARNING] actual bit length 4 differs from formal bit length 8 for port 'axi_aid' (VERI-1330) (D:\Efinity_Project\Efinity_Project\Ti60F225_OV5640_Face_Reproduction\example_top.v:579)
[EFX-0011 VERI-WARNING] actual bit length 4 differs from formal bit length 8 for port 'axi_wid' (VERI-1330) (D:\Efinity_Project\Efinity_Project\Ti60F225_OV5640_Face_Reproduction\example_top.v:586)
[EFX-0011 VERI-WARNING] actual bit length 4 differs from formal bit length 8 for port 'axi_bid' (VERI-1330) (D:\Efinity_Project\Efinity_Project\Ti60F225_OV5640_Face_Reproduction\example_top.v:595)
[EFX-0011 VERI-WARNING] actual bit length 4 differs from formal bit length 8 for port 'axi_rid' (VERI-1330) (D:\Efinity_Project\Efinity_Project\Ti60F225_OV5640_Face_Reproduction\example_top.v:601)
[EFX-0011 VERI-WARNING] expression size 2 truncated to fit in target size 1 (VERI-1209) (D:\Efinity_Project\Efinity_Project\Ti60F225_OV5640_Face_Reproduction\src\axi\AXI4_AWARMux.v:90)
[EFX-0011 VERI-WARNING] expression size 3 truncated to fit in target size 2 (VERI-1209) (D:\Efinity_Project\Efinity_Project\Ti60F225_OV5640_Face_Reproduction\example_top.v:713)
[EFX-0011 VERI-WARNING] expression size 5 truncated to fit in target size 4 (VERI-1209) (D:\Efinity_Project\Efinity_Project\Ti60F225_OV5640_Face_Reproduction\example_top.v:714)
[EFX-0011 VERI-WARNING] actual bit length 64 differs from formal bit length 8 for port 'image_out_data' (VERI-1330) (D:\Efinity_Project\Efinity_Project\Ti60F225_OV5640_Face_Reproduction\example_top.v:861)
[EFX-0011 VERI-WARNING] expression size 32 truncated to fit in target size 16 (VERI-1209) (D:\Efinity_Project\Efinity_Project\Ti60F225_OV5640_Face_Reproduction\src\axi\axi4_ctrl.v:91)
[EFX-0011 VERI-WARNING] expression size 3 truncated to fit in target size 2 (VERI-1209) (D:\Efinity_Project\Efinity_Project\Ti60F225_OV5640_Face_Reproduction\src\axi\axi4_ctrl.v:113)
[EFX-0011 VERI-WARNING] expression size 3 truncated to fit in target size 2 (VERI-1209) (D:\Efinity_Project\Efinity_Project\Ti60F225_OV5640_Face_Reproduction\src\axi\axi4_ctrl.v:114)
[EFX-0011 VERI-WARNING] expression size 3 truncated to fit in target size 2 (VERI-1209) (D:\Efinity_Project\Efinity_Project\Ti60F225_OV5640_Face_Reproduction\src\axi\axi4_ctrl.v:196)
[EFX-0011 VERI-WARNING] expression size 2 truncated to fit in target size 1 (VERI-1209) (D:\Efinity_Project\Efinity_Project\Ti60F225_OV5640_Face_Reproduction\src\axi\axi4_ctrl.v:238)
[EFX-0011 VERI-WARNING] expression size 23 truncated to fit in target size 22 (VERI-1209) (D:\Efinity_Project\Efinity_Project\Ti60F225_OV5640_Face_Reproduction\src\axi\axi4_ctrl.v:257)
[EFX-0011 VERI-WARNING] port 'a_wr_rst_i' remains unconnected for this instance (VERI-1927) (D:/Efinity_Project/Efinity_Project/Ti60F225_OV5640_Face_Reproduction\ip/W0_FIFO_8\W0_FIFO_8.sv:116)
[EFX-0011 VERI-WARNING] expression size 32 truncated to fit in target size 14 (VERI-1209) (D:/Efinity_Project/Efinity_Project/Ti60F225_OV5640_Face_Reproduction\ip/W0_FIFO_8\W0_FIFO_8.sv:1251)
[EFX-0011 VERI-WARNING] expression size 32 truncated to fit in target size 10 (VERI-1209) (D:/Efinity_Project/Efinity_Project/Ti60F225_OV5640_Face_Reproduction\ip/W0_FIFO_8\W0_FIFO_8.sv:1252)
[EFX-0011 VERI-WARNING] input port 'a_wr_rst_i' is not connected on this instance (VDB-1013) (D:/Efinity_Project/Efinity_Project/Ti60F225_OV5640_Face_Reproduction\ip/W0_FIFO_8\W0_FIFO_8.sv:95)
[EFX-0011 VERI-WARNING] port 'a_wr_rst_i' remains unconnected for this instance (VERI-1927) (D:/Efinity_Project/Efinity_Project/Ti60F225_OV5640_Face_Reproduction\ip/R0_FIFO_16\R0_FIFO_16.sv:116)
[EFX-0011 VERI-WARNING] expression size 32 truncated to fit in target size 10 (VERI-1209) (D:/Efinity_Project/Efinity_Project/Ti60F225_OV5640_Face_Reproduction\ip/R0_FIFO_16\R0_FIFO_16.sv:1236)
[EFX-0011 VERI-WARNING] expression size 32 truncated to fit in target size 13 (VERI-1209) (D:/Efinity_Project/Efinity_Project/Ti60F225_OV5640_Face_Reproduction\ip/R0_FIFO_16\R0_FIFO_16.sv:1237)
[EFX-0011 VERI-WARNING] input port 'a_wr_rst_i' is not connected on this instance (VDB-1013) (D:/Efinity_Project/Efinity_Project/Ti60F225_OV5640_Face_Reproduction\ip/R0_FIFO_16\R0_FIFO_16.sv:95)
[EFX-0011 VERI-WARNING] expression size 17 truncated to fit in target size 16 (VERI-1209) (D:\Efinity_Project\Efinity_Project\Ti60F225_OV5640_Face_Reproduction\src\axi\axi4_ctrl.v:464)
[EFX-0011 VERI-WARNING] expression size 23 truncated to fit in target size 22 (VERI-1209) (D:\Efinity_Project\Efinity_Project\Ti60F225_OV5640_Face_Reproduction\src\axi\axi4_ctrl.v:574)
[EFX-0011 VERI-WARNING] actual bit length 32 differs from formal bit length 4 for port 'axi_bid' (VERI-1330) (D:\Efinity_Project\Efinity_Project\Ti60F225_OV5640_Face_Reproduction\example_top.v:934)
[EFX-0011 VERI-WARNING] actual bit length 32 differs from formal bit length 2 for port 'axi_bresp' (VERI-1330) (D:\Efinity_Project\Efinity_Project\Ti60F225_OV5640_Face_Reproduction\example_top.v:935)
[EFX-0011 VERI-WARNING] actual bit length 32 differs from formal bit length 1 for port 'axi_bvalid' (VERI-1330) (D:\Efinity_Project\Efinity_Project\Ti60F225_OV5640_Face_Reproduction\example_top.v:936)
[EFX-0011 VERI-WARNING] actual bit length 32 differs from formal bit length 2 for port 'axi_rresp' (VERI-1330) (D:\Efinity_Project\Efinity_Project\Ti60F225_OV5640_Face_Reproduction\example_top.v:946)
[EFX-0011 VERI-WARNING] actual bit length 64 differs from formal bit length 8 for port 'wframe_data' (VERI-1330) (D:\Efinity_Project\Efinity_Project\Ti60F225_OV5640_Face_Reproduction\example_top.v:954)
[EFX-0011 VERI-WARNING] actual bit length 8 differs from formal bit length 32 for port 'tp_o' (VERI-1330) (D:\Efinity_Project\Efinity_Project\Ti60F225_OV5640_Face_Reproduction\example_top.v:961)
[EFX-0011 VERI-WARNING] expression size 8 truncated to fit in target size 4 (VERI-1209) (D:\Efinity_Project\Efinity_Project\Ti60F225_OV5640_Face_Reproduction\example_top.v:963)
[EFX-0011 VERI-WARNING] expression size 14 truncated to fit in target size 12 (VERI-1209) (D:\Efinity_Project\Efinity_Project\Ti60F225_OV5640_Face_Reproduction\src\lcd_driver.v:145)
[EFX-0011 VERI-WARNING] actual bit length 24 differs from formal bit length 48 for port 'lcd_data' (VERI-1330) (D:\Efinity_Project\Efinity_Project\Ti60F225_OV5640_Face_Reproduction\example_top.v:1014)
[EFX-0011 VERI-WARNING] expression size 13 truncated to fit in target size 12 (VERI-1209) (D:\Efinity_Project\Efinity_Project\Ti60F225_OV5640_Face_Reproduction\src\vision\sobel3x3.v:94)
[EFX-0011 VERI-WARNING] expression size 13 truncated to fit in target size 12 (VERI-1209) (D:\Efinity_Project\Efinity_Project\Ti60F225_OV5640_Face_Reproduction\src\vision\sobel3x3.v:95)
[EFX-0011 VERI-WARNING] expression size 32 truncated to fit in target size 8 (VERI-1209) (D:\Efinity_Project\Efinity_Project\Ti60F225_OV5640_Face_Reproduction\src\face\face_reader_720p.v:22)
[EFX-0011 VERI-WARNING] actual bit length 10 differs from formal bit length 11 for port 'pixel_y' (VERI-1330) (D:\Efinity_Project\Efinity_Project\Ti60F225_OV5640_Face_Reproduction\example_top.v:1459)
[EFX-0011 VERI-WARNING] port 'rst_busy' remains unconnected for this instance (VERI-1927) (D:\Efinity_Project\Efinity_Project\Ti60F225_OV5640_Face_Reproduction\src\face\true_ccl.v:224)
[EFX-0011 VERI-WARNING] concatenation with an unsized literal will be treated as 32 bits (VERI-1320) (D:\Efinity_Project\Efinity_Project\Ti60F225_OV5640_Face_Reproduction\src\face\true_ccl.v:235)
[EFX-0011 VERI-WARNING] port 'rst_busy' remains unconnected for this instance (VERI-1927) (D:\Efinity_Project\Efinity_Project\Ti60F225_OV5640_Face_Reproduction\src\face\true_ccl.v:241)
[EFX-0011 VERI-WARNING] expression size 12 truncated to fit in target size 11 (VERI-1209) (D:\Efinity_Project\Efinity_Project\Ti60F225_OV5640_Face_Reproduction\src\face\true_ccl.v:75)
[EFX-0011 VERI-WARNING] latch inferred for net 'PreCombCur' (VERI-2580) (D:\Efinity_Project\Efinity_Project\Ti60F225_OV5640_Face_Reproduction\src\face\true_ccl.v:176)
[EFX-0011 VERI-WARNING] port 'a_wr_rst_i' remains unconnected for this instance (VERI-1927) (D:/Efinity_Project/Efinity_Project/Ti60F225_OV5640_Face_Reproduction\ip/FIFO36x512\FIFO36x512.sv:98)
[EFX-0011 VERI-WARNING] input port 'a_wr_rst_i' is not connected on this instance (VDB-1013) (D:/Efinity_Project/Efinity_Project/Ti60F225_OV5640_Face_Reproduction\ip/FIFO36x512\FIFO36x512.sv:86)
[EFX-0011 VERI-WARNING] actual bit length 32 differs from formal bit length 36 for port 'rdata' (VERI-1330) (D:\Efinity_Project\Efinity_Project\Ti60F225_OV5640_Face_Reproduction\src\face\true_ccl.v:221)
[EFX-0011 VERI-WARNING] actual bit length 66 differs from formal bit length 36 for port 'wdata' (VERI-1330) (D:\Efinity_Project\Efinity_Project\Ti60F225_OV5640_Face_Reproduction\src\face\true_ccl.v:235)
[EFX-0011 VERI-WARNING] actual bit length 34 differs from formal bit length 36 for port 'rdata' (VERI-1330) (D:\Efinity_Project\Efinity_Project\Ti60F225_OV5640_Face_Reproduction\src\face\true_ccl.v:238)
[EFX-0011 VERI-WARNING] port 'addr' is not connected on this instance (VERI-2435) (D:/Efinity_Project/Efinity_Project/Ti60F225_OV5640_Face_Reproduction\ip/BlockRam90x1024\BlockRam90x1024.v:144)
[EFX-0011 VERI-WARNING] expression size 32 truncated to fit in target size 1 (VERI-1209) (D:/Efinity_Project/Efinity_Project/Ti60F225_OV5640_Face_Reproduction\ip/BlockRam90x1024\BlockRam90x1024.v:1091)
[EFX-0011 VERI-WARNING] expression size 32 truncated to fit in target size 1 (VERI-1209) (D:/Efinity_Project/Efinity_Project/Ti60F225_OV5640_Face_Reproduction\ip/BlockRam90x1024\BlockRam90x1024.v:1092)
[EFX-0011 VERI-WARNING] expression size 32 truncated to fit in target size 1 (VERI-1209) (D:/Efinity_Project/Efinity_Project/Ti60F225_OV5640_Face_Reproduction\ip/BlockRam90x1024\BlockRam90x1024.v:1104)
[EFX-0011 VERI-WARNING] expression size 32 truncated to fit in target size 1 (VERI-1209) (D:/Efinity_Project/Efinity_Project/Ti60F225_OV5640_Face_Reproduction\ip/BlockRam90x1024\BlockRam90x1024.v:1105)
[EFX-0011 VERI-WARNING] expression size 32 truncated to fit in target size 1 (VERI-1209) (D:/Efinity_Project/Efinity_Project/Ti60F225_OV5640_Face_Reproduction\ip/BlockRam90x1024\BlockRam90x1024.v:1108)
[EFX-0011 VERI-WARNING] expression size 32 truncated to fit in target size 1 (VERI-1209) (D:/Efinity_Project/Efinity_Project/Ti60F225_OV5640_Face_Reproduction\ip/BlockRam90x1024\BlockRam90x1024.v:1109)
[EFX-0011 VERI-WARNING] input port 'addr[9]' is not connected on this instance (VDB-1013) (D:/Efinity_Project/Efinity_Project/Ti60F225_OV5640_Face_Reproduction\ip/BlockRam90x1024\BlockRam90x1024.v:133)
[EFX-0011 VERI-WARNING] input port 'clke' remains unconnected for this instance (VDB-1053) (D:/Efinity_Project/Efinity_Project/Ti60F225_OV5640_Face_Reproduction\ip/BlockRam90x1024\BlockRam90x1024.v:133)
[EFX-0011 VERI-WARNING] actual bit length 27 differs from formal bit length 26 for port 'Count' (VERI-1330) (D:\Efinity_Project\Efinity_Project\Ti60F225_OV5640_Face_Reproduction\src\face\streaming_connected_components.v:134)
[EFX-0011 VERI-WARNING] latch inferred for net 'dx0[10]' (VERI-2580) (D:\Efinity_Project\Efinity_Project\Ti60F225_OV5640_Face_Reproduction\src\face\bbox_overlay.v:192)
[EFX-0011 VERI-WARNING] actual bit length 32 differs from formal bit length 4 for port 'data_island_data' (VERI-1330) (D:\Efinity_Project\Efinity_Project\Ti60F225_OV5640_Face_Reproduction\src\hdmi_ip\rgb2dvi.v:50)
[EFX-0011 VERI-WARNING] actual bit length 4 differs from formal bit length 3 for port 'mode' (VERI-1330) (D:\Efinity_Project\Efinity_Project\Ti60F225_OV5640_Face_Reproduction\src\hdmi_ip\rgb2dvi.v:52)
[EFX-0011 VERI-WARNING] actual bit length 32 differs from formal bit length 4 for port 'data_island_data' (VERI-1330) (D:\Efinity_Project\Efinity_Project\Ti60F225_OV5640_Face_Reproduction\src\hdmi_ip\rgb2dvi.v:58)
[EFX-0011 VERI-WARNING] actual bit length 4 differs from formal bit length 3 for port 'mode' (VERI-1330) (D:\Efinity_Project\Efinity_Project\Ti60F225_OV5640_Face_Reproduction\src\hdmi_ip\rgb2dvi.v:60)
[EFX-0011 VERI-WARNING] actual bit length 32 differs from formal bit length 4 for port 'data_island_data' (VERI-1330) (D:\Efinity_Project\Efinity_Project\Ti60F225_OV5640_Face_Reproduction\src\hdmi_ip\rgb2dvi.v:66)
[EFX-0011 VERI-WARNING] actual bit length 4 differs from formal bit length 3 for port 'mode' (VERI-1330) (D:\Efinity_Project\Efinity_Project\Ti60F225_OV5640_Face_Reproduction\src\hdmi_ip\rgb2dvi.v:68)
[EFX-0011 VERI-WARNING] actual bit length 32 differs from formal bit length 1 for port 'oe_i' (VERI-1330) (D:\Efinity_Project\Efinity_Project\Ti60F225_OV5640_Face_Reproduction\example_top.v:1651)
[EFX-0011 VERI-WARNING] net 'w_dev_index_o[7]' does not have a driver (VDB-1002) (D:\Efinity_Project\Efinity_Project\Ti60F225_OV5640_Face_Reproduction\example_top.v:428)
[EFX-0011 VERI-WARNING] net 'w_dev_cmd_o[7]' does not have a driver (VDB-1002) (D:\Efinity_Project\Efinity_Project\Ti60F225_OV5640_Face_Reproduction\example_top.v:429)
[EFX-0011 VERI-WARNING] net 'w_dev_wdata_o[31]' does not have a driver (VDB-1002) (D:\Efinity_Project\Efinity_Project\Ti60F225_OV5640_Face_Reproduction\example_top.v:430)
[EFX-0011 VERI-WARNING] net 'w_dev_wvalid_o' does not have a driver (VDB-1002) (D:\Efinity_Project\Efinity_Project\Ti60F225_OV5640_Face_Reproduction\example_top.v:431)
[EFX-0011 VERI-WARNING] net 'w_spi_ssn_o' does not have a driver (VDB-1002) (D:\Efinity_Project\Efinity_Project\Ti60F225_OV5640_Face_Reproduction\example_top.v:435)
[EFX-0011 VERI-WARNING] net 'w_spi_data_o[3]' does not have a driver (VDB-1002) (D:\Efinity_Project\Efinity_Project\Ti60F225_OV5640_Face_Reproduction\example_top.v:436)
[EFX-0011 VERI-WARNING] net 'w_lcd_b_o[7]' does not have a driver (VDB-1002) (D:\Efinity_Project\Efinity_Project\Ti60F225_OV5640_Face_Reproduction\example_top.v:453)
[EFX-0011 VERI-WARNING] input port 'SerialClk' is not connected on this instance (VDB-1013) (D:\Efinity_Project\Efinity_Project\Ti60F225_OV5640_Face_Reproduction\example_top.v:1644)
[EFX-0256 WARNING] The primary output port 'csi_ctl0_o' wire 'csi_ctl0_o' is not driven.
[EFX-0256 WARNING] The primary output port 'csi_ctl1_o' wire 'csi_ctl1_o' is not driven.
[EFX-0256 WARNING] The primary output port 'csi_scl_o' wire 'csi_scl_o' is not driven.
[EFX-0256 WARNING] The primary output port 'csi_scl_oe' wire 'csi_scl_oe' is not driven.
[EFX-0256 WARNING] The primary output port 'csi_sda_o' wire 'csi_sda_o' is not driven.
[EFX-0256 WARNING] The primary output port 'csi_sda_oe' wire 'csi_sda_oe' is not driven.
[EFX-0256 WARNING] The primary output port 'csi_rxc_hs_en_o' wire 'csi_rxc_hs_en_o' is not driven.
[EFX-0256 WARNING] The primary output port 'csi_rxc_hs_term_en_o' wire 'csi_rxc_hs_term_en_o' is not driven.
[EFX-0256 WARNING] The primary output port 'csi_rxd0_rst_o' wire 'csi_rxd0_rst_o' is not driven.
[EFX-0256 WARNING] The primary output port 'csi_rxd0_hs_en_o' wire 'csi_rxd0_hs_en_o' is not driven.
[EFX-0256 WARNING] The primary output port 'csi_rxd0_hs_term_en_o' wire 'csi_rxd0_hs_term_en_o' is not driven.
[EFX-0256 WARNING] The primary output port 'csi_rxd1_rst_o' wire 'csi_rxd1_rst_o' is not driven.
[EFX-0256 WARNING] The primary output port 'csi_rxd1_hs_en_o' wire 'csi_rxd1_hs_en_o' is not driven.
[EFX-0256 WARNING] The primary output port 'csi_rxd1_hs_term_en_o' wire 'csi_rxd1_hs_term_en_o' is not driven.
[EFX-0256 WARNING] The primary output port 'csi_rxd2_rst_o' wire 'csi_rxd2_rst_o' is not driven.
[EFX-0256 WARNING] The primary output port 'csi_rxd2_hs_en_o' wire 'csi_rxd2_hs_en_o' is not driven.
[EFX-0256 WARNING] The primary output port 'csi_rxd2_hs_term_en_o' wire 'csi_rxd2_hs_term_en_o' is not driven.
[EFX-0256 WARNING] The primary output port 'csi_rxd3_rst_o' wire 'csi_rxd3_rst_o' is not driven.
[EFX-0256 WARNING] The primary output port 'csi_rxd3_hs_en_o' wire 'csi_rxd3_hs_en_o' is not driven.
[EFX-0256 WARNING] The primary output port 'csi_rxd3_hs_term_en_o' wire 'csi_rxd3_hs_term_en_o' is not driven.
[EFX-0256 WARNING] The primary output port 'dsi_txc_rst_o' wire 'dsi_txc_rst_o' is not driven.
[EFX-0256 WARNING] The primary output port 'dsi_txc_lp_p_oe' wire 'dsi_txc_lp_p_oe' is not driven.
[EFX-0256 WARNING] The primary output port 'dsi_txc_lp_p_o' wire 'dsi_txc_lp_p_o' is not driven.
[EFX-0256 WARNING] The primary output port 'dsi_txc_lp_n_oe' wire 'dsi_txc_lp_n_oe' is not driven.
[EFX-0256 WARNING] The primary output port 'dsi_txc_lp_n_o' wire 'dsi_txc_lp_n_o' is not driven.
[EFX-0256 WARNING] The primary output port 'dsi_txc_hs_oe' wire 'dsi_txc_hs_oe' is not driven.
[EFX-0256 WARNING] The primary output port 'dsi_txc_hs_o[7]' wire 'dsi_txc_hs_o[7]' is not driven.
[EFX-0256 WARNING] The primary output port 'dsi_txc_hs_o[6]' wire 'dsi_txc_hs_o[6]' is not driven.
[EFX-0256 WARNING] The primary output port 'dsi_txc_hs_o[5]' wire 'dsi_txc_hs_o[5]' is not driven.
[EFX-0256 WARNING] The primary output port 'dsi_txc_hs_o[4]' wire 'dsi_txc_hs_o[4]' is not driven.
[EFX-0256 WARNING] The primary output port 'dsi_txc_hs_o[3]' wire 'dsi_txc_hs_o[3]' is not driven.
[EFX-0256 WARNING] The primary output port 'dsi_txc_hs_o[2]' wire 'dsi_txc_hs_o[2]' is not driven.
[EFX-0256 WARNING] The primary output port 'dsi_txc_hs_o[1]' wire 'dsi_txc_hs_o[1]' is not driven.
[EFX-0256 WARNING] The primary output port 'dsi_txc_hs_o[0]' wire 'dsi_txc_hs_o[0]' is not driven.
[EFX-0256 WARNING] The primary output port 'dsi_txd0_rst_o' wire 'dsi_txd0_rst_o' is not driven.
[EFX-0256 WARNING] The primary output port 'dsi_txd0_hs_oe' wire 'dsi_txd0_hs_oe' is not driven.
[EFX-0256 WARNING] The primary output port 'dsi_txd0_hs_o[7]' wire 'dsi_txd0_hs_o[7]' is not driven.
[EFX-0256 WARNING] The primary output port 'dsi_txd0_hs_o[6]' wire 'dsi_txd0_hs_o[6]' is not driven.
[EFX-0256 WARNING] The primary output port 'dsi_txd0_hs_o[5]' wire 'dsi_txd0_hs_o[5]' is not driven.
[EFX-0256 WARNING] The primary output port 'dsi_txd0_hs_o[4]' wire 'dsi_txd0_hs_o[4]' is not driven.
[EFX-0256 WARNING] The primary output port 'dsi_txd0_hs_o[3]' wire 'dsi_txd0_hs_o[3]' is not driven.
[EFX-0256 WARNING] The primary output port 'dsi_txd0_hs_o[2]' wire 'dsi_txd0_hs_o[2]' is not driven.
[EFX-0256 WARNING] The primary output port 'dsi_txd0_hs_o[1]' wire 'dsi_txd0_hs_o[1]' is not driven.
[EFX-0256 WARNING] The primary output port 'dsi_txd0_hs_o[0]' wire 'dsi_txd0_hs_o[0]' is not driven.
[EFX-0256 WARNING] The primary output port 'dsi_txd0_lp_p_oe' wire 'dsi_txd0_lp_p_oe' is not driven.
[EFX-0256 WARNING] The primary output port 'dsi_txd0_lp_p_o' wire 'dsi_txd0_lp_p_o' is not driven.
[EFX-0256 WARNING] The primary output port 'dsi_txd0_lp_n_oe' wire 'dsi_txd0_lp_n_oe' is not driven.
[EFX-0256 WARNING] The primary output port 'dsi_txd0_lp_n_o' wire 'dsi_txd0_lp_n_o' is not driven.
[EFX-0256 WARNING] The primary output port 'dsi_txd1_rst_o' wire 'dsi_txd1_rst_o' is not driven.
[EFX-0256 WARNING] The primary output port 'dsi_txd1_lp_p_oe' wire 'dsi_txd1_lp_p_oe' is not driven.
[EFX-0256 WARNING] The primary output port 'dsi_txd1_lp_p_o' wire 'dsi_txd1_lp_p_o' is not driven.
[EFX-0256 WARNING] The primary output port 'dsi_txd1_lp_n_oe' wire 'dsi_txd1_lp_n_oe' is not driven.
[EFX-0256 WARNING] The primary output port 'dsi_txd1_lp_n_o' wire 'dsi_txd1_lp_n_o' is not driven.
[EFX-0256 WARNING] The primary output port 'dsi_txd1_hs_oe' wire 'dsi_txd1_hs_oe' is not driven.
[EFX-0256 WARNING] The primary output port 'dsi_txd1_hs_o[7]' wire 'dsi_txd1_hs_o[7]' is not driven.
[EFX-0256 WARNING] The primary output port 'dsi_txd1_hs_o[6]' wire 'dsi_txd1_hs_o[6]' is not driven.
[EFX-0256 WARNING] The primary output port 'dsi_txd1_hs_o[5]' wire 'dsi_txd1_hs_o[5]' is not driven.
[EFX-0256 WARNING] The primary output port 'dsi_txd1_hs_o[4]' wire 'dsi_txd1_hs_o[4]' is not driven.
[EFX-0256 WARNING] The primary output port 'dsi_txd1_hs_o[3]' wire 'dsi_txd1_hs_o[3]' is not driven.
[EFX-0256 WARNING] The primary output port 'dsi_txd1_hs_o[2]' wire 'dsi_txd1_hs_o[2]' is not driven.
[EFX-0256 WARNING] The primary output port 'dsi_txd1_hs_o[1]' wire 'dsi_txd1_hs_o[1]' is not driven.
[EFX-0256 WARNING] The primary output port 'dsi_txd1_hs_o[0]' wire 'dsi_txd1_hs_o[0]' is not driven.
[EFX-0256 WARNING] The primary output port 'dsi_txd2_rst_o' wire 'dsi_txd2_rst_o' is not driven.
[EFX-0256 WARNING] The primary output port 'dsi_txd2_lp_p_oe' wire 'dsi_txd2_lp_p_oe' is not driven.
[EFX-0256 WARNING] The primary output port 'dsi_txd2_lp_p_o' wire 'dsi_txd2_lp_p_o' is not driven.
[EFX-0256 WARNING] The primary output port 'dsi_txd2_lp_n_oe' wire 'dsi_txd2_lp_n_oe' is not driven.
[EFX-0256 WARNING] The primary output port 'dsi_txd2_lp_n_o' wire 'dsi_txd2_lp_n_o' is not driven.
[EFX-0256 WARNING] The primary output port 'dsi_txd2_hs_oe' wire 'dsi_txd2_hs_oe' is not driven.
[EFX-0256 WARNING] The primary output port 'dsi_txd2_hs_o[7]' wire 'dsi_txd2_hs_o[7]' is not driven.
[EFX-0256 WARNING] The primary output port 'dsi_txd2_hs_o[6]' wire 'dsi_txd2_hs_o[6]' is not driven.
[EFX-0256 WARNING] The primary output port 'dsi_txd2_hs_o[5]' wire 'dsi_txd2_hs_o[5]' is not driven.
[EFX-0256 WARNING] The primary output port 'dsi_txd2_hs_o[4]' wire 'dsi_txd2_hs_o[4]' is not driven.
[EFX-0256 WARNING] The primary output port 'dsi_txd2_hs_o[3]' wire 'dsi_txd2_hs_o[3]' is not driven.
[EFX-0256 WARNING] The primary output port 'dsi_txd2_hs_o[2]' wire 'dsi_txd2_hs_o[2]' is not driven.
[EFX-0256 WARNING] The primary output port 'dsi_txd2_hs_o[1]' wire 'dsi_txd2_hs_o[1]' is not driven.
[EFX-0256 WARNING] The primary output port 'dsi_txd2_hs_o[0]' wire 'dsi_txd2_hs_o[0]' is not driven.
[EFX-0256 WARNING] The primary output port 'dsi_txd3_rst_o' wire 'dsi_txd3_rst_o' is not driven.
[EFX-0256 WARNING] The primary output port 'dsi_txd3_lp_p_oe' wire 'dsi_txd3_lp_p_oe' is not driven.
[EFX-0256 WARNING] The primary output port 'dsi_txd3_lp_p_o' wire 'dsi_txd3_lp_p_o' is not driven.
[EFX-0256 WARNING] The primary output port 'dsi_txd3_lp_n_oe' wire 'dsi_txd3_lp_n_oe' is not driven.
[EFX-0256 WARNING] The primary output port 'dsi_txd3_lp_n_o' wire 'dsi_txd3_lp_n_o' is not driven.
[EFX-0256 WARNING] The primary output port 'dsi_txd3_hs_oe' wire 'dsi_txd3_hs_oe' is not driven.
[EFX-0256 WARNING] The primary output port 'dsi_txd3_hs_o[7]' wire 'dsi_txd3_hs_o[7]' is not driven.
[EFX-0256 WARNING] The primary output port 'dsi_txd3_hs_o[6]' wire 'dsi_txd3_hs_o[6]' is not driven.
[EFX-0256 WARNING] The primary output port 'dsi_txd3_hs_o[5]' wire 'dsi_txd3_hs_o[5]' is not driven.
[EFX-0256 WARNING] The primary output port 'dsi_txd3_hs_o[4]' wire 'dsi_txd3_hs_o[4]' is not driven.
[EFX-0256 WARNING] The primary output port 'dsi_txd3_hs_o[3]' wire 'dsi_txd3_hs_o[3]' is not driven.
[EFX-0256 WARNING] The primary output port 'dsi_txd3_hs_o[2]' wire 'dsi_txd3_hs_o[2]' is not driven.
[EFX-0256 WARNING] The primary output port 'dsi_txd3_hs_o[1]' wire 'dsi_txd3_hs_o[1]' is not driven.
[EFX-0256 WARNING] The primary output port 'dsi_txd3_hs_o[0]' wire 'dsi_txd3_hs_o[0]' is not driven.
[EFX-0256 WARNING] The primary output port 'uart_tx_o' wire 'uart_tx_o' is not driven.
[EFX-0256 WARNING] The primary output port 'led_o[4]' wire 'led_o[4]' is not driven.
[EFX-0256 WARNING] The primary output port 'lvds_txc_oe' wire 'lvds_txc_oe' is not driven.
[EFX-0256 WARNING] The primary output port 'lvds_txc_o[6]' wire 'lvds_txc_o[6]' is not driven.
[EFX-0256 WARNING] The primary output port 'lvds_txc_o[5]' wire 'lvds_txc_o[5]' is not driven.
[EFX-0256 WARNING] The primary output port 'lvds_txc_o[4]' wire 'lvds_txc_o[4]' is not driven.
[EFX-0256 WARNING] The primary output port 'lvds_txc_o[3]' wire 'lvds_txc_o[3]' is not driven.
[EFX-0256 WARNING] The primary output port 'lvds_txc_o[2]' wire 'lvds_txc_o[2]' is not driven.
[EFX-0256 WARNING] The primary output port 'lvds_txc_o[1]' wire 'lvds_txc_o[1]' is not driven.
[EFX-0256 WARNING] The primary output port 'lvds_txc_o[0]' wire 'lvds_txc_o[0]' is not driven.
[EFX-0256 WARNING] The primary output port 'lvds_txc_rst_o' wire 'lvds_txc_rst_o' is not driven.
[EFX-0256 WARNING] The primary output port 'lvds_txd0_oe' wire 'lvds_txd0_oe' is not driven.
[EFX-0256 WARNING] The primary output port 'lvds_txd0_o[6]' wire 'lvds_txd0_o[6]' is not driven.
[EFX-0256 WARNING] The primary output port 'lvds_txd0_o[5]' wire 'lvds_txd0_o[5]' is not driven.
[EFX-0256 WARNING] The primary output port 'lvds_txd0_o[4]' wire 'lvds_txd0_o[4]' is not driven.
[EFX-0256 WARNING] The primary output port 'lvds_txd0_o[3]' wire 'lvds_txd0_o[3]' is not driven.
[EFX-0256 WARNING] The primary output port 'lvds_txd0_o[2]' wire 'lvds_txd0_o[2]' is not driven.
[EFX-0256 WARNING] The primary output port 'lvds_txd0_o[1]' wire 'lvds_txd0_o[1]' is not driven.
[EFX-0256 WARNING] The primary output port 'lvds_txd0_o[0]' wire 'lvds_txd0_o[0]' is not driven.
[EFX-0256 WARNING] The primary output port 'lvds_txd0_rst_o' wire 'lvds_txd0_rst_o' is not driven.
[EFX-0256 WARNING] The primary output port 'lvds_txd1_oe' wire 'lvds_txd1_oe' is not driven.
[EFX-0256 WARNING] The primary output port 'lvds_txd1_o[6]' wire 'lvds_txd1_o[6]' is not driven.
[EFX-0256 WARNING] The primary output port 'lvds_txd1_o[5]' wire 'lvds_txd1_o[5]' is not driven.
[EFX-0256 WARNING] The primary output port 'lvds_txd1_o[4]' wire 'lvds_txd1_o[4]' is not driven.
[EFX-0256 WARNING] The primary output port 'lvds_txd1_o[3]' wire 'lvds_txd1_o[3]' is not driven.
[EFX-0256 WARNING] The primary output port 'lvds_txd1_o[2]' wire 'lvds_txd1_o[2]' is not driven.
[EFX-0256 WARNING] The primary output port 'lvds_txd1_o[1]' wire 'lvds_txd1_o[1]' is not driven.
[EFX-0256 WARNING] The primary output port 'lvds_txd1_o[0]' wire 'lvds_txd1_o[0]' is not driven.
[EFX-0256 WARNING] The primary output port 'lvds_txd1_rst_o' wire 'lvds_txd1_rst_o' is not driven.
[EFX-0256 WARNING] The primary output port 'lvds_txd2_oe' wire 'lvds_txd2_oe' is not driven.
[EFX-0256 WARNING] The primary output port 'lvds_txd2_o[6]' wire 'lvds_txd2_o[6]' is not driven.
[EFX-0256 WARNING] The primary output port 'lvds_txd2_o[5]' wire 'lvds_txd2_o[5]' is not driven.
[EFX-0256 WARNING] The primary output port 'lvds_txd2_o[4]' wire 'lvds_txd2_o[4]' is not driven.
[EFX-0256 WARNING] The primary output port 'lvds_txd2_o[3]' wire 'lvds_txd2_o[3]' is not driven.
[EFX-0256 WARNING] The primary output port 'lvds_txd2_o[2]' wire 'lvds_txd2_o[2]' is not driven.
[EFX-0256 WARNING] The primary output port 'lvds_txd2_o[1]' wire 'lvds_txd2_o[1]' is not driven.
[EFX-0256 WARNING] The primary output port 'lvds_txd2_o[0]' wire 'lvds_txd2_o[0]' is not driven.
[EFX-0256 WARNING] The primary output port 'lvds_txd2_rst_o' wire 'lvds_txd2_rst_o' is not driven.
[EFX-0256 WARNING] The primary output port 'lvds_txd3_oe' wire 'lvds_txd3_oe' is not driven.
[EFX-0256 WARNING] The primary output port 'lvds_txd3_o[6]' wire 'lvds_txd3_o[6]' is not driven.
[EFX-0256 WARNING] The primary output port 'lvds_txd3_o[5]' wire 'lvds_txd3_o[5]' is not driven.
[EFX-0256 WARNING] The primary output port 'lvds_txd3_o[4]' wire 'lvds_txd3_o[4]' is not driven.
[EFX-0256 WARNING] The primary output port 'lvds_txd3_o[3]' wire 'lvds_txd3_o[3]' is not driven.
[EFX-0256 WARNING] The primary output port 'lvds_txd3_o[2]' wire 'lvds_txd3_o[2]' is not driven.
[EFX-0256 WARNING] The primary output port 'lvds_txd3_o[1]' wire 'lvds_txd3_o[1]' is not driven.
[EFX-0256 WARNING] The primary output port 'lvds_txd3_o[0]' wire 'lvds_txd3_o[0]' is not driven.
[EFX-0256 WARNING] The primary output port 'lvds_txd3_rst_o' wire 'lvds_txd3_rst_o' is not driven.
[EFX-0256 WARNING] The primary output port 'lcd_tp_sda_o' wire 'lcd_tp_sda_o' is not driven.
[EFX-0256 WARNING] The primary output port 'lcd_tp_sda_oe' wire 'lcd_tp_sda_oe' is not driven.
[EFX-0256 WARNING] The primary output port 'lcd_tp_scl_o' wire 'lcd_tp_scl_o' is not driven.
[EFX-0256 WARNING] The primary output port 'lcd_tp_scl_oe' wire 'lcd_tp_scl_oe' is not driven.
[EFX-0256 WARNING] The primary output port 'lcd_tp_int_o' wire 'lcd_tp_int_o' is not driven.
[EFX-0256 WARNING] The primary output port 'lcd_tp_int_oe' wire 'lcd_tp_int_oe' is not driven.
[EFX-0256 WARNING] The primary output port 'lcd_tp_rst_o' wire 'lcd_tp_rst_o' is not driven.
[EFX-0256 WARNING] The primary output port 'lcd_pwm_o' wire 'lcd_pwm_o' is not driven.
[EFX-0256 WARNING] The primary output port 'lcd_blen_o' wire 'lcd_blen_o' is not driven.
[EFX-0256 WARNING] The primary output port 'lcd_vs_o' wire 'lcd_vs_o' is not driven.
[EFX-0256 WARNING] The primary output port 'lcd_hs_o' wire 'lcd_hs_o' is not driven.
[EFX-0256 WARNING] The primary output port 'lcd_de_o' wire 'lcd_de_o' is not driven.
[EFX-0200 WARNING] Removing redundant signal : Shift_Q7_Out[4][7]. (D:/Efinity_Project/Efinity_Project/Ti60F225_OV5640_Face_Reproduction\ip/DdrCtrl\DdrCtrl.sv:2611)
[EFX-0200 WARNING] Removing redundant signal : Shift_Q7_Out[4][6]. (D:/Efinity_Project/Efinity_Project/Ti60F225_OV5640_Face_Reproduction\ip/DdrCtrl\DdrCtrl.sv:2611)
[EFX-0200 WARNING] Removing redundant signal : Shift_Q7_Out[4][5]. (D:/Efinity_Project/Efinity_Project/Ti60F225_OV5640_Face_Reproduction\ip/DdrCtrl\DdrCtrl.sv:2611)
[EFX-0200 WARNING] Removing redundant signal : Shift_Q7_Out[4][4]. (D:/Efinity_Project/Efinity_Project/Ti60F225_OV5640_Face_Reproduction\ip/DdrCtrl\DdrCtrl.sv:2611)
[EFX-0200 WARNING] Removing redundant signal : Shift_Q7_Out[4][3]. (D:/Efinity_Project/Efinity_Project/Ti60F225_OV5640_Face_Reproduction\ip/DdrCtrl\DdrCtrl.sv:2611)
[EFX-0200 WARNING] Removing redundant signal : Shift_Q7_Out[4][2]. (D:/Efinity_Project/Efinity_Project/Ti60F225_OV5640_Face_Reproduction\ip/DdrCtrl\DdrCtrl.sv:2611)
[EFX-0200 WARNING] Removing redundant signal : Shift_Q7_Out[4][1]. (D:/Efinity_Project/Efinity_Project/Ti60F225_OV5640_Face_Reproduction\ip/DdrCtrl\DdrCtrl.sv:2611)
[EFX-0200 WARNING] Removing redundant signal : Shift_Q7_Out[4][0]. (D:/Efinity_Project/Efinity_Project/Ti60F225_OV5640_Face_Reproduction\ip/DdrCtrl\DdrCtrl.sv:2611)
[EFX-0200 WARNING] Removing redundant signal : Shift_Out[7]. (D:/Efinity_Project/Efinity_Project/Ti60F225_OV5640_Face_Reproduction\ip/DdrCtrl\DdrCtrl.sv:2611)
[EFX-0200 WARNING] Removing redundant signal : Shift_Out[6]. (D:/Efinity_Project/Efinity_Project/Ti60F225_OV5640_Face_Reproduction\ip/DdrCtrl\DdrCtrl.sv:2611)
[EFX-0200 WARNING] Removing redundant signal : Shift_Out[5]. (D:/Efinity_Project/Efinity_Project/Ti60F225_OV5640_Face_Reproduction\ip/DdrCtrl\DdrCtrl.sv:2611)
[EFX-0200 WARNING] Removing redundant signal : Shift_Out[4]. (D:/Efinity_Project/Efinity_Project/Ti60F225_OV5640_Face_Reproduction\ip/DdrCtrl\DdrCtrl.sv:2611)
[EFX-0200 WARNING] Removing redundant signal : Shift_Out[3]. (D:/Efinity_Project/Efinity_Project/Ti60F225_OV5640_Face_Reproduction\ip/DdrCtrl\DdrCtrl.sv:2611)
[EFX-0200 WARNING] Removing redundant signal : Shift_Out[2]. (D:/Efinity_Project/Efinity_Project/Ti60F225_OV5640_Face_Reproduction\ip/DdrCtrl\DdrCtrl.sv:2611)
[EFX-0200 WARNING] Removing redundant signal : Shift_Out[1]. (D:/Efinity_Project/Efinity_Project/Ti60F225_OV5640_Face_Reproduction\ip/DdrCtrl\DdrCtrl.sv:2611)
[EFX-0200 WARNING] Removing redundant signal : Shift_Out[0]. (D:/Efinity_Project/Efinity_Project/Ti60F225_OV5640_Face_Reproduction\ip/DdrCtrl\DdrCtrl.sv:2611)
[EFX-0200 WARNING] Removing redundant signal : Shift_Q7_Out[4][31]. (D:/Efinity_Project/Efinity_Project/Ti60F225_OV5640_Face_Reproduction\ip/DdrCtrl\DdrCtrl.sv:2611)
[EFX-0200 WARNING] Removing redundant signal : Shift_Q7_Out[4][30]. (D:/Efinity_Project/Efinity_Project/Ti60F225_OV5640_Face_Reproduction\ip/DdrCtrl\DdrCtrl.sv:2611)
[EFX-0200 WARNING] Removing redundant signal : Shift_Q7_Out[4][29]. (D:/Efinity_Project/Efinity_Project/Ti60F225_OV5640_Face_Reproduction\ip/DdrCtrl\DdrCtrl.sv:2611)
[EFX-0200 WARNING] Removing redundant signal : Shift_Q7_Out[4][28]. (D:/Efinity_Project/Efinity_Project/Ti60F225_OV5640_Face_Reproduction\ip/DdrCtrl\DdrCtrl.sv:2611)
[EFX-0201 WARNING] Re-wiring to GND non-driven net 'u_efx_fifo_top.a_rst_i'. (D:/Efinity_Project/Efinity_Project/Ti60F225_OV5640_Face_Reproduction\ip/DdrCtrl\DdrCtrl.sv:4817)
[EFX-0201 WARNING] Re-wiring to GND non-driven net 'u_efx_fifo_top.clk_i'. (D:/Efinity_Project/Efinity_Project/Ti60F225_OV5640_Face_Reproduction\ip/DdrCtrl\DdrCtrl.sv:4817)
[EFX-0201 WARNING] Re-wiring to GND non-driven net 'r_rd_fifo_wr_en_p[31]'. (D:/Efinity_Project/Efinity_Project/Ti60F225_OV5640_Face_Reproduction\ip/DdrCtrl\DdrCtrl.sv:1460)
[EFX-0201 WARNING] Re-wiring to GND non-driven net 'r_rd_fifo_wr_en_p[30]'. (D:/Efinity_Project/Efinity_Project/Ti60F225_OV5640_Face_Reproduction\ip/DdrCtrl\DdrCtrl.sv:1460)
[EFX-0201 WARNING] Re-wiring to GND non-driven net 'r_rd_fifo_wr_en_p[29]'. (D:/Efinity_Project/Efinity_Project/Ti60F225_OV5640_Face_Reproduction\ip/DdrCtrl\DdrCtrl.sv:1460)
[EFX-0201 WARNING] Re-wiring to GND non-driven net 'r_rd_fifo_wr_en_p[28]'. (D:/Efinity_Project/Efinity_Project/Ti60F225_OV5640_Face_Reproduction\ip/DdrCtrl\DdrCtrl.sv:1460)
[EFX-0201 WARNING] Re-wiring to GND non-driven net 'r_rd_fifo_wr_en_p[27]'. (D:/Efinity_Project/Efinity_Project/Ti60F225_OV5640_Face_Reproduction\ip/DdrCtrl\DdrCtrl.sv:1460)
[EFX-0201 WARNING] Re-wiring to GND non-driven net 'r_rd_fifo_wr_en_p[26]'. (D:/Efinity_Project/Efinity_Project/Ti60F225_OV5640_Face_Reproduction\ip/DdrCtrl\DdrCtrl.sv:1460)
[EFX-0201 WARNING] Re-wiring to GND non-driven net 'r_rd_fifo_wr_en_p[25]'. (D:/Efinity_Project/Efinity_Project/Ti60F225_OV5640_Face_Reproduction\ip/DdrCtrl\DdrCtrl.sv:1460)
[EFX-0201 WARNING] Re-wiring to GND non-driven net 'r_rd_fifo_wr_en_p[24]'. (D:/Efinity_Project/Efinity_Project/Ti60F225_OV5640_Face_Reproduction\ip/DdrCtrl\DdrCtrl.sv:1460)
[EFX-0657 WARNING] Mapping into logic memory block 'u_nms_hist/hist__D$1' (2048 bits) (D:\Efinity_Project\Efinity_Project\Ti60F225_OV5640_Face_Reproduction\src\vision\nms_hist.v:34) because write and read address port is not compatible for dual-ported ram.
[EFX-0657 WARNING] Mapping into logic memory block 'u_nms_hist/hist__D$2' (2048 bits) (D:\Efinity_Project\Efinity_Project\Ti60F225_OV5640_Face_Reproduction\src\vision\nms_hist.v:34) because write and read address port is not compatible for dual-ported ram.
[EFX-0657 WARNING] Mapping into logic memory block 'u_face_ccl/min_x_buf0' (704 bits) (D:\Efinity_Project\Efinity_Project\Ti60F225_OV5640_Face_Reproduction\src\face\streaming_connected_components.v:181) because it has async writer.
[EFX-0657 WARNING] Mapping into logic memory block 'u_face_ccl/max_x_buf0' (704 bits) (D:\Efinity_Project\Efinity_Project\Ti60F225_OV5640_Face_Reproduction\src\face\streaming_connected_components.v:181) because it has async writer.
[EFX-0657 WARNING] Mapping into logic memory block 'u_face_ccl/min_y_buf0' (640 bits) (D:\Efinity_Project\Efinity_Project\Ti60F225_OV5640_Face_Reproduction\src\face\streaming_connected_components.v:182) because it has async writer.
[EFX-0657 WARNING] Mapping into logic memory block 'u_face_ccl/max_y_buf0' (640 bits) (D:\Efinity_Project\Efinity_Project\Ti60F225_OV5640_Face_Reproduction\src\face\streaming_connected_components.v:182) because it has async writer.
[EFX-0657 WARNING] Mapping into logic memory block 'u_face_ccl/area_buf0' (1408 bits) (D:\Efinity_Project\Efinity_Project\Ti60F225_OV5640_Face_Reproduction\src\face\streaming_connected_components.v:183) because it has async writer.
[EFX-0657 WARNING] Mapping into logic memory block 'u_face_ccl/min_x_buf1' (704 bits) (D:\Efinity_Project\Efinity_Project\Ti60F225_OV5640_Face_Reproduction\src\face\streaming_connected_components.v:184) because it has async writer.
[EFX-0657 WARNING] Mapping into logic memory block 'u_face_ccl/max_x_buf1' (704 bits) (D:\Efinity_Project\Efinity_Project\Ti60F225_OV5640_Face_Reproduction\src\face\streaming_connected_components.v:184) because it has async writer.
[EFX-0657 WARNING] Mapping into logic memory block 'u_face_ccl/min_y_buf1' (640 bits) (D:\Efinity_Project\Efinity_Project\Ti60F225_OV5640_Face_Reproduction\src\face\streaming_connected_components.v:185) because it has async writer.
[EFX-0657 WARNING] Mapping into logic memory block 'u_face_ccl/max_y_buf1' (640 bits) (D:\Efinity_Project\Efinity_Project\Ti60F225_OV5640_Face_Reproduction\src\face\streaming_connected_components.v:185) because it has async writer.
[EFX-0657 WARNING] Mapping into logic memory block 'u_face_ccl/area_buf1' (1408 bits) (D:\Efinity_Project\Efinity_Project\Ti60F225_OV5640_Face_Reproduction\src\face\streaming_connected_components.v:186) because it has async writer.
[EFX-0657 WARNING] Mapping into logic memory block 'u_face_overlay/a_x0' (176 bits) (D:\Efinity_Project\Efinity_Project\Ti60F225_OV5640_Face_Reproduction\src\face\bbox_overlay.v:51) because it has async writer.
[EFX-0657 WARNING] Mapping into logic memory block 'u_face_overlay/a_x1' (176 bits) (D:\Efinity_Project\Efinity_Project\Ti60F225_OV5640_Face_Reproduction\src\face\bbox_overlay.v:52) because it has async writer.
[EFX-0657 WARNING] Mapping into logic memory block 'u_face_overlay/a_y0' (160 bits) (D:\Efinity_Project\Efinity_Project\Ti60F225_OV5640_Face_Reproduction\src\face\bbox_overlay.v:53) because it has async writer.
[EFX-0657 WARNING] Mapping into logic memory block 'u_face_overlay/a_y1' (160 bits) (D:\Efinity_Project\Efinity_Project\Ti60F225_OV5640_Face_Reproduction\src\face\bbox_overlay.v:54) because it has async writer.
[EFX-0657 WARNING] Mapping into logic memory block 'u_face_overlay/b_x0' (176 bits) (D:\Efinity_Project\Efinity_Project\Ti60F225_OV5640_Face_Reproduction\src\face\bbox_overlay.v:57) because it has async writer.
[EFX-0657 WARNING] Mapping into logic memory block 'u_face_overlay/b_x1' (176 bits) (D:\Efinity_Project\Efinity_Project\Ti60F225_OV5640_Face_Reproduction\src\face\bbox_overlay.v:58) because it has async writer.
[EFX-0657 WARNING] Mapping into logic memory block 'u_face_overlay/b_y0' (160 bits) (D:\Efinity_Project\Efinity_Project\Ti60F225_OV5640_Face_Reproduction\src\face\bbox_overlay.v:59) because it has async writer.
[EFX-0657 WARNING] Mapping into logic memory block 'u_face_overlay/b_y1' (160 bits) (D:\Efinity_Project\Efinity_Project\Ti60F225_OV5640_Face_Reproduction\src\face\bbox_overlay.v:60) because it has async writer.
[EFX-0011 VERI-WARNING] Input/inout port clk_24m is unconnected and will be removed. (VDB-8003) (D:\Efinity_Project\Efinity_Project\Ti60F225_OV5640_Face_Reproduction\example_top.v:11)
[EFX-0011 VERI-WARNING] Input/inout port clk_25m is unconnected and will be removed. (VDB-8003) (D:\Efinity_Project\Efinity_Project\Ti60F225_OV5640_Face_Reproduction\example_top.v:12)
[EFX-0011 VERI-WARNING] Input/inout port clk_pixel_2x is unconnected and will be removed. (VDB-8003) (D:\Efinity_Project\Efinity_Project\Ti60F225_OV5640_Face_Reproduction\example_top.v:21)
[EFX-0011 VERI-WARNING] Input/inout port clk_pixel_10x is unconnected and will be removed. (VDB-8003) (D:\Efinity_Project\Efinity_Project\Ti60F225_OV5640_Face_Reproduction\example_top.v:22)
[EFX-0011 VERI-WARNING] Input/inout port dsi_refclk_i is unconnected and will be removed. (VDB-8003) (D:\Efinity_Project\Efinity_Project\Ti60F225_OV5640_Face_Reproduction\example_top.v:30)
[EFX-0011 VERI-WARNING] Input/inout port dsi_byteclk_i is unconnected and will be removed. (VDB-8003) (D:\Efinity_Project\Efinity_Project\Ti60F225_OV5640_Face_Reproduction\example_top.v:31)
[EFX-0011 VERI-WARNING] Input/inout port dsi_serclk_i is unconnected and will be removed. (VDB-8003) (D:\Efinity_Project\Efinity_Project\Ti60F225_OV5640_Face_Reproduction\example_top.v:32)
[EFX-0011 VERI-WARNING] Input/inout port dsi_txcclk_i is unconnected and will be removed. (VDB-8003) (D:\Efinity_Project\Efinity_Project\Ti60F225_OV5640_Face_Reproduction\example_top.v:33)
[EFX-0011 VERI-WARNING] Input/inout port clk_lvds_1x is unconnected and will be removed. (VDB-8003) (D:\Efinity_Project\Efinity_Project\Ti60F225_OV5640_Face_Reproduction\example_top.v:60)
[EFX-0011 VERI-WARNING] Input/inout port clk_lvds_7x is unconnected and will be removed. (VDB-8003) (D:\Efinity_Project\Efinity_Project\Ti60F225_OV5640_Face_Reproduction\example_top.v:61)
[EFX-0011 VERI-WARNING] Input/inout port clk_27m is unconnected and will be removed. (VDB-8003) (D:\Efinity_Project\Efinity_Project\Ti60F225_OV5640_Face_Reproduction\example_top.v:62)
[EFX-0011 VERI-WARNING] Input/inout port clk_54m is unconnected and will be removed. (VDB-8003) (D:\Efinity_Project\Efinity_Project\Ti60F225_OV5640_Face_Reproduction\example_top.v:63)
[EFX-0011 VERI-WARNING] Input/inout port i_dqs_n_hi[1] is unconnected and will be removed. (VDB-8003) (D:\Efinity_Project\Efinity_Project\Ti60F225_OV5640_Face_Reproduction\example_top.v:97)
[EFX-0011 VERI-WARNING] Input/inout port i_dqs_n_lo[1] is unconnected and will be removed. (VDB-8003) (D:\Efinity_Project\Efinity_Project\Ti60F225_OV5640_Face_Reproduction\example_top.v:98)
[EFX-0011 VERI-WARNING] Input/inout port csi_ctl0_i is unconnected and will be removed. (VDB-8003) (D:\Efinity_Project\Efinity_Project\Ti60F225_OV5640_Face_Reproduction\example_top.v:121)
[EFX-0011 VERI-WARNING] Input/inout port csi_ctl1_i is unconnected and will be removed. (VDB-8003) (D:\Efinity_Project\Efinity_Project\Ti60F225_OV5640_Face_Reproduction\example_top.v:125)
[EFX-0011 VERI-WARNING] Input/inout port csi_scl_i is unconnected and will be removed. (VDB-8003) (D:\Efinity_Project\Efinity_Project\Ti60F225_OV5640_Face_Reproduction\example_top.v:129)
[EFX-0011 VERI-WARNING] Input/inout port csi_sda_i is unconnected and will be removed. (VDB-8003) (D:\Efinity_Project\Efinity_Project\Ti60F225_OV5640_Face_Reproduction\example_top.v:133)
[EFX-0011 VERI-WARNING] Input/inout port csi_rxc_lp_p_i is unconnected and will be removed. (VDB-8003) (D:\Efinity_Project\Efinity_Project\Ti60F225_OV5640_Face_Reproduction\example_top.v:136)
[EFX-0011 VERI-WARNING] Input/inout port csi_rxc_lp_n_i is unconnected and will be removed. (VDB-8003) (D:\Efinity_Project\Efinity_Project\Ti60F225_OV5640_Face_Reproduction\example_top.v:137)
[EFX-0011 VERI-WARNING] Input/inout port csi_rxc_i is unconnected and will be removed. (VDB-8003) (D:\Efinity_Project\Efinity_Project\Ti60F225_OV5640_Face_Reproduction\example_top.v:140)
[EFX-0011 VERI-WARNING] Input/inout port csi_rxd0_lp_p_i is unconnected and will be removed. (VDB-8003) (D:\Efinity_Project\Efinity_Project\Ti60F225_OV5640_Face_Reproduction\example_top.v:147)
[EFX-0011 VERI-WARNING] Input/inout port csi_rxd0_lp_n_i is unconnected and will be removed. (VDB-8003) (D:\Efinity_Project\Efinity_Project\Ti60F225_OV5640_Face_Reproduction\example_top.v:148)
[EFX-0011 VERI-WARNING] Input/inout port csi_rxd0_hs_i[7] is unconnected and will be removed. (VDB-8003) (D:\Efinity_Project\Efinity_Project\Ti60F225_OV5640_Face_Reproduction\example_top.v:149)
[EFX-0011 VERI-WARNING] Input/inout port csi_rxd1_lp_n_i is unconnected and will be removed. (VDB-8003) (D:\Efinity_Project\Efinity_Project\Ti60F225_OV5640_Face_Reproduction\example_top.v:156)
[EFX-0011 VERI-WARNING] Input/inout port csi_rxd1_lp_p_i is unconnected and will be removed. (VDB-8003) (D:\Efinity_Project\Efinity_Project\Ti60F225_OV5640_Face_Reproduction\example_top.v:157)
[EFX-0011 VERI-WARNING] Input/inout port csi_rxd1_hs_i[7] is unconnected and will be removed. (VDB-8003) (D:\Efinity_Project\Efinity_Project\Ti60F225_OV5640_Face_Reproduction\example_top.v:158)
[EFX-0011 VERI-WARNING] Input/inout port csi_rxd2_lp_p_i is unconnected and will be removed. (VDB-8003) (D:\Efinity_Project\Efinity_Project\Ti60F225_OV5640_Face_Reproduction\example_top.v:165)
[EFX-0011 VERI-WARNING] Input/inout port csi_rxd2_lp_n_i is unconnected and will be removed. (VDB-8003) (D:\Efinity_Project\Efinity_Project\Ti60F225_OV5640_Face_Reproduction\example_top.v:166)
[EFX-0011 VERI-WARNING] Input/inout port csi_rxd2_hs_i[7] is unconnected and will be removed. (VDB-8003) (D:\Efinity_Project\Efinity_Project\Ti60F225_OV5640_Face_Reproduction\example_top.v:167)
[EFX-0011 VERI-WARNING] Input/inout port csi_rxd3_lp_p_i is unconnected and will be removed. (VDB-8003) (D:\Efinity_Project\Efinity_Project\Ti60F225_OV5640_Face_Reproduction\example_top.v:174)
[EFX-0011 VERI-WARNING] Input/inout port csi_rxd3_lp_n_i is unconnected and will be removed. (VDB-8003) (D:\Efinity_Project\Efinity_Project\Ti60F225_OV5640_Face_Reproduction\example_top.v:175)
[EFX-0011 VERI-WARNING] Input/inout port csi_rxd3_hs_i[7] is unconnected and will be removed. (VDB-8003) (D:\Efinity_Project\Efinity_Project\Ti60F225_OV5640_Face_Reproduction\example_top.v:176)
[EFX-0011 VERI-WARNING] Input/inout port dsi_txd0_lp_p_i is unconnected and will be removed. (VDB-8003) (D:\Efinity_Project\Efinity_Project\Ti60F225_OV5640_Face_Reproduction\example_top.v:235)
[EFX-0011 VERI-WARNING] Input/inout port dsi_txd0_lp_n_i is unconnected and will be removed. (VDB-8003) (D:\Efinity_Project\Efinity_Project\Ti60F225_OV5640_Face_Reproduction\example_top.v:236)
[EFX-0011 VERI-WARNING] Input/inout port dsi_txd1_lp_p_i is unconnected and will be removed. (VDB-8003) (D:\Efinity_Project\Efinity_Project\Ti60F225_OV5640_Face_Reproduction\example_top.v:237)
[EFX-0011 VERI-WARNING] Input/inout port dsi_txd1_lp_n_i is unconnected and will be removed. (VDB-8003) (D:\Efinity_Project\Efinity_Project\Ti60F225_OV5640_Face_Reproduction\example_top.v:238)
[EFX-0011 VERI-WARNING] Input/inout port dsi_txd2_lp_p_i is unconnected and will be removed. (VDB-8003) (D:\Efinity_Project\Efinity_Project\Ti60F225_OV5640_Face_Reproduction\example_top.v:239)
[EFX-0011 VERI-WARNING] Input/inout port dsi_txd2_lp_n_i is unconnected and will be removed. (VDB-8003) (D:\Efinity_Project\Efinity_Project\Ti60F225_OV5640_Face_Reproduction\example_top.v:240)
[EFX-0011 VERI-WARNING] Input/inout port dsi_txd3_lp_p_i is unconnected and will be removed. (VDB-8003) (D:\Efinity_Project\Efinity_Project\Ti60F225_OV5640_Face_Reproduction\example_top.v:241)
[EFX-0011 VERI-WARNING] Input/inout port dsi_txd3_lp_n_i is unconnected and will be removed. (VDB-8003) (D:\Efinity_Project\Efinity_Project\Ti60F225_OV5640_Face_Reproduction\example_top.v:242)
[EFX-0011 VERI-WARNING] Input/inout port uart_rx_i is unconnected and will be removed. (VDB-8003) (D:\Efinity_Project\Efinity_Project\Ti60F225_OV5640_Face_Reproduction\example_top.v:247)
[EFX-0011 VERI-WARNING] Input/inout port cmos_sdat_IN is unconnected and will be removed. (VDB-8003) (D:\Efinity_Project\Efinity_Project\Ti60F225_OV5640_Face_Reproduction\example_top.v:257)
[EFX-0011 VERI-WARNING] Input/inout port cmos_ctl1_i is unconnected and will be removed. (VDB-8003) (D:\Efinity_Project\Efinity_Project\Ti60F225_OV5640_Face_Reproduction\example_top.v:269)
[EFX-0011 VERI-WARNING] Input/inout port cmos_ctl2_i is unconnected and will be removed. (VDB-8003) (D:\Efinity_Project\Efinity_Project\Ti60F225_OV5640_Face_Reproduction\example_top.v:272)
[EFX-0011 VERI-WARNING] Input/inout port cmos_ctl3_i is unconnected and will be removed. (VDB-8003) (D:\Efinity_Project\Efinity_Project\Ti60F225_OV5640_Face_Reproduction\example_top.v:275)
[EFX-0011 VERI-WARNING] Input/inout port lcd_tp_sda_i is unconnected and will be removed. (VDB-8003) (D:\Efinity_Project\Efinity_Project\Ti60F225_OV5640_Face_Reproduction\example_top.v:323)
[EFX-0011 VERI-WARNING] Input/inout port lcd_tp_scl_i is unconnected and will be removed. (VDB-8003) (D:\Efinity_Project\Efinity_Project\Ti60F225_OV5640_Face_Reproduction\example_top.v:327)
[EFX-0011 VERI-WARNING] Input/inout port lcd_tp_int_i is unconnected and will be removed. (VDB-8003) (D:\Efinity_Project\Efinity_Project\Ti60F225_OV5640_Face_Reproduction\example_top.v:331)
[EFX-0011 VERI-WARNING] Input/inout port lcd_b7_0_i[7] is unconnected and will be removed. (VDB-8003) (D:\Efinity_Project\Efinity_Project\Ti60F225_OV5640_Face_Reproduction\example_top.v:351)
[EFX-0011 VERI-WARNING] Input/inout port lcd_g7_0_i[7] is unconnected and will be removed. (VDB-8003) (D:\Efinity_Project\Efinity_Project\Ti60F225_OV5640_Face_Reproduction\example_top.v:352)
[EFX-0011 VERI-WARNING] Input/inout port lcd_r7_0_i[7] is unconnected and will be removed. (VDB-8003) (D:\Efinity_Project\Efinity_Project\Ti60F225_OV5640_Face_Reproduction\example_top.v:353)
[EFX-0011 VERI-WARNING] CE port of EFX_DSP48 instance u_face_bbox_filter/n379_pp_0x0 is permanently disabled (VDB-8002) 
[EFX-0011 VERI-WARNING] CE port of EFX_DSP48 instance u_face_bbox_filter/n620_pp_1x0 is permanently disabled (VDB-8002) 
[EFX-0011 VERI-WARNING] CE port of EFX_DSP48 instance u_face_bbox_filter/n620_pp_0x0 is permanently disabled (VDB-8002) 
[EFX-0011 VERI-WARNING] CE port of EFX_DSP48 instance u_face_bbox_filter/n379_pp_1x0 is permanently disabled (VDB-8002) 
[EFX-0011 VERI-WARNING] Found 107 warnings in the post-synthesis netlist. 

///////////////////////////////////
// Efinity Synthesis Started 
// Sep 22, 2026 10:24:04
///////////////////////////////////

[EFX-0011 VERI-WARNING] port 'cal_shift_val' remains unconnected for this instance (VERI-1927) (D:\Efinity_Project\Efinity_Project\Ti60F225_OV5640_Face_Reproduction\example_top.v:612)
[EFX-0011 VERI-WARNING] port 'axi_awid' remains unconnected for this instance (VERI-1927) (D:\Efinity_Project\Efinity_Project\Ti60F225_OV5640_Face_Reproduction\example_top.v:962)
[EFX-0011 VERI-WARNING] port 'TMDS_Clk_p' remains unconnected for this instance (VERI-1927) (D:\Efinity_Project\Efinity_Project\Ti60F225_OV5640_Face_Reproduction\example_top.v:1669)
[EFX-0011 VERI-WARNING] expression size 32 truncated to fit in target size 1 (VERI-1209) (D:\Efinity_Project\Efinity_Project\Ti60F225_OV5640_Face_Reproduction\example_top.v:443)
[EFX-0011 VERI-WARNING] port 'wr_busy' remains unconnected for this instance (VERI-1927) (D:/Efinity_Project/Efinity_Project/Ti60F225_OV5640_Face_Reproduction\ip/DdrCtrl\DdrCtrl.sv:184)
[EFX-0011 VERI-WARNING] port 'wr_data' is not connected on this instance (VERI-2435) (D:/Efinity_Project/Efinity_Project/Ti60F225_OV5640_Face_Reproduction\ip/DdrCtrl\DdrCtrl.sv:184)
[EFX-0011 VERI-WARNING] port '**' is not connected on this instance (VERI-2435) (D:/Efinity_Project/Efinity_Project/Ti60F225_OV5640_Face_Reproduction\ip/DdrCtrl\DdrCtrl.sv:2496)
[EFX-0011 VERI-WARNING] expression size ** truncated to fit in target size ** (VERI-1209) (D:/Efinity_Project/Efinity_Project/Ti60F225_OV5640_Face_Reproduction\ip/DdrCtrl\DdrCtrl.sv:2611)
[EFX-0011 VERI-WARNING] actual bit length ** differs from formal bit length *** for port '**' (VERI-1330) (D:/Efinity_Project/Efinity_Project/Ti60F225_OV5640_Face_Reproduction\ip/DdrCtrl\DdrCtrl.sv:2496)
[EFX-0011 VERI-WARNING] expression size ** truncated to fit in target size ** (VERI-1209) (D:/Efinity_Project/Efinity_Project/Ti60F225_OV5640_Face_Reproduction\ip/DdrCtrl\DdrCtrl.sv:2611)
[EFX-0011 VERI-WARNING] expression size ** truncated to fit in target size ** (VERI-1209) (D:/Efinity_Project/Efinity_Project/Ti60F225_OV5640_Face_Reproduction\ip/DdrCtrl\DdrCtrl.sv:2611)
[EFX-0011 VERI-WARNING] actual bit length ** differs from formal bit length *** for port '**' (VERI-1330) (D:/Efinity_Project/Efinity_Project/Ti60F225_OV5640_Face_Reproduction\ip/DdrCtrl\DdrCtrl.sv:2496)
[EFX-0011 VERI-WARNING] port '**' remains unconnected for this instance (VERI-1927) (D:/Efinity_Project/Efinity_Project/Ti60F225_OV5640_Face_Reproduction\ip/DdrCtrl\DdrCtrl.sv:590)
[EFX-0011 VERI-WARNING] actual bit length ** differs from formal bit length *** for port '**' (VERI-1330) (D:/Efinity_Project/Efinity_Project/Ti60F225_OV5640_Face_Reproduction\ip/DdrCtrl\DdrCtrl.sv:590)
[EFX-0011 VERI-WARNING] port '**' remains unconnected for this instance (VERI-1927) (D:/Efinity_Project/Efinity_Project/Ti60F225_OV5640_Face_Reproduction\ip/DdrCtrl\DdrCtrl.sv:1460)
[EFX-0011 VERI-WARNING] port '**' remains unconnected for this instance (VERI-1927) (D:/Efinity_Project/Efinity_Project/Ti60F225_OV5640_Face_Reproduction\ip/DdrCtrl\DdrCtrl.sv:4817)
[EFX-0011 VERI-WARNING] actual bit length ** differs from formal bit length *** for port '**' (VERI-1330) (D:/Efinity_Project/Efinity_Project/Ti60F225_OV5640_Face_Reproduction\ip/DdrCtrl\DdrCtrl.sv:4817)
[EFX-0011 VERI-WARNING] input port '**' is not connected on this instance (VDB-1013) (D:/Efinity_Project/Efinity_Project/Ti60F225_OV5640_Face_Reproduction\ip/DdrCtrl\DdrCtrl.sv:4817)
[EFX-0011 VERI-WARNING] expression size ** truncated to fit in target size ** (VERI-1209) (D:/Efinity_Project/Efinity_Project/Ti60F225_OV5640_Face_Reproduction\ip/DdrCtrl\DdrCtrl.sv:1460)
[EFX-0011 VERI-WARNING] net '**' does not have a driver (VDB-1002) (D:/Efinity_Project/Efinity_Project/Ti60F225_OV5640_Face_Reproduction\ip/DdrCtrl\DdrCtrl.sv:1460)
[EFX-0011 VERI-WARNING] net '**' does not have a driver (VDB-1002) (D:/Efinity_Project/Efinity_Project/Ti60F225_OV5640_Face_Reproduction\ip/DdrCtrl\DdrCtrl.sv:590)
[EFX-0011 VERI-WARNING] input port '**' is not connected on this instance (VDB-1013) (D:/Efinity_Project/Efinity_Project/Ti60F225_OV5640_Face_Reproduction\ip/DdrCtrl\DdrCtrl.sv:590)
[EFX-0011 VERI-WARNING] input port '**' is not connected on this instance (VDB-1013) (D:/Efinity_Project/Efinity_Project/Ti60F225_OV5640_Face_Reproduction\ip/DdrCtrl\DdrCtrl.sv:2496)
[EFX-0011 VERI-WARNING] input port 'wr_data[127]' is not connected on this instance (VDB-1013) (D:/Efinity_Project/Efinity_Project/Ti60F225_OV5640_Face_Reproduction\ip/DdrCtrl\DdrCtrl.sv:117)
[EFX-0011 VERI-WARNING] actual bit length 4 differs from formal bit length 8 for port 'axi_aid' (VERI-1330) (D:\Efinity_Project\Efinity_Project\Ti60F225_OV5640_Face_Reproduction\example_top.v:579)
[EFX-0011 VERI-WARNING] actual bit length 4 differs from formal bit length 8 for port 'axi_wid' (VERI-1330) (D:\Efinity_Project\Efinity_Project\Ti60F225_OV5640_Face_Reproduction\example_top.v:586)
[EFX-0011 VERI-WARNING] actual bit length 4 differs from formal bit length 8 for port 'axi_bid' (VERI-1330) (D:\Efinity_Project\Efinity_Project\Ti60F225_OV5640_Face_Reproduction\example_top.v:595)
[EFX-0011 VERI-WARNING] actual bit length 4 differs from formal bit length 8 for port 'axi_rid' (VERI-1330) (D:\Efinity_Project\Efinity_Project\Ti60F225_OV5640_Face_Reproduction\example_top.v:601)
[EFX-0011 VERI-WARNING] expression size 2 truncated to fit in target size 1 (VERI-1209) (D:\Efinity_Project\Efinity_Project\Ti60F225_OV5640_Face_Reproduction\src\axi\AXI4_AWARMux.v:90)
[EFX-0011 VERI-WARNING] expression size 3 truncated to fit in target size 2 (VERI-1209) (D:\Efinity_Project\Efinity_Project\Ti60F225_OV5640_Face_Reproduction\example_top.v:713)
[EFX-0011 VERI-WARNING] expression size 5 truncated to fit in target size 4 (VERI-1209) (D:\Efinity_Project\Efinity_Project\Ti60F225_OV5640_Face_Reproduction\example_top.v:714)
[EFX-0011 VERI-WARNING] actual bit length 64 differs from formal bit length 8 for port 'image_out_data' (VERI-1330) (D:\Efinity_Project\Efinity_Project\Ti60F225_OV5640_Face_Reproduction\example_top.v:861)
[EFX-0011 VERI-WARNING] expression size 32 truncated to fit in target size 16 (VERI-1209) (D:\Efinity_Project\Efinity_Project\Ti60F225_OV5640_Face_Reproduction\src\axi\axi4_ctrl.v:91)
[EFX-0011 VERI-WARNING] expression size 3 truncated to fit in target size 2 (VERI-1209) (D:\Efinity_Project\Efinity_Project\Ti60F225_OV5640_Face_Reproduction\src\axi\axi4_ctrl.v:113)
[EFX-0011 VERI-WARNING] expression size 3 truncated to fit in target size 2 (VERI-1209) (D:\Efinity_Project\Efinity_Project\Ti60F225_OV5640_Face_Reproduction\src\axi\axi4_ctrl.v:114)
[EFX-0011 VERI-WARNING] expression size 3 truncated to fit in target size 2 (VERI-1209) (D:\Efinity_Project\Efinity_Project\Ti60F225_OV5640_Face_Reproduction\src\axi\axi4_ctrl.v:196)
[EFX-0011 VERI-WARNING] expression size 2 truncated to fit in target size 1 (VERI-1209) (D:\Efinity_Project\Efinity_Project\Ti60F225_OV5640_Face_Reproduction\src\axi\axi4_ctrl.v:238)
[EFX-0011 VERI-WARNING] expression size 23 truncated to fit in target size 22 (VERI-1209) (D:\Efinity_Project\Efinity_Project\Ti60F225_OV5640_Face_Reproduction\src\axi\axi4_ctrl.v:257)
[EFX-0011 VERI-WARNING] port 'a_wr_rst_i' remains unconnected for this instance (VERI-1927) (D:/Efinity_Project/Efinity_Project/Ti60F225_OV5640_Face_Reproduction\ip/W0_FIFO_8\W0_FIFO_8.sv:116)
[EFX-0011 VERI-WARNING] expression size 32 truncated to fit in target size 14 (VERI-1209) (D:/Efinity_Project/Efinity_Project/Ti60F225_OV5640_Face_Reproduction\ip/W0_FIFO_8\W0_FIFO_8.sv:1251)
[EFX-0011 VERI-WARNING] expression size 32 truncated to fit in target size 10 (VERI-1209) (D:/Efinity_Project/Efinity_Project/Ti60F225_OV5640_Face_Reproduction\ip/W0_FIFO_8\W0_FIFO_8.sv:1252)
[EFX-0011 VERI-WARNING] input port 'a_wr_rst_i' is not connected on this instance (VDB-1013) (D:/Efinity_Project/Efinity_Project/Ti60F225_OV5640_Face_Reproduction\ip/W0_FIFO_8\W0_FIFO_8.sv:95)
[EFX-0011 VERI-WARNING] port 'a_wr_rst_i' remains unconnected for this instance (VERI-1927) (D:/Efinity_Project/Efinity_Project/Ti60F225_OV5640_Face_Reproduction\ip/R0_FIFO_16\R0_FIFO_16.sv:116)
[EFX-0011 VERI-WARNING] expression size 32 truncated to fit in target size 10 (VERI-1209) (D:/Efinity_Project/Efinity_Project/Ti60F225_OV5640_Face_Reproduction\ip/R0_FIFO_16\R0_FIFO_16.sv:1236)
[EFX-0011 VERI-WARNING] expression size 32 truncated to fit in target size 13 (VERI-1209) (D:/Efinity_Project/Efinity_Project/Ti60F225_OV5640_Face_Reproduction\ip/R0_FIFO_16\R0_FIFO_16.sv:1237)
[EFX-0011 VERI-WARNING] input port 'a_wr_rst_i' is not connected on this instance (VDB-1013) (D:/Efinity_Project/Efinity_Project/Ti60F225_OV5640_Face_Reproduction\ip/R0_FIFO_16\R0_FIFO_16.sv:95)
[EFX-0011 VERI-WARNING] expression size 17 truncated to fit in target size 16 (VERI-1209) (D:\Efinity_Project\Efinity_Project\Ti60F225_OV5640_Face_Reproduction\src\axi\axi4_ctrl.v:464)
[EFX-0011 VERI-WARNING] expression size 23 truncated to fit in target size 22 (VERI-1209) (D:\Efinity_Project\Efinity_Project\Ti60F225_OV5640_Face_Reproduction\src\axi\axi4_ctrl.v:574)
[EFX-0011 VERI-WARNING] actual bit length 32 differs from formal bit length 4 for port 'axi_bid' (VERI-1330) (D:\Efinity_Project\Efinity_Project\Ti60F225_OV5640_Face_Reproduction\example_top.v:934)
[EFX-0011 VERI-WARNING] actual bit length 32 differs from formal bit length 2 for port 'axi_bresp' (VERI-1330) (D:\Efinity_Project\Efinity_Project\Ti60F225_OV5640_Face_Reproduction\example_top.v:935)
[EFX-0011 VERI-WARNING] actual bit length 32 differs from formal bit length 1 for port 'axi_bvalid' (VERI-1330) (D:\Efinity_Project\Efinity_Project\Ti60F225_OV5640_Face_Reproduction\example_top.v:936)
[EFX-0011 VERI-WARNING] actual bit length 32 differs from formal bit length 2 for port 'axi_rresp' (VERI-1330) (D:\Efinity_Project\Efinity_Project\Ti60F225_OV5640_Face_Reproduction\example_top.v:946)
[EFX-0011 VERI-WARNING] actual bit length 64 differs from formal bit length 8 for port 'wframe_data' (VERI-1330) (D:\Efinity_Project\Efinity_Project\Ti60F225_OV5640_Face_Reproduction\example_top.v:954)
[EFX-0011 VERI-WARNING] actual bit length 8 differs from formal bit length 32 for port 'tp_o' (VERI-1330) (D:\Efinity_Project\Efinity_Project\Ti60F225_OV5640_Face_Reproduction\example_top.v:961)
[EFX-0011 VERI-WARNING] expression size 8 truncated to fit in target size 4 (VERI-1209) (D:\Efinity_Project\Efinity_Project\Ti60F225_OV5640_Face_Reproduction\example_top.v:963)
[EFX-0011 VERI-WARNING] expression size 14 truncated to fit in target size 12 (VERI-1209) (D:\Efinity_Project\Efinity_Project\Ti60F225_OV5640_Face_Reproduction\src\lcd_driver.v:145)
[EFX-0011 VERI-WARNING] actual bit length 24 differs from formal bit length 48 for port 'lcd_data' (VERI-1330) (D:\Efinity_Project\Efinity_Project\Ti60F225_OV5640_Face_Reproduction\example_top.v:1014)
[EFX-0011 VERI-WARNING] expression size 13 truncated to fit in target size 12 (VERI-1209) (D:\Efinity_Project\Efinity_Project\Ti60F225_OV5640_Face_Reproduction\src\vision\sobel3x3.v:94)
[EFX-0011 VERI-WARNING] expression size 13 truncated to fit in target size 12 (VERI-1209) (D:\Efinity_Project\Efinity_Project\Ti60F225_OV5640_Face_Reproduction\src\vision\sobel3x3.v:95)
[EFX-0011 VERI-WARNING] expression size 32 truncated to fit in target size 8 (VERI-1209) (D:\Efinity_Project\Efinity_Project\Ti60F225_OV5640_Face_Reproduction\src\face\face_reader_720p.v:22)
[EFX-0011 VERI-WARNING] actual bit length 10 differs from formal bit length 11 for port 'pixel_y' (VERI-1330) (D:\Efinity_Project\Efinity_Project\Ti60F225_OV5640_Face_Reproduction\example_top.v:1459)
[EFX-0011 VERI-WARNING] port 'rst_busy' remains unconnected for this instance (VERI-1927) (D:\Efinity_Project\Efinity_Project\Ti60F225_OV5640_Face_Reproduction\src\face\true_ccl.v:224)
[EFX-0011 VERI-WARNING] concatenation with an unsized literal will be treated as 32 bits (VERI-1320) (D:\Efinity_Project\Efinity_Project\Ti60F225_OV5640_Face_Reproduction\src\face\true_ccl.v:235)
[EFX-0011 VERI-WARNING] port 'rst_busy' remains unconnected for this instance (VERI-1927) (D:\Efinity_Project\Efinity_Project\Ti60F225_OV5640_Face_Reproduction\src\face\true_ccl.v:241)
[EFX-0011 VERI-WARNING] expression size 12 truncated to fit in target size 11 (VERI-1209) (D:\Efinity_Project\Efinity_Project\Ti60F225_OV5640_Face_Reproduction\src\face\true_ccl.v:75)
[EFX-0011 VERI-WARNING] latch inferred for net 'PreCombCur' (VERI-2580) (D:\Efinity_Project\Efinity_Project\Ti60F225_OV5640_Face_Reproduction\src\face\true_ccl.v:176)
[EFX-0011 VERI-WARNING] port 'a_wr_rst_i' remains unconnected for this instance (VERI-1927) (D:/Efinity_Project/Efinity_Project/Ti60F225_OV5640_Face_Reproduction\ip/FIFO36x512\FIFO36x512.sv:98)
[EFX-0011 VERI-WARNING] input port 'a_wr_rst_i' is not connected on this instance (VDB-1013) (D:/Efinity_Project/Efinity_Project/Ti60F225_OV5640_Face_Reproduction\ip/FIFO36x512\FIFO36x512.sv:86)
[EFX-0011 VERI-WARNING] actual bit length 32 differs from formal bit length 36 for port 'rdata' (VERI-1330) (D:\Efinity_Project\Efinity_Project\Ti60F225_OV5640_Face_Reproduction\src\face\true_ccl.v:221)
[EFX-0011 VERI-WARNING] actual bit length 66 differs from formal bit length 36 for port 'wdata' (VERI-1330) (D:\Efinity_Project\Efinity_Project\Ti60F225_OV5640_Face_Reproduction\src\face\true_ccl.v:235)
[EFX-0011 VERI-WARNING] actual bit length 34 differs from formal bit length 36 for port 'rdata' (VERI-1330) (D:\Efinity_Project\Efinity_Project\Ti60F225_OV5640_Face_Reproduction\src\face\true_ccl.v:238)
[EFX-0011 VERI-WARNING] port 'addr' is not connected on this instance (VERI-2435) (D:/Efinity_Project/Efinity_Project/Ti60F225_OV5640_Face_Reproduction\ip/BlockRam90x1024\BlockRam90x1024.v:144)
[EFX-0011 VERI-WARNING] expression size 32 truncated to fit in target size 1 (VERI-1209) (D:/Efinity_Project/Efinity_Project/Ti60F225_OV5640_Face_Reproduction\ip/BlockRam90x1024\BlockRam90x1024.v:1091)
[EFX-0011 VERI-WARNING] expression size 32 truncated to fit in target size 1 (VERI-1209) (D:/Efinity_Project/Efinity_Project/Ti60F225_OV5640_Face_Reproduction\ip/BlockRam90x1024\BlockRam90x1024.v:1092)
[EFX-0011 VERI-WARNING] expression size 32 truncated to fit in target size 1 (VERI-1209) (D:/Efinity_Project/Efinity_Project/Ti60F225_OV5640_Face_Reproduction\ip/BlockRam90x1024\BlockRam90x1024.v:1104)
[EFX-0011 VERI-WARNING] expression size 32 truncated to fit in target size 1 (VERI-1209) (D:/Efinity_Project/Efinity_Project/Ti60F225_OV5640_Face_Reproduction\ip/BlockRam90x1024\BlockRam90x1024.v:1105)
[EFX-0011 VERI-WARNING] expression size 32 truncated to fit in target size 1 (VERI-1209) (D:/Efinity_Project/Efinity_Project/Ti60F225_OV5640_Face_Reproduction\ip/BlockRam90x1024\BlockRam90x1024.v:1108)
[EFX-0011 VERI-WARNING] expression size 32 truncated to fit in target size 1 (VERI-1209) (D:/Efinity_Project/Efinity_Project/Ti60F225_OV5640_Face_Reproduction\ip/BlockRam90x1024\BlockRam90x1024.v:1109)
[EFX-0011 VERI-WARNING] input port 'addr[9]' is not connected on this instance (VDB-1013) (D:/Efinity_Project/Efinity_Project/Ti60F225_OV5640_Face_Reproduction\ip/BlockRam90x1024\BlockRam90x1024.v:133)
[EFX-0011 VERI-WARNING] input port 'clke' remains unconnected for this instance (VDB-1053) (D:/Efinity_Project/Efinity_Project/Ti60F225_OV5640_Face_Reproduction\ip/BlockRam90x1024\BlockRam90x1024.v:133)
[EFX-0011 VERI-WARNING] actual bit length 27 differs from formal bit length 26 for port 'Count' (VERI-1330) (D:\Efinity_Project\Efinity_Project\Ti60F225_OV5640_Face_Reproduction\src\face\streaming_connected_components.v:134)
[EFX-0011 VERI-WARNING] latch inferred for net 'dx0[10]' (VERI-2580) (D:\Efinity_Project\Efinity_Project\Ti60F225_OV5640_Face_Reproduction\src\face\bbox_overlay.v:192)
[EFX-0011 VERI-WARNING] actual bit length 32 differs from formal bit length 4 for port 'data_island_data' (VERI-1330) (D:\Efinity_Project\Efinity_Project\Ti60F225_OV5640_Face_Reproduction\src\hdmi_ip\rgb2dvi.v:50)
[EFX-0011 VERI-WARNING] actual bit length 4 differs from formal bit length 3 for port 'mode' (VERI-1330) (D:\Efinity_Project\Efinity_Project\Ti60F225_OV5640_Face_Reproduction\src\hdmi_ip\rgb2dvi.v:52)
[EFX-0011 VERI-WARNING] actual bit length 32 differs from formal bit length 4 for port 'data_island_data' (VERI-1330) (D:\Efinity_Project\Efinity_Project\Ti60F225_OV5640_Face_Reproduction\src\hdmi_ip\rgb2dvi.v:58)
[EFX-0011 VERI-WARNING] actual bit length 4 differs from formal bit length 3 for port 'mode' (VERI-1330) (D:\Efinity_Project\Efinity_Project\Ti60F225_OV5640_Face_Reproduction\src\hdmi_ip\rgb2dvi.v:60)
[EFX-0011 VERI-WARNING] actual bit length 32 differs from formal bit length 4 for port 'data_island_data' (VERI-1330) (D:\Efinity_Project\Efinity_Project\Ti60F225_OV5640_Face_Reproduction\src\hdmi_ip\rgb2dvi.v:66)
[EFX-0011 VERI-WARNING] actual bit length 4 differs from formal bit length 3 for port 'mode' (VERI-1330) (D:\Efinity_Project\Efinity_Project\Ti60F225_OV5640_Face_Reproduction\src\hdmi_ip\rgb2dvi.v:68)
[EFX-0011 VERI-WARNING] actual bit length 32 differs from formal bit length 1 for port 'oe_i' (VERI-1330) (D:\Efinity_Project\Efinity_Project\Ti60F225_OV5640_Face_Reproduction\example_top.v:1651)
[EFX-0011 VERI-WARNING] net 'w_dev_index_o[7]' does not have a driver (VDB-1002) (D:\Efinity_Project\Efinity_Project\Ti60F225_OV5640_Face_Reproduction\example_top.v:428)
[EFX-0011 VERI-WARNING] net 'w_dev_cmd_o[7]' does not have a driver (VDB-1002) (D:\Efinity_Project\Efinity_Project\Ti60F225_OV5640_Face_Reproduction\example_top.v:429)
[EFX-0011 VERI-WARNING] net 'w_dev_wdata_o[31]' does not have a driver (VDB-1002) (D:\Efinity_Project\Efinity_Project\Ti60F225_OV5640_Face_Reproduction\example_top.v:430)
[EFX-0011 VERI-WARNING] net 'w_dev_wvalid_o' does not have a driver (VDB-1002) (D:\Efinity_Project\Efinity_Project\Ti60F225_OV5640_Face_Reproduction\example_top.v:431)
[EFX-0011 VERI-WARNING] net 'w_spi_ssn_o' does not have a driver (VDB-1002) (D:\Efinity_Project\Efinity_Project\Ti60F225_OV5640_Face_Reproduction\example_top.v:435)
[EFX-0011 VERI-WARNING] net 'w_spi_data_o[3]' does not have a driver (VDB-1002) (D:\Efinity_Project\Efinity_Project\Ti60F225_OV5640_Face_Reproduction\example_top.v:436)
[EFX-0011 VERI-WARNING] net 'w_lcd_b_o[7]' does not have a driver (VDB-1002) (D:\Efinity_Project\Efinity_Project\Ti60F225_OV5640_Face_Reproduction\example_top.v:453)
[EFX-0011 VERI-WARNING] input port 'SerialClk' is not connected on this instance (VDB-1013) (D:\Efinity_Project\Efinity_Project\Ti60F225_OV5640_Face_Reproduction\example_top.v:1644)
[EFX-0256 WARNING] The primary output port 'csi_ctl0_o' wire 'csi_ctl0_o' is not driven.
[EFX-0256 WARNING] The primary output port 'csi_ctl1_o' wire 'csi_ctl1_o' is not driven.
[EFX-0256 WARNING] The primary output port 'csi_scl_o' wire 'csi_scl_o' is not driven.
[EFX-0256 WARNING] The primary output port 'csi_scl_oe' wire 'csi_scl_oe' is not driven.
[EFX-0256 WARNING] The primary output port 'csi_sda_o' wire 'csi_sda_o' is not driven.
[EFX-0256 WARNING] The primary output port 'csi_sda_oe' wire 'csi_sda_oe' is not driven.
[EFX-0256 WARNING] The primary output port 'csi_rxc_hs_en_o' wire 'csi_rxc_hs_en_o' is not driven.
[EFX-0256 WARNING] The primary output port 'csi_rxc_hs_term_en_o' wire 'csi_rxc_hs_term_en_o' is not driven.
[EFX-0256 WARNING] The primary output port 'csi_rxd0_rst_o' wire 'csi_rxd0_rst_o' is not driven.
[EFX-0256 WARNING] The primary output port 'csi_rxd0_hs_en_o' wire 'csi_rxd0_hs_en_o' is not driven.
[EFX-0256 WARNING] The primary output port 'csi_rxd0_hs_term_en_o' wire 'csi_rxd0_hs_term_en_o' is not driven.
[EFX-0256 WARNING] The primary output port 'csi_rxd1_rst_o' wire 'csi_rxd1_rst_o' is not driven.
[EFX-0256 WARNING] The primary output port 'csi_rxd1_hs_en_o' wire 'csi_rxd1_hs_en_o' is not driven.
[EFX-0256 WARNING] The primary output port 'csi_rxd1_hs_term_en_o' wire 'csi_rxd1_hs_term_en_o' is not driven.
[EFX-0256 WARNING] The primary output port 'csi_rxd2_rst_o' wire 'csi_rxd2_rst_o' is not driven.
[EFX-0256 WARNING] The primary output port 'csi_rxd2_hs_en_o' wire 'csi_rxd2_hs_en_o' is not driven.
[EFX-0256 WARNING] The primary output port 'csi_rxd2_hs_term_en_o' wire 'csi_rxd2_hs_term_en_o' is not driven.
[EFX-0256 WARNING] The primary output port 'csi_rxd3_rst_o' wire 'csi_rxd3_rst_o' is not driven.
[EFX-0256 WARNING] The primary output port 'csi_rxd3_hs_en_o' wire 'csi_rxd3_hs_en_o' is not driven.
[EFX-0256 WARNING] The primary output port 'csi_rxd3_hs_term_en_o' wire 'csi_rxd3_hs_term_en_o' is not driven.
[EFX-0256 WARNING] The primary output port 'dsi_txc_rst_o' wire 'dsi_txc_rst_o' is not driven.
[EFX-0256 WARNING] The primary output port 'dsi_txc_lp_p_oe' wire 'dsi_txc_lp_p_oe' is not driven.
[EFX-0256 WARNING] The primary output port 'dsi_txc_lp_p_o' wire 'dsi_txc_lp_p_o' is not driven.
[EFX-0256 WARNING] The primary output port 'dsi_txc_lp_n_oe' wire 'dsi_txc_lp_n_oe' is not driven.
[EFX-0256 WARNING] The primary output port 'dsi_txc_lp_n_o' wire 'dsi_txc_lp_n_o' is not driven.
[EFX-0256 WARNING] The primary output port 'dsi_txc_hs_oe' wire 'dsi_txc_hs_oe' is not driven.
[EFX-0256 WARNING] The primary output port 'dsi_txc_hs_o[7]' wire 'dsi_txc_hs_o[7]' is not driven.
[EFX-0256 WARNING] The primary output port 'dsi_txc_hs_o[6]' wire 'dsi_txc_hs_o[6]' is not driven.
[EFX-0256 WARNING] The primary output port 'dsi_txc_hs_o[5]' wire 'dsi_txc_hs_o[5]' is not driven.
[EFX-0256 WARNING] The primary output port 'dsi_txc_hs_o[4]' wire 'dsi_txc_hs_o[4]' is not driven.
[EFX-0256 WARNING] The primary output port 'dsi_txc_hs_o[3]' wire 'dsi_txc_hs_o[3]' is not driven.
[EFX-0256 WARNING] The primary output port 'dsi_txc_hs_o[2]' wire 'dsi_txc_hs_o[2]' is not driven.
[EFX-0256 WARNING] The primary output port 'dsi_txc_hs_o[1]' wire 'dsi_txc_hs_o[1]' is not driven.
[EFX-0256 WARNING] The primary output port 'dsi_txc_hs_o[0]' wire 'dsi_txc_hs_o[0]' is not driven.
[EFX-0256 WARNING] The primary output port 'dsi_txd0_rst_o' wire 'dsi_txd0_rst_o' is not driven.
[EFX-0256 WARNING] The primary output port 'dsi_txd0_hs_oe' wire 'dsi_txd0_hs_oe' is not driven.
[EFX-0256 WARNING] The primary output port 'dsi_txd0_hs_o[7]' wire 'dsi_txd0_hs_o[7]' is not driven.
[EFX-0256 WARNING] The primary output port 'dsi_txd0_hs_o[6]' wire 'dsi_txd0_hs_o[6]' is not driven.
[EFX-0256 WARNING] The primary output port 'dsi_txd0_hs_o[5]' wire 'dsi_txd0_hs_o[5]' is not driven.
[EFX-0256 WARNING] The primary output port 'dsi_txd0_hs_o[4]' wire 'dsi_txd0_hs_o[4]' is not driven.
[EFX-0256 WARNING] The primary output port 'dsi_txd0_hs_o[3]' wire 'dsi_txd0_hs_o[3]' is not driven.
[EFX-0256 WARNING] The primary output port 'dsi_txd0_hs_o[2]' wire 'dsi_txd0_hs_o[2]' is not driven.
[EFX-0256 WARNING] The primary output port 'dsi_txd0_hs_o[1]' wire 'dsi_txd0_hs_o[1]' is not driven.
[EFX-0256 WARNING] The primary output port 'dsi_txd0_hs_o[0]' wire 'dsi_txd0_hs_o[0]' is not driven.
[EFX-0256 WARNING] The primary output port 'dsi_txd0_lp_p_oe' wire 'dsi_txd0_lp_p_oe' is not driven.
[EFX-0256 WARNING] The primary output port 'dsi_txd0_lp_p_o' wire 'dsi_txd0_lp_p_o' is not driven.
[EFX-0256 WARNING] The primary output port 'dsi_txd0_lp_n_oe' wire 'dsi_txd0_lp_n_oe' is not driven.
[EFX-0256 WARNING] The primary output port 'dsi_txd0_lp_n_o' wire 'dsi_txd0_lp_n_o' is not driven.
[EFX-0256 WARNING] The primary output port 'dsi_txd1_rst_o' wire 'dsi_txd1_rst_o' is not driven.
[EFX-0256 WARNING] The primary output port 'dsi_txd1_lp_p_oe' wire 'dsi_txd1_lp_p_oe' is not driven.
[EFX-0256 WARNING] The primary output port 'dsi_txd1_lp_p_o' wire 'dsi_txd1_lp_p_o' is not driven.
[EFX-0256 WARNING] The primary output port 'dsi_txd1_lp_n_oe' wire 'dsi_txd1_lp_n_oe' is not driven.
[EFX-0256 WARNING] The primary output port 'dsi_txd1_lp_n_o' wire 'dsi_txd1_lp_n_o' is not driven.
[EFX-0256 WARNING] The primary output port 'dsi_txd1_hs_oe' wire 'dsi_txd1_hs_oe' is not driven.
[EFX-0256 WARNING] The primary output port 'dsi_txd1_hs_o[7]' wire 'dsi_txd1_hs_o[7]' is not driven.
[EFX-0256 WARNING] The primary output port 'dsi_txd1_hs_o[6]' wire 'dsi_txd1_hs_o[6]' is not driven.
[EFX-0256 WARNING] The primary output port 'dsi_txd1_hs_o[5]' wire 'dsi_txd1_hs_o[5]' is not driven.
[EFX-0256 WARNING] The primary output port 'dsi_txd1_hs_o[4]' wire 'dsi_txd1_hs_o[4]' is not driven.
[EFX-0256 WARNING] The primary output port 'dsi_txd1_hs_o[3]' wire 'dsi_txd1_hs_o[3]' is not driven.
[EFX-0256 WARNING] The primary output port 'dsi_txd1_hs_o[2]' wire 'dsi_txd1_hs_o[2]' is not driven.
[EFX-0256 WARNING] The primary output port 'dsi_txd1_hs_o[1]' wire 'dsi_txd1_hs_o[1]' is not driven.
[EFX-0256 WARNING] The primary output port 'dsi_txd1_hs_o[0]' wire 'dsi_txd1_hs_o[0]' is not driven.
[EFX-0256 WARNING] The primary output port 'dsi_txd2_rst_o' wire 'dsi_txd2_rst_o' is not driven.
[EFX-0256 WARNING] The primary output port 'dsi_txd2_lp_p_oe' wire 'dsi_txd2_lp_p_oe' is not driven.
[EFX-0256 WARNING] The primary output port 'dsi_txd2_lp_p_o' wire 'dsi_txd2_lp_p_o' is not driven.
[EFX-0256 WARNING] The primary output port 'dsi_txd2_lp_n_oe' wire 'dsi_txd2_lp_n_oe' is not driven.
[EFX-0256 WARNING] The primary output port 'dsi_txd2_lp_n_o' wire 'dsi_txd2_lp_n_o' is not driven.
[EFX-0256 WARNING] The primary output port 'dsi_txd2_hs_oe' wire 'dsi_txd2_hs_oe' is not driven.
[EFX-0256 WARNING] The primary output port 'dsi_txd2_hs_o[7]' wire 'dsi_txd2_hs_o[7]' is not driven.
[EFX-0256 WARNING] The primary output port 'dsi_txd2_hs_o[6]' wire 'dsi_txd2_hs_o[6]' is not driven.
[EFX-0256 WARNING] The primary output port 'dsi_txd2_hs_o[5]' wire 'dsi_txd2_hs_o[5]' is not driven.
[EFX-0256 WARNING] The primary output port 'dsi_txd2_hs_o[4]' wire 'dsi_txd2_hs_o[4]' is not driven.
[EFX-0256 WARNING] The primary output port 'dsi_txd2_hs_o[3]' wire 'dsi_txd2_hs_o[3]' is not driven.
[EFX-0256 WARNING] The primary output port 'dsi_txd2_hs_o[2]' wire 'dsi_txd2_hs_o[2]' is not driven.
[EFX-0256 WARNING] The primary output port 'dsi_txd2_hs_o[1]' wire 'dsi_txd2_hs_o[1]' is not driven.
[EFX-0256 WARNING] The primary output port 'dsi_txd2_hs_o[0]' wire 'dsi_txd2_hs_o[0]' is not driven.
[EFX-0256 WARNING] The primary output port 'dsi_txd3_rst_o' wire 'dsi_txd3_rst_o' is not driven.
[EFX-0256 WARNING] The primary output port 'dsi_txd3_lp_p_oe' wire 'dsi_txd3_lp_p_oe' is not driven.
[EFX-0256 WARNING] The primary output port 'dsi_txd3_lp_p_o' wire 'dsi_txd3_lp_p_o' is not driven.
[EFX-0256 WARNING] The primary output port 'dsi_txd3_lp_n_oe' wire 'dsi_txd3_lp_n_oe' is not driven.
[EFX-0256 WARNING] The primary output port 'dsi_txd3_lp_n_o' wire 'dsi_txd3_lp_n_o' is not driven.
[EFX-0256 WARNING] The primary output port 'dsi_txd3_hs_oe' wire 'dsi_txd3_hs_oe' is not driven.
[EFX-0256 WARNING] The primary output port 'dsi_txd3_hs_o[7]' wire 'dsi_txd3_hs_o[7]' is not driven.
[EFX-0256 WARNING] The primary output port 'dsi_txd3_hs_o[6]' wire 'dsi_txd3_hs_o[6]' is not driven.
[EFX-0256 WARNING] The primary output port 'dsi_txd3_hs_o[5]' wire 'dsi_txd3_hs_o[5]' is not driven.
[EFX-0256 WARNING] The primary output port 'dsi_txd3_hs_o[4]' wire 'dsi_txd3_hs_o[4]' is not driven.
[EFX-0256 WARNING] The primary output port 'dsi_txd3_hs_o[3]' wire 'dsi_txd3_hs_o[3]' is not driven.
[EFX-0256 WARNING] The primary output port 'dsi_txd3_hs_o[2]' wire 'dsi_txd3_hs_o[2]' is not driven.
[EFX-0256 WARNING] The primary output port 'dsi_txd3_hs_o[1]' wire 'dsi_txd3_hs_o[1]' is not driven.
[EFX-0256 WARNING] The primary output port 'dsi_txd3_hs_o[0]' wire 'dsi_txd3_hs_o[0]' is not driven.
[EFX-0256 WARNING] The primary output port 'uart_tx_o' wire 'uart_tx_o' is not driven.
[EFX-0256 WARNING] The primary output port 'led_o[4]' wire 'led_o[4]' is not driven.
[EFX-0256 WARNING] The primary output port 'lvds_txc_oe' wire 'lvds_txc_oe' is not driven.
[EFX-0256 WARNING] The primary output port 'lvds_txc_o[6]' wire 'lvds_txc_o[6]' is not driven.
[EFX-0256 WARNING] The primary output port 'lvds_txc_o[5]' wire 'lvds_txc_o[5]' is not driven.
[EFX-0256 WARNING] The primary output port 'lvds_txc_o[4]' wire 'lvds_txc_o[4]' is not driven.
[EFX-0256 WARNING] The primary output port 'lvds_txc_o[3]' wire 'lvds_txc_o[3]' is not driven.
[EFX-0256 WARNING] The primary output port 'lvds_txc_o[2]' wire 'lvds_txc_o[2]' is not driven.
[EFX-0256 WARNING] The primary output port 'lvds_txc_o[1]' wire 'lvds_txc_o[1]' is not driven.
[EFX-0256 WARNING] The primary output port 'lvds_txc_o[0]' wire 'lvds_txc_o[0]' is not driven.
[EFX-0256 WARNING] The primary output port 'lvds_txc_rst_o' wire 'lvds_txc_rst_o' is not driven.
[EFX-0256 WARNING] The primary output port 'lvds_txd0_oe' wire 'lvds_txd0_oe' is not driven.
[EFX-0256 WARNING] The primary output port 'lvds_txd0_o[6]' wire 'lvds_txd0_o[6]' is not driven.
[EFX-0256 WARNING] The primary output port 'lvds_txd0_o[5]' wire 'lvds_txd0_o[5]' is not driven.
[EFX-0256 WARNING] The primary output port 'lvds_txd0_o[4]' wire 'lvds_txd0_o[4]' is not driven.
[EFX-0256 WARNING] The primary output port 'lvds_txd0_o[3]' wire 'lvds_txd0_o[3]' is not driven.
[EFX-0256 WARNING] The primary output port 'lvds_txd0_o[2]' wire 'lvds_txd0_o[2]' is not driven.
[EFX-0256 WARNING] The primary output port 'lvds_txd0_o[1]' wire 'lvds_txd0_o[1]' is not driven.
[EFX-0256 WARNING] The primary output port 'lvds_txd0_o[0]' wire 'lvds_txd0_o[0]' is not driven.
[EFX-0256 WARNING] The primary output port 'lvds_txd0_rst_o' wire 'lvds_txd0_rst_o' is not driven.
[EFX-0256 WARNING] The primary output port 'lvds_txd1_oe' wire 'lvds_txd1_oe' is not driven.
[EFX-0256 WARNING] The primary output port 'lvds_txd1_o[6]' wire 'lvds_txd1_o[6]' is not driven.
[EFX-0256 WARNING] The primary output port 'lvds_txd1_o[5]' wire 'lvds_txd1_o[5]' is not driven.
[EFX-0256 WARNING] The primary output port 'lvds_txd1_o[4]' wire 'lvds_txd1_o[4]' is not driven.
[EFX-0256 WARNING] The primary output port 'lvds_txd1_o[3]' wire 'lvds_txd1_o[3]' is not driven.
[EFX-0256 WARNING] The primary output port 'lvds_txd1_o[2]' wire 'lvds_txd1_o[2]' is not driven.
[EFX-0256 WARNING] The primary output port 'lvds_txd1_o[1]' wire 'lvds_txd1_o[1]' is not driven.
[EFX-0256 WARNING] The primary output port 'lvds_txd1_o[0]' wire 'lvds_txd1_o[0]' is not driven.
[EFX-0256 WARNING] The primary output port 'lvds_txd1_rst_o' wire 'lvds_txd1_rst_o' is not driven.
[EFX-0256 WARNING] The primary output port 'lvds_txd2_oe' wire 'lvds_txd2_oe' is not driven.
[EFX-0256 WARNING] The primary output port 'lvds_txd2_o[6]' wire 'lvds_txd2_o[6]' is not driven.
[EFX-0256 WARNING] The primary output port 'lvds_txd2_o[5]' wire 'lvds_txd2_o[5]' is not driven.
[EFX-0256 WARNING] The primary output port 'lvds_txd2_o[4]' wire 'lvds_txd2_o[4]' is not driven.
[EFX-0256 WARNING] The primary output port 'lvds_txd2_o[3]' wire 'lvds_txd2_o[3]' is not driven.
[EFX-0256 WARNING] The primary output port 'lvds_txd2_o[2]' wire 'lvds_txd2_o[2]' is not driven.
[EFX-0256 WARNING] The primary output port 'lvds_txd2_o[1]' wire 'lvds_txd2_o[1]' is not driven.
[EFX-0256 WARNING] The primary output port 'lvds_txd2_o[0]' wire 'lvds_txd2_o[0]' is not driven.
[EFX-0256 WARNING] The primary output port 'lvds_txd2_rst_o' wire 'lvds_txd2_rst_o' is not driven.
[EFX-0256 WARNING] The primary output port 'lvds_txd3_oe' wire 'lvds_txd3_oe' is not driven.
[EFX-0256 WARNING] The primary output port 'lvds_txd3_o[6]' wire 'lvds_txd3_o[6]' is not driven.
[EFX-0256 WARNING] The primary output port 'lvds_txd3_o[5]' wire 'lvds_txd3_o[5]' is not driven.
[EFX-0256 WARNING] The primary output port 'lvds_txd3_o[4]' wire 'lvds_txd3_o[4]' is not driven.
[EFX-0256 WARNING] The primary output port 'lvds_txd3_o[3]' wire 'lvds_txd3_o[3]' is not driven.
[EFX-0256 WARNING] The primary output port 'lvds_txd3_o[2]' wire 'lvds_txd3_o[2]' is not driven.
[EFX-0256 WARNING] The primary output port 'lvds_txd3_o[1]' wire 'lvds_txd3_o[1]' is not driven.
[EFX-0256 WARNING] The primary output port 'lvds_txd3_o[0]' wire 'lvds_txd3_o[0]' is not driven.
[EFX-0256 WARNING] The primary output port 'lvds_txd3_rst_o' wire 'lvds_txd3_rst_o' is not driven.
[EFX-0256 WARNING] The primary output port 'lcd_tp_sda_o' wire 'lcd_tp_sda_o' is not driven.
[EFX-0256 WARNING] The primary output port 'lcd_tp_sda_oe' wire 'lcd_tp_sda_oe' is not driven.
[EFX-0256 WARNING] The primary output port 'lcd_tp_scl_o' wire 'lcd_tp_scl_o' is not driven.
[EFX-0256 WARNING] The primary output port 'lcd_tp_scl_oe' wire 'lcd_tp_scl_oe' is not driven.
[EFX-0256 WARNING] The primary output port 'lcd_tp_int_o' wire 'lcd_tp_int_o' is not driven.
[EFX-0256 WARNING] The primary output port 'lcd_tp_int_oe' wire 'lcd_tp_int_oe' is not driven.
[EFX-0256 WARNING] The primary output port 'lcd_tp_rst_o' wire 'lcd_tp_rst_o' is not driven.
[EFX-0256 WARNING] The primary output port 'lcd_pwm_o' wire 'lcd_pwm_o' is not driven.
[EFX-0256 WARNING] The primary output port 'lcd_blen_o' wire 'lcd_blen_o' is not driven.
[EFX-0256 WARNING] The primary output port 'lcd_vs_o' wire 'lcd_vs_o' is not driven.
[EFX-0256 WARNING] The primary output port 'lcd_hs_o' wire 'lcd_hs_o' is not driven.
[EFX-0256 WARNING] The primary output port 'lcd_de_o' wire 'lcd_de_o' is not driven.
[EFX-0200 WARNING] Removing redundant signal : Shift_Q7_Out[4][7]. (D:/Efinity_Project/Efinity_Project/Ti60F225_OV5640_Face_Reproduction\ip/DdrCtrl\DdrCtrl.sv:2611)
[EFX-0200 WARNING] Removing redundant signal : Shift_Q7_Out[4][6]. (D:/Efinity_Project/Efinity_Project/Ti60F225_OV5640_Face_Reproduction\ip/DdrCtrl\DdrCtrl.sv:2611)
[EFX-0200 WARNING] Removing redundant signal : Shift_Q7_Out[4][5]. (D:/Efinity_Project/Efinity_Project/Ti60F225_OV5640_Face_Reproduction\ip/DdrCtrl\DdrCtrl.sv:2611)
[EFX-0200 WARNING] Removing redundant signal : Shift_Q7_Out[4][4]. (D:/Efinity_Project/Efinity_Project/Ti60F225_OV5640_Face_Reproduction\ip/DdrCtrl\DdrCtrl.sv:2611)
[EFX-0200 WARNING] Removing redundant signal : Shift_Q7_Out[4][3]. (D:/Efinity_Project/Efinity_Project/Ti60F225_OV5640_Face_Reproduction\ip/DdrCtrl\DdrCtrl.sv:2611)
[EFX-0200 WARNING] Removing redundant signal : Shift_Q7_Out[4][2]. (D:/Efinity_Project/Efinity_Project/Ti60F225_OV5640_Face_Reproduction\ip/DdrCtrl\DdrCtrl.sv:2611)
[EFX-0200 WARNING] Removing redundant signal : Shift_Q7_Out[4][1]. (D:/Efinity_Project/Efinity_Project/Ti60F225_OV5640_Face_Reproduction\ip/DdrCtrl\DdrCtrl.sv:2611)
[EFX-0200 WARNING] Removing redundant signal : Shift_Q7_Out[4][0]. (D:/Efinity_Project/Efinity_Project/Ti60F225_OV5640_Face_Reproduction\ip/DdrCtrl\DdrCtrl.sv:2611)
[EFX-0200 WARNING] Removing redundant signal : Shift_Out[7]. (D:/Efinity_Project/Efinity_Project/Ti60F225_OV5640_Face_Reproduction\ip/DdrCtrl\DdrCtrl.sv:2611)
[EFX-0200 WARNING] Removing redundant signal : Shift_Out[6]. (D:/Efinity_Project/Efinity_Project/Ti60F225_OV5640_Face_Reproduction\ip/DdrCtrl\DdrCtrl.sv:2611)
[EFX-0200 WARNING] Removing redundant signal : Shift_Out[5]. (D:/Efinity_Project/Efinity_Project/Ti60F225_OV5640_Face_Reproduction\ip/DdrCtrl\DdrCtrl.sv:2611)
[EFX-0200 WARNING] Removing redundant signal : Shift_Out[4]. (D:/Efinity_Project/Efinity_Project/Ti60F225_OV5640_Face_Reproduction\ip/DdrCtrl\DdrCtrl.sv:2611)
[EFX-0200 WARNING] Removing redundant signal : Shift_Out[3]. (D:/Efinity_Project/Efinity_Project/Ti60F225_OV5640_Face_Reproduction\ip/DdrCtrl\DdrCtrl.sv:2611)
[EFX-0200 WARNING] Removing redundant signal : Shift_Out[2]. (D:/Efinity_Project/Efinity_Project/Ti60F225_OV5640_Face_Reproduction\ip/DdrCtrl\DdrCtrl.sv:2611)
[EFX-0200 WARNING] Removing redundant signal : Shift_Out[1]. (D:/Efinity_Project/Efinity_Project/Ti60F225_OV5640_Face_Reproduction\ip/DdrCtrl\DdrCtrl.sv:2611)
[EFX-0200 WARNING] Removing redundant signal : Shift_Out[0]. (D:/Efinity_Project/Efinity_Project/Ti60F225_OV5640_Face_Reproduction\ip/DdrCtrl\DdrCtrl.sv:2611)
[EFX-0200 WARNING] Removing redundant signal : Shift_Q7_Out[4][31]. (D:/Efinity_Project/Efinity_Project/Ti60F225_OV5640_Face_Reproduction\ip/DdrCtrl\DdrCtrl.sv:2611)
[EFX-0200 WARNING] Removing redundant signal : Shift_Q7_Out[4][30]. (D:/Efinity_Project/Efinity_Project/Ti60F225_OV5640_Face_Reproduction\ip/DdrCtrl\DdrCtrl.sv:2611)
[EFX-0200 WARNING] Removing redundant signal : Shift_Q7_Out[4][29]. (D:/Efinity_Project/Efinity_Project/Ti60F225_OV5640_Face_Reproduction\ip/DdrCtrl\DdrCtrl.sv:2611)
[EFX-0200 WARNING] Removing redundant signal : Shift_Q7_Out[4][28]. (D:/Efinity_Project/Efinity_Project/Ti60F225_OV5640_Face_Reproduction\ip/DdrCtrl\DdrCtrl.sv:2611)
[EFX-0201 WARNING] Re-wiring to GND non-driven net 'u_efx_fifo_top.a_rst_i'. (D:/Efinity_Project/Efinity_Project/Ti60F225_OV5640_Face_Reproduction\ip/DdrCtrl\DdrCtrl.sv:4817)
[EFX-0201 WARNING] Re-wiring to GND non-driven net 'u_efx_fifo_top.clk_i'. (D:/Efinity_Project/Efinity_Project/Ti60F225_OV5640_Face_Reproduction\ip/DdrCtrl\DdrCtrl.sv:4817)
[EFX-0201 WARNING] Re-wiring to GND non-driven net 'r_rd_fifo_wr_en_p[31]'. (D:/Efinity_Project/Efinity_Project/Ti60F225_OV5640_Face_Reproduction\ip/DdrCtrl\DdrCtrl.sv:1460)
[EFX-0201 WARNING] Re-wiring to GND non-driven net 'r_rd_fifo_wr_en_p[30]'. (D:/Efinity_Project/Efinity_Project/Ti60F225_OV5640_Face_Reproduction\ip/DdrCtrl\DdrCtrl.sv:1460)
[EFX-0201 WARNING] Re-wiring to GND non-driven net 'r_rd_fifo_wr_en_p[29]'. (D:/Efinity_Project/Efinity_Project/Ti60F225_OV5640_Face_Reproduction\ip/DdrCtrl\DdrCtrl.sv:1460)
[EFX-0201 WARNING] Re-wiring to GND non-driven net 'r_rd_fifo_wr_en_p[28]'. (D:/Efinity_Project/Efinity_Project/Ti60F225_OV5640_Face_Reproduction\ip/DdrCtrl\DdrCtrl.sv:1460)
[EFX-0201 WARNING] Re-wiring to GND non-driven net 'r_rd_fifo_wr_en_p[27]'. (D:/Efinity_Project/Efinity_Project/Ti60F225_OV5640_Face_Reproduction\ip/DdrCtrl\DdrCtrl.sv:1460)
[EFX-0201 WARNING] Re-wiring to GND non-driven net 'r_rd_fifo_wr_en_p[26]'. (D:/Efinity_Project/Efinity_Project/Ti60F225_OV5640_Face_Reproduction\ip/DdrCtrl\DdrCtrl.sv:1460)
[EFX-0201 WARNING] Re-wiring to GND non-driven net 'r_rd_fifo_wr_en_p[25]'. (D:/Efinity_Project/Efinity_Project/Ti60F225_OV5640_Face_Reproduction\ip/DdrCtrl\DdrCtrl.sv:1460)
[EFX-0201 WARNING] Re-wiring to GND non-driven net 'r_rd_fifo_wr_en_p[24]'. (D:/Efinity_Project/Efinity_Project/Ti60F225_OV5640_Face_Reproduction\ip/DdrCtrl\DdrCtrl.sv:1460)
[EFX-0657 WARNING] Mapping into logic memory block 'u_face_ccl/min_x_buf0' (704 bits) (D:\Efinity_Project\Efinity_Project\Ti60F225_OV5640_Face_Reproduction\src\face\streaming_connected_components.v:181) because it has async writer.
[EFX-0657 WARNING] Mapping into logic memory block 'u_face_ccl/max_x_buf0' (704 bits) (D:\Efinity_Project\Efinity_Project\Ti60F225_OV5640_Face_Reproduction\src\face\streaming_connected_components.v:181) because it has async writer.
[EFX-0657 WARNING] Mapping into logic memory block 'u_face_ccl/min_y_buf0' (640 bits) (D:\Efinity_Project\Efinity_Project\Ti60F225_OV5640_Face_Reproduction\src\face\streaming_connected_components.v:182) because it has async writer.
[EFX-0657 WARNING] Mapping into logic memory block 'u_face_ccl/max_y_buf0' (640 bits) (D:\Efinity_Project\Efinity_Project\Ti60F225_OV5640_Face_Reproduction\src\face\streaming_connected_components.v:182) because it has async writer.
[EFX-0657 WARNING] Mapping into logic memory block 'u_face_ccl/area_buf0' (1408 bits) (D:\Efinity_Project\Efinity_Project\Ti60F225_OV5640_Face_Reproduction\src\face\streaming_connected_components.v:183) because it has async writer.
[EFX-0657 WARNING] Mapping into logic memory block 'u_face_ccl/min_x_buf1' (704 bits) (D:\Efinity_Project\Efinity_Project\Ti60F225_OV5640_Face_Reproduction\src\face\streaming_connected_components.v:184) because it has async writer.
[EFX-0657 WARNING] Mapping into logic memory block 'u_face_ccl/max_x_buf1' (704 bits) (D:\Efinity_Project\Efinity_Project\Ti60F225_OV5640_Face_Reproduction\src\face\streaming_connected_components.v:184) because it has async writer.
[EFX-0657 WARNING] Mapping into logic memory block 'u_face_ccl/min_y_buf1' (640 bits) (D:\Efinity_Project\Efinity_Project\Ti60F225_OV5640_Face_Reproduction\src\face\streaming_connected_components.v:185) because it has async writer.
[EFX-0657 WARNING] Mapping into logic memory block 'u_face_ccl/max_y_buf1' (640 bits) (D:\Efinity_Project\Efinity_Project\Ti60F225_OV5640_Face_Reproduction\src\face\streaming_connected_components.v:185) because it has async writer.
[EFX-0657 WARNING] Mapping into logic memory block 'u_face_ccl/area_buf1' (1408 bits) (D:\Efinity_Project\Efinity_Project\Ti60F225_OV5640_Face_Reproduction\src\face\streaming_connected_components.v:186) because it has async writer.
[EFX-0657 WARNING] Mapping into logic memory block 'u_face_overlay/a_x0' (176 bits) (D:\Efinity_Project\Efinity_Project\Ti60F225_OV5640_Face_Reproduction\src\face\bbox_overlay.v:51) because it has async writer.
[EFX-0657 WARNING] Mapping into logic memory block 'u_face_overlay/a_x1' (176 bits) (D:\Efinity_Project\Efinity_Project\Ti60F225_OV5640_Face_Reproduction\src\face\bbox_overlay.v:52) because it has async writer.
[EFX-0657 WARNING] Mapping into logic memory block 'u_face_overlay/a_y0' (160 bits) (D:\Efinity_Project\Efinity_Project\Ti60F225_OV5640_Face_Reproduction\src\face\bbox_overlay.v:53) because it has async writer.
[EFX-0657 WARNING] Mapping into logic memory block 'u_face_overlay/a_y1' (160 bits) (D:\Efinity_Project\Efinity_Project\Ti60F225_OV5640_Face_Reproduction\src\face\bbox_overlay.v:54) because it has async writer.
[EFX-0657 WARNING] Mapping into logic memory block 'u_face_overlay/b_x0' (176 bits) (D:\Efinity_Project\Efinity_Project\Ti60F225_OV5640_Face_Reproduction\src\face\bbox_overlay.v:57) because it has async writer.
[EFX-0657 WARNING] Mapping into logic memory block 'u_face_overlay/b_x1' (176 bits) (D:\Efinity_Project\Efinity_Project\Ti60F225_OV5640_Face_Reproduction\src\face\bbox_overlay.v:58) because it has async writer.
[EFX-0657 WARNING] Mapping into logic memory block 'u_face_overlay/b_y0' (160 bits) (D:\Efinity_Project\Efinity_Project\Ti60F225_OV5640_Face_Reproduction\src\face\bbox_overlay.v:59) because it has async writer.
[EFX-0657 WARNING] Mapping into logic memory block 'u_face_overlay/b_y1' (160 bits) (D:\Efinity_Project\Efinity_Project\Ti60F225_OV5640_Face_Reproduction\src\face\bbox_overlay.v:60) because it has async writer.
[EFX-0011 VERI-WARNING] Input/inout port clk_24m is unconnected and will be removed. (VDB-8003) (D:\Efinity_Project\Efinity_Project\Ti60F225_OV5640_Face_Reproduction\example_top.v:11)
[EFX-0011 VERI-WARNING] Input/inout port clk_25m is unconnected and will be removed. (VDB-8003) (D:\Efinity_Project\Efinity_Project\Ti60F225_OV5640_Face_Reproduction\example_top.v:12)
[EFX-0011 VERI-WARNING] Input/inout port clk_pixel_2x is unconnected and will be removed. (VDB-8003) (D:\Efinity_Project\Efinity_Project\Ti60F225_OV5640_Face_Reproduction\example_top.v:21)
[EFX-0011 VERI-WARNING] Input/inout port clk_pixel_10x is unconnected and will be removed. (VDB-8003) (D:\Efinity_Project\Efinity_Project\Ti60F225_OV5640_Face_Reproduction\example_top.v:22)
[EFX-0011 VERI-WARNING] Input/inout port dsi_refclk_i is unconnected and will be removed. (VDB-8003) (D:\Efinity_Project\Efinity_Project\Ti60F225_OV5640_Face_Reproduction\example_top.v:30)
[EFX-0011 VERI-WARNING] Input/inout port dsi_byteclk_i is unconnected and will be removed. (VDB-8003) (D:\Efinity_Project\Efinity_Project\Ti60F225_OV5640_Face_Reproduction\example_top.v:31)
[EFX-0011 VERI-WARNING] Input/inout port dsi_serclk_i is unconnected and will be removed. (VDB-8003) (D:\Efinity_Project\Efinity_Project\Ti60F225_OV5640_Face_Reproduction\example_top.v:32)
[EFX-0011 VERI-WARNING] Input/inout port dsi_txcclk_i is unconnected and will be removed. (VDB-8003) (D:\Efinity_Project\Efinity_Project\Ti60F225_OV5640_Face_Reproduction\example_top.v:33)
[EFX-0011 VERI-WARNING] Input/inout port clk_lvds_1x is unconnected and will be removed. (VDB-8003) (D:\Efinity_Project\Efinity_Project\Ti60F225_OV5640_Face_Reproduction\example_top.v:60)
[EFX-0011 VERI-WARNING] Input/inout port clk_lvds_7x is unconnected and will be removed. (VDB-8003) (D:\Efinity_Project\Efinity_Project\Ti60F225_OV5640_Face_Reproduction\example_top.v:61)
[EFX-0011 VERI-WARNING] Input/inout port clk_27m is unconnected and will be removed. (VDB-8003) (D:\Efinity_Project\Efinity_Project\Ti60F225_OV5640_Face_Reproduction\example_top.v:62)
[EFX-0011 VERI-WARNING] Input/inout port clk_54m is unconnected and will be removed. (VDB-8003) (D:\Efinity_Project\Efinity_Project\Ti60F225_OV5640_Face_Reproduction\example_top.v:63)
[EFX-0011 VERI-WARNING] Input/inout port i_dqs_n_hi[1] is unconnected and will be removed. (VDB-8003) (D:\Efinity_Project\Efinity_Project\Ti60F225_OV5640_Face_Reproduction\example_top.v:97)
[EFX-0011 VERI-WARNING] Input/inout port i_dqs_n_lo[1] is unconnected and will be removed. (VDB-8003) (D:\Efinity_Project\Efinity_Project\Ti60F225_OV5640_Face_Reproduction\example_top.v:98)
[EFX-0011 VERI-WARNING] Input/inout port csi_ctl0_i is unconnected and will be removed. (VDB-8003) (D:\Efinity_Project\Efinity_Project\Ti60F225_OV5640_Face_Reproduction\example_top.v:121)
[EFX-0011 VERI-WARNING] Input/inout port csi_ctl1_i is unconnected and will be removed. (VDB-8003) (D:\Efinity_Project\Efinity_Project\Ti60F225_OV5640_Face_Reproduction\example_top.v:125)
[EFX-0011 VERI-WARNING] Input/inout port csi_scl_i is unconnected and will be removed. (VDB-8003) (D:\Efinity_Project\Efinity_Project\Ti60F225_OV5640_Face_Reproduction\example_top.v:129)
[EFX-0011 VERI-WARNING] Input/inout port csi_sda_i is unconnected and will be removed. (VDB-8003) (D:\Efinity_Project\Efinity_Project\Ti60F225_OV5640_Face_Reproduction\example_top.v:133)
[EFX-0011 VERI-WARNING] Input/inout port csi_rxc_lp_p_i is unconnected and will be removed. (VDB-8003) (D:\Efinity_Project\Efinity_Project\Ti60F225_OV5640_Face_Reproduction\example_top.v:136)
[EFX-0011 VERI-WARNING] Input/inout port csi_rxc_lp_n_i is unconnected and will be removed. (VDB-8003) (D:\Efinity_Project\Efinity_Project\Ti60F225_OV5640_Face_Reproduction\example_top.v:137)
[EFX-0011 VERI-WARNING] Input/inout port csi_rxc_i is unconnected and will be removed. (VDB-8003) (D:\Efinity_Project\Efinity_Project\Ti60F225_OV5640_Face_Reproduction\example_top.v:140)
[EFX-0011 VERI-WARNING] Input/inout port csi_rxd0_lp_p_i is unconnected and will be removed. (VDB-8003) (D:\Efinity_Project\Efinity_Project\Ti60F225_OV5640_Face_Reproduction\example_top.v:147)
[EFX-0011 VERI-WARNING] Input/inout port csi_rxd0_lp_n_i is unconnected and will be removed. (VDB-8003) (D:\Efinity_Project\Efinity_Project\Ti60F225_OV5640_Face_Reproduction\example_top.v:148)
[EFX-0011 VERI-WARNING] Input/inout port csi_rxd0_hs_i[7] is unconnected and will be removed. (VDB-8003) (D:\Efinity_Project\Efinity_Project\Ti60F225_OV5640_Face_Reproduction\example_top.v:149)
[EFX-0011 VERI-WARNING] Input/inout port csi_rxd1_lp_n_i is unconnected and will be removed. (VDB-8003) (D:\Efinity_Project\Efinity_Project\Ti60F225_OV5640_Face_Reproduction\example_top.v:156)
[EFX-0011 VERI-WARNING] Input/inout port csi_rxd1_lp_p_i is unconnected and will be removed. (VDB-8003) (D:\Efinity_Project\Efinity_Project\Ti60F225_OV5640_Face_Reproduction\example_top.v:157)
[EFX-0011 VERI-WARNING] Input/inout port csi_rxd1_hs_i[7] is unconnected and will be removed. (VDB-8003) (D:\Efinity_Project\Efinity_Project\Ti60F225_OV5640_Face_Reproduction\example_top.v:158)
[EFX-0011 VERI-WARNING] Input/inout port csi_rxd2_lp_p_i is unconnected and will be removed. (VDB-8003) (D:\Efinity_Project\Efinity_Project\Ti60F225_OV5640_Face_Reproduction\example_top.v:165)
[EFX-0011 VERI-WARNING] Input/inout port csi_rxd2_lp_n_i is unconnected and will be removed. (VDB-8003) (D:\Efinity_Project\Efinity_Project\Ti60F225_OV5640_Face_Reproduction\example_top.v:166)
[EFX-0011 VERI-WARNING] Input/inout port csi_rxd2_hs_i[7] is unconnected and will be removed. (VDB-8003) (D:\Efinity_Project\Efinity_Project\Ti60F225_OV5640_Face_Reproduction\example_top.v:167)
[EFX-0011 VERI-WARNING] Input/inout port csi_rxd3_lp_p_i is unconnected and will be removed. (VDB-8003) (D:\Efinity_Project\Efinity_Project\Ti60F225_OV5640_Face_Reproduction\example_top.v:174)
[EFX-0011 VERI-WARNING] Input/inout port csi_rxd3_lp_n_i is unconnected and will be removed. (VDB-8003) (D:\Efinity_Project\Efinity_Project\Ti60F225_OV5640_Face_Reproduction\example_top.v:175)
[EFX-0011 VERI-WARNING] Input/inout port csi_rxd3_hs_i[7] is unconnected and will be removed. (VDB-8003) (D:\Efinity_Project\Efinity_Project\Ti60F225_OV5640_Face_Reproduction\example_top.v:176)
[EFX-0011 VERI-WARNING] Input/inout port dsi_txd0_lp_p_i is unconnected and will be removed. (VDB-8003) (D:\Efinity_Project\Efinity_Project\Ti60F225_OV5640_Face_Reproduction\example_top.v:235)
[EFX-0011 VERI-WARNING] Input/inout port dsi_txd0_lp_n_i is unconnected and will be removed. (VDB-8003) (D:\Efinity_Project\Efinity_Project\Ti60F225_OV5640_Face_Reproduction\example_top.v:236)
[EFX-0011 VERI-WARNING] Input/inout port dsi_txd1_lp_p_i is unconnected and will be removed. (VDB-8003) (D:\Efinity_Project\Efinity_Project\Ti60F225_OV5640_Face_Reproduction\example_top.v:237)
[EFX-0011 VERI-WARNING] Input/inout port dsi_txd1_lp_n_i is unconnected and will be removed. (VDB-8003) (D:\Efinity_Project\Efinity_Project\Ti60F225_OV5640_Face_Reproduction\example_top.v:238)
[EFX-0011 VERI-WARNING] Input/inout port dsi_txd2_lp_p_i is unconnected and will be removed. (VDB-8003) (D:\Efinity_Project\Efinity_Project\Ti60F225_OV5640_Face_Reproduction\example_top.v:239)
[EFX-0011 VERI-WARNING] Input/inout port dsi_txd2_lp_n_i is unconnected and will be removed. (VDB-8003) (D:\Efinity_Project\Efinity_Project\Ti60F225_OV5640_Face_Reproduction\example_top.v:240)
[EFX-0011 VERI-WARNING] Input/inout port dsi_txd3_lp_p_i is unconnected and will be removed. (VDB-8003) (D:\Efinity_Project\Efinity_Project\Ti60F225_OV5640_Face_Reproduction\example_top.v:241)
[EFX-0011 VERI-WARNING] Input/inout port dsi_txd3_lp_n_i is unconnected and will be removed. (VDB-8003) (D:\Efinity_Project\Efinity_Project\Ti60F225_OV5640_Face_Reproduction\example_top.v:242)
[EFX-0011 VERI-WARNING] Input/inout port uart_rx_i is unconnected and will be removed. (VDB-8003) (D:\Efinity_Project\Efinity_Project\Ti60F225_OV5640_Face_Reproduction\example_top.v:247)
[EFX-0011 VERI-WARNING] Input/inout port cmos_sdat_IN is unconnected and will be removed. (VDB-8003) (D:\Efinity_Project\Efinity_Project\Ti60F225_OV5640_Face_Reproduction\example_top.v:257)
[EFX-0011 VERI-WARNING] Input/inout port cmos_ctl1_i is unconnected and will be removed. (VDB-8003) (D:\Efinity_Project\Efinity_Project\Ti60F225_OV5640_Face_Reproduction\example_top.v:269)
[EFX-0011 VERI-WARNING] Input/inout port cmos_ctl2_i is unconnected and will be removed. (VDB-8003) (D:\Efinity_Project\Efinity_Project\Ti60F225_OV5640_Face_Reproduction\example_top.v:272)
[EFX-0011 VERI-WARNING] Input/inout port cmos_ctl3_i is unconnected and will be removed. (VDB-8003) (D:\Efinity_Project\Efinity_Project\Ti60F225_OV5640_Face_Reproduction\example_top.v:275)
[EFX-0011 VERI-WARNING] Input/inout port lcd_tp_sda_i is unconnected and will be removed. (VDB-8003) (D:\Efinity_Project\Efinity_Project\Ti60F225_OV5640_Face_Reproduction\example_top.v:323)
[EFX-0011 VERI-WARNING] Input/inout port lcd_tp_scl_i is unconnected and will be removed. (VDB-8003) (D:\Efinity_Project\Efinity_Project\Ti60F225_OV5640_Face_Reproduction\example_top.v:327)
[EFX-0011 VERI-WARNING] Input/inout port lcd_tp_int_i is unconnected and will be removed. (VDB-8003) (D:\Efinity_Project\Efinity_Project\Ti60F225_OV5640_Face_Reproduction\example_top.v:331)
[EFX-0011 VERI-WARNING] Input/inout port lcd_b7_0_i[7] is unconnected and will be removed. (VDB-8003) (D:\Efinity_Project\Efinity_Project\Ti60F225_OV5640_Face_Reproduction\example_top.v:351)
[EFX-0011 VERI-WARNING] Input/inout port lcd_g7_0_i[7] is unconnected and will be removed. (VDB-8003) (D:\Efinity_Project\Efinity_Project\Ti60F225_OV5640_Face_Reproduction\example_top.v:352)
[EFX-0011 VERI-WARNING] Input/inout port lcd_r7_0_i[7] is unconnected and will be removed. (VDB-8003) (D:\Efinity_Project\Efinity_Project\Ti60F225_OV5640_Face_Reproduction\example_top.v:353)
[EFX-0011 VERI-WARNING] CE port of EFX_DSP48 instance u_face_bbox_filter/n379_pp_0x0 is permanently disabled (VDB-8002) 
[EFX-0011 VERI-WARNING] CE port of EFX_DSP48 instance u_face_bbox_filter/n620_pp_1x0 is permanently disabled (VDB-8002) 
[EFX-0011 VERI-WARNING] CE port of EFX_DSP48 instance u_face_bbox_filter/n620_pp_0x0 is permanently disabled (VDB-8002) 
[EFX-0011 VERI-WARNING] CE port of EFX_DSP48 instance u_face_bbox_filter/n379_pp_1x0 is permanently disabled (VDB-8002) 
[EFX-0011 VERI-WARNING] Found 107 warnings in the post-synthesis netlist. 
