000000
000000
000000
000000
000000
000000
000000
000000
000000
000000
000000
000000
000000
000000
000000
000000
000000
000000
000000
000000
000000
000000
000000
000000
000000
000000
000000
000000
000000
000000
000000
000000
000000
000000
000000
000000
000000
000000
000000
000000
000000
000000
000000
000000
000000
000000
000000
000000
000000
000000
000000
000000
000000
000000
000000
000000
000000
000000
000000
000000
000000
000000
000000
000000
000000
000000
000000
000000
000000
000000
000000
000000
000000
000000
000000
000000
000000
000000
000000
000000
000000
000000
000000
000000
000000
000000
000000
000000
000000
000000
000000
000000
000000
000000
000000
000000
000000
000000
000000
000000
000000
000000
000000
000000
000000
000000
000000
000000
000000
000000
000000
000000
000000
000000
000000
000000
000000
000000
000000
000000
000000
000000
000000
000000
000000
000000
000000
000000
000000
000000
000000
000000
000000
000000
000000
000000
000000
000000
000000
000000
000000
000000
000000
000000
000000
000000
000000
000000
000000
000000
000000
000000
000000
000000
000000
000000
000000
000000
000000
000000
000000
000000
000000
000000
000000
000000
000000
000000
000000
000000
000000
000000
000000
000000
000000
000000
000000
000000
000000
000000
000000
000000
000000
000000
000000
000000
000000
000000
000000
000000
000000
000000
000000
000000
000000
000000
000000
000000
000000
000000
000000
000000
000000
000000
000000
000000
000000
000000
000000
000000
000000
000000
000000
000000
000000
000000
000000
000000
000000
000000
000000
000000
000000
000000
000000
000000
000000
000000
000000
000000
000000
000000
000000
000000
000000
000000
000000
000000
000000
000000
000000
000000
000000
000000
000000
000000
000000
000000
000000
000000
000000
000000
000000
000000
000000
000000
000000
000000
000000
000000
000000
000000
000000
000000
000000
000000
000000
000000
000000
000000
000000
000000
000000
000000
000000
000000
000000
000000
000000
000000
000000
000000
000000
000000
000000
000000
000000
000000
000000
000000
000000
000000
000000
000000
000000
000000
000000
000000
000000
000000
000000
000000
000000
000000
000000
000000
000000
000000
000000
000000
000000
000000
000000
000000
000000
000000
000000
000000
000000
000000
000000
000000
000000
000000
000000
000000
000000
000000
000000
000000
000000
000000
000000
000000
000000
000000
000000
000000
000000
000000
000000
000000
000000
000000
000000
000000
000000
000000
000000
000000
000000
000000
000000
000000
000000
000000
000000
000000
000000
000000
000000
000000
000000
000000
000000
000000
000000
000000
000000
000000
000000
000000
000000
000000
000000
000000
000000
000000
000000
000000
000000
000000
000000
000000
000000
000000
000000
000000
000000
000000
000000
000000
000000
000000
000000
000000
000000
000000
000000
000000
000000
000000
000000
000000
000000
000000
000000
000000
000000
000000
000000
000000
000000
000000
000000
000000
000000
000000
000000
000000
000000
000000
000000
000000
000000
000000
000000
000000
000000
000000
000000
000000
000000
000000
000000
000000
000000
000000
000000
000000
000000
000000
000000
000000
000000
000000
000000
000000
000000
000000
000000
000000
000000
000000
000000
000000
000000
000000
000000
000000
000000
000000
000000
000000
000000
000000
000000
000000
000000
000000
000000
000000
000000
000000
000000
000000
000000
000000
000000
000000
000000
000000
000000
000000
000000
000000
000000
000000
000000
000000
000000
000000
000000
000000
000000
000000
000000
000000
000000
000000
000000
000000
000000
000000
000000
000000
000000
000000
000000
000000
000000
000000
000000
000000
000000
000000
000000
000000
000000
000000
000000
000000
000000
000000
000000
000000
000000
000000
000000
000000
000000
000000
000000
000000
000000
000000
000000
000000
000000
000000
000000
000000
000000
000000
000000
000000
000000
000000
000000
000000
000000
000000
000000
000000
000000
000000
000000
000000
000000
000000
000000
000000
000000
000000
000000
000000
000000
000000
000000
000000
000000
000000
000000
000000
000000
000000
000000
000000
000000
000000
000000
000000
000000
000000
000000
000000
000000
000000
000000
000000
000000
000000
000000
000000
000000
000000
000000
000000
000000
000000
000000
000000
000000
000000
000000
000000
000000
000000
000000
000000
000000
000000
000000
000000
000000
000000
000000
000000
000000
000000
000000
000000
000000
000000
000000
000000
000000
000000
000000
000000
000000
000000
000000
000000
000000
000000
000000
000000
000000
000000
000000
000000
000000
000000
000000
000000
000000
000000
000000
000000
000000
000000
000000
000000
000000
000000
000000
000000
000000
000000
000000
000000
000000
000000
000000
000000
000000
000000
000000
000000
000000
000000
000000
000000
000000
000000
000000
000000
000000
000000
000000
000000
000000
000000
000000
000000
000000
000000
000000
000000
000000
000000
000000
000000
000000
000000
000000
000000
000000
000000
000000
000000
000000
000000
000000
000000
000000
000000
000000
000000
000000
000000
000000
000000
000000
000000
000000
000000
000000
000000
000000
000000
000000
000000
000000
000000
000000
000000
000000
000000
000000
000000
000000
000000
000000
000000
000000
000000
000000
000000
000000
000000
000000
000000
000000
000000
000000
000000
000000
000000
000000
000000
000000
000000
000000
000000
000000
000000
000000
000000
000000
000000
000000
000000
000000
000000
000000
000000
ffffff
ffffff
ffffff
ffffff
ffffff
ffffff
ffffff
ffffff
ffffff
ffffff
ffffff
ffffff
ffffff
ffffff
ffffff
ffffff
ffffff
ffffff
ffffff
ffffff
ffffff
ffffff
ffffff
ffffff
ffffff
ffffff
ffffff
ffffff
ffffff
ffffff
ffffff
ffffff
ffffff
ffffff
ffffff
ffffff
ffffff
ffffff
ffffff
ffffff
ffffff
ffffff
ffffff
ffffff
ffffff
ffffff
ffffff
ffffff
ffffff
ffffff
ffffff
ffffff
ffffff
ffffff
ffffff
ffffff
ffffff
ffffff
ffffff
ffffff
ffffff
ffffff
ffffff
ffffff
ffffff
ffffff
ffffff
ffffff
ffffff
ffffff
ffffff
ffffff
ffffff
ffffff
ffffff
ffffff
ffffff
ffffff
ffffff
ffffff
ffffff
ffffff
ffffff
ffffff
ffffff
ffffff
ffffff
ffffff
ffffff
ffffff
ffffff
ffffff
ffffff
ffffff
ffffff
ffffff
ffffff
ffffff
ffffff
ffffff
ffffff
ffffff
ffffff
ffffff
ffffff
ffffff
ffffff
ffffff
ffffff
ffffff
ffffff
ffffff
ffffff
ffffff
ffffff
ffffff
ffffff
ffffff
ffffff
ffffff
ffffff
ffffff
ffffff
ffffff
ffffff
ffffff
ffffff
ffffff
ffffff
ffffff
ffffff
ffffff
ffffff
ffffff
ffffff
ffffff
ffffff
ffffff
ffffff
ffffff
ffffff
ffffff
ffffff
ffffff
ffffff
ffffff
ffffff
ffffff
ffffff
ffffff
ffffff
ffffff
ffffff
ffffff
ffffff
ffffff
ffffff
ffffff
ffffff
ffffff
ffffff
ffffff
ffffff
ffffff
ffffff
ffffff
ffffff
ffffff
ffffff
ffffff
ffffff
ffffff
ffffff
ffffff
ffffff
ffffff
ffffff
ffffff
ffffff
ffffff
ffffff
ffffff
ffffff
ffffff
ffffff
ffffff
ffffff
ffffff
ffffff
ffffff
ffffff
ffffff
ffffff
ffffff
ffffff
ffffff
ffffff
ffffff
ffffff
ffffff
ffffff
ffffff
ffffff
ffffff
ffffff
ffffff
ffffff
ffffff
ffffff
ffffff
ffffff
ffffff
ffffff
ffffff
ffffff
ffffff
ffffff
ffffff
ffffff
ffffff
ffffff
ffffff
ffffff
ffffff
ffffff
ffffff
ffffff
ffffff
ffffff
ffffff
ffffff
ffffff
ffffff
ffffff
ffffff
ffffff
ffffff
ffffff
ffffff
ffffff
ffffff
ffffff
ffffff
ffffff
ffffff
ffffff
ffffff
ffffff
ffffff
ffffff
ffffff
ffffff
ffffff
ffffff
ffffff
ffffff
ffffff
ffffff
ffffff
ffffff
ffffff
ffffff
ffffff
ffffff
ffffff
ffffff
ffffff
ffffff
ffffff
ffffff
ffffff
ffffff
ffffff
ffffff
ffffff
ffffff
ffffff
ffffff
ffffff
ffffff
ffffff
ffffff
ffffff
ffffff
ffffff
ffffff
ffffff
ffffff
ffffff
ffffff
ffffff
ffffff
ffffff
ffffff
ffffff
ffffff
ffffff
ffffff
ffffff
ffffff
ffffff
ffffff
ffffff
ffffff
ffffff
ffffff
ffffff
ffffff
ffffff
ffffff
ffffff
ffffff
ffffff
ffffff
ffffff
ffffff
ffffff
ffffff
ffffff
ffffff
ffffff
ffffff
ffffff
ffffff
ffffff
ffffff
ffffff
ffffff
ffffff
ffffff
ffffff
ffffff
ffffff
ffffff
ffffff
ffffff
ffffff
ffffff
ffffff
ffffff
ffffff
ffffff
ffffff
ffffff
ffffff
ffffff
ffffff
ffffff
ffffff
ffffff
ffffff
ffffff
ffffff
ffffff
ffffff
ffffff
ffffff
ffffff
ffffff
ffffff
ffffff
ffffff
ffffff
ffffff
ffffff
ffffff
ffffff
ffffff
ffffff
ffffff
ffffff
ffffff
ffffff
ffffff
ffffff
ffffff
ffffff
ffffff
ffffff
ffffff
ffffff
ffffff
ffffff
ffffff
ffffff
ffffff
ffffff
ffffff
ffffff
ffffff
ffffff
ffffff
ffffff
ffffff
ffffff
ffffff
ffffff
ffffff
ffffff
ffffff
ffffff
ffffff
ffffff
ffffff
ffffff
ffffff
ffffff
ffffff
ffffff
ffffff
ffffff
ffffff
ffffff
ffffff
ffffff
ffffff
ffffff
ffffff
ffffff
ffffff
ffffff
ffffff
ffffff
ffffff
ffffff
ffffff
ffffff
ffffff
ffffff
ffffff
ffffff
ffffff
ffffff
ffffff
ffffff
ffffff
ffffff
ffffff
ffffff
ffffff
ffffff
ffffff
ffffff
ffffff
ffffff
ffffff
ffffff
ffffff
ffffff
ffffff
ffffff
ffffff
ffffff
ffffff
ffffff
ffffff
ffffff
ffffff
ffffff
ffffff
ffffff
ffffff
ffffff
ffffff
ffffff
ffffff
ffffff
ffffff
ffffff
ffffff
ffffff
ffffff
ffffff
ffffff
ffffff
ffffff
ffffff
ffffff
ffffff
ffffff
ffffff
ffffff
ffffff
ffffff
ffffff
ffffff
ffffff
ffffff
ffffff
ffffff
ffffff
ffffff
ffffff
ffffff
ffffff
ffffff
ffffff
ffffff
ffffff
ffffff
ffffff
ffffff
ffffff
ffffff
ffffff
ffffff
ffffff
ffffff
ffffff
ffffff
ffffff
ffffff
ffffff
ffffff
ffffff
ffffff
ffffff
ffffff
ffffff
ffffff
ffffff
ffffff
ffffff
ffffff
ffffff
ffffff
ffffff
ffffff
ffffff
ffffff
ffffff
ffffff
ffffff
ffffff
ffffff
ffffff
ffffff
ffffff
ffffff
ffffff
ffffff
ffffff
ffffff
ffffff
ffffff
ffffff
ffffff
ffffff
ffffff
ffffff
ffffff
ffffff
ffffff
ffffff
ffffff
ffffff
ffffff
ffffff
ffffff
ffffff
ffffff
ffffff
ffffff
ffffff
ffffff
ffffff
ffffff
ffffff
ffffff
ffffff
ffffff
ffffff
ffffff
ffffff
ffffff
ffffff
ffffff
ffffff
ffffff
ffffff
ffffff
ffffff
ffffff
ffffff
ffffff
ffffff
ffffff
ffffff
ffffff
ffffff
ffffff
ffffff
ffffff
ffffff
ffffff
ffffff
ffffff
ffffff
ffffff
ffffff
ffffff
ffffff
ffffff
ffffff
ffffff
ffffff
ffffff
ffffff
ffffff
ffffff
ffffff
ffffff
ffffff
ffffff
ffffff
ffffff
ffffff
ffffff
ffffff
ffffff
ffffff
ffffff
ffffff
ffffff
ffffff
ffffff
ffffff
ffffff
ffffff
ffffff
ffffff
ffffff
ffffff
ffffff
ffffff
ffffff
ffffff
ffffff
ffffff
ffffff
ffffff
ffffff
ffffff
ffffff
ffffff
ffffff
ffffff
ffffff
ffffff
ffffff
ffffff
ffffff
ffffff
ffffff
ffffff
ffffff
ffffff
ffffff
ffffff
ffffff
ffffff
ffffff
ffffff
ffffff
ffffff
ffffff
ffffff
ffffff
ffffff
ffffff
ffffff
ffffff
ffffff
ffffff
ffffff
ffffff
ffffff
ffffff
ffffff
ffffff
ffffff
ffffff
ffffff
ffffff
ffffff
ffffff
ffffff
ffffff
ffffff
ffffff
ffffff
ffffff
ffffff
ffffff
ffffff
ffffff
ffffff
ffffff
ffffff
ffffff
ffffff
ffffff
ffffff
ffffff
ffffff
ffffff
ffffff
ffffff
ffffff
ffffff
ffffff
ffffff
ffffff
ffffff
ffffff
ffffff
ffffff
ffffff
ffffff
ffffff
ffffff
ffffff
ffffff
ffffff
ffffff
ffffff
ffffff
ffffff
ffffff
ffffff
ffffff
ffffff
ffffff
ffffff
ffffff
ffffff
ffffff
ffffff
ffffff
ffffff
ffffff
ffffff
ffffff
ffffff
ffffff
ffffff
ffffff
ffffff
ffffff
ffffff
ffffff
ffffff
ffffff
ffffff
ffffff
ffffff
ffffff
ffffff
ffffff
ffffff
ffffff
ffffff
ffffff
ffffff
ffffff
ffffff
ffffff
ffffff
000000
000000
000000
000000
000000
000000
000000
000000
000000
000000
000000
000000
000000
000000
000000
000000
ffffff
ffffff
ffffff
ffffff
ffffff
ffffff
ffffff
ffffff
ffffff
ffffff
ffffff
ffffff
ffffff
ffffff
ffffff
ffffff
000000
000000
000000
000000
000000
000000
000000
000000
000000
000000
000000
000000
000000
000000
000000
000000
ffffff
ffffff
ffffff
ffffff
ffffff
ffffff
ffffff
ffffff
ffffff
ffffff
ffffff
ffffff
ffffff
ffffff
ffffff
ffffff
000000
000000
000000
000000
000000
000000
000000
000000
000000
000000
000000
000000
000000
000000
000000
000000
ffffff
ffffff
ffffff
ffffff
ffffff
ffffff
ffffff
ffffff
ffffff
ffffff
ffffff
ffffff
ffffff
ffffff
ffffff
ffffff
000000
000000
000000
000000
000000
000000
000000
000000
000000
000000
000000
000000
000000
000000
000000
000000
ffffff
ffffff
ffffff
ffffff
ffffff
ffffff
ffffff
ffffff
ffffff
ffffff
ffffff
ffffff
ffffff
ffffff
ffffff
ffffff
000000
000000
000000
000000
000000
000000
000000
000000
000000
000000
000000
000000
000000
000000
000000
000000
ffffff
ffffff
ffffff
ffffff
ffffff
ffffff
ffffff
ffffff
ffffff
ffffff
ffffff
ffffff
ffffff
ffffff
ffffff
ffffff
000000
000000
000000
000000
000000
000000
000000
000000
000000
000000
000000
000000
000000
000000
000000
000000
ffffff
ffffff
ffffff
ffffff
ffffff
ffffff
ffffff
ffffff
ffffff
ffffff
ffffff
ffffff
ffffff
ffffff
ffffff
ffffff
000000
000000
000000
000000
000000
000000
000000
000000
000000
000000
000000
000000
000000
000000
000000
000000
ffffff
ffffff
ffffff
ffffff
ffffff
ffffff
ffffff
ffffff
ffffff
ffffff
ffffff
ffffff
ffffff
ffffff
ffffff
ffffff
000000
000000
000000
000000
000000
000000
000000
000000
000000
000000
000000
000000
000000
000000
000000
000000
ffffff
ffffff
ffffff
ffffff
ffffff
ffffff
ffffff
ffffff
ffffff
ffffff
ffffff
ffffff
ffffff
ffffff
ffffff
ffffff
000000
000000
000000
000000
000000
000000
000000
000000
000000
000000
000000
000000
000000
000000
000000
000000
ffffff
ffffff
ffffff
ffffff
ffffff
ffffff
ffffff
ffffff
ffffff
ffffff
ffffff
ffffff
ffffff
ffffff
ffffff
ffffff
000000
000000
000000
000000
000000
000000
000000
000000
000000
000000
000000
000000
000000
000000
000000
000000
ffffff
ffffff
ffffff
ffffff
ffffff
ffffff
ffffff
ffffff
ffffff
ffffff
ffffff
ffffff
ffffff
ffffff
ffffff
ffffff
000000
000000
000000
000000
000000
000000
000000
000000
000000
000000
000000
000000
000000
000000
000000
000000
ffffff
ffffff
ffffff
ffffff
ffffff
ffffff
ffffff
ffffff
ffffff
ffffff
ffffff
ffffff
ffffff
ffffff
ffffff
ffffff
000000
000000
000000
000000
000000
000000
000000
000000
000000
000000
000000
000000
000000
000000
000000
000000
ffffff
ffffff
ffffff
ffffff
ffffff
ffffff
ffffff
ffffff
ffffff
ffffff
ffffff
ffffff
ffffff
ffffff
ffffff
ffffff
000000
000000
000000
000000
000000
000000
000000
000000
000000
000000
000000
000000
000000
000000
000000
000000
ffffff
ffffff
ffffff
ffffff
ffffff
ffffff
ffffff
ffffff
ffffff
ffffff
ffffff
ffffff
ffffff
ffffff
ffffff
ffffff
000000
000000
000000
000000
000000
000000
000000
000000
000000
000000
000000
000000
000000
000000
000000
000000
ffffff
ffffff
ffffff
ffffff
ffffff
ffffff
ffffff
ffffff
ffffff
ffffff
ffffff
ffffff
ffffff
ffffff
ffffff
ffffff
000000
000000
000000
000000
000000
000000
000000
000000
000000
000000
000000
000000
000000
000000
000000
000000
ffffff
ffffff
ffffff
ffffff
ffffff
ffffff
ffffff
ffffff
ffffff
ffffff
ffffff
ffffff
ffffff
ffffff
ffffff
ffffff
000000
000000
000000
000000
000000
000000
000000
000000
000000
000000
000000
000000
000000
000000
000000
000000
ffffff
ffffff
ffffff
ffffff
ffffff
ffffff
ffffff
ffffff
ffffff
ffffff
ffffff
ffffff
ffffff
ffffff
ffffff
ffffff
000000
000000
000000
000000
000000
000000
000000
000000
000000
000000
000000
000000
000000
000000
000000
000000
ffffff
ffffff
ffffff
ffffff
ffffff
ffffff
ffffff
ffffff
ffffff
ffffff
ffffff
ffffff
ffffff
ffffff
ffffff
ffffff
000000
000000
000000
000000
000000
000000
000000
000000
000000
000000
000000
000000
000000
000000
000000
000000
ffffff
ffffff
ffffff
ffffff
ffffff
ffffff
ffffff
ffffff
ffffff
ffffff
ffffff
ffffff
ffffff
ffffff
ffffff
ffffff
000000
000000
000000
000000
000000
000000
000000
000000
000000
000000
000000
000000
000000
000000
000000
000000
ffffff
ffffff
ffffff
ffffff
ffffff
ffffff
ffffff
ffffff
ffffff
ffffff
ffffff
ffffff
ffffff
ffffff
ffffff
ffffff
000000
000000
000000
000000
000000
000000
000000
000000
000000
000000
000000
000000
000000
000000
000000
000000
ffffff
ffffff
ffffff
ffffff
ffffff
ffffff
ffffff
ffffff
ffffff
ffffff
ffffff
ffffff
ffffff
ffffff
ffffff
ffffff
000000
000000
000000
000000
000000
000000
000000
000000
000000
000000
000000
000000
000000
000000
000000
000000
ffffff
ffffff
ffffff
ffffff
ffffff
ffffff
ffffff
ffffff
ffffff
ffffff
ffffff
ffffff
ffffff
ffffff
ffffff
ffffff
000000
000000
000000
000000
000000
000000
000000
000000
000000
000000
000000
000000
000000
000000
000000
000000
ffffff
ffffff
ffffff
ffffff
ffffff
ffffff
ffffff
ffffff
ffffff
ffffff
ffffff
ffffff
ffffff
ffffff
ffffff
ffffff
000000
000000
000000
000000
000000
000000
000000
000000
000000
000000
000000
000000
000000
000000
000000
000000
ffffff
ffffff
ffffff
ffffff
ffffff
ffffff
ffffff
ffffff
ffffff
ffffff
ffffff
ffffff
ffffff
ffffff
ffffff
ffffff
000000
000000
000000
000000
000000
000000
000000
000000
000000
000000
000000
000000
000000
000000
000000
000000
ffffff
ffffff
ffffff
ffffff
ffffff
ffffff
ffffff
ffffff
ffffff
ffffff
ffffff
ffffff
ffffff
ffffff
ffffff
ffffff
000000
000000
000000
000000
000000
000000
000000
000000
000000
000000
000000
000000
000000
000000
000000
000000
000000
000000
000000
000000
000000
000000
000000
000000
000000
000000
000000
000000
000000
000000
000000
000000
000000
000000
000000
000000
000000
000000
000000
000000
000000
000000
000000
000000
000000
000000
000000
000000
000000
000000
000000
000000
000000
000000
000000
000000
000000
000000
000000
000000
000000
000000
000000
000000
000000
000000
000000
000000
000000
000000
000000
000000
000000
000000
000000
000000
000000
000000
000000
000000
000000
000000
000000
000000
000000
000000
000000
000000
000000
000000
000000
000000
000000
000000
000000
000000
000000
000000
000000
000000
000000
000000
000000
000000
000000
000000
000000
000000
000000
000000
000000
000000
000000
000000
000000
000000
000000
000000
000000
000000
000000
000000
000000
000000
000000
000000
000000
000000
000000
000000
000000
000000
000000
000000
000000
000000
000000
000000
000000
000000
000000
000000
000000
000000
000000
000000
000000
000000
000000
000000
000000
000000
000000
000000
000000
000000
000000
000000
000000
000000
000000
000000
000000
000000
000000
000000
000000
000000
000000
000000
000000
000000
000000
000000
000000
000000
000000
000000
000000
000000
000000
000000
000000
000000
000000
000000
000000
000000
000000
000000
000000
000000
000000
000000
000000
000000
000000
000000
000000
000000
000000
000000
000000
000000
000000
000000
000000
000000
000000
000000
000000
000000
000000
000000
000000
000000
000000
000000
000000
000000
000000
000000
000000
000000
000000
000000
000000
000000
000000
000000
000000
000000
000000
000000
000000
000000
000000
000000
000000
000000
000000
000000
000000
000000
000000
000000
000000
000000
000000
000000
000000
000000
000000
000000
000000
000000
000000
000000
000000
000000
000000
000000
000000
000000
000000
000000
000000
000000
000000
000000
000000
000000
000000
000000
000000
000000
000000
000000
000000
000000
000000
000000
000000
000000
000000
000000
000000
000000
000000
000000
000000
000000
000000
000000
000000
000000
000000
000000
000000
000000
000000
000000
000000
000000
000000
000000
000000
000000
000000
000000
000000
000000
000000
000000
000000
000000
000000
000000
000000
000000
000000
000000
000000
000000
000000
000000
000000
000000
000000
000000
000000
000000
000000
000000
000000
000000
000000
000000
000000
000000
000000
000000
000000
000000
000000
000000
000000
000000
000000
000000
000000
000000
000000
000000
000000
000000
000000
000000
000000
000000
000000
000000
000000
000000
000000
000000
000000
000000
000000
000000
000000
000000
000000
000000
000000
000000
000000
000000
000000
000000
000000
000000
000000
000000
ffffff
ffffff
ffffff
ffffff
ffffff
ffffff
ffffff
ffffff
ffffff
ffffff
ffffff
ffffff
ffffff
ffffff
ffffff
ffffff
ffffff
ffffff
ffffff
ffffff
ffffff
ffffff
ffffff
ffffff
ffffff
ffffff
ffffff
ffffff
ffffff
ffffff
ffffff
ffffff
ffffff
ffffff
ffffff
ffffff
ffffff
ffffff
ffffff
ffffff
ffffff
ffffff
ffffff
ffffff
ffffff
ffffff
ffffff
ffffff
ffffff
ffffff
ffffff
ffffff
ffffff
ffffff
ffffff
ffffff
ffffff
ffffff
ffffff
ffffff
ffffff
ffffff
ffffff
ffffff
ffffff
ffffff
ffffff
ffffff
ffffff
ffffff
ffffff
ffffff
ffffff
ffffff
ffffff
ffffff
ffffff
ffffff
ffffff
ffffff
ffffff
ffffff
ffffff
ffffff
ffffff
ffffff
ffffff
ffffff
ffffff
ffffff
ffffff
ffffff
ffffff
ffffff
ffffff
ffffff
ffffff
ffffff
ffffff
ffffff
ffffff
ffffff
ffffff
ffffff
ffffff
ffffff
ffffff
ffffff
ffffff
ffffff
ffffff
ffffff
ffffff
ffffff
ffffff
ffffff
ffffff
ffffff
ffffff
ffffff
ffffff
ffffff
ffffff
ffffff
ffffff
ffffff
ffffff
ffffff
ffffff
ffffff
ffffff
ffffff
ffffff
ffffff
ffffff
ffffff
ffffff
ffffff
ffffff
ffffff
ffffff
ffffff
ffffff
ffffff
ffffff
ffffff
ffffff
ffffff
ffffff
ffffff
ffffff
ffffff
ffffff
ffffff
ffffff
ffffff
ffffff
ffffff
ffffff
ffffff
ffffff
ffffff
ffffff
ffffff
ffffff
ffffff
ffffff
ffffff
ffffff
ffffff
ffffff
ffffff
ffffff
ffffff
ffffff
ffffff
ffffff
ffffff
ffffff
ffffff
ffffff
ffffff
ffffff
ffffff
ffffff
ffffff
ffffff
ffffff
ffffff
ffffff
ffffff
ffffff
ffffff
ffffff
ffffff
ffffff
ffffff
ffffff
ffffff
ffffff
ffffff
ffffff
ffffff
ffffff
ffffff
ffffff
ffffff
ffffff
ffffff
ffffff
ffffff
ffffff
ffffff
ffffff
ffffff
ffffff
ffffff
ffffff
ffffff
ffffff
ffffff
ffffff
ffffff
ffffff
ffffff
ffffff
ffffff
ffffff
ffffff
ffffff
ffffff
ffffff
ffffff
ffffff
ffffff
ffffff
ffffff
ffffff
ffffff
ffffff
ffffff
ffffff
ffffff
ffffff
ffffff
ffffff
ffffff
ffffff
ffffff
ffffff
ffffff
ffffff
ffffff
ffffff
ffffff
ffffff
ffffff
ffffff
ffffff
ffffff
ffffff
ffffff
ffffff
ffffff
ffffff
ffffff
ffffff
ffffff
ffffff
ffffff
ffffff
ffffff
ffffff
ffffff
ffffff
ffffff
ffffff
ffffff
ffffff
ffffff
ffffff
ffffff
ffffff
ffffff
ffffff
ffffff
ffffff
ffffff
ffffff
ffffff
ffffff
ffffff
ffffff
ffffff
ffffff
ffffff
ffffff
ffffff
ffffff
ffffff
ffffff
ffffff
ffffff
ffffff
ffffff
ffffff
ffffff
ffffff
ffffff
ffffff
ffffff
ffffff
ffffff
ffffff
ffffff
ffffff
ffffff
ffffff
ffffff
ffffff
ffffff
ffffff
ffffff
ffffff
ffffff
ffffff
ffffff
ffffff
ffffff
ffffff
ffffff
ffffff
ffffff
ffffff
ffffff
ffffff
ffffff
ffffff
ffffff
ffffff
ffffff
ffffff
ffffff
ffffff
ffffff
ffffff
ffffff
ffffff
ffffff
ffffff
ffffff
ffffff
ffffff
ffffff
ffffff
ffffff
ffffff
ffffff
ffffff
ffffff
ffffff
ffffff
ffffff
ffffff
ffffff
ffffff
ffffff
ffffff
ffffff
ffffff
ffffff
ffffff
ffffff
ffffff
ffffff
ffffff
ffffff
ffffff
ffffff
ffffff
ffffff
ffffff
ffffff
ffffff
000000
000000
000000
000000
000000
000000
000000
000000
000000
000000
000000
000000
000000
000000
000000
000000
000000
000000
000000
000000
000000
000000
000000
000000
000000
000000
000000
000000
000000
000000
000000
000000
000000
000000
000000
000000
000000
000000
000000
000000
000000
000000
000000
000000
000000
000000
000000
000000
000000
000000
000000
000000
000000
000000
000000
000000
000000
000000
000000
000000
000000
000000
000000
000000
000000
000000
000000
000000
000000
000000
000000
000000
000000
000000
000000
000000
000000
000000
000000
000000
000000
000000
000000
000000
000000
000000
000000
000000
000000
000000
000000
000000
000000
000000
000000
000000
000000
000000
000000
000000
000000
000000
000000
000000
000000
000000
000000
000000
000000
000000
000000
000000
000000
000000
000000
000000
000000
000000
000000
000000
000000
000000
000000
000000
000000
000000
000000
000000
000000
000000
000000
000000
000000
000000
000000
000000
000000
000000
000000
000000
000000
000000
000000
000000
000000
000000
000000
000000
000000
000000
000000
000000
000000
000000
000000
000000
000000
000000
000000
000000
000000
000000
000000
000000
000000
000000
000000
000000
000000
000000
000000
000000
000000
000000
000000
000000
000000
000000
000000
000000
000000
000000
000000
000000
000000
000000
000000
000000
000000
000000
000000
000000
000000
000000
000000
000000
000000
000000
000000
000000
000000
000000
000000
000000
000000
000000
000000
000000
000000
000000
000000
000000
000000
000000
000000
000000
000000
000000
000000
000000
000000
000000
000000
000000
000000
000000
000000
000000
000000
000000
000000
000000
000000
000000
000000
000000
000000
000000
000000
000000
000000
000000
000000
000000
000000
000000
000000
000000
000000
000000
000000
000000
000000
000000
000000
000000
000000
000000
000000
000000
000000
000000
000000
000000
000000
000000
000000
000000
000000
000000
000000
000000
000000
000000
000000
000000
000000
000000
000000
000000
000000
000000
000000
000000
000000
000000
000000
000000
000000
000000
000000
000000
000000
000000
000000
000000
000000
000000
000000
000000
000000
000000
000000
000000
000000
000000
000000
000000
000000
000000
000000
000000
000000
000000
000000
000000
000000
000000
000000
000000
000000
000000
000000
000000
000000
000000
000000
000000
000000
000000
000000
000000
000000
000000
000000
000000
000000
000000
000000
000000
000000
000000
000000
000000
000000
000000
000000
000000
000000
000000
000000
000000
000000
000000
000000
000000
000000
000000
000000
000000
000000
000000
000000
000000
000000
000000
000000
000000
000000
000000
000000
000000
000000
000000
000000
000000
000000
000000
000000
000000
000000
000000
000000
000000
000000
000000
000000
000000
000000
000000
000000
000000
000000
000000
000000
000000
000000
000000
000000
000000
ffffff
000000
000000
000000
000000
000000
000000
000000
000000
000000
000000
000000
000000
000000
000000
000000
000000
000000
000000
000000
000000
000000
000000
000000
000000
000000
000000
000000
000000
000000
000000
000000
000000
000000
000000
000000
000000
000000
000000
000000
000000
000000
000000
000000
000000
000000
000000
000000
000000
000000
000000
000000
000000
000000
000000
000000
000000
000000
000000
000000
000000
000000
000000
000000
000000
000000
000000
000000
000000
000000
000000
000000
000000
000000
000000
000000
000000
000000
000000
000000
000000
000000
000000
000000
000000
000000
000000
000000
000000
000000
000000
000000
000000
000000
000000
000000
000000
000000
000000
000000
000000
000000
000000
000000
000000
000000
000000
000000
000000
000000
000000
000000
000000
000000
000000
000000
000000
000000
000000
000000
000000
000000
000000
000000
000000
000000
000000
000000
000000
000000
000000
000000
000000
000000
000000
000000
000000
000000
000000
000000
000000
000000
000000
000000
000000
000000
000000
000000
000000
000000
000000
000000
000000
000000
000000
000000
000000
000000
000000
000000
000000
000000
000000
000000
000000
000000
000000
000000
000000
000000
000000
000000
000000
000000
000000
000000
000000
000000
000000
000000
000000
000000
000000
000000
000000
000000
000000
000000
000000
000000
000000
000000
000000
000000
000000
000000
000000
000000
000000
000000
000000
000000
000000
000000
000000
000000
000000
000000
000000
000000
000000
000000
000000
000000
000000
000000
000000
000000
000000
000000
000000
000000
000000
000000
000000
000000
000000
000000
000000
000000
000000
000000
000000
000000
000000
000000
000000
000000
000000
000000
000000
000000
000000
000000
000000
000000
000000
000000
000000
000000
000000
000000
000000
000000
000000
000000
000000
000000
000000
000000
000000
000000
000000
000000
000000
000000
000000
000000
000000
000000
000000
000000
000000
000000
000000
000000
000000
000000
000000
000000
000000
000000
000000
000000
000000
000000
000000
000000
000000
000000
000000
000000
000000
000000
000000
000000
000000
000000
000000
000000
000000
000000
000000
000000
000000
000000
000000
000000
000000
000000
000000
000000
000000
000000
000000
000000
000000
000000
000000
000000
000000
000000
000000
000000
000000
000000
000000
000000
000000
000000
000000
000000
000000
000000
000000
000000
000000
000000
000000
000000
000000
000000
000000
000000
000000
000000
000000
000000
000000
000000
000000
000000
000000
000000
000000
000000
000000
000000
000000
000000
000000
000000
000000
000000
000000
000000
000000
000000
8f7caa
105b48
6d94e6
307767
e38853
b42154
643dac
abc427
1052a6
ece6f9
0ee6b6
851f1d
cdf961
320000
1d8f59
606b80
8a6b5a
0ccdcd
799e17
f6453c
93a57e
abd5b6
588ac7
6a8792
5be02d
7094c2
3381cf
7b5c19
559e14
b622d6
80c356
d9bd50
00cdab
04f4b4
b23acc
18101f
776dda
7c7259
0051b5
f4a84f
d8182e
dbc81d
085d2c
2e49e6
b9215b
a5cc82
5696c5
41eee1
2e46c9
204bf4
b601ab
bd4e67
361e01
2e964d
6a5a70
084014
8e7d63
44a835
321661
e93b26
179579
5159e5
ae2c50
3329bc
50fc49
31a3b7
51a848
abe597
2e8550
5ed244
be2c3a
b3ad9e
876e99
829b70
6cb021
73ded5
00ba56
67182c
decc39
8474ee
0a09af
cbd504
09e8ee
72633b
6828c6
cbeea3
3d28d0
fd354a
dd1f08
be44da
2068aa
9e4e9a
9790df
05fdcc
48b5bc
f60948
d67c83
ccc2f6
c71e28
dcf567
3bf8c0
c30f50
045ffe
c3239f
5af04b
ed764a
9c2094
204c0a
8c8d33
ce1c15
984c4a
7b14a9
1e1b6b
3c368f
bb393d
9b1ad6
09b240
039575
ef97b0
4d7756
e6d4cc
b805f3
babf2d
6c4a3b
5d1cff
82dda1
0926e1
f55eb9
299091
e75ce7
f579b5
7181bc
d5e848
af53d6
a8fa34
36b2d9
e0f5b0
4b1980
2d5667
4eb3e9
c3dccb
64285f
ca6741
3ff917
f30a5a
a34cec
463a9f
559cb3
231a7e
923b42
c383cc
d89676
f7ac76
8a4b3f
4c44cb
73c7ce
de9519
f40acb
330362
c015f6
df659f
a04612
40fa8e
4e3459
7ba1ec
a381d6
5f2d1d
282cf7
ce0a11
395755
40b450
5a079a
89892a
996872
376c52
daacf6
19000f
2e2d35
1ba7cd
92088f
db0f7d
aecd06
01644e
363e35
1e8b9c
f63752
f543ee
310f45
8a2dad
a557cf
736b2a
50e684
096ccb
5b8588
d3d4b5
aa428c
f63b50
d8f943
3a62c8
c3d666
9e3ae9
2e0f17
c71cfd
134ef2
3bca07
724deb
35d94c
1f34fd
befac2
81dbe2
9792fd
8664b4
099014
15fe61
4471f5
2397bd
7897b5
8a89f9
d754bc
5bd05e
054ddb
994a01
68fff0
f5eec9
3a34a3
79e482
86461b
8757f0
e9e161
9c5d79
bba71f
c0473e
3d1658
63ab16
ab28a1
982ec6
ee8e15
7ca712
d09896
4f51cb
ef5e47
82fd37
c206b5
dd9396
ce169d
0bd32c
fa70f6
fd40c0
fb2cd5
e8af9e
b772bf
fd882c
98d8e8
75e5cc
034b2a
ea1ec4
228bc9
dbb9c0
8fa44d
aaf638
155453
5a537d
291087
d413c0
9a9b93
0877d7
e48048
8564c4
dfdfbd
a238c9
b66b86
72eadc
a5dacf
d81282
9c95c6
43a4b9
0c266d
6bd126
bc3b2a
a58128
176f95
9b0255
1d3bdc
3dec69
5da299
f8bbfc
4d4bd8
90fc1c
99b21b
bd6a07
fd873b
047362
591c16
5c8377
f0de78
b63cef
f9976f
fbd47e
1528a1
35f94a
6a36f2
2de96d
a09bb2
7565e1
4196e1
466311
7ab63e
76286c
b1385a
64b23c
0a4bca
bb82ef
fd354c
8abb28
367c5c
22ade4
5931f0
d1af45
c78e2a
3c348f
2e6781
ae5cca
3503ee
f88dec
c10ebe
4e4bb2
336ade
9e2322
274c17
d7b9ed
15a58b
07c31f
5c3fd1
595922
0f9142
fcc5b6
7b3cca
d034d3
11c86d
a0b5c6
8bdc11
932e3b
7ea780
989310
3bc323
bf1c80
dd64e4
3a9bb8
706ce4
fc1ffb
ee302b
b03fb5
04a401
583ac5
d19a55
389eee
a0fd3b
ba93e7
488587
2b3162
d709e5
48978d
d16c76
b5316d
6c4c2b
09ddc6
0f6b77
72b725
c609d6
f9da33
7b749a
6f8d48
ffa508
e5c3fb
60e6f3
cb1788
62e048
3dd72c
1116c6
63760b
0f1c81
203e90
cf3aa1
60097f
ca0598
be9e4a
d2ac8d
623d70
e42183
128922
81ea7b
6d4206
a94040
159289
a2a552
7a7f5c
a8dcf3
fc5876
b94b98
e6a113
45e203
4bf707
f0f662
017f3c
651f8f
1ab520
acc37d
4e9743
6ff8d2
0f3b8f
3de4e7
a8da6b
982e5d
57863e
9fefde
09b880
cd2380
0df26a
a7f242
f75f6f
bbac68
408aeb
d252ab
9ff2fb
e984a1
a15206
593489
23f7b3
43027b
e3af63
6be28d
9233d9
cc5a1a
4d43a0
c1587f
ea835e
fb782f
2cb7d7
e3080d
077f7b
bfcdc6
dd3c8b
5d7f1c
85e518
e6ce8c
df463c
4ef91d
661ab0
07f99a
1da1d0
c2aba9
9a9f3e
c0eecd
fcfb2a
eb9630
a37411
443817
081fcd
bd43b0
93a267
810045
a369ce
b8f4c2
4e844b
dbf58e
77dfe3
71c2fd
6dbc67
8cdbdf
1bfdc1
75a532
dc16ec
62f39f
cb1f2f
2c16de
f13b2f
74a73c
aa0c80
ef5115
1e9a11
6cedee
c21a06
3c2dbe
d79acf
4e572f
2df08d
518501
6957fa
1b168c
3dc8b2
e8eab2
7ebf09
30d6bc
edb489
cd7b6a
2ca270
0040b8
3d3633
b29b6a
a6b68a
6f8c90
46a29c
6c8e7f
838121
45f07a
987d8f
8db08f
9dd2d0
879759
3e8abf
e183f9
ffcda5
aa508b
37d767
45688e
48ae46
30549f
b072c5
573613
4e753c
f63386
b8220b
d597fe
c557a1
48f537
36b797
a22ef4
88239c
8fe2c2
a304c5
bc151a
778244
a3364c
0975cd
f15bfb
9a14b9
feb1ed
7cdcae
31d272
da4dd9
b87aa1
f10a19
e31ec5
d1163c
40b88a
8ff656
1a29a5
4d2827
14eaf4
05964b
e03fb9
bf12b0
a7bfed
035853
4dff88
227e6d
849349
33b2c9
94e48b
9c8ed5
9734e2
dfd865
cd8e95
ee560c
8934d1
095b9a
0d5ea9
ac5170
c11945
6b942a
6d7cde
21528c
0e4e16
61e112
cdeea7
97a5ec
40ea2e
c91826
a20eba
c8218d
90fc23
78634a
197b23
f168a2
8ccab3
586cba
50df60
5dcfa1
c347fb
a85e6e
709d46
12f1d7
a1ce33
9c5b6f
65bc04
52a5d3
b02700
ec5efb
83623f
4e80a9
d6e216
14f7fe
1e6e29
32113c
c3a4c0
e1ef1f
67ff2a
ef52bd
8bd6e4
d1c9b6
74522b
25c363
4399d6
88430b
88ec38
b53fba
a935c3
ae8b05
790040
b6aed5
743199
3fd499
9f798a
eddd76
f99a63
23d04b
8315c8
b0ec5f
702aab
ae24ff
ff0a34
7dabc2
746dd1
680d8e
72f34a
bab346
d8a9b3
8c9ca4
1e52e2
4bdff3
56ef3f
f73a9a
1252b5
e5ecd6
9d0232
057f52
4550f6
f4c9ad
468ce1
10461c
bc7356
ab145b
a2665b
108378
a6a75b
aab106
400548
e3e29a
7c0bc2
350eaf
872b79
b3cda2
fe7060
3d583a
461905
f067b2
0a46d1
166d86
15d18b
1b09b5
98be51
8a93d5
5796f8
7fdb13
7bd086
1dbc25
512241
a576b7
55a2ed
b7fd82
5ae218
4a1246
0b842c
e742e3
94281e
846212
2be543
a9e6d8
393247
74a38e
726f2f
baa9a1
712195
01bff6
4aa69c
3fa015
41da00
521475
216fed
1e33ba
bf1efb
9ff978
ab9861
f2de8f
af618e
5f4809
20265d
210ea6
cf09e0
bfca5e
2bde12
20430f
956fd0
0b8672
34e0fb
8684dc
6c1b33
df1192
93d383
3609d8
dcd37d
72bcf4
ecf961
2faad5
a0d7c9
dfdeb5
fe6e2c
ef6b79
a28987
38f6c5
a059f6
e5aad2
758930
fd7150
b1879c
95d26a
2f7339
787ae5
9c1fa7
b47110
df4887
0925a2
73d8f1
9c3574
db2b22
548a4b
2227bc
88e065
83a706
6e7735
e0ff3b
8b89f8
4113f7
b3deec
bf920d
5cb0e3
27f5c3
fabad7
4b2cb9
8658f4
2d58ff
bbfe34
738f5c
01ca31
35d687
7773db
ed0d6c
3c1021
503020
503020
503020
503020
d09070
d09070
d09070
d09070
503020
503020
503020
503020
d09070
d09070
d09070
d09070
503020
503020
503020
503020
d09070
d09070
d09070
d09070
503020
503020
503020
503020
d09070
d09070
d09070
d09070
503020
503020
503020
503020
d09070
d09070
d09070
d09070
503020
503020
503020
503020
d09070
d09070
d09070
d09070
503020
503020
503020
503020
d09070
d09070
d09070
d09070
503020
503020
503020
503020
d09070
d09070
d09070
d09070
503020
503020
503020
503020
d09070
d09070
d09070
d09070
503020
503020
503020
503020
d09070
d09070
d09070
d09070
503020
503020
503020
503020
d09070
d09070
d09070
d09070
503020
503020
503020
503020
d09070
d09070
d09070
d09070
503020
503020
503020
503020
d09070
d09070
d09070
d09070
503020
503020
503020
503020
d09070
d09070
d09070
d09070
503020
503020
503020
503020
d09070
d09070
d09070
d09070
503020
503020
503020
503020
d09070
d09070
d09070
d09070
d09070
d09070
d09070
d09070
503020
503020
503020
503020
d09070
d09070
d09070
d09070
503020
503020
503020
503020
d09070
d09070
d09070
d09070
503020
503020
503020
503020
d09070
d09070
d09070
d09070
503020
503020
503020
503020
d09070
d09070
d09070
d09070
503020
503020
503020
503020
d09070
d09070
d09070
d09070
503020
503020
503020
503020
d09070
d09070
d09070
d09070
503020
503020
503020
503020
d09070
d09070
d09070
d09070
503020
503020
503020
503020
d09070
d09070
d09070
d09070
503020
503020
503020
503020
d09070
d09070
d09070
d09070
503020
503020
503020
503020
d09070
d09070
d09070
d09070
503020
503020
503020
503020
d09070
d09070
d09070
d09070
503020
503020
503020
503020
d09070
d09070
d09070
d09070
503020
503020
503020
503020
d09070
d09070
d09070
d09070
503020
503020
503020
503020
d09070
d09070
d09070
d09070
503020
503020
503020
503020
d09070
d09070
d09070
d09070
503020
503020
503020
503020
503020
503020
503020
503020
d09070
d09070
d09070
d09070
503020
503020
503020
503020
d09070
d09070
d09070
d09070
503020
503020
503020
503020
d09070
d09070
d09070
d09070
503020
503020
503020
503020
d09070
d09070
d09070
d09070
503020
503020
503020
503020
d09070
d09070
d09070
d09070
503020
503020
503020
503020
d09070
d09070
d09070
d09070
503020
503020
503020
503020
d09070
d09070
d09070
d09070
503020
503020
503020
503020
d09070
d09070
d09070
d09070
503020
503020
503020
503020
d09070
d09070
d09070
d09070
503020
503020
503020
503020
d09070
d09070
d09070
d09070
503020
503020
503020
503020
d09070
d09070
d09070
d09070
503020
503020
503020
503020
d09070
d09070
d09070
d09070
503020
503020
503020
503020
d09070
d09070
d09070
d09070
503020
503020
503020
503020
d09070
d09070
d09070
d09070
503020
503020
503020
503020
d09070
d09070
d09070
d09070
503020
503020
503020
503020
d09070
d09070
d09070
d09070
d09070
d09070
d09070
d09070
503020
503020
503020
503020
d09070
d09070
d09070
d09070
503020
503020
503020
503020
d09070
d09070
d09070
d09070
503020
503020
503020
503020
d09070
d09070
d09070
d09070
503020
503020
503020
503020
d09070
d09070
d09070
d09070
503020
503020
503020
503020
d09070
d09070
d09070
d09070
503020
503020
503020
503020
d09070
d09070
d09070
d09070
503020
503020
503020
503020
d09070
d09070
d09070
d09070
503020
503020
503020
503020
d09070
d09070
d09070
d09070
503020
503020
503020
503020
d09070
d09070
d09070
d09070
503020
503020
503020
503020
d09070
d09070
d09070
d09070
503020
503020
503020
503020
d09070
d09070
d09070
d09070
503020
503020
503020
503020
d09070
d09070
d09070
d09070
503020
503020
503020
503020
d09070
d09070
d09070
d09070
503020
503020
503020
503020
d09070
d09070
d09070
d09070
503020
503020
503020
503020
d09070
d09070
d09070
d09070
503020
503020
503020
503020
503020
503020
503020
503020
d09070
d09070
d09070
d09070
503020
503020
503020
503020
d09070
d09070
d09070
d09070
503020
503020
503020
503020
d09070
d09070
d09070
d09070
503020
503020
503020
503020
d09070
d09070
d09070
d09070
503020
503020
503020
503020
d09070
d09070
d09070
d09070
503020
503020
503020
503020
d09070
d09070
d09070
d09070
503020
503020
503020
503020
d09070
d09070
d09070
d09070
503020
503020
503020
503020
d09070
d09070
d09070
d09070
503020
503020
503020
503020
d09070
d09070
d09070
d09070
503020
503020
503020
503020
d09070
d09070
d09070
d09070
503020
503020
503020
503020
d09070
d09070
d09070
d09070
503020
503020
503020
503020
d09070
d09070
d09070
d09070
503020
503020
503020
503020
d09070
d09070
d09070
d09070
503020
503020
503020
503020
d09070
d09070
d09070
d09070
503020
503020
503020
503020
d09070
d09070
d09070
d09070
503020
503020
503020
503020
d09070
d09070
d09070
d09070
d09070
d09070
d09070
d09070
503020
503020
503020
503020
d09070
d09070
d09070
d09070
503020
503020
503020
503020
d09070
d09070
d09070
d09070
503020
503020
503020
503020
d09070
d09070
d09070
d09070
503020
503020
503020
503020
d09070
d09070
d09070
d09070
503020
503020
503020
503020
d09070
d09070
d09070
d09070
503020
503020
503020
503020
d09070
d09070
d09070
d09070
503020
503020
503020
503020
d09070
d09070
d09070
d09070
503020
503020
503020
503020
d09070
d09070
d09070
d09070
503020
503020
503020
503020
d09070
d09070
d09070
d09070
503020
503020
503020
503020
d09070
d09070
d09070
d09070
503020
503020
503020
503020
d09070
d09070
d09070
d09070
503020
503020
503020
503020
d09070
d09070
d09070
d09070
503020
503020
503020
503020
d09070
d09070
d09070
d09070
503020
503020
503020
503020
d09070
d09070
d09070
d09070
503020
503020
503020
503020
d09070
d09070
d09070
d09070
503020
503020
503020
503020
000000
07000b
0e0016
150021
1c002c
230037
2a0042
31004d
380058
3f0063
46006e
4d0079
540084
5b008f
62009a
6900a5
7000b0
7700bb
7e00c6
8500d1
8c00dc
9300e7
9a00f2
a100fd
a80008
af0013
b6001e
bd0029
c40034
cb003f
d2004a
d90055
000903
07090e
0e0919
150924
1c092f
23093a
2a0945
310950
38095b
3f0966
460971
4d097c
540987
5b0992
62099d
6909a8
7009b3
7709be
7e09c9
8509d4
8c09df
9309ea
9a09f5
a10900
a8090b
af0916
b60921
bd092c
c40937
cb0942
d2094d
d90958
001206
071211
0e121c
151227
1c1232
23123d
2a1248
311253
38125e
3f1269
461274
4d127f
54128a
5b1295
6212a0
6912ab
7012b6
7712c1
7e12cc
8512d7
8c12e2
9312ed
9a12f8
a11203
a8120e
af1219
b61224
bd122f
c4123a
cb1245
d21250
d9125b
001b09
071b14
0e1b1f
151b2a
1c1b35
231b40
2a1b4b
311b56
381b61
3f1b6c
461b77
4d1b82
541b8d
5b1b98
621ba3
691bae
701bb9
771bc4
7e1bcf
851bda
8c1be5
931bf0
9a1bfb
a11b06
a81b11
af1b1c
b61b27
bd1b32
c41b3d
cb1b48
d21b53
d91b5e
00240c
072417
0e2422
15242d
1c2438
232443
2a244e
312459
382464
3f246f
46247a
4d2485
542490
5b249b
6224a6
6924b1
7024bc
7724c7
7e24d2
8524dd
8c24e8
9324f3
9a24fe
a12409
a82414
af241f
b6242a
bd2435
c42440
cb244b
d22456
d92461
002d0f
072d1a
0e2d25
152d30
1c2d3b
232d46
2a2d51
312d5c
382d67
3f2d72
462d7d
4d2d88
542d93
5b2d9e
622da9
692db4
702dbf
772dca
7e2dd5
852de0
8c2deb
932df6
9a2d01
a12d0c
a82d17
af2d22
b62d2d
bd2d38
c42d43
cb2d4e
d22d59
d92d64
003612
07361d
0e3628
153633
1c363e
233649
2a3654
31365f
38366a
3f3675
463680
4d368b
543696
5b36a1
6236ac
6936b7
7036c2
7736cd
7e36d8
8536e3
8c36ee
9336f9
9a3604
a1360f
a8361a
af3625
b63630
bd363b
c43646
cb3651
d2365c
d93667
003f15
073f20
0e3f2b
153f36
1c3f41
233f4c
2a3f57
313f62
383f6d
3f3f78
463f83
4d3f8e
543f99
5b3fa4
623faf
693fba
703fc5
773fd0
7e3fdb
853fe6
8c3ff1
933ffc
9a3f07
a13f12
a83f1d
af3f28
b63f33
bd3f3e
c43f49
cb3f54
d23f5f
d93f6a
004818
074823
0e482e
154839
1c4844
23484f
2a485a
314865
384870
3f487b
464886
4d4891
54489c
5b48a7
6248b2
6948bd
7048c8
7748d3
7e48de
8548e9
8c48f4
9348ff
9a480a
a14815
a84820
af482b
b64836
bd4841
c4484c
cb4857
d24862
d9486d
00511b
075126
0e5131
15513c
1c5147
235152
2a515d
315168
385173
3f517e
465189
4d5194
54519f
5b51aa
6251b5
6951c0
7051cb
7751d6
7e51e1
8551ec
8c51f7
935102
9a510d
a15118
a85123
af512e
b65139
bd5144
c4514f
cb515a
d25165
d95170
005a1e
075a29
0e5a34
155a3f
1c5a4a
235a55
2a5a60
315a6b
385a76
3f5a81
465a8c
4d5a97
545aa2
5b5aad
625ab8
695ac3
705ace
775ad9
7e5ae4
855aef
8c5afa
935a05
9a5a10
a15a1b
a85a26
af5a31
b65a3c
bd5a47
c45a52
cb5a5d
d25a68
d95a73
006321
07632c
0e6337
156342
1c634d
236358
2a6363
31636e
386379
3f6384
46638f
4d639a
5463a5
5b63b0
6263bb
6963c6
7063d1
7763dc
7e63e7
8563f2
8c63fd
936308
9a6313
a1631e
a86329
af6334
b6633f
bd634a
c46355
cb6360
d2636b
d96376
006c24
076c2f
0e6c3a
156c45
1c6c50
236c5b
2a6c66
316c71
386c7c
3f6c87
466c92
4d6c9d
546ca8
5b6cb3
626cbe
696cc9
706cd4
776cdf
7e6cea
856cf5
8c6c00
936c0b
9a6c16
a16c21
a86c2c
af6c37
b66c42
bd6c4d
c46c58
cb6c63
d26c6e
d96c79
007527
077532
0e753d
157548
1c7553
23755e
2a7569
317574
38757f
3f758a
467595
4d75a0
5475ab
5b75b6
6275c1
6975cc
7075d7
7775e2
7e75ed
8575f8
8c7503
93750e
9a7519
a17524
a8752f
af753a
b67545
bd7550
c4755b
cb7566
d27571
d9757c
007e2a
077e35
0e7e40
157e4b
1c7e56
237e61
2a7e6c
317e77
387e82
3f7e8d
467e98
4d7ea3
547eae
5b7eb9
627ec4
697ecf
707eda
777ee5
7e7ef0
857efb
8c7e06
937e11
9a7e1c
a17e27
a87e32
af7e3d
b67e48
bd7e53
c47e5e
cb7e69
d27e74
d97e7f
00872d
078738
0e8743
15874e
1c8759
238764
2a876f
31877a
388785
3f8790
46879b
4d87a6
5487b1
5b87bc
6287c7
6987d2
7087dd
7787e8
7e87f3
8587fe
8c8709
938714
9a871f
a1872a
a88735
af8740
b6874b
bd8756
c48761
cb876c
d28777
d98782
009030
07903b
0e9046
159051
1c905c
239067
2a9072
31907d
389088
3f9093
46909e
4d90a9
5490b4
5b90bf
6290ca
6990d5
7090e0
7790eb
7e90f6
859001
8c900c
939017
9a9022
a1902d
a89038
af9043
b6904e
bd9059
c49064
cb906f
d2907a
d99085
009933
07993e
0e9949
159954
1c995f
23996a
2a9975
319980
38998b
3f9996
4699a1
4d99ac
5499b7
5b99c2
6299cd
6999d8
7099e3
7799ee
7e99f9
859904
8c990f
93991a
9a9925
a19930
a8993b
af9946
b69951
bd995c
c49967
cb9972
d2997d
d99988
00a236
07a241
0ea24c
15a257
1ca262
23a26d
2aa278
31a283
38a28e
3fa299
46a2a4
4da2af
54a2ba
5ba2c5
62a2d0
69a2db
70a2e6
77a2f1
7ea2fc
85a207
8ca212
93a21d
9aa228
a1a233
a8a23e
afa249
b6a254
bda25f
c4a26a
cba275
d2a280
d9a28b
00ab39
07ab44
0eab4f
15ab5a
1cab65
23ab70
2aab7b
31ab86
38ab91
3fab9c
46aba7
4dabb2
54abbd
5babc8
62abd3
69abde
70abe9
77abf4
7eabff
85ab0a
8cab15
93ab20
9aab2b
a1ab36
a8ab41
afab4c
b6ab57
bdab62
c4ab6d
cbab78
d2ab83
d9ab8e
00b43c
07b447
0eb452
15b45d
1cb468
23b473
2ab47e
31b489
38b494
3fb49f
46b4aa
4db4b5
54b4c0
5bb4cb
62b4d6
69b4e1
70b4ec
77b4f7
7eb402
85b40d
8cb418
93b423
9ab42e
a1b439
a8b444
afb44f
b6b45a
bdb465
c4b470
cbb47b
d2b486
d9b491
00bd3f
07bd4a
0ebd55
15bd60
1cbd6b
23bd76
2abd81
31bd8c
38bd97
3fbda2
46bdad
4dbdb8
54bdc3
5bbdce
62bdd9
69bde4
70bdef
77bdfa
7ebd05
85bd10
8cbd1b
93bd26
9abd31
a1bd3c
a8bd47
afbd52
b6bd5d
bdbd68
c4bd73
cbbd7e
d2bd89
d9bd94
00c642
07c64d
0ec658
15c663
1cc66e
23c679
2ac684
31c68f
38c69a
3fc6a5
46c6b0
4dc6bb
54c6c6
5bc6d1
62c6dc
69c6e7
70c6f2
77c6fd
7ec608
85c613
8cc61e
93c629
9ac634
a1c63f
a8c64a
afc655
b6c660
bdc66b
c4c676
cbc681
d2c68c
d9c697
00cf45
07cf50
0ecf5b
15cf66
1ccf71
23cf7c
2acf87
31cf92
38cf9d
3fcfa8
46cfb3
4dcfbe
54cfc9
5bcfd4
62cfdf
69cfea
70cff5
77cf00
7ecf0b
85cf16
8ccf21
93cf2c
9acf37
a1cf42
a8cf4d
afcf58
b6cf63
bdcf6e
c4cf79
cbcf84
d2cf8f
d9cf9a
000000
000000
000000
000000
000000
000000
000000
000000
000000
000000
000000
000000
000000
000000
000000
000000
000000
000000
000000
000000
000000
000000
000000
000000
000000
000000
000000
000000
000000
000000
000000
000000
000000
000000
000000
000000
000000
000000
000000
000000
000000
000000
000000
000000
000000
000000
000000
000000
000000
000000
000000
000000
000000
000000
000000
000000
000000
000000
000000
000000
000000
000000
000000
000000
000000
000000
000000
000000
000000
000000
000000
000000
000000
000000
000000
000000
000000
000000
000000
000000
000000
000000
000000
000000
000000
000000
000000
000000
000000
000000
000000
000000
000000
000000
000000
000000
000000
000000
000000
000000
000000
000000
000000
000000
000000
000000
000000
000000
000000
000000
000000
000000
000000
000000
000000
000000
000000
000000
000000
000000
000000
000000
000000
000000
000000
000000
000000
000000
000000
000000
000000
000000
000000
000000
000000
000000
000000
000000
000000
000000
000000
000000
000000
000000
000000
000000
000000
000000
000000
000000
000000
000000
000000
000000
000000
000000
000000
000000
000000
000000
000000
000000
000000
000000
000000
000000
000000
000000
000000
000000
000000
000000
000000
000000
000000
000000
000000
000000
000000
000000
000000
000000
000000
000000
000000
000000
000000
000000
000000
000000
000000
000000
000000
000000
000000
000000
000000
000000
000000
000000
000000
000000
000000
000000
000000
000000
000000
000000
000000
000000
000000
000000
000000
000000
000000
000000
000000
000000
000000
000000
000000
000000
000000
000000
000000
000000
000000
000000
000000
000000
000000
000000
000000
000000
000000
000000
000000
000000
000000
000000
000000
000000
000000
000000
000000
000000
000000
000000
000000
000000
000000
000000
000000
000000
000000
000000
000000
000000
000000
000000
000000
000000
000000
000000
000000
000000
000000
000000
000000
000000
000000
000000
000000
000000
000000
000000
000000
000000
000000
000000
000000
000000
000000
000000
000000
000000
000000
000000
000000
000000
000000
000000
000000
000000
000000
000000
000000
000000
000000
000000
000000
000000
000000
000000
000000
000000
000000
000000
000000
000000
000000
000000
000000
000000
000000
000000
000000
000000
000000
000000
000000
000000
000000
000000
000000
000000
000000
000000
000000
000000
000000
000000
000000
000000
000000
000000
000000
000000
000000
000000
000000
000000
000000
000000
000000
000000
000000
000000
000000
000000
000000
000000
000000
000000
000000
000000
000000
000000
000000
000000
000000
000000
000000
000000
000000
000000
000000
000000
000000
000000
000000
000000
000000
000000
000000
000000
000000
000000
000000
000000
000000
000000
000000
000000
000000
000000
000000
000000
000000
000000
000000
000000
000000
000000
000000
000000
000000
000000
000000
000000
000000
000000
000000
000000
000000
000000
000000
000000
000000
000000
000000
000000
000000
000000
000000
000000
000000
000000
000000
000000
000000
000000
000000
000000
000000
000000
000000
000000
000000
000000
000000
000000
000000
000000
000000
000000
000000
000000
000000
000000
000000
000000
000000
000000
000000
000000
000000
000000
000000
000000
000000
000000
000000
000000
000000
000000
000000
000000
000000
000000
000000
000000
000000
000000
000000
000000
000000
000000
000000
000000
000000
000000
000000
000000
000000
000000
000000
000000
000000
000000
000000
000000
000000
000000
000000
000000
000000
000000
000000
000000
000000
000000
000000
000000
000000
000000
000000
000000
000000
000000
000000
000000
000000
000000
000000
000000
000000
000000
000000
000000
000000
000000
000000
000000
000000
000000
000000
000000
000000
000000
000000
000000
000000
000000
000000
000000
000000
000000
000000
000000
000000
000000
000000
000000
000000
000000
000000
000000
000000
000000
000000
000000
000000
000000
000000
000000
000000
000000
000000
000000
000000
000000
000000
000000
000000
000000
000000
000000
000000
000000
000000
000000
000000
000000
000000
000000
000000
000000
000000
000000
000000
000000
000000
000000
000000
000000
000000
000000
000000
000000
000000
000000
000000
000000
000000
000000
000000
000000
000000
000000
000000
000000
000000
000000
000000
000000
000000
000000
000000
000000
000000
000000
000000
000000
000000
000000
000000
000000
000000
000000
000000
000000
000000
000000
000000
000000
000000
000000
000000
000000
000000
000000
000000
000000
000000
000000
000000
000000
000000
000000
000000
000000
000000
000000
000000
000000
000000
000000
000000
000000
000000
000000
000000
000000
000000
000000
000000
000000
000000
000000
000000
000000
000000
000000
000000
000000
000000
000000
000000
000000
000000
000000
000000
000000
000000
000000
000000
000000
000000
000000
000000
000000
000000
000000
000000
000000
000000
000000
000000
000000
000000
000000
000000
000000
000000
000000
000000
000000
000000
000000
000000
000000
000000
000000
000000
000000
000000
000000
000000
000000
000000
000000
000000
000000
000000
000000
000000
000000
000000
000000
000000
000000
000000
000000
000000
000000
000000
000000
000000
000000
000000
000000
000000
000000
000000
000000
000000
000000
000000
000000
000000
000000
000000
000000
000000
000000
000000
000000
000000
000000
000000
000000
000000
000000
000000
000000
000000
000000
000000
000000
000000
000000
000000
000000
000000
000000
000000
000000
000000
000000
000000
000000
000000
000000
000000
000000
000000
000000
ffffff
ffffff
ffffff
ffffff
ffffff
ffffff
ffffff
ffffff
ffffff
ffffff
ffffff
ffffff
ffffff
ffffff
ffffff
ffffff
ffffff
ffffff
ffffff
ffffff
ffffff
ffffff
ffffff
ffffff
ffffff
ffffff
ffffff
ffffff
ffffff
ffffff
ffffff
ffffff
ffffff
ffffff
ffffff
ffffff
ffffff
ffffff
ffffff
ffffff
ffffff
ffffff
ffffff
ffffff
ffffff
ffffff
ffffff
ffffff
ffffff
ffffff
ffffff
ffffff
ffffff
ffffff
ffffff
ffffff
ffffff
ffffff
ffffff
ffffff
ffffff
ffffff
ffffff
ffffff
ffffff
ffffff
ffffff
ffffff
ffffff
ffffff
ffffff
ffffff
ffffff
ffffff
ffffff
ffffff
ffffff
ffffff
ffffff
ffffff
ffffff
ffffff
ffffff
ffffff
ffffff
ffffff
ffffff
ffffff
ffffff
ffffff
ffffff
ffffff
ffffff
ffffff
ffffff
ffffff
ffffff
ffffff
ffffff
ffffff
ffffff
ffffff
ffffff
ffffff
ffffff
ffffff
ffffff
ffffff
ffffff
ffffff
ffffff
ffffff
ffffff
ffffff
ffffff
ffffff
ffffff
ffffff
ffffff
ffffff
ffffff
ffffff
ffffff
ffffff
ffffff
ffffff
ffffff
ffffff
ffffff
ffffff
ffffff
ffffff
ffffff
ffffff
ffffff
ffffff
ffffff
ffffff
ffffff
ffffff
ffffff
ffffff
ffffff
ffffff
ffffff
ffffff
ffffff
ffffff
ffffff
ffffff
ffffff
ffffff
ffffff
ffffff
ffffff
ffffff
ffffff
ffffff
ffffff
ffffff
ffffff
ffffff
ffffff
ffffff
ffffff
ffffff
ffffff
ffffff
ffffff
ffffff
ffffff
ffffff
ffffff
ffffff
ffffff
ffffff
ffffff
ffffff
ffffff
ffffff
ffffff
ffffff
ffffff
ffffff
ffffff
ffffff
ffffff
ffffff
ffffff
ffffff
ffffff
ffffff
ffffff
ffffff
ffffff
ffffff
ffffff
ffffff
ffffff
ffffff
ffffff
ffffff
ffffff
ffffff
ffffff
ffffff
ffffff
ffffff
ffffff
ffffff
ffffff
ffffff
ffffff
ffffff
ffffff
ffffff
ffffff
ffffff
ffffff
ffffff
ffffff
ffffff
ffffff
ffffff
ffffff
ffffff
ffffff
ffffff
ffffff
ffffff
ffffff
ffffff
ffffff
ffffff
ffffff
ffffff
ffffff
ffffff
ffffff
ffffff
ffffff
ffffff
ffffff
ffffff
ffffff
ffffff
ffffff
ffffff
ffffff
ffffff
ffffff
ffffff
ffffff
ffffff
ffffff
ffffff
ffffff
ffffff
ffffff
ffffff
ffffff
ffffff
ffffff
ffffff
ffffff
ffffff
ffffff
ffffff
ffffff
ffffff
ffffff
ffffff
ffffff
ffffff
ffffff
ffffff
ffffff
ffffff
ffffff
ffffff
ffffff
ffffff
ffffff
ffffff
ffffff
ffffff
ffffff
ffffff
ffffff
ffffff
ffffff
ffffff
ffffff
ffffff
ffffff
ffffff
ffffff
ffffff
ffffff
ffffff
ffffff
ffffff
ffffff
ffffff
ffffff
ffffff
ffffff
ffffff
ffffff
ffffff
ffffff
ffffff
ffffff
ffffff
ffffff
ffffff
ffffff
ffffff
ffffff
ffffff
ffffff
ffffff
ffffff
ffffff
ffffff
ffffff
ffffff
ffffff
ffffff
ffffff
ffffff
ffffff
ffffff
ffffff
ffffff
ffffff
ffffff
ffffff
ffffff
ffffff
ffffff
ffffff
ffffff
ffffff
ffffff
ffffff
ffffff
ffffff
ffffff
ffffff
ffffff
ffffff
ffffff
ffffff
ffffff
ffffff
ffffff
ffffff
ffffff
ffffff
ffffff
ffffff
ffffff
ffffff
ffffff
ffffff
ffffff
ffffff
ffffff
ffffff
ffffff
ffffff
ffffff
ffffff
ffffff
ffffff
ffffff
ffffff
ffffff
ffffff
ffffff
ffffff
ffffff
ffffff
ffffff
ffffff
ffffff
ffffff
ffffff
ffffff
ffffff
ffffff
ffffff
ffffff
ffffff
ffffff
ffffff
ffffff
ffffff
ffffff
ffffff
ffffff
ffffff
ffffff
ffffff
ffffff
ffffff
ffffff
ffffff
ffffff
ffffff
ffffff
ffffff
ffffff
ffffff
ffffff
ffffff
ffffff
ffffff
ffffff
ffffff
ffffff
ffffff
ffffff
ffffff
ffffff
ffffff
ffffff
ffffff
ffffff
ffffff
ffffff
ffffff
ffffff
ffffff
ffffff
ffffff
ffffff
ffffff
ffffff
ffffff
ffffff
ffffff
ffffff
ffffff
ffffff
ffffff
ffffff
ffffff
ffffff
ffffff
ffffff
ffffff
ffffff
ffffff
ffffff
ffffff
ffffff
ffffff
ffffff
ffffff
ffffff
ffffff
ffffff
ffffff
ffffff
ffffff
ffffff
ffffff
ffffff
ffffff
ffffff
ffffff
ffffff
ffffff
ffffff
ffffff
ffffff
ffffff
ffffff
ffffff
ffffff
ffffff
ffffff
ffffff
ffffff
ffffff
ffffff
ffffff
ffffff
ffffff
ffffff
ffffff
ffffff
ffffff
ffffff
ffffff
ffffff
ffffff
ffffff
ffffff
ffffff
ffffff
ffffff
ffffff
ffffff
ffffff
ffffff
ffffff
ffffff
ffffff
ffffff
ffffff
ffffff
ffffff
ffffff
ffffff
ffffff
ffffff
ffffff
ffffff
ffffff
ffffff
ffffff
ffffff
ffffff
ffffff
ffffff
ffffff
ffffff
ffffff
ffffff
ffffff
ffffff
ffffff
ffffff
ffffff
ffffff
ffffff
ffffff
ffffff
ffffff
ffffff
ffffff
ffffff
ffffff
ffffff
ffffff
ffffff
ffffff
ffffff
ffffff
ffffff
ffffff
ffffff
ffffff
ffffff
ffffff
ffffff
ffffff
ffffff
ffffff
ffffff
ffffff
ffffff
ffffff
ffffff
ffffff
ffffff
ffffff
ffffff
ffffff
ffffff
ffffff
ffffff
ffffff
ffffff
ffffff
ffffff
ffffff
ffffff
ffffff
ffffff
ffffff
ffffff
ffffff
ffffff
ffffff
ffffff
ffffff
ffffff
ffffff
ffffff
ffffff
ffffff
ffffff
ffffff
ffffff
ffffff
ffffff
ffffff
ffffff
ffffff
ffffff
ffffff
ffffff
ffffff
ffffff
ffffff
ffffff
ffffff
ffffff
ffffff
ffffff
ffffff
ffffff
ffffff
ffffff
ffffff
ffffff
ffffff
ffffff
ffffff
ffffff
ffffff
ffffff
ffffff
ffffff
ffffff
ffffff
ffffff
ffffff
ffffff
ffffff
ffffff
ffffff
ffffff
ffffff
ffffff
ffffff
ffffff
ffffff
ffffff
ffffff
ffffff
ffffff
ffffff
ffffff
ffffff
ffffff
ffffff
ffffff
ffffff
ffffff
ffffff
ffffff
ffffff
ffffff
ffffff
ffffff
ffffff
ffffff
ffffff
ffffff
ffffff
ffffff
ffffff
ffffff
ffffff
ffffff
ffffff
ffffff
ffffff
ffffff
ffffff
ffffff
ffffff
ffffff
ffffff
ffffff
ffffff
ffffff
ffffff
ffffff
ffffff
ffffff
ffffff
ffffff
ffffff
ffffff
ffffff
ffffff
ffffff
ffffff
ffffff
ffffff
ffffff
ffffff
ffffff
ffffff
ffffff
ffffff
ffffff
ffffff
ffffff
ffffff
ffffff
ffffff
ffffff
ffffff
ffffff
ffffff
ffffff
ffffff
ffffff
ffffff
ffffff
ffffff
ffffff
ffffff
ffffff
ffffff
ffffff
ffffff
ffffff
ffffff
ffffff
ffffff
ffffff
ffffff
ffffff
ffffff
ffffff
ffffff
ffffff
ffffff
ffffff
ffffff
ffffff
ffffff
ffffff
ffffff
ffffff
ffffff
ffffff
ffffff
ffffff
ffffff
ffffff
ffffff
ffffff
ffffff
ffffff
ffffff
ffffff
ffffff
ffffff
ffffff
ffffff
ffffff
ffffff
ffffff
ffffff
ffffff
ffffff
ffffff
ffffff
ffffff
000000
000000
000000
000000
000000
000000
000000
000000
000000
000000
000000
000000
000000
000000
000000
000000
ffffff
ffffff
ffffff
ffffff
ffffff
ffffff
ffffff
ffffff
ffffff
ffffff
ffffff
ffffff
ffffff
ffffff
ffffff
ffffff
000000
000000
000000
000000
000000
000000
000000
000000
000000
000000
000000
000000
000000
000000
000000
000000
ffffff
ffffff
ffffff
ffffff
ffffff
ffffff
ffffff
ffffff
ffffff
ffffff
ffffff
ffffff
ffffff
ffffff
ffffff
ffffff
000000
000000
000000
000000
000000
000000
000000
000000
000000
000000
000000
000000
000000
000000
000000
000000
ffffff
ffffff
ffffff
ffffff
ffffff
ffffff
ffffff
ffffff
ffffff
ffffff
ffffff
ffffff
ffffff
ffffff
ffffff
ffffff
000000
000000
000000
000000
000000
000000
000000
000000
000000
000000
000000
000000
000000
000000
000000
000000
ffffff
ffffff
ffffff
ffffff
ffffff
ffffff
ffffff
ffffff
ffffff
ffffff
ffffff
ffffff
ffffff
ffffff
ffffff
ffffff
000000
000000
000000
000000
000000
000000
000000
000000
000000
000000
000000
000000
000000
000000
000000
000000
ffffff
ffffff
ffffff
ffffff
ffffff
ffffff
ffffff
ffffff
ffffff
ffffff
ffffff
ffffff
ffffff
ffffff
ffffff
ffffff
000000
000000
000000
000000
000000
000000
000000
000000
000000
000000
000000
000000
000000
000000
000000
000000
ffffff
ffffff
ffffff
ffffff
ffffff
ffffff
ffffff
ffffff
ffffff
ffffff
ffffff
ffffff
ffffff
ffffff
ffffff
ffffff
000000
000000
000000
000000
000000
000000
000000
000000
000000
000000
000000
000000
000000
000000
000000
000000
ffffff
ffffff
ffffff
ffffff
ffffff
ffffff
ffffff
ffffff
ffffff
ffffff
ffffff
ffffff
ffffff
ffffff
ffffff
ffffff
000000
000000
000000
000000
000000
000000
000000
000000
000000
000000
000000
000000
000000
000000
000000
000000
ffffff
ffffff
ffffff
ffffff
ffffff
ffffff
ffffff
ffffff
ffffff
ffffff
ffffff
ffffff
ffffff
ffffff
ffffff
ffffff
000000
000000
000000
000000
000000
000000
000000
000000
000000
000000
000000
000000
000000
000000
000000
000000
ffffff
ffffff
ffffff
ffffff
ffffff
ffffff
ffffff
ffffff
ffffff
ffffff
ffffff
ffffff
ffffff
ffffff
ffffff
ffffff
000000
000000
000000
000000
000000
000000
000000
000000
000000
000000
000000
000000
000000
000000
000000
000000
ffffff
ffffff
ffffff
ffffff
ffffff
ffffff
ffffff
ffffff
ffffff
ffffff
ffffff
ffffff
ffffff
ffffff
ffffff
ffffff
000000
000000
000000
000000
000000
000000
000000
000000
000000
000000
000000
000000
000000
000000
000000
000000
ffffff
ffffff
ffffff
ffffff
ffffff
ffffff
ffffff
ffffff
ffffff
ffffff
ffffff
ffffff
ffffff
ffffff
ffffff
ffffff
000000
000000
000000
000000
000000
000000
000000
000000
000000
000000
000000
000000
000000
000000
000000
000000
ffffff
ffffff
ffffff
ffffff
ffffff
ffffff
ffffff
ffffff
ffffff
ffffff
ffffff
ffffff
ffffff
ffffff
ffffff
ffffff
000000
000000
000000
000000
000000
000000
000000
000000
000000
000000
000000
000000
000000
000000
000000
000000
ffffff
ffffff
ffffff
ffffff
ffffff
ffffff
ffffff
ffffff
ffffff
ffffff
ffffff
ffffff
ffffff
ffffff
ffffff
ffffff
000000
000000
000000
000000
000000
000000
000000
000000
000000
000000
000000
000000
000000
000000
000000
000000
ffffff
ffffff
ffffff
ffffff
ffffff
ffffff
ffffff
ffffff
ffffff
ffffff
ffffff
ffffff
ffffff
ffffff
ffffff
ffffff
000000
000000
000000
000000
000000
000000
000000
000000
000000
000000
000000
000000
000000
000000
000000
000000
ffffff
ffffff
ffffff
ffffff
ffffff
ffffff
ffffff
ffffff
ffffff
ffffff
ffffff
ffffff
ffffff
ffffff
ffffff
ffffff
000000
000000
000000
000000
000000
000000
000000
000000
000000
000000
000000
000000
000000
000000
000000
000000
ffffff
ffffff
ffffff
ffffff
ffffff
ffffff
ffffff
ffffff
ffffff
ffffff
ffffff
ffffff
ffffff
ffffff
ffffff
ffffff
000000
000000
000000
000000
000000
000000
000000
000000
000000
000000
000000
000000
000000
000000
000000
000000
ffffff
ffffff
ffffff
ffffff
ffffff
ffffff
ffffff
ffffff
ffffff
ffffff
ffffff
ffffff
ffffff
ffffff
ffffff
ffffff
000000
000000
000000
000000
000000
000000
000000
000000
000000
000000
000000
000000
000000
000000
000000
000000
ffffff
ffffff
ffffff
ffffff
ffffff
ffffff
ffffff
ffffff
ffffff
ffffff
ffffff
ffffff
ffffff
ffffff
ffffff
ffffff
000000
000000
000000
000000
000000
000000
000000
000000
000000
000000
000000
000000
000000
000000
000000
000000
ffffff
ffffff
ffffff
ffffff
ffffff
ffffff
ffffff
ffffff
ffffff
ffffff
ffffff
ffffff
ffffff
ffffff
ffffff
ffffff
000000
000000
000000
000000
000000
000000
000000
000000
000000
000000
000000
000000
000000
000000
000000
000000
ffffff
ffffff
ffffff
ffffff
ffffff
ffffff
ffffff
ffffff
ffffff
ffffff
ffffff
ffffff
ffffff
ffffff
ffffff
ffffff
000000
000000
000000
000000
000000
000000
000000
000000
000000
000000
000000
000000
000000
000000
000000
000000
ffffff
ffffff
ffffff
ffffff
ffffff
ffffff
ffffff
ffffff
ffffff
ffffff
ffffff
ffffff
ffffff
ffffff
ffffff
ffffff
000000
000000
000000
000000
000000
000000
000000
000000
000000
000000
000000
000000
000000
000000
000000
000000
ffffff
ffffff
ffffff
ffffff
ffffff
ffffff
ffffff
ffffff
ffffff
ffffff
ffffff
ffffff
ffffff
ffffff
ffffff
ffffff
000000
000000
000000
000000
000000
000000
000000
000000
000000
000000
000000
000000
000000
000000
000000
000000
ffffff
ffffff
ffffff
ffffff
ffffff
ffffff
ffffff
ffffff
ffffff
ffffff
ffffff
ffffff
ffffff
ffffff
ffffff
ffffff
000000
000000
000000
000000
000000
000000
000000
000000
000000
000000
000000
000000
000000
000000
000000
000000
ffffff
ffffff
ffffff
ffffff
ffffff
ffffff
ffffff
ffffff
ffffff
ffffff
ffffff
ffffff
ffffff
ffffff
ffffff
ffffff
000000
000000
000000
000000
000000
000000
000000
000000
000000
000000
000000
000000
000000
000000
000000
000000
000000
000000
000000
000000
000000
000000
000000
000000
000000
000000
000000
000000
000000
000000
000000
000000
000000
000000
000000
000000
000000
000000
000000
000000
000000
000000
000000
000000
000000
000000
000000
000000
000000
000000
000000
000000
000000
000000
000000
000000
000000
000000
000000
000000
000000
000000
000000
000000
000000
000000
000000
000000
000000
000000
000000
000000
000000
000000
000000
000000
000000
000000
000000
000000
000000
000000
000000
000000
000000
000000
000000
000000
000000
000000
000000
000000
000000
000000
000000
000000
000000
000000
000000
000000
000000
000000
000000
000000
000000
000000
000000
000000
000000
000000
000000
000000
000000
000000
000000
000000
000000
000000
000000
000000
000000
000000
000000
000000
000000
000000
000000
000000
000000
000000
000000
000000
000000
000000
000000
000000
000000
000000
000000
000000
000000
000000
000000
000000
000000
000000
000000
000000
000000
000000
000000
000000
000000
000000
000000
000000
000000
000000
000000
000000
000000
000000
000000
000000
000000
000000
000000
000000
000000
000000
000000
000000
000000
000000
000000
000000
000000
000000
000000
000000
000000
000000
000000
000000
000000
000000
000000
000000
000000
000000
000000
000000
000000
000000
000000
000000
000000
000000
000000
000000
000000
000000
000000
000000
000000
000000
000000
000000
000000
000000
000000
000000
000000
000000
000000
000000
000000
000000
000000
000000
000000
000000
000000
000000
000000
000000
000000
000000
000000
000000
000000
000000
000000
000000
000000
000000
000000
000000
000000
000000
000000
000000
000000
000000
000000
000000
000000
000000
000000
000000
000000
000000
000000
000000
000000
000000
000000
000000
000000
000000
000000
000000
000000
000000
000000
000000
000000
000000
000000
000000
000000
000000
000000
000000
000000
000000
000000
000000
000000
000000
000000
000000
000000
000000
000000
000000
000000
000000
000000
000000
000000
000000
000000
000000
000000
000000
000000
000000
000000
000000
000000
000000
000000
000000
000000
000000
000000
000000
000000
000000
000000
000000
000000
000000
000000
000000
000000
000000
000000
000000
000000
000000
000000
000000
000000
000000
000000
000000
000000
000000
000000
000000
000000
000000
000000
000000
000000
000000
000000
000000
000000
000000
000000
000000
000000
000000
000000
000000
000000
000000
000000
000000
000000
000000
000000
000000
000000
000000
000000
000000
000000
000000
000000
000000
000000
000000
000000
000000
000000
000000
000000
000000
000000
000000
000000
000000
000000
000000
000000
000000
000000
000000
000000
000000
ffffff
ffffff
ffffff
ffffff
ffffff
ffffff
ffffff
ffffff
ffffff
ffffff
ffffff
ffffff
ffffff
ffffff
ffffff
ffffff
ffffff
ffffff
ffffff
ffffff
ffffff
ffffff
ffffff
ffffff
ffffff
ffffff
ffffff
ffffff
ffffff
ffffff
ffffff
ffffff
ffffff
ffffff
ffffff
ffffff
ffffff
ffffff
ffffff
ffffff
ffffff
ffffff
ffffff
ffffff
ffffff
ffffff
ffffff
ffffff
ffffff
ffffff
ffffff
ffffff
ffffff
ffffff
ffffff
ffffff
ffffff
ffffff
ffffff
ffffff
ffffff
ffffff
ffffff
ffffff
ffffff
ffffff
ffffff
ffffff
ffffff
ffffff
ffffff
ffffff
ffffff
ffffff
ffffff
ffffff
ffffff
ffffff
ffffff
ffffff
ffffff
ffffff
ffffff
ffffff
ffffff
ffffff
ffffff
ffffff
ffffff
ffffff
ffffff
ffffff
ffffff
ffffff
ffffff
ffffff
ffffff
ffffff
ffffff
ffffff
ffffff
ffffff
ffffff
ffffff
ffffff
ffffff
ffffff
ffffff
ffffff
ffffff
ffffff
ffffff
ffffff
ffffff
ffffff
ffffff
ffffff
ffffff
ffffff
ffffff
ffffff
ffffff
ffffff
ffffff
ffffff
ffffff
ffffff
ffffff
ffffff
ffffff
ffffff
ffffff
ffffff
ffffff
ffffff
ffffff
ffffff
ffffff
ffffff
ffffff
ffffff
ffffff
ffffff
ffffff
ffffff
ffffff
ffffff
ffffff
ffffff
ffffff
ffffff
ffffff
ffffff
ffffff
ffffff
ffffff
ffffff
ffffff
ffffff
ffffff
ffffff
ffffff
ffffff
ffffff
ffffff
ffffff
ffffff
ffffff
ffffff
ffffff
ffffff
ffffff
ffffff
ffffff
ffffff
ffffff
ffffff
ffffff
ffffff
ffffff
ffffff
ffffff
ffffff
ffffff
ffffff
ffffff
ffffff
ffffff
ffffff
ffffff
ffffff
ffffff
ffffff
ffffff
ffffff
ffffff
ffffff
ffffff
ffffff
ffffff
ffffff
ffffff
ffffff
ffffff
ffffff
ffffff
ffffff
ffffff
ffffff
ffffff
ffffff
ffffff
ffffff
ffffff
ffffff
ffffff
ffffff
ffffff
ffffff
ffffff
ffffff
ffffff
ffffff
ffffff
ffffff
ffffff
ffffff
ffffff
ffffff
ffffff
ffffff
ffffff
ffffff
ffffff
ffffff
ffffff
ffffff
ffffff
ffffff
ffffff
ffffff
ffffff
ffffff
ffffff
ffffff
ffffff
ffffff
ffffff
ffffff
ffffff
ffffff
ffffff
ffffff
ffffff
ffffff
ffffff
ffffff
ffffff
ffffff
ffffff
ffffff
ffffff
ffffff
ffffff
ffffff
ffffff
ffffff
ffffff
ffffff
ffffff
ffffff
ffffff
ffffff
ffffff
ffffff
ffffff
ffffff
ffffff
ffffff
ffffff
ffffff
ffffff
ffffff
ffffff
ffffff
ffffff
ffffff
ffffff
ffffff
ffffff
ffffff
ffffff
ffffff
ffffff
ffffff
ffffff
ffffff
ffffff
ffffff
ffffff
ffffff
ffffff
ffffff
ffffff
ffffff
ffffff
ffffff
ffffff
ffffff
ffffff
ffffff
ffffff
ffffff
ffffff
ffffff
ffffff
ffffff
ffffff
ffffff
ffffff
ffffff
ffffff
ffffff
ffffff
ffffff
ffffff
ffffff
ffffff
ffffff
ffffff
ffffff
ffffff
ffffff
ffffff
ffffff
ffffff
ffffff
ffffff
ffffff
ffffff
ffffff
ffffff
ffffff
ffffff
ffffff
ffffff
ffffff
ffffff
ffffff
ffffff
ffffff
ffffff
ffffff
ffffff
ffffff
ffffff
ffffff
ffffff
ffffff
ffffff
ffffff
ffffff
ffffff
ffffff
ffffff
ffffff
ffffff
ffffff
ffffff
ffffff
ffffff
ffffff
ffffff
ffffff
ffffff
ffffff
ffffff
ffffff
ffffff
ffffff
ffffff
ffffff
ffffff
ffffff
000000
000000
000000
000000
000000
000000
000000
000000
000000
000000
000000
000000
000000
000000
000000
000000
000000
000000
000000
000000
000000
000000
000000
000000
000000
000000
000000
000000
000000
000000
000000
000000
000000
000000
000000
000000
000000
000000
000000
000000
000000
000000
000000
000000
000000
000000
000000
000000
000000
000000
000000
000000
000000
000000
000000
000000
000000
000000
000000
000000
000000
000000
000000
000000
000000
000000
000000
000000
000000
000000
000000
000000
000000
000000
000000
000000
000000
000000
000000
000000
000000
000000
000000
000000
000000
000000
000000
000000
000000
000000
000000
000000
000000
000000
000000
000000
000000
000000
000000
000000
000000
000000
000000
000000
000000
000000
000000
000000
000000
000000
000000
000000
000000
000000
000000
000000
000000
000000
000000
000000
000000
000000
000000
000000
000000
000000
000000
000000
000000
000000
000000
000000
000000
000000
000000
000000
000000
000000
000000
000000
000000
000000
000000
000000
000000
000000
000000
000000
000000
000000
000000
000000
000000
000000
000000
000000
000000
000000
000000
000000
000000
000000
000000
000000
000000
000000
000000
000000
000000
000000
000000
000000
000000
000000
000000
000000
000000
000000
000000
000000
000000
000000
000000
000000
000000
000000
000000
000000
000000
000000
000000
000000
000000
000000
000000
000000
000000
000000
000000
000000
000000
000000
000000
000000
000000
000000
000000
000000
000000
000000
000000
000000
000000
000000
000000
000000
000000
000000
000000
000000
000000
000000
000000
000000
000000
000000
000000
000000
000000
000000
000000
000000
000000
000000
000000
000000
000000
000000
000000
000000
000000
000000
000000
000000
000000
000000
000000
000000
000000
000000
000000
000000
000000
000000
000000
000000
000000
000000
000000
000000
000000
000000
000000
000000
000000
000000
000000
000000
000000
000000
000000
000000
000000
000000
000000
000000
000000
000000
000000
000000
000000
000000
000000
000000
000000
000000
000000
000000
000000
000000
000000
000000
000000
000000
000000
000000
000000
000000
000000
000000
000000
000000
000000
000000
000000
000000
000000
000000
000000
000000
000000
000000
000000
000000
000000
000000
000000
000000
000000
000000
000000
000000
000000
000000
000000
000000
000000
000000
000000
000000
000000
000000
000000
000000
000000
000000
000000
000000
000000
000000
000000
000000
000000
000000
000000
000000
000000
000000
000000
000000
000000
000000
000000
000000
000000
000000
000000
000000
000000
000000
000000
000000
000000
000000
000000
000000
000000
000000
000000
000000
000000
000000
000000
000000
000000
000000
000000
000000
000000
000000
000000
000000
000000
000000
000000
000000
000000
000000
000000
000000
000000
000000
000000
000000
000000
000000
000000
000000
000000
000000
ffffff
000000
000000
000000
000000
000000
000000
000000
000000
000000
000000
000000
000000
000000
000000
000000
000000
000000
000000
000000
000000
000000
000000
000000
000000
000000
000000
000000
000000
000000
000000
000000
000000
000000
000000
000000
000000
000000
000000
000000
000000
000000
000000
000000
000000
000000
000000
000000
000000
000000
000000
000000
000000
000000
000000
000000
000000
000000
000000
000000
000000
000000
000000
000000
000000
000000
000000
000000
000000
000000
000000
000000
000000
000000
000000
000000
000000
000000
000000
000000
000000
000000
000000
000000
000000
000000
000000
000000
000000
000000
000000
000000
000000
000000
000000
000000
000000
000000
000000
000000
000000
000000
000000
000000
000000
000000
000000
000000
000000
000000
000000
000000
000000
000000
000000
000000
000000
000000
000000
000000
000000
000000
000000
000000
000000
000000
000000
000000
000000
000000
000000
000000
000000
000000
000000
000000
000000
000000
000000
000000
000000
000000
000000
000000
000000
000000
000000
000000
000000
000000
000000
000000
000000
000000
000000
000000
000000
000000
000000
000000
000000
000000
000000
000000
000000
000000
000000
000000
000000
000000
000000
000000
000000
000000
000000
000000
000000
000000
000000
000000
000000
000000
000000
000000
000000
000000
000000
000000
000000
000000
000000
000000
000000
000000
000000
000000
000000
000000
000000
000000
000000
000000
000000
000000
000000
000000
000000
000000
000000
000000
000000
000000
000000
000000
000000
000000
000000
000000
000000
000000
000000
000000
000000
000000
000000
000000
000000
000000
000000
000000
000000
000000
000000
000000
000000
000000
000000
000000
000000
000000
000000
000000
000000
000000
000000
000000
000000
000000
000000
000000
000000
000000
000000
000000
000000
000000
000000
000000
000000
000000
000000
000000
000000
000000
000000
000000
000000
000000
000000
000000
000000
000000
000000
000000
000000
000000
000000
000000
000000
000000
000000
000000
000000
000000
000000
000000
000000
000000
000000
000000
000000
000000
000000
000000
000000
000000
000000
000000
000000
000000
000000
000000
000000
000000
000000
000000
000000
000000
000000
000000
000000
000000
000000
000000
000000
000000
000000
000000
000000
000000
000000
000000
000000
000000
000000
000000
000000
000000
000000
000000
000000
000000
000000
000000
000000
000000
000000
000000
000000
000000
000000
000000
000000
000000
000000
000000
000000
000000
000000
000000
000000
000000
000000
000000
000000
000000
000000
000000
000000
000000
000000
000000
000000
000000
000000
000000
000000
000000
868686
424242
919191
5f5f5f
9d9d9d
525252
555555
aaaaaa
474747
e9e9e9
9f9f9f
3d3d3d
dadada
0f0f0f
666666
6a6a6a
727272
929292
838383
797979
9b9b9b
c4c4c4
818181
7f7f7f
a3a3a3
8e8e8e
727272
5d5d5d
787878
626262
a2a2a2
b9b9b9
8b8b8b
a4a4a4
6e6e6e
141414
7c7c7c
727272
434343
b4b4b4
545454
bababa
3d3d3d
525252
555555
b7b7b7
888888
b8b8b8
4d4d4d
515151
4a4a4a
727272
212121
6e6e6e
616161
2a2a2a
7f7f7f
7c7c7c
262626
6c6c6c
6b6b6b
666666
575757
3c3c3c
b3b3b3
828282
828282
cacaca
646464
9f9f9f
595959
adadad
7a7a7a
8e8e8e
8b8b8b
bcbcbc
767676
323232
c0c0c0
868686
1c1c1c
bababa
a5a5a5
626262
4d4d4d
dadada
414141
737373
555555
797979
595959
6e6e6e
9b9b9b
acacac
959595
575757
979797
cacaca
515151
dddddd
b8b8b8
4c4c4c
555555
616161
b0b0b0
949494
525252
373737
828282
505050
626262
434343
242424
414141
606060
565656
727272
656565
b4b4b4
666666
d8d8d8
555555
acacac
525252
494949
bababa
323232
959595
717171
959595
a5a5a5
828282
d0d0d0
7d7d7d
cacaca
919191
e6e6e6
333333
4b4b4b
9a9a9a
d2d2d2
404040
808080
a7a7a7
595959
787878
494949
898989
282828
555555
9e9e9e
a6a6a6
bcbcbc
5c5c5c
555555
aeaeae
9c9c9c
666666
1c1c1c
616161
909090
5b5b5b
b5b5b5
404040
9e9e9e
949494
3a3a3a
414141
454545
4d4d4d
858585
303030
7e7e7e
777777
595959
c2c2c2
090909
2e2e2e
818181
404040
585858
adadad
434343
3a3a3a
6c6c6c
737373
8b8b8b
1f1f1f
575757
7c7c7c
666666
adadad
585858
787878
d0d0d0
696969
757575
dadada
616161
c3c3c3
6b6b6b
191919
686868
4e4e4e
888888
6a6a6a
979797
444444
e1e1e1
c0c0c0
9f9f9f
777777
595959
a6a6a6
727272
787878
919191
959595
878787
9f9f9f
474747
595959
cfcfcf
ebebeb
424242
b8b8b8
545454
767676
d4d4d4
737373
9d9d9d
6a6a6a
292929
848484
5d5d5d
5f5f5f
9d9d9d
898989
a8a8a8
5e5e5e
878787
c1c1c1
525252
a9a9a9
5c5c5c
838383
a8a8a8
878787
7d7d7d
bebebe
8f8f8f
a0a0a0
c6c6c6
c0c0c0
313131
6e6e6e
727272
c4c4c4
939393
c9c9c9
404040
595959
252525
606060
999999
606060
979797
787878
dbdbdb
686868
848484
c4c4c4
c8c8c8
5a5a5a
9c9c9c
898989
262626
9e9e9e
5f5f5f
818181
585858
393939
444444
a8a8a8
8c8c8c
d4d4d4
5b5b5b
c2c2c2
999999
777777
a1a1a1
4f4f4f
2d2d2d
757575
d7d7d7
747474
afafaf
d5d5d5
2f2f2f
aaaaaa
5a5a5a
a2a2a2
9f9f9f
777777
848484
505050
969696
474747
606060
8d8d8d
454545
9f9f9f
737373
9b9b9b
636363
898989
525252
adadad
939393
404040
585858
818181
2c2c2c
b7b7b7
575757
575757
666666
474747
3a3a3a
c7c7c7
767676
777777
585858
525252
606060
d3d3d3
5f5f5f
747474
868686
b0b0b0
acacac
4d4d4d
969696
858585
878787
585858
969696
818181
7a7a7a
7a7a7a
686868
6e6e6e
616161
525252
a2a2a2
888888
cbcbcb
a8a8a8
727272
343434
5f5f5f
7e7e7e
8b8b8b
5f5f5f
515151
9a9a9a
505050
919191
595959
d0d0d0
7a7a7a
7c7c7c
aeaeae
d3d3d3
bfbfbf
595959
a8a8a8
959595
282828
646464
232323
3e3e3e
727272
303030
505050
9e9e9e
b3b3b3
4d4d4d
666666
595959
bdbdbd
484848
5f5f5f
6b6b6b
9a9a9a
797979
cecece
8c8c8c
747474
a5a5a5
999999
a8a8a8
e3e3e3
515151
404040
757575
b4b4b4
777777
cacaca
373737
b2b2b2
bebebe
535353
6f6f6f
d5d5d5
7d7d7d
606060
9d9d9d
c7c7c7
8e8e8e
a8a8a8
7e7e7e
828282
dadada
a5a5a5
616161
484848
afafaf
232323
b6b6b6
b4b4b4
626262
757575
505050
7c7c7c
9d9d9d
979797
909090
4a4a4a
5a5a5a
c7c7c7
757575
696969
b0b0b0
cdcdcd
727272
acacac
414141
a5a5a5
7e7e7e
b1b1b1
929292
dcdcdc
e3e3e3
a4a4a4
767676
373737
2b2b2b
747474
969696
2e2e2e
858585
dcdcdc
6d6d6d
e1e1e1
c0c0c0
b0b0b0
9a9a9a
c3c3c3
b2b2b2
898989
696969
bdbdbd
545454
333333
707070
8b8b8b
484848
797979
656565
c6c6c6
4a4a4a
414141
b2b2b2
4f4f4f
aaaaaa
666666
6e6e6e
242424
9b9b9b
e3e3e3
969696
a1a1a1
c0c0c0
919191
787878
3a3a3a
373737
9c9c9c
acacac
838383
858585
828282
767676
afafaf
878787
a1a1a1
c1c1c1
8b8b8b
797979
acacac
d7d7d7
717171
9a9a9a
616161
838383
515151
8e8e8e
3b3b3b
626262
777777
4c4c4c
b5b5b5
808080
ababab
8c8c8c
676767
4f4f4f
c5c5c5
494949
474747
777777
595959
5e5e5e
9a9a9a
4e4e4e
cecece
b9b9b9
969696
878787
919191
515151
6c6c6c
525252
8e8e8e
c4c4c4
323232
333333
aaaaaa
616161
7d7d7d
575757
bcbcbc
3d3d3d
bbbbbb
606060
868686
8e8e8e
c1c1c1
9a9a9a
656565
cdcdcd
a1a1a1
7b7b7b
5f5f5f
494949
4e4e4e
6f6f6f
505050
7b7b7b
828282
494949
343434
a3a3a3
dcdcdc
a8a8a8
a1a1a1
4e4e4e
4e4e4e
5f5f5f
c2c2c2
666666
535353
979797
b4b4b4
6e6e6e
a5a5a5
a7a7a7
808080
767676
858585
aaaaaa
aeaeae
707070
8c8c8c
919191
4b4b4b
9a9a9a
676767
757575
c7c7c7
b3b3b3
4e4e4e
1f1f1f
b0b0b0
d3d3d3
b9b9b9
8d8d8d
c1c1c1
c9c9c9
575757
888888
868686
515151
b9b9b9
707070
676767
868686
2b2b2b
b4b4b4
505050
a0a0a0
868686
d6d6d6
b0b0b0
8c8c8c
4a4a4a
c9c9c9
4d4d4d
666666
585858
9f9f9f
7a7a7a
363636
b9b9b9
a8a8a8
b8b8b8
989898
525252
b4b4b4
adadad
7d7d7d
494949
e7e7e7
363636
555555
5f5f5f
d2d2d2
808080
313131
858585
494949
767676
5f5f5f
9e9e9e
9b9b9b
1e1e1e
dadada
414141
2b2b2b
4f4f4f
c0c0c0
989898
4c4c4c
242424
989898
434343
555555
909090
212121
a6a6a6
979797
8e8e8e
a8a8a8
aeaeae
7b7b7b
333333
8b8b8b
939393
dadada
a2a2a2
282828
555555
858585
474747
636363
9a9a9a
d2d2d2
363636
929292
686868
adadad
464646
8c8c8c
898989
737373
939393
313131
656565
3b3b3b
676767
cfcfcf
979797
dbdbdb
7d7d7d
474747
2a2a2a
242424
5c5c5c
bababa
919191
323232
858585
5e5e5e
afafaf
8e8e8e
363636
5d5d5d
b6b6b6
2d2d2d
cbcbcb
acacac
e3e3e3
898989
c4c4c4
d9d9d9
919191
949494
909090
b7b7b7
808080
c0c0c0
787878
979797
969696
b3b3b3
575757
858585
545454
7a7a7a
7c7c7c
2a2a2a
bcbcbc
5b5b5b
5e5e5e
727272
363636
b7b7b7
898989
6c6c6c
dfdfdf
969696
3a3a3a
d2d2d2
909090
9c9c9c
b1b1b1
d0d0d0
454545
777777
5d5d5d
d2d2d2
808080
7c7c7c
9c9c9c
7f7f7f
5b5b5b
1f1f1f
373737
373737
373737
373737
9f9f9f
9f9f9f
9f9f9f
9f9f9f
373737
373737
373737
373737
9f9f9f
9f9f9f
9f9f9f
9f9f9f
373737
373737
373737
373737
9f9f9f
9f9f9f
9f9f9f
9f9f9f
373737
373737
373737
373737
9f9f9f
9f9f9f
9f9f9f
9f9f9f
373737
373737
373737
373737
9f9f9f
9f9f9f
9f9f9f
9f9f9f
373737
373737
373737
373737
9f9f9f
9f9f9f
9f9f9f
9f9f9f
373737
373737
373737
373737
9f9f9f
9f9f9f
9f9f9f
9f9f9f
373737
373737
373737
373737
9f9f9f
9f9f9f
9f9f9f
9f9f9f
373737
373737
373737
373737
9f9f9f
9f9f9f
9f9f9f
9f9f9f
373737
373737
373737
373737
9f9f9f
9f9f9f
9f9f9f
9f9f9f
373737
373737
373737
373737
9f9f9f
9f9f9f
9f9f9f
9f9f9f
373737
373737
373737
373737
9f9f9f
9f9f9f
9f9f9f
9f9f9f
373737
373737
373737
373737
9f9f9f
9f9f9f
9f9f9f
9f9f9f
373737
373737
373737
373737
9f9f9f
9f9f9f
9f9f9f
9f9f9f
373737
373737
373737
373737
9f9f9f
9f9f9f
9f9f9f
9f9f9f
373737
373737
373737
373737
9f9f9f
9f9f9f
9f9f9f
9f9f9f
9f9f9f
9f9f9f
9f9f9f
9f9f9f
373737
373737
373737
373737
9f9f9f
9f9f9f
9f9f9f
9f9f9f
373737
373737
373737
373737
9f9f9f
9f9f9f
9f9f9f
9f9f9f
373737
373737
373737
373737
9f9f9f
9f9f9f
9f9f9f
9f9f9f
373737
373737
373737
373737
9f9f9f
9f9f9f
9f9f9f
9f9f9f
373737
373737
373737
373737
9f9f9f
9f9f9f
9f9f9f
9f9f9f
373737
373737
373737
373737
9f9f9f
9f9f9f
9f9f9f
9f9f9f
373737
373737
373737
373737
9f9f9f
9f9f9f
9f9f9f
9f9f9f
373737
373737
373737
373737
9f9f9f
9f9f9f
9f9f9f
9f9f9f
373737
373737
373737
373737
9f9f9f
9f9f9f
9f9f9f
9f9f9f
373737
373737
373737
373737
9f9f9f
9f9f9f
9f9f9f
9f9f9f
373737
373737
373737
373737
9f9f9f
9f9f9f
9f9f9f
9f9f9f
373737
373737
373737
373737
9f9f9f
9f9f9f
9f9f9f
9f9f9f
373737
373737
373737
373737
9f9f9f
9f9f9f
9f9f9f
9f9f9f
373737
373737
373737
373737
9f9f9f
9f9f9f
9f9f9f
9f9f9f
373737
373737
373737
373737
9f9f9f
9f9f9f
9f9f9f
9f9f9f
373737
373737
373737
373737
373737
373737
373737
373737
9f9f9f
9f9f9f
9f9f9f
9f9f9f
373737
373737
373737
373737
9f9f9f
9f9f9f
9f9f9f
9f9f9f
373737
373737
373737
373737
9f9f9f
9f9f9f
9f9f9f
9f9f9f
373737
373737
373737
373737
9f9f9f
9f9f9f
9f9f9f
9f9f9f
373737
373737
373737
373737
9f9f9f
9f9f9f
9f9f9f
9f9f9f
373737
373737
373737
373737
9f9f9f
9f9f9f
9f9f9f
9f9f9f
373737
373737
373737
373737
9f9f9f
9f9f9f
9f9f9f
9f9f9f
373737
373737
373737
373737
9f9f9f
9f9f9f
9f9f9f
9f9f9f
373737
373737
373737
373737
9f9f9f
9f9f9f
9f9f9f
9f9f9f
373737
373737
373737
373737
9f9f9f
9f9f9f
9f9f9f
9f9f9f
373737
373737
373737
373737
9f9f9f
9f9f9f
9f9f9f
9f9f9f
373737
373737
373737
373737
9f9f9f
9f9f9f
9f9f9f
9f9f9f
373737
373737
373737
373737
9f9f9f
9f9f9f
9f9f9f
9f9f9f
373737
373737
373737
373737
9f9f9f
9f9f9f
9f9f9f
9f9f9f
373737
373737
373737
373737
9f9f9f
9f9f9f
9f9f9f
9f9f9f
373737
373737
373737
373737
9f9f9f
9f9f9f
9f9f9f
9f9f9f
9f9f9f
9f9f9f
9f9f9f
9f9f9f
373737
373737
373737
373737
9f9f9f
9f9f9f
9f9f9f
9f9f9f
373737
373737
373737
373737
9f9f9f
9f9f9f
9f9f9f
9f9f9f
373737
373737
373737
373737
9f9f9f
9f9f9f
9f9f9f
9f9f9f
373737
373737
373737
373737
9f9f9f
9f9f9f
9f9f9f
9f9f9f
373737
373737
373737
373737
9f9f9f
9f9f9f
9f9f9f
9f9f9f
373737
373737
373737
373737
9f9f9f
9f9f9f
9f9f9f
9f9f9f
373737
373737
373737
373737
9f9f9f
9f9f9f
9f9f9f
9f9f9f
373737
373737
373737
373737
9f9f9f
9f9f9f
9f9f9f
9f9f9f
373737
373737
373737
373737
9f9f9f
9f9f9f
9f9f9f
9f9f9f
373737
373737
373737
373737
9f9f9f
9f9f9f
9f9f9f
9f9f9f
373737
373737
373737
373737
9f9f9f
9f9f9f
9f9f9f
9f9f9f
373737
373737
373737
373737
9f9f9f
9f9f9f
9f9f9f
9f9f9f
373737
373737
373737
373737
9f9f9f
9f9f9f
9f9f9f
9f9f9f
373737
373737
373737
373737
9f9f9f
9f9f9f
9f9f9f
9f9f9f
373737
373737
373737
373737
9f9f9f
9f9f9f
9f9f9f
9f9f9f
373737
373737
373737
373737
373737
373737
373737
373737
9f9f9f
9f9f9f
9f9f9f
9f9f9f
373737
373737
373737
373737
9f9f9f
9f9f9f
9f9f9f
9f9f9f
373737
373737
373737
373737
9f9f9f
9f9f9f
9f9f9f
9f9f9f
373737
373737
373737
373737
9f9f9f
9f9f9f
9f9f9f
9f9f9f
373737
373737
373737
373737
9f9f9f
9f9f9f
9f9f9f
9f9f9f
373737
373737
373737
373737
9f9f9f
9f9f9f
9f9f9f
9f9f9f
373737
373737
373737
373737
9f9f9f
9f9f9f
9f9f9f
9f9f9f
373737
373737
373737
373737
9f9f9f
9f9f9f
9f9f9f
9f9f9f
373737
373737
373737
373737
9f9f9f
9f9f9f
9f9f9f
9f9f9f
373737
373737
373737
373737
9f9f9f
9f9f9f
9f9f9f
9f9f9f
373737
373737
373737
373737
9f9f9f
9f9f9f
9f9f9f
9f9f9f
373737
373737
373737
373737
9f9f9f
9f9f9f
9f9f9f
9f9f9f
373737
373737
373737
373737
9f9f9f
9f9f9f
9f9f9f
9f9f9f
373737
373737
373737
373737
9f9f9f
9f9f9f
9f9f9f
9f9f9f
373737
373737
373737
373737
9f9f9f
9f9f9f
9f9f9f
9f9f9f
373737
373737
373737
373737
9f9f9f
9f9f9f
9f9f9f
9f9f9f
9f9f9f
9f9f9f
9f9f9f
9f9f9f
373737
373737
373737
373737
9f9f9f
9f9f9f
9f9f9f
9f9f9f
373737
373737
373737
373737
9f9f9f
9f9f9f
9f9f9f
9f9f9f
373737
373737
373737
373737
9f9f9f
9f9f9f
9f9f9f
9f9f9f
373737
373737
373737
373737
9f9f9f
9f9f9f
9f9f9f
9f9f9f
373737
373737
373737
373737
9f9f9f
9f9f9f
9f9f9f
9f9f9f
373737
373737
373737
373737
9f9f9f
9f9f9f
9f9f9f
9f9f9f
373737
373737
373737
373737
9f9f9f
9f9f9f
9f9f9f
9f9f9f
373737
373737
373737
373737
9f9f9f
9f9f9f
9f9f9f
9f9f9f
373737
373737
373737
373737
9f9f9f
9f9f9f
9f9f9f
9f9f9f
373737
373737
373737
373737
9f9f9f
9f9f9f
9f9f9f
9f9f9f
373737
373737
373737
373737
9f9f9f
9f9f9f
9f9f9f
9f9f9f
373737
373737
373737
373737
9f9f9f
9f9f9f
9f9f9f
9f9f9f
373737
373737
373737
373737
9f9f9f
9f9f9f
9f9f9f
9f9f9f
373737
373737
373737
373737
9f9f9f
9f9f9f
9f9f9f
9f9f9f
373737
373737
373737
373737
9f9f9f
9f9f9f
9f9f9f
9f9f9f
373737
373737
373737
373737
000000
030303
060606
0a0a0a
0d0d0d
101010
141414
171717
1a1a1a
1e1e1e
212121
242424
282828
2b2b2b
2e2e2e
323232
353535
383838
3c3c3c
3f3f3f
434343
464646
494949
4d4d4d
333333
363636
3a3a3a
3d3d3d
404040
444444
474747
4a4a4a
050505
080808
0c0c0c
0f0f0f
131313
161616
191919
1d1d1d
202020
232323
272727
2a2a2a
2d2d2d
313131
343434
373737
3b3b3b
3e3e3e
414141
454545
484848
4b4b4b
4f4f4f
353535
393939
3c3c3c
3f3f3f
434343
464646
494949
4d4d4d
505050
0b0b0b
0e0e0e
111111
151515
181818
1b1b1b
1f1f1f
222222
262626
292929
2c2c2c
303030
333333
363636
3a3a3a
3d3d3d
404040
444444
474747
4a4a4a
4e4e4e
515151
545454
3b3b3b
3e3e3e
424242
454545
484848
4c4c4c
4f4f4f
525252
565656
101010
141414
171717
1a1a1a
1e1e1e
212121
242424
282828
2b2b2b
2f2f2f
323232
353535
393939
3c3c3c
3f3f3f
434343
464646
494949
4d4d4d
505050
535353
575757
5a5a5a
404040
444444
474747
4a4a4a
4e4e4e
515151
555555
585858
5b5b5b
161616
191919
1d1d1d
202020
232323
272727
2a2a2a
2d2d2d
313131
343434
373737
3b3b3b
3e3e3e
424242
454545
484848
4c4c4c
4f4f4f
525252
565656
595959
5c5c5c
606060
464646
494949
4d4d4d
505050
535353
575757
5a5a5a
5e5e5e
616161
1c1c1c
1f1f1f
222222
262626
292929
2c2c2c
303030
333333
363636
3a3a3a
3d3d3d
404040
444444
474747
4a4a4a
4e4e4e
515151
555555
585858
5b5b5b
5f5f5f
626262
484848
4c4c4c
4f4f4f
525252
565656
595959
5c5c5c
606060
636363
666666
212121
252525
282828
2b2b2b
2f2f2f
323232
353535
393939
3c3c3c
3f3f3f
434343
464646
494949
4d4d4d
505050
535353
575757
5a5a5a
5e5e5e
616161
646464
686868
4e4e4e
515151
555555
585858
5b5b5b
5f5f5f
626262
656565
696969
6c6c6c
272727
2a2a2a
2d2d2d
313131
343434
383838
3b3b3b
3e3e3e
424242
454545
484848
4c4c4c
4f4f4f
525252
565656
595959
5c5c5c
606060
636363
666666
6a6a6a
6d6d6d
545454
575757
5a5a5a
5e5e5e
616161
646464
686868
6b6b6b
6e6e6e
727272
2c2c2c
303030
333333
363636
3a3a3a
3d3d3d
414141
444444
474747
4b4b4b
4e4e4e
515151
555555
585858
5b5b5b
5f5f5f
626262
656565
696969
6c6c6c
6f6f6f
737373
595959
5c5c5c
606060
636363
676767
6a6a6a
6d6d6d
717171
747474
777777
323232
353535
393939
3c3c3c
3f3f3f
434343
464646
494949
4d4d4d
505050
545454
575757
5a5a5a
5e5e5e
616161
646464
686868
6b6b6b
6e6e6e
727272
757575
5b5b5b
5f5f5f
626262
656565
696969
6c6c6c
707070
737373
767676
7a7a7a
7d7d7d
383838
3b3b3b
3e3e3e
424242
454545
484848
4c4c4c
4f4f4f
525252
565656
595959
5d5d5d
606060
636363
676767
6a6a6a
6d6d6d
717171
747474
777777
7b7b7b
616161
646464
686868
6b6b6b
6e6e6e
727272
757575
787878
7c7c7c
7f7f7f
838383
3d3d3d
414141
444444
474747
4b4b4b
4e4e4e
515151
555555
585858
5b5b5b
5f5f5f
626262
656565
696969
6c6c6c
707070
737373
767676
7a7a7a
7d7d7d
808080
676767
6a6a6a
6d6d6d
717171
747474
777777
7b7b7b
7e7e7e
818181
858585
888888
434343
464646
4a4a4a
4d4d4d
505050
545454
575757
5a5a5a
5e5e5e
616161
646464
686868
6b6b6b
6e6e6e
727272
757575
787878
7c7c7c
7f7f7f
838383
696969
6c6c6c
707070
737373
767676
7a7a7a
7d7d7d
808080
848484
878787
8a8a8a
8e8e8e
484848
4c4c4c
4f4f4f
535353
565656
595959
5d5d5d
606060
636363
676767
6a6a6a
6d6d6d
717171
747474
777777
7b7b7b
7e7e7e
818181
858585
888888
6f6f6f
727272
757575
797979
7c7c7c
7f7f7f
838383
868686
898989
8d8d8d
909090
939393
4e4e4e
515151
555555
585858
5b5b5b
5f5f5f
626262
666666
696969
6c6c6c
707070
737373
767676
7a7a7a
7d7d7d
808080
848484
878787
8a8a8a
8e8e8e
747474
777777
7b7b7b
7e7e7e
828282
858585
888888
8c8c8c
8f8f8f
929292
969696
999999
545454
575757
5a5a5a
5e5e5e
616161
646464
686868
6b6b6b
6f6f6f
727272
757575
797979
7c7c7c
7f7f7f
838383
868686
898989
8d8d8d
909090
939393
7a7a7a
7d7d7d
808080
848484
878787
8a8a8a
8e8e8e
919191
959595
989898
9b9b9b
9f9f9f
595959
5d5d5d
606060
636363
676767
6a6a6a
6d6d6d
717171
747474
777777
7b7b7b
7e7e7e
828282
858585
888888
8c8c8c
8f8f8f
929292
969696
7c7c7c
7f7f7f
838383
868686
898989
8d8d8d
909090
939393
979797
9a9a9a
9e9e9e
a1a1a1
a4a4a4
5f5f5f
626262
666666
696969
6c6c6c
707070
737373
767676
7a7a7a
7d7d7d
808080
848484
878787
8a8a8a
8e8e8e
919191
959595
989898
9b9b9b
828282
858585
888888
8c8c8c
8f8f8f
929292
969696
999999
9c9c9c
a0a0a0
a3a3a3
a6a6a6
aaaaaa
656565
686868
6b6b6b
6f6f6f
727272
757575
797979
7c7c7c
7f7f7f
838383
868686
898989
8d8d8d
909090
939393
979797
9a9a9a
9e9e9e
a1a1a1
878787
8b8b8b
8e8e8e
919191
959595
989898
9b9b9b
9f9f9f
a2a2a2
a5a5a5
a9a9a9
acacac
afafaf
6a6a6a
6e6e6e
717171
747474
787878
7b7b7b
7e7e7e
828282
858585
888888
8c8c8c
8f8f8f
929292
969696
999999
9c9c9c
a0a0a0
a3a3a3
a6a6a6
8d8d8d
909090
949494
979797
9a9a9a
9e9e9e
a1a1a1
a4a4a4
a8a8a8
ababab
aeaeae
b2b2b2
b5b5b5
707070
737373
767676
7a7a7a
7d7d7d
818181
848484
878787
8b8b8b
8e8e8e
919191
959595
989898
9b9b9b
9f9f9f
a2a2a2
a5a5a5
a9a9a9
8f8f8f
929292
969696
999999
9d9d9d
a0a0a0
a3a3a3
a7a7a7
aaaaaa
adadad
b1b1b1
b4b4b4
b7b7b7
bbbbbb
757575
797979
7c7c7c
7f7f7f
838383
868686
898989
8d8d8d
909090
949494
979797
9a9a9a
9e9e9e
a1a1a1
a4a4a4
a8a8a8
ababab
aeaeae
959595
989898
9b9b9b
9f9f9f
a2a2a2
a5a5a5
a9a9a9
acacac
b0b0b0
b3b3b3
b6b6b6
bababa
bdbdbd
c0c0c0
7b7b7b
7e7e7e
828282
858585
888888
8c8c8c
8f8f8f
929292
969696
999999
9d9d9d
a0a0a0
a3a3a3
a7a7a7
aaaaaa
adadad
b1b1b1
b4b4b4
9a9a9a
9e9e9e
a1a1a1
a4a4a4
a8a8a8
ababab
aeaeae
b2b2b2
b5b5b5
b8b8b8
bcbcbc
bfbfbf
c3c3c3
c6c6c6
818181
848484
878787
8b8b8b
8e8e8e
919191
959595
989898
9b9b9b
9f9f9f
a2a2a2
a5a5a5
a9a9a9
acacac
b0b0b0
b3b3b3
b6b6b6
9d9d9d
a0a0a0
a3a3a3
a7a7a7
aaaaaa
adadad
b1b1b1
b4b4b4
b7b7b7
bbbbbb
bebebe
c1c1c1
c5c5c5
c8c8c8
cccccc
000000
000000
000000
000000
000000
000000
000000
000000
000000
000000
000000
000000
000000
000000
000000
000000
000000
000000
000000
000000
000000
000000
000000
000000
000000
000000
000000
000000
000000
000000
000000
000000
000000
000000
000000
000000
000000
000000
000000
000000
000000
000000
000000
000000
000000
000000
000000
000000
000000
000000
000000
000000
000000
000000
000000
000000
000000
000000
000000
000000
000000
000000
000000
000000
000000
000000
000000
000000
000000
000000
000000
000000
000000
000000
000000
000000
000000
000000
000000
000000
000000
000000
000000
000000
000000
000000
000000
000000
000000
000000
000000
000000
000000
000000
000000
000000
000000
000000
000000
000000
000000
000000
000000
000000
000000
000000
000000
000000
000000
000000
000000
000000
000000
000000
000000
000000
000000
000000
000000
000000
000000
000000
000000
000000
000000
000000
000000
000000
000000
000000
000000
000000
000000
000000
000000
000000
000000
000000
000000
000000
000000
000000
000000
000000
000000
000000
000000
000000
000000
000000
000000
000000
000000
000000
000000
000000
000000
000000
000000
000000
000000
000000
000000
000000
000000
000000
000000
000000
000000
000000
000000
000000
000000
000000
000000
000000
000000
000000
000000
000000
000000
000000
000000
000000
000000
000000
000000
000000
000000
000000
000000
000000
000000
000000
000000
000000
000000
000000
000000
000000
000000
000000
000000
000000
000000
000000
000000
000000
000000
000000
000000
000000
000000
000000
000000
000000
000000
000000
000000
000000
000000
000000
000000
000000
000000
000000
000000
000000
000000
000000
000000
000000
000000
000000
000000
000000
000000
000000
000000
000000
000000
000000
000000
000000
000000
000000
000000
000000
000000
000000
000000
000000
000000
000000
000000
000000
000000
000000
000000
000000
000000
000000
000000
000000
000000
000000
000000
000000
000000
000000
000000
000000
000000
000000
000000
000000
000000
000000
000000
000000
000000
000000
000000
000000
000000
000000
000000
000000
000000
000000
000000
000000
000000
000000
000000
000000
000000
000000
000000
000000
000000
000000
000000
000000
000000
000000
000000
000000
000000
000000
000000
000000
000000
000000
000000
000000
000000
000000
000000
000000
000000
000000
000000
000000
000000
000000
000000
000000
000000
000000
000000
000000
000000
000000
000000
000000
000000
000000
000000
000000
000000
000000
000000
000000
000000
000000
000000
000000
000000
000000
000000
000000
000000
000000
000000
000000
000000
000000
000000
000000
000000
000000
000000
000000
000000
000000
000000
000000
000000
000000
000000
000000
000000
000000
000000
000000
000000
000000
000000
000000
000000
000000
000000
000000
000000
000000
000000
000000
000000
000000
000000
000000
000000
000000
000000
000000
000000
000000
000000
000000
000000
000000
000000
000000
000000
000000
000000
000000
000000
000000
000000
000000
000000
000000
000000
000000
000000
000000
000000
000000
000000
000000
000000
000000
000000
000000
000000
000000
000000
000000
000000
000000
000000
000000
000000
000000
000000
000000
000000
000000
000000
000000
000000
000000
000000
000000
000000
000000
000000
000000
000000
000000
000000
000000
000000
000000
000000
000000
000000
000000
000000
000000
000000
000000
000000
000000
000000
000000
000000
000000
000000
000000
000000
000000
000000
000000
000000
000000
000000
000000
000000
000000
000000
000000
000000
000000
000000
000000
000000
000000
000000
000000
000000
000000
000000
000000
000000
000000
000000
000000
000000
000000
000000
000000
000000
000000
000000
000000
000000
000000
000000
000000
000000
000000
000000
000000
000000
000000
000000
000000
000000
000000
000000
000000
000000
000000
000000
000000
000000
000000
000000
000000
000000
000000
000000
000000
000000
000000
000000
000000
000000
000000
000000
000000
000000
000000
000000
000000
000000
000000
000000
000000
000000
000000
000000
000000
000000
000000
000000
000000
000000
000000
000000
000000
000000
000000
000000
000000
000000
000000
000000
000000
000000
000000
000000
000000
000000
000000
000000
000000
000000
000000
000000
000000
000000
000000
000000
000000
000000
000000
000000
000000
000000
000000
000000
000000
000000
000000
000000
000000
000000
000000
000000
000000
000000
000000
000000
000000
000000
000000
000000
000000
000000
000000
000000
000000
000000
000000
000000
000000
000000
000000
000000
000000
000000
000000
000000
000000
000000
000000
000000
000000
000000
000000
000000
000000
000000
000000
000000
000000
000000
000000
000000
000000
000000
000000
000000
000000
000000
000000
000000
000000
000000
000000
000000
000000
000000
000000
000000
000000
000000
000000
000000
000000
000000
000000
000000
000000
000000
000000
000000
000000
000000
000000
000000
000000
000000
000000
000000
000000
000000
000000
000000
000000
000000
000000
000000
000000
000000
000000
000000
000000
000000
000000
000000
000000
000000
000000
000000
000000
000000
000000
000000
000000
000000
000000
000000
000000
000000
000000
000000
000000
000000
000000
000000
000000
000000
000000
000000
000000
000000
000000
000000
000000
000000
000000
000000
000000
000000
000000
000000
000000
000000
000000
000000
000000
000000
000000
000000
000000
000000
000000
000000
000000
000000
000000
000000
000000
000000
000000
000000
000000
000000
000000
000000
000000
000000
000000
000000
000000
000000
000000
000000
000000
000000
000000
000000
000000
000000
000000
000000
000000
000000
000000
000000
000000
000000
000000
000000
000000
000000
000000
000000
000000
000000
000000
000000
000000
000000
000000
000000
000000
000000
000000
000000
000000
000000
000000
000000
000000
000000
ffffff
ffffff
ffffff
ffffff
ffffff
ffffff
ffffff
ffffff
ffffff
ffffff
ffffff
ffffff
ffffff
ffffff
ffffff
ffffff
ffffff
ffffff
ffffff
ffffff
ffffff
ffffff
ffffff
ffffff
ffffff
ffffff
ffffff
ffffff
ffffff
ffffff
000000
000000
ffffff
ffffff
ffffff
ffffff
ffffff
ffffff
ffffff
ffffff
ffffff
ffffff
ffffff
ffffff
ffffff
ffffff
ffffff
ffffff
ffffff
ffffff
ffffff
ffffff
ffffff
ffffff
ffffff
ffffff
ffffff
ffffff
ffffff
ffffff
ffffff
ffffff
000000
000000
ffffff
ffffff
ffffff
ffffff
ffffff
ffffff
ffffff
ffffff
ffffff
ffffff
ffffff
ffffff
ffffff
ffffff
ffffff
ffffff
ffffff
ffffff
ffffff
ffffff
ffffff
ffffff
ffffff
ffffff
ffffff
ffffff
ffffff
ffffff
ffffff
ffffff
000000
000000
ffffff
ffffff
ffffff
ffffff
ffffff
ffffff
ffffff
ffffff
ffffff
ffffff
ffffff
ffffff
ffffff
ffffff
ffffff
ffffff
ffffff
ffffff
ffffff
ffffff
ffffff
ffffff
ffffff
ffffff
ffffff
ffffff
ffffff
ffffff
ffffff
ffffff
000000
000000
ffffff
ffffff
ffffff
ffffff
ffffff
ffffff
ffffff
ffffff
ffffff
ffffff
ffffff
ffffff
ffffff
ffffff
ffffff
ffffff
ffffff
ffffff
ffffff
ffffff
ffffff
ffffff
ffffff
ffffff
ffffff
ffffff
ffffff
ffffff
ffffff
ffffff
000000
000000
ffffff
ffffff
ffffff
ffffff
ffffff
ffffff
ffffff
ffffff
ffffff
ffffff
ffffff
ffffff
ffffff
ffffff
ffffff
ffffff
ffffff
ffffff
ffffff
ffffff
ffffff
ffffff
ffffff
ffffff
ffffff
ffffff
ffffff
ffffff
ffffff
ffffff
000000
000000
ffffff
ffffff
ffffff
ffffff
ffffff
ffffff
ffffff
ffffff
ffffff
ffffff
ffffff
ffffff
ffffff
ffffff
ffffff
ffffff
ffffff
ffffff
ffffff
ffffff
ffffff
ffffff
ffffff
ffffff
ffffff
ffffff
ffffff
ffffff
ffffff
ffffff
000000
000000
ffffff
ffffff
ffffff
ffffff
ffffff
ffffff
ffffff
ffffff
ffffff
ffffff
ffffff
ffffff
ffffff
ffffff
ffffff
ffffff
ffffff
ffffff
ffffff
ffffff
ffffff
ffffff
ffffff
ffffff
ffffff
ffffff
ffffff
ffffff
ffffff
ffffff
000000
000000
ffffff
ffffff
ffffff
ffffff
ffffff
ffffff
ffffff
ffffff
ffffff
ffffff
ffffff
ffffff
ffffff
ffffff
ffffff
ffffff
ffffff
ffffff
ffffff
ffffff
ffffff
ffffff
ffffff
ffffff
ffffff
ffffff
ffffff
ffffff
ffffff
ffffff
000000
000000
ffffff
ffffff
ffffff
ffffff
ffffff
ffffff
ffffff
ffffff
ffffff
ffffff
ffffff
ffffff
ffffff
ffffff
ffffff
ffffff
ffffff
ffffff
ffffff
ffffff
ffffff
ffffff
ffffff
ffffff
ffffff
ffffff
ffffff
ffffff
ffffff
ffffff
000000
000000
ffffff
ffffff
ffffff
ffffff
ffffff
ffffff
ffffff
ffffff
ffffff
ffffff
ffffff
ffffff
ffffff
ffffff
ffffff
ffffff
ffffff
ffffff
ffffff
ffffff
ffffff
ffffff
ffffff
ffffff
ffffff
ffffff
ffffff
ffffff
ffffff
ffffff
000000
000000
ffffff
ffffff
ffffff
ffffff
ffffff
ffffff
ffffff
ffffff
ffffff
ffffff
ffffff
ffffff
ffffff
ffffff
ffffff
ffffff
ffffff
ffffff
ffffff
ffffff
ffffff
ffffff
ffffff
ffffff
ffffff
ffffff
ffffff
ffffff
ffffff
ffffff
000000
000000
ffffff
ffffff
ffffff
ffffff
ffffff
ffffff
ffffff
ffffff
ffffff
ffffff
ffffff
ffffff
ffffff
ffffff
ffffff
ffffff
ffffff
ffffff
ffffff
ffffff
ffffff
ffffff
ffffff
ffffff
ffffff
ffffff
ffffff
ffffff
ffffff
ffffff
000000
000000
ffffff
ffffff
ffffff
ffffff
ffffff
ffffff
ffffff
ffffff
ffffff
ffffff
ffffff
ffffff
ffffff
ffffff
ffffff
ffffff
ffffff
ffffff
ffffff
ffffff
ffffff
ffffff
ffffff
ffffff
ffffff
ffffff
ffffff
ffffff
ffffff
ffffff
000000
000000
ffffff
ffffff
ffffff
ffffff
ffffff
ffffff
ffffff
ffffff
ffffff
ffffff
ffffff
ffffff
ffffff
ffffff
ffffff
ffffff
ffffff
ffffff
ffffff
ffffff
ffffff
ffffff
ffffff
ffffff
ffffff
ffffff
ffffff
ffffff
ffffff
ffffff
000000
000000
ffffff
ffffff
ffffff
ffffff
ffffff
ffffff
ffffff
ffffff
ffffff
ffffff
ffffff
ffffff
ffffff
ffffff
ffffff
ffffff
ffffff
ffffff
ffffff
ffffff
ffffff
ffffff
ffffff
ffffff
ffffff
ffffff
ffffff
ffffff
ffffff
ffffff
000000
000000
ffffff
ffffff
ffffff
ffffff
ffffff
ffffff
ffffff
ffffff
ffffff
ffffff
ffffff
ffffff
ffffff
ffffff
ffffff
ffffff
ffffff
ffffff
ffffff
ffffff
ffffff
ffffff
ffffff
ffffff
ffffff
ffffff
ffffff
ffffff
ffffff
ffffff
000000
000000
ffffff
ffffff
ffffff
ffffff
ffffff
ffffff
ffffff
ffffff
ffffff
ffffff
ffffff
ffffff
ffffff
ffffff
ffffff
ffffff
ffffff
ffffff
ffffff
ffffff
ffffff
ffffff
ffffff
ffffff
ffffff
ffffff
ffffff
ffffff
ffffff
ffffff
000000
000000
ffffff
ffffff
ffffff
ffffff
ffffff
ffffff
ffffff
ffffff
ffffff
ffffff
ffffff
ffffff
ffffff
ffffff
ffffff
ffffff
ffffff
ffffff
ffffff
ffffff
ffffff
ffffff
ffffff
ffffff
ffffff
ffffff
ffffff
ffffff
ffffff
ffffff
000000
000000
ffffff
ffffff
ffffff
ffffff
ffffff
ffffff
ffffff
ffffff
ffffff
ffffff
ffffff
ffffff
ffffff
ffffff
ffffff
ffffff
ffffff
ffffff
ffffff
ffffff
ffffff
ffffff
ffffff
ffffff
ffffff
ffffff
ffffff
ffffff
ffffff
ffffff
000000
000000
ffffff
ffffff
ffffff
ffffff
ffffff
ffffff
ffffff
ffffff
ffffff
ffffff
ffffff
ffffff
ffffff
ffffff
ffffff
ffffff
ffffff
ffffff
ffffff
ffffff
ffffff
ffffff
ffffff
ffffff
ffffff
ffffff
ffffff
ffffff
ffffff
ffffff
000000
000000
ffffff
ffffff
ffffff
ffffff
ffffff
ffffff
ffffff
ffffff
ffffff
ffffff
ffffff
ffffff
ffffff
ffffff
ffffff
ffffff
ffffff
ffffff
ffffff
ffffff
ffffff
ffffff
ffffff
ffffff
ffffff
ffffff
ffffff
ffffff
ffffff
ffffff
000000
000000
000000
000000
000000
000000
000000
000000
000000
000000
000000
000000
000000
000000
000000
000000
000000
000000
000000
000000
000000
000000
000000
000000
000000
000000
000000
000000
000000
000000
000000
000000
000000
000000
000000
000000
000000
000000
000000
000000
000000
000000
000000
000000
000000
000000
000000
000000
000000
000000
000000
000000
000000
000000
000000
000000
000000
000000
000000
000000
000000
000000
000000
000000
000000
000000
000000
000000
000000
000000
000000
000000
000000
000000
000000
000000
000000
000000
000000
000000
000000
ffffff
ffffff
ffffff
ffffff
ffffff
ffffff
ffffff
ffffff
ffffff
ffffff
ffffff
ffffff
ffffff
ffffff
ffffff
000000
000000
000000
000000
000000
000000
000000
000000
000000
000000
000000
000000
000000
000000
000000
000000
000000
ffffff
ffffff
ffffff
ffffff
ffffff
ffffff
ffffff
ffffff
ffffff
ffffff
ffffff
ffffff
ffffff
ffffff
ffffff
000000
000000
000000
000000
000000
000000
000000
000000
000000
000000
000000
000000
000000
000000
000000
000000
000000
ffffff
ffffff
ffffff
ffffff
ffffff
ffffff
ffffff
ffffff
ffffff
ffffff
ffffff
ffffff
ffffff
ffffff
ffffff
000000
000000
000000
000000
000000
000000
000000
000000
000000
000000
000000
000000
000000
000000
000000
000000
000000
ffffff
ffffff
ffffff
ffffff
ffffff
ffffff
ffffff
ffffff
ffffff
ffffff
ffffff
ffffff
ffffff
ffffff
ffffff
000000
000000
000000
000000
000000
000000
000000
000000
000000
000000
000000
000000
000000
000000
000000
000000
000000
ffffff
ffffff
ffffff
ffffff
ffffff
ffffff
ffffff
ffffff
ffffff
ffffff
ffffff
ffffff
ffffff
ffffff
ffffff
000000
000000
000000
000000
000000
000000
000000
000000
000000
000000
000000
000000
000000
000000
000000
000000
000000
ffffff
ffffff
ffffff
ffffff
ffffff
ffffff
ffffff
ffffff
ffffff
ffffff
ffffff
ffffff
ffffff
ffffff
ffffff
000000
000000
000000
000000
000000
000000
000000
000000
000000
000000
000000
000000
000000
000000
000000
000000
000000
ffffff
ffffff
ffffff
ffffff
ffffff
ffffff
ffffff
ffffff
ffffff
ffffff
ffffff
ffffff
ffffff
ffffff
ffffff
000000
000000
000000
000000
000000
000000
000000
000000
000000
000000
000000
000000
000000
000000
000000
000000
000000
ffffff
ffffff
ffffff
ffffff
ffffff
ffffff
ffffff
ffffff
ffffff
ffffff
ffffff
ffffff
ffffff
ffffff
ffffff
000000
000000
000000
000000
000000
000000
000000
000000
000000
000000
000000
000000
000000
000000
000000
000000
000000
ffffff
ffffff
ffffff
ffffff
ffffff
ffffff
ffffff
ffffff
ffffff
ffffff
ffffff
ffffff
ffffff
ffffff
ffffff
000000
000000
000000
000000
000000
000000
000000
000000
000000
000000
000000
000000
000000
000000
000000
000000
000000
ffffff
ffffff
ffffff
ffffff
ffffff
ffffff
ffffff
ffffff
ffffff
ffffff
ffffff
ffffff
ffffff
ffffff
ffffff
000000
000000
000000
000000
000000
000000
000000
000000
000000
000000
000000
000000
000000
000000
000000
000000
000000
ffffff
ffffff
ffffff
ffffff
ffffff
ffffff
ffffff
ffffff
ffffff
ffffff
ffffff
ffffff
ffffff
ffffff
ffffff
000000
000000
000000
000000
000000
000000
000000
000000
000000
000000
000000
000000
000000
000000
000000
000000
000000
ffffff
ffffff
ffffff
ffffff
ffffff
ffffff
ffffff
ffffff
ffffff
ffffff
ffffff
ffffff
ffffff
ffffff
ffffff
000000
000000
000000
000000
000000
000000
000000
000000
000000
000000
000000
000000
000000
000000
000000
000000
000000
ffffff
ffffff
ffffff
ffffff
ffffff
ffffff
ffffff
ffffff
ffffff
ffffff
ffffff
ffffff
ffffff
ffffff
ffffff
000000
000000
000000
000000
000000
000000
000000
000000
000000
000000
000000
000000
000000
000000
000000
000000
000000
ffffff
ffffff
ffffff
ffffff
ffffff
ffffff
ffffff
ffffff
ffffff
ffffff
ffffff
ffffff
ffffff
ffffff
ffffff
000000
000000
000000
000000
000000
000000
000000
000000
000000
000000
000000
000000
000000
000000
000000
000000
000000
ffffff
ffffff
ffffff
ffffff
ffffff
ffffff
ffffff
ffffff
ffffff
ffffff
ffffff
ffffff
ffffff
ffffff
ffffff
000000
000000
000000
000000
000000
000000
000000
000000
000000
000000
000000
000000
000000
000000
000000
000000
000000
ffffff
ffffff
ffffff
ffffff
ffffff
ffffff
ffffff
ffffff
ffffff
ffffff
ffffff
ffffff
ffffff
ffffff
ffffff
000000
000000
000000
000000
000000
000000
000000
000000
000000
000000
000000
000000
000000
000000
000000
000000
000000
ffffff
ffffff
ffffff
ffffff
ffffff
ffffff
ffffff
ffffff
ffffff
ffffff
ffffff
ffffff
ffffff
ffffff
ffffff
000000
000000
000000
000000
000000
000000
000000
000000
000000
000000
000000
000000
000000
000000
000000
000000
000000
ffffff
ffffff
ffffff
ffffff
ffffff
ffffff
ffffff
ffffff
ffffff
ffffff
ffffff
ffffff
ffffff
ffffff
ffffff
000000
000000
000000
000000
000000
000000
000000
000000
000000
000000
000000
000000
000000
000000
000000
000000
000000
ffffff
ffffff
ffffff
ffffff
ffffff
ffffff
ffffff
ffffff
ffffff
ffffff
ffffff
ffffff
ffffff
ffffff
ffffff
000000
000000
000000
000000
000000
000000
000000
000000
000000
000000
000000
000000
000000
000000
000000
000000
000000
ffffff
ffffff
ffffff
ffffff
ffffff
ffffff
ffffff
ffffff
ffffff
ffffff
ffffff
ffffff
ffffff
ffffff
ffffff
000000
000000
000000
000000
000000
000000
000000
000000
000000
000000
000000
000000
000000
000000
000000
000000
000000
ffffff
ffffff
ffffff
ffffff
ffffff
ffffff
ffffff
ffffff
ffffff
ffffff
ffffff
ffffff
ffffff
ffffff
ffffff
000000
000000
000000
000000
000000
000000
000000
000000
000000
000000
000000
000000
000000
000000
000000
000000
000000
ffffff
ffffff
ffffff
ffffff
ffffff
ffffff
ffffff
ffffff
ffffff
ffffff
ffffff
ffffff
ffffff
ffffff
ffffff
000000
000000
000000
000000
000000
000000
000000
000000
000000
000000
000000
000000
000000
000000
000000
000000
000000
000000
000000
000000
000000
000000
000000
000000
000000
000000
000000
000000
000000
000000
000000
000000
000000
000000
000000
000000
000000
000000
000000
000000
000000
000000
000000
000000
000000
000000
000000
000000
000000
000000
000000
000000
000000
000000
000000
000000
000000
000000
000000
000000
000000
000000
000000
000000
000000
000000
000000
000000
000000
000000
000000
000000
000000
000000
000000
000000
000000
000000
000000
000000
000000
000000
000000
000000
000000
000000
000000
000000
000000
000000
000000
000000
000000
000000
000000
000000
000000
000000
000000
000000
000000
000000
000000
000000
000000
000000
000000
000000
000000
000000
000000
000000
000000
000000
000000
000000
000000
000000
000000
000000
000000
000000
000000
000000
000000
000000
000000
000000
000000
000000
000000
000000
000000
000000
000000
000000
000000
000000
000000
000000
000000
000000
000000
000000
000000
000000
000000
000000
000000
000000
000000
000000
000000
000000
000000
000000
000000
000000
000000
000000
000000
000000
000000
000000
000000
000000
000000
000000
000000
000000
000000
000000
000000
000000
000000
000000
000000
000000
000000
000000
000000
000000
000000
000000
000000
000000
000000
000000
000000
000000
000000
000000
000000
000000
000000
000000
000000
000000
000000
000000
000000
000000
000000
000000
000000
000000
000000
000000
000000
000000
000000
000000
000000
000000
000000
000000
000000
000000
000000
000000
000000
000000
000000
000000
000000
000000
000000
000000
000000
000000
000000
000000
000000
000000
000000
000000
000000
000000
000000
000000
000000
000000
000000
000000
000000
000000
000000
000000
000000
000000
000000
000000
000000
000000
000000
000000
000000
000000
000000
000000
000000
000000
000000
000000
000000
000000
000000
000000
000000
000000
000000
000000
000000
000000
000000
000000
000000
000000
000000
000000
000000
000000
000000
000000
000000
000000
000000
000000
000000
000000
000000
000000
000000
000000
000000
000000
000000
000000
000000
000000
000000
000000
000000
000000
000000
000000
000000
000000
000000
000000
000000
000000
000000
000000
000000
000000
000000
000000
000000
000000
000000
000000
000000
000000
000000
000000
000000
000000
000000
000000
000000
000000
000000
000000
000000
000000
000000
000000
000000
000000
000000
000000
000000
000000
000000
000000
000000
000000
000000
000000
000000
000000
000000
000000
000000
000000
000000
000000
000000
000000
000000
000000
000000
000000
000000
000000
000000
000000
000000
000000
000000
000000
000000
000000
000000
000000
000000
000000
000000
000000
000000
000000
000000
000000
000000
000000
000000
000000
000000
000000
000000
000000
000000
000000
000000
000000
000000
000000
000000
000000
000000
000000
000000
000000
000000
000000
000000
000000
000000
000000
000000
000000
000000
000000
000000
000000
000000
000000
ffffff
ffffff
ffffff
ffffff
ffffff
ffffff
ffffff
ffffff
ffffff
ffffff
ffffff
ffffff
ffffff
ffffff
ffffff
ffffff
ffffff
ffffff
ffffff
ffffff
ffffff
ffffff
ffffff
ffffff
ffffff
ffffff
ffffff
ffffff
ffffff
ffffff
000000
000000
ffffff
ffffff
ffffff
ffffff
ffffff
ffffff
ffffff
ffffff
ffffff
ffffff
ffffff
ffffff
ffffff
ffffff
ffffff
ffffff
ffffff
ffffff
ffffff
ffffff
ffffff
ffffff
ffffff
ffffff
ffffff
ffffff
ffffff
ffffff
ffffff
ffffff
000000
000000
ffffff
ffffff
ffffff
ffffff
ffffff
ffffff
ffffff
ffffff
ffffff
ffffff
ffffff
ffffff
ffffff
ffffff
ffffff
ffffff
ffffff
ffffff
ffffff
ffffff
ffffff
ffffff
ffffff
ffffff
ffffff
ffffff
ffffff
ffffff
ffffff
ffffff
000000
000000
ffffff
ffffff
ffffff
ffffff
ffffff
ffffff
ffffff
ffffff
ffffff
ffffff
ffffff
ffffff
ffffff
ffffff
ffffff
ffffff
ffffff
ffffff
ffffff
ffffff
ffffff
ffffff
ffffff
ffffff
ffffff
ffffff
ffffff
ffffff
ffffff
ffffff
000000
000000
ffffff
ffffff
ffffff
ffffff
ffffff
ffffff
ffffff
ffffff
ffffff
ffffff
ffffff
ffffff
ffffff
ffffff
ffffff
ffffff
ffffff
ffffff
ffffff
ffffff
ffffff
ffffff
ffffff
ffffff
ffffff
ffffff
ffffff
ffffff
ffffff
ffffff
000000
000000
ffffff
ffffff
ffffff
ffffff
ffffff
ffffff
ffffff
ffffff
ffffff
ffffff
ffffff
ffffff
ffffff
ffffff
ffffff
ffffff
ffffff
ffffff
ffffff
ffffff
ffffff
ffffff
ffffff
ffffff
ffffff
ffffff
ffffff
ffffff
ffffff
ffffff
000000
000000
ffffff
ffffff
ffffff
ffffff
ffffff
ffffff
ffffff
ffffff
ffffff
ffffff
ffffff
ffffff
ffffff
ffffff
ffffff
ffffff
ffffff
ffffff
ffffff
ffffff
ffffff
ffffff
ffffff
ffffff
ffffff
ffffff
ffffff
ffffff
ffffff
ffffff
000000
000000
ffffff
ffffff
ffffff
ffffff
ffffff
ffffff
ffffff
ffffff
ffffff
ffffff
ffffff
ffffff
ffffff
ffffff
ffffff
ffffff
ffffff
ffffff
ffffff
ffffff
ffffff
ffffff
ffffff
ffffff
ffffff
ffffff
ffffff
ffffff
ffffff
ffffff
000000
000000
ffffff
ffffff
ffffff
ffffff
ffffff
ffffff
ffffff
ffffff
ffffff
ffffff
ffffff
ffffff
ffffff
ffffff
ffffff
ffffff
ffffff
ffffff
ffffff
ffffff
ffffff
ffffff
ffffff
ffffff
ffffff
ffffff
ffffff
ffffff
ffffff
ffffff
000000
000000
ffffff
ffffff
ffffff
ffffff
ffffff
ffffff
ffffff
ffffff
ffffff
ffffff
ffffff
ffffff
ffffff
ffffff
ffffff
ffffff
ffffff
ffffff
ffffff
ffffff
ffffff
ffffff
ffffff
ffffff
ffffff
ffffff
ffffff
ffffff
ffffff
ffffff
000000
000000
ffffff
ffffff
ffffff
ffffff
ffffff
ffffff
ffffff
ffffff
ffffff
ffffff
ffffff
ffffff
ffffff
ffffff
ffffff
ffffff
ffffff
ffffff
ffffff
ffffff
ffffff
ffffff
ffffff
ffffff
ffffff
ffffff
ffffff
ffffff
ffffff
ffffff
000000
000000
000000
000000
000000
000000
000000
000000
000000
000000
000000
000000
000000
000000
000000
000000
000000
000000
000000
000000
000000
000000
000000
000000
000000
000000
000000
000000
000000
000000
000000
000000
000000
000000
000000
000000
000000
000000
000000
000000
000000
000000
000000
000000
000000
000000
000000
000000
000000
000000
000000
000000
000000
000000
000000
000000
000000
000000
000000
000000
000000
000000
000000
000000
000000
000000
000000
000000
000000
000000
000000
000000
000000
000000
000000
000000
000000
000000
000000
000000
000000
000000
000000
000000
000000
000000
000000
000000
000000
000000
000000
000000
000000
000000
000000
000000
000000
000000
000000
000000
000000
000000
000000
000000
000000
000000
000000
000000
000000
000000
000000
000000
000000
000000
000000
000000
000000
000000
000000
000000
000000
000000
000000
000000
000000
000000
000000
000000
000000
000000
000000
000000
000000
000000
000000
000000
000000
000000
000000
000000
000000
000000
000000
000000
000000
000000
000000
000000
000000
000000
000000
000000
000000
000000
000000
000000
000000
000000
000000
000000
000000
000000
000000
000000
000000
000000
000000
000000
000000
000000
000000
000000
000000
000000
000000
000000
000000
000000
000000
000000
000000
000000
000000
000000
000000
000000
000000
000000
000000
000000
000000
000000
000000
000000
000000
000000
000000
000000
000000
000000
000000
000000
000000
000000
000000
000000
000000
000000
000000
000000
000000
000000
000000
000000
000000
000000
000000
000000
000000
000000
000000
000000
000000
000000
000000
000000
000000
000000
000000
000000
000000
000000
000000
000000
000000
000000
000000
000000
000000
000000
000000
000000
000000
000000
000000
000000
000000
000000
000000
000000
000000
000000
000000
000000
000000
000000
000000
000000
000000
000000
000000
000000
000000
000000
000000
000000
000000
000000
000000
000000
000000
000000
000000
000000
000000
000000
000000
000000
000000
000000
000000
000000
000000
000000
000000
000000
000000
000000
000000
000000
000000
000000
000000
000000
000000
000000
000000
000000
000000
000000
000000
000000
000000
000000
000000
000000
000000
000000
000000
000000
000000
000000
000000
000000
000000
000000
000000
000000
000000
000000
000000
000000
000000
000000
000000
000000
000000
000000
000000
000000
000000
000000
000000
000000
000000
000000
000000
000000
000000
000000
000000
000000
000000
000000
000000
000000
000000
000000
000000
000000
000000
000000
000000
000000
000000
000000
000000
000000
000000
000000
000000
000000
000000
000000
000000
000000
000000
000000
000000
000000
000000
000000
000000
000000
000000
000000
000000
000000
000000
000000
000000
000000
000000
000000
000000
000000
000000
000000
000000
000000
000000
000000
000000
000000
000000
000000
000000
000000
000000
000000
000000
000000
000000
000000
000000
000000
000000
000000
000000
000000
000000
000000
000000
000000
000000
000000
000000
000000
000000
000000
000000
000000
000000
000000
000000
000000
000000
000000
000000
000000
000000
000000
000000
000000
000000
000000
000000
000000
000000
000000
000000
000000
000000
000000
000000
000000
000000
000000
000000
000000
000000
000000
000000
000000
000000
000000
000000
000000
000000
000000
000000
000000
000000
000000
000000
000000
000000
000000
000000
000000
000000
000000
000000
000000
000000
000000
000000
000000
000000
000000
000000
000000
000000
000000
000000
000000
000000
000000
000000
000000
000000
000000
000000
000000
000000
000000
000000
000000
000000
000000
000000
000000
000000
000000
000000
000000
000000
000000
000000
000000
000000
000000
000000
000000
000000
000000
000000
000000
000000
000000
000000
000000
000000
000000
000000
000000
000000
000000
000000
000000
000000
000000
000000
000000
000000
000000
000000
000000
000000
000000
000000
000000
000000
000000
000000
000000
000000
000000
000000
000000
000000
000000
000000
000000
000000
000000
000000
000000
000000
000000
000000
000000
000000
000000
000000
000000
000000
000000
000000
000000
000000
000000
000000
000000
000000
000000
000000
000000
000000
000000
000000
000000
000000
000000
000000
000000
000000
000000
000000
000000
000000
000000
000000
000000
000000
000000
000000
000000
000000
000000
000000
000000
000000
000000
000000
000000
000000
000000
000000
000000
000000
000000
000000
000000
000000
000000
000000
000000
000000
000000
000000
000000
000000
000000
000000
000000
000000
000000
000000
000000
000000
000000
000000
000000
000000
000000
000000
000000
000000
000000
000000
000000
000000
000000
000000
000000
000000
000000
000000
000000
000000
000000
000000
000000
000000
000000
000000
000000
000000
000000
000000
000000
000000
000000
000000
000000
000000
000000
000000
000000
000000
000000
000000
000000
000000
000000
000000
000000
000000
000000
000000
000000
000000
000000
000000
000000
000000
000000
000000
000000
000000
000000
000000
000000
000000
000000
000000
000000
000000
000000
000000
000000
000000
000000
000000
000000
000000
000000
000000
000000
000000
000000
000000
000000
000000
000000
000000
000000
000000
000000
000000
000000
000000
000000
000000
000000
000000
000000
000000
000000
000000
000000
000000
000000
000000
000000
000000
000000
000000
000000
000000
000000
000000
000000
000000
000000
000000
000000
000000
000000
000000
000000
000000
000000
000000
000000
000000
000000
000000
000000
000000
000000
000000
000000
000000
000000
000000
000000
000000
000000
000000
000000
000000
000000
000000
000000
000000
000000
000000
000000
000000
000000
000000
000000
000000
000000
000000
000000
000000
000000
000000
000000
000000
000000
000000
000000
000000
000000
000000
000000
000000
000000
000000
000000
000000
000000
000000
000000
000000
000000
000000
000000
000000
000000
000000
000000
000000
000000
000000
000000
000000
000000
000000
000000
000000
000000
000000
000000
000000
000000
000000
000000
000000
000000
868686
828282
7c7c7c
727272
646464
727272
595959
aaaaaa
8b8b8b
8e8e8e
767676
555555
767676
868686
727272
727272
727272
797979
727272
727272
6e6e6e
737373
737373
7c7c7c
797979
6e6e6e
6c6c6c
6c6c6c
787878
666666
000000
000000
8b8b8b
828282
7c7c7c
7c7c7c
646464
616161
616161
949494
8b8b8b
8b8b8b
555555
555555
767676
868686
626262
4d4d4d
4d4d4d
606060
606060
656565
656565
666666
666666
737373
797979
6c6c6c
6b6b6b
6c6c6c
6b6b6b
666666
000000
000000
959595
959595
a5a5a5
9f9f9f
7d7d7d
7d7d7d
919191
919191
8b8b8b
8b8b8b
828282
767676
767676
626262
626262
595959
595959
626262
606060
626262
656565
737373
9e9e9e
737373
5c5c5c
5c5c5c
6e6e6e
9b9b9b
959595
666666
000000
000000
959595
959595
a5a5a5
949494
949494
616161
616161
616161
525252
4d4d4d
7e7e7e
777777
777777
626262
595959
434343
494949
565656
585858
585858
656565
666666
9e9e9e
6c6c6c
737373
5c5c5c
575757
666666
666666
666666
000000
000000
909090
828282
9e9e9e
828282
949494
919191
6b6b6b
4d4d4d
4d4d4d
4d4d4d
7e7e7e
777777
7e7e7e
777777
808080
787878
787878
787878
595959
595959
595959
787878
787878
787878
878787
878787
878787
666666
666666
666666
000000
000000
787878
767676
767676
767676
949494
737373
616161
4d4d4d
5d5d5d
5d5d5d
686868
777777
888888
777777
878787
878787
878787
818181
5c5c5c
777777
727272
838383
787878
7d7d7d
8b8b8b
8f8f8f
8b8b8b
7c7c7c
666666
7c7c7c
000000
000000
787878
939393
767676
757575
737373
6a6a6a
6a6a6a
6a6a6a
686868
606060
787878
787878
898989
848484
979797
c0c0c0
9f9f9f
9c9c9c
777777
838383
727272
838383
7d7d7d
818181
878787
959595
8f8f8f
a0a0a0
8c8c8c
c0c0c0
000000
000000
939393
939393
767676
737373
737373
737373
747474
747474
848484
787878
787878
898989
9d9d9d
898989
878787
848484
878787
898989
606060
838383
606060
878787
7d7d7d
818181
737373
8f8f8f
8c8c8c
a8a8a8
939393
939393
000000
000000
818181
939393
575757
575757
575757
606060
666666
747474
979797
787878
777777
777777
686868
848484
848484
777777
848484
868686
898989
898989
606060
858585
818181
818181
636363
818181
818181
898989
7a7a7a
7a7a7a
000000
000000
777777
818181
888888
757575
727272
727272
666666
747474
7e7e7e
7e7e7e
5f5f5f
5f5f5f
5a5a5a
919191
777777
777777
7a7a7a
7c7c7c
868686
8d8d8d
969696
8d8d8d
878787
878787
878787
818181
646464
7a7a7a
727272
6e6e6e
000000
000000
616161
888888
888888
666666
666666
595959
5f5f5f
5f5f5f
767676
797979
777777
777777
606060
8c8c8c
747474
999999
868686
868686
868686
7c7c7c
acacac
858585
969696
858585
959595
818181
7a7a7a
6f6f6f
6f6f6f
6f6f6f
000000
000000
9d9d9d
9d9d9d
a2a2a2
888888
828282
7e7e7e
727272
616161
6b6b6b
797979
797979
8c8c8c
8c8c8c
919191
757575
919191
7c7c7c
7c7c7c
7c7c7c
909090
979797
777777
a8a8a8
777777
959595
757575
696969
6f6f6f
727272
727272
000000
000000
9e9e9e
9d9d9d
a8a8a8
8e8e8e
a4a4a4
828282
828282
616161
616161
747474
797979
8c8c8c
8c8c8c
8c8c8c
999999
999999
a8a8a8
9d9d9d
9a9a9a
979797
909090
777777
898989
757575
757575
707070
8b8b8b
727272
797979
727272
000000
000000
9d9d9d
929292
a8a8a8
a8a8a8
a4a4a4
828282
767676
6e6e6e
616161
969696
969696
969696
a1a1a1
919191
787878
6d6d6d
7c7c7c
9c9c9c
9c9c9c
9a9a9a
898989
828282
828282
767676
878787
757575
8b8b8b
8b8b8b
8b8b8b
797979
000000
000000
7e7e7e
838383
838383
929292
8e8e8e
767676
666666
626262
747474
969696
969696
969696
919191
858585
787878
6d6d6d
9c9c9c
9a9a9a
9a9a9a
858585
858585
828282
898989
878787
a1a1a1
878787
8b8b8b
878787
797979
6c6c6c
000000
000000
717171
616161
515151
838383
666666
666666
666666
626262
9b9b9b
969696
a1a1a1
8e8e8e
919191
8e8e8e
787878
656565
656565
7b7b7b
7b7b7b
777777
5f5f5f
6f6f6f
767676
7b7b7b
969696
878787
8b8b8b
878787
8b8b8b
a3a3a3
000000
000000
717171
5f5f5f
5f5f5f
666666
666666
626262
777777
6e6e6e
a5a5a5
808080
a5a5a5
868686
868686
8c8c8c
9a9a9a
9a9a9a
8c8c8c
7b7b7b
777777
5f5f5f
5e5e5e
676767
6f6f6f
7b7b7b
969696
828282
828282
878787
a3a3a3
a3a3a3
000000
000000
8e8e8e
575757
5f5f5f
666666
7d7d7d
666666
7d7d7d
707070
868686
868686
868686
868686
868686
9a9a9a
aaaaaa
aaaaaa
8c8c8c
8c8c8c
7b7b7b
666666
585858
676767
6f6f6f
7a7a7a
7b7b7b
7b7b7b
828282
a3a3a3
b0b0b0
a8a8a8
000000
000000
7d7d7d
5f5f5f
5f5f5f
666666
5f5f5f
666666
808080
808080
808080
858585
808080
767676
808080
9b9b9b
9e9e9e
aaaaaa
8c8c8c
8c8c8c
4d4d4d
666666
666666
757575
757575
7a7a7a
7a7a7a
555555
909090
989898
a6a6a6
989898
000000
000000
a8a8a8
888888
7b7b7b
7b7b7b
5f5f5f
8b8b8b
939393
808080
676767
555555
555555
636363
767676
9b9b9b
9b9b9b
9b9b9b
686868
8c8c8c
4d4d4d
666666
666666
898989
7a7a7a
737373
656565
555555
676767
909090
979797
989898
000000
000000
7d7d7d
7b7b7b
494949
5c5c5c
5f5f5f
919191
919191
808080
808080
5e5e5e
767676
5f5f5f
636363
9a9a9a
9b9b9b
9b9b9b
929292
929292
686868
8c8c8c
919191
919191
909090
909090
808080
656565
676767
787878
969696
979797
000000
000000
7d7d7d
7a7a7a
5c5c5c
7a7a7a
8b8b8b
919191
919191
5e5e5e
5e5e5e
727272
858585
6c6c6c
6c6c6c
969696
9a9a9a
969696
929292
9c9c9c
9c9c9c
adadad
919191
8c8c8c
898989
909090
808080
808080
7c7c7c
7f7f7f
969696
979797
000000
000000
000000
000000
000000
000000
000000
000000
000000
000000
000000
000000
000000
000000
000000
000000
000000
000000
000000
000000
000000
000000
000000
000000
000000
000000
000000
000000
000000
000000
000000
000000
000000
000000
000000
000000
000000
000000
000000
000000
000000
000000
000000
000000
000000
000000
000000
000000
000000
000000
000000
000000
000000
000000
000000
000000
000000
000000
000000
000000
000000
000000
000000
000000
000000
000000
373737
373737
373737
9f9f9f
9f9f9f
9f9f9f
9f9f9f
373737
373737
373737
373737
9f9f9f
9f9f9f
9f9f9f
9f9f9f
373737
373737
373737
373737
9f9f9f
9f9f9f
9f9f9f
9f9f9f
373737
373737
373737
373737
9f9f9f
9f9f9f
9f9f9f
000000
000000
373737
373737
373737
9f9f9f
9f9f9f
9f9f9f
9f9f9f
373737
373737
373737
373737
9f9f9f
9f9f9f
9f9f9f
9f9f9f
373737
373737
373737
373737
9f9f9f
9f9f9f
9f9f9f
9f9f9f
373737
373737
373737
373737
9f9f9f
9f9f9f
9f9f9f
000000
000000
373737
373737
373737
9f9f9f
9f9f9f
9f9f9f
9f9f9f
373737
373737
373737
373737
9f9f9f
9f9f9f
9f9f9f
9f9f9f
373737
373737
373737
373737
9f9f9f
9f9f9f
9f9f9f
9f9f9f
373737
373737
373737
373737
9f9f9f
9f9f9f
9f9f9f
000000
000000
9f9f9f
9f9f9f
9f9f9f
373737
373737
373737
373737
9f9f9f
9f9f9f
9f9f9f
9f9f9f
373737
373737
373737
373737
9f9f9f
9f9f9f
9f9f9f
9f9f9f
373737
373737
373737
373737
9f9f9f
9f9f9f
9f9f9f
9f9f9f
373737
373737
373737
000000
000000
9f9f9f
9f9f9f
9f9f9f
373737
373737
373737
373737
9f9f9f
9f9f9f
9f9f9f
9f9f9f
373737
373737
373737
373737
9f9f9f
9f9f9f
9f9f9f
9f9f9f
373737
373737
373737
373737
9f9f9f
9f9f9f
9f9f9f
9f9f9f
373737
373737
373737
000000
000000
9f9f9f
9f9f9f
9f9f9f
373737
373737
373737
373737
9f9f9f
9f9f9f
9f9f9f
9f9f9f
373737
373737
373737
373737
9f9f9f
9f9f9f
9f9f9f
9f9f9f
373737
373737
373737
373737
9f9f9f
9f9f9f
9f9f9f
9f9f9f
373737
373737
373737
000000
000000
9f9f9f
9f9f9f
9f9f9f
373737
373737
373737
373737
9f9f9f
9f9f9f
9f9f9f
9f9f9f
373737
373737
373737
373737
9f9f9f
9f9f9f
9f9f9f
9f9f9f
373737
373737
373737
373737
9f9f9f
9f9f9f
9f9f9f
9f9f9f
373737
373737
373737
000000
000000
373737
373737
373737
9f9f9f
9f9f9f
9f9f9f
9f9f9f
373737
373737
373737
373737
9f9f9f
9f9f9f
9f9f9f
9f9f9f
373737
373737
373737
373737
9f9f9f
9f9f9f
9f9f9f
9f9f9f
373737
373737
373737
373737
9f9f9f
9f9f9f
9f9f9f
000000
000000
373737
373737
373737
9f9f9f
9f9f9f
9f9f9f
9f9f9f
373737
373737
373737
373737
9f9f9f
9f9f9f
9f9f9f
9f9f9f
373737
373737
373737
373737
9f9f9f
9f9f9f
9f9f9f
9f9f9f
373737
373737
373737
373737
9f9f9f
9f9f9f
9f9f9f
000000
000000
373737
373737
373737
9f9f9f
9f9f9f
9f9f9f
9f9f9f
373737
373737
373737
373737
9f9f9f
9f9f9f
9f9f9f
9f9f9f
373737
373737
373737
373737
9f9f9f
9f9f9f
9f9f9f
9f9f9f
373737
373737
373737
373737
9f9f9f
9f9f9f
9f9f9f
000000
000000
373737
373737
373737
9f9f9f
9f9f9f
9f9f9f
9f9f9f
373737
373737
373737
373737
9f9f9f
9f9f9f
9f9f9f
9f9f9f
373737
373737
373737
373737
9f9f9f
9f9f9f
9f9f9f
9f9f9f
373737
373737
373737
373737
9f9f9f
9f9f9f
9f9f9f
000000
000000
9f9f9f
9f9f9f
9f9f9f
373737
373737
373737
373737
9f9f9f
9f9f9f
9f9f9f
9f9f9f
373737
373737
373737
373737
9f9f9f
9f9f9f
9f9f9f
9f9f9f
373737
373737
373737
373737
9f9f9f
9f9f9f
9f9f9f
9f9f9f
373737
373737
373737
000000
000000
9f9f9f
9f9f9f
9f9f9f
373737
373737
373737
373737
9f9f9f
9f9f9f
9f9f9f
9f9f9f
373737
373737
373737
373737
9f9f9f
9f9f9f
9f9f9f
9f9f9f
373737
373737
373737
373737
9f9f9f
9f9f9f
9f9f9f
9f9f9f
373737
373737
373737
000000
000000
9f9f9f
9f9f9f
9f9f9f
373737
373737
373737
373737
9f9f9f
9f9f9f
9f9f9f
9f9f9f
373737
373737
373737
373737
9f9f9f
9f9f9f
9f9f9f
9f9f9f
373737
373737
373737
373737
9f9f9f
9f9f9f
9f9f9f
9f9f9f
373737
373737
373737
000000
000000
9f9f9f
9f9f9f
9f9f9f
373737
373737
373737
373737
9f9f9f
9f9f9f
9f9f9f
9f9f9f
373737
373737
373737
373737
9f9f9f
9f9f9f
9f9f9f
9f9f9f
373737
373737
373737
373737
9f9f9f
9f9f9f
9f9f9f
9f9f9f
373737
373737
373737
000000
000000
373737
373737
373737
9f9f9f
9f9f9f
9f9f9f
9f9f9f
373737
373737
373737
373737
9f9f9f
9f9f9f
9f9f9f
9f9f9f
373737
373737
373737
373737
9f9f9f
9f9f9f
9f9f9f
9f9f9f
373737
373737
373737
373737
9f9f9f
9f9f9f
9f9f9f
000000
000000
373737
373737
373737
9f9f9f
9f9f9f
9f9f9f
9f9f9f
373737
373737
373737
373737
9f9f9f
9f9f9f
9f9f9f
9f9f9f
373737
373737
373737
373737
9f9f9f
9f9f9f
9f9f9f
9f9f9f
373737
373737
373737
373737
9f9f9f
9f9f9f
9f9f9f
000000
000000
373737
373737
373737
9f9f9f
9f9f9f
9f9f9f
9f9f9f
373737
373737
373737
373737
9f9f9f
9f9f9f
9f9f9f
9f9f9f
373737
373737
373737
373737
9f9f9f
9f9f9f
9f9f9f
9f9f9f
373737
373737
373737
373737
9f9f9f
9f9f9f
9f9f9f
000000
000000
373737
373737
373737
9f9f9f
9f9f9f
9f9f9f
9f9f9f
373737
373737
373737
373737
9f9f9f
9f9f9f
9f9f9f
9f9f9f
373737
373737
373737
373737
9f9f9f
9f9f9f
9f9f9f
9f9f9f
373737
373737
373737
373737
9f9f9f
9f9f9f
9f9f9f
000000
000000
9f9f9f
9f9f9f
9f9f9f
373737
373737
373737
373737
9f9f9f
9f9f9f
9f9f9f
9f9f9f
373737
373737
373737
373737
9f9f9f
9f9f9f
9f9f9f
9f9f9f
373737
373737
373737
373737
9f9f9f
9f9f9f
9f9f9f
9f9f9f
373737
373737
373737
000000
000000
9f9f9f
9f9f9f
9f9f9f
373737
373737
373737
373737
9f9f9f
9f9f9f
9f9f9f
9f9f9f
373737
373737
373737
373737
9f9f9f
9f9f9f
9f9f9f
9f9f9f
373737
373737
373737
373737
9f9f9f
9f9f9f
9f9f9f
9f9f9f
373737
373737
373737
000000
000000
9f9f9f
9f9f9f
9f9f9f
373737
373737
373737
373737
9f9f9f
9f9f9f
9f9f9f
9f9f9f
373737
373737
373737
373737
9f9f9f
9f9f9f
9f9f9f
9f9f9f
373737
373737
373737
373737
9f9f9f
9f9f9f
9f9f9f
9f9f9f
373737
373737
373737
000000
000000
000000
000000
000000
000000
000000
000000
000000
000000
000000
000000
000000
000000
000000
000000
000000
000000
000000
000000
000000
000000
000000
000000
000000
000000
000000
000000
000000
000000
000000
000000
000000
000000
000000
000000
000000
000000
000000
000000
000000
000000
000000
000000
000000
000000
000000
000000
000000
000000
000000
000000
000000
000000
000000
000000
000000
000000
000000
000000
000000
000000
000000
000000
000000
000000
080808
0c0c0c
0f0f0f
131313
161616
191919
1d1d1d
202020
232323
272727
2a2a2a
2d2d2d
313131
343434
373737
3b3b3b
3e3e3e
414141
454545
484848
4b4b4b
4b4b4b
3e3e3e
3b3b3b
3c3c3c
3f3f3f
434343
464646
494949
4d4d4d
000000
000000
0e0e0e
111111
151515
181818
1b1b1b
1f1f1f
222222
262626
292929
2c2c2c
303030
333333
363636
3a3a3a
3d3d3d
404040
444444
474747
4a4a4a
4e4e4e
515151
4f4f4f
404040
3e3e3e
424242
454545
484848
4c4c4c
4f4f4f
525252
000000
000000
141414
171717
1a1a1a
1e1e1e
212121
242424
282828
2b2b2b
2f2f2f
323232
353535
393939
3c3c3c
3f3f3f
434343
464646
494949
4d4d4d
505050
535353
575757
545454
464646
444444
474747
4a4a4a
4e4e4e
515151
555555
585858
000000
000000
191919
1d1d1d
202020
232323
272727
2a2a2a
2d2d2d
313131
343434
373737
3b3b3b
3e3e3e
424242
454545
484848
4c4c4c
4f4f4f
525252
565656
595959
5a5a5a
575757
494949
494949
4d4d4d
505050
535353
575757
5a5a5a
5e5e5e
000000
000000
1f1f1f
222222
262626
292929
2c2c2c
303030
333333
363636
3a3a3a
3d3d3d
404040
444444
474747
4a4a4a
4e4e4e
515151
555555
585858
5b5b5b
5f5f5f
5f5f5f
515151
4e4e4e
4f4f4f
525252
565656
595959
5c5c5c
606060
636363
000000
000000
252525
282828
2b2b2b
2f2f2f
323232
353535
393939
3c3c3c
3f3f3f
434343
464646
494949
4d4d4d
505050
535353
575757
5a5a5a
5e5e5e
616161
646464
626262
545454
515151
555555
585858
5b5b5b
5f5f5f
626262
656565
696969
000000
000000
2a2a2a
2d2d2d
313131
343434
383838
3b3b3b
3e3e3e
424242
454545
484848
4c4c4c
4f4f4f
525252
565656
595959
5c5c5c
606060
636363
666666
6a6a6a
686868
595959
575757
5a5a5a
5e5e5e
616161
646464
686868
6b6b6b
6e6e6e
000000
000000
303030
333333
363636
3a3a3a
3d3d3d
414141
444444
474747
4b4b4b
4e4e4e
515151
555555
585858
5b5b5b
5f5f5f
626262
656565
696969
6c6c6c
6d6d6d
6a6a6a
5c5c5c
5c5c5c
606060
636363
676767
6a6a6a
6d6d6d
717171
747474
000000
000000
353535
393939
3c3c3c
3f3f3f
434343
464646
494949
4d4d4d
505050
545454
575757
5a5a5a
5e5e5e
616161
646464
686868
6b6b6b
6e6e6e
727272
727272
646464
616161
626262
656565
696969
6c6c6c
707070
737373
767676
7a7a7a
000000
000000
3b3b3b
3e3e3e
424242
454545
484848
4c4c4c
4f4f4f
525252
565656
595959
5d5d5d
606060
636363
676767
6a6a6a
6d6d6d
717171
747474
777777
757575
676767
646464
686868
6b6b6b
6e6e6e
727272
757575
787878
7c7c7c
7f7f7f
000000
000000
414141
444444
474747
4b4b4b
4e4e4e
515151
555555
585858
5b5b5b
5f5f5f
626262
656565
696969
6c6c6c
707070
737373
767676
7a7a7a
7b7b7b
777777
6a6a6a
6a6a6a
6d6d6d
717171
747474
777777
7b7b7b
7e7e7e
818181
858585
000000
000000
464646
4a4a4a
4d4d4d
505050
545454
575757
5a5a5a
5e5e5e
616161
646464
686868
6b6b6b
6e6e6e
727272
757575
787878
7c7c7c
7f7f7f
7f7f7f
727272
6f6f6f
707070
737373
767676
7a7a7a
7d7d7d
808080
848484
878787
8a8a8a
000000
000000
4c4c4c
4f4f4f
535353
565656
595959
5d5d5d
606060
636363
676767
6a6a6a
6d6d6d
717171
747474
777777
7b7b7b
7e7e7e
818181
858585
838383
747474
727272
757575
797979
7c7c7c
7f7f7f
838383
868686
898989
8d8d8d
909090
000000
000000
515151
555555
585858
5b5b5b
5f5f5f
626262
666666
696969
6c6c6c
707070
737373
767676
7a7a7a
7d7d7d
808080
848484
878787
8a8a8a
888888
7a7a7a
777777
7b7b7b
7e7e7e
828282
858585
888888
8c8c8c
8f8f8f
929292
969696
000000
000000
575757
5a5a5a
5e5e5e
616161
646464
686868
6b6b6b
6f6f6f
727272
757575
797979
7c7c7c
7f7f7f
838383
868686
898989
8d8d8d
8e8e8e
8a8a8a
7d7d7d
7d7d7d
808080
848484
878787
8a8a8a
8e8e8e
919191
959595
989898
9b9b9b
000000
000000
5d5d5d
606060
636363
676767
6a6a6a
6d6d6d
717171
747474
777777
7b7b7b
7e7e7e
828282
858585
888888
8c8c8c
8f8f8f
929292
929292
858585
828282
838383
868686
898989
8d8d8d
909090
939393
979797
9a9a9a
9e9e9e
a1a1a1
000000
000000
626262
666666
696969
6c6c6c
707070
737373
767676
7a7a7a
7d7d7d
808080
848484
878787
8a8a8a
8e8e8e
919191
959595
989898
969696
878787
858585
888888
8c8c8c
8f8f8f
929292
969696
999999
9c9c9c
a0a0a0
a3a3a3
a6a6a6
000000
000000
686868
6b6b6b
6f6f6f
727272
757575
797979
7c7c7c
7f7f7f
838383
868686
898989
8d8d8d
909090
939393
979797
9a9a9a
9e9e9e
9b9b9b
8d8d8d
8b8b8b
8e8e8e
919191
959595
989898
9b9b9b
9f9f9f
a2a2a2
a5a5a5
a9a9a9
acacac
000000
000000
6e6e6e
717171
747474
787878
7b7b7b
7e7e7e
828282
858585
888888
8c8c8c
8f8f8f
929292
969696
999999
9c9c9c
a0a0a0
a1a1a1
9e9e9e
909090
909090
949494
979797
9a9a9a
9e9e9e
a1a1a1
a4a4a4
a8a8a8
ababab
aeaeae
b2b2b2
000000
000000
737373
767676
7a7a7a
7d7d7d
818181
848484
878787
8b8b8b
8e8e8e
919191
959595
989898
9b9b9b
9f9f9f
a2a2a2
a5a5a5
a5a5a5
989898
959595
969696
999999
9d9d9d
a0a0a0
a3a3a3
a7a7a7
aaaaaa
adadad
b1b1b1
b4b4b4
b7b7b7
000000
000000
797979
7c7c7c
7f7f7f
838383
868686
898989
8d8d8d
909090
949494
979797
9a9a9a
9e9e9e
a1a1a1
a4a4a4
a8a8a8
ababab
a9a9a9
9a9a9a
989898
9b9b9b
9f9f9f
a2a2a2
a5a5a5
a9a9a9
acacac
b0b0b0
b3b3b3
b6b6b6
bababa
bdbdbd
000000
000000
7e7e7e
828282
858585
888888
8c8c8c
8f8f8f
929292
969696
999999
9d9d9d
a0a0a0
a3a3a3
a7a7a7
aaaaaa
adadad
aeaeae
ababab
9e9e9e
9e9e9e
a1a1a1
a4a4a4
a8a8a8
ababab
aeaeae
b2b2b2
b5b5b5
b8b8b8
bcbcbc
bfbfbf
c3c3c3
000000
000000
000000
000000
000000
000000
000000
000000
000000
000000
000000
000000
000000
000000
000000
000000
000000
000000
000000
000000
000000
000000
000000
000000
000000
000000
000000
000000
000000
000000
000000
000000
000000
000000
000000
000000
000000
000000
000000
000000
000000
000000
000000
000000
000000
000000
000000
000000
000000
000000
000000
000000
000000
000000
000000
000000
000000
000000
000000
000000
000000
000000
000000
000000
000000
000000
000000
000000
000000
000000
000000
000000
000000
000000
000000
000000
000000
000000
000000
000000
000000
000000
000000
000000
000000
000000
000000
000000
000000
000000
000000
000000
000000
000000
000000
000000
000000
000000
000000
000000
000000
000000
000000
000000
000000
000000
000000
000000
000000
000000
000000
000000
000000
000000
000000
000000
000000
000000
000000
000000
000000
000000
000000
000000
000000
000000
000000
000000
000000
000000
000000
000000
000000
000000
000000
000000
000000
000000
000000
000000
000000
000000
000000
000000
000000
000000
000000
000000
000000
000000
000000
000000
000000
000000
000000
000000
000000
000000
000000
000000
000000
000000
000000
000000
000000
000000
000000
000000
000000
000000
000000
000000
000000
000000
000000
000000
000000
000000
000000
000000
000000
000000
000000
000000
000000
000000
000000
000000
000000
000000
000000
000000
000000
000000
000000
000000
000000
000000
000000
000000
000000
000000
000000
000000
000000
000000
000000
000000
000000
000000
000000
000000
000000
000000
000000
000000
000000
000000
000000
000000
000000
000000
000000
000000
000000
000000
000000
000000
000000
000000
000000
000000
000000
000000
000000
000000
000000
000000
000000
000000
000000
000000
000000
000000
000000
000000
000000
000000
000000
000000
000000
000000
000000
000000
000000
000000
000000
000000
000000
000000
000000
000000
000000
000000
000000
000000
000000
000000
000000
000000
000000
000000
000000
000000
000000
000000
000000
000000
000000
000000
000000
000000
000000
000000
000000
000000
000000
000000
000000
000000
000000
000000
000000
000000
000000
000000
000000
000000
000000
000000
000000
000000
000000
000000
000000
000000
000000
000000
000000
000000
000000
000000
000000
000000
000000
000000
000000
000000
000000
000000
000000
000000
000000
000000
000000
000000
000000
000000
000000
000000
000000
000000
000000
000000
000000
000000
000000
000000
000000
000000
000000
000000
000000
000000
000000
000000
000000
000000
000000
000000
000000
000000
000000
000000
000000
000000
000000
000000
000000
000000
000000
000000
000000
000000
000000
000000
000000
000000
000000
000000
000000
000000
000000
000000
000000
000000
000000
000000
000000
000000
000000
000000
000000
000000
000000
000000
000000
000000
000000
000000
000000
000000
000000
000000
000000
000000
000000
000000
000000
000000
000000
000000
000000
000000
000000
000000
000000
000000
000000
000000
000000
000000
000000
000000
000000
000000
000000
000000
000000
000000
000000
000000
000000
000000
000000
000000
000000
000000
000000
000000
000000
000000
000000
000000
000000
000000
000000
000000
000000
000000
000000
000000
000000
000000
000000
000000
000000
000000
000000
000000
000000
000000
000000
000000
000000
000000
000000
000000
000000
000000
000000
000000
000000
000000
000000
000000
000000
000000
000000
000000
000000
000000
000000
000000
000000
000000
000000
000000
000000
000000
000000
000000
000000
000000
000000
000000
000000
000000
000000
000000
000000
000000
000000
000000
000000
000000
000000
000000
000000
000000
000000
000000
000000
000000
000000
000000
000000
000000
000000
000000
000000
000000
000000
000000
000000
000000
000000
000000
000000
000000
000000
000000
000000
000000
000000
000000
000000
000000
000000
000000
000000
000000
000000
000000
000000
000000
000000
000000
000000
000000
000000
000000
000000
000000
000000
000000
000000
000000
000000
000000
000000
000000
000000
000000
000000
000000
000000
000000
000000
000000
000000
000000
000000
000000
000000
000000
000000
000000
000000
000000
000000
000000
000000
000000
000000
000000
000000
000000
000000
000000
000000
000000
000000
000000
000000
000000
000000
000000
000000
000000
000000
000000
000000
000000
000000
000000
000000
000000
000000
000000
000000
000000
000000
000000
000000
000000
000000
000000
000000
000000
000000
000000
000000
000000
000000
000000
000000
000000
000000
000000
000000
000000
000000
000000
000000
000000
000000
000000
000000
000000
000000
000000
000000
000000
000000
000000
000000
000000
000000
000000
000000
000000
000000
000000
000000
000000
000000
000000
000000
000000
000000
000000
000000
000000
000000
000000
000000
000000
000000
000000
000000
000000
000000
000000
000000
000000
000000
000000
000000
000000
000000
000000
000000
000000
000000
000000
000000
000000
000000
000000
000000
000000
000000
000000
000000
000000
000000
000000
000000
000000
000000
000000
000000
000000
000000
000000
000000
000000
000000
000000
000000
000000
000000
000000
000000
000000
000000
000000
000000
000000
000000
000000
000000
000000
000000
000000
000000
000000
000000
000000
000000
000000
000000
000000
000000
000000
000000
000000
000000
000000
000000
000000
000000
000000
000000
000000
000000
000000
000000
000000
000000
000000
000000
000000
000000
000000
000000
000000
000000
000000
000000
000000
000000
000000
000000
000000
000000
000000
000000
000000
000000
000000
000000
000000
000000
000000
000000
000000
000000
000000
000000
000000
000000
000000
000000
000000
000000
000000
000000
000000
000000
000000
000000
000000
000000
000000
000000
000000
000000
000000
000000
000000
000000
000000
000000
000000
000000
000000
000000
000000
000000
000000
000000
000000
000000
000000
000000
000000
000000
000000
000000
000000
000000
000000
000000
000000
000000
000000
000000
000000
000000
000000
000000
000000
000000
000000
000000
000000
000000
000000
000000
000000
000000
000000
000000
000000
000000
000000
000000
000000
000000
000000
000000
000000
000000
000000
000000
000000
000000
000000
000000
000000
000000
000000
000000
000000
000000
000000
000000
000000
000000
000000
000000
000000
000000
000000
000000
000000
000000
000000
000000
000000
000000
000000
000000
000000
000000
000000
000000
000000
000000
000000
000000
000000
000000
000000
000000
000000
000000
000000
000000
000000
000000
000000
000000
000000
000000
000000
000000
000000
000000
000000
000000
000000
000000
000000
000000
000000
000000
000000
000000
000000
000000
000000
000000
000000
000000
000000
000000
000000
000000
000000
000000
000000
000000
000000
000000
000000
000000
000000
000000
000000
000000
000000
000000
000000
000000
000000
000000
000000
000000
000000
000000
000000
000000
000000
000000
000000
000000
000000
000000
000000
000000
000000
000000
000000
000000
000000
000000
000000
000000
000000
000000
000000
000000
000000
000000
000000
000000
000000
000000
000000
000000
000000
000000
000000
000000
000000
000000
000000
000000
000000
000000
000000
000000
000000
000000
000000
000000
000000
000000
000000
000000
000000
000000
000000
000000
000000
000000
000000
000000
000000
000000
000000
000000
000000
000000
000000
000000
000000
000000
000000
000000
000000
000000
000000
000000
000000
000000
000000
000000
000000
000000
000000
000000
000000
000000
000000
000000
000000
000000
000000
000000
000000
000000
000000
000000
000000
000000
000000
000000
000000
000000
000000
000000
000000
000000
000000
000000
000000
000000
000000
000000
000000
000000
000000
000000
000000
000000
000000
000000
000000
000000
000000
000000
000000
000000
000000
000000
000000
000000
000000
000000
000000
000000
000000
000000
000000
000000
000000
000000
000000
000000
000000
000000
000000
000000
000000
000000
000000
000000
000000
000000
000000
000000
000000
000000
000000
000000
000000
000000
000000
000000
000000
000000
000000
000000
000000
000000
000000
000000
000000
000000
000000
000000
000000
000000
000000
000000
000000
000000
000000
000000
000000
000000
000000
000000
000000
000000
000000
000000
000000
000000
000000
000000
000000
000000
000000
000000
000000
000000
000000
000000
000000
000000
000000
000000
000000
000000
000000
000000
000000
000000
000000
000000
000000
000000
000000
000000
000000
000000
000000
000000
000000
000000
000000
000000
000000
000000
000000
000000
000000
000000
000000
000000
000000
000000
000000
000000
000000
000000
000000
000000
000000
000000
000000
000000
000000
000000
000000
000000
000000
000000
000000
000000
000000
000000
000000
000000
000000
000000
000000
000000
000000
000000
000000
000000
000000
000000
000000
000000
000000
000000
000000
000000
000000
000000
000000
000000
000000
000000
000000
000000
000000
000000
000000
000000
000000
000000
000000
000000
000000
000000
000000
000000
000000
000000
000000
000000
000000
000000
000000
000000
000000
000000
000000
000000
000000
000000
000000
000000
000000
000000
000000
000000
000000
000000
000000
000000
000000
000000
000000
000000
000000
000000
000000
000000
000000
000000
000000
000000
000000
000000
000000
000000
000000
000000
000000
000000
000000
000000
000000
000000
000000
000000
000000
000000
000000
000000
000000
000000
000000
000000
000000
000000
000000
000000
000000
000000
000000
000000
000000
000000
000000
000000
000000
000000
000000
000000
000000
000000
000000
000000
000000
000000
000000
000000
000000
000000
000000
000000
000000
000000
000000
000000
000000
000000
000000
000000
000000
000000
000000
000000
000000
000000
000000
000000
000000
000000
000000
000000
000000
000000
000000
000000
000000
000000
000000
000000
000000
000000
000000
000000
000000
000000
000000
000000
000000
000000
000000
000000
000000
000000
000000
000000
000000
000000
000000
000000
000000
000000
000000
000000
000000
000000
000000
000000
000000
000000
000000
000000
000000
000000
000000
000000
000000
000000
000000
000000
000000
000000
000000
000000
000000
000000
000000
000000
000000
000000
000000
000000
000000
000000
000000
000000
000000
000000
000000
000000
000000
000000
000000
000000
000000
000000
000000
000000
000000
000000
000000
000000
000000
000000
000000
000000
000000
000000
000000
000000
000000
000000
000000
000000
000000
000000
000000
000000
000000
000000
000000
000000
000000
000000
000000
000000
000000
000000
000000
000000
000000
000000
000000
000000
000000
000000
000000
000000
000000
000000
000000
000000
000000
000000
000000
000000
000000
000000
000000
000000
000000
000000
000000
000000
000000
000000
000000
000000
000000
000000
000000
000000
000000
000000
000000
000000
000000
000000
000000
000000
000000
000000
000000
000000
000000
000000
000000
000000
000000
000000
000000
000000
000000
000000
000000
000000
000000
000000
000000
000000
000000
000000
000000
000000
000000
000000
000000
000000
000000
000000
000000
000000
000000
000000
000000
000000
000000
000000
000000
000000
000000
000000
000000
000000
000000
000000
000000
000000
000000
000000
000000
000000
000000
000000
000000
000000
000000
000000
000000
000000
000000
000000
000000
000000
000000
000000
000000
000000
000000
000000
000000
000000
000000
000000
000000
000000
000000
000000
000000
000000
000000
000000
000000
000000
000000
000000
000000
000000
000000
000000
000000
000000
000000
000000
000000
000000
000000
000000
000000
000000
000000
000000
000000
000000
000000
000000
000000
000000
000000
000000
000000
000000
000000
000000
000000
000000
000000
000000
000000
000000
000000
000000
000000
000000
000000
000000
000000
000000
000000
000000
000000
000000
000000
000000
000000
000000
000000
000000
000000
000000
000000
000000
000000
000000
000000
000000
000000
000000
000000
000000
000000
000000
000000
000000
000000
000000
000000
000000
000000
ffffff
ffffff
000000
000000
000000
000000
000000
000000
000000
000000
000000
000000
000000
000000
000000
000000
000000
000000
000000
000000
000000
000000
000000
000000
000000
000000
000000
000000
000000
000000
000000
000000
ffffff
ffffff
000000
000000
000000
000000
000000
000000
000000
000000
000000
000000
000000
000000
000000
000000
000000
000000
000000
000000
000000
000000
000000
000000
000000
000000
000000
000000
000000
000000
000000
000000
ffffff
ffffff
000000
000000
000000
000000
000000
000000
000000
000000
000000
000000
000000
000000
000000
000000
000000
000000
000000
000000
000000
000000
000000
000000
000000
000000
000000
000000
000000
000000
000000
000000
ffffff
ffffff
000000
000000
000000
000000
000000
000000
000000
000000
000000
000000
000000
000000
000000
000000
000000
000000
000000
000000
000000
000000
000000
000000
000000
000000
000000
000000
000000
000000
000000
000000
ffffff
ffffff
000000
000000
000000
000000
000000
000000
000000
000000
000000
000000
000000
000000
000000
000000
000000
000000
000000
000000
000000
000000
000000
000000
000000
000000
000000
000000
000000
000000
000000
000000
ffffff
ffffff
000000
000000
000000
000000
000000
000000
000000
000000
000000
000000
000000
000000
000000
000000
000000
000000
000000
000000
000000
000000
000000
000000
000000
000000
000000
000000
000000
000000
000000
000000
ffffff
ffffff
000000
000000
000000
000000
000000
000000
000000
000000
000000
000000
000000
000000
000000
000000
000000
000000
000000
000000
000000
000000
000000
000000
000000
000000
000000
000000
000000
000000
000000
000000
ffffff
ffffff
000000
000000
000000
000000
000000
000000
000000
000000
000000
000000
000000
000000
000000
000000
000000
000000
000000
000000
000000
000000
000000
000000
000000
000000
000000
000000
000000
000000
000000
000000
ffffff
ffffff
000000
000000
000000
000000
000000
000000
000000
000000
000000
000000
000000
000000
000000
000000
000000
000000
000000
000000
000000
000000
000000
000000
000000
000000
000000
000000
000000
000000
000000
000000
ffffff
ffffff
000000
000000
000000
000000
000000
000000
000000
000000
000000
000000
000000
000000
000000
000000
000000
000000
000000
000000
000000
000000
000000
000000
000000
000000
000000
000000
000000
000000
000000
000000
ffffff
ffffff
000000
000000
000000
000000
000000
000000
000000
000000
000000
000000
000000
000000
000000
000000
000000
000000
000000
000000
000000
000000
000000
000000
000000
000000
000000
000000
000000
000000
000000
000000
ffffff
ffffff
000000
000000
000000
000000
000000
000000
000000
000000
000000
000000
000000
000000
000000
000000
000000
000000
000000
000000
000000
000000
000000
000000
000000
000000
000000
000000
000000
000000
000000
000000
ffffff
ffffff
000000
000000
000000
000000
000000
000000
000000
000000
000000
000000
000000
000000
000000
000000
000000
000000
000000
000000
000000
000000
000000
000000
000000
000000
000000
000000
000000
000000
000000
000000
ffffff
ffffff
000000
000000
000000
000000
000000
000000
000000
000000
000000
000000
000000
000000
000000
000000
000000
000000
000000
000000
000000
000000
000000
000000
000000
000000
000000
000000
000000
000000
000000
000000
ffffff
ffffff
000000
000000
000000
000000
000000
000000
000000
000000
000000
000000
000000
000000
000000
000000
000000
000000
000000
000000
000000
000000
000000
000000
000000
000000
000000
000000
000000
000000
000000
000000
ffffff
ffffff
000000
000000
000000
000000
000000
000000
000000
000000
000000
000000
000000
000000
000000
000000
000000
000000
000000
000000
000000
000000
000000
000000
000000
000000
000000
000000
000000
000000
000000
000000
ffffff
ffffff
000000
000000
000000
000000
000000
000000
000000
000000
000000
000000
000000
000000
000000
000000
000000
000000
000000
000000
000000
000000
000000
000000
000000
000000
000000
000000
000000
000000
000000
000000
ffffff
ffffff
000000
000000
000000
000000
000000
000000
000000
000000
000000
000000
000000
000000
000000
000000
000000
000000
000000
000000
000000
000000
000000
000000
000000
000000
000000
000000
000000
000000
000000
000000
ffffff
ffffff
000000
000000
000000
000000
000000
000000
000000
000000
000000
000000
000000
000000
000000
000000
000000
000000
000000
000000
000000
000000
000000
000000
000000
000000
000000
000000
000000
000000
000000
000000
ffffff
ffffff
000000
000000
000000
000000
000000
000000
000000
000000
000000
000000
000000
000000
000000
000000
000000
000000
000000
000000
000000
000000
000000
000000
000000
000000
000000
000000
000000
000000
000000
000000
000000
000000
000000
000000
000000
000000
000000
000000
000000
000000
000000
000000
000000
000000
000000
000000
000000
000000
000000
000000
000000
000000
000000
000000
000000
000000
000000
000000
000000
000000
000000
000000
000000
000000
000000
000000
000000
000000
000000
000000
000000
000000
000000
000000
000000
000000
000000
000000
000000
000000
000000
000000
000000
000000
000000
000000
000000
000000
000000
000000
000000
000000
000000
000000
000000
000000
000000
000000
000000
000000
000000
000000
000000
000000
000000
000000
000000
000000
000000
000000
000000
000000
000000
000000
000000
000000
000000
000000
000000
000000
000000
000000
000000
000000
000000
000000
000000
000000
000000
000000
000000
000000
000000
000000
000000
000000
000000
000000
000000
000000
000000
000000
000000
000000
000000
000000
000000
000000
000000
000000
000000
000000
000000
000000
000000
000000
000000
000000
000000
000000
000000
000000
000000
000000
000000
000000
000000
000000
000000
000000
000000
000000
000000
000000
000000
000000
000000
000000
000000
000000
000000
000000
000000
000000
000000
000000
000000
000000
000000
000000
000000
000000
000000
000000
000000
000000
000000
000000
000000
000000
000000
000000
000000
000000
000000
000000
000000
000000
000000
000000
000000
000000
000000
000000
000000
000000
000000
000000
000000
000000
000000
000000
000000
000000
000000
000000
000000
000000
000000
000000
000000
000000
000000
000000
000000
000000
000000
000000
000000
000000
000000
000000
000000
000000
000000
000000
000000
000000
000000
000000
000000
000000
000000
000000
000000
000000
000000
000000
000000
000000
000000
000000
000000
000000
000000
000000
000000
000000
000000
000000
000000
000000
000000
000000
000000
000000
000000
000000
000000
000000
000000
000000
000000
000000
000000
000000
000000
000000
000000
000000
000000
000000
000000
000000
000000
000000
000000
000000
000000
000000
000000
000000
000000
000000
000000
000000
000000
000000
000000
000000
000000
000000
000000
000000
000000
000000
000000
000000
000000
000000
000000
000000
000000
000000
000000
000000
000000
000000
000000
000000
000000
000000
000000
000000
000000
000000
000000
000000
000000
000000
000000
000000
000000
000000
000000
000000
000000
000000
000000
000000
000000
000000
000000
000000
000000
000000
000000
000000
000000
000000
000000
000000
000000
000000
000000
000000
000000
000000
000000
000000
000000
000000
000000
000000
000000
000000
000000
000000
000000
000000
000000
000000
000000
000000
000000
000000
000000
000000
000000
000000
000000
000000
000000
000000
000000
000000
000000
000000
000000
000000
000000
000000
000000
000000
000000
000000
000000
000000
000000
000000
000000
000000
000000
000000
000000
000000
000000
000000
000000
000000
000000
000000
000000
000000
000000
000000
000000
000000
000000
000000
000000
000000
000000
ffffff
ffffff
ffffff
ffffff
ffffff
ffffff
ffffff
ffffff
ffffff
ffffff
ffffff
ffffff
ffffff
ffffff
ffffff
ffffff
ffffff
ffffff
ffffff
ffffff
ffffff
ffffff
ffffff
ffffff
ffffff
ffffff
ffffff
ffffff
000000
000000
000000
000000
ffffff
ffffff
ffffff
ffffff
ffffff
ffffff
ffffff
ffffff
ffffff
ffffff
ffffff
ffffff
ffffff
ffffff
ffffff
ffffff
ffffff
ffffff
ffffff
ffffff
ffffff
ffffff
ffffff
ffffff
ffffff
ffffff
ffffff
ffffff
000000
000000
000000
000000
000000
000000
000000
000000
000000
000000
000000
000000
000000
000000
000000
000000
000000
000000
000000
000000
000000
000000
000000
000000
000000
000000
000000
000000
000000
000000
000000
000000
000000
000000
000000
000000
000000
000000
000000
000000
000000
000000
000000
000000
000000
000000
000000
000000
000000
000000
000000
000000
000000
000000
000000
000000
000000
000000
000000
000000
000000
000000
000000
000000
000000
000000
000000
000000
000000
000000
000000
000000
000000
000000
000000
000000
000000
000000
000000
000000
000000
000000
000000
000000
000000
000000
000000
000000
000000
000000
000000
000000
000000
000000
000000
000000
000000
000000
000000
000000
000000
000000
000000
000000
000000
000000
000000
000000
000000
000000
000000
000000
000000
000000
000000
000000
000000
000000
000000
000000
000000
000000
000000
000000
000000
000000
000000
000000
000000
000000
000000
000000
000000
000000
000000
000000
000000
000000
000000
000000
000000
000000
000000
000000
000000
000000
000000
000000
000000
000000
000000
000000
000000
000000
000000
000000
000000
000000
000000
000000
000000
000000
000000
000000
000000
000000
000000
000000
000000
000000
000000
000000
000000
000000
000000
000000
000000
000000
000000
000000
000000
000000
000000
000000
000000
000000
000000
000000
000000
000000
000000
000000
000000
000000
000000
000000
000000
000000
000000
000000
000000
000000
000000
000000
000000
000000
000000
000000
000000
000000
000000
000000
000000
000000
000000
000000
000000
000000
000000
000000
000000
000000
000000
000000
000000
000000
000000
000000
000000
000000
000000
000000
000000
000000
000000
000000
000000
000000
000000
000000
000000
000000
000000
000000
000000
000000
000000
000000
000000
000000
000000
000000
000000
000000
000000
000000
000000
000000
000000
000000
000000
000000
000000
000000
000000
000000
000000
000000
000000
000000
000000
000000
000000
000000
000000
000000
000000
000000
000000
000000
000000
000000
000000
000000
000000
000000
000000
000000
000000
000000
000000
000000
000000
000000
000000
000000
000000
000000
000000
000000
000000
000000
000000
000000
000000
000000
000000
000000
000000
000000
000000
000000
000000
000000
000000
000000
000000
000000
000000
000000
000000
000000
000000
000000
000000
000000
000000
000000
000000
000000
000000
000000
000000
000000
000000
000000
000000
000000
000000
000000
000000
000000
000000
000000
000000
000000
000000
000000
000000
000000
000000
000000
000000
000000
000000
000000
000000
000000
000000
000000
000000
000000
000000
000000
000000
000000
000000
000000
000000
000000
000000
000000
000000
000000
000000
000000
000000
000000
000000
000000
000000
000000
000000
000000
000000
000000
000000
000000
000000
000000
000000
000000
000000
000000
000000
000000
000000
000000
000000
000000
000000
000000
000000
000000
000000
000000
000000
000000
000000
000000
000000
000000
000000
000000
000000
000000
000000
000000
000000
000000
000000
000000
000000
000000
000000
000000
000000
000000
000000
000000
000000
000000
000000
000000
000000
000000
000000
000000
000000
000000
000000
000000
000000
000000
000000
000000
000000
000000
000000
000000
000000
000000
000000
000000
000000
000000
000000
000000
000000
000000
000000
000000
000000
000000
000000
000000
000000
000000
000000
000000
000000
000000
000000
000000
000000
000000
000000
000000
000000
000000
000000
000000
000000
000000
000000
000000
000000
000000
000000
000000
000000
000000
000000
000000
000000
000000
000000
000000
000000
000000
000000
000000
000000
000000
000000
000000
000000
000000
000000
000000
000000
000000
000000
000000
000000
000000
000000
000000
000000
000000
000000
000000
000000
000000
000000
000000
000000
000000
000000
000000
000000
000000
000000
000000
000000
000000
000000
000000
000000
000000
000000
000000
000000
000000
000000
000000
000000
000000
000000
000000
000000
000000
000000
000000
000000
000000
000000
000000
000000
000000
000000
000000
000000
000000
000000
000000
000000
000000
000000
000000
000000
000000
000000
000000
000000
000000
000000
000000
000000
000000
000000
000000
000000
000000
000000
000000
000000
000000
000000
000000
000000
000000
000000
000000
000000
000000
000000
000000
000000
000000
000000
000000
000000
000000
000000
000000
000000
000000
000000
000000
000000
000000
000000
000000
000000
000000
000000
000000
000000
000000
000000
000000
000000
000000
000000
000000
000000
000000
000000
000000
000000
000000
000000
000000
000000
000000
000000
000000
000000
000000
000000
000000
000000
000000
000000
000000
000000
000000
000000
000000
000000
000000
000000
000000
000000
000000
000000
000000
000000
000000
000000
000000
000000
000000
000000
000000
000000
000000
000000
000000
000000
000000
000000
000000
000000
000000
000000
000000
000000
000000
000000
000000
000000
000000
000000
000000
000000
000000
000000
000000
000000
000000
000000
000000
000000
000000
000000
000000
000000
000000
000000
000000
000000
000000
000000
000000
000000
000000
000000
000000
000000
000000
000000
000000
000000
000000
000000
000000
000000
000000
000000
000000
000000
000000
000000
000000
000000
000000
000000
000000
000000
000000
000000
000000
000000
000000
000000
000000
000000
000000
000000
000000
000000
000000
000000
000000
000000
000000
000000
000000
000000
000000
000000
000000
000000
000000
000000
000000
000000
000000
000000
000000
000000
000000
000000
000000
000000
000000
000000
000000
000000
000000
000000
000000
000000
000000
000000
000000
000000
000000
000000
000000
000000
000000
000000
000000
000000
000000
000000
000000
000000
000000
000000
000000
000000
000000
000000
000000
000000
000000
000000
000000
000000
000000
000000
000000
000000
000000
000000
000000
000000
000000
000000
000000
000000
000000
000000
000000
000000
000000
000000
000000
000000
000000
000000
000000
000000
000000
000000
000000
000000
000000
000000
000000
000000
000000
000000
000000
000000
000000
000000
000000
000000
000000
000000
000000
000000
000000
000000
000000
000000
000000
000000
000000
000000
000000
000000
000000
000000
000000
000000
000000
000000
000000
000000
000000
000000
000000
000000
000000
000000
000000
000000
000000
000000
000000
000000
000000
000000
000000
000000
000000
000000
000000
000000
000000
000000
000000
000000
000000
000000
000000
000000
000000
000000
000000
000000
000000
000000
000000
000000
000000
000000
000000
000000
000000
000000
000000
000000
000000
000000
000000
000000
000000
000000
000000
000000
000000
000000
000000
000000
000000
000000
000000
000000
000000
000000
000000
000000
000000
000000
000000
000000
000000
000000
000000
000000
000000
000000
000000
000000
000000
000000
000000
000000
000000
000000
000000
000000
000000
000000
000000
000000
000000
000000
000000
000000
000000
000000
000000
000000
000000
000000
000000
000000
000000
000000
000000
000000
000000
000000
000000
000000
000000
000000
000000
000000
000000
000000
000000
000000
000000
000000
000000
000000
000000
000000
000000
000000
000000
000000
000000
000000
000000
000000
000000
000000
000000
000000
000000
000000
000000
000000
000000
000000
000000
000000
000000
000000
000000
000000
000000
000000
000000
000000
000000
000000
000000
000000
000000
000000
000000
000000
000000
000000
000000
000000
000000
000000
000000
000000
000000
000000
000000
000000
000000
000000
000000
000000
000000
000000
000000
000000
000000
000000
000000
000000
000000
000000
000000
000000
000000
000000
000000
000000
000000
000000
000000
000000
000000
000000
000000
000000
000000
000000
000000
000000
000000
000000
000000
000000
000000
000000
000000
000000
000000
000000
000000
000000
000000
000000
000000
000000
000000
000000
000000
000000
000000
000000
000000
000000
000000
000000
000000
000000
000000
000000
000000
000000
000000
000000
000000
000000
000000
000000
000000
000000
000000
000000
000000
000000
000000
000000
000000
000000
000000
000000
000000
000000
000000
000000
000000
000000
000000
000000
000000
000000
000000
000000
000000
000000
000000
000000
000000
000000
000000
000000
000000
000000
000000
000000
000000
000000
000000
000000
000000
000000
000000
000000
000000
000000
000000
000000
000000
000000
000000
000000
000000
000000
000000
000000
000000
000000
000000
000000
000000
000000
000000
000000
000000
000000
000000
000000
000000
000000
000000
000000
000000
000000
000000
000000
000000
000000
000000
000000
000000
000000
000000
ffffff
ffffff
ffffff
ffffff
ffffff
ffffff
ffffff
ffffff
ffffff
ffffff
ffffff
ffffff
ffffff
ffffff
ffffff
ffffff
ffffff
ffffff
ffffff
ffffff
ffffff
ffffff
ffffff
ffffff
ffffff
ffffff
ffffff
ffffff
000000
000000
000000
000000
ffffff
ffffff
ffffff
ffffff
ffffff
ffffff
ffffff
ffffff
ffffff
ffffff
ffffff
000000
ffffff
ffffff
ffffff
ffffff
ffffff
ffffff
ffffff
ffffff
ffffff
ffffff
ffffff
ffffff
ffffff
ffffff
ffffff
ffffff
000000
000000
000000
000000
ffffff
ffffff
ffffff
ffffff
ffffff
ffffff
ffffff
ffffff
ffffff
ffffff
ffffff
ffffff
ffffff
ffffff
ffffff
ffffff
ffffff
ffffff
ffffff
ffffff
ffffff
ffffff
ffffff
ffffff
ffffff
ffffff
ffffff
ffffff
000000
000000
000000
000000
ffffff
ffffff
ffffff
ffffff
ffffff
ffffff
ffffff
000000
ffffff
ffffff
ffffff
ffffff
ffffff
ffffff
ffffff
ffffff
ffffff
ffffff
ffffff
ffffff
ffffff
ffffff
ffffff
ffffff
ffffff
ffffff
ffffff
ffffff
000000
000000
000000
000000
ffffff
ffffff
ffffff
ffffff
ffffff
ffffff
ffffff
ffffff
ffffff
ffffff
ffffff
ffffff
ffffff
ffffff
ffffff
ffffff
ffffff
ffffff
ffffff
ffffff
ffffff
ffffff
ffffff
ffffff
ffffff
ffffff
ffffff
ffffff
000000
000000
000000
000000
ffffff
ffffff
ffffff
ffffff
ffffff
ffffff
ffffff
ffffff
ffffff
ffffff
ffffff
ffffff
ffffff
ffffff
000000
ffffff
ffffff
ffffff
000000
ffffff
ffffff
ffffff
ffffff
ffffff
ffffff
ffffff
ffffff
ffffff
000000
000000
000000
000000
ffffff
ffffff
ffffff
ffffff
ffffff
ffffff
ffffff
ffffff
ffffff
ffffff
ffffff
ffffff
ffffff
ffffff
ffffff
ffffff
ffffff
ffffff
ffffff
ffffff
ffffff
ffffff
ffffff
ffffff
ffffff
ffffff
ffffff
ffffff
000000
000000
000000
000000
ffffff
ffffff
ffffff
000000
ffffff
ffffff
ffffff
ffffff
ffffff
ffffff
ffffff
ffffff
ffffff
ffffff
ffffff
ffffff
000000
ffffff
ffffff
ffffff
ffffff
ffffff
ffffff
ffffff
ffffff
ffffff
ffffff
ffffff
000000
000000
000000
000000
ffffff
ffffff
ffffff
ffffff
000000
ffffff
ffffff
ffffff
ffffff
ffffff
ffffff
ffffff
ffffff
ffffff
ffffff
ffffff
ffffff
ffffff
ffffff
ffffff
ffffff
ffffff
ffffff
ffffff
ffffff
ffffff
ffffff
ffffff
000000
000000
000000
000000
ffffff
ffffff
ffffff
ffffff
ffffff
ffffff
ffffff
ffffff
000000
ffffff
ffffff
ffffff
ffffff
ffffff
ffffff
ffffff
000000
ffffff
ffffff
000000
ffffff
ffffff
ffffff
000000
ffffff
ffffff
000000
000000
000000
000000
000000
000000
ffffff
ffffff
ffffff
ffffff
ffffff
ffffff
ffffff
ffffff
ffffff
ffffff
ffffff
ffffff
ffffff
ffffff
ffffff
ffffff
ffffff
ffffff
ffffff
ffffff
ffffff
ffffff
ffffff
ffffff
ffffff
ffffff
ffffff
ffffff
000000
000000
000000
000000
ffffff
ffffff
ffffff
ffffff
ffffff
ffffff
ffffff
ffffff
ffffff
ffffff
ffffff
ffffff
ffffff
ffffff
ffffff
ffffff
ffffff
ffffff
ffffff
ffffff
ffffff
ffffff
ffffff
ffffff
ffffff
ffffff
ffffff
ffffff
000000
000000
000000
000000
ffffff
ffffff
ffffff
ffffff
ffffff
ffffff
ffffff
ffffff
ffffff
ffffff
ffffff
ffffff
ffffff
ffffff
ffffff
ffffff
ffffff
ffffff
ffffff
ffffff
ffffff
ffffff
ffffff
ffffff
ffffff
ffffff
ffffff
ffffff
000000
000000
000000
000000
ffffff
ffffff
ffffff
ffffff
ffffff
ffffff
ffffff
ffffff
ffffff
000000
ffffff
ffffff
ffffff
ffffff
ffffff
ffffff
ffffff
ffffff
ffffff
ffffff
ffffff
ffffff
ffffff
ffffff
ffffff
ffffff
ffffff
ffffff
000000
000000
000000
000000
ffffff
ffffff
ffffff
ffffff
ffffff
ffffff
ffffff
ffffff
ffffff
000000
ffffff
ffffff
ffffff
ffffff
ffffff
ffffff
ffffff
ffffff
ffffff
ffffff
ffffff
ffffff
ffffff
ffffff
ffffff
ffffff
ffffff
ffffff
000000
000000
000000
000000
ffffff
ffffff
ffffff
ffffff
ffffff
ffffff
ffffff
ffffff
ffffff
ffffff
ffffff
ffffff
ffffff
ffffff
ffffff
ffffff
ffffff
ffffff
ffffff
ffffff
ffffff
ffffff
ffffff
ffffff
ffffff
ffffff
ffffff
ffffff
000000
000000
000000
000000
ffffff
ffffff
ffffff
000000
ffffff
ffffff
ffffff
ffffff
ffffff
ffffff
ffffff
ffffff
ffffff
ffffff
ffffff
ffffff
ffffff
ffffff
ffffff
ffffff
ffffff
ffffff
ffffff
ffffff
ffffff
ffffff
ffffff
ffffff
000000
000000
000000
000000
ffffff
ffffff
ffffff
000000
ffffff
ffffff
ffffff
ffffff
ffffff
ffffff
ffffff
ffffff
ffffff
ffffff
ffffff
ffffff
ffffff
ffffff
ffffff
ffffff
ffffff
ffffff
ffffff
ffffff
ffffff
ffffff
ffffff
ffffff
000000
000000
000000
000000
ffffff
ffffff
ffffff
ffffff
ffffff
ffffff
ffffff
ffffff
ffffff
ffffff
ffffff
ffffff
ffffff
ffffff
ffffff
ffffff
ffffff
ffffff
ffffff
ffffff
ffffff
ffffff
ffffff
ffffff
000000
ffffff
ffffff
ffffff
000000
000000
000000
000000
ffffff
ffffff
ffffff
ffffff
ffffff
ffffff
ffffff
ffffff
ffffff
ffffff
ffffff
ffffff
ffffff
000000
ffffff
ffffff
ffffff
ffffff
ffffff
ffffff
ffffff
ffffff
ffffff
ffffff
ffffff
ffffff
ffffff
ffffff
000000
000000
000000
000000
000000
000000
000000
000000
000000
000000
000000
000000
000000
000000
000000
000000
000000
000000
000000
000000
000000
000000
000000
000000
000000
000000
000000
000000
000000
000000
000000
000000
000000
000000
000000
000000
000000
000000
000000
000000
000000
000000
000000
000000
000000
000000
000000
000000
000000
000000
000000
000000
000000
000000
000000
000000
000000
000000
000000
000000
000000
000000
000000
000000
000000
000000
000000
000000
000000
000000
000000
000000
000000
000000
000000
000000
000000
000000
000000
000000
000000
000000
000000
000000
000000
000000
000000
000000
000000
000000
000000
000000
000000
000000
000000
000000
000000
000000
000000
000000
000000
000000
000000
000000
000000
000000
000000
000000
000000
000000
000000
000000
000000
000000
000000
000000
000000
000000
000000
000000
000000
000000
000000
000000
000000
000000
000000
000000
000000
000000
000000
000000
ffffff
ffffff
ffffff
ffffff
ffffff
ffffff
ffffff
ffffff
ffffff
ffffff
ffffff
ffffff
ffffff
ffffff
ffffff
ffffff
ffffff
ffffff
ffffff
ffffff
ffffff
ffffff
ffffff
ffffff
ffffff
ffffff
ffffff
ffffff
000000
000000
000000
000000
ffffff
ffffff
ffffff
ffffff
ffffff
ffffff
ffffff
ffffff
ffffff
ffffff
ffffff
ffffff
ffffff
ffffff
ffffff
ffffff
ffffff
ffffff
ffffff
ffffff
ffffff
ffffff
ffffff
ffffff
ffffff
ffffff
ffffff
ffffff
000000
000000
000000
000000
ffffff
ffffff
ffffff
ffffff
ffffff
ffffff
ffffff
ffffff
ffffff
ffffff
ffffff
ffffff
ffffff
ffffff
ffffff
ffffff
ffffff
ffffff
ffffff
ffffff
ffffff
ffffff
ffffff
ffffff
ffffff
ffffff
ffffff
ffffff
000000
000000
000000
000000
ffffff
ffffff
ffffff
ffffff
ffffff
ffffff
ffffff
ffffff
ffffff
ffffff
ffffff
ffffff
ffffff
ffffff
ffffff
ffffff
ffffff
ffffff
ffffff
ffffff
ffffff
ffffff
ffffff
ffffff
ffffff
ffffff
ffffff
ffffff
000000
000000
000000
000000
ffffff
ffffff
ffffff
ffffff
ffffff
ffffff
ffffff
ffffff
ffffff
ffffff
ffffff
ffffff
ffffff
ffffff
ffffff
ffffff
ffffff
ffffff
ffffff
ffffff
ffffff
ffffff
ffffff
ffffff
ffffff
ffffff
ffffff
ffffff
000000
000000
000000
000000
ffffff
ffffff
ffffff
ffffff
ffffff
ffffff
ffffff
ffffff
ffffff
ffffff
ffffff
ffffff
ffffff
ffffff
ffffff
ffffff
ffffff
ffffff
ffffff
ffffff
ffffff
ffffff
ffffff
ffffff
ffffff
ffffff
ffffff
ffffff
000000
000000
000000
000000
ffffff
ffffff
ffffff
ffffff
ffffff
ffffff
ffffff
ffffff
ffffff
ffffff
ffffff
ffffff
ffffff
ffffff
ffffff
ffffff
ffffff
ffffff
ffffff
ffffff
ffffff
ffffff
ffffff
ffffff
ffffff
ffffff
ffffff
ffffff
000000
000000
000000
000000
ffffff
ffffff
ffffff
ffffff
ffffff
ffffff
ffffff
ffffff
ffffff
ffffff
ffffff
ffffff
ffffff
ffffff
ffffff
ffffff
ffffff
ffffff
ffffff
ffffff
ffffff
ffffff
ffffff
ffffff
ffffff
ffffff
ffffff
ffffff
000000
000000
000000
000000
ffffff
ffffff
ffffff
ffffff
ffffff
ffffff
ffffff
ffffff
ffffff
ffffff
ffffff
ffffff
ffffff
ffffff
ffffff
ffffff
ffffff
ffffff
ffffff
ffffff
ffffff
ffffff
ffffff
ffffff
ffffff
ffffff
ffffff
ffffff
000000
000000
000000
000000
ffffff
ffffff
ffffff
ffffff
ffffff
ffffff
ffffff
ffffff
ffffff
ffffff
ffffff
ffffff
ffffff
ffffff
ffffff
ffffff
ffffff
ffffff
ffffff
ffffff
ffffff
ffffff
ffffff
ffffff
ffffff
ffffff
ffffff
ffffff
000000
000000
000000
000000
ffffff
ffffff
ffffff
ffffff
ffffff
ffffff
ffffff
ffffff
ffffff
ffffff
ffffff
ffffff
ffffff
ffffff
ffffff
ffffff
ffffff
ffffff
ffffff
ffffff
ffffff
ffffff
ffffff
ffffff
ffffff
ffffff
ffffff
ffffff
000000
000000
000000
000000
ffffff
ffffff
ffffff
ffffff
ffffff
ffffff
ffffff
ffffff
ffffff
ffffff
ffffff
ffffff
ffffff
ffffff
ffffff
ffffff
ffffff
ffffff
ffffff
ffffff
ffffff
ffffff
ffffff
ffffff
ffffff
ffffff
ffffff
ffffff
000000
000000
000000
000000
ffffff
ffffff
ffffff
ffffff
ffffff
ffffff
ffffff
ffffff
ffffff
ffffff
ffffff
ffffff
ffffff
ffffff
ffffff
ffffff
ffffff
ffffff
ffffff
ffffff
ffffff
ffffff
ffffff
ffffff
ffffff
ffffff
ffffff
ffffff
000000
000000
000000
000000
ffffff
ffffff
ffffff
ffffff
ffffff
ffffff
ffffff
ffffff
ffffff
ffffff
ffffff
ffffff
ffffff
ffffff
ffffff
ffffff
ffffff
ffffff
ffffff
ffffff
ffffff
ffffff
ffffff
ffffff
ffffff
ffffff
ffffff
ffffff
000000
000000
000000
000000
ffffff
ffffff
ffffff
ffffff
ffffff
ffffff
ffffff
ffffff
ffffff
ffffff
ffffff
ffffff
ffffff
ffffff
ffffff
ffffff
ffffff
ffffff
ffffff
ffffff
ffffff
ffffff
ffffff
ffffff
ffffff
ffffff
ffffff
ffffff
000000
000000
000000
000000
ffffff
ffffff
ffffff
ffffff
ffffff
ffffff
ffffff
ffffff
ffffff
ffffff
ffffff
ffffff
ffffff
ffffff
ffffff
ffffff
ffffff
ffffff
ffffff
ffffff
ffffff
ffffff
ffffff
ffffff
ffffff
ffffff
ffffff
ffffff
000000
000000
000000
000000
ffffff
ffffff
ffffff
ffffff
ffffff
ffffff
ffffff
ffffff
ffffff
ffffff
ffffff
ffffff
ffffff
ffffff
ffffff
ffffff
ffffff
ffffff
ffffff
ffffff
ffffff
ffffff
ffffff
ffffff
ffffff
ffffff
ffffff
ffffff
000000
000000
000000
000000
ffffff
ffffff
ffffff
ffffff
ffffff
ffffff
ffffff
ffffff
ffffff
ffffff
ffffff
ffffff
ffffff
ffffff
ffffff
ffffff
ffffff
ffffff
ffffff
ffffff
ffffff
ffffff
ffffff
ffffff
ffffff
ffffff
ffffff
ffffff
000000
000000
000000
000000
ffffff
ffffff
ffffff
ffffff
ffffff
ffffff
ffffff
ffffff
ffffff
ffffff
ffffff
ffffff
ffffff
ffffff
ffffff
ffffff
ffffff
ffffff
ffffff
ffffff
ffffff
ffffff
ffffff
ffffff
ffffff
ffffff
ffffff
ffffff
000000
000000
000000
000000
ffffff
ffffff
ffffff
ffffff
ffffff
ffffff
ffffff
ffffff
ffffff
ffffff
ffffff
ffffff
ffffff
ffffff
ffffff
ffffff
ffffff
ffffff
ffffff
ffffff
ffffff
ffffff
ffffff
ffffff
ffffff
ffffff
ffffff
ffffff
000000
000000
000000
000000
000000
000000
000000
000000
000000
000000
000000
000000
000000
000000
000000
000000
000000
000000
000000
000000
000000
000000
000000
000000
000000
000000
000000
000000
000000
000000
000000
000000
000000
000000
000000
000000
000000
000000
000000
000000
000000
000000
000000
000000
000000
000000
000000
000000
000000
000000
000000
000000
000000
000000
000000
000000
000000
000000
000000
000000
000000
000000
000000
000000
000000
000000
000000
000000
000000
000000
000000
000000
000000
000000
000000
000000
000000
000000
000000
000000
000000
000000
000000
000000
000000
000000
000000
000000
000000
000000
000000
000000
000000
000000
000000
000000
000000
000000
000000
000000
000000
000000
000000
000000
000000
000000
000000
000000
000000
000000
000000
000000
000000
000000
000000
000000
000000
000000
000000
000000
000000
000000
000000
000000
000000
000000
000000
000000
000000
000000
000000
000000
000000
000000
000000
000000
000000
000000
000000
000000
000000
000000
000000
000000
000000
000000
000000
000000
000000
000000
000000
000000
000000
000000
000000
000000
000000
000000
000000
000000
000000
000000
000000
000000
000000
000000
000000
000000
000000
000000
000000
000000
000000
000000
000000
000000
000000
000000
000000
000000
000000
000000
000000
000000
000000
000000
000000
000000
000000
000000
000000
000000
000000
000000
000000
000000
000000
000000
000000
000000
000000
000000
000000
000000
000000
000000
000000
000000
000000
000000
000000
000000
000000
000000
000000
000000
000000
000000
000000
000000
000000
000000
000000
000000
000000
000000
000000
000000
000000
000000
000000
000000
000000
000000
000000
000000
000000
000000
000000
000000
000000
000000
000000
000000
000000
000000
000000
000000
000000
000000
000000
000000
000000
000000
000000
000000
000000
000000
000000
000000
000000
000000
000000
000000
000000
000000
000000
000000
000000
000000
000000
000000
000000
000000
000000
000000
000000
000000
000000
000000
000000
000000
000000
000000
000000
000000
000000
000000
000000
000000
000000
000000
000000
000000
000000
000000
000000
000000
000000
000000
000000
000000
000000
000000
000000
000000
000000
000000
000000
000000
000000
000000
000000
000000
000000
000000
000000
000000
000000
000000
000000
000000
000000
000000
000000
000000
000000
000000
000000
000000
000000
000000
000000
000000
000000
000000
000000
000000
000000
000000
000000
000000
000000
000000
000000
000000
000000
000000
000000
000000
000000
000000
000000
000000
000000
000000
000000
000000
000000
000000
000000
000000
000000
000000
000000
000000
000000
000000
000000
000000
000000
000000
000000
000000
000000
000000
000000
000000
000000
000000
000000
000000
000000
000000
000000
000000
000000
000000
000000
000000
000000
000000
000000
000000
000000
000000
000000
000000
000000
000000
000000
000000
000000
000000
000000
000000
000000
000000
000000
000000
000000
000000
000000
000000
000000
000000
000000
000000
000000
000000
000000
000000
000000
000000
000000
000000
000000
000000
000000
000000
000000
000000
000000
000000
000000
000000
000000
000000
000000
000000
000000
000000
000000
000000
000000
000000
000000
000000
000000
000000
000000
000000
000000
000000
000000
000000
000000
000000
000000
000000
000000
000000
000000
000000
000000
000000
000000
000000
000000
000000
000000
000000
000000
000000
000000
000000
000000
000000
000000
000000
000000
000000
000000
000000
000000
000000
000000
000000
000000
000000
000000
000000
000000
000000
000000
000000
000000
000000
000000
000000
000000
000000
000000
000000
000000
000000
000000
000000
000000
000000
000000
000000
000000
000000
000000
000000
000000
000000
000000
000000
000000
000000
000000
000000
000000
000000
000000
000000
000000
000000
000000
000000
000000
000000
000000
000000
000000
000000
000000
000000
000000
000000
000000
000000
000000
000000
000000
000000
000000
000000
000000
000000
000000
000000
000000
000000
000000
000000
000000
000000
000000
000000
000000
000000
000000
000000
000000
000000
000000
000000
000000
000000
000000
000000
000000
000000
000000
000000
000000
000000
000000
000000
000000
000000
000000
000000
000000
000000
000000
000000
000000
000000
000000
000000
000000
000000
000000
000000
000000
000000
000000
000000
000000
000000
000000
000000
000000
000000
000000
000000
000000
000000
000000
000000
000000
000000
000000
000000
000000
000000
000000
000000
000000
000000
000000
000000
000000
000000
000000
000000
000000
000000
000000
000000
000000
000000
000000
000000
000000
000000
000000
000000
000000
000000
000000
000000
000000
000000
000000
000000
000000
000000
000000
000000
000000
000000
000000
000000
000000
000000
000000
000000
000000
000000
000000
000000
000000
000000
000000
000000
000000
000000
000000
000000
000000
000000
000000
000000
000000
000000
000000
000000
000000
000000
000000
000000
000000
000000
000000
000000
000000
000000
000000
000000
000000
000000
000000
000000
000000
000000
000000
000000
000000
000000
000000
000000
000000
000000
000000
000000
000000
000000
000000
000000
000000
000000
000000
000000
000000
000000
000000
000000
000000
000000
000000
000000
000000
000000
000000
000000
000000
000000
000000
000000
000000
000000
000000
000000
000000
000000
000000
000000
000000
000000
000000
000000
000000
000000
000000
000000
000000
000000
000000
000000
000000
000000
000000
000000
000000
000000
000000
000000
000000
000000
000000
000000
000000
000000
000000
000000
000000
000000
000000
000000
000000
000000
000000
000000
000000
000000
000000
000000
000000
000000
000000
000000
000000
000000
000000
000000
000000
000000
000000
000000
000000
000000
000000
000000
000000
000000
000000
000000
000000
000000
000000
000000
000000
000000
000000
000000
000000
000000
000000
000000
000000
000000
000000
000000
000000
000000
000000
000000
000000
000000
000000
000000
000000
000000
000000
000000
000000
000000
000000
000000
000000
000000
000000
000000
000000
000000
000000
000000
000000
000000
000000
000000
000000
000000
000000
000000
000000
000000
000000
000000
000000
000000
000000
000000
000000
000000
000000
000000
000000
000000
000000
000000
000000
000000
000000
000000
000000
000000
000000
000000
000000
000000
000000
000000
000000
000000
000000
000000
000000
000000
000000
000000
000000
000000
000000
000000
000000
000000
000000
000000
000000
000000
000000
000000
000000
000000
000000
000000
000000
000000
000000
000000
000000
000000
000000
000000
000000
000000
000000
000000
000000
000000
000000
000000
000000
000000
000000
000000
000000
000000
000000
000000
000000
000000
000000
000000
000000
000000
000000
000000
000000
000000
000000
000000
000000
000000
000000
000000
000000
000000
000000
000000
000000
000000
000000
000000
000000
000000
000000
000000
000000
000000
000000
000000
000000
000000
000000
000000
000000
000000
000000
000000
000000
000000
000000
000000
000000
000000
000000
000000
000000
000000
000000
000000
000000
000000
000000
000000
000000
000000
000000
000000
000000
000000
000000
000000
000000
000000
000000
000000
000000
000000
000000
000000
000000
000000
000000
000000
000000
000000
000000
000000
000000
000000
000000
000000
000000
000000
000000
000000
000000
000000
000000
000000
000000
000000
000000
000000
000000
000000
000000
000000
000000
000000
000000
000000
000000
000000
000000
000000
000000
000000
000000
000000
000000
000000
000000
000000
000000
000000
000000
000000
000000
000000
000000
000000
000000
000000
000000
000000
000000
000000
000000
000000
000000
000000
000000
000000
000000
000000
000000
000000
000000
000000
000000
000000
000000
000000
000000
000000
000000
000000
000000
000000
000000
000000
000000
000000
000000
000000
000000
000000
000000
000000
000000
000000
000000
000000
000000
000000
000000
000000
000000
000000
000000
000000
000000
000000
000000
000000
000000
000000
000000
000000
000000
000000
000000
000000
000000
000000
000000
000000
000000
000000
000000
000000
000000
000000
000000
000000
000000
000000
000000
000000
000000
000000
000000
000000
000000
000000
000000
000000
000000
000000
000000
000000
000000
000000
000000
000000
000000
000000
000000
000000
000000
000000
000000
000000
000000
000000
000000
000000
000000
000000
000000
000000
000000
000000
000000
000000
000000
000000
000000
000000
000000
000000
000000
000000
000000
000000
000000
000000
000000
000000
000000
000000
000000
000000
000000
000000
000000
000000
000000
000000
000000
000000
000000
000000
000000
000000
000000
000000
000000
000000
000000
000000
000000
000000
000000
000000
000000
000000
000000
000000
000000
000000
000000
000000
000000
000000
000000
000000
000000
000000
000000
000000
000000
000000
000000
000000
000000
000000
000000
000000
000000
000000
000000
000000
000000
000000
000000
000000
000000
000000
000000
000000
000000
000000
000000
000000
000000
000000
000000
000000
000000
000000
000000
000000
000000
000000
000000
000000
000000
000000
000000
000000
000000
000000
000000
000000
000000
000000
000000
000000
000000
000000
000000
000000
000000
000000
000000
000000
000000
000000
000000
000000
000000
000000
000000
000000
000000
000000
000000
000000
000000
000000
000000
000000
000000
000000
000000
000000
000000
000000
000000
000000
000000
000000
000000
000000
000000
000000
000000
000000
000000
000000
000000
000000
000000
000000
000000
000000
000000
000000
000000
000000
000000
000000
000000
000000
000000
000000
000000
000000
000000
000000
000000
000000
000000
000000
000000
000000
000000
000000
000000
000000
000000
000000
000000
000000
000000
000000
000000
000000
000000
000000
000000
000000
000000
000000
000000
000000
000000
000000
000000
000000
000000
000000
000000
000000
000000
000000
000000
000000
000000
000000
000000
000000
000000
000000
000000
000000
000000
000000
000000
000000
000000
000000
000000
000000
000000
000000
000000
000000
000000
000000
000000
000000
000000
000000
000000
000000
000000
000000
000000
000000
000000
000000
000000
000000
000000
000000
000000
000000
000000
000000
000000
000000
000000
000000
000000
000000
000000
000000
000000
000000
000000
000000
000000
000000
000000
000000
000000
000000
000000
000000
000000
000000
000000
000000
000000
000000
000000
000000
000000
000000
000000
000000
000000
000000
000000
000000
000000
000000
000000
000000
000000
000000
000000
000000
000000
000000
000000
000000
000000
000000
000000
000000
000000
000000
000000
000000
000000
000000
000000
000000
000000
000000
000000
000000
000000
000000
000000
000000
000000
000000
000000
000000
000000
000000
000000
000000
000000
000000
000000
000000
000000
000000
000000
000000
000000
000000
000000
000000
000000
000000
000000
000000
000000
000000
000000
000000
000000
000000
000000
000000
000000
000000
000000
000000
000000
000000
000000
000000
000000
000000
000000
000000
000000
000000
000000
000000
000000
000000
000000
000000
000000
000000
000000
000000
000000
000000
000000
000000
000000
000000
000000
000000
000000
000000
000000
000000
000000
000000
000000
000000
000000
000000
000000
000000
000000
000000
000000
000000
000000
000000
000000
000000
000000
000000
000000
000000
000000
000000
000000
000000
000000
000000
000000
000000
000000
000000
000000
000000
000000
000000
000000
000000
000000
000000
000000
000000
000000
000000
000000
000000
000000
000000
000000
000000
000000
000000
000000
000000
000000
000000
000000
000000
000000
000000
000000
000000
000000
000000
000000
000000
000000
000000
000000
000000
000000
000000
000000
000000
000000
000000
000000
000000
000000
000000
000000
000000
000000
000000
000000
000000
000000
000000
000000
000000
000000
000000
000000
000000
000000
000000
000000
000000
000000
000000
000000
000000
000000
000000
000000
000000
000000
000000
000000
000000
000000
000000
000000
000000
000000
000000
000000
000000
000000
000000
000000
000000
000000
000000
000000
000000
000000
000000
000000
000000
000000
000000
000000
000000
000000
000000
000000
000000
000000
000000
000000
000000
000000
000000
000000
000000
000000
000000
000000
000000
000000
000000
000000
000000
000000
000000
000000
000000
000000
000000
000000
000000
000000
000000
000000
000000
000000
000000
000000
000000
000000
000000
000000
000000
000000
000000
000000
000000
000000
000000
000000
000000
000000
000000
000000
000000
000000
000000
000000
000000
000000
000000
000000
000000
000000
000000
000000
000000
000000
000000
000000
000000
000000
000000
000000
000000
000000
000000
000000
000000
000000
000000
000000
000000
000000
000000
000000
000000
000000
000000
000000
000000
000000
000000
000000
000000
000000
000000
000000
000000
000000
000000
000000
000000
000000
000000
000000
000000
000000
000000
000000
000000
000000
000000
000000
000000
000000
000000
000000
000000
000000
000000
000000
000000
000000
000000
000000
000000
000000
000000
000000
000000
000000
000000
000000
000000
000000
000000
000000
000000
000000
000000
000000
000000
000000
000000
000000
000000
000000
000000
000000
000000
000000
000000
000000
000000
000000
000000
000000
000000
000000
000000
000000
000000
000000
000000
000000
000000
000000
000000
000000
000000
000000
000000
000000
000000
000000
000000
000000
000000
000000
000000
000000
000000
000000
000000
000000
000000
000000
000000
000000
000000
000000
000000
000000
000000
000000
000000
000000
000000
000000
000000
000000
000000
000000
000000
000000
000000
000000
000000
000000
000000
000000
000000
000000
000000
000000
000000
000000
000000
000000
000000
000000
000000
000000
000000
000000
000000
000000
000000
000000
000000
000000
000000
000000
000000
000000
000000
000000
000000
000000
000000
000000
000000
000000
000000
000000
000000
000000
000000
000000
000000
000000
000000
000000
000000
000000
000000
000000
000000
000000
000000
000000
000000
000000
000000
000000
000000
000000
000000
000000
000000
000000
000000
000000
000000
000000
000000
000000
000000
000000
000000
000000
000000
000000
000000
000000
000000
000000
000000
000000
000000
000000
000000
000000
000000
000000
000000
000000
000000
000000
000000
000000
000000
000000
000000
000000
000000
000000
000000
000000
000000
000000
000000
000000
000000
000000
000000
000000
000000
000000
000000
000000
000000
000000
000000
000000
000000
000000
000000
000000
000000
000000
000000
000000
000000
000000
000000
000000
000000
000000
000000
000000
000000
000000
000000
000000
000000
000000
000000
000000
000000
000000
000000
000000
000000
000000
000000
000000
000000
000000
000000
000000
000000
000000
000000
000000
000000
000000
000000
000000
000000
000000
000000
000000
000000
000000
000000
000000
000000
000000
000000
000000
000000
000000
000000
000000
000000
000000
000000
000000
000000
000000
000000
000000
000000
000000
000000
000000
000000
000000
000000
000000
000000
000000
000000
000000
000000
000000
000000
000000
000000
000000
000000
000000
000000
000000
000000
000000
000000
000000
000000
000000
000000
000000
000000
000000
000000
000000
000000
000000
000000
000000
000000
000000
000000
000000
000000
000000
000000
000000
000000
000000
000000
000000
000000
000000
000000
000000
000000
000000
000000
000000
000000
000000
000000
000000
000000
000000
000000
000000
000000
000000
000000
000000
000000
000000
000000
000000
000000
000000
000000
000000
000000
000000
000000
000000
000000
000000
000000
000000
000000
000000
000000
000000
000000
000000
000000
000000
000000
000000
000000
000000
000000
000000
000000
000000
000000
000000
000000
000000
000000
000000
000000
000000
000000
000000
000000
000000
000000
000000
000000
000000
000000
000000
000000
000000
000000
000000
000000
000000
000000
000000
000000
000000
000000
000000
000000
000000
000000
000000
000000
000000
000000
000000
000000
000000
000000
000000
000000
000000
000000
000000
000000
000000
000000
000000
000000
000000
000000
000000
000000
000000
000000
000000
000000
000000
000000
000000
000000
000000
000000
000000
000000
000000
000000
000000
000000
000000
000000
000000
000000
000000
000000
000000
000000
000000
000000
000000
000000
000000
000000
000000
000000
000000
000000
000000
000000
000000
000000
000000
000000
000000
000000
000000
000000
000000
000000
000000
000000
000000
000000
000000
000000
000000
000000
000000
000000
000000
000000
000000
000000
000000
000000
000000
000000
000000
000000
000000
000000
000000
000000
000000
000000
000000
000000
000000
000000
000000
000000
000000
000000
000000
000000
000000
000000
000000
000000
000000
000000
000000
000000
000000
000000
000000
000000
000000
000000
000000
000000
000000
000000
000000
000000
000000
000000
000000
000000
000000
000000
000000
000000
000000
000000
000000
000000
000000
000000
000000
000000
000000
000000
000000
000000
000000
000000
000000
000000
000000
000000
000000
000000
000000
000000
000000
000000
000000
000000
000000
000000
000000
000000
000000
000000
000000
000000
000000
000000
000000
000000
000000
000000
000000
000000
000000
000000
000000
000000
000000
000000
000000
000000
000000
000000
000000
000000
000000
000000
000000
000000
000000
000000
000000
000000
000000
000000
000000
000000
000000
000000
000000
000000
000000
000000
000000
000000
000000
000000
000000
000000
000000
000000
000000
000000
000000
000000
000000
000000
000000
000000
000000
000000
000000
000000
000000
000000
000000
000000
000000
000000
000000
000000
000000
000000
000000
000000
000000
000000
000000
000000
000000
000000
000000
000000
000000
ffffff
ffffff
000000
000000
000000
000000
000000
000000
000000
000000
000000
000000
000000
000000
000000
000000
000000
000000
000000
000000
000000
000000
000000
000000
000000
000000
000000
000000
000000
000000
000000
000000
ffffff
ffffff
000000
000000
000000
000000
000000
000000
000000
000000
000000
000000
000000
000000
000000
000000
000000
000000
000000
000000
000000
000000
000000
000000
000000
000000
000000
000000
000000
000000
000000
000000
ffffff
ffffff
000000
000000
000000
000000
000000
000000
000000
000000
000000
000000
000000
000000
000000
000000
000000
000000
000000
000000
000000
000000
000000
000000
000000
000000
000000
000000
000000
000000
000000
000000
ffffff
ffffff
000000
000000
000000
000000
000000
000000
000000
000000
000000
000000
000000
000000
000000
000000
000000
000000
000000
000000
000000
000000
000000
000000
000000
000000
000000
000000
000000
000000
000000
000000
ffffff
ffffff
000000
000000
000000
000000
000000
000000
000000
000000
000000
000000
000000
000000
000000
000000
000000
000000
000000
000000
000000
000000
000000
000000
000000
000000
000000
000000
000000
000000
000000
000000
ffffff
ffffff
000000
000000
000000
000000
000000
000000
000000
000000
000000
000000
000000
000000
000000
000000
000000
000000
000000
000000
000000
000000
000000
000000
000000
000000
000000
000000
000000
000000
000000
000000
ffffff
ffffff
000000
000000
000000
000000
000000
000000
000000
000000
000000
000000
000000
000000
000000
000000
000000
000000
000000
000000
000000
000000
000000
000000
000000
000000
000000
000000
000000
000000
000000
000000
ffffff
ffffff
000000
000000
000000
000000
000000
000000
000000
000000
000000
000000
000000
000000
000000
000000
000000
000000
000000
000000
000000
000000
000000
000000
000000
000000
000000
000000
000000
000000
000000
000000
ffffff
ffffff
000000
000000
000000
000000
000000
000000
000000
000000
000000
000000
000000
000000
000000
000000
000000
000000
000000
000000
000000
000000
000000
000000
000000
000000
000000
000000
000000
000000
000000
000000
ffffff
ffffff
000000
000000
000000
000000
000000
000000
000000
000000
000000
000000
000000
000000
000000
000000
000000
000000
000000
000000
000000
000000
000000
000000
000000
000000
000000
000000
000000
000000
000000
000000
ffffff
ffffff
000000
000000
000000
000000
000000
000000
000000
000000
000000
000000
000000
000000
000000
000000
000000
000000
000000
000000
000000
000000
000000
000000
000000
000000
000000
000000
000000
000000
000000
000000
ffffff
ffffff
000000
000000
000000
000000
000000
000000
000000
000000
000000
000000
000000
000000
000000
000000
000000
000000
000000
000000
000000
000000
000000
000000
000000
000000
000000
000000
000000
000000
000000
000000
ffffff
ffffff
000000
000000
000000
000000
000000
000000
000000
000000
000000
000000
000000
000000
000000
000000
000000
000000
000000
000000
000000
000000
000000
000000
000000
000000
000000
000000
000000
000000
000000
000000
ffffff
ffffff
000000
000000
000000
000000
000000
000000
000000
000000
000000
000000
000000
000000
000000
000000
000000
000000
000000
000000
000000
000000
000000
000000
000000
000000
000000
000000
000000
000000
000000
000000
ffffff
ffffff
000000
000000
000000
000000
000000
000000
000000
000000
000000
000000
000000
000000
000000
000000
000000
000000
000000
000000
000000
000000
000000
000000
000000
000000
000000
000000
000000
000000
000000
000000
ffffff
ffffff
000000
000000
000000
000000
000000
000000
000000
000000
000000
000000
000000
000000
000000
000000
000000
000000
000000
000000
000000
000000
000000
000000
000000
000000
000000
000000
000000
000000
000000
000000
ffffff
ffffff
000000
000000
000000
000000
000000
000000
000000
000000
000000
000000
000000
000000
000000
000000
000000
000000
000000
000000
000000
000000
000000
000000
000000
000000
000000
000000
000000
000000
000000
000000
ffffff
ffffff
000000
000000
000000
000000
000000
000000
000000
000000
000000
000000
000000
000000
000000
000000
000000
000000
000000
000000
000000
000000
000000
000000
000000
000000
000000
000000
000000
000000
000000
000000
ffffff
ffffff
000000
000000
000000
000000
000000
000000
000000
000000
000000
000000
000000
000000
000000
000000
000000
000000
000000
000000
000000
000000
000000
000000
000000
000000
000000
000000
000000
000000
000000
000000
ffffff
ffffff
000000
000000
000000
000000
000000
000000
000000
000000
000000
000000
000000
000000
000000
000000
000000
000000
000000
000000
000000
000000
000000
000000
000000
000000
000000
000000
000000
000000
000000
000000
000000
000000
000000
000000
000000
000000
000000
000000
000000
000000
000000
000000
000000
000000
000000
000000
000000
000000
000000
000000
000000
000000
000000
000000
000000
000000
000000
000000
000000
000000
000000
000000
000000
000000
000000
000000
000000
000000
000000
000000
000000
000000
000000
000000
000000
000000
000000
000000
000000
000000
000000
000000
000000
000000
000000
000000
000000
000000
000000
000000
000000
000000
000000
000000
000000
000000
000000
000000
000000
000000
000000
000000
000000
000000
000000
000000
000000
000000
000000
000000
000000
000000
000000
000000
000000
000000
000000
000000
000000
000000
000000
000000
000000
000000
000000
000000
000000
000000
000000
000000
000000
000000
000000
000000
000000
000000
000000
000000
000000
000000
000000
000000
000000
000000
000000
000000
000000
000000
000000
000000
000000
000000
000000
000000
000000
000000
000000
000000
000000
000000
000000
000000
000000
000000
000000
000000
000000
000000
000000
000000
000000
000000
000000
000000
000000
000000
000000
000000
000000
000000
000000
000000
000000
000000
000000
000000
000000
000000
000000
000000
000000
000000
000000
000000
000000
000000
000000
000000
000000
000000
000000
000000
000000
000000
000000
000000
000000
000000
000000
000000
000000
000000
000000
000000
000000
000000
000000
000000
000000
000000
000000
000000
000000
000000
000000
000000
000000
000000
000000
000000
000000
000000
000000
000000
000000
000000
000000
000000
000000
000000
000000
000000
000000
000000
000000
000000
000000
000000
000000
000000
000000
000000
000000
000000
000000
000000
000000
000000
000000
000000
000000
000000
000000
000000
000000
000000
000000
000000
000000
000000
000000
000000
000000
000000
000000
000000
000000
000000
000000
000000
000000
000000
000000
000000
000000
000000
000000
000000
000000
000000
000000
000000
000000
000000
000000
000000
000000
000000
000000
000000
000000
000000
000000
000000
000000
000000
000000
000000
000000
000000
000000
000000
000000
000000
000000
000000
000000
000000
000000
000000
000000
000000
000000
000000
000000
000000
000000
000000
000000
000000
000000
000000
000000
000000
000000
000000
000000
000000
000000
000000
000000
000000
000000
000000
000000
000000
000000
000000
000000
000000
000000
000000
000000
000000
000000
000000
000000
000000
000000
000000
000000
000000
000000
000000
000000
000000
000000
000000
000000
000000
000000
000000
000000
000000
000000
000000
000000
000000
000000
000000
000000
000000
000000
000000
000000
000000
000000
000000
000000
000000
000000
000000
000000
000000
000000
000000
000000
000000
000000
000000
000000
000000
000000
000000
000000
000000
000000
000000
000000
000000
000000
000000
000000
000000
000000
000000
000000
000000
000000
000000
000000
000000
000000
000000
000000
000000
000000
000000
000000
000000
000000
000000
000000
ffffff
ffffff
ffffff
ffffff
ffffff
ffffff
ffffff
ffffff
ffffff
ffffff
ffffff
ffffff
ffffff
ffffff
ffffff
ffffff
ffffff
ffffff
ffffff
ffffff
ffffff
ffffff
ffffff
ffffff
ffffff
ffffff
ffffff
ffffff
000000
000000
000000
000000
ffffff
ffffff
ffffff
ffffff
ffffff
ffffff
ffffff
ffffff
ffffff
ffffff
ffffff
ffffff
ffffff
ffffff
ffffff
ffffff
ffffff
ffffff
ffffff
ffffff
ffffff
ffffff
ffffff
ffffff
ffffff
ffffff
ffffff
ffffff
000000
000000
000000
000000
000000
000000
000000
000000
000000
000000
000000
000000
000000
000000
000000
000000
000000
000000
000000
000000
000000
000000
000000
000000
000000
000000
000000
000000
000000
000000
000000
000000
000000
000000
000000
000000
000000
000000
000000
000000
000000
000000
000000
000000
000000
000000
000000
000000
000000
000000
000000
000000
000000
000000
000000
000000
000000
000000
000000
000000
000000
000000
000000
000000
000000
000000
000000
000000
000000
000000
000000
000000
000000
000000
000000
000000
000000
000000
000000
000000
000000
000000
000000
000000
000000
000000
000000
000000
000000
000000
000000
000000
000000
000000
000000
000000
000000
000000
000000
000000
000000
000000
000000
000000
000000
000000
000000
000000
000000
000000
000000
000000
000000
000000
000000
000000
000000
000000
000000
000000
000000
000000
000000
000000
000000
000000
000000
000000
000000
000000
000000
000000
000000
000000
000000
000000
000000
000000
000000
000000
000000
000000
000000
000000
000000
000000
000000
000000
000000
000000
000000
000000
000000
000000
000000
000000
000000
000000
000000
000000
000000
000000
000000
000000
000000
000000
000000
000000
000000
000000
000000
000000
000000
000000
000000
000000
000000
000000
000000
000000
000000
000000
000000
000000
000000
000000
000000
000000
000000
000000
000000
000000
000000
000000
000000
000000
000000
000000
000000
000000
000000
000000
000000
000000
000000
000000
000000
000000
000000
000000
000000
000000
000000
000000
000000
000000
000000
000000
000000
000000
000000
000000
000000
000000
000000
000000
000000
000000
000000
000000
000000
000000
000000
000000
000000
000000
000000
000000
000000
000000
000000
000000
000000
000000
000000
000000
000000
000000
000000
000000
000000
000000
000000
000000
000000
000000
000000
000000
000000
000000
000000
000000
000000
000000
000000
000000
000000
000000
000000
000000
000000
000000
000000
000000
000000
000000
000000
000000
000000
000000
000000
000000
000000
000000
000000
000000
000000
000000
000000
000000
000000
000000
000000
000000
000000
000000
000000
000000
000000
000000
000000
000000
000000
000000
000000
000000
000000
000000
000000
000000
000000
000000
000000
000000
000000
000000
000000
000000
000000
000000
000000
000000
000000
000000
000000
000000
000000
000000
000000
000000
000000
000000
000000
000000
000000
000000
000000
000000
000000
000000
000000
000000
000000
000000
000000
000000
000000
000000
000000
000000
000000
000000
000000
000000
000000
000000
000000
000000
000000
000000
000000
000000
000000
000000
000000
000000
000000
000000
000000
000000
000000
000000
000000
000000
000000
000000
000000
000000
000000
000000
000000
000000
000000
000000
000000
000000
000000
000000
000000
000000
000000
000000
000000
000000
000000
000000
000000
000000
000000
000000
000000
000000
000000
000000
000000
000000
000000
000000
000000
000000
000000
000000
000000
000000
000000
000000
000000
000000
000000
000000
000000
000000
000000
000000
000000
000000
000000
000000
000000
000000
000000
000000
000000
000000
000000
000000
000000
000000
000000
000000
000000
000000
000000
000000
000000
000000
000000
000000
000000
000000
000000
000000
000000
000000
000000
000000
000000
000000
000000
000000
000000
000000
000000
000000
000000
000000
000000
000000
000000
000000
000000
000000
000000
000000
000000
000000
000000
000000
000000
000000
000000
000000
000000
000000
000000
000000
000000
000000
000000
000000
000000
000000
000000
000000
000000
000000
000000
000000
000000
000000
000000
000000
000000
000000
000000
000000
000000
000000
000000
000000
000000
000000
000000
000000
000000
000000
000000
000000
000000
000000
000000
000000
000000
000000
000000
000000
000000
000000
000000
000000
000000
000000
000000
000000
000000
000000
000000
000000
000000
000000
000000
000000
000000
000000
000000
000000
000000
000000
000000
000000
000000
000000
000000
000000
000000
000000
000000
000000
000000
000000
000000
000000
000000
000000
000000
000000
000000
000000
000000
000000
000000
000000
000000
000000
000000
000000
000000
000000
000000
000000
000000
000000
000000
000000
000000
000000
000000
000000
000000
000000
000000
000000
000000
000000
000000
000000
000000
000000
000000
000000
000000
000000
000000
000000
000000
000000
000000
000000
000000
000000
000000
000000
000000
000000
000000
000000
000000
000000
000000
000000
000000
000000
000000
000000
000000
000000
000000
000000
000000
000000
000000
000000
000000
000000
000000
000000
000000
000000
000000
000000
000000
000000
000000
000000
000000
000000
000000
000000
000000
000000
000000
000000
000000
000000
000000
000000
000000
000000
000000
000000
000000
000000
000000
000000
000000
000000
000000
000000
000000
000000
000000
000000
000000
000000
000000
000000
000000
000000
000000
000000
000000
000000
000000
000000
000000
000000
000000
000000
000000
000000
000000
000000
000000
000000
000000
000000
000000
000000
000000
000000
000000
000000
000000
000000
000000
000000
000000
000000
000000
000000
000000
000000
000000
000000
000000
000000
000000
000000
000000
000000
000000
000000
000000
000000
000000
000000
000000
000000
000000
000000
000000
000000
000000
000000
000000
000000
000000
000000
000000
000000
000000
000000
000000
000000
000000
000000
000000
000000
000000
000000
000000
000000
000000
000000
000000
000000
000000
000000
000000
000000
000000
000000
000000
000000
000000
000000
000000
000000
000000
000000
000000
000000
000000
000000
000000
000000
000000
000000
000000
000000
000000
000000
000000
000000
000000
000000
000000
000000
000000
000000
000000
000000
000000
000000
000000
000000
000000
000000
000000
000000
000000
000000
000000
000000
000000
000000
000000
000000
000000
000000
000000
000000
000000
000000
000000
000000
000000
000000
000000
000000
000000
000000
000000
000000
000000
000000
000000
000000
000000
000000
000000
000000
000000
000000
000000
000000
000000
000000
000000
000000
000000
000000
000000
000000
000000
000000
000000
000000
000000
000000
000000
000000
000000
000000
000000
000000
000000
000000
000000
000000
000000
000000
000000
000000
000000
000000
000000
000000
000000
000000
000000
000000
000000
000000
000000
000000
000000
000000
000000
000000
000000
000000
000000
000000
000000
000000
000000
000000
000000
000000
000000
000000
000000
000000
000000
000000
000000
000000
000000
000000
000000
000000
000000
000000
000000
000000
000000
000000
000000
000000
000000
000000
000000
000000
000000
000000
000000
000000
000000
000000
000000
000000
000000
000000
000000
000000
000000
000000
000000
000000
000000
000000
000000
000000
000000
000000
000000
000000
000000
000000
000000
000000
000000
000000
000000
000000
000000
000000
000000
000000
000000
000000
000000
000000
000000
000000
000000
000000
000000
000000
000000
000000
000000
000000
000000
000000
000000
000000
000000
000000
000000
000000
000000
000000
000000
000000
000000
000000
000000
000000
000000
000000
000000
000000
000000
000000
000000
000000
000000
000000
000000
000000
000000
000000
000000
000000
000000
000000
000000
000000
000000
000000
000000
000000
000000
000000
000000
000000
000000
000000
000000
000000
000000
000000
000000
000000
000000
000000
000000
000000
000000
000000
000000
000000
000000
000000
000000
000000
000000
000000
000000
000000
000000
000000
000000
000000
000000
000000
000000
000000
000000
000000
000000
000000
000000
000000
000000
000000
000000
000000
000000
000000
000000
000000
000000
000000
000000
000000
000000
000000
000000
000000
000000
000000
000000
000000
000000
000000
000000
000000
000000
000000
000000
000000
000000
000000
000000
000000
000000
000000
000000
000000
000000
000000
000000
000000
000000
000000
000000
000000
000000
000000
000000
000000
000000
000000
000000
000000
000000
000000
000000
000000
000000
000000
000000
000000
000000
000000
000000
000000
000000
000000
000000
000000
000000
000000
000000
000000
000000
000000
000000
000000
000000
000000
000000
000000
000000
000000
000000
000000
000000
000000
000000
000000
000000
000000
000000
000000
000000
000000
000000
000000
000000
000000
000000
000000
000000
000000
000000
000000
000000
000000
000000
000000
000000
000000
000000
000000
000000
000000
000000
000000
000000
000000
000000
000000
000000
000000
000000
000000
000000
000000
000000
000000
000000
000000
000000
000000
000000
000000
000000
000000
000000
000000
000000
000000
000000
000000
ffffff
ffffff
ffffff
ffffff
ffffff
ffffff
ffffff
ffffff
ffffff
ffffff
ffffff
ffffff
ffffff
ffffff
ffffff
ffffff
ffffff
ffffff
ffffff
ffffff
ffffff
ffffff
ffffff
ffffff
ffffff
ffffff
ffffff
ffffff
000000
000000
000000
000000
ffffff
ffffff
ffffff
ffffff
ffffff
ffffff
ffffff
ffffff
ffffff
ffffff
ffffff
000000
ffffff
ffffff
ffffff
ffffff
ffffff
ffffff
ffffff
ffffff
ffffff
ffffff
ffffff
ffffff
ffffff
ffffff
ffffff
ffffff
000000
000000
000000
000000
ffffff
ffffff
ffffff
ffffff
ffffff
ffffff
ffffff
ffffff
ffffff
ffffff
000000
ffffff
ffffff
ffffff
ffffff
ffffff
ffffff
ffffff
ffffff
ffffff
ffffff
ffffff
ffffff
ffffff
ffffff
ffffff
ffffff
ffffff
000000
000000
000000
000000
ffffff
ffffff
ffffff
ffffff
ffffff
ffffff
ffffff
000000
ffffff
ffffff
ffffff
ffffff
ffffff
ffffff
ffffff
ffffff
ffffff
ffffff
ffffff
ffffff
ffffff
000000
000000
ffffff
ffffff
ffffff
ffffff
ffffff
000000
000000
000000
000000
ffffff
ffffff
ffffff
ffffff
ffffff
ffffff
ffffff
ffffff
ffffff
ffffff
ffffff
ffffff
ffffff
ffffff
ffffff
ffffff
ffffff
ffffff
ffffff
ffffff
ffffff
ffffff
ffffff
ffffff
ffffff
ffffff
ffffff
ffffff
000000
000000
000000
000000
ffffff
ffffff
ffffff
ffffff
ffffff
ffffff
ffffff
ffffff
ffffff
ffffff
ffffff
ffffff
ffffff
ffffff
000000
ffffff
ffffff
ffffff
000000
000000
ffffff
000000
ffffff
ffffff
ffffff
ffffff
ffffff
ffffff
000000
000000
000000
000000
ffffff
ffffff
ffffff
ffffff
ffffff
ffffff
ffffff
ffffff
ffffff
ffffff
ffffff
ffffff
ffffff
ffffff
ffffff
ffffff
ffffff
ffffff
ffffff
000000
ffffff
000000
ffffff
ffffff
ffffff
ffffff
ffffff
ffffff
000000
000000
000000
000000
ffffff
ffffff
ffffff
000000
000000
ffffff
ffffff
000000
ffffff
ffffff
ffffff
ffffff
ffffff
ffffff
ffffff
ffffff
ffffff
ffffff
ffffff
ffffff
ffffff
ffffff
ffffff
000000
ffffff
ffffff
ffffff
ffffff
000000
000000
000000
000000
000000
ffffff
ffffff
ffffff
000000
ffffff
ffffff
ffffff
ffffff
ffffff
ffffff
ffffff
ffffff
ffffff
ffffff
ffffff
000000
000000
ffffff
ffffff
ffffff
ffffff
ffffff
ffffff
ffffff
ffffff
ffffff
ffffff
000000
000000
000000
000000
ffffff
ffffff
ffffff
ffffff
ffffff
ffffff
ffffff
ffffff
000000
ffffff
ffffff
ffffff
ffffff
ffffff
ffffff
ffffff
000000
ffffff
ffffff
ffffff
ffffff
000000
ffffff
000000
ffffff
ffffff
000000
000000
000000
000000
000000
000000
ffffff
ffffff
ffffff
ffffff
ffffff
ffffff
ffffff
ffffff
ffffff
ffffff
ffffff
ffffff
ffffff
ffffff
ffffff
ffffff
ffffff
ffffff
ffffff
ffffff
ffffff
ffffff
ffffff
ffffff
ffffff
ffffff
ffffff
000000
000000
000000
000000
000000
ffffff
ffffff
ffffff
ffffff
ffffff
ffffff
ffffff
ffffff
ffffff
ffffff
ffffff
ffffff
ffffff
ffffff
ffffff
ffffff
ffffff
ffffff
ffffff
ffffff
ffffff
ffffff
ffffff
000000
ffffff
ffffff
ffffff
ffffff
000000
000000
000000
000000
ffffff
ffffff
ffffff
ffffff
ffffff
ffffff
ffffff
ffffff
ffffff
ffffff
ffffff
ffffff
ffffff
ffffff
ffffff
ffffff
ffffff
ffffff
ffffff
ffffff
000000
ffffff
ffffff
ffffff
ffffff
ffffff
ffffff
ffffff
000000
000000
000000
000000
ffffff
ffffff
ffffff
ffffff
ffffff
ffffff
ffffff
ffffff
ffffff
000000
000000
ffffff
ffffff
ffffff
ffffff
ffffff
ffffff
ffffff
ffffff
ffffff
ffffff
ffffff
ffffff
ffffff
ffffff
ffffff
000000
ffffff
000000
000000
000000
000000
ffffff
ffffff
ffffff
ffffff
ffffff
000000
ffffff
ffffff
ffffff
ffffff
ffffff
ffffff
ffffff
ffffff
ffffff
ffffff
ffffff
ffffff
ffffff
ffffff
ffffff
ffffff
ffffff
ffffff
ffffff
000000
ffffff
ffffff
000000
000000
000000
000000
ffffff
ffffff
ffffff
ffffff
ffffff
ffffff
ffffff
ffffff
ffffff
ffffff
ffffff
ffffff
ffffff
ffffff
ffffff
ffffff
ffffff
ffffff
ffffff
ffffff
ffffff
ffffff
ffffff
ffffff
ffffff
ffffff
ffffff
ffffff
000000
000000
000000
000000
ffffff
ffffff
ffffff
000000
ffffff
ffffff
ffffff
ffffff
ffffff
ffffff
ffffff
ffffff
ffffff
ffffff
ffffff
ffffff
ffffff
ffffff
ffffff
ffffff
ffffff
ffffff
ffffff
ffffff
ffffff
ffffff
ffffff
ffffff
000000
000000
000000
000000
ffffff
ffffff
000000
ffffff
ffffff
ffffff
ffffff
ffffff
ffffff
ffffff
ffffff
ffffff
ffffff
ffffff
ffffff
ffffff
ffffff
ffffff
ffffff
ffffff
ffffff
ffffff
000000
ffffff
ffffff
ffffff
ffffff
ffffff
000000
000000
000000
000000
ffffff
ffffff
ffffff
ffffff
ffffff
ffffff
ffffff
ffffff
ffffff
ffffff
ffffff
ffffff
ffffff
ffffff
ffffff
ffffff
ffffff
ffffff
ffffff
ffffff
ffffff
ffffff
ffffff
ffffff
000000
ffffff
ffffff
ffffff
000000
000000
000000
000000
ffffff
ffffff
ffffff
ffffff
ffffff
ffffff
ffffff
ffffff
ffffff
ffffff
ffffff
ffffff
ffffff
000000
ffffff
ffffff
ffffff
ffffff
ffffff
ffffff
ffffff
ffffff
ffffff
ffffff
ffffff
ffffff
ffffff
ffffff
000000
000000
000000
000000
000000
000000
000000
000000
000000
000000
000000
000000
000000
000000
000000
000000
000000
000000
000000
000000
000000
000000
000000
000000
000000
000000
000000
000000
000000
000000
000000
000000
000000
000000
000000
000000
000000
000000
000000
000000
000000
000000
000000
000000
000000
000000
000000
000000
000000
000000
000000
000000
000000
000000
000000
000000
000000
000000
000000
000000
000000
000000
000000
000000
000000
000000
000000
000000
000000
000000
000000
000000
000000
000000
000000
000000
000000
000000
000000
000000
000000
000000
000000
000000
000000
000000
000000
000000
000000
000000
000000
000000
000000
000000
000000
000000
000000
000000
000000
000000
000000
000000
000000
000000
000000
000000
000000
000000
000000
000000
000000
000000
000000
000000
000000
000000
000000
000000
000000
000000
000000
000000
000000
000000
000000
000000
000000
000000
000000
000000
000000
000000
ffffff
ffffff
ffffff
ffffff
ffffff
ffffff
ffffff
ffffff
ffffff
ffffff
ffffff
ffffff
ffffff
ffffff
ffffff
ffffff
ffffff
ffffff
ffffff
ffffff
ffffff
ffffff
ffffff
ffffff
ffffff
ffffff
ffffff
ffffff
000000
000000
000000
000000
ffffff
ffffff
ffffff
ffffff
ffffff
ffffff
ffffff
ffffff
ffffff
ffffff
ffffff
ffffff
ffffff
ffffff
ffffff
ffffff
ffffff
ffffff
ffffff
ffffff
ffffff
ffffff
ffffff
ffffff
ffffff
ffffff
ffffff
ffffff
000000
000000
000000
000000
ffffff
ffffff
ffffff
ffffff
ffffff
ffffff
ffffff
ffffff
ffffff
ffffff
ffffff
ffffff
ffffff
ffffff
ffffff
ffffff
ffffff
ffffff
ffffff
ffffff
ffffff
ffffff
ffffff
ffffff
ffffff
ffffff
ffffff
ffffff
000000
000000
000000
000000
ffffff
ffffff
ffffff
ffffff
ffffff
ffffff
ffffff
ffffff
ffffff
ffffff
ffffff
ffffff
ffffff
ffffff
ffffff
ffffff
ffffff
ffffff
ffffff
ffffff
ffffff
ffffff
ffffff
ffffff
ffffff
ffffff
ffffff
ffffff
000000
000000
000000
000000
ffffff
ffffff
ffffff
ffffff
ffffff
ffffff
ffffff
ffffff
ffffff
ffffff
ffffff
ffffff
ffffff
ffffff
ffffff
ffffff
ffffff
ffffff
ffffff
ffffff
ffffff
ffffff
ffffff
ffffff
ffffff
ffffff
ffffff
ffffff
000000
000000
000000
000000
ffffff
ffffff
ffffff
ffffff
ffffff
ffffff
ffffff
ffffff
ffffff
ffffff
ffffff
ffffff
ffffff
ffffff
ffffff
ffffff
ffffff
ffffff
ffffff
ffffff
ffffff
ffffff
ffffff
ffffff
ffffff
ffffff
ffffff
ffffff
000000
000000
000000
000000
ffffff
ffffff
ffffff
ffffff
ffffff
ffffff
ffffff
ffffff
ffffff
ffffff
ffffff
ffffff
ffffff
ffffff
ffffff
ffffff
ffffff
ffffff
ffffff
ffffff
ffffff
ffffff
ffffff
ffffff
ffffff
ffffff
ffffff
ffffff
000000
000000
000000
000000
ffffff
ffffff
ffffff
ffffff
ffffff
ffffff
ffffff
ffffff
ffffff
ffffff
ffffff
ffffff
ffffff
ffffff
ffffff
ffffff
ffffff
ffffff
ffffff
ffffff
ffffff
ffffff
ffffff
ffffff
ffffff
ffffff
ffffff
ffffff
000000
000000
000000
000000
ffffff
ffffff
ffffff
ffffff
ffffff
ffffff
ffffff
ffffff
ffffff
ffffff
ffffff
ffffff
ffffff
ffffff
ffffff
ffffff
ffffff
ffffff
ffffff
ffffff
ffffff
ffffff
ffffff
ffffff
ffffff
ffffff
ffffff
ffffff
000000
000000
000000
000000
ffffff
ffffff
ffffff
ffffff
ffffff
ffffff
ffffff
ffffff
ffffff
ffffff
ffffff
ffffff
ffffff
ffffff
ffffff
ffffff
ffffff
ffffff
ffffff
ffffff
ffffff
ffffff
ffffff
ffffff
ffffff
ffffff
ffffff
ffffff
000000
000000
000000
000000
ffffff
ffffff
ffffff
ffffff
ffffff
ffffff
ffffff
ffffff
ffffff
ffffff
ffffff
ffffff
ffffff
ffffff
ffffff
ffffff
ffffff
ffffff
ffffff
ffffff
ffffff
ffffff
ffffff
ffffff
ffffff
ffffff
ffffff
ffffff
000000
000000
000000
000000
ffffff
ffffff
ffffff
ffffff
ffffff
ffffff
ffffff
ffffff
ffffff
ffffff
ffffff
ffffff
ffffff
ffffff
ffffff
ffffff
ffffff
ffffff
ffffff
ffffff
ffffff
ffffff
ffffff
ffffff
ffffff
ffffff
ffffff
ffffff
000000
000000
000000
000000
ffffff
ffffff
ffffff
ffffff
ffffff
ffffff
ffffff
ffffff
ffffff
ffffff
ffffff
ffffff
ffffff
ffffff
ffffff
ffffff
ffffff
ffffff
ffffff
ffffff
ffffff
ffffff
ffffff
ffffff
ffffff
ffffff
ffffff
ffffff
000000
000000
000000
000000
ffffff
ffffff
ffffff
ffffff
ffffff
ffffff
ffffff
ffffff
ffffff
ffffff
ffffff
ffffff
ffffff
ffffff
ffffff
ffffff
ffffff
ffffff
ffffff
ffffff
ffffff
ffffff
ffffff
ffffff
ffffff
ffffff
ffffff
ffffff
000000
000000
000000
000000
ffffff
ffffff
ffffff
ffffff
ffffff
ffffff
ffffff
ffffff
ffffff
ffffff
ffffff
ffffff
ffffff
ffffff
ffffff
ffffff
ffffff
ffffff
ffffff
ffffff
ffffff
ffffff
ffffff
ffffff
ffffff
ffffff
ffffff
ffffff
000000
000000
000000
000000
ffffff
ffffff
ffffff
ffffff
ffffff
ffffff
ffffff
ffffff
ffffff
ffffff
ffffff
ffffff
ffffff
ffffff
ffffff
ffffff
ffffff
ffffff
ffffff
ffffff
ffffff
ffffff
ffffff
ffffff
ffffff
ffffff
ffffff
ffffff
000000
000000
000000
000000
ffffff
ffffff
ffffff
ffffff
ffffff
ffffff
ffffff
ffffff
ffffff
ffffff
ffffff
ffffff
ffffff
ffffff
ffffff
ffffff
ffffff
ffffff
ffffff
ffffff
ffffff
ffffff
ffffff
ffffff
ffffff
ffffff
ffffff
ffffff
000000
000000
000000
000000
ffffff
ffffff
ffffff
ffffff
ffffff
ffffff
ffffff
ffffff
ffffff
ffffff
ffffff
ffffff
ffffff
ffffff
ffffff
ffffff
ffffff
ffffff
ffffff
ffffff
ffffff
ffffff
ffffff
ffffff
ffffff
ffffff
ffffff
ffffff
000000
000000
000000
000000
ffffff
ffffff
ffffff
ffffff
ffffff
ffffff
ffffff
ffffff
ffffff
ffffff
ffffff
ffffff
ffffff
ffffff
ffffff
ffffff
ffffff
ffffff
ffffff
ffffff
ffffff
ffffff
ffffff
ffffff
ffffff
ffffff
ffffff
ffffff
000000
000000
000000
000000
ffffff
ffffff
ffffff
ffffff
ffffff
ffffff
ffffff
ffffff
ffffff
ffffff
ffffff
ffffff
ffffff
ffffff
ffffff
ffffff
ffffff
ffffff
ffffff
ffffff
ffffff
ffffff
ffffff
ffffff
ffffff
ffffff
ffffff
ffffff
000000
000000
000000
000000
000000
000000
000000
000000
000000
000000
000000
000000
000000
000000
000000
000000
000000
000000
000000
000000
000000
000000
000000
000000
000000
000000
000000
000000
000000
000000
000000
000000
000000
000000
000000
000000
000000
000000
000000
000000
000000
000000
000000
000000
000000
000000
000000
000000
000000
000000
000000
000000
000000
000000
000000
000000
000000
000000
000000
000000
000000
000000
000000
000000
000000
000000
000000
000000
000000
000000
000000
000000
000000
000000
000000
000000
000000
000000
000000
000000
000000
000000
000000
000000
000000
000000
000000
000000
000000
000000
000000
000000
000000
000000
000000
000000
000000
000000
000000
000000
000000
000000
000000
000000
000000
000000
000000
000000
000000
000000
000000
000000
000000
000000
000000
000000
000000
000000
000000
000000
000000
000000
000000
000000
000000
000000
000000
000000
000000
000000
000000
000000
000000
000000
000000
000000
000000
000000
000000
000000
000000
000000
000000
000000
000000
000000
000000
000000
000000
000000
000000
000000
000000
000000
000000
000000
000000
000000
000000
000000
000000
000000
000000
000000
000000
000000
000000
000000
000000
000000
000000
000000
000000
000000
000000
000000
000000
000000
000000
000000
000000
000000
000000
000000
000000
000000
000000
000000
000000
000000
000000
000000
000000
000000
000000
000000
000000
000000
000000
000000
000000
000000
000000
000000
000000
000000
000000
000000
000000
000000
000000
000000
000000
000000
000000
000000
000000
000000
000000
000000
000000
000000
000000
000000
000000
000000
000000
000000
000000
000000
000000
000000
000000
000000
000000
000000
000000
000000
000000
000000
000000
000000
000000
000000
000000
000000
000000
000000
000000
000000
000000
000000
000000
000000
000000
000000
000000
000000
000000
000000
000000
000000
000000
000000
000000
000000
000000
000000
000000
000000
000000
000000
000000
000000
000000
000000
000000
000000
000000
000000
000000
000000
000000
000000
000000
000000
000000
000000
000000
000000
000000
000000
000000
000000
000000
000000
000000
000000
000000
000000
000000
000000
000000
000000
000000
000000
000000
000000
000000
000000
000000
000000
000000
000000
000000
000000
000000
000000
000000
000000
000000
000000
000000
000000
000000
000000
000000
000000
000000
000000
000000
000000
000000
000000
000000
000000
000000
000000
000000
000000
000000
000000
000000
000000
000000
000000
000000
000000
000000
000000
000000
000000
000000
000000
000000
000000
000000
000000
000000
000000
000000
000000
000000
000000
000000
000000
000000
000000
000000
000000
000000
000000
000000
000000
000000
000000
000000
000000
000000
000000
000000
000000
000000
000000
000000
000000
000000
000000
000000
000000
000000
000000
000000
000000
000000
000000
000000
000000
000000
000000
000000
000000
000000
000000
000000
000000
000000
000000
000000
000000
000000
000000
000000
000000
000000
000000
000000
000000
000000
000000
000000
000000
000000
000000
000000
000000
000000
000000
000000
000000
000000
000000
000000
000000
000000
000000
000000
000000
000000
000000
000000
000000
000000
000000
000000
000000
000000
000000
000000
000000
000000
000000
000000
000000
000000
000000
000000
000000
000000
000000
000000
000000
000000
000000
000000
000000
000000
000000
000000
000000
000000
000000
000000
000000
000000
000000
000000
000000
000000
000000
000000
000000
000000
000000
000000
000000
000000
000000
000000
000000
000000
000000
000000
000000
000000
000000
000000
000000
000000
000000
000000
000000
000000
000000
000000
000000
000000
000000
000000
000000
000000
000000
000000
000000
000000
000000
000000
000000
000000
000000
000000
000000
000000
000000
000000
000000
000000
000000
000000
000000
000000
000000
000000
000000
000000
000000
000000
000000
000000
000000
000000
000000
000000
000000
000000
000000
000000
000000
000000
000000
000000
000000
000000
000000
000000
000000
000000
000000
000000
000000
000000
000000
000000
000000
000000
000000
000000
000000
000000
000000
000000
000000
000000
000000
000000
000000
000000
000000
000000
000000
000000
000000
000000
000000
000000
000000
000000
000000
000000
000000
000000
000000
000000
000000
000000
000000
000000
000000
000000
000000
000000
000000
000000
000000
000000
000000
000000
000000
000000
000000
000000
000000
000000
000000
000000
000000
000000
000000
000000
000000
000000
000000
000000
000000
000000
000000
000000
000000
000000
000000
000000
000000
000000
000000
000000
000000
000000
000000
000000
000000
000000
000000
000000
000000
000000
000000
000000
000000
000000
000000
000000
000000
000000
000000
000000
000000
000000
000000
000000
000000
000000
000000
000000
000000
000000
000000
000000
000000
000000
000000
000000
000000
000000
000000
000000
000000
000000
000000
000000
000000
000000
000000
000000
000000
000000
000000
000000
000000
000000
000000
000000
000000
000000
000000
000000
000000
000000
000000
000000
000000
000000
000000
000000
000000
000000
000000
000000
000000
000000
000000
000000
000000
000000
000000
000000
000000
000000
000000
000000
000000
000000
000000
000000
000000
000000
000000
000000
000000
000000
000000
000000
000000
000000
000000
000000
000000
000000
000000
000000
000000
000000
000000
000000
000000
000000
000000
000000
000000
000000
000000
000000
000000
000000
000000
000000
000000
000000
000000
000000
000000
000000
000000
000000
000000
000000
000000
000000
000000
000000
000000
000000
000000
000000
000000
000000
000000
000000
000000
000000
000000
000000
000000
000000
000000
000000
000000
000000
000000
000000
000000
000000
000000
000000
000000
000000
000000
000000
000000
000000
000000
000000
000000
000000
000000
000000
000000
000000
000000
000000
000000
000000
000000
000000
000000
000000
000000
000000
000000
000000
000000
000000
000000
000000
000000
000000
000000
000000
000000
000000
000000
000000
000000
000000
000000
000000
000000
000000
000000
000000
000000
000000
000000
000000
000000
000000
000000
000000
000000
000000
000000
000000
000000
000000
000000
000000
000000
000000
000000
000000
000000
000000
000000
000000
000000
000000
000000
000000
000000
000000
000000
000000
000000
000000
000000
000000
000000
000000
000000
000000
000000
000000
000000
000000
000000
000000
000000
000000
000000
000000
000000
000000
000000
000000
000000
000000
000000
000000
000000
000000
000000
000000
000000
000000
000000
000000
000000
000000
000000
000000
000000
000000
000000
000000
000000
000000
000000
000000
000000
000000
000000
000000
000000
000000
000000
000000
000000
000000
000000
000000
000000
000000
000000
000000
000000
000000
000000
000000
000000
000000
000000
000000
000000
000000
000000
000000
000000
000000
000000
000000
000000
000000
000000
000000
000000
000000
000000
000000
000000
000000
000000
000000
000000
000000
000000
000000
000000
000000
000000
000000
000000
000000
000000
000000
000000
000000
000000
000000
000000
000000
000000
000000
000000
000000
000000
000000
000000
000000
000000
000000
000000
000000
000000
000000
000000
000000
000000
000000
000000
000000
000000
000000
000000
000000
000000
000000
000000
000000
000000
000000
000000
000000
000000
000000
000000
000000
000000
000000
000000
000000
000000
000000
000000
000000
000000
000000
000000
000000
000000
000000
000000
000000
000000
000000
000000
000000
000000
000000
000000
000000
000000
000000
000000
000000
000000
000000
000000
000000
000000
000000
000000
000000
000000
000000
000000
000000
000000
000000
000000
000000
000000
000000
000000
000000
000000
000000
000000
000000
000000
000000
000000
000000
000000
000000
000000
000000
000000
000000
000000
000000
000000
000000
000000
000000
000000
000000
000000
000000
000000
000000
000000
000000
000000
000000
000000
000000
000000
000000
000000
000000
000000
000000
000000
000000
000000
000000
000000
000000
000000
000000
000000
000000
000000
000000
000000
000000
000000
000000
000000
000000
000000
000000
000000
000000
000000
000000
000000
000000
000000
000000
000000
000000
000000
000000
000000
000000
000000
000000
000000
000000
000000
000000
000000
000000
000000
000000
000000
000000
000000
000000
000000
000000
000000
000000
000000
000000
000000
000000
000000
000000
000000
000000
000000
000000
000000
000000
000000
000000
000000
000000
000000
000000
000000
000000
000000
000000
000000
000000
000000
000000
000000
000000
000000
000000
000000
000000
000000
000000
000000
000000
000000
000000
000000
000000
000000
000000
000000
000000
000000
000000
000000
000000
000000
000000
000000
000000
000000
000000
000000
000000
000000
000000
000000
000000
000000
000000
000000
000000
000000
000000
000000
000000
000000
000000
000000
000000
000000
000000
000000
000000
000000
000000
000000
000000
000000
000000
000000
000000
000000
000000
000000
000000
000000
000000
000000
000000
000000
000000
000000
000000
000000
000000
000000
000000
000000
000000
000000
000000
000000
000000
000000
000000
000000
000000
000000
000000
000000
000000
000000
000000
000000
000000
000000
000000
000000
000000
000000
000000
000000
000000
000000
000000
000000
000000
000000
000000
000000
000000
000000
000000
000000
000000
000000
000000
000000
000000
000000
000000
000000
000000
000000
000000
000000
000000
000000
000000
000000
000000
000000
000000
000000
000000
000000
000000
000000
000000
000000
000000
000000
000000
000000
000000
000000
000000
000000
000000
000000
000000
000000
000000
000000
000000
000000
000000
000000
000000
000000
000000
000000
000000
000000
000000
000000
000000
000000
000000
000000
000000
000000
000000
000000
000000
000000
000000
000000
000000
000000
000000
000000
000000
000000
000000
000000
000000
000000
000000
000000
000000
000000
000000
000000
000000
000000
000000
000000
000000
000000
000000
000000
000000
000000
000000
000000
000000
000000
000000
000000
000000
000000
000000
000000
000000
000000
000000
000000
000000
000000
000000
000000
000000
000000
000000
000000
000000
000000
000000
000000
000000
000000
000000
000000
000000
000000
000000
000000
000000
000000
000000
000000
000000
000000
000000
000000
000000
000000
000000
000000
000000
000000
000000
000000
000000
000000
000000
000000
000000
000000
000000
000000
000000
000000
000000
000000
000000
000000
000000
000000
000000
000000
000000
000000
000000
000000
000000
000000
000000
000000
000000
000000
000000
000000
000000
000000
000000
000000
000000
000000
000000
000000
000000
000000
000000
000000
000000
000000
000000
000000
000000
000000
000000
000000
000000
000000
000000
000000
000000
000000
000000
000000
000000
000000
000000
000000
000000
000000
000000
000000
000000
000000
000000
000000
000000
000000
000000
000000
000000
000000
000000
000000
000000
000000
000000
000000
000000
000000
000000
000000
000000
000000
000000
000000
000000
000000
000000
000000
000000
000000
000000
000000
000000
000000
000000
000000
000000
000000
000000
000000
000000
000000
000000
000000
000000
000000
000000
000000
000000
000000
000000
000000
000000
000000
000000
000000
000000
000000
000000
000000
000000
000000
000000
000000
000000
000000
000000
000000
000000
000000
000000
000000
000000
000000
000000
000000
000000
000000
000000
000000
000000
000000
000000
000000
000000
000000
000000
000000
000000
000000
000000
000000
000000
000000
000000
000000
000000
000000
000000
000000
000000
000000
000000
000000
000000
000000
000000
000000
000000
000000
000000
000000
000000
000000
000000
000000
000000
000000
000000
000000
000000
000000
000000
000000
000000
000000
000000
000000
000000
000000
000000
000000
000000
000000
000000
000000
000000
000000
000000
000000
000000
000000
000000
000000
000000
000000
000000
000000
000000
000000
000000
000000
000000
000000
000000
000000
000000
000000
000000
000000
000000
000000
000000
000000
000000
000000
000000
000000
000000
000000
000000
000000
000000
000000
000000
000000
000000
000000
000000
000000
000000
000000
000000
000000
000000
000000
000000
000000
000000
000000
000000
000000
000000
000000
000000
000000
000000
000000
000000
000000
000000
000000
000000
000000
000000
000000
000000
000000
000000
000000
000000
000000
000000
000000
000000
000000
000000
000000
000000
000000
000000
000000
000000
000000
000000
000000
000000
000000
000000
000000
000000
000000
000000
000000
000000
000000
000000
000000
000000
000000
000000
000000
000000
000000
000000
000000
000000
000000
000000
000000
000000
000000
000000
000000
000000
000000
000000
000000
000000
000000
000000
000000
000000
000000
000000
000000
000000
000000
000000
000000
000000
000000
000000
000000
000000
000000
000000
000000
000000
000000
000000
000000
000000
000000
000000
000000
000000
000000
000000
000000
000000
000000
000000
000000
000000
000000
000000
000000
000000
000000
000000
000000
000000
000000
000000
000000
000000
000000
000000
000000
000000
000000
000000
000000
000000
000000
000000
000000
000000
000000
000000
000000
000000
000000
000000
000000
000000
000000
000000
000000
000000
000000
000000
000000
000000
000000
000000
000000
000000
000000
000000
000000
000000
000000
000000
000000
000000
000000
000000
000000
000000
000000
000000
000000
000000
000000
000000
000000
000000
000000
000000
000000
000000
000000
000000
000000
000000
000000
000000
000000
000000
000000
000000
000000
000000
000000
000000
000000
000000
000000
000000
000000
000000
000000
000000
000000
000000
000000
000000
000000
000000
000000
000000
000000
000000
000000
000000
000000
000000
000000
000000
000000
000000
000000
000000
000000
000000
000000
000000
000000
000000
000000
000000
000000
000000
000000
000000
000000
000000
000000
000000
000000
000000
000000
000000
000000
000000
000000
000000
000000
000000
000000
000000
000000
000000
000000
000000
000000
000000
000000
000000
000000
000000
000000
000000
000000
000000
000000
000000
000000
000000
000000
000000
000000
000000
000000
000000
000000
000000
000000
000000
000000
000000
000000
000000
000000
000000
000000
000000
000000
000000
000000
000000
000000
000000
000000
000000
000000
000000
000000
000000
000000
000000
000000
000000
000000
000000
000000
000000
000000
000000
000000
000000
000000
000000
000000
000000
000000
000000
000000
000000
000000
000000
000000
000000
000000
000000
000000
000000
000000
000000
000000
000000
000000
000000
000000
000000
000000
000000
000000
000000
000000
000000
000000
000000
000000
000000
000000
000000
000000
000000
000000
000000
000000
000000
000000
000000
000000
000000
000000
000000
000000
000000
000000
000000
000000
000000
000000
000000
000000
000000
000000
000000
000000
000000
000000
000000
000000
000000
000000
000000
000000
000000
000000
000000
000000
000000
000000
000000
000000
000000
000000
000000
000000
000000
000000
000000
000000
000000
000000
000000
000000
000000
000000
000000
000000
000000
000000
000000
000000
000000
000000
000000
000000
000000
000000
000000
000000
000000
000000
000000
000000
000000
000000
000000
000000
000000
000000
000000
000000
000000
000000
000000
000000
000000
000000
000000
000000
000000
000000
000000
000000
000000
000000
000000
000000
000000
000000
000000
000000
000000
000000
000000
000000
000000
000000
000000
000000
000000
000000
000000
000000
000000
000000
000000
000000
000000
000000
000000
000000
000000
000000
000000
000000
000000
000000
000000
000000
000000
000000
000000
000000
000000
000000
000000
000000
000000
000000
000000
000000
000000
000000
000000
000000
000000
000000
000000
000000
000000
000000
000000
000000
000000
000000
000000
000000
000000
000000
000000
000000
000000
000000
000000
000000
000000
000000
000000
000000
000000
000000
000000
000000
000000
000000
000000
000000
000000
000000
000000
000000
000000
000000
000000
000000
000000
000000
000000
000000
000000
000000
000000
000000
000000
000000
000000
000000
000000
000000
000000
000000
000000
000000
000000
000000
000000
000000
000000
000000
000000
000000
000000
000000
000000
000000
000000
000000
000000
000000
000000
000000
000000
000000
000000
000000
000000
000000
000000
000000
000000
000000
000000
000000
000000
000000
000000
000000
000000
000000
000000
000000
000000
000000
000000
000000
000000
000000
000000
000000
000000
000000
000000
000000
000000
000000
000000
000000
000000
000000
000000
000000
000000
000000
000000
000000
000000
000000
000000
000000
000000
000000
000000
000000
000000
000000
000000
000000
000000
000000
000000
000000
000000
000000
000000
000000
000000
000000
000000
000000
000000
000000
000000
000000
000000
000000
000000
000000
000000
000000
000000
000000
000000
000000
000000
000000
000000
000000
000000
000000
000000
000000
000000
000000
000000
000000
000000
000000
000000
000000
000000
000000
000000
000000
000000
000000
000000
000000
000000
000000
000000
000000
000000
000000
000000
000000
000000
000000
000000
000000
000000
000000
000000
000000
000000
000000
000000
000000
000000
000000
000000
000000
000000
000000
000000
000000
000000
000000
000000
000000
000000
000000
000000
000000
000000
000000
000000
000000
000000
000000
000000
000000
000000
000000
000000
000000
000000
000000
000000
000000
000000
000000
000000
000000
000000
000000
000000
000000
000000
000000
000000
000000
000000
000000
000000
000000
000000
000000
000000
000000
000000
000000
000000
000000
000000
000000
000000
000000
000000
000000
000000
000000
000000
000000
000000
000000
000000
000000
000000
000000
000000
000000
000000
000000
000000
000000
000000
000000
000000
000000
000000
000000
000000
000000
000000
000000
000000
000000
000000
000000
000000
000000
000000
000000
000000
000000
000000
000000
000000
000000
000000
000000
000000
000000
000000
000000
000000
000000
000000
000000
000000
000000
000000
000000
000000
000000
000000
000000
000000
000000
000000
000000
000000
000000
000000
000000
000000
000000
000000
000000
000000
000000
000000
000000
000000
000000
000000
000000
000000
000000
000000
000000
000000
000000
000000
000000
000000
000000
000000
000000
000000
000000
000000
000000
000000
000000
000000
000000
000000
000000
000000
000000
000000
000000
000000
000000
000000
000000
000000
000000
000000
000000
000000
000000
000000
000000
000000
000000
000000
000000
000000
000000
000000
000000
000000
000000
000000
000000
000000
000000
000000
000000
000000
000000
000000
000000
000000
000000
000000
000000
000000
000000
000000
000000
000000
000000
000000
000000
000000
000000
000000
000000
000000
000000
000000
000000
000000
000000
000000
000000
000000
000000
000000
000000
000000
000000
000000
000000
000000
000000
000000
000000
000000
000000
000000
000000
000000
000000
000000
000000
000000
000000
000000
000000
000000
000000
000000
000000
000000
000000
000000
000000
000000
000000
000000
000000
000000
000000
000000
000000
000000
000000
000000
000000
000000
000000
000000
000000
000000
000000
000000
000000
000000
000000
000000
000000
000000
000000
000000
000000
000000
000000
000000
000000
000000
000000
000000
000000
000000
000000
000000
000000
000000
000000
000000
000000
000000
000000
000000
000000
000000
000000
000000
000000
000000
000000
000000
000000
000000
000000
000000
000000
000000
000000
000000
000000
000000
000000
000000
000000
000000
000000
000000
000000
000000
000000
000000
000000
000000
000000
000000
000000
000000
000000
000000
000000
000000
000000
000000
000000
000000
000000
000000
000000
000000
000000
000000
000000
000000
000000
000000
000000
000000
000000
000000
000000
000000
000000
000000
000000
000000
000000
000000
000000
000000
000000
000000
000000
000000
000000
000000
000000
000000
000000
000000
000000
000000
000000
000000
000000
000000
000000
000000
000000
000000
000000
000000
000000
000000
000000
000000
000000
000000
000000
000000
000000
000000
000000
000000
000000
000000
000000
000000
000000
000000
000000
000000
000000
000000
000000
000000
000000
000000
000000
000000
000000
000000
000000
000000
000000
000000
000000
000000
000000
000000
000000
000000
000000
000000
000000
000000
000000
000000
000000
000000
000000
000000
000000
000000
000000
000000
000000
000000
000000
000000
000000
000000
000000
000000
000000
000000
000000
000000
000000
000000
000000
000000
000000
000000
000000
000000
000000
000000
000000
000000
000000
000000
000000
000000
000000
000000
000000
000000
000000
000000
000000
000000
000000
000000
000000
000000
000000
000000
000000
000000
000000
000000
000000
000000
000000
000000
000000
000000
000000
000000
000000
000000
000000
000000
000000
000000
000000
000000
000000
000000
000000
000000
000000
000000
000000
000000
000000
000000
000000
000000
000000
000000
000000
000000
000000
000000
000000
000000
000000
000000
000000
000000
000000
000000
000000
000000
000000
000000
000000
000000
000000
000000
000000
000000
000000
000000
000000
000000
000000
000000
000000
000000
000000
000000
000000
000000
000000
000000
000000
000000
000000
000000
000000
000000
000000
000000
000000
000000
000000
000000
000000
000000
000000
000000
000000
000000
000000
000000
000000
000000
000000
000000
000000
000000
000000
000000
000000
000000
000000
000000
000000
000000
000000
000000
000000
000000
000000
000000
000000
000000
000000
000000
000000
000000
000000
000000
000000
000000
000000
000000
000000
000000
000000
000000
000000
000000
000000
000000
000000
000000
000000
000000
000000
000000
000000
000000
000000
000000
000000
000000
000000
000000
000000
000000
000000
000000
000000
000000
000000
000000
000000
000000
000000
000000
000000
000000
000000
000000
000000
000000
000000
000000
000000
000000
000000
000000
000000
000000
000000
000000
000000
000000
000000
000000
000000
000000
000000
000000
000000
000000
000000
000000
000000
000000
000000
000000
000000
000000
000000
000000
000000
000000
000000
000000
000000
000000
000000
000000
000000
000000
000000
000000
000000
000000
000000
000000
000000
000000
000000
000000
000000
000000
000000
000000
000000
000000
000000
000000
000000
000000
000000
000000
000000
000000
000000
000000
000000
000000
000000
000000
000000
000000
000000
000000
000000
000000
000000
000000
000000
000000
000000
000000
000000
000000
000000
000000
000000
000000
000000
000000
000000
000000
000000
000000
000000
000000
000000
000000
000000
000000
000000
000000
000000
000000
000000
000000
000000
000000
000000
000000
000000
000000
000000
000000
000000
000000
000000
000000
000000
000000
000000
000000
000000
000000
000000
000000
000000
000000
000000
000000
000000
000000
000000
000000
000000
000000
000000
000000
000000
000000
000000
000000
000000
000000
000000
000000
000000
000000
000000
000000
000000
000000
000000
000000
000000
000000
000000
000000
000000
000000
000000
000000
000000
000000
000000
000000
000000
000000
000000
000000
000000
000000
000000
000000
000000
000000
000000
000000
000000
000000
000000
000000
000000
000000
000000
000000
000000
000000
000000
000000
000000
000000
000000
000000
000000
000000
000000
000000
000000
000000
000000
000000
000000
000000
000000
000000
000000
000000
000000
000000
000000
000000
000000
000000
000000
000000
000000
000000
000000
000000
000000
000000
000000
000000
000000
000000
000000
000000
000000
000000
000000
000000
000000
000000
000000
000000
000000
000000
000000
000000
000000
000000
000000
000000
000000
000000
000000
000000
000000
000000
000000
000000
000000
000000
000000
000000
000000
000000
000000
000000
000000
000000
000000
000000
000000
000000
000000
000000
000000
000000
000000
000000
000000
000000
000000
000000
000000
000000
000000
000000
000000
000000
000000
000000
000000
000000
000000
000000
000000
000000
000000
000000
000000
000000
000000
000000
000000
000000
000000
000000
000000
000000
000000
000000
000000
000000
000000
000000
000000
000000
000000
000000
000000
000000
000000
000000
000000
000000
000000
000000
000000
000000
000000
000000
000000
000000
000000
000000
000000
000000
000000
000000
000000
000000
000000
000000
000000
000000
000000
000000
000000
000000
000000
000000
000000
000000
000000
000000
000000
000000
000000
000000
000000
000000
000000
000000
000000
000000
000000
000000
000000
000000
000000
000000
000000
000000
000000
000000
000000
000000
000000
000000
000000
000000
000000
000000
000000
000000
000000
000000
000000
000000
000000
000000
000000
000000
000000
000000
000000
000000
000000
000000
000000
000000
000000
000000
000000
000000
000000
000000
000000
000000
000000
000000
000000
000000
000000
000000
000000
000000
000000
000000
000000
000000
000000
000000
000000
000000
000000
000000
000000
000000
000000
000000
000000
000000
000000
000000
000000
000000
000000
000000
000000
000000
000000
000000
000000
000000
000000
000000
000000
000000
000000
000000
000000
000000
000000
000000
000000
000000
000000
000000
000000
000000
000000
000000
000000
000000
000000
000000
000000
000000
000000
000000
000000
000000
000000
000000
000000
000000
000000
000000
000000
000000
000000
000000
000000
000000
000000
000000
000000
000000
000000
000000
000000
000000
000000
000000
000000
000000
000000
000000
000000
000000
000000
000000
000000
000000
000000
000000
000000
000000
000000
000000
000000
000000
000000
000000
000000
000000
000000
000000
000000
000000
000000
000000
000000
000000
000000
000000
000000
000000
000000
000000
000000
000000
000000
000000
000000
000000
000000
000000
000000
000000
000000
000000
000000
000000
000000
000000
000000
000000
000000
000000
000000
000000
000000
000000
000000
000000
000000
000000
000000
000000
000000
000000
000000
000000
000000
000000
000000
000000
000000
000000
000000
000000
000000
000000
000000
000000
000000
000000
000000
000000
000000
000000
000000
000000
000000
000000
000000
000000
000000
000000
000000
000000
000000
000000
000000
000000
000000
000000
000000
000000
000000
000000
000000
000000
000000
000000
000000
000000
000000
000000
000000
000000
000000
000000
000000
000000
000000
000000
000000
000000
000000
000000
000000
000000
000000
000000
000000
000000
000000
000000
000000
000000
000000
000000
000000
000000
000000
000000
000000
000000
000000
000000
000000
000000
000000
000000
000000
000000
000000
000000
000000
000000
000000
000000
000000
000000
000000
000000
000000
000000
000000
000000
000000
000000
000000
000000
000000
000000
000000
000000
000000
000000
000000
000000
000000
000000
000000
000000
000000
000000
000000
000000
000000
000000
000000
000000
000000
000000
000000
000000
000000
000000
000000
000000
000000
000000
000000
000000
000000
000000
000000
000000
000000
000000
000000
000000
000000
000000
000000
000000
000000
000000
000000
000000
000000
000000
000000
000000
000000
000000
000000
000000
000000
000000
000000
000000
000000
000000
000000
000000
000000
000000
000000
000000
000000
000000
000000
000000
000000
000000
000000
000000
000000
000000
000000
000000
000000
000000
000000
000000
000000
000000
000000
000000
000000
000000
000000
000000
000000
000000
000000
000000
000000
000000
000000
000000
000000
000000
000000
000000
000000
000000
000000
000000
000000
000000
000000
000000
000000
000000
000000
000000
000000
000000
000000
000000
000000
000000
000000
000000
000000
000000
000000
000000
000000
000000
000000
000000
000000
000000
000000
000000
000000
000000
000000
000000
000000
000000
000000
000000
000000
000000
000000
000000
000000
000000
000000
000000
000000
000000
000000
000000
000000
000000
000000
000000
000000
000000
000000
000000
000000
000000
000000
000000
000000
000000
000000
000000
000000
000000
000000
000000
000000
000000
000000
000000
000000
000000
000000
000000
000000
000000
000000
000000
000000
000000
000000
000000
000000
000000
000000
000000
000000
000000
000000
000000
000000
000000
000000
000000
000000
000000
000000
000000
000000
000000
000000
000000
000000
000000
000000
000000
000000
000000
000000
000000
000000
000000
000000
000000
000000
000000
000000
000000
000000
000000
000000
000000
000000
000000
000000
000000
000000
000000
000000
000000
000000
000000
000000
000000
000000
000000
000000
000000
000000
000000
000000
000000
000000
000000
000000
000000
000000
000000
000000
000000
000000
000000
000000
000000
000000
000000
000000
000000
000000
000000
000000
000000
000000
000000
000000
000000
000000
000000
000000
000000
000000
000000
000000
000000
000000
000000
000000
000000
000000
000000
000000
000000
000000
000000
000000
000000
000000
000000
000000
000000
000000
000000
000000
000000
000000
000000
000000
000000
000000
000000
000000
000000
000000
000000
000000
000000
000000
000000
000000
000000
000000
000000
000000
000000
000000
000000
000000
000000
000000
000000
000000
000000
000000
000000
000000
000000
000000
000000
000000
000000
000000
000000
000000
000000
000000
000000
000000
000000
000000
000000
000000
000000
000000
000000
000000
000000
000000
000000
000000
000000
000000
000000
000000
000000
000000
000000
000000
000000
000000
000000
000000
000000
000000
000000
000000
000000
000000
000000
000000
000000
000000
000000
000000
000000
000000
000000
000000
000000
000000
000000
000000
000000
000000
000000
000000
000000
000000
000000
000000
000000
000000
000000
000000
000000
000000
000000
000000
000000
000000
000000
000000
000000
000000
000000
000000
000000
000000
000000
000000
000000
000000
000000
000000
000000
000000
000000
000000
000000
000000
000000
000000
000000
000000
000000
000000
000000
000000
000000
000000
000000
000000
000000
000000
000000
000000
000000
000000
000000
000000
000000
000000
000000
000000
000000
000000
000000
000000
000000
000000
000000
000000
000000
000000
000000
000000
000000
000000
000000
000000
000000
000000
000000
000000
000000
000000
000000
000000
000000
000000
000000
000000
000000
000000
000000
000000
000000
000000
000000
000000
000000
000000
000000
000000
000000
000000
000000
000000
000000
000000
000000
000000
000000
000000
000000
000000
000000
000000
000000
000000
000000
000000
000000
000000
000000
000000
000000
000000
000000
000000
000000
000000
000000
000000
000000
000000
000000
000000
000000
000000
000000
000000
000000
000000
000000
000000
000000
000000
000000
000000
000000
000000
000000
000000
000000
000000
000000
000000
000000
000000
000000
000000
000000
000000
000000
000000
000000
000000
000000
000000
000000
000000
000000
000000
000000
000000
000000
000000
000000
000000
000000
000000
000000
000000
000000
000000
000000
000000
000000
000000
000000
000000
000000
000000
000000
000000
000000
000000
000000
000000
000000
000000
000000
000000
000000
000000
000000
000000
000000
000000
000000
000000
000000
000000
000000
000000
000000
000000
000000
000000
000000
000000
000000
000000
000000
000000
000000
000000
000000
000000
000000
000000
000000
000000
000000
000000
000000
000000
000000
000000
000000
000000
000000
000000
000000
000000
000000
000000
000000
000000
000000
000000
000000
000000
000000
000000
000000
000000
000000
000000
000000
000000
000000
000000
000000
000000
000000
000000
000000
000000
000000
000000
000000
000000
000000
000000
000000
000000
000000
000000
000000
000000
000000
000000
000000
000000
000000
000000
000000
000000
000000
000000
000000
000000
000000
000000
000000
000000
000000
000000
000000
000000
000000
000000
000000
000000
000000
000000
000000
000000
000000
000000
000000
000000
000000
000000
000000
000000
000000
000000
000000
000000
000000
000000
000000
000000
000000
000000
000000
000000
000000
000000
000000
000000
000000
000000
000000
000000
000000
000000
000000
000000
000000
000000
000000
000000
000000
000000
000000
000000
000000
000000
000000
000000
000000
000000
000000
000000
000000
000000
000000
000000
000000
000000
000000
000000
000000
000000
000000
000000
000000
000000
000000
000000
000000
000000
000000
000000
000000
000000
000000
000000
000000
000000
000000
000000
000000
000000
000000
000000
000000
000000
000000
000000
000000
000000
000000
000000
000000
000000
000000
000000
000000
000000
000000
000000
000000
000000
000000
000000
000000
000000
000000
000000
000000
000000
000000
000000
000000
000000
000000
000000
000000
000000
000000
000000
000000
000000
000000
000000
000000
000000
000000
000000
000000
000000
000000
000000
000000
000000
000000
000000
000000
000000
000000
000000
000000
000000
000000
000000
000000
000000
000000
000000
000000
000000
000000
000000
000000
000000
000000
000000
000000
000000
000000
000000
000000
000000
000000
000000
000000
000000
000000
000000
000000
000000
000000
000000
000000
000000
000000
000000
000000
000000
000000
000000
000000
000000
000000
000000
000000
000000
000000
000000
000000
000000
000000
000000
000000
000000
000000
000000
000000
000000
000000
000000
000000
000000
000000
000000
000000
000000
000000
000000
000000
000000
000000
000000
000000
000000
000000
000000
000000
000000
000000
000000
000000
000000
000000
000000
000000
000000
000000
000000
000000
000000
000000
000000
000000
000000
000000
000000
000000
000000
000000
000000
000000
000000
000000
000000
000000
000000
000000
000000
000000
000000
000000
000000
000000
000000
000000
000000
000000
000000
000000
000000
000000
000000
000000
000000
000000
000000
000000
000000
000000
000000
000000
000000
000000
000000
000000
000000
000000
000000
000000
000000
000000
000000
000000
000000
000000
000000
000000
000000
000000
000000
000000
000000
000000
000000
000000
000000
000000
000000
000000
000000
000000
000000
000000
000000
000000
000000
000000
000000
000000
000000
000000
000000
000000
000000
000000
000000
000000
000000
000000
000000
000000
000000
000000
000000
000000
000000
000000
000000
000000
000000
000000
000000
000000
000000
000000
000000
000000
000000
000000
000000
000000
000000
000000
000000
000000
000000
000000
000000
000000
000000
000000
000000
000000
000000
000000
000000
000000
000000
000000
000000
000000
000000
000000
000000
000000
000000
000000
000000
000000
000000
000000
000000
000000
000000
000000
000000
000000
000000
000000
000000
000000
000000
000000
000000
000000
000000
000000
000000
000000
000000
000000
000000
000000
000000
000000
000000
000000
000000
000000
ffffff
ffffff
ffffff
ffffff
ffffff
ffffff
ffffff
ffffff
ffffff
000000
000000
000000
ffffff
ffffff
ffffff
ffffff
ffffff
ffffff
ffffff
ffffff
ffffff
ffffff
ffffff
ffffff
ffffff
ffffff
000000
000000
000000
000000
000000
000000
ffffff
ffffff
ffffff
ffffff
ffffff
000000
000000
000000
ffffff
000000
000000
000000
ffffff
ffffff
ffffff
ffffff
ffffff
ffffff
ffffff
ffffff
ffffff
ffffff
ffffff
ffffff
ffffff
ffffff
000000
000000
000000
000000
000000
000000
ffffff
ffffff
ffffff
ffffff
ffffff
000000
000000
000000
ffffff
ffffff
ffffff
ffffff
ffffff
ffffff
ffffff
ffffff
ffffff
ffffff
ffffff
ffffff
ffffff
ffffff
ffffff
ffffff
ffffff
ffffff
000000
000000
000000
000000
000000
000000
ffffff
ffffff
ffffff
ffffff
ffffff
000000
000000
000000
ffffff
ffffff
ffffff
ffffff
000000
000000
000000
ffffff
000000
000000
000000
ffffff
ffffff
ffffff
ffffff
ffffff
ffffff
ffffff
000000
000000
000000
000000
000000
000000
ffffff
ffffff
ffffff
ffffff
ffffff
ffffff
ffffff
ffffff
ffffff
ffffff
ffffff
ffffff
000000
000000
000000
ffffff
000000
000000
000000
ffffff
ffffff
ffffff
ffffff
ffffff
ffffff
ffffff
000000
000000
000000
000000
000000
000000
ffffff
000000
000000
000000
ffffff
ffffff
ffffff
ffffff
ffffff
ffffff
ffffff
ffffff
000000
000000
000000
000000
000000
000000
000000
ffffff
ffffff
ffffff
ffffff
ffffff
ffffff
ffffff
000000
000000
000000
000000
000000
000000
ffffff
000000
000000
000000
000000
ffffff
ffffff
ffffff
ffffff
ffffff
ffffff
ffffff
ffffff
ffffff
000000
000000
000000
ffffff
ffffff
ffffff
ffffff
ffffff
ffffff
ffffff
ffffff
ffffff
000000
000000
000000
000000
000000
000000
ffffff
000000
000000
000000
000000
ffffff
000000
000000
000000
ffffff
ffffff
ffffff
ffffff
ffffff
000000
000000
000000
000000
000000
000000
ffffff
000000
000000
000000
000000
000000
000000
000000
000000
000000
000000
000000
ffffff
ffffff
000000
000000
000000
ffffff
000000
000000
000000
ffffff
ffffff
ffffff
ffffff
ffffff
000000
000000
000000
000000
000000
000000
ffffff
000000
000000
000000
000000
000000
000000
000000
000000
000000
000000
000000
ffffff
ffffff
ffffff
ffffff
ffffff
ffffff
000000
000000
000000
ffffff
ffffff
ffffff
ffffff
ffffff
000000
000000
000000
000000
000000
000000
ffffff
000000
000000
000000
000000
000000
000000
000000
000000
000000
000000
000000
ffffff
ffffff
ffffff
ffffff
ffffff
ffffff
ffffff
ffffff
ffffff
ffffff
ffffff
ffffff
ffffff
ffffff
ffffff
ffffff
ffffff
ffffff
ffffff
ffffff
ffffff
ffffff
ffffff
ffffff
ffffff
ffffff
000000
000000
000000
000000
000000
000000
ffffff
ffffff
ffffff
ffffff
ffffff
ffffff
ffffff
000000
000000
000000
ffffff
ffffff
ffffff
ffffff
ffffff
ffffff
ffffff
ffffff
ffffff
ffffff
ffffff
ffffff
ffffff
ffffff
ffffff
ffffff
000000
000000
000000
000000
000000
000000
ffffff
ffffff
ffffff
ffffff
ffffff
ffffff
ffffff
000000
000000
000000
ffffff
ffffff
ffffff
ffffff
ffffff
ffffff
ffffff
ffffff
ffffff
ffffff
ffffff
ffffff
ffffff
ffffff
ffffff
ffffff
000000
000000
000000
000000
000000
000000
ffffff
ffffff
ffffff
ffffff
ffffff
ffffff
ffffff
000000
000000
000000
ffffff
ffffff
ffffff
ffffff
ffffff
ffffff
ffffff
ffffff
ffffff
ffffff
ffffff
ffffff
ffffff
ffffff
ffffff
ffffff
000000
000000
000000
000000
000000
000000
ffffff
000000
000000
000000
ffffff
ffffff
ffffff
000000
000000
000000
ffffff
ffffff
ffffff
ffffff
ffffff
ffffff
ffffff
ffffff
ffffff
ffffff
ffffff
ffffff
ffffff
ffffff
ffffff
ffffff
000000
000000
000000
000000
000000
000000
ffffff
000000
000000
000000
ffffff
ffffff
ffffff
ffffff
ffffff
ffffff
ffffff
ffffff
ffffff
ffffff
ffffff
ffffff
ffffff
ffffff
ffffff
ffffff
ffffff
ffffff
ffffff
ffffff
ffffff
ffffff
000000
000000
000000
000000
000000
000000
ffffff
000000
000000
000000
ffffff
ffffff
ffffff
ffffff
ffffff
ffffff
ffffff
ffffff
ffffff
ffffff
ffffff
ffffff
ffffff
ffffff
ffffff
ffffff
ffffff
ffffff
000000
000000
000000
ffffff
000000
000000
000000
000000
000000
000000
ffffff
000000
000000
000000
ffffff
ffffff
ffffff
ffffff
ffffff
ffffff
ffffff
000000
000000
000000
ffffff
ffffff
ffffff
ffffff
ffffff
ffffff
ffffff
ffffff
000000
000000
000000
ffffff
000000
000000
000000
000000
000000
000000
000000
000000
000000
000000
000000
000000
000000
000000
000000
000000
000000
000000
000000
000000
000000
000000
000000
000000
000000
000000
000000
000000
000000
000000
000000
000000
000000
000000
000000
000000
000000
000000
000000
000000
000000
000000
000000
000000
000000
000000
000000
000000
000000
000000
000000
000000
000000
000000
000000
000000
000000
000000
000000
000000
000000
000000
000000
000000
000000
000000
000000
000000
000000
000000
000000
000000
000000
000000
000000
000000
000000
000000
000000
000000
000000
000000
000000
000000
000000
000000
000000
000000
000000
000000
000000
000000
000000
000000
000000
000000
000000
000000
000000
000000
000000
000000
000000
000000
000000
000000
000000
000000
000000
000000
000000
000000
000000
000000
000000
000000
000000
000000
000000
000000
000000
000000
000000
000000
000000
000000
000000
000000
000000
000000
000000
000000
000000
000000
000000
000000
000000
000000
000000
000000
000000
000000
000000
000000
000000
000000
000000
000000
000000
000000
000000
000000
000000
000000
000000
000000
000000
000000
000000
000000
000000
000000
000000
000000
000000
000000
000000
000000
000000
000000
000000
000000
000000
000000
000000
000000
000000
000000
000000
000000
000000
000000
000000
000000
000000
000000
000000
000000
000000
000000
000000
000000
000000
000000
000000
000000
000000
000000
ffffff
ffffff
ffffff
ffffff
ffffff
ffffff
ffffff
ffffff
ffffff
ffffff
ffffff
ffffff
ffffff
ffffff
ffffff
ffffff
ffffff
ffffff
ffffff
ffffff
ffffff
ffffff
ffffff
ffffff
ffffff
ffffff
000000
000000
000000
000000
000000
000000
ffffff
ffffff
ffffff
ffffff
ffffff
ffffff
ffffff
ffffff
ffffff
ffffff
ffffff
ffffff
ffffff
ffffff
ffffff
ffffff
ffffff
ffffff
ffffff
ffffff
ffffff
ffffff
ffffff
ffffff
ffffff
ffffff
000000
000000
000000
000000
000000
000000
ffffff
ffffff
ffffff
ffffff
ffffff
ffffff
ffffff
ffffff
ffffff
ffffff
ffffff
ffffff
ffffff
ffffff
ffffff
ffffff
ffffff
ffffff
ffffff
ffffff
ffffff
ffffff
ffffff
ffffff
ffffff
ffffff
000000
000000
000000
000000
000000
000000
ffffff
ffffff
ffffff
ffffff
ffffff
ffffff
ffffff
ffffff
ffffff
ffffff
ffffff
ffffff
ffffff
ffffff
ffffff
ffffff
ffffff
ffffff
ffffff
ffffff
ffffff
ffffff
ffffff
ffffff
ffffff
ffffff
000000
000000
000000
000000
000000
000000
ffffff
ffffff
ffffff
ffffff
ffffff
ffffff
ffffff
ffffff
ffffff
ffffff
ffffff
ffffff
ffffff
ffffff
ffffff
ffffff
ffffff
ffffff
ffffff
ffffff
ffffff
ffffff
ffffff
ffffff
ffffff
ffffff
000000
000000
000000
000000
000000
000000
ffffff
ffffff
ffffff
ffffff
ffffff
ffffff
ffffff
ffffff
ffffff
ffffff
ffffff
ffffff
ffffff
ffffff
ffffff
ffffff
ffffff
ffffff
ffffff
ffffff
ffffff
ffffff
ffffff
ffffff
ffffff
ffffff
000000
000000
000000
000000
000000
000000
ffffff
ffffff
ffffff
ffffff
ffffff
ffffff
ffffff
ffffff
ffffff
ffffff
ffffff
ffffff
ffffff
ffffff
ffffff
ffffff
ffffff
ffffff
ffffff
ffffff
ffffff
ffffff
ffffff
ffffff
ffffff
ffffff
000000
000000
000000
000000
000000
000000
ffffff
ffffff
ffffff
ffffff
ffffff
ffffff
ffffff
ffffff
ffffff
ffffff
ffffff
ffffff
ffffff
ffffff
ffffff
ffffff
ffffff
ffffff
ffffff
ffffff
ffffff
ffffff
ffffff
ffffff
ffffff
ffffff
000000
000000
000000
000000
000000
000000
ffffff
ffffff
ffffff
ffffff
ffffff
ffffff
ffffff
ffffff
ffffff
ffffff
ffffff
ffffff
ffffff
ffffff
ffffff
ffffff
ffffff
ffffff
ffffff
ffffff
ffffff
ffffff
ffffff
ffffff
ffffff
ffffff
000000
000000
000000
000000
000000
000000
ffffff
ffffff
ffffff
ffffff
ffffff
ffffff
ffffff
ffffff
ffffff
ffffff
ffffff
ffffff
ffffff
ffffff
ffffff
ffffff
ffffff
ffffff
ffffff
ffffff
ffffff
ffffff
ffffff
ffffff
ffffff
ffffff
000000
000000
000000
000000
000000
000000
ffffff
ffffff
ffffff
ffffff
ffffff
ffffff
ffffff
ffffff
ffffff
ffffff
ffffff
ffffff
ffffff
ffffff
ffffff
ffffff
ffffff
ffffff
ffffff
ffffff
ffffff
ffffff
ffffff
ffffff
ffffff
ffffff
000000
000000
000000
000000
000000
000000
ffffff
ffffff
ffffff
ffffff
ffffff
ffffff
ffffff
ffffff
ffffff
ffffff
ffffff
ffffff
ffffff
ffffff
ffffff
ffffff
ffffff
ffffff
ffffff
ffffff
ffffff
ffffff
ffffff
ffffff
ffffff
ffffff
000000
000000
000000
000000
000000
000000
ffffff
ffffff
ffffff
ffffff
ffffff
ffffff
ffffff
ffffff
ffffff
ffffff
ffffff
ffffff
ffffff
ffffff
ffffff
ffffff
ffffff
ffffff
ffffff
ffffff
ffffff
ffffff
ffffff
ffffff
ffffff
ffffff
000000
000000
000000
000000
000000
000000
ffffff
ffffff
ffffff
ffffff
ffffff
ffffff
ffffff
ffffff
ffffff
ffffff
ffffff
ffffff
ffffff
ffffff
ffffff
ffffff
ffffff
ffffff
ffffff
ffffff
ffffff
ffffff
ffffff
ffffff
ffffff
ffffff
000000
000000
000000
000000
000000
000000
ffffff
ffffff
ffffff
ffffff
ffffff
ffffff
ffffff
ffffff
ffffff
ffffff
ffffff
ffffff
ffffff
ffffff
ffffff
ffffff
ffffff
ffffff
ffffff
ffffff
ffffff
ffffff
ffffff
ffffff
ffffff
ffffff
000000
000000
000000
000000
000000
000000
ffffff
ffffff
ffffff
ffffff
ffffff
ffffff
ffffff
ffffff
ffffff
ffffff
ffffff
ffffff
ffffff
ffffff
ffffff
ffffff
ffffff
ffffff
ffffff
ffffff
ffffff
ffffff
ffffff
ffffff
ffffff
ffffff
000000
000000
000000
000000
000000
000000
ffffff
ffffff
ffffff
ffffff
ffffff
ffffff
ffffff
ffffff
ffffff
ffffff
ffffff
ffffff
ffffff
ffffff
ffffff
ffffff
ffffff
ffffff
ffffff
ffffff
ffffff
ffffff
ffffff
ffffff
ffffff
ffffff
000000
000000
000000
000000
000000
000000
ffffff
ffffff
ffffff
ffffff
ffffff
ffffff
ffffff
ffffff
ffffff
ffffff
ffffff
ffffff
ffffff
ffffff
ffffff
ffffff
ffffff
ffffff
ffffff
ffffff
ffffff
ffffff
ffffff
ffffff
ffffff
ffffff
000000
000000
000000
000000
000000
000000
000000
000000
000000
000000
000000
000000
000000
000000
000000
000000
000000
000000
000000
000000
000000
000000
000000
000000
000000
000000
000000
000000
000000
000000
000000
000000
000000
000000
000000
000000
000000
000000
000000
000000
000000
000000
000000
000000
000000
000000
000000
000000
000000
000000
000000
000000
000000
000000
000000
000000
000000
000000
000000
000000
000000
000000
000000
000000
000000
000000
000000
000000
000000
000000
000000
000000
000000
000000
000000
000000
000000
000000
000000
000000
000000
000000
000000
000000
000000
000000
000000
000000
000000
000000
000000
000000
000000
000000
000000
000000
000000
000000
000000
000000
000000
000000
000000
000000
000000
000000
000000
000000
000000
000000
000000
000000
000000
000000
000000
000000
000000
000000
000000
000000
000000
000000
000000
000000
000000
000000
000000
000000
000000
000000
000000
000000
000000
000000
000000
000000
000000
000000
000000
000000
000000
000000
000000
000000
000000
000000
000000
000000
000000
000000
000000
000000
000000
000000
000000
000000
000000
000000
000000
000000
000000
000000
000000
000000
000000
000000
000000
000000
000000
000000
000000
000000
000000
000000
000000
000000
000000
000000
000000
000000
000000
000000
000000
000000
000000
000000
000000
000000
000000
000000
000000
000000
000000
000000
000000
000000
000000
000000
000000
000000
000000
000000
000000
000000
000000
000000
000000
000000
000000
000000
000000
000000
000000
000000
000000
000000
000000
000000
000000
000000
000000
000000
000000
000000
000000
000000
000000
000000
000000
000000
000000
000000
000000
000000
000000
000000
000000
000000
000000
000000
000000
000000
000000
000000
000000
000000
000000
000000
000000
000000
000000
000000
000000
000000
000000
000000
000000
000000
000000
000000
000000
000000
000000
000000
000000
000000
000000
000000
000000
000000
000000
000000
000000
000000
000000
000000
000000
000000
000000
000000
000000
000000
000000
000000
000000
000000
000000
000000
000000
000000
000000
000000
000000
000000
000000
000000
000000
000000
000000
000000
000000
000000
000000
000000
000000
000000
000000
000000
000000
000000
000000
000000
000000
000000
000000
000000
000000
000000
000000
000000
000000
000000
000000
000000
000000
000000
000000
000000
000000
000000
000000
000000
000000
000000
000000
000000
000000
000000
000000
000000
000000
000000
000000
000000
000000
000000
000000
000000
000000
000000
000000
000000
000000
000000
000000
000000
000000
000000
000000
000000
000000
000000
000000
000000
000000
000000
000000
000000
000000
000000
000000
000000
000000
000000
000000
000000
000000
000000
000000
000000
000000
000000
000000
000000
000000
000000
000000
000000
000000
000000
000000
000000
000000
000000
000000
000000
000000
000000
000000
000000
000000
000000
000000
000000
000000
000000
000000
000000
000000
000000
000000
000000
000000
000000
000000
000000
000000
000000
000000
000000
000000
000000
000000
000000
000000
000000
000000
000000
000000
000000
000000
000000
000000
000000
000000
000000
000000
000000
000000
000000
000000
000000
000000
000000
000000
000000
000000
000000
000000
000000
000000
000000
000000
000000
000000
000000
000000
000000
000000
000000
000000
000000
000000
000000
000000
000000
000000
000000
000000
000000
000000
000000
000000
000000
000000
000000
000000
000000
000000
000000
000000
000000
000000
000000
000000
000000
000000
000000
000000
000000
000000
000000
000000
000000
000000
000000
000000
000000
000000
000000
000000
000000
000000
000000
000000
000000
000000
000000
000000
000000
000000
000000
000000
000000
000000
000000
000000
000000
000000
000000
000000
000000
000000
000000
000000
000000
000000
000000
000000
000000
000000
000000
000000
000000
000000
000000
000000
000000
000000
000000
000000
000000
000000
000000
000000
000000
000000
000000
000000
000000
000000
000000
000000
000000
000000
000000
000000
000000
000000
000000
000000
000000
000000
000000
000000
000000
000000
000000
000000
000000
000000
000000
000000
000000
000000
000000
000000
000000
000000
000000
000000
000000
000000
000000
000000
000000
000000
000000
000000
000000
000000
000000
000000
000000
000000
000000
000000
000000
000000
000000
000000
000000
000000
000000
000000
000000
000000
000000
000000
000000
000000
000000
000000
000000
000000
000000
000000
000000
000000
000000
000000
000000
000000
000000
000000
000000
000000
000000
000000
000000
000000
000000
000000
000000
000000
000000
000000
000000
000000
000000
000000
000000
000000
000000
000000
000000
000000
000000
000000
000000
000000
000000
000000
000000
000000
000000
000000
000000
000000
000000
000000
000000
000000
000000
000000
000000
000000
000000
000000
000000
000000
000000
000000
000000
000000
000000
000000
000000
000000
000000
000000
000000
000000
000000
000000
000000
000000
000000
000000
000000
000000
000000
000000
000000
000000
000000
000000
000000
000000
000000
000000
000000
000000
000000
000000
000000
000000
000000
000000
000000
000000
000000
000000
000000
000000
000000
000000
000000
000000
000000
000000
000000
000000
000000
000000
000000
000000
000000
000000
000000
000000
000000
000000
000000
000000
000000
000000
000000
000000
000000
000000
000000
000000
000000
000000
000000
000000
000000
000000
000000
000000
000000
000000
000000
000000
000000
000000
000000
000000
000000
000000
000000
000000
000000
000000
000000
000000
000000
000000
000000
000000
000000
000000
000000
000000
000000
000000
000000
000000
000000
000000
000000
000000
000000
000000
000000
000000
000000
000000
000000
000000
000000
000000
000000
000000
000000
000000
000000
000000
000000
000000
000000
000000
000000
000000
000000
000000
000000
000000
000000
000000
000000
000000
000000
000000
000000
000000
000000
000000
000000
000000
000000
000000
000000
000000
000000
000000
000000
000000
000000
000000
000000
000000
000000
000000
000000
000000
000000
000000
000000
000000
000000
000000
000000
000000
000000
000000
000000
000000
000000
000000
000000
000000
000000
000000
000000
000000
000000
000000
000000
000000
000000
000000
000000
000000
000000
000000
000000
000000
000000
000000
000000
000000
000000
000000
000000
000000
000000
000000
000000
000000
000000
000000
000000
000000
000000
000000
000000
000000
000000
000000
000000
000000
000000
000000
000000
000000
000000
000000
000000
000000
000000
000000
000000
000000
000000
000000
000000
000000
000000
000000
000000
000000
000000
000000
000000
000000
000000
000000
000000
000000
000000
000000
000000
000000
000000
000000
000000
000000
000000
000000
000000
000000
000000
000000
000000
000000
000000
000000
000000
000000
000000
000000
000000
000000
000000
000000
000000
000000
000000
000000
000000
000000
000000
000000
000000
000000
000000
000000
000000
000000
000000
000000
000000
000000
000000
000000
000000
000000
000000
000000
000000
000000
000000
000000
000000
000000
000000
000000
000000
000000
000000
000000
000000
000000
000000
000000
000000
000000
000000
000000
000000
000000
000000
000000
000000
000000
000000
000000
000000
000000
000000
000000
000000
000000
000000
000000
000000
000000
000000
000000
000000
000000
000000
000000
000000
000000
000000
000000
000000
000000
000000
000000
000000
000000
000000
000000
000000
000000
000000
000000
000000
000000
000000
000000
000000
000000
000000
000000
000000
000000
000000
000000
000000
000000
000000
000000
000000
000000
000000
000000
000000
000000
000000
000000
000000
000000
000000
000000
000000
000000
000000
000000
000000
000000
000000
000000
000000
000000
000000
000000
000000
000000
000000
000000
000000
000000
000000
000000
000000
000000
000000
000000
000000
000000
000000
000000
000000
000000
000000
000000
000000
000000
000000
000000
000000
000000
000000
000000
000000
000000
000000
000000
000000
000000
000000
000000
000000
000000
000000
000000
000000
000000
000000
000000
000000
000000
000000
000000
000000
000000
000000
000000
000000
000000
000000
000000
000000
000000
000000
000000
000000
000000
000000
000000
000000
000000
000000
000000
000000
000000
000000
000000
000000
000000
000000
000000
000000
000000
000000
000000
000000
000000
000000
000000
000000
000000
000000
000000
000000
000000
000000
000000
000000
000000
000000
000000
000000
000000
000000
000000
000000
000000
000000
000000
000000
000000
000000
000000
000000
000000
000000
000000
000000
000000
000000
000000
000000
000000
000000
000000
000000
000000
000000
000000
000000
000000
000000
000000
000000
000000
000000
000000
000000
000000
000000
000000
000000
000000
000000
000000
000000
000000
000000
000000
000000
000000
000000
000000
000000
000000
000000
000000
000000
000000
000000
000000
000000
000000
000000
000000
000000
000000
000000
000000
000000
000000
000000
000000
000000
000000
000000
000000
000000
000000
000000
000000
000000
000000
000000
000000
000000
000000
000000
000000
000000
000000
000000
000000
000000
000000
000000
000000
000000
000000
000000
000000
000000
000000
000000
000000
000000
000000
000000
000000
000000
000000
000000
000000
000000
000000
000000
000000
000000
000000
000000
000000
000000
000000
000000
000000
000000
000000
000000
000000
000000
000000
000000
000000
000000
000000
000000
000000
000000
000000
000000
000000
000000
000000
000000
000000
000000
000000
000000
000000
000000
000000
000000
000000
000000
000000
000000
000000
000000
000000
000000
000000
000000
000000
000000
000000
000000
000000
000000
000000
000000
000000
000000
000000
000000
000000
000000
000000
000000
000000
000000
000000
000000
000000
000000
000000
000000
000000
000000
000000
000000
000000
000000
000000
000000
000000
000000
000000
000000
000000
000000
000000
000000
000000
000000
000000
000000
000000
000000
000000
000000
000000
000000
000000
000000
000000
000000
000000
000000
000000
000000
000000
000000
000000
000000
000000
000000
000000
000000
000000
000000
000000
000000
000000
000000
000000
000000
000000
000000
000000
000000
000000
000000
000000
000000
000000
000000
000000
000000
000000
000000
000000
000000
000000
000000
000000
000000
000000
000000
000000
000000
000000
000000
000000
000000
000000
000000
000000
000000
000000
000000
000000
000000
000000
000000
000000
000000
000000
000000
000000
000000
000000
000000
000000
000000
000000
000000
000000
000000
000000
000000
000000
000000
000000
000000
000000
000000
000000
000000
000000
000000
000000
000000
000000
000000
000000
000000
000000
000000
000000
000000
000000
000000
000000
000000
000000
000000
000000
000000
000000
000000
000000
000000
000000
000000
000000
000000
000000
000000
000000
000000
000000
000000
000000
000000
000000
000000
000000
000000
000000
000000
000000
000000
000000
000000
000000
000000
000000
000000
000000
000000
000000
000000
000000
000000
000000
000000
000000
000000
000000
000000
000000
000000
000000
000000
000000
000000
000000
000000
000000
000000
000000
000000
000000
000000
000000
000000
000000
000000
000000
000000
000000
000000
000000
000000
000000
000000
000000
000000
000000
000000
000000
000000
000000
000000
000000
000000
000000
000000
000000
000000
000000
000000
000000
000000
000000
000000
000000
000000
000000
000000
000000
000000
000000
000000
000000
000000
000000
000000
000000
000000
000000
000000
000000
000000
000000
000000
000000
000000
000000
000000
000000
000000
000000
000000
000000
000000
000000
000000
000000
000000
000000
000000
000000
000000
000000
000000
000000
000000
000000
000000
000000
000000
000000
000000
000000
000000
000000
000000
000000
000000
000000
000000
000000
000000
000000
000000
000000
000000
000000
000000
000000
000000
000000
000000
000000
000000
000000
000000
000000
000000
000000
000000
000000
000000
000000
000000
000000
000000
000000
000000
000000
000000
000000
000000
000000
000000
000000
000000
000000
000000
000000
000000
000000
000000
000000
000000
000000
000000
000000
000000
000000
000000
000000
000000
000000
000000
000000
000000
000000
000000
000000
000000
000000
000000
000000
000000
000000
000000
000000
000000
000000
000000
000000
000000
000000
000000
000000
000000
000000
000000
000000
000000
000000
000000
000000
000000
000000
000000
000000
000000
000000
000000
000000
000000
000000
000000
000000
000000
000000
000000
000000
000000
000000
000000
000000
000000
000000
000000
000000
000000
000000
000000
000000
000000
000000
000000
000000
000000
000000
000000
000000
000000
000000
000000
000000
000000
000000
000000
000000
000000
000000
000000
000000
000000
000000
000000
000000
000000
000000
000000
000000
000000
000000
000000
000000
000000
000000
000000
000000
000000
000000
000000
000000
000000
000000
000000
000000
000000
000000
000000
000000
000000
000000
000000
000000
000000
000000
000000
000000
000000
000000
000000
000000
000000
000000
000000
000000
000000
000000
000000
000000
000000
000000
000000
000000
000000
000000
000000
000000
000000
000000
000000
000000
000000
000000
000000
000000
000000
000000
000000
000000
000000
000000
000000
000000
000000
000000
000000
000000
000000
000000
000000
000000
000000
000000
000000
000000
000000
000000
000000
000000
000000
000000
000000
000000
000000
000000
000000
000000
000000
000000
000000
000000
000000
000000
000000
000000
000000
000000
000000
000000
000000
000000
000000
000000
000000
000000
000000
000000
000000
000000
000000
000000
000000
000000
000000
000000
000000
000000
000000
000000
000000
000000
000000
000000
000000
000000
000000
000000
000000
000000
000000
000000
000000
000000
000000
000000
000000
000000
000000
000000
000000
000000
000000
000000
000000
000000
000000
000000
000000
000000
000000
000000
000000
000000
000000
000000
000000
000000
000000
000000
000000
000000
000000
000000
000000
000000
000000
000000
000000
000000
000000
000000
000000
000000
000000
000000
000000
000000
000000
000000
000000
000000
000000
000000
000000
000000
000000
000000
000000
000000
000000
000000
000000
000000
000000
000000
000000
000000
000000
000000
000000
000000
000000
000000
000000
000000
000000
000000
000000
000000
000000
000000
000000
000000
000000
000000
000000
000000
000000
000000
000000
000000
000000
000000
000000
000000
000000
000000
000000
000000
000000
000000
000000
000000
000000
000000
000000
000000
000000
000000
000000
000000
000000
000000
000000
000000
000000
000000
000000
000000
000000
000000
000000
000000
000000
000000
000000
000000
000000
000000
000000
000000
000000
000000
000000
000000
000000
000000
000000
000000
000000
000000
000000
000000
000000
000000
000000
000000
000000
000000
000000
000000
000000
000000
000000
000000
000000
000000
000000
000000
000000
000000
000000
000000
000000
000000
000000
000000
000000
000000
000000
000000
000000
000000
000000
000000
000000
000000
000000
000000
000000
000000
000000
000000
000000
000000
000000
000000
000000
000000
000000
000000
000000
000000
000000
000000
000000
000000
000000
000000
000000
000000
000000
000000
000000
000000
000000
000000
000000
000000
000000
000000
000000
000000
000000
000000
000000
000000
000000
000000
000000
000000
000000
000000
000000
000000
000000
000000
000000
000000
000000
000000
000000
000000
000000
000000
000000
000000
000000
000000
000000
000000
000000
000000
000000
000000
000000
000000
000000
000000
000000
000000
000000
000000
000000
000000
000000
000000
000000
000000
000000
000000
000000
000000
000000
000000
000000
000000
000000
000000
000000
000000
000000
000000
000000
000000
000000
000000
000000
000000
000000
000000
000000
000000
000000
000000
000000
000000
000000
000000
000000
000000
000000
000000
000000
000000
000000
000000
000000
000000
000000
000000
000000
000000
000000
000000
000000
000000
000000
000000
000000
000000
000000
000000
000000
000000
000000
000000
000000
000000
000000
000000
000000
000000
000000
000000
000000
000000
000000
000000
000000
000000
000000
000000
000000
000000
000000
000000
000000
000000
000000
000000
000000
000000
000000
000000
000000
000000
000000
000000
000000
000000
000000
000000
000000
000000
000000
000000
000000
000000
000000
000000
000000
000000
000000
000000
000000
000000
000000
000000
000000
000000
000000
000000
000000
000000
000000
000000
000000
000000
000000
000000
000000
000000
000000
000000
000000
000000
000000
000000
000000
000000
000000
000000
000000
000000
000000
000000
000000
000000
000000
000000
000000
000000
000000
000000
000000
000000
000000
000000
000000
000000
000000
000000
000000
000000
000000
000000
000000
000000
000000
000000
000000
000000
000000
000000
000000
000000
000000
000000
000000
000000
000000
000000
000000
000000
000000
000000
000000
000000
000000
000000
000000
000000
000000
000000
000000
000000
000000
000000
000000
000000
000000
000000
000000
000000
000000
000000
000000
000000
000000
000000
000000
000000
000000
000000
000000
000000
000000
000000
000000
000000
000000
000000
000000
000000
000000
000000
000000
000000
000000
000000
000000
000000
000000
000000
000000
000000
000000
000000
000000
000000
000000
000000
000000
000000
000000
000000
000000
000000
000000
000000
000000
000000
000000
000000
000000
000000
000000
000000
000000
000000
000000
000000
000000
000000
000000
000000
000000
000000
000000
000000
000000
000000
000000
000000
000000
000000
000000
000000
000000
000000
000000
000000
000000
000000
000000
000000
000000
000000
000000
000000
000000
000000
000000
000000
000000
000000
000000
000000
000000
000000
000000
000000
000000
000000
000000
000000
000000
000000
000000
000000
000000
000000
000000
000000
000000
000000
000000
000000
000000
000000
000000
000000
000000
000000
000000
000000
000000
000000
000000
000000
000000
000000
000000
000000
000000
000000
000000
000000
000000
000000
000000
000000
000000
000000
000000
000000
000000
000000
000000
000000
000000
000000
000000
000000
000000
000000
000000
000000
000000
000000
000000
000000
000000
000000
000000
000000
000000
000000
000000
000000
000000
000000
000000
000000
000000
000000
000000
000000
000000
000000
000000
000000
000000
000000
000000
000000
000000
000000
000000
000000
000000
000000
000000
000000
000000
000000
000000
000000
000000
000000
000000
000000
000000
000000
000000
000000
000000
000000
000000
000000
000000
000000
000000
000000
000000
000000
000000
000000
000000
000000
000000
000000
000000
000000
000000
000000
000000
000000
000000
000000
000000
000000
000000
000000
000000
000000
000000
000000
000000
000000
000000
000000
000000
000000
000000
000000
000000
000000
000000
000000
000000
000000
000000
000000
000000
000000
000000
000000
000000
000000
000000
000000
000000
000000
000000
000000
000000
000000
000000
000000
000000
000000
000000
000000
000000
000000
000000
000000
000000
000000
000000
000000
000000
000000
000000
000000
000000
000000
000000
000000
000000
000000
000000
000000
000000
000000
000000
000000
000000
000000
000000
000000
000000
000000
000000
000000
000000
000000
000000
000000
000000
000000
000000
000000
000000
000000
000000
000000
000000
000000
000000
000000
000000
000000
000000
000000
000000
000000
000000
000000
000000
000000
000000
000000
000000
000000
000000
000000
000000
000000
000000
000000
000000
000000
000000
000000
000000
000000
000000
000000
000000
000000
000000
000000
000000
000000
000000
000000
000000
000000
000000
000000
000000
000000
000000
000000
000000
000000
000000
000000
000000
000000
000000
000000
000000
000000
000000
000000
000000
000000
000000
000000
000000
000000
000000
000000
000000
000000
000000
000000
000000
000000
000000
000000
000000
000000
000000
000000
000000
000000
000000
000000
000000
000000
000000
000000
000000
000000
000000
000000
000000
000000
000000
000000
000000
000000
000000
000000
000000
000000
000000
000000
000000
000000
000000
000000
000000
000000
000000
000000
000000
000000
000000
000000
000000
000000
000000
000000
000000
000000
000000
000000
000000
000000
000000
000000
000000
000000
000000
000000
000000
000000
000000
000000
000000
000000
000000
000000
000000
000000
000000
000000
000000
000000
000000
000000
000000
000000
000000
000000
000000
000000
000000
000000
000000
000000
000000
000000
000000
000000
000000
000000
000000
000000
000000
000000
000000
000000
000000
000000
000000
000000
000000
000000
000000
000000
000000
000000
000000
000000
000000
000000
000000
000000
000000
000000
000000
000000
000000
000000
000000
000000
000000
000000
000000
000000
000000
000000
000000
000000
000000
000000
000000
000000
000000
000000
000000
000000
000000
000000
000000
000000
000000
000000
000000
000000
000000
000000
000000
000000
000000
000000
000000
000000
000000
000000
000000
000000
000000
000000
000000
000000
000000
000000
000000
000000
000000
000000
000000
000000
000000
000000
000000
000000
000000
000000
000000
000000
000000
000000
000000
000000
000000
000000
000000
000000
000000
000000
000000
000000
000000
000000
000000
000000
000000
000000
000000
000000
000000
000000
000000
000000
000000
000000
000000
000000
000000
000000
000000
000000
000000
000000
000000
000000
000000
000000
000000
000000
000000
000000
000000
000000
000000
000000
000000
000000
000000
000000
000000
000000
000000
000000
000000
000000
000000
000000
000000
000000
000000
000000
000000
000000
000000
000000
000000
000000
000000
000000
000000
000000
000000
000000
000000
000000
000000
000000
000000
000000
000000
000000
000000
000000
000000
000000
000000
000000
000000
000000
000000
000000
000000
000000
000000
000000
000000
000000
000000
000000
000000
000000
000000
000000
000000
000000
000000
000000
000000
000000
000000
000000
000000
000000
000000
000000
000000
000000
000000
000000
000000
000000
000000
000000
000000
000000
000000
000000
000000
000000
000000
000000
000000
000000
000000
000000
000000
000000
000000
000000
000000
000000
000000
000000
000000
000000
000000
000000
000000
000000
000000
000000
000000
000000
000000
000000
000000
000000
000000
000000
000000
000000
000000
000000
000000
000000
000000
000000
000000
000000
000000
000000
000000
000000
000000
000000
000000
000000
000000
000000
000000
000000
000000
000000
000000
000000
000000
000000
000000
000000
000000
000000
000000
000000
000000
000000
000000
000000
000000
000000
000000
000000
000000
000000
000000
000000
000000
000000
000000
000000
000000
000000
000000
000000
000000
000000
000000
000000
000000
000000
000000
000000
000000
000000
000000
000000
000000
000000
000000
000000
000000
000000
000000
000000
000000
000000
000000
000000
000000
000000
000000
000000
000000
000000
000000
000000
000000
000000
000000
000000
000000
000000
000000
000000
000000
000000
000000
000000
000000
000000
000000
000000
000000
000000
000000
000000
000000
000000
000000
000000
000000
000000
000000
000000
000000
000000
000000
000000
000000
000000
000000
000000
000000
000000
000000
000000
000000
000000
000000
000000
000000
000000
000000
000000
000000
000000
000000
000000
000000
000000
000000
000000
000000
000000
000000
000000
000000
000000
000000
000000
000000
000000
000000
000000
000000
000000
000000
000000
000000
000000
000000
000000
000000
000000
000000
000000
000000
000000
000000
000000
000000
000000
000000
000000
000000
000000
000000
000000
000000
000000
000000
000000
000000
000000
000000
000000
000000
000000
000000
000000
000000
000000
000000
000000
000000
000000
000000
000000
000000
000000
000000
000000
000000
000000
000000
000000
000000
000000
000000
000000
000000
000000
000000
000000
000000
000000
000000
000000
000000
000000
000000
000000
000000
000000
000000
000000
000000
000000
000000
000000
000000
000000
000000
000000
000000
000000
000000
000000
000000
000000
000000
000000
000000
000000
000000
000000
000000
000000
000000
000000
000000
000000
000000
000000
000000
000000
000000
000000
000000
000000
000000
000000
000000
000000
000000
000000
000000
000000
000000
000000
000000
000000
000000
000000
000000
000000
000000
000000
000000
000000
000000
000000
000000
000000
000000
000000
000000
000000
000000
000000
000000
000000
000000
000000
000000
000000
000000
000000
000000
000000
000000
000000
000000
000000
000000
000000
000000
000000
000000
000000
000000
000000
000000
000000
000000
000000
000000
000000
000000
000000
000000
000000
000000
000000
000000
000000
000000
000000
000000
000000
000000
000000
000000
000000
000000
000000
000000
000000
000000
000000
000000
000000
000000
000000
000000
000000
000000
000000
000000
000000
000000
000000
000000
000000
000000
000000
000000
000000
000000
000000
000000
000000
000000
000000
000000
000000
000000
000000
000000
000000
000000
000000
000000
000000
000000
000000
000000
000000
000000
000000
000000
000000
000000
000000
000000
000000
000000
000000
000000
000000
000000
000000
000000
000000
000000
000000
000000
000000
000000
000000
000000
000000
000000
000000
000000
000000
000000
000000
000000
000000
000000
000000
000000
000000
000000
000000
000000
000000
000000
000000
000000
000000
000000
000000
000000
000000
000000
000000
000000
000000
000000
000000
000000
000000
000000
000000
000000
000000
000000
000000
000000
000000
000000
000000
000000
000000
000000
000000
000000
000000
000000
000000
000000
000000
000000
000000
000000
000000
000000
000000
000000
000000
000000
000000
000000
000000
000000
000000
000000
000000
000000
000000
000000
000000
000000
000000
000000
000000
000000
000000
000000
000000
000000
000000
000000
000000
000000
000000
000000
000000
000000
000000
000000
000000
000000
000000
000000
000000
000000
000000
000000
000000
000000
000000
000000
000000
000000
000000
000000
000000
000000
000000
000000
000000
000000
000000
000000
000000
000000
000000
000000
000000
000000
000000
000000
000000
000000
000000
000000
000000
000000
000000
000000
000000
000000
000000
000000
000000
000000
000000
000000
000000
000000
000000
000000
000000
000000
000000
000000
000000
000000
000000
000000
000000
000000
000000
000000
000000
000000
000000
000000
000000
000000
000000
000000
000000
000000
000000
000000
000000
000000
000000
000000
000000
000000
000000
000000
000000
000000
000000
000000
000000
000000
000000
000000
000000
000000
000000
000000
000000
000000
000000
000000
000000
000000
000000
000000
000000
000000
000000
000000
000000
000000
000000
000000
000000
000000
000000
000000
000000
000000
000000
000000
000000
000000
000000
000000
000000
000000
000000
000000
000000
000000
000000
000000
000000
000000
000000
000000
000000
000000
000000
000000
000000
000000
000000
000000
000000
000000
000000
000000
000000
000000
000000
000000
000000
000000
000000
000000
000000
000000
000000
000000
000000
000000
000000
000000
000000
000000
000000
000000
000000
000000
000000
000000
000000
000000
000000
000000
000000
000000
000000
000000
000000
000000
000000
000000
000000
000000
000000
000000
000000
000000
000000
000000
000000
000000
000000
000000
000000
000000
000000
000000
000000
000000
000000
000000
000000
000000
000000
000000
000000
000000
000000
000000
000000
000000
000000
000000
000000
000000
000000
000000
000000
000000
000000
000000
000000
000000
000000
000000
000000
000000
000000
000000
000000
000000
000000
000000
000000
000000
000000
000000
000000
000000
000000
000000
000000
000000
000000
000000
000000
000000
000000
000000
000000
000000
000000
000000
000000
000000
000000
000000
000000
000000
000000
000000
000000
000000
000000
000000
000000
000000
000000
000000
000000
000000
000000
000000
000000
000000
000000
000000
000000
000000
000000
000000
000000
000000
000000
000000
000000
000000
000000
000000
000000
000000
000000
000000
000000
000000
000000
000000
000000
000000
000000
000000
000000
000000
000000
000000
000000
000000
000000
000000
000000
000000
000000
000000
000000
000000
000000
000000
000000
000000
000000
000000
000000
000000
000000
000000
000000
000000
000000
000000
000000
000000
000000
000000
000000
000000
000000
000000
000000
000000
000000
000000
000000
000000
000000
000000
000000
000000
000000
000000
000000
000000
000000
000000
000000
000000
000000
000000
000000
000000
000000
000000
000000
000000
000000
000000
000000
000000
000000
000000
000000
000000
000000
000000
000000
000000
000000
000000
000000
000000
000000
000000
000000
000000
000000
000000
000000
000000
000000
000000
000000
000000
000000
000000
000000
000000
000000
000000
000000
000000
000000
000000
000000
000000
000000
000000
000000
000000
000000
000000
000000
000000
000000
000000
000000
000000
000000
000000
000000
000000
000000
000000
000000
000000
000000
000000
000000
000000
000000
000000
000000
000000
000000
000000
000000
000000
000000
000000
000000
000000
000000
000000
000000
000000
000000
000000
000000
000000
000000
000000
000000
000000
000000
000000
000000
000000
000000
000000
000000
000000
000000
000000
000000
000000
000000
000000
000000
000000
000000
000000
000000
000000
000000
000000
000000
000000
000000
000000
000000
000000
000000
000000
000000
000000
000000
000000
000000
000000
000000
000000
000000
000000
000000
000000
000000
000000
000000
000000
000000
000000
000000
000000
000000
000000
000000
000000
000000
000000
000000
000000
000000
000000
000000
000000
000000
000000
000000
000000
000000
000000
000000
000000
000000
000000
000000
000000
000000
000000
000000
000000
000000
000000
000000
000000
000000
000000
000000
000000
000000
000000
000000
000000
000000
000000
000000
000000
000000
000000
000000
000000
000000
000000
000000
000000
000000
000000
000000
000000
000000
000000
000000
000000
000000
000000
000000
000000
000000
000000
000000
000000
000000
000000
000000
000000
000000
000000
000000
000000
000000
000000
000000
000000
000000
000000
000000
000000
000000
000000
000000
000000
000000
000000
000000
000000
000000
000000
000000
000000
000000
000000
000000
000000
000000
000000
000000
000000
000000
000000
000000
000000
000000
000000
000000
000000
000000
000000
000000
000000
000000
000000
000000
000000
000000
000000
000000
000000
000000
000000
000000
000000
000000
000000
000000
000000
000000
000000
000000
000000
000000
000000
000000
000000
000000
000000
000000
000000
000000
000000
000000
000000
000000
000000
000000
000000
000000
000000
000000
000000
000000
000000
000000
000000
000000
000000
000000
000000
000000
000000
000000
000000
000000
000000
000000
000000
000000
000000
000000
000000
000000
000000
000000
000000
000000
000000
000000
000000
000000
000000
000000
000000
000000
000000
000000
000000
000000
000000
000000
000000
000000
000000
000000
000000
000000
000000
000000
000000
000000
000000
000000
000000
000000
000000
000000
000000
000000
000000
000000
000000
000000
000000
000000
000000
000000
000000
000000
000000
000000
000000
000000
000000
000000
000000
000000
000000
000000
000000
000000
000000
000000
000000
000000
000000
000000
000000
000000
000000
000000
000000
000000
000000
000000
000000
000000
000000
000000
000000
000000
000000
000000
000000
000000
000000
000000
000000
000000
000000
000000
000000
000000
000000
000000
000000
000000
000000
000000
000000
000000
000000
000000
000000
000000
000000
000000
000000
000000
000000
000000
000000
000000
000000
000000
000000
000000
000000
000000
000000
000000
000000
000000
000000
000000
000000
000000
000000
000000
000000
000000
000000
000000
000000
000000
000000
000000
000000
000000
000000
000000
000000
000000
000000
000000
000000
000000
000000
000000
000000
000000
000000
000000
000000
000000
000000
000000
000000
000000
000000
000000
000000
000000
000000
000000
000000
000000
000000
000000
000000
000000
000000
000000
000000
000000
000000
000000
000000
000000
000000
000000
000000
000000
000000
000000
000000
000000
000000
000000
000000
000000
000000
000000
000000
000000
000000
000000
000000
000000
000000
000000
000000
000000
000000
000000
000000
000000
000000
000000
000000
000000
000000
000000
000000
000000
000000
000000
000000
000000
000000
000000
000000
000000
000000
000000
000000
000000
000000
000000
000000
000000
000000
000000
000000
000000
000000
000000
000000
000000
000000
000000
000000
000000
000000
000000
000000
000000
000000
000000
000000
000000
000000
000000
000000
000000
000000
000000
000000
000000
000000
000000
000000
000000
000000
000000
000000
000000
000000
000000
000000
000000
000000
000000
000000
000000
000000
000000
000000
000000
000000
000000
000000
000000
000000
000000
000000
000000
000000
000000
000000
000000
000000
000000
000000
000000
000000
000000
000000
000000
000000
000000
000000
000000
000000
000000
000000
000000
000000
000000
000000
000000
000000
000000
000000
000000
000000
000000
000000
000000
000000
000000
000000
000000
000000
000000
000000
000000
000000
000000
000000
000000
000000
000000
000000
000000
000000
000000
000000
000000
000000
000000
000000
000000
000000
000000
000000
000000
000000
000000
000000
000000
000000
000000
000000
000000
000000
000000
000000
000000
000000
000000
000000
000000
000000
000000
000000
000000
000000
000000
000000
000000
000000
000000
000000
000000
000000
000000
000000
000000
000000
000000
000000
000000
000000
000000
000000
000000
000000
000000
000000
000000
000000
000000
000000
000000
000000
000000
000000
000000
000000
000000
000000
000000
000000
000000
000000
000000
000000
000000
000000
000000
000000
000000
000000
000000
000000
000000
000000
000000
000000
000000
000000
000000
000000
000000
000000
000000
000000
000000
000000
000000
000000
000000
000000
000000
000000
000000
000000
000000
000000
000000
000000
000000
000000
000000
000000
000000
000000
000000
000000
000000
000000
000000
000000
000000
000000
000000
000000
000000
000000
000000
000000
000000
000000
000000
000000
000000
000000
000000
000000
000000
000000
000000
000000
000000
000000
000000
000000
000000
000000
000000
000000
000000
000000
000000
000000
000000
000000
000000
000000
000000
000000
000000
000000
000000
000000
000000
000000
000000
000000
000000
000000
000000
000000
000000
000000
000000
000000
000000
000000
000000
000000
000000
000000
000000
000000
000000
000000
000000
000000
000000
000000
000000
000000
000000
000000
000000
000000
000000
000000
000000
000000
000000
000000
000000
000000
000000
000000
000000
000000
000000
000000
000000
000000
000000
000000
000000
000000
000000
000000
000000
000000
000000
000000
000000
000000
000000
000000
000000
000000
000000
000000
000000
000000
000000
000000
000000
000000
000000
000000
000000
000000
000000
000000
000000
000000
000000
000000
000000
000000
000000
000000
000000
000000
000000
000000
000000
000000
000000
000000
000000
ffffff
ffffff
ffffff
ffffff
ffffff
ffffff
ffffff
ffffff
ffffff
ffffff
ffffff
ffffff
ffffff
ffffff
ffffff
ffffff
ffffff
ffffff
ffffff
ffffff
ffffff
ffffff
ffffff
ffffff
000000
000000
000000
000000
000000
000000
000000
000000
ffffff
ffffff
ffffff
ffffff
ffffff
000000
ffffff
ffffff
ffffff
ffffff
ffffff
ffffff
ffffff
ffffff
ffffff
ffffff
ffffff
ffffff
ffffff
ffffff
ffffff
ffffff
ffffff
ffffff
000000
000000
000000
000000
000000
000000
000000
000000
ffffff
ffffff
ffffff
ffffff
ffffff
ffffff
ffffff
ffffff
ffffff
ffffff
ffffff
ffffff
ffffff
ffffff
ffffff
ffffff
ffffff
ffffff
ffffff
ffffff
ffffff
ffffff
ffffff
ffffff
000000
000000
000000
000000
000000
000000
000000
000000
ffffff
ffffff
ffffff
ffffff
ffffff
ffffff
ffffff
ffffff
ffffff
ffffff
ffffff
ffffff
000000
ffffff
ffffff
ffffff
000000
ffffff
ffffff
ffffff
ffffff
ffffff
ffffff
ffffff
000000
000000
000000
000000
000000
000000
000000
000000
ffffff
ffffff
ffffff
ffffff
ffffff
ffffff
ffffff
ffffff
ffffff
ffffff
ffffff
ffffff
ffffff
ffffff
ffffff
ffffff
ffffff
ffffff
ffffff
ffffff
ffffff
ffffff
ffffff
ffffff
000000
000000
000000
000000
000000
000000
000000
000000
ffffff
000000
ffffff
ffffff
ffffff
ffffff
ffffff
ffffff
ffffff
ffffff
ffffff
ffffff
ffffff
ffffff
000000
ffffff
ffffff
ffffff
ffffff
ffffff
ffffff
ffffff
ffffff
ffffff
000000
000000
000000
000000
000000
000000
000000
000000
ffffff
ffffff
000000
ffffff
ffffff
ffffff
ffffff
ffffff
ffffff
ffffff
ffffff
ffffff
ffffff
ffffff
000000
ffffff
ffffff
ffffff
ffffff
ffffff
ffffff
ffffff
ffffff
ffffff
000000
000000
000000
000000
000000
000000
000000
000000
ffffff
ffffff
ffffff
ffffff
ffffff
ffffff
000000
ffffff
ffffff
ffffff
ffffff
ffffff
ffffff
ffffff
000000
000000
000000
000000
ffffff
ffffff
ffffff
000000
000000
000000
000000
000000
000000
000000
000000
000000
000000
000000
ffffff
ffffff
ffffff
ffffff
ffffff
ffffff
ffffff
ffffff
ffffff
ffffff
ffffff
ffffff
ffffff
ffffff
ffffff
ffffff
ffffff
ffffff
ffffff
ffffff
ffffff
ffffff
ffffff
ffffff
000000
000000
000000
000000
000000
000000
000000
000000
ffffff
ffffff
ffffff
ffffff
ffffff
ffffff
ffffff
ffffff
ffffff
ffffff
ffffff
ffffff
ffffff
ffffff
ffffff
ffffff
ffffff
ffffff
ffffff
ffffff
ffffff
ffffff
ffffff
ffffff
000000
000000
000000
000000
000000
000000
000000
000000
ffffff
ffffff
ffffff
ffffff
ffffff
ffffff
ffffff
ffffff
ffffff
ffffff
ffffff
ffffff
ffffff
ffffff
ffffff
ffffff
ffffff
ffffff
ffffff
ffffff
ffffff
ffffff
ffffff
ffffff
000000
000000
000000
000000
000000
000000
000000
000000
ffffff
ffffff
ffffff
ffffff
ffffff
ffffff
ffffff
000000
ffffff
ffffff
ffffff
ffffff
ffffff
ffffff
ffffff
ffffff
ffffff
ffffff
ffffff
ffffff
ffffff
ffffff
ffffff
ffffff
000000
000000
000000
000000
000000
000000
000000
000000
ffffff
ffffff
ffffff
ffffff
ffffff
ffffff
ffffff
000000
ffffff
ffffff
ffffff
ffffff
ffffff
ffffff
ffffff
ffffff
ffffff
ffffff
ffffff
ffffff
ffffff
ffffff
ffffff
ffffff
000000
000000
000000
000000
000000
000000
000000
000000
ffffff
ffffff
ffffff
ffffff
ffffff
ffffff
ffffff
ffffff
ffffff
ffffff
ffffff
ffffff
ffffff
ffffff
ffffff
ffffff
ffffff
ffffff
ffffff
ffffff
ffffff
ffffff
ffffff
ffffff
000000
000000
000000
000000
000000
000000
000000
000000
ffffff
000000
ffffff
ffffff
ffffff
ffffff
ffffff
ffffff
ffffff
ffffff
ffffff
ffffff
ffffff
ffffff
ffffff
ffffff
ffffff
ffffff
ffffff
ffffff
ffffff
ffffff
ffffff
ffffff
000000
000000
000000
000000
000000
000000
000000
000000
ffffff
000000
ffffff
ffffff
ffffff
ffffff
ffffff
ffffff
ffffff
ffffff
ffffff
ffffff
ffffff
ffffff
ffffff
ffffff
ffffff
ffffff
ffffff
ffffff
ffffff
ffffff
ffffff
ffffff
000000
000000
000000
000000
000000
000000
000000
000000
000000
000000
000000
000000
000000
000000
000000
000000
000000
000000
000000
000000
000000
000000
000000
000000
000000
000000
000000
000000
000000
000000
000000
000000
000000
000000
000000
000000
000000
000000
000000
000000
000000
000000
000000
000000
000000
000000
000000
000000
000000
000000
000000
000000
000000
000000
000000
000000
000000
000000
000000
000000
000000
000000
000000
000000
000000
000000
000000
000000
000000
000000
000000
000000
000000
000000
000000
000000
000000
000000
000000
000000
000000
000000
000000
000000
000000
000000
000000
000000
000000
000000
000000
000000
000000
000000
000000
000000
000000
000000
000000
000000
000000
000000
000000
000000
000000
000000
000000
000000
000000
000000
000000
000000
000000
000000
000000
000000
000000
000000
000000
000000
000000
000000
000000
000000
000000
000000
000000
000000
000000
000000
000000
000000
000000
000000
000000
000000
000000
000000
000000
000000
000000
000000
000000
000000
000000
000000
000000
000000
000000
000000
000000
000000
000000
000000
000000
000000
000000
000000
000000
000000
000000
000000
000000
000000
000000
000000
000000
000000
000000
000000
000000
000000
000000
000000
000000
000000
000000
000000
000000
000000
000000
000000
000000
000000
000000
000000
000000
000000
000000
000000
000000
000000
000000
000000
000000
000000
000000
000000
000000
000000
000000
000000
000000
000000
000000
000000
000000
000000
000000
000000
000000
000000
000000
000000
000000
000000
000000
000000
000000
000000
000000
000000
000000
000000
000000
000000
000000
000000
000000
000000
000000
000000
000000
000000
000000
000000
000000
000000
000000
000000
000000
000000
000000
000000
000000
000000
000000
000000
000000
000000
000000
000000
000000
000000
000000
000000
000000
000000
000000
000000
000000
000000
000000
000000
ffffff
ffffff
ffffff
ffffff
ffffff
ffffff
ffffff
ffffff
ffffff
ffffff
ffffff
ffffff
ffffff
ffffff
ffffff
ffffff
ffffff
ffffff
ffffff
ffffff
ffffff
ffffff
ffffff
ffffff
000000
000000
000000
000000
000000
000000
000000
000000
ffffff
ffffff
ffffff
ffffff
ffffff
ffffff
ffffff
ffffff
ffffff
ffffff
ffffff
ffffff
ffffff
ffffff
ffffff
ffffff
ffffff
ffffff
ffffff
ffffff
ffffff
ffffff
ffffff
ffffff
000000
000000
000000
000000
000000
000000
000000
000000
ffffff
ffffff
ffffff
ffffff
ffffff
ffffff
ffffff
ffffff
ffffff
ffffff
ffffff
ffffff
ffffff
ffffff
ffffff
ffffff
ffffff
ffffff
ffffff
ffffff
ffffff
ffffff
ffffff
ffffff
000000
000000
000000
000000
000000
000000
000000
000000
ffffff
ffffff
ffffff
ffffff
ffffff
ffffff
ffffff
ffffff
ffffff
ffffff
ffffff
ffffff
ffffff
ffffff
ffffff
ffffff
ffffff
ffffff
ffffff
ffffff
ffffff
ffffff
ffffff
ffffff
000000
000000
000000
000000
000000
000000
000000
000000
ffffff
ffffff
ffffff
ffffff
ffffff
ffffff
ffffff
ffffff
ffffff
ffffff
ffffff
ffffff
ffffff
ffffff
ffffff
ffffff
ffffff
ffffff
ffffff
ffffff
ffffff
ffffff
ffffff
ffffff
000000
000000
000000
000000
000000
000000
000000
000000
ffffff
ffffff
ffffff
ffffff
ffffff
ffffff
ffffff
ffffff
ffffff
ffffff
ffffff
ffffff
ffffff
ffffff
ffffff
ffffff
ffffff
ffffff
ffffff
ffffff
ffffff
ffffff
ffffff
ffffff
000000
000000
000000
000000
000000
000000
000000
000000
ffffff
ffffff
ffffff
ffffff
ffffff
ffffff
ffffff
ffffff
ffffff
ffffff
ffffff
ffffff
ffffff
ffffff
ffffff
ffffff
ffffff
ffffff
ffffff
ffffff
ffffff
ffffff
ffffff
ffffff
000000
000000
000000
000000
000000
000000
000000
000000
ffffff
ffffff
ffffff
ffffff
ffffff
ffffff
ffffff
ffffff
ffffff
ffffff
ffffff
ffffff
ffffff
ffffff
ffffff
ffffff
ffffff
ffffff
ffffff
ffffff
ffffff
ffffff
ffffff
ffffff
000000
000000
000000
000000
000000
000000
000000
000000
ffffff
ffffff
ffffff
ffffff
ffffff
ffffff
ffffff
ffffff
ffffff
ffffff
ffffff
ffffff
ffffff
ffffff
ffffff
ffffff
ffffff
ffffff
ffffff
ffffff
ffffff
ffffff
ffffff
ffffff
000000
000000
000000
000000
000000
000000
000000
000000
ffffff
ffffff
ffffff
ffffff
ffffff
ffffff
ffffff
ffffff
ffffff
ffffff
ffffff
ffffff
ffffff
ffffff
ffffff
ffffff
ffffff
ffffff
ffffff
ffffff
ffffff
ffffff
ffffff
ffffff
000000
000000
000000
000000
000000
000000
000000
000000
ffffff
ffffff
ffffff
ffffff
ffffff
ffffff
ffffff
ffffff
ffffff
ffffff
ffffff
ffffff
ffffff
ffffff
ffffff
ffffff
ffffff
ffffff
ffffff
ffffff
ffffff
ffffff
ffffff
ffffff
000000
000000
000000
000000
000000
000000
000000
000000
ffffff
ffffff
ffffff
ffffff
ffffff
ffffff
ffffff
ffffff
ffffff
ffffff
ffffff
ffffff
ffffff
ffffff
ffffff
ffffff
ffffff
ffffff
ffffff
ffffff
ffffff
ffffff
ffffff
ffffff
000000
000000
000000
000000
000000
000000
000000
000000
ffffff
ffffff
ffffff
ffffff
ffffff
ffffff
ffffff
ffffff
ffffff
ffffff
ffffff
ffffff
ffffff
ffffff
ffffff
ffffff
ffffff
ffffff
ffffff
ffffff
ffffff
ffffff
ffffff
ffffff
000000
000000
000000
000000
000000
000000
000000
000000
ffffff
ffffff
ffffff
ffffff
ffffff
ffffff
ffffff
ffffff
ffffff
ffffff
ffffff
ffffff
ffffff
ffffff
ffffff
ffffff
ffffff
ffffff
ffffff
ffffff
ffffff
ffffff
ffffff
ffffff
000000
000000
000000
000000
000000
000000
000000
000000
ffffff
ffffff
ffffff
ffffff
ffffff
ffffff
ffffff
ffffff
ffffff
ffffff
ffffff
ffffff
ffffff
ffffff
ffffff
ffffff
ffffff
ffffff
ffffff
ffffff
ffffff
ffffff
ffffff
ffffff
000000
000000
000000
000000
000000
000000
000000
000000
ffffff
ffffff
ffffff
ffffff
ffffff
ffffff
ffffff
ffffff
ffffff
ffffff
ffffff
ffffff
ffffff
ffffff
ffffff
ffffff
ffffff
ffffff
ffffff
ffffff
ffffff
ffffff
ffffff
ffffff
000000
000000
000000
000000
000000
000000
000000
000000
000000
000000
000000
000000
000000
000000
000000
000000
000000
000000
000000
000000
000000
000000
000000
000000
000000
000000
000000
000000
000000
000000
000000
000000
000000
000000
000000
000000
000000
000000
000000
000000
000000
000000
000000
000000
000000
000000
000000
000000
000000
000000
000000
000000
000000
000000
000000
000000
000000
000000
000000
000000
000000
000000
000000
000000
000000
000000
000000
000000
000000
000000
000000
000000
000000
000000
000000
000000
000000
000000
000000
000000
000000
000000
000000
000000
000000
000000
000000
000000
000000
000000
000000
000000
000000
000000
000000
000000
000000
000000
000000
000000
000000
000000
000000
000000
000000
000000
000000
000000
000000
000000
000000
000000
000000
000000
000000
000000
000000
000000
000000
000000
000000
000000
000000
000000
000000
000000
000000
000000
000000
000000
000000
000000
000000
000000
000000
000000
000000
000000
000000
000000
000000
000000
000000
000000
000000
000000
000000
000000
000000
000000
000000
000000
000000
000000
000000
000000
000000
000000
000000
000000
000000
000000
000000
000000
000000
000000
000000
000000
000000
000000
000000
000000
000000
000000
000000
000000
000000
000000
000000
000000
000000
000000
000000
000000
000000
000000
000000
000000
000000
000000
000000
000000
000000
000000
000000
000000
000000
000000
000000
000000
000000
000000
000000
000000
000000
000000
000000
000000
000000
000000
000000
000000
000000
000000
000000
000000
000000
000000
000000
000000
000000
000000
000000
000000
000000
000000
000000
000000
000000
000000
000000
000000
000000
000000
000000
000000
000000
000000
000000
000000
000000
000000
000000
000000
000000
000000
000000
000000
000000
000000
000000
000000
000000
000000
000000
000000
000000
000000
000000
000000
000000
000000
000000
000000
000000
000000
000000
000000
000000
000000
000000
000000
000000
000000
000000
000000
000000
000000
000000
000000
000000
000000
000000
000000
000000
000000
000000
000000
000000
000000
000000
000000
000000
000000
000000
000000
000000
000000
000000
000000
000000
000000
000000
000000
000000
000000
000000
000000
000000
000000
000000
000000
000000
000000
000000
000000
000000
000000
000000
000000
000000
000000
000000
000000
000000
000000
000000
000000
000000
000000
000000
000000
000000
000000
000000
000000
000000
000000
000000
000000
000000
000000
000000
000000
000000
000000
000000
000000
000000
000000
000000
000000
000000
000000
000000
000000
000000
000000
000000
000000
000000
000000
000000
000000
000000
000000
000000
000000
000000
000000
000000
000000
000000
000000
000000
000000
000000
000000
000000
000000
000000
000000
000000
000000
000000
000000
000000
000000
000000
000000
000000
000000
000000
000000
000000
000000
000000
000000
000000
000000
000000
000000
000000
000000
000000
000000
000000
000000
000000
000000
000000
000000
000000
000000
000000
000000
000000
000000
000000
000000
000000
000000
000000
000000
000000
000000
000000
000000
000000
000000
000000
000000
000000
000000
000000
000000
000000
000000
000000
000000
000000
000000
000000
000000
000000
000000
000000
000000
000000
000000
000000
000000
000000
000000
000000
000000
000000
000000
000000
000000
000000
000000
000000
000000
000000
000000
000000
000000
000000
000000
000000
000000
000000
000000
000000
000000
000000
000000
000000
000000
000000
000000
000000
000000
000000
000000
000000
000000
000000
000000
000000
000000
000000
000000
000000
000000
000000
000000
000000
000000
000000
000000
000000
000000
000000
000000
000000
000000
000000
000000
000000
000000
000000
000000
000000
000000
000000
000000
000000
000000
000000
000000
000000
000000
000000
000000
000000
000000
000000
000000
000000
000000
000000
000000
000000
000000
000000
000000
000000
000000
000000
000000
000000
000000
000000
000000
000000
000000
000000
000000
000000
000000
000000
000000
000000
000000
000000
000000
000000
000000
000000
000000
000000
000000
000000
000000
000000
000000
000000
000000
000000
000000
000000
000000
000000
000000
000000
000000
000000
000000
000000
000000
000000
000000
000000
000000
000000
000000
000000
000000
000000
000000
000000
000000
000000
000000
000000
000000
000000
000000
000000
000000
000000
000000
000000
000000
000000
000000
000000
000000
000000
000000
000000
000000
000000
000000
000000
000000
000000
000000
000000
000000
000000
000000
000000
000000
000000
000000
000000
000000
000000
000000
000000
000000
000000
000000
000000
000000
000000
000000
000000
000000
000000
000000
000000
000000
000000
000000
000000
000000
000000
000000
000000
000000
000000
000000
000000
000000
000000
000000
000000
000000
000000
000000
000000
000000
000000
000000
000000
000000
000000
000000
000000
000000
000000
000000
000000
000000
000000
000000
000000
000000
000000
000000
000000
000000
000000
000000
000000
000000
000000
000000
000000
000000
000000
000000
000000
000000
000000
000000
000000
000000
000000
000000
000000
000000
000000
000000
000000
000000
000000
000000
000000
000000
000000
000000
000000
000000
000000
000000
000000
000000
000000
000000
000000
000000
000000
000000
000000
000000
000000
000000
000000
000000
000000
000000
000000
000000
000000
000000
000000
000000
000000
000000
000000
000000
000000
000000
000000
000000
000000
000000
000000
000000
000000
000000
000000
000000
000000
000000
000000
000000
000000
000000
000000
000000
000000
000000
000000
000000
000000
000000
000000
000000
000000
000000
000000
000000
000000
000000
000000
000000
000000
000000
000000
000000
000000
000000
000000
000000
000000
000000
000000
000000
000000
000000
000000
000000
000000
000000
000000
000000
000000
000000
000000
000000
000000
000000
000000
000000
000000
000000
000000
000000
000000
000000
000000
000000
000000
000000
000000
000000
000000
000000
000000
000000
000000
000000
000000
000000
000000
000000
000000
000000
000000
000000
000000
000000
000000
000000
000000
000000
000000
000000
000000
000000
000000
000000
000000
000000
000000
000000
000000
000000
000000
000000
000000
000000
000000
000000
000000
000000
000000
000000
000000
000000
000000
000000
000000
000000
000000
000000
000000
000000
000000
000000
000000
000000
000000
000000
000000
000000
000000
000000
000000
000000
000000
000000
000000
000000
000000
000000
000000
000000
000000
000000
000000
000000
000000
000000
000000
000000
000000
000000
000000
000000
000000
000000
000000
000000
000000
000000
000000
000000
000000
000000
000000
000000
000000
000000
000000
000000
000000
000000
000000
000000
000000
000000
000000
000000
000000
000000
000000
000000
000000
000000
000000
000000
000000
000000
000000
000000
000000
000000
000000
000000
000000
000000
000000
000000
000000
000000
000000
000000
000000
000000
000000
000000
000000
000000
000000
000000
000000
000000
000000
000000
000000
000000
000000
000000
000000
000000
000000
000000
000000
000000
000000
000000
000000
000000
000000
000000
000000
000000
000000
000000
000000
000000
000000
000000
000000
000000
000000
000000
000000
000000
000000
000000
000000
000000
000000
000000
000000
000000
000000
000000
000000
000000
000000
000000
000000
000000
000000
000000
000000
000000
000000
000000
000000
000000
000000
000000
000000
000000
000000
000000
000000
000000
000000
000000
000000
000000
000000
000000
000000
000000
000000
000000
000000
000000
000000
000000
000000
000000
000000
000000
000000
000000
000000
000000
000000
000000
000000
000000
000000
000000
000000
000000
000000
000000
000000
000000
000000
000000
000000
000000
000000
000000
000000
000000
000000
000000
000000
000000
000000
000000
000000
000000
000000
000000
000000
000000
000000
000000
000000
000000
000000
000000
000000
000000
000000
000000
000000
000000
000000
000000
000000
000000
000000
000000
000000
000000
000000
000000
000000
000000
000000
000000
000000
000000
000000
000000
000000
000000
000000
000000
000000
000000
000000
000000
000000
000000
000000
000000
000000
000000
000000
000000
000000
000000
000000
000000
000000
000000
000000
000000
000000
000000
000000
000000
000000
000000
000000
000000
000000
000000
000000
000000
000000
000000
000000
000000
000000
000000
000000
000000
000000
000000
000000
000000
000000
000000
000000
000000
000000
000000
000000
000000
000000
000000
000000
000000
000000
000000
000000
000000
000000
000000
000000
000000
000000
000000
000000
000000
000000
000000
000000
000000
000000
000000
000000
000000
000000
000000
000000
000000
000000
000000
000000
000000
000000
000000
000000
000000
000000
000000
000000
000000
000000
000000
000000
000000
000000
000000
000000
000000
000000
000000
000000
000000
000000
000000
000000
000000
000000
000000
000000
000000
000000
000000
000000
000000
000000
000000
000000
000000
000000
000000
000000
000000
000000
000000
000000
000000
000000
000000
000000
000000
000000
000000
000000
000000
000000
000000
000000
000000
000000
000000
000000
000000
000000
000000
000000
000000
000000
000000
000000
000000
000000
000000
000000
000000
000000
000000
000000
000000
000000
000000
000000
000000
000000
000000
000000
000000
000000
000000
000000
000000
000000
000000
000000
000000
000000
000000
000000
000000
000000
000000
000000
000000
000000
000000
000000
000000
000000
000000
000000
000000
000000
000000
000000
000000
000000
000000
000000
000000
000000
000000
000000
000000
000000
000000
000000
000000
000000
000000
000000
000000
000000
000000
000000
000000
000000
000000
000000
000000
000000
000000
000000
000000
000000
000000
000000
000000
000000
000000
000000
000000
000000
000000
000000
000000
000000
000000
000000
000000
000000
000000
000000
000000
000000
000000
000000
000000
000000
000000
000000
000000
000000
000000
000000
000000
000000
000000
000000
000000
000000
000000
000000
000000
000000
000000
000000
000000
000000
000000
000000
000000
000000
000000
000000
000000
000000
000000
000000
000000
000000
000000
000000
000000
000000
000000
000000
000000
000000
000000
000000
000000
000000
000000
000000
000000
000000
000000
000000
000000
000000
000000
000000
000000
000000
000000
000000
000000
000000
000000
000000
000000
000000
000000
000000
000000
000000
000000
000000
000000
000000
000000
000000
000000
000000
000000
000000
000000
000000
000000
000000
000000
000000
000000
000000
000000
000000
000000
000000
000000
000000
000000
000000
000000
000000
000000
000000
000000
000000
000000
000000
000000
000000
000000
000000
000000
000000
000000
000000
000000
000000
000000
000000
000000
000000
000000
000000
000000
000000
000000
000000
000000
000000
000000
000000
000000
000000
000000
000000
000000
000000
000000
000000
000000
000000
000000
000000
000000
000000
000000
000000
000000
000000
000000
000000
000000
000000
000000
000000
000000
000000
000000
000000
000000
000000
000000
000000
000000
000000
000000
000000
000000
000000
000000
000000
000000
000000
000000
000000
000000
000000
000000
000000
000000
000000
000000
000000
000000
000000
000000
000000
000000
000000
000000
000000
000000
000000
000000
000000
000000
000000
000000
000000
000000
000000
000000
000000
000000
000000
000000
000000
000000
000000
000000
000000
000000
000000
000000
000000
000000
000000
000000
000000
000000
000000
000000
000000
000000
000000
000000
000000
000000
000000
000000
000000
000000
000000
000000
000000
000000
000000
000000
000000
000000
000000
000000
000000
000000
000000
000000
000000
000000
000000
000000
000000
000000
000000
000000
000000
000000
000000
000000
000000
000000
000000
000000
000000
000000
000000
000000
000000
000000
000000
000000
000000
000000
000000
000000
000000
000000
000000
000000
000000
000000
000000
000000
000000
000000
000000
000000
000000
000000
000000
000000
000000
000000
000000
000000
000000
000000
000000
000000
000000
000000
000000
000000
000000
000000
000000
000000
000000
000000
000000
000000
000000
000000
000000
000000
000000
000000
000000
000000
000000
000000
000000
000000
000000
000000
000000
000000
000000
000000
000000
000000
000000
000000
000000
000000
000000
000000
000000
000000
000000
000000
000000
000000
000000
000000
000000
000000
000000
000000
000000
000000
000000
000000
000000
000000
000000
000000
000000
000000
000000
000000
000000
000000
000000
000000
000000
000000
000000
000000
000000
000000
000000
000000
000000
000000
000000
000000
000000
000000
000000
000000
000000
000000
000000
000000
000000
000000
000000
000000
000000
000000
000000
000000
000000
000000
000000
000000
000000
000000
000000
000000
000000
000000
000000
000000
000000
000000
000000
000000
000000
000000
000000
000000
000000
000000
000000
000000
000000
000000
000000
000000
000000
000000
000000
000000
000000
000000
000000
000000
000000
000000
000000
000000
000000
000000
000000
000000
000000
000000
000000
000000
000000
000000
000000
000000
000000
000000
000000
000000
000000
000000
000000
000000
000000
000000
000000
000000
000000
000000
000000
000000
000000
000000
000000
000000
000000
000000
000000
000000
000000
000000
000000
000000
000000
000000
000000
000000
000000
000000
000000
000000
000000
000000
000000
000000
000000
000000
000000
000000
000000
000000
000000
000000
000000
000000
000000
000000
000000
000000
000000
000000
000000
000000
000000
000000
000000
000000
000000
000000
000000
000000
000000
000000
000000
000000
000000
000000
000000
000000
000000
000000
000000
000000
000000
000000
000000
000000
000000
000000
000000
000000
000000
000000
000000
000000
000000
000000
000000
000000
000000
000000
000000
000000
000000
000000
000000
000000
000000
000000
000000
000000
000000
000000
000000
000000
000000
000000
000000
000000
000000
000000
000000
000000
000000
000000
000000
000000
000000
000000
000000
000000
000000
000000
000000
000000
000000
000000
000000
000000
000000
000000
000000
000000
000000
000000
000000
000000
000000
000000
000000
000000
000000
000000
000000
000000
000000
000000
000000
000000
000000
000000
000000
000000
000000
000000
000000
000000
000000
000000
000000
000000
000000
000000
000000
000000
000000
000000
000000
000000
000000
000000
000000
000000
000000
000000
000000
000000
000000
000000
000000
000000
000000
000000
000000
000000
000000
000000
000000
000000
000000
000000
000000
000000
000000
000000
000000
000000
000000
000000
000000
000000
000000
000000
000000
000000
000000
000000
000000
000000
000000
000000
000000
000000
000000
000000
000000
000000
000000
000000
000000
000000
000000
000000
000000
000000
000000
000000
000000
000000
000000
000000
000000
000000
000000
000000
000000
000000
000000
000000
000000
000000
000000
000000
000000
000000
000000
000000
000000
000000
000000
000000
000000
000000
000000
000000
000000
000000
000000
000000
000000
000000
000000
000000
000000
000000
000000
000000
000000
000000
000000
000000
000000
000000
000000
000000
000000
000000
000000
000000
000000
000000
000000
000000
000000
000000
000000
000000
000000
000000
000000
000000
000000
000000
000000
000000
000000
000000
000000
000000
000000
000000
000000
000000
000000
000000
000000
000000
000000
000000
000000
000000
000000
000000
000000
000000
000000
000000
000000
000000
000000
000000
000000
000000
000000
000000
000000
000000
000000
000000
000000
000000
000000
000000
000000
000000
000000
000000
000000
000000
000000
000000
000000
000000
000000
000000
000000
000000
000000
000000
000000
000000
000000
000000
000000
000000
000000
000000
000000
000000
000000
000000
000000
000000
000000
000000
000000
000000
000000
000000
000000
000000
000000
000000
000000
000000
000000
000000
000000
000000
000000
000000
000000
000000
000000
000000
000000
000000
000000
000000
000000
000000
000000
000000
000000
000000
000000
000000
000000
000000
000000
000000
000000
000000
000000
000000
000000
000000
000000
000000
000000
000000
000000
000000
000000
000000
000000
000000
000000
000000
000000
000000
000000
000000
000000
000000
000000
000000
000000
000000
000000
000000
000000
000000
000000
000000
000000
000000
000000
000000
000000
000000
000000
000000
000000
000000
000000
000000
000000
000000
000000
000000
000000
000000
000000
000000
000000
000000
000000
000000
000000
000000
000000
000000
000000
000000
000000
000000
000000
000000
000000
000000
000000
000000
000000
000000
000000
000000
000000
000000
000000
000000
000000
000000
000000
000000
000000
000000
000000
000000
000000
000000
000000
000000
000000
000000
000000
000000
000000
000000
000000
000000
000000
000000
000000
000000
000000
000000
000000
000000
000000
000000
000000
000000
000000
000000
000000
000000
000000
000000
000000
000000
000000
000000
000000
000000
000000
000000
000000
000000
000000
000000
000000
000000
000000
000000
000000
000000
000000
000000
000000
000000
000000
000000
000000
000000
000000
000000
000000
000000
000000
000000
000000
000000
000000
000000
000000
000000
000000
000000
000000
000000
000000
000000
000000
000000
000000
000000
000000
000000
000000
000000
000000
000000
000000
000000
000000
000000
000000
000000
000000
000000
000000
000000
000000
000000
000000
000000
000000
000000
000000
000000
000000
000000
000000
000000
000000
000000
000000
000000
000000
000000
000000
000000
000000
000000
000000
000000
000000
000000
000000
000000
000000
000000
000000
000000
000000
000000
000000
000000
000000
000000
000000
000000
000000
000000
000000
000000
000000
000000
000000
000000
000000
000000
000000
000000
000000
000000
000000
000000
000000
000000
000000
000000
000000
000000
000000
000000
000000
000000
000000
000000
000000
000000
000000
000000
000000
000000
000000
000000
000000
000000
000000
000000
000000
000000
000000
000000
000000
000000
000000
000000
000000
000000
000000
000000
000000
000000
000000
000000
000000
000000
000000
000000
000000
000000
000000
000000
000000
000000
000000
000000
000000
000000
000000
000000
000000
000000
000000
000000
000000
000000
000000
000000
000000
000000
000000
000000
000000
000000
000000
000000
000000
000000
000000
000000
000000
000000
000000
000000
000000
000000
000000
000000
000000
000000
000000
000000
000000
000000
000000
000000
000000
000000
000000
000000
000000
000000
000000
000000
000000
000000
000000
000000
000000
000000
000000
000000
000000
000000
000000
000000
000000
000000
000000
000000
000000
000000
000000
000000
000000
000000
000000
000000
000000
000000
000000
000000
000000
000000
000000
000000
000000
000000
000000
000000
000000
000000
000000
000000
000000
000000
000000
000000
000000
000000
000000
000000
000000
000000
000000
000000
000000
000000
000000
000000
000000
000000
000000
000000
000000
000000
000000
000000
000000
000000
000000
000000
000000
000000
000000
000000
000000
000000
000000
000000
000000
000000
000000
000000
000000
000000
000000
000000
000000
000000
000000
000000
000000
000000
000000
000000
000000
000000
000000
000000
000000
000000
000000
000000
000000
000000
000000
000000
000000
000000
000000
000000
000000
000000
000000
000000
000000
000000
000000
000000
000000
000000
000000
000000
000000
000000
000000
000000
000000
000000
000000
000000
000000
000000
000000
000000
000000
000000
000000
000000
000000
000000
000000
000000
000000
000000
000000
000000
000000
000000
000000
000000
000000
000000
000000
000000
000000
000000
000000
000000
000000
000000
000000
000000
000000
000000
000000
000000
000000
000000
000000
000000
000000
000000
000000
000000
000000
000000
000000
000000
000000
000000
000000
000000
000000
000000
000000
000000
000000
000000
000000
000000
000000
000000
000000
000000
000000
000000
000000
000000
000000
000000
000000
000000
000000
000000
000000
000000
000000
000000
000000
000000
000000
000000
000000
000000
000000
000000
000000
000000
000000
000000
000000
000000
000000
000000
000000
000000
000000
000000
000000
000000
000000
000000
000000
000000
000000
000000
000000
000000
000000
000000
000000
000000
000000
000000
000000
000000
000000
000000
000000
000000
000000
000000
000000
000000
000000
000000
000000
000000
000000
000000
000000
000000
000000
000000
000000
000000
000000
000000
000000
000000
000000
000000
000000
000000
000000
000000
000000
000000
000000
000000
000000
000000
000000
000000
000000
000000
000000
000000
000000
000000
000000
000000
000000
000000
000000
000000
000000
000000
000000
000000
000000
000000
000000
000000
000000
000000
000000
000000
000000
000000
000000
000000
000000
000000
000000
000000
000000
000000
000000
000000
000000
000000
000000
000000
000000
000000
000000
000000
000000
000000
000000
000000
000000
000000
000000
000000
000000
000000
000000
000000
000000
000000
000000
000000
000000
000000
000000
000000
000000
000000
000000
000000
000000
000000
000000
000000
000000
000000
000000
000000
000000
000000
000000
000000
000000
000000
000000
000000
000000
000000
000000
000000
000000
000000
000000
000000
000000
000000
000000
000000
000000
000000
000000
000000
000000
000000
000000
000000
000000
000000
000000
000000
000000
000000
000000
000000
000000
000000
000000
000000
000000
000000
000000
000000
000000
000000
000000
000000
000000
000000
000000
000000
000000
000000
000000
000000
000000
000000
000000
000000
000000
000000
000000
000000
000000
000000
000000
000000
000000
000000
000000
000000
000000
000000
000000
000000
000000
000000
000000
000000
000000
000000
000000
000000
000000
000000
000000
000000
000000
000000
000000
000000
000000
000000
000000
000000
000000
000000
000000
000000
000000
000000
000000
000000
000000
000000
000000
000000
000000
000000
000000
000000
000000
000000
000000
000000
000000
000000
000000
000000
000000
000000
000000
000000
000000
000000
000000
000000
000000
000000
000000
000000
000000
000000
000000
000000
000000
000000
000000
000000
000000
000000
000000
000000
000000
000000
000000
000000
000000
000000
000000
000000
000000
000000
000000
000000
000000
000000
000000
000000
000000
000000
000000
000000
000000
000000
000000
000000
000000
000000
000000
000000
000000
000000
000000
000000
000000
000000
000000
000000
000000
000000
000000
000000
000000
000000
000000
000000
000000
000000
000000
000000
000000
000000
000000
000000
000000
000000
000000
000000
000000
000000
000000
000000
000000
000000
000000
000000
000000
000000
000000
000000
000000
000000
000000
000000
000000
000000
000000
000000
000000
000000
000000
000000
000000
000000
000000
000000
000000
000000
000000
000000
000000
000000
000000
000000
000000
000000
000000
000000
000000
000000
000000
000000
000000
000000
000000
000000
000000
000000
000000
000000
000000
000000
000000
000000
000000
000000
000000
000000
000000
000000
000000
000000
000000
000000
000000
000000
000000
000000
000000
000000
000000
000000
000000
000000
000000
000000
000000
000000
000000
000000
000000
000000
000000
000000
000000
000000
000000
000000
000000
000000
000000
000000
000000
000000
000000
000000
000000
000000
000000
000000
000000
000000
000000
000000
000000
000000
000000
000000
000000
000000
000000
000000
000000
000000
000000
000000
000000
000000
000000
000000
000000
000000
000000
000000
000000
000000
000000
000000
000000
000000
000000
000000
000000
000000
000000
000000
000000
000000
000000
000000
000000
000000
000000
000000
000000
000000
000000
000000
000000
000000
000000
000000
000000
000000
000000
000000
000000
000000
000000
000000
000000
000000
000000
000000
000000
000000
000000
000000
000000
000000
000000
000000
000000
000000
000000
000000
000000
000000
000000
000000
000000
000000
000000
000000
000000
000000
000000
000000
000000
000000
000000
000000
000000
000000
000000
000000
000000
000000
000000
000000
000000
000000
000000
000000
000000
000000
000000
000000
000000
000000
000000
000000
000000
000000
000000
000000
000000
000000
000000
000000
000000
000000
000000
000000
000000
000000
000000
000000
000000
000000
000000
000000
000000
000000
000000
000000
000000
000000
000000
000000
000000
000000
000000
000000
000000
000000
000000
000000
000000
000000
000000
000000
000000
000000
000000
000000
000000
000000
000000
000000
000000
000000
000000
000000
000000
000000
000000
000000
000000
000000
000000
000000
000000
000000
000000
000000
000000
000000
000000
000000
000000
000000
000000
000000
000000
000000
000000
000000
000000
000000
000000
000000
000000
000000
000000
000000
000000
000000
000000
000000
000000
000000
000000
000000
000000
000000
000000
000000
000000
000000
000000
000000
000000
000000
000000
000000
000000
000000
000000
000000
000000
000000
000000
000000
000000
000000
000000
000000
000000
000000
000000
000000
000000
000000
000000
000000
000000
000000
000000
000000
000000
000000
000000
000000
000000
000000
000000
000000
000000
000000
000000
000000
000000
000000
000000
000000
000000
000000
000000
000000
000000
000000
000000
000000
000000
000000
000000
000000
000000
000000
000000
000000
000000
000000
000000
000000
000000
000000
000000
000000
000000
000000
000000
000000
000000
000000
000000
000000
000000
000000
000000
000000
000000
000000
000000
000000
000000
000000
000000
000000
000000
000000
000000
000000
000000
000000
000000
000000
000000
000000
000000
000000
000000
000000
000000
000000
000000
000000
000000
000000
000000
000000
000000
000000
000000
000000
000000
000000
000000
000000
000000
000000
000000
000000
000000
000000
000000
000000
000000
000000
000000
000000
000000
000000
000000
000000
000000
000000
000000
000000
000000
000000
000000
000000
000000
000000
000000
000000
000000
000000
000000
000000
000000
000000
000000
000000
000000
000000
000000
000000
000000
000000
000000
000000
000000
000000
000000
000000
000000
000000
000000
000000
000000
000000
000000
000000
000000
000000
000000
000000
000000
000000
000000
000000
000000
000000
000000
000000
000000
000000
000000
000000
000000
000000
000000
000000
000000
000000
000000
000000
000000
000000
000000
000000
000000
000000
000000
000000
000000
000000
000000
000000
000000
000000
000000
000000
000000
000000
000000
000000
000000
000000
000000
000000
000000
000000
000000
000000
000000
000000
000000
000000
000000
000000
000000
000000
000000
000000
000000
000000
000000
000000
000000
000000
000000
000000
000000
000000
000000
000000
000000
000000
000000
000000
000000
000000
000000
000000
000000
000000
000000
000000
000000
000000
000000
000000
000000
000000
000000
000000
000000
000000
000000
000000
000000
000000
000000
000000
000000
000000
000000
000000
000000
000000
000000
000000
000000
000000
000000
000000
000000
000000
000000
000000
000000
000000
000000
000000
000000
000000
000000
000000
000000
000000
000000
000000
000000
000000
000000
000000
000000
000000
000000
000000
000000
000000
000000
000000
000000
000000
000000
000000
000000
000000
000000
000000
000000
000000
000000
000000
000000
000000
000000
000000
000000
000000
000000
000000
000000
000000
000000
000000
000000
000000
000000
000000
000000
000000
000000
000000
000000
000000
000000
000000
000000
000000
000000
000000
000000
000000
000000
000000
000000
000000
000000
000000
000000
000000
000000
000000
000000
000000
000000
000000
000000
000000
000000
000000
000000
000000
000000
000000
000000
000000
000000
000000
000000
000000
000000
000000
000000
000000
000000
000000
000000
000000
000000
000000
000000
000000
000000
000000
000000
000000
000000
000000
000000
000000
000000
000000
000000
000000
000000
000000
000000
000000
000000
000000
000000
000000
000000
000000
000000
000000
000000
000000
000000
000000
000000
000000
000000
000000
000000
000000
000000
000000
000000
000000
000000
000000
000000
000000
000000
000000
000000
000000
000000
000000
000000
000000
000000
000000
000000
000000
000000
000000
000000
000000
000000
000000
000000
000000
000000
000000
000000
000000
000000
000000
000000
000000
000000
000000
000000
000000
000000
000000
000000
000000
000000
000000
000000
000000
000000
000000
000000
000000
000000
000000
000000
000000
000000
000000
000000
000000
000000
000000
000000
000000
000000
000000
000000
000000
000000
000000
000000
000000
000000
000000
000000
000000
000000
000000
000000
000000
000000
000000
000000
000000
000000
000000
000000
000000
000000
000000
000000
000000
000000
000000
000000
000000
000000
000000
000000
000000
000000
000000
000000
000000
000000
000000
000000
000000
000000
000000
000000
000000
000000
000000
000000
000000
000000
000000
000000
000000
000000
000000
000000
000000
000000
000000
000000
000000
000000
000000
000000
000000
000000
000000
000000
000000
000000
000000
000000
000000
000000
000000
000000
000000
000000
000000
000000
000000
000000
000000
000000
000000
000000
000000
000000
000000
000000
000000
000000
000000
000000
000000
000000
000000
000000
000000
000000
000000
000000
000000
000000
000000
000000
000000
000000
000000
000000
000000
000000
000000
000000
000000
000000
000000
000000
000000
000000
000000
000000
000000
000000
000000
000000
000000
000000
000000
000000
000000
000000
000000
000000
000000
000000
000000
000000
000000
000000
000000
000000
000000
000000
000000
000000
000000
000000
000000
000000
000000
000000
000000
000000
000000
000000
000000
000000
000000
000000
000000
000000
000000
000000
000000
000000
000000
000000
000000
000000
000000
000000
000000
000000
000000
000000
000000
000000
000000
000000
000000
000000
000000
000000
000000
000000
000000
000000
000000
000000
000000
000000
000000
000000
000000
000000
000000
000000
000000
000000
000000
000000
000000
000000
000000
000000
000000
000000
000000
000000
000000
000000
000000
000000
000000
000000
000000
000000
000000
000000
000000
000000
000000
000000
000000
000000
000000
000000
000000
000000
000000
000000
000000
000000
000000
000000
000000
000000
000000
000000
000000
000000
000000
000000
000000
000000
000000
000000
000000
000000
000000
000000
000000
000000
000000
000000
000000
000000
000000
000000
000000
000000
000000
000000
000000
000000
000000
000000
000000
000000
000000
000000
000000
000000
000000
000000
000000
000000
000000
000000
000000
000000
000000
000000
000000
000000
000000
000000
000000
000000
000000
000000
000000
000000
000000
000000
000000
000000
000000
000000
000000
000000
000000
000000
000000
000000
000000
000000
000000
000000
000000
000000
000000
000000
000000
000000
000000
000000
000000
000000
000000
000000
000000
000000
000000
000000
000000
000000
000000
000000
000000
000000
000000
000000
000000
000000
000000
000000
000000
000000
000000
000000
000000
000000
000000
000000
000000
000000
000000
000000
000000
000000
000000
000000
000000
000000
000000
000000
000000
000000
000000
000000
000000
000000
000000
000000
000000
000000
000000
000000
000000
000000
000000
000000
000000
000000
000000
000000
000000
000000
000000
000000
000000
000000
000000
000000
000000
000000
000000
000000
000000
000000
000000
000000
000000
000000
000000
000000
000000
000000
000000
000000
000000
000000
000000
000000
000000
000000
000000
000000
000000
000000
000000
000000
000000
000000
000000
000000
000000
000000
000000
000000
000000
000000
000000
000000
000000
000000
000000
000000
000000
000000
000000
000000
000000
000000
000000
000000
000000
000000
000000
000000
000000
000000
000000
000000
000000
000000
000000
000000
000000
000000
000000
000000
000000
000000
000000
000000
000000
000000
000000
000000
000000
000000
000000
000000
000000
000000
000000
000000
000000
000000
000000
000000
000000
000000
000000
000000
000000
000000
000000
000000
000000
000000
000000
000000
000000
000000
000000
000000
000000
000000
000000
000000
000000
000000
000000
000000
000000
000000
000000
000000
000000
000000
000000
000000
000000
000000
000000
000000
000000
000000
000000
000000
000000
000000
000000
000000
000000
000000
000000
000000
000000
000000
000000
000000
000000
000000
000000
000000
000000
000000
000000
000000
000000
000000
000000
000000
000000
000000
000000
000000
000000
000000
000000
000000
000000
000000
000000
000000
000000
000000
000000
000000
000000
000000
000000
000000
000000
000000
000000
000000
000000
000000
000000
000000
000000
000000
000000
000000
000000
000000
000000
000000
000000
000000
000000
000000
000000
000000
000000
000000
000000
000000
000000
000000
000000
000000
000000
000000
000000
000000
000000
000000
000000
000000
000000
000000
000000
000000
000000
000000
000000
000000
000000
000000
000000
000000
000000
000000
000000
000000
000000
000000
000000
000000
000000
000000
000000
000000
000000
000000
000000
000000
000000
000000
000000
000000
000000
000000
000000
000000
000000
000000
000000
000000
000000
000000
000000
000000
000000
000000
000000
000000
000000
000000
000000
000000
000000
000000
000000
000000
000000
000000
000000
000000
000000
000000
000000
000000
000000
000000
000000
000000
000000
000000
000000
000000
000000
000000
000000
000000
000000
000000
000000
000000
000000
000000
000000
000000
000000
000000
000000
000000
000000
000000
000000
000000
000000
000000
000000
000000
000000
000000
000000
000000
000000
000000
000000
000000
000000
000000
000000
000000
000000
000000
000000
000000
000000
000000
000000
000000
000000
000000
000000
000000
000000
000000
000000
000000
000000
000000
000000
000000
000000
000000
000000
000000
000000
000000
000000
000000
000000
000000
000000
000000
000000
000000
000000
000000
000000
000000
000000
000000
000000
000000
000000
000000
000000
000000
000000
000000
000000
000000
000000
000000
000000
000000
000000
000000
000000
000000
000000
000000
000000
000000
000000
000000
000000
000000
000000
000000
000000
000000
000000
000000
000000
000000
000000
000000
000000
000000
000000
000000
000000
000000
000000
000000
000000
000000
000000
000000
000000
000000
000000
000000
000000
000000
000000
000000
000000
000000
000000
000000
000000
000000
000000
000000
000000
000000
000000
000000
000000
000000
000000
000000
000000
000000
000000
000000
000000
000000
000000
000000
000000
000000
000000
000000
000000
000000
000000
000000
000000
000000
000000
000000
000000
000000
000000
000000
000000
000000
000000
000000
000000
000000
000000
000000
000000
000000
000000
000000
000000
000000
000000
000000
000000
000000
000000
000000
000000
000000
000000
000000
000000
000000
000000
000000
000000
000000
000000
000000
000000
000000
000000
000000
000000
000000
000000
000000
000000
000000
000000
000000
000000
000000
000000
000000
000000
000000
000000
000000
000000
000000
000000
000000
000000
000000
000000
000000
000000
000000
000000
000000
000000
000000
000000
000000
000000
000000
000000
000000
000000
000000
000000
000000
000000
000000
000000
000000
000000
000000
000000
000000
000000
000000
000000
000000
000000
000000
000000
000000
000000
000000
000000
000000
000000
000000
000000
000000
000000
000000
000000
000000
000000
000000
000000
000000
000000
000000
000000
000000
000000
000000
000000
000000
000000
000000
000000
000000
000000
000000
000000
000000
000000
000000
000000
000000
000000
000000
000000
000000
000000
000000
000000
000000
000000
000000
000000
000000
000000
000000
000000
000000
000000
000000
000000
000000
000000
000000
000000
000000
000000
000000
000000
000000
000000
000000
000000
000000
000000
000000
000000
000000
000000
000000
000000
000000
000000
000000
000000
000000
000000
000000
000000
000000
000000
000000
000000
000000
000000
000000
000000
000000
000000
000000
000000
000000
000000
000000
000000
000000
000000
000000
000000
000000
000000
000000
000000
000000
000000
000000
000000
000000
000000
000000
000000
000000
000000
000000
000000
000000
000000
000000
000000
000000
000000
000000
000000
000000
000000
000000
000000
000000
000000
000000
000000
000000
000000
000000
000000
000000
000000
000000
000000
000000
000000
000000
000000
000000
000000
000000
000000
000000
000000
000000
000000
000000
000000
000000
000000
000000
000000
000000
000000
000000
000000
000000
000000
000000
000000
000000
000000
000000
000000
000000
000000
000000
000000
000000
000000
000000
000000
000000
000000
000000
000000
000000
000000
000000
000000
000000
000000
000000
000000
000000
000000
000000
000000
000000
000000
000000
000000
000000
000000
000000
000000
000000
000000
000000
000000
000000
000000
000000
000000
000000
000000
000000
000000
000000
000000
000000
000000
000000
000000
000000
000000
000000
000000
000000
000000
000000
000000
000000
000000
000000
000000
000000
000000
000000
000000
000000
000000
000000
000000
000000
000000
000000
000000
000000
000000
000000
000000
000000
000000
000000
000000
000000
000000
000000
000000
000000
000000
000000
000000
000000
000000
000000
000000
000000
000000
000000
000000
000000
000000
000000
000000
000000
000000
000000
000000
000000
000000
000000
000000
000000
000000
000000
000000
000000
000000
000000
000000
000000
000000
000000
000000
000000
000000
000000
000000
000000
000000
000000
000000
000000
000000
000000
000000
000000
000000
000000
000000
000000
000000
000000
000000
000000
000000
000000
000000
000000
000000
000000
000000
000000
000000
000000
000000
000000
000000
000000
000000
000000
000000
000000
000000
000000
000000
000000
000000
000000
000000
000000
000000
000000
000000
000000
000000
000000
000000
000000
000000
000000
000000
000000
000000
000000
000000
000000
000000
000000
000000
000000
000000
000000
000000
000000
000000
000000
000000
000000
000000
000000
000000
000000
000000
000000
000000
000000
000000
000000
000000
000000
000000
000000
000000
000000
000000
000000
000000
000000
000000
000000
000000
000000
000000
000000
000000
000000
000000
000000
000000
000000
000000
000000
000000
000000
000000
000000
000000
000000
000000
000000
000000
000000
000000
000000
000000
000000
000000
000000
000000
000000
000000
000000
000000
000000
000000
000000
000000
000000
000000
000000
000000
000000
000000
000000
000000
000000
000000
000000
000000
000000
000000
000000
000000
000000
000000
000000
000000
000000
000000
000000
000000
000000
000000
000000
000000
000000
000000
000000
000000
000000
000000
000000
000000
000000
000000
000000
000000
000000
000000
000000
000000
000000
000000
000000
000000
000000
000000
000000
000000
000000
000000
000000
000000
000000
000000
000000
000000
000000
000000
000000
000000
000000
000000
000000
000000
000000
000000
000000
000000
000000
000000
000000
000000
000000
000000
000000
000000
000000
000000
000000
000000
000000
000000
000000
000000
000000
000000
000000
000000
000000
000000
000000
000000
000000
000000
000000
000000
000000
000000
000000
000000
000000
000000
000000
000000
000000
000000
000000
000000
000000
000000
000000
000000
000000
000000
000000
000000
000000
000000
000000
000000
000000
000000
000000
000000
000000
000000
000000
000000
000000
000000
000000
000000
000000
000000
000000
000000
000000
000000
000000
000000
000000
000000
000000
000000
000000
000000
000000
000000
000000
000000
000000
000000
000000
000000
000000
000000
000000
000000
000000
000000
000000
000000
000000
000000
000000
000000
000000
000000
000000
000000
000000
000000
000000
000000
000000
000000
000000
000000
000000
000000
000000
000000
000000
000000
000000
000000
000000
000000
000000
000000
000000
000000
000000
000000
000000
000000
000000
000000
000000
000000
000000
000000
000000
000000
000000
000000
000000
000000
000000
000000
000000
000000
000000
000000
000000
000000
000000
000000
000000
000000
000000
000000
000000
000000
000000
000000
000000
000000
000000
000000
000000
000000
000000
000000
000000
000000
000000
000000
000000
000000
000000
000000
000000
000000
000000
000000
000000
000000
000000
000000
000000
000000
000000
000000
000000
000000
000000
000000
000000
000000
000000
000000
000000
000000
000000
000000
000000
000000
000000
000000
000000
000000
000000
000000
000000
000000
000000
000000
000000
000000
000000
000000
000000
000000
000000
000000
000000
000000
000000
000000
000000
000000
000000
000000
000000
000000
000000
000000
000000
000000
000000
000000
000000
000000
000000
000000
000000
000000
000000
000000
000000
000000
000000
000000
000000
000000
000000
000000
000000
000000
000000
000000
000000
000000
000000
000000
000000
000000
000000
000000
000000
000000
000000
000000
000000
000000
000000
000000
000000
000000
000000
000000
000000
000000
000000
000000
000000
000000
000000
000000
000000
000000
000000
000000
000000
000000
ffffff
ffffff
ffffff
ffffff
ffffff
ffffff
ffffff
ffffff
ffffff
ffffff
ffffff
ffffff
ffffff
ffffff
ffffff
ffffff
ffffff
ffffff
ffffff
ffffff
ffffff
ffffff
ffffff
ffffff
000000
000000
000000
000000
000000
000000
000000
000000
ffffff
ffffff
ffffff
ffffff
ffffff
ffffff
ffffff
ffffff
ffffff
ffffff
ffffff
ffffff
ffffff
ffffff
ffffff
ffffff
ffffff
ffffff
ffffff
ffffff
ffffff
ffffff
ffffff
ffffff
000000
000000
000000
000000
000000
000000
000000
000000
ffffff
ffffff
ffffff
ffffff
ffffff
ffffff
ffffff
ffffff
ffffff
ffffff
ffffff
ffffff
ffffff
ffffff
ffffff
ffffff
ffffff
ffffff
ffffff
ffffff
ffffff
ffffff
ffffff
ffffff
000000
000000
000000
000000
000000
000000
000000
000000
ffffff
ffffff
ffffff
ffffff
ffffff
ffffff
ffffff
ffffff
ffffff
ffffff
ffffff
ffffff
ffffff
ffffff
ffffff
ffffff
ffffff
ffffff
ffffff
ffffff
ffffff
ffffff
ffffff
ffffff
000000
000000
000000
000000
000000
000000
000000
000000
ffffff
ffffff
ffffff
ffffff
ffffff
ffffff
ffffff
ffffff
ffffff
ffffff
ffffff
ffffff
ffffff
ffffff
ffffff
ffffff
ffffff
ffffff
ffffff
ffffff
ffffff
ffffff
ffffff
ffffff
000000
000000
000000
000000
000000
000000
000000
000000
ffffff
ffffff
ffffff
ffffff
ffffff
ffffff
ffffff
ffffff
ffffff
ffffff
ffffff
ffffff
ffffff
ffffff
ffffff
ffffff
ffffff
ffffff
ffffff
ffffff
ffffff
ffffff
ffffff
ffffff
000000
000000
000000
000000
000000
000000
000000
000000
ffffff
ffffff
ffffff
ffffff
ffffff
ffffff
ffffff
ffffff
ffffff
ffffff
ffffff
ffffff
ffffff
ffffff
ffffff
ffffff
ffffff
ffffff
ffffff
ffffff
ffffff
ffffff
ffffff
ffffff
000000
000000
000000
000000
000000
000000
000000
000000
ffffff
ffffff
ffffff
ffffff
ffffff
ffffff
ffffff
ffffff
ffffff
ffffff
ffffff
ffffff
ffffff
ffffff
ffffff
ffffff
ffffff
ffffff
ffffff
ffffff
ffffff
ffffff
ffffff
ffffff
000000
000000
000000
000000
000000
000000
000000
000000
ffffff
ffffff
ffffff
ffffff
ffffff
ffffff
ffffff
ffffff
ffffff
ffffff
ffffff
ffffff
ffffff
ffffff
ffffff
ffffff
ffffff
ffffff
ffffff
ffffff
ffffff
ffffff
ffffff
ffffff
000000
000000
000000
000000
000000
000000
000000
000000
ffffff
ffffff
ffffff
ffffff
ffffff
ffffff
ffffff
ffffff
ffffff
ffffff
ffffff
ffffff
ffffff
ffffff
ffffff
ffffff
ffffff
ffffff
ffffff
ffffff
ffffff
ffffff
ffffff
ffffff
000000
000000
000000
000000
000000
000000
000000
000000
ffffff
ffffff
ffffff
ffffff
ffffff
ffffff
ffffff
ffffff
ffffff
ffffff
ffffff
ffffff
ffffff
ffffff
ffffff
ffffff
ffffff
ffffff
ffffff
ffffff
ffffff
ffffff
ffffff
ffffff
000000
000000
000000
000000
000000
000000
000000
000000
ffffff
ffffff
ffffff
ffffff
ffffff
ffffff
ffffff
ffffff
ffffff
ffffff
ffffff
ffffff
ffffff
ffffff
ffffff
ffffff
ffffff
ffffff
ffffff
ffffff
ffffff
ffffff
ffffff
ffffff
000000
000000
000000
000000
000000
000000
000000
000000
ffffff
ffffff
ffffff
ffffff
ffffff
ffffff
ffffff
ffffff
ffffff
ffffff
ffffff
ffffff
ffffff
ffffff
ffffff
ffffff
ffffff
ffffff
ffffff
ffffff
ffffff
ffffff
ffffff
ffffff
000000
000000
000000
000000
000000
000000
000000
000000
ffffff
ffffff
ffffff
ffffff
ffffff
ffffff
ffffff
ffffff
ffffff
ffffff
ffffff
ffffff
ffffff
ffffff
ffffff
ffffff
ffffff
ffffff
ffffff
ffffff
ffffff
ffffff
ffffff
ffffff
000000
000000
000000
000000
000000
000000
000000
000000
ffffff
ffffff
ffffff
ffffff
ffffff
ffffff
ffffff
ffffff
ffffff
ffffff
ffffff
ffffff
ffffff
ffffff
ffffff
ffffff
ffffff
ffffff
ffffff
ffffff
ffffff
ffffff
ffffff
ffffff
000000
000000
000000
000000
000000
000000
000000
000000
ffffff
ffffff
ffffff
ffffff
ffffff
ffffff
ffffff
ffffff
ffffff
ffffff
ffffff
ffffff
ffffff
ffffff
ffffff
ffffff
ffffff
ffffff
ffffff
ffffff
ffffff
ffffff
ffffff
ffffff
000000
000000
000000
000000
000000
000000
000000
000000
000000
000000
000000
000000
000000
000000
000000
000000
000000
000000
000000
000000
000000
000000
000000
000000
000000
000000
000000
000000
000000
000000
000000
000000
000000
000000
000000
000000
000000
000000
000000
000000
000000
000000
000000
000000
000000
000000
000000
000000
000000
000000
000000
000000
000000
000000
000000
000000
000000
000000
000000
000000
000000
000000
000000
000000
000000
000000
000000
000000
000000
000000
000000
000000
000000
000000
000000
000000
000000
000000
000000
000000
000000
000000
000000
000000
000000
000000
000000
000000
000000
000000
000000
000000
000000
000000
000000
000000
000000
000000
000000
000000
000000
000000
000000
000000
000000
000000
000000
000000
000000
000000
000000
000000
000000
000000
000000
000000
000000
000000
000000
000000
000000
000000
000000
000000
000000
000000
000000
000000
000000
000000
000000
000000
000000
000000
000000
000000
000000
000000
000000
000000
000000
000000
000000
000000
000000
000000
000000
000000
000000
000000
000000
000000
000000
000000
000000
000000
000000
000000
000000
000000
000000
000000
000000
000000
000000
000000
000000
000000
000000
000000
000000
000000
000000
000000
000000
000000
000000
000000
000000
000000
000000
000000
000000
000000
000000
000000
000000
000000
000000
000000
000000
000000
000000
000000
000000
000000
000000
000000
000000
000000
000000
000000
000000
000000
000000
000000
000000
000000
000000
000000
000000
000000
000000
000000
000000
000000
000000
000000
000000
000000
000000
000000
000000
000000
000000
000000
000000
000000
000000
000000
000000
000000
000000
000000
000000
000000
000000
000000
000000
000000
000000
000000
000000
000000
000000
000000
000000
000000
000000
000000
000000
000000
000000
000000
000000
000000
000000
000000
000000
000000
000000
000000
000000
000000
000000
000000
000000
000000
000000
000000
000000
000000
000000
000000
000000
000000
000000
000000
000000
000000
000000
000000
000000
000000
000000
000000
000000
000000
000000
000000
000000
000000
000000
000000
000000
000000
000000
000000
000000
000000
000000
000000
000000
000000
000000
000000
000000
000000
000000
000000
000000
000000
000000
000000
000000
000000
000000
000000
000000
000000
000000
000000
000000
000000
000000
000000
000000
000000
000000
000000
000000
000000
000000
000000
000000
000000
000000
000000
000000
000000
000000
000000
000000
000000
000000
000000
000000
000000
000000
000000
000000
000000
000000
000000
000000
000000
000000
000000
000000
000000
000000
000000
000000
000000
000000
000000
000000
000000
000000
000000
000000
000000
000000
000000
000000
000000
000000
000000
000000
000000
000000
000000
000000
000000
000000
000000
000000
000000
000000
000000
000000
000000
000000
000000
000000
000000
000000
000000
000000
000000
000000
000000
000000
000000
000000
000000
000000
000000
000000
000000
000000
000000
000000
000000
000000
000000
000000
000000
000000
000000
000000
000000
000000
000000
000000
000000
000000
000000
000000
000000
000000
000000
000000
000000
000000
000000
000000
000000
000000
000000
000000
000000
000000
000000
000000
000000
000000
000000
000000
000000
000000
000000
000000
000000
000000
000000
000000
000000
000000
000000
000000
000000
000000
000000
000000
000000
000000
000000
000000
000000
000000
000000
000000
000000
000000
000000
000000
000000
000000
000000
000000
000000
000000
000000
000000
000000
000000
000000
000000
000000
000000
000000
000000
000000
000000
000000
000000
000000
000000
000000
000000
000000
000000
000000
000000
000000
000000
000000
000000
000000
000000
000000
000000
000000
000000
000000
000000
000000
000000
000000
000000
000000
000000
000000
000000
000000
000000
000000
000000
000000
000000
000000
000000
000000
000000
000000
000000
000000
000000
000000
000000
000000
000000
000000
000000
000000
000000
000000
000000
000000
000000
000000
000000
000000
000000
000000
000000
000000
000000
000000
000000
000000
000000
000000
000000
000000
000000
000000
000000
000000
000000
000000
000000
000000
000000
000000
000000
000000
000000
000000
000000
000000
000000
000000
000000
000000
000000
000000
000000
000000
000000
000000
000000
000000
000000
000000
000000
000000
000000
000000
000000
000000
000000
000000
000000
000000
000000
000000
000000
000000
000000
000000
000000
000000
000000
000000
000000
000000
000000
000000
000000
000000
000000
000000
000000
000000
000000
000000
000000
000000
000000
000000
000000
000000
000000
000000
000000
000000
000000
000000
000000
000000
000000
000000
000000
000000
000000
000000
000000
000000
000000
000000
000000
000000
000000
000000
000000
000000
000000
000000
000000
000000
000000
000000
000000
000000
000000
000000
000000
000000
000000
000000
000000
000000
000000
000000
000000
000000
000000
000000
000000
000000
000000
000000
000000
000000
000000
000000
000000
000000
000000
000000
000000
000000
000000
000000
000000
000000
000000
000000
000000
000000
000000
000000
000000
000000
000000
000000
000000
000000
000000
000000
000000
000000
000000
000000
000000
000000
000000
000000
000000
000000
000000
000000
000000
000000
000000
000000
000000
000000
000000
000000
000000
000000
000000
000000
000000
000000
000000
000000
000000
000000
000000
000000
000000
000000
000000
000000
000000
000000
000000
000000
000000
000000
000000
000000
000000
000000
000000
000000
000000
000000
000000
000000
000000
000000
000000
000000
000000
000000
000000
000000
000000
000000
000000
000000
000000
000000
000000
000000
000000
000000
000000
000000
000000
000000
000000
000000
000000
000000
000000
000000
000000
000000
000000
000000
000000
000000
000000
000000
000000
000000
000000
000000
000000
000000
000000
000000
000000
000000
000000
000000
000000
000000
000000
000000
000000
000000
000000
000000
000000
000000
000000
000000
000000
000000
000000
000000
000000
000000
000000
000000
000000
000000
000000
000000
000000
000000
000000
000000
000000
000000
000000
000000
000000
000000
000000
000000
000000
000000
000000
000000
000000
000000
000000
000000
000000
000000
000000
000000
000000
000000
000000
000000
000000
000000
000000
000000
000000
000000
000000
000000
000000
000000
000000
000000
000000
000000
000000
000000
000000
000000
000000
000000
000000
000000
000000
000000
000000
000000
000000
000000
000000
000000
000000
000000
000000
000000
000000
000000
