000000
000000
000000
000000
000000
000000
000000
000000
000000
000000
000000
000000
000000
000000
000000
000000
000000
000000
000000
000000
000000
000000
000000
000000
000000
000000
000000
000000
000000
000000
000000
000000
000000
000000
000000
000000
000000
000000
000000
000000
000000
000000
000000
000000
000000
000000
000000
000000
000000
000000
000000
000000
000000
000000
000000
000000
000000
000000
000000
000000
000000
000000
000000
000000
000000
000000
000000
000000
000000
000000
000000
000000
000000
000000
000000
000000
000000
000000
000000
000000
000000
000000
000000
000000
000000
000000
000000
000000
000000
000000
000000
000000
000000
000000
000000
000000
000000
000000
000000
000000
000000
000000
000000
000000
000000
000000
000000
000000
000000
000000
000000
000000
000000
000000
000000
000000
000000
000000
000000
000000
000000
000000
000000
000000
000000
000000
000000
000000
000000
000000
000000
000000
000000
000000
000000
000000
000000
000000
000000
000000
000000
000000
000000
000000
000000
000000
000000
000000
000000
000000
000000
000000
000000
000000
000000
000000
000000
000000
000000
000000
000000
000000
000000
000000
000000
000000
000000
000000
000000
000000
000000
000000
000000
000000
000000
000000
000000
000000
000000
000000
000000
000000
000000
000000
000000
000000
000000
000000
000000
000000
000000
000000
000000
000000
000000
000000
000000
000000
000000
000000
000000
000000
000000
000000
000000
000000
000000
000000
000000
000000
000000
000000
000000
000000
000000
000000
000000
000000
000000
000000
000000
000000
000000
000000
000000
000000
000000
000000
000000
000000
000000
000000
000000
000000
000000
000000
000000
000000
000000
000000
000000
000000
000000
000000
000000
000000
000000
000000
000000
000000
000000
000000
000000
000000
000000
000000
000000
000000
000000
000000
000000
000000
000000
000000
000000
000000
000000
000000
000000
000000
000000
000000
000000
000000
000000
000000
000000
000000
000000
000000
000000
000000
000000
000000
000000
000000
000000
000000
000000
000000
000000
000000
000000
000000
000000
000000
000000
000000
000000
000000
000000
000000
000000
000000
000000
000000
000000
000000
000000
000000
000000
000000
000000
000000
000000
000000
000000
000000
000000
000000
000000
000000
000000
000000
000000
000000
000000
000000
000000
000000
000000
000000
000000
000000
000000
000000
000000
000000
000000
000000
000000
000000
000000
000000
000000
000000
000000
000000
000000
000000
000000
000000
000000
000000
000000
000000
000000
000000
000000
000000
000000
000000
000000
000000
000000
000000
000000
000000
000000
000000
000000
000000
000000
000000
000000
000000
000000
000000
000000
000000
000000
000000
000000
000000
000000
000000
000000
000000
000000
000000
000000
000000
000000
000000
000000
000000
000000
000000
000000
000000
000000
000000
000000
000000
000000
000000
000000
000000
000000
000000
000000
000000
000000
000000
000000
000000
000000
000000
000000
000000
000000
000000
000000
000000
000000
000000
000000
000000
000000
000000
000000
000000
000000
000000
000000
000000
000000
000000
000000
000000
000000
000000
000000
000000
000000
000000
000000
000000
000000
000000
000000
000000
000000
000000
000000
000000
000000
000000
000000
000000
000000
000000
000000
000000
000000
000000
000000
000000
000000
000000
000000
000000
000000
000000
000000
000000
000000
000000
000000
000000
000000
000000
000000
000000
000000
000000
000000
000000
000000
000000
000000
000000
000000
000000
000000
000000
000000
000000
000000
000000
000000
000000
000000
000000
000000
000000
000000
000000
000000
000000
000000
000000
000000
000000
000000
000000
000000
000000
000000
000000
000000
000000
000000
000000
000000
000000
000000
000000
000000
000000
000000
000000
000000
000000
000000
000000
000000
000000
000000
000000
000000
000000
000000
000000
000000
000000
000000
000000
000000
000000
000000
000000
000000
000000
000000
000000
000000
000000
000000
000000
000000
000000
000000
000000
000000
000000
000000
000000
000000
000000
000000
000000
000000
000000
000000
000000
000000
000000
000000
000000
000000
000000
000000
000000
000000
000000
000000
000000
000000
000000
000000
000000
000000
000000
000000
000000
000000
000000
000000
000000
000000
000000
000000
000000
000000
000000
000000
000000
000000
000000
000000
000000
000000
000000
000000
000000
000000
000000
000000
000000
000000
000000
000000
000000
000000
000000
000000
000000
000000
000000
000000
000000
000000
000000
000000
000000
000000
000000
000000
000000
000000
000000
000000
000000
000000
000000
000000
000000
000000
000000
000000
000000
000000
000000
000000
000000
000000
000000
000000
000000
000000
000000
000000
000000
000000
000000
000000
000000
000000
000000
000000
000000
000000
000000
000000
000000
000000
000000
000000
000000
000000
000000
000000
000000
000000
000000
000000
000000
000000
000000
000000
000000
000000
000000
000000
000000
000000
000000
000000
000000
000000
000000
000000
000000
000000
000000
000000
000000
000000
000000
000000
000000
000000
000000
000000
000000
000000
000000
000000
000000
000000
000000
000000
000000
000000
000000
000000
000000
000000
000000
000000
000000
000000
000000
000000
000000
000000
000000
000000
000000
000000
000000
000000
000000
000000
000000
000000
000000
000000
000000
000000
000000
000000
000000
000000
000000
000000
000000
000000
000000
000000
000000
000000
000000
000000
000000
000000
000000
ffffff
ffffff
ffffff
ffffff
ffffff
ffffff
ffffff
ffffff
ffffff
ffffff
ffffff
ffffff
ffffff
ffffff
ffffff
ffffff
ffffff
ffffff
ffffff
ffffff
ffffff
ffffff
ffffff
ffffff
ffffff
ffffff
ffffff
ffffff
ffffff
ffffff
ffffff
ffffff
ffffff
ffffff
ffffff
ffffff
ffffff
ffffff
ffffff
ffffff
ffffff
ffffff
ffffff
ffffff
ffffff
ffffff
ffffff
ffffff
ffffff
ffffff
ffffff
ffffff
ffffff
ffffff
ffffff
ffffff
ffffff
ffffff
ffffff
ffffff
ffffff
ffffff
ffffff
ffffff
ffffff
ffffff
ffffff
ffffff
ffffff
ffffff
ffffff
ffffff
ffffff
ffffff
ffffff
ffffff
ffffff
ffffff
ffffff
ffffff
ffffff
ffffff
ffffff
ffffff
ffffff
ffffff
ffffff
ffffff
ffffff
ffffff
ffffff
ffffff
ffffff
ffffff
ffffff
ffffff
ffffff
ffffff
ffffff
ffffff
ffffff
ffffff
ffffff
ffffff
ffffff
ffffff
ffffff
ffffff
ffffff
ffffff
ffffff
ffffff
ffffff
ffffff
ffffff
ffffff
ffffff
ffffff
ffffff
ffffff
ffffff
ffffff
ffffff
ffffff
ffffff
ffffff
ffffff
ffffff
ffffff
ffffff
ffffff
ffffff
ffffff
ffffff
ffffff
ffffff
ffffff
ffffff
ffffff
ffffff
ffffff
ffffff
ffffff
ffffff
ffffff
ffffff
ffffff
ffffff
ffffff
ffffff
ffffff
ffffff
ffffff
ffffff
ffffff
ffffff
ffffff
ffffff
ffffff
ffffff
ffffff
ffffff
ffffff
ffffff
ffffff
ffffff
ffffff
ffffff
ffffff
ffffff
ffffff
ffffff
ffffff
ffffff
ffffff
ffffff
ffffff
ffffff
ffffff
ffffff
ffffff
ffffff
ffffff
ffffff
ffffff
ffffff
ffffff
ffffff
ffffff
ffffff
ffffff
ffffff
ffffff
ffffff
ffffff
ffffff
ffffff
ffffff
ffffff
ffffff
ffffff
ffffff
ffffff
ffffff
ffffff
ffffff
ffffff
ffffff
ffffff
ffffff
ffffff
ffffff
ffffff
ffffff
ffffff
ffffff
ffffff
ffffff
ffffff
ffffff
ffffff
ffffff
ffffff
ffffff
ffffff
ffffff
ffffff
ffffff
ffffff
ffffff
ffffff
ffffff
ffffff
ffffff
ffffff
ffffff
ffffff
ffffff
ffffff
ffffff
ffffff
ffffff
ffffff
ffffff
ffffff
ffffff
ffffff
ffffff
ffffff
ffffff
ffffff
ffffff
ffffff
ffffff
ffffff
ffffff
ffffff
ffffff
ffffff
ffffff
ffffff
ffffff
ffffff
ffffff
ffffff
ffffff
ffffff
ffffff
ffffff
ffffff
ffffff
ffffff
ffffff
ffffff
ffffff
ffffff
ffffff
ffffff
ffffff
ffffff
ffffff
ffffff
ffffff
ffffff
ffffff
ffffff
ffffff
ffffff
ffffff
ffffff
ffffff
ffffff
ffffff
ffffff
ffffff
ffffff
ffffff
ffffff
ffffff
ffffff
ffffff
ffffff
ffffff
ffffff
ffffff
ffffff
ffffff
ffffff
ffffff
ffffff
ffffff
ffffff
ffffff
ffffff
ffffff
ffffff
ffffff
ffffff
ffffff
ffffff
ffffff
ffffff
ffffff
ffffff
ffffff
ffffff
ffffff
ffffff
ffffff
ffffff
ffffff
ffffff
ffffff
ffffff
ffffff
ffffff
ffffff
ffffff
ffffff
ffffff
ffffff
ffffff
ffffff
ffffff
ffffff
ffffff
ffffff
ffffff
ffffff
ffffff
ffffff
ffffff
ffffff
ffffff
ffffff
ffffff
ffffff
ffffff
ffffff
ffffff
ffffff
ffffff
ffffff
ffffff
ffffff
ffffff
ffffff
ffffff
ffffff
ffffff
ffffff
ffffff
ffffff
ffffff
ffffff
ffffff
ffffff
ffffff
ffffff
ffffff
ffffff
ffffff
ffffff
ffffff
ffffff
ffffff
ffffff
ffffff
ffffff
ffffff
ffffff
ffffff
ffffff
ffffff
ffffff
ffffff
ffffff
ffffff
ffffff
ffffff
ffffff
ffffff
ffffff
ffffff
ffffff
ffffff
ffffff
ffffff
ffffff
ffffff
ffffff
ffffff
ffffff
ffffff
ffffff
ffffff
ffffff
ffffff
ffffff
ffffff
ffffff
ffffff
ffffff
ffffff
ffffff
ffffff
ffffff
ffffff
ffffff
ffffff
ffffff
ffffff
ffffff
ffffff
ffffff
ffffff
ffffff
ffffff
ffffff
ffffff
ffffff
ffffff
ffffff
ffffff
ffffff
ffffff
ffffff
ffffff
ffffff
ffffff
ffffff
ffffff
ffffff
ffffff
ffffff
ffffff
ffffff
ffffff
ffffff
ffffff
ffffff
ffffff
ffffff
ffffff
ffffff
ffffff
ffffff
ffffff
ffffff
ffffff
ffffff
ffffff
ffffff
ffffff
ffffff
ffffff
ffffff
ffffff
ffffff
ffffff
ffffff
ffffff
ffffff
ffffff
ffffff
ffffff
ffffff
ffffff
ffffff
ffffff
ffffff
ffffff
ffffff
ffffff
ffffff
ffffff
ffffff
ffffff
ffffff
ffffff
ffffff
ffffff
ffffff
ffffff
ffffff
ffffff
ffffff
ffffff
ffffff
ffffff
ffffff
ffffff
ffffff
ffffff
ffffff
ffffff
ffffff
ffffff
ffffff
ffffff
ffffff
ffffff
ffffff
ffffff
ffffff
ffffff
ffffff
ffffff
ffffff
ffffff
ffffff
ffffff
ffffff
ffffff
ffffff
ffffff
ffffff
ffffff
ffffff
ffffff
ffffff
ffffff
ffffff
ffffff
ffffff
ffffff
ffffff
ffffff
ffffff
ffffff
ffffff
ffffff
ffffff
ffffff
ffffff
ffffff
ffffff
ffffff
ffffff
ffffff
ffffff
ffffff
ffffff
ffffff
ffffff
ffffff
ffffff
ffffff
ffffff
ffffff
ffffff
ffffff
ffffff
ffffff
ffffff
ffffff
ffffff
ffffff
ffffff
ffffff
ffffff
ffffff
ffffff
ffffff
ffffff
ffffff
ffffff
ffffff
ffffff
ffffff
ffffff
ffffff
ffffff
ffffff
ffffff
ffffff
ffffff
ffffff
ffffff
ffffff
ffffff
ffffff
ffffff
ffffff
ffffff
ffffff
ffffff
ffffff
ffffff
ffffff
ffffff
ffffff
ffffff
ffffff
ffffff
ffffff
ffffff
ffffff
ffffff
ffffff
ffffff
ffffff
ffffff
ffffff
ffffff
ffffff
ffffff
ffffff
ffffff
ffffff
ffffff
ffffff
ffffff
ffffff
ffffff
ffffff
ffffff
ffffff
ffffff
ffffff
ffffff
ffffff
ffffff
ffffff
ffffff
ffffff
ffffff
ffffff
ffffff
ffffff
ffffff
ffffff
ffffff
ffffff
ffffff
ffffff
ffffff
ffffff
ffffff
ffffff
ffffff
ffffff
ffffff
ffffff
ffffff
ffffff
ffffff
ffffff
ffffff
ffffff
ffffff
ffffff
ffffff
ffffff
ffffff
ffffff
ffffff
ffffff
ffffff
ffffff
ffffff
ffffff
ffffff
ffffff
ffffff
ffffff
ffffff
ffffff
ffffff
ffffff
ffffff
ffffff
ffffff
ffffff
ffffff
ffffff
ffffff
ffffff
ffffff
ffffff
ffffff
ffffff
ffffff
ffffff
ffffff
ffffff
ffffff
ffffff
ffffff
ffffff
ffffff
ffffff
ffffff
ffffff
ffffff
ffffff
ffffff
ffffff
ffffff
ffffff
ffffff
ffffff
ffffff
ffffff
ffffff
ffffff
ffffff
ffffff
ffffff
ffffff
ffffff
ffffff
ffffff
ffffff
ffffff
ffffff
ffffff
ffffff
ffffff
ffffff
ffffff
ffffff
ffffff
ffffff
ffffff
ffffff
ffffff
ffffff
ffffff
ffffff
ffffff
ffffff
ffffff
ffffff
ffffff
ffffff
ffffff
ffffff
ffffff
ffffff
ffffff
ffffff
ffffff
ffffff
ffffff
ffffff
ffffff
ffffff
000000
000000
000000
000000
000000
000000
000000
000000
000000
000000
000000
000000
000000
000000
000000
000000
ffffff
ffffff
ffffff
ffffff
ffffff
ffffff
ffffff
ffffff
ffffff
ffffff
ffffff
ffffff
ffffff
ffffff
ffffff
ffffff
000000
000000
000000
000000
000000
000000
000000
000000
000000
000000
000000
000000
000000
000000
000000
000000
ffffff
ffffff
ffffff
ffffff
ffffff
ffffff
ffffff
ffffff
ffffff
ffffff
ffffff
ffffff
ffffff
ffffff
ffffff
ffffff
000000
000000
000000
000000
000000
000000
000000
000000
000000
000000
000000
000000
000000
000000
000000
000000
ffffff
ffffff
ffffff
ffffff
ffffff
ffffff
ffffff
ffffff
ffffff
ffffff
ffffff
ffffff
ffffff
ffffff
ffffff
ffffff
000000
000000
000000
000000
000000
000000
000000
000000
000000
000000
000000
000000
000000
000000
000000
000000
ffffff
ffffff
ffffff
ffffff
ffffff
ffffff
ffffff
ffffff
ffffff
ffffff
ffffff
ffffff
ffffff
ffffff
ffffff
ffffff
000000
000000
000000
000000
000000
000000
000000
000000
000000
000000
000000
000000
000000
000000
000000
000000
ffffff
ffffff
ffffff
ffffff
ffffff
ffffff
ffffff
ffffff
ffffff
ffffff
ffffff
ffffff
ffffff
ffffff
ffffff
ffffff
000000
000000
000000
000000
000000
000000
000000
000000
000000
000000
000000
000000
000000
000000
000000
000000
ffffff
ffffff
ffffff
ffffff
ffffff
ffffff
ffffff
ffffff
ffffff
ffffff
ffffff
ffffff
ffffff
ffffff
ffffff
ffffff
000000
000000
000000
000000
000000
000000
000000
000000
000000
000000
000000
000000
000000
000000
000000
000000
ffffff
ffffff
ffffff
ffffff
ffffff
ffffff
ffffff
ffffff
ffffff
ffffff
ffffff
ffffff
ffffff
ffffff
ffffff
ffffff
000000
000000
000000
000000
000000
000000
000000
000000
000000
000000
000000
000000
000000
000000
000000
000000
ffffff
ffffff
ffffff
ffffff
ffffff
ffffff
ffffff
ffffff
ffffff
ffffff
ffffff
ffffff
ffffff
ffffff
ffffff
ffffff
000000
000000
000000
000000
000000
000000
000000
000000
000000
000000
000000
000000
000000
000000
000000
000000
ffffff
ffffff
ffffff
ffffff
ffffff
ffffff
ffffff
ffffff
ffffff
ffffff
ffffff
ffffff
ffffff
ffffff
ffffff
ffffff
000000
000000
000000
000000
000000
000000
000000
000000
000000
000000
000000
000000
000000
000000
000000
000000
ffffff
ffffff
ffffff
ffffff
ffffff
ffffff
ffffff
ffffff
ffffff
ffffff
ffffff
ffffff
ffffff
ffffff
ffffff
ffffff
000000
000000
000000
000000
000000
000000
000000
000000
000000
000000
000000
000000
000000
000000
000000
000000
ffffff
ffffff
ffffff
ffffff
ffffff
ffffff
ffffff
ffffff
ffffff
ffffff
ffffff
ffffff
ffffff
ffffff
ffffff
ffffff
000000
000000
000000
000000
000000
000000
000000
000000
000000
000000
000000
000000
000000
000000
000000
000000
ffffff
ffffff
ffffff
ffffff
ffffff
ffffff
ffffff
ffffff
ffffff
ffffff
ffffff
ffffff
ffffff
ffffff
ffffff
ffffff
000000
000000
000000
000000
000000
000000
000000
000000
000000
000000
000000
000000
000000
000000
000000
000000
ffffff
ffffff
ffffff
ffffff
ffffff
ffffff
ffffff
ffffff
ffffff
ffffff
ffffff
ffffff
ffffff
ffffff
ffffff
ffffff
000000
000000
000000
000000
000000
000000
000000
000000
000000
000000
000000
000000
000000
000000
000000
000000
ffffff
ffffff
ffffff
ffffff
ffffff
ffffff
ffffff
ffffff
ffffff
ffffff
ffffff
ffffff
ffffff
ffffff
ffffff
ffffff
000000
000000
000000
000000
000000
000000
000000
000000
000000
000000
000000
000000
000000
000000
000000
000000
ffffff
ffffff
ffffff
ffffff
ffffff
ffffff
ffffff
ffffff
ffffff
ffffff
ffffff
ffffff
ffffff
ffffff
ffffff
ffffff
000000
000000
000000
000000
000000
000000
000000
000000
000000
000000
000000
000000
000000
000000
000000
000000
ffffff
ffffff
ffffff
ffffff
ffffff
ffffff
ffffff
ffffff
ffffff
ffffff
ffffff
ffffff
ffffff
ffffff
ffffff
ffffff
000000
000000
000000
000000
000000
000000
000000
000000
000000
000000
000000
000000
000000
000000
000000
000000
ffffff
ffffff
ffffff
ffffff
ffffff
ffffff
ffffff
ffffff
ffffff
ffffff
ffffff
ffffff
ffffff
ffffff
ffffff
ffffff
000000
000000
000000
000000
000000
000000
000000
000000
000000
000000
000000
000000
000000
000000
000000
000000
ffffff
ffffff
ffffff
ffffff
ffffff
ffffff
ffffff
ffffff
ffffff
ffffff
ffffff
ffffff
ffffff
ffffff
ffffff
ffffff
000000
000000
000000
000000
000000
000000
000000
000000
000000
000000
000000
000000
000000
000000
000000
000000
ffffff
ffffff
ffffff
ffffff
ffffff
ffffff
ffffff
ffffff
ffffff
ffffff
ffffff
ffffff
ffffff
ffffff
ffffff
ffffff
000000
000000
000000
000000
000000
000000
000000
000000
000000
000000
000000
000000
000000
000000
000000
000000
ffffff
ffffff
ffffff
ffffff
ffffff
ffffff
ffffff
ffffff
ffffff
ffffff
ffffff
ffffff
ffffff
ffffff
ffffff
ffffff
000000
000000
000000
000000
000000
000000
000000
000000
000000
000000
000000
000000
000000
000000
000000
000000
ffffff
ffffff
ffffff
ffffff
ffffff
ffffff
ffffff
ffffff
ffffff
ffffff
ffffff
ffffff
ffffff
ffffff
ffffff
ffffff
000000
000000
000000
000000
000000
000000
000000
000000
000000
000000
000000
000000
000000
000000
000000
000000
ffffff
ffffff
ffffff
ffffff
ffffff
ffffff
ffffff
ffffff
ffffff
ffffff
ffffff
ffffff
ffffff
ffffff
ffffff
ffffff
000000
000000
000000
000000
000000
000000
000000
000000
000000
000000
000000
000000
000000
000000
000000
000000
ffffff
ffffff
ffffff
ffffff
ffffff
ffffff
ffffff
ffffff
ffffff
ffffff
ffffff
ffffff
ffffff
ffffff
ffffff
ffffff
000000
000000
000000
000000
000000
000000
000000
000000
000000
000000
000000
000000
000000
000000
000000
000000
ffffff
ffffff
ffffff
ffffff
ffffff
ffffff
ffffff
ffffff
ffffff
ffffff
ffffff
ffffff
ffffff
ffffff
ffffff
ffffff
000000
000000
000000
000000
000000
000000
000000
000000
000000
000000
000000
000000
000000
000000
000000
000000
000000
000000
000000
000000
000000
000000
000000
000000
000000
000000
000000
000000
000000
000000
000000
000000
000000
000000
000000
000000
000000
000000
000000
000000
000000
000000
000000
000000
000000
000000
000000
000000
000000
000000
000000
000000
000000
000000
000000
000000
000000
000000
000000
000000
000000
000000
000000
000000
000000
000000
000000
000000
000000
000000
000000
000000
000000
000000
000000
000000
000000
000000
000000
000000
000000
000000
000000
000000
000000
000000
000000
000000
000000
000000
000000
000000
000000
000000
000000
000000
000000
000000
000000
000000
000000
000000
000000
000000
000000
000000
000000
000000
000000
000000
000000
000000
000000
000000
000000
000000
000000
000000
000000
000000
000000
000000
000000
000000
000000
000000
000000
000000
000000
000000
000000
000000
000000
000000
000000
000000
000000
000000
000000
000000
000000
000000
000000
000000
000000
000000
000000
000000
000000
000000
000000
000000
000000
000000
000000
000000
000000
000000
000000
000000
000000
000000
000000
000000
000000
000000
000000
000000
000000
000000
000000
000000
000000
000000
000000
000000
000000
000000
000000
000000
000000
000000
000000
000000
000000
000000
000000
000000
000000
000000
000000
000000
000000
000000
000000
000000
000000
000000
000000
000000
000000
000000
000000
000000
000000
000000
000000
000000
000000
000000
000000
000000
000000
000000
000000
000000
000000
000000
000000
000000
000000
000000
000000
000000
000000
000000
000000
000000
000000
000000
000000
000000
000000
000000
000000
000000
000000
000000
000000
000000
000000
000000
000000
000000
000000
000000
000000
000000
000000
000000
000000
000000
000000
000000
000000
000000
000000
000000
000000
000000
000000
000000
000000
000000
000000
000000
000000
000000
000000
000000
000000
000000
000000
000000
000000
000000
000000
000000
000000
000000
000000
000000
000000
000000
000000
000000
000000
000000
000000
000000
000000
000000
000000
000000
000000
000000
000000
000000
000000
000000
000000
000000
000000
000000
000000
000000
000000
000000
000000
000000
000000
000000
000000
000000
000000
000000
000000
000000
000000
000000
000000
000000
000000
000000
000000
000000
000000
000000
000000
000000
000000
000000
000000
000000
000000
000000
000000
000000
000000
000000
000000
000000
000000
000000
000000
000000
000000
000000
000000
000000
000000
000000
000000
000000
000000
000000
000000
000000
000000
000000
000000
000000
000000
000000
000000
000000
000000
000000
000000
000000
000000
000000
000000
000000
000000
000000
000000
000000
000000
000000
000000
000000
000000
000000
ffffff
ffffff
ffffff
ffffff
ffffff
ffffff
ffffff
ffffff
ffffff
ffffff
ffffff
ffffff
ffffff
ffffff
ffffff
ffffff
ffffff
ffffff
ffffff
ffffff
ffffff
ffffff
ffffff
ffffff
ffffff
ffffff
ffffff
ffffff
ffffff
ffffff
ffffff
ffffff
ffffff
ffffff
ffffff
ffffff
ffffff
ffffff
ffffff
ffffff
ffffff
ffffff
ffffff
ffffff
ffffff
ffffff
ffffff
ffffff
ffffff
ffffff
ffffff
ffffff
ffffff
ffffff
ffffff
ffffff
ffffff
ffffff
ffffff
ffffff
ffffff
ffffff
ffffff
ffffff
ffffff
ffffff
ffffff
ffffff
ffffff
ffffff
ffffff
ffffff
ffffff
ffffff
ffffff
ffffff
ffffff
ffffff
ffffff
ffffff
ffffff
ffffff
ffffff
ffffff
ffffff
ffffff
ffffff
ffffff
ffffff
ffffff
ffffff
ffffff
ffffff
ffffff
ffffff
ffffff
ffffff
ffffff
ffffff
ffffff
ffffff
ffffff
ffffff
ffffff
ffffff
ffffff
ffffff
ffffff
ffffff
ffffff
ffffff
ffffff
ffffff
ffffff
ffffff
ffffff
ffffff
ffffff
ffffff
ffffff
ffffff
ffffff
ffffff
ffffff
ffffff
ffffff
ffffff
ffffff
ffffff
ffffff
ffffff
ffffff
ffffff
ffffff
ffffff
ffffff
ffffff
ffffff
ffffff
ffffff
ffffff
ffffff
ffffff
ffffff
ffffff
ffffff
ffffff
ffffff
ffffff
ffffff
ffffff
ffffff
ffffff
ffffff
ffffff
ffffff
ffffff
ffffff
ffffff
ffffff
ffffff
ffffff
ffffff
ffffff
ffffff
ffffff
ffffff
ffffff
ffffff
ffffff
ffffff
ffffff
ffffff
ffffff
ffffff
ffffff
ffffff
ffffff
ffffff
ffffff
ffffff
ffffff
ffffff
ffffff
ffffff
ffffff
ffffff
ffffff
ffffff
ffffff
ffffff
ffffff
ffffff
ffffff
ffffff
ffffff
ffffff
ffffff
ffffff
ffffff
ffffff
ffffff
ffffff
ffffff
ffffff
ffffff
ffffff
ffffff
ffffff
ffffff
ffffff
ffffff
ffffff
ffffff
ffffff
ffffff
ffffff
ffffff
ffffff
ffffff
ffffff
ffffff
ffffff
ffffff
ffffff
ffffff
ffffff
ffffff
ffffff
ffffff
ffffff
ffffff
ffffff
ffffff
ffffff
ffffff
ffffff
ffffff
ffffff
ffffff
ffffff
ffffff
ffffff
ffffff
ffffff
ffffff
ffffff
ffffff
ffffff
ffffff
ffffff
ffffff
ffffff
ffffff
ffffff
ffffff
ffffff
ffffff
ffffff
ffffff
ffffff
ffffff
ffffff
ffffff
ffffff
ffffff
ffffff
ffffff
ffffff
ffffff
ffffff
ffffff
ffffff
ffffff
ffffff
ffffff
ffffff
ffffff
ffffff
ffffff
ffffff
ffffff
ffffff
ffffff
ffffff
ffffff
ffffff
ffffff
ffffff
ffffff
ffffff
ffffff
ffffff
ffffff
ffffff
ffffff
ffffff
ffffff
ffffff
ffffff
ffffff
ffffff
ffffff
ffffff
ffffff
ffffff
ffffff
ffffff
ffffff
ffffff
ffffff
ffffff
ffffff
ffffff
ffffff
ffffff
ffffff
ffffff
ffffff
ffffff
ffffff
ffffff
ffffff
ffffff
ffffff
ffffff
ffffff
ffffff
ffffff
ffffff
ffffff
ffffff
ffffff
ffffff
ffffff
ffffff
ffffff
ffffff
ffffff
ffffff
ffffff
ffffff
ffffff
ffffff
ffffff
ffffff
ffffff
ffffff
ffffff
ffffff
ffffff
ffffff
ffffff
ffffff
ffffff
ffffff
ffffff
ffffff
ffffff
ffffff
ffffff
ffffff
ffffff
ffffff
ffffff
ffffff
ffffff
ffffff
ffffff
ffffff
ffffff
ffffff
ffffff
ffffff
ffffff
ffffff
ffffff
ffffff
ffffff
ffffff
ffffff
ffffff
ffffff
ffffff
000000
000000
000000
000000
000000
000000
000000
000000
000000
000000
000000
000000
000000
000000
000000
000000
000000
000000
000000
000000
000000
000000
000000
000000
000000
000000
000000
000000
000000
000000
000000
000000
000000
000000
000000
000000
000000
000000
000000
000000
000000
000000
000000
000000
000000
000000
000000
000000
000000
000000
000000
000000
000000
000000
000000
000000
000000
000000
000000
000000
000000
000000
000000
000000
000000
000000
000000
000000
000000
000000
000000
000000
000000
000000
000000
000000
000000
000000
000000
000000
000000
000000
000000
000000
000000
000000
000000
000000
000000
000000
000000
000000
000000
000000
000000
000000
000000
000000
000000
000000
000000
000000
000000
000000
000000
000000
000000
000000
000000
000000
000000
000000
000000
000000
000000
000000
000000
000000
000000
000000
000000
000000
000000
000000
000000
000000
000000
000000
000000
000000
000000
000000
000000
000000
000000
000000
000000
000000
000000
000000
000000
000000
000000
000000
000000
000000
000000
000000
000000
000000
000000
000000
000000
000000
000000
000000
000000
000000
000000
000000
000000
000000
000000
000000
000000
000000
000000
000000
000000
000000
000000
000000
000000
000000
000000
000000
000000
000000
000000
000000
000000
000000
000000
000000
000000
000000
000000
000000
000000
000000
000000
000000
000000
000000
000000
000000
000000
000000
000000
000000
000000
000000
000000
000000
000000
000000
000000
000000
000000
000000
000000
000000
000000
000000
000000
000000
000000
000000
000000
000000
000000
000000
000000
000000
000000
000000
000000
000000
000000
000000
000000
000000
000000
000000
000000
000000
000000
000000
000000
000000
000000
000000
000000
000000
000000
000000
000000
000000
000000
000000
000000
000000
000000
000000
000000
000000
000000
000000
000000
000000
000000
000000
000000
000000
000000
000000
000000
000000
000000
000000
000000
000000
000000
000000
000000
000000
000000
000000
000000
000000
000000
000000
000000
000000
000000
000000
000000
000000
000000
000000
000000
000000
000000
000000
000000
000000
000000
000000
000000
000000
000000
000000
000000
000000
000000
000000
000000
000000
000000
000000
000000
000000
000000
000000
000000
000000
000000
000000
000000
000000
000000
000000
000000
000000
000000
000000
000000
000000
000000
000000
000000
000000
000000
000000
000000
000000
000000
000000
000000
000000
000000
000000
000000
000000
000000
000000
000000
000000
000000
000000
000000
000000
000000
000000
000000
000000
000000
000000
000000
000000
000000
000000
000000
000000
000000
000000
000000
000000
000000
000000
000000
000000
000000
000000
000000
000000
000000
000000
000000
000000
000000
000000
000000
000000
000000
000000
000000
000000
000000
000000
000000
000000
000000
000000
000000
000000
000000
000000
000000
000000
ffffff
000000
000000
000000
000000
000000
000000
000000
000000
000000
000000
000000
000000
000000
000000
000000
000000
000000
000000
000000
000000
000000
000000
000000
000000
000000
000000
000000
000000
000000
000000
000000
000000
000000
000000
000000
000000
000000
000000
000000
000000
000000
000000
000000
000000
000000
000000
000000
000000
000000
000000
000000
000000
000000
000000
000000
000000
000000
000000
000000
000000
000000
000000
000000
000000
000000
000000
000000
000000
000000
000000
000000
000000
000000
000000
000000
000000
000000
000000
000000
000000
000000
000000
000000
000000
000000
000000
000000
000000
000000
000000
000000
000000
000000
000000
000000
000000
000000
000000
000000
000000
000000
000000
000000
000000
000000
000000
000000
000000
000000
000000
000000
000000
000000
000000
000000
000000
000000
000000
000000
000000
000000
000000
000000
000000
000000
000000
000000
000000
000000
000000
000000
000000
000000
000000
000000
000000
000000
000000
000000
000000
000000
000000
000000
000000
000000
000000
000000
000000
000000
000000
000000
000000
000000
000000
000000
000000
000000
000000
000000
000000
000000
000000
000000
000000
000000
000000
000000
000000
000000
000000
000000
000000
000000
000000
000000
000000
000000
000000
000000
000000
000000
000000
000000
000000
000000
000000
000000
000000
000000
000000
000000
000000
000000
000000
000000
000000
000000
000000
000000
000000
000000
000000
000000
000000
000000
000000
000000
000000
000000
000000
000000
000000
000000
000000
000000
000000
000000
000000
000000
000000
000000
000000
000000
000000
000000
000000
000000
000000
000000
000000
000000
000000
000000
000000
000000
000000
000000
000000
000000
000000
000000
000000
000000
000000
000000
000000
000000
000000
000000
000000
000000
000000
000000
000000
000000
000000
000000
000000
000000
000000
000000
000000
000000
000000
000000
000000
000000
000000
000000
000000
000000
000000
000000
000000
000000
000000
000000
000000
000000
000000
000000
000000
000000
000000
000000
000000
000000
000000
000000
000000
000000
000000
000000
000000
000000
000000
000000
000000
000000
000000
000000
000000
000000
000000
000000
000000
000000
000000
000000
000000
000000
000000
000000
000000
000000
000000
000000
000000
000000
000000
000000
000000
000000
000000
000000
000000
000000
000000
000000
000000
000000
000000
000000
000000
000000
000000
000000
000000
000000
000000
000000
000000
000000
000000
000000
000000
000000
000000
000000
000000
000000
000000
000000
000000
000000
000000
000000
000000
000000
000000
000000
000000
000000
000000
000000
000000
000000
8f7caa
105b48
6d94e6
307767
e38853
b42154
643dac
abc427
1052a6
ece6f9
0ee6b6
851f1d
cdf961
320000
1d8f59
606b80
8a6b5a
0ccdcd
799e17
f6453c
93a57e
abd5b6
588ac7
6a8792
5be02d
7094c2
3381cf
7b5c19
559e14
b622d6
80c356
d9bd50
00cdab
04f4b4
b23acc
18101f
776dda
7c7259
0051b5
f4a84f
d8182e
dbc81d
085d2c
2e49e6
b9215b
a5cc82
5696c5
41eee1
2e46c9
204bf4
b601ab
bd4e67
361e01
2e964d
6a5a70
084014
8e7d63
44a835
321661
e93b26
179579
5159e5
ae2c50
3329bc
50fc49
31a3b7
51a848
abe597
2e8550
5ed244
be2c3a
b3ad9e
876e99
829b70
6cb021
73ded5
00ba56
67182c
decc39
8474ee
0a09af
cbd504
09e8ee
72633b
6828c6
cbeea3
3d28d0
fd354a
dd1f08
be44da
2068aa
9e4e9a
9790df
05fdcc
48b5bc
f60948
d67c83
ccc2f6
c71e28
dcf567
3bf8c0
c30f50
045ffe
c3239f
5af04b
ed764a
9c2094
204c0a
8c8d33
ce1c15
984c4a
7b14a9
1e1b6b
3c368f
bb393d
9b1ad6
09b240
039575
ef97b0
4d7756
e6d4cc
b805f3
babf2d
6c4a3b
5d1cff
82dda1
0926e1
f55eb9
299091
e75ce7
f579b5
7181bc
d5e848
af53d6
a8fa34
36b2d9
e0f5b0
4b1980
2d5667
4eb3e9
c3dccb
64285f
ca6741
3ff917
f30a5a
a34cec
463a9f
559cb3
231a7e
923b42
c383cc
d89676
f7ac76
8a4b3f
4c44cb
73c7ce
de9519
f40acb
330362
c015f6
df659f
a04612
40fa8e
4e3459
7ba1ec
a381d6
5f2d1d
282cf7
ce0a11
395755
40b450
5a079a
89892a
996872
376c52
daacf6
19000f
2e2d35
1ba7cd
92088f
db0f7d
aecd06
01644e
363e35
1e8b9c
f63752
f543ee
310f45
8a2dad
a557cf
736b2a
50e684
096ccb
5b8588
d3d4b5
aa428c
f63b50
d8f943
3a62c8
c3d666
9e3ae9
2e0f17
c71cfd
134ef2
3bca07
724deb
35d94c
1f34fd
befac2
81dbe2
9792fd
8664b4
099014
15fe61
4471f5
2397bd
7897b5
8a89f9
d754bc
5bd05e
054ddb
994a01
68fff0
f5eec9
3a34a3
79e482
86461b
8757f0
e9e161
9c5d79
bba71f
c0473e
3d1658
63ab16
ab28a1
982ec6
ee8e15
7ca712
d09896
4f51cb
ef5e47
82fd37
c206b5
dd9396
ce169d
0bd32c
fa70f6
fd40c0
fb2cd5
e8af9e
b772bf
fd882c
98d8e8
75e5cc
034b2a
ea1ec4
228bc9
dbb9c0
8fa44d
aaf638
155453
5a537d
291087
d413c0
9a9b93
0877d7
e48048
8564c4
dfdfbd
a238c9
b66b86
72eadc
a5dacf
d81282
9c95c6
43a4b9
0c266d
6bd126
bc3b2a
a58128
176f95
9b0255
1d3bdc
3dec69
5da299
f8bbfc
4d4bd8
90fc1c
99b21b
bd6a07
fd873b
047362
591c16
5c8377
f0de78
b63cef
f9976f
fbd47e
1528a1
35f94a
6a36f2
2de96d
a09bb2
7565e1
4196e1
466311
7ab63e
76286c
b1385a
64b23c
0a4bca
bb82ef
fd354c
8abb28
367c5c
22ade4
5931f0
d1af45
c78e2a
3c348f
2e6781
ae5cca
3503ee
f88dec
c10ebe
4e4bb2
336ade
9e2322
274c17
d7b9ed
15a58b
07c31f
5c3fd1
595922
0f9142
fcc5b6
7b3cca
d034d3
11c86d
a0b5c6
8bdc11
932e3b
7ea780
989310
3bc323
bf1c80
dd64e4
3a9bb8
706ce4
fc1ffb
ee302b
b03fb5
04a401
583ac5
d19a55
389eee
a0fd3b
ba93e7
488587
2b3162
d709e5
48978d
d16c76
b5316d
6c4c2b
09ddc6
0f6b77
72b725
c609d6
f9da33
7b749a
6f8d48
ffa508
e5c3fb
60e6f3
cb1788
62e048
3dd72c
1116c6
63760b
0f1c81
203e90
cf3aa1
60097f
ca0598
be9e4a
d2ac8d
623d70
e42183
128922
81ea7b
6d4206
a94040
159289
a2a552
7a7f5c
a8dcf3
fc5876
b94b98
e6a113
45e203
4bf707
f0f662
017f3c
651f8f
1ab520
acc37d
4e9743
6ff8d2
0f3b8f
3de4e7
a8da6b
982e5d
57863e
9fefde
09b880
cd2380
0df26a
a7f242
f75f6f
bbac68
408aeb
d252ab
9ff2fb
e984a1
a15206
593489
23f7b3
43027b
e3af63
6be28d
9233d9
cc5a1a
4d43a0
c1587f
ea835e
fb782f
2cb7d7
e3080d
077f7b
bfcdc6
dd3c8b
5d7f1c
85e518
e6ce8c
df463c
4ef91d
661ab0
07f99a
1da1d0
c2aba9
9a9f3e
c0eecd
fcfb2a
eb9630
a37411
443817
081fcd
bd43b0
93a267
810045
a369ce
b8f4c2
4e844b
dbf58e
77dfe3
71c2fd
6dbc67
8cdbdf
1bfdc1
75a532
dc16ec
62f39f
cb1f2f
2c16de
f13b2f
74a73c
aa0c80
ef5115
1e9a11
6cedee
c21a06
3c2dbe
d79acf
4e572f
2df08d
518501
6957fa
1b168c
3dc8b2
e8eab2
7ebf09
30d6bc
edb489
cd7b6a
2ca270
0040b8
3d3633
b29b6a
a6b68a
6f8c90
46a29c
6c8e7f
838121
45f07a
987d8f
8db08f
9dd2d0
879759
3e8abf
e183f9
ffcda5
aa508b
37d767
45688e
48ae46
30549f
b072c5
573613
4e753c
f63386
b8220b
d597fe
c557a1
48f537
36b797
a22ef4
88239c
8fe2c2
a304c5
bc151a
778244
a3364c
0975cd
f15bfb
9a14b9
feb1ed
7cdcae
31d272
da4dd9
b87aa1
f10a19
e31ec5
d1163c
40b88a
8ff656
1a29a5
4d2827
14eaf4
05964b
e03fb9
bf12b0
a7bfed
035853
4dff88
227e6d
849349
33b2c9
94e48b
9c8ed5
9734e2
dfd865
cd8e95
ee560c
8934d1
095b9a
0d5ea9
ac5170
c11945
6b942a
6d7cde
21528c
0e4e16
61e112
cdeea7
97a5ec
40ea2e
c91826
a20eba
c8218d
90fc23
78634a
197b23
f168a2
8ccab3
586cba
50df60
5dcfa1
c347fb
a85e6e
709d46
12f1d7
a1ce33
9c5b6f
65bc04
52a5d3
b02700
ec5efb
83623f
4e80a9
d6e216
14f7fe
1e6e29
32113c
c3a4c0
e1ef1f
67ff2a
ef52bd
8bd6e4
d1c9b6
74522b
25c363
4399d6
88430b
88ec38
b53fba
a935c3
ae8b05
790040
b6aed5
743199
3fd499
9f798a
eddd76
f99a63
23d04b
8315c8
b0ec5f
702aab
ae24ff
ff0a34
7dabc2
746dd1
680d8e
72f34a
bab346
d8a9b3
8c9ca4
1e52e2
4bdff3
56ef3f
f73a9a
1252b5
e5ecd6
9d0232
057f52
4550f6
f4c9ad
468ce1
10461c
bc7356
ab145b
a2665b
108378
a6a75b
aab106
400548
e3e29a
7c0bc2
350eaf
872b79
b3cda2
fe7060
3d583a
461905
f067b2
0a46d1
166d86
15d18b
1b09b5
98be51
8a93d5
5796f8
7fdb13
7bd086
1dbc25
512241
a576b7
55a2ed
b7fd82
5ae218
4a1246
0b842c
e742e3
94281e
846212
2be543
a9e6d8
393247
74a38e
726f2f
baa9a1
712195
01bff6
4aa69c
3fa015
41da00
521475
216fed
1e33ba
bf1efb
9ff978
ab9861
f2de8f
af618e
5f4809
20265d
210ea6
cf09e0
bfca5e
2bde12
20430f
956fd0
0b8672
34e0fb
8684dc
6c1b33
df1192
93d383
3609d8
dcd37d
72bcf4
ecf961
2faad5
a0d7c9
dfdeb5
fe6e2c
ef6b79
a28987
38f6c5
a059f6
e5aad2
758930
fd7150
b1879c
95d26a
2f7339
787ae5
9c1fa7
b47110
df4887
0925a2
73d8f1
9c3574
db2b22
548a4b
2227bc
88e065
83a706
6e7735
e0ff3b
8b89f8
4113f7
b3deec
bf920d
5cb0e3
27f5c3
fabad7
4b2cb9
8658f4
2d58ff
bbfe34
738f5c
01ca31
35d687
7773db
ed0d6c
3c1021
503020
503020
503020
503020
d09070
d09070
d09070
d09070
503020
503020
503020
503020
d09070
d09070
d09070
d09070
503020
503020
503020
503020
d09070
d09070
d09070
d09070
503020
503020
503020
503020
d09070
d09070
d09070
d09070
503020
503020
503020
503020
d09070
d09070
d09070
d09070
503020
503020
503020
503020
d09070
d09070
d09070
d09070
503020
503020
503020
503020
d09070
d09070
d09070
d09070
503020
503020
503020
503020
d09070
d09070
d09070
d09070
503020
503020
503020
503020
d09070
d09070
d09070
d09070
503020
503020
503020
503020
d09070
d09070
d09070
d09070
503020
503020
503020
503020
d09070
d09070
d09070
d09070
503020
503020
503020
503020
d09070
d09070
d09070
d09070
503020
503020
503020
503020
d09070
d09070
d09070
d09070
503020
503020
503020
503020
d09070
d09070
d09070
d09070
503020
503020
503020
503020
d09070
d09070
d09070
d09070
503020
503020
503020
503020
d09070
d09070
d09070
d09070
d09070
d09070
d09070
d09070
503020
503020
503020
503020
d09070
d09070
d09070
d09070
503020
503020
503020
503020
d09070
d09070
d09070
d09070
503020
503020
503020
503020
d09070
d09070
d09070
d09070
503020
503020
503020
503020
d09070
d09070
d09070
d09070
503020
503020
503020
503020
d09070
d09070
d09070
d09070
503020
503020
503020
503020
d09070
d09070
d09070
d09070
503020
503020
503020
503020
d09070
d09070
d09070
d09070
503020
503020
503020
503020
d09070
d09070
d09070
d09070
503020
503020
503020
503020
d09070
d09070
d09070
d09070
503020
503020
503020
503020
d09070
d09070
d09070
d09070
503020
503020
503020
503020
d09070
d09070
d09070
d09070
503020
503020
503020
503020
d09070
d09070
d09070
d09070
503020
503020
503020
503020
d09070
d09070
d09070
d09070
503020
503020
503020
503020
d09070
d09070
d09070
d09070
503020
503020
503020
503020
d09070
d09070
d09070
d09070
503020
503020
503020
503020
503020
503020
503020
503020
d09070
d09070
d09070
d09070
503020
503020
503020
503020
d09070
d09070
d09070
d09070
503020
503020
503020
503020
d09070
d09070
d09070
d09070
503020
503020
503020
503020
d09070
d09070
d09070
d09070
503020
503020
503020
503020
d09070
d09070
d09070
d09070
503020
503020
503020
503020
d09070
d09070
d09070
d09070
503020
503020
503020
503020
d09070
d09070
d09070
d09070
503020
503020
503020
503020
d09070
d09070
d09070
d09070
503020
503020
503020
503020
d09070
d09070
d09070
d09070
503020
503020
503020
503020
d09070
d09070
d09070
d09070
503020
503020
503020
503020
d09070
d09070
d09070
d09070
503020
503020
503020
503020
d09070
d09070
d09070
d09070
503020
503020
503020
503020
d09070
d09070
d09070
d09070
503020
503020
503020
503020
d09070
d09070
d09070
d09070
503020
503020
503020
503020
d09070
d09070
d09070
d09070
503020
503020
503020
503020
d09070
d09070
d09070
d09070
d09070
d09070
d09070
d09070
503020
503020
503020
503020
d09070
d09070
d09070
d09070
503020
503020
503020
503020
d09070
d09070
d09070
d09070
503020
503020
503020
503020
d09070
d09070
d09070
d09070
503020
503020
503020
503020
d09070
d09070
d09070
d09070
503020
503020
503020
503020
d09070
d09070
d09070
d09070
503020
503020
503020
503020
d09070
d09070
d09070
d09070
503020
503020
503020
503020
d09070
d09070
d09070
d09070
503020
503020
503020
503020
d09070
d09070
d09070
d09070
503020
503020
503020
503020
d09070
d09070
d09070
d09070
503020
503020
503020
503020
d09070
d09070
d09070
d09070
503020
503020
503020
503020
d09070
d09070
d09070
d09070
503020
503020
503020
503020
d09070
d09070
d09070
d09070
503020
503020
503020
503020
d09070
d09070
d09070
d09070
503020
503020
503020
503020
d09070
d09070
d09070
d09070
503020
503020
503020
503020
d09070
d09070
d09070
d09070
503020
503020
503020
503020
503020
503020
503020
503020
d09070
d09070
d09070
d09070
503020
503020
503020
503020
d09070
d09070
d09070
d09070
503020
503020
503020
503020
d09070
d09070
d09070
d09070
503020
503020
503020
503020
d09070
d09070
d09070
d09070
503020
503020
503020
503020
d09070
d09070
d09070
d09070
503020
503020
503020
503020
d09070
d09070
d09070
d09070
503020
503020
503020
503020
d09070
d09070
d09070
d09070
503020
503020
503020
503020
d09070
d09070
d09070
d09070
503020
503020
503020
503020
d09070
d09070
d09070
d09070
503020
503020
503020
503020
d09070
d09070
d09070
d09070
503020
503020
503020
503020
d09070
d09070
d09070
d09070
503020
503020
503020
503020
d09070
d09070
d09070
d09070
503020
503020
503020
503020
d09070
d09070
d09070
d09070
503020
503020
503020
503020
d09070
d09070
d09070
d09070
503020
503020
503020
503020
d09070
d09070
d09070
d09070
503020
503020
503020
503020
d09070
d09070
d09070
d09070
d09070
d09070
d09070
d09070
503020
503020
503020
503020
d09070
d09070
d09070
d09070
503020
503020
503020
503020
d09070
d09070
d09070
d09070
503020
503020
503020
503020
d09070
d09070
d09070
d09070
503020
503020
503020
503020
d09070
d09070
d09070
d09070
503020
503020
503020
503020
d09070
d09070
d09070
d09070
503020
503020
503020
503020
d09070
d09070
d09070
d09070
503020
503020
503020
503020
d09070
d09070
d09070
d09070
503020
503020
503020
503020
d09070
d09070
d09070
d09070
503020
503020
503020
503020
d09070
d09070
d09070
d09070
503020
503020
503020
503020
d09070
d09070
d09070
d09070
503020
503020
503020
503020
d09070
d09070
d09070
d09070
503020
503020
503020
503020
d09070
d09070
d09070
d09070
503020
503020
503020
503020
d09070
d09070
d09070
d09070
503020
503020
503020
503020
d09070
d09070
d09070
d09070
503020
503020
503020
503020
d09070
d09070
d09070
d09070
503020
503020
503020
503020
000000
07000b
0e0016
150021
1c002c
230037
2a0042
31004d
380058
3f0063
46006e
4d0079
540084
5b008f
62009a
6900a5
7000b0
7700bb
7e00c6
8500d1
8c00dc
9300e7
9a00f2
a100fd
a80008
af0013
b6001e
bd0029
c40034
cb003f
d2004a
d90055
000903
07090e
0e0919
150924
1c092f
23093a
2a0945
310950
38095b
3f0966
460971
4d097c
540987
5b0992
62099d
6909a8
7009b3
7709be
7e09c9
8509d4
8c09df
9309ea
9a09f5
a10900
a8090b
af0916
b60921
bd092c
c40937
cb0942
d2094d
d90958
001206
071211
0e121c
151227
1c1232
23123d
2a1248
311253
38125e
3f1269
461274
4d127f
54128a
5b1295
6212a0
6912ab
7012b6
7712c1
7e12cc
8512d7
8c12e2
9312ed
9a12f8
a11203
a8120e
af1219
b61224
bd122f
c4123a
cb1245
d21250
d9125b
001b09
071b14
0e1b1f
151b2a
1c1b35
231b40
2a1b4b
311b56
381b61
3f1b6c
461b77
4d1b82
541b8d
5b1b98
621ba3
691bae
701bb9
771bc4
7e1bcf
851bda
8c1be5
931bf0
9a1bfb
a11b06
a81b11
af1b1c
b61b27
bd1b32
c41b3d
cb1b48
d21b53
d91b5e
00240c
072417
0e2422
15242d
1c2438
232443
2a244e
312459
382464
3f246f
46247a
4d2485
542490
5b249b
6224a6
6924b1
7024bc
7724c7
7e24d2
8524dd
8c24e8
9324f3
9a24fe
a12409
a82414
af241f
b6242a
bd2435
c42440
cb244b
d22456
d92461
002d0f
072d1a
0e2d25
152d30
1c2d3b
232d46
2a2d51
312d5c
382d67
3f2d72
462d7d
4d2d88
542d93
5b2d9e
622da9
692db4
702dbf
772dca
7e2dd5
852de0
8c2deb
932df6
9a2d01
a12d0c
a82d17
af2d22
b62d2d
bd2d38
c42d43
cb2d4e
d22d59
d92d64
003612
07361d
0e3628
153633
1c363e
233649
2a3654
31365f
38366a
3f3675
463680
4d368b
543696
5b36a1
6236ac
6936b7
7036c2
7736cd
7e36d8
8536e3
8c36ee
9336f9
9a3604
a1360f
a8361a
af3625
b63630
bd363b
c43646
cb3651
d2365c
d93667
003f15
073f20
0e3f2b
153f36
1c3f41
233f4c
2a3f57
313f62
383f6d
3f3f78
463f83
4d3f8e
543f99
5b3fa4
623faf
693fba
703fc5
773fd0
7e3fdb
853fe6
8c3ff1
933ffc
9a3f07
a13f12
a83f1d
af3f28
b63f33
bd3f3e
c43f49
cb3f54
d23f5f
d93f6a
004818
074823
0e482e
154839
1c4844
23484f
2a485a
314865
384870
3f487b
464886
4d4891
54489c
5b48a7
6248b2
6948bd
7048c8
7748d3
7e48de
8548e9
8c48f4
9348ff
9a480a
a14815
a84820
af482b
b64836
bd4841
c4484c
cb4857
d24862
d9486d
00511b
075126
0e5131
15513c
1c5147
235152
2a515d
315168
385173
3f517e
465189
4d5194
54519f
5b51aa
6251b5
6951c0
7051cb
7751d6
7e51e1
8551ec
8c51f7
935102
9a510d
a15118
a85123
af512e
b65139
bd5144
c4514f
cb515a
d25165
d95170
005a1e
075a29
0e5a34
155a3f
1c5a4a
235a55
2a5a60
315a6b
385a76
3f5a81
465a8c
4d5a97
545aa2
5b5aad
625ab8
695ac3
705ace
775ad9
7e5ae4
855aef
8c5afa
935a05
9a5a10
a15a1b
a85a26
af5a31
b65a3c
bd5a47
c45a52
cb5a5d
d25a68
d95a73
006321
07632c
0e6337
156342
1c634d
236358
2a6363
31636e
386379
3f6384
46638f
4d639a
5463a5
5b63b0
6263bb
6963c6
7063d1
7763dc
7e63e7
8563f2
8c63fd
936308
9a6313
a1631e
a86329
af6334
b6633f
bd634a
c46355
cb6360
d2636b
d96376
006c24
076c2f
0e6c3a
156c45
1c6c50
236c5b
2a6c66
316c71
386c7c
3f6c87
466c92
4d6c9d
546ca8
5b6cb3
626cbe
696cc9
706cd4
776cdf
7e6cea
856cf5
8c6c00
936c0b
9a6c16
a16c21
a86c2c
af6c37
b66c42
bd6c4d
c46c58
cb6c63
d26c6e
d96c79
007527
077532
0e753d
157548
1c7553
23755e
2a7569
317574
38757f
3f758a
467595
4d75a0
5475ab
5b75b6
6275c1
6975cc
7075d7
7775e2
7e75ed
8575f8
8c7503
93750e
9a7519
a17524
a8752f
af753a
b67545
bd7550
c4755b
cb7566
d27571
d9757c
007e2a
077e35
0e7e40
157e4b
1c7e56
237e61
2a7e6c
317e77
387e82
3f7e8d
467e98
4d7ea3
547eae
5b7eb9
627ec4
697ecf
707eda
777ee5
7e7ef0
857efb
8c7e06
937e11
9a7e1c
a17e27
a87e32
af7e3d
b67e48
bd7e53
c47e5e
cb7e69
d27e74
d97e7f
00872d
078738
0e8743
15874e
1c8759
238764
2a876f
31877a
388785
3f8790
46879b
4d87a6
5487b1
5b87bc
6287c7
6987d2
7087dd
7787e8
7e87f3
8587fe
8c8709
938714
9a871f
a1872a
a88735
af8740
b6874b
bd8756
c48761
cb876c
d28777
d98782
009030
07903b
0e9046
159051
1c905c
239067
2a9072
31907d
389088
3f9093
46909e
4d90a9
5490b4
5b90bf
6290ca
6990d5
7090e0
7790eb
7e90f6
859001
8c900c
939017
9a9022
a1902d
a89038
af9043
b6904e
bd9059
c49064
cb906f
d2907a
d99085
009933
07993e
0e9949
159954
1c995f
23996a
2a9975
319980
38998b
3f9996
4699a1
4d99ac
5499b7
5b99c2
6299cd
6999d8
7099e3
7799ee
7e99f9
859904
8c990f
93991a
9a9925
a19930
a8993b
af9946
b69951
bd995c
c49967
cb9972
d2997d
d99988
00a236
07a241
0ea24c
15a257
1ca262
23a26d
2aa278
31a283
38a28e
3fa299
46a2a4
4da2af
54a2ba
5ba2c5
62a2d0
69a2db
70a2e6
77a2f1
7ea2fc
85a207
8ca212
93a21d
9aa228
a1a233
a8a23e
afa249
b6a254
bda25f
c4a26a
cba275
d2a280
d9a28b
00ab39
07ab44
0eab4f
15ab5a
1cab65
23ab70
2aab7b
31ab86
38ab91
3fab9c
46aba7
4dabb2
54abbd
5babc8
62abd3
69abde
70abe9
77abf4
7eabff
85ab0a
8cab15
93ab20
9aab2b
a1ab36
a8ab41
afab4c
b6ab57
bdab62
c4ab6d
cbab78
d2ab83
d9ab8e
00b43c
07b447
0eb452
15b45d
1cb468
23b473
2ab47e
31b489
38b494
3fb49f
46b4aa
4db4b5
54b4c0
5bb4cb
62b4d6
69b4e1
70b4ec
77b4f7
7eb402
85b40d
8cb418
93b423
9ab42e
a1b439
a8b444
afb44f
b6b45a
bdb465
c4b470
cbb47b
d2b486
d9b491
00bd3f
07bd4a
0ebd55
15bd60
1cbd6b
23bd76
2abd81
31bd8c
38bd97
3fbda2
46bdad
4dbdb8
54bdc3
5bbdce
62bdd9
69bde4
70bdef
77bdfa
7ebd05
85bd10
8cbd1b
93bd26
9abd31
a1bd3c
a8bd47
afbd52
b6bd5d
bdbd68
c4bd73
cbbd7e
d2bd89
d9bd94
00c642
07c64d
0ec658
15c663
1cc66e
23c679
2ac684
31c68f
38c69a
3fc6a5
46c6b0
4dc6bb
54c6c6
5bc6d1
62c6dc
69c6e7
70c6f2
77c6fd
7ec608
85c613
8cc61e
93c629
9ac634
a1c63f
a8c64a
afc655
b6c660
bdc66b
c4c676
cbc681
d2c68c
d9c697
00cf45
07cf50
0ecf5b
15cf66
1ccf71
23cf7c
2acf87
31cf92
38cf9d
3fcfa8
46cfb3
4dcfbe
54cfc9
5bcfd4
62cfdf
69cfea
70cff5
77cf00
7ecf0b
85cf16
8ccf21
93cf2c
9acf37
a1cf42
a8cf4d
afcf58
b6cf63
bdcf6e
c4cf79
cbcf84
d2cf8f
d9cf9a
000000
000000
000000
000000
000000
000000
000000
000000
000000
000000
000000
000000
000000
000000
000000
000000
000000
000000
000000
000000
000000
000000
000000
000000
000000
000000
000000
000000
000000
000000
000000
000000
000000
000000
000000
000000
000000
000000
000000
000000
000000
000000
000000
000000
000000
000000
000000
000000
000000
000000
000000
000000
000000
000000
000000
000000
000000
000000
000000
000000
000000
000000
000000
000000
000000
000000
000000
000000
000000
000000
000000
000000
000000
000000
000000
000000
000000
000000
000000
000000
000000
000000
000000
000000
000000
000000
000000
000000
000000
000000
000000
000000
000000
000000
000000
000000
000000
000000
000000
000000
000000
000000
000000
000000
000000
000000
000000
000000
000000
000000
000000
000000
000000
000000
000000
000000
000000
000000
000000
000000
000000
000000
000000
000000
000000
000000
000000
000000
000000
000000
000000
000000
000000
000000
000000
000000
000000
000000
000000
000000
000000
000000
000000
000000
000000
000000
000000
000000
000000
000000
000000
000000
000000
000000
000000
000000
000000
000000
000000
000000
000000
000000
000000
000000
000000
000000
000000
000000
000000
000000
000000
000000
000000
000000
000000
000000
000000
000000
000000
000000
000000
000000
000000
000000
000000
000000
000000
000000
000000
000000
000000
000000
000000
000000
000000
000000
000000
000000
000000
000000
000000
000000
000000
000000
000000
000000
000000
000000
000000
000000
000000
000000
000000
000000
000000
000000
000000
000000
000000
000000
000000
000000
000000
000000
000000
000000
000000
000000
000000
000000
000000
000000
000000
000000
000000
000000
000000
000000
000000
000000
000000
000000
000000
000000
000000
000000
000000
000000
000000
000000
000000
000000
000000
000000
000000
000000
000000
000000
000000
000000
000000
000000
000000
000000
000000
000000
000000
000000
000000
000000
000000
000000
000000
000000
000000
000000
000000
000000
000000
000000
000000
000000
000000
000000
000000
000000
000000
000000
000000
000000
000000
000000
000000
000000
000000
000000
000000
000000
000000
000000
000000
000000
000000
000000
000000
000000
000000
000000
000000
000000
000000
000000
000000
000000
000000
000000
000000
000000
000000
000000
000000
000000
000000
000000
000000
000000
000000
000000
000000
000000
000000
000000
000000
000000
000000
000000
000000
000000
000000
000000
000000
000000
000000
000000
000000
000000
000000
000000
000000
000000
000000
000000
000000
000000
000000
000000
000000
000000
000000
000000
000000
000000
000000
000000
000000
000000
000000
000000
000000
000000
000000
000000
000000
000000
000000
000000
000000
000000
000000
000000
000000
000000
000000
000000
000000
000000
000000
000000
000000
000000
000000
000000
000000
000000
000000
000000
000000
000000
000000
000000
000000
000000
000000
000000
000000
000000
000000
000000
000000
000000
000000
000000
000000
000000
000000
000000
000000
000000
000000
000000
000000
000000
000000
000000
000000
000000
000000
000000
000000
000000
000000
000000
000000
000000
000000
000000
000000
000000
000000
000000
000000
000000
000000
000000
000000
000000
000000
000000
000000
000000
000000
000000
000000
000000
000000
000000
000000
000000
000000
000000
000000
000000
000000
000000
000000
000000
000000
000000
000000
000000
000000
000000
000000
000000
000000
000000
000000
000000
000000
000000
000000
000000
000000
000000
000000
000000
000000
000000
000000
000000
000000
000000
000000
000000
000000
000000
000000
000000
000000
000000
000000
000000
000000
000000
000000
000000
000000
000000
000000
000000
000000
000000
000000
000000
000000
000000
000000
000000
000000
000000
000000
000000
000000
000000
000000
000000
000000
000000
000000
000000
000000
000000
000000
000000
000000
000000
000000
000000
000000
000000
000000
000000
000000
000000
000000
000000
000000
000000
000000
000000
000000
000000
000000
000000
000000
000000
000000
000000
000000
000000
000000
000000
000000
000000
000000
000000
000000
000000
000000
000000
000000
000000
000000
000000
000000
000000
000000
000000
000000
000000
000000
000000
000000
000000
000000
000000
000000
000000
000000
000000
000000
000000
000000
000000
000000
000000
000000
000000
000000
000000
000000
000000
000000
000000
000000
000000
000000
000000
000000
000000
000000
000000
000000
000000
000000
000000
000000
000000
000000
000000
000000
000000
000000
000000
000000
000000
000000
000000
000000
000000
000000
000000
000000
000000
000000
000000
000000
000000
000000
000000
000000
000000
000000
000000
000000
000000
000000
000000
000000
000000
000000
000000
000000
000000
000000
000000
000000
000000
000000
000000
000000
000000
000000
000000
000000
000000
000000
000000
000000
000000
000000
000000
000000
000000
000000
000000
000000
000000
000000
000000
000000
000000
000000
000000
000000
000000
000000
000000
000000
000000
000000
000000
000000
000000
000000
000000
000000
000000
000000
000000
000000
000000
000000
000000
000000
000000
000000
000000
000000
000000
000000
000000
000000
000000
000000
000000
000000
000000
000000
000000
000000
000000
000000
000000
000000
000000
000000
000000
000000
000000
000000
000000
000000
000000
000000
000000
000000
000000
000000
000000
000000
000000
000000
000000
000000
000000
000000
000000
000000
000000
000000
000000
000000
000000
000000
000000
000000
000000
000000
000000
000000
000000
000000
000000
000000
000000
000000
000000
ffffff
ffffff
ffffff
ffffff
ffffff
ffffff
ffffff
ffffff
ffffff
ffffff
ffffff
ffffff
ffffff
ffffff
ffffff
ffffff
ffffff
ffffff
ffffff
ffffff
ffffff
ffffff
ffffff
ffffff
ffffff
ffffff
ffffff
ffffff
ffffff
ffffff
ffffff
ffffff
ffffff
ffffff
ffffff
ffffff
ffffff
ffffff
ffffff
ffffff
ffffff
ffffff
ffffff
ffffff
ffffff
ffffff
ffffff
ffffff
ffffff
ffffff
ffffff
ffffff
ffffff
ffffff
ffffff
ffffff
ffffff
ffffff
ffffff
ffffff
ffffff
ffffff
ffffff
ffffff
ffffff
ffffff
ffffff
ffffff
ffffff
ffffff
ffffff
ffffff
ffffff
ffffff
ffffff
ffffff
ffffff
ffffff
ffffff
ffffff
ffffff
ffffff
ffffff
ffffff
ffffff
ffffff
ffffff
ffffff
ffffff
ffffff
ffffff
ffffff
ffffff
ffffff
ffffff
ffffff
ffffff
ffffff
ffffff
ffffff
ffffff
ffffff
ffffff
ffffff
ffffff
ffffff
ffffff
ffffff
ffffff
ffffff
ffffff
ffffff
ffffff
ffffff
ffffff
ffffff
ffffff
ffffff
ffffff
ffffff
ffffff
ffffff
ffffff
ffffff
ffffff
ffffff
ffffff
ffffff
ffffff
ffffff
ffffff
ffffff
ffffff
ffffff
ffffff
ffffff
ffffff
ffffff
ffffff
ffffff
ffffff
ffffff
ffffff
ffffff
ffffff
ffffff
ffffff
ffffff
ffffff
ffffff
ffffff
ffffff
ffffff
ffffff
ffffff
ffffff
ffffff
ffffff
ffffff
ffffff
ffffff
ffffff
ffffff
ffffff
ffffff
ffffff
ffffff
ffffff
ffffff
ffffff
ffffff
ffffff
ffffff
ffffff
ffffff
ffffff
ffffff
ffffff
ffffff
ffffff
ffffff
ffffff
ffffff
ffffff
ffffff
ffffff
ffffff
ffffff
ffffff
ffffff
ffffff
ffffff
ffffff
ffffff
ffffff
ffffff
ffffff
ffffff
ffffff
ffffff
ffffff
ffffff
ffffff
ffffff
ffffff
ffffff
ffffff
ffffff
ffffff
ffffff
ffffff
ffffff
ffffff
ffffff
ffffff
ffffff
ffffff
ffffff
ffffff
ffffff
ffffff
ffffff
ffffff
ffffff
ffffff
ffffff
ffffff
ffffff
ffffff
ffffff
ffffff
ffffff
ffffff
ffffff
ffffff
ffffff
ffffff
ffffff
ffffff
ffffff
ffffff
ffffff
ffffff
ffffff
ffffff
ffffff
ffffff
ffffff
ffffff
ffffff
ffffff
ffffff
ffffff
ffffff
ffffff
ffffff
ffffff
ffffff
ffffff
ffffff
ffffff
ffffff
ffffff
ffffff
ffffff
ffffff
ffffff
ffffff
ffffff
ffffff
ffffff
ffffff
ffffff
ffffff
ffffff
ffffff
ffffff
ffffff
ffffff
ffffff
ffffff
ffffff
ffffff
ffffff
ffffff
ffffff
ffffff
ffffff
ffffff
ffffff
ffffff
ffffff
ffffff
ffffff
ffffff
ffffff
ffffff
ffffff
ffffff
ffffff
ffffff
ffffff
ffffff
ffffff
ffffff
ffffff
ffffff
ffffff
ffffff
ffffff
ffffff
ffffff
ffffff
ffffff
ffffff
ffffff
ffffff
ffffff
ffffff
ffffff
ffffff
ffffff
ffffff
ffffff
ffffff
ffffff
ffffff
ffffff
ffffff
ffffff
ffffff
ffffff
ffffff
ffffff
ffffff
ffffff
ffffff
ffffff
ffffff
ffffff
ffffff
ffffff
ffffff
ffffff
ffffff
ffffff
ffffff
ffffff
ffffff
ffffff
ffffff
ffffff
ffffff
ffffff
ffffff
ffffff
ffffff
ffffff
ffffff
ffffff
ffffff
ffffff
ffffff
ffffff
ffffff
ffffff
ffffff
ffffff
ffffff
ffffff
ffffff
ffffff
ffffff
ffffff
ffffff
ffffff
ffffff
ffffff
ffffff
ffffff
ffffff
ffffff
ffffff
ffffff
ffffff
ffffff
ffffff
ffffff
ffffff
ffffff
ffffff
ffffff
ffffff
ffffff
ffffff
ffffff
ffffff
ffffff
ffffff
ffffff
ffffff
ffffff
ffffff
ffffff
ffffff
ffffff
ffffff
ffffff
ffffff
ffffff
ffffff
ffffff
ffffff
ffffff
ffffff
ffffff
ffffff
ffffff
ffffff
ffffff
ffffff
ffffff
ffffff
ffffff
ffffff
ffffff
ffffff
ffffff
ffffff
ffffff
ffffff
ffffff
ffffff
ffffff
ffffff
ffffff
ffffff
ffffff
ffffff
ffffff
ffffff
ffffff
ffffff
ffffff
ffffff
ffffff
ffffff
ffffff
ffffff
ffffff
ffffff
ffffff
ffffff
ffffff
ffffff
ffffff
ffffff
ffffff
ffffff
ffffff
ffffff
ffffff
ffffff
ffffff
ffffff
ffffff
ffffff
ffffff
ffffff
ffffff
ffffff
ffffff
ffffff
ffffff
ffffff
ffffff
ffffff
ffffff
ffffff
ffffff
ffffff
ffffff
ffffff
ffffff
ffffff
ffffff
ffffff
ffffff
ffffff
ffffff
ffffff
ffffff
ffffff
ffffff
ffffff
ffffff
ffffff
ffffff
ffffff
ffffff
ffffff
ffffff
ffffff
ffffff
ffffff
ffffff
ffffff
ffffff
ffffff
ffffff
ffffff
ffffff
ffffff
ffffff
ffffff
ffffff
ffffff
ffffff
ffffff
ffffff
ffffff
ffffff
ffffff
ffffff
ffffff
ffffff
ffffff
ffffff
ffffff
ffffff
ffffff
ffffff
ffffff
ffffff
ffffff
ffffff
ffffff
ffffff
ffffff
ffffff
ffffff
ffffff
ffffff
ffffff
ffffff
ffffff
ffffff
ffffff
ffffff
ffffff
ffffff
ffffff
ffffff
ffffff
ffffff
ffffff
ffffff
ffffff
ffffff
ffffff
ffffff
ffffff
ffffff
ffffff
ffffff
ffffff
ffffff
ffffff
ffffff
ffffff
ffffff
ffffff
ffffff
ffffff
ffffff
ffffff
ffffff
ffffff
ffffff
ffffff
ffffff
ffffff
ffffff
ffffff
ffffff
ffffff
ffffff
ffffff
ffffff
ffffff
ffffff
ffffff
ffffff
ffffff
ffffff
ffffff
ffffff
ffffff
ffffff
ffffff
ffffff
ffffff
ffffff
ffffff
ffffff
ffffff
ffffff
ffffff
ffffff
ffffff
ffffff
ffffff
ffffff
ffffff
ffffff
ffffff
ffffff
ffffff
ffffff
ffffff
ffffff
ffffff
ffffff
ffffff
ffffff
ffffff
ffffff
ffffff
ffffff
ffffff
ffffff
ffffff
ffffff
ffffff
ffffff
ffffff
ffffff
ffffff
ffffff
ffffff
ffffff
ffffff
ffffff
ffffff
ffffff
ffffff
ffffff
ffffff
ffffff
ffffff
ffffff
ffffff
ffffff
ffffff
ffffff
ffffff
ffffff
ffffff
ffffff
ffffff
ffffff
ffffff
ffffff
ffffff
ffffff
ffffff
ffffff
ffffff
ffffff
ffffff
ffffff
ffffff
ffffff
ffffff
ffffff
ffffff
ffffff
ffffff
ffffff
ffffff
ffffff
ffffff
ffffff
ffffff
ffffff
ffffff
ffffff
ffffff
ffffff
ffffff
ffffff
ffffff
ffffff
ffffff
ffffff
ffffff
ffffff
ffffff
ffffff
ffffff
ffffff
ffffff
ffffff
ffffff
ffffff
ffffff
ffffff
ffffff
ffffff
ffffff
ffffff
ffffff
ffffff
ffffff
ffffff
ffffff
ffffff
ffffff
ffffff
ffffff
ffffff
ffffff
ffffff
ffffff
ffffff
ffffff
ffffff
ffffff
ffffff
ffffff
ffffff
ffffff
ffffff
ffffff
ffffff
ffffff
ffffff
ffffff
ffffff
ffffff
ffffff
ffffff
ffffff
ffffff
ffffff
ffffff
ffffff
ffffff
ffffff
ffffff
ffffff
ffffff
ffffff
ffffff
ffffff
ffffff
ffffff
ffffff
ffffff
ffffff
ffffff
ffffff
ffffff
ffffff
ffffff
ffffff
ffffff
ffffff
000000
000000
000000
000000
000000
000000
000000
000000
000000
000000
000000
000000
000000
000000
000000
000000
ffffff
ffffff
ffffff
ffffff
ffffff
ffffff
ffffff
ffffff
ffffff
ffffff
ffffff
ffffff
ffffff
ffffff
ffffff
ffffff
000000
000000
000000
000000
000000
000000
000000
000000
000000
000000
000000
000000
000000
000000
000000
000000
ffffff
ffffff
ffffff
ffffff
ffffff
ffffff
ffffff
ffffff
ffffff
ffffff
ffffff
ffffff
ffffff
ffffff
ffffff
ffffff
000000
000000
000000
000000
000000
000000
000000
000000
000000
000000
000000
000000
000000
000000
000000
000000
ffffff
ffffff
ffffff
ffffff
ffffff
ffffff
ffffff
ffffff
ffffff
ffffff
ffffff
ffffff
ffffff
ffffff
ffffff
ffffff
000000
000000
000000
000000
000000
000000
000000
000000
000000
000000
000000
000000
000000
000000
000000
000000
ffffff
ffffff
ffffff
ffffff
ffffff
ffffff
ffffff
ffffff
ffffff
ffffff
ffffff
ffffff
ffffff
ffffff
ffffff
ffffff
000000
000000
000000
000000
000000
000000
000000
000000
000000
000000
000000
000000
000000
000000
000000
000000
ffffff
ffffff
ffffff
ffffff
ffffff
ffffff
ffffff
ffffff
ffffff
ffffff
ffffff
ffffff
ffffff
ffffff
ffffff
ffffff
000000
000000
000000
000000
000000
000000
000000
000000
000000
000000
000000
000000
000000
000000
000000
000000
ffffff
ffffff
ffffff
ffffff
ffffff
ffffff
ffffff
ffffff
ffffff
ffffff
ffffff
ffffff
ffffff
ffffff
ffffff
ffffff
000000
000000
000000
000000
000000
000000
000000
000000
000000
000000
000000
000000
000000
000000
000000
000000
ffffff
ffffff
ffffff
ffffff
ffffff
ffffff
ffffff
ffffff
ffffff
ffffff
ffffff
ffffff
ffffff
ffffff
ffffff
ffffff
000000
000000
000000
000000
000000
000000
000000
000000
000000
000000
000000
000000
000000
000000
000000
000000
ffffff
ffffff
ffffff
ffffff
ffffff
ffffff
ffffff
ffffff
ffffff
ffffff
ffffff
ffffff
ffffff
ffffff
ffffff
ffffff
000000
000000
000000
000000
000000
000000
000000
000000
000000
000000
000000
000000
000000
000000
000000
000000
ffffff
ffffff
ffffff
ffffff
ffffff
ffffff
ffffff
ffffff
ffffff
ffffff
ffffff
ffffff
ffffff
ffffff
ffffff
ffffff
000000
000000
000000
000000
000000
000000
000000
000000
000000
000000
000000
000000
000000
000000
000000
000000
ffffff
ffffff
ffffff
ffffff
ffffff
ffffff
ffffff
ffffff
ffffff
ffffff
ffffff
ffffff
ffffff
ffffff
ffffff
ffffff
000000
000000
000000
000000
000000
000000
000000
000000
000000
000000
000000
000000
000000
000000
000000
000000
ffffff
ffffff
ffffff
ffffff
ffffff
ffffff
ffffff
ffffff
ffffff
ffffff
ffffff
ffffff
ffffff
ffffff
ffffff
ffffff
000000
000000
000000
000000
000000
000000
000000
000000
000000
000000
000000
000000
000000
000000
000000
000000
ffffff
ffffff
ffffff
ffffff
ffffff
ffffff
ffffff
ffffff
ffffff
ffffff
ffffff
ffffff
ffffff
ffffff
ffffff
ffffff
000000
000000
000000
000000
000000
000000
000000
000000
000000
000000
000000
000000
000000
000000
000000
000000
ffffff
ffffff
ffffff
ffffff
ffffff
ffffff
ffffff
ffffff
ffffff
ffffff
ffffff
ffffff
ffffff
ffffff
ffffff
ffffff
000000
000000
000000
000000
000000
000000
000000
000000
000000
000000
000000
000000
000000
000000
000000
000000
ffffff
ffffff
ffffff
ffffff
ffffff
ffffff
ffffff
ffffff
ffffff
ffffff
ffffff
ffffff
ffffff
ffffff
ffffff
ffffff
000000
000000
000000
000000
000000
000000
000000
000000
000000
000000
000000
000000
000000
000000
000000
000000
ffffff
ffffff
ffffff
ffffff
ffffff
ffffff
ffffff
ffffff
ffffff
ffffff
ffffff
ffffff
ffffff
ffffff
ffffff
ffffff
000000
000000
000000
000000
000000
000000
000000
000000
000000
000000
000000
000000
000000
000000
000000
000000
ffffff
ffffff
ffffff
ffffff
ffffff
ffffff
ffffff
ffffff
ffffff
ffffff
ffffff
ffffff
ffffff
ffffff
ffffff
ffffff
000000
000000
000000
000000
000000
000000
000000
000000
000000
000000
000000
000000
000000
000000
000000
000000
ffffff
ffffff
ffffff
ffffff
ffffff
ffffff
ffffff
ffffff
ffffff
ffffff
ffffff
ffffff
ffffff
ffffff
ffffff
ffffff
000000
000000
000000
000000
000000
000000
000000
000000
000000
000000
000000
000000
000000
000000
000000
000000
ffffff
ffffff
ffffff
ffffff
ffffff
ffffff
ffffff
ffffff
ffffff
ffffff
ffffff
ffffff
ffffff
ffffff
ffffff
ffffff
000000
000000
000000
000000
000000
000000
000000
000000
000000
000000
000000
000000
000000
000000
000000
000000
ffffff
ffffff
ffffff
ffffff
ffffff
ffffff
ffffff
ffffff
ffffff
ffffff
ffffff
ffffff
ffffff
ffffff
ffffff
ffffff
000000
000000
000000
000000
000000
000000
000000
000000
000000
000000
000000
000000
000000
000000
000000
000000
ffffff
ffffff
ffffff
ffffff
ffffff
ffffff
ffffff
ffffff
ffffff
ffffff
ffffff
ffffff
ffffff
ffffff
ffffff
ffffff
000000
000000
000000
000000
000000
000000
000000
000000
000000
000000
000000
000000
000000
000000
000000
000000
ffffff
ffffff
ffffff
ffffff
ffffff
ffffff
ffffff
ffffff
ffffff
ffffff
ffffff
ffffff
ffffff
ffffff
ffffff
ffffff
000000
000000
000000
000000
000000
000000
000000
000000
000000
000000
000000
000000
000000
000000
000000
000000
ffffff
ffffff
ffffff
ffffff
ffffff
ffffff
ffffff
ffffff
ffffff
ffffff
ffffff
ffffff
ffffff
ffffff
ffffff
ffffff
000000
000000
000000
000000
000000
000000
000000
000000
000000
000000
000000
000000
000000
000000
000000
000000
ffffff
ffffff
ffffff
ffffff
ffffff
ffffff
ffffff
ffffff
ffffff
ffffff
ffffff
ffffff
ffffff
ffffff
ffffff
ffffff
000000
000000
000000
000000
000000
000000
000000
000000
000000
000000
000000
000000
000000
000000
000000
000000
ffffff
ffffff
ffffff
ffffff
ffffff
ffffff
ffffff
ffffff
ffffff
ffffff
ffffff
ffffff
ffffff
ffffff
ffffff
ffffff
000000
000000
000000
000000
000000
000000
000000
000000
000000
000000
000000
000000
000000
000000
000000
000000
000000
000000
000000
000000
000000
000000
000000
000000
000000
000000
000000
000000
000000
000000
000000
000000
000000
000000
000000
000000
000000
000000
000000
000000
000000
000000
000000
000000
000000
000000
000000
000000
000000
000000
000000
000000
000000
000000
000000
000000
000000
000000
000000
000000
000000
000000
000000
000000
000000
000000
000000
000000
000000
000000
000000
000000
000000
000000
000000
000000
000000
000000
000000
000000
000000
000000
000000
000000
000000
000000
000000
000000
000000
000000
000000
000000
000000
000000
000000
000000
000000
000000
000000
000000
000000
000000
000000
000000
000000
000000
000000
000000
000000
000000
000000
000000
000000
000000
000000
000000
000000
000000
000000
000000
000000
000000
000000
000000
000000
000000
000000
000000
000000
000000
000000
000000
000000
000000
000000
000000
000000
000000
000000
000000
000000
000000
000000
000000
000000
000000
000000
000000
000000
000000
000000
000000
000000
000000
000000
000000
000000
000000
000000
000000
000000
000000
000000
000000
000000
000000
000000
000000
000000
000000
000000
000000
000000
000000
000000
000000
000000
000000
000000
000000
000000
000000
000000
000000
000000
000000
000000
000000
000000
000000
000000
000000
000000
000000
000000
000000
000000
000000
000000
000000
000000
000000
000000
000000
000000
000000
000000
000000
000000
000000
000000
000000
000000
000000
000000
000000
000000
000000
000000
000000
000000
000000
000000
000000
000000
000000
000000
000000
000000
000000
000000
000000
000000
000000
000000
000000
000000
000000
000000
000000
000000
000000
000000
000000
000000
000000
000000
000000
000000
000000
000000
000000
000000
000000
000000
000000
000000
000000
000000
000000
000000
000000
000000
000000
000000
000000
000000
000000
000000
000000
000000
000000
000000
000000
000000
000000
000000
000000
000000
000000
000000
000000
000000
000000
000000
000000
000000
000000
000000
000000
000000
000000
000000
000000
000000
000000
000000
000000
000000
000000
000000
000000
000000
000000
000000
000000
000000
000000
000000
000000
000000
000000
000000
000000
000000
000000
000000
000000
000000
000000
000000
000000
000000
000000
000000
000000
000000
000000
000000
000000
000000
000000
000000
000000
000000
000000
000000
000000
000000
000000
000000
000000
000000
000000
000000
000000
000000
000000
000000
000000
000000
000000
000000
000000
000000
000000
000000
000000
000000
000000
000000
000000
000000
000000
000000
000000
000000
000000
000000
000000
000000
000000
000000
000000
000000
000000
000000
000000
000000
000000
000000
000000
000000
000000
ffffff
ffffff
ffffff
ffffff
ffffff
ffffff
ffffff
ffffff
ffffff
ffffff
ffffff
ffffff
ffffff
ffffff
ffffff
ffffff
ffffff
ffffff
ffffff
ffffff
ffffff
ffffff
ffffff
ffffff
ffffff
ffffff
ffffff
ffffff
ffffff
ffffff
ffffff
ffffff
ffffff
ffffff
ffffff
ffffff
ffffff
ffffff
ffffff
ffffff
ffffff
ffffff
ffffff
ffffff
ffffff
ffffff
ffffff
ffffff
ffffff
ffffff
ffffff
ffffff
ffffff
ffffff
ffffff
ffffff
ffffff
ffffff
ffffff
ffffff
ffffff
ffffff
ffffff
ffffff
ffffff
ffffff
ffffff
ffffff
ffffff
ffffff
ffffff
ffffff
ffffff
ffffff
ffffff
ffffff
ffffff
ffffff
ffffff
ffffff
ffffff
ffffff
ffffff
ffffff
ffffff
ffffff
ffffff
ffffff
ffffff
ffffff
ffffff
ffffff
ffffff
ffffff
ffffff
ffffff
ffffff
ffffff
ffffff
ffffff
ffffff
ffffff
ffffff
ffffff
ffffff
ffffff
ffffff
ffffff
ffffff
ffffff
ffffff
ffffff
ffffff
ffffff
ffffff
ffffff
ffffff
ffffff
ffffff
ffffff
ffffff
ffffff
ffffff
ffffff
ffffff
ffffff
ffffff
ffffff
ffffff
ffffff
ffffff
ffffff
ffffff
ffffff
ffffff
ffffff
ffffff
ffffff
ffffff
ffffff
ffffff
ffffff
ffffff
ffffff
ffffff
ffffff
ffffff
ffffff
ffffff
ffffff
ffffff
ffffff
ffffff
ffffff
ffffff
ffffff
ffffff
ffffff
ffffff
ffffff
ffffff
ffffff
ffffff
ffffff
ffffff
ffffff
ffffff
ffffff
ffffff
ffffff
ffffff
ffffff
ffffff
ffffff
ffffff
ffffff
ffffff
ffffff
ffffff
ffffff
ffffff
ffffff
ffffff
ffffff
ffffff
ffffff
ffffff
ffffff
ffffff
ffffff
ffffff
ffffff
ffffff
ffffff
ffffff
ffffff
ffffff
ffffff
ffffff
ffffff
ffffff
ffffff
ffffff
ffffff
ffffff
ffffff
ffffff
ffffff
ffffff
ffffff
ffffff
ffffff
ffffff
ffffff
ffffff
ffffff
ffffff
ffffff
ffffff
ffffff
ffffff
ffffff
ffffff
ffffff
ffffff
ffffff
ffffff
ffffff
ffffff
ffffff
ffffff
ffffff
ffffff
ffffff
ffffff
ffffff
ffffff
ffffff
ffffff
ffffff
ffffff
ffffff
ffffff
ffffff
ffffff
ffffff
ffffff
ffffff
ffffff
ffffff
ffffff
ffffff
ffffff
ffffff
ffffff
ffffff
ffffff
ffffff
ffffff
ffffff
ffffff
ffffff
ffffff
ffffff
ffffff
ffffff
ffffff
ffffff
ffffff
ffffff
ffffff
ffffff
ffffff
ffffff
ffffff
ffffff
ffffff
ffffff
ffffff
ffffff
ffffff
ffffff
ffffff
ffffff
ffffff
ffffff
ffffff
ffffff
ffffff
ffffff
ffffff
ffffff
ffffff
ffffff
ffffff
ffffff
ffffff
ffffff
ffffff
ffffff
ffffff
ffffff
ffffff
ffffff
ffffff
ffffff
ffffff
ffffff
ffffff
ffffff
ffffff
ffffff
ffffff
ffffff
ffffff
ffffff
ffffff
ffffff
ffffff
ffffff
ffffff
ffffff
ffffff
ffffff
ffffff
ffffff
ffffff
ffffff
ffffff
ffffff
ffffff
ffffff
ffffff
ffffff
ffffff
ffffff
ffffff
ffffff
ffffff
ffffff
ffffff
ffffff
ffffff
ffffff
ffffff
ffffff
ffffff
ffffff
ffffff
ffffff
ffffff
ffffff
ffffff
ffffff
ffffff
ffffff
ffffff
ffffff
ffffff
ffffff
ffffff
ffffff
ffffff
ffffff
ffffff
ffffff
ffffff
ffffff
ffffff
ffffff
ffffff
ffffff
ffffff
ffffff
ffffff
ffffff
ffffff
ffffff
ffffff
ffffff
ffffff
ffffff
ffffff
ffffff
000000
000000
000000
000000
000000
000000
000000
000000
000000
000000
000000
000000
000000
000000
000000
000000
000000
000000
000000
000000
000000
000000
000000
000000
000000
000000
000000
000000
000000
000000
000000
000000
000000
000000
000000
000000
000000
000000
000000
000000
000000
000000
000000
000000
000000
000000
000000
000000
000000
000000
000000
000000
000000
000000
000000
000000
000000
000000
000000
000000
000000
000000
000000
000000
000000
000000
000000
000000
000000
000000
000000
000000
000000
000000
000000
000000
000000
000000
000000
000000
000000
000000
000000
000000
000000
000000
000000
000000
000000
000000
000000
000000
000000
000000
000000
000000
000000
000000
000000
000000
000000
000000
000000
000000
000000
000000
000000
000000
000000
000000
000000
000000
000000
000000
000000
000000
000000
000000
000000
000000
000000
000000
000000
000000
000000
000000
000000
000000
000000
000000
000000
000000
000000
000000
000000
000000
000000
000000
000000
000000
000000
000000
000000
000000
000000
000000
000000
000000
000000
000000
000000
000000
000000
000000
000000
000000
000000
000000
000000
000000
000000
000000
000000
000000
000000
000000
000000
000000
000000
000000
000000
000000
000000
000000
000000
000000
000000
000000
000000
000000
000000
000000
000000
000000
000000
000000
000000
000000
000000
000000
000000
000000
000000
000000
000000
000000
000000
000000
000000
000000
000000
000000
000000
000000
000000
000000
000000
000000
000000
000000
000000
000000
000000
000000
000000
000000
000000
000000
000000
000000
000000
000000
000000
000000
000000
000000
000000
000000
000000
000000
000000
000000
000000
000000
000000
000000
000000
000000
000000
000000
000000
000000
000000
000000
000000
000000
000000
000000
000000
000000
000000
000000
000000
000000
000000
000000
000000
000000
000000
000000
000000
000000
000000
000000
000000
000000
000000
000000
000000
000000
000000
000000
000000
000000
000000
000000
000000
000000
000000
000000
000000
000000
000000
000000
000000
000000
000000
000000
000000
000000
000000
000000
000000
000000
000000
000000
000000
000000
000000
000000
000000
000000
000000
000000
000000
000000
000000
000000
000000
000000
000000
000000
000000
000000
000000
000000
000000
000000
000000
000000
000000
000000
000000
000000
000000
000000
000000
000000
000000
000000
000000
000000
000000
000000
000000
000000
000000
000000
000000
000000
000000
000000
000000
000000
000000
000000
000000
000000
000000
000000
000000
000000
000000
000000
000000
000000
000000
000000
000000
000000
000000
000000
000000
000000
000000
000000
000000
000000
000000
000000
000000
000000
000000
000000
000000
000000
000000
000000
000000
000000
000000
000000
000000
000000
000000
000000
000000
000000
000000
000000
000000
000000
000000
000000
000000
000000
000000
000000
000000
000000
ffffff
000000
000000
000000
000000
000000
000000
000000
000000
000000
000000
000000
000000
000000
000000
000000
000000
000000
000000
000000
000000
000000
000000
000000
000000
000000
000000
000000
000000
000000
000000
000000
000000
000000
000000
000000
000000
000000
000000
000000
000000
000000
000000
000000
000000
000000
000000
000000
000000
000000
000000
000000
000000
000000
000000
000000
000000
000000
000000
000000
000000
000000
000000
000000
000000
000000
000000
000000
000000
000000
000000
000000
000000
000000
000000
000000
000000
000000
000000
000000
000000
000000
000000
000000
000000
000000
000000
000000
000000
000000
000000
000000
000000
000000
000000
000000
000000
000000
000000
000000
000000
000000
000000
000000
000000
000000
000000
000000
000000
000000
000000
000000
000000
000000
000000
000000
000000
000000
000000
000000
000000
000000
000000
000000
000000
000000
000000
000000
000000
000000
000000
000000
000000
000000
000000
000000
000000
000000
000000
000000
000000
000000
000000
000000
000000
000000
000000
000000
000000
000000
000000
000000
000000
000000
000000
000000
000000
000000
000000
000000
000000
000000
000000
000000
000000
000000
000000
000000
000000
000000
000000
000000
000000
000000
000000
000000
000000
000000
000000
000000
000000
000000
000000
000000
000000
000000
000000
000000
000000
000000
000000
000000
000000
000000
000000
000000
000000
000000
000000
000000
000000
000000
000000
000000
000000
000000
000000
000000
000000
000000
000000
000000
000000
000000
000000
000000
000000
000000
000000
000000
000000
000000
000000
000000
000000
000000
000000
000000
000000
000000
000000
000000
000000
000000
000000
000000
000000
000000
000000
000000
000000
000000
000000
000000
000000
000000
000000
000000
000000
000000
000000
000000
000000
000000
000000
000000
000000
000000
000000
000000
000000
000000
000000
000000
000000
000000
000000
000000
000000
000000
000000
000000
000000
000000
000000
000000
000000
000000
000000
000000
000000
000000
000000
000000
000000
000000
000000
000000
000000
000000
000000
000000
000000
000000
000000
000000
000000
000000
000000
000000
000000
000000
000000
000000
000000
000000
000000
000000
000000
000000
000000
000000
000000
000000
000000
000000
000000
000000
000000
000000
000000
000000
000000
000000
000000
000000
000000
000000
000000
000000
000000
000000
000000
000000
000000
000000
000000
000000
000000
000000
000000
000000
000000
000000
000000
000000
000000
000000
000000
000000
000000
000000
000000
000000
000000
000000
000000
000000
000000
000000
000000
000000
000000
000000
000000
000000
000000
000000
8f7caa
105b48
6d94e6
307767
e38853
b42154
643dac
abc427
1052a6
ece6f9
0ee6b6
851f1d
cdf961
320000
1d8f59
606b80
8a6b5a
0ccdcd
799e17
f6453c
93a57e
abd5b6
588ac7
6a8792
5be02d
7094c2
3381cf
7b5c19
559e14
b622d6
80c356
d9bd50
00cdab
04f4b4
b23acc
18101f
776dda
7c7259
0051b5
f4a84f
d8182e
dbc81d
085d2c
2e49e6
b9215b
a5cc82
5696c5
41eee1
2e46c9
204bf4
b601ab
bd4e67
361e01
2e964d
6a5a70
084014
8e7d63
44a835
321661
e93b26
179579
5159e5
ae2c50
3329bc
50fc49
31a3b7
51a848
abe597
2e8550
5ed244
be2c3a
b3ad9e
876e99
829b70
6cb021
73ded5
00ba56
67182c
decc39
8474ee
0a09af
cbd504
09e8ee
72633b
6828c6
cbeea3
3d28d0
fd354a
dd1f08
be44da
2068aa
9e4e9a
9790df
05fdcc
48b5bc
f60948
d67c83
ccc2f6
c71e28
dcf567
3bf8c0
c30f50
045ffe
c3239f
5af04b
ed764a
9c2094
204c0a
8c8d33
ce1c15
984c4a
7b14a9
1e1b6b
3c368f
bb393d
9b1ad6
09b240
039575
ef97b0
4d7756
e6d4cc
b805f3
babf2d
6c4a3b
5d1cff
82dda1
0926e1
f55eb9
299091
e75ce7
f579b5
7181bc
d5e848
af53d6
a8fa34
36b2d9
e0f5b0
4b1980
2d5667
4eb3e9
c3dccb
64285f
ca6741
3ff917
f30a5a
a34cec
463a9f
559cb3
231a7e
923b42
c383cc
d89676
f7ac76
8a4b3f
4c44cb
73c7ce
de9519
f40acb
330362
c015f6
df659f
a04612
40fa8e
4e3459
7ba1ec
a381d6
5f2d1d
282cf7
ce0a11
395755
40b450
5a079a
89892a
996872
376c52
daacf6
19000f
2e2d35
1ba7cd
92088f
db0f7d
aecd06
01644e
363e35
1e8b9c
f63752
f543ee
310f45
8a2dad
a557cf
736b2a
50e684
096ccb
5b8588
d3d4b5
aa428c
f63b50
d8f943
3a62c8
c3d666
9e3ae9
2e0f17
c71cfd
134ef2
3bca07
724deb
35d94c
1f34fd
befac2
81dbe2
9792fd
8664b4
099014
15fe61
4471f5
2397bd
7897b5
8a89f9
d754bc
5bd05e
054ddb
994a01
68fff0
f5eec9
3a34a3
79e482
86461b
8757f0
e9e161
9c5d79
bba71f
c0473e
3d1658
63ab16
ab28a1
982ec6
ee8e15
7ca712
d09896
4f51cb
ef5e47
82fd37
c206b5
dd9396
ce169d
0bd32c
fa70f6
fd40c0
fb2cd5
e8af9e
b772bf
fd882c
98d8e8
75e5cc
034b2a
ea1ec4
228bc9
dbb9c0
8fa44d
aaf638
155453
5a537d
291087
d413c0
9a9b93
0877d7
e48048
8564c4
dfdfbd
a238c9
b66b86
72eadc
a5dacf
d81282
9c95c6
43a4b9
0c266d
6bd126
bc3b2a
a58128
176f95
9b0255
1d3bdc
3dec69
5da299
f8bbfc
4d4bd8
90fc1c
99b21b
bd6a07
fd873b
047362
591c16
5c8377
f0de78
b63cef
f9976f
fbd47e
1528a1
35f94a
6a36f2
2de96d
a09bb2
7565e1
4196e1
466311
7ab63e
76286c
b1385a
64b23c
0a4bca
bb82ef
fd354c
8abb28
367c5c
22ade4
5931f0
d1af45
c78e2a
3c348f
2e6781
ae5cca
3503ee
f88dec
c10ebe
4e4bb2
336ade
9e2322
274c17
d7b9ed
15a58b
07c31f
5c3fd1
595922
0f9142
fcc5b6
7b3cca
d034d3
11c86d
a0b5c6
8bdc11
932e3b
7ea780
989310
3bc323
bf1c80
dd64e4
3a9bb8
706ce4
fc1ffb
ee302b
b03fb5
04a401
583ac5
d19a55
389eee
a0fd3b
ba93e7
488587
2b3162
d709e5
48978d
d16c76
b5316d
6c4c2b
09ddc6
0f6b77
72b725
c609d6
f9da33
7b749a
6f8d48
ffa508
e5c3fb
60e6f3
cb1788
62e048
3dd72c
1116c6
63760b
0f1c81
203e90
cf3aa1
60097f
ca0598
be9e4a
d2ac8d
623d70
e42183
128922
81ea7b
6d4206
a94040
159289
a2a552
7a7f5c
a8dcf3
fc5876
b94b98
e6a113
45e203
4bf707
f0f662
017f3c
651f8f
1ab520
acc37d
4e9743
6ff8d2
0f3b8f
3de4e7
a8da6b
982e5d
57863e
9fefde
09b880
cd2380
0df26a
a7f242
f75f6f
bbac68
408aeb
d252ab
9ff2fb
e984a1
a15206
593489
23f7b3
43027b
e3af63
6be28d
9233d9
cc5a1a
4d43a0
c1587f
ea835e
fb782f
2cb7d7
e3080d
077f7b
bfcdc6
dd3c8b
5d7f1c
85e518
e6ce8c
df463c
4ef91d
661ab0
07f99a
1da1d0
c2aba9
9a9f3e
c0eecd
fcfb2a
eb9630
a37411
443817
081fcd
bd43b0
93a267
810045
a369ce
b8f4c2
4e844b
dbf58e
77dfe3
71c2fd
6dbc67
8cdbdf
1bfdc1
75a532
dc16ec
62f39f
cb1f2f
2c16de
f13b2f
74a73c
aa0c80
ef5115
1e9a11
6cedee
c21a06
3c2dbe
d79acf
4e572f
2df08d
518501
6957fa
1b168c
3dc8b2
e8eab2
7ebf09
30d6bc
edb489
cd7b6a
2ca270
0040b8
3d3633
b29b6a
a6b68a
6f8c90
46a29c
6c8e7f
838121
45f07a
987d8f
8db08f
9dd2d0
879759
3e8abf
e183f9
ffcda5
aa508b
37d767
45688e
48ae46
30549f
b072c5
573613
4e753c
f63386
b8220b
d597fe
c557a1
48f537
36b797
a22ef4
88239c
8fe2c2
a304c5
bc151a
778244
a3364c
0975cd
f15bfb
9a14b9
feb1ed
7cdcae
31d272
da4dd9
b87aa1
f10a19
e31ec5
d1163c
40b88a
8ff656
1a29a5
4d2827
14eaf4
05964b
e03fb9
bf12b0
a7bfed
035853
4dff88
227e6d
849349
33b2c9
94e48b
9c8ed5
9734e2
dfd865
cd8e95
ee560c
8934d1
095b9a
0d5ea9
ac5170
c11945
6b942a
6d7cde
21528c
0e4e16
61e112
cdeea7
97a5ec
40ea2e
c91826
a20eba
c8218d
90fc23
78634a
197b23
f168a2
8ccab3
586cba
50df60
5dcfa1
c347fb
a85e6e
709d46
12f1d7
a1ce33
9c5b6f
65bc04
52a5d3
b02700
ec5efb
83623f
4e80a9
d6e216
14f7fe
1e6e29
32113c
c3a4c0
e1ef1f
67ff2a
ef52bd
8bd6e4
d1c9b6
74522b
25c363
4399d6
88430b
88ec38
b53fba
a935c3
ae8b05
790040
b6aed5
743199
3fd499
9f798a
eddd76
f99a63
23d04b
8315c8
b0ec5f
702aab
ae24ff
ff0a34
7dabc2
746dd1
680d8e
72f34a
bab346
d8a9b3
8c9ca4
1e52e2
4bdff3
56ef3f
f73a9a
1252b5
e5ecd6
9d0232
057f52
4550f6
f4c9ad
468ce1
10461c
bc7356
ab145b
a2665b
108378
a6a75b
aab106
400548
e3e29a
7c0bc2
350eaf
872b79
b3cda2
fe7060
3d583a
461905
f067b2
0a46d1
166d86
15d18b
1b09b5
98be51
8a93d5
5796f8
7fdb13
7bd086
1dbc25
512241
a576b7
55a2ed
b7fd82
5ae218
4a1246
0b842c
e742e3
94281e
846212
2be543
a9e6d8
393247
74a38e
726f2f
baa9a1
712195
01bff6
4aa69c
3fa015
41da00
521475
216fed
1e33ba
bf1efb
9ff978
ab9861
f2de8f
af618e
5f4809
20265d
210ea6
cf09e0
bfca5e
2bde12
20430f
956fd0
0b8672
34e0fb
8684dc
6c1b33
df1192
93d383
3609d8
dcd37d
72bcf4
ecf961
2faad5
a0d7c9
dfdeb5
fe6e2c
ef6b79
a28987
38f6c5
a059f6
e5aad2
758930
fd7150
b1879c
95d26a
2f7339
787ae5
9c1fa7
b47110
df4887
0925a2
73d8f1
9c3574
db2b22
548a4b
2227bc
88e065
83a706
6e7735
e0ff3b
8b89f8
4113f7
b3deec
bf920d
5cb0e3
27f5c3
fabad7
4b2cb9
8658f4
2d58ff
bbfe34
738f5c
01ca31
35d687
7773db
ed0d6c
3c1021
503020
503020
503020
503020
d09070
d09070
d09070
d09070
503020
503020
503020
503020
d09070
d09070
d09070
d09070
503020
503020
503020
503020
d09070
d09070
d09070
d09070
503020
503020
503020
503020
d09070
d09070
d09070
d09070
503020
503020
503020
503020
d09070
d09070
d09070
d09070
503020
503020
503020
503020
d09070
d09070
d09070
d09070
503020
503020
503020
503020
d09070
d09070
d09070
d09070
503020
503020
503020
503020
d09070
d09070
d09070
d09070
503020
503020
503020
503020
d09070
d09070
d09070
d09070
503020
503020
503020
503020
d09070
d09070
d09070
d09070
503020
503020
503020
503020
d09070
d09070
d09070
d09070
503020
503020
503020
503020
d09070
d09070
d09070
d09070
503020
503020
503020
503020
d09070
d09070
d09070
d09070
503020
503020
503020
503020
d09070
d09070
d09070
d09070
503020
503020
503020
503020
d09070
d09070
d09070
d09070
503020
503020
503020
503020
d09070
d09070
d09070
d09070
d09070
d09070
d09070
d09070
503020
503020
503020
503020
d09070
d09070
d09070
d09070
503020
503020
503020
503020
d09070
d09070
d09070
d09070
503020
503020
503020
503020
d09070
d09070
d09070
d09070
503020
503020
503020
503020
d09070
d09070
d09070
d09070
503020
503020
503020
503020
d09070
d09070
d09070
d09070
503020
503020
503020
503020
d09070
d09070
d09070
d09070
503020
503020
503020
503020
d09070
d09070
d09070
d09070
503020
503020
503020
503020
d09070
d09070
d09070
d09070
503020
503020
503020
503020
d09070
d09070
d09070
d09070
503020
503020
503020
503020
d09070
d09070
d09070
d09070
503020
503020
503020
503020
d09070
d09070
d09070
d09070
503020
503020
503020
503020
d09070
d09070
d09070
d09070
503020
503020
503020
503020
d09070
d09070
d09070
d09070
503020
503020
503020
503020
d09070
d09070
d09070
d09070
503020
503020
503020
503020
d09070
d09070
d09070
d09070
503020
503020
503020
503020
503020
503020
503020
503020
d09070
d09070
d09070
d09070
503020
503020
503020
503020
d09070
d09070
d09070
d09070
503020
503020
503020
503020
d09070
d09070
d09070
d09070
503020
503020
503020
503020
d09070
d09070
d09070
d09070
503020
503020
503020
503020
d09070
d09070
d09070
d09070
503020
503020
503020
503020
d09070
d09070
d09070
d09070
503020
503020
503020
503020
d09070
d09070
d09070
d09070
503020
503020
503020
503020
d09070
d09070
d09070
d09070
503020
503020
503020
503020
d09070
d09070
d09070
d09070
503020
503020
503020
503020
d09070
d09070
d09070
d09070
503020
503020
503020
503020
d09070
d09070
d09070
d09070
503020
503020
503020
503020
d09070
d09070
d09070
d09070
503020
503020
503020
503020
d09070
d09070
d09070
d09070
503020
503020
503020
503020
d09070
d09070
d09070
d09070
503020
503020
503020
503020
d09070
d09070
d09070
d09070
503020
503020
503020
503020
d09070
d09070
d09070
d09070
d09070
d09070
d09070
d09070
503020
503020
503020
503020
d09070
d09070
d09070
d09070
503020
503020
503020
503020
d09070
d09070
d09070
d09070
503020
503020
503020
503020
d09070
d09070
d09070
d09070
503020
503020
503020
503020
d09070
d09070
d09070
d09070
503020
503020
503020
503020
d09070
d09070
d09070
d09070
503020
503020
503020
503020
d09070
d09070
d09070
d09070
503020
503020
503020
503020
d09070
d09070
d09070
d09070
503020
503020
503020
503020
d09070
d09070
d09070
d09070
503020
503020
503020
503020
d09070
d09070
d09070
d09070
503020
503020
503020
503020
d09070
d09070
d09070
d09070
503020
503020
503020
503020
d09070
d09070
d09070
d09070
503020
503020
503020
503020
d09070
d09070
d09070
d09070
503020
503020
503020
503020
d09070
d09070
d09070
d09070
503020
503020
503020
503020
d09070
d09070
d09070
d09070
503020
503020
503020
503020
d09070
d09070
d09070
d09070
503020
503020
503020
503020
503020
503020
503020
503020
d09070
d09070
d09070
d09070
503020
503020
503020
503020
d09070
d09070
d09070
d09070
503020
503020
503020
503020
d09070
d09070
d09070
d09070
503020
503020
503020
503020
d09070
d09070
d09070
d09070
503020
503020
503020
503020
d09070
d09070
d09070
d09070
503020
503020
503020
503020
d09070
d09070
d09070
d09070
503020
503020
503020
503020
d09070
d09070
d09070
d09070
503020
503020
503020
503020
d09070
d09070
d09070
d09070
503020
503020
503020
503020
d09070
d09070
d09070
d09070
503020
503020
503020
503020
d09070
d09070
d09070
d09070
503020
503020
503020
503020
d09070
d09070
d09070
d09070
503020
503020
503020
503020
d09070
d09070
d09070
d09070
503020
503020
503020
503020
d09070
d09070
d09070
d09070
503020
503020
503020
503020
d09070
d09070
d09070
d09070
503020
503020
503020
503020
d09070
d09070
d09070
d09070
503020
503020
503020
503020
d09070
d09070
d09070
d09070
d09070
d09070
d09070
d09070
503020
503020
503020
503020
d09070
d09070
d09070
d09070
503020
503020
503020
503020
d09070
d09070
d09070
d09070
503020
503020
503020
503020
d09070
d09070
d09070
d09070
503020
503020
503020
503020
d09070
d09070
d09070
d09070
503020
503020
503020
503020
d09070
d09070
d09070
d09070
503020
503020
503020
503020
d09070
d09070
d09070
d09070
503020
503020
503020
503020
d09070
d09070
d09070
d09070
503020
503020
503020
503020
d09070
d09070
d09070
d09070
503020
503020
503020
503020
d09070
d09070
d09070
d09070
503020
503020
503020
503020
d09070
d09070
d09070
d09070
503020
503020
503020
503020
d09070
d09070
d09070
d09070
503020
503020
503020
503020
d09070
d09070
d09070
d09070
503020
503020
503020
503020
d09070
d09070
d09070
d09070
503020
503020
503020
503020
d09070
d09070
d09070
d09070
503020
503020
503020
503020
d09070
d09070
d09070
d09070
503020
503020
503020
503020
000000
07000b
0e0016
150021
1c002c
230037
2a0042
31004d
380058
3f0063
46006e
4d0079
540084
5b008f
62009a
6900a5
7000b0
7700bb
7e00c6
8500d1
8c00dc
9300e7
9a00f2
a100fd
a80008
af0013
b6001e
bd0029
c40034
cb003f
d2004a
d90055
000903
07090e
0e0919
150924
1c092f
23093a
2a0945
310950
38095b
3f0966
460971
4d097c
540987
5b0992
62099d
6909a8
7009b3
7709be
7e09c9
8509d4
8c09df
9309ea
9a09f5
a10900
a8090b
af0916
b60921
bd092c
c40937
cb0942
d2094d
d90958
001206
071211
0e121c
151227
1c1232
23123d
2a1248
311253
38125e
3f1269
461274
4d127f
54128a
5b1295
6212a0
6912ab
7012b6
7712c1
7e12cc
8512d7
8c12e2
9312ed
9a12f8
a11203
a8120e
af1219
b61224
bd122f
c4123a
cb1245
d21250
d9125b
001b09
071b14
0e1b1f
151b2a
1c1b35
231b40
2a1b4b
311b56
381b61
3f1b6c
461b77
4d1b82
541b8d
5b1b98
621ba3
691bae
701bb9
771bc4
7e1bcf
851bda
8c1be5
931bf0
9a1bfb
a11b06
a81b11
af1b1c
b61b27
bd1b32
c41b3d
cb1b48
d21b53
d91b5e
00240c
072417
0e2422
15242d
1c2438
232443
2a244e
312459
382464
3f246f
46247a
4d2485
542490
5b249b
6224a6
6924b1
7024bc
7724c7
7e24d2
8524dd
8c24e8
9324f3
9a24fe
a12409
a82414
af241f
b6242a
bd2435
c42440
cb244b
d22456
d92461
002d0f
072d1a
0e2d25
152d30
1c2d3b
232d46
2a2d51
312d5c
382d67
3f2d72
462d7d
4d2d88
542d93
5b2d9e
622da9
692db4
702dbf
772dca
7e2dd5
852de0
8c2deb
932df6
9a2d01
a12d0c
a82d17
af2d22
b62d2d
bd2d38
c42d43
cb2d4e
d22d59
d92d64
003612
07361d
0e3628
153633
1c363e
233649
2a3654
31365f
38366a
3f3675
463680
4d368b
543696
5b36a1
6236ac
6936b7
7036c2
7736cd
7e36d8
8536e3
8c36ee
9336f9
9a3604
a1360f
a8361a
af3625
b63630
bd363b
c43646
cb3651
d2365c
d93667
003f15
073f20
0e3f2b
153f36
1c3f41
233f4c
2a3f57
313f62
383f6d
3f3f78
463f83
4d3f8e
543f99
5b3fa4
623faf
693fba
703fc5
773fd0
7e3fdb
853fe6
8c3ff1
933ffc
9a3f07
a13f12
a83f1d
af3f28
b63f33
bd3f3e
c43f49
cb3f54
d23f5f
d93f6a
004818
074823
0e482e
154839
1c4844
23484f
2a485a
314865
384870
3f487b
464886
4d4891
54489c
5b48a7
6248b2
6948bd
7048c8
7748d3
7e48de
8548e9
8c48f4
9348ff
9a480a
a14815
a84820
af482b
b64836
bd4841
c4484c
cb4857
d24862
d9486d
00511b
075126
0e5131
15513c
1c5147
235152
2a515d
315168
385173
3f517e
465189
4d5194
54519f
5b51aa
6251b5
6951c0
7051cb
7751d6
7e51e1
8551ec
8c51f7
935102
9a510d
a15118
a85123
af512e
b65139
bd5144
c4514f
cb515a
d25165
d95170
005a1e
075a29
0e5a34
155a3f
1c5a4a
235a55
2a5a60
315a6b
385a76
3f5a81
465a8c
4d5a97
545aa2
5b5aad
625ab8
695ac3
705ace
775ad9
7e5ae4
855aef
8c5afa
935a05
9a5a10
a15a1b
a85a26
af5a31
b65a3c
bd5a47
c45a52
cb5a5d
d25a68
d95a73
006321
07632c
0e6337
156342
1c634d
236358
2a6363
31636e
386379
3f6384
46638f
4d639a
5463a5
5b63b0
6263bb
6963c6
7063d1
7763dc
7e63e7
8563f2
8c63fd
936308
9a6313
a1631e
a86329
af6334
b6633f
bd634a
c46355
cb6360
d2636b
d96376
006c24
076c2f
0e6c3a
156c45
1c6c50
236c5b
2a6c66
316c71
386c7c
3f6c87
466c92
4d6c9d
546ca8
5b6cb3
626cbe
696cc9
706cd4
776cdf
7e6cea
856cf5
8c6c00
936c0b
9a6c16
a16c21
a86c2c
af6c37
b66c42
bd6c4d
c46c58
cb6c63
d26c6e
d96c79
007527
077532
0e753d
157548
1c7553
23755e
2a7569
317574
38757f
3f758a
467595
4d75a0
5475ab
5b75b6
6275c1
6975cc
7075d7
7775e2
7e75ed
8575f8
8c7503
93750e
9a7519
a17524
a8752f
af753a
b67545
bd7550
c4755b
cb7566
d27571
d9757c
007e2a
077e35
0e7e40
157e4b
1c7e56
237e61
2a7e6c
317e77
387e82
3f7e8d
467e98
4d7ea3
547eae
5b7eb9
627ec4
697ecf
707eda
777ee5
7e7ef0
857efb
8c7e06
937e11
9a7e1c
a17e27
a87e32
af7e3d
b67e48
bd7e53
c47e5e
cb7e69
d27e74
d97e7f
00872d
078738
0e8743
15874e
1c8759
238764
2a876f
31877a
388785
3f8790
46879b
4d87a6
5487b1
5b87bc
6287c7
6987d2
7087dd
7787e8
7e87f3
8587fe
8c8709
938714
9a871f
a1872a
a88735
af8740
b6874b
bd8756
c48761
cb876c
d28777
d98782
009030
07903b
0e9046
159051
1c905c
239067
2a9072
31907d
389088
3f9093
46909e
4d90a9
5490b4
5b90bf
6290ca
6990d5
7090e0
7790eb
7e90f6
859001
8c900c
939017
9a9022
a1902d
a89038
af9043
b6904e
bd9059
c49064
cb906f
d2907a
d99085
009933
07993e
0e9949
159954
1c995f
23996a
2a9975
319980
38998b
3f9996
4699a1
4d99ac
5499b7
5b99c2
6299cd
6999d8
7099e3
7799ee
7e99f9
859904
8c990f
93991a
9a9925
a19930
a8993b
af9946
b69951
bd995c
c49967
cb9972
d2997d
d99988
00a236
07a241
0ea24c
15a257
1ca262
23a26d
2aa278
31a283
38a28e
3fa299
46a2a4
4da2af
54a2ba
5ba2c5
62a2d0
69a2db
70a2e6
77a2f1
7ea2fc
85a207
8ca212
93a21d
9aa228
a1a233
a8a23e
afa249
b6a254
bda25f
c4a26a
cba275
d2a280
d9a28b
00ab39
07ab44
0eab4f
15ab5a
1cab65
23ab70
2aab7b
31ab86
38ab91
3fab9c
46aba7
4dabb2
54abbd
5babc8
62abd3
69abde
70abe9
77abf4
7eabff
85ab0a
8cab15
93ab20
9aab2b
a1ab36
a8ab41
afab4c
b6ab57
bdab62
c4ab6d
cbab78
d2ab83
d9ab8e
00b43c
07b447
0eb452
15b45d
1cb468
23b473
2ab47e
31b489
38b494
3fb49f
46b4aa
4db4b5
54b4c0
5bb4cb
62b4d6
69b4e1
70b4ec
77b4f7
7eb402
85b40d
8cb418
93b423
9ab42e
a1b439
a8b444
afb44f
b6b45a
bdb465
c4b470
cbb47b
d2b486
d9b491
00bd3f
07bd4a
0ebd55
15bd60
1cbd6b
23bd76
2abd81
31bd8c
38bd97
3fbda2
46bdad
4dbdb8
54bdc3
5bbdce
62bdd9
69bde4
70bdef
77bdfa
7ebd05
85bd10
8cbd1b
93bd26
9abd31
a1bd3c
a8bd47
afbd52
b6bd5d
bdbd68
c4bd73
cbbd7e
d2bd89
d9bd94
00c642
07c64d
0ec658
15c663
1cc66e
23c679
2ac684
31c68f
38c69a
3fc6a5
46c6b0
4dc6bb
54c6c6
5bc6d1
62c6dc
69c6e7
70c6f2
77c6fd
7ec608
85c613
8cc61e
93c629
9ac634
a1c63f
a8c64a
afc655
b6c660
bdc66b
c4c676
cbc681
d2c68c
d9c697
00cf45
07cf50
0ecf5b
15cf66
1ccf71
23cf7c
2acf87
31cf92
38cf9d
3fcfa8
46cfb3
4dcfbe
54cfc9
5bcfd4
62cfdf
69cfea
70cff5
77cf00
7ecf0b
85cf16
8ccf21
93cf2c
9acf37
a1cf42
a8cf4d
afcf58
b6cf63
bdcf6e
c4cf79
cbcf84
d2cf8f
d9cf9a
000000
000000
000000
000000
000000
000000
000000
000000
000000
000000
000000
000000
000000
000000
000000
000000
000000
000000
000000
000000
000000
000000
000000
000000
000000
000000
000000
000000
000000
000000
000000
000000
000000
000000
000000
000000
000000
000000
000000
000000
000000
000000
000000
000000
000000
000000
000000
000000
000000
000000
000000
000000
000000
000000
000000
000000
000000
000000
000000
000000
000000
000000
000000
000000
000000
000000
000000
000000
000000
000000
000000
000000
000000
000000
000000
000000
000000
000000
000000
000000
000000
000000
000000
000000
000000
000000
000000
000000
000000
000000
000000
000000
000000
000000
000000
000000
000000
000000
000000
000000
000000
000000
000000
000000
000000
000000
000000
000000
000000
000000
000000
000000
000000
000000
000000
000000
000000
000000
000000
000000
000000
000000
000000
000000
000000
000000
000000
000000
000000
000000
000000
000000
000000
000000
000000
000000
000000
000000
000000
000000
000000
000000
000000
000000
000000
000000
000000
000000
000000
000000
000000
000000
000000
000000
000000
000000
000000
000000
000000
000000
000000
000000
000000
000000
000000
000000
000000
000000
000000
000000
000000
000000
000000
000000
000000
000000
000000
000000
000000
000000
000000
000000
000000
000000
000000
000000
000000
000000
000000
000000
000000
000000
000000
000000
000000
000000
000000
000000
000000
000000
000000
000000
000000
000000
000000
000000
000000
000000
000000
000000
000000
000000
000000
000000
000000
000000
000000
000000
000000
000000
000000
000000
000000
000000
000000
000000
000000
000000
000000
000000
000000
000000
000000
000000
000000
000000
000000
000000
000000
000000
000000
000000
000000
000000
000000
000000
000000
000000
000000
000000
000000
000000
000000
000000
000000
000000
000000
000000
000000
000000
000000
000000
000000
000000
000000
000000
000000
000000
000000
000000
000000
000000
000000
000000
000000
000000
000000
000000
000000
000000
000000
000000
000000
000000
000000
000000
000000
000000
000000
000000
000000
000000
000000
000000
000000
000000
000000
000000
000000
000000
000000
000000
000000
000000
000000
000000
000000
000000
000000
000000
000000
000000
000000
000000
000000
000000
000000
000000
000000
000000
000000
000000
000000
000000
000000
000000
000000
000000
000000
000000
000000
000000
000000
000000
000000
000000
000000
000000
000000
000000
000000
000000
000000
000000
000000
000000
000000
000000
000000
000000
000000
000000
000000
000000
000000
000000
000000
000000
000000
000000
000000
000000
000000
000000
000000
000000
000000
000000
000000
000000
000000
000000
000000
000000
000000
000000
000000
000000
000000
000000
000000
000000
000000
000000
000000
000000
000000
000000
000000
000000
000000
000000
000000
000000
000000
000000
000000
000000
000000
000000
000000
000000
000000
000000
000000
000000
000000
000000
000000
000000
000000
000000
000000
000000
000000
000000
000000
000000
000000
000000
000000
000000
000000
000000
000000
000000
000000
000000
000000
000000
000000
000000
000000
000000
000000
000000
000000
000000
000000
000000
000000
000000
000000
000000
000000
000000
000000
000000
000000
000000
000000
000000
000000
000000
000000
000000
000000
000000
000000
000000
000000
000000
000000
000000
000000
000000
000000
000000
000000
000000
000000
000000
000000
000000
000000
000000
000000
000000
000000
000000
000000
000000
000000
000000
000000
000000
000000
000000
000000
000000
000000
000000
000000
000000
000000
000000
000000
000000
000000
000000
000000
000000
000000
000000
000000
000000
000000
000000
000000
000000
000000
000000
000000
000000
000000
000000
000000
000000
000000
000000
000000
000000
000000
000000
000000
000000
000000
000000
000000
000000
000000
000000
000000
000000
000000
000000
000000
000000
000000
000000
000000
000000
000000
000000
000000
000000
000000
000000
000000
000000
000000
000000
000000
000000
000000
000000
000000
000000
000000
000000
000000
000000
000000
000000
000000
000000
000000
000000
000000
000000
000000
000000
000000
000000
000000
000000
000000
000000
000000
000000
000000
000000
000000
000000
000000
000000
000000
000000
000000
000000
000000
000000
000000
000000
000000
000000
000000
000000
000000
000000
000000
000000
000000
000000
000000
000000
000000
000000
000000
000000
000000
000000
000000
000000
000000
000000
000000
000000
000000
000000
000000
000000
000000
000000
000000
000000
000000
000000
000000
000000
000000
000000
000000
000000
000000
000000
000000
000000
000000
000000
000000
000000
000000
000000
000000
000000
000000
000000
000000
000000
000000
000000
000000
000000
000000
000000
000000
000000
000000
000000
000000
000000
000000
000000
000000
000000
000000
000000
000000
000000
000000
000000
000000
000000
000000
000000
000000
000000
000000
000000
000000
000000
000000
000000
000000
000000
000000
000000
000000
000000
000000
000000
000000
000000
000000
000000
000000
000000
000000
000000
000000
000000
000000
000000
000000
000000
000000
000000
000000
000000
000000
000000
000000
000000
000000
000000
000000
000000
000000
000000
000000
000000
000000
000000
000000
000000
000000
000000
000000
000000
000000
000000
000000
000000
000000
000000
000000
000000
000000
000000
000000
000000
000000
000000
000000
000000
000000
000000
000000
000000
000000
000000
000000
000000
000000
000000
000000
000000
000000
000000
000000
000000
000000
000000
000000
000000
000000
000000
ffffff
ffffff
ffffff
ffffff
ffffff
ffffff
ffffff
ffffff
ffffff
ffffff
ffffff
ffffff
ffffff
ffffff
ffffff
ffffff
ffffff
ffffff
ffffff
ffffff
ffffff
ffffff
ffffff
ffffff
ffffff
ffffff
ffffff
ffffff
ffffff
ffffff
ffffff
ffffff
ffffff
ffffff
ffffff
ffffff
ffffff
ffffff
ffffff
ffffff
ffffff
ffffff
ffffff
ffffff
ffffff
ffffff
ffffff
ffffff
ffffff
ffffff
ffffff
ffffff
ffffff
ffffff
ffffff
ffffff
ffffff
ffffff
ffffff
ffffff
ffffff
ffffff
ffffff
ffffff
ffffff
ffffff
ffffff
ffffff
ffffff
ffffff
ffffff
ffffff
ffffff
ffffff
ffffff
ffffff
ffffff
ffffff
ffffff
ffffff
ffffff
ffffff
ffffff
ffffff
ffffff
ffffff
ffffff
ffffff
ffffff
ffffff
ffffff
ffffff
ffffff
ffffff
ffffff
ffffff
ffffff
ffffff
ffffff
ffffff
ffffff
ffffff
ffffff
ffffff
ffffff
ffffff
ffffff
ffffff
ffffff
ffffff
ffffff
ffffff
ffffff
ffffff
ffffff
ffffff
ffffff
ffffff
ffffff
ffffff
ffffff
ffffff
ffffff
ffffff
ffffff
ffffff
ffffff
ffffff
ffffff
ffffff
ffffff
ffffff
ffffff
ffffff
ffffff
ffffff
ffffff
ffffff
ffffff
ffffff
ffffff
ffffff
ffffff
ffffff
ffffff
ffffff
ffffff
ffffff
ffffff
ffffff
ffffff
ffffff
ffffff
ffffff
ffffff
ffffff
ffffff
ffffff
ffffff
ffffff
ffffff
ffffff
ffffff
ffffff
ffffff
ffffff
ffffff
ffffff
ffffff
ffffff
ffffff
ffffff
ffffff
ffffff
ffffff
ffffff
ffffff
ffffff
ffffff
ffffff
ffffff
ffffff
ffffff
ffffff
ffffff
ffffff
ffffff
ffffff
ffffff
ffffff
ffffff
ffffff
ffffff
ffffff
ffffff
ffffff
ffffff
ffffff
ffffff
ffffff
ffffff
ffffff
ffffff
ffffff
ffffff
ffffff
ffffff
ffffff
ffffff
ffffff
ffffff
ffffff
ffffff
ffffff
ffffff
ffffff
ffffff
ffffff
ffffff
ffffff
ffffff
ffffff
ffffff
ffffff
ffffff
ffffff
ffffff
ffffff
ffffff
ffffff
ffffff
ffffff
ffffff
ffffff
ffffff
ffffff
ffffff
ffffff
ffffff
ffffff
ffffff
ffffff
ffffff
ffffff
ffffff
ffffff
ffffff
ffffff
ffffff
ffffff
ffffff
ffffff
ffffff
ffffff
ffffff
ffffff
ffffff
ffffff
ffffff
ffffff
ffffff
ffffff
ffffff
ffffff
ffffff
ffffff
ffffff
ffffff
ffffff
ffffff
ffffff
ffffff
ffffff
ffffff
ffffff
ffffff
ffffff
ffffff
ffffff
ffffff
ffffff
ffffff
ffffff
ffffff
ffffff
ffffff
ffffff
ffffff
ffffff
ffffff
ffffff
ffffff
ffffff
ffffff
ffffff
ffffff
ffffff
ffffff
ffffff
ffffff
ffffff
ffffff
ffffff
ffffff
ffffff
ffffff
ffffff
ffffff
ffffff
ffffff
ffffff
ffffff
ffffff
ffffff
ffffff
ffffff
ffffff
ffffff
ffffff
ffffff
ffffff
ffffff
ffffff
ffffff
ffffff
ffffff
ffffff
ffffff
ffffff
ffffff
ffffff
ffffff
ffffff
ffffff
ffffff
ffffff
ffffff
ffffff
ffffff
ffffff
ffffff
ffffff
ffffff
ffffff
ffffff
ffffff
ffffff
ffffff
ffffff
ffffff
ffffff
ffffff
ffffff
ffffff
ffffff
ffffff
ffffff
ffffff
ffffff
ffffff
ffffff
ffffff
ffffff
ffffff
ffffff
ffffff
ffffff
ffffff
ffffff
ffffff
ffffff
ffffff
ffffff
ffffff
ffffff
ffffff
ffffff
ffffff
ffffff
ffffff
ffffff
ffffff
ffffff
ffffff
ffffff
ffffff
ffffff
ffffff
ffffff
ffffff
ffffff
ffffff
ffffff
ffffff
ffffff
ffffff
ffffff
ffffff
ffffff
ffffff
ffffff
ffffff
ffffff
ffffff
ffffff
ffffff
ffffff
ffffff
ffffff
ffffff
ffffff
ffffff
ffffff
ffffff
ffffff
ffffff
ffffff
ffffff
ffffff
ffffff
ffffff
ffffff
ffffff
ffffff
ffffff
ffffff
ffffff
ffffff
ffffff
ffffff
ffffff
ffffff
ffffff
ffffff
ffffff
ffffff
ffffff
ffffff
ffffff
ffffff
ffffff
ffffff
ffffff
ffffff
ffffff
ffffff
ffffff
ffffff
ffffff
ffffff
ffffff
ffffff
ffffff
ffffff
ffffff
ffffff
ffffff
ffffff
ffffff
ffffff
ffffff
ffffff
ffffff
ffffff
ffffff
ffffff
ffffff
ffffff
ffffff
ffffff
ffffff
ffffff
ffffff
ffffff
ffffff
ffffff
ffffff
ffffff
ffffff
ffffff
ffffff
ffffff
ffffff
ffffff
ffffff
ffffff
ffffff
ffffff
ffffff
ffffff
ffffff
ffffff
ffffff
ffffff
ffffff
ffffff
ffffff
ffffff
ffffff
ffffff
ffffff
ffffff
ffffff
ffffff
ffffff
ffffff
ffffff
ffffff
ffffff
ffffff
ffffff
ffffff
ffffff
ffffff
ffffff
ffffff
ffffff
ffffff
ffffff
ffffff
ffffff
ffffff
ffffff
ffffff
ffffff
ffffff
ffffff
ffffff
ffffff
ffffff
ffffff
ffffff
ffffff
ffffff
ffffff
ffffff
ffffff
ffffff
ffffff
ffffff
ffffff
ffffff
ffffff
ffffff
ffffff
ffffff
ffffff
ffffff
ffffff
ffffff
ffffff
ffffff
ffffff
ffffff
ffffff
ffffff
ffffff
ffffff
ffffff
ffffff
ffffff
ffffff
ffffff
ffffff
ffffff
ffffff
ffffff
ffffff
ffffff
ffffff
ffffff
ffffff
ffffff
ffffff
ffffff
ffffff
ffffff
ffffff
ffffff
ffffff
ffffff
ffffff
ffffff
ffffff
ffffff
ffffff
ffffff
ffffff
ffffff
ffffff
ffffff
ffffff
ffffff
ffffff
ffffff
ffffff
ffffff
ffffff
ffffff
ffffff
ffffff
ffffff
ffffff
ffffff
ffffff
ffffff
ffffff
ffffff
ffffff
ffffff
ffffff
ffffff
ffffff
ffffff
ffffff
ffffff
ffffff
ffffff
ffffff
ffffff
ffffff
ffffff
ffffff
ffffff
ffffff
ffffff
ffffff
ffffff
ffffff
ffffff
ffffff
ffffff
ffffff
ffffff
ffffff
ffffff
ffffff
ffffff
ffffff
ffffff
ffffff
ffffff
ffffff
ffffff
ffffff
ffffff
ffffff
ffffff
ffffff
ffffff
ffffff
ffffff
ffffff
ffffff
ffffff
ffffff
ffffff
ffffff
ffffff
ffffff
ffffff
ffffff
ffffff
ffffff
ffffff
ffffff
ffffff
ffffff
ffffff
ffffff
ffffff
ffffff
ffffff
ffffff
ffffff
ffffff
ffffff
ffffff
ffffff
ffffff
ffffff
ffffff
ffffff
ffffff
ffffff
ffffff
ffffff
ffffff
ffffff
ffffff
ffffff
ffffff
ffffff
ffffff
ffffff
ffffff
ffffff
ffffff
ffffff
ffffff
ffffff
ffffff
ffffff
ffffff
ffffff
ffffff
ffffff
ffffff
ffffff
ffffff
ffffff
ffffff
ffffff
ffffff
ffffff
ffffff
ffffff
ffffff
ffffff
ffffff
ffffff
ffffff
ffffff
ffffff
ffffff
ffffff
ffffff
ffffff
ffffff
ffffff
ffffff
ffffff
ffffff
ffffff
ffffff
ffffff
ffffff
ffffff
ffffff
ffffff
ffffff
ffffff
ffffff
ffffff
ffffff
ffffff
ffffff
ffffff
ffffff
ffffff
ffffff
ffffff
ffffff
ffffff
ffffff
ffffff
ffffff
ffffff
ffffff
ffffff
ffffff
ffffff
ffffff
ffffff
ffffff
ffffff
ffffff
ffffff
000000
000000
000000
000000
000000
000000
000000
000000
000000
000000
000000
000000
000000
000000
000000
000000
ffffff
ffffff
ffffff
ffffff
ffffff
ffffff
ffffff
ffffff
ffffff
ffffff
ffffff
ffffff
ffffff
ffffff
ffffff
ffffff
000000
000000
000000
000000
000000
000000
000000
000000
000000
000000
000000
000000
000000
000000
000000
000000
ffffff
ffffff
ffffff
ffffff
ffffff
ffffff
ffffff
ffffff
ffffff
ffffff
ffffff
ffffff
ffffff
ffffff
ffffff
ffffff
000000
000000
000000
000000
000000
000000
000000
000000
000000
000000
000000
000000
000000
000000
000000
000000
ffffff
ffffff
ffffff
ffffff
ffffff
ffffff
ffffff
ffffff
ffffff
ffffff
ffffff
ffffff
ffffff
ffffff
ffffff
ffffff
000000
000000
000000
000000
000000
000000
000000
000000
000000
000000
000000
000000
000000
000000
000000
000000
ffffff
ffffff
ffffff
ffffff
ffffff
ffffff
ffffff
ffffff
ffffff
ffffff
ffffff
ffffff
ffffff
ffffff
ffffff
ffffff
000000
000000
000000
000000
000000
000000
000000
000000
000000
000000
000000
000000
000000
000000
000000
000000
ffffff
ffffff
ffffff
ffffff
ffffff
ffffff
ffffff
ffffff
ffffff
ffffff
ffffff
ffffff
ffffff
ffffff
ffffff
ffffff
000000
000000
000000
000000
000000
000000
000000
000000
000000
000000
000000
000000
000000
000000
000000
000000
ffffff
ffffff
ffffff
ffffff
ffffff
ffffff
ffffff
ffffff
ffffff
ffffff
ffffff
ffffff
ffffff
ffffff
ffffff
ffffff
000000
000000
000000
000000
000000
000000
000000
000000
000000
000000
000000
000000
000000
000000
000000
000000
ffffff
ffffff
ffffff
ffffff
ffffff
ffffff
ffffff
ffffff
ffffff
ffffff
ffffff
ffffff
ffffff
ffffff
ffffff
ffffff
000000
000000
000000
000000
000000
000000
000000
000000
000000
000000
000000
000000
000000
000000
000000
000000
ffffff
ffffff
ffffff
ffffff
ffffff
ffffff
ffffff
ffffff
ffffff
ffffff
ffffff
ffffff
ffffff
ffffff
ffffff
ffffff
000000
000000
000000
000000
000000
000000
000000
000000
000000
000000
000000
000000
000000
000000
000000
000000
ffffff
ffffff
ffffff
ffffff
ffffff
ffffff
ffffff
ffffff
ffffff
ffffff
ffffff
ffffff
ffffff
ffffff
ffffff
ffffff
000000
000000
000000
000000
000000
000000
000000
000000
000000
000000
000000
000000
000000
000000
000000
000000
ffffff
ffffff
ffffff
ffffff
ffffff
ffffff
ffffff
ffffff
ffffff
ffffff
ffffff
ffffff
ffffff
ffffff
ffffff
ffffff
000000
000000
000000
000000
000000
000000
000000
000000
000000
000000
000000
000000
000000
000000
000000
000000
ffffff
ffffff
ffffff
ffffff
ffffff
ffffff
ffffff
ffffff
ffffff
ffffff
ffffff
ffffff
ffffff
ffffff
ffffff
ffffff
000000
000000
000000
000000
000000
000000
000000
000000
000000
000000
000000
000000
000000
000000
000000
000000
ffffff
ffffff
ffffff
ffffff
ffffff
ffffff
ffffff
ffffff
ffffff
ffffff
ffffff
ffffff
ffffff
ffffff
ffffff
ffffff
000000
000000
000000
000000
000000
000000
000000
000000
000000
000000
000000
000000
000000
000000
000000
000000
ffffff
ffffff
ffffff
ffffff
ffffff
ffffff
ffffff
ffffff
ffffff
ffffff
ffffff
ffffff
ffffff
ffffff
ffffff
ffffff
000000
000000
000000
000000
000000
000000
000000
000000
000000
000000
000000
000000
000000
000000
000000
000000
ffffff
ffffff
ffffff
ffffff
ffffff
ffffff
ffffff
ffffff
ffffff
ffffff
ffffff
ffffff
ffffff
ffffff
ffffff
ffffff
000000
000000
000000
000000
000000
000000
000000
000000
000000
000000
000000
000000
000000
000000
000000
000000
ffffff
ffffff
ffffff
ffffff
ffffff
ffffff
ffffff
ffffff
ffffff
ffffff
ffffff
ffffff
ffffff
ffffff
ffffff
ffffff
000000
000000
000000
000000
000000
000000
000000
000000
000000
000000
000000
000000
000000
000000
000000
000000
ffffff
ffffff
ffffff
ffffff
ffffff
ffffff
ffffff
ffffff
ffffff
ffffff
ffffff
ffffff
ffffff
ffffff
ffffff
ffffff
000000
000000
000000
000000
000000
000000
000000
000000
000000
000000
000000
000000
000000
000000
000000
000000
ffffff
ffffff
ffffff
ffffff
ffffff
ffffff
ffffff
ffffff
ffffff
ffffff
ffffff
ffffff
ffffff
ffffff
ffffff
ffffff
000000
000000
000000
000000
000000
000000
000000
000000
000000
000000
000000
000000
000000
000000
000000
000000
ffffff
ffffff
ffffff
ffffff
ffffff
ffffff
ffffff
ffffff
ffffff
ffffff
ffffff
ffffff
ffffff
ffffff
ffffff
ffffff
000000
000000
000000
000000
000000
000000
000000
000000
000000
000000
000000
000000
000000
000000
000000
000000
ffffff
ffffff
ffffff
ffffff
ffffff
ffffff
ffffff
ffffff
ffffff
ffffff
ffffff
ffffff
ffffff
ffffff
ffffff
ffffff
000000
000000
000000
000000
000000
000000
000000
000000
000000
000000
000000
000000
000000
000000
000000
000000
ffffff
ffffff
ffffff
ffffff
ffffff
ffffff
ffffff
ffffff
ffffff
ffffff
ffffff
ffffff
ffffff
ffffff
ffffff
ffffff
000000
000000
000000
000000
000000
000000
000000
000000
000000
000000
000000
000000
000000
000000
000000
000000
ffffff
ffffff
ffffff
ffffff
ffffff
ffffff
ffffff
ffffff
ffffff
ffffff
ffffff
ffffff
ffffff
ffffff
ffffff
ffffff
000000
000000
000000
000000
000000
000000
000000
000000
000000
000000
000000
000000
000000
000000
000000
000000
ffffff
ffffff
ffffff
ffffff
ffffff
ffffff
ffffff
ffffff
ffffff
ffffff
ffffff
ffffff
ffffff
ffffff
ffffff
ffffff
000000
000000
000000
000000
000000
000000
000000
000000
000000
000000
000000
000000
000000
000000
000000
000000
ffffff
ffffff
ffffff
ffffff
ffffff
ffffff
ffffff
ffffff
ffffff
ffffff
ffffff
ffffff
ffffff
ffffff
ffffff
ffffff
000000
000000
000000
000000
000000
000000
000000
000000
000000
000000
000000
000000
000000
000000
000000
000000
ffffff
ffffff
ffffff
ffffff
ffffff
ffffff
ffffff
ffffff
ffffff
ffffff
ffffff
ffffff
ffffff
ffffff
ffffff
ffffff
000000
000000
000000
000000
000000
000000
000000
000000
000000
000000
000000
000000
000000
000000
000000
000000
000000
000000
000000
000000
000000
000000
000000
000000
000000
000000
000000
000000
000000
000000
000000
000000
000000
000000
000000
000000
000000
000000
000000
000000
000000
000000
000000
000000
000000
000000
000000
000000
000000
000000
000000
000000
000000
000000
000000
000000
000000
000000
000000
000000
000000
000000
000000
000000
000000
000000
000000
000000
000000
000000
000000
000000
000000
000000
000000
000000
000000
000000
000000
000000
000000
000000
000000
000000
000000
000000
000000
000000
000000
000000
000000
000000
000000
000000
000000
000000
000000
000000
000000
000000
000000
000000
000000
000000
000000
000000
000000
000000
000000
000000
000000
000000
000000
000000
000000
000000
000000
000000
000000
000000
000000
000000
000000
000000
000000
000000
000000
000000
000000
000000
000000
000000
000000
000000
000000
000000
000000
000000
000000
000000
000000
000000
000000
000000
000000
000000
000000
000000
000000
000000
000000
000000
000000
000000
000000
000000
000000
000000
000000
000000
000000
000000
000000
000000
000000
000000
000000
000000
000000
000000
000000
000000
000000
000000
000000
000000
000000
000000
000000
000000
000000
000000
000000
000000
000000
000000
000000
000000
000000
000000
000000
000000
000000
000000
000000
000000
000000
000000
000000
000000
000000
000000
000000
000000
000000
000000
000000
000000
000000
000000
000000
000000
000000
000000
000000
000000
000000
000000
000000
000000
000000
000000
000000
000000
000000
000000
000000
000000
000000
000000
000000
000000
000000
000000
000000
000000
000000
000000
000000
000000
000000
000000
000000
000000
000000
000000
000000
000000
000000
000000
000000
000000
000000
000000
000000
000000
000000
000000
000000
000000
000000
000000
000000
000000
000000
000000
000000
000000
000000
000000
000000
000000
000000
000000
000000
000000
000000
000000
000000
000000
000000
000000
000000
000000
000000
000000
000000
000000
000000
000000
000000
000000
000000
000000
000000
000000
000000
000000
000000
000000
000000
000000
000000
000000
000000
000000
000000
000000
000000
000000
000000
000000
000000
000000
000000
000000
000000
000000
000000
000000
000000
000000
000000
000000
000000
000000
000000
000000
000000
000000
000000
000000
000000
000000
000000
000000
000000
000000
000000
000000
000000
000000
000000
000000
000000
000000
000000
000000
000000
000000
000000
000000
000000
000000
000000
000000
000000
000000
000000
000000
000000
000000
000000
000000
000000
000000
000000
000000
000000
000000
000000
000000
000000
000000
000000
000000
000000
000000
000000
000000
000000
000000
000000
000000
ffffff
ffffff
ffffff
ffffff
ffffff
ffffff
ffffff
ffffff
ffffff
ffffff
ffffff
ffffff
ffffff
ffffff
ffffff
ffffff
ffffff
ffffff
ffffff
ffffff
ffffff
ffffff
ffffff
ffffff
ffffff
ffffff
ffffff
ffffff
ffffff
ffffff
ffffff
ffffff
ffffff
ffffff
ffffff
ffffff
ffffff
ffffff
ffffff
ffffff
ffffff
ffffff
ffffff
ffffff
ffffff
ffffff
ffffff
ffffff
ffffff
ffffff
ffffff
ffffff
ffffff
ffffff
ffffff
ffffff
ffffff
ffffff
ffffff
ffffff
ffffff
ffffff
ffffff
ffffff
ffffff
ffffff
ffffff
ffffff
ffffff
ffffff
ffffff
ffffff
ffffff
ffffff
ffffff
ffffff
ffffff
ffffff
ffffff
ffffff
ffffff
ffffff
ffffff
ffffff
ffffff
ffffff
ffffff
ffffff
ffffff
ffffff
ffffff
ffffff
ffffff
ffffff
ffffff
ffffff
ffffff
ffffff
ffffff
ffffff
ffffff
ffffff
ffffff
ffffff
ffffff
ffffff
ffffff
ffffff
ffffff
ffffff
ffffff
ffffff
ffffff
ffffff
ffffff
ffffff
ffffff
ffffff
ffffff
ffffff
ffffff
ffffff
ffffff
ffffff
ffffff
ffffff
ffffff
ffffff
ffffff
ffffff
ffffff
ffffff
ffffff
ffffff
ffffff
ffffff
ffffff
ffffff
ffffff
ffffff
ffffff
ffffff
ffffff
ffffff
ffffff
ffffff
ffffff
ffffff
ffffff
ffffff
ffffff
ffffff
ffffff
ffffff
ffffff
ffffff
ffffff
ffffff
ffffff
ffffff
ffffff
ffffff
ffffff
ffffff
ffffff
ffffff
ffffff
ffffff
ffffff
ffffff
ffffff
ffffff
ffffff
ffffff
ffffff
ffffff
ffffff
ffffff
ffffff
ffffff
ffffff
ffffff
ffffff
ffffff
ffffff
ffffff
ffffff
ffffff
ffffff
ffffff
ffffff
ffffff
ffffff
ffffff
ffffff
ffffff
ffffff
ffffff
ffffff
ffffff
ffffff
ffffff
ffffff
ffffff
ffffff
ffffff
ffffff
ffffff
ffffff
ffffff
ffffff
ffffff
ffffff
ffffff
ffffff
ffffff
ffffff
ffffff
ffffff
ffffff
ffffff
ffffff
ffffff
ffffff
ffffff
ffffff
ffffff
ffffff
ffffff
ffffff
ffffff
ffffff
ffffff
ffffff
ffffff
ffffff
ffffff
ffffff
ffffff
ffffff
ffffff
ffffff
ffffff
ffffff
ffffff
ffffff
ffffff
ffffff
ffffff
ffffff
ffffff
ffffff
ffffff
ffffff
ffffff
ffffff
ffffff
ffffff
ffffff
ffffff
ffffff
ffffff
ffffff
ffffff
ffffff
ffffff
ffffff
ffffff
ffffff
ffffff
ffffff
ffffff
ffffff
ffffff
ffffff
ffffff
ffffff
ffffff
ffffff
ffffff
ffffff
ffffff
ffffff
ffffff
ffffff
ffffff
ffffff
ffffff
ffffff
ffffff
ffffff
ffffff
ffffff
ffffff
ffffff
ffffff
ffffff
ffffff
ffffff
ffffff
ffffff
ffffff
ffffff
ffffff
ffffff
ffffff
ffffff
ffffff
ffffff
ffffff
ffffff
ffffff
ffffff
ffffff
ffffff
ffffff
ffffff
ffffff
ffffff
ffffff
ffffff
ffffff
ffffff
ffffff
ffffff
ffffff
ffffff
ffffff
ffffff
ffffff
ffffff
ffffff
ffffff
ffffff
ffffff
ffffff
ffffff
ffffff
ffffff
ffffff
ffffff
ffffff
ffffff
ffffff
ffffff
ffffff
ffffff
ffffff
ffffff
ffffff
ffffff
ffffff
ffffff
ffffff
ffffff
ffffff
ffffff
ffffff
ffffff
ffffff
ffffff
ffffff
ffffff
ffffff
ffffff
ffffff
ffffff
ffffff
ffffff
ffffff
ffffff
ffffff
ffffff
ffffff
ffffff
ffffff
ffffff
ffffff
ffffff
ffffff
ffffff
ffffff
ffffff
ffffff
000000
000000
000000
000000
000000
000000
000000
000000
000000
000000
000000
000000
000000
000000
000000
000000
000000
000000
000000
000000
000000
000000
000000
000000
000000
000000
000000
000000
000000
000000
000000
000000
000000
000000
000000
000000
000000
000000
000000
000000
000000
000000
000000
000000
000000
000000
000000
000000
000000
000000
000000
000000
000000
000000
000000
000000
000000
000000
000000
000000
000000
000000
000000
000000
000000
000000
000000
000000
000000
000000
000000
000000
000000
000000
000000
000000
000000
000000
000000
000000
000000
000000
000000
000000
000000
000000
000000
000000
000000
000000
000000
000000
000000
000000
000000
000000
000000
000000
000000
000000
000000
000000
000000
000000
000000
000000
000000
000000
000000
000000
000000
000000
000000
000000
000000
000000
000000
000000
000000
000000
000000
000000
000000
000000
000000
000000
000000
000000
000000
000000
000000
000000
000000
000000
000000
000000
000000
000000
000000
000000
000000
000000
000000
000000
000000
000000
000000
000000
000000
000000
000000
000000
000000
000000
000000
000000
000000
000000
000000
000000
000000
000000
000000
000000
000000
000000
000000
000000
000000
000000
000000
000000
000000
000000
000000
000000
000000
000000
000000
000000
000000
000000
000000
000000
000000
000000
000000
000000
000000
000000
000000
000000
000000
000000
000000
000000
000000
000000
000000
000000
000000
000000
000000
000000
000000
000000
000000
000000
000000
000000
000000
000000
000000
000000
000000
000000
000000
000000
000000
000000
000000
000000
000000
000000
000000
000000
000000
000000
000000
000000
000000
000000
000000
000000
000000
000000
000000
000000
000000
000000
000000
000000
000000
000000
000000
000000
000000
000000
000000
000000
000000
000000
000000
000000
000000
000000
000000
000000
000000
000000
000000
000000
000000
000000
000000
000000
000000
000000
000000
000000
000000
000000
000000
000000
000000
000000
000000
000000
000000
000000
000000
000000
000000
000000
000000
000000
000000
000000
000000
000000
000000
000000
000000
000000
000000
000000
000000
000000
000000
000000
000000
000000
000000
000000
000000
000000
000000
000000
000000
000000
000000
000000
000000
000000
000000
000000
000000
000000
000000
000000
000000
000000
000000
000000
000000
000000
000000
000000
000000
000000
000000
000000
000000
000000
000000
000000
000000
000000
000000
000000
000000
000000
000000
000000
000000
000000
000000
000000
000000
000000
000000
000000
000000
000000
000000
000000
000000
000000
000000
000000
000000
000000
000000
000000
000000
000000
000000
000000
000000
000000
000000
000000
000000
000000
000000
000000
000000
000000
000000
000000
000000
000000
000000
000000
000000
000000
000000
000000
000000
000000
000000
000000
000000
000000
000000
000000
000000
000000
000000
000000
ffffff
000000
000000
000000
000000
000000
000000
000000
000000
000000
000000
000000
000000
000000
000000
000000
000000
000000
000000
000000
000000
000000
000000
000000
000000
000000
000000
000000
000000
000000
000000
000000
000000
000000
000000
000000
000000
000000
000000
000000
000000
000000
000000
000000
000000
000000
000000
000000
000000
000000
000000
000000
000000
000000
000000
000000
000000
000000
000000
000000
000000
000000
000000
000000
000000
000000
000000
000000
000000
000000
000000
000000
000000
000000
000000
000000
000000
000000
000000
000000
000000
000000
000000
000000
000000
000000
000000
000000
000000
000000
000000
000000
000000
000000
000000
000000
000000
000000
000000
000000
000000
000000
000000
000000
000000
000000
000000
000000
000000
000000
000000
000000
000000
000000
000000
000000
000000
000000
000000
000000
000000
000000
000000
000000
000000
000000
000000
000000
000000
000000
000000
000000
000000
000000
000000
000000
000000
000000
000000
000000
000000
000000
000000
000000
000000
000000
000000
000000
000000
000000
000000
000000
000000
000000
000000
000000
000000
000000
000000
000000
000000
000000
000000
000000
000000
000000
000000
000000
000000
000000
000000
000000
000000
000000
000000
000000
000000
000000
000000
000000
000000
000000
000000
000000
000000
000000
000000
000000
000000
000000
000000
000000
000000
000000
000000
000000
000000
000000
000000
000000
000000
000000
000000
000000
000000
000000
000000
000000
000000
000000
000000
000000
000000
000000
000000
000000
000000
000000
000000
000000
000000
000000
000000
000000
000000
000000
000000
000000
000000
000000
000000
000000
000000
000000
000000
000000
000000
000000
000000
000000
000000
000000
000000
000000
000000
000000
000000
000000
000000
000000
000000
000000
000000
000000
000000
000000
000000
000000
000000
000000
000000
000000
000000
000000
000000
000000
000000
000000
000000
000000
000000
000000
000000
000000
000000
000000
000000
000000
000000
000000
000000
000000
000000
000000
000000
000000
000000
000000
000000
000000
000000
000000
000000
000000
000000
000000
000000
000000
000000
000000
000000
000000
000000
000000
000000
000000
000000
000000
000000
000000
000000
000000
000000
000000
000000
000000
000000
000000
000000
000000
000000
000000
000000
000000
000000
000000
000000
000000
000000
000000
000000
000000
000000
000000
000000
000000
000000
000000
000000
000000
000000
000000
000000
000000
000000
000000
000000
000000
000000
000000
000000
000000
000000
000000
000000
000000
000000
000000
000000
000000
000000
000000
000000
000000
000000
000000
000000
000000
8f7caa
105b48
6d94e6
307767
e38853
b42154
643dac
abc427
1052a6
ece6f9
0ee6b6
851f1d
cdf961
320000
1d8f59
606b80
8a6b5a
0ccdcd
799e17
f6453c
93a57e
abd5b6
588ac7
6a8792
5be02d
7094c2
3381cf
7b5c19
559e14
b622d6
80c356
d9bd50
00cdab
04f4b4
b23acc
18101f
776dda
7c7259
0051b5
f4a84f
d8182e
dbc81d
085d2c
2e49e6
b9215b
a5cc82
5696c5
41eee1
2e46c9
204bf4
b601ab
bd4e67
361e01
2e964d
6a5a70
084014
8e7d63
44a835
321661
e93b26
179579
5159e5
ae2c50
3329bc
50fc49
31a3b7
51a848
abe597
2e8550
5ed244
be2c3a
b3ad9e
876e99
829b70
6cb021
73ded5
00ba56
67182c
decc39
8474ee
0a09af
cbd504
09e8ee
72633b
6828c6
cbeea3
3d28d0
fd354a
dd1f08
be44da
2068aa
9e4e9a
9790df
05fdcc
48b5bc
f60948
d67c83
ccc2f6
c71e28
dcf567
3bf8c0
c30f50
045ffe
c3239f
5af04b
ed764a
9c2094
204c0a
8c8d33
ce1c15
984c4a
7b14a9
1e1b6b
3c368f
bb393d
9b1ad6
09b240
039575
ef97b0
4d7756
e6d4cc
b805f3
babf2d
6c4a3b
5d1cff
82dda1
0926e1
f55eb9
299091
e75ce7
f579b5
7181bc
d5e848
af53d6
a8fa34
36b2d9
e0f5b0
4b1980
2d5667
4eb3e9
c3dccb
64285f
ca6741
3ff917
f30a5a
a34cec
463a9f
559cb3
231a7e
923b42
c383cc
d89676
f7ac76
8a4b3f
4c44cb
73c7ce
de9519
f40acb
330362
c015f6
df659f
a04612
40fa8e
4e3459
7ba1ec
a381d6
5f2d1d
282cf7
ce0a11
395755
40b450
5a079a
89892a
996872
376c52
daacf6
19000f
2e2d35
1ba7cd
92088f
db0f7d
aecd06
01644e
363e35
1e8b9c
f63752
f543ee
310f45
8a2dad
a557cf
736b2a
50e684
096ccb
5b8588
d3d4b5
aa428c
f63b50
d8f943
3a62c8
c3d666
9e3ae9
2e0f17
c71cfd
134ef2
3bca07
724deb
35d94c
1f34fd
befac2
81dbe2
9792fd
8664b4
099014
15fe61
4471f5
2397bd
7897b5
8a89f9
d754bc
5bd05e
054ddb
994a01
68fff0
f5eec9
3a34a3
79e482
86461b
8757f0
e9e161
9c5d79
bba71f
c0473e
3d1658
63ab16
ab28a1
982ec6
ee8e15
7ca712
d09896
4f51cb
ef5e47
82fd37
c206b5
dd9396
ce169d
0bd32c
fa70f6
fd40c0
fb2cd5
e8af9e
b772bf
fd882c
98d8e8
75e5cc
034b2a
ea1ec4
228bc9
dbb9c0
8fa44d
aaf638
155453
5a537d
291087
d413c0
9a9b93
0877d7
e48048
8564c4
dfdfbd
a238c9
b66b86
72eadc
a5dacf
d81282
9c95c6
43a4b9
0c266d
6bd126
bc3b2a
a58128
176f95
9b0255
1d3bdc
3dec69
5da299
f8bbfc
4d4bd8
90fc1c
99b21b
bd6a07
fd873b
047362
591c16
5c8377
f0de78
b63cef
f9976f
fbd47e
1528a1
35f94a
6a36f2
2de96d
a09bb2
7565e1
4196e1
466311
7ab63e
76286c
b1385a
64b23c
0a4bca
bb82ef
fd354c
8abb28
367c5c
22ade4
5931f0
d1af45
c78e2a
3c348f
2e6781
ae5cca
3503ee
f88dec
c10ebe
4e4bb2
336ade
9e2322
274c17
d7b9ed
15a58b
07c31f
5c3fd1
595922
0f9142
fcc5b6
7b3cca
d034d3
11c86d
a0b5c6
8bdc11
932e3b
7ea780
989310
3bc323
bf1c80
dd64e4
3a9bb8
706ce4
fc1ffb
ee302b
b03fb5
04a401
583ac5
d19a55
389eee
a0fd3b
ba93e7
488587
2b3162
d709e5
48978d
d16c76
b5316d
6c4c2b
09ddc6
0f6b77
72b725
c609d6
f9da33
7b749a
6f8d48
ffa508
e5c3fb
60e6f3
cb1788
62e048
3dd72c
1116c6
63760b
0f1c81
203e90
cf3aa1
60097f
ca0598
be9e4a
d2ac8d
623d70
e42183
128922
81ea7b
6d4206
a94040
159289
a2a552
7a7f5c
a8dcf3
fc5876
b94b98
e6a113
45e203
4bf707
f0f662
017f3c
651f8f
1ab520
acc37d
4e9743
6ff8d2
0f3b8f
3de4e7
a8da6b
982e5d
57863e
9fefde
09b880
cd2380
0df26a
a7f242
f75f6f
bbac68
408aeb
d252ab
9ff2fb
e984a1
a15206
593489
23f7b3
43027b
e3af63
6be28d
9233d9
cc5a1a
4d43a0
c1587f
ea835e
fb782f
2cb7d7
e3080d
077f7b
bfcdc6
dd3c8b
5d7f1c
85e518
e6ce8c
df463c
4ef91d
661ab0
07f99a
1da1d0
c2aba9
9a9f3e
c0eecd
fcfb2a
eb9630
a37411
443817
081fcd
bd43b0
93a267
810045
a369ce
b8f4c2
4e844b
dbf58e
77dfe3
71c2fd
6dbc67
8cdbdf
1bfdc1
75a532
dc16ec
62f39f
cb1f2f
2c16de
f13b2f
74a73c
aa0c80
ef5115
1e9a11
6cedee
c21a06
3c2dbe
d79acf
4e572f
2df08d
518501
6957fa
1b168c
3dc8b2
e8eab2
7ebf09
30d6bc
edb489
cd7b6a
2ca270
0040b8
3d3633
b29b6a
a6b68a
6f8c90
46a29c
6c8e7f
838121
45f07a
987d8f
8db08f
9dd2d0
879759
3e8abf
e183f9
ffcda5
aa508b
37d767
45688e
48ae46
30549f
b072c5
573613
4e753c
f63386
b8220b
d597fe
c557a1
48f537
36b797
a22ef4
88239c
8fe2c2
a304c5
bc151a
778244
a3364c
0975cd
f15bfb
9a14b9
feb1ed
7cdcae
31d272
da4dd9
b87aa1
f10a19
e31ec5
d1163c
40b88a
8ff656
1a29a5
4d2827
14eaf4
05964b
e03fb9
bf12b0
a7bfed
035853
4dff88
227e6d
849349
33b2c9
94e48b
9c8ed5
9734e2
dfd865
cd8e95
ee560c
8934d1
095b9a
0d5ea9
ac5170
c11945
6b942a
6d7cde
21528c
0e4e16
61e112
cdeea7
97a5ec
40ea2e
c91826
a20eba
c8218d
90fc23
78634a
197b23
f168a2
8ccab3
586cba
50df60
5dcfa1
c347fb
a85e6e
709d46
12f1d7
a1ce33
9c5b6f
65bc04
52a5d3
b02700
ec5efb
83623f
4e80a9
d6e216
14f7fe
1e6e29
32113c
c3a4c0
e1ef1f
67ff2a
ef52bd
8bd6e4
d1c9b6
74522b
25c363
4399d6
88430b
88ec38
b53fba
a935c3
ae8b05
790040
b6aed5
743199
3fd499
9f798a
eddd76
f99a63
23d04b
8315c8
b0ec5f
702aab
ae24ff
ff0a34
7dabc2
746dd1
680d8e
72f34a
bab346
d8a9b3
8c9ca4
1e52e2
4bdff3
56ef3f
f73a9a
1252b5
e5ecd6
9d0232
057f52
4550f6
f4c9ad
468ce1
10461c
bc7356
ab145b
a2665b
108378
a6a75b
aab106
400548
e3e29a
7c0bc2
350eaf
872b79
b3cda2
fe7060
3d583a
461905
f067b2
0a46d1
166d86
15d18b
1b09b5
98be51
8a93d5
5796f8
7fdb13
7bd086
1dbc25
512241
a576b7
55a2ed
b7fd82
5ae218
4a1246
0b842c
e742e3
94281e
846212
2be543
a9e6d8
393247
74a38e
726f2f
baa9a1
712195
01bff6
4aa69c
3fa015
41da00
521475
216fed
1e33ba
bf1efb
9ff978
ab9861
f2de8f
af618e
5f4809
20265d
210ea6
cf09e0
bfca5e
2bde12
20430f
956fd0
0b8672
34e0fb
8684dc
6c1b33
df1192
93d383
3609d8
dcd37d
72bcf4
ecf961
2faad5
a0d7c9
dfdeb5
fe6e2c
ef6b79
a28987
38f6c5
a059f6
e5aad2
758930
fd7150
b1879c
95d26a
2f7339
787ae5
9c1fa7
b47110
df4887
0925a2
73d8f1
9c3574
db2b22
548a4b
2227bc
88e065
83a706
6e7735
e0ff3b
8b89f8
4113f7
b3deec
bf920d
5cb0e3
27f5c3
fabad7
4b2cb9
8658f4
2d58ff
bbfe34
738f5c
01ca31
35d687
7773db
ed0d6c
3c1021
503020
503020
503020
503020
d09070
d09070
d09070
d09070
503020
503020
503020
503020
d09070
d09070
d09070
d09070
503020
503020
503020
503020
d09070
d09070
d09070
d09070
503020
503020
503020
503020
d09070
d09070
d09070
d09070
503020
503020
503020
503020
d09070
d09070
d09070
d09070
503020
503020
503020
503020
d09070
d09070
d09070
d09070
503020
503020
503020
503020
d09070
d09070
d09070
d09070
503020
503020
503020
503020
d09070
d09070
d09070
d09070
503020
503020
503020
503020
d09070
d09070
d09070
d09070
503020
503020
503020
503020
d09070
d09070
d09070
d09070
503020
503020
503020
503020
d09070
d09070
d09070
d09070
503020
503020
503020
503020
d09070
d09070
d09070
d09070
503020
503020
503020
503020
d09070
d09070
d09070
d09070
503020
503020
503020
503020
d09070
d09070
d09070
d09070
503020
503020
503020
503020
d09070
d09070
d09070
d09070
503020
503020
503020
503020
d09070
d09070
d09070
d09070
d09070
d09070
d09070
d09070
503020
503020
503020
503020
d09070
d09070
d09070
d09070
503020
503020
503020
503020
d09070
d09070
d09070
d09070
503020
503020
503020
503020
d09070
d09070
d09070
d09070
503020
503020
503020
503020
d09070
d09070
d09070
d09070
503020
503020
503020
503020
d09070
d09070
d09070
d09070
503020
503020
503020
503020
d09070
d09070
d09070
d09070
503020
503020
503020
503020
d09070
d09070
d09070
d09070
503020
503020
503020
503020
d09070
d09070
d09070
d09070
503020
503020
503020
503020
d09070
d09070
d09070
d09070
503020
503020
503020
503020
d09070
d09070
d09070
d09070
503020
503020
503020
503020
d09070
d09070
d09070
d09070
503020
503020
503020
503020
d09070
d09070
d09070
d09070
503020
503020
503020
503020
d09070
d09070
d09070
d09070
503020
503020
503020
503020
d09070
d09070
d09070
d09070
503020
503020
503020
503020
d09070
d09070
d09070
d09070
503020
503020
503020
503020
503020
503020
503020
503020
d09070
d09070
d09070
d09070
503020
503020
503020
503020
d09070
d09070
d09070
d09070
503020
503020
503020
503020
d09070
d09070
d09070
d09070
503020
503020
503020
503020
d09070
d09070
d09070
d09070
503020
503020
503020
503020
d09070
d09070
d09070
d09070
503020
503020
503020
503020
d09070
d09070
d09070
d09070
503020
503020
503020
503020
d09070
d09070
d09070
d09070
503020
503020
503020
503020
d09070
d09070
d09070
d09070
503020
503020
503020
503020
d09070
d09070
d09070
d09070
503020
503020
503020
503020
d09070
d09070
d09070
d09070
503020
503020
503020
503020
d09070
d09070
d09070
d09070
503020
503020
503020
503020
d09070
d09070
d09070
d09070
503020
503020
503020
503020
d09070
d09070
d09070
d09070
503020
503020
503020
503020
d09070
d09070
d09070
d09070
503020
503020
503020
503020
d09070
d09070
d09070
d09070
503020
503020
503020
503020
d09070
d09070
d09070
d09070
d09070
d09070
d09070
d09070
503020
503020
503020
503020
d09070
d09070
d09070
d09070
503020
503020
503020
503020
d09070
d09070
d09070
d09070
503020
503020
503020
503020
d09070
d09070
d09070
d09070
503020
503020
503020
503020
d09070
d09070
d09070
d09070
503020
503020
503020
503020
d09070
d09070
d09070
d09070
503020
503020
503020
503020
d09070
d09070
d09070
d09070
503020
503020
503020
503020
d09070
d09070
d09070
d09070
503020
503020
503020
503020
d09070
d09070
d09070
d09070
503020
503020
503020
503020
d09070
d09070
d09070
d09070
503020
503020
503020
503020
d09070
d09070
d09070
d09070
503020
503020
503020
503020
d09070
d09070
d09070
d09070
503020
503020
503020
503020
d09070
d09070
d09070
d09070
503020
503020
503020
503020
d09070
d09070
d09070
d09070
503020
503020
503020
503020
d09070
d09070
d09070
d09070
503020
503020
503020
503020
d09070
d09070
d09070
d09070
503020
503020
503020
503020
503020
503020
503020
503020
d09070
d09070
d09070
d09070
503020
503020
503020
503020
d09070
d09070
d09070
d09070
503020
503020
503020
503020
d09070
d09070
d09070
d09070
503020
503020
503020
503020
d09070
d09070
d09070
d09070
503020
503020
503020
503020
d09070
d09070
d09070
d09070
503020
503020
503020
503020
d09070
d09070
d09070
d09070
503020
503020
503020
503020
d09070
d09070
d09070
d09070
503020
503020
503020
503020
d09070
d09070
d09070
d09070
503020
503020
503020
503020
d09070
d09070
d09070
d09070
503020
503020
503020
503020
d09070
d09070
d09070
d09070
503020
503020
503020
503020
d09070
d09070
d09070
d09070
503020
503020
503020
503020
d09070
d09070
d09070
d09070
503020
503020
503020
503020
d09070
d09070
d09070
d09070
503020
503020
503020
503020
d09070
d09070
d09070
d09070
503020
503020
503020
503020
d09070
d09070
d09070
d09070
503020
503020
503020
503020
d09070
d09070
d09070
d09070
d09070
d09070
d09070
d09070
503020
503020
503020
503020
d09070
d09070
d09070
d09070
503020
503020
503020
503020
d09070
d09070
d09070
d09070
503020
503020
503020
503020
d09070
d09070
d09070
d09070
503020
503020
503020
503020
d09070
d09070
d09070
d09070
503020
503020
503020
503020
d09070
d09070
d09070
d09070
503020
503020
503020
503020
d09070
d09070
d09070
d09070
503020
503020
503020
503020
d09070
d09070
d09070
d09070
503020
503020
503020
503020
d09070
d09070
d09070
d09070
503020
503020
503020
503020
d09070
d09070
d09070
d09070
503020
503020
503020
503020
d09070
d09070
d09070
d09070
503020
503020
503020
503020
d09070
d09070
d09070
d09070
503020
503020
503020
503020
d09070
d09070
d09070
d09070
503020
503020
503020
503020
d09070
d09070
d09070
d09070
503020
503020
503020
503020
d09070
d09070
d09070
d09070
503020
503020
503020
503020
d09070
d09070
d09070
d09070
503020
503020
503020
503020
000000
07000b
0e0016
150021
1c002c
230037
2a0042
31004d
380058
3f0063
46006e
4d0079
540084
5b008f
62009a
6900a5
7000b0
7700bb
7e00c6
8500d1
8c00dc
9300e7
9a00f2
a100fd
a80008
af0013
b6001e
bd0029
c40034
cb003f
d2004a
d90055
000903
07090e
0e0919
150924
1c092f
23093a
2a0945
310950
38095b
3f0966
460971
4d097c
540987
5b0992
62099d
6909a8
7009b3
7709be
7e09c9
8509d4
8c09df
9309ea
9a09f5
a10900
a8090b
af0916
b60921
bd092c
c40937
cb0942
d2094d
d90958
001206
071211
0e121c
151227
1c1232
23123d
2a1248
311253
38125e
3f1269
461274
4d127f
54128a
5b1295
6212a0
6912ab
7012b6
7712c1
7e12cc
8512d7
8c12e2
9312ed
9a12f8
a11203
a8120e
af1219
b61224
bd122f
c4123a
cb1245
d21250
d9125b
001b09
071b14
0e1b1f
151b2a
1c1b35
231b40
2a1b4b
311b56
381b61
3f1b6c
461b77
4d1b82
541b8d
5b1b98
621ba3
691bae
701bb9
771bc4
7e1bcf
851bda
8c1be5
931bf0
9a1bfb
a11b06
a81b11
af1b1c
b61b27
bd1b32
c41b3d
cb1b48
d21b53
d91b5e
00240c
072417
0e2422
15242d
1c2438
232443
2a244e
312459
382464
3f246f
46247a
4d2485
542490
5b249b
6224a6
6924b1
7024bc
7724c7
7e24d2
8524dd
8c24e8
9324f3
9a24fe
a12409
a82414
af241f
b6242a
bd2435
c42440
cb244b
d22456
d92461
002d0f
072d1a
0e2d25
152d30
1c2d3b
232d46
2a2d51
312d5c
382d67
3f2d72
462d7d
4d2d88
542d93
5b2d9e
622da9
692db4
702dbf
772dca
7e2dd5
852de0
8c2deb
932df6
9a2d01
a12d0c
a82d17
af2d22
b62d2d
bd2d38
c42d43
cb2d4e
d22d59
d92d64
003612
07361d
0e3628
153633
1c363e
233649
2a3654
31365f
38366a
3f3675
463680
4d368b
543696
5b36a1
6236ac
6936b7
7036c2
7736cd
7e36d8
8536e3
8c36ee
9336f9
9a3604
a1360f
a8361a
af3625
b63630
bd363b
c43646
cb3651
d2365c
d93667
003f15
073f20
0e3f2b
153f36
1c3f41
233f4c
2a3f57
313f62
383f6d
3f3f78
463f83
4d3f8e
543f99
5b3fa4
623faf
693fba
703fc5
773fd0
7e3fdb
853fe6
8c3ff1
933ffc
9a3f07
a13f12
a83f1d
af3f28
b63f33
bd3f3e
c43f49
cb3f54
d23f5f
d93f6a
004818
074823
0e482e
154839
1c4844
23484f
2a485a
314865
384870
3f487b
464886
4d4891
54489c
5b48a7
6248b2
6948bd
7048c8
7748d3
7e48de
8548e9
8c48f4
9348ff
9a480a
a14815
a84820
af482b
b64836
bd4841
c4484c
cb4857
d24862
d9486d
00511b
075126
0e5131
15513c
1c5147
235152
2a515d
315168
385173
3f517e
465189
4d5194
54519f
5b51aa
6251b5
6951c0
7051cb
7751d6
7e51e1
8551ec
8c51f7
935102
9a510d
a15118
a85123
af512e
b65139
bd5144
c4514f
cb515a
d25165
d95170
005a1e
075a29
0e5a34
155a3f
1c5a4a
235a55
2a5a60
315a6b
385a76
3f5a81
465a8c
4d5a97
545aa2
5b5aad
625ab8
695ac3
705ace
775ad9
7e5ae4
855aef
8c5afa
935a05
9a5a10
a15a1b
a85a26
af5a31
b65a3c
bd5a47
c45a52
cb5a5d
d25a68
d95a73
006321
07632c
0e6337
156342
1c634d
236358
2a6363
31636e
386379
3f6384
46638f
4d639a
5463a5
5b63b0
6263bb
6963c6
7063d1
7763dc
7e63e7
8563f2
8c63fd
936308
9a6313
a1631e
a86329
af6334
b6633f
bd634a
c46355
cb6360
d2636b
d96376
006c24
076c2f
0e6c3a
156c45
1c6c50
236c5b
2a6c66
316c71
386c7c
3f6c87
466c92
4d6c9d
546ca8
5b6cb3
626cbe
696cc9
706cd4
776cdf
7e6cea
856cf5
8c6c00
936c0b
9a6c16
a16c21
a86c2c
af6c37
b66c42
bd6c4d
c46c58
cb6c63
d26c6e
d96c79
007527
077532
0e753d
157548
1c7553
23755e
2a7569
317574
38757f
3f758a
467595
4d75a0
5475ab
5b75b6
6275c1
6975cc
7075d7
7775e2
7e75ed
8575f8
8c7503
93750e
9a7519
a17524
a8752f
af753a
b67545
bd7550
c4755b
cb7566
d27571
d9757c
007e2a
077e35
0e7e40
157e4b
1c7e56
237e61
2a7e6c
317e77
387e82
3f7e8d
467e98
4d7ea3
547eae
5b7eb9
627ec4
697ecf
707eda
777ee5
7e7ef0
857efb
8c7e06
937e11
9a7e1c
a17e27
a87e32
af7e3d
b67e48
bd7e53
c47e5e
cb7e69
d27e74
d97e7f
00872d
078738
0e8743
15874e
1c8759
238764
2a876f
31877a
388785
3f8790
46879b
4d87a6
5487b1
5b87bc
6287c7
6987d2
7087dd
7787e8
7e87f3
8587fe
8c8709
938714
9a871f
a1872a
a88735
af8740
b6874b
bd8756
c48761
cb876c
d28777
d98782
009030
07903b
0e9046
159051
1c905c
239067
2a9072
31907d
389088
3f9093
46909e
4d90a9
5490b4
5b90bf
6290ca
6990d5
7090e0
7790eb
7e90f6
859001
8c900c
939017
9a9022
a1902d
a89038
af9043
b6904e
bd9059
c49064
cb906f
d2907a
d99085
009933
07993e
0e9949
159954
1c995f
23996a
2a9975
319980
38998b
3f9996
4699a1
4d99ac
5499b7
5b99c2
6299cd
6999d8
7099e3
7799ee
7e99f9
859904
8c990f
93991a
9a9925
a19930
a8993b
af9946
b69951
bd995c
c49967
cb9972
d2997d
d99988
00a236
07a241
0ea24c
15a257
1ca262
23a26d
2aa278
31a283
38a28e
3fa299
46a2a4
4da2af
54a2ba
5ba2c5
62a2d0
69a2db
70a2e6
77a2f1
7ea2fc
85a207
8ca212
93a21d
9aa228
a1a233
a8a23e
afa249
b6a254
bda25f
c4a26a
cba275
d2a280
d9a28b
00ab39
07ab44
0eab4f
15ab5a
1cab65
23ab70
2aab7b
31ab86
38ab91
3fab9c
46aba7
4dabb2
54abbd
5babc8
62abd3
69abde
70abe9
77abf4
7eabff
85ab0a
8cab15
93ab20
9aab2b
a1ab36
a8ab41
afab4c
b6ab57
bdab62
c4ab6d
cbab78
d2ab83
d9ab8e
00b43c
07b447
0eb452
15b45d
1cb468
23b473
2ab47e
31b489
38b494
3fb49f
46b4aa
4db4b5
54b4c0
5bb4cb
62b4d6
69b4e1
70b4ec
77b4f7
7eb402
85b40d
8cb418
93b423
9ab42e
a1b439
a8b444
afb44f
b6b45a
bdb465
c4b470
cbb47b
d2b486
d9b491
00bd3f
07bd4a
0ebd55
15bd60
1cbd6b
23bd76
2abd81
31bd8c
38bd97
3fbda2
46bdad
4dbdb8
54bdc3
5bbdce
62bdd9
69bde4
70bdef
77bdfa
7ebd05
85bd10
8cbd1b
93bd26
9abd31
a1bd3c
a8bd47
afbd52
b6bd5d
bdbd68
c4bd73
cbbd7e
d2bd89
d9bd94
00c642
07c64d
0ec658
15c663
1cc66e
23c679
2ac684
31c68f
38c69a
3fc6a5
46c6b0
4dc6bb
54c6c6
5bc6d1
62c6dc
69c6e7
70c6f2
77c6fd
7ec608
85c613
8cc61e
93c629
9ac634
a1c63f
a8c64a
afc655
b6c660
bdc66b
c4c676
cbc681
d2c68c
d9c697
00cf45
07cf50
0ecf5b
15cf66
1ccf71
23cf7c
2acf87
31cf92
38cf9d
3fcfa8
46cfb3
4dcfbe
54cfc9
5bcfd4
62cfdf
69cfea
70cff5
77cf00
7ecf0b
85cf16
8ccf21
93cf2c
9acf37
a1cf42
a8cf4d
afcf58
b6cf63
bdcf6e
c4cf79
cbcf84
d2cf8f
d9cf9a
000000
000000
000000
000000
000000
000000
000000
000000
000000
000000
000000
000000
000000
000000
000000
000000
000000
000000
000000
000000
000000
000000
000000
000000
000000
000000
000000
000000
000000
000000
000000
000000
000000
000000
000000
000000
000000
000000
000000
000000
000000
000000
000000
000000
000000
000000
000000
000000
000000
000000
000000
000000
000000
000000
000000
000000
000000
000000
000000
000000
000000
000000
000000
000000
000000
000000
000000
000000
000000
000000
000000
000000
000000
000000
000000
000000
000000
000000
000000
000000
000000
000000
000000
000000
000000
000000
000000
000000
000000
000000
000000
000000
000000
000000
000000
000000
000000
000000
000000
000000
000000
000000
000000
000000
000000
000000
000000
000000
000000
000000
000000
000000
000000
000000
000000
000000
000000
000000
000000
000000
000000
000000
000000
000000
000000
000000
000000
000000
000000
000000
000000
000000
000000
000000
000000
000000
000000
000000
000000
000000
000000
000000
000000
000000
000000
000000
000000
000000
000000
000000
000000
000000
000000
000000
000000
000000
000000
000000
000000
000000
000000
000000
000000
000000
000000
000000
000000
000000
000000
000000
000000
000000
000000
000000
000000
000000
000000
000000
000000
000000
000000
000000
000000
000000
000000
000000
000000
000000
000000
000000
000000
000000
000000
000000
000000
000000
000000
000000
000000
000000
000000
000000
000000
000000
000000
000000
000000
000000
000000
000000
000000
000000
000000
000000
000000
000000
000000
000000
000000
000000
000000
000000
000000
000000
000000
000000
000000
000000
000000
000000
000000
000000
000000
000000
000000
000000
000000
000000
000000
000000
000000
000000
000000
000000
000000
000000
000000
000000
000000
000000
000000
000000
000000
000000
000000
000000
000000
000000
000000
000000
000000
000000
000000
000000
000000
000000
000000
000000
000000
000000
000000
000000
000000
000000
000000
000000
000000
000000
000000
000000
000000
000000
000000
000000
000000
000000
000000
000000
000000
000000
000000
000000
000000
000000
000000
000000
000000
000000
000000
000000
000000
000000
000000
000000
000000
000000
000000
000000
000000
000000
000000
000000
000000
000000
000000
000000
000000
000000
000000
000000
000000
000000
000000
000000
000000
000000
000000
000000
000000
000000
000000
000000
000000
000000
000000
000000
000000
000000
000000
000000
000000
000000
000000
000000
000000
000000
000000
000000
000000
000000
000000
000000
000000
000000
000000
000000
000000
000000
000000
000000
000000
000000
000000
000000
000000
000000
000000
000000
000000
000000
000000
000000
000000
000000
000000
000000
000000
000000
000000
000000
000000
000000
000000
000000
000000
000000
000000
000000
000000
000000
000000
000000
000000
000000
000000
000000
000000
000000
000000
000000
000000
000000
000000
000000
000000
000000
000000
000000
000000
000000
000000
000000
000000
000000
000000
000000
000000
000000
000000
000000
000000
000000
000000
000000
000000
000000
000000
000000
000000
000000
000000
000000
000000
000000
000000
000000
000000
000000
000000
000000
000000
000000
000000
000000
000000
000000
000000
000000
000000
000000
000000
000000
000000
000000
000000
000000
000000
000000
000000
000000
000000
000000
000000
000000
000000
000000
000000
000000
000000
000000
000000
000000
000000
000000
000000
000000
000000
000000
000000
000000
000000
000000
000000
000000
000000
000000
000000
000000
000000
000000
000000
000000
000000
000000
000000
000000
000000
000000
000000
000000
000000
000000
000000
000000
000000
000000
000000
000000
000000
000000
000000
000000
000000
000000
000000
000000
000000
000000
000000
000000
000000
000000
000000
000000
000000
000000
000000
000000
000000
000000
000000
000000
000000
000000
000000
000000
000000
000000
000000
000000
000000
000000
000000
000000
000000
000000
000000
000000
000000
000000
000000
000000
000000
000000
000000
000000
000000
000000
000000
000000
000000
000000
000000
000000
000000
000000
000000
000000
000000
000000
000000
000000
000000
000000
000000
000000
000000
000000
000000
000000
000000
000000
000000
000000
000000
000000
000000
000000
000000
000000
000000
000000
000000
000000
000000
000000
000000
000000
000000
000000
000000
000000
000000
000000
000000
000000
000000
000000
000000
000000
000000
000000
000000
000000
000000
000000
000000
000000
000000
000000
000000
000000
000000
000000
000000
000000
000000
000000
000000
000000
000000
000000
000000
000000
000000
000000
000000
000000
000000
000000
000000
000000
000000
000000
000000
000000
000000
000000
000000
000000
000000
000000
000000
000000
000000
000000
000000
000000
000000
000000
000000
000000
000000
000000
000000
000000
000000
000000
000000
000000
000000
000000
000000
000000
000000
000000
000000
000000
000000
000000
000000
000000
000000
000000
000000
000000
000000
000000
000000
000000
000000
000000
000000
000000
000000
000000
000000
000000
000000
000000
000000
000000
000000
000000
000000
000000
000000
000000
000000
000000
000000
000000
000000
000000
000000
000000
000000
000000
000000
000000
000000
000000
000000
000000
000000
000000
000000
000000
000000
000000
000000
000000
000000
000000
000000
000000
000000
000000
000000
000000
000000
000000
000000
000000
000000
000000
000000
000000
000000
000000
000000
000000
000000
000000
000000
000000
000000
000000
000000
000000
000000
000000
000000
000000
000000
000000
000000
000000
ffffff
ffffff
ffffff
ffffff
ffffff
ffffff
ffffff
ffffff
ffffff
ffffff
ffffff
ffffff
ffffff
ffffff
ffffff
ffffff
ffffff
ffffff
ffffff
ffffff
ffffff
ffffff
ffffff
ffffff
ffffff
ffffff
ffffff
ffffff
ffffff
ffffff
ffffff
ffffff
ffffff
ffffff
ffffff
ffffff
ffffff
ffffff
ffffff
ffffff
ffffff
ffffff
ffffff
ffffff
ffffff
ffffff
ffffff
ffffff
ffffff
ffffff
ffffff
ffffff
ffffff
ffffff
ffffff
ffffff
ffffff
ffffff
ffffff
ffffff
ffffff
ffffff
ffffff
ffffff
ffffff
ffffff
ffffff
ffffff
ffffff
ffffff
ffffff
ffffff
ffffff
ffffff
ffffff
ffffff
ffffff
ffffff
ffffff
ffffff
ffffff
ffffff
ffffff
ffffff
ffffff
ffffff
ffffff
ffffff
ffffff
ffffff
ffffff
ffffff
ffffff
ffffff
ffffff
ffffff
ffffff
ffffff
ffffff
ffffff
ffffff
ffffff
ffffff
ffffff
ffffff
ffffff
ffffff
ffffff
ffffff
ffffff
ffffff
ffffff
ffffff
ffffff
ffffff
ffffff
ffffff
ffffff
ffffff
ffffff
ffffff
ffffff
ffffff
ffffff
ffffff
ffffff
ffffff
ffffff
ffffff
ffffff
ffffff
ffffff
ffffff
ffffff
ffffff
ffffff
ffffff
ffffff
ffffff
ffffff
ffffff
ffffff
ffffff
ffffff
ffffff
ffffff
ffffff
ffffff
ffffff
ffffff
ffffff
ffffff
ffffff
ffffff
ffffff
ffffff
ffffff
ffffff
ffffff
ffffff
ffffff
ffffff
ffffff
ffffff
ffffff
ffffff
ffffff
ffffff
ffffff
ffffff
ffffff
ffffff
ffffff
ffffff
ffffff
ffffff
ffffff
ffffff
ffffff
ffffff
ffffff
ffffff
ffffff
ffffff
ffffff
ffffff
ffffff
ffffff
ffffff
ffffff
ffffff
ffffff
ffffff
ffffff
ffffff
ffffff
ffffff
ffffff
ffffff
ffffff
ffffff
ffffff
ffffff
ffffff
ffffff
ffffff
ffffff
ffffff
ffffff
ffffff
ffffff
ffffff
ffffff
ffffff
ffffff
ffffff
ffffff
ffffff
ffffff
ffffff
ffffff
ffffff
ffffff
ffffff
ffffff
ffffff
ffffff
ffffff
ffffff
ffffff
ffffff
ffffff
ffffff
ffffff
ffffff
ffffff
ffffff
ffffff
ffffff
ffffff
ffffff
ffffff
ffffff
ffffff
ffffff
ffffff
ffffff
ffffff
ffffff
ffffff
ffffff
ffffff
ffffff
ffffff
ffffff
ffffff
ffffff
ffffff
ffffff
ffffff
ffffff
ffffff
ffffff
ffffff
ffffff
ffffff
ffffff
ffffff
ffffff
ffffff
ffffff
ffffff
ffffff
ffffff
ffffff
ffffff
ffffff
ffffff
ffffff
ffffff
ffffff
ffffff
ffffff
ffffff
ffffff
ffffff
ffffff
ffffff
ffffff
ffffff
ffffff
ffffff
ffffff
ffffff
ffffff
ffffff
ffffff
ffffff
ffffff
ffffff
ffffff
ffffff
ffffff
ffffff
ffffff
ffffff
ffffff
ffffff
ffffff
ffffff
ffffff
ffffff
ffffff
ffffff
ffffff
ffffff
ffffff
ffffff
ffffff
ffffff
ffffff
ffffff
ffffff
ffffff
ffffff
ffffff
ffffff
ffffff
ffffff
ffffff
ffffff
ffffff
ffffff
ffffff
ffffff
ffffff
ffffff
ffffff
ffffff
ffffff
ffffff
ffffff
ffffff
ffffff
ffffff
ffffff
ffffff
ffffff
ffffff
ffffff
ffffff
ffffff
ffffff
ffffff
ffffff
ffffff
ffffff
ffffff
ffffff
ffffff
ffffff
ffffff
ffffff
ffffff
ffffff
ffffff
ffffff
ffffff
ffffff
ffffff
ffffff
ffffff
ffffff
ffffff
ffffff
ffffff
ffffff
ffffff
ffffff
ffffff
ffffff
ffffff
ffffff
ffffff
ffffff
ffffff
ffffff
ffffff
ffffff
ffffff
ffffff
ffffff
ffffff
ffffff
ffffff
ffffff
ffffff
ffffff
ffffff
ffffff
ffffff
ffffff
ffffff
ffffff
ffffff
ffffff
ffffff
ffffff
ffffff
ffffff
ffffff
ffffff
ffffff
ffffff
ffffff
ffffff
ffffff
ffffff
ffffff
ffffff
ffffff
ffffff
ffffff
ffffff
ffffff
ffffff
ffffff
ffffff
ffffff
ffffff
ffffff
ffffff
ffffff
ffffff
ffffff
ffffff
ffffff
ffffff
ffffff
ffffff
ffffff
ffffff
ffffff
ffffff
ffffff
ffffff
ffffff
ffffff
ffffff
ffffff
ffffff
ffffff
ffffff
ffffff
ffffff
ffffff
ffffff
ffffff
ffffff
ffffff
ffffff
ffffff
ffffff
ffffff
ffffff
ffffff
ffffff
ffffff
ffffff
ffffff
ffffff
ffffff
ffffff
ffffff
ffffff
ffffff
ffffff
ffffff
ffffff
ffffff
ffffff
ffffff
ffffff
ffffff
ffffff
ffffff
ffffff
ffffff
ffffff
ffffff
ffffff
ffffff
ffffff
ffffff
ffffff
ffffff
ffffff
ffffff
ffffff
ffffff
ffffff
ffffff
ffffff
ffffff
ffffff
ffffff
ffffff
ffffff
ffffff
ffffff
ffffff
ffffff
ffffff
ffffff
ffffff
ffffff
ffffff
ffffff
ffffff
ffffff
ffffff
ffffff
ffffff
ffffff
ffffff
ffffff
ffffff
ffffff
ffffff
ffffff
ffffff
ffffff
ffffff
ffffff
ffffff
ffffff
ffffff
ffffff
ffffff
ffffff
ffffff
ffffff
ffffff
ffffff
ffffff
ffffff
ffffff
ffffff
ffffff
ffffff
ffffff
ffffff
ffffff
ffffff
ffffff
ffffff
ffffff
ffffff
ffffff
ffffff
ffffff
ffffff
ffffff
ffffff
ffffff
ffffff
ffffff
ffffff
ffffff
ffffff
ffffff
ffffff
ffffff
ffffff
ffffff
ffffff
ffffff
ffffff
ffffff
ffffff
ffffff
ffffff
ffffff
ffffff
ffffff
ffffff
ffffff
ffffff
ffffff
ffffff
ffffff
ffffff
ffffff
ffffff
ffffff
ffffff
ffffff
ffffff
ffffff
ffffff
ffffff
ffffff
ffffff
ffffff
ffffff
ffffff
ffffff
ffffff
ffffff
ffffff
ffffff
ffffff
ffffff
ffffff
ffffff
ffffff
ffffff
ffffff
ffffff
ffffff
ffffff
ffffff
ffffff
ffffff
ffffff
ffffff
ffffff
ffffff
ffffff
ffffff
ffffff
ffffff
ffffff
ffffff
ffffff
ffffff
ffffff
ffffff
ffffff
ffffff
ffffff
ffffff
ffffff
ffffff
ffffff
ffffff
ffffff
ffffff
ffffff
ffffff
ffffff
ffffff
ffffff
ffffff
ffffff
ffffff
ffffff
ffffff
ffffff
ffffff
ffffff
ffffff
ffffff
ffffff
ffffff
ffffff
ffffff
ffffff
ffffff
ffffff
ffffff
ffffff
ffffff
ffffff
ffffff
ffffff
ffffff
ffffff
ffffff
ffffff
ffffff
ffffff
ffffff
ffffff
ffffff
ffffff
ffffff
ffffff
ffffff
ffffff
ffffff
ffffff
ffffff
ffffff
ffffff
ffffff
ffffff
ffffff
ffffff
ffffff
ffffff
ffffff
ffffff
ffffff
ffffff
ffffff
ffffff
ffffff
ffffff
ffffff
ffffff
ffffff
ffffff
ffffff
ffffff
ffffff
ffffff
ffffff
ffffff
ffffff
ffffff
ffffff
ffffff
ffffff
ffffff
ffffff
ffffff
ffffff
ffffff
ffffff
ffffff
ffffff
ffffff
ffffff
ffffff
ffffff
ffffff
ffffff
ffffff
ffffff
ffffff
ffffff
ffffff
ffffff
ffffff
ffffff
ffffff
ffffff
ffffff
ffffff
ffffff
ffffff
ffffff
ffffff
ffffff
ffffff
ffffff
ffffff
ffffff
ffffff
ffffff
ffffff
ffffff
ffffff
ffffff
ffffff
ffffff
ffffff
000000
000000
000000
000000
000000
000000
000000
000000
000000
000000
000000
000000
000000
000000
000000
000000
ffffff
ffffff
ffffff
ffffff
ffffff
ffffff
ffffff
ffffff
ffffff
ffffff
ffffff
ffffff
ffffff
ffffff
ffffff
ffffff
000000
000000
000000
000000
000000
000000
000000
000000
000000
000000
000000
000000
000000
000000
000000
000000
ffffff
ffffff
ffffff
ffffff
ffffff
ffffff
ffffff
ffffff
ffffff
ffffff
ffffff
ffffff
ffffff
ffffff
ffffff
ffffff
000000
000000
000000
000000
000000
000000
000000
000000
000000
000000
000000
000000
000000
000000
000000
000000
ffffff
ffffff
ffffff
ffffff
ffffff
ffffff
ffffff
ffffff
ffffff
ffffff
ffffff
ffffff
ffffff
ffffff
ffffff
ffffff
000000
000000
000000
000000
000000
000000
000000
000000
000000
000000
000000
000000
000000
000000
000000
000000
ffffff
ffffff
ffffff
ffffff
ffffff
ffffff
ffffff
ffffff
ffffff
ffffff
ffffff
ffffff
ffffff
ffffff
ffffff
ffffff
000000
000000
000000
000000
000000
000000
000000
000000
000000
000000
000000
000000
000000
000000
000000
000000
ffffff
ffffff
ffffff
ffffff
ffffff
ffffff
ffffff
ffffff
ffffff
ffffff
ffffff
ffffff
ffffff
ffffff
ffffff
ffffff
000000
000000
000000
000000
000000
000000
000000
000000
000000
000000
000000
000000
000000
000000
000000
000000
ffffff
ffffff
ffffff
ffffff
ffffff
ffffff
ffffff
ffffff
ffffff
ffffff
ffffff
ffffff
ffffff
ffffff
ffffff
ffffff
000000
000000
000000
000000
000000
000000
000000
000000
000000
000000
000000
000000
000000
000000
000000
000000
ffffff
ffffff
ffffff
ffffff
ffffff
ffffff
ffffff
ffffff
ffffff
ffffff
ffffff
ffffff
ffffff
ffffff
ffffff
ffffff
000000
000000
000000
000000
000000
000000
000000
000000
000000
000000
000000
000000
000000
000000
000000
000000
ffffff
ffffff
ffffff
ffffff
ffffff
ffffff
ffffff
ffffff
ffffff
ffffff
ffffff
ffffff
ffffff
ffffff
ffffff
ffffff
000000
000000
000000
000000
000000
000000
000000
000000
000000
000000
000000
000000
000000
000000
000000
000000
ffffff
ffffff
ffffff
ffffff
ffffff
ffffff
ffffff
ffffff
ffffff
ffffff
ffffff
ffffff
ffffff
ffffff
ffffff
ffffff
000000
000000
000000
000000
000000
000000
000000
000000
000000
000000
000000
000000
000000
000000
000000
000000
ffffff
ffffff
ffffff
ffffff
ffffff
ffffff
ffffff
ffffff
ffffff
ffffff
ffffff
ffffff
ffffff
ffffff
ffffff
ffffff
000000
000000
000000
000000
000000
000000
000000
000000
000000
000000
000000
000000
000000
000000
000000
000000
ffffff
ffffff
ffffff
ffffff
ffffff
ffffff
ffffff
ffffff
ffffff
ffffff
ffffff
ffffff
ffffff
ffffff
ffffff
ffffff
000000
000000
000000
000000
000000
000000
000000
000000
000000
000000
000000
000000
000000
000000
000000
000000
ffffff
ffffff
ffffff
ffffff
ffffff
ffffff
ffffff
ffffff
ffffff
ffffff
ffffff
ffffff
ffffff
ffffff
ffffff
ffffff
000000
000000
000000
000000
000000
000000
000000
000000
000000
000000
000000
000000
000000
000000
000000
000000
ffffff
ffffff
ffffff
ffffff
ffffff
ffffff
ffffff
ffffff
ffffff
ffffff
ffffff
ffffff
ffffff
ffffff
ffffff
ffffff
000000
000000
000000
000000
000000
000000
000000
000000
000000
000000
000000
000000
000000
000000
000000
000000
ffffff
ffffff
ffffff
ffffff
ffffff
ffffff
ffffff
ffffff
ffffff
ffffff
ffffff
ffffff
ffffff
ffffff
ffffff
ffffff
000000
000000
000000
000000
000000
000000
000000
000000
000000
000000
000000
000000
000000
000000
000000
000000
ffffff
ffffff
ffffff
ffffff
ffffff
ffffff
ffffff
ffffff
ffffff
ffffff
ffffff
ffffff
ffffff
ffffff
ffffff
ffffff
000000
000000
000000
000000
000000
000000
000000
000000
000000
000000
000000
000000
000000
000000
000000
000000
ffffff
ffffff
ffffff
ffffff
ffffff
ffffff
ffffff
ffffff
ffffff
ffffff
ffffff
ffffff
ffffff
ffffff
ffffff
ffffff
000000
000000
000000
000000
000000
000000
000000
000000
000000
000000
000000
000000
000000
000000
000000
000000
ffffff
ffffff
ffffff
ffffff
ffffff
ffffff
ffffff
ffffff
ffffff
ffffff
ffffff
ffffff
ffffff
ffffff
ffffff
ffffff
000000
000000
000000
000000
000000
000000
000000
000000
000000
000000
000000
000000
000000
000000
000000
000000
ffffff
ffffff
ffffff
ffffff
ffffff
ffffff
ffffff
ffffff
ffffff
ffffff
ffffff
ffffff
ffffff
ffffff
ffffff
ffffff
000000
000000
000000
000000
000000
000000
000000
000000
000000
000000
000000
000000
000000
000000
000000
000000
ffffff
ffffff
ffffff
ffffff
ffffff
ffffff
ffffff
ffffff
ffffff
ffffff
ffffff
ffffff
ffffff
ffffff
ffffff
ffffff
000000
000000
000000
000000
000000
000000
000000
000000
000000
000000
000000
000000
000000
000000
000000
000000
ffffff
ffffff
ffffff
ffffff
ffffff
ffffff
ffffff
ffffff
ffffff
ffffff
ffffff
ffffff
ffffff
ffffff
ffffff
ffffff
000000
000000
000000
000000
000000
000000
000000
000000
000000
000000
000000
000000
000000
000000
000000
000000
ffffff
ffffff
ffffff
ffffff
ffffff
ffffff
ffffff
ffffff
ffffff
ffffff
ffffff
ffffff
ffffff
ffffff
ffffff
ffffff
000000
000000
000000
000000
000000
000000
000000
000000
000000
000000
000000
000000
000000
000000
000000
000000
ffffff
ffffff
ffffff
ffffff
ffffff
ffffff
ffffff
ffffff
ffffff
ffffff
ffffff
ffffff
ffffff
ffffff
ffffff
ffffff
000000
000000
000000
000000
000000
000000
000000
000000
000000
000000
000000
000000
000000
000000
000000
000000
ffffff
ffffff
ffffff
ffffff
ffffff
ffffff
ffffff
ffffff
ffffff
ffffff
ffffff
ffffff
ffffff
ffffff
ffffff
ffffff
000000
000000
000000
000000
000000
000000
000000
000000
000000
000000
000000
000000
000000
000000
000000
000000
ffffff
ffffff
ffffff
ffffff
ffffff
ffffff
ffffff
ffffff
ffffff
ffffff
ffffff
ffffff
ffffff
ffffff
ffffff
ffffff
000000
000000
000000
000000
000000
000000
000000
000000
000000
000000
000000
000000
000000
000000
000000
000000
000000
000000
000000
000000
000000
000000
000000
000000
000000
000000
000000
000000
000000
000000
000000
000000
000000
000000
000000
000000
000000
000000
000000
000000
000000
000000
000000
000000
000000
000000
000000
000000
000000
000000
000000
000000
000000
000000
000000
000000
000000
000000
000000
000000
000000
000000
000000
000000
000000
000000
000000
000000
000000
000000
000000
000000
000000
000000
000000
000000
000000
000000
000000
000000
000000
000000
000000
000000
000000
000000
000000
000000
000000
000000
000000
000000
000000
000000
000000
000000
000000
000000
000000
000000
000000
000000
000000
000000
000000
000000
000000
000000
000000
000000
000000
000000
000000
000000
000000
000000
000000
000000
000000
000000
000000
000000
000000
000000
000000
000000
000000
000000
000000
000000
000000
000000
000000
000000
000000
000000
000000
000000
000000
000000
000000
000000
000000
000000
000000
000000
000000
000000
000000
000000
000000
000000
000000
000000
000000
000000
000000
000000
000000
000000
000000
000000
000000
000000
000000
000000
000000
000000
000000
000000
000000
000000
000000
000000
000000
000000
000000
000000
000000
000000
000000
000000
000000
000000
000000
000000
000000
000000
000000
000000
000000
000000
000000
000000
000000
000000
000000
000000
000000
000000
000000
000000
000000
000000
000000
000000
000000
000000
000000
000000
000000
000000
000000
000000
000000
000000
000000
000000
000000
000000
000000
000000
000000
000000
000000
000000
000000
000000
000000
000000
000000
000000
000000
000000
000000
000000
000000
000000
000000
000000
000000
000000
000000
000000
000000
000000
000000
000000
000000
000000
000000
000000
000000
000000
000000
000000
000000
000000
000000
000000
000000
000000
000000
000000
000000
000000
000000
000000
000000
000000
000000
000000
000000
000000
000000
000000
000000
000000
000000
000000
000000
000000
000000
000000
000000
000000
000000
000000
000000
000000
000000
000000
000000
000000
000000
000000
000000
000000
000000
000000
000000
000000
000000
000000
000000
000000
000000
000000
000000
000000
000000
000000
000000
000000
000000
000000
000000
000000
000000
000000
000000
000000
000000
000000
000000
000000
000000
000000
000000
000000
000000
000000
000000
000000
000000
000000
000000
000000
000000
000000
000000
000000
000000
000000
000000
000000
000000
000000
000000
000000
000000
000000
000000
000000
000000
000000
000000
000000
000000
000000
000000
000000
000000
000000
000000
000000
000000
000000
000000
000000
000000
000000
000000
000000
000000
000000
000000
000000
000000
000000
000000
000000
000000
000000
ffffff
ffffff
ffffff
ffffff
ffffff
ffffff
ffffff
ffffff
ffffff
ffffff
ffffff
ffffff
ffffff
ffffff
ffffff
ffffff
ffffff
ffffff
ffffff
ffffff
ffffff
ffffff
ffffff
ffffff
ffffff
ffffff
ffffff
ffffff
ffffff
ffffff
ffffff
ffffff
ffffff
ffffff
ffffff
ffffff
ffffff
ffffff
ffffff
ffffff
ffffff
ffffff
ffffff
ffffff
ffffff
ffffff
ffffff
ffffff
ffffff
ffffff
ffffff
ffffff
ffffff
ffffff
ffffff
ffffff
ffffff
ffffff
ffffff
ffffff
ffffff
ffffff
ffffff
ffffff
ffffff
ffffff
ffffff
ffffff
ffffff
ffffff
ffffff
ffffff
ffffff
ffffff
ffffff
ffffff
ffffff
ffffff
ffffff
ffffff
ffffff
ffffff
ffffff
ffffff
ffffff
ffffff
ffffff
ffffff
ffffff
ffffff
ffffff
ffffff
ffffff
ffffff
ffffff
ffffff
ffffff
ffffff
ffffff
ffffff
ffffff
ffffff
ffffff
ffffff
ffffff
ffffff
ffffff
ffffff
ffffff
ffffff
ffffff
ffffff
ffffff
ffffff
ffffff
ffffff
ffffff
ffffff
ffffff
ffffff
ffffff
ffffff
ffffff
ffffff
ffffff
ffffff
ffffff
ffffff
ffffff
ffffff
ffffff
ffffff
ffffff
ffffff
ffffff
ffffff
ffffff
ffffff
ffffff
ffffff
ffffff
ffffff
ffffff
ffffff
ffffff
ffffff
ffffff
ffffff
ffffff
ffffff
ffffff
ffffff
ffffff
ffffff
ffffff
ffffff
ffffff
ffffff
ffffff
ffffff
ffffff
ffffff
ffffff
ffffff
ffffff
ffffff
ffffff
ffffff
ffffff
ffffff
ffffff
ffffff
ffffff
ffffff
ffffff
ffffff
ffffff
ffffff
ffffff
ffffff
ffffff
ffffff
ffffff
ffffff
ffffff
ffffff
ffffff
ffffff
ffffff
ffffff
ffffff
ffffff
ffffff
ffffff
ffffff
ffffff
ffffff
ffffff
ffffff
ffffff
ffffff
ffffff
ffffff
ffffff
ffffff
ffffff
ffffff
ffffff
ffffff
ffffff
ffffff
ffffff
ffffff
ffffff
ffffff
ffffff
ffffff
ffffff
ffffff
ffffff
ffffff
ffffff
ffffff
ffffff
ffffff
ffffff
ffffff
ffffff
ffffff
ffffff
ffffff
ffffff
ffffff
ffffff
ffffff
ffffff
ffffff
ffffff
ffffff
ffffff
ffffff
ffffff
ffffff
ffffff
ffffff
ffffff
ffffff
ffffff
ffffff
ffffff
ffffff
ffffff
ffffff
ffffff
ffffff
ffffff
ffffff
ffffff
ffffff
ffffff
ffffff
ffffff
ffffff
ffffff
ffffff
ffffff
ffffff
ffffff
ffffff
ffffff
ffffff
ffffff
ffffff
ffffff
ffffff
ffffff
ffffff
ffffff
ffffff
ffffff
ffffff
ffffff
ffffff
ffffff
ffffff
ffffff
ffffff
ffffff
ffffff
ffffff
ffffff
ffffff
ffffff
ffffff
ffffff
ffffff
ffffff
ffffff
ffffff
ffffff
ffffff
ffffff
ffffff
ffffff
ffffff
ffffff
ffffff
ffffff
ffffff
ffffff
ffffff
ffffff
ffffff
ffffff
ffffff
ffffff
ffffff
ffffff
ffffff
ffffff
ffffff
ffffff
ffffff
ffffff
ffffff
ffffff
ffffff
ffffff
ffffff
ffffff
ffffff
ffffff
ffffff
ffffff
ffffff
ffffff
ffffff
ffffff
ffffff
ffffff
ffffff
ffffff
ffffff
ffffff
ffffff
ffffff
ffffff
ffffff
ffffff
ffffff
ffffff
ffffff
ffffff
ffffff
ffffff
ffffff
ffffff
ffffff
ffffff
ffffff
ffffff
ffffff
ffffff
ffffff
ffffff
ffffff
ffffff
ffffff
ffffff
ffffff
ffffff
ffffff
ffffff
ffffff
ffffff
ffffff
ffffff
ffffff
ffffff
ffffff
ffffff
ffffff
ffffff
ffffff
000000
000000
000000
000000
000000
000000
000000
000000
000000
000000
000000
000000
000000
000000
000000
000000
000000
000000
000000
000000
000000
000000
000000
000000
000000
000000
000000
000000
000000
000000
000000
000000
000000
000000
000000
000000
000000
000000
000000
000000
000000
000000
000000
000000
000000
000000
000000
000000
000000
000000
000000
000000
000000
000000
000000
000000
000000
000000
000000
000000
000000
000000
000000
000000
000000
000000
000000
000000
000000
000000
000000
000000
000000
000000
000000
000000
000000
000000
000000
000000
000000
000000
000000
000000
000000
000000
000000
000000
000000
000000
000000
000000
000000
000000
000000
000000
000000
000000
000000
000000
000000
000000
000000
000000
000000
000000
000000
000000
000000
000000
000000
000000
000000
000000
000000
000000
000000
000000
000000
000000
000000
000000
000000
000000
000000
000000
000000
000000
000000
000000
000000
000000
000000
000000
000000
000000
000000
000000
000000
000000
000000
000000
000000
000000
000000
000000
000000
000000
000000
000000
000000
000000
000000
000000
000000
000000
000000
000000
000000
000000
000000
000000
000000
000000
000000
000000
000000
000000
000000
000000
000000
000000
000000
000000
000000
000000
000000
000000
000000
000000
000000
000000
000000
000000
000000
000000
000000
000000
000000
000000
000000
000000
000000
000000
000000
000000
000000
000000
000000
000000
000000
000000
000000
000000
000000
000000
000000
000000
000000
000000
000000
000000
000000
000000
000000
000000
000000
000000
000000
000000
000000
000000
000000
000000
000000
000000
000000
000000
000000
000000
000000
000000
000000
000000
000000
000000
000000
000000
000000
000000
000000
000000
000000
000000
000000
000000
000000
000000
000000
000000
000000
000000
000000
000000
000000
000000
000000
000000
000000
000000
000000
000000
000000
000000
000000
000000
000000
000000
000000
000000
000000
000000
000000
000000
000000
000000
000000
000000
000000
000000
000000
000000
000000
000000
000000
000000
000000
000000
000000
000000
000000
000000
000000
000000
000000
000000
000000
000000
000000
000000
000000
000000
000000
000000
000000
000000
000000
000000
000000
000000
000000
000000
000000
000000
000000
000000
000000
000000
000000
000000
000000
000000
000000
000000
000000
000000
000000
000000
000000
000000
000000
000000
000000
000000
000000
000000
000000
000000
000000
000000
000000
000000
000000
000000
000000
000000
000000
000000
000000
000000
000000
000000
000000
000000
000000
000000
000000
000000
000000
000000
000000
000000
000000
000000
000000
000000
000000
000000
000000
000000
000000
000000
000000
000000
000000
000000
000000
000000
000000
000000
000000
000000
000000
000000
000000
000000
000000
000000
000000
000000
000000
000000
000000
000000
000000
000000
000000
000000
000000
000000
ffffff
000000
000000
000000
000000
000000
000000
000000
000000
000000
000000
000000
000000
000000
000000
000000
000000
000000
000000
000000
000000
000000
000000
000000
000000
000000
000000
000000
000000
000000
000000
000000
000000
000000
000000
000000
000000
000000
000000
000000
000000
000000
000000
000000
000000
000000
000000
000000
000000
000000
000000
000000
000000
000000
000000
000000
000000
000000
000000
000000
000000
000000
000000
000000
000000
000000
000000
000000
000000
000000
000000
000000
000000
000000
000000
000000
000000
000000
000000
000000
000000
000000
000000
000000
000000
000000
000000
000000
000000
000000
000000
000000
000000
000000
000000
000000
000000
000000
000000
000000
000000
000000
000000
000000
000000
000000
000000
000000
000000
000000
000000
000000
000000
000000
000000
000000
000000
000000
000000
000000
000000
000000
000000
000000
000000
000000
000000
000000
000000
000000
000000
000000
000000
000000
000000
000000
000000
000000
000000
000000
000000
000000
000000
000000
000000
000000
000000
000000
000000
000000
000000
000000
000000
000000
000000
000000
000000
000000
000000
000000
000000
000000
000000
000000
000000
000000
000000
000000
000000
000000
000000
000000
000000
000000
000000
000000
000000
000000
000000
000000
000000
000000
000000
000000
000000
000000
000000
000000
000000
000000
000000
000000
000000
000000
000000
000000
000000
000000
000000
000000
000000
000000
000000
000000
000000
000000
000000
000000
000000
000000
000000
000000
000000
000000
000000
000000
000000
000000
000000
000000
000000
000000
000000
000000
000000
000000
000000
000000
000000
000000
000000
000000
000000
000000
000000
000000
000000
000000
000000
000000
000000
000000
000000
000000
000000
000000
000000
000000
000000
000000
000000
000000
000000
000000
000000
000000
000000
000000
000000
000000
000000
000000
000000
000000
000000
000000
000000
000000
000000
000000
000000
000000
000000
000000
000000
000000
000000
000000
000000
000000
000000
000000
000000
000000
000000
000000
000000
000000
000000
000000
000000
000000
000000
000000
000000
000000
000000
000000
000000
000000
000000
000000
000000
000000
000000
000000
000000
000000
000000
000000
000000
000000
000000
000000
000000
000000
000000
000000
000000
000000
000000
000000
000000
000000
000000
000000
000000
000000
000000
000000
000000
000000
000000
000000
000000
000000
000000
000000
000000
000000
000000
000000
000000
000000
000000
000000
000000
000000
000000
000000
000000
000000
000000
000000
000000
000000
000000
000000
000000
000000
000000
000000
000000
000000
000000
000000
000000
000000
8f7caa
105b48
6d94e6
307767
e38853
b42154
643dac
abc427
1052a6
ece6f9
0ee6b6
851f1d
cdf961
320000
1d8f59
606b80
8a6b5a
0ccdcd
799e17
f6453c
93a57e
abd5b6
588ac7
6a8792
5be02d
7094c2
3381cf
7b5c19
559e14
b622d6
80c356
d9bd50
00cdab
04f4b4
b23acc
18101f
776dda
7c7259
0051b5
f4a84f
d8182e
dbc81d
085d2c
2e49e6
b9215b
a5cc82
5696c5
41eee1
2e46c9
204bf4
b601ab
bd4e67
361e01
2e964d
6a5a70
084014
8e7d63
44a835
321661
e93b26
179579
5159e5
ae2c50
3329bc
50fc49
31a3b7
51a848
abe597
2e8550
5ed244
be2c3a
b3ad9e
876e99
829b70
6cb021
73ded5
00ba56
67182c
decc39
8474ee
0a09af
cbd504
09e8ee
72633b
6828c6
cbeea3
3d28d0
fd354a
dd1f08
be44da
2068aa
9e4e9a
9790df
05fdcc
48b5bc
f60948
d67c83
ccc2f6
c71e28
dcf567
3bf8c0
c30f50
045ffe
c3239f
5af04b
ed764a
9c2094
204c0a
8c8d33
ce1c15
984c4a
7b14a9
1e1b6b
3c368f
bb393d
9b1ad6
09b240
039575
ef97b0
4d7756
e6d4cc
b805f3
babf2d
6c4a3b
5d1cff
82dda1
0926e1
f55eb9
299091
e75ce7
f579b5
7181bc
d5e848
af53d6
a8fa34
36b2d9
e0f5b0
4b1980
2d5667
4eb3e9
c3dccb
64285f
ca6741
3ff917
f30a5a
a34cec
463a9f
559cb3
231a7e
923b42
c383cc
d89676
f7ac76
8a4b3f
4c44cb
73c7ce
de9519
f40acb
330362
c015f6
df659f
a04612
40fa8e
4e3459
7ba1ec
a381d6
5f2d1d
282cf7
ce0a11
395755
40b450
5a079a
89892a
996872
376c52
daacf6
19000f
2e2d35
1ba7cd
92088f
db0f7d
aecd06
01644e
363e35
1e8b9c
f63752
f543ee
310f45
8a2dad
a557cf
736b2a
50e684
096ccb
5b8588
d3d4b5
aa428c
f63b50
d8f943
3a62c8
c3d666
9e3ae9
2e0f17
c71cfd
134ef2
3bca07
724deb
35d94c
1f34fd
befac2
81dbe2
9792fd
8664b4
099014
15fe61
4471f5
2397bd
7897b5
8a89f9
d754bc
5bd05e
054ddb
994a01
68fff0
f5eec9
3a34a3
79e482
86461b
8757f0
e9e161
9c5d79
bba71f
c0473e
3d1658
63ab16
ab28a1
982ec6
ee8e15
7ca712
d09896
4f51cb
ef5e47
82fd37
c206b5
dd9396
ce169d
0bd32c
fa70f6
fd40c0
fb2cd5
e8af9e
b772bf
fd882c
98d8e8
75e5cc
034b2a
ea1ec4
228bc9
dbb9c0
8fa44d
aaf638
155453
5a537d
291087
d413c0
9a9b93
0877d7
e48048
8564c4
dfdfbd
a238c9
b66b86
72eadc
a5dacf
d81282
9c95c6
43a4b9
0c266d
6bd126
bc3b2a
a58128
176f95
9b0255
1d3bdc
3dec69
5da299
f8bbfc
4d4bd8
90fc1c
99b21b
bd6a07
fd873b
047362
591c16
5c8377
f0de78
b63cef
f9976f
fbd47e
1528a1
35f94a
6a36f2
2de96d
a09bb2
7565e1
4196e1
466311
7ab63e
76286c
b1385a
64b23c
0a4bca
bb82ef
fd354c
8abb28
367c5c
22ade4
5931f0
d1af45
c78e2a
3c348f
2e6781
ae5cca
3503ee
f88dec
c10ebe
4e4bb2
336ade
9e2322
274c17
d7b9ed
15a58b
07c31f
5c3fd1
595922
0f9142
fcc5b6
7b3cca
d034d3
11c86d
a0b5c6
8bdc11
932e3b
7ea780
989310
3bc323
bf1c80
dd64e4
3a9bb8
706ce4
fc1ffb
ee302b
b03fb5
04a401
583ac5
d19a55
389eee
a0fd3b
ba93e7
488587
2b3162
d709e5
48978d
d16c76
b5316d
6c4c2b
09ddc6
0f6b77
72b725
c609d6
f9da33
7b749a
6f8d48
ffa508
e5c3fb
60e6f3
cb1788
62e048
3dd72c
1116c6
63760b
0f1c81
203e90
cf3aa1
60097f
ca0598
be9e4a
d2ac8d
623d70
e42183
128922
81ea7b
6d4206
a94040
159289
a2a552
7a7f5c
a8dcf3
fc5876
b94b98
e6a113
45e203
4bf707
f0f662
017f3c
651f8f
1ab520
acc37d
4e9743
6ff8d2
0f3b8f
3de4e7
a8da6b
982e5d
57863e
9fefde
09b880
cd2380
0df26a
a7f242
f75f6f
bbac68
408aeb
d252ab
9ff2fb
e984a1
a15206
593489
23f7b3
43027b
e3af63
6be28d
9233d9
cc5a1a
4d43a0
c1587f
ea835e
fb782f
2cb7d7
e3080d
077f7b
bfcdc6
dd3c8b
5d7f1c
85e518
e6ce8c
df463c
4ef91d
661ab0
07f99a
1da1d0
c2aba9
9a9f3e
c0eecd
fcfb2a
eb9630
a37411
443817
081fcd
bd43b0
93a267
810045
a369ce
b8f4c2
4e844b
dbf58e
77dfe3
71c2fd
6dbc67
8cdbdf
1bfdc1
75a532
dc16ec
62f39f
cb1f2f
2c16de
f13b2f
74a73c
aa0c80
ef5115
1e9a11
6cedee
c21a06
3c2dbe
d79acf
4e572f
2df08d
518501
6957fa
1b168c
3dc8b2
e8eab2
7ebf09
30d6bc
edb489
cd7b6a
2ca270
0040b8
3d3633
b29b6a
a6b68a
6f8c90
46a29c
6c8e7f
838121
45f07a
987d8f
8db08f
9dd2d0
879759
3e8abf
e183f9
ffcda5
aa508b
37d767
45688e
48ae46
30549f
b072c5
573613
4e753c
f63386
b8220b
d597fe
c557a1
48f537
36b797
a22ef4
88239c
8fe2c2
a304c5
bc151a
778244
a3364c
0975cd
f15bfb
9a14b9
feb1ed
7cdcae
31d272
da4dd9
b87aa1
f10a19
e31ec5
d1163c
40b88a
8ff656
1a29a5
4d2827
14eaf4
05964b
e03fb9
bf12b0
a7bfed
035853
4dff88
227e6d
849349
33b2c9
94e48b
9c8ed5
9734e2
dfd865
cd8e95
ee560c
8934d1
095b9a
0d5ea9
ac5170
c11945
6b942a
6d7cde
21528c
0e4e16
61e112
cdeea7
97a5ec
40ea2e
c91826
a20eba
c8218d
90fc23
78634a
197b23
f168a2
8ccab3
586cba
50df60
5dcfa1
c347fb
a85e6e
709d46
12f1d7
a1ce33
9c5b6f
65bc04
52a5d3
b02700
ec5efb
83623f
4e80a9
d6e216
14f7fe
1e6e29
32113c
c3a4c0
e1ef1f
67ff2a
ef52bd
8bd6e4
d1c9b6
74522b
25c363
4399d6
88430b
88ec38
b53fba
a935c3
ae8b05
790040
b6aed5
743199
3fd499
9f798a
eddd76
f99a63
23d04b
8315c8
b0ec5f
702aab
ae24ff
ff0a34
7dabc2
746dd1
680d8e
72f34a
bab346
d8a9b3
8c9ca4
1e52e2
4bdff3
56ef3f
f73a9a
1252b5
e5ecd6
9d0232
057f52
4550f6
f4c9ad
468ce1
10461c
bc7356
ab145b
a2665b
108378
a6a75b
aab106
400548
e3e29a
7c0bc2
350eaf
872b79
b3cda2
fe7060
3d583a
461905
f067b2
0a46d1
166d86
15d18b
1b09b5
98be51
8a93d5
5796f8
7fdb13
7bd086
1dbc25
512241
a576b7
55a2ed
b7fd82
5ae218
4a1246
0b842c
e742e3
94281e
846212
2be543
a9e6d8
393247
74a38e
726f2f
baa9a1
712195
01bff6
4aa69c
3fa015
41da00
521475
216fed
1e33ba
bf1efb
9ff978
ab9861
f2de8f
af618e
5f4809
20265d
210ea6
cf09e0
bfca5e
2bde12
20430f
956fd0
0b8672
34e0fb
8684dc
6c1b33
df1192
93d383
3609d8
dcd37d
72bcf4
ecf961
2faad5
a0d7c9
dfdeb5
fe6e2c
ef6b79
a28987
38f6c5
a059f6
e5aad2
758930
fd7150
b1879c
95d26a
2f7339
787ae5
9c1fa7
b47110
df4887
0925a2
73d8f1
9c3574
db2b22
548a4b
2227bc
88e065
83a706
6e7735
e0ff3b
8b89f8
4113f7
b3deec
bf920d
5cb0e3
27f5c3
fabad7
4b2cb9
8658f4
2d58ff
bbfe34
738f5c
01ca31
35d687
7773db
ed0d6c
3c1021
503020
503020
503020
503020
d09070
d09070
d09070
d09070
503020
503020
503020
503020
d09070
d09070
d09070
d09070
503020
503020
503020
503020
d09070
d09070
d09070
d09070
503020
503020
503020
503020
d09070
d09070
d09070
d09070
503020
503020
503020
503020
d09070
d09070
d09070
d09070
503020
503020
503020
503020
d09070
d09070
d09070
d09070
503020
503020
503020
503020
d09070
d09070
d09070
d09070
503020
503020
503020
503020
d09070
d09070
d09070
d09070
503020
503020
503020
503020
d09070
d09070
d09070
d09070
503020
503020
503020
503020
d09070
d09070
d09070
d09070
503020
503020
503020
503020
d09070
d09070
d09070
d09070
503020
503020
503020
503020
d09070
d09070
d09070
d09070
503020
503020
503020
503020
d09070
d09070
d09070
d09070
503020
503020
503020
503020
d09070
d09070
d09070
d09070
503020
503020
503020
503020
d09070
d09070
d09070
d09070
503020
503020
503020
503020
d09070
d09070
d09070
d09070
d09070
d09070
d09070
d09070
503020
503020
503020
503020
d09070
d09070
d09070
d09070
503020
503020
503020
503020
d09070
d09070
d09070
d09070
503020
503020
503020
503020
d09070
d09070
d09070
d09070
503020
503020
503020
503020
d09070
d09070
d09070
d09070
503020
503020
503020
503020
d09070
d09070
d09070
d09070
503020
503020
503020
503020
d09070
d09070
d09070
d09070
503020
503020
503020
503020
d09070
d09070
d09070
d09070
503020
503020
503020
503020
d09070
d09070
d09070
d09070
503020
503020
503020
503020
d09070
d09070
d09070
d09070
503020
503020
503020
503020
d09070
d09070
d09070
d09070
503020
503020
503020
503020
d09070
d09070
d09070
d09070
503020
503020
503020
503020
d09070
d09070
d09070
d09070
503020
503020
503020
503020
d09070
d09070
d09070
d09070
503020
503020
503020
503020
d09070
d09070
d09070
d09070
503020
503020
503020
503020
d09070
d09070
d09070
d09070
503020
503020
503020
503020
503020
503020
503020
503020
d09070
d09070
d09070
d09070
503020
503020
503020
503020
d09070
d09070
d09070
d09070
503020
503020
503020
503020
d09070
d09070
d09070
d09070
503020
503020
503020
503020
d09070
d09070
d09070
d09070
503020
503020
503020
503020
d09070
d09070
d09070
d09070
503020
503020
503020
503020
d09070
d09070
d09070
d09070
503020
503020
503020
503020
d09070
d09070
d09070
d09070
503020
503020
503020
503020
d09070
d09070
d09070
d09070
503020
503020
503020
503020
d09070
d09070
d09070
d09070
503020
503020
503020
503020
d09070
d09070
d09070
d09070
503020
503020
503020
503020
d09070
d09070
d09070
d09070
503020
503020
503020
503020
d09070
d09070
d09070
d09070
503020
503020
503020
503020
d09070
d09070
d09070
d09070
503020
503020
503020
503020
d09070
d09070
d09070
d09070
503020
503020
503020
503020
d09070
d09070
d09070
d09070
503020
503020
503020
503020
d09070
d09070
d09070
d09070
d09070
d09070
d09070
d09070
503020
503020
503020
503020
d09070
d09070
d09070
d09070
503020
503020
503020
503020
d09070
d09070
d09070
d09070
503020
503020
503020
503020
d09070
d09070
d09070
d09070
503020
503020
503020
503020
d09070
d09070
d09070
d09070
503020
503020
503020
503020
d09070
d09070
d09070
d09070
503020
503020
503020
503020
d09070
d09070
d09070
d09070
503020
503020
503020
503020
d09070
d09070
d09070
d09070
503020
503020
503020
503020
d09070
d09070
d09070
d09070
503020
503020
503020
503020
d09070
d09070
d09070
d09070
503020
503020
503020
503020
d09070
d09070
d09070
d09070
503020
503020
503020
503020
d09070
d09070
d09070
d09070
503020
503020
503020
503020
d09070
d09070
d09070
d09070
503020
503020
503020
503020
d09070
d09070
d09070
d09070
503020
503020
503020
503020
d09070
d09070
d09070
d09070
503020
503020
503020
503020
d09070
d09070
d09070
d09070
503020
503020
503020
503020
503020
503020
503020
503020
d09070
d09070
d09070
d09070
503020
503020
503020
503020
d09070
d09070
d09070
d09070
503020
503020
503020
503020
d09070
d09070
d09070
d09070
503020
503020
503020
503020
d09070
d09070
d09070
d09070
503020
503020
503020
503020
d09070
d09070
d09070
d09070
503020
503020
503020
503020
d09070
d09070
d09070
d09070
503020
503020
503020
503020
d09070
d09070
d09070
d09070
503020
503020
503020
503020
d09070
d09070
d09070
d09070
503020
503020
503020
503020
d09070
d09070
d09070
d09070
503020
503020
503020
503020
d09070
d09070
d09070
d09070
503020
503020
503020
503020
d09070
d09070
d09070
d09070
503020
503020
503020
503020
d09070
d09070
d09070
d09070
503020
503020
503020
503020
d09070
d09070
d09070
d09070
503020
503020
503020
503020
d09070
d09070
d09070
d09070
503020
503020
503020
503020
d09070
d09070
d09070
d09070
503020
503020
503020
503020
d09070
d09070
d09070
d09070
d09070
d09070
d09070
d09070
503020
503020
503020
503020
d09070
d09070
d09070
d09070
503020
503020
503020
503020
d09070
d09070
d09070
d09070
503020
503020
503020
503020
d09070
d09070
d09070
d09070
503020
503020
503020
503020
d09070
d09070
d09070
d09070
503020
503020
503020
503020
d09070
d09070
d09070
d09070
503020
503020
503020
503020
d09070
d09070
d09070
d09070
503020
503020
503020
503020
d09070
d09070
d09070
d09070
503020
503020
503020
503020
d09070
d09070
d09070
d09070
503020
503020
503020
503020
d09070
d09070
d09070
d09070
503020
503020
503020
503020
d09070
d09070
d09070
d09070
503020
503020
503020
503020
d09070
d09070
d09070
d09070
503020
503020
503020
503020
d09070
d09070
d09070
d09070
503020
503020
503020
503020
d09070
d09070
d09070
d09070
503020
503020
503020
503020
d09070
d09070
d09070
d09070
503020
503020
503020
503020
d09070
d09070
d09070
d09070
503020
503020
503020
503020
000000
07000b
0e0016
150021
1c002c
230037
2a0042
31004d
380058
3f0063
46006e
4d0079
540084
5b008f
62009a
6900a5
7000b0
7700bb
7e00c6
8500d1
8c00dc
9300e7
9a00f2
a100fd
a80008
af0013
b6001e
bd0029
c40034
cb003f
d2004a
d90055
000903
07090e
0e0919
150924
1c092f
23093a
2a0945
310950
38095b
3f0966
460971
4d097c
540987
5b0992
62099d
6909a8
7009b3
7709be
7e09c9
8509d4
8c09df
9309ea
9a09f5
a10900
a8090b
af0916
b60921
bd092c
c40937
cb0942
d2094d
d90958
001206
071211
0e121c
151227
1c1232
23123d
2a1248
311253
38125e
3f1269
461274
4d127f
54128a
5b1295
6212a0
6912ab
7012b6
7712c1
7e12cc
8512d7
8c12e2
9312ed
9a12f8
a11203
a8120e
af1219
b61224
bd122f
c4123a
cb1245
d21250
d9125b
001b09
071b14
0e1b1f
151b2a
1c1b35
231b40
2a1b4b
311b56
381b61
3f1b6c
461b77
4d1b82
541b8d
5b1b98
621ba3
691bae
701bb9
771bc4
7e1bcf
851bda
8c1be5
931bf0
9a1bfb
a11b06
a81b11
af1b1c
b61b27
bd1b32
c41b3d
cb1b48
d21b53
d91b5e
00240c
072417
0e2422
15242d
1c2438
232443
2a244e
312459
382464
3f246f
46247a
4d2485
542490
5b249b
6224a6
6924b1
7024bc
7724c7
7e24d2
8524dd
8c24e8
9324f3
9a24fe
a12409
a82414
af241f
b6242a
bd2435
c42440
cb244b
d22456
d92461
002d0f
072d1a
0e2d25
152d30
1c2d3b
232d46
2a2d51
312d5c
382d67
3f2d72
462d7d
4d2d88
542d93
5b2d9e
622da9
692db4
702dbf
772dca
7e2dd5
852de0
8c2deb
932df6
9a2d01
a12d0c
a82d17
af2d22
b62d2d
bd2d38
c42d43
cb2d4e
d22d59
d92d64
003612
07361d
0e3628
153633
1c363e
233649
2a3654
31365f
38366a
3f3675
463680
4d368b
543696
5b36a1
6236ac
6936b7
7036c2
7736cd
7e36d8
8536e3
8c36ee
9336f9
9a3604
a1360f
a8361a
af3625
b63630
bd363b
c43646
cb3651
d2365c
d93667
003f15
073f20
0e3f2b
153f36
1c3f41
233f4c
2a3f57
313f62
383f6d
3f3f78
463f83
4d3f8e
543f99
5b3fa4
623faf
693fba
703fc5
773fd0
7e3fdb
853fe6
8c3ff1
933ffc
9a3f07
a13f12
a83f1d
af3f28
b63f33
bd3f3e
c43f49
cb3f54
d23f5f
d93f6a
004818
074823
0e482e
154839
1c4844
23484f
2a485a
314865
384870
3f487b
464886
4d4891
54489c
5b48a7
6248b2
6948bd
7048c8
7748d3
7e48de
8548e9
8c48f4
9348ff
9a480a
a14815
a84820
af482b
b64836
bd4841
c4484c
cb4857
d24862
d9486d
00511b
075126
0e5131
15513c
1c5147
235152
2a515d
315168
385173
3f517e
465189
4d5194
54519f
5b51aa
6251b5
6951c0
7051cb
7751d6
7e51e1
8551ec
8c51f7
935102
9a510d
a15118
a85123
af512e
b65139
bd5144
c4514f
cb515a
d25165
d95170
005a1e
075a29
0e5a34
155a3f
1c5a4a
235a55
2a5a60
315a6b
385a76
3f5a81
465a8c
4d5a97
545aa2
5b5aad
625ab8
695ac3
705ace
775ad9
7e5ae4
855aef
8c5afa
935a05
9a5a10
a15a1b
a85a26
af5a31
b65a3c
bd5a47
c45a52
cb5a5d
d25a68
d95a73
006321
07632c
0e6337
156342
1c634d
236358
2a6363
31636e
386379
3f6384
46638f
4d639a
5463a5
5b63b0
6263bb
6963c6
7063d1
7763dc
7e63e7
8563f2
8c63fd
936308
9a6313
a1631e
a86329
af6334
b6633f
bd634a
c46355
cb6360
d2636b
d96376
006c24
076c2f
0e6c3a
156c45
1c6c50
236c5b
2a6c66
316c71
386c7c
3f6c87
466c92
4d6c9d
546ca8
5b6cb3
626cbe
696cc9
706cd4
776cdf
7e6cea
856cf5
8c6c00
936c0b
9a6c16
a16c21
a86c2c
af6c37
b66c42
bd6c4d
c46c58
cb6c63
d26c6e
d96c79
007527
077532
0e753d
157548
1c7553
23755e
2a7569
317574
38757f
3f758a
467595
4d75a0
5475ab
5b75b6
6275c1
6975cc
7075d7
7775e2
7e75ed
8575f8
8c7503
93750e
9a7519
a17524
a8752f
af753a
b67545
bd7550
c4755b
cb7566
d27571
d9757c
007e2a
077e35
0e7e40
157e4b
1c7e56
237e61
2a7e6c
317e77
387e82
3f7e8d
467e98
4d7ea3
547eae
5b7eb9
627ec4
697ecf
707eda
777ee5
7e7ef0
857efb
8c7e06
937e11
9a7e1c
a17e27
a87e32
af7e3d
b67e48
bd7e53
c47e5e
cb7e69
d27e74
d97e7f
00872d
078738
0e8743
15874e
1c8759
238764
2a876f
31877a
388785
3f8790
46879b
4d87a6
5487b1
5b87bc
6287c7
6987d2
7087dd
7787e8
7e87f3
8587fe
8c8709
938714
9a871f
a1872a
a88735
af8740
b6874b
bd8756
c48761
cb876c
d28777
d98782
009030
07903b
0e9046
159051
1c905c
239067
2a9072
31907d
389088
3f9093
46909e
4d90a9
5490b4
5b90bf
6290ca
6990d5
7090e0
7790eb
7e90f6
859001
8c900c
939017
9a9022
a1902d
a89038
af9043
b6904e
bd9059
c49064
cb906f
d2907a
d99085
009933
07993e
0e9949
159954
1c995f
23996a
2a9975
319980
38998b
3f9996
4699a1
4d99ac
5499b7
5b99c2
6299cd
6999d8
7099e3
7799ee
7e99f9
859904
8c990f
93991a
9a9925
a19930
a8993b
af9946
b69951
bd995c
c49967
cb9972
d2997d
d99988
00a236
07a241
0ea24c
15a257
1ca262
23a26d
2aa278
31a283
38a28e
3fa299
46a2a4
4da2af
54a2ba
5ba2c5
62a2d0
69a2db
70a2e6
77a2f1
7ea2fc
85a207
8ca212
93a21d
9aa228
a1a233
a8a23e
afa249
b6a254
bda25f
c4a26a
cba275
d2a280
d9a28b
00ab39
07ab44
0eab4f
15ab5a
1cab65
23ab70
2aab7b
31ab86
38ab91
3fab9c
46aba7
4dabb2
54abbd
5babc8
62abd3
69abde
70abe9
77abf4
7eabff
85ab0a
8cab15
93ab20
9aab2b
a1ab36
a8ab41
afab4c
b6ab57
bdab62
c4ab6d
cbab78
d2ab83
d9ab8e
00b43c
07b447
0eb452
15b45d
1cb468
23b473
2ab47e
31b489
38b494
3fb49f
46b4aa
4db4b5
54b4c0
5bb4cb
62b4d6
69b4e1
70b4ec
77b4f7
7eb402
85b40d
8cb418
93b423
9ab42e
a1b439
a8b444
afb44f
b6b45a
bdb465
c4b470
cbb47b
d2b486
d9b491
00bd3f
07bd4a
0ebd55
15bd60
1cbd6b
23bd76
2abd81
31bd8c
38bd97
3fbda2
46bdad
4dbdb8
54bdc3
5bbdce
62bdd9
69bde4
70bdef
77bdfa
7ebd05
85bd10
8cbd1b
93bd26
9abd31
a1bd3c
a8bd47
afbd52
b6bd5d
bdbd68
c4bd73
cbbd7e
d2bd89
d9bd94
00c642
07c64d
0ec658
15c663
1cc66e
23c679
2ac684
31c68f
38c69a
3fc6a5
46c6b0
4dc6bb
54c6c6
5bc6d1
62c6dc
69c6e7
70c6f2
77c6fd
7ec608
85c613
8cc61e
93c629
9ac634
a1c63f
a8c64a
afc655
b6c660
bdc66b
c4c676
cbc681
d2c68c
d9c697
00cf45
07cf50
0ecf5b
15cf66
1ccf71
23cf7c
2acf87
31cf92
38cf9d
3fcfa8
46cfb3
4dcfbe
54cfc9
5bcfd4
62cfdf
69cfea
70cff5
77cf00
7ecf0b
85cf16
8ccf21
93cf2c
9acf37
a1cf42
a8cf4d
afcf58
b6cf63
bdcf6e
c4cf79
cbcf84
d2cf8f
d9cf9a
000000
000000
000000
000000
000000
000000
000000
000000
000000
000000
000000
000000
000000
000000
000000
000000
000000
000000
000000
000000
000000
000000
000000
000000
000000
000000
000000
000000
000000
000000
000000
000000
000000
000000
000000
000000
000000
000000
000000
000000
000000
000000
000000
000000
000000
000000
000000
000000
000000
000000
000000
000000
000000
000000
000000
000000
000000
000000
000000
000000
000000
000000
000000
000000
000000
000000
000000
000000
000000
000000
000000
000000
000000
000000
000000
000000
000000
000000
000000
000000
000000
000000
000000
000000
000000
000000
000000
000000
000000
000000
000000
000000
000000
000000
000000
000000
000000
000000
000000
000000
000000
000000
000000
000000
000000
000000
000000
000000
000000
000000
000000
000000
000000
000000
000000
000000
000000
000000
000000
000000
000000
000000
000000
000000
000000
000000
000000
000000
000000
000000
000000
000000
000000
000000
000000
000000
000000
000000
000000
000000
000000
000000
000000
000000
000000
000000
000000
000000
000000
000000
000000
000000
000000
000000
000000
000000
000000
000000
000000
000000
000000
000000
000000
000000
000000
000000
000000
000000
000000
000000
000000
000000
000000
000000
000000
000000
000000
000000
000000
000000
000000
000000
000000
000000
000000
000000
000000
000000
000000
000000
000000
000000
000000
000000
000000
000000
000000
000000
000000
000000
000000
000000
000000
000000
000000
000000
000000
000000
000000
000000
000000
000000
000000
000000
000000
000000
000000
000000
000000
000000
000000
000000
000000
000000
000000
000000
000000
000000
000000
000000
000000
000000
000000
000000
000000
000000
000000
000000
000000
000000
000000
000000
000000
000000
000000
000000
000000
000000
000000
000000
000000
000000
000000
000000
000000
000000
000000
000000
000000
000000
000000
000000
000000
000000
000000
000000
000000
000000
000000
000000
000000
000000
000000
000000
000000
000000
000000
000000
000000
000000
000000
000000
000000
000000
000000
000000
000000
000000
000000
000000
000000
000000
000000
000000
000000
000000
000000
000000
000000
000000
000000
000000
000000
000000
000000
000000
000000
000000
000000
000000
000000
000000
000000
000000
000000
000000
000000
000000
000000
000000
000000
000000
000000
000000
000000
000000
000000
000000
000000
000000
000000
000000
000000
000000
000000
000000
000000
000000
000000
000000
000000
000000
000000
000000
000000
000000
000000
000000
000000
000000
000000
000000
000000
000000
000000
000000
000000
000000
000000
000000
000000
000000
000000
000000
000000
000000
000000
000000
000000
000000
000000
000000
000000
000000
000000
000000
000000
000000
000000
000000
000000
000000
000000
000000
000000
000000
000000
000000
000000
000000
000000
000000
000000
000000
000000
000000
000000
000000
000000
000000
000000
000000
000000
000000
000000
000000
000000
000000
000000
000000
000000
000000
000000
000000
000000
000000
000000
000000
000000
000000
000000
000000
000000
000000
000000
000000
000000
000000
000000
000000
000000
000000
000000
000000
000000
000000
000000
000000
000000
000000
000000
000000
000000
000000
000000
000000
000000
000000
000000
000000
000000
000000
000000
000000
000000
000000
000000
000000
000000
000000
000000
000000
000000
000000
000000
000000
000000
000000
000000
000000
000000
000000
000000
000000
000000
000000
000000
000000
000000
000000
000000
000000
000000
000000
000000
000000
000000
000000
000000
000000
000000
000000
000000
000000
000000
000000
000000
000000
000000
000000
000000
000000
000000
000000
000000
000000
000000
000000
000000
000000
000000
000000
000000
000000
000000
000000
000000
000000
000000
000000
000000
000000
000000
000000
000000
000000
000000
000000
000000
000000
000000
000000
000000
000000
000000
000000
000000
000000
000000
000000
000000
000000
000000
000000
000000
000000
000000
000000
000000
000000
000000
000000
000000
000000
000000
000000
000000
000000
000000
000000
000000
000000
000000
000000
000000
000000
000000
000000
000000
000000
000000
000000
000000
000000
000000
000000
000000
000000
000000
000000
000000
000000
000000
000000
000000
000000
000000
000000
000000
000000
000000
000000
000000
000000
000000
000000
000000
000000
000000
000000
000000
000000
000000
000000
000000
000000
000000
000000
000000
000000
000000
000000
000000
000000
000000
000000
000000
000000
000000
000000
000000
000000
000000
000000
000000
000000
000000
000000
000000
000000
000000
000000
000000
000000
000000
000000
000000
000000
000000
000000
000000
000000
000000
000000
000000
000000
000000
000000
000000
000000
000000
000000
000000
000000
000000
000000
000000
000000
000000
000000
000000
000000
000000
000000
000000
000000
000000
000000
000000
000000
000000
000000
000000
000000
000000
000000
000000
000000
000000
000000
000000
000000
000000
000000
000000
000000
000000
000000
000000
000000
000000
000000
000000
000000
000000
000000
000000
000000
000000
000000
000000
000000
000000
000000
000000
000000
000000
000000
000000
000000
000000
000000
000000
000000
000000
000000
000000
000000
000000
000000
000000
000000
000000
000000
000000
000000
000000
000000
000000
000000
000000
000000
000000
000000
000000
000000
000000
000000
000000
000000
000000
000000
000000
000000
000000
000000
000000
000000
000000
000000
000000
000000
000000
000000
000000
000000
000000
000000
000000
000000
000000
000000
000000
000000
000000
000000
000000
000000
ffffff
ffffff
ffffff
ffffff
ffffff
ffffff
ffffff
ffffff
ffffff
ffffff
ffffff
ffffff
ffffff
ffffff
ffffff
ffffff
ffffff
ffffff
ffffff
ffffff
ffffff
ffffff
ffffff
ffffff
ffffff
ffffff
ffffff
ffffff
ffffff
ffffff
ffffff
ffffff
ffffff
ffffff
ffffff
ffffff
ffffff
ffffff
ffffff
ffffff
ffffff
ffffff
ffffff
ffffff
ffffff
ffffff
ffffff
ffffff
ffffff
ffffff
ffffff
ffffff
ffffff
ffffff
ffffff
ffffff
ffffff
ffffff
ffffff
ffffff
ffffff
ffffff
ffffff
ffffff
ffffff
ffffff
ffffff
ffffff
ffffff
ffffff
ffffff
ffffff
ffffff
ffffff
ffffff
ffffff
ffffff
ffffff
ffffff
ffffff
ffffff
ffffff
ffffff
ffffff
ffffff
ffffff
ffffff
ffffff
ffffff
ffffff
ffffff
ffffff
ffffff
ffffff
ffffff
ffffff
ffffff
ffffff
ffffff
ffffff
ffffff
ffffff
ffffff
ffffff
ffffff
ffffff
ffffff
ffffff
ffffff
ffffff
ffffff
ffffff
ffffff
ffffff
ffffff
ffffff
ffffff
ffffff
ffffff
ffffff
ffffff
ffffff
ffffff
ffffff
ffffff
ffffff
ffffff
ffffff
ffffff
ffffff
ffffff
ffffff
ffffff
ffffff
ffffff
ffffff
ffffff
ffffff
ffffff
ffffff
ffffff
ffffff
ffffff
ffffff
ffffff
ffffff
ffffff
ffffff
ffffff
ffffff
ffffff
ffffff
ffffff
ffffff
ffffff
ffffff
ffffff
ffffff
ffffff
ffffff
ffffff
ffffff
ffffff
ffffff
ffffff
ffffff
ffffff
ffffff
ffffff
ffffff
ffffff
ffffff
ffffff
ffffff
ffffff
ffffff
ffffff
ffffff
ffffff
ffffff
ffffff
ffffff
ffffff
ffffff
ffffff
ffffff
ffffff
ffffff
ffffff
ffffff
ffffff
ffffff
ffffff
ffffff
ffffff
ffffff
ffffff
ffffff
ffffff
ffffff
ffffff
ffffff
ffffff
ffffff
ffffff
ffffff
ffffff
ffffff
ffffff
ffffff
ffffff
ffffff
ffffff
ffffff
ffffff
ffffff
ffffff
ffffff
ffffff
ffffff
ffffff
ffffff
ffffff
ffffff
ffffff
ffffff
ffffff
ffffff
ffffff
ffffff
ffffff
ffffff
ffffff
ffffff
ffffff
ffffff
ffffff
ffffff
ffffff
ffffff
ffffff
ffffff
ffffff
ffffff
ffffff
ffffff
ffffff
ffffff
ffffff
ffffff
ffffff
ffffff
ffffff
ffffff
ffffff
ffffff
ffffff
ffffff
ffffff
ffffff
ffffff
ffffff
ffffff
ffffff
ffffff
ffffff
ffffff
ffffff
ffffff
ffffff
ffffff
ffffff
ffffff
ffffff
ffffff
ffffff
ffffff
ffffff
ffffff
ffffff
ffffff
ffffff
ffffff
ffffff
ffffff
ffffff
ffffff
ffffff
ffffff
ffffff
ffffff
ffffff
ffffff
ffffff
ffffff
ffffff
ffffff
ffffff
ffffff
ffffff
ffffff
ffffff
ffffff
ffffff
ffffff
ffffff
ffffff
ffffff
ffffff
ffffff
ffffff
ffffff
ffffff
ffffff
ffffff
ffffff
ffffff
ffffff
ffffff
ffffff
ffffff
ffffff
ffffff
ffffff
ffffff
ffffff
ffffff
ffffff
ffffff
ffffff
ffffff
ffffff
ffffff
ffffff
ffffff
ffffff
ffffff
ffffff
ffffff
ffffff
ffffff
ffffff
ffffff
ffffff
ffffff
ffffff
ffffff
ffffff
ffffff
ffffff
ffffff
ffffff
ffffff
ffffff
ffffff
ffffff
ffffff
ffffff
ffffff
ffffff
ffffff
ffffff
ffffff
ffffff
ffffff
ffffff
ffffff
ffffff
ffffff
ffffff
ffffff
ffffff
ffffff
ffffff
ffffff
ffffff
ffffff
ffffff
ffffff
ffffff
ffffff
ffffff
ffffff
ffffff
ffffff
ffffff
ffffff
ffffff
ffffff
ffffff
ffffff
ffffff
ffffff
ffffff
ffffff
ffffff
ffffff
ffffff
ffffff
ffffff
ffffff
ffffff
ffffff
ffffff
ffffff
ffffff
ffffff
ffffff
ffffff
ffffff
ffffff
ffffff
ffffff
ffffff
ffffff
ffffff
ffffff
ffffff
ffffff
ffffff
ffffff
ffffff
ffffff
ffffff
ffffff
ffffff
ffffff
ffffff
ffffff
ffffff
ffffff
ffffff
ffffff
ffffff
ffffff
ffffff
ffffff
ffffff
ffffff
ffffff
ffffff
ffffff
ffffff
ffffff
ffffff
ffffff
ffffff
ffffff
ffffff
ffffff
ffffff
ffffff
ffffff
ffffff
ffffff
ffffff
ffffff
ffffff
ffffff
ffffff
ffffff
ffffff
ffffff
ffffff
ffffff
ffffff
ffffff
ffffff
ffffff
ffffff
ffffff
ffffff
ffffff
ffffff
ffffff
ffffff
ffffff
ffffff
ffffff
ffffff
ffffff
ffffff
ffffff
ffffff
ffffff
ffffff
ffffff
ffffff
ffffff
ffffff
ffffff
ffffff
ffffff
ffffff
ffffff
ffffff
ffffff
ffffff
ffffff
ffffff
ffffff
ffffff
ffffff
ffffff
ffffff
ffffff
ffffff
ffffff
ffffff
ffffff
ffffff
ffffff
ffffff
ffffff
ffffff
ffffff
ffffff
ffffff
ffffff
ffffff
ffffff
ffffff
ffffff
ffffff
ffffff
ffffff
ffffff
ffffff
ffffff
ffffff
ffffff
ffffff
ffffff
ffffff
ffffff
ffffff
ffffff
ffffff
ffffff
ffffff
ffffff
ffffff
ffffff
ffffff
ffffff
ffffff
ffffff
ffffff
ffffff
ffffff
ffffff
ffffff
ffffff
ffffff
ffffff
ffffff
ffffff
ffffff
ffffff
ffffff
ffffff
ffffff
ffffff
ffffff
ffffff
ffffff
ffffff
ffffff
ffffff
ffffff
ffffff
ffffff
ffffff
ffffff
ffffff
ffffff
ffffff
ffffff
ffffff
ffffff
ffffff
ffffff
ffffff
ffffff
ffffff
ffffff
ffffff
ffffff
ffffff
ffffff
ffffff
ffffff
ffffff
ffffff
ffffff
ffffff
ffffff
ffffff
ffffff
ffffff
ffffff
ffffff
ffffff
ffffff
ffffff
ffffff
ffffff
ffffff
ffffff
ffffff
ffffff
ffffff
ffffff
ffffff
ffffff
ffffff
ffffff
ffffff
ffffff
ffffff
ffffff
ffffff
ffffff
ffffff
ffffff
ffffff
ffffff
ffffff
ffffff
ffffff
ffffff
ffffff
ffffff
ffffff
ffffff
ffffff
ffffff
ffffff
ffffff
ffffff
ffffff
ffffff
ffffff
ffffff
ffffff
ffffff
ffffff
ffffff
ffffff
ffffff
ffffff
ffffff
ffffff
ffffff
ffffff
ffffff
ffffff
ffffff
ffffff
ffffff
ffffff
ffffff
ffffff
ffffff
ffffff
ffffff
ffffff
ffffff
ffffff
ffffff
ffffff
ffffff
ffffff
ffffff
ffffff
ffffff
ffffff
ffffff
ffffff
ffffff
ffffff
ffffff
ffffff
ffffff
ffffff
ffffff
ffffff
ffffff
ffffff
ffffff
ffffff
ffffff
ffffff
ffffff
ffffff
ffffff
ffffff
ffffff
ffffff
ffffff
ffffff
ffffff
ffffff
ffffff
ffffff
ffffff
ffffff
ffffff
ffffff
ffffff
ffffff
ffffff
ffffff
ffffff
ffffff
ffffff
ffffff
ffffff
ffffff
ffffff
ffffff
ffffff
ffffff
ffffff
ffffff
ffffff
ffffff
ffffff
ffffff
ffffff
ffffff
ffffff
ffffff
ffffff
ffffff
ffffff
ffffff
ffffff
ffffff
ffffff
ffffff
ffffff
ffffff
ffffff
ffffff
ffffff
ffffff
ffffff
ffffff
ffffff
ffffff
ffffff
ffffff
ffffff
ffffff
ffffff
ffffff
ffffff
ffffff
ffffff
ffffff
ffffff
ffffff
ffffff
ffffff
ffffff
ffffff
ffffff
000000
000000
000000
000000
000000
000000
000000
000000
000000
000000
000000
000000
000000
000000
000000
000000
ffffff
ffffff
ffffff
ffffff
ffffff
ffffff
ffffff
ffffff
ffffff
ffffff
ffffff
ffffff
ffffff
ffffff
ffffff
ffffff
000000
000000
000000
000000
000000
000000
000000
000000
000000
000000
000000
000000
000000
000000
000000
000000
ffffff
ffffff
ffffff
ffffff
ffffff
ffffff
ffffff
ffffff
ffffff
ffffff
ffffff
ffffff
ffffff
ffffff
ffffff
ffffff
000000
000000
000000
000000
000000
000000
000000
000000
000000
000000
000000
000000
000000
000000
000000
000000
ffffff
ffffff
ffffff
ffffff
ffffff
ffffff
ffffff
ffffff
ffffff
ffffff
ffffff
ffffff
ffffff
ffffff
ffffff
ffffff
000000
000000
000000
000000
000000
000000
000000
000000
000000
000000
000000
000000
000000
000000
000000
000000
ffffff
ffffff
ffffff
ffffff
ffffff
ffffff
ffffff
ffffff
ffffff
ffffff
ffffff
ffffff
ffffff
ffffff
ffffff
ffffff
000000
000000
000000
000000
000000
000000
000000
000000
000000
000000
000000
000000
000000
000000
000000
000000
ffffff
ffffff
ffffff
ffffff
ffffff
ffffff
ffffff
ffffff
ffffff
ffffff
ffffff
ffffff
ffffff
ffffff
ffffff
ffffff
000000
000000
000000
000000
000000
000000
000000
000000
000000
000000
000000
000000
000000
000000
000000
000000
ffffff
ffffff
ffffff
ffffff
ffffff
ffffff
ffffff
ffffff
ffffff
ffffff
ffffff
ffffff
ffffff
ffffff
ffffff
ffffff
000000
000000
000000
000000
000000
000000
000000
000000
000000
000000
000000
000000
000000
000000
000000
000000
ffffff
ffffff
ffffff
ffffff
ffffff
ffffff
ffffff
ffffff
ffffff
ffffff
ffffff
ffffff
ffffff
ffffff
ffffff
ffffff
000000
000000
000000
000000
000000
000000
000000
000000
000000
000000
000000
000000
000000
000000
000000
000000
ffffff
ffffff
ffffff
ffffff
ffffff
ffffff
ffffff
ffffff
ffffff
ffffff
ffffff
ffffff
ffffff
ffffff
ffffff
ffffff
000000
000000
000000
000000
000000
000000
000000
000000
000000
000000
000000
000000
000000
000000
000000
000000
ffffff
ffffff
ffffff
ffffff
ffffff
ffffff
ffffff
ffffff
ffffff
ffffff
ffffff
ffffff
ffffff
ffffff
ffffff
ffffff
000000
000000
000000
000000
000000
000000
000000
000000
000000
000000
000000
000000
000000
000000
000000
000000
ffffff
ffffff
ffffff
ffffff
ffffff
ffffff
ffffff
ffffff
ffffff
ffffff
ffffff
ffffff
ffffff
ffffff
ffffff
ffffff
000000
000000
000000
000000
000000
000000
000000
000000
000000
000000
000000
000000
000000
000000
000000
000000
ffffff
ffffff
ffffff
ffffff
ffffff
ffffff
ffffff
ffffff
ffffff
ffffff
ffffff
ffffff
ffffff
ffffff
ffffff
ffffff
000000
000000
000000
000000
000000
000000
000000
000000
000000
000000
000000
000000
000000
000000
000000
000000
ffffff
ffffff
ffffff
ffffff
ffffff
ffffff
ffffff
ffffff
ffffff
ffffff
ffffff
ffffff
ffffff
ffffff
ffffff
ffffff
000000
000000
000000
000000
000000
000000
000000
000000
000000
000000
000000
000000
000000
000000
000000
000000
ffffff
ffffff
ffffff
ffffff
ffffff
ffffff
ffffff
ffffff
ffffff
ffffff
ffffff
ffffff
ffffff
ffffff
ffffff
ffffff
000000
000000
000000
000000
000000
000000
000000
000000
000000
000000
000000
000000
000000
000000
000000
000000
ffffff
ffffff
ffffff
ffffff
ffffff
ffffff
ffffff
ffffff
ffffff
ffffff
ffffff
ffffff
ffffff
ffffff
ffffff
ffffff
000000
000000
000000
000000
000000
000000
000000
000000
000000
000000
000000
000000
000000
000000
000000
000000
ffffff
ffffff
ffffff
ffffff
ffffff
ffffff
ffffff
ffffff
ffffff
ffffff
ffffff
ffffff
ffffff
ffffff
ffffff
ffffff
000000
000000
000000
000000
000000
000000
000000
000000
000000
000000
000000
000000
000000
000000
000000
000000
ffffff
ffffff
ffffff
ffffff
ffffff
ffffff
ffffff
ffffff
ffffff
ffffff
ffffff
ffffff
ffffff
ffffff
ffffff
ffffff
000000
000000
000000
000000
000000
000000
000000
000000
000000
000000
000000
000000
000000
000000
000000
000000
ffffff
ffffff
ffffff
ffffff
ffffff
ffffff
ffffff
ffffff
ffffff
ffffff
ffffff
ffffff
ffffff
ffffff
ffffff
ffffff
000000
000000
000000
000000
000000
000000
000000
000000
000000
000000
000000
000000
000000
000000
000000
000000
ffffff
ffffff
ffffff
ffffff
ffffff
ffffff
ffffff
ffffff
ffffff
ffffff
ffffff
ffffff
ffffff
ffffff
ffffff
ffffff
000000
000000
000000
000000
000000
000000
000000
000000
000000
000000
000000
000000
000000
000000
000000
000000
ffffff
ffffff
ffffff
ffffff
ffffff
ffffff
ffffff
ffffff
ffffff
ffffff
ffffff
ffffff
ffffff
ffffff
ffffff
ffffff
000000
000000
000000
000000
000000
000000
000000
000000
000000
000000
000000
000000
000000
000000
000000
000000
ffffff
ffffff
ffffff
ffffff
ffffff
ffffff
ffffff
ffffff
ffffff
ffffff
ffffff
ffffff
ffffff
ffffff
ffffff
ffffff
000000
000000
000000
000000
000000
000000
000000
000000
000000
000000
000000
000000
000000
000000
000000
000000
ffffff
ffffff
ffffff
ffffff
ffffff
ffffff
ffffff
ffffff
ffffff
ffffff
ffffff
ffffff
ffffff
ffffff
ffffff
ffffff
000000
000000
000000
000000
000000
000000
000000
000000
000000
000000
000000
000000
000000
000000
000000
000000
ffffff
ffffff
ffffff
ffffff
ffffff
ffffff
ffffff
ffffff
ffffff
ffffff
ffffff
ffffff
ffffff
ffffff
ffffff
ffffff
000000
000000
000000
000000
000000
000000
000000
000000
000000
000000
000000
000000
000000
000000
000000
000000
ffffff
ffffff
ffffff
ffffff
ffffff
ffffff
ffffff
ffffff
ffffff
ffffff
ffffff
ffffff
ffffff
ffffff
ffffff
ffffff
000000
000000
000000
000000
000000
000000
000000
000000
000000
000000
000000
000000
000000
000000
000000
000000
ffffff
ffffff
ffffff
ffffff
ffffff
ffffff
ffffff
ffffff
ffffff
ffffff
ffffff
ffffff
ffffff
ffffff
ffffff
ffffff
000000
000000
000000
000000
000000
000000
000000
000000
000000
000000
000000
000000
000000
000000
000000
000000
000000
000000
000000
000000
000000
000000
000000
000000
000000
000000
000000
000000
000000
000000
000000
000000
000000
000000
000000
000000
000000
000000
000000
000000
000000
000000
000000
000000
000000
000000
000000
000000
000000
000000
000000
000000
000000
000000
000000
000000
000000
000000
000000
000000
000000
000000
000000
000000
000000
000000
000000
000000
000000
000000
000000
000000
000000
000000
000000
000000
000000
000000
000000
000000
000000
000000
000000
000000
000000
000000
000000
000000
000000
000000
000000
000000
000000
000000
000000
000000
000000
000000
000000
000000
000000
000000
000000
000000
000000
000000
000000
000000
000000
000000
000000
000000
000000
000000
000000
000000
000000
000000
000000
000000
000000
000000
000000
000000
000000
000000
000000
000000
000000
000000
000000
000000
000000
000000
000000
000000
000000
000000
000000
000000
000000
000000
000000
000000
000000
000000
000000
000000
000000
000000
000000
000000
000000
000000
000000
000000
000000
000000
000000
000000
000000
000000
000000
000000
000000
000000
000000
000000
000000
000000
000000
000000
000000
000000
000000
000000
000000
000000
000000
000000
000000
000000
000000
000000
000000
000000
000000
000000
000000
000000
000000
000000
000000
000000
000000
000000
000000
000000
000000
000000
000000
000000
000000
000000
000000
000000
000000
000000
000000
000000
000000
000000
000000
000000
000000
000000
000000
000000
000000
000000
000000
000000
000000
000000
000000
000000
000000
000000
000000
000000
000000
000000
000000
000000
000000
000000
000000
000000
000000
000000
000000
000000
000000
000000
000000
000000
000000
000000
000000
000000
000000
000000
000000
000000
000000
000000
000000
000000
000000
000000
000000
000000
000000
000000
000000
000000
000000
000000
000000
000000
000000
000000
000000
000000
000000
000000
000000
000000
000000
000000
000000
000000
000000
000000
000000
000000
000000
000000
000000
000000
000000
000000
000000
000000
000000
000000
000000
000000
000000
000000
000000
000000
000000
000000
000000
000000
000000
000000
000000
000000
000000
000000
000000
000000
000000
000000
000000
000000
000000
000000
000000
000000
000000
000000
000000
000000
000000
000000
000000
000000
000000
000000
000000
000000
000000
000000
000000
000000
000000
000000
000000
000000
000000
000000
000000
000000
000000
000000
000000
000000
000000
000000
000000
000000
000000
000000
000000
000000
000000
000000
000000
000000
000000
000000
000000
000000
000000
000000
000000
000000
000000
000000
000000
000000
000000
000000
000000
000000
000000
000000
000000
000000
000000
000000
ffffff
ffffff
ffffff
ffffff
ffffff
ffffff
ffffff
ffffff
ffffff
ffffff
ffffff
ffffff
ffffff
ffffff
ffffff
ffffff
ffffff
ffffff
ffffff
ffffff
ffffff
ffffff
ffffff
ffffff
ffffff
ffffff
ffffff
ffffff
ffffff
ffffff
ffffff
ffffff
ffffff
ffffff
ffffff
ffffff
ffffff
ffffff
ffffff
ffffff
ffffff
ffffff
ffffff
ffffff
ffffff
ffffff
ffffff
ffffff
ffffff
ffffff
ffffff
ffffff
ffffff
ffffff
ffffff
ffffff
ffffff
ffffff
ffffff
ffffff
ffffff
ffffff
ffffff
ffffff
ffffff
ffffff
ffffff
ffffff
ffffff
ffffff
ffffff
ffffff
ffffff
ffffff
ffffff
ffffff
ffffff
ffffff
ffffff
ffffff
ffffff
ffffff
ffffff
ffffff
ffffff
ffffff
ffffff
ffffff
ffffff
ffffff
ffffff
ffffff
ffffff
ffffff
ffffff
ffffff
ffffff
ffffff
ffffff
ffffff
ffffff
ffffff
ffffff
ffffff
ffffff
ffffff
ffffff
ffffff
ffffff
ffffff
ffffff
ffffff
ffffff
ffffff
ffffff
ffffff
ffffff
ffffff
ffffff
ffffff
ffffff
ffffff
ffffff
ffffff
ffffff
ffffff
ffffff
ffffff
ffffff
ffffff
ffffff
ffffff
ffffff
ffffff
ffffff
ffffff
ffffff
ffffff
ffffff
ffffff
ffffff
ffffff
ffffff
ffffff
ffffff
ffffff
ffffff
ffffff
ffffff
ffffff
ffffff
ffffff
ffffff
ffffff
ffffff
ffffff
ffffff
ffffff
ffffff
ffffff
ffffff
ffffff
ffffff
ffffff
ffffff
ffffff
ffffff
ffffff
ffffff
ffffff
ffffff
ffffff
ffffff
ffffff
ffffff
ffffff
ffffff
ffffff
ffffff
ffffff
ffffff
ffffff
ffffff
ffffff
ffffff
ffffff
ffffff
ffffff
ffffff
ffffff
ffffff
ffffff
ffffff
ffffff
ffffff
ffffff
ffffff
ffffff
ffffff
ffffff
ffffff
ffffff
ffffff
ffffff
ffffff
ffffff
ffffff
ffffff
ffffff
ffffff
ffffff
ffffff
ffffff
ffffff
ffffff
ffffff
ffffff
ffffff
ffffff
ffffff
ffffff
ffffff
ffffff
ffffff
ffffff
ffffff
ffffff
ffffff
ffffff
ffffff
ffffff
ffffff
ffffff
ffffff
ffffff
ffffff
ffffff
ffffff
ffffff
ffffff
ffffff
ffffff
ffffff
ffffff
ffffff
ffffff
ffffff
ffffff
ffffff
ffffff
ffffff
ffffff
ffffff
ffffff
ffffff
ffffff
ffffff
ffffff
ffffff
ffffff
ffffff
ffffff
ffffff
ffffff
ffffff
ffffff
ffffff
ffffff
ffffff
ffffff
ffffff
ffffff
ffffff
ffffff
ffffff
ffffff
ffffff
ffffff
ffffff
ffffff
ffffff
ffffff
ffffff
ffffff
ffffff
ffffff
ffffff
ffffff
ffffff
ffffff
ffffff
ffffff
ffffff
ffffff
ffffff
ffffff
ffffff
ffffff
ffffff
ffffff
ffffff
ffffff
ffffff
ffffff
ffffff
ffffff
ffffff
ffffff
ffffff
ffffff
ffffff
ffffff
ffffff
ffffff
ffffff
ffffff
ffffff
ffffff
ffffff
ffffff
ffffff
ffffff
ffffff
ffffff
ffffff
ffffff
ffffff
ffffff
ffffff
ffffff
ffffff
ffffff
ffffff
ffffff
ffffff
ffffff
ffffff
ffffff
ffffff
ffffff
ffffff
ffffff
ffffff
ffffff
ffffff
ffffff
ffffff
ffffff
ffffff
ffffff
ffffff
ffffff
ffffff
ffffff
ffffff
ffffff
ffffff
ffffff
ffffff
ffffff
ffffff
ffffff
ffffff
ffffff
ffffff
ffffff
ffffff
ffffff
ffffff
ffffff
ffffff
ffffff
ffffff
ffffff
ffffff
ffffff
ffffff
ffffff
ffffff
ffffff
ffffff
ffffff
ffffff
ffffff
000000
000000
000000
000000
000000
000000
000000
000000
000000
000000
000000
000000
000000
000000
000000
000000
000000
000000
000000
000000
000000
000000
000000
000000
000000
000000
000000
000000
000000
000000
000000
000000
000000
000000
000000
000000
000000
000000
000000
000000
000000
000000
000000
000000
000000
000000
000000
000000
000000
000000
000000
000000
000000
000000
000000
000000
000000
000000
000000
000000
000000
000000
000000
000000
000000
000000
000000
000000
000000
000000
000000
000000
000000
000000
000000
000000
000000
000000
000000
000000
000000
000000
000000
000000
000000
000000
000000
000000
000000
000000
000000
000000
000000
000000
000000
000000
000000
000000
000000
000000
000000
000000
000000
000000
000000
000000
000000
000000
000000
000000
000000
000000
000000
000000
000000
000000
000000
000000
000000
000000
000000
000000
000000
000000
000000
000000
000000
000000
000000
000000
000000
000000
000000
000000
000000
000000
000000
000000
000000
000000
000000
000000
000000
000000
000000
000000
000000
000000
000000
000000
000000
000000
000000
000000
000000
000000
000000
000000
000000
000000
000000
000000
000000
000000
000000
000000
000000
000000
000000
000000
000000
000000
000000
000000
000000
000000
000000
000000
000000
000000
000000
000000
000000
000000
000000
000000
000000
000000
000000
000000
000000
000000
000000
000000
000000
000000
000000
000000
000000
000000
000000
000000
000000
000000
000000
000000
000000
000000
000000
000000
000000
000000
000000
000000
000000
000000
000000
000000
000000
000000
000000
000000
000000
000000
000000
000000
000000
000000
000000
000000
000000
000000
000000
000000
000000
000000
000000
000000
000000
000000
000000
000000
000000
000000
000000
000000
000000
000000
000000
000000
000000
000000
000000
000000
000000
000000
000000
000000
000000
000000
000000
000000
000000
000000
000000
000000
000000
000000
000000
000000
000000
000000
000000
000000
000000
000000
000000
000000
000000
000000
000000
000000
000000
000000
000000
000000
000000
000000
000000
000000
000000
000000
000000
000000
000000
000000
000000
000000
000000
000000
000000
000000
000000
000000
000000
000000
000000
000000
000000
000000
000000
000000
000000
000000
000000
000000
000000
000000
000000
000000
000000
000000
000000
000000
000000
000000
000000
000000
000000
000000
000000
000000
000000
000000
000000
000000
000000
000000
000000
000000
000000
000000
000000
000000
000000
000000
000000
000000
000000
000000
000000
000000
000000
000000
000000
000000
000000
000000
000000
000000
000000
000000
000000
000000
000000
000000
000000
000000
000000
000000
000000
000000
000000
000000
000000
000000
000000
000000
000000
000000
000000
000000
000000
000000
000000
000000
000000
000000
000000
000000
000000
000000
000000
000000
000000
000000
000000
000000
000000
000000
ffffff
000000
000000
000000
000000
000000
000000
000000
000000
000000
000000
000000
000000
000000
000000
000000
000000
000000
000000
000000
000000
000000
000000
000000
000000
000000
000000
000000
000000
000000
000000
000000
000000
000000
000000
000000
000000
000000
000000
000000
000000
000000
000000
000000
000000
000000
000000
000000
000000
000000
000000
000000
000000
000000
000000
000000
000000
000000
000000
000000
000000
000000
000000
000000
000000
000000
000000
000000
000000
000000
000000
000000
000000
000000
000000
000000
000000
000000
000000
000000
000000
000000
000000
000000
000000
000000
000000
000000
000000
000000
000000
000000
000000
000000
000000
000000
000000
000000
000000
000000
000000
000000
000000
000000
000000
000000
000000
000000
000000
000000
000000
000000
000000
000000
000000
000000
000000
000000
000000
000000
000000
000000
000000
000000
000000
000000
000000
000000
000000
000000
000000
000000
000000
000000
000000
000000
000000
000000
000000
000000
000000
000000
000000
000000
000000
000000
000000
000000
000000
000000
000000
000000
000000
000000
000000
000000
000000
000000
000000
000000
000000
000000
000000
000000
000000
000000
000000
000000
000000
000000
000000
000000
000000
000000
000000
000000
000000
000000
000000
000000
000000
000000
000000
000000
000000
000000
000000
000000
000000
000000
000000
000000
000000
000000
000000
000000
000000
000000
000000
000000
000000
000000
000000
000000
000000
000000
000000
000000
000000
000000
000000
000000
000000
000000
000000
000000
000000
000000
000000
000000
000000
000000
000000
000000
000000
000000
000000
000000
000000
000000
000000
000000
000000
000000
000000
000000
000000
000000
000000
000000
000000
000000
000000
000000
000000
000000
000000
000000
000000
000000
000000
000000
000000
000000
000000
000000
000000
000000
000000
000000
000000
000000
000000
000000
000000
000000
000000
000000
000000
000000
000000
000000
000000
000000
000000
000000
000000
000000
000000
000000
000000
000000
000000
000000
000000
000000
000000
000000
000000
000000
000000
000000
000000
000000
000000
000000
000000
000000
000000
000000
000000
000000
000000
000000
000000
000000
000000
000000
000000
000000
000000
000000
000000
000000
000000
000000
000000
000000
000000
000000
000000
000000
000000
000000
000000
000000
000000
000000
000000
000000
000000
000000
000000
000000
000000
000000
000000
000000
000000
000000
000000
000000
000000
000000
000000
000000
000000
000000
000000
000000
000000
000000
000000
000000
000000
000000
000000
000000
000000
000000
000000
000000
000000
000000
000000
000000
000000
000000
8f7caa
105b48
6d94e6
307767
e38853
b42154
643dac
abc427
1052a6
ece6f9
0ee6b6
851f1d
cdf961
320000
1d8f59
606b80
8a6b5a
0ccdcd
799e17
f6453c
93a57e
abd5b6
588ac7
6a8792
5be02d
7094c2
3381cf
7b5c19
559e14
b622d6
80c356
d9bd50
00cdab
04f4b4
b23acc
18101f
776dda
7c7259
0051b5
f4a84f
d8182e
dbc81d
085d2c
2e49e6
b9215b
a5cc82
5696c5
41eee1
2e46c9
204bf4
b601ab
bd4e67
361e01
2e964d
6a5a70
084014
8e7d63
44a835
321661
e93b26
179579
5159e5
ae2c50
3329bc
50fc49
31a3b7
51a848
abe597
2e8550
5ed244
be2c3a
b3ad9e
876e99
829b70
6cb021
73ded5
00ba56
67182c
decc39
8474ee
0a09af
cbd504
09e8ee
72633b
6828c6
cbeea3
3d28d0
fd354a
dd1f08
be44da
2068aa
9e4e9a
9790df
05fdcc
48b5bc
f60948
d67c83
ccc2f6
c71e28
dcf567
3bf8c0
c30f50
045ffe
c3239f
5af04b
ed764a
9c2094
204c0a
8c8d33
ce1c15
984c4a
7b14a9
1e1b6b
3c368f
bb393d
9b1ad6
09b240
039575
ef97b0
4d7756
e6d4cc
b805f3
babf2d
6c4a3b
5d1cff
82dda1
0926e1
f55eb9
299091
e75ce7
f579b5
7181bc
d5e848
af53d6
a8fa34
36b2d9
e0f5b0
4b1980
2d5667
4eb3e9
c3dccb
64285f
ca6741
3ff917
f30a5a
a34cec
463a9f
559cb3
231a7e
923b42
c383cc
d89676
f7ac76
8a4b3f
4c44cb
73c7ce
de9519
f40acb
330362
c015f6
df659f
a04612
40fa8e
4e3459
7ba1ec
a381d6
5f2d1d
282cf7
ce0a11
395755
40b450
5a079a
89892a
996872
376c52
daacf6
19000f
2e2d35
1ba7cd
92088f
db0f7d
aecd06
01644e
363e35
1e8b9c
f63752
f543ee
310f45
8a2dad
a557cf
736b2a
50e684
096ccb
5b8588
d3d4b5
aa428c
f63b50
d8f943
3a62c8
c3d666
9e3ae9
2e0f17
c71cfd
134ef2
3bca07
724deb
35d94c
1f34fd
befac2
81dbe2
9792fd
8664b4
099014
15fe61
4471f5
2397bd
7897b5
8a89f9
d754bc
5bd05e
054ddb
994a01
68fff0
f5eec9
3a34a3
79e482
86461b
8757f0
e9e161
9c5d79
bba71f
c0473e
3d1658
63ab16
ab28a1
982ec6
ee8e15
7ca712
d09896
4f51cb
ef5e47
82fd37
c206b5
dd9396
ce169d
0bd32c
fa70f6
fd40c0
fb2cd5
e8af9e
b772bf
fd882c
98d8e8
75e5cc
034b2a
ea1ec4
228bc9
dbb9c0
8fa44d
aaf638
155453
5a537d
291087
d413c0
9a9b93
0877d7
e48048
8564c4
dfdfbd
a238c9
b66b86
72eadc
a5dacf
d81282
9c95c6
43a4b9
0c266d
6bd126
bc3b2a
a58128
176f95
9b0255
1d3bdc
3dec69
5da299
f8bbfc
4d4bd8
90fc1c
99b21b
bd6a07
fd873b
047362
591c16
5c8377
f0de78
b63cef
f9976f
fbd47e
1528a1
35f94a
6a36f2
2de96d
a09bb2
7565e1
4196e1
466311
7ab63e
76286c
b1385a
64b23c
0a4bca
bb82ef
fd354c
8abb28
367c5c
22ade4
5931f0
d1af45
c78e2a
3c348f
2e6781
ae5cca
3503ee
f88dec
c10ebe
4e4bb2
336ade
9e2322
274c17
d7b9ed
15a58b
07c31f
5c3fd1
595922
0f9142
fcc5b6
7b3cca
d034d3
11c86d
a0b5c6
8bdc11
932e3b
7ea780
989310
3bc323
bf1c80
dd64e4
3a9bb8
706ce4
fc1ffb
ee302b
b03fb5
04a401
583ac5
d19a55
389eee
a0fd3b
ba93e7
488587
2b3162
d709e5
48978d
d16c76
b5316d
6c4c2b
09ddc6
0f6b77
72b725
c609d6
f9da33
7b749a
6f8d48
ffa508
e5c3fb
60e6f3
cb1788
62e048
3dd72c
1116c6
63760b
0f1c81
203e90
cf3aa1
60097f
ca0598
be9e4a
d2ac8d
623d70
e42183
128922
81ea7b
6d4206
a94040
159289
a2a552
7a7f5c
a8dcf3
fc5876
b94b98
e6a113
45e203
4bf707
f0f662
017f3c
651f8f
1ab520
acc37d
4e9743
6ff8d2
0f3b8f
3de4e7
a8da6b
982e5d
57863e
9fefde
09b880
cd2380
0df26a
a7f242
f75f6f
bbac68
408aeb
d252ab
9ff2fb
e984a1
a15206
593489
23f7b3
43027b
e3af63
6be28d
9233d9
cc5a1a
4d43a0
c1587f
ea835e
fb782f
2cb7d7
e3080d
077f7b
bfcdc6
dd3c8b
5d7f1c
85e518
e6ce8c
df463c
4ef91d
661ab0
07f99a
1da1d0
c2aba9
9a9f3e
c0eecd
fcfb2a
eb9630
a37411
443817
081fcd
bd43b0
93a267
810045
a369ce
b8f4c2
4e844b
dbf58e
77dfe3
71c2fd
6dbc67
8cdbdf
1bfdc1
75a532
dc16ec
62f39f
cb1f2f
2c16de
f13b2f
74a73c
aa0c80
ef5115
1e9a11
6cedee
c21a06
3c2dbe
d79acf
4e572f
2df08d
518501
6957fa
1b168c
3dc8b2
e8eab2
7ebf09
30d6bc
edb489
cd7b6a
2ca270
0040b8
3d3633
b29b6a
a6b68a
6f8c90
46a29c
6c8e7f
838121
45f07a
987d8f
8db08f
9dd2d0
879759
3e8abf
e183f9
ffcda5
aa508b
37d767
45688e
48ae46
30549f
b072c5
573613
4e753c
f63386
b8220b
d597fe
c557a1
48f537
36b797
a22ef4
88239c
8fe2c2
a304c5
bc151a
778244
a3364c
0975cd
f15bfb
9a14b9
feb1ed
7cdcae
31d272
da4dd9
b87aa1
f10a19
e31ec5
d1163c
40b88a
8ff656
1a29a5
4d2827
14eaf4
05964b
e03fb9
bf12b0
a7bfed
035853
4dff88
227e6d
849349
33b2c9
94e48b
9c8ed5
9734e2
dfd865
cd8e95
ee560c
8934d1
095b9a
0d5ea9
ac5170
c11945
6b942a
6d7cde
21528c
0e4e16
61e112
cdeea7
97a5ec
40ea2e
c91826
a20eba
c8218d
90fc23
78634a
197b23
f168a2
8ccab3
586cba
50df60
5dcfa1
c347fb
a85e6e
709d46
12f1d7
a1ce33
9c5b6f
65bc04
52a5d3
b02700
ec5efb
83623f
4e80a9
d6e216
14f7fe
1e6e29
32113c
c3a4c0
e1ef1f
67ff2a
ef52bd
8bd6e4
d1c9b6
74522b
25c363
4399d6
88430b
88ec38
b53fba
a935c3
ae8b05
790040
b6aed5
743199
3fd499
9f798a
eddd76
f99a63
23d04b
8315c8
b0ec5f
702aab
ae24ff
ff0a34
7dabc2
746dd1
680d8e
72f34a
bab346
d8a9b3
8c9ca4
1e52e2
4bdff3
56ef3f
f73a9a
1252b5
e5ecd6
9d0232
057f52
4550f6
f4c9ad
468ce1
10461c
bc7356
ab145b
a2665b
108378
a6a75b
aab106
400548
e3e29a
7c0bc2
350eaf
872b79
b3cda2
fe7060
3d583a
461905
f067b2
0a46d1
166d86
15d18b
1b09b5
98be51
8a93d5
5796f8
7fdb13
7bd086
1dbc25
512241
a576b7
55a2ed
b7fd82
5ae218
4a1246
0b842c
e742e3
94281e
846212
2be543
a9e6d8
393247
74a38e
726f2f
baa9a1
712195
01bff6
4aa69c
3fa015
41da00
521475
216fed
1e33ba
bf1efb
9ff978
ab9861
f2de8f
af618e
5f4809
20265d
210ea6
cf09e0
bfca5e
2bde12
20430f
956fd0
0b8672
34e0fb
8684dc
6c1b33
df1192
93d383
3609d8
dcd37d
72bcf4
ecf961
2faad5
a0d7c9
dfdeb5
fe6e2c
ef6b79
a28987
38f6c5
a059f6
e5aad2
758930
fd7150
b1879c
95d26a
2f7339
787ae5
9c1fa7
b47110
df4887
0925a2
73d8f1
9c3574
db2b22
548a4b
2227bc
88e065
83a706
6e7735
e0ff3b
8b89f8
4113f7
b3deec
bf920d
5cb0e3
27f5c3
fabad7
4b2cb9
8658f4
2d58ff
bbfe34
738f5c
01ca31
35d687
7773db
ed0d6c
3c1021
503020
503020
503020
503020
d09070
d09070
d09070
d09070
503020
503020
503020
503020
d09070
d09070
d09070
d09070
503020
503020
503020
503020
d09070
d09070
d09070
d09070
503020
503020
503020
503020
d09070
d09070
d09070
d09070
503020
503020
503020
503020
d09070
d09070
d09070
d09070
503020
503020
503020
503020
d09070
d09070
d09070
d09070
503020
503020
503020
503020
d09070
d09070
d09070
d09070
503020
503020
503020
503020
d09070
d09070
d09070
d09070
503020
503020
503020
503020
d09070
d09070
d09070
d09070
503020
503020
503020
503020
d09070
d09070
d09070
d09070
503020
503020
503020
503020
d09070
d09070
d09070
d09070
503020
503020
503020
503020
d09070
d09070
d09070
d09070
503020
503020
503020
503020
d09070
d09070
d09070
d09070
503020
503020
503020
503020
d09070
d09070
d09070
d09070
503020
503020
503020
503020
d09070
d09070
d09070
d09070
503020
503020
503020
503020
d09070
d09070
d09070
d09070
d09070
d09070
d09070
d09070
503020
503020
503020
503020
d09070
d09070
d09070
d09070
503020
503020
503020
503020
d09070
d09070
d09070
d09070
503020
503020
503020
503020
d09070
d09070
d09070
d09070
503020
503020
503020
503020
d09070
d09070
d09070
d09070
503020
503020
503020
503020
d09070
d09070
d09070
d09070
503020
503020
503020
503020
d09070
d09070
d09070
d09070
503020
503020
503020
503020
d09070
d09070
d09070
d09070
503020
503020
503020
503020
d09070
d09070
d09070
d09070
503020
503020
503020
503020
d09070
d09070
d09070
d09070
503020
503020
503020
503020
d09070
d09070
d09070
d09070
503020
503020
503020
503020
d09070
d09070
d09070
d09070
503020
503020
503020
503020
d09070
d09070
d09070
d09070
503020
503020
503020
503020
d09070
d09070
d09070
d09070
503020
503020
503020
503020
d09070
d09070
d09070
d09070
503020
503020
503020
503020
d09070
d09070
d09070
d09070
503020
503020
503020
503020
503020
503020
503020
503020
d09070
d09070
d09070
d09070
503020
503020
503020
503020
d09070
d09070
d09070
d09070
503020
503020
503020
503020
d09070
d09070
d09070
d09070
503020
503020
503020
503020
d09070
d09070
d09070
d09070
503020
503020
503020
503020
d09070
d09070
d09070
d09070
503020
503020
503020
503020
d09070
d09070
d09070
d09070
503020
503020
503020
503020
d09070
d09070
d09070
d09070
503020
503020
503020
503020
d09070
d09070
d09070
d09070
503020
503020
503020
503020
d09070
d09070
d09070
d09070
503020
503020
503020
503020
d09070
d09070
d09070
d09070
503020
503020
503020
503020
d09070
d09070
d09070
d09070
503020
503020
503020
503020
d09070
d09070
d09070
d09070
503020
503020
503020
503020
d09070
d09070
d09070
d09070
503020
503020
503020
503020
d09070
d09070
d09070
d09070
503020
503020
503020
503020
d09070
d09070
d09070
d09070
503020
503020
503020
503020
d09070
d09070
d09070
d09070
d09070
d09070
d09070
d09070
503020
503020
503020
503020
d09070
d09070
d09070
d09070
503020
503020
503020
503020
d09070
d09070
d09070
d09070
503020
503020
503020
503020
d09070
d09070
d09070
d09070
503020
503020
503020
503020
d09070
d09070
d09070
d09070
503020
503020
503020
503020
d09070
d09070
d09070
d09070
503020
503020
503020
503020
d09070
d09070
d09070
d09070
503020
503020
503020
503020
d09070
d09070
d09070
d09070
503020
503020
503020
503020
d09070
d09070
d09070
d09070
503020
503020
503020
503020
d09070
d09070
d09070
d09070
503020
503020
503020
503020
d09070
d09070
d09070
d09070
503020
503020
503020
503020
d09070
d09070
d09070
d09070
503020
503020
503020
503020
d09070
d09070
d09070
d09070
503020
503020
503020
503020
d09070
d09070
d09070
d09070
503020
503020
503020
503020
d09070
d09070
d09070
d09070
503020
503020
503020
503020
d09070
d09070
d09070
d09070
503020
503020
503020
503020
503020
503020
503020
503020
d09070
d09070
d09070
d09070
503020
503020
503020
503020
d09070
d09070
d09070
d09070
503020
503020
503020
503020
d09070
d09070
d09070
d09070
503020
503020
503020
503020
d09070
d09070
d09070
d09070
503020
503020
503020
503020
d09070
d09070
d09070
d09070
503020
503020
503020
503020
d09070
d09070
d09070
d09070
503020
503020
503020
503020
d09070
d09070
d09070
d09070
503020
503020
503020
503020
d09070
d09070
d09070
d09070
503020
503020
503020
503020
d09070
d09070
d09070
d09070
503020
503020
503020
503020
d09070
d09070
d09070
d09070
503020
503020
503020
503020
d09070
d09070
d09070
d09070
503020
503020
503020
503020
d09070
d09070
d09070
d09070
503020
503020
503020
503020
d09070
d09070
d09070
d09070
503020
503020
503020
503020
d09070
d09070
d09070
d09070
503020
503020
503020
503020
d09070
d09070
d09070
d09070
503020
503020
503020
503020
d09070
d09070
d09070
d09070
d09070
d09070
d09070
d09070
503020
503020
503020
503020
d09070
d09070
d09070
d09070
503020
503020
503020
503020
d09070
d09070
d09070
d09070
503020
503020
503020
503020
d09070
d09070
d09070
d09070
503020
503020
503020
503020
d09070
d09070
d09070
d09070
503020
503020
503020
503020
d09070
d09070
d09070
d09070
503020
503020
503020
503020
d09070
d09070
d09070
d09070
503020
503020
503020
503020
d09070
d09070
d09070
d09070
503020
503020
503020
503020
d09070
d09070
d09070
d09070
503020
503020
503020
503020
d09070
d09070
d09070
d09070
503020
503020
503020
503020
d09070
d09070
d09070
d09070
503020
503020
503020
503020
d09070
d09070
d09070
d09070
503020
503020
503020
503020
d09070
d09070
d09070
d09070
503020
503020
503020
503020
d09070
d09070
d09070
d09070
503020
503020
503020
503020
d09070
d09070
d09070
d09070
503020
503020
503020
503020
d09070
d09070
d09070
d09070
503020
503020
503020
503020
000000
07000b
0e0016
150021
1c002c
230037
2a0042
31004d
380058
3f0063
46006e
4d0079
540084
5b008f
62009a
6900a5
7000b0
7700bb
7e00c6
8500d1
8c00dc
9300e7
9a00f2
a100fd
a80008
af0013
b6001e
bd0029
c40034
cb003f
d2004a
d90055
000903
07090e
0e0919
150924
1c092f
23093a
2a0945
310950
38095b
3f0966
460971
4d097c
540987
5b0992
62099d
6909a8
7009b3
7709be
7e09c9
8509d4
8c09df
9309ea
9a09f5
a10900
a8090b
af0916
b60921
bd092c
c40937
cb0942
d2094d
d90958
001206
071211
0e121c
151227
1c1232
23123d
2a1248
311253
38125e
3f1269
461274
4d127f
54128a
5b1295
6212a0
6912ab
7012b6
7712c1
7e12cc
8512d7
8c12e2
9312ed
9a12f8
a11203
a8120e
af1219
b61224
bd122f
c4123a
cb1245
d21250
d9125b
001b09
071b14
0e1b1f
151b2a
1c1b35
231b40
2a1b4b
311b56
381b61
3f1b6c
461b77
4d1b82
541b8d
5b1b98
621ba3
691bae
701bb9
771bc4
7e1bcf
851bda
8c1be5
931bf0
9a1bfb
a11b06
a81b11
af1b1c
b61b27
bd1b32
c41b3d
cb1b48
d21b53
d91b5e
00240c
072417
0e2422
15242d
1c2438
232443
2a244e
312459
382464
3f246f
46247a
4d2485
542490
5b249b
6224a6
6924b1
7024bc
7724c7
7e24d2
8524dd
8c24e8
9324f3
9a24fe
a12409
a82414
af241f
b6242a
bd2435
c42440
cb244b
d22456
d92461
002d0f
072d1a
0e2d25
152d30
1c2d3b
232d46
2a2d51
312d5c
382d67
3f2d72
462d7d
4d2d88
542d93
5b2d9e
622da9
692db4
702dbf
772dca
7e2dd5
852de0
8c2deb
932df6
9a2d01
a12d0c
a82d17
af2d22
b62d2d
bd2d38
c42d43
cb2d4e
d22d59
d92d64
003612
07361d
0e3628
153633
1c363e
233649
2a3654
31365f
38366a
3f3675
463680
4d368b
543696
5b36a1
6236ac
6936b7
7036c2
7736cd
7e36d8
8536e3
8c36ee
9336f9
9a3604
a1360f
a8361a
af3625
b63630
bd363b
c43646
cb3651
d2365c
d93667
003f15
073f20
0e3f2b
153f36
1c3f41
233f4c
2a3f57
313f62
383f6d
3f3f78
463f83
4d3f8e
543f99
5b3fa4
623faf
693fba
703fc5
773fd0
7e3fdb
853fe6
8c3ff1
933ffc
9a3f07
a13f12
a83f1d
af3f28
b63f33
bd3f3e
c43f49
cb3f54
d23f5f
d93f6a
004818
074823
0e482e
154839
1c4844
23484f
2a485a
314865
384870
3f487b
464886
4d4891
54489c
5b48a7
6248b2
6948bd
7048c8
7748d3
7e48de
8548e9
8c48f4
9348ff
9a480a
a14815
a84820
af482b
b64836
bd4841
c4484c
cb4857
d24862
d9486d
00511b
075126
0e5131
15513c
1c5147
235152
2a515d
315168
385173
3f517e
465189
4d5194
54519f
5b51aa
6251b5
6951c0
7051cb
7751d6
7e51e1
8551ec
8c51f7
935102
9a510d
a15118
a85123
af512e
b65139
bd5144
c4514f
cb515a
d25165
d95170
005a1e
075a29
0e5a34
155a3f
1c5a4a
235a55
2a5a60
315a6b
385a76
3f5a81
465a8c
4d5a97
545aa2
5b5aad
625ab8
695ac3
705ace
775ad9
7e5ae4
855aef
8c5afa
935a05
9a5a10
a15a1b
a85a26
af5a31
b65a3c
bd5a47
c45a52
cb5a5d
d25a68
d95a73
006321
07632c
0e6337
156342
1c634d
236358
2a6363
31636e
386379
3f6384
46638f
4d639a
5463a5
5b63b0
6263bb
6963c6
7063d1
7763dc
7e63e7
8563f2
8c63fd
936308
9a6313
a1631e
a86329
af6334
b6633f
bd634a
c46355
cb6360
d2636b
d96376
006c24
076c2f
0e6c3a
156c45
1c6c50
236c5b
2a6c66
316c71
386c7c
3f6c87
466c92
4d6c9d
546ca8
5b6cb3
626cbe
696cc9
706cd4
776cdf
7e6cea
856cf5
8c6c00
936c0b
9a6c16
a16c21
a86c2c
af6c37
b66c42
bd6c4d
c46c58
cb6c63
d26c6e
d96c79
007527
077532
0e753d
157548
1c7553
23755e
2a7569
317574
38757f
3f758a
467595
4d75a0
5475ab
5b75b6
6275c1
6975cc
7075d7
7775e2
7e75ed
8575f8
8c7503
93750e
9a7519
a17524
a8752f
af753a
b67545
bd7550
c4755b
cb7566
d27571
d9757c
007e2a
077e35
0e7e40
157e4b
1c7e56
237e61
2a7e6c
317e77
387e82
3f7e8d
467e98
4d7ea3
547eae
5b7eb9
627ec4
697ecf
707eda
777ee5
7e7ef0
857efb
8c7e06
937e11
9a7e1c
a17e27
a87e32
af7e3d
b67e48
bd7e53
c47e5e
cb7e69
d27e74
d97e7f
00872d
078738
0e8743
15874e
1c8759
238764
2a876f
31877a
388785
3f8790
46879b
4d87a6
5487b1
5b87bc
6287c7
6987d2
7087dd
7787e8
7e87f3
8587fe
8c8709
938714
9a871f
a1872a
a88735
af8740
b6874b
bd8756
c48761
cb876c
d28777
d98782
009030
07903b
0e9046
159051
1c905c
239067
2a9072
31907d
389088
3f9093
46909e
4d90a9
5490b4
5b90bf
6290ca
6990d5
7090e0
7790eb
7e90f6
859001
8c900c
939017
9a9022
a1902d
a89038
af9043
b6904e
bd9059
c49064
cb906f
d2907a
d99085
009933
07993e
0e9949
159954
1c995f
23996a
2a9975
319980
38998b
3f9996
4699a1
4d99ac
5499b7
5b99c2
6299cd
6999d8
7099e3
7799ee
7e99f9
859904
8c990f
93991a
9a9925
a19930
a8993b
af9946
b69951
bd995c
c49967
cb9972
d2997d
d99988
00a236
07a241
0ea24c
15a257
1ca262
23a26d
2aa278
31a283
38a28e
3fa299
46a2a4
4da2af
54a2ba
5ba2c5
62a2d0
69a2db
70a2e6
77a2f1
7ea2fc
85a207
8ca212
93a21d
9aa228
a1a233
a8a23e
afa249
b6a254
bda25f
c4a26a
cba275
d2a280
d9a28b
00ab39
07ab44
0eab4f
15ab5a
1cab65
23ab70
2aab7b
31ab86
38ab91
3fab9c
46aba7
4dabb2
54abbd
5babc8
62abd3
69abde
70abe9
77abf4
7eabff
85ab0a
8cab15
93ab20
9aab2b
a1ab36
a8ab41
afab4c
b6ab57
bdab62
c4ab6d
cbab78
d2ab83
d9ab8e
00b43c
07b447
0eb452
15b45d
1cb468
23b473
2ab47e
31b489
38b494
3fb49f
46b4aa
4db4b5
54b4c0
5bb4cb
62b4d6
69b4e1
70b4ec
77b4f7
7eb402
85b40d
8cb418
93b423
9ab42e
a1b439
a8b444
afb44f
b6b45a
bdb465
c4b470
cbb47b
d2b486
d9b491
00bd3f
07bd4a
0ebd55
15bd60
1cbd6b
23bd76
2abd81
31bd8c
38bd97
3fbda2
46bdad
4dbdb8
54bdc3
5bbdce
62bdd9
69bde4
70bdef
77bdfa
7ebd05
85bd10
8cbd1b
93bd26
9abd31
a1bd3c
a8bd47
afbd52
b6bd5d
bdbd68
c4bd73
cbbd7e
d2bd89
d9bd94
00c642
07c64d
0ec658
15c663
1cc66e
23c679
2ac684
31c68f
38c69a
3fc6a5
46c6b0
4dc6bb
54c6c6
5bc6d1
62c6dc
69c6e7
70c6f2
77c6fd
7ec608
85c613
8cc61e
93c629
9ac634
a1c63f
a8c64a
afc655
b6c660
bdc66b
c4c676
cbc681
d2c68c
d9c697
00cf45
07cf50
0ecf5b
15cf66
1ccf71
23cf7c
2acf87
31cf92
38cf9d
3fcfa8
46cfb3
4dcfbe
54cfc9
5bcfd4
62cfdf
69cfea
70cff5
77cf00
7ecf0b
85cf16
8ccf21
93cf2c
9acf37
a1cf42
a8cf4d
afcf58
b6cf63
bdcf6e
c4cf79
cbcf84
d2cf8f
d9cf9a
000000
000000
000000
000000
000000
000000
000000
000000
000000
000000
000000
000000
000000
000000
000000
000000
000000
000000
000000
000000
000000
000000
000000
000000
000000
000000
000000
000000
000000
000000
000000
000000
000000
000000
000000
000000
000000
000000
000000
000000
000000
000000
000000
000000
000000
000000
000000
000000
000000
000000
000000
000000
000000
000000
000000
000000
000000
000000
000000
000000
000000
000000
000000
000000
000000
000000
000000
000000
000000
000000
000000
000000
000000
000000
000000
000000
000000
000000
000000
000000
000000
000000
000000
000000
000000
000000
000000
000000
000000
000000
000000
000000
000000
000000
000000
000000
000000
000000
000000
000000
000000
000000
000000
000000
000000
000000
000000
000000
000000
000000
000000
000000
000000
000000
000000
000000
000000
000000
000000
000000
000000
000000
000000
000000
000000
000000
000000
000000
000000
000000
000000
000000
000000
000000
000000
000000
000000
000000
000000
000000
000000
000000
000000
000000
000000
000000
000000
000000
000000
000000
000000
000000
000000
000000
000000
000000
000000
000000
000000
000000
000000
000000
000000
000000
000000
000000
000000
000000
000000
000000
000000
000000
000000
000000
000000
000000
000000
000000
000000
000000
000000
000000
000000
000000
000000
000000
000000
000000
000000
000000
000000
000000
000000
000000
000000
000000
000000
000000
000000
000000
000000
000000
000000
000000
000000
000000
000000
000000
000000
000000
000000
000000
000000
000000
000000
000000
000000
000000
000000
000000
000000
000000
000000
000000
000000
000000
000000
000000
000000
000000
000000
000000
000000
000000
000000
000000
000000
000000
000000
000000
000000
000000
000000
000000
000000
000000
000000
000000
000000
000000
000000
000000
000000
000000
000000
000000
000000
000000
000000
000000
000000
000000
000000
000000
000000
000000
000000
000000
000000
000000
000000
000000
000000
000000
000000
000000
000000
000000
000000
000000
000000
000000
000000
000000
000000
000000
000000
000000
000000
000000
000000
000000
000000
000000
000000
000000
000000
000000
000000
000000
000000
000000
000000
000000
000000
000000
000000
000000
000000
000000
000000
000000
000000
000000
000000
000000
000000
000000
000000
000000
000000
000000
000000
000000
000000
000000
000000
000000
000000
000000
000000
000000
000000
000000
000000
000000
000000
000000
000000
000000
000000
000000
000000
000000
000000
000000
000000
000000
000000
000000
000000
000000
000000
000000
000000
000000
000000
000000
000000
000000
000000
000000
000000
000000
000000
000000
000000
000000
000000
000000
000000
000000
000000
000000
000000
000000
000000
000000
000000
000000
000000
000000
000000
000000
000000
000000
000000
000000
000000
000000
000000
000000
000000
000000
000000
000000
000000
000000
000000
000000
000000
000000
000000
000000
000000
000000
000000
000000
000000
000000
000000
000000
000000
000000
000000
000000
000000
000000
000000
000000
000000
000000
000000
000000
000000
000000
000000
000000
000000
000000
000000
000000
000000
000000
000000
000000
000000
000000
000000
000000
000000
000000
000000
000000
000000
000000
000000
000000
000000
000000
000000
000000
000000
000000
000000
000000
000000
000000
000000
000000
000000
000000
000000
000000
000000
000000
000000
000000
000000
000000
000000
000000
000000
000000
000000
000000
000000
000000
000000
000000
000000
000000
000000
000000
000000
000000
000000
000000
000000
000000
000000
000000
000000
000000
000000
000000
000000
000000
000000
000000
000000
000000
000000
000000
000000
000000
000000
000000
000000
000000
000000
000000
000000
000000
000000
000000
000000
000000
000000
000000
000000
000000
000000
000000
000000
000000
000000
000000
000000
000000
000000
000000
000000
000000
000000
000000
000000
000000
000000
000000
000000
000000
000000
000000
000000
000000
000000
000000
000000
000000
000000
000000
000000
000000
000000
000000
000000
000000
000000
000000
000000
000000
000000
000000
000000
000000
000000
000000
000000
000000
000000
000000
000000
000000
000000
000000
000000
000000
000000
000000
000000
000000
000000
000000
000000
000000
000000
000000
000000
000000
000000
000000
000000
000000
000000
000000
000000
000000
000000
000000
000000
000000
000000
000000
000000
000000
000000
000000
000000
000000
000000
000000
000000
000000
000000
000000
000000
000000
000000
000000
000000
000000
000000
000000
000000
000000
000000
000000
000000
000000
000000
000000
000000
000000
000000
000000
000000
000000
000000
000000
000000
000000
000000
000000
000000
000000
000000
000000
000000
000000
000000
000000
000000
000000
000000
000000
000000
000000
000000
000000
000000
000000
000000
000000
000000
000000
000000
000000
000000
000000
000000
000000
000000
000000
000000
000000
000000
000000
000000
000000
000000
000000
000000
000000
000000
000000
000000
000000
000000
000000
000000
000000
000000
000000
000000
000000
000000
000000
000000
000000
000000
000000
000000
000000
000000
000000
000000
000000
000000
000000
000000
000000
000000
000000
000000
000000
000000
000000
000000
000000
000000
000000
000000
000000
000000
000000
000000
000000
000000
000000
000000
000000
000000
000000
000000
000000
000000
000000
000000
000000
000000
000000
000000
000000
000000
000000
000000
000000
000000
000000
000000
000000
000000
000000
000000
000000
000000
000000
000000
000000
000000
000000
000000
000000
000000
000000
000000
000000
ffffff
ffffff
ffffff
ffffff
ffffff
ffffff
ffffff
ffffff
ffffff
ffffff
ffffff
ffffff
ffffff
ffffff
ffffff
ffffff
ffffff
ffffff
ffffff
ffffff
ffffff
ffffff
ffffff
ffffff
ffffff
ffffff
ffffff
ffffff
ffffff
ffffff
ffffff
ffffff
ffffff
ffffff
ffffff
ffffff
ffffff
ffffff
ffffff
ffffff
ffffff
ffffff
ffffff
ffffff
ffffff
ffffff
ffffff
ffffff
ffffff
ffffff
ffffff
ffffff
ffffff
ffffff
ffffff
ffffff
ffffff
ffffff
ffffff
ffffff
ffffff
ffffff
ffffff
ffffff
ffffff
ffffff
ffffff
ffffff
ffffff
ffffff
ffffff
ffffff
ffffff
ffffff
ffffff
ffffff
ffffff
ffffff
ffffff
ffffff
ffffff
ffffff
ffffff
ffffff
ffffff
ffffff
ffffff
ffffff
ffffff
ffffff
ffffff
ffffff
ffffff
ffffff
ffffff
ffffff
ffffff
ffffff
ffffff
ffffff
ffffff
ffffff
ffffff
ffffff
ffffff
ffffff
ffffff
ffffff
ffffff
ffffff
ffffff
ffffff
ffffff
ffffff
ffffff
ffffff
ffffff
ffffff
ffffff
ffffff
ffffff
ffffff
ffffff
ffffff
ffffff
ffffff
ffffff
ffffff
ffffff
ffffff
ffffff
ffffff
ffffff
ffffff
ffffff
ffffff
ffffff
ffffff
ffffff
ffffff
ffffff
ffffff
ffffff
ffffff
ffffff
ffffff
ffffff
ffffff
ffffff
ffffff
ffffff
ffffff
ffffff
ffffff
ffffff
ffffff
ffffff
ffffff
ffffff
ffffff
ffffff
ffffff
ffffff
ffffff
ffffff
ffffff
ffffff
ffffff
ffffff
ffffff
ffffff
ffffff
ffffff
ffffff
ffffff
ffffff
ffffff
ffffff
ffffff
ffffff
ffffff
ffffff
ffffff
ffffff
ffffff
ffffff
ffffff
ffffff
ffffff
ffffff
ffffff
ffffff
ffffff
ffffff
ffffff
ffffff
ffffff
ffffff
ffffff
ffffff
ffffff
ffffff
ffffff
ffffff
ffffff
ffffff
ffffff
ffffff
ffffff
ffffff
ffffff
ffffff
ffffff
ffffff
ffffff
ffffff
ffffff
ffffff
ffffff
ffffff
ffffff
ffffff
ffffff
ffffff
ffffff
ffffff
ffffff
ffffff
ffffff
ffffff
ffffff
ffffff
ffffff
ffffff
ffffff
ffffff
ffffff
ffffff
ffffff
ffffff
ffffff
ffffff
ffffff
ffffff
ffffff
ffffff
ffffff
ffffff
ffffff
ffffff
ffffff
ffffff
ffffff
ffffff
ffffff
ffffff
ffffff
ffffff
ffffff
ffffff
ffffff
ffffff
ffffff
ffffff
ffffff
ffffff
ffffff
ffffff
ffffff
ffffff
ffffff
ffffff
ffffff
ffffff
ffffff
ffffff
ffffff
ffffff
ffffff
ffffff
ffffff
ffffff
ffffff
ffffff
ffffff
ffffff
ffffff
ffffff
ffffff
ffffff
ffffff
ffffff
ffffff
ffffff
ffffff
ffffff
ffffff
ffffff
ffffff
ffffff
ffffff
ffffff
ffffff
ffffff
ffffff
ffffff
ffffff
ffffff
ffffff
ffffff
ffffff
ffffff
ffffff
ffffff
ffffff
ffffff
ffffff
ffffff
ffffff
ffffff
ffffff
ffffff
ffffff
ffffff
ffffff
ffffff
ffffff
ffffff
ffffff
ffffff
ffffff
ffffff
ffffff
ffffff
ffffff
ffffff
ffffff
ffffff
ffffff
ffffff
ffffff
ffffff
ffffff
ffffff
ffffff
ffffff
ffffff
ffffff
ffffff
ffffff
ffffff
ffffff
ffffff
ffffff
ffffff
ffffff
ffffff
ffffff
ffffff
ffffff
ffffff
ffffff
ffffff
ffffff
ffffff
ffffff
ffffff
ffffff
ffffff
ffffff
ffffff
ffffff
ffffff
ffffff
ffffff
ffffff
ffffff
ffffff
ffffff
ffffff
ffffff
ffffff
ffffff
ffffff
ffffff
ffffff
ffffff
ffffff
ffffff
ffffff
ffffff
ffffff
ffffff
ffffff
ffffff
ffffff
ffffff
ffffff
ffffff
ffffff
ffffff
ffffff
ffffff
ffffff
ffffff
ffffff
ffffff
ffffff
ffffff
ffffff
ffffff
ffffff
ffffff
ffffff
ffffff
ffffff
ffffff
ffffff
ffffff
ffffff
ffffff
ffffff
ffffff
ffffff
ffffff
ffffff
ffffff
ffffff
ffffff
ffffff
ffffff
ffffff
ffffff
ffffff
ffffff
ffffff
ffffff
ffffff
ffffff
ffffff
ffffff
ffffff
ffffff
ffffff
ffffff
ffffff
ffffff
ffffff
ffffff
ffffff
ffffff
ffffff
ffffff
ffffff
ffffff
ffffff
ffffff
ffffff
ffffff
ffffff
ffffff
ffffff
ffffff
ffffff
ffffff
ffffff
ffffff
ffffff
ffffff
ffffff
ffffff
ffffff
ffffff
ffffff
ffffff
ffffff
ffffff
ffffff
ffffff
ffffff
ffffff
ffffff
ffffff
ffffff
ffffff
ffffff
ffffff
ffffff
ffffff
ffffff
ffffff
ffffff
ffffff
ffffff
ffffff
ffffff
ffffff
ffffff
ffffff
ffffff
ffffff
ffffff
ffffff
ffffff
ffffff
ffffff
ffffff
ffffff
ffffff
ffffff
ffffff
ffffff
ffffff
ffffff
ffffff
ffffff
ffffff
ffffff
ffffff
ffffff
ffffff
ffffff
ffffff
ffffff
ffffff
ffffff
ffffff
ffffff
ffffff
ffffff
ffffff
ffffff
ffffff
ffffff
ffffff
ffffff
ffffff
ffffff
ffffff
ffffff
ffffff
ffffff
ffffff
ffffff
ffffff
ffffff
ffffff
ffffff
ffffff
ffffff
ffffff
ffffff
ffffff
ffffff
ffffff
ffffff
ffffff
ffffff
ffffff
ffffff
ffffff
ffffff
ffffff
ffffff
ffffff
ffffff
ffffff
ffffff
ffffff
ffffff
ffffff
ffffff
ffffff
ffffff
ffffff
ffffff
ffffff
ffffff
ffffff
ffffff
ffffff
ffffff
ffffff
ffffff
ffffff
ffffff
ffffff
ffffff
ffffff
ffffff
ffffff
ffffff
ffffff
ffffff
ffffff
ffffff
ffffff
ffffff
ffffff
ffffff
ffffff
ffffff
ffffff
ffffff
ffffff
ffffff
ffffff
ffffff
ffffff
ffffff
ffffff
ffffff
ffffff
ffffff
ffffff
ffffff
ffffff
ffffff
ffffff
ffffff
ffffff
ffffff
ffffff
ffffff
ffffff
ffffff
ffffff
ffffff
ffffff
ffffff
ffffff
ffffff
ffffff
ffffff
ffffff
ffffff
ffffff
ffffff
ffffff
ffffff
ffffff
ffffff
ffffff
ffffff
ffffff
ffffff
ffffff
ffffff
ffffff
ffffff
ffffff
ffffff
ffffff
ffffff
ffffff
ffffff
ffffff
ffffff
ffffff
ffffff
ffffff
ffffff
ffffff
ffffff
ffffff
ffffff
ffffff
ffffff
ffffff
ffffff
ffffff
ffffff
ffffff
ffffff
ffffff
ffffff
ffffff
ffffff
ffffff
ffffff
ffffff
ffffff
ffffff
ffffff
ffffff
ffffff
ffffff
ffffff
ffffff
ffffff
ffffff
ffffff
ffffff
ffffff
ffffff
ffffff
ffffff
ffffff
ffffff
ffffff
ffffff
ffffff
ffffff
ffffff
ffffff
ffffff
ffffff
ffffff
ffffff
ffffff
ffffff
ffffff
ffffff
ffffff
ffffff
ffffff
ffffff
ffffff
ffffff
ffffff
ffffff
ffffff
ffffff
ffffff
ffffff
ffffff
ffffff
ffffff
ffffff
ffffff
ffffff
ffffff
ffffff
ffffff
ffffff
ffffff
ffffff
ffffff
ffffff
ffffff
ffffff
ffffff
ffffff
ffffff
ffffff
ffffff
ffffff
ffffff
ffffff
ffffff
ffffff
ffffff
ffffff
ffffff
ffffff
ffffff
ffffff
ffffff
ffffff
ffffff
ffffff
ffffff
ffffff
ffffff
ffffff
ffffff
ffffff
ffffff
000000
000000
000000
000000
000000
000000
000000
000000
000000
000000
000000
000000
000000
000000
000000
000000
ffffff
ffffff
ffffff
ffffff
ffffff
ffffff
ffffff
ffffff
ffffff
ffffff
ffffff
ffffff
ffffff
ffffff
ffffff
ffffff
000000
000000
000000
000000
000000
000000
000000
000000
000000
000000
000000
000000
000000
000000
000000
000000
ffffff
ffffff
ffffff
ffffff
ffffff
ffffff
ffffff
ffffff
ffffff
ffffff
ffffff
ffffff
ffffff
ffffff
ffffff
ffffff
000000
000000
000000
000000
000000
000000
000000
000000
000000
000000
000000
000000
000000
000000
000000
000000
ffffff
ffffff
ffffff
ffffff
ffffff
ffffff
ffffff
ffffff
ffffff
ffffff
ffffff
ffffff
ffffff
ffffff
ffffff
ffffff
000000
000000
000000
000000
000000
000000
000000
000000
000000
000000
000000
000000
000000
000000
000000
000000
ffffff
ffffff
ffffff
ffffff
ffffff
ffffff
ffffff
ffffff
ffffff
ffffff
ffffff
ffffff
ffffff
ffffff
ffffff
ffffff
000000
000000
000000
000000
000000
000000
000000
000000
000000
000000
000000
000000
000000
000000
000000
000000
ffffff
ffffff
ffffff
ffffff
ffffff
ffffff
ffffff
ffffff
ffffff
ffffff
ffffff
ffffff
ffffff
ffffff
ffffff
ffffff
000000
000000
000000
000000
000000
000000
000000
000000
000000
000000
000000
000000
000000
000000
000000
000000
ffffff
ffffff
ffffff
ffffff
ffffff
ffffff
ffffff
ffffff
ffffff
ffffff
ffffff
ffffff
ffffff
ffffff
ffffff
ffffff
000000
000000
000000
000000
000000
000000
000000
000000
000000
000000
000000
000000
000000
000000
000000
000000
ffffff
ffffff
ffffff
ffffff
ffffff
ffffff
ffffff
ffffff
ffffff
ffffff
ffffff
ffffff
ffffff
ffffff
ffffff
ffffff
000000
000000
000000
000000
000000
000000
000000
000000
000000
000000
000000
000000
000000
000000
000000
000000
ffffff
ffffff
ffffff
ffffff
ffffff
ffffff
ffffff
ffffff
ffffff
ffffff
ffffff
ffffff
ffffff
ffffff
ffffff
ffffff
000000
000000
000000
000000
000000
000000
000000
000000
000000
000000
000000
000000
000000
000000
000000
000000
ffffff
ffffff
ffffff
ffffff
ffffff
ffffff
ffffff
ffffff
ffffff
ffffff
ffffff
ffffff
ffffff
ffffff
ffffff
ffffff
000000
000000
000000
000000
000000
000000
000000
000000
000000
000000
000000
000000
000000
000000
000000
000000
ffffff
ffffff
ffffff
ffffff
ffffff
ffffff
ffffff
ffffff
ffffff
ffffff
ffffff
ffffff
ffffff
ffffff
ffffff
ffffff
000000
000000
000000
000000
000000
000000
000000
000000
000000
000000
000000
000000
000000
000000
000000
000000
ffffff
ffffff
ffffff
ffffff
ffffff
ffffff
ffffff
ffffff
ffffff
ffffff
ffffff
ffffff
ffffff
ffffff
ffffff
ffffff
000000
000000
000000
000000
000000
000000
000000
000000
000000
000000
000000
000000
000000
000000
000000
000000
ffffff
ffffff
ffffff
ffffff
ffffff
ffffff
ffffff
ffffff
ffffff
ffffff
ffffff
ffffff
ffffff
ffffff
ffffff
ffffff
000000
000000
000000
000000
000000
000000
000000
000000
000000
000000
000000
000000
000000
000000
000000
000000
ffffff
ffffff
ffffff
ffffff
ffffff
ffffff
ffffff
ffffff
ffffff
ffffff
ffffff
ffffff
ffffff
ffffff
ffffff
ffffff
000000
000000
000000
000000
000000
000000
000000
000000
000000
000000
000000
000000
000000
000000
000000
000000
ffffff
ffffff
ffffff
ffffff
ffffff
ffffff
ffffff
ffffff
ffffff
ffffff
ffffff
ffffff
ffffff
ffffff
ffffff
ffffff
000000
000000
000000
000000
000000
000000
000000
000000
000000
000000
000000
000000
000000
000000
000000
000000
ffffff
ffffff
ffffff
ffffff
ffffff
ffffff
ffffff
ffffff
ffffff
ffffff
ffffff
ffffff
ffffff
ffffff
ffffff
ffffff
000000
000000
000000
000000
000000
000000
000000
000000
000000
000000
000000
000000
000000
000000
000000
000000
ffffff
ffffff
ffffff
ffffff
ffffff
ffffff
ffffff
ffffff
ffffff
ffffff
ffffff
ffffff
ffffff
ffffff
ffffff
ffffff
000000
000000
000000
000000
000000
000000
000000
000000
000000
000000
000000
000000
000000
000000
000000
000000
ffffff
ffffff
ffffff
ffffff
ffffff
ffffff
ffffff
ffffff
ffffff
ffffff
ffffff
ffffff
ffffff
ffffff
ffffff
ffffff
000000
000000
000000
000000
000000
000000
000000
000000
000000
000000
000000
000000
000000
000000
000000
000000
ffffff
ffffff
ffffff
ffffff
ffffff
ffffff
ffffff
ffffff
ffffff
ffffff
ffffff
ffffff
ffffff
ffffff
ffffff
ffffff
000000
000000
000000
000000
000000
000000
000000
000000
000000
000000
000000
000000
000000
000000
000000
000000
ffffff
ffffff
ffffff
ffffff
ffffff
ffffff
ffffff
ffffff
ffffff
ffffff
ffffff
ffffff
ffffff
ffffff
ffffff
ffffff
000000
000000
000000
000000
000000
000000
000000
000000
000000
000000
000000
000000
000000
000000
000000
000000
ffffff
ffffff
ffffff
ffffff
ffffff
ffffff
ffffff
ffffff
ffffff
ffffff
ffffff
ffffff
ffffff
ffffff
ffffff
ffffff
000000
000000
000000
000000
000000
000000
000000
000000
000000
000000
000000
000000
000000
000000
000000
000000
ffffff
ffffff
ffffff
ffffff
ffffff
ffffff
ffffff
ffffff
ffffff
ffffff
ffffff
ffffff
ffffff
ffffff
ffffff
ffffff
000000
000000
000000
000000
000000
000000
000000
000000
000000
000000
000000
000000
000000
000000
000000
000000
ffffff
ffffff
ffffff
ffffff
ffffff
ffffff
ffffff
ffffff
ffffff
ffffff
ffffff
ffffff
ffffff
ffffff
ffffff
ffffff
000000
000000
000000
000000
000000
000000
000000
000000
000000
000000
000000
000000
000000
000000
000000
000000
ffffff
ffffff
ffffff
ffffff
ffffff
ffffff
ffffff
ffffff
ffffff
ffffff
ffffff
ffffff
ffffff
ffffff
ffffff
ffffff
000000
000000
000000
000000
000000
000000
000000
000000
000000
000000
000000
000000
000000
000000
000000
000000
ffffff
ffffff
ffffff
ffffff
ffffff
ffffff
ffffff
ffffff
ffffff
ffffff
ffffff
ffffff
ffffff
ffffff
ffffff
ffffff
000000
000000
000000
000000
000000
000000
000000
000000
000000
000000
000000
000000
000000
000000
000000
000000
000000
000000
000000
000000
000000
000000
000000
000000
000000
000000
000000
000000
000000
000000
000000
000000
000000
000000
000000
000000
000000
000000
000000
000000
000000
000000
000000
000000
000000
000000
000000
000000
000000
000000
000000
000000
000000
000000
000000
000000
000000
000000
000000
000000
000000
000000
000000
000000
000000
000000
000000
000000
000000
000000
000000
000000
000000
000000
000000
000000
000000
000000
000000
000000
000000
000000
000000
000000
000000
000000
000000
000000
000000
000000
000000
000000
000000
000000
000000
000000
000000
000000
000000
000000
000000
000000
000000
000000
000000
000000
000000
000000
000000
000000
000000
000000
000000
000000
000000
000000
000000
000000
000000
000000
000000
000000
000000
000000
000000
000000
000000
000000
000000
000000
000000
000000
000000
000000
000000
000000
000000
000000
000000
000000
000000
000000
000000
000000
000000
000000
000000
000000
000000
000000
000000
000000
000000
000000
000000
000000
000000
000000
000000
000000
000000
000000
000000
000000
000000
000000
000000
000000
000000
000000
000000
000000
000000
000000
000000
000000
000000
000000
000000
000000
000000
000000
000000
000000
000000
000000
000000
000000
000000
000000
000000
000000
000000
000000
000000
000000
000000
000000
000000
000000
000000
000000
000000
000000
000000
000000
000000
000000
000000
000000
000000
000000
000000
000000
000000
000000
000000
000000
000000
000000
000000
000000
000000
000000
000000
000000
000000
000000
000000
000000
000000
000000
000000
000000
000000
000000
000000
000000
000000
000000
000000
000000
000000
000000
000000
000000
000000
000000
000000
000000
000000
000000
000000
000000
000000
000000
000000
000000
000000
000000
000000
000000
000000
000000
000000
000000
000000
000000
000000
000000
000000
000000
000000
000000
000000
000000
000000
000000
000000
000000
000000
000000
000000
000000
000000
000000
000000
000000
000000
000000
000000
000000
000000
000000
000000
000000
000000
000000
000000
000000
000000
000000
000000
000000
000000
000000
000000
000000
000000
000000
000000
000000
000000
000000
000000
000000
000000
000000
000000
000000
000000
000000
000000
000000
000000
000000
000000
000000
000000
000000
000000
000000
000000
000000
000000
000000
000000
000000
000000
000000
000000
000000
000000
000000
000000
000000
000000
000000
000000
000000
000000
000000
000000
000000
000000
000000
000000
000000
000000
000000
000000
000000
000000
000000
000000
000000
000000
000000
000000
000000
000000
000000
000000
000000
000000
000000
000000
000000
000000
000000
000000
000000
000000
000000
ffffff
ffffff
ffffff
ffffff
ffffff
ffffff
ffffff
ffffff
ffffff
ffffff
ffffff
ffffff
ffffff
ffffff
ffffff
ffffff
ffffff
ffffff
ffffff
ffffff
ffffff
ffffff
ffffff
ffffff
ffffff
ffffff
ffffff
ffffff
ffffff
ffffff
ffffff
ffffff
ffffff
ffffff
ffffff
ffffff
ffffff
ffffff
ffffff
ffffff
ffffff
ffffff
ffffff
ffffff
ffffff
ffffff
ffffff
ffffff
ffffff
ffffff
ffffff
ffffff
ffffff
ffffff
ffffff
ffffff
ffffff
ffffff
ffffff
ffffff
ffffff
ffffff
ffffff
ffffff
ffffff
ffffff
ffffff
ffffff
ffffff
ffffff
ffffff
ffffff
ffffff
ffffff
ffffff
ffffff
ffffff
ffffff
ffffff
ffffff
ffffff
ffffff
ffffff
ffffff
ffffff
ffffff
ffffff
ffffff
ffffff
ffffff
ffffff
ffffff
ffffff
ffffff
ffffff
ffffff
ffffff
ffffff
ffffff
ffffff
ffffff
ffffff
ffffff
ffffff
ffffff
ffffff
ffffff
ffffff
ffffff
ffffff
ffffff
ffffff
ffffff
ffffff
ffffff
ffffff
ffffff
ffffff
ffffff
ffffff
ffffff
ffffff
ffffff
ffffff
ffffff
ffffff
ffffff
ffffff
ffffff
ffffff
ffffff
ffffff
ffffff
ffffff
ffffff
ffffff
ffffff
ffffff
ffffff
ffffff
ffffff
ffffff
ffffff
ffffff
ffffff
ffffff
ffffff
ffffff
ffffff
ffffff
ffffff
ffffff
ffffff
ffffff
ffffff
ffffff
ffffff
ffffff
ffffff
ffffff
ffffff
ffffff
ffffff
ffffff
ffffff
ffffff
ffffff
ffffff
ffffff
ffffff
ffffff
ffffff
ffffff
ffffff
ffffff
ffffff
ffffff
ffffff
ffffff
ffffff
ffffff
ffffff
ffffff
ffffff
ffffff
ffffff
ffffff
ffffff
ffffff
ffffff
ffffff
ffffff
ffffff
ffffff
ffffff
ffffff
ffffff
ffffff
ffffff
ffffff
ffffff
ffffff
ffffff
ffffff
ffffff
ffffff
ffffff
ffffff
ffffff
ffffff
ffffff
ffffff
ffffff
ffffff
ffffff
ffffff
ffffff
ffffff
ffffff
ffffff
ffffff
ffffff
ffffff
ffffff
ffffff
ffffff
ffffff
ffffff
ffffff
ffffff
ffffff
ffffff
ffffff
ffffff
ffffff
ffffff
ffffff
ffffff
ffffff
ffffff
ffffff
ffffff
ffffff
ffffff
ffffff
ffffff
ffffff
ffffff
ffffff
ffffff
ffffff
ffffff
ffffff
ffffff
ffffff
ffffff
ffffff
ffffff
ffffff
ffffff
ffffff
ffffff
ffffff
ffffff
ffffff
ffffff
ffffff
ffffff
ffffff
ffffff
ffffff
ffffff
ffffff
ffffff
ffffff
ffffff
ffffff
ffffff
ffffff
ffffff
ffffff
ffffff
ffffff
ffffff
ffffff
ffffff
ffffff
ffffff
ffffff
ffffff
ffffff
ffffff
ffffff
ffffff
ffffff
ffffff
ffffff
ffffff
ffffff
ffffff
ffffff
ffffff
ffffff
ffffff
ffffff
ffffff
ffffff
ffffff
ffffff
ffffff
ffffff
ffffff
ffffff
ffffff
ffffff
ffffff
ffffff
ffffff
ffffff
ffffff
ffffff
ffffff
ffffff
ffffff
ffffff
ffffff
ffffff
ffffff
ffffff
ffffff
ffffff
ffffff
ffffff
ffffff
ffffff
ffffff
ffffff
ffffff
ffffff
ffffff
ffffff
ffffff
ffffff
ffffff
ffffff
ffffff
ffffff
ffffff
ffffff
ffffff
ffffff
ffffff
ffffff
ffffff
ffffff
ffffff
ffffff
ffffff
ffffff
ffffff
ffffff
ffffff
ffffff
ffffff
ffffff
ffffff
ffffff
ffffff
ffffff
ffffff
ffffff
ffffff
ffffff
ffffff
ffffff
ffffff
ffffff
ffffff
ffffff
ffffff
ffffff
ffffff
ffffff
ffffff
000000
000000
000000
000000
000000
000000
000000
000000
000000
000000
000000
000000
000000
000000
000000
000000
000000
000000
000000
000000
000000
000000
000000
000000
000000
000000
000000
000000
000000
000000
000000
000000
000000
000000
000000
000000
000000
000000
000000
000000
000000
000000
000000
000000
000000
000000
000000
000000
000000
000000
000000
000000
000000
000000
000000
000000
000000
000000
000000
000000
000000
000000
000000
000000
000000
000000
000000
000000
000000
000000
000000
000000
000000
000000
000000
000000
000000
000000
000000
000000
000000
000000
000000
000000
000000
000000
000000
000000
000000
000000
000000
000000
000000
000000
000000
000000
000000
000000
000000
000000
000000
000000
000000
000000
000000
000000
000000
000000
000000
000000
000000
000000
000000
000000
000000
000000
000000
000000
000000
000000
000000
000000
000000
000000
000000
000000
000000
000000
000000
000000
000000
000000
000000
000000
000000
000000
000000
000000
000000
000000
000000
000000
000000
000000
000000
000000
000000
000000
000000
000000
000000
000000
000000
000000
000000
000000
000000
000000
000000
000000
000000
000000
000000
000000
000000
000000
000000
000000
000000
000000
000000
000000
000000
000000
000000
000000
000000
000000
000000
000000
000000
000000
000000
000000
000000
000000
000000
000000
000000
000000
000000
000000
000000
000000
000000
000000
000000
000000
000000
000000
000000
000000
000000
000000
000000
000000
000000
000000
000000
000000
000000
000000
000000
000000
000000
000000
000000
000000
000000
000000
000000
000000
000000
000000
000000
000000
000000
000000
000000
000000
000000
000000
000000
000000
000000
000000
000000
000000
000000
000000
000000
000000
000000
000000
000000
000000
000000
000000
000000
000000
000000
000000
000000
000000
000000
000000
000000
000000
000000
000000
000000
000000
000000
000000
000000
000000
000000
000000
000000
000000
000000
000000
000000
000000
000000
000000
000000
000000
000000
000000
000000
000000
000000
000000
000000
000000
000000
000000
000000
000000
000000
000000
000000
000000
000000
000000
000000
000000
000000
000000
000000
000000
000000
000000
000000
000000
000000
000000
000000
000000
000000
000000
000000
000000
000000
000000
000000
000000
000000
000000
000000
000000
000000
000000
000000
000000
000000
000000
000000
000000
000000
000000
000000
000000
000000
000000
000000
000000
000000
000000
000000
000000
000000
000000
000000
000000
000000
000000
000000
000000
000000
000000
000000
000000
000000
000000
000000
000000
000000
000000
000000
000000
000000
000000
000000
000000
000000
000000
000000
000000
000000
000000
000000
000000
000000
000000
000000
000000
000000
000000
000000
000000
000000
000000
000000
000000
000000
000000
000000
000000
000000
000000
000000
000000
000000
000000
000000
000000
000000
000000
ffffff
000000
000000
000000
000000
000000
000000
000000
000000
000000
000000
000000
000000
000000
000000
000000
000000
000000
000000
000000
000000
000000
000000
000000
000000
000000
000000
000000
000000
000000
000000
000000
000000
000000
000000
000000
000000
000000
000000
000000
000000
000000
000000
000000
000000
000000
000000
000000
000000
000000
000000
000000
000000
000000
000000
000000
000000
000000
000000
000000
000000
000000
000000
000000
000000
000000
000000
000000
000000
000000
000000
000000
000000
000000
000000
000000
000000
000000
000000
000000
000000
000000
000000
000000
000000
000000
000000
000000
000000
000000
000000
000000
000000
000000
000000
000000
000000
000000
000000
000000
000000
000000
000000
000000
000000
000000
000000
000000
000000
000000
000000
000000
000000
000000
000000
000000
000000
000000
000000
000000
000000
000000
000000
000000
000000
000000
000000
000000
000000
000000
000000
000000
000000
000000
000000
000000
000000
000000
000000
000000
000000
000000
000000
000000
000000
000000
000000
000000
000000
000000
000000
000000
000000
000000
000000
000000
000000
000000
000000
000000
000000
000000
000000
000000
000000
000000
000000
000000
000000
000000
000000
000000
000000
000000
000000
000000
000000
000000
000000
000000
000000
000000
000000
000000
000000
000000
000000
000000
000000
000000
000000
000000
000000
000000
000000
000000
000000
000000
000000
000000
000000
000000
000000
000000
000000
000000
000000
000000
000000
000000
000000
000000
000000
000000
000000
000000
000000
000000
000000
000000
000000
000000
000000
000000
000000
000000
000000
000000
000000
000000
000000
000000
000000
000000
000000
000000
000000
000000
000000
000000
000000
000000
000000
000000
000000
000000
000000
000000
000000
000000
000000
000000
000000
000000
000000
000000
000000
000000
000000
000000
000000
000000
000000
000000
000000
000000
000000
000000
000000
000000
000000
000000
000000
000000
000000
000000
000000
000000
000000
000000
000000
000000
000000
000000
000000
000000
000000
000000
000000
000000
000000
000000
000000
000000
000000
000000
000000
000000
000000
000000
000000
000000
000000
000000
000000
000000
000000
000000
000000
000000
000000
000000
000000
000000
000000
000000
000000
000000
000000
000000
000000
000000
000000
000000
000000
000000
000000
000000
000000
000000
000000
000000
000000
000000
000000
000000
000000
000000
000000
000000
000000
000000
000000
000000
000000
000000
000000
000000
000000
000000
000000
000000
000000
000000
000000
000000
000000
000000
000000
000000
000000
000000
000000
000000
000000
000000
000000
000000
8f7caa
105b48
6d94e6
307767
e38853
b42154
643dac
abc427
1052a6
ece6f9
0ee6b6
851f1d
cdf961
320000
1d8f59
606b80
8a6b5a
0ccdcd
799e17
f6453c
93a57e
abd5b6
588ac7
6a8792
5be02d
7094c2
3381cf
7b5c19
559e14
b622d6
80c356
d9bd50
00cdab
04f4b4
b23acc
18101f
776dda
7c7259
0051b5
f4a84f
d8182e
dbc81d
085d2c
2e49e6
b9215b
a5cc82
5696c5
41eee1
2e46c9
204bf4
b601ab
bd4e67
361e01
2e964d
6a5a70
084014
8e7d63
44a835
321661
e93b26
179579
5159e5
ae2c50
3329bc
50fc49
31a3b7
51a848
abe597
2e8550
5ed244
be2c3a
b3ad9e
876e99
829b70
6cb021
73ded5
00ba56
67182c
decc39
8474ee
0a09af
cbd504
09e8ee
72633b
6828c6
cbeea3
3d28d0
fd354a
dd1f08
be44da
2068aa
9e4e9a
9790df
05fdcc
48b5bc
f60948
d67c83
ccc2f6
c71e28
dcf567
3bf8c0
c30f50
045ffe
c3239f
5af04b
ed764a
9c2094
204c0a
8c8d33
ce1c15
984c4a
7b14a9
1e1b6b
3c368f
bb393d
9b1ad6
09b240
039575
ef97b0
4d7756
e6d4cc
b805f3
babf2d
6c4a3b
5d1cff
82dda1
0926e1
f55eb9
299091
e75ce7
f579b5
7181bc
d5e848
af53d6
a8fa34
36b2d9
e0f5b0
4b1980
2d5667
4eb3e9
c3dccb
64285f
ca6741
3ff917
f30a5a
a34cec
463a9f
559cb3
231a7e
923b42
c383cc
d89676
f7ac76
8a4b3f
4c44cb
73c7ce
de9519
f40acb
330362
c015f6
df659f
a04612
40fa8e
4e3459
7ba1ec
a381d6
5f2d1d
282cf7
ce0a11
395755
40b450
5a079a
89892a
996872
376c52
daacf6
19000f
2e2d35
1ba7cd
92088f
db0f7d
aecd06
01644e
363e35
1e8b9c
f63752
f543ee
310f45
8a2dad
a557cf
736b2a
50e684
096ccb
5b8588
d3d4b5
aa428c
f63b50
d8f943
3a62c8
c3d666
9e3ae9
2e0f17
c71cfd
134ef2
3bca07
724deb
35d94c
1f34fd
befac2
81dbe2
9792fd
8664b4
099014
15fe61
4471f5
2397bd
7897b5
8a89f9
d754bc
5bd05e
054ddb
994a01
68fff0
f5eec9
3a34a3
79e482
86461b
8757f0
e9e161
9c5d79
bba71f
c0473e
3d1658
63ab16
ab28a1
982ec6
ee8e15
7ca712
d09896
4f51cb
ef5e47
82fd37
c206b5
dd9396
ce169d
0bd32c
fa70f6
fd40c0
fb2cd5
e8af9e
b772bf
fd882c
98d8e8
75e5cc
034b2a
ea1ec4
228bc9
dbb9c0
8fa44d
aaf638
155453
5a537d
291087
d413c0
9a9b93
0877d7
e48048
8564c4
dfdfbd
a238c9
b66b86
72eadc
a5dacf
d81282
9c95c6
43a4b9
0c266d
6bd126
bc3b2a
a58128
176f95
9b0255
1d3bdc
3dec69
5da299
f8bbfc
4d4bd8
90fc1c
99b21b
bd6a07
fd873b
047362
591c16
5c8377
f0de78
b63cef
f9976f
fbd47e
1528a1
35f94a
6a36f2
2de96d
a09bb2
7565e1
4196e1
466311
7ab63e
76286c
b1385a
64b23c
0a4bca
bb82ef
fd354c
8abb28
367c5c
22ade4
5931f0
d1af45
c78e2a
3c348f
2e6781
ae5cca
3503ee
f88dec
c10ebe
4e4bb2
336ade
9e2322
274c17
d7b9ed
15a58b
07c31f
5c3fd1
595922
0f9142
fcc5b6
7b3cca
d034d3
11c86d
a0b5c6
8bdc11
932e3b
7ea780
989310
3bc323
bf1c80
dd64e4
3a9bb8
706ce4
fc1ffb
ee302b
b03fb5
04a401
583ac5
d19a55
389eee
a0fd3b
ba93e7
488587
2b3162
d709e5
48978d
d16c76
b5316d
6c4c2b
09ddc6
0f6b77
72b725
c609d6
f9da33
7b749a
6f8d48
ffa508
e5c3fb
60e6f3
cb1788
62e048
3dd72c
1116c6
63760b
0f1c81
203e90
cf3aa1
60097f
ca0598
be9e4a
d2ac8d
623d70
e42183
128922
81ea7b
6d4206
a94040
159289
a2a552
7a7f5c
a8dcf3
fc5876
b94b98
e6a113
45e203
4bf707
f0f662
017f3c
651f8f
1ab520
acc37d
4e9743
6ff8d2
0f3b8f
3de4e7
a8da6b
982e5d
57863e
9fefde
09b880
cd2380
0df26a
a7f242
f75f6f
bbac68
408aeb
d252ab
9ff2fb
e984a1
a15206
593489
23f7b3
43027b
e3af63
6be28d
9233d9
cc5a1a
4d43a0
c1587f
ea835e
fb782f
2cb7d7
e3080d
077f7b
bfcdc6
dd3c8b
5d7f1c
85e518
e6ce8c
df463c
4ef91d
661ab0
07f99a
1da1d0
c2aba9
9a9f3e
c0eecd
fcfb2a
eb9630
a37411
443817
081fcd
bd43b0
93a267
810045
a369ce
b8f4c2
4e844b
dbf58e
77dfe3
71c2fd
6dbc67
8cdbdf
1bfdc1
75a532
dc16ec
62f39f
cb1f2f
2c16de
f13b2f
74a73c
aa0c80
ef5115
1e9a11
6cedee
c21a06
3c2dbe
d79acf
4e572f
2df08d
518501
6957fa
1b168c
3dc8b2
e8eab2
7ebf09
30d6bc
edb489
cd7b6a
2ca270
0040b8
3d3633
b29b6a
a6b68a
6f8c90
46a29c
6c8e7f
838121
45f07a
987d8f
8db08f
9dd2d0
879759
3e8abf
e183f9
ffcda5
aa508b
37d767
45688e
48ae46
30549f
b072c5
573613
4e753c
f63386
b8220b
d597fe
c557a1
48f537
36b797
a22ef4
88239c
8fe2c2
a304c5
bc151a
778244
a3364c
0975cd
f15bfb
9a14b9
feb1ed
7cdcae
31d272
da4dd9
b87aa1
f10a19
e31ec5
d1163c
40b88a
8ff656
1a29a5
4d2827
14eaf4
05964b
e03fb9
bf12b0
a7bfed
035853
4dff88
227e6d
849349
33b2c9
94e48b
9c8ed5
9734e2
dfd865
cd8e95
ee560c
8934d1
095b9a
0d5ea9
ac5170
c11945
6b942a
6d7cde
21528c
0e4e16
61e112
cdeea7
97a5ec
40ea2e
c91826
a20eba
c8218d
90fc23
78634a
197b23
f168a2
8ccab3
586cba
50df60
5dcfa1
c347fb
a85e6e
709d46
12f1d7
a1ce33
9c5b6f
65bc04
52a5d3
b02700
ec5efb
83623f
4e80a9
d6e216
14f7fe
1e6e29
32113c
c3a4c0
e1ef1f
67ff2a
ef52bd
8bd6e4
d1c9b6
74522b
25c363
4399d6
88430b
88ec38
b53fba
a935c3
ae8b05
790040
b6aed5
743199
3fd499
9f798a
eddd76
f99a63
23d04b
8315c8
b0ec5f
702aab
ae24ff
ff0a34
7dabc2
746dd1
680d8e
72f34a
bab346
d8a9b3
8c9ca4
1e52e2
4bdff3
56ef3f
f73a9a
1252b5
e5ecd6
9d0232
057f52
4550f6
f4c9ad
468ce1
10461c
bc7356
ab145b
a2665b
108378
a6a75b
aab106
400548
e3e29a
7c0bc2
350eaf
872b79
b3cda2
fe7060
3d583a
461905
f067b2
0a46d1
166d86
15d18b
1b09b5
98be51
8a93d5
5796f8
7fdb13
7bd086
1dbc25
512241
a576b7
55a2ed
b7fd82
5ae218
4a1246
0b842c
e742e3
94281e
846212
2be543
a9e6d8
393247
74a38e
726f2f
baa9a1
712195
01bff6
4aa69c
3fa015
41da00
521475
216fed
1e33ba
bf1efb
9ff978
ab9861
f2de8f
af618e
5f4809
20265d
210ea6
cf09e0
bfca5e
2bde12
20430f
956fd0
0b8672
34e0fb
8684dc
6c1b33
df1192
93d383
3609d8
dcd37d
72bcf4
ecf961
2faad5
a0d7c9
dfdeb5
fe6e2c
ef6b79
a28987
38f6c5
a059f6
e5aad2
758930
fd7150
b1879c
95d26a
2f7339
787ae5
9c1fa7
b47110
df4887
0925a2
73d8f1
9c3574
db2b22
548a4b
2227bc
88e065
83a706
6e7735
e0ff3b
8b89f8
4113f7
b3deec
bf920d
5cb0e3
27f5c3
fabad7
4b2cb9
8658f4
2d58ff
bbfe34
738f5c
01ca31
35d687
7773db
ed0d6c
3c1021
503020
503020
503020
503020
d09070
d09070
d09070
d09070
503020
503020
503020
503020
d09070
d09070
d09070
d09070
503020
503020
503020
503020
d09070
d09070
d09070
d09070
503020
503020
503020
503020
d09070
d09070
d09070
d09070
503020
503020
503020
503020
d09070
d09070
d09070
d09070
503020
503020
503020
503020
d09070
d09070
d09070
d09070
503020
503020
503020
503020
d09070
d09070
d09070
d09070
503020
503020
503020
503020
d09070
d09070
d09070
d09070
503020
503020
503020
503020
d09070
d09070
d09070
d09070
503020
503020
503020
503020
d09070
d09070
d09070
d09070
503020
503020
503020
503020
d09070
d09070
d09070
d09070
503020
503020
503020
503020
d09070
d09070
d09070
d09070
503020
503020
503020
503020
d09070
d09070
d09070
d09070
503020
503020
503020
503020
d09070
d09070
d09070
d09070
503020
503020
503020
503020
d09070
d09070
d09070
d09070
503020
503020
503020
503020
d09070
d09070
d09070
d09070
d09070
d09070
d09070
d09070
503020
503020
503020
503020
d09070
d09070
d09070
d09070
503020
503020
503020
503020
d09070
d09070
d09070
d09070
503020
503020
503020
503020
d09070
d09070
d09070
d09070
503020
503020
503020
503020
d09070
d09070
d09070
d09070
503020
503020
503020
503020
d09070
d09070
d09070
d09070
503020
503020
503020
503020
d09070
d09070
d09070
d09070
503020
503020
503020
503020
d09070
d09070
d09070
d09070
503020
503020
503020
503020
d09070
d09070
d09070
d09070
503020
503020
503020
503020
d09070
d09070
d09070
d09070
503020
503020
503020
503020
d09070
d09070
d09070
d09070
503020
503020
503020
503020
d09070
d09070
d09070
d09070
503020
503020
503020
503020
d09070
d09070
d09070
d09070
503020
503020
503020
503020
d09070
d09070
d09070
d09070
503020
503020
503020
503020
d09070
d09070
d09070
d09070
503020
503020
503020
503020
d09070
d09070
d09070
d09070
503020
503020
503020
503020
503020
503020
503020
503020
d09070
d09070
d09070
d09070
503020
503020
503020
503020
d09070
d09070
d09070
d09070
503020
503020
503020
503020
d09070
d09070
d09070
d09070
503020
503020
503020
503020
d09070
d09070
d09070
d09070
503020
503020
503020
503020
d09070
d09070
d09070
d09070
503020
503020
503020
503020
d09070
d09070
d09070
d09070
503020
503020
503020
503020
d09070
d09070
d09070
d09070
503020
503020
503020
503020
d09070
d09070
d09070
d09070
503020
503020
503020
503020
d09070
d09070
d09070
d09070
503020
503020
503020
503020
d09070
d09070
d09070
d09070
503020
503020
503020
503020
d09070
d09070
d09070
d09070
503020
503020
503020
503020
d09070
d09070
d09070
d09070
503020
503020
503020
503020
d09070
d09070
d09070
d09070
503020
503020
503020
503020
d09070
d09070
d09070
d09070
503020
503020
503020
503020
d09070
d09070
d09070
d09070
503020
503020
503020
503020
d09070
d09070
d09070
d09070
d09070
d09070
d09070
d09070
503020
503020
503020
503020
d09070
d09070
d09070
d09070
503020
503020
503020
503020
d09070
d09070
d09070
d09070
503020
503020
503020
503020
d09070
d09070
d09070
d09070
503020
503020
503020
503020
d09070
d09070
d09070
d09070
503020
503020
503020
503020
d09070
d09070
d09070
d09070
503020
503020
503020
503020
d09070
d09070
d09070
d09070
503020
503020
503020
503020
d09070
d09070
d09070
d09070
503020
503020
503020
503020
d09070
d09070
d09070
d09070
503020
503020
503020
503020
d09070
d09070
d09070
d09070
503020
503020
503020
503020
d09070
d09070
d09070
d09070
503020
503020
503020
503020
d09070
d09070
d09070
d09070
503020
503020
503020
503020
d09070
d09070
d09070
d09070
503020
503020
503020
503020
d09070
d09070
d09070
d09070
503020
503020
503020
503020
d09070
d09070
d09070
d09070
503020
503020
503020
503020
d09070
d09070
d09070
d09070
503020
503020
503020
503020
503020
503020
503020
503020
d09070
d09070
d09070
d09070
503020
503020
503020
503020
d09070
d09070
d09070
d09070
503020
503020
503020
503020
d09070
d09070
d09070
d09070
503020
503020
503020
503020
d09070
d09070
d09070
d09070
503020
503020
503020
503020
d09070
d09070
d09070
d09070
503020
503020
503020
503020
d09070
d09070
d09070
d09070
503020
503020
503020
503020
d09070
d09070
d09070
d09070
503020
503020
503020
503020
d09070
d09070
d09070
d09070
503020
503020
503020
503020
d09070
d09070
d09070
d09070
503020
503020
503020
503020
d09070
d09070
d09070
d09070
503020
503020
503020
503020
d09070
d09070
d09070
d09070
503020
503020
503020
503020
d09070
d09070
d09070
d09070
503020
503020
503020
503020
d09070
d09070
d09070
d09070
503020
503020
503020
503020
d09070
d09070
d09070
d09070
503020
503020
503020
503020
d09070
d09070
d09070
d09070
503020
503020
503020
503020
d09070
d09070
d09070
d09070
d09070
d09070
d09070
d09070
503020
503020
503020
503020
d09070
d09070
d09070
d09070
503020
503020
503020
503020
d09070
d09070
d09070
d09070
503020
503020
503020
503020
d09070
d09070
d09070
d09070
503020
503020
503020
503020
d09070
d09070
d09070
d09070
503020
503020
503020
503020
d09070
d09070
d09070
d09070
503020
503020
503020
503020
d09070
d09070
d09070
d09070
503020
503020
503020
503020
d09070
d09070
d09070
d09070
503020
503020
503020
503020
d09070
d09070
d09070
d09070
503020
503020
503020
503020
d09070
d09070
d09070
d09070
503020
503020
503020
503020
d09070
d09070
d09070
d09070
503020
503020
503020
503020
d09070
d09070
d09070
d09070
503020
503020
503020
503020
d09070
d09070
d09070
d09070
503020
503020
503020
503020
d09070
d09070
d09070
d09070
503020
503020
503020
503020
d09070
d09070
d09070
d09070
503020
503020
503020
503020
d09070
d09070
d09070
d09070
503020
503020
503020
503020
000000
07000b
0e0016
150021
1c002c
230037
2a0042
31004d
380058
3f0063
46006e
4d0079
540084
5b008f
62009a
6900a5
7000b0
7700bb
7e00c6
8500d1
8c00dc
9300e7
9a00f2
a100fd
a80008
af0013
b6001e
bd0029
c40034
cb003f
d2004a
d90055
000903
07090e
0e0919
150924
1c092f
23093a
2a0945
310950
38095b
3f0966
460971
4d097c
540987
5b0992
62099d
6909a8
7009b3
7709be
7e09c9
8509d4
8c09df
9309ea
9a09f5
a10900
a8090b
af0916
b60921
bd092c
c40937
cb0942
d2094d
d90958
001206
071211
0e121c
151227
1c1232
23123d
2a1248
311253
38125e
3f1269
461274
4d127f
54128a
5b1295
6212a0
6912ab
7012b6
7712c1
7e12cc
8512d7
8c12e2
9312ed
9a12f8
a11203
a8120e
af1219
b61224
bd122f
c4123a
cb1245
d21250
d9125b
001b09
071b14
0e1b1f
151b2a
1c1b35
231b40
2a1b4b
311b56
381b61
3f1b6c
461b77
4d1b82
541b8d
5b1b98
621ba3
691bae
701bb9
771bc4
7e1bcf
851bda
8c1be5
931bf0
9a1bfb
a11b06
a81b11
af1b1c
b61b27
bd1b32
c41b3d
cb1b48
d21b53
d91b5e
00240c
072417
0e2422
15242d
1c2438
232443
2a244e
312459
382464
3f246f
46247a
4d2485
542490
5b249b
6224a6
6924b1
7024bc
7724c7
7e24d2
8524dd
8c24e8
9324f3
9a24fe
a12409
a82414
af241f
b6242a
bd2435
c42440
cb244b
d22456
d92461
002d0f
072d1a
0e2d25
152d30
1c2d3b
232d46
2a2d51
312d5c
382d67
3f2d72
462d7d
4d2d88
542d93
5b2d9e
622da9
692db4
702dbf
772dca
7e2dd5
852de0
8c2deb
932df6
9a2d01
a12d0c
a82d17
af2d22
b62d2d
bd2d38
c42d43
cb2d4e
d22d59
d92d64
003612
07361d
0e3628
153633
1c363e
233649
2a3654
31365f
38366a
3f3675
463680
4d368b
543696
5b36a1
6236ac
6936b7
7036c2
7736cd
7e36d8
8536e3
8c36ee
9336f9
9a3604
a1360f
a8361a
af3625
b63630
bd363b
c43646
cb3651
d2365c
d93667
003f15
073f20
0e3f2b
153f36
1c3f41
233f4c
2a3f57
313f62
383f6d
3f3f78
463f83
4d3f8e
543f99
5b3fa4
623faf
693fba
703fc5
773fd0
7e3fdb
853fe6
8c3ff1
933ffc
9a3f07
a13f12
a83f1d
af3f28
b63f33
bd3f3e
c43f49
cb3f54
d23f5f
d93f6a
004818
074823
0e482e
154839
1c4844
23484f
2a485a
314865
384870
3f487b
464886
4d4891
54489c
5b48a7
6248b2
6948bd
7048c8
7748d3
7e48de
8548e9
8c48f4
9348ff
9a480a
a14815
a84820
af482b
b64836
bd4841
c4484c
cb4857
d24862
d9486d
00511b
075126
0e5131
15513c
1c5147
235152
2a515d
315168
385173
3f517e
465189
4d5194
54519f
5b51aa
6251b5
6951c0
7051cb
7751d6
7e51e1
8551ec
8c51f7
935102
9a510d
a15118
a85123
af512e
b65139
bd5144
c4514f
cb515a
d25165
d95170
005a1e
075a29
0e5a34
155a3f
1c5a4a
235a55
2a5a60
315a6b
385a76
3f5a81
465a8c
4d5a97
545aa2
5b5aad
625ab8
695ac3
705ace
775ad9
7e5ae4
855aef
8c5afa
935a05
9a5a10
a15a1b
a85a26
af5a31
b65a3c
bd5a47
c45a52
cb5a5d
d25a68
d95a73
006321
07632c
0e6337
156342
1c634d
236358
2a6363
31636e
386379
3f6384
46638f
4d639a
5463a5
5b63b0
6263bb
6963c6
7063d1
7763dc
7e63e7
8563f2
8c63fd
936308
9a6313
a1631e
a86329
af6334
b6633f
bd634a
c46355
cb6360
d2636b
d96376
006c24
076c2f
0e6c3a
156c45
1c6c50
236c5b
2a6c66
316c71
386c7c
3f6c87
466c92
4d6c9d
546ca8
5b6cb3
626cbe
696cc9
706cd4
776cdf
7e6cea
856cf5
8c6c00
936c0b
9a6c16
a16c21
a86c2c
af6c37
b66c42
bd6c4d
c46c58
cb6c63
d26c6e
d96c79
007527
077532
0e753d
157548
1c7553
23755e
2a7569
317574
38757f
3f758a
467595
4d75a0
5475ab
5b75b6
6275c1
6975cc
7075d7
7775e2
7e75ed
8575f8
8c7503
93750e
9a7519
a17524
a8752f
af753a
b67545
bd7550
c4755b
cb7566
d27571
d9757c
007e2a
077e35
0e7e40
157e4b
1c7e56
237e61
2a7e6c
317e77
387e82
3f7e8d
467e98
4d7ea3
547eae
5b7eb9
627ec4
697ecf
707eda
777ee5
7e7ef0
857efb
8c7e06
937e11
9a7e1c
a17e27
a87e32
af7e3d
b67e48
bd7e53
c47e5e
cb7e69
d27e74
d97e7f
00872d
078738
0e8743
15874e
1c8759
238764
2a876f
31877a
388785
3f8790
46879b
4d87a6
5487b1
5b87bc
6287c7
6987d2
7087dd
7787e8
7e87f3
8587fe
8c8709
938714
9a871f
a1872a
a88735
af8740
b6874b
bd8756
c48761
cb876c
d28777
d98782
009030
07903b
0e9046
159051
1c905c
239067
2a9072
31907d
389088
3f9093
46909e
4d90a9
5490b4
5b90bf
6290ca
6990d5
7090e0
7790eb
7e90f6
859001
8c900c
939017
9a9022
a1902d
a89038
af9043
b6904e
bd9059
c49064
cb906f
d2907a
d99085
009933
07993e
0e9949
159954
1c995f
23996a
2a9975
319980
38998b
3f9996
4699a1
4d99ac
5499b7
5b99c2
6299cd
6999d8
7099e3
7799ee
7e99f9
859904
8c990f
93991a
9a9925
a19930
a8993b
af9946
b69951
bd995c
c49967
cb9972
d2997d
d99988
00a236
07a241
0ea24c
15a257
1ca262
23a26d
2aa278
31a283
38a28e
3fa299
46a2a4
4da2af
54a2ba
5ba2c5
62a2d0
69a2db
70a2e6
77a2f1
7ea2fc
85a207
8ca212
93a21d
9aa228
a1a233
a8a23e
afa249
b6a254
bda25f
c4a26a
cba275
d2a280
d9a28b
00ab39
07ab44
0eab4f
15ab5a
1cab65
23ab70
2aab7b
31ab86
38ab91
3fab9c
46aba7
4dabb2
54abbd
5babc8
62abd3
69abde
70abe9
77abf4
7eabff
85ab0a
8cab15
93ab20
9aab2b
a1ab36
a8ab41
afab4c
b6ab57
bdab62
c4ab6d
cbab78
d2ab83
d9ab8e
00b43c
07b447
0eb452
15b45d
1cb468
23b473
2ab47e
31b489
38b494
3fb49f
46b4aa
4db4b5
54b4c0
5bb4cb
62b4d6
69b4e1
70b4ec
77b4f7
7eb402
85b40d
8cb418
93b423
9ab42e
a1b439
a8b444
afb44f
b6b45a
bdb465
c4b470
cbb47b
d2b486
d9b491
00bd3f
07bd4a
0ebd55
15bd60
1cbd6b
23bd76
2abd81
31bd8c
38bd97
3fbda2
46bdad
4dbdb8
54bdc3
5bbdce
62bdd9
69bde4
70bdef
77bdfa
7ebd05
85bd10
8cbd1b
93bd26
9abd31
a1bd3c
a8bd47
afbd52
b6bd5d
bdbd68
c4bd73
cbbd7e
d2bd89
d9bd94
00c642
07c64d
0ec658
15c663
1cc66e
23c679
2ac684
31c68f
38c69a
3fc6a5
46c6b0
4dc6bb
54c6c6
5bc6d1
62c6dc
69c6e7
70c6f2
77c6fd
7ec608
85c613
8cc61e
93c629
9ac634
a1c63f
a8c64a
afc655
b6c660
bdc66b
c4c676
cbc681
d2c68c
d9c697
00cf45
07cf50
0ecf5b
15cf66
1ccf71
23cf7c
2acf87
31cf92
38cf9d
3fcfa8
46cfb3
4dcfbe
54cfc9
5bcfd4
62cfdf
69cfea
70cff5
77cf00
7ecf0b
85cf16
8ccf21
93cf2c
9acf37
a1cf42
a8cf4d
afcf58
b6cf63
bdcf6e
c4cf79
cbcf84
d2cf8f
d9cf9a
000000
000000
000000
000000
000000
000000
000000
000000
000000
000000
000000
000000
000000
000000
000000
000000
000000
000000
000000
000000
000000
000000
000000
000000
000000
000000
000000
000000
000000
000000
000000
000000
000000
000000
000000
000000
000000
000000
000000
000000
000000
000000
000000
000000
000000
000000
000000
000000
000000
000000
000000
000000
000000
000000
000000
000000
000000
000000
000000
000000
000000
000000
000000
000000
000000
000000
000000
000000
000000
000000
000000
000000
000000
000000
000000
000000
000000
000000
000000
000000
000000
000000
000000
000000
000000
000000
000000
000000
000000
000000
000000
000000
000000
000000
000000
000000
000000
000000
000000
000000
000000
000000
000000
000000
000000
000000
000000
000000
000000
000000
000000
000000
000000
000000
000000
000000
000000
000000
000000
000000
000000
000000
000000
000000
000000
000000
000000
000000
000000
000000
000000
000000
000000
000000
000000
000000
000000
000000
000000
000000
000000
000000
000000
000000
000000
000000
000000
000000
000000
000000
000000
000000
000000
000000
000000
000000
000000
000000
000000
000000
000000
000000
000000
000000
000000
000000
000000
000000
000000
000000
000000
000000
000000
000000
000000
000000
000000
000000
000000
000000
000000
000000
000000
000000
000000
000000
000000
000000
000000
000000
000000
000000
000000
000000
000000
000000
000000
000000
000000
000000
000000
000000
000000
000000
000000
000000
000000
000000
000000
000000
000000
000000
000000
000000
000000
000000
000000
000000
000000
000000
000000
000000
000000
000000
000000
000000
000000
000000
000000
000000
000000
000000
000000
000000
000000
000000
000000
000000
000000
000000
000000
000000
000000
000000
000000
000000
000000
000000
000000
000000
000000
000000
000000
000000
000000
000000
000000
000000
000000
000000
000000
000000
000000
000000
000000
000000
000000
000000
000000
000000
000000
000000
000000
000000
000000
000000
000000
000000
000000
000000
000000
000000
000000
000000
000000
000000
000000
000000
000000
000000
000000
000000
000000
000000
000000
000000
000000
000000
000000
000000
000000
000000
000000
000000
000000
000000
000000
000000
000000
000000
000000
000000
000000
000000
000000
000000
000000
000000
000000
000000
000000
000000
000000
000000
000000
000000
000000
000000
000000
000000
000000
000000
000000
000000
000000
000000
000000
000000
000000
000000
000000
000000
000000
000000
000000
000000
000000
000000
000000
000000
000000
000000
000000
000000
000000
000000
000000
000000
000000
000000
000000
000000
000000
000000
000000
000000
000000
000000
000000
000000
000000
000000
000000
000000
000000
000000
000000
000000
000000
000000
000000
000000
000000
000000
000000
000000
000000
000000
000000
000000
000000
000000
000000
000000
000000
000000
000000
000000
000000
000000
000000
000000
000000
000000
000000
000000
000000
000000
000000
000000
000000
000000
000000
000000
000000
000000
000000
000000
000000
000000
000000
000000
000000
000000
000000
000000
000000
000000
000000
000000
000000
000000
000000
000000
000000
000000
000000
000000
000000
000000
000000
000000
000000
000000
000000
000000
000000
000000
000000
000000
000000
000000
000000
000000
000000
000000
000000
000000
000000
000000
000000
000000
000000
000000
000000
000000
000000
000000
000000
000000
000000
000000
000000
000000
000000
000000
000000
000000
000000
000000
000000
000000
000000
000000
000000
000000
000000
000000
000000
000000
000000
000000
000000
000000
000000
000000
000000
000000
000000
000000
000000
000000
000000
000000
000000
000000
000000
000000
000000
000000
000000
000000
000000
000000
000000
000000
000000
000000
000000
000000
000000
000000
000000
000000
000000
000000
000000
000000
000000
000000
000000
000000
000000
000000
000000
000000
000000
000000
000000
000000
000000
000000
000000
000000
000000
000000
000000
000000
000000
000000
000000
000000
000000
000000
000000
000000
000000
000000
000000
000000
000000
000000
000000
000000
000000
000000
000000
000000
000000
000000
000000
000000
000000
000000
000000
000000
000000
000000
000000
000000
000000
000000
000000
000000
000000
000000
000000
000000
000000
000000
000000
000000
000000
000000
000000
000000
000000
000000
000000
000000
000000
000000
000000
000000
000000
000000
000000
000000
000000
000000
000000
000000
000000
000000
000000
000000
000000
000000
000000
000000
000000
000000
000000
000000
000000
000000
000000
000000
000000
000000
000000
000000
000000
000000
000000
000000
000000
000000
000000
000000
000000
000000
000000
000000
000000
000000
000000
000000
000000
000000
000000
000000
000000
000000
000000
000000
000000
000000
000000
000000
000000
000000
000000
000000
000000
000000
000000
000000
000000
000000
000000
000000
000000
000000
000000
000000
000000
000000
000000
000000
000000
000000
000000
000000
000000
000000
000000
000000
000000
000000
000000
000000
000000
000000
000000
000000
000000
000000
000000
000000
000000
000000
000000
000000
000000
000000
000000
000000
000000
000000
000000
000000
000000
000000
000000
000000
000000
000000
000000
000000
000000
000000
000000
000000
000000
000000
000000
000000
000000
000000
000000
000000
000000
000000
000000
000000
000000
000000
000000
000000
000000
000000
000000
000000
000000
000000
000000
000000
000000
000000
000000
000000
000000
000000
000000
000000
000000
000000
000000
000000
000000
000000
000000
000000
000000
000000
000000
000000
ffffff
ffffff
ffffff
ffffff
ffffff
ffffff
ffffff
ffffff
ffffff
ffffff
ffffff
ffffff
ffffff
ffffff
ffffff
ffffff
ffffff
ffffff
ffffff
ffffff
ffffff
ffffff
ffffff
ffffff
ffffff
ffffff
ffffff
ffffff
ffffff
ffffff
ffffff
ffffff
ffffff
ffffff
ffffff
ffffff
ffffff
ffffff
ffffff
ffffff
ffffff
ffffff
ffffff
ffffff
ffffff
ffffff
ffffff
ffffff
ffffff
ffffff
ffffff
ffffff
ffffff
ffffff
ffffff
ffffff
ffffff
ffffff
ffffff
ffffff
ffffff
ffffff
ffffff
ffffff
ffffff
ffffff
ffffff
ffffff
ffffff
ffffff
ffffff
ffffff
ffffff
ffffff
ffffff
ffffff
ffffff
ffffff
ffffff
ffffff
ffffff
ffffff
ffffff
ffffff
ffffff
ffffff
ffffff
ffffff
ffffff
ffffff
ffffff
ffffff
ffffff
ffffff
ffffff
ffffff
ffffff
ffffff
ffffff
ffffff
ffffff
ffffff
ffffff
ffffff
ffffff
ffffff
ffffff
ffffff
ffffff
ffffff
ffffff
ffffff
ffffff
ffffff
ffffff
ffffff
ffffff
ffffff
ffffff
ffffff
ffffff
ffffff
ffffff
ffffff
ffffff
ffffff
ffffff
ffffff
ffffff
ffffff
ffffff
ffffff
ffffff
ffffff
ffffff
ffffff
ffffff
ffffff
ffffff
ffffff
ffffff
ffffff
ffffff
ffffff
ffffff
ffffff
ffffff
ffffff
ffffff
ffffff
ffffff
ffffff
ffffff
ffffff
ffffff
ffffff
ffffff
ffffff
ffffff
ffffff
ffffff
ffffff
ffffff
ffffff
ffffff
ffffff
ffffff
ffffff
ffffff
ffffff
ffffff
ffffff
ffffff
ffffff
ffffff
ffffff
ffffff
ffffff
ffffff
ffffff
ffffff
ffffff
ffffff
ffffff
ffffff
ffffff
ffffff
ffffff
ffffff
ffffff
ffffff
ffffff
ffffff
ffffff
ffffff
ffffff
ffffff
ffffff
ffffff
ffffff
ffffff
ffffff
ffffff
ffffff
ffffff
ffffff
ffffff
ffffff
ffffff
ffffff
ffffff
ffffff
ffffff
ffffff
ffffff
ffffff
ffffff
ffffff
ffffff
ffffff
ffffff
ffffff
ffffff
ffffff
ffffff
ffffff
ffffff
ffffff
ffffff
ffffff
ffffff
ffffff
ffffff
ffffff
ffffff
ffffff
ffffff
ffffff
ffffff
ffffff
ffffff
ffffff
ffffff
ffffff
ffffff
ffffff
ffffff
ffffff
ffffff
ffffff
ffffff
ffffff
ffffff
ffffff
ffffff
ffffff
ffffff
ffffff
ffffff
ffffff
ffffff
ffffff
ffffff
ffffff
ffffff
ffffff
ffffff
ffffff
ffffff
ffffff
ffffff
ffffff
ffffff
ffffff
ffffff
ffffff
ffffff
ffffff
ffffff
ffffff
ffffff
ffffff
ffffff
ffffff
ffffff
ffffff
ffffff
ffffff
ffffff
ffffff
ffffff
ffffff
ffffff
ffffff
ffffff
ffffff
ffffff
ffffff
ffffff
ffffff
ffffff
ffffff
ffffff
ffffff
ffffff
ffffff
ffffff
ffffff
ffffff
ffffff
ffffff
ffffff
ffffff
ffffff
ffffff
ffffff
ffffff
ffffff
ffffff
ffffff
ffffff
ffffff
ffffff
ffffff
ffffff
ffffff
ffffff
ffffff
ffffff
ffffff
ffffff
ffffff
ffffff
ffffff
ffffff
ffffff
ffffff
ffffff
ffffff
ffffff
ffffff
ffffff
ffffff
ffffff
ffffff
ffffff
ffffff
ffffff
ffffff
ffffff
ffffff
ffffff
ffffff
ffffff
ffffff
ffffff
ffffff
ffffff
ffffff
ffffff
ffffff
ffffff
ffffff
ffffff
ffffff
ffffff
ffffff
ffffff
ffffff
ffffff
ffffff
ffffff
ffffff
ffffff
ffffff
ffffff
ffffff
ffffff
ffffff
ffffff
ffffff
ffffff
ffffff
ffffff
ffffff
ffffff
ffffff
ffffff
ffffff
ffffff
ffffff
ffffff
ffffff
ffffff
ffffff
ffffff
ffffff
ffffff
ffffff
ffffff
ffffff
ffffff
ffffff
ffffff
ffffff
ffffff
ffffff
ffffff
ffffff
ffffff
ffffff
ffffff
ffffff
ffffff
ffffff
ffffff
ffffff
ffffff
ffffff
ffffff
ffffff
ffffff
ffffff
ffffff
ffffff
ffffff
ffffff
ffffff
ffffff
ffffff
ffffff
ffffff
ffffff
ffffff
ffffff
ffffff
ffffff
ffffff
ffffff
ffffff
ffffff
ffffff
ffffff
ffffff
ffffff
ffffff
ffffff
ffffff
ffffff
ffffff
ffffff
ffffff
ffffff
ffffff
ffffff
ffffff
ffffff
ffffff
ffffff
ffffff
ffffff
ffffff
ffffff
ffffff
ffffff
ffffff
ffffff
ffffff
ffffff
ffffff
ffffff
ffffff
ffffff
ffffff
ffffff
ffffff
ffffff
ffffff
ffffff
ffffff
ffffff
ffffff
ffffff
ffffff
ffffff
ffffff
ffffff
ffffff
ffffff
ffffff
ffffff
ffffff
ffffff
ffffff
ffffff
ffffff
ffffff
ffffff
ffffff
ffffff
ffffff
ffffff
ffffff
ffffff
ffffff
ffffff
ffffff
ffffff
ffffff
ffffff
ffffff
ffffff
ffffff
ffffff
ffffff
ffffff
ffffff
ffffff
ffffff
ffffff
ffffff
ffffff
ffffff
ffffff
ffffff
ffffff
ffffff
ffffff
ffffff
ffffff
ffffff
ffffff
ffffff
ffffff
ffffff
ffffff
ffffff
ffffff
ffffff
ffffff
ffffff
ffffff
ffffff
ffffff
ffffff
ffffff
ffffff
ffffff
ffffff
ffffff
ffffff
ffffff
ffffff
ffffff
ffffff
ffffff
ffffff
ffffff
ffffff
ffffff
ffffff
ffffff
ffffff
ffffff
ffffff
ffffff
ffffff
ffffff
ffffff
ffffff
ffffff
ffffff
ffffff
ffffff
ffffff
ffffff
ffffff
ffffff
ffffff
ffffff
ffffff
ffffff
ffffff
ffffff
ffffff
ffffff
ffffff
ffffff
ffffff
ffffff
ffffff
ffffff
ffffff
ffffff
ffffff
ffffff
ffffff
ffffff
ffffff
ffffff
ffffff
ffffff
ffffff
ffffff
ffffff
ffffff
ffffff
ffffff
ffffff
ffffff
ffffff
ffffff
ffffff
ffffff
ffffff
ffffff
ffffff
ffffff
ffffff
ffffff
ffffff
ffffff
ffffff
ffffff
ffffff
ffffff
ffffff
ffffff
ffffff
ffffff
ffffff
ffffff
ffffff
ffffff
ffffff
ffffff
ffffff
ffffff
ffffff
ffffff
ffffff
ffffff
ffffff
ffffff
ffffff
ffffff
ffffff
ffffff
ffffff
ffffff
ffffff
ffffff
ffffff
ffffff
ffffff
ffffff
ffffff
ffffff
ffffff
ffffff
ffffff
ffffff
ffffff
ffffff
ffffff
ffffff
ffffff
ffffff
ffffff
ffffff
ffffff
ffffff
ffffff
ffffff
ffffff
ffffff
ffffff
ffffff
ffffff
ffffff
ffffff
ffffff
ffffff
ffffff
ffffff
ffffff
ffffff
ffffff
ffffff
ffffff
ffffff
ffffff
ffffff
ffffff
ffffff
ffffff
ffffff
ffffff
ffffff
ffffff
ffffff
ffffff
ffffff
ffffff
ffffff
ffffff
ffffff
ffffff
ffffff
ffffff
ffffff
ffffff
ffffff
ffffff
ffffff
ffffff
ffffff
ffffff
ffffff
ffffff
ffffff
ffffff
ffffff
ffffff
ffffff
ffffff
ffffff
ffffff
ffffff
ffffff
ffffff
ffffff
ffffff
ffffff
ffffff
ffffff
ffffff
ffffff
ffffff
ffffff
ffffff
ffffff
ffffff
ffffff
ffffff
ffffff
ffffff
ffffff
ffffff
ffffff
ffffff
ffffff
ffffff
ffffff
ffffff
ffffff
ffffff
ffffff
ffffff
ffffff
ffffff
ffffff
ffffff
ffffff
ffffff
ffffff
ffffff
ffffff
000000
000000
000000
000000
000000
000000
000000
000000
000000
000000
000000
000000
000000
000000
000000
000000
ffffff
ffffff
ffffff
ffffff
ffffff
ffffff
ffffff
ffffff
ffffff
ffffff
ffffff
ffffff
ffffff
ffffff
ffffff
ffffff
000000
000000
000000
000000
000000
000000
000000
000000
000000
000000
000000
000000
000000
000000
000000
000000
ffffff
ffffff
ffffff
ffffff
ffffff
ffffff
ffffff
ffffff
ffffff
ffffff
ffffff
ffffff
ffffff
ffffff
ffffff
ffffff
000000
000000
000000
000000
000000
000000
000000
000000
000000
000000
000000
000000
000000
000000
000000
000000
ffffff
ffffff
ffffff
ffffff
ffffff
ffffff
ffffff
ffffff
ffffff
ffffff
ffffff
ffffff
ffffff
ffffff
ffffff
ffffff
000000
000000
000000
000000
000000
000000
000000
000000
000000
000000
000000
000000
000000
000000
000000
000000
ffffff
ffffff
ffffff
ffffff
ffffff
ffffff
ffffff
ffffff
ffffff
ffffff
ffffff
ffffff
ffffff
ffffff
ffffff
ffffff
000000
000000
000000
000000
000000
000000
000000
000000
000000
000000
000000
000000
000000
000000
000000
000000
ffffff
ffffff
ffffff
ffffff
ffffff
ffffff
ffffff
ffffff
ffffff
ffffff
ffffff
ffffff
ffffff
ffffff
ffffff
ffffff
000000
000000
000000
000000
000000
000000
000000
000000
000000
000000
000000
000000
000000
000000
000000
000000
ffffff
ffffff
ffffff
ffffff
ffffff
ffffff
ffffff
ffffff
ffffff
ffffff
ffffff
ffffff
ffffff
ffffff
ffffff
ffffff
000000
000000
000000
000000
000000
000000
000000
000000
000000
000000
000000
000000
000000
000000
000000
000000
ffffff
ffffff
ffffff
ffffff
ffffff
ffffff
ffffff
ffffff
ffffff
ffffff
ffffff
ffffff
ffffff
ffffff
ffffff
ffffff
000000
000000
000000
000000
000000
000000
000000
000000
000000
000000
000000
000000
000000
000000
000000
000000
ffffff
ffffff
ffffff
ffffff
ffffff
ffffff
ffffff
ffffff
ffffff
ffffff
ffffff
ffffff
ffffff
ffffff
ffffff
ffffff
000000
000000
000000
000000
000000
000000
000000
000000
000000
000000
000000
000000
000000
000000
000000
000000
ffffff
ffffff
ffffff
ffffff
ffffff
ffffff
ffffff
ffffff
ffffff
ffffff
ffffff
ffffff
ffffff
ffffff
ffffff
ffffff
000000
000000
000000
000000
000000
000000
000000
000000
000000
000000
000000
000000
000000
000000
000000
000000
ffffff
ffffff
ffffff
ffffff
ffffff
ffffff
ffffff
ffffff
ffffff
ffffff
ffffff
ffffff
ffffff
ffffff
ffffff
ffffff
000000
000000
000000
000000
000000
000000
000000
000000
000000
000000
000000
000000
000000
000000
000000
000000
ffffff
ffffff
ffffff
ffffff
ffffff
ffffff
ffffff
ffffff
ffffff
ffffff
ffffff
ffffff
ffffff
ffffff
ffffff
ffffff
000000
000000
000000
000000
000000
000000
000000
000000
000000
000000
000000
000000
000000
000000
000000
000000
ffffff
ffffff
ffffff
ffffff
ffffff
ffffff
ffffff
ffffff
ffffff
ffffff
ffffff
ffffff
ffffff
ffffff
ffffff
ffffff
000000
000000
000000
000000
000000
000000
000000
000000
000000
000000
000000
000000
000000
000000
000000
000000
ffffff
ffffff
ffffff
ffffff
ffffff
ffffff
ffffff
ffffff
ffffff
ffffff
ffffff
ffffff
ffffff
ffffff
ffffff
ffffff
000000
000000
000000
000000
000000
000000
000000
000000
000000
000000
000000
000000
000000
000000
000000
000000
ffffff
ffffff
ffffff
ffffff
ffffff
ffffff
ffffff
ffffff
ffffff
ffffff
ffffff
ffffff
ffffff
ffffff
ffffff
ffffff
000000
000000
000000
000000
000000
000000
000000
000000
000000
000000
000000
000000
000000
000000
000000
000000
ffffff
ffffff
ffffff
ffffff
ffffff
ffffff
ffffff
ffffff
ffffff
ffffff
ffffff
ffffff
ffffff
ffffff
ffffff
ffffff
000000
000000
000000
000000
000000
000000
000000
000000
000000
000000
000000
000000
000000
000000
000000
000000
ffffff
ffffff
ffffff
ffffff
ffffff
ffffff
ffffff
ffffff
ffffff
ffffff
ffffff
ffffff
ffffff
ffffff
ffffff
ffffff
000000
000000
000000
000000
000000
000000
000000
000000
000000
000000
000000
000000
000000
000000
000000
000000
ffffff
ffffff
ffffff
ffffff
ffffff
ffffff
ffffff
ffffff
ffffff
ffffff
ffffff
ffffff
ffffff
ffffff
ffffff
ffffff
000000
000000
000000
000000
000000
000000
000000
000000
000000
000000
000000
000000
000000
000000
000000
000000
ffffff
ffffff
ffffff
ffffff
ffffff
ffffff
ffffff
ffffff
ffffff
ffffff
ffffff
ffffff
ffffff
ffffff
ffffff
ffffff
000000
000000
000000
000000
000000
000000
000000
000000
000000
000000
000000
000000
000000
000000
000000
000000
ffffff
ffffff
ffffff
ffffff
ffffff
ffffff
ffffff
ffffff
ffffff
ffffff
ffffff
ffffff
ffffff
ffffff
ffffff
ffffff
000000
000000
000000
000000
000000
000000
000000
000000
000000
000000
000000
000000
000000
000000
000000
000000
ffffff
ffffff
ffffff
ffffff
ffffff
ffffff
ffffff
ffffff
ffffff
ffffff
ffffff
ffffff
ffffff
ffffff
ffffff
ffffff
000000
000000
000000
000000
000000
000000
000000
000000
000000
000000
000000
000000
000000
000000
000000
000000
ffffff
ffffff
ffffff
ffffff
ffffff
ffffff
ffffff
ffffff
ffffff
ffffff
ffffff
ffffff
ffffff
ffffff
ffffff
ffffff
000000
000000
000000
000000
000000
000000
000000
000000
000000
000000
000000
000000
000000
000000
000000
000000
ffffff
ffffff
ffffff
ffffff
ffffff
ffffff
ffffff
ffffff
ffffff
ffffff
ffffff
ffffff
ffffff
ffffff
ffffff
ffffff
000000
000000
000000
000000
000000
000000
000000
000000
000000
000000
000000
000000
000000
000000
000000
000000
ffffff
ffffff
ffffff
ffffff
ffffff
ffffff
ffffff
ffffff
ffffff
ffffff
ffffff
ffffff
ffffff
ffffff
ffffff
ffffff
000000
000000
000000
000000
000000
000000
000000
000000
000000
000000
000000
000000
000000
000000
000000
000000
ffffff
ffffff
ffffff
ffffff
ffffff
ffffff
ffffff
ffffff
ffffff
ffffff
ffffff
ffffff
ffffff
ffffff
ffffff
ffffff
000000
000000
000000
000000
000000
000000
000000
000000
000000
000000
000000
000000
000000
000000
000000
000000
000000
000000
000000
000000
000000
000000
000000
000000
000000
000000
000000
000000
000000
000000
000000
000000
000000
000000
000000
000000
000000
000000
000000
000000
000000
000000
000000
000000
000000
000000
000000
000000
000000
000000
000000
000000
000000
000000
000000
000000
000000
000000
000000
000000
000000
000000
000000
000000
000000
000000
000000
000000
000000
000000
000000
000000
000000
000000
000000
000000
000000
000000
000000
000000
000000
000000
000000
000000
000000
000000
000000
000000
000000
000000
000000
000000
000000
000000
000000
000000
000000
000000
000000
000000
000000
000000
000000
000000
000000
000000
000000
000000
000000
000000
000000
000000
000000
000000
000000
000000
000000
000000
000000
000000
000000
000000
000000
000000
000000
000000
000000
000000
000000
000000
000000
000000
000000
000000
000000
000000
000000
000000
000000
000000
000000
000000
000000
000000
000000
000000
000000
000000
000000
000000
000000
000000
000000
000000
000000
000000
000000
000000
000000
000000
000000
000000
000000
000000
000000
000000
000000
000000
000000
000000
000000
000000
000000
000000
000000
000000
000000
000000
000000
000000
000000
000000
000000
000000
000000
000000
000000
000000
000000
000000
000000
000000
000000
000000
000000
000000
000000
000000
000000
000000
000000
000000
000000
000000
000000
000000
000000
000000
000000
000000
000000
000000
000000
000000
000000
000000
000000
000000
000000
000000
000000
000000
000000
000000
000000
000000
000000
000000
000000
000000
000000
000000
000000
000000
000000
000000
000000
000000
000000
000000
000000
000000
000000
000000
000000
000000
000000
000000
000000
000000
000000
000000
000000
000000
000000
000000
000000
000000
000000
000000
000000
000000
000000
000000
000000
000000
000000
000000
000000
000000
000000
000000
000000
000000
000000
000000
000000
000000
000000
000000
000000
000000
000000
000000
000000
000000
000000
000000
000000
000000
000000
000000
000000
000000
000000
000000
000000
000000
000000
000000
000000
000000
000000
000000
000000
000000
000000
000000
000000
000000
000000
000000
000000
000000
000000
000000
000000
000000
000000
000000
000000
000000
000000
000000
000000
000000
000000
000000
000000
000000
000000
000000
000000
000000
000000
000000
000000
000000
000000
000000
000000
000000
000000
000000
000000
000000
000000
000000
000000
000000
000000
000000
000000
000000
000000
000000
000000
000000
000000
000000
000000
000000
000000
000000
000000
000000
000000
000000
000000
000000
000000
000000
000000
000000
000000
000000
000000
000000
000000
000000
000000
000000
000000
000000
ffffff
ffffff
ffffff
ffffff
ffffff
ffffff
ffffff
ffffff
ffffff
ffffff
ffffff
ffffff
ffffff
ffffff
ffffff
ffffff
ffffff
ffffff
ffffff
ffffff
ffffff
ffffff
ffffff
ffffff
ffffff
ffffff
ffffff
ffffff
ffffff
ffffff
ffffff
ffffff
ffffff
ffffff
ffffff
ffffff
ffffff
ffffff
ffffff
ffffff
ffffff
ffffff
ffffff
ffffff
ffffff
ffffff
ffffff
ffffff
ffffff
ffffff
ffffff
ffffff
ffffff
ffffff
ffffff
ffffff
ffffff
ffffff
ffffff
ffffff
ffffff
ffffff
ffffff
ffffff
ffffff
ffffff
ffffff
ffffff
ffffff
ffffff
ffffff
ffffff
ffffff
ffffff
ffffff
ffffff
ffffff
ffffff
ffffff
ffffff
ffffff
ffffff
ffffff
ffffff
ffffff
ffffff
ffffff
ffffff
ffffff
ffffff
ffffff
ffffff
ffffff
ffffff
ffffff
ffffff
ffffff
ffffff
ffffff
ffffff
ffffff
ffffff
ffffff
ffffff
ffffff
ffffff
ffffff
ffffff
ffffff
ffffff
ffffff
ffffff
ffffff
ffffff
ffffff
ffffff
ffffff
ffffff
ffffff
ffffff
ffffff
ffffff
ffffff
ffffff
ffffff
ffffff
ffffff
ffffff
ffffff
ffffff
ffffff
ffffff
ffffff
ffffff
ffffff
ffffff
ffffff
ffffff
ffffff
ffffff
ffffff
ffffff
ffffff
ffffff
ffffff
ffffff
ffffff
ffffff
ffffff
ffffff
ffffff
ffffff
ffffff
ffffff
ffffff
ffffff
ffffff
ffffff
ffffff
ffffff
ffffff
ffffff
ffffff
ffffff
ffffff
ffffff
ffffff
ffffff
ffffff
ffffff
ffffff
ffffff
ffffff
ffffff
ffffff
ffffff
ffffff
ffffff
ffffff
ffffff
ffffff
ffffff
ffffff
ffffff
ffffff
ffffff
ffffff
ffffff
ffffff
ffffff
ffffff
ffffff
ffffff
ffffff
ffffff
ffffff
ffffff
ffffff
ffffff
ffffff
ffffff
ffffff
ffffff
ffffff
ffffff
ffffff
ffffff
ffffff
ffffff
ffffff
ffffff
ffffff
ffffff
ffffff
ffffff
ffffff
ffffff
ffffff
ffffff
ffffff
ffffff
ffffff
ffffff
ffffff
ffffff
ffffff
ffffff
ffffff
ffffff
ffffff
ffffff
ffffff
ffffff
ffffff
ffffff
ffffff
ffffff
ffffff
ffffff
ffffff
ffffff
ffffff
ffffff
ffffff
ffffff
ffffff
ffffff
ffffff
ffffff
ffffff
ffffff
ffffff
ffffff
ffffff
ffffff
ffffff
ffffff
ffffff
ffffff
ffffff
ffffff
ffffff
ffffff
ffffff
ffffff
ffffff
ffffff
ffffff
ffffff
ffffff
ffffff
ffffff
ffffff
ffffff
ffffff
ffffff
ffffff
ffffff
ffffff
ffffff
ffffff
ffffff
ffffff
ffffff
ffffff
ffffff
ffffff
ffffff
ffffff
ffffff
ffffff
ffffff
ffffff
ffffff
ffffff
ffffff
ffffff
ffffff
ffffff
ffffff
ffffff
ffffff
ffffff
ffffff
ffffff
ffffff
ffffff
ffffff
ffffff
ffffff
ffffff
ffffff
ffffff
ffffff
ffffff
ffffff
ffffff
ffffff
ffffff
ffffff
ffffff
ffffff
ffffff
ffffff
ffffff
ffffff
ffffff
ffffff
ffffff
ffffff
ffffff
ffffff
ffffff
ffffff
ffffff
ffffff
ffffff
ffffff
ffffff
ffffff
ffffff
ffffff
ffffff
ffffff
ffffff
ffffff
ffffff
ffffff
ffffff
ffffff
ffffff
ffffff
ffffff
ffffff
ffffff
ffffff
ffffff
ffffff
ffffff
ffffff
ffffff
ffffff
ffffff
ffffff
ffffff
ffffff
ffffff
ffffff
ffffff
ffffff
ffffff
ffffff
ffffff
ffffff
ffffff
ffffff
ffffff
ffffff
ffffff
ffffff
ffffff
ffffff
ffffff
ffffff
000000
000000
000000
000000
000000
000000
000000
000000
000000
000000
000000
000000
000000
000000
000000
000000
000000
000000
000000
000000
000000
000000
000000
000000
000000
000000
000000
000000
000000
000000
000000
000000
000000
000000
000000
000000
000000
000000
000000
000000
000000
000000
000000
000000
000000
000000
000000
000000
000000
000000
000000
000000
000000
000000
000000
000000
000000
000000
000000
000000
000000
000000
000000
000000
000000
000000
000000
000000
000000
000000
000000
000000
000000
000000
000000
000000
000000
000000
000000
000000
000000
000000
000000
000000
000000
000000
000000
000000
000000
000000
000000
000000
000000
000000
000000
000000
000000
000000
000000
000000
000000
000000
000000
000000
000000
000000
000000
000000
000000
000000
000000
000000
000000
000000
000000
000000
000000
000000
000000
000000
000000
000000
000000
000000
000000
000000
000000
000000
000000
000000
000000
000000
000000
000000
000000
000000
000000
000000
000000
000000
000000
000000
000000
000000
000000
000000
000000
000000
000000
000000
000000
000000
000000
000000
000000
000000
000000
000000
000000
000000
000000
000000
000000
000000
000000
000000
000000
000000
000000
000000
000000
000000
000000
000000
000000
000000
000000
000000
000000
000000
000000
000000
000000
000000
000000
000000
000000
000000
000000
000000
000000
000000
000000
000000
000000
000000
000000
000000
000000
000000
000000
000000
000000
000000
000000
000000
000000
000000
000000
000000
000000
000000
000000
000000
000000
000000
000000
000000
000000
000000
000000
000000
000000
000000
000000
000000
000000
000000
000000
000000
000000
000000
000000
000000
000000
000000
000000
000000
000000
000000
000000
000000
000000
000000
000000
000000
000000
000000
000000
000000
000000
000000
000000
000000
000000
000000
000000
000000
000000
000000
000000
000000
000000
000000
000000
000000
000000
000000
000000
000000
000000
000000
000000
000000
000000
000000
000000
000000
000000
000000
000000
000000
000000
000000
000000
000000
000000
000000
000000
000000
000000
000000
000000
000000
000000
000000
000000
000000
000000
000000
000000
000000
000000
000000
000000
000000
000000
000000
000000
000000
000000
000000
000000
000000
000000
000000
000000
000000
000000
000000
000000
000000
000000
000000
000000
000000
000000
000000
000000
000000
000000
000000
000000
000000
000000
000000
000000
000000
000000
000000
000000
000000
000000
000000
000000
000000
000000
000000
000000
000000
000000
000000
000000
000000
000000
000000
000000
000000
000000
000000
000000
000000
000000
000000
000000
000000
000000
000000
000000
000000
000000
000000
000000
000000
000000
000000
000000
000000
000000
000000
000000
000000
000000
000000
000000
000000
000000
000000
000000
000000
000000
000000
000000
000000
000000
000000
000000
000000
000000
000000
ffffff
000000
000000
000000
000000
000000
000000
000000
000000
000000
000000
000000
000000
000000
000000
000000
000000
000000
000000
000000
000000
000000
000000
000000
000000
000000
000000
000000
000000
000000
000000
000000
000000
000000
000000
000000
000000
000000
000000
000000
000000
000000
000000
000000
000000
000000
000000
000000
000000
000000
000000
000000
000000
000000
000000
000000
000000
000000
000000
000000
000000
000000
000000
000000
000000
000000
000000
000000
000000
000000
000000
000000
000000
000000
000000
000000
000000
000000
000000
000000
000000
000000
000000
000000
000000
000000
000000
000000
000000
000000
000000
000000
000000
000000
000000
000000
000000
000000
000000
000000
000000
000000
000000
000000
000000
000000
000000
000000
000000
000000
000000
000000
000000
000000
000000
000000
000000
000000
000000
000000
000000
000000
000000
000000
000000
000000
000000
000000
000000
000000
000000
000000
000000
000000
000000
000000
000000
000000
000000
000000
000000
000000
000000
000000
000000
000000
000000
000000
000000
000000
000000
000000
000000
000000
000000
000000
000000
000000
000000
000000
000000
000000
000000
000000
000000
000000
000000
000000
000000
000000
000000
000000
000000
000000
000000
000000
000000
000000
000000
000000
000000
000000
000000
000000
000000
000000
000000
000000
000000
000000
000000
000000
000000
000000
000000
000000
000000
000000
000000
000000
000000
000000
000000
000000
000000
000000
000000
000000
000000
000000
000000
000000
000000
000000
000000
000000
000000
000000
000000
000000
000000
000000
000000
000000
000000
000000
000000
000000
000000
000000
000000
000000
000000
000000
000000
000000
000000
000000
000000
000000
000000
000000
000000
000000
000000
000000
000000
000000
000000
000000
000000
000000
000000
000000
000000
000000
000000
000000
000000
000000
000000
000000
000000
000000
000000
000000
000000
000000
000000
000000
000000
000000
000000
000000
000000
000000
000000
000000
000000
000000
000000
000000
000000
000000
000000
000000
000000
000000
000000
000000
000000
000000
000000
000000
000000
000000
000000
000000
000000
000000
000000
000000
000000
000000
000000
000000
000000
000000
000000
000000
000000
000000
000000
000000
000000
000000
000000
000000
000000
000000
000000
000000
000000
000000
000000
000000
000000
000000
000000
000000
000000
000000
000000
000000
000000
000000
000000
000000
000000
000000
000000
000000
000000
000000
000000
000000
000000
000000
000000
000000
000000
000000
000000
000000
000000
000000
000000
000000
000000
000000
000000
000000
000000
000000
000000
000000
000000
000000
8f7caa
105b48
6d94e6
307767
e38853
b42154
643dac
abc427
1052a6
ece6f9
0ee6b6
851f1d
cdf961
320000
1d8f59
606b80
8a6b5a
0ccdcd
799e17
f6453c
93a57e
abd5b6
588ac7
6a8792
5be02d
7094c2
3381cf
7b5c19
559e14
b622d6
80c356
d9bd50
00cdab
04f4b4
b23acc
18101f
776dda
7c7259
0051b5
f4a84f
d8182e
dbc81d
085d2c
2e49e6
b9215b
a5cc82
5696c5
41eee1
2e46c9
204bf4
b601ab
bd4e67
361e01
2e964d
6a5a70
084014
8e7d63
44a835
321661
e93b26
179579
5159e5
ae2c50
3329bc
50fc49
31a3b7
51a848
abe597
2e8550
5ed244
be2c3a
b3ad9e
876e99
829b70
6cb021
73ded5
00ba56
67182c
decc39
8474ee
0a09af
cbd504
09e8ee
72633b
6828c6
cbeea3
3d28d0
fd354a
dd1f08
be44da
2068aa
9e4e9a
9790df
05fdcc
48b5bc
f60948
d67c83
ccc2f6
c71e28
dcf567
3bf8c0
c30f50
045ffe
c3239f
5af04b
ed764a
9c2094
204c0a
8c8d33
ce1c15
984c4a
7b14a9
1e1b6b
3c368f
bb393d
9b1ad6
09b240
039575
ef97b0
4d7756
e6d4cc
b805f3
babf2d
6c4a3b
5d1cff
82dda1
0926e1
f55eb9
299091
e75ce7
f579b5
7181bc
d5e848
af53d6
a8fa34
36b2d9
e0f5b0
4b1980
2d5667
4eb3e9
c3dccb
64285f
ca6741
3ff917
f30a5a
a34cec
463a9f
559cb3
231a7e
923b42
c383cc
d89676
f7ac76
8a4b3f
4c44cb
73c7ce
de9519
f40acb
330362
c015f6
df659f
a04612
40fa8e
4e3459
7ba1ec
a381d6
5f2d1d
282cf7
ce0a11
395755
40b450
5a079a
89892a
996872
376c52
daacf6
19000f
2e2d35
1ba7cd
92088f
db0f7d
aecd06
01644e
363e35
1e8b9c
f63752
f543ee
310f45
8a2dad
a557cf
736b2a
50e684
096ccb
5b8588
d3d4b5
aa428c
f63b50
d8f943
3a62c8
c3d666
9e3ae9
2e0f17
c71cfd
134ef2
3bca07
724deb
35d94c
1f34fd
befac2
81dbe2
9792fd
8664b4
099014
15fe61
4471f5
2397bd
7897b5
8a89f9
d754bc
5bd05e
054ddb
994a01
68fff0
f5eec9
3a34a3
79e482
86461b
8757f0
e9e161
9c5d79
bba71f
c0473e
3d1658
63ab16
ab28a1
982ec6
ee8e15
7ca712
d09896
4f51cb
ef5e47
82fd37
c206b5
dd9396
ce169d
0bd32c
fa70f6
fd40c0
fb2cd5
e8af9e
b772bf
fd882c
98d8e8
75e5cc
034b2a
ea1ec4
228bc9
dbb9c0
8fa44d
aaf638
155453
5a537d
291087
d413c0
9a9b93
0877d7
e48048
8564c4
dfdfbd
a238c9
b66b86
72eadc
a5dacf
d81282
9c95c6
43a4b9
0c266d
6bd126
bc3b2a
a58128
176f95
9b0255
1d3bdc
3dec69
5da299
f8bbfc
4d4bd8
90fc1c
99b21b
bd6a07
fd873b
047362
591c16
5c8377
f0de78
b63cef
f9976f
fbd47e
1528a1
35f94a
6a36f2
2de96d
a09bb2
7565e1
4196e1
466311
7ab63e
76286c
b1385a
64b23c
0a4bca
bb82ef
fd354c
8abb28
367c5c
22ade4
5931f0
d1af45
c78e2a
3c348f
2e6781
ae5cca
3503ee
f88dec
c10ebe
4e4bb2
336ade
9e2322
274c17
d7b9ed
15a58b
07c31f
5c3fd1
595922
0f9142
fcc5b6
7b3cca
d034d3
11c86d
a0b5c6
8bdc11
932e3b
7ea780
989310
3bc323
bf1c80
dd64e4
3a9bb8
706ce4
fc1ffb
ee302b
b03fb5
04a401
583ac5
d19a55
389eee
a0fd3b
ba93e7
488587
2b3162
d709e5
48978d
d16c76
b5316d
6c4c2b
09ddc6
0f6b77
72b725
c609d6
f9da33
7b749a
6f8d48
ffa508
e5c3fb
60e6f3
cb1788
62e048
3dd72c
1116c6
63760b
0f1c81
203e90
cf3aa1
60097f
ca0598
be9e4a
d2ac8d
623d70
e42183
128922
81ea7b
6d4206
a94040
159289
a2a552
7a7f5c
a8dcf3
fc5876
b94b98
e6a113
45e203
4bf707
f0f662
017f3c
651f8f
1ab520
acc37d
4e9743
6ff8d2
0f3b8f
3de4e7
a8da6b
982e5d
57863e
9fefde
09b880
cd2380
0df26a
a7f242
f75f6f
bbac68
408aeb
d252ab
9ff2fb
e984a1
a15206
593489
23f7b3
43027b
e3af63
6be28d
9233d9
cc5a1a
4d43a0
c1587f
ea835e
fb782f
2cb7d7
e3080d
077f7b
bfcdc6
dd3c8b
5d7f1c
85e518
e6ce8c
df463c
4ef91d
661ab0
07f99a
1da1d0
c2aba9
9a9f3e
c0eecd
fcfb2a
eb9630
a37411
443817
081fcd
bd43b0
93a267
810045
a369ce
b8f4c2
4e844b
dbf58e
77dfe3
71c2fd
6dbc67
8cdbdf
1bfdc1
75a532
dc16ec
62f39f
cb1f2f
2c16de
f13b2f
74a73c
aa0c80
ef5115
1e9a11
6cedee
c21a06
3c2dbe
d79acf
4e572f
2df08d
518501
6957fa
1b168c
3dc8b2
e8eab2
7ebf09
30d6bc
edb489
cd7b6a
2ca270
0040b8
3d3633
b29b6a
a6b68a
6f8c90
46a29c
6c8e7f
838121
45f07a
987d8f
8db08f
9dd2d0
879759
3e8abf
e183f9
ffcda5
aa508b
37d767
45688e
48ae46
30549f
b072c5
573613
4e753c
f63386
b8220b
d597fe
c557a1
48f537
36b797
a22ef4
88239c
8fe2c2
a304c5
bc151a
778244
a3364c
0975cd
f15bfb
9a14b9
feb1ed
7cdcae
31d272
da4dd9
b87aa1
f10a19
e31ec5
d1163c
40b88a
8ff656
1a29a5
4d2827
14eaf4
05964b
e03fb9
bf12b0
a7bfed
035853
4dff88
227e6d
849349
33b2c9
94e48b
9c8ed5
9734e2
dfd865
cd8e95
ee560c
8934d1
095b9a
0d5ea9
ac5170
c11945
6b942a
6d7cde
21528c
0e4e16
61e112
cdeea7
97a5ec
40ea2e
c91826
a20eba
c8218d
90fc23
78634a
197b23
f168a2
8ccab3
586cba
50df60
5dcfa1
c347fb
a85e6e
709d46
12f1d7
a1ce33
9c5b6f
65bc04
52a5d3
b02700
ec5efb
83623f
4e80a9
d6e216
14f7fe
1e6e29
32113c
c3a4c0
e1ef1f
67ff2a
ef52bd
8bd6e4
d1c9b6
74522b
25c363
4399d6
88430b
88ec38
b53fba
a935c3
ae8b05
790040
b6aed5
743199
3fd499
9f798a
eddd76
f99a63
23d04b
8315c8
b0ec5f
702aab
ae24ff
ff0a34
7dabc2
746dd1
680d8e
72f34a
bab346
d8a9b3
8c9ca4
1e52e2
4bdff3
56ef3f
f73a9a
1252b5
e5ecd6
9d0232
057f52
4550f6
f4c9ad
468ce1
10461c
bc7356
ab145b
a2665b
108378
a6a75b
aab106
400548
e3e29a
7c0bc2
350eaf
872b79
b3cda2
fe7060
3d583a
461905
f067b2
0a46d1
166d86
15d18b
1b09b5
98be51
8a93d5
5796f8
7fdb13
7bd086
1dbc25
512241
a576b7
55a2ed
b7fd82
5ae218
4a1246
0b842c
e742e3
94281e
846212
2be543
a9e6d8
393247
74a38e
726f2f
baa9a1
712195
01bff6
4aa69c
3fa015
41da00
521475
216fed
1e33ba
bf1efb
9ff978
ab9861
f2de8f
af618e
5f4809
20265d
210ea6
cf09e0
bfca5e
2bde12
20430f
956fd0
0b8672
34e0fb
8684dc
6c1b33
df1192
93d383
3609d8
dcd37d
72bcf4
ecf961
2faad5
a0d7c9
dfdeb5
fe6e2c
ef6b79
a28987
38f6c5
a059f6
e5aad2
758930
fd7150
b1879c
95d26a
2f7339
787ae5
9c1fa7
b47110
df4887
0925a2
73d8f1
9c3574
db2b22
548a4b
2227bc
88e065
83a706
6e7735
e0ff3b
8b89f8
4113f7
b3deec
bf920d
5cb0e3
27f5c3
fabad7
4b2cb9
8658f4
2d58ff
bbfe34
738f5c
01ca31
35d687
7773db
ed0d6c
3c1021
503020
503020
503020
503020
d09070
d09070
d09070
d09070
503020
503020
503020
503020
d09070
d09070
d09070
d09070
503020
503020
503020
503020
d09070
d09070
d09070
d09070
503020
503020
503020
503020
d09070
d09070
d09070
d09070
503020
503020
503020
503020
d09070
d09070
d09070
d09070
503020
503020
503020
503020
d09070
d09070
d09070
d09070
503020
503020
503020
503020
d09070
d09070
d09070
d09070
503020
503020
503020
503020
d09070
d09070
d09070
d09070
503020
503020
503020
503020
d09070
d09070
d09070
d09070
503020
503020
503020
503020
d09070
d09070
d09070
d09070
503020
503020
503020
503020
d09070
d09070
d09070
d09070
503020
503020
503020
503020
d09070
d09070
d09070
d09070
503020
503020
503020
503020
d09070
d09070
d09070
d09070
503020
503020
503020
503020
d09070
d09070
d09070
d09070
503020
503020
503020
503020
d09070
d09070
d09070
d09070
503020
503020
503020
503020
d09070
d09070
d09070
d09070
d09070
d09070
d09070
d09070
503020
503020
503020
503020
d09070
d09070
d09070
d09070
503020
503020
503020
503020
d09070
d09070
d09070
d09070
503020
503020
503020
503020
d09070
d09070
d09070
d09070
503020
503020
503020
503020
d09070
d09070
d09070
d09070
503020
503020
503020
503020
d09070
d09070
d09070
d09070
503020
503020
503020
503020
d09070
d09070
d09070
d09070
503020
503020
503020
503020
d09070
d09070
d09070
d09070
503020
503020
503020
503020
d09070
d09070
d09070
d09070
503020
503020
503020
503020
d09070
d09070
d09070
d09070
503020
503020
503020
503020
d09070
d09070
d09070
d09070
503020
503020
503020
503020
d09070
d09070
d09070
d09070
503020
503020
503020
503020
d09070
d09070
d09070
d09070
503020
503020
503020
503020
d09070
d09070
d09070
d09070
503020
503020
503020
503020
d09070
d09070
d09070
d09070
503020
503020
503020
503020
d09070
d09070
d09070
d09070
503020
503020
503020
503020
503020
503020
503020
503020
d09070
d09070
d09070
d09070
503020
503020
503020
503020
d09070
d09070
d09070
d09070
503020
503020
503020
503020
d09070
d09070
d09070
d09070
503020
503020
503020
503020
d09070
d09070
d09070
d09070
503020
503020
503020
503020
d09070
d09070
d09070
d09070
503020
503020
503020
503020
d09070
d09070
d09070
d09070
503020
503020
503020
503020
d09070
d09070
d09070
d09070
503020
503020
503020
503020
d09070
d09070
d09070
d09070
503020
503020
503020
503020
d09070
d09070
d09070
d09070
503020
503020
503020
503020
d09070
d09070
d09070
d09070
503020
503020
503020
503020
d09070
d09070
d09070
d09070
503020
503020
503020
503020
d09070
d09070
d09070
d09070
503020
503020
503020
503020
d09070
d09070
d09070
d09070
503020
503020
503020
503020
d09070
d09070
d09070
d09070
503020
503020
503020
503020
d09070
d09070
d09070
d09070
503020
503020
503020
503020
d09070
d09070
d09070
d09070
d09070
d09070
d09070
d09070
503020
503020
503020
503020
d09070
d09070
d09070
d09070
503020
503020
503020
503020
d09070
d09070
d09070
d09070
503020
503020
503020
503020
d09070
d09070
d09070
d09070
503020
503020
503020
503020
d09070
d09070
d09070
d09070
503020
503020
503020
503020
d09070
d09070
d09070
d09070
503020
503020
503020
503020
d09070
d09070
d09070
d09070
503020
503020
503020
503020
d09070
d09070
d09070
d09070
503020
503020
503020
503020
d09070
d09070
d09070
d09070
503020
503020
503020
503020
d09070
d09070
d09070
d09070
503020
503020
503020
503020
d09070
d09070
d09070
d09070
503020
503020
503020
503020
d09070
d09070
d09070
d09070
503020
503020
503020
503020
d09070
d09070
d09070
d09070
503020
503020
503020
503020
d09070
d09070
d09070
d09070
503020
503020
503020
503020
d09070
d09070
d09070
d09070
503020
503020
503020
503020
d09070
d09070
d09070
d09070
503020
503020
503020
503020
503020
503020
503020
503020
d09070
d09070
d09070
d09070
503020
503020
503020
503020
d09070
d09070
d09070
d09070
503020
503020
503020
503020
d09070
d09070
d09070
d09070
503020
503020
503020
503020
d09070
d09070
d09070
d09070
503020
503020
503020
503020
d09070
d09070
d09070
d09070
503020
503020
503020
503020
d09070
d09070
d09070
d09070
503020
503020
503020
503020
d09070
d09070
d09070
d09070
503020
503020
503020
503020
d09070
d09070
d09070
d09070
503020
503020
503020
503020
d09070
d09070
d09070
d09070
503020
503020
503020
503020
d09070
d09070
d09070
d09070
503020
503020
503020
503020
d09070
d09070
d09070
d09070
503020
503020
503020
503020
d09070
d09070
d09070
d09070
503020
503020
503020
503020
d09070
d09070
d09070
d09070
503020
503020
503020
503020
d09070
d09070
d09070
d09070
503020
503020
503020
503020
d09070
d09070
d09070
d09070
503020
503020
503020
503020
d09070
d09070
d09070
d09070
d09070
d09070
d09070
d09070
503020
503020
503020
503020
d09070
d09070
d09070
d09070
503020
503020
503020
503020
d09070
d09070
d09070
d09070
503020
503020
503020
503020
d09070
d09070
d09070
d09070
503020
503020
503020
503020
d09070
d09070
d09070
d09070
503020
503020
503020
503020
d09070
d09070
d09070
d09070
503020
503020
503020
503020
d09070
d09070
d09070
d09070
503020
503020
503020
503020
d09070
d09070
d09070
d09070
503020
503020
503020
503020
d09070
d09070
d09070
d09070
503020
503020
503020
503020
d09070
d09070
d09070
d09070
503020
503020
503020
503020
d09070
d09070
d09070
d09070
503020
503020
503020
503020
d09070
d09070
d09070
d09070
503020
503020
503020
503020
d09070
d09070
d09070
d09070
503020
503020
503020
503020
d09070
d09070
d09070
d09070
503020
503020
503020
503020
d09070
d09070
d09070
d09070
503020
503020
503020
503020
d09070
d09070
d09070
d09070
503020
503020
503020
503020
000000
07000b
0e0016
150021
1c002c
230037
2a0042
31004d
380058
3f0063
46006e
4d0079
540084
5b008f
62009a
6900a5
7000b0
7700bb
7e00c6
8500d1
8c00dc
9300e7
9a00f2
a100fd
a80008
af0013
b6001e
bd0029
c40034
cb003f
d2004a
d90055
000903
07090e
0e0919
150924
1c092f
23093a
2a0945
310950
38095b
3f0966
460971
4d097c
540987
5b0992
62099d
6909a8
7009b3
7709be
7e09c9
8509d4
8c09df
9309ea
9a09f5
a10900
a8090b
af0916
b60921
bd092c
c40937
cb0942
d2094d
d90958
001206
071211
0e121c
151227
1c1232
23123d
2a1248
311253
38125e
3f1269
461274
4d127f
54128a
5b1295
6212a0
6912ab
7012b6
7712c1
7e12cc
8512d7
8c12e2
9312ed
9a12f8
a11203
a8120e
af1219
b61224
bd122f
c4123a
cb1245
d21250
d9125b
001b09
071b14
0e1b1f
151b2a
1c1b35
231b40
2a1b4b
311b56
381b61
3f1b6c
461b77
4d1b82
541b8d
5b1b98
621ba3
691bae
701bb9
771bc4
7e1bcf
851bda
8c1be5
931bf0
9a1bfb
a11b06
a81b11
af1b1c
b61b27
bd1b32
c41b3d
cb1b48
d21b53
d91b5e
00240c
072417
0e2422
15242d
1c2438
232443
2a244e
312459
382464
3f246f
46247a
4d2485
542490
5b249b
6224a6
6924b1
7024bc
7724c7
7e24d2
8524dd
8c24e8
9324f3
9a24fe
a12409
a82414
af241f
b6242a
bd2435
c42440
cb244b
d22456
d92461
002d0f
072d1a
0e2d25
152d30
1c2d3b
232d46
2a2d51
312d5c
382d67
3f2d72
462d7d
4d2d88
542d93
5b2d9e
622da9
692db4
702dbf
772dca
7e2dd5
852de0
8c2deb
932df6
9a2d01
a12d0c
a82d17
af2d22
b62d2d
bd2d38
c42d43
cb2d4e
d22d59
d92d64
003612
07361d
0e3628
153633
1c363e
233649
2a3654
31365f
38366a
3f3675
463680
4d368b
543696
5b36a1
6236ac
6936b7
7036c2
7736cd
7e36d8
8536e3
8c36ee
9336f9
9a3604
a1360f
a8361a
af3625
b63630
bd363b
c43646
cb3651
d2365c
d93667
003f15
073f20
0e3f2b
153f36
1c3f41
233f4c
2a3f57
313f62
383f6d
3f3f78
463f83
4d3f8e
543f99
5b3fa4
623faf
693fba
703fc5
773fd0
7e3fdb
853fe6
8c3ff1
933ffc
9a3f07
a13f12
a83f1d
af3f28
b63f33
bd3f3e
c43f49
cb3f54
d23f5f
d93f6a
004818
074823
0e482e
154839
1c4844
23484f
2a485a
314865
384870
3f487b
464886
4d4891
54489c
5b48a7
6248b2
6948bd
7048c8
7748d3
7e48de
8548e9
8c48f4
9348ff
9a480a
a14815
a84820
af482b
b64836
bd4841
c4484c
cb4857
d24862
d9486d
00511b
075126
0e5131
15513c
1c5147
235152
2a515d
315168
385173
3f517e
465189
4d5194
54519f
5b51aa
6251b5
6951c0
7051cb
7751d6
7e51e1
8551ec
8c51f7
935102
9a510d
a15118
a85123
af512e
b65139
bd5144
c4514f
cb515a
d25165
d95170
005a1e
075a29
0e5a34
155a3f
1c5a4a
235a55
2a5a60
315a6b
385a76
3f5a81
465a8c
4d5a97
545aa2
5b5aad
625ab8
695ac3
705ace
775ad9
7e5ae4
855aef
8c5afa
935a05
9a5a10
a15a1b
a85a26
af5a31
b65a3c
bd5a47
c45a52
cb5a5d
d25a68
d95a73
006321
07632c
0e6337
156342
1c634d
236358
2a6363
31636e
386379
3f6384
46638f
4d639a
5463a5
5b63b0
6263bb
6963c6
7063d1
7763dc
7e63e7
8563f2
8c63fd
936308
9a6313
a1631e
a86329
af6334
b6633f
bd634a
c46355
cb6360
d2636b
d96376
006c24
076c2f
0e6c3a
156c45
1c6c50
236c5b
2a6c66
316c71
386c7c
3f6c87
466c92
4d6c9d
546ca8
5b6cb3
626cbe
696cc9
706cd4
776cdf
7e6cea
856cf5
8c6c00
936c0b
9a6c16
a16c21
a86c2c
af6c37
b66c42
bd6c4d
c46c58
cb6c63
d26c6e
d96c79
007527
077532
0e753d
157548
1c7553
23755e
2a7569
317574
38757f
3f758a
467595
4d75a0
5475ab
5b75b6
6275c1
6975cc
7075d7
7775e2
7e75ed
8575f8
8c7503
93750e
9a7519
a17524
a8752f
af753a
b67545
bd7550
c4755b
cb7566
d27571
d9757c
007e2a
077e35
0e7e40
157e4b
1c7e56
237e61
2a7e6c
317e77
387e82
3f7e8d
467e98
4d7ea3
547eae
5b7eb9
627ec4
697ecf
707eda
777ee5
7e7ef0
857efb
8c7e06
937e11
9a7e1c
a17e27
a87e32
af7e3d
b67e48
bd7e53
c47e5e
cb7e69
d27e74
d97e7f
00872d
078738
0e8743
15874e
1c8759
238764
2a876f
31877a
388785
3f8790
46879b
4d87a6
5487b1
5b87bc
6287c7
6987d2
7087dd
7787e8
7e87f3
8587fe
8c8709
938714
9a871f
a1872a
a88735
af8740
b6874b
bd8756
c48761
cb876c
d28777
d98782
009030
07903b
0e9046
159051
1c905c
239067
2a9072
31907d
389088
3f9093
46909e
4d90a9
5490b4
5b90bf
6290ca
6990d5
7090e0
7790eb
7e90f6
859001
8c900c
939017
9a9022
a1902d
a89038
af9043
b6904e
bd9059
c49064
cb906f
d2907a
d99085
009933
07993e
0e9949
159954
1c995f
23996a
2a9975
319980
38998b
3f9996
4699a1
4d99ac
5499b7
5b99c2
6299cd
6999d8
7099e3
7799ee
7e99f9
859904
8c990f
93991a
9a9925
a19930
a8993b
af9946
b69951
bd995c
c49967
cb9972
d2997d
d99988
00a236
07a241
0ea24c
15a257
1ca262
23a26d
2aa278
31a283
38a28e
3fa299
46a2a4
4da2af
54a2ba
5ba2c5
62a2d0
69a2db
70a2e6
77a2f1
7ea2fc
85a207
8ca212
93a21d
9aa228
a1a233
a8a23e
afa249
b6a254
bda25f
c4a26a
cba275
d2a280
d9a28b
00ab39
07ab44
0eab4f
15ab5a
1cab65
23ab70
2aab7b
31ab86
38ab91
3fab9c
46aba7
4dabb2
54abbd
5babc8
62abd3
69abde
70abe9
77abf4
7eabff
85ab0a
8cab15
93ab20
9aab2b
a1ab36
a8ab41
afab4c
b6ab57
bdab62
c4ab6d
cbab78
d2ab83
d9ab8e
00b43c
07b447
0eb452
15b45d
1cb468
23b473
2ab47e
31b489
38b494
3fb49f
46b4aa
4db4b5
54b4c0
5bb4cb
62b4d6
69b4e1
70b4ec
77b4f7
7eb402
85b40d
8cb418
93b423
9ab42e
a1b439
a8b444
afb44f
b6b45a
bdb465
c4b470
cbb47b
d2b486
d9b491
00bd3f
07bd4a
0ebd55
15bd60
1cbd6b
23bd76
2abd81
31bd8c
38bd97
3fbda2
46bdad
4dbdb8
54bdc3
5bbdce
62bdd9
69bde4
70bdef
77bdfa
7ebd05
85bd10
8cbd1b
93bd26
9abd31
a1bd3c
a8bd47
afbd52
b6bd5d
bdbd68
c4bd73
cbbd7e
d2bd89
d9bd94
00c642
07c64d
0ec658
15c663
1cc66e
23c679
2ac684
31c68f
38c69a
3fc6a5
46c6b0
4dc6bb
54c6c6
5bc6d1
62c6dc
69c6e7
70c6f2
77c6fd
7ec608
85c613
8cc61e
93c629
9ac634
a1c63f
a8c64a
afc655
b6c660
bdc66b
c4c676
cbc681
d2c68c
d9c697
00cf45
07cf50
0ecf5b
15cf66
1ccf71
23cf7c
2acf87
31cf92
38cf9d
3fcfa8
46cfb3
4dcfbe
54cfc9
5bcfd4
62cfdf
69cfea
70cff5
77cf00
7ecf0b
85cf16
8ccf21
93cf2c
9acf37
a1cf42
a8cf4d
afcf58
b6cf63
bdcf6e
c4cf79
cbcf84
d2cf8f
d9cf9a
000000
000000
000000
000000
000000
000000
000000
000000
000000
000000
000000
000000
000000
000000
000000
000000
000000
000000
000000
000000
000000
000000
000000
000000
000000
000000
000000
000000
000000
000000
000000
000000
000000
000000
000000
000000
000000
000000
000000
000000
000000
000000
000000
000000
000000
000000
000000
000000
000000
000000
000000
000000
000000
000000
000000
000000
000000
000000
000000
000000
000000
000000
000000
000000
000000
000000
000000
000000
000000
000000
000000
000000
000000
000000
000000
000000
000000
000000
000000
000000
000000
000000
000000
000000
000000
000000
000000
000000
000000
000000
000000
000000
000000
000000
000000
000000
000000
000000
000000
000000
000000
000000
000000
000000
000000
000000
000000
000000
000000
000000
000000
000000
000000
000000
000000
000000
000000
000000
000000
000000
000000
000000
000000
000000
000000
000000
000000
000000
000000
000000
000000
000000
000000
000000
000000
000000
000000
000000
000000
000000
000000
000000
000000
000000
000000
000000
000000
000000
000000
000000
000000
000000
000000
000000
000000
000000
000000
000000
000000
000000
000000
000000
000000
000000
000000
000000
000000
000000
000000
000000
000000
000000
000000
000000
000000
000000
000000
000000
000000
000000
000000
000000
000000
000000
000000
000000
000000
000000
000000
000000
000000
000000
000000
000000
000000
000000
000000
000000
000000
000000
000000
000000
000000
000000
000000
000000
000000
000000
000000
000000
000000
000000
000000
000000
000000
000000
000000
000000
000000
000000
000000
000000
000000
000000
000000
000000
000000
000000
000000
000000
000000
000000
000000
000000
000000
000000
000000
000000
000000
000000
000000
000000
000000
000000
000000
000000
000000
000000
000000
000000
000000
000000
000000
000000
000000
000000
000000
000000
000000
000000
000000
000000
000000
000000
000000
000000
000000
000000
000000
000000
000000
000000
000000
000000
000000
000000
000000
000000
000000
000000
000000
000000
000000
000000
000000
000000
000000
000000
000000
000000
000000
000000
000000
000000
000000
000000
000000
000000
000000
000000
000000
000000
000000
000000
000000
000000
000000
000000
000000
000000
000000
000000
000000
000000
000000
000000
000000
000000
000000
000000
000000
000000
000000
000000
000000
000000
000000
000000
000000
000000
000000
000000
000000
000000
000000
000000
000000
000000
000000
000000
000000
000000
000000
000000
000000
000000
000000
000000
000000
000000
000000
000000
000000
000000
000000
000000
000000
000000
000000
000000
000000
000000
000000
000000
000000
000000
000000
000000
000000
000000
000000
000000
000000
000000
000000
000000
000000
000000
000000
000000
000000
000000
000000
000000
000000
000000
000000
000000
000000
000000
000000
000000
000000
000000
000000
000000
000000
000000
000000
000000
000000
000000
000000
000000
000000
000000
000000
000000
000000
000000
000000
000000
000000
000000
000000
000000
000000
000000
000000
000000
000000
000000
000000
000000
000000
000000
000000
000000
000000
000000
000000
000000
000000
000000
000000
000000
000000
000000
000000
000000
000000
000000
000000
000000
000000
000000
000000
000000
000000
000000
000000
000000
000000
000000
000000
000000
000000
000000
000000
000000
000000
000000
000000
000000
000000
000000
000000
000000
000000
000000
000000
000000
000000
000000
000000
000000
000000
000000
000000
000000
000000
000000
000000
000000
000000
000000
000000
000000
000000
000000
000000
000000
000000
000000
000000
000000
000000
000000
000000
000000
000000
000000
000000
000000
000000
000000
000000
000000
000000
000000
000000
000000
000000
000000
000000
000000
000000
000000
000000
000000
000000
000000
000000
000000
000000
000000
000000
000000
000000
000000
000000
000000
000000
000000
000000
000000
000000
000000
000000
000000
000000
000000
000000
000000
000000
000000
000000
000000
000000
000000
000000
000000
000000
000000
000000
000000
000000
000000
000000
000000
000000
000000
000000
000000
000000
000000
000000
000000
000000
000000
000000
000000
000000
000000
000000
000000
000000
000000
000000
000000
000000
000000
000000
000000
000000
000000
000000
000000
000000
000000
000000
000000
000000
000000
000000
000000
000000
000000
000000
000000
000000
000000
000000
000000
000000
000000
000000
000000
000000
000000
000000
000000
000000
000000
000000
000000
000000
000000
000000
000000
000000
000000
000000
000000
000000
000000
000000
000000
000000
000000
000000
000000
000000
000000
000000
000000
000000
000000
000000
000000
000000
000000
000000
000000
000000
000000
000000
000000
000000
000000
000000
000000
000000
000000
000000
000000
000000
000000
000000
000000
000000
000000
000000
000000
000000
000000
000000
000000
000000
000000
000000
000000
000000
000000
000000
000000
000000
000000
000000
000000
000000
000000
000000
000000
000000
000000
000000
000000
000000
000000
000000
000000
000000
000000
000000
000000
000000
000000
000000
000000
000000
000000
000000
000000
000000
000000
000000
000000
000000
000000
000000
000000
000000
000000
000000
000000
000000
000000
000000
000000
000000
000000
000000
000000
000000
000000
000000
000000
000000
000000
000000
000000
000000
000000
000000
000000
000000
000000
000000
000000
000000
000000
000000
000000
000000
000000
000000
000000
000000
000000
000000
000000
000000
000000
000000
000000
000000
000000
000000
000000
000000
000000
000000
000000
000000
000000
000000
000000
ffffff
ffffff
ffffff
ffffff
ffffff
ffffff
ffffff
ffffff
ffffff
ffffff
ffffff
ffffff
ffffff
ffffff
ffffff
ffffff
ffffff
ffffff
ffffff
ffffff
ffffff
ffffff
ffffff
ffffff
ffffff
ffffff
ffffff
ffffff
ffffff
ffffff
ffffff
ffffff
ffffff
ffffff
ffffff
ffffff
ffffff
ffffff
ffffff
ffffff
ffffff
ffffff
ffffff
ffffff
ffffff
ffffff
ffffff
ffffff
ffffff
ffffff
ffffff
ffffff
ffffff
ffffff
ffffff
ffffff
ffffff
ffffff
ffffff
ffffff
ffffff
ffffff
ffffff
ffffff
ffffff
ffffff
ffffff
ffffff
ffffff
ffffff
ffffff
ffffff
ffffff
ffffff
ffffff
ffffff
ffffff
ffffff
ffffff
ffffff
ffffff
ffffff
ffffff
ffffff
ffffff
ffffff
ffffff
ffffff
ffffff
ffffff
ffffff
ffffff
ffffff
ffffff
ffffff
ffffff
ffffff
ffffff
ffffff
ffffff
ffffff
ffffff
ffffff
ffffff
ffffff
ffffff
ffffff
ffffff
ffffff
ffffff
ffffff
ffffff
ffffff
ffffff
ffffff
ffffff
ffffff
ffffff
ffffff
ffffff
ffffff
ffffff
ffffff
ffffff
ffffff
ffffff
ffffff
ffffff
ffffff
ffffff
ffffff
ffffff
ffffff
ffffff
ffffff
ffffff
ffffff
ffffff
ffffff
ffffff
ffffff
ffffff
ffffff
ffffff
ffffff
ffffff
ffffff
ffffff
ffffff
ffffff
ffffff
ffffff
ffffff
ffffff
ffffff
ffffff
ffffff
ffffff
ffffff
ffffff
ffffff
ffffff
ffffff
ffffff
ffffff
ffffff
ffffff
ffffff
ffffff
ffffff
ffffff
ffffff
ffffff
ffffff
ffffff
ffffff
ffffff
ffffff
ffffff
ffffff
ffffff
ffffff
ffffff
ffffff
ffffff
ffffff
ffffff
ffffff
ffffff
ffffff
ffffff
ffffff
ffffff
ffffff
ffffff
ffffff
ffffff
ffffff
ffffff
ffffff
ffffff
ffffff
ffffff
ffffff
ffffff
ffffff
ffffff
ffffff
ffffff
ffffff
ffffff
ffffff
ffffff
ffffff
ffffff
ffffff
ffffff
ffffff
ffffff
ffffff
ffffff
ffffff
ffffff
ffffff
ffffff
ffffff
ffffff
ffffff
ffffff
ffffff
ffffff
ffffff
ffffff
ffffff
ffffff
ffffff
ffffff
ffffff
ffffff
ffffff
ffffff
ffffff
ffffff
ffffff
ffffff
ffffff
ffffff
ffffff
ffffff
ffffff
ffffff
ffffff
ffffff
ffffff
ffffff
ffffff
ffffff
ffffff
ffffff
ffffff
ffffff
ffffff
ffffff
ffffff
ffffff
ffffff
ffffff
ffffff
ffffff
ffffff
ffffff
ffffff
ffffff
ffffff
ffffff
ffffff
ffffff
ffffff
ffffff
ffffff
ffffff
ffffff
ffffff
ffffff
ffffff
ffffff
ffffff
ffffff
ffffff
ffffff
ffffff
ffffff
ffffff
ffffff
ffffff
ffffff
ffffff
ffffff
ffffff
ffffff
ffffff
ffffff
ffffff
ffffff
ffffff
ffffff
ffffff
ffffff
ffffff
ffffff
ffffff
ffffff
ffffff
ffffff
ffffff
ffffff
ffffff
ffffff
ffffff
ffffff
ffffff
ffffff
ffffff
ffffff
ffffff
ffffff
ffffff
ffffff
ffffff
ffffff
ffffff
ffffff
ffffff
ffffff
ffffff
ffffff
ffffff
ffffff
ffffff
ffffff
ffffff
ffffff
ffffff
ffffff
ffffff
ffffff
ffffff
ffffff
ffffff
ffffff
ffffff
ffffff
ffffff
ffffff
ffffff
ffffff
ffffff
ffffff
ffffff
ffffff
ffffff
ffffff
ffffff
ffffff
ffffff
ffffff
ffffff
ffffff
ffffff
ffffff
ffffff
ffffff
ffffff
ffffff
ffffff
ffffff
ffffff
ffffff
ffffff
ffffff
ffffff
ffffff
ffffff
ffffff
ffffff
ffffff
ffffff
ffffff
ffffff
ffffff
ffffff
ffffff
ffffff
ffffff
ffffff
ffffff
ffffff
ffffff
ffffff
ffffff
ffffff
ffffff
ffffff
ffffff
ffffff
ffffff
ffffff
ffffff
ffffff
ffffff
ffffff
ffffff
ffffff
ffffff
ffffff
ffffff
ffffff
ffffff
ffffff
ffffff
ffffff
ffffff
ffffff
ffffff
ffffff
ffffff
ffffff
ffffff
ffffff
ffffff
ffffff
ffffff
ffffff
ffffff
ffffff
ffffff
ffffff
ffffff
ffffff
ffffff
ffffff
ffffff
ffffff
ffffff
ffffff
ffffff
ffffff
ffffff
ffffff
ffffff
ffffff
ffffff
ffffff
ffffff
ffffff
ffffff
ffffff
ffffff
ffffff
ffffff
ffffff
ffffff
ffffff
ffffff
ffffff
ffffff
ffffff
ffffff
ffffff
ffffff
ffffff
ffffff
ffffff
ffffff
ffffff
ffffff
ffffff
ffffff
ffffff
ffffff
ffffff
ffffff
ffffff
ffffff
ffffff
ffffff
ffffff
ffffff
ffffff
ffffff
ffffff
ffffff
ffffff
ffffff
ffffff
ffffff
ffffff
ffffff
ffffff
ffffff
ffffff
ffffff
ffffff
ffffff
ffffff
ffffff
ffffff
ffffff
ffffff
ffffff
ffffff
ffffff
ffffff
ffffff
ffffff
ffffff
ffffff
ffffff
ffffff
ffffff
ffffff
ffffff
ffffff
ffffff
ffffff
ffffff
ffffff
ffffff
ffffff
ffffff
ffffff
ffffff
ffffff
ffffff
ffffff
ffffff
ffffff
ffffff
ffffff
ffffff
ffffff
ffffff
ffffff
ffffff
ffffff
ffffff
ffffff
ffffff
ffffff
ffffff
ffffff
ffffff
ffffff
ffffff
ffffff
ffffff
ffffff
ffffff
ffffff
ffffff
ffffff
ffffff
ffffff
ffffff
ffffff
ffffff
ffffff
ffffff
ffffff
ffffff
ffffff
ffffff
ffffff
ffffff
ffffff
ffffff
ffffff
ffffff
ffffff
ffffff
ffffff
ffffff
ffffff
ffffff
ffffff
ffffff
ffffff
ffffff
ffffff
ffffff
ffffff
ffffff
ffffff
ffffff
ffffff
ffffff
ffffff
ffffff
ffffff
ffffff
ffffff
ffffff
ffffff
ffffff
ffffff
ffffff
ffffff
ffffff
ffffff
ffffff
ffffff
ffffff
ffffff
ffffff
ffffff
ffffff
ffffff
ffffff
ffffff
ffffff
ffffff
ffffff
ffffff
ffffff
ffffff
ffffff
ffffff
ffffff
ffffff
ffffff
ffffff
ffffff
ffffff
ffffff
ffffff
ffffff
ffffff
ffffff
ffffff
ffffff
ffffff
ffffff
ffffff
ffffff
ffffff
ffffff
ffffff
ffffff
ffffff
ffffff
ffffff
ffffff
ffffff
ffffff
ffffff
ffffff
ffffff
ffffff
ffffff
ffffff
ffffff
ffffff
ffffff
ffffff
ffffff
ffffff
ffffff
ffffff
ffffff
ffffff
ffffff
ffffff
ffffff
ffffff
ffffff
ffffff
ffffff
ffffff
ffffff
ffffff
ffffff
ffffff
ffffff
ffffff
ffffff
ffffff
ffffff
ffffff
ffffff
ffffff
ffffff
ffffff
ffffff
ffffff
ffffff
ffffff
ffffff
ffffff
ffffff
ffffff
ffffff
ffffff
ffffff
ffffff
ffffff
ffffff
ffffff
ffffff
ffffff
ffffff
ffffff
ffffff
ffffff
ffffff
ffffff
ffffff
ffffff
ffffff
ffffff
ffffff
ffffff
ffffff
ffffff
ffffff
ffffff
ffffff
ffffff
ffffff
ffffff
ffffff
ffffff
ffffff
ffffff
ffffff
ffffff
ffffff
ffffff
ffffff
ffffff
ffffff
ffffff
ffffff
ffffff
ffffff
ffffff
ffffff
ffffff
ffffff
ffffff
ffffff
ffffff
ffffff
ffffff
ffffff
ffffff
ffffff
ffffff
ffffff
ffffff
ffffff
ffffff
ffffff
ffffff
ffffff
ffffff
ffffff
ffffff
ffffff
000000
000000
000000
000000
000000
000000
000000
000000
000000
000000
000000
000000
000000
000000
000000
000000
ffffff
ffffff
ffffff
ffffff
ffffff
ffffff
ffffff
ffffff
ffffff
ffffff
ffffff
ffffff
ffffff
ffffff
ffffff
ffffff
000000
000000
000000
000000
000000
000000
000000
000000
000000
000000
000000
000000
000000
000000
000000
000000
ffffff
ffffff
ffffff
ffffff
ffffff
ffffff
ffffff
ffffff
ffffff
ffffff
ffffff
ffffff
ffffff
ffffff
ffffff
ffffff
000000
000000
000000
000000
000000
000000
000000
000000
000000
000000
000000
000000
000000
000000
000000
000000
ffffff
ffffff
ffffff
ffffff
ffffff
ffffff
ffffff
ffffff
ffffff
ffffff
ffffff
ffffff
ffffff
ffffff
ffffff
ffffff
000000
000000
000000
000000
000000
000000
000000
000000
000000
000000
000000
000000
000000
000000
000000
000000
ffffff
ffffff
ffffff
ffffff
ffffff
ffffff
ffffff
ffffff
ffffff
ffffff
ffffff
ffffff
ffffff
ffffff
ffffff
ffffff
000000
000000
000000
000000
000000
000000
000000
000000
000000
000000
000000
000000
000000
000000
000000
000000
ffffff
ffffff
ffffff
ffffff
ffffff
ffffff
ffffff
ffffff
ffffff
ffffff
ffffff
ffffff
ffffff
ffffff
ffffff
ffffff
000000
000000
000000
000000
000000
000000
000000
000000
000000
000000
000000
000000
000000
000000
000000
000000
ffffff
ffffff
ffffff
ffffff
ffffff
ffffff
ffffff
ffffff
ffffff
ffffff
ffffff
ffffff
ffffff
ffffff
ffffff
ffffff
000000
000000
000000
000000
000000
000000
000000
000000
000000
000000
000000
000000
000000
000000
000000
000000
ffffff
ffffff
ffffff
ffffff
ffffff
ffffff
ffffff
ffffff
ffffff
ffffff
ffffff
ffffff
ffffff
ffffff
ffffff
ffffff
000000
000000
000000
000000
000000
000000
000000
000000
000000
000000
000000
000000
000000
000000
000000
000000
ffffff
ffffff
ffffff
ffffff
ffffff
ffffff
ffffff
ffffff
ffffff
ffffff
ffffff
ffffff
ffffff
ffffff
ffffff
ffffff
000000
000000
000000
000000
000000
000000
000000
000000
000000
000000
000000
000000
000000
000000
000000
000000
ffffff
ffffff
ffffff
ffffff
ffffff
ffffff
ffffff
ffffff
ffffff
ffffff
ffffff
ffffff
ffffff
ffffff
ffffff
ffffff
000000
000000
000000
000000
000000
000000
000000
000000
000000
000000
000000
000000
000000
000000
000000
000000
ffffff
ffffff
ffffff
ffffff
ffffff
ffffff
ffffff
ffffff
ffffff
ffffff
ffffff
ffffff
ffffff
ffffff
ffffff
ffffff
000000
000000
000000
000000
000000
000000
000000
000000
000000
000000
000000
000000
000000
000000
000000
000000
ffffff
ffffff
ffffff
ffffff
ffffff
ffffff
ffffff
ffffff
ffffff
ffffff
ffffff
ffffff
ffffff
ffffff
ffffff
ffffff
000000
000000
000000
000000
000000
000000
000000
000000
000000
000000
000000
000000
000000
000000
000000
000000
ffffff
ffffff
ffffff
ffffff
ffffff
ffffff
ffffff
ffffff
ffffff
ffffff
ffffff
ffffff
ffffff
ffffff
ffffff
ffffff
000000
000000
000000
000000
000000
000000
000000
000000
000000
000000
000000
000000
000000
000000
000000
000000
ffffff
ffffff
ffffff
ffffff
ffffff
ffffff
ffffff
ffffff
ffffff
ffffff
ffffff
ffffff
ffffff
ffffff
ffffff
ffffff
000000
000000
000000
000000
000000
000000
000000
000000
000000
000000
000000
000000
000000
000000
000000
000000
ffffff
ffffff
ffffff
ffffff
ffffff
ffffff
ffffff
ffffff
ffffff
ffffff
ffffff
ffffff
ffffff
ffffff
ffffff
ffffff
000000
000000
000000
000000
000000
000000
000000
000000
000000
000000
000000
000000
000000
000000
000000
000000
ffffff
ffffff
ffffff
ffffff
ffffff
ffffff
ffffff
ffffff
ffffff
ffffff
ffffff
ffffff
ffffff
ffffff
ffffff
ffffff
000000
000000
000000
000000
000000
000000
000000
000000
000000
000000
000000
000000
000000
000000
000000
000000
ffffff
ffffff
ffffff
ffffff
ffffff
ffffff
ffffff
ffffff
ffffff
ffffff
ffffff
ffffff
ffffff
ffffff
ffffff
ffffff
000000
000000
000000
000000
000000
000000
000000
000000
000000
000000
000000
000000
000000
000000
000000
000000
ffffff
ffffff
ffffff
ffffff
ffffff
ffffff
ffffff
ffffff
ffffff
ffffff
ffffff
ffffff
ffffff
ffffff
ffffff
ffffff
000000
000000
000000
000000
000000
000000
000000
000000
000000
000000
000000
000000
000000
000000
000000
000000
ffffff
ffffff
ffffff
ffffff
ffffff
ffffff
ffffff
ffffff
ffffff
ffffff
ffffff
ffffff
ffffff
ffffff
ffffff
ffffff
000000
000000
000000
000000
000000
000000
000000
000000
000000
000000
000000
000000
000000
000000
000000
000000
ffffff
ffffff
ffffff
ffffff
ffffff
ffffff
ffffff
ffffff
ffffff
ffffff
ffffff
ffffff
ffffff
ffffff
ffffff
ffffff
000000
000000
000000
000000
000000
000000
000000
000000
000000
000000
000000
000000
000000
000000
000000
000000
ffffff
ffffff
ffffff
ffffff
ffffff
ffffff
ffffff
ffffff
ffffff
ffffff
ffffff
ffffff
ffffff
ffffff
ffffff
ffffff
000000
000000
000000
000000
000000
000000
000000
000000
000000
000000
000000
000000
000000
000000
000000
000000
ffffff
ffffff
ffffff
ffffff
ffffff
ffffff
ffffff
ffffff
ffffff
ffffff
ffffff
ffffff
ffffff
ffffff
ffffff
ffffff
000000
000000
000000
000000
000000
000000
000000
000000
000000
000000
000000
000000
000000
000000
000000
000000
ffffff
ffffff
ffffff
ffffff
ffffff
ffffff
ffffff
ffffff
ffffff
ffffff
ffffff
ffffff
ffffff
ffffff
ffffff
ffffff
000000
000000
000000
000000
000000
000000
000000
000000
000000
000000
000000
000000
000000
000000
000000
000000
ffffff
ffffff
ffffff
ffffff
ffffff
ffffff
ffffff
ffffff
ffffff
ffffff
ffffff
ffffff
ffffff
ffffff
ffffff
ffffff
000000
000000
000000
000000
000000
000000
000000
000000
000000
000000
000000
000000
000000
000000
000000
000000
ffffff
ffffff
ffffff
ffffff
ffffff
ffffff
ffffff
ffffff
ffffff
ffffff
ffffff
ffffff
ffffff
ffffff
ffffff
ffffff
000000
000000
000000
000000
000000
000000
000000
000000
000000
000000
000000
000000
000000
000000
000000
000000
000000
000000
000000
000000
000000
000000
000000
000000
000000
000000
000000
000000
000000
000000
000000
000000
000000
000000
000000
000000
000000
000000
000000
000000
000000
000000
000000
000000
000000
000000
000000
000000
000000
000000
000000
000000
000000
000000
000000
000000
000000
000000
000000
000000
000000
000000
000000
000000
000000
000000
000000
000000
000000
000000
000000
000000
000000
000000
000000
000000
000000
000000
000000
000000
000000
000000
000000
000000
000000
000000
000000
000000
000000
000000
000000
000000
000000
000000
000000
000000
000000
000000
000000
000000
000000
000000
000000
000000
000000
000000
000000
000000
000000
000000
000000
000000
000000
000000
000000
000000
000000
000000
000000
000000
000000
000000
000000
000000
000000
000000
000000
000000
000000
000000
000000
000000
000000
000000
000000
000000
000000
000000
000000
000000
000000
000000
000000
000000
000000
000000
000000
000000
000000
000000
000000
000000
000000
000000
000000
000000
000000
000000
000000
000000
000000
000000
000000
000000
000000
000000
000000
000000
000000
000000
000000
000000
000000
000000
000000
000000
000000
000000
000000
000000
000000
000000
000000
000000
000000
000000
000000
000000
000000
000000
000000
000000
000000
000000
000000
000000
000000
000000
000000
000000
000000
000000
000000
000000
000000
000000
000000
000000
000000
000000
000000
000000
000000
000000
000000
000000
000000
000000
000000
000000
000000
000000
000000
000000
000000
000000
000000
000000
000000
000000
000000
000000
000000
000000
000000
000000
000000
000000
000000
000000
000000
000000
000000
000000
000000
000000
000000
000000
000000
000000
000000
000000
000000
000000
000000
000000
000000
000000
000000
000000
000000
000000
000000
000000
000000
000000
000000
000000
000000
000000
000000
000000
000000
000000
000000
000000
000000
000000
000000
000000
000000
000000
000000
000000
000000
000000
000000
000000
000000
000000
000000
000000
000000
000000
000000
000000
000000
000000
000000
000000
000000
000000
000000
000000
000000
000000
000000
000000
000000
000000
000000
000000
000000
000000
000000
000000
000000
000000
000000
000000
000000
000000
000000
000000
000000
000000
000000
000000
000000
000000
000000
000000
000000
000000
000000
000000
000000
000000
000000
000000
000000
000000
000000
000000
000000
000000
000000
000000
000000
000000
000000
000000
000000
000000
000000
000000
000000
000000
000000
000000
000000
000000
000000
000000
000000
000000
000000
000000
000000
000000
000000
000000
000000
000000
000000
000000
000000
000000
000000
000000
000000
000000
000000
000000
ffffff
ffffff
ffffff
ffffff
ffffff
ffffff
ffffff
ffffff
ffffff
ffffff
ffffff
ffffff
ffffff
ffffff
ffffff
ffffff
ffffff
ffffff
ffffff
ffffff
ffffff
ffffff
ffffff
ffffff
ffffff
ffffff
ffffff
ffffff
ffffff
ffffff
ffffff
ffffff
ffffff
ffffff
ffffff
ffffff
ffffff
ffffff
ffffff
ffffff
ffffff
ffffff
ffffff
ffffff
ffffff
ffffff
ffffff
ffffff
ffffff
ffffff
ffffff
ffffff
ffffff
ffffff
ffffff
ffffff
ffffff
ffffff
ffffff
ffffff
ffffff
ffffff
ffffff
ffffff
ffffff
ffffff
ffffff
ffffff
ffffff
ffffff
ffffff
ffffff
ffffff
ffffff
ffffff
ffffff
ffffff
ffffff
ffffff
ffffff
ffffff
ffffff
ffffff
ffffff
ffffff
ffffff
ffffff
ffffff
ffffff
ffffff
ffffff
ffffff
ffffff
ffffff
ffffff
ffffff
ffffff
ffffff
ffffff
ffffff
ffffff
ffffff
ffffff
ffffff
ffffff
ffffff
ffffff
ffffff
ffffff
ffffff
ffffff
ffffff
ffffff
ffffff
ffffff
ffffff
ffffff
ffffff
ffffff
ffffff
ffffff
ffffff
ffffff
ffffff
ffffff
ffffff
ffffff
ffffff
ffffff
ffffff
ffffff
ffffff
ffffff
ffffff
ffffff
ffffff
ffffff
ffffff
ffffff
ffffff
ffffff
ffffff
ffffff
ffffff
ffffff
ffffff
ffffff
ffffff
ffffff
ffffff
ffffff
ffffff
ffffff
ffffff
ffffff
ffffff
ffffff
ffffff
ffffff
ffffff
ffffff
ffffff
ffffff
ffffff
ffffff
ffffff
ffffff
ffffff
ffffff
ffffff
ffffff
ffffff
ffffff
ffffff
ffffff
ffffff
ffffff
ffffff
ffffff
ffffff
ffffff
ffffff
ffffff
ffffff
ffffff
ffffff
ffffff
ffffff
ffffff
ffffff
ffffff
ffffff
ffffff
ffffff
ffffff
ffffff
ffffff
ffffff
ffffff
ffffff
ffffff
ffffff
ffffff
ffffff
ffffff
ffffff
ffffff
ffffff
ffffff
ffffff
ffffff
ffffff
ffffff
ffffff
ffffff
ffffff
ffffff
ffffff
ffffff
ffffff
ffffff
ffffff
ffffff
ffffff
ffffff
ffffff
ffffff
ffffff
ffffff
ffffff
ffffff
ffffff
ffffff
ffffff
ffffff
ffffff
ffffff
ffffff
ffffff
ffffff
ffffff
ffffff
ffffff
ffffff
ffffff
ffffff
ffffff
ffffff
ffffff
ffffff
ffffff
ffffff
ffffff
ffffff
ffffff
ffffff
ffffff
ffffff
ffffff
ffffff
ffffff
ffffff
ffffff
ffffff
ffffff
ffffff
ffffff
ffffff
ffffff
ffffff
ffffff
ffffff
ffffff
ffffff
ffffff
ffffff
ffffff
ffffff
ffffff
ffffff
ffffff
ffffff
ffffff
ffffff
ffffff
ffffff
ffffff
ffffff
ffffff
ffffff
ffffff
ffffff
ffffff
ffffff
ffffff
ffffff
ffffff
ffffff
ffffff
ffffff
ffffff
ffffff
ffffff
ffffff
ffffff
ffffff
ffffff
ffffff
ffffff
ffffff
ffffff
ffffff
ffffff
ffffff
ffffff
ffffff
ffffff
ffffff
ffffff
ffffff
ffffff
ffffff
ffffff
ffffff
ffffff
ffffff
ffffff
ffffff
ffffff
ffffff
ffffff
ffffff
ffffff
ffffff
ffffff
ffffff
ffffff
ffffff
ffffff
ffffff
ffffff
ffffff
ffffff
ffffff
ffffff
ffffff
ffffff
ffffff
ffffff
ffffff
ffffff
ffffff
ffffff
ffffff
ffffff
ffffff
ffffff
ffffff
ffffff
ffffff
ffffff
ffffff
ffffff
ffffff
ffffff
ffffff
ffffff
ffffff
ffffff
ffffff
ffffff
ffffff
ffffff
ffffff
ffffff
ffffff
ffffff
ffffff
ffffff
ffffff
ffffff
ffffff
ffffff
ffffff
000000
000000
000000
000000
000000
000000
000000
000000
000000
000000
000000
000000
000000
000000
000000
000000
000000
000000
000000
000000
000000
000000
000000
000000
000000
000000
000000
000000
000000
000000
000000
000000
000000
000000
000000
000000
000000
000000
000000
000000
000000
000000
000000
000000
000000
000000
000000
000000
000000
000000
000000
000000
000000
000000
000000
000000
000000
000000
000000
000000
000000
000000
000000
000000
000000
000000
000000
000000
000000
000000
000000
000000
000000
000000
000000
000000
000000
000000
000000
000000
000000
000000
000000
000000
000000
000000
000000
000000
000000
000000
000000
000000
000000
000000
000000
000000
000000
000000
000000
000000
000000
000000
000000
000000
000000
000000
000000
000000
000000
000000
000000
000000
000000
000000
000000
000000
000000
000000
000000
000000
000000
000000
000000
000000
000000
000000
000000
000000
000000
000000
000000
000000
000000
000000
000000
000000
000000
000000
000000
000000
000000
000000
000000
000000
000000
000000
000000
000000
000000
000000
000000
000000
000000
000000
000000
000000
000000
000000
000000
000000
000000
000000
000000
000000
000000
000000
000000
000000
000000
000000
000000
000000
000000
000000
000000
000000
000000
000000
000000
000000
000000
000000
000000
000000
000000
000000
000000
000000
000000
000000
000000
000000
000000
000000
000000
000000
000000
000000
000000
000000
000000
000000
000000
000000
000000
000000
000000
000000
000000
000000
000000
000000
000000
000000
000000
000000
000000
000000
000000
000000
000000
000000
000000
000000
000000
000000
000000
000000
000000
000000
000000
000000
000000
000000
000000
000000
000000
000000
000000
000000
000000
000000
000000
000000
000000
000000
000000
000000
000000
000000
000000
000000
000000
000000
000000
000000
000000
000000
000000
000000
000000
000000
000000
000000
000000
000000
000000
000000
000000
000000
000000
000000
000000
000000
000000
000000
000000
000000
000000
000000
000000
000000
000000
000000
000000
000000
000000
000000
000000
000000
000000
000000
000000
000000
000000
000000
000000
000000
000000
000000
000000
000000
000000
000000
000000
000000
000000
000000
000000
000000
000000
000000
000000
000000
000000
000000
000000
000000
000000
000000
000000
000000
000000
000000
000000
000000
000000
000000
000000
000000
000000
000000
000000
000000
000000
000000
000000
000000
000000
000000
000000
000000
000000
000000
000000
000000
000000
000000
000000
000000
000000
000000
000000
000000
000000
000000
000000
000000
000000
000000
000000
000000
000000
000000
000000
000000
000000
000000
000000
000000
000000
000000
000000
000000
000000
000000
000000
000000
000000
000000
000000
000000
000000
000000
000000
000000
000000
000000
000000
000000
000000
000000
000000
000000
000000
000000
000000
000000
000000
000000
ffffff
000000
000000
000000
000000
000000
000000
000000
000000
000000
000000
000000
000000
000000
000000
000000
000000
000000
000000
000000
000000
000000
000000
000000
000000
000000
000000
000000
000000
000000
000000
000000
000000
000000
000000
000000
000000
000000
000000
000000
000000
000000
000000
000000
000000
000000
000000
000000
000000
000000
000000
000000
000000
000000
000000
000000
000000
000000
000000
000000
000000
000000
000000
000000
000000
000000
000000
000000
000000
000000
000000
000000
000000
000000
000000
000000
000000
000000
000000
000000
000000
000000
000000
000000
000000
000000
000000
000000
000000
000000
000000
000000
000000
000000
000000
000000
000000
000000
000000
000000
000000
000000
000000
000000
000000
000000
000000
000000
000000
000000
000000
000000
000000
000000
000000
000000
000000
000000
000000
000000
000000
000000
000000
000000
000000
000000
000000
000000
000000
000000
000000
000000
000000
000000
000000
000000
000000
000000
000000
000000
000000
000000
000000
000000
000000
000000
000000
000000
000000
000000
000000
000000
000000
000000
000000
000000
000000
000000
000000
000000
000000
000000
000000
000000
000000
000000
000000
000000
000000
000000
000000
000000
000000
000000
000000
000000
000000
000000
000000
000000
000000
000000
000000
000000
000000
000000
000000
000000
000000
000000
000000
000000
000000
000000
000000
000000
000000
000000
000000
000000
000000
000000
000000
000000
000000
000000
000000
000000
000000
000000
000000
000000
000000
000000
000000
000000
000000
000000
000000
000000
000000
000000
000000
000000
000000
000000
000000
000000
000000
000000
000000
000000
000000
000000
000000
000000
000000
000000
000000
000000
000000
000000
000000
000000
000000
000000
000000
000000
000000
000000
000000
000000
000000
000000
000000
000000
000000
000000
000000
000000
000000
000000
000000
000000
000000
000000
000000
000000
000000
000000
000000
000000
000000
000000
000000
000000
000000
000000
000000
000000
000000
000000
000000
000000
000000
000000
000000
000000
000000
000000
000000
000000
000000
000000
000000
000000
000000
000000
000000
000000
000000
000000
000000
000000
000000
000000
000000
000000
000000
000000
000000
000000
000000
000000
000000
000000
000000
000000
000000
000000
000000
000000
000000
000000
000000
000000
000000
000000
000000
000000
000000
000000
000000
000000
000000
000000
000000
000000
000000
000000
000000
000000
000000
000000
000000
000000
000000
000000
000000
000000
000000
000000
000000
000000
000000
000000
000000
000000
000000
000000
000000
000000
000000
000000
000000
000000
000000
000000
8f7caa
105b48
6d94e6
307767
e38853
b42154
643dac
abc427
1052a6
ece6f9
0ee6b6
851f1d
cdf961
320000
1d8f59
606b80
8a6b5a
0ccdcd
799e17
f6453c
93a57e
abd5b6
588ac7
6a8792
5be02d
7094c2
3381cf
7b5c19
559e14
b622d6
80c356
d9bd50
00cdab
04f4b4
b23acc
18101f
776dda
7c7259
0051b5
f4a84f
d8182e
dbc81d
085d2c
2e49e6
b9215b
a5cc82
5696c5
41eee1
2e46c9
204bf4
b601ab
bd4e67
361e01
2e964d
6a5a70
084014
8e7d63
44a835
321661
e93b26
179579
5159e5
ae2c50
3329bc
50fc49
31a3b7
51a848
abe597
2e8550
5ed244
be2c3a
b3ad9e
876e99
829b70
6cb021
73ded5
00ba56
67182c
decc39
8474ee
0a09af
cbd504
09e8ee
72633b
6828c6
cbeea3
3d28d0
fd354a
dd1f08
be44da
2068aa
9e4e9a
9790df
05fdcc
48b5bc
f60948
d67c83
ccc2f6
c71e28
dcf567
3bf8c0
c30f50
045ffe
c3239f
5af04b
ed764a
9c2094
204c0a
8c8d33
ce1c15
984c4a
7b14a9
1e1b6b
3c368f
bb393d
9b1ad6
09b240
039575
ef97b0
4d7756
e6d4cc
b805f3
babf2d
6c4a3b
5d1cff
82dda1
0926e1
f55eb9
299091
e75ce7
f579b5
7181bc
d5e848
af53d6
a8fa34
36b2d9
e0f5b0
4b1980
2d5667
4eb3e9
c3dccb
64285f
ca6741
3ff917
f30a5a
a34cec
463a9f
559cb3
231a7e
923b42
c383cc
d89676
f7ac76
8a4b3f
4c44cb
73c7ce
de9519
f40acb
330362
c015f6
df659f
a04612
40fa8e
4e3459
7ba1ec
a381d6
5f2d1d
282cf7
ce0a11
395755
40b450
5a079a
89892a
996872
376c52
daacf6
19000f
2e2d35
1ba7cd
92088f
db0f7d
aecd06
01644e
363e35
1e8b9c
f63752
f543ee
310f45
8a2dad
a557cf
736b2a
50e684
096ccb
5b8588
d3d4b5
aa428c
f63b50
d8f943
3a62c8
c3d666
9e3ae9
2e0f17
c71cfd
134ef2
3bca07
724deb
35d94c
1f34fd
befac2
81dbe2
9792fd
8664b4
099014
15fe61
4471f5
2397bd
7897b5
8a89f9
d754bc
5bd05e
054ddb
994a01
68fff0
f5eec9
3a34a3
79e482
86461b
8757f0
e9e161
9c5d79
bba71f
c0473e
3d1658
63ab16
ab28a1
982ec6
ee8e15
7ca712
d09896
4f51cb
ef5e47
82fd37
c206b5
dd9396
ce169d
0bd32c
fa70f6
fd40c0
fb2cd5
e8af9e
b772bf
fd882c
98d8e8
75e5cc
034b2a
ea1ec4
228bc9
dbb9c0
8fa44d
aaf638
155453
5a537d
291087
d413c0
9a9b93
0877d7
e48048
8564c4
dfdfbd
a238c9
b66b86
72eadc
a5dacf
d81282
9c95c6
43a4b9
0c266d
6bd126
bc3b2a
a58128
176f95
9b0255
1d3bdc
3dec69
5da299
f8bbfc
4d4bd8
90fc1c
99b21b
bd6a07
fd873b
047362
591c16
5c8377
f0de78
b63cef
f9976f
fbd47e
1528a1
35f94a
6a36f2
2de96d
a09bb2
7565e1
4196e1
466311
7ab63e
76286c
b1385a
64b23c
0a4bca
bb82ef
fd354c
8abb28
367c5c
22ade4
5931f0
d1af45
c78e2a
3c348f
2e6781
ae5cca
3503ee
f88dec
c10ebe
4e4bb2
336ade
9e2322
274c17
d7b9ed
15a58b
07c31f
5c3fd1
595922
0f9142
fcc5b6
7b3cca
d034d3
11c86d
a0b5c6
8bdc11
932e3b
7ea780
989310
3bc323
bf1c80
dd64e4
3a9bb8
706ce4
fc1ffb
ee302b
b03fb5
04a401
583ac5
d19a55
389eee
a0fd3b
ba93e7
488587
2b3162
d709e5
48978d
d16c76
b5316d
6c4c2b
09ddc6
0f6b77
72b725
c609d6
f9da33
7b749a
6f8d48
ffa508
e5c3fb
60e6f3
cb1788
62e048
3dd72c
1116c6
63760b
0f1c81
203e90
cf3aa1
60097f
ca0598
be9e4a
d2ac8d
623d70
e42183
128922
81ea7b
6d4206
a94040
159289
a2a552
7a7f5c
a8dcf3
fc5876
b94b98
e6a113
45e203
4bf707
f0f662
017f3c
651f8f
1ab520
acc37d
4e9743
6ff8d2
0f3b8f
3de4e7
a8da6b
982e5d
57863e
9fefde
09b880
cd2380
0df26a
a7f242
f75f6f
bbac68
408aeb
d252ab
9ff2fb
e984a1
a15206
593489
23f7b3
43027b
e3af63
6be28d
9233d9
cc5a1a
4d43a0
c1587f
ea835e
fb782f
2cb7d7
e3080d
077f7b
bfcdc6
dd3c8b
5d7f1c
85e518
e6ce8c
df463c
4ef91d
661ab0
07f99a
1da1d0
c2aba9
9a9f3e
c0eecd
fcfb2a
eb9630
a37411
443817
081fcd
bd43b0
93a267
810045
a369ce
b8f4c2
4e844b
dbf58e
77dfe3
71c2fd
6dbc67
8cdbdf
1bfdc1
75a532
dc16ec
62f39f
cb1f2f
2c16de
f13b2f
74a73c
aa0c80
ef5115
1e9a11
6cedee
c21a06
3c2dbe
d79acf
4e572f
2df08d
518501
6957fa
1b168c
3dc8b2
e8eab2
7ebf09
30d6bc
edb489
cd7b6a
2ca270
0040b8
3d3633
b29b6a
a6b68a
6f8c90
46a29c
6c8e7f
838121
45f07a
987d8f
8db08f
9dd2d0
879759
3e8abf
e183f9
ffcda5
aa508b
37d767
45688e
48ae46
30549f
b072c5
573613
4e753c
f63386
b8220b
d597fe
c557a1
48f537
36b797
a22ef4
88239c
8fe2c2
a304c5
bc151a
778244
a3364c
0975cd
f15bfb
9a14b9
feb1ed
7cdcae
31d272
da4dd9
b87aa1
f10a19
e31ec5
d1163c
40b88a
8ff656
1a29a5
4d2827
14eaf4
05964b
e03fb9
bf12b0
a7bfed
035853
4dff88
227e6d
849349
33b2c9
94e48b
9c8ed5
9734e2
dfd865
cd8e95
ee560c
8934d1
095b9a
0d5ea9
ac5170
c11945
6b942a
6d7cde
21528c
0e4e16
61e112
cdeea7
97a5ec
40ea2e
c91826
a20eba
c8218d
90fc23
78634a
197b23
f168a2
8ccab3
586cba
50df60
5dcfa1
c347fb
a85e6e
709d46
12f1d7
a1ce33
9c5b6f
65bc04
52a5d3
b02700
ec5efb
83623f
4e80a9
d6e216
14f7fe
1e6e29
32113c
c3a4c0
e1ef1f
67ff2a
ef52bd
8bd6e4
d1c9b6
74522b
25c363
4399d6
88430b
88ec38
b53fba
a935c3
ae8b05
790040
b6aed5
743199
3fd499
9f798a
eddd76
f99a63
23d04b
8315c8
b0ec5f
702aab
ae24ff
ff0a34
7dabc2
746dd1
680d8e
72f34a
bab346
d8a9b3
8c9ca4
1e52e2
4bdff3
56ef3f
f73a9a
1252b5
e5ecd6
9d0232
057f52
4550f6
f4c9ad
468ce1
10461c
bc7356
ab145b
a2665b
108378
a6a75b
aab106
400548
e3e29a
7c0bc2
350eaf
872b79
b3cda2
fe7060
3d583a
461905
f067b2
0a46d1
166d86
15d18b
1b09b5
98be51
8a93d5
5796f8
7fdb13
7bd086
1dbc25
512241
a576b7
55a2ed
b7fd82
5ae218
4a1246
0b842c
e742e3
94281e
846212
2be543
a9e6d8
393247
74a38e
726f2f
baa9a1
712195
01bff6
4aa69c
3fa015
41da00
521475
216fed
1e33ba
bf1efb
9ff978
ab9861
f2de8f
af618e
5f4809
20265d
210ea6
cf09e0
bfca5e
2bde12
20430f
956fd0
0b8672
34e0fb
8684dc
6c1b33
df1192
93d383
3609d8
dcd37d
72bcf4
ecf961
2faad5
a0d7c9
dfdeb5
fe6e2c
ef6b79
a28987
38f6c5
a059f6
e5aad2
758930
fd7150
b1879c
95d26a
2f7339
787ae5
9c1fa7
b47110
df4887
0925a2
73d8f1
9c3574
db2b22
548a4b
2227bc
88e065
83a706
6e7735
e0ff3b
8b89f8
4113f7
b3deec
bf920d
5cb0e3
27f5c3
fabad7
4b2cb9
8658f4
2d58ff
bbfe34
738f5c
01ca31
35d687
7773db
ed0d6c
3c1021
503020
503020
503020
503020
d09070
d09070
d09070
d09070
503020
503020
503020
503020
d09070
d09070
d09070
d09070
503020
503020
503020
503020
d09070
d09070
d09070
d09070
503020
503020
503020
503020
d09070
d09070
d09070
d09070
503020
503020
503020
503020
d09070
d09070
d09070
d09070
503020
503020
503020
503020
d09070
d09070
d09070
d09070
503020
503020
503020
503020
d09070
d09070
d09070
d09070
503020
503020
503020
503020
d09070
d09070
d09070
d09070
503020
503020
503020
503020
d09070
d09070
d09070
d09070
503020
503020
503020
503020
d09070
d09070
d09070
d09070
503020
503020
503020
503020
d09070
d09070
d09070
d09070
503020
503020
503020
503020
d09070
d09070
d09070
d09070
503020
503020
503020
503020
d09070
d09070
d09070
d09070
503020
503020
503020
503020
d09070
d09070
d09070
d09070
503020
503020
503020
503020
d09070
d09070
d09070
d09070
503020
503020
503020
503020
d09070
d09070
d09070
d09070
d09070
d09070
d09070
d09070
503020
503020
503020
503020
d09070
d09070
d09070
d09070
503020
503020
503020
503020
d09070
d09070
d09070
d09070
503020
503020
503020
503020
d09070
d09070
d09070
d09070
503020
503020
503020
503020
d09070
d09070
d09070
d09070
503020
503020
503020
503020
d09070
d09070
d09070
d09070
503020
503020
503020
503020
d09070
d09070
d09070
d09070
503020
503020
503020
503020
d09070
d09070
d09070
d09070
503020
503020
503020
503020
d09070
d09070
d09070
d09070
503020
503020
503020
503020
d09070
d09070
d09070
d09070
503020
503020
503020
503020
d09070
d09070
d09070
d09070
503020
503020
503020
503020
d09070
d09070
d09070
d09070
503020
503020
503020
503020
d09070
d09070
d09070
d09070
503020
503020
503020
503020
d09070
d09070
d09070
d09070
503020
503020
503020
503020
d09070
d09070
d09070
d09070
503020
503020
503020
503020
d09070
d09070
d09070
d09070
503020
503020
503020
503020
503020
503020
503020
503020
d09070
d09070
d09070
d09070
503020
503020
503020
503020
d09070
d09070
d09070
d09070
503020
503020
503020
503020
d09070
d09070
d09070
d09070
503020
503020
503020
503020
d09070
d09070
d09070
d09070
503020
503020
503020
503020
d09070
d09070
d09070
d09070
503020
503020
503020
503020
d09070
d09070
d09070
d09070
503020
503020
503020
503020
d09070
d09070
d09070
d09070
503020
503020
503020
503020
d09070
d09070
d09070
d09070
503020
503020
503020
503020
d09070
d09070
d09070
d09070
503020
503020
503020
503020
d09070
d09070
d09070
d09070
503020
503020
503020
503020
d09070
d09070
d09070
d09070
503020
503020
503020
503020
d09070
d09070
d09070
d09070
503020
503020
503020
503020
d09070
d09070
d09070
d09070
503020
503020
503020
503020
d09070
d09070
d09070
d09070
503020
503020
503020
503020
d09070
d09070
d09070
d09070
503020
503020
503020
503020
d09070
d09070
d09070
d09070
d09070
d09070
d09070
d09070
503020
503020
503020
503020
d09070
d09070
d09070
d09070
503020
503020
503020
503020
d09070
d09070
d09070
d09070
503020
503020
503020
503020
d09070
d09070
d09070
d09070
503020
503020
503020
503020
d09070
d09070
d09070
d09070
503020
503020
503020
503020
d09070
d09070
d09070
d09070
503020
503020
503020
503020
d09070
d09070
d09070
d09070
503020
503020
503020
503020
d09070
d09070
d09070
d09070
503020
503020
503020
503020
d09070
d09070
d09070
d09070
503020
503020
503020
503020
d09070
d09070
d09070
d09070
503020
503020
503020
503020
d09070
d09070
d09070
d09070
503020
503020
503020
503020
d09070
d09070
d09070
d09070
503020
503020
503020
503020
d09070
d09070
d09070
d09070
503020
503020
503020
503020
d09070
d09070
d09070
d09070
503020
503020
503020
503020
d09070
d09070
d09070
d09070
503020
503020
503020
503020
d09070
d09070
d09070
d09070
503020
503020
503020
503020
503020
503020
503020
503020
d09070
d09070
d09070
d09070
503020
503020
503020
503020
d09070
d09070
d09070
d09070
503020
503020
503020
503020
d09070
d09070
d09070
d09070
503020
503020
503020
503020
d09070
d09070
d09070
d09070
503020
503020
503020
503020
d09070
d09070
d09070
d09070
503020
503020
503020
503020
d09070
d09070
d09070
d09070
503020
503020
503020
503020
d09070
d09070
d09070
d09070
503020
503020
503020
503020
d09070
d09070
d09070
d09070
503020
503020
503020
503020
d09070
d09070
d09070
d09070
503020
503020
503020
503020
d09070
d09070
d09070
d09070
503020
503020
503020
503020
d09070
d09070
d09070
d09070
503020
503020
503020
503020
d09070
d09070
d09070
d09070
503020
503020
503020
503020
d09070
d09070
d09070
d09070
503020
503020
503020
503020
d09070
d09070
d09070
d09070
503020
503020
503020
503020
d09070
d09070
d09070
d09070
503020
503020
503020
503020
d09070
d09070
d09070
d09070
d09070
d09070
d09070
d09070
503020
503020
503020
503020
d09070
d09070
d09070
d09070
503020
503020
503020
503020
d09070
d09070
d09070
d09070
503020
503020
503020
503020
d09070
d09070
d09070
d09070
503020
503020
503020
503020
d09070
d09070
d09070
d09070
503020
503020
503020
503020
d09070
d09070
d09070
d09070
503020
503020
503020
503020
d09070
d09070
d09070
d09070
503020
503020
503020
503020
d09070
d09070
d09070
d09070
503020
503020
503020
503020
d09070
d09070
d09070
d09070
503020
503020
503020
503020
d09070
d09070
d09070
d09070
503020
503020
503020
503020
d09070
d09070
d09070
d09070
503020
503020
503020
503020
d09070
d09070
d09070
d09070
503020
503020
503020
503020
d09070
d09070
d09070
d09070
503020
503020
503020
503020
d09070
d09070
d09070
d09070
503020
503020
503020
503020
d09070
d09070
d09070
d09070
503020
503020
503020
503020
d09070
d09070
d09070
d09070
503020
503020
503020
503020
000000
07000b
0e0016
150021
1c002c
230037
2a0042
31004d
380058
3f0063
46006e
4d0079
540084
5b008f
62009a
6900a5
7000b0
7700bb
7e00c6
8500d1
8c00dc
9300e7
9a00f2
a100fd
a80008
af0013
b6001e
bd0029
c40034
cb003f
d2004a
d90055
000903
07090e
0e0919
150924
1c092f
23093a
2a0945
310950
38095b
3f0966
460971
4d097c
540987
5b0992
62099d
6909a8
7009b3
7709be
7e09c9
8509d4
8c09df
9309ea
9a09f5
a10900
a8090b
af0916
b60921
bd092c
c40937
cb0942
d2094d
d90958
001206
071211
0e121c
151227
1c1232
23123d
2a1248
311253
38125e
3f1269
461274
4d127f
54128a
5b1295
6212a0
6912ab
7012b6
7712c1
7e12cc
8512d7
8c12e2
9312ed
9a12f8
a11203
a8120e
af1219
b61224
bd122f
c4123a
cb1245
d21250
d9125b
001b09
071b14
0e1b1f
151b2a
1c1b35
231b40
2a1b4b
311b56
381b61
3f1b6c
461b77
4d1b82
541b8d
5b1b98
621ba3
691bae
701bb9
771bc4
7e1bcf
851bda
8c1be5
931bf0
9a1bfb
a11b06
a81b11
af1b1c
b61b27
bd1b32
c41b3d
cb1b48
d21b53
d91b5e
00240c
072417
0e2422
15242d
1c2438
232443
2a244e
312459
382464
3f246f
46247a
4d2485
542490
5b249b
6224a6
6924b1
7024bc
7724c7
7e24d2
8524dd
8c24e8
9324f3
9a24fe
a12409
a82414
af241f
b6242a
bd2435
c42440
cb244b
d22456
d92461
002d0f
072d1a
0e2d25
152d30
1c2d3b
232d46
2a2d51
312d5c
382d67
3f2d72
462d7d
4d2d88
542d93
5b2d9e
622da9
692db4
702dbf
772dca
7e2dd5
852de0
8c2deb
932df6
9a2d01
a12d0c
a82d17
af2d22
b62d2d
bd2d38
c42d43
cb2d4e
d22d59
d92d64
003612
07361d
0e3628
153633
1c363e
233649
2a3654
31365f
38366a
3f3675
463680
4d368b
543696
5b36a1
6236ac
6936b7
7036c2
7736cd
7e36d8
8536e3
8c36ee
9336f9
9a3604
a1360f
a8361a
af3625
b63630
bd363b
c43646
cb3651
d2365c
d93667
003f15
073f20
0e3f2b
153f36
1c3f41
233f4c
2a3f57
313f62
383f6d
3f3f78
463f83
4d3f8e
543f99
5b3fa4
623faf
693fba
703fc5
773fd0
7e3fdb
853fe6
8c3ff1
933ffc
9a3f07
a13f12
a83f1d
af3f28
b63f33
bd3f3e
c43f49
cb3f54
d23f5f
d93f6a
004818
074823
0e482e
154839
1c4844
23484f
2a485a
314865
384870
3f487b
464886
4d4891
54489c
5b48a7
6248b2
6948bd
7048c8
7748d3
7e48de
8548e9
8c48f4
9348ff
9a480a
a14815
a84820
af482b
b64836
bd4841
c4484c
cb4857
d24862
d9486d
00511b
075126
0e5131
15513c
1c5147
235152
2a515d
315168
385173
3f517e
465189
4d5194
54519f
5b51aa
6251b5
6951c0
7051cb
7751d6
7e51e1
8551ec
8c51f7
935102
9a510d
a15118
a85123
af512e
b65139
bd5144
c4514f
cb515a
d25165
d95170
005a1e
075a29
0e5a34
155a3f
1c5a4a
235a55
2a5a60
315a6b
385a76
3f5a81
465a8c
4d5a97
545aa2
5b5aad
625ab8
695ac3
705ace
775ad9
7e5ae4
855aef
8c5afa
935a05
9a5a10
a15a1b
a85a26
af5a31
b65a3c
bd5a47
c45a52
cb5a5d
d25a68
d95a73
006321
07632c
0e6337
156342
1c634d
236358
2a6363
31636e
386379
3f6384
46638f
4d639a
5463a5
5b63b0
6263bb
6963c6
7063d1
7763dc
7e63e7
8563f2
8c63fd
936308
9a6313
a1631e
a86329
af6334
b6633f
bd634a
c46355
cb6360
d2636b
d96376
006c24
076c2f
0e6c3a
156c45
1c6c50
236c5b
2a6c66
316c71
386c7c
3f6c87
466c92
4d6c9d
546ca8
5b6cb3
626cbe
696cc9
706cd4
776cdf
7e6cea
856cf5
8c6c00
936c0b
9a6c16
a16c21
a86c2c
af6c37
b66c42
bd6c4d
c46c58
cb6c63
d26c6e
d96c79
007527
077532
0e753d
157548
1c7553
23755e
2a7569
317574
38757f
3f758a
467595
4d75a0
5475ab
5b75b6
6275c1
6975cc
7075d7
7775e2
7e75ed
8575f8
8c7503
93750e
9a7519
a17524
a8752f
af753a
b67545
bd7550
c4755b
cb7566
d27571
d9757c
007e2a
077e35
0e7e40
157e4b
1c7e56
237e61
2a7e6c
317e77
387e82
3f7e8d
467e98
4d7ea3
547eae
5b7eb9
627ec4
697ecf
707eda
777ee5
7e7ef0
857efb
8c7e06
937e11
9a7e1c
a17e27
a87e32
af7e3d
b67e48
bd7e53
c47e5e
cb7e69
d27e74
d97e7f
00872d
078738
0e8743
15874e
1c8759
238764
2a876f
31877a
388785
3f8790
46879b
4d87a6
5487b1
5b87bc
6287c7
6987d2
7087dd
7787e8
7e87f3
8587fe
8c8709
938714
9a871f
a1872a
a88735
af8740
b6874b
bd8756
c48761
cb876c
d28777
d98782
009030
07903b
0e9046
159051
1c905c
239067
2a9072
31907d
389088
3f9093
46909e
4d90a9
5490b4
5b90bf
6290ca
6990d5
7090e0
7790eb
7e90f6
859001
8c900c
939017
9a9022
a1902d
a89038
af9043
b6904e
bd9059
c49064
cb906f
d2907a
d99085
009933
07993e
0e9949
159954
1c995f
23996a
2a9975
319980
38998b
3f9996
4699a1
4d99ac
5499b7
5b99c2
6299cd
6999d8
7099e3
7799ee
7e99f9
859904
8c990f
93991a
9a9925
a19930
a8993b
af9946
b69951
bd995c
c49967
cb9972
d2997d
d99988
00a236
07a241
0ea24c
15a257
1ca262
23a26d
2aa278
31a283
38a28e
3fa299
46a2a4
4da2af
54a2ba
5ba2c5
62a2d0
69a2db
70a2e6
77a2f1
7ea2fc
85a207
8ca212
93a21d
9aa228
a1a233
a8a23e
afa249
b6a254
bda25f
c4a26a
cba275
d2a280
d9a28b
00ab39
07ab44
0eab4f
15ab5a
1cab65
23ab70
2aab7b
31ab86
38ab91
3fab9c
46aba7
4dabb2
54abbd
5babc8
62abd3
69abde
70abe9
77abf4
7eabff
85ab0a
8cab15
93ab20
9aab2b
a1ab36
a8ab41
afab4c
b6ab57
bdab62
c4ab6d
cbab78
d2ab83
d9ab8e
00b43c
07b447
0eb452
15b45d
1cb468
23b473
2ab47e
31b489
38b494
3fb49f
46b4aa
4db4b5
54b4c0
5bb4cb
62b4d6
69b4e1
70b4ec
77b4f7
7eb402
85b40d
8cb418
93b423
9ab42e
a1b439
a8b444
afb44f
b6b45a
bdb465
c4b470
cbb47b
d2b486
d9b491
00bd3f
07bd4a
0ebd55
15bd60
1cbd6b
23bd76
2abd81
31bd8c
38bd97
3fbda2
46bdad
4dbdb8
54bdc3
5bbdce
62bdd9
69bde4
70bdef
77bdfa
7ebd05
85bd10
8cbd1b
93bd26
9abd31
a1bd3c
a8bd47
afbd52
b6bd5d
bdbd68
c4bd73
cbbd7e
d2bd89
d9bd94
00c642
07c64d
0ec658
15c663
1cc66e
23c679
2ac684
31c68f
38c69a
3fc6a5
46c6b0
4dc6bb
54c6c6
5bc6d1
62c6dc
69c6e7
70c6f2
77c6fd
7ec608
85c613
8cc61e
93c629
9ac634
a1c63f
a8c64a
afc655
b6c660
bdc66b
c4c676
cbc681
d2c68c
d9c697
00cf45
07cf50
0ecf5b
15cf66
1ccf71
23cf7c
2acf87
31cf92
38cf9d
3fcfa8
46cfb3
4dcfbe
54cfc9
5bcfd4
62cfdf
69cfea
70cff5
77cf00
7ecf0b
85cf16
8ccf21
93cf2c
9acf37
a1cf42
a8cf4d
afcf58
b6cf63
bdcf6e
c4cf79
cbcf84
d2cf8f
d9cf9a
